popularity_rank,spotify_name,returned_spotify_id,wikidata_qid,monthly_listeners,formation_label,current_claim_place,current_origin_cluster,current_origin_resolution,wikidata_url,musicbrainz_ids,musicbrainz_names,musicbrainz_begin_area,musicbrainz_urls,musicbrainz_matches_claim,wikipedia_title,wikipedia_origin,wikipedia_url,wikipedia_matches_claim,automated_status,proposed_origin,review_priority,manual_status,manual_decision,manual_source_url,manual_notes,final_status,final_origin
1,Coldplay,4gzpq5DPGxSnKTe4SA8HAU,Q45188,92034104,London,London,London,reported_place,https://www.wikidata.org/wiki/Q45188,cc197bad-dc9c-440d-a5b5-d52ba2e14234,Coldplay,London,https://musicbrainz.org/artist/cc197bad-dc9c-440d-a5b5-d52ba2e14234,True,Coldplay,"London, England",https://en.wikipedia.org/wiki/Coldplay,True,corroborated_two_sources,,,not_reviewed,,,,confirmed,London
2,Arctic Monkeys,7Ln80lUS6He07XvHI8qqHH,Q170599,52301870,Sheffield,Sheffield,Sheffield,reported_place,https://www.wikidata.org/wiki/Q170599,ada7a83c-e3e1-40f1-93f9-3e73dbc9298a,Arctic Monkeys,High Green,https://musicbrainz.org/artist/ada7a83c-e3e1-40f1-93f9-3e73dbc9298a,False,Arctic Monkeys,"Sheffield, England",https://en.wikipedia.org/wiki/Arctic_Monkeys,True,corroborated_with_source_variation,,high,confirmed,Sheffield,https://en.wikipedia.org/wiki/Arctic_Monkeys,High Green is a Sheffield suburb; the labels are compatible.,confirmed,Sheffield
3,Queen,1dfeR4HaWDbWqFHLkxsg1d,Q15862,51601234,London,London,London,reported_place,https://www.wikidata.org/wiki/Q15862,0383dadf-2a4e-4d10-a46a-e9e041da8eb3,Queen,London,https://musicbrainz.org/artist/0383dadf-2a4e-4d10-a46a-e9e041da8eb3,True,Queen (band),"London, England",https://en.wikipedia.org/wiki/Queen_(band),True,corroborated_two_sources,,,not_reviewed,,,,confirmed,London
4,Fleetwood Mac,08GQAI4eElDnROBrJRGE0X,Q106648,50959935,London,London,London,reported_place,https://www.wikidata.org/wiki/Q106648,bd13909f-1c29-4c27-a874-d4aaf27c5b1a,Fleetwood Mac,London,https://musicbrainz.org/artist/bd13909f-1c29-4c27-a874-d4aaf27c5b1a,True,Fleetwood Mac,"London, England",https://en.wikipedia.org/wiki/Fleetwood_Mac,True,corroborated_two_sources,,,not_reviewed,,,,confirmed,London
5,One Direction,4AK6F7OLvEQ5QYCBNiQWHq,Q146027,45724043,London,London,London,reported_place,https://www.wikidata.org/wiki/Q146027,1a425bbd-cca4-4b2c-aeb7-71cb176c828a,One Direction,Wembley,https://musicbrainz.org/artist/1a425bbd-cca4-4b2c-aeb7-71cb176c828a,False,One Direction,"London, England",https://en.wikipedia.org/wiki/One_Direction,True,corroborated_with_source_variation,,high,confirmed,London,https://en.wikipedia.org/wiki/One_Direction,Wembley is within London; the labels are compatible.,confirmed,London
6,Radiohead,4Z8W4fKeB5YxbusRsdQVPb,Q44190,43168156,Abingdon-on-Thames,Abingdon-on-Thames,Oxford,editorial_city_cluster,https://www.wikidata.org/wiki/Q44190,a74b1b7f-71a5-4011-9441-d0b5e4122711|c74f4726-2671-4011-81b6-f70da905c05a,On a Friday|Radiohead,Abingdon-on-Thames,https://musicbrainz.org/artist/a74b1b7f-71a5-4011-9441-d0b5e4122711|https://musicbrainz.org/artist/c74f4726-2671-4011-81b6-f70da905c05a,True,Radiohead,"Abingdon, Oxfordshire, England",https://en.wikipedia.org/wiki/Radiohead,True,corroborated_two_sources,,,not_reviewed,,,,confirmed,Abingdon-on-Thames
7,The Police,5NGO30tJxFlKixkPSgXcFE,Q178095,39887109,London,London,London,reported_place,https://www.wikidata.org/wiki/Q178095,9e0e2b01-41db-4008-bd8b-988977d6019a,The Police,London,https://musicbrainz.org/artist/9e0e2b01-41db-4008-bd8b-988977d6019a,True,The Police,"London, England",https://en.wikipedia.org/wiki/The_Police,True,corroborated_two_sources,,,not_reviewed,,,,confirmed,London
8,Oasis,2DaxqgrOhkeH0fpeiQq2f4,Q382890,39676473,Manchester,Manchester,Manchester,reported_place,https://www.wikidata.org/wiki/Q382890,39ab1aed-75e0-4140-bd47-540276886b60,Oasis,Manchester,https://musicbrainz.org/artist/39ab1aed-75e0-4140-bd47-540276886b60,True,Oasis (band),"Manchester, England",https://en.wikipedia.org/wiki/Oasis_(band),True,corroborated_two_sources,,,not_reviewed,,,,confirmed,Manchester
9,Gorillaz,3AA28KZvwAUcZuOKwyblJQ,Q189991,38173160,London,London,London,reported_place,https://www.wikidata.org/wiki/Q189991,e21857d5-3256-4547-afb3-4b6ded592596,Gorillaz,Essex,https://musicbrainz.org/artist/e21857d5-3256-4547-afb3-4b6ded592596,False,Gorillaz,"London, England",https://en.wikipedia.org/wiki/Gorillaz,True,corroborated_with_source_variation,,high,confirmed,London,https://en.wikipedia.org/wiki/Gorillaz,The project was created in London; Essex reflects a broader member association.,confirmed,London
10,The Beatles,3WrFJ7ztbogyGnTHbHJFl2,Q1299,37927636,Liverpool,Liverpool,Liverpool,reported_place,https://www.wikidata.org/wiki/Q1299,b10bbbfc-cf9e-42e0-be17-e2c3e1d2600d,The Beatles,Liverpool,https://musicbrainz.org/artist/b10bbbfc-cf9e-42e0-be17-e2c3e1d2600d,True,The Beatles,"Liverpool, England",https://en.wikipedia.org/wiki/The_Beatles,True,corroborated_two_sources,,,not_reviewed,,,,confirmed,Liverpool
11,Clean Bandit,6MDME20pz9RveH9rEXvrOM,Q11838808,35453400,Cambridge,Cambridge,Cambridge,reported_place,https://www.wikidata.org/wiki/Q11838808,dacc2d64-7e59-42a8-87a9-10c53919aff2,Clean Bandit,Cambridge,https://musicbrainz.org/artist/dacc2d64-7e59-42a8-87a9-10c53919aff2,True,Clean Bandit,"Cambridge, England",https://en.wikipedia.org/wiki/Clean_Bandit,True,corroborated_two_sources,,,not_reviewed,,,,confirmed,Cambridge
12,The Rolling Stones,22bE4uQ6baNwSHPVcDxLCe,Q11036,30690194,London,London,London,reported_place,https://www.wikidata.org/wiki/Q11036,b071f9fa-14b0-4217-8e97-eb41da73f598,The Rolling Stones,London,https://musicbrainz.org/artist/b071f9fa-14b0-4217-8e97-eb41da73f598,True,The Rolling Stones,"London, England",https://en.wikipedia.org/wiki/The_Rolling_Stones,True,corroborated_two_sources,,,not_reviewed,,,,confirmed,London
13,Bee Gees,1LZEQNv7sE11VDY3SdxQeN,Q133405,29286539,Los Hornos,Redcliffe,Redcliffe,reviewed_override,https://www.wikidata.org/wiki/Q133405,bf0f7e29-dfe1-416c-b5c6-f9ebc19ea810,Bee Gees,Redcliffe,https://musicbrainz.org/artist/bf0f7e29-dfe1-416c-b5c6-f9ebc19ea810,True,Bee Gees,,https://en.wikipedia.org/wiki/Bee_Gees,,corroborated_one_source,,,not_reviewed,,,,confirmed,Redcliffe
14,Glass Animals,4yvcSjfu4PC0CYQyLy4wSq,Q16839267,27093208,Oxford,Oxford,Oxford,reported_place,https://www.wikidata.org/wiki/Q16839267,20395131-fbde-43ce-b141-b700cfdae99c,Glass Animals,Oxford,https://musicbrainz.org/artist/20395131-fbde-43ce-b141-b700cfdae99c,True,Glass Animals,"Oxford, England",https://en.wikipedia.org/wiki/Glass_Animals,True,corroborated_two_sources,,,not_reviewed,,,,confirmed,Oxford
15,Pink Floyd,0k17h0D3J5VfsdmQ1iZtE9,Q2306,26546155,London,London,London,reported_place,https://www.wikidata.org/wiki/Q2306,83d91898-7763-47d7-b03b-b92132375c47,Pink Floyd,London,https://musicbrainz.org/artist/83d91898-7763-47d7-b03b-b92132375c47,True,Pink Floyd,"London, England",https://en.wikipedia.org/wiki/Pink_Floyd,True,corroborated_two_sources,,,not_reviewed,,,,confirmed,London
16,Dire Straits,0WwSkZ7LtFUFjGjMZBMt6T,Q50040,26242776,Deptford,Deptford,London,editorial_city_cluster,https://www.wikidata.org/wiki/Q50040,614e3804-7d34-41ba-857f-811bad7c2b7a,Dire Straits,Deptford,https://musicbrainz.org/artist/614e3804-7d34-41ba-857f-811bad7c2b7a,True,Dire Straits,"London, England",https://en.wikipedia.org/wiki/Dire_Straits,False,corroborated_with_source_variation,,high,confirmed,Deptford,https://en.wikipedia.org/wiki/Dire_Straits,Deptford is the specific London formation place.,confirmed,Deptford
17,Florence + The Machine,1moxjboGR7GNWYIMWsRjgG,Q217360,25836943,London,London,London,reported_place,https://www.wikidata.org/wiki/Q217360,5fee3020-513b-48c2-b1f7-4681b01db0c6,Florence + the Machine,London,https://musicbrainz.org/artist/5fee3020-513b-48c2-b1f7-4681b01db0c6,True,Florence and the Machine,"London, England",https://en.wikipedia.org/wiki/Florence_and_the_Machine,True,corroborated_two_sources,,,not_reviewed,,,,confirmed,London
18,The Cure,7bu3H8JO7d0UbMoVzbo70s,Q484427,25827890,Crawley,Crawley,Crawley,reported_place,https://www.wikidata.org/wiki/Q484427,69ee3720-a7cb-4402-b48d-a02c366f2bcf,The Cure,Crawley,https://musicbrainz.org/artist/69ee3720-a7cb-4402-b48d-a02c366f2bcf,True,The Cure,"Crawley, West Sussex, England",https://en.wikipedia.org/wiki/The_Cure,True,corroborated_two_sources,,,not_reviewed,,,,confirmed,Crawley
19,Sade,47zz7sob9NUcODy0BTDvKx,Q658182,25528819,London,London,London,reported_place,https://www.wikidata.org/wiki/Q658182,67930b3e-e00b-469f-8c74-fd69f20522ec,Sade,London,https://musicbrainz.org/artist/67930b3e-e00b-469f-8c74-fd69f20522ec,True,Sade (band),"London, England",https://en.wikipedia.org/wiki/Sade_(band),True,corroborated_two_sources,,,not_reviewed,,,,confirmed,London
20,Disclosure,6nS5roXSAGhTGr34W6n7Et,Q1228440,25360907,Reigate,Reigate,Reigate,reported_place,https://www.wikidata.org/wiki/Q1228440,ae65c507-d9a0-4d42-9a6c-2b1f82158b9f,Disclosure,Reigate,https://musicbrainz.org/artist/ae65c507-d9a0-4d42-9a6c-2b1f82158b9f,True,Disclosure (band),"Reigate, Surrey, England",https://en.wikipedia.org/wiki/Disclosure_(band),True,corroborated_two_sources,,,not_reviewed,,,,confirmed,Reigate
21,Tears For Fears,4bthk9UfsYUYdcFyqxmSUU,Q269091,23781006,Bath,Bath,Bath,reported_place,https://www.wikidata.org/wiki/Q269091,7c7f9c94-dee8-4903-892b-6cf44652e2de,Tears for Fears,Bath,https://musicbrainz.org/artist/7c7f9c94-dee8-4903-892b-6cf44652e2de,True,Tears for Fears,"Bath, Somerset, England",https://en.wikipedia.org/wiki/Tears_for_Fears,True,corroborated_two_sources,,,not_reviewed,,,,confirmed,Bath
22,Keane,53A0W3U0s8diEn9RhXQhVz,Q484311,23259577,Battle,Battle,Battle,reported_place,https://www.wikidata.org/wiki/Q484311,c7020c6d-cae9-4db3-92a7-e5c561cbad50,Keane,Battle,https://musicbrainz.org/artist/c7020c6d-cae9-4db3-92a7-e5c561cbad50,True,Keane (band),"Battle, East Sussex, England",https://en.wikipedia.org/wiki/Keane_(band),True,corroborated_two_sources,,,not_reviewed,,,,confirmed,Battle
23,The Smiths,3yY2gUcIsjMr8hjo51PoJ8,Q180598,22515532,Manchester,Manchester,Manchester,reported_place,https://www.wikidata.org/wiki/Q180598,40f5d9e4-2de7-4f2d-ad41-e31a9a9fea27,The Smiths,Manchester,https://musicbrainz.org/artist/40f5d9e4-2de7-4f2d-ad41-e31a9a9fea27,True,The Smiths,"Manchester, England",https://en.wikipedia.org/wiki/The_Smiths,True,corroborated_two_sources,,,not_reviewed,,,,confirmed,Manchester
24,Bastille,7EQ0qTo7fWT7DPxmxtSYEc,Q689,22166012,London,London,London,reported_place,https://www.wikidata.org/wiki/Q689,7808accb-6395-4b25-858c-678bbb73896b,Bastille,London,https://musicbrainz.org/artist/7808accb-6395-4b25-858c-678bbb73896b,True,Bastille (band),"London, England",https://en.wikipedia.org/wiki/Bastille_(band),True,corroborated_two_sources,,,not_reviewed,,,,confirmed,London
25,Muse,12Chz98pHFMPJEknJQMWvI,Q22151,20942571,Teignmouth,Teignmouth,Teignmouth,reported_place,https://www.wikidata.org/wiki/Q22151,9c9f1380-2516-4fc9-a3e6-f9f61941d090,Muse,Teignmouth,https://musicbrainz.org/artist/9c9f1380-2516-4fc9-a3e6-f9f61941d090,True,Muse (band),"Teignmouth, Devon, England",https://en.wikipedia.org/wiki/Muse_(band),True,corroborated_two_sources,,,not_reviewed,,,,confirmed,Teignmouth
26,Led Zeppelin,36QJpDe2go2KgaRleHCDTp,Q2331,20605707,London,London,London,reported_place,https://www.wikidata.org/wiki/Q2331,678d88b2-87b0-403b-b63d-5da7465aecc3,Led Zeppelin,London,https://musicbrainz.org/artist/678d88b2-87b0-403b-b63d-5da7465aecc3,True,Led Zeppelin,"London, England",https://en.wikipedia.org/wiki/Led_Zeppelin,True,corroborated_two_sources,,,not_reviewed,,,,confirmed,London
27,The 1975,3mIj9lX2MWuHmhNCA7LSCW,Q2811247,18915018,Wilmslow,Wilmslow,Manchester,editorial_city_cluster,https://www.wikidata.org/wiki/Q2811247,5b6ebfe0-f72b-4902-bba9-74c8af0f1af0,The 1975,Wilmslow,https://musicbrainz.org/artist/5b6ebfe0-f72b-4902-bba9-74c8af0f1af0,True,The 1975,"Wilmslow, Cheshire, England",https://en.wikipedia.org/wiki/The_1975,True,corroborated_two_sources,,,not_reviewed,,,,confirmed,Wilmslow
28,Electric Light Orchestra,7jefIIksOi1EazgRTfW2Pk,Q218255,18330664,Birmingham,Birmingham,Birmingham,reported_place,https://www.wikidata.org/wiki/Q218255,0c502791-4ee9-4c5f-9696-0602b721ff3b,Electric Light Orchestra,Birmingham,https://musicbrainz.org/artist/0c502791-4ee9-4c5f-9696-0602b721ff3b,True,Electric Light Orchestra,"Birmingham, England",https://en.wikipedia.org/wiki/Electric_Light_Orchestra,True,corroborated_two_sources,,,not_reviewed,,,,confirmed,Birmingham
29,Black Sabbath,5M52tdBnJaKSvOpJGz8mfZ,Q47670,18288641,Birmingham,Birmingham,Birmingham,reported_place,https://www.wikidata.org/wiki/Q47670,5182c1d9-c7d2-4dad-afa0-ccfeada921a8,Black Sabbath,Birmingham,https://musicbrainz.org/artist/5182c1d9-c7d2-4dad-afa0-ccfeada921a8,True,Black Sabbath,"Birmingham, England",https://en.wikipedia.org/wiki/Black_Sabbath,True,corroborated_two_sources,,,not_reviewed,,,,confirmed,Birmingham
30,The Outfield,1zxDewzd2j1ZdSBGaYcr0y,Q2093178,17941634,Manchester,London,London,reviewed_override,https://www.wikidata.org/wiki/Q2093178,5d400869-0471-42ee-afda-3addd73d0418,The Outfield,Manchester,https://musicbrainz.org/artist/5d400869-0471-42ee-afda-3addd73d0418,False,The Outfield,"London, England",https://en.wikipedia.org/wiki/The_Outfield,True,corroborated_with_source_variation,,high,corrected,London,https://theoutfield.com/bio,The band's official biography describes it as London-based and rooted in London's East End; Manchester is unsupported.,corrected,London
31,Depeche Mode,762310PdDnwsDxAQxzQkfX,Q482964,17667155,Basildon,Basildon,Basildon,reported_place,https://www.wikidata.org/wiki/Q482964,8538e728-ca0b-4321-b7e5-cff6565dd4c0,Depeche Mode,Basildon,https://musicbrainz.org/artist/8538e728-ca0b-4321-b7e5-cff6565dd4c0,True,Depeche Mode,"Basildon, Essex, England",https://en.wikipedia.org/wiki/Depeche_Mode,True,corroborated_two_sources,,,not_reviewed,,,,confirmed,Basildon
32,America,35U9lQaRWSQISxQAB94Meo,Q126852,17384987,London,London,London,reported_place,https://www.wikidata.org/wiki/Q126852,34cf95c7-4be9-4efd-a48a-c2ea4a0bb114,America,London,https://musicbrainz.org/artist/34cf95c7-4be9-4efd-a48a-c2ea4a0bb114,True,America (band),"London, England",https://en.wikipedia.org/wiki/America_(band),True,corroborated_two_sources,,,not_reviewed,,,,confirmed,London
33,The Verve,2cGwlqi3k18jFpUyTrsR84,Q488916,16374768,Wigan,Wigan,Manchester,editorial_city_cluster,https://www.wikidata.org/wiki/Q488916,d4d17620-fd97-4574-92a8-a2cb7e72ce42,The Verve,Wigan,https://musicbrainz.org/artist/d4d17620-fd97-4574-92a8-a2cb7e72ce42,True,The Verve,"Wigan, England, United Kingdom",https://en.wikipedia.org/wiki/The_Verve,True,corroborated_two_sources,,,not_reviewed,,,,confirmed,Wigan
34,Duran Duran,0lZoBs4Pzo7R89JM9lxwoT,Q58381,15134650,Birmingham,Birmingham,Birmingham,reported_place,https://www.wikidata.org/wiki/Q58381,1a1cd7f3-e5df-4eca-bae2-2757c9e656b5,Duran Duran,Birmingham,https://musicbrainz.org/artist/1a1cd7f3-e5df-4eca-bae2-2757c9e656b5,True,Duran Duran,"Birmingham, England",https://en.wikipedia.org/wiki/Duran_Duran,True,corroborated_two_sources,,,not_reviewed,,,,confirmed,Birmingham
35,Eurythmics,0NKDgy9j66h3DLnN8qu1bB,Q207706,14843560,Sunderland,London,London,reviewed_override,https://www.wikidata.org/wiki/Q207706,b4d32cff-f19e-455f-86c4-f347d824ca61,Eurythmics,London,https://musicbrainz.org/artist/b4d32cff-f19e-455f-86c4-f347d824ca61,True,Eurythmics,"London, England",https://en.wikipedia.org/wiki/Eurythmics,True,corroborated_two_sources,,,corrected,London,https://rockhall.com/wp-content/uploads/2024/03/Eurythmics_RNRHF_Final_2022-LR.pdf,The duo formed in London; Sunderland is Dave Stewart's earlier home scene.,corrected,London
36,Little Mix,3e7awlrlDSwF3iM0WBjGMp,Q158419,14779473,England,London,London,reviewed_override,https://www.wikidata.org/wiki/Q158419,38f59974-2f4d-4bfa-b2e3-d2696de1b675,Little Mix,London,https://musicbrainz.org/artist/38f59974-2f4d-4bfa-b2e3-d2696de1b675,True,Little Mix,"London, England",https://en.wikipedia.org/wiki/Little_Mix,True,corroborated_two_sources,,,not_reviewed,,,,confirmed,London
37,The Clash,3RGLhK1IP9jnYFH4BRFJBS,Q125603,14589467,London,London,London,reported_place,https://www.wikidata.org/wiki/Q125603,8f92558c-2baa-4758-8c38-615519e9deda,The Clash,London,https://musicbrainz.org/artist/8f92558c-2baa-4758-8c38-615519e9deda,True,The Clash,"London, England",https://en.wikipedia.org/wiki/The_Clash,True,corroborated_two_sources,,,not_reviewed,,,,confirmed,London
38,Mumford & Sons,3gd8FJtBJtkRxdfbTu19U2,Q953918,14381934,London,London,London,reported_place,https://www.wikidata.org/wiki/Q953918,c44e9c22-ef82-4a77-9bcd-af6c958446d6,Mumford & Sons,London,https://musicbrainz.org/artist/c44e9c22-ef82-4a77-9bcd-af6c958446d6,True,Mumford & Sons,"London, England",https://en.wikipedia.org/wiki/Mumford_%26_Sons,True,corroborated_two_sources,,,not_reviewed,,,,confirmed,London
39,Blur,7MhMgCo0Bl0Kukl93PZbYS,Q485820,14009757,London,London,London,reported_place,https://www.wikidata.org/wiki/Q485820,ba853904-ae25-4ebb-89d6-c44cfbd71bd2,Blur,London,https://musicbrainz.org/artist/ba853904-ae25-4ebb-89d6-c44cfbd71bd2,True,Blur (band),"London, England",https://en.wikipedia.org/wiki/Blur_(band),True,corroborated_two_sources,,,not_reviewed,,,,confirmed,London
40,Bring Me The Horizon,1Ffb6ejR6Fe5IamqA5oRUF,Q494784,13707032,Sheffield,Sheffield,Sheffield,reported_place,https://www.wikidata.org/wiki/Q494784,074e3847-f67f-49f9-81f1-8c8cea147e8e,Bring Me the Horizon,Sheffield,https://musicbrainz.org/artist/074e3847-f67f-49f9-81f1-8c8cea147e8e,True,Bring Me the Horizon,"Sheffield, South Yorkshire, England",https://en.wikipedia.org/wiki/Bring_Me_the_Horizon,True,corroborated_two_sources,,,not_reviewed,,,,confirmed,Sheffield
41,Snow Patrol,3rIZMv9rysU7JkLzEaC5Jp,Q188407,13274460,Dundee,Dundee,Dundee,reported_place,https://www.wikidata.org/wiki/Q188407,a66999a7-ae5c-460e-ba94-1a01143ae847,Snow Patrol,Dundee,https://musicbrainz.org/artist/a66999a7-ae5c-460e-ba94-1a01143ae847,True,Snow Patrol,"Dundee, Scotland",https://en.wikipedia.org/wiki/Snow_Patrol,True,corroborated_two_sources,,,not_reviewed,,,,confirmed,Dundee
42,Spice Girls,0uq5PttqEjj3IH1bzwcrXF,Q55641,12877807,London,London,London,reported_place,https://www.wikidata.org/wiki/Q55641,bf0caafc-2b20-4e07-ab85-87e14ff430ce,Spice Girls,London,https://musicbrainz.org/artist/bf0caafc-2b20-4e07-ab85-87e14ff430ce,True,Spice Girls,"London, England",https://en.wikipedia.org/wiki/Spice_Girls,True,corroborated_two_sources,,,not_reviewed,,,,confirmed,London
43,The Animals,3ICflSq6ZgYAIrm2CTkfVP,Q131422,12324330,Newcastle upon Tyne,Newcastle upon Tyne,Newcastle upon Tyne,reported_place,https://www.wikidata.org/wiki/Q131422,4d8afa16-4018-4ca8-8b5e-ede8f9314562|763ca800-924d-4193-93d2-0d8f0498ca1d,Animals II|The Animals,Newcastle upon Tyne,https://musicbrainz.org/artist/4d8afa16-4018-4ca8-8b5e-ede8f9314562|https://musicbrainz.org/artist/763ca800-924d-4193-93d2-0d8f0498ca1d,True,The Animals,"Newcastle upon Tyne, England",https://en.wikipedia.org/wiki/The_Animals,True,corroborated_two_sources,,,not_reviewed,,,,confirmed,Newcastle upon Tyne
44,Rudimental,4WN5naL3ofxrVBgFpguzKo,Q50971,11737472,London Borough of Hackney,London Borough of Hackney,London,editorial_city_cluster,https://www.wikidata.org/wiki/Q50971,b09ced80-aa65-43c1-9aa7-58b1e982eada,Rudimental,Hackney,https://musicbrainz.org/artist/b09ced80-aa65-43c1-9aa7-58b1e982eada,True,Rudimental,"Hackney, London, England",https://en.wikipedia.org/wiki/Rudimental,True,corroborated_two_sources,,,not_reviewed,,,,confirmed,London Borough of Hackney
45,Faithless,5T4UKHhr4HGIC0VzdZQtAE,Q542071,11726956,London,London,London,reported_place,https://www.wikidata.org/wiki/Q542071,23d9d74d-c95e-46a6-be26-a6075c49747a,Faithless,London,https://musicbrainz.org/artist/23d9d74d-c95e-46a6-be26-a6075c49747a,True,Faithless,"London, England",https://en.wikipedia.org/wiki/Faithless,True,corroborated_two_sources,,,not_reviewed,,,,confirmed,London
46,Disciples,5EehXjjMktLuJmbRsM7YfB,Q24025201,11691137,London,London,London,reported_place,https://www.wikidata.org/wiki/Q24025201,4038e71c-2dfc-40da-bfd7-99d636066bf6|bac7f942-8e94-4868-b3f6-ba66c75b136e,Disciples,London,https://musicbrainz.org/artist/4038e71c-2dfc-40da-bfd7-99d636066bf6|https://musicbrainz.org/artist/bac7f942-8e94-4868-b3f6-ba66c75b136e,True,Disciples (production team),"South London, England",https://en.wikipedia.org/wiki/Disciples_(production_team),True,corroborated_two_sources,,,not_reviewed,,,,confirmed,London
47,Jungle,59oA5WbbQvomJz2BuRG071,Q17405943,11614048,London,London,London,reported_place,https://www.wikidata.org/wiki/Q17405943,6bbb3983-ce8a-4971-96e0-7cae73268fc4,Jungle,London,https://musicbrainz.org/artist/6bbb3983-ce8a-4971-96e0-7cae73268fc4,True,Jungle (band),"London, England",https://en.wikipedia.org/wiki/Jungle_(band),True,corroborated_two_sources,,,not_reviewed,,,,confirmed,London
48,bôa,5jTtGLk1mGFMY5lQOvJYUj,Q285481,11444869,London,London,London,reported_place,https://www.wikidata.org/wiki/Q285481,ca1dcba2-792c-4550-abf2-7b45396e81ca,bôa,London,https://musicbrainz.org/artist/ca1dcba2-792c-4550-abf2-7b45396e81ca,True,Bôa,"London, England",https://en.wikipedia.org/wiki/B%C3%B4a,True,corroborated_two_sources,,,not_reviewed,,,,confirmed,London
49,Cutting Crew,3cniTumSiUysiPWXapGx1i,Q977526,10972839,London,London,London,reported_place,https://www.wikidata.org/wiki/Q977526,2aa79fa9-7ac0-443b-b250-18d67227a1cb,Cutting Crew,London,https://musicbrainz.org/artist/2aa79fa9-7ac0-443b-b250-18d67227a1cb,True,Cutting Crew,"London, England",https://en.wikipedia.org/wiki/Cutting_Crew,True,corroborated_two_sources,,,not_reviewed,,,,confirmed,London
50,Franz Ferdinand,0XNa1vTidXlvJ2gHSsRi4A,Q173180,10807735,Glasgow,Glasgow,Glasgow,reported_place,https://www.wikidata.org/wiki/Q173180,aa7a2827-f74b-473c-bd79-03d065835cf7,Franz Ferdinand,Glasgow,https://musicbrainz.org/artist/aa7a2827-f74b-473c-bd79-03d065835cf7,True,Franz Ferdinand (band),"Glasgow, Scotland",https://en.wikipedia.org/wiki/Franz_Ferdinand_(band),True,corroborated_two_sources,,,not_reviewed,,,,confirmed,Glasgow
51,Def Leppard,6H1RjVyNruCmrBEWRbD0VZ,Q182890,10792689,Sheffield,Sheffield,Sheffield,reported_place,https://www.wikidata.org/wiki/Q182890,7249b899-8db8-43e7-9e6e-22f1e736024e,Def Leppard,Sheffield,https://musicbrainz.org/artist/7249b899-8db8-43e7-9e6e-22f1e736024e,True,Def Leppard,"Sheffield, England",https://en.wikipedia.org/wiki/Def_Leppard,True,corroborated_two_sources,,,not_reviewed,,,,confirmed,Sheffield
52,Pet Shop Boys,2ycnb8Er79LoH2AsR5ldjh,Q485625,10634217,London,London,London,reported_place,https://www.wikidata.org/wiki/Q485625,be540c02-7898-4b79-9acc-c8122c7d9e83,Pet Shop Boys,Chelsea,https://musicbrainz.org/artist/be540c02-7898-4b79-9acc-c8122c7d9e83,False,Pet Shop Boys,"London, England",https://en.wikipedia.org/wiki/Pet_Shop_Boys,True,corroborated_with_source_variation,,high,confirmed,London,https://en.wikipedia.org/wiki/Pet_Shop_Boys,Chelsea is within London; the labels are compatible.,confirmed,London
53,The Hollies,6waa8mKu91GjzD4NlONlNJ,Q282925,10112715,Manchester,Manchester,Manchester,reported_place,https://www.wikidata.org/wiki/Q282925,d4305549-6b4e-4a57-b24d-8af0743fe191,The Hollies,Lancashire,https://musicbrainz.org/artist/d4305549-6b4e-4a57-b24d-8af0743fe191,False,The Hollies,"Manchester, Lancashire, England",https://en.wikipedia.org/wiki/The_Hollies,True,corroborated_with_source_variation,,high,confirmed,Manchester,https://en.wikipedia.org/wiki/The_Hollies,Manchester was historically in Lancashire; the labels are compatible.,confirmed,Manchester
54,Wham!,5lpH0xAS4fVfLkACg9DAuM,Q744087,10018855,Bushey,Bushey,London,editorial_city_cluster,https://www.wikidata.org/wiki/Q744087,d570bb31-b9ca-45a4-a2d9-11b186d9c159,Wham!,Bushey,https://musicbrainz.org/artist/d570bb31-b9ca-45a4-a2d9-11b186d9c159,True,Wham!,"Bushey, Hertfordshire, England, United Kingdom",https://en.wikipedia.org/wiki/Wham%21,True,corroborated_two_sources,,,not_reviewed,,,,confirmed,Bushey
55,Two Door Cinema Club,536BYVgOnRky0xjsPT96zl,Q777302,9884423,Bangor,Bangor,Bangor,reported_place,https://www.wikidata.org/wiki/Q777302,6f1de078-6684-4792-820d-2ffad64c15ed,Two Door Cinema Club,Bangor,https://musicbrainz.org/artist/6f1de078-6684-4792-820d-2ffad64c15ed,True,Two Door Cinema Club,"Bangor, County Down, Northern Ireland",https://en.wikipedia.org/wiki/Two_Door_Cinema_Club,True,corroborated_two_sources,,,not_reviewed,,,,confirmed,Bangor
56,The Stranglers,0RUEHcBiENFEqxgicqS2ig,Q1532854,9836875,Guildford,Guildford,Guildford,reported_place,https://www.wikidata.org/wiki/Q1532854,a96d82a0-cdca-40bf-b4c8-3d7ec178d85b,The Stranglers,Guildford,https://musicbrainz.org/artist/a96d82a0-cdca-40bf-b4c8-3d7ec178d85b,True,The Stranglers,"Guildford, Surrey, England",https://en.wikipedia.org/wiki/The_Stranglers,True,corroborated_two_sources,,,not_reviewed,,,,confirmed,Guildford
57,Simple Minds,6hN9F0iuULZYWXppob22Aj,Q748836,9628717,Glasgow,Glasgow,Glasgow,reported_place,https://www.wikidata.org/wiki/Q748836,f41490ce-fe39-435d-86c0-ab5ce098b423,Simple Minds,Glasgow,https://musicbrainz.org/artist/f41490ce-fe39-435d-86c0-ab5ce098b423,True,Simple Minds,"Glasgow, Scotland",https://en.wikipedia.org/wiki/Simple_Minds,True,corroborated_two_sources,,,not_reviewed,,,,confirmed,Glasgow
58,Bronski Beat,2wpWOzQE5TpA0dVnh5YD08,Q927927,9566679,London,London,London,reported_place,https://www.wikidata.org/wiki/Q927927,27acebf2-5440-42a7-9db6-19ad2c9dea38,Bronski Beat,Brixton,https://musicbrainz.org/artist/27acebf2-5440-42a7-9db6-19ad2c9dea38,False,Bronski Beat,"Brixton, London, England",https://en.wikipedia.org/wiki/Bronski_Beat,True,corroborated_with_source_variation,,high,confirmed,London,https://en.wikipedia.org/wiki/Bronski_Beat,Brixton is within London; the labels are compatible.,confirmed,London
59,Seafret,4Ly0KABsxlx4fNj63zJTrF,Q28109766,9520023,Bridlington,Bridlington,Bridlington,reported_place,https://www.wikidata.org/wiki/Q28109766,1802f74a-21e5-44f4-9da5-8ea3ac6ce34c,Seafret,East Riding of Yorkshire,https://musicbrainz.org/artist/1802f74a-21e5-44f4-9da5-8ea3ac6ce34c,False,Seafret,"Bridlington, East Riding of Yorkshire, England",https://en.wikipedia.org/wiki/Seafret,True,corroborated_with_source_variation,,high,confirmed,Bridlington,https://en.wikipedia.org/wiki/Seafret,Bridlington is within the East Riding of Yorkshire; the labels are compatible.,confirmed,Bridlington
60,Genesis,3CkvROUTQ6nRi9yQOcsB50,Q151012,9434858,Godalming|Surrey,Godalming,Godalming,reviewed_multi_place_rule,https://www.wikidata.org/wiki/Q151012,8e3fcd7d-bda1-4ca0-b987-b8528d2ee74e,Genesis,Godalming,https://musicbrainz.org/artist/8e3fcd7d-bda1-4ca0-b987-b8528d2ee74e,True,Genesis (band),"Godalming, Surrey, England",https://en.wikipedia.org/wiki/Genesis_(band),True,corroborated_two_sources,,,not_reviewed,,,,confirmed,Godalming
61,Spandau Ballet,2urZrEdsq72kx0UzfYN8Yv,Q16011,9335819,London Borough of Islington,London Borough of Islington,London,editorial_city_cluster,https://www.wikidata.org/wiki/Q16011,4c0d9acf-a8a1-4765-9c56-05f92f68c048,Spandau Ballet,Islington,https://musicbrainz.org/artist/4c0d9acf-a8a1-4765-9c56-05f92f68c048,True,Spandau Ballet,"Islington, London, England",https://en.wikipedia.org/wiki/Spandau_Ballet,True,corroborated_two_sources,,,not_reviewed,,,,confirmed,London Borough of Islington
62,UB40,69MEO1AADKg1IZrq2XLzo5,Q560153,9327767,Birmingham,Birmingham,Birmingham,reported_place,https://www.wikidata.org/wiki/Q560153,0ae0c87e-c935-482d-ab74-162744111a53|7113aab7-628f-4050-ae49-dbecac110ca8,UB40|UB40 featuring Ali Campbell,Birmingham,https://musicbrainz.org/artist/0ae0c87e-c935-482d-ab74-162744111a53|https://musicbrainz.org/artist/7113aab7-628f-4050-ae49-dbecac110ca8,True,UB40,"Birmingham, England",https://en.wikipedia.org/wiki/UB40,True,corroborated_two_sources,,,not_reviewed,,,,confirmed,Birmingham
63,The Chemical Brothers,1GhPHrq36VKCY3ucVaZCfo,Q208507,9143502,Manchester,Manchester,Manchester,reported_place,https://www.wikidata.org/wiki/Q208507,1946a82a-f927-40c2-8235-38d64f50d043|cd25e66d-24c1-4e5a-a14f-5d61d14cdcfc,The Chemical Brothers,Manchester,https://musicbrainz.org/artist/1946a82a-f927-40c2-8235-38d64f50d043|https://musicbrainz.org/artist/cd25e66d-24c1-4e5a-a14f-5d61d14cdcfc,True,The Chemical Brothers,"Manchester, England",https://en.wikipedia.org/wiki/The_Chemical_Brothers,True,corroborated_two_sources,,,not_reviewed,,,,confirmed,Manchester
64,Simply Red,1fa0cOhromAZdq2xRA4vv8,Q339430,9097250,Manchester,Manchester,Manchester,reported_place,https://www.wikidata.org/wiki/Q339430,a9100753-f539-43cf-bcc9-579566fb512e,Simply Red,Manchester,https://musicbrainz.org/artist/a9100753-f539-43cf-bcc9-579566fb512e,True,Simply Red,"Manchester, England",https://en.wikipedia.org/wiki/Simply_Red,True,corroborated_two_sources,,,not_reviewed,,,,confirmed,Manchester
65,Jamiroquai,6J7biCazzYhU3gM9j1wfid,Q202041,9068742,London,London,London,reported_place,https://www.wikidata.org/wiki/Q202041,f4857fb9-e255-4dc6-bd01-e4ca7cc68544,Jamiroquai,Ealing,https://musicbrainz.org/artist/f4857fb9-e255-4dc6-bd01-e4ca7cc68544,False,Jamiroquai,"London, England",https://en.wikipedia.org/wiki/Jamiroquai,True,corroborated_with_source_variation,,high,confirmed,London,https://en.wikipedia.org/wiki/Jamiroquai,Ealing is within London; the labels are compatible.,confirmed,London
66,Iron Maiden,6mdiAmATAx73kdxrNrnlao,Q42482,9029433,Leyton,Leyton,London,editorial_city_cluster,https://www.wikidata.org/wiki/Q42482,ca891d65-d9b0-4258-89f7-e6ba29d83767,Iron Maiden,Leyton,https://musicbrainz.org/artist/ca891d65-d9b0-4258-89f7-e6ba29d83767,True,Iron Maiden,"London, England",https://en.wikipedia.org/wiki/Iron_Maiden,False,corroborated_with_source_variation,,high,confirmed,Leyton,https://en.wikipedia.org/wiki/Iron_Maiden,Leyton is the specific London formation place.,confirmed,Leyton
67,Toploader,6xeFne1rkxMhKSW3ipvkdV,Q1742953,8829850,Eastbourne,Eastbourne,Eastbourne,reported_place,https://www.wikidata.org/wiki/Q1742953,3bdf9667-3205-4c5b-865b-ca3bb33fc5ac,Toploader,Eastbourne,https://musicbrainz.org/artist/3bdf9667-3205-4c5b-865b-ca3bb33fc5ac,True,Toploader,"Eastbourne, East Sussex, England",https://en.wikipedia.org/wiki/Toploader,True,corroborated_two_sources,,,not_reviewed,,,,confirmed,Eastbourne
68,New Order,0yNLKJebCb8Aueb54LYya3,Q214990,8786188,Salford,Salford,Manchester,editorial_city_cluster,https://www.wikidata.org/wiki/Q214990,f1106b17-dcbb-45f6-b938-199ccfab50cc,New Order,Salford,https://musicbrainz.org/artist/f1106b17-dcbb-45f6-b938-199ccfab50cc,True,New Order (band),"Salford, England",https://en.wikipedia.org/wiki/New_Order_(band),True,corroborated_two_sources,,,not_reviewed,,,,confirmed,Salford
69,Massive Attack,6FXMGgJwohJLUSr5nVlf9X,Q357418,8692931,Bristol,Bristol,Bristol,reported_place,https://www.wikidata.org/wiki/Q357418,10adbe5e-a2c0-4bf3-8249-2b4cbf6e6ca8,Massive Attack,Bristol,https://musicbrainz.org/artist/10adbe5e-a2c0-4bf3-8249-2b4cbf6e6ca8,True,Massive Attack,"Bristol, England",https://en.wikipedia.org/wiki/Massive_Attack,True,corroborated_two_sources,,,not_reviewed,,,,confirmed,Bristol
70,The Who,67ea9eGLXYMsO2eYQRui3w,Q93346,8659112,London,London,London,reported_place,https://www.wikidata.org/wiki/Q93346,9fdaa16b-a6c4-4831-b87c-bc9ca8ce7eaa,The Who,London,https://musicbrainz.org/artist/9fdaa16b-a6c4-4831-b87c-bc9ca8ce7eaa,True,The Who,"London, England",https://en.wikipedia.org/wiki/The_Who,True,corroborated_two_sources,,,not_reviewed,,,,confirmed,London
71,D-Block Europe,5VadK1havLhK1OpKYsXv9y,Q63313993,8351560,Lewisham,Lewisham,London,editorial_city_cluster,https://www.wikidata.org/wiki/Q63313993,3325cdfa-8efc-4662-b3df-c094b78b9da8,D‐Block Europe,Lewisham,https://musicbrainz.org/artist/3325cdfa-8efc-4662-b3df-c094b78b9da8,True,D-Block Europe,"Lewisham, London, England",https://en.wikipedia.org/wiki/D-Block_Europe,True,corroborated_two_sources,,,not_reviewed,,,,confirmed,Lewisham
72,alt-J,3XHO7cRUPCLOr6jwp8vsx5,Q47996,8110938,Leeds,Leeds,Leeds,reported_place,https://www.wikidata.org/wiki/Q47996,fc7bbf00-fbaa-4736-986b-b3ac0266ca9b,alt‐J,Leeds,https://musicbrainz.org/artist/fc7bbf00-fbaa-4736-986b-b3ac0266ca9b,True,Alt-J,"Leeds, West Yorkshire, England",https://en.wikipedia.org/wiki/Alt-J,True,corroborated_two_sources,,,not_reviewed,,,,confirmed,Leeds
73,The Proclaimers,1A92IAcd7A6npCA33oGM5i,Q289622,8100195,Auchtermuchty,Auchtermuchty,Auchtermuchty,reported_place,https://www.wikidata.org/wiki/Q289622,1303b976-b862-4f04-94fd-a8d444e06714,The Proclaimers,Auchtermuchty,https://musicbrainz.org/artist/1303b976-b862-4f04-94fd-a8d444e06714,True,The Proclaimers,"Auchtermuchty, Fife, Scotland",https://en.wikipedia.org/wiki/The_Proclaimers,True,corroborated_two_sources,,,not_reviewed,,,,confirmed,Auchtermuchty
74,Dexys Midnight Runners,4QTVePrFu1xuGM9K0kNXkk,Q247259,7999321,Birmingham,Birmingham,Birmingham,reported_place,https://www.wikidata.org/wiki/Q247259,ccce2053-7007-4c36-b1e7-f8fcf5023a12,Dexys Midnight Runners,Birmingham,https://musicbrainz.org/artist/ccce2053-7007-4c36-b1e7-f8fcf5023a12,True,Dexys Midnight Runners,"Birmingham, England",https://en.wikipedia.org/wiki/Dexys_Midnight_Runners,True,corroborated_two_sources,,,not_reviewed,,,,confirmed,Birmingham
75,The Kinks,1SQRv42e4PjEYfPhS0Tk9E,Q188713,7864488,London,London,London,reported_place,https://www.wikidata.org/wiki/Q188713,17b53d9f-5c63-4a09-a593-dde4608e0db9,The Kinks,London,https://musicbrainz.org/artist/17b53d9f-5c63-4a09-a593-dde4608e0db9,True,The Kinks,"London, England",https://en.wikipedia.org/wiki/The_Kinks,True,corroborated_two_sources,,,not_reviewed,,,,confirmed,London
76,Supertramp,3JsMj0DEzyWc0VDlHuy9Bx,Q176457,7695790,London,London,London,reported_place,https://www.wikidata.org/wiki/Q176457,00589e76-0000-42e1-ab52-728241933fef|d2ff6b6b-fc30-48dc-8952-06f9d8fc64f8,Supertramp,London,https://musicbrainz.org/artist/00589e76-0000-42e1-ab52-728241933fef|https://musicbrainz.org/artist/d2ff6b6b-fc30-48dc-8952-06f9d8fc64f8,True,Supertramp,"London, England",https://en.wikipedia.org/wiki/Supertramp,True,corroborated_two_sources,,,not_reviewed,,,,confirmed,London
77,Oh Wonder,5cIc3SBFuBLVxJz58W2tU9,Q21452721,7552797,London,London,London,reported_place,https://www.wikidata.org/wiki/Q21452721,aa2c5e55-57f5-42a7-a0e4-4a02cd9399b1,Oh Wonder,London,https://musicbrainz.org/artist/aa2c5e55-57f5-42a7-a0e4-4a02cd9399b1,True,Oh Wonder,"London, England",https://en.wikipedia.org/wiki/Oh_Wonder,True,corroborated_two_sources,,,not_reviewed,,,,confirmed,London
78,Goodboys,2nm38smINjms1LtczR0Cei,Q65052503,7292613,London,London,London,reported_place,https://www.wikidata.org/wiki/Q65052503,59ffa494-f0de-4744-80ee-d26d4eb92e57,Goodboys,London,https://musicbrainz.org/artist/59ffa494-f0de-4744-80ee-d26d4eb92e57,True,Goodboys,"London, England",https://en.wikipedia.org/wiki/Goodboys,True,corroborated_two_sources,,,not_reviewed,,,,confirmed,London
79,The Wanted,2NhdGz9EDv2FeUw6udu2g1,Q34918,7143333,England,London,London,reviewed_override,https://www.wikidata.org/wiki/Q34918,bcb16f22-b064-4b80-b3a3-c824bccdbab1,The Wanted,England,https://musicbrainz.org/artist/bcb16f22-b064-4b80-b3a3-c824bccdbab1,,The Wanted,United Kingdom,https://en.wikipedia.org/wiki/The_Wanted,,unverified,,medium,not_reviewed,,,,unresolved,London
80,Culture Club,6kz53iCdBSqhQCZ21CoLcc,Q50037,7076755,London,London,London,reported_place,https://www.wikidata.org/wiki/Q50037,81435053-e1a2-48a4-adfd-e89f310c7b38,Culture Club,London,https://musicbrainz.org/artist/81435053-e1a2-48a4-adfd-e89f310c7b38,True,Culture Club,"London, England",https://en.wikipedia.org/wiki/Culture_Club,True,corroborated_two_sources,,,not_reviewed,,,,confirmed,London
81,Deep Purple,568ZhdwyaiCyOGJRtNYhWf,Q101505,6998809,England|Hertford|London,Hertford,Hertford,reviewed_multi_place_rule,https://www.wikidata.org/wiki/Q101505,79491354-3d83-40e3-9d8e-7592d58d790a,Deep Purple,Hertford,https://musicbrainz.org/artist/79491354-3d83-40e3-9d8e-7592d58d790a,True,Deep Purple,"London, England",https://en.wikipedia.org/wiki/Deep_Purple,False,corroborated_with_source_variation,,high,confirmed,Hertford,https://www.universalmusic.fr/artistes/20000084057,Universal identifies Hertford; the Wikipedia London label is broader and disputed.,confirmed,Hertford
82,The Kooks,1GLtl8uqKmnyCWxHmw9tL4,Q211768,6950019,Brighton,Brighton,Brighton,reported_place,https://www.wikidata.org/wiki/Q211768,f82f3a3e-29c2-42ca-b589-bc5dc210fa9e,The Kooks,Brighton,https://musicbrainz.org/artist/f82f3a3e-29c2-42ca-b589-bc5dc210fa9e,True,The Kooks,"Brighton, England",https://en.wikipedia.org/wiki/The_Kooks,True,corroborated_two_sources,,,not_reviewed,,,,confirmed,Brighton
83,La Roux,3K2zB87GZv1krx031en5VA,Q200002,6858904,London,London,London,reported_place,https://www.wikidata.org/wiki/Q200002,88d1360a-bc2d-47df-90d1-d2de285560aa,La Roux,Brixton,https://musicbrainz.org/artist/88d1360a-bc2d-47df-90d1-d2de285560aa,False,La Roux,"London, England",https://en.wikipedia.org/wiki/La_Roux,True,corroborated_with_source_variation,,high,confirmed,London,https://en.wikipedia.org/wiki/La_Roux,Brixton is within London; the labels are compatible.,confirmed,London
84,10cc,6i6WlGzQtXtz7GcC5H5st5,Q169145,6808182,Stockport,Stockport,Manchester,editorial_city_cluster,https://www.wikidata.org/wiki/Q169145,f37c537b-3557-4031-bfd6-ab63ced32854,10cc,Stockport,https://musicbrainz.org/artist/f37c537b-3557-4031-bfd6-ab63ced32854,True,10cc,"Stockport, England",https://en.wikipedia.org/wiki/10cc,True,corroborated_two_sources,,,not_reviewed,,,,confirmed,Stockport
85,CamelPhat,240wlM8vDrf6S4zCyzGj2W,Q21008079,6543464,Liverpool,Liverpool,Liverpool,reported_place,https://www.wikidata.org/wiki/Q21008079,61314ff2-7b52-4296-a0b8-af61dc08bdd1|6e68a723-c997-4c79-ac9a-b67514bbb5b3|c6fa1ddf-0c0d-401f-9916-4406e59c8945,CamelPhat|High Society|Whelan & Di Scala,Liverpool,https://musicbrainz.org/artist/61314ff2-7b52-4296-a0b8-af61dc08bdd1|https://musicbrainz.org/artist/6e68a723-c997-4c79-ac9a-b67514bbb5b3|https://musicbrainz.org/artist/c6fa1ddf-0c0d-401f-9916-4406e59c8945,True,CamelPhat,"Liverpool, United Kingdom",https://en.wikipedia.org/wiki/CamelPhat,True,corroborated_two_sources,,,not_reviewed,,,,confirmed,Liverpool
86,Take That,1XgFuvRd7r5g0h844A5ZUQ,Q152066,6539015,Manchester,Manchester,Manchester,reported_place,https://www.wikidata.org/wiki/Q152066,24d2505b-388c-46cc-8a64-48223ea6d78d,Take That,Manchester,https://musicbrainz.org/artist/24d2505b-388c-46cc-8a64-48223ea6d78d,True,Take That,"Manchester, England",https://en.wikipedia.org/wiki/Take_That,True,corroborated_two_sources,,,not_reviewed,,,,confirmed,Manchester
87,Whitesnake,3UbyYnvNIT5DFXU4WgiGpP,Q189965,6249726,Middlesbrough,Middlesbrough,Middlesbrough,reported_place,https://www.wikidata.org/wiki/Q189965,5dedf5cf-a598-4408-9556-3bf3f149f3ba,Whitesnake,Middlesbrough,https://musicbrainz.org/artist/5dedf5cf-a598-4408-9556-3bf3f149f3ba,True,Whitesnake,"London, England",https://en.wikipedia.org/wiki/Whitesnake,False,corroborated_with_source_variation,,high,confirmed,Middlesbrough,https://www.britishmuseum.org/collection/term/BIOG217735,The British Museum identifies Middlesbrough; the Wikipedia London label is unsupported for formation.,confirmed,Middlesbrough
88,The Vamps,7gAppWoH7pcYmphCVTXkzs,Q15042553,6167219,England|London,,London,reported_place,https://www.wikidata.org/wiki/Q15042553,d8b20d45-4d9e-437b-b5da-fbb27d98f8eb,The Vamps,England,https://musicbrainz.org/artist/d8b20d45-4d9e-437b-b5da-fbb27d98f8eb,,The Vamps (British band),England,https://en.wikipedia.org/wiki/The_Vamps_(British_band),,unresolved,,medium,not_reviewed,,,,unresolved,
89,The Human League,1aX2dmV8XoHYCOQRxjPESG,Q730158,6085844,Sheffield,Sheffield,Sheffield,reported_place,https://www.wikidata.org/wiki/Q730158,7adaabfb-acfb-47bc-8c7c-59471c2f0db8,The Human League,Sheffield,https://musicbrainz.org/artist/7adaabfb-acfb-47bc-8c7c-59471c2f0db8,True,The Human League,"Sheffield, South Yorkshire, England",https://en.wikipedia.org/wiki/The_Human_League,True,corroborated_two_sources,,,not_reviewed,,,,confirmed,Sheffield
90,Pretenders,0GByy3DcfbQwDvXGCWmzv9,Q667389,6044974,Hereford,Hereford,Hereford,reported_place,https://www.wikidata.org/wiki/Q667389,e9c832b0-384b-4ee6-aec0-111372784aac,Pretenders,Hereford,https://musicbrainz.org/artist/e9c832b0-384b-4ee6-aec0-111372784aac,True,The Pretenders,"Hereford, England",https://en.wikipedia.org/wiki/The_Pretenders,True,corroborated_two_sources,,,not_reviewed,,,,confirmed,Hereford
91,AlunaGeorge,2VAnyOxzJuSAj7XIuEOT38,Q10353,6010368,London,London,London,reported_place,https://www.wikidata.org/wiki/Q10353,e9da3ed5-eb9a-4f70-a0ed-4e59e380601f,AlunaGeorge,London,https://musicbrainz.org/artist/e9da3ed5-eb9a-4f70-a0ed-4e59e380601f,True,AlunaGeorge,"London, England",https://en.wikipedia.org/wiki/AlunaGeorge,True,corroborated_two_sources,,,not_reviewed,,,,confirmed,London
92,Portishead,6liAMWkVf5LH7YR9yfFy1Y,Q191352,5958911,Bristol,Bristol,Bristol,reported_place,https://www.wikidata.org/wiki/Q191352,8f6bd1e4-fbe1-4f50-aa9b-94c450ec0f11,Portishead,Bristol,https://musicbrainz.org/artist/8f6bd1e4-fbe1-4f50-aa9b-94c450ec0f11,True,Portishead (band),"Bristol, England",https://en.wikipedia.org/wiki/Portishead_(band),True,corroborated_two_sources,,,not_reviewed,,,,confirmed,Bristol
93,Frou Frou,6MUyqmIQ35inLjch0YzIEG,Q2629330,5930276,London,London,London,reported_place,https://www.wikidata.org/wiki/Q2629330,d614b0ad-fe3a-4927-b413-48cb831a814b,Frou Frou,London,https://musicbrainz.org/artist/d614b0ad-fe3a-4927-b413-48cb831a814b,True,Frou Frou,England,https://en.wikipedia.org/wiki/Frou_Frou,,corroborated_one_source,,,not_reviewed,,,,confirmed,London
94,Soft Cell,6aq8T2RcspxVOGgMrTzjWc,Q1329303,5766246,Leeds,Leeds,Leeds,reported_place,https://www.wikidata.org/wiki/Q1329303,7fb50287-029d-47cc-825a-235ca28024b2,Soft Cell,Leeds,https://musicbrainz.org/artist/7fb50287-029d-47cc-825a-235ca28024b2,True,Soft Cell,"Leeds, West Yorkshire, England",https://en.wikipedia.org/wiki/Soft_Cell,True,corroborated_two_sources,,,not_reviewed,,,,confirmed,Leeds
95,Stealers Wheel,7bPU7cvfoD20ixGD9Qnqki,Q283638,5726001,Paisley,Paisley,Paisley,reported_place,https://www.wikidata.org/wiki/Q283638,63200203-e2c6-4081-8e0d-00c9732c6b6f,Stealers Wheel,Paisley,https://musicbrainz.org/artist/63200203-e2c6-4081-8e0d-00c9732c6b6f,True,Stealers Wheel,"Paisley, Renfrewshire, Scotland",https://en.wikipedia.org/wiki/Stealers_Wheel,True,corroborated_two_sources,,,not_reviewed,,,,confirmed,Paisley
96,Katrina & The Waves,2TzHIUhVpeeDxyJPpQfnV3,Q934582,5671000,Cambridge,Cambridge,Cambridge,reported_place,https://www.wikidata.org/wiki/Q934582,a57505c9-6b43-4861-a498-fe00b349d591,Katrina and the Waves,Cambridge,https://musicbrainz.org/artist/a57505c9-6b43-4861-a498-fe00b349d591,True,Katrina and the Waves,"Cambridge, Cambridgeshire, England",https://en.wikipedia.org/wiki/Katrina_and_the_Waves,True,corroborated_two_sources,,,not_reviewed,,,,confirmed,Cambridge
97,LF SYSTEM,0HxX6imltnNXJyQhu4nsiO,Q113022702,5611864,,West Lothian,West Lothian,reviewed_override,https://www.wikidata.org/wiki/Q113022702,12ec8b9f-3cb8-4893-9aa2-ba43313f8e32,LF SYSTEM,West Lothian,https://musicbrainz.org/artist/12ec8b9f-3cb8-4893-9aa2-ba43313f8e32,True,LF System,"West Lothian, Scotland",https://en.wikipedia.org/wiki/LF_System,True,corroborated_two_sources,,,not_reviewed,,,,confirmed,West Lothian
98,Everything But The Girl,13ccXrK7AmXb4TddMkE7jy,Q313779,5607393,Kingston upon Hull,Kingston upon Hull,Kingston upon Hull,reported_place,https://www.wikidata.org/wiki/Q313779,959cf5bf-ee29-4af6-a85a-0b480181d988,Everything but the Girl,Kingston upon Hull,https://musicbrainz.org/artist/959cf5bf-ee29-4af6-a85a-0b480181d988,True,Everything but the Girl,"Hull, East Riding of Yorkshire, England",https://en.wikipedia.org/wiki/Everything_but_the_Girl,True,corroborated_two_sources,,,not_reviewed,,,,confirmed,Kingston upon Hull
99,The La's,47Z8LEl3LnQkcpva0xSthT,Q1860769,5581915,Liverpool,Liverpool,Liverpool,reported_place,https://www.wikidata.org/wiki/Q1860769,ff3e88b3-7354-4f30-967c-1a61ebc8c642,The La’s,Liverpool,https://musicbrainz.org/artist/ff3e88b3-7354-4f30-967c-1a61ebc8c642,True,The La's,"Liverpool, England",https://en.wikipedia.org/wiki/The_La%27s,True,corroborated_two_sources,,,not_reviewed,,,,confirmed,Liverpool
100,The xx,3iOvXCl6edW5Um0fXEBRXy,Q869367,5459918,London,London,London,reported_place,https://www.wikidata.org/wiki/Q869367,c5c2ea1c-4bde-4f4d-bd0b-47b200bf99d6,The xx,Wandsworth,https://musicbrainz.org/artist/c5c2ea1c-4bde-4f4d-bd0b-47b200bf99d6,False,The xx,"Wandsworth, London, England",https://en.wikipedia.org/wiki/The_xx,True,corroborated_with_source_variation,,high,confirmed,London,https://en.wikipedia.org/wiki/The_xx,Wandsworth is within London; the labels are compatible.,confirmed,London
101,The Cinematic Orchestra,32ogthv0BdaSMPml02X9YB,Q1087300,5329785,London,London,London,reported_place,https://www.wikidata.org/wiki/Q1087300,7c158ea8-c0aa-410e-bdc1-20bba9759577,The Cinematic Orchestra,London,https://musicbrainz.org/artist/7c158ea8-c0aa-410e-bdc1-20bba9759577,True,The Cinematic Orchestra,"London, England",https://en.wikipedia.org/wiki/The_Cinematic_Orchestra,True,corroborated_two_sources,,,not_reviewed,,,,confirmed,London
102,Fine Young Cannibals,20p5D2KrE8CGuOjHtxsyTp,Q14528,5309505,Birmingham,Birmingham,Birmingham,reported_place,https://www.wikidata.org/wiki/Q14528,23b0f3d6-ba54-4597-a1c7-24c6dd348ef7,Fine Young Cannibals,Birmingham,https://musicbrainz.org/artist/23b0f3d6-ba54-4597-a1c7-24c6dd348ef7,True,Fine Young Cannibals,"Birmingham, West Midlands, England",https://en.wikipedia.org/wiki/Fine_Young_Cannibals,True,corroborated_two_sources,,,not_reviewed,,,,confirmed,Birmingham
103,Stereophonics,21UJ7PRWb3Etgsu99f8yo8,Q28963,5187258,Cwmaman,Cwmaman,Cwmaman,reported_place,https://www.wikidata.org/wiki/Q28963,0bfba3d3-6a04-4779-bb0a-df07df5b0558,Stereophonics,Cwmaman,https://musicbrainz.org/artist/0bfba3d3-6a04-4779-bb0a-df07df5b0558,True,Stereophonics,"Cwmaman, Rhondda Cynon Taf, Wales",https://en.wikipedia.org/wiki/Stereophonics,True,corroborated_two_sources,,,not_reviewed,,,,confirmed,Cwmaman
104,Bush,78SHxLdtysAXgywQ4vE0Oa,Q247949,5127264,London,London,London,reported_place,https://www.wikidata.org/wiki/Q247949,93ccd76c-3790-4435-a8bf-02bc26294b93,Bush,London,https://musicbrainz.org/artist/93ccd76c-3790-4435-a8bf-02bc26294b93,True,Bush (British band),"London, England",https://en.wikipedia.org/wiki/Bush_(British_band),True,corroborated_two_sources,,,not_reviewed,,,,confirmed,London
105,Cocteau Twins,5Wabl1lPdNOeIn0SQ5A1mp,Q588820,5124023,Grangemouth,Grangemouth,Grangemouth,reported_place,https://www.wikidata.org/wiki/Q588820,000fc734-b7e1-4a01-92d1-f544261b43f5,Cocteau Twins,Grangemouth,https://musicbrainz.org/artist/000fc734-b7e1-4a01-92d1-f544261b43f5,True,Cocteau Twins,"Grangemouth, Stirlingshire, Scotland",https://en.wikipedia.org/wiki/Cocteau_Twins,True,corroborated_two_sources,,,not_reviewed,,,,confirmed,Grangemouth
106,Bullet For My Valentine,7iWiAD5LLKyiox2grgfmUT,Q485385,5036374,Bridgend,Bridgend,Bridgend,reported_place,https://www.wikidata.org/wiki/Q485385,d530dbf9-69b1-404f-98f2-0431104f5a1e,Bullet for My Valentine,Bridgend,https://musicbrainz.org/artist/d530dbf9-69b1-404f-98f2-0431104f5a1e,True,Bullet for My Valentine,"Bridgend, Wales",https://en.wikipedia.org/wiki/Bullet_for_My_Valentine,True,corroborated_two_sources,,,not_reviewed,,,,confirmed,Bridgend
107,The Prodigy,4k1ELeJKT1ISyDv8JivPpB,Q7256860,5031555,Braintree|Essex,Braintree,Braintree,reviewed_multi_place_rule,https://www.wikidata.org/wiki/Q7256860,4a4ee089-93b1-4470-af9a-6ff575d32704,The Prodigy,Braintree,https://musicbrainz.org/artist/4a4ee089-93b1-4470-af9a-6ff575d32704,True,The Prodigy,"Braintree, England",https://en.wikipedia.org/wiki/The_Prodigy,True,corroborated_two_sources,,,not_reviewed,,,,confirmed,Braintree
108,The Zombies,2jgPkn6LuUazBoBk6vvjh5,Q1163207,5025277,St Albans,St Albans,St Albans,reported_place,https://www.wikidata.org/wiki/Q1163207,230ca093-1d00-4c57-9235-147942f66930,The Zombies,City of St Albans,https://musicbrainz.org/artist/230ca093-1d00-4c57-9235-147942f66930,True,The Zombies,"St Albans, Hertfordshire, England",https://en.wikipedia.org/wiki/The_Zombies,True,corroborated_two_sources,,,not_reviewed,,,,confirmed,St Albans
109,Hot Chocolate,72VzFto8DYvKHocaHYNWSi,Q1368881,5017699,West Hampstead,West Hampstead,London,editorial_city_cluster,https://www.wikidata.org/wiki/Q1368881,a749130e-c2d8-4a7c-b740-908ea4574961,Hot Chocolate,Brixton,https://musicbrainz.org/artist/a749130e-c2d8-4a7c-b740-908ea4574961,False,Hot Chocolate,"West Hampstead, London, England",https://en.wikipedia.org/wiki/Hot_Chocolate,True,corroborated_with_source_variation,,high,confirmed,West Hampstead,https://en.wikipedia.org/wiki/Hot_Chocolate_(band),West Hampstead is the specific London formation place; MusicBrainz's Brixton label conflicts.,confirmed,West Hampstead
110,The Alan Parsons Project,2m62cc253Xvd9qYQ8d2X3d,Q533478,4991688,Glasgow,London,London,reviewed_override,https://www.wikidata.org/wiki/Q533478,f98711e5-06f7-43ed-8239-da0f61a9c460,The Alan Parsons Project,Westminster,https://musicbrainz.org/artist/f98711e5-06f7-43ed-8239-da0f61a9c460,False,The Alan Parsons Project,"London, England",https://en.wikipedia.org/wiki/The_Alan_Parsons_Project,True,corroborated_with_source_variation,,high,corrected,London,https://www.the-alan-parsons-project.com/timeline,Parsons and Woolfson met at Abbey Road and created the project in London.,corrected,London
111,Chase & Status,3jNkaOXasoc7RsxdchvEVq,Q1067983,4913546,London,London,London,reported_place,https://www.wikidata.org/wiki/Q1067983,82e454e2-38ee-4e69-89a6-cc65167753d1,Chase & Status,London,https://musicbrainz.org/artist/82e454e2-38ee-4e69-89a6-cc65167753d1,True,Chase & Status,"London, England",https://en.wikipedia.org/wiki/Chase_%26_Status,True,corroborated_two_sources,,,not_reviewed,,,,confirmed,London
112,Wings,3sFhA6G1N0gG1pszb6kk1m,Q622988,4863252,England,,,unresolved_generic_or_missing,https://www.wikidata.org/wiki/Q622988,d922d727-240a-4432-9a88-05a7cf9bc403,Wings,,https://musicbrainz.org/artist/d922d727-240a-4432-9a88-05a7cf9bc403,,Paul McCartney and Wings,"London, England",https://en.wikipedia.org/wiki/Paul_McCartney_and_Wings,False,proposed_one_source,London,high,not_reviewed,,,,evidence_for_missing_claim,London
113,Hurts,3w4VAlllkAWI6m0AV0Gn6a,Q493042,4854547,Manchester,Manchester,Manchester,reported_place,https://www.wikidata.org/wiki/Q493042,fcd954c7-f327-446f-87a3-2c4b242c6f38,Hurts,Manchester,https://musicbrainz.org/artist/fcd954c7-f327-446f-87a3-2c4b242c6f38,True,Hurts (duo),"Manchester, England",https://en.wikipedia.org/wiki/Hurts_(duo),True,corroborated_two_sources,,,not_reviewed,,,,confirmed,Manchester
114,Erasure,0z5DFXmhT4ZNzWElsM7V89,Q484885,4832016,England,,,unresolved_generic_or_missing,https://www.wikidata.org/wiki/Q484885,43b58c98-3779-4b04-9a23-1c95cca3a145,Erasure,London,https://musicbrainz.org/artist/43b58c98-3779-4b04-9a23-1c95cca3a145,False,Erasure (duo),"London, England",https://en.wikipedia.org/wiki/Erasure_(duo),False,proposed_two_sources,London,high,not_reviewed,,,,evidence_for_missing_claim,London
115,Chumbawamba,0TcYeHEK9sBtv7xPbKhzHz,Q1089523,4700579,Burnley,Burnley,Burnley,reported_place,https://www.wikidata.org/wiki/Q1089523,7b7b1e6f-e73e-41a0-9d72-8f0b30c6992d,Chumbawamba,Leeds,https://musicbrainz.org/artist/7b7b1e6f-e73e-41a0-9d72-8f0b30c6992d,False,Chumbawamba,"Burnley, Lancashire, and Leeds, West Yorkshire, England",https://en.wikipedia.org/wiki/Chumbawamba,True,corroborated_with_source_variation,,high,contested,Burnley,https://www.allmusic.com/artist/chumbawamba-mn0000781370,"AllMusic and Wikipedia support Burnley, while other accounts associate the group's formation with its early Leeds squat; retain Burnley with a contest flag.",contested,Burnley
116,A Flock Of Seagulls,0uAjBatvB4ubpd4kCfjmNt,Q300409,4670482,Liverpool,Liverpool,Liverpool,reported_place,https://www.wikidata.org/wiki/Q300409,aaa436da-b331-4e58-a0fd-3d64d090c120,A Flock of Seagulls,Liverpool,https://musicbrainz.org/artist/aaa436da-b331-4e58-a0fd-3d64d090c120,True,A Flock of Seagulls,"Liverpool, England",https://en.wikipedia.org/wiki/A_Flock_of_Seagulls,True,corroborated_two_sources,,,not_reviewed,,,,confirmed,Liverpool
117,Slowdive,72X6FHxaShda0XeQw3vbeF,Q1502037,4658345,Reading,Reading,Reading,reported_place,https://www.wikidata.org/wiki/Q1502037,a16371b9-7d36-497a-a9d4-42b0a0440c5e,Slowdive,Reading,https://musicbrainz.org/artist/a16371b9-7d36-497a-a9d4-42b0a0440c5e,True,Slowdive,"Reading, Berkshire, England",https://en.wikipedia.org/wiki/Slowdive,True,corroborated_two_sources,,,not_reviewed,,,,confirmed,Reading
118,Supergrass,0sHeX8oQ6o7xic3wMf4NBU,Q1120684,4645328,Wheatley,Oxford,Oxford,reviewed_override,https://www.wikidata.org/wiki/Q1120684,6386ddff-0d13-4685-9f0a-a82bf022fb1c,Supergrass,Oxford,https://musicbrainz.org/artist/6386ddff-0d13-4685-9f0a-a82bf022fb1c,True,Supergrass,"Oxford, England",https://en.wikipedia.org/wiki/Supergrass,True,corroborated_two_sources,,,corrected,Oxford,https://www.officialcharts.com/artist/9825/supergrass/,Official Charts identifies Oxford; Wheatley is associated with the precursor band and members.,corrected,Oxford
119,Cream,74oJ4qxwOZvX6oSsu1DGnw,Q203736,4518268,London,London,London,reported_place,https://www.wikidata.org/wiki/Q203736,04cd0cfd-bfd1-4c36-bc38-95c35e2c045f,Cream,London,https://musicbrainz.org/artist/04cd0cfd-bfd1-4c36-bc38-95c35e2c045f,True,Cream (band),"London, England",https://en.wikipedia.org/wiki/Cream_(band),True,corroborated_two_sources,,,not_reviewed,,,,confirmed,London
120,Motörhead,1DFr97A9HnbV3SKTJFu62M,Q19697,4453633,London,London,London,reported_place,https://www.wikidata.org/wiki/Q19697,57961a97-3796-4bf7-9f02-a985a8979ae9,Motörhead,London,https://musicbrainz.org/artist/57961a97-3796-4bf7-9f02-a985a8979ae9,True,Motörhead,"London, England",https://en.wikipedia.org/wiki/Mot%C3%B6rhead,True,corroborated_two_sources,,,not_reviewed,,,,confirmed,London
121,Yes,7AC976RDJzL2asmZuz7qil,Q184386,4447983,London,London,London,reported_place,https://www.wikidata.org/wiki/Q184386,c1d4f2ba-cf39-460c-9528-6b827d3417a1,Yes,London,https://musicbrainz.org/artist/c1d4f2ba-cf39-460c-9528-6b827d3417a1,True,Yes (band),"London, England",https://en.wikipedia.org/wiki/Yes_(band),True,corroborated_two_sources,,,not_reviewed,,,,confirmed,London
122,Nazareth,6fvN9GmMCVKb5LY0WsnjFP,Q683695,4341186,Dunfermline,Dunfermline,Dunfermline,reported_place,https://www.wikidata.org/wiki/Q683695,88f219d8-4140-4191-af4b-de81c7c587c4,Nazareth,Dunfermline,https://musicbrainz.org/artist/88f219d8-4140-4191-af4b-de81c7c587c4,True,Nazareth (band),"Dunfermline, Fife, Scotland",https://en.wikipedia.org/wiki/Nazareth_(band),True,corroborated_two_sources,,,not_reviewed,,,,confirmed,Dunfermline
123,Foals,6FQqZYVfTNQ1pCqfkwVFEa,Q728958,4201622,Oxford,Oxford,Oxford,reported_place,https://www.wikidata.org/wiki/Q728958,6a65d878-fcd0-42cf-aff9-ca1d636a8bcc,Foals,Oxford,https://musicbrainz.org/artist/6a65d878-fcd0-42cf-aff9-ca1d636a8bcc,True,Foals (band),"Oxford, England",https://en.wikipedia.org/wiki/Foals_(band),True,corroborated_two_sources,,,not_reviewed,,,,confirmed,Oxford
124,Sidewalks and Skeletons,48nHO1cuTbpx4ELhChsxX1,Q58884625,4198181,,,,unresolved_generic_or_missing,https://www.wikidata.org/wiki/Q58884625,edc4f886-8d54-4908-b013-260bfcb50481,Sidewalks and Skeletons,,https://musicbrainz.org/artist/edc4f886-8d54-4908-b013-260bfcb50481,,,,,,unresolved,,medium,not_reviewed,,,,unresolved,
125,LSD,6IZ4ctovY9dl7bgHClAvKJ,Q52397902,4191261,,,,unresolved_generic_or_missing,https://www.wikidata.org/wiki/Q52397902,8d79b49a-143c-4807-bd44-6c985a4655bf,LSD,,https://musicbrainz.org/artist/8d79b49a-143c-4807-bd44-6c985a4655bf,,LSD (group),,https://en.wikipedia.org/wiki/LSD_(group),,unresolved,,medium,not_reviewed,,,,unresolved,
126,FLO,0s4kXsjYeH0S1xRyVGN4NO,Q111548374,4183163,,,,unresolved_generic_or_missing,https://www.wikidata.org/wiki/Q111548374,6ecae756-cfa6-4011-ae56-e8d9c4be447a,FLO,London,https://musicbrainz.org/artist/6ecae756-cfa6-4011-ae56-e8d9c4be447a,False,Flo (group),"London, England",https://en.wikipedia.org/wiki/Flo_(group),False,proposed_two_sources,London,high,not_reviewed,,,,evidence_for_missing_claim,London
127,The Foundations,4GITZM5LCR2KcdlgEOrNLD,Q1421054,4165829,London,London,London,reported_place,https://www.wikidata.org/wiki/Q1421054,5c316ada-0201-427f-8bb6-535ebe17cf85,The Foundations,London,https://musicbrainz.org/artist/5c316ada-0201-427f-8bb6-535ebe17cf85,True,The Foundations,"London, England",https://en.wikipedia.org/wiki/The_Foundations,True,corroborated_two_sources,,,not_reviewed,,,,confirmed,London
128,CHVRCHES,3CjlHNtplJyTf9npxaPl5w,Q5118436,4152413,Glasgow,Glasgow,Glasgow,reported_place,https://www.wikidata.org/wiki/Q5118436,6a93afbb-257f-4166-b389-9f2a1e5c5df8,CHVRCHES,Glasgow,https://musicbrainz.org/artist/6a93afbb-257f-4166-b389-9f2a1e5c5df8,True,Chvrches,"Glasgow, Scotland",https://en.wikipedia.org/wiki/Chvrches,True,corroborated_two_sources,,,not_reviewed,,,,confirmed,Glasgow
129,Maribou State,7zrkALJ9ayRjzysp4QYoEg,Q20711766,4147945,,,,unresolved_generic_or_missing,https://www.wikidata.org/wiki/Q20711766,72034a05-bcd8-40c2-8255-3ee4ac0e7ef0,Maribou State,,https://musicbrainz.org/artist/72034a05-bcd8-40c2-8255-3ee4ac0e7ef0,,Maribou State,"Hertfordshire, England",https://en.wikipedia.org/wiki/Maribou_State,False,proposed_one_source,Hertfordshire,high,not_reviewed,,,,evidence_for_missing_claim,Hertfordshire
130,Joy Division,432R46LaYsJZV2Gmc4jUV5,Q172763,4140711,Salford,Salford,Manchester,editorial_city_cluster,https://www.wikidata.org/wiki/Q172763,9a58fda3-f4ed-4080-a3a5-f457aac9fcdd|bb4adc50-5455-45c1-8600-6fb22e202f83,Joy Division|Warsaw,Salford,https://musicbrainz.org/artist/9a58fda3-f4ed-4080-a3a5-f457aac9fcdd|https://musicbrainz.org/artist/bb4adc50-5455-45c1-8600-6fb22e202f83,True,Joy Division,"Salford, England",https://en.wikipedia.org/wiki/Joy_Division,True,corroborated_two_sources,,,not_reviewed,,,,confirmed,Salford
131,Studio Killers,7avo0PmlW8O1YLEt9DnWQT,Q860988,4136257,United Kingdom,,,unresolved_generic_or_missing,https://www.wikidata.org/wiki/Q860988,cc7d0735-ad9b-4bf9-bfb6-e7bd90945c45,Studio Killers,United Kingdom,https://musicbrainz.org/artist/cc7d0735-ad9b-4bf9-bfb6-e7bd90945c45,,Studio Killers,United Kingdom; Finland; Denmark,https://en.wikipedia.org/wiki/Studio_Killers,False,proposed_one_source,Finland,high,not_reviewed,,,,evidence_for_missing_claim,Finland
132,The Fratellis,3M4ThdJR28z9eSMcQHAZ5G,Q1127565,4131358,Glasgow,Glasgow,Glasgow,reported_place,https://www.wikidata.org/wiki/Q1127565,f4ad883e-9a92-45ed-a540-a49c2d1c36dd,The Fratellis,Glasgow,https://musicbrainz.org/artist/f4ad883e-9a92-45ed-a540-a49c2d1c36dd,True,The Fratellis,"Glasgow, Scotland",https://en.wikipedia.org/wiki/The_Fratellis,True,corroborated_two_sources,,,not_reviewed,,,,confirmed,Glasgow
133,Judas Priest,2tRsMl4eGxwoNabM08Dm4I,Q83468,4112763,Birmingham,Birmingham,Birmingham,reported_place,https://www.wikidata.org/wiki/Q83468,6b335658-22c8-485d-93de-0bc29a1d0349,Judas Priest,Birmingham,https://musicbrainz.org/artist/6b335658-22c8-485d-93de-0bc29a1d0349,True,Judas Priest,"Birmingham, England",https://en.wikipedia.org/wiki/Judas_Priest,True,corroborated_two_sources,,,not_reviewed,,,,confirmed,Birmingham
134,T. Rex,3dBVyJ7JuOMt4GE9607Qin,Q211770,4010971,London,London,London,reported_place,https://www.wikidata.org/wiki/Q211770,c842d29f-a297-48cd-bb71-4f77fd672b16,T. Rex,London,https://musicbrainz.org/artist/c842d29f-a297-48cd-bb71-4f77fd672b16,True,T. Rex (band),"London, England",https://en.wikipedia.org/wiki/T._Rex_(band),True,corroborated_two_sources,,,not_reviewed,,,,confirmed,London
135,Metronomy,54QMjE4toDfiCryzYWCpXX,Q151783,3971668,Totnes,Totnes,Totnes,reported_place,https://www.wikidata.org/wiki/Q151783,93eb7110-0bc9-4d3f-816b-4b52ef982ec8,Metronomy,Totnes,https://musicbrainz.org/artist/93eb7110-0bc9-4d3f-816b-4b52ef982ec8,True,Metronomy,"Totnes, England",https://en.wikipedia.org/wiki/Metronomy,True,corroborated_two_sources,,,not_reviewed,,,,confirmed,Totnes
136,Talk Talk,7Fo8TAyGJr4VmhE68QamMf,Q595705,3944807,London,London,London,reported_place,https://www.wikidata.org/wiki/Q595705,a74f43e4-50c4-4b19-a2ce-c05ce9bccb03,Talk Talk,London,https://musicbrainz.org/artist/a74f43e4-50c4-4b19-a2ce-c05ce9bccb03,True,Talk Talk,"London, England",https://en.wikipedia.org/wiki/Talk_Talk,True,corroborated_two_sources,,,not_reviewed,,,,confirmed,London
137,HONNE,0Vw76uk7P8yVtTClWyOhac,Q20740961,3880260,,,,unresolved_generic_or_missing,https://www.wikidata.org/wiki/Q20740961,58b599cd-b1de-45e3-863a-3b54194a0f20,HONNE,Bow,https://musicbrainz.org/artist/58b599cd-b1de-45e3-863a-3b54194a0f20,False,Honne (band),"Bow, London, England",https://en.wikipedia.org/wiki/Honne_(band),False,proposed_two_sources,Bow,high,not_reviewed,,,,evidence_for_missing_claim,Bow
138,Bananarama,3sc7iUG1Wwpwx7bHeZolgx,Q725926,3805410,London,London,London,reported_place,https://www.wikidata.org/wiki/Q725926,84d06499-0643-46b8-9e1f-45f743a53f5e,Bananarama,London,https://musicbrainz.org/artist/84d06499-0643-46b8-9e1f-45f743a53f5e,True,Bananarama,"London, England",https://en.wikipedia.org/wiki/Bananarama,True,corroborated_two_sources,,,not_reviewed,,,,confirmed,London
139,Underworld,1PXHzxRDiLnjqNrRn2Xbsa,Q849429,3783264,Romford,Cardiff,Cardiff,reviewed_override,https://www.wikidata.org/wiki/Q849429,93e3c4cf-2ca5-4e0a-8529-191d769aa563|ba2f4f3b-0293-4bc8-bb94-2f73b5207343,Lemon Interupt|Underworld,Manchester|Romford,https://musicbrainz.org/artist/93e3c4cf-2ca5-4e0a-8529-191d769aa563|https://musicbrainz.org/artist/ba2f4f3b-0293-4bc8-bb94-2f73b5207343,False,Underworld (band),"Cardiff, Wales",https://en.wikipedia.org/wiki/Underworld_(band),True,corroborated_with_source_variation,,high,corrected,Cardiff,https://www.allmusic.com/artist/underworld-mn0000807949,The group began in Cardiff; Romford was a later base and relaunch location.,corrected,Cardiff
140,Blue,2yEkZBBjhzKzt6LF5XMaFi,Q32825,3677775,London,London,London,reported_place,https://www.wikidata.org/wiki/Q32825,9c79224c-70cd-4367-8d90-35ca99401b75,Blue,London,https://musicbrainz.org/artist/9c79224c-70cd-4367-8d90-35ca99401b75,True,Blue (English group),"London, England",https://en.wikipedia.org/wiki/Blue_(English_group),True,corroborated_two_sources,,,not_reviewed,,,,confirmed,London
141,Kasabian,11wRdbnoYqRddKBrpHt4Ue,Q272517,3649101,Leicester,Leicester,Leicester,reported_place,https://www.wikidata.org/wiki/Q272517,69b39eab-6577-46a4-a9f5-817839092033,Kasabian,Leicester,https://musicbrainz.org/artist/69b39eab-6577-46a4-a9f5-817839092033,True,Kasabian,"Leicester, England",https://en.wikipedia.org/wiki/Kasabian,True,corroborated_two_sources,,,not_reviewed,,,,confirmed,Leicester
142,SAULT,1uRxRKC7d9zwYGSRflTKDR,Q104771175,3625737,,,,unresolved_generic_or_missing,https://www.wikidata.org/wiki/Q104771175,23b19bc5-813e-4456-bbae-ac3ca118f535,SAULT,,https://musicbrainz.org/artist/23b19bc5-813e-4456-bbae-ac3ca118f535,,Sault (band),England,https://en.wikipedia.org/wiki/Sault_(band),,unresolved,,medium,not_reviewed,,,,unresolved,
143,Bad Company,5AEG63ajney2BoDXi0Vb84,Q745517,3616192,Westminster,Westminster,Westminster,reported_place,https://www.wikidata.org/wiki/Q745517,0053dbd9-bfbc-4e38-9f08-66a27d914c38,Bad Company,London,https://musicbrainz.org/artist/0053dbd9-bfbc-4e38-9f08-66a27d914c38,False,Bad Company,"London, England",https://en.wikipedia.org/wiki/Bad_Company,False,conflict,,high,confirmed,Westminster,https://www.allmusic.com/artist/bad-company-mn0000075100,Westminster is the more specific formation place within London.,confirmed,Westminster
144,Madness,4AYkFtEBnNnGuoo8HaHErd,Q745741,3611935,London,London,London,reported_place,https://www.wikidata.org/wiki/Q745741,5f58803e-8c4c-478e-8b51-477f38483ede,Madness,Camden Town,https://musicbrainz.org/artist/5f58803e-8c4c-478e-8b51-477f38483ede,False,Madness (band),"Camden Town, London, England",https://en.wikipedia.org/wiki/Madness_(band),True,corroborated_with_source_variation,,high,confirmed,London,https://en.wikipedia.org/wiki/Madness_(band),Camden Town is within London; the labels are compatible.,confirmed,London
145,Rixton,0kkxsdcaWmWU2yWAqclDh4,Q16672928,3592716,Manchester,Manchester,Manchester,reported_place,https://www.wikidata.org/wiki/Q16672928,28aee606-d7a9-4b8d-b234-dd5e0d99c259|ffe42c7c-ea16-4e4c-bbcf-a97dda724879,Push Baby|Rixton,,https://musicbrainz.org/artist/28aee606-d7a9-4b8d-b234-dd5e0d99c259|https://musicbrainz.org/artist/ffe42c7c-ea16-4e4c-bbcf-a97dda724879,,Push Baby,"Manchester, England",https://en.wikipedia.org/wiki/Push_Baby,True,corroborated_one_source,,,not_reviewed,,,,confirmed,Manchester
146,Nothing But Thieves,1kDGbuxWknIKx4FlgWxiSp,Q20684996,3587725,Southend-on-Sea,Southend-on-Sea,Southend-on-Sea,reported_place,https://www.wikidata.org/wiki/Q20684996,7e2e4e3a-4e85-4d5a-b78e-5e4afd467a3e,Nothing But Thieves,Southend-on-Sea,https://musicbrainz.org/artist/7e2e4e3a-4e85-4d5a-b78e-5e4afd467a3e,True,Nothing but Thieves,"Southend-on-Sea, Essex, England",https://en.wikipedia.org/wiki/Nothing_but_Thieves,True,corroborated_two_sources,,,not_reviewed,,,,confirmed,Southend-on-Sea
147,Wet Leg,2TwOrUcYnAlIiKmVQkkoSZ,Q107475751,3584069,Q9679,Isle of Wight,Isle of Wight,reviewed_override,https://www.wikidata.org/wiki/Q107475751,90744b3e-363a-458e-8da1-e3e392a489c4,Wet Leg,Isle of Wight,https://musicbrainz.org/artist/90744b3e-363a-458e-8da1-e3e392a489c4,True,Wet Leg,"Isle of Wight, England",https://en.wikipedia.org/wiki/Wet_Leg,True,corroborated_two_sources,,,not_reviewed,,,,confirmed,Isle of Wight
148,Wolf Alice,3btzEQD6sugImIHPMRgkwV,Q8029799,3575621,London,London,London,reported_place,https://www.wikidata.org/wiki/Q8029799,3547f34a-db02-4ab7-b4a0-380e1ef951a9,Wolf Alice,London,https://musicbrainz.org/artist/3547f34a-db02-4ab7-b4a0-380e1ef951a9,True,Wolf Alice,"London, England",https://en.wikipedia.org/wiki/Wolf_Alice,True,corroborated_two_sources,,,not_reviewed,,,,confirmed,London
149,The Irrepressibles,1v5bOzXbhrQ57qSvRwGA6s,Q3020511,3531545,London,London,London,reported_place,https://www.wikidata.org/wiki/Q3020511,9777d39d-c6a7-4226-bf95-4dfa21316d64,The Irrepressibles,,https://musicbrainz.org/artist/9777d39d-c6a7-4226-bf95-4dfa21316d64,,The Irrepressibles,"Scarborough, North Yorkshire, UK",https://en.wikipedia.org/wiki/The_Irrepressibles,False,conflict,,high,confirmed,London,https://www.theguardian.com/music/2010/nov/07/irrepressibles,The first incarnation formed among Westminster University students; Scarborough is Jamie McDermott's hometown.,confirmed,London
150,Sophie and the Giants,4FrXHrpbDLNyO3pbVv8RmF,Q100595483,3507868,,,,unresolved_generic_or_missing,https://www.wikidata.org/wiki/Q100595483,7192aa79-f634-4cf6-b065-fca2d41c27c2,Sophie and the Giants,,https://musicbrainz.org/artist/7192aa79-f634-4cf6-b065-fca2d41c27c2,,Sophie and the Giants,,https://en.wikipedia.org/wiki/Sophie_and_the_Giants,,unresolved,,medium,not_reviewed,,,,unresolved,
151,The Stone Roses,1lYT0A0LV5DUfxr6doRP3d,Q29606,3488308,Manchester,Manchester,Manchester,reported_place,https://www.wikidata.org/wiki/Q29606,b5fa29f1-6c22-4321-a488-b5f363b06b06,The Stone Roses,Manchester,https://musicbrainz.org/artist/b5fa29f1-6c22-4321-a488-b5f363b06b06,True,The Stone Roses,"Manchester, England",https://en.wikipedia.org/wiki/The_Stone_Roses,True,corroborated_two_sources,,,not_reviewed,,,,confirmed,Manchester
152,The Buggles,057gc1fxmJ2vkctjQJ7Tal,Q201568,3487007,Wimbledon,Wimbledon,Wimbledon,reported_place,https://www.wikidata.org/wiki/Q201568,20278bbd-271a-4a1c-b6fd-43a13d43203d,The Buggles,Wimbledon,https://musicbrainz.org/artist/20278bbd-271a-4a1c-b6fd-43a13d43203d,True,The Buggles,"Wimbledon, London, England",https://en.wikipedia.org/wiki/The_Buggles,True,corroborated_two_sources,,,not_reviewed,,,,confirmed,Wimbledon
153,Placebo,6RZUqkomCmb8zCRqc9eznB,Q484839,3460472,London,London,London,reported_place,https://www.wikidata.org/wiki/Q484839,847e8284-8582-4b0e-9c26-b042a4f49e57,Placebo,London,https://musicbrainz.org/artist/847e8284-8582-4b0e-9c26-b042a4f49e57,True,Placebo (band),"London, England",https://en.wikipedia.org/wiki/Placebo_(band),True,corroborated_two_sources,,,not_reviewed,,,,confirmed,London
154,The Sundays,4nlqDmbzFzbNITaqjJv7D7,Q3122789,3421091,London,London,London,reported_place,https://www.wikidata.org/wiki/Q3122789,9df32318-47d5-4df7-bc68-3ed9e15eb0f6,The Sundays,London,https://musicbrainz.org/artist/9df32318-47d5-4df7-bc68-3ed9e15eb0f6,True,The Sundays,"Bristol, England",https://en.wikipedia.org/wiki/The_Sundays,False,corroborated_with_source_variation,,high,confirmed,London,https://www.encyclopedia.com/education/news-wires-white-papers-and-books/sundays,"The core members met in Bristol, but the band formed and began performing in London.",confirmed,London
155,Orchestral Manoeuvres In The Dark,7wJ9NwdRWtN92NunmXuwBk,Q956500,3287803,Meols,Meols,Meols,reported_place,https://www.wikidata.org/wiki/Q956500,6d072aa8-c851-49c5-92f9-cbca05f4bed9,Orchestral Manoeuvres in the Dark,Meols,https://musicbrainz.org/artist/6d072aa8-c851-49c5-92f9-cbca05f4bed9,True,Orchestral Manoeuvres in the Dark,"Meols, Merseyside, England",https://en.wikipedia.org/wiki/Orchestral_Manoeuvres_in_the_Dark,True,corroborated_two_sources,,,not_reviewed,,,,confirmed,Meols
156,Dead Or Alive,5WWSL6rElJeUk3Uc1S2RyD,Q368961,3275455,Liverpool,Liverpool,Liverpool,reported_place,https://www.wikidata.org/wiki/Q368961,98720123-fcec-47be-9e88-29a310fb2942,Dead or Alive,Liverpool,https://musicbrainz.org/artist/98720123-fcec-47be-9e88-29a310fb2942,True,Dead or Alive (band),"Liverpool, England",https://en.wikipedia.org/wiki/Dead_or_Alive_(band),True,corroborated_two_sources,,,not_reviewed,,,,confirmed,Liverpool
157,Groove Armada,67tgMwUfnmqzYsNAtnP6YJ,Q117522,3267951,London,London,London,reported_place,https://www.wikidata.org/wiki/Q117522,35723b60-732e-4bd8-957f-320b416e7b7f,Groove Armada,London,https://musicbrainz.org/artist/35723b60-732e-4bd8-957f-320b416e7b7f,True,Groove Armada,"London, England",https://en.wikipedia.org/wiki/Groove_Armada,True,corroborated_two_sources,,,not_reviewed,,,,confirmed,London
158,Snakehips,2FwJwEswyIUAljqgjNSHgP,Q22116844,3159265,United Kingdom,,,unresolved_generic_or_missing,https://www.wikidata.org/wiki/Q22116844,7bb5fb65-f82c-44e2-80e2-e0e49cd6ffd5,Snakehips,Sheffield,https://musicbrainz.org/artist/7bb5fb65-f82c-44e2-80e2-e0e49cd6ffd5,False,Snakehips (duo),"Sheffield, South Yorkshire, United Kingdom",https://en.wikipedia.org/wiki/Snakehips_(duo),False,proposed_two_sources,Sheffield,high,not_reviewed,,,,evidence_for_missing_claim,Sheffield
159,Generation X,1inWec2E2UgfzMAhwjgTXe,Q1157004,3158701,Chelsea,Chelsea,Chelsea,reported_place,https://www.wikidata.org/wiki/Q1157004,4c141ecd-23f9-4881-9a8c-27e7e7af708c,Generation X,Chelsea,https://musicbrainz.org/artist/4c141ecd-23f9-4881-9a8c-27e7e7af708c,True,Generation X (band),"Chelsea, London, England",https://en.wikipedia.org/wiki/Generation_X_(band),True,corroborated_two_sources,,,not_reviewed,,,,confirmed,Chelsea
160,BICEP,73A3bLnfnz5BoQjb4gNCga,Q28855240,3141387,,Belfast,Belfast,reviewed_override,https://www.wikidata.org/wiki/Q28855240,10e8f0df-90f9-4957-aedd-c4e0d187e3a8,Bicep,London,https://musicbrainz.org/artist/10e8f0df-90f9-4957-aedd-c4e0d187e3a8,False,Bicep (duo),"Belfast, Northern Ireland",https://en.wikipedia.org/wiki/Bicep_(duo),True,corroborated_with_source_variation,,high,resolved,Belfast,https://bicepmusic.com/about,The band's official biography describes the duo as Belfast-born and rooted in Belfast's club scene before becoming London-based.,resolved,Belfast
161,Yazoo,1G1mX30GpUJqOr1QU2eBSs,Q1410055,3044119,Basildon,Basildon,Basildon,reported_place,https://www.wikidata.org/wiki/Q1410055,42922db2-2e80-44b8-9cdf-0b3a6634c124,Yazoo,Basildon,https://musicbrainz.org/artist/42922db2-2e80-44b8-9cdf-0b3a6634c124,True,Yazoo (band),"Basildon, Essex, England",https://en.wikipedia.org/wiki/Yazoo_(band),True,corroborated_two_sources,,,not_reviewed,,,,confirmed,Basildon
162,Bloc Party,3MM8mtgFzaEJsqbjZBSsHJ,Q205838,3039480,London,London,London,reported_place,https://www.wikidata.org/wiki/Q205838,8c538f11-c141-4588-8ecb-931083524186,Bloc Party,Reading,https://musicbrainz.org/artist/8c538f11-c141-4588-8ecb-931083524186,False,Bloc Party,"London, England",https://en.wikipedia.org/wiki/Bloc_Party,True,corroborated_with_source_variation,,high,confirmed,London,https://en.wikipedia.org/wiki/Bloc_Party,Wikipedia supports London; Reading is a member-meeting association rather than the settled formation label.,confirmed,London
163,Gorgon City,4VNQWV2y1E97Eqo2D5UTjx,Q16839700,3028602,North London,North London,North London,reported_place,https://www.wikidata.org/wiki/Q16839700,ba8aaa28-2de4-4d5c-824e-1e9d49235c55,Gorgon City,,https://musicbrainz.org/artist/ba8aaa28-2de4-4d5c-824e-1e9d49235c55,,Gorgon City,"North London, England",https://en.wikipedia.org/wiki/Gorgon_City,True,corroborated_one_source,,,not_reviewed,,,,confirmed,North London
164,Sugababes,7rZNSLWMjTbwdLNskFbzFf,Q193697,3027300,London,London,London,reported_place,https://www.wikidata.org/wiki/Q193697,dfa715ac-b536-44df-af43-570d3ea3edec,Sugababes,London,https://musicbrainz.org/artist/dfa715ac-b536-44df-af43-570d3ea3edec,True,Sugababes,"London, England",https://en.wikipedia.org/wiki/Sugababes,True,corroborated_two_sources,,,not_reviewed,,,,confirmed,London
165,Architects,3ZztVuWxHzNpl0THurTFCv,Q620454,3025569,Brighton,Brighton,Brighton,reported_place,https://www.wikidata.org/wiki/Q620454,05dffdbe-dc6e-4c8d-a075-50a09c4cb45c,Architects,Brighton,https://musicbrainz.org/artist/05dffdbe-dc6e-4c8d-a075-50a09c4cb45c,True,Architects (British band),"Brighton, East Sussex, England",https://en.wikipedia.org/wiki/Architects_(British_band),True,corroborated_two_sources,,,not_reviewed,,,,confirmed,Brighton
166,Kaiser Chiefs,0LbLWjaweRbO4FDKYlbfNt,Q192308,2999896,Leeds,Leeds,Leeds,reported_place,https://www.wikidata.org/wiki/Q192308,90218af4-4d58-4821-8d41-2ee295ebbe21,Kaiser Chiefs,Leeds,https://musicbrainz.org/artist/90218af4-4d58-4821-8d41-2ee295ebbe21,True,Kaiser Chiefs,"Leeds, England",https://en.wikipedia.org/wiki/Kaiser_Chiefs,True,corroborated_two_sources,,,not_reviewed,,,,confirmed,Leeds
167,Third Party,2J80qXI4NHKpq5RT3xUF7V,Q30597951,2971418,,,,unresolved_generic_or_missing,https://www.wikidata.org/wiki/Q30597951,580f4a91-b75b-4e63-ae8d-38485ac1bb78,Third Party,,https://musicbrainz.org/artist/580f4a91-b75b-4e63-ae8d-38485ac1bb78,,Third Party (DJs),"London, UK",https://en.wikipedia.org/wiki/Third_Party_(DJs),False,proposed_one_source,London,high,not_reviewed,,,,evidence_for_missing_claim,London
168,Basement Jaxx,4YrKBkKSVeqDamzBPWVnSJ,Q544018,2938717,London,London,London,reported_place,https://www.wikidata.org/wiki/Q544018,28cbf94d-0700-4095-a188-37e373b069a7,Basement Jaxx,Brixton,https://musicbrainz.org/artist/28cbf94d-0700-4095-a188-37e373b069a7,False,Basement Jaxx,"London, England, United Kingdom",https://en.wikipedia.org/wiki/Basement_Jaxx,True,corroborated_with_source_variation,,high,confirmed,London,https://en.wikipedia.org/wiki/Basement_Jaxx,Brixton is within London; the labels are compatible.,confirmed,London
169,Roxy Music,3fhOTtm0LBJ3Ojn4hIljLo,Q334648,2932733,London,London,London,reported_place,https://www.wikidata.org/wiki/Q334648,331ce348-1b08-40b9-8ed7-0763b92bd003,Roxy Music,London,https://musicbrainz.org/artist/331ce348-1b08-40b9-8ed7-0763b92bd003,True,Roxy Music,"Newcastle upon Tyne/London, England",https://en.wikipedia.org/wiki/Roxy_Music,True,corroborated_two_sources,,,not_reviewed,,,,confirmed,London
170,Lighthouse Family,6edGSAX5dVpeJVwu1Q0NwJ,Q707351,2921952,Newcastle upon Tyne,Newcastle upon Tyne,Newcastle upon Tyne,reported_place,https://www.wikidata.org/wiki/Q707351,3ebe18d1-dfb6-41eb-8447-4a7693f79d9a,Lighthouse Family,Newcastle upon Tyne,https://musicbrainz.org/artist/3ebe18d1-dfb6-41eb-8447-4a7693f79d9a,True,Lighthouse Family,"Newcastle upon Tyne, England",https://en.wikipedia.org/wiki/Lighthouse_Family,True,corroborated_two_sources,,,not_reviewed,,,,confirmed,Newcastle upon Tyne
171,The Struts,3lDpdwM8KILepMHqBWUhIA,Q17587679,2895181,Derby,Derby,Derby,reported_place,https://www.wikidata.org/wiki/Q17587679,f0be891f-6114-448a-ac55-a11bb2961f78,The Struts,Derby,https://musicbrainz.org/artist/f0be891f-6114-448a-ac55-a11bb2961f78,True,The Struts,"Derby, Derbyshire, England",https://en.wikipedia.org/wiki/The_Struts,True,corroborated_two_sources,,,not_reviewed,,,,confirmed,Derby
172,The Wombats,0Ya43ZKWHTKkAbkoJJkwIB,Q1347289,2884656,Liverpool,Liverpool,Liverpool,reported_place,https://www.wikidata.org/wiki/Q1347289,e105c272-b5d7-4135-82ef-d60bded54345,The Wombats,Liverpool,https://musicbrainz.org/artist/e105c272-b5d7-4135-82ef-d60bded54345,True,The Wombats,"Liverpool, England",https://en.wikipedia.org/wiki/The_Wombats,True,corroborated_two_sources,,,not_reviewed,,,,confirmed,Liverpool
173,Travis,3bUwxJgNakzYKkqAVgZLlh,Q160103,2884486,Glasgow,Glasgow,Glasgow,reported_place,https://www.wikidata.org/wiki/Q160103,22a40b75-affc-4e69-8884-266d087e4751,Travis,Glasgow,https://musicbrainz.org/artist/22a40b75-affc-4e69-8884-266d087e4751,True,Travis (band),"Glasgow, Scotland",https://en.wikipedia.org/wiki/Travis_(band),True,corroborated_two_sources,,,not_reviewed,,,,confirmed,Glasgow
174,Mattafix,5KORW1YGiERJqfuYjXMCyz,Q21075,2878488,London,London,London,reported_place,https://www.wikidata.org/wiki/Q21075,032f633a-db44-4ab4-af09-a892de2a8773,Mattafix,London,https://musicbrainz.org/artist/032f633a-db44-4ab4-af09-a892de2a8773,True,Mattafix,"London, England",https://en.wikipedia.org/wiki/Mattafix,True,corroborated_two_sources,,,not_reviewed,,,,confirmed,London
175,Royal Blood,2S5hlvw4CMtMGswFtfdK15,Q16632343,2873864,Brighton,Worthing,Worthing,reviewed_override,https://www.wikidata.org/wiki/Q16632343,aa62b28e-b6d4-4086-91d4-e5fac1ed56f3,Royal Blood,Worthing,https://musicbrainz.org/artist/aa62b28e-b6d4-4086-91d4-e5fac1ed56f3,True,Royal Blood (band),"Worthing, England",https://en.wikipedia.org/wiki/Royal_Blood_(band),True,corroborated_two_sources,,,corrected,Worthing,https://uk.investing.com/news/general/britains-royal-blood-finds-spiritual-home-in-us-3139043,Reuters reports that the duo began in Worthing; Brighton was the later development base.,corrected,Worthing
176,Free,2e53aHBQdCMKWqHDuyJsjC,Q45650,2860415,London,London,London,reported_place,https://www.wikidata.org/wiki/Q45650,6cb5d1ca-03ce-4656-92f5-bf35f53d1582,Free,London,https://musicbrainz.org/artist/6cb5d1ca-03ce-4656-92f5-bf35f53d1582,True,Free (band),"London, England",https://en.wikipedia.org/wiki/Free_(band),True,corroborated_two_sources,,,not_reviewed,,,,confirmed,London
177,London Grammar,3Bd1cgCjtCI32PYvDC3ynO,Q14557360,2832139,Nottingham,Nottingham,Nottingham,reported_place,https://www.wikidata.org/wiki/Q14557360,4dbe08c1-b40a-43b3-ab89-210000bd8ab2,London Grammar,Nottingham,https://musicbrainz.org/artist/4dbe08c1-b40a-43b3-ab89-210000bd8ab2,True,London Grammar,"Nottingham, England",https://en.wikipedia.org/wiki/London_Grammar,True,corroborated_two_sources,,,not_reviewed,,,,confirmed,Nottingham
178,Pulp,36E7oYfz3LLRto6l2WmDcD,Q504464,2830863,Sheffield,Sheffield,Sheffield,reported_place,https://www.wikidata.org/wiki/Q504464,76b2e842-5e85-4c97-ab62-d5bc315595b5,Pulp,Sheffield,https://musicbrainz.org/artist/76b2e842-5e85-4c97-ab62-d5bc315595b5,True,Pulp (band),"Sheffield, South Yorkshire, England",https://en.wikipedia.org/wiki/Pulp_(band),True,corroborated_two_sources,,,not_reviewed,,,,confirmed,Sheffield
179,The Heavy,0bZCak2tcRMY1dzEIuwF42,Q181241,2796068,Bath,Bath,Bath,reported_place,https://www.wikidata.org/wiki/Q181241,ea99eec5-bd72-4b4f-86e4-54c5a34f7e10,The Heavy,Bath,https://musicbrainz.org/artist/ea99eec5-bd72-4b4f-86e4-54c5a34f7e10,True,The Heavy (band),"Bath, Somerset, England",https://en.wikipedia.org/wiki/The_Heavy_(band),True,corroborated_two_sources,,,not_reviewed,,,,confirmed,Bath
180,Neck Deep,2TM0qnbJH4QPhGMCdPt7fH,Q16955493,2790501,Wrexham,Wrexham,Wrexham,reported_place,https://www.wikidata.org/wiki/Q16955493,c41dd59f-d805-41df-9e0e-83ec0f9f468e,Neck Deep,Wrexham,https://musicbrainz.org/artist/c41dd59f-d805-41df-9e0e-83ec0f9f468e,True,Neck Deep,"Wrexham, Wales",https://en.wikipedia.org/wiki/Neck_Deep,True,corroborated_two_sources,,,not_reviewed,,,,confirmed,Wrexham
181,DNA,2rGm8R7YDTbqDCVlNssQyL,Q1154629,2774617,Bath,Bath,Bath,reported_place,https://www.wikidata.org/wiki/Q1154629,97cecdca-af46-4344-9677-ed80bfe43b66,DNA,Bath,https://musicbrainz.org/artist/97cecdca-af46-4344-9677-ed80bfe43b66,True,DNA (duo),"Bath, Somerset, England",https://en.wikipedia.org/wiki/DNA_(duo),True,corroborated_two_sources,,,not_reviewed,,,,confirmed,Bath
182,Frankie Goes To Hollywood,1mZu3rO7qSD09GdDpePHhY,Q73597,2758706,Liverpool,Liverpool,Liverpool,reported_place,https://www.wikidata.org/wiki/Q73597,c09c8263-40ef-4352-8031-e438b1ce68fc,Frankie Goes to Hollywood,Liverpool,https://musicbrainz.org/artist/c09c8263-40ef-4352-8031-e438b1ce68fc,True,Frankie Goes to Hollywood,"Liverpool, England",https://en.wikipedia.org/wiki/Frankie_Goes_to_Hollywood,True,corroborated_two_sources,,,not_reviewed,,,,confirmed,Liverpool
183,Atomic Kitten,6JMHws5haIO6V35YNYDnDw,Q208392,2751716,Liverpool,Liverpool,Liverpool,reported_place,https://www.wikidata.org/wiki/Q208392,6fda00c2-449a-4bf4-838f-038d41a07c73,Atomic Kitten,Liverpool,https://musicbrainz.org/artist/6fda00c2-449a-4bf4-838f-038d41a07c73,True,Atomic Kitten,"Liverpool, England",https://en.wikipedia.org/wiki/Atomic_Kitten,True,corroborated_two_sources,,,not_reviewed,,,,confirmed,Liverpool
184,Faces,3v4feUQnU3VEUqFrjmtekL,Q1136388,2718313,England,,,unresolved_generic_or_missing,https://www.wikidata.org/wiki/Q1136388,8c7a8406-f15a-408d-b0f6-23be813bdddc,Faces,London,https://musicbrainz.org/artist/8c7a8406-f15a-408d-b0f6-23be813bdddc,False,Faces (band),"London, England",https://en.wikipedia.org/wiki/Faces_(band),False,proposed_two_sources,London,high,not_reviewed,,,,evidence_for_missing_claim,London
185,Asia,1bdytLV3FPjyhfrb6BhMej,Q726891,2716602,England,,,unresolved_generic_or_missing,https://www.wikidata.org/wiki/Q726891,8f695099-c714-4ad0-8888-36eca37fee84,Asia,London,https://musicbrainz.org/artist/8f695099-c714-4ad0-8888-36eca37fee84,False,Asia (band),"London, England",https://en.wikipedia.org/wiki/Asia_(band),False,proposed_two_sources,London,high,not_reviewed,,,,evidence_for_missing_claim,London
186,The Waterboys,5TnuP42pw475UrjjeabtwZ,Q1422720,2670888,United Kingdom,London,London,reviewed_override,https://www.wikidata.org/wiki/Q1422720,21666405-49f8-44f6-94bb-e064f202f7ba,The Waterboys,Edinburgh,https://musicbrainz.org/artist/21666405-49f8-44f6-94bb-e064f202f7ba,False,The Waterboys,"London, England, United Kingdom",https://en.wikipedia.org/wiki/The_Waterboys,True,corroborated_with_source_variation,,high,resolved,London,https://www.universalmusic.fr/artistes/20000160599,"Mike Scott is from Edinburgh, but the band was formed in London.",resolved,London
187,S Club,0HNGrIbq1ZNO2mTp3tMW4L,Q500759,2628603,London,London,London,reported_place,https://www.wikidata.org/wiki/Q500759,c4901095-0bc2-4cea-a8d3-e76de3cc325e,S Club,London,https://musicbrainz.org/artist/c4901095-0bc2-4cea-a8d3-e76de3cc325e,True,S Club,"London, England",https://en.wikipedia.org/wiki/S_Club,True,corroborated_two_sources,,,not_reviewed,,,,confirmed,London
188,Still Corners,4zKYrXs8iN4AeHmO8ZxNqp,Q7617018,2608941,London,London,London,reported_place,https://www.wikidata.org/wiki/Q7617018,ea5493df-b8d9-4c89-bd5b-6c4aeba7a0ac,Still Corners,London,https://musicbrainz.org/artist/ea5493df-b8d9-4c89-bd5b-6c4aeba7a0ac,True,Still Corners,London,https://en.wikipedia.org/wiki/Still_Corners,True,corroborated_two_sources,,,not_reviewed,,,,confirmed,London
189,Asking Alexandria,1caBfBEapzw8z2Qz9q0OaQ,Q731642,2592556,York,York,York,reported_place,https://www.wikidata.org/wiki/Q731642,9d2fde91-4633-430d-87f0-2b9bbb7fa451,Asking Alexandria,Dubai,https://musicbrainz.org/artist/9d2fde91-4633-430d-87f0-2b9bbb7fa451,False,Asking Alexandria,"York, North Yorkshire, England",https://en.wikipedia.org/wiki/Asking_Alexandria,True,corroborated_with_source_variation,,high,contested,York,https://en.wikipedia.org/wiki/Asking_Alexandria,The name began with Ben Bruce's Dubai project and was reused for the enduring York-based lineup; retain York with a contest flag.,contested,York
190,Mike + The Mechanics,2yTUYhIf8fxptTIy3KLuJD,Q653632,2591206,Dover,Dover,Dover,reported_place,https://www.wikidata.org/wiki/Q653632,a04e09c8-733c-4430-9e22-99ef9dd5e2d7,Mike + the Mechanics,Dover,https://musicbrainz.org/artist/a04e09c8-733c-4430-9e22-99ef9dd5e2d7,True,Mike and the Mechanics,"Dover, Kent, England",https://en.wikipedia.org/wiki/Mike_and_the_Mechanics,True,corroborated_two_sources,,,not_reviewed,,,,confirmed,Dover
191,All Saints,5TDVKqW9uhqGjwwwKGuma4,Q165386,2567281,London,London,London,reported_place,https://www.wikidata.org/wiki/Q165386,a371601f-c184-4683-806d-2eb35e88f0d7,All Saints,London,https://musicbrainz.org/artist/a371601f-c184-4683-806d-2eb35e88f0d7,True,All Saints (group),"London, England",https://en.wikipedia.org/wiki/All_Saints_(group),True,corroborated_two_sources,,,not_reviewed,,,,confirmed,London
192,Sigma,01pKrlgPJhm5dB4lneYAqS,Q16333772,2550591,University of Leeds,Leeds,Leeds,reviewed_override,https://www.wikidata.org/wiki/Q16333772,89ec6f82-1ad7-42d5-983e-ebf90f6868c8,Sigma,Leeds,https://musicbrainz.org/artist/89ec6f82-1ad7-42d5-983e-ebf90f6868c8,True,Sigma (DJs),"Harpenden, England",https://en.wikipedia.org/wiki/Sigma_(DJs),False,corroborated_with_source_variation,,high,corrected,Leeds,https://en.wikipedia.org/wiki/Sigma_(DJs),"University of Leeds is an institution, not a place label; the duo formed while studying in Leeds.",corrected,Leeds
193,Mungo Jerry,2mbvqMGpwLsakeH45p1Jrb,Q1427200,2528248,Ashford,Ashford,Ashford,reported_place,https://www.wikidata.org/wiki/Q1427200,d99a6247-94ab-4685-87df-572ba6ef44b7,Mungo Jerry,Ashford,https://musicbrainz.org/artist/d99a6247-94ab-4685-87df-572ba6ef44b7,True,Mungo Jerry,"Ashford, Middlesex, England",https://en.wikipedia.org/wiki/Mungo_Jerry,True,corroborated_two_sources,,,not_reviewed,,,,confirmed,Ashford
194,Moloko,4aaBjq7VqqQvpSF69GglvO,Q1121732,2507932,Sheffield,Sheffield,Sheffield,reported_place,https://www.wikidata.org/wiki/Q1121732,2f94016a-3880-4d8c-9af9-0e197ee77189,Moloko,Sheffield,https://musicbrainz.org/artist/2f94016a-3880-4d8c-9af9-0e197ee77189,True,Moloko,"Sheffield, England",https://en.wikipedia.org/wiki/Moloko,True,corroborated_two_sources,,,not_reviewed,,,,confirmed,Sheffield
195,Status Quo,4gIdjgLlvgEOz7MexDZzpM,Q322265,2503249,London,London,London,reported_place,https://www.wikidata.org/wiki/Q322265,14cbab34-00dc-4c3b-97f1-71ef21618735|1884ed9c-6fe1-468d-a7f8-8d19c9c4e441,Status Quo|The Spectres,London,https://musicbrainz.org/artist/14cbab34-00dc-4c3b-97f1-71ef21618735|https://musicbrainz.org/artist/1884ed9c-6fe1-468d-a7f8-8d19c9c4e441,True,Status Quo (band),"London, England",https://en.wikipedia.org/wiki/Status_Quo_(band),True,corroborated_two_sources,,,not_reviewed,,,,confirmed,London
196,The Darkness,5r1bdqzhgRoHC3YcCV6N5a,Q421794,2453090,Lowestoft,Lowestoft,Lowestoft,reported_place,https://www.wikidata.org/wiki/Q421794,81df2271-03a1-46a3-bb30-cce187235312,The Darkness,Lowestoft,https://musicbrainz.org/artist/81df2271-03a1-46a3-bb30-cce187235312,True,The Darkness (band),"Lowestoft, Suffolk, England",https://en.wikipedia.org/wiki/The_Darkness_(band),True,corroborated_two_sources,,,not_reviewed,,,,confirmed,Lowestoft
197,Texas,5JsdVATHNPE0XdMFMRoSuf,Q916484,2420479,Glasgow,Glasgow,Glasgow,reported_place,https://www.wikidata.org/wiki/Q916484,7289d10d-d8d2-41ff-8308-c56ec9346e07,Texas,Glasgow,https://musicbrainz.org/artist/7289d10d-d8d2-41ff-8308-c56ec9346e07,True,Texas (band),"Glasgow, Scotland",https://en.wikipedia.org/wiki/Texas_(band),True,corroborated_two_sources,,,not_reviewed,,,,confirmed,Glasgow
198,Edison Lighthouse,1NRzxuPpdGushT8YmF5NAa,Q1116554,2393214,London,London,London,reported_place,https://www.wikidata.org/wiki/Q1116554,5528ebce-9a4e-4e16-8e75-211e475928d6,Edison Lighthouse,,https://musicbrainz.org/artist/5528ebce-9a4e-4e16-8e75-211e475928d6,,Edison Lighthouse,"London, England",https://en.wikipedia.org/wiki/Edison_Lighthouse,True,corroborated_one_source,,,not_reviewed,,,,confirmed,London
199,Wang Chung,6Zh3xrWlA0SA9Fsfj9AVwm,Q2030370,2358411,London,London,London,reported_place,https://www.wikidata.org/wiki/Q2030370,47c8a452-4efb-45b4-a0d3-df506dbe42b2,Wang Chung,London,https://musicbrainz.org/artist/47c8a452-4efb-45b4-a0d3-df506dbe42b2,True,Wang Chung (band),"London, England",https://en.wikipedia.org/wiki/Wang_Chung_(band),True,corroborated_two_sources,,,not_reviewed,,,,confirmed,London
200,The Cult,49DW3KvkyjHO35mK1JnSyS,Q887376,2277310,Q22905,Bradford,Bradford,reviewed_override,https://www.wikidata.org/wiki/Q887376,8846e4ff-0c19-4af2-872b-7a8dc7497f68,The Cult,London,https://musicbrainz.org/artist/8846e4ff-0c19-4af2-872b-7a8dc7497f68,False,The Cult,"Bradford, England",https://en.wikipedia.org/wiki/The_Cult,True,corroborated_with_source_variation,,high,confirmed,Bradford,https://en.wikipedia.org/wiki/The_Cult,Wikipedia supports Bradford; MusicBrainz's London label reflects the later base.,confirmed,Bradford
201,Rainbow,6SLAMfhOi7UJI0fMztaK0m,Q16005,2270623,Hertford,Hertford,Hertford,reported_place,https://www.wikidata.org/wiki/Q16005,e3cb4543-210f-499a-b0d1-3882c312dfb9,Rainbow,California,https://musicbrainz.org/artist/e3cb4543-210f-499a-b0d1-3882c312dfb9,False,Rainbow (rock band),"Hertford, Hertfordshire, England",https://en.wikipedia.org/wiki/Rainbow_(rock_band),True,corroborated_with_source_variation,,medium,confirmed,Hertford,https://en.wikipedia.org/wiki/Rainbow_(rock_band),Wikipedia supports Hertford; MusicBrainz's California label is not the formation place.,confirmed,Hertford
202,Sohodolls,1KNXft7nnRQj82sENi7WGN,Q527586,2252106,London,London,London,reported_place,https://www.wikidata.org/wiki/Q527586,31f3679c-fbed-424b-a611-65a73912928c,Sohodolls,London,https://musicbrainz.org/artist/31f3679c-fbed-424b-a611-65a73912928c,True,Sohodolls,"London, England",https://en.wikipedia.org/wiki/Sohodolls,True,corroborated_two_sources,,,not_reviewed,,,,confirmed,London
203,Echo & the Bunnymen,0fgYKF9Avljex0L9Wt5b8Z,Q925641,2210172,Liverpool,Liverpool,Liverpool,reported_place,https://www.wikidata.org/wiki/Q925641,ccd4879c-5e88-4385-b131-bf65296bf245,Echo & the Bunnymen,Liverpool,https://musicbrainz.org/artist/ccd4879c-5e88-4385-b131-bf65296bf245,True,Echo & the Bunnymen,"Liverpool, England",https://en.wikipedia.org/wiki/Echo_%26_the_Bunnymen,True,corroborated_two_sources,,,not_reviewed,,,,confirmed,Liverpool
204,James,0qLNsNKm8bQcMoRFkR8Hmh,Q1277864,2205349,Manchester|Whalley Range,,,unresolved_multiple_places,https://www.wikidata.org/wiki/Q1277864,a2accb58-6099-4cb5-a3c8-f6332f364db5,James,Manchester,https://musicbrainz.org/artist/a2accb58-6099-4cb5-a3c8-f6332f364db5,False,James (band),"Whalley Range, Manchester, England",https://en.wikipedia.org/wiki/James_(band),False,proposed_two_sources,Manchester,medium,not_reviewed,,,,evidence_for_missing_claim,Manchester
205,The Shapeshifters,60FV7KyxIH9FH1uq7u8inP,Q664467,2179710,London,London,London,reported_place,https://www.wikidata.org/wiki/Q664467,f43b00ef-66cd-4c60-9c81-2c55236b5006,The Shapeshifters,London,https://musicbrainz.org/artist/f43b00ef-66cd-4c60-9c81-2c55236b5006,True,The Shapeshifters,"London, United Kingdom",https://en.wikipedia.org/wiki/The_Shapeshifters,True,corroborated_two_sources,,,not_reviewed,,,,confirmed,London
206,Amber Run,0MmnmsAuQKRFpo6vJElcaU,Q16821378,2165390,,,,unresolved_generic_or_missing,https://www.wikidata.org/wiki/Q16821378,0070ca77-26e8-4ce2-a28a-d1b76ec15485,Amber Run,Nottingham,https://musicbrainz.org/artist/0070ca77-26e8-4ce2-a28a-d1b76ec15485,False,Amber Run,"Nottingham, England",https://en.wikipedia.org/wiki/Amber_Run,False,proposed_two_sources,Nottingham,medium,not_reviewed,,,,evidence_for_missing_claim,Nottingham
207,Catfish and the Bottlemen,2xaAOVImG2O6lURwqperlD,Q16825909,2164420,Q996492|Wales,,,unresolved_multiple_places,https://www.wikidata.org/wiki/Q16825909,7ed36954-f027-43df-b353-c7239f4faa27,Catfish and the Bottlemen,,https://musicbrainz.org/artist/7ed36954-f027-43df-b353-c7239f4faa27,,Catfish and the Bottlemen,"Llandudno, Conwy, Wales",https://en.wikipedia.org/wiki/Catfish_and_the_Bottlemen,False,proposed_one_source,Llandudno,medium,not_reviewed,,,,evidence_for_missing_claim,Llandudno
208,Above & Beyond,10gzBoINW3cLJfZUka8Zoe,Q323187,2160062,London,London,London,reported_place,https://www.wikidata.org/wiki/Q323187,370bd5a3-4abf-4356-8576-3a8fc0c11d65,Above & Beyond,United Kingdom,https://musicbrainz.org/artist/370bd5a3-4abf-4356-8576-3a8fc0c11d65,,Above & Beyond (band),"London, England, UK",https://en.wikipedia.org/wiki/Above_%26_Beyond_(band),True,corroborated_one_source,,,not_reviewed,,,,confirmed,London
209,Daughter,46CitWgnWrvF9t70C2p1Me,Q5227901,2134237,London,London,London,reported_place,https://www.wikidata.org/wiki/Q5227901,a1ced3e5-476c-4046-bd74-d428f419989b,Daughter,London,https://musicbrainz.org/artist/a1ced3e5-476c-4046-bd74-d428f419989b,True,Daughter (band),"London, England",https://en.wikipedia.org/wiki/Daughter_(band),True,corroborated_two_sources,,,not_reviewed,,,,confirmed,London
210,The Moody Blues,5BcZ22XONcRoLhTbZRuME1,Q211965,2129836,Birmingham,Birmingham,Birmingham,reported_place,https://www.wikidata.org/wiki/Q211965,774666d2-2064-4d6c-856c-f8cda0aaf9f0,The Moody Blues,Birmingham,https://musicbrainz.org/artist/774666d2-2064-4d6c-856c-f8cda0aaf9f0,True,The Moody Blues,"Birmingham, England",https://en.wikipedia.org/wiki/The_Moody_Blues,True,corroborated_two_sources,,,not_reviewed,,,,confirmed,Birmingham
211,Sweet,3JaAGmSTpJK35DqWrDUzBz,Q487919,2128725,London,London,London,reported_place,https://www.wikidata.org/wiki/Q487919,dc73bb40-b697-4df9-a2ec-0555bebdba75,Sweet,Harefield,https://musicbrainz.org/artist/dc73bb40-b697-4df9-a2ec-0555bebdba75,False,The Sweet,"London, England",https://en.wikipedia.org/wiki/The_Sweet,True,corroborated_with_source_variation,,medium,not_reviewed,,,,source_variation,London
212,Ten Years After,7nkLRaWHImCvWGHdNGnhVE,Q630808,2124380,Nottingham,Nottingham,Nottingham,reported_place,https://www.wikidata.org/wiki/Q630808,73faa89a-ee00-4e40-b68e-80e4891dbc45,Ten Years After,London,https://musicbrainz.org/artist/73faa89a-ee00-4e40-b68e-80e4891dbc45,False,Ten Years After,"Nottingham, England",https://en.wikipedia.org/wiki/Ten_Years_After,True,corroborated_with_source_variation,,medium,not_reviewed,,,,source_variation,Nottingham
213,Level 42,0L9xkvBPcEp1nrhDrodxc5,Q123025,2112387,Q9679,Isle of Wight,Isle of Wight,reviewed_override,https://www.wikidata.org/wiki/Q123025,d69ee229-2f36-494c-b104-9ae0d8be506b,Level 42,Isle of Wight,https://musicbrainz.org/artist/d69ee229-2f36-494c-b104-9ae0d8be506b,True,Level 42,"Isle of Wight, England",https://en.wikipedia.org/wiki/Level_42,True,corroborated_two_sources,,,not_reviewed,,,,confirmed,Isle of Wight
214,Foghat,6x33CmZWo2Ve4hxYl2Craq,Q114651,2100357,,,,unresolved_generic_or_missing,https://www.wikidata.org/wiki/Q114651,3cc3942d-bbfc-446d-a8f4-f0e1e238ca86,Foghat,London,https://musicbrainz.org/artist/3cc3942d-bbfc-446d-a8f4-f0e1e238ca86,False,Foghat,"London, England",https://en.wikipedia.org/wiki/Foghat,False,proposed_two_sources,London,medium,not_reviewed,,,,evidence_for_missing_claim,London
215,Morcheeba,6bWxFw65IEJzBYjx3SxUXd,Q749019,2099112,London,London,London,reported_place,https://www.wikidata.org/wiki/Q749019,067102ea-9519-4622-9077-57ca4164cfbb,Morcheeba,London,https://musicbrainz.org/artist/067102ea-9519-4622-9077-57ca4164cfbb,True,Morcheeba,"Folkestone, Kent, England",https://en.wikipedia.org/wiki/Morcheeba,False,corroborated_with_source_variation,,medium,not_reviewed,,,,source_variation,London
216,Soul II Soul,2sIx6SmAMw9IBySG3Uj0jf,Q977786,2087009,,,,unresolved_generic_or_missing,https://www.wikidata.org/wiki/Q977786,9350241a-d698-4489-92bf-41794f383ff3,Soul II Soul,London,https://musicbrainz.org/artist/9350241a-d698-4489-92bf-41794f383ff3,False,Soul II Soul,"London, England",https://en.wikipedia.org/wiki/Soul_II_Soul,False,proposed_two_sources,London,medium,not_reviewed,,,,evidence_for_missing_claim,London
217,Thompson Twins,5jVeqi3PNaTOajfvBa4uFn,Q1500069,2069490,Sheffield,Sheffield,Sheffield,reported_place,https://www.wikidata.org/wiki/Q1500069,228af6b5-f691-4ed2-a63b-10cc6fcc1144,Thompson Twins,Sheffield,https://musicbrainz.org/artist/228af6b5-f691-4ed2-a63b-10cc6fcc1144,True,Thompson Twins,"Sheffield, South Yorkshire, England",https://en.wikipedia.org/wiki/Thompson_Twins,True,corroborated_two_sources,,,not_reviewed,,,,confirmed,Sheffield
218,Wet Wet Wet,2u0gw0uCWBMiqV7h0N8kai,Q49871,2057236,Clydebank,Clydebank,Clydebank,reported_place,https://www.wikidata.org/wiki/Q49871,45bbfc68-2523-49e4-96f7-d7d1c3d41aac,Wet Wet Wet,Clydebank,https://musicbrainz.org/artist/45bbfc68-2523-49e4-96f7-d7d1c3d41aac,True,Wet Wet Wet,"Clydebank, Dunbartonshire, Scotland",https://en.wikipedia.org/wiki/Wet_Wet_Wet,True,corroborated_two_sources,,,not_reviewed,,,,confirmed,Clydebank
219,Loathe,4G9wSdX0klmoHfjm9i6DLd,Q30610109,1996442,Liverpool,Liverpool,Liverpool,reported_place,https://www.wikidata.org/wiki/Q30610109,56eb02c4-1f16-4613-8bb3-b4a752283fc3,Loathe,Liverpool,https://musicbrainz.org/artist/56eb02c4-1f16-4613-8bb3-b4a752283fc3,True,Loathe (band),"Liverpool, Merseyside, England",https://en.wikipedia.org/wiki/Loathe_(band),True,corroborated_two_sources,,,not_reviewed,,,,confirmed,Liverpool
220,Steel Pulse,6UL7BodGc5iVmQGlMwHR0g,Q1542680,1883347,Birmingham,Birmingham,Birmingham,reported_place,https://www.wikidata.org/wiki/Q1542680,37367b2f-69e4-4df2-9e64-75ca6204764b,Steel Pulse,Handsworth,https://musicbrainz.org/artist/37367b2f-69e4-4df2-9e64-75ca6204764b,False,Steel Pulse,"Birmingham, England",https://en.wikipedia.org/wiki/Steel_Pulse,True,corroborated_with_source_variation,,medium,not_reviewed,,,,source_variation,Birmingham
221,The Psychedelic Furs,0O0lrN34wrcuBenkqlEDZe,Q276463,1846381,London,London,London,reported_place,https://www.wikidata.org/wiki/Q276463,9f930ddf-be2f-4de5-a39f-7ae47305752e,The Psychedelic Furs,London,https://musicbrainz.org/artist/9f930ddf-be2f-4de5-a39f-7ae47305752e,True,The Psychedelic Furs,"London, England United Kingdom",https://en.wikipedia.org/wiki/The_Psychedelic_Furs,True,corroborated_two_sources,,,not_reviewed,,,,confirmed,London
222,Siouxsie and the Banshees,1n65zfwYIj5kKEtNgxUlWb,Q323834,1823237,London,London,London,reported_place,https://www.wikidata.org/wiki/Q323834,78ea5ea1-3c4d-4b7e-ac5d-68900319ebe2,Siouxsie and the Banshees,London,https://musicbrainz.org/artist/78ea5ea1-3c4d-4b7e-ac5d-68900319ebe2,True,Siouxsie and the Banshees,"London, England",https://en.wikipedia.org/wiki/Siouxsie_and_the_Banshees,True,corroborated_two_sources,,,not_reviewed,,,,confirmed,London
223,DragonForce,2pH3wEn4eYlMMIIQyKPbVR,Q212715,1802181,London,London,London,reported_place,https://www.wikidata.org/wiki/Q212715,ef58d4c9-0d40-42ba-bfab-9186c1483edd,DragonForce,London,https://musicbrainz.org/artist/ef58d4c9-0d40-42ba-bfab-9186c1483edd,True,DragonForce,"London, England",https://en.wikipedia.org/wiki/DragonForce,True,corroborated_two_sources,,,not_reviewed,,,,confirmed,London
224,Noel Gallagher's High Flying Birds,7sjttK1WcZeyLPn3IsQ62L,Q194227,1799845,Manchester,Manchester,Manchester,reported_place,https://www.wikidata.org/wiki/Q194227,d5f54887-117b-42a1-9aee-8780b84ebaba,Noel Gallagher’s High Flying Birds,Manchester,https://musicbrainz.org/artist/d5f54887-117b-42a1-9aee-8780b84ebaba,True,Noel Gallagher's High Flying Birds,"Manchester, England",https://en.wikipedia.org/wiki/Noel_Gallagher%27s_High_Flying_Birds,True,corroborated_two_sources,,,not_reviewed,,,,confirmed,Manchester
225,Night Tapes,5APEQlUaQ5K70LgPqAdTuU,Q122918147,1719979,,,,unresolved_generic_or_missing,https://www.wikidata.org/wiki/Q122918147,,,,,,Night Tapes,"London, England",https://en.wikipedia.org/wiki/Night_Tapes,False,proposed_one_source,London,medium,not_reviewed,,,,evidence_for_missing_claim,London
226,Zero 7,14H7ag1wpQOsPPQJOD6Dqr,Q191915,1686407,London,London,London,reported_place,https://www.wikidata.org/wiki/Q191915,c23b637b-97c6-41eb-8ef6-6c724efc80a8,Zero 7,London,https://musicbrainz.org/artist/c23b637b-97c6-41eb-8ef6-6c724efc80a8,True,Zero 7,"London, England",https://en.wikipedia.org/wiki/Zero_7,True,corroborated_two_sources,,,not_reviewed,,,,confirmed,London
227,The Streets,4GvOygVQquMaPm8oAc0vXi,Q316029,1675316,Birmingham,Birmingham,Birmingham,reported_place,https://www.wikidata.org/wiki/Q316029,6f607087-9c46-4bb2-a884-e4efc764554c,The Streets,Barnet,https://musicbrainz.org/artist/6f607087-9c46-4bb2-a884-e4efc764554c,False,The Streets,"Birmingham, West Midlands, England",https://en.wikipedia.org/wiki/The_Streets,True,corroborated_with_source_variation,,medium,not_reviewed,,,,source_variation,Birmingham
228,Starsailor,0G8zjE6SsFTlbglCkU8pm3,Q1051417,1655319,Wigan,Wigan,Manchester,editorial_city_cluster,https://www.wikidata.org/wiki/Q1051417,fbd86487-ccb5-4a57-a860-cc3d360b5115,Starsailor,Wigan,https://musicbrainz.org/artist/fbd86487-ccb5-4a57-a860-cc3d360b5115,True,Starsailor (band),"Warrington, Cheshire, England",https://en.wikipedia.org/wiki/Starsailor_(band),False,corroborated_with_source_variation,,medium,not_reviewed,,,,source_variation,Wigan
229,Black Box Recorder,6Hd3xhv1sj3rlojjvGLkGR,Q442456,1619909,London,London,London,reported_place,https://www.wikidata.org/wiki/Q442456,49302df8-9e4f-42ed-8a9c-5d6f8d6cb83c,Black Box Recorder,London,https://musicbrainz.org/artist/49302df8-9e4f-42ed-8a9c-5d6f8d6cb83c,True,Black Box Recorder,"London, England",https://en.wikipedia.org/wiki/Black_Box_Recorder,True,corroborated_two_sources,,,not_reviewed,,,,confirmed,London
230,Smokie,5rIqOJspxDq89aBBCUda1X,Q815849,1611813,Q22905,Bradford,Bradford,reviewed_override,https://www.wikidata.org/wiki/Q815849,165e2705-abf7-4f1b-8971-4ceed8769c4d,Smokie,Bradford,https://musicbrainz.org/artist/165e2705-abf7-4f1b-8971-4ceed8769c4d,True,Smokie (band),"Bradford, Yorkshire, England",https://en.wikipedia.org/wiki/Smokie_(band),True,corroborated_two_sources,,,not_reviewed,,,,confirmed,Bradford
231,The Jam,2P560DaOMNDUACoH8ZhOCR,Q916461,1609992,Woking,Woking,Woking,reported_place,https://www.wikidata.org/wiki/Q916461,23228f18-01d5-493e-94ce-cfcde82a8db2,The Jam,Woking,https://musicbrainz.org/artist/23228f18-01d5-493e-94ce-cfcde82a8db2,True,The Jam,"Woking, Surrey, England",https://en.wikipedia.org/wiki/The_Jam,True,corroborated_two_sources,,,not_reviewed,,,,confirmed,Woking
232,Londonbeat,0gcMPgunYh4rX1UOdvZKBn,Q1869183,1590343,United States,London,London,reviewed_override,https://www.wikidata.org/wiki/Q1869183,930c86d4-1ed0-4ec0-bcf1-fea7fb7e091a,Londonbeat,London,https://musicbrainz.org/artist/930c86d4-1ed0-4ec0-bcf1-fea7fb7e091a,True,Londonbeat,"London, England",https://en.wikipedia.org/wiki/Londonbeat,True,corroborated_two_sources,,,corrected,London,https://en.wikipedia.org/wiki/Londonbeat,Both external origin sources identify London.,corrected,London
233,Jethro Tull,6w6z8m4WXX7Tub4Rb6Lu7R,Q192353,1535908,Luton,Luton,Luton,reported_place,https://www.wikidata.org/wiki/Q192353,ece57992-dc2e-4f67-a269-fa43626c1a3d,Jethro Tull,Luton,https://musicbrainz.org/artist/ece57992-dc2e-4f67-a269-fa43626c1a3d,True,Jethro Tull (band),"Blackpool, Lancashire, England",https://en.wikipedia.org/wiki/Jethro_Tull_(band),False,corroborated_with_source_variation,,medium,not_reviewed,,,,source_variation,Luton
234,Saint Etienne,1N2FgBLehaq77UEdJhCt7f,Q1430158,1513825,Croydon,Croydon,Croydon,reported_place,https://www.wikidata.org/wiki/Q1430158,3997d4a6-c2bd-4191-8406-eb07f0abb5d2,Saint Etienne,Croydon,https://musicbrainz.org/artist/3997d4a6-c2bd-4191-8406-eb07f0abb5d2,True,Saint Etienne (band),"Croydon, Greater London, England",https://en.wikipedia.org/wiki/Saint_Etienne_(band),True,corroborated_two_sources,,,not_reviewed,,,,confirmed,Croydon
235,Skindred,3jTlKw98Ql1jGRPYqhqHap,Q973760,1507719,Newport,Newport,Newport,reported_place,https://www.wikidata.org/wiki/Q973760,36e371e9-e76b-4b66-b813-e1d1af6d7128,Skindred,Newport,https://musicbrainz.org/artist/36e371e9-e76b-4b66-b813-e1d1af6d7128,True,Skindred,"Newport, Wales",https://en.wikipedia.org/wiki/Skindred,True,corroborated_two_sources,,,not_reviewed,,,,confirmed,Newport
236,NERO,4uRYpUQZrNrY5t8tAv3XrD,Q1066310,1501385,London,London,London,reported_place,https://www.wikidata.org/wiki/Q1066310,bd057a0c-a7b6-47bf-8dc3-45e0efac1798,NERO,London,https://musicbrainz.org/artist/bd057a0c-a7b6-47bf-8dc3-45e0efac1798,True,Nero (band),"London, England",https://en.wikipedia.org/wiki/Nero_(band),True,corroborated_two_sources,,,not_reviewed,,,,confirmed,London
237,Manfred Mann's Earth Band,2utNxkLhreF1oIfO8kQT3q,Q1926913,1497096,London,London,London,reported_place,https://www.wikidata.org/wiki/Q1926913,83e9c775-84ea-4cf6-abdf-b9ffa8c3d060,Manfred Mann’s Earth Band,London,https://musicbrainz.org/artist/83e9c775-84ea-4cf6-abdf-b9ffa8c3d060,True,Manfred Mann's Earth Band,"London, England",https://en.wikipedia.org/wiki/Manfred_Mann%27s_Earth_Band,True,corroborated_two_sources,,,not_reviewed,,,,confirmed,London
238,Five,6rEzedK7cKWjeQWdAYvWVG,Q24791,1473171,London,London,London,reported_place,https://www.wikidata.org/wiki/Q24791,88d6db37-0d87-4e84-a949-9cf8e8879505,Five,London,https://musicbrainz.org/artist/88d6db37-0d87-4e84-a949-9cf8e8879505,True,Five (group),"London, England",https://en.wikipedia.org/wiki/Five_(group),True,corroborated_two_sources,,,not_reviewed,,,,confirmed,London
239,WSTRN,5nSAh3wlH7VaqpnkiMjzDs,Q21475095,1459546,,,,unresolved_generic_or_missing,https://www.wikidata.org/wiki/Q21475095,ca35cfb0-ca3f-4474-9b5d-949b3b5718b4,WSTRN,,https://musicbrainz.org/artist/ca35cfb0-ca3f-4474-9b5d-949b3b5718b4,,WSTRN,"West London, England",https://en.wikipedia.org/wiki/WSTRN,False,proposed_one_source,West London,medium,not_reviewed,,,,evidence_for_missing_claim,West London
240,Dario G,3Eo78i1MPfle0XVjMvia8A,Q1165942,1447823,,,,unresolved_generic_or_missing,https://www.wikidata.org/wiki/Q1165942,8b763a0b-7951-4d24-b12a-58c2ab6cce8e,Dario G,Crewe,https://musicbrainz.org/artist/8b763a0b-7951-4d24-b12a-58c2ab6cce8e,False,Dario G,"Crewe, Cheshire, England",https://en.wikipedia.org/wiki/Dario_G,False,proposed_two_sources,Crewe,medium,not_reviewed,,,,evidence_for_missing_claim,Crewe
241,The Specials,6xnvNmSzmeOE1bLKnYXKW3,Q19057,1432373,Coventry,Coventry,Coventry,reported_place,https://www.wikidata.org/wiki/Q19057,07eb40a2-2914-439c-a01d-15a685b84ddf|1672ddbe-83ca-4395-822c-1c32512bf128,The Specials,Coventry,https://musicbrainz.org/artist/07eb40a2-2914-439c-a01d-15a685b84ddf|https://musicbrainz.org/artist/1672ddbe-83ca-4395-822c-1c32512bf128,True,The Specials,"Coventry, England",https://en.wikipedia.org/wiki/The_Specials,True,corroborated_two_sources,,,not_reviewed,,,,confirmed,Coventry
242,The Real Thing,1NUD5By34MFynmuUynCfSj,Q458284,1425692,Liverpool,Liverpool,Liverpool,reported_place,https://www.wikidata.org/wiki/Q458284,71668e88-208d-410f-ac5f-7a54ebee26cf,The Real Thing,Liverpool,https://musicbrainz.org/artist/71668e88-208d-410f-ac5f-7a54ebee26cf,True,The Real Thing (British band),"Liverpool, England",https://en.wikipedia.org/wiki/The_Real_Thing_(British_band),True,corroborated_two_sources,,,not_reviewed,,,,confirmed,Liverpool
243,Sneaker Pimps,1EJWNhiYbOyeUHbsS7Kp1P,Q1754009,1412387,Hartlepool,Hartlepool,Hartlepool,reported_place,https://www.wikidata.org/wiki/Q1754009,696d8523-39a0-44e2-9add-afaa183a2f46,Sneaker Pimps,Hartlepool,https://musicbrainz.org/artist/696d8523-39a0-44e2-9add-afaa183a2f46,True,Sneaker Pimps,"Hartlepool, County Durham, England",https://en.wikipedia.org/wiki/Sneaker_Pimps,True,corroborated_two_sources,,,not_reviewed,,,,confirmed,Hartlepool
244,Johnny Hates Jazz,6zpPKMhpOoG646kJgZ7RKf,Q1294961,1399373,London,London,London,reported_place,https://www.wikidata.org/wiki/Q1294961,1cf1db8f-06bc-4c02-a608-4fc7980bbfcc,Johnny Hates Jazz,,https://musicbrainz.org/artist/1cf1db8f-06bc-4c02-a608-4fc7980bbfcc,,Johnny Hates Jazz,"London, England",https://en.wikipedia.org/wiki/Johnny_Hates_Jazz,True,corroborated_one_source,,,not_reviewed,,,,confirmed,London
245,Procol Harum,0GbqW5TJr7n4is453VOY4C,Q214486,1385101,Southend-on-Sea,Southend-on-Sea,Southend-on-Sea,reported_place,https://www.wikidata.org/wiki/Q214486,44119570-4d53-46e7-a447-bd18608c28d8,Procol Harum,Southend-on-Sea,https://musicbrainz.org/artist/44119570-4d53-46e7-a447-bd18608c28d8,True,Procol Harum,"Southend-on-Sea, Essex, England",https://en.wikipedia.org/wiki/Procol_Harum,True,corroborated_two_sources,,,not_reviewed,,,,confirmed,Southend-on-Sea
246,Marillion,7ai5TWiOG8g9Hds5AATS28,Q678410,1370532,Aylesbury,Aylesbury,Aylesbury,reported_place,https://www.wikidata.org/wiki/Q678410,1932f5b6-0b7b-4050-b1df-833ca89e5f44,Marillion,Aylesbury,https://musicbrainz.org/artist/1932f5b6-0b7b-4050-b1df-833ca89e5f44,True,Marillion,"Aylesbury, Buckinghamshire, England",https://en.wikipedia.org/wiki/Marillion,True,corroborated_two_sources,,,not_reviewed,,,,confirmed,Aylesbury
247,Krept & Konan,31lnFZEM6ysvjOx59VyxRE,Q15637787,1367407,South London,South London,South London,reported_place,https://www.wikidata.org/wiki/Q15637787,ea2bfdf6-f9cb-45a7-8cfe-3b16f1809bb2,Krept & Konan,,https://musicbrainz.org/artist/ea2bfdf6-f9cb-45a7-8cfe-3b16f1809bb2,,Krept and Konan,"South London, England",https://en.wikipedia.org/wiki/Krept_and_Konan,True,corroborated_one_source,,,not_reviewed,,,,confirmed,South London
248,EMF,39oSLGo3HkaeYXzUEGgAGQ,Q503037,1351005,Cinderford,Cinderford,Cinderford,reported_place,https://www.wikidata.org/wiki/Q503037,26f94a6a-d60a-4bcc-a130-ce0e77122bd7,EMF,Cinderford,https://musicbrainz.org/artist/26f94a6a-d60a-4bcc-a130-ce0e77122bd7,True,EMF (band),"Cinderford, Gloucestershire, England",https://en.wikipedia.org/wiki/EMF_(band),True,corroborated_two_sources,,,not_reviewed,,,,confirmed,Cinderford
249,Biffy Clyro,1km0R7wy712AzLkA1WjKET,Q858365,1330864,Kilmarnock,Kilmarnock,Kilmarnock,reported_place,https://www.wikidata.org/wiki/Q858365,892500b7-09a6-4049-ba92-2d192dd70563,Biffy Clyro,Kilmarnock,https://musicbrainz.org/artist/892500b7-09a6-4049-ba92-2d192dd70563,True,Biffy Clyro,"Kilmarnock, Scotland",https://en.wikipedia.org/wiki/Biffy_Clyro,True,corroborated_two_sources,,,not_reviewed,,,,confirmed,Kilmarnock
250,Blossoms,22RISwgVJyZu9lpqAcv1F5,Q23057702,1329106,Stockport,Stockport,Manchester,editorial_city_cluster,https://www.wikidata.org/wiki/Q23057702,bdc343bd-1c45-4a5d-b956-c4429f3dbba5,Blossoms,Stockport,https://musicbrainz.org/artist/bdc343bd-1c45-4a5d-b956-c4429f3dbba5,True,Blossoms (band),"Stockport, Greater Manchester, England",https://en.wikipedia.org/wiki/Blossoms_(band),True,corroborated_two_sources,,,not_reviewed,,,,confirmed,Stockport
251,A1,5lPsVvHVDr6R5mDxRUXdOs,Q279634,1308390,London,London,London,reported_place,https://www.wikidata.org/wiki/Q279634,dfd8ee47-6169-403a-be9e-31c75293280e,A1,,https://musicbrainz.org/artist/dfd8ee47-6169-403a-be9e-31c75293280e,,A1 (group),"London, United Kingdom; Oslo, Norway",https://en.wikipedia.org/wiki/A1_(group),True,corroborated_one_source,,,not_reviewed,,,,confirmed,London
252,The Last Shadow Puppets,2Z7UcsdweVlRbAk5wH5fsf,Q862520,1305891,Sheffield,Sheffield,Sheffield,reported_place,https://www.wikidata.org/wiki/Q862520,8a3e1c4f-59a8-457a-826c-fe961419a8ae,The Last Shadow Puppets,Sheffield,https://musicbrainz.org/artist/8a3e1c4f-59a8-457a-826c-fe961419a8ae,True,The Last Shadow Puppets,England,https://en.wikipedia.org/wiki/The_Last_Shadow_Puppets,,corroborated_one_source,,,not_reviewed,,,,confirmed,Sheffield
253,Right Said Fred,15ajdFAi5bjj5pS9laBfBL,Q427469,1289669,East Grinstead,East Grinstead,East Grinstead,reported_place,https://www.wikidata.org/wiki/Q427469,dcf54a6c-e09c-4980-be77-41401898fb7b,Right Said Fred,East Grinstead,https://musicbrainz.org/artist/dcf54a6c-e09c-4980-be77-41401898fb7b,True,Right Said Fred,"East Grinstead, England",https://en.wikipedia.org/wiki/Right_Said_Fred,True,corroborated_two_sources,,,not_reviewed,,,,confirmed,East Grinstead
254,Jadu Heart,7vjRpVXoecwKTEsrb9iscj,Q110863918,1279776,,,,unresolved_generic_or_missing,https://www.wikidata.org/wiki/Q110863918,d92a459b-da7b-4ce1-8368-6bbc3deaf3af,Jadu Heart,,https://musicbrainz.org/artist/d92a459b-da7b-4ce1-8368-6bbc3deaf3af,,Jadu Heart,"London, England",https://en.wikipedia.org/wiki/Jadu_Heart,False,proposed_one_source,London,medium,not_reviewed,,,,evidence_for_missing_claim,London
255,KNEECAP,1ZVACPeq7ccGCoUXwtafUU,Q65327538,1263438,Belfast,Belfast,Belfast,reported_place,https://www.wikidata.org/wiki/Q65327538,6ac275dd-eb37-42cf-9a60-6b147320c7be,KNEECAP,Belfast,https://musicbrainz.org/artist/6ac275dd-eb37-42cf-9a60-6b147320c7be,True,Kneecap (band),"Belfast, Northern Ireland",https://en.wikipedia.org/wiki/Kneecap_(band),True,corroborated_two_sources,,,not_reviewed,,,,confirmed,Belfast
256,Editors,6e9wIFWhBPHLE9bXK8gtBI,Q570393,1241937,Birmingham|Stafford,Stafford,Stafford,reviewed_override,https://www.wikidata.org/wiki/Q570393,0efe858c-89e5-4e47-906a-356fa953fd6e,Editors,Stafford,https://musicbrainz.org/artist/0efe858c-89e5-4e47-906a-356fa953fd6e,True,Editors (band),"Moseley, Birmingham, England",https://en.wikipedia.org/wiki/Editors_(band),False,corroborated_with_source_variation,,medium,resolved,Stafford,https://www.surgemusic.com/bands/band_1021/details_Editors,The members founded the band while at university in Stafford and relocated to Birmingham after graduation.,resolved,Stafford
257,The Ting Tings,2wvUfjKGoXvcnDHq7GgMOa,Q219939,1233876,Salford,Salford,Manchester,editorial_city_cluster,https://www.wikidata.org/wiki/Q219939,e618770f-e994-41c3-856f-1eedf56b6d74,The Ting Tings,Salford,https://musicbrainz.org/artist/e618770f-e994-41c3-856f-1eedf56b6d74,True,The Ting Tings,"Salford, Greater Manchester, England",https://en.wikipedia.org/wiki/The_Ting_Tings,True,corroborated_two_sources,,,not_reviewed,,,,confirmed,Salford
258,Sex Pistols,1u7kkVrr14iBvrpYnZILJR,Q82545,1231532,London,London,London,reported_place,https://www.wikidata.org/wiki/Q82545,e5db18cb-4b1f-496d-a308-548b611090d3,Sex Pistols,London,https://musicbrainz.org/artist/e5db18cb-4b1f-496d-a308-548b611090d3,True,Sex Pistols,"London, England",https://en.wikipedia.org/wiki/Sex_Pistols,True,corroborated_two_sources,,,not_reviewed,,,,confirmed,London
259,Kero Kero Bonito,6OqhFYFJDnBBHas02HopPT,Q19370850,1201107,London,London,London,reported_place,https://www.wikidata.org/wiki/Q19370850,5e284bdc-3774-41dc-b5e2-b125d0349acf,Kero Kero Bonito,Bromley,https://musicbrainz.org/artist/5e284bdc-3774-41dc-b5e2-b125d0349acf,False,Kero Kero Bonito,"South London, England",https://en.wikipedia.org/wiki/Kero_Kero_Bonito,True,corroborated_with_source_variation,,medium,not_reviewed,,,,source_variation,London
260,Pilot,6PwcexHTG0qJWQQwp05Bpm,Q1753527,1181505,Edinburgh,Edinburgh,Edinburgh,reported_place,https://www.wikidata.org/wiki/Q1753527,3ff99b4e-3824-40d4-8acb-0147c6eae948,Pilot,Edinburgh,https://musicbrainz.org/artist/3ff99b4e-3824-40d4-8acb-0147c6eae948,True,Pilot (Scottish band),"Edinburgh, Scotland",https://en.wikipedia.org/wiki/Pilot_(Scottish_band),True,corroborated_two_sources,,,not_reviewed,,,,confirmed,Edinburgh
261,Skunk Anansie,5HlXA01kcjssYDT7EoqUJF,Q167977,1179800,London,London,London,reported_place,https://www.wikidata.org/wiki/Q167977,e212efdf-98b2-4dce-92ed-62cfc1e29854,Skunk Anansie,London,https://musicbrainz.org/artist/e212efdf-98b2-4dce-92ed-62cfc1e29854,True,Skunk Anansie,"London, England",https://en.wikipedia.org/wiki/Skunk_Anansie,True,corroborated_two_sources,,,not_reviewed,,,,confirmed,London
262,Boards of Canada,2VAvhf61GgLYmC6C8anyX1,Q722778,1177186,Edinburgh,Edinburgh,Edinburgh,reported_place,https://www.wikidata.org/wiki/Q722778,34d16621-7938-4e3e-8b05-0fcea3283c3b|3ab0c8c5-89f2-420a-a2fa-262acdd6a18c|69158f97-4c07-4c4e-baf8-4e4ab1ed666e,Boards of Canada|Hell Interface,Edinburgh,https://musicbrainz.org/artist/34d16621-7938-4e3e-8b05-0fcea3283c3b|https://musicbrainz.org/artist/3ab0c8c5-89f2-420a-a2fa-262acdd6a18c|https://musicbrainz.org/artist/69158f97-4c07-4c4e-baf8-4e4ab1ed666e,True,Boards of Canada,"Cullen, Moray, Scotland",https://en.wikipedia.org/wiki/Boards_of_Canada,False,corroborated_with_source_variation,,medium,not_reviewed,,,,source_variation,Edinburgh
263,Primal Scream,3wury2nd8idV4GecUg5xze,Q666697,1165795,Glasgow,Glasgow,Glasgow,reported_place,https://www.wikidata.org/wiki/Q666697,55704c38-224f-4b75-b29f-d43653f8bc9a,Primal Scream,Glasgow,https://musicbrainz.org/artist/55704c38-224f-4b75-b29f-d43653f8bc9a,True,Primal Scream,"Glasgow, Scotland",https://en.wikipedia.org/wiki/Primal_Scream,True,corroborated_two_sources,,,not_reviewed,,,,confirmed,Glasgow
264,Gerry & The Pacemakers,3UmBeGyNwr4iDWi1vTxWi8,Q733400,1163214,Liverpool,Liverpool,Liverpool,reported_place,https://www.wikidata.org/wiki/Q733400,fe5fb618-2f8b-4158-92b6-464f31672bca,Gerry and the Pacemakers,Liverpool,https://musicbrainz.org/artist/fe5fb618-2f8b-4158-92b6-464f31672bca,True,Gerry and the Pacemakers,"Liverpool, England",https://en.wikipedia.org/wiki/Gerry_and_the_Pacemakers,True,corroborated_two_sources,,,not_reviewed,,,,confirmed,Liverpool
265,Ultravox,3iUjRVvYCsMfz7tuAQtBDI,Q316485,1162862,London,London,London,reported_place,https://www.wikidata.org/wiki/Q316485,7e786a4c-c743-4713-9340-a6f12d8515d4,Ultravox,London,https://musicbrainz.org/artist/7e786a4c-c743-4713-9340-a6f12d8515d4,True,Ultravox,"London, England",https://en.wikipedia.org/wiki/Ultravox,True,corroborated_two_sources,,,not_reviewed,,,,confirmed,London
266,N-Trance,45InkbGypoMk5nVX6dsHkt,Q1959629,1162155,Oldham,Oldham,Oldham,reported_place,https://www.wikidata.org/wiki/Q1959629,17adce06-a815-4c5b-9be7-e6b184f92ee4,N‐Trance,,https://musicbrainz.org/artist/17adce06-a815-4c5b-9be7-e6b184f92ee4,,N-Trance,"Oldham, England",https://en.wikipedia.org/wiki/N-Trance,True,corroborated_one_source,,,not_reviewed,,,,confirmed,Oldham
267,South Arcade,3vEL65ycUboLH76pgdtqlF,Q131762147,1151351,,Guildford,Guildford,reviewed_override,https://www.wikidata.org/wiki/Q131762147,de701d16-34d0-4ffb-a64e-2f07dea8e7a3,South Arcade,Guildford,https://musicbrainz.org/artist/de701d16-34d0-4ffb-a64e-2f07dea8e7a3,True,South Arcade,"Oxford, England",https://en.wikipedia.org/wiki/South_Arcade,False,corroborated_with_source_variation,,medium,resolved,Guildford,https://www.musicradar.com/artists/i-had-to-say-no-guys-i-swear-were-a-real-band-south-arcade-on-how-they-became-the-figureheads-of-a-growing-y2k-revival,The band formed at university in Guildford and later became Oxford-based.,resolved,Guildford
268,Belle and Sebastian,4I2BJf80C0skQpp1sQmA0h,Q691568,1141204,Glasgow,Glasgow,Glasgow,reported_place,https://www.wikidata.org/wiki/Q691568,e5c7b94f-e264-473c-bb0f-37c85d4d5c70,Belle and Sebastian,Glasgow,https://musicbrainz.org/artist/e5c7b94f-e264-473c-bb0f-37c85d4d5c70,True,Belle and Sebastian,"Glasgow, Scotland",https://en.wikipedia.org/wiki/Belle_and_Sebastian,True,corroborated_two_sources,,,not_reviewed,,,,confirmed,Glasgow
269,"Emerson, Lake & Palmer",0nCiidE5GgDrc5kWN3NZgZ,Q273171,1139758,Croydon|London,London,London,reviewed_override,https://www.wikidata.org/wiki/Q273171,ad996aef-cc1c-42ac-af5c-619c370f4b8a,"Emerson, Lake & Palmer",Bournemouth,https://musicbrainz.org/artist/ad996aef-cc1c-42ac-af5c-619c370f4b8a,False,"Emerson, Lake & Palmer","London, England",https://en.wikipedia.org/wiki/Emerson%2C_Lake_%26_Palmer,True,corroborated_with_source_variation,,medium,resolved,London,"https://en.wikipedia.org/wiki/Emerson,_Lake_%26_Palmer",The trio formed in London; Bournemouth is an unsupported MusicBrainz begin-area.,resolved,London
270,Badfinger,4pJCawaKSZ40EnxN0YEYw3,Q798993,1128068,Swansea,Swansea,Swansea,reported_place,https://www.wikidata.org/wiki/Q798993,44632683-c340-44de-a65d-328212559f91,Badfinger,Swansea,https://musicbrainz.org/artist/44632683-c340-44de-a65d-328212559f91,True,Badfinger,"Swansea, Wales",https://en.wikipedia.org/wiki/Badfinger,True,corroborated_two_sources,,,not_reviewed,,,,confirmed,Swansea
271,PRESIDENT,40nPYop0FOD9Syyu5y4dAU,Q135218611,1108071,,,,unresolved_generic_or_missing,https://www.wikidata.org/wiki/Q135218611,,,,,,President (band),United Kingdom,https://en.wikipedia.org/wiki/President_(band),,unresolved,,low,not_reviewed,,,,unresolved,
272,The Spencer Davis Group,3i9hP422d2KMjaupTzBNVS,Q1049145,1087690,Birmingham,Birmingham,Birmingham,reported_place,https://www.wikidata.org/wiki/Q1049145,178fdfdf-e02e-4608-9b51-e53471e28a58,The Spencer Davis Group,Birmingham,https://musicbrainz.org/artist/178fdfdf-e02e-4608-9b51-e53471e28a58,True,The Spencer Davis Group,"Birmingham, Warwickshire, England",https://en.wikipedia.org/wiki/The_Spencer_Davis_Group,True,corroborated_two_sources,,,not_reviewed,,,,confirmed,Birmingham
273,Imagination,2CkhxuagMCG9uvlbKm5G3m,Q142904,1083676,London,London,London,reported_place,https://www.wikidata.org/wiki/Q142904,f4038a4a-77af-4363-a2a8-5d847bb7f1ba,Imagination,London,https://musicbrainz.org/artist/f4038a4a-77af-4363-a2a8-5d847bb7f1ba,True,Imagination (band),"London, England",https://en.wikipedia.org/wiki/Imagination_(band),True,corroborated_two_sources,,,not_reviewed,,,,confirmed,London
274,The Beautiful South,4fomCZiFUMX73KJ0YQ0V90,Q1757677,1074612,Kingston upon Hull,Kingston upon Hull,Kingston upon Hull,reported_place,https://www.wikidata.org/wiki/Q1757677,eec43ebc-815a-4105-b1cb-205b8f57b4fa,The Beautiful South,Kingston upon Hull,https://musicbrainz.org/artist/eec43ebc-815a-4105-b1cb-205b8f57b4fa,True,The Beautiful South,"Hull, East Riding of Yorkshire, England",https://en.wikipedia.org/wiki/The_Beautiful_South,True,corroborated_two_sources,,,not_reviewed,,,,confirmed,Kingston upon Hull
275,Spacehog,3NZE8jDD2cCzd4vUyZ5CQQ,Q339626,1073095,New York City,New York City,New York City,reported_place,https://www.wikidata.org/wiki/Q339626,e9022873-c482-46a0-bb78-33c15fc65b3b,Spacehog,New York,https://musicbrainz.org/artist/e9022873-c482-46a0-bb78-33c15fc65b3b,True,Spacehog,"New York City, United States",https://en.wikipedia.org/wiki/Spacehog,True,corroborated_two_sources,,,not_reviewed,,,,confirmed,New York City
276,Manfred Mann,5670CyWrIOA7702gNjsGMZ,Q319265,1070103,,,,unresolved_generic_or_missing,https://www.wikidata.org/wiki/Q319265,06b6f280-8787-4a3d-8ab6-c6487b465320,Manfred Mann,London,https://musicbrainz.org/artist/06b6f280-8787-4a3d-8ab6-c6487b465320,False,Manfred Mann,"London, England",https://en.wikipedia.org/wiki/Manfred_Mann,False,proposed_two_sources,London,medium,not_reviewed,,,,evidence_for_missing_claim,London
277,Caskets,2XIbOWDT5vZPW7jNyzdfcK,Q107981908,1063882,,,,unresolved_generic_or_missing,https://www.wikidata.org/wiki/Q107981908,9dd5668f-4bba-4b48-a35e-e8b13de80a8c,Caskets,,https://musicbrainz.org/artist/9dd5668f-4bba-4b48-a35e-e8b13de80a8c,,Caskets (band),"Leeds, England",https://en.wikipedia.org/wiki/Caskets_(band),False,proposed_one_source,Leeds,medium,not_reviewed,,,,evidence_for_missing_claim,Leeds
278,IDLES,75mafsNqNE1WSEVxIKuY5C,Q39070668,1060008,Bristol,Bristol,Bristol,reported_place,https://www.wikidata.org/wiki/Q39070668,be465d4f-c28d-4ba1-94ab-ebaada7db8af,IDLES,Bristol,https://musicbrainz.org/artist/be465d4f-c28d-4ba1-94ab-ebaada7db8af,True,Idles,"Bristol, England",https://en.wikipedia.org/wiki/Idles,True,corroborated_two_sources,,,not_reviewed,,,,confirmed,Bristol
279,Koven,3UCbp6D1lvILlxRJT9LnFa,Q106091172,1057644,,,,unresolved_generic_or_missing,https://www.wikidata.org/wiki/Q106091172,ad110705-cbe6-4c47-9b99-8526e6db0f41,Koven,,https://musicbrainz.org/artist/ad110705-cbe6-4c47-9b99-8526e6db0f41,,Koven (group),"London, England",https://en.wikipedia.org/wiki/Koven_(group),False,proposed_one_source,London,medium,not_reviewed,,,,evidence_for_missing_claim,London
280,Mis-Teeq,6csA2rxNLkQJXeEa7lyGXn,Q1303048,1053166,London,London,London,reported_place,https://www.wikidata.org/wiki/Q1303048,55d648e3-60d0-4fce-851d-cf6fb1c4e398,Mis-Teeq,London,https://musicbrainz.org/artist/55d648e3-60d0-4fce-851d-cf6fb1c4e398,True,Mis-Teeq,"London, England",https://en.wikipedia.org/wiki/Mis-Teeq,True,corroborated_two_sources,,,not_reviewed,,,,confirmed,London
281,UFO,2Omy3P5hFZym7FKum1JA1s,Q251657,1051240,London,London,London,reported_place,https://www.wikidata.org/wiki/Q251657,c0bf9e20-2872-4897-ad1f-0882b83272a0,UFO,Enfield,https://musicbrainz.org/artist/c0bf9e20-2872-4897-ad1f-0882b83272a0,False,UFO (band),"London, England",https://en.wikipedia.org/wiki/UFO_(band),True,corroborated_with_source_variation,,medium,not_reviewed,,,,source_variation,London
282,White Lies,6ssXMmc5EOUrauZxirM910,Q1331605,1046821,Ealing,Ealing,Ealing,reported_place,https://www.wikidata.org/wiki/Q1331605,5bdb38bd-5c5b-4d0f-8901-8bbe1d7062d8,White Lies,Ealing,https://musicbrainz.org/artist/5bdb38bd-5c5b-4d0f-8901-8bbe1d7062d8,True,White Lies (band),"Ealing, London, England",https://en.wikipedia.org/wiki/White_Lies_(band),True,corroborated_two_sources,,,not_reviewed,,,,confirmed,Ealing
283,The Vaccines,0Ak6DLKHtpR6TEEnmcorKA,Q1458872,1042137,London,London,London,reported_place,https://www.wikidata.org/wiki/Q1458872,aa76ec08-45ab-4724-9411-d80b0e59ac59,The Vaccines,London,https://musicbrainz.org/artist/aa76ec08-45ab-4724-9411-d80b0e59ac59,True,The Vaccines,"West London, England",https://en.wikipedia.org/wiki/The_Vaccines,True,corroborated_two_sources,,,not_reviewed,,,,confirmed,London
284,Modern English,0fYPQBOx0vsRMmjUba9HgF,Q1691644,1039829,Colchester,Colchester,Colchester,reported_place,https://www.wikidata.org/wiki/Q1691644,78605d0c-7454-456d-934c-51eb46122566,Modern English,Colchester,https://musicbrainz.org/artist/78605d0c-7454-456d-934c-51eb46122566,True,Modern English (band),"Colchester, Essex, England",https://en.wikipedia.org/wiki/Modern_English_(band),True,corroborated_two_sources,,,not_reviewed,,,,confirmed,Colchester
285,The Lightning Seeds,67YNiSqhrx1P8oPvIIvbP5,Q1973228,1037603,Liverpool,Liverpool,Liverpool,reported_place,https://www.wikidata.org/wiki/Q1973228,1ba601a0-3401-4b28-8ddd-9af8203661e8,The Lightning Seeds,Liverpool,https://musicbrainz.org/artist/1ba601a0-3401-4b28-8ddd-9af8203661e8,True,The Lightning Seeds,"Liverpool, England",https://en.wikipedia.org/wiki/The_Lightning_Seeds,True,corroborated_two_sources,,,not_reviewed,,,,confirmed,Liverpool
286,King Crimson,7M1FPw29m5FbicYzS2xdpi,Q189382,1036506,England,,,unresolved_generic_or_missing,https://www.wikidata.org/wiki/Q189382,b38225b8-8e5f-42aa-bcdc-7bae5b5bdab3,King Crimson,London,https://musicbrainz.org/artist/b38225b8-8e5f-42aa-bcdc-7bae5b5bdab3,False,King Crimson,"London, England",https://en.wikipedia.org/wiki/King_Crimson,False,proposed_two_sources,London,medium,not_reviewed,,,,evidence_for_missing_claim,London
287,Squeeze,6Jrj26oAY96EEC2lqC6fua,Q591279,1034511,London,London,London,reported_place,https://www.wikidata.org/wiki/Q591279,0509a681-a362-4800-9075-656041dccdbd,Squeeze,London,https://musicbrainz.org/artist/0509a681-a362-4800-9075-656041dccdbd,True,Squeeze (band),"London, England",https://en.wikipedia.org/wiki/Squeeze_(band),True,corroborated_two_sources,,,not_reviewed,,,,confirmed,London
288,ABC,2s79xe5F6eUQkjwjww27Fh,Q287078,1028147,Sheffield,Sheffield,Sheffield,reported_place,https://www.wikidata.org/wiki/Q287078,87199477-b0df-4ead-84ee-9b54b4abfc3d,ABC,Sheffield,https://musicbrainz.org/artist/87199477-b0df-4ead-84ee-9b54b4abfc3d,True,ABC (band),"Sheffield, South Yorkshire, England",https://en.wikipedia.org/wiki/ABC_(band),True,corroborated_two_sources,,,not_reviewed,,,,confirmed,Sheffield
289,Ace,6QNkSI0c63lCTNXpHDBiqP,Q339889,1026309,Sheffield,Sheffield,Sheffield,reported_place,https://www.wikidata.org/wiki/Q339889,241a85e3-da78-437e-a511-c18c14792ccc,Ace,Sheffield,https://musicbrainz.org/artist/241a85e3-da78-437e-a511-c18c14792ccc,True,Ace (band),"Sheffield, England",https://en.wikipedia.org/wiki/Ace_(band),True,corroborated_two_sources,,,not_reviewed,,,,confirmed,Sheffield
290,Busted,3Z6IRCo7umuk8K2XQy0ZDj,Q826185,1009124,Southend-on-Sea,Southend-on-Sea,Southend-on-Sea,reported_place,https://www.wikidata.org/wiki/Q826185,35b9706f-a6bb-4876-acf3-94fb82c62388,Busted,,https://musicbrainz.org/artist/35b9706f-a6bb-4876-acf3-94fb82c62388,,Busted (band),"Southend-on-Sea, Essex, England",https://en.wikipedia.org/wiki/Busted_(band),True,corroborated_one_source,,,not_reviewed,,,,confirmed,Southend-on-Sea
291,Girls Aloud,12EtLdLfJ41vUOoVzPZIUy,Q205473,996906,London,London,London,reported_place,https://www.wikidata.org/wiki/Q205473,a0b2f210-cd3a-453d-937d-e4f2658d17c7,Girls Aloud,London,https://musicbrainz.org/artist/a0b2f210-cd3a-453d-937d-e4f2658d17c7,True,Girls Aloud,"London, England",https://en.wikipedia.org/wiki/Girls_Aloud,True,corroborated_two_sources,,,not_reviewed,,,,confirmed,London
292,Bear's Den,0nJaMZM8paoA5HEUTUXPqi,Q18357134,996827,London,London,London,reported_place,https://www.wikidata.org/wiki/Q18357134,f11f6e85-a39a-4dd8-875b-cd84839ddec6,Bear’s Den,London,https://musicbrainz.org/artist/f11f6e85-a39a-4dd8-875b-cd84839ddec6,True,Bear's Den (band),"London, England",https://en.wikipedia.org/wiki/Bear%27s_Den_(band),True,corroborated_two_sources,,,not_reviewed,,,,confirmed,London
293,Noah And The Whale,0aeLcja6hKzb7Uz2ou7ulP,Q1811037,995813,London,London,London,reported_place,https://www.wikidata.org/wiki/Q1811037,917bc621-ad02-477d-9308-a0304c5f9727,Noah and the Whale,Twickenham,https://musicbrainz.org/artist/917bc621-ad02-477d-9308-a0304c5f9727,False,Noah and the Whale,"Twickenham, London, England",https://en.wikipedia.org/wiki/Noah_and_the_Whale,True,corroborated_with_source_variation,,medium,not_reviewed,,,,source_variation,London
294,Sisters of Mercy,4HxBVyHaUa60eCSsJWxwWR,Q751814,994856,Leeds,Leeds,Leeds,reported_place,https://www.wikidata.org/wiki/Q751814,553d8166-27b0-49fe-b8e4-89a984e2c375,The Sisters of Mercy,Leeds,https://musicbrainz.org/artist/553d8166-27b0-49fe-b8e4-89a984e2c375,True,The Sisters of Mercy,"Leeds, West Yorkshire, England",https://en.wikipedia.org/wiki/The_Sisters_of_Mercy,True,corroborated_two_sources,,,not_reviewed,,,,confirmed,Leeds
295,Il Divo,3KNZ9AOjBajjmr6ZR2VGfl,Q269813,977922,United Kingdom,,,unresolved_generic_or_missing,https://www.wikidata.org/wiki/Q269813,e555f0c3-0a83-4c57-8a67-e657aac27ace,Il Divo,United Kingdom,https://musicbrainz.org/artist/e555f0c3-0a83-4c57-8a67-e657aac27ace,,Il Divo,"Multi-national (tenors from France, Switzerland, Spain until 2021 and the United States)",https://en.wikipedia.org/wiki/Il_Divo,False,proposed_one_source,Multi-national (tenors from France,medium,not_reviewed,,,,evidence_for_missing_claim,Multi-national (tenors from France
296,The Jesus and Mary Chain,4rjlerN21ygkIhmUv55irs,Q1126301,975001,East Kilbride,East Kilbride,East Kilbride,reported_place,https://www.wikidata.org/wiki/Q1126301,e938a15c-b17e-4e7a-9f68-ff0d536cab44,The Jesus and Mary Chain,East Kilbride,https://musicbrainz.org/artist/e938a15c-b17e-4e7a-9f68-ff0d536cab44,True,The Jesus and Mary Chain,"East Kilbride, Lanarkshire, Scotland",https://en.wikipedia.org/wiki/The_Jesus_and_Mary_Chain,True,corroborated_two_sources,,,not_reviewed,,,,confirmed,East Kilbride
297,Bombay Bicycle Club,3pTE9iaJTkWns3mxpNQlJV,Q891829,970928,Crouch End,Crouch End,Crouch End,reported_place,https://www.wikidata.org/wiki/Q891829,0ae49abe-d6af-44fa-8ab0-b9ace5690e6f,Bombay Bicycle Club,Crouch End,https://musicbrainz.org/artist/0ae49abe-d6af-44fa-8ab0-b9ace5690e6f,True,Bombay Bicycle Club,"London, England",https://en.wikipedia.org/wiki/Bombay_Bicycle_Club,False,corroborated_with_source_variation,,medium,not_reviewed,,,,source_variation,Crouch End
298,You Me At Six,1kNQXvepPjaPgUfeDAF2h6,Q1512507,967721,Weybridge,Weybridge,Weybridge,reported_place,https://www.wikidata.org/wiki/Q1512507,fb4fc5a6-cbe1-45ff-954c-ef45faceb54d,You Me at Six,Weybridge,https://musicbrainz.org/artist/fb4fc5a6-cbe1-45ff-954c-ef45faceb54d,True,You Me at Six,"Weybridge, Surrey, England",https://en.wikipedia.org/wiki/You_Me_at_Six,True,corroborated_two_sources,,,not_reviewed,,,,confirmed,Weybridge
299,McFly,47izDDvtOxxz3FzHYuUptd,Q223768,964171,England,,,unresolved_generic_or_missing,https://www.wikidata.org/wiki/Q223768,72d3dc3f-3984-42b9-89de-42d6eeb1abf3,McFly,London,https://musicbrainz.org/artist/72d3dc3f-3984-42b9-89de-42d6eeb1abf3,False,McFly,"London, England",https://en.wikipedia.org/wiki/McFly,False,proposed_two_sources,London,medium,not_reviewed,,,,evidence_for_missing_claim,London
300,Go West,7bKupnlF7XOfR1En3K8oAL,Q1533399,925778,London,London,London,reported_place,https://www.wikidata.org/wiki/Q1533399,41ff7032-f14b-4cf8-acf3-54b545927f8d,Go West,,https://musicbrainz.org/artist/41ff7032-f14b-4cf8-acf3-54b545927f8d,,Go West (band),"London, England",https://en.wikipedia.org/wiki/Go_West_(band),True,corroborated_one_source,,,not_reviewed,,,,confirmed,London
301,Traffic,1CD77o9fbdyQFrHnUPUEsF,Q1048439,924163,Birmingham,Birmingham,Birmingham,reported_place,https://www.wikidata.org/wiki/Q1048439,9fadfba9-ecae-4383-a4d8-47b043cea19a,Traffic,Birmingham,https://musicbrainz.org/artist/9fadfba9-ecae-4383-a4d8-47b043cea19a,True,Traffic (band),"Birmingham, England",https://en.wikipedia.org/wiki/Traffic_(band),True,corroborated_two_sources,,,not_reviewed,,,,confirmed,Birmingham
302,Cornershop,3Kf7VEIRWquxrNIuyJZnfF,Q1134101,920853,Leicester,Leicester,Leicester,reported_place,https://www.wikidata.org/wiki/Q1134101,92046be7-0927-4835-a4ed-a90416747d53,Cornershop,Leicester,https://musicbrainz.org/artist/92046be7-0927-4835-a4ed-a90416747d53,True,Cornershop,"Leicester, England",https://en.wikipedia.org/wiki/Cornershop,True,corroborated_two_sources,,,not_reviewed,,,,confirmed,Leicester
303,Hot Chip,37uLId6Z5ZXCx19vuruvv5,Q877512,912686,London,London,London,reported_place,https://www.wikidata.org/wiki/Q877512,d8915e13-d67a-4aa0-9c0b-1f126af951af,Hot Chip,London,https://musicbrainz.org/artist/d8915e13-d67a-4aa0-9c0b-1f126af951af,True,Hot Chip,"London, England",https://en.wikipedia.org/wiki/Hot_Chip,True,corroborated_two_sources,,,not_reviewed,,,,confirmed,London
304,The Libertines,4fSPtBgFPZzygkY6MehwQ7,Q214350,911120,London,London,London,reported_place,https://www.wikidata.org/wiki/Q214350,82b304c0-7da4-45d3-896a-0767c7ae1141,The Libertines,London,https://musicbrainz.org/artist/82b304c0-7da4-45d3-896a-0767c7ae1141,True,The Libertines,"London, England",https://en.wikipedia.org/wiki/The_Libertines,True,corroborated_two_sources,,,not_reviewed,,,,confirmed,London
305,Heatwave,6D7h7R79IZjqJC2GM2wzyY,Q1592619,907968,London,London,London,reported_place,https://www.wikidata.org/wiki/Q1592619,ce809639-0e34-40c4-86c9-90a162cb3d46,Heatwave,,https://musicbrainz.org/artist/ce809639-0e34-40c4-86c9-90a162cb3d46,,Heatwave (band),"London, England",https://en.wikipedia.org/wiki/Heatwave_(band),True,corroborated_one_source,,,not_reviewed,,,,confirmed,London
306,Manic Street Preachers,2uH0RyPcX7fnCcT90HFDQX,Q217025,893282,Blackwood,Blackwood,Blackwood,reported_place,https://www.wikidata.org/wiki/Q217025,32efea44-6cb5-4b4f-bdaa-c8b8f6cef981,Manic Street Preachers,Blackwood,https://musicbrainz.org/artist/32efea44-6cb5-4b4f-bdaa-c8b8f6cef981,True,Manic Street Preachers,"Blackwood, Caerphilly, Wales",https://en.wikipedia.org/wiki/Manic_Street_Preachers,True,corroborated_two_sources,,,not_reviewed,,,,confirmed,Blackwood
307,Elbow,0TJB3EE2efClsYIDQ8V2Jk,Q665798,891884,Ramsbottom,Ramsbottom,Ramsbottom,reported_place,https://www.wikidata.org/wiki/Q665798,3cb3928a-526c-4a3d-93c5-53315fa9bde0,Elbow,Ramsbottom,https://musicbrainz.org/artist/3cb3928a-526c-4a3d-93c5-53315fa9bde0,True,Elbow (band),"Bury, Greater Manchester, England",https://en.wikipedia.org/wiki/Elbow_(band),False,corroborated_with_source_variation,,medium,not_reviewed,,,,source_variation,Ramsbottom
308,JADED,6tCJN1fQNdFCEaOa8Da9Wf,Q47006918,891067,,,,unresolved_generic_or_missing,https://www.wikidata.org/wiki/Q47006918,489db2b6-bbd6-4b79-8f06-d5ddec231521,Jaded,London,https://musicbrainz.org/artist/489db2b6-bbd6-4b79-8f06-d5ddec231521,False,,,,,proposed_one_source,London,medium,not_reviewed,,,,evidence_for_missing_claim,London
309,The Troggs,57xdnSVt4ahJCIXYLieQ25,Q943253,883780,Andover,Andover,Andover,reported_place,https://www.wikidata.org/wiki/Q943253,4aec87a5-f33e-4bd6-89f2-0c96188c8372,The Troggs,Hampshire,https://musicbrainz.org/artist/4aec87a5-f33e-4bd6-89f2-0c96188c8372,False,The Troggs,"Andover, Hampshire, England",https://en.wikipedia.org/wiki/The_Troggs,True,corroborated_with_source_variation,,medium,not_reviewed,,,,source_variation,Andover
310,Breathe,1MNeXu0284O7mQWgF1YRc0,Q2307431,876466,,,,unresolved_generic_or_missing,https://www.wikidata.org/wiki/Q2307431,c6ddb55a-c82c-46a8-ac07-cd77d63c5136,Breathe,,https://musicbrainz.org/artist/c6ddb55a-c82c-46a8-ac07-cd77d63c5136,,Breathe (British band),"London, England",https://en.wikipedia.org/wiki/Breathe_(British_band),False,proposed_one_source,London,medium,not_reviewed,,,,evidence_for_missing_claim,London
311,Orbital,3csPCeXsj2wezyvkRFzvmV,Q515942,874037,Sevenoaks,Sevenoaks,Sevenoaks,reported_place,https://www.wikidata.org/wiki/Q515942,f3e2a7d9-c6bb-4848-95e5-04c0a1e2f511,Orbital,Sevenoaks,https://musicbrainz.org/artist/f3e2a7d9-c6bb-4848-95e5-04c0a1e2f511,True,Orbital (band),"Otford, Kent, England, United Kingdom",https://en.wikipedia.org/wiki/Orbital_(band),False,corroborated_with_source_variation,,medium,not_reviewed,,,,source_variation,Sevenoaks
312,Goldfrapp,5BKsn7SCN2XmbF7apdCpRS,Q606250,864148,London,London,London,reported_place,https://www.wikidata.org/wiki/Q606250,7b885d42-3c41-4f43-9944-a5855ec5155e,Goldfrapp,Bath,https://musicbrainz.org/artist/7b885d42-3c41-4f43-9944-a5855ec5155e,False,Goldfrapp,"London, England",https://en.wikipedia.org/wiki/Goldfrapp,True,corroborated_with_source_variation,,medium,not_reviewed,,,,source_variation,London
313,Academy of Ancient Music,60adCptqwRkANTtVja0bvf,Q337310,863103,,,,unresolved_generic_or_missing,https://www.wikidata.org/wiki/Q337310,5c8fd1e4-574d-495f-9a24-2dfaadf2e8c0|e6decc3e-99bc-4a99-84d0-b59a905a3587,Academy of Ancient Music|Academy of Ancient Music Chorus,,https://musicbrainz.org/artist/5c8fd1e4-574d-495f-9a24-2dfaadf2e8c0|https://musicbrainz.org/artist/e6decc3e-99bc-4a99-84d0-b59a905a3587,,Academy of Ancient Music,,https://en.wikipedia.org/wiki/Academy_of_Ancient_Music,,unresolved,,low,not_reviewed,,,,unresolved,
314,Crystal Fighters,75EZuo5MHV2572NRpMWotC,Q526130,846287,London,London,London,reported_place,https://www.wikidata.org/wiki/Q526130,309ec98f-3066-4501-8761-1db9fb0c7a83,Crystal Fighters,London,https://musicbrainz.org/artist/309ec98f-3066-4501-8761-1db9fb0c7a83,True,Crystal Fighters,"London, England",https://en.wikipedia.org/wiki/Crystal_Fighters,True,corroborated_two_sources,,,not_reviewed,,,,confirmed,London
315,Herman's Hermits,48YxSlb23RAaCd4RyHcV9V,Q693597,843685,Manchester,Manchester,Manchester,reported_place,https://www.wikidata.org/wiki/Q693597,fc9ec2b3-b44a-4dad-8bc3-ff3738ee02ae,Herman’s Hermits,Manchester,https://musicbrainz.org/artist/fc9ec2b3-b44a-4dad-8bc3-ff3738ee02ae,True,Herman's Hermits,"Manchester, England",https://en.wikipedia.org/wiki/Herman%27s_Hermits,True,corroborated_two_sources,,,not_reviewed,,,,confirmed,Manchester
316,La Serenissima,15PIcAgtP1zCipRK3sniUN,Q6465241,840773,,,,unresolved_generic_or_missing,https://www.wikidata.org/wiki/Q6465241,9b026fbd-b2ce-48b2-9e52-c5b59f888e34,La Serenissima,,https://musicbrainz.org/artist/9b026fbd-b2ce-48b2-9e52-c5b59f888e34,,La Serenissima (musical ensemble),,https://en.wikipedia.org/wiki/La_Serenissima_(musical_ensemble),,unresolved,,low,not_reviewed,,,,unresolved,
317,Floetry,0un6YenPxWZ2VW4aFGMupM,Q3937955,834779,Liverpool,London,London,reviewed_override,https://www.wikidata.org/wiki/Q3937955,bd74fb1e-9cc5-46d2-ac64-d44c358db201,Floetry,London,https://musicbrainz.org/artist/bd74fb1e-9cc5-46d2-ac64-d44c358db201,True,Floetry,"London, England",https://en.wikipedia.org/wiki/Floetry,True,corroborated_two_sources,,,corrected,London,https://en.wikipedia.org/wiki/Floetry,The duo formed in London; Liverpool is not supported as the group formation place.,corrected,London
318,Average White Band,3tx8fyu3c4OBP5nejYtUOb,Q583556,830950,Dundee,Dundee,Dundee,reported_place,https://www.wikidata.org/wiki/Q583556,fb776bca-6139-4ff5-8d5e-5decd029cb96,Average White Band,Dundee,https://musicbrainz.org/artist/fb776bca-6139-4ff5-8d5e-5decd029cb96,True,Average White Band,"Dundee, Scotland",https://en.wikipedia.org/wiki/Average_White_Band,True,corroborated_two_sources,,,not_reviewed,,,,confirmed,Dundee
319,Elvis Costello & The Attractions,4qmHkMxr6pTWh5Zo74odpH,Q7714866,830368,England,,,unresolved_generic_or_missing,https://www.wikidata.org/wiki/Q7714866,0ffb6573-a98e-412e-aa01-0a580e9d8b06,Elvis Costello & The Attractions,California,https://musicbrainz.org/artist/0ffb6573-a98e-412e-aa01-0a580e9d8b06,False,,,,,proposed_one_source,California,medium,not_reviewed,,,,evidence_for_missing_claim,California
320,Del Amitri,2Q4FnG5T6NTUcAAZwuMV5K,Q1183784,827530,Glasgow,Glasgow,Glasgow,reported_place,https://www.wikidata.org/wiki/Q1183784,5b86617f-e775-4675-b6d3-c4ad95d05409,Del Amitri,Glasgow,https://musicbrainz.org/artist/5b86617f-e775-4675-b6d3-c4ad95d05409,True,Del Amitri,"Glasgow, Scotland",https://en.wikipedia.org/wiki/Del_Amitri,True,corroborated_two_sources,,,not_reviewed,,,,confirmed,Glasgow
321,Courteeners,1NfJU4hy56Z4UM4iyIa1B2,Q1352997,819255,Middleton,Middleton,Middleton,reported_place,https://www.wikidata.org/wiki/Q1352997,1975afe1-8ad0-4ba0-a4a4-d3acd2ba9d5b,Courteeners,Middleton,https://musicbrainz.org/artist/1975afe1-8ad0-4ba0-a4a4-d3acd2ba9d5b,True,Courteeners,"Middleton, Greater Manchester, England",https://en.wikipedia.org/wiki/Courteeners,True,corroborated_two_sources,,,not_reviewed,,,,confirmed,Middleton
322,Wasia Project,7poQNrOwZoUcoqihg4Xex0,Q111865044,815222,,,,unresolved_generic_or_missing,https://www.wikidata.org/wiki/Q111865044,145336bb-1faf-47f3-92aa-08471650edcc,Wasia Project,,https://musicbrainz.org/artist/145336bb-1faf-47f3-92aa-08471650edcc,,Wasia Project,England,https://en.wikipedia.org/wiki/Wasia_Project,,unresolved,,low,not_reviewed,,,,unresolved,
323,Climie Fisher,3bpvhFSIErguVNQUiutctF,Q1101485,814321,London,London,London,reported_place,https://www.wikidata.org/wiki/Q1101485,3f1f765d-8b6a-403f-a953-5a828a87ae28,Climie Fisher,,https://musicbrainz.org/artist/3f1f765d-8b6a-403f-a953-5a828a87ae28,,Climie Fisher,"London, England",https://en.wikipedia.org/wiki/Climie_Fisher,True,corroborated_one_source,,,not_reviewed,,,,confirmed,London
324,Kokoroko,3u9rbdcmA6CxjxOAkjaeFr,Q104870323,813289,London,London,London,reported_place,https://www.wikidata.org/wiki/Q104870323,2650f0e7-3879-4b2c-8908-d025113cbece,Kokoroko,London,https://musicbrainz.org/artist/2650f0e7-3879-4b2c-8908-d025113cbece,True,Kokoroko,"London, England",https://en.wikipedia.org/wiki/Kokoroko,True,corroborated_two_sources,,,not_reviewed,,,,confirmed,London
325,Bauhaus,5N5tQ9Dx1h8Od7aRmGj7Fi,Q180582,808555,Northampton,Northampton,Northampton,reported_place,https://www.wikidata.org/wiki/Q180582,0688add2-c282-4ee2-ba61-223ffdb3c201,Bauhaus,Northampton,https://musicbrainz.org/artist/0688add2-c282-4ee2-ba61-223ffdb3c201,True,Bauhaus (band),"Northampton, England",https://en.wikipedia.org/wiki/Bauhaus_(band),True,corroborated_two_sources,,,not_reviewed,,,,confirmed,Northampton
326,Kajagoogoo,0f3kLT4wvi2mFHlHJgV8Hl,Q608271,797085,Leighton Buzzard,Leighton Buzzard,Leighton Buzzard,reported_place,https://www.wikidata.org/wiki/Q608271,7bc51021-6a84-4a04-ada3-0541615a97bc,Kajagoogoo,Leighton Buzzard,https://musicbrainz.org/artist/7bc51021-6a84-4a04-ada3-0541615a97bc,True,Kajagoogoo,"Leighton Buzzard, Bedfordshire, England",https://en.wikipedia.org/wiki/Kajagoogoo,True,corroborated_two_sources,,,not_reviewed,,,,confirmed,Leighton Buzzard
327,Steps,17UkABEasVRlCcIFZ3wHb7,Q1457831,796161,London,London,London,reported_place,https://www.wikidata.org/wiki/Q1457831,19659aa7-cd3a-4bfe-bca0-6943e9e5c6e0,Steps,London,https://musicbrainz.org/artist/19659aa7-cd3a-4bfe-bca0-6943e9e5c6e0,True,Steps (pop group),"London, United Kingdom",https://en.wikipedia.org/wiki/Steps_(pop_group),True,corroborated_two_sources,,,not_reviewed,,,,confirmed,London
328,Klaxons,2qlAMLpUyBjZgnzuFXXZXI,Q840882,791164,London,London,London,reported_place,https://www.wikidata.org/wiki/Q840882,63011a8d-0117-4f7e-9991-1ef1f337ff70,Klaxons,New Cross,https://musicbrainz.org/artist/63011a8d-0117-4f7e-9991-1ef1f337ff70,False,Klaxons,"London, England",https://en.wikipedia.org/wiki/Klaxons,True,corroborated_with_source_variation,,medium,not_reviewed,,,,source_variation,London
329,Ultrabeat,596ByjVYnslGJIHxEBGjF8,Q4356488,767735,Liverpool,Liverpool,Liverpool,reported_place,https://www.wikidata.org/wiki/Q4356488,0038bcbd-5f12-4a05-9f77-324652334345,Ultrabeat,,https://musicbrainz.org/artist/0038bcbd-5f12-4a05-9f77-324652334345,,Ultrabeat,"Liverpool, England",https://en.wikipedia.org/wiki/Ultrabeat,True,corroborated_one_source,,,not_reviewed,,,,confirmed,Liverpool
330,Enter Shikari,31jvzuB4ikftPQZJwrYfCF,Q912581,764839,St Albans,St Albans,St Albans,reported_place,https://www.wikidata.org/wiki/Q912581,1f355bf7-1ff7-420a-8a1e-f6a0ed13fa76|329f95db-f02e-40bf-a5f7-0dea11529ce3,Enter Shikari,City of St Albans,https://musicbrainz.org/artist/1f355bf7-1ff7-420a-8a1e-f6a0ed13fa76|https://musicbrainz.org/artist/329f95db-f02e-40bf-a5f7-0dea11529ce3,True,Enter Shikari,"St Albans, England",https://en.wikipedia.org/wiki/Enter_Shikari,True,corroborated_two_sources,,,not_reviewed,,,,confirmed,St Albans
331,M People,3lcbKPLl0ci2mKRdcP5Etf,Q1882185,762770,Manchester,Manchester,Manchester,reported_place,https://www.wikidata.org/wiki/Q1882185,f6f69dba-4c49-4f1b-a6bc-678c1154f32d,M People,Manchester,https://musicbrainz.org/artist/f6f69dba-4c49-4f1b-a6bc-678c1154f32d,True,M People,"Manchester, England",https://en.wikipedia.org/wiki/M_People,True,corroborated_two_sources,,,not_reviewed,,,,confirmed,Manchester
332,IAMX,223iUzG0kb5V166FJP9ovD,Q1990235,750077,United Kingdom,London,London,reviewed_override,https://www.wikidata.org/wiki/Q1990235,e4d05411-9a3d-452e-8b0e-a55b86b7cf85,IAMX,Middlesbrough,https://musicbrainz.org/artist/e4d05411-9a3d-452e-8b0e-a55b86b7cf85,False,IAMX,"London, England",https://en.wikipedia.org/wiki/IAMX,True,corroborated_with_source_variation,,medium,resolved,London,https://en.wikipedia.org/wiki/IAMX,Chris Corner founded the project in London after Sneaker Pimps.,resolved,London
333,"Black Country, New Road",3PP6ghmOlDl2jaKaH0avUN,Q66759333,741988,Cambridgeshire,Cambridgeshire,Cambridgeshire,reported_place,https://www.wikidata.org/wiki/Q66759333,e9403d9c-329b-4108-a26f-564159d441d9,"Black Country, New Road",Cambridge,https://musicbrainz.org/artist/e9403d9c-329b-4108-a26f-564159d441d9,True,"Black Country, New Road","Cambridge, England",https://en.wikipedia.org/wiki/Black_Country%2C_New_Road,True,corroborated_two_sources,,,not_reviewed,,,,confirmed,Cambridgeshire
334,While She Sleeps,38LdIuxB548zgHoEY2AN7a,Q2543938,740851,Sheffield,Sheffield,Sheffield,reported_place,https://www.wikidata.org/wiki/Q2543938,24e58672-0956-4e3b-87a4-aaf3d52094aa,While She Sleeps,Sheffield,https://musicbrainz.org/artist/24e58672-0956-4e3b-87a4-aaf3d52094aa,True,While She Sleeps,"Sheffield, South Yorkshire, England",https://en.wikipedia.org/wiki/While_She_Sleeps,True,corroborated_two_sources,,,not_reviewed,,,,confirmed,Sheffield
335,The Dream Academy,1JVoO5bwfU8GNuAZLpBoHe,Q2002188,735488,London,London,London,reported_place,https://www.wikidata.org/wiki/Q2002188,d0f7f125-5403-4f2e-b7b7-2ba8ef43836e,The Dream Academy,London,https://musicbrainz.org/artist/d0f7f125-5403-4f2e-b7b7-2ba8ef43836e,True,The Dream Academy,"London, England",https://en.wikipedia.org/wiki/The_Dream_Academy,True,corroborated_two_sources,,,not_reviewed,,,,confirmed,London
336,Suede,6PHIK3kjWggLtVygsOtpqS,Q826255,713390,London,London,London,reported_place,https://www.wikidata.org/wiki/Q826255,a55c2f1b-3f3f-4d6a-aa30-5e186dbadce6,Suede,London,https://musicbrainz.org/artist/a55c2f1b-3f3f-4d6a-aa30-5e186dbadce6,True,Suede (band),"London, England",https://en.wikipedia.org/wiki/Suede_(band),True,corroborated_two_sources,,,not_reviewed,,,,confirmed,London
337,Circa Waves,6hl5k4gLl1p3sjhHcb57t2,Q18205953,708315,Liverpool,Liverpool,Liverpool,reported_place,https://www.wikidata.org/wiki/Q18205953,050fffd7-c7cc-4bb2-8f7a-a0ee4bc47678,Circa Waves,Liverpool,https://musicbrainz.org/artist/050fffd7-c7cc-4bb2-8f7a-a0ee4bc47678,True,Circa Waves,"Liverpool, England",https://en.wikipedia.org/wiki/Circa_Waves,True,corroborated_two_sources,,,not_reviewed,,,,confirmed,Liverpool
338,The Coral,6OiHleP2bHM18dXq4aZQWt,Q1777045,707737,Hoylake,Hoylake,Hoylake,reported_place,https://www.wikidata.org/wiki/Q1777045,3b1c66fb-98ad-417f-b01e-49baf37f06a3,The Coral,Hoylake,https://musicbrainz.org/artist/3b1c66fb-98ad-417f-b01e-49baf37f06a3,True,The Coral,"Hoylake, Merseyside, England",https://en.wikipedia.org/wiki/The_Coral,True,corroborated_two_sources,,,not_reviewed,,,,confirmed,Hoylake
339,XTC,2qT62DYO8Ajb276vUJmvhz,Q1413926,705276,Swindon,Swindon,Swindon,reported_place,https://www.wikidata.org/wiki/Q1413926,97c86b2c-2765-46a2-aef8-76a7e24c430f,XTC,Swindon,https://musicbrainz.org/artist/97c86b2c-2765-46a2-aef8-76a7e24c430f,True,XTC,"Swindon, Wiltshire, England",https://en.wikipedia.org/wiki/XTC,True,corroborated_two_sources,,,not_reviewed,,,,confirmed,Swindon
340,Audio Bullys,5kwHgbzNHq1iHkUSrAmjjQ,Q758846,701846,London,London,London,reported_place,https://www.wikidata.org/wiki/Q758846,5dd0da33-5161-4378-8fca-aecf5840097e,Audio Bullys,London,https://musicbrainz.org/artist/5dd0da33-5161-4378-8fca-aecf5840097e,True,Audio Bullys,"London, England",https://en.wikipedia.org/wiki/Audio_Bullys,True,corroborated_two_sources,,,not_reviewed,,,,confirmed,London
341,The Saturdays,15qI5w4XJFLRMwOp2VrlD5,Q756220,701836,London,London,London,reported_place,https://www.wikidata.org/wiki/Q756220,04b61dcd-28c9-4a3a-89af-4c290535845b,The Saturdays,London,https://musicbrainz.org/artist/04b61dcd-28c9-4a3a-89af-4c290535845b,True,The Saturdays,"London, England",https://en.wikipedia.org/wiki/The_Saturdays,True,corroborated_two_sources,,,not_reviewed,,,,confirmed,London
342,piri & tommy,2U6J9Q89i1TNhesKreFD65,Q115816501,690910,,,,unresolved_generic_or_missing,https://www.wikidata.org/wiki/Q115816501,04892aae-2250-4053-9044-cc2abbbe2c8a,piri & tommy,Manchester,https://musicbrainz.org/artist/04892aae-2250-4053-9044-cc2abbbe2c8a,False,Piri & Tommy,"Manchester, England",https://en.wikipedia.org/wiki/Piri_%26_Tommy,False,proposed_two_sources,Manchester,medium,not_reviewed,,,,evidence_for_missing_claim,Manchester
343,Alestorm,3OpqU68JpZlzvjAJj3B2Da,Q758934,684120,Perth,Perth,Perth,reported_place,https://www.wikidata.org/wiki/Q758934,c0252a1b-0133-46bb-8c4f-cade46349ec3,Alestorm,Perth,https://musicbrainz.org/artist/c0252a1b-0133-46bb-8c4f-cade46349ec3,True,Alestorm,"Perth, Scotland",https://en.wikipedia.org/wiki/Alestorm,True,corroborated_two_sources,,,not_reviewed,,,,confirmed,Perth
344,Feeder,0ZZr6Y49NZWRJc0uCwqpMR,Q1049555,679131,Newport,Newport,Newport,reported_place,https://www.wikidata.org/wiki/Q1049555,88a4cd4e-5dee-4153-8462-0d5e43c75f47,Feeder,Newport,https://musicbrainz.org/artist/88a4cd4e-5dee-4153-8462-0d5e43c75f47,True,Feeder (band),"Newport, Gwent, Wales",https://en.wikipedia.org/wiki/Feeder_(band),True,corroborated_two_sources,,,not_reviewed,,,,confirmed,Newport
345,Dusky,5gqoUf9vKKv96b1c0GBKwu,Q16249370,666537,,,,unresolved_generic_or_missing,https://www.wikidata.org/wiki/Q16249370,9feea1d6-3e4e-4d3c-b84a-87a12f7cbf94,Dusky,,https://musicbrainz.org/artist/9feea1d6-3e4e-4d3c-b84a-87a12f7cbf94,,Dusky,"London, England",https://en.wikipedia.org/wiki/Dusky,False,proposed_one_source,London,medium,not_reviewed,,,,evidence_for_missing_claim,London
346,hard life,7uwY65fDg3FVJ8MkJ5QuZK,Q85684673,664952,,,,unresolved_generic_or_missing,https://www.wikidata.org/wiki/Q85684673,48fd666d-cf31-4a0b-91b0-59d11d445317,hard life,Leicester,https://musicbrainz.org/artist/48fd666d-cf31-4a0b-91b0-59d11d445317,False,Hard Life,"Leicester, England",https://en.wikipedia.org/wiki/Hard_Life,False,proposed_two_sources,Leicester,medium,not_reviewed,,,,evidence_for_missing_claim,Leicester
347,Uriah Heep,45O9BwPMyywM755SYUK0sP,Q108666,659174,London,London,London,reported_place,https://www.wikidata.org/wiki/Q108666,f1548c5b-329e-4036-921c-02213a04b525,Uriah Heep,London,https://musicbrainz.org/artist/f1548c5b-329e-4036-921c-02213a04b525,True,Uriah Heep (band),"London, England",https://en.wikipedia.org/wiki/Uriah_Heep_(band),True,corroborated_two_sources,,,not_reviewed,,,,confirmed,London
348,The Longest Johns,5k979N1TnPncUyqlXlaRSv,Q104759060,653167,Bristol,Bristol,Bristol,reported_place,https://www.wikidata.org/wiki/Q104759060,6a125082-74c4-4a1b-bf4b-d91d9cafde4c,The Longest Johns,,https://musicbrainz.org/artist/6a125082-74c4-4a1b-bf4b-d91d9cafde4c,,The Longest Johns,"Bristol, England",https://en.wikipedia.org/wiki/The_Longest_Johns,True,corroborated_one_source,,,not_reviewed,,,,confirmed,Bristol
349,Happy Mondays,339DNkQkuhHKEcHw6oK8f0,Q1141495,652616,Little Hulton,Little Hulton,Little Hulton,reported_place,https://www.wikidata.org/wiki/Q1141495,01f4fb92-6bf0-4de5-83dc-3fe194e763bf,Happy Mondays,Little Hulton,https://musicbrainz.org/artist/01f4fb92-6bf0-4de5-83dc-3fe194e763bf,True,Happy Mondays,"Salford, England",https://en.wikipedia.org/wiki/Happy_Mondays,False,corroborated_with_source_variation,,medium,not_reviewed,,,,source_variation,Little Hulton
350,Gunship,3PALZKWkpwjRvBsRmhlVSS,Q28146294,646183,,,,unresolved_generic_or_missing,https://www.wikidata.org/wiki/Q28146294,df1356d3-3c66-48bc-ac79-475c6cf76266,GUNSHIP,,https://musicbrainz.org/artist/df1356d3-3c66-48bc-ac79-475c6cf76266,,Gunship (band),United Kingdom,https://en.wikipedia.org/wiki/Gunship_(band),,unresolved,,low,not_reviewed,,,,unresolved,
351,Magoo,7pv3MRGkgkXa9Qn8sMctxT,Q6732352,639865,Norfolk,Norfolk,Norfolk,reported_place,https://www.wikidata.org/wiki/Q6732352,bdccd846-4d72-4205-98f6-990dc792993c,Magoo,Norwich,https://musicbrainz.org/artist/bdccd846-4d72-4205-98f6-990dc792993c,False,Magoo (band),"Norfolk, England",https://en.wikipedia.org/wiki/Magoo_(band),True,corroborated_with_source_variation,,medium,not_reviewed,,,,source_variation,Norfolk
352,Buzzcocks,2DxlS3lTLFIq70S7ap5H3y,Q939329,638182,Bolton,Bolton,Bolton,reported_place,https://www.wikidata.org/wiki/Q939329,31e9c35b-2675-4632-8596-f9bd9286f6c8,Buzzcocks,Bolton,https://musicbrainz.org/artist/31e9c35b-2675-4632-8596-f9bd9286f6c8,True,Buzzcocks,"Bolton, Greater Manchester, England",https://en.wikipedia.org/wiki/Buzzcocks,True,corroborated_two_sources,,,not_reviewed,,,,confirmed,Bolton
353,Arctic Lake,0IEPb9ily3E5IAYMSkwtQ6,Q93890774,637713,,,,unresolved_generic_or_missing,https://www.wikidata.org/wiki/Q93890774,7a21812b-59ac-4f79-b948-5e1da0fdce11,Arctic Lake,London,https://musicbrainz.org/artist/7a21812b-59ac-4f79-b948-5e1da0fdce11,False,Arctic Lake (band),"London, England",https://en.wikipedia.org/wiki/Arctic_Lake_(band),False,proposed_two_sources,London,medium,not_reviewed,,,,evidence_for_missing_claim,London
354,Ladytron,0ucLPotcQNI7AViFytdhBz,Q831841,637497,Liverpool,Liverpool,Liverpool,reported_place,https://www.wikidata.org/wiki/Q831841,b45335d1-5219-4262-a44d-936aa36eeaed,Ladytron,Liverpool,https://musicbrainz.org/artist/b45335d1-5219-4262-a44d-936aa36eeaed,True,Ladytron,"Liverpool, England",https://en.wikipedia.org/wiki/Ladytron,True,corroborated_two_sources,,,not_reviewed,,,,confirmed,Liverpool
355,Tin Tin Out,1a5l3fWnzmaK7gDD2IkbHq,Q1749463,633305,,,,unresolved_generic_or_missing,https://www.wikidata.org/wiki/Q1749463,e9da0f61-78df-4918-8f1b-374b01a6abda,Tin Tin Out,London,https://musicbrainz.org/artist/e9da0f61-78df-4918-8f1b-374b01a6abda,False,Tin Tin Out,"London, England",https://en.wikipedia.org/wiki/Tin_Tin_Out,False,proposed_two_sources,London,medium,not_reviewed,,,,evidence_for_missing_claim,London
356,Delta Heavy,7GvVTb8yFV0ZrdI30Qce6T,Q16864855,632637,,,,unresolved_generic_or_missing,https://www.wikidata.org/wiki/Q16864855,be166079-6f21-4d0d-af2a-9f55c4b34455,Delta Heavy,,https://musicbrainz.org/artist/be166079-6f21-4d0d-af2a-9f55c4b34455,,Delta Heavy,"London, England, UK",https://en.wikipedia.org/wiki/Delta_Heavy,False,proposed_one_source,London,medium,not_reviewed,,,,evidence_for_missing_claim,London
357,The Style Council,3loflELg7MzgrOyNqERolN,Q676522,626814,London,Woking,Woking,reviewed_override,https://www.wikidata.org/wiki/Q676522,34e56f20-ddda-48c9-a4bb-6bb12df57de0,The Style Council,Woking,https://musicbrainz.org/artist/34e56f20-ddda-48c9-a4bb-6bb12df57de0,True,The Style Council,"Woking, Surrey, England",https://en.wikipedia.org/wiki/The_Style_Council,True,corroborated_two_sources,,,corrected,Woking,https://en.wikipedia.org/wiki/The_Style_Council,Both external origin sources identify Woking.,corrected,Woking
358,Big Country,1h8YIw9HLr6E8gdXVDRbVJ,Q858738,622663,Dunfermline,Dunfermline,Dunfermline,reported_place,https://www.wikidata.org/wiki/Q858738,b4013ff1-d7ce-4b1a-af6e-e0b19ca7f378,Big Country,Dunfermline,https://musicbrainz.org/artist/b4013ff1-d7ce-4b1a-af6e-e0b19ca7f378,True,Big Country,"Dunfermline, Fife, Scotland",https://en.wikipedia.org/wiki/Big_Country,True,corroborated_two_sources,,,not_reviewed,,,,confirmed,Dunfermline
359,New Hope Club,2WuKU0SYZOQyY3MmE4vtez,Q28677824,617401,Manchester,Manchester,Manchester,reported_place,https://www.wikidata.org/wiki/Q28677824,25227c04-3b4a-4f9b-a159-a77cdf4e3513,New Hope Club,England,https://musicbrainz.org/artist/25227c04-3b4a-4f9b-a159-a77cdf4e3513,,New Hope Club,"Manchester and London, England",https://en.wikipedia.org/wiki/New_Hope_Club,True,corroborated_one_source,,,not_reviewed,,,,confirmed,Manchester
360,Lovejoy,33tFkBLsl6f8TjKkV0uF0C,Q109558113,617221,,,,unresolved_generic_or_missing,https://www.wikidata.org/wiki/Q109558113,deefd67b-c917-4b0d-ab48-c5af7f92cd82,Lovejoy,United Kingdom,https://musicbrainz.org/artist/deefd67b-c917-4b0d-ab48-c5af7f92cd82,,Lovejoy (band),"Brighton, East Sussex, England",https://en.wikipedia.org/wiki/Lovejoy_(band),False,proposed_one_source,Brighton,medium,not_reviewed,,,,evidence_for_missing_claim,Brighton
361,Deacon Blue,5jqKIZLB5WA5KquEihB3ND,Q1180767,612759,Glasgow,Glasgow,Glasgow,reported_place,https://www.wikidata.org/wiki/Q1180767,1d46cb3a-8071-45ba-855e-74e3cff20974,Deacon Blue,Glasgow,https://musicbrainz.org/artist/1d46cb3a-8071-45ba-855e-74e3cff20974,True,Deacon Blue,"Glasgow, Scotland",https://en.wikipedia.org/wiki/Deacon_Blue,True,corroborated_two_sources,,,not_reviewed,,,,confirmed,Glasgow
362,Slade,10n5lhNDoSMUHWLlnST1yw,Q156872,612385,Wolverhampton,Wolverhampton,Wolverhampton,reported_place,https://www.wikidata.org/wiki/Q156872,2e700147-56a3-416b-a95d-381ea42f947f,Slade,Wolverhampton,https://musicbrainz.org/artist/2e700147-56a3-416b-a95d-381ea42f947f,True,Slade,"Wolverhampton, Staffordshire, England",https://en.wikipedia.org/wiki/Slade,True,corroborated_two_sources,,,not_reviewed,,,,confirmed,Wolverhampton
363,Freemasons,49H2dQUNhIlso7VNkS8nFR,Q1453598,607845,Brighton,Brighton,Brighton,reported_place,https://www.wikidata.org/wiki/Q1453598,ae934b5b-0236-431f-a9dc-81406c10e66c,Freemasons,Brighton,https://musicbrainz.org/artist/ae934b5b-0236-431f-a9dc-81406c10e66c,True,Freemasons (DJs),"Brighton, East Sussex, England",https://en.wikipedia.org/wiki/Freemasons_(DJs),True,corroborated_two_sources,,,not_reviewed,,,,confirmed,Brighton
364,Ocean Colour Scene,5vIOGcdmx1eIkq3ZtuS12U,Q1332158,606956,Birmingham,Birmingham,Birmingham,reported_place,https://www.wikidata.org/wiki/Q1332158,601d793d-7e96-4bb6-b4a6-712d5c926259,Ocean Colour Scene,Moseley,https://musicbrainz.org/artist/601d793d-7e96-4bb6-b4a6-712d5c926259,False,Ocean Colour Scene,"Birmingham, England",https://en.wikipedia.org/wiki/Ocean_Colour_Scene,True,corroborated_with_source_variation,,medium,not_reviewed,,,,source_variation,Birmingham
365,Aquilo,26GHRG8x1F4AzbCKzUaIbw,Q17279149,602693,,,,unresolved_generic_or_missing,https://www.wikidata.org/wiki/Q17279149,6c1a2bc2-f546-47cf-9380-b858a06f71cf,Aquilo,Lancashire,https://musicbrainz.org/artist/6c1a2bc2-f546-47cf-9380-b858a06f71cf,False,Aquilo (band),"Silverdale, Lancashire, England",https://en.wikipedia.org/wiki/Aquilo_(band),False,proposed_two_sources,Lancashire,medium,not_reviewed,,,,evidence_for_missing_claim,Lancashire
366,Fiction Factory,6T6T5RCps6bHzTSDq8pyFj,Q664789,601160,Perth,Perth,Perth,reported_place,https://www.wikidata.org/wiki/Q664789,379811c5-4db9-4a78-b5ff-06ebe8723e39,Fiction Factory,,https://musicbrainz.org/artist/379811c5-4db9-4a78-b5ff-06ebe8723e39,,Fiction Factory,"Perth, Scotland",https://en.wikipedia.org/wiki/Fiction_Factory,True,corroborated_one_source,,,not_reviewed,,,,confirmed,Perth
367,Mount Kimbie,3NUtpWpGDoffm3RCGhSHtl,Q1359424,601000,,,,unresolved_generic_or_missing,https://www.wikidata.org/wiki/Q1359424,4a3a5fc0-af4b-4990-957b-8d94f7bfe706,Mount Kimbie,London,https://musicbrainz.org/artist/4a3a5fc0-af4b-4990-957b-8d94f7bfe706,False,Mount Kimbie,"London, England",https://en.wikipedia.org/wiki/Mount_Kimbie,False,proposed_two_sources,London,medium,not_reviewed,,,,evidence_for_missing_claim,London
368,Them,5BaHqGtf6UAZnHfqdPaTDA,Q1338638,598923,Belfast,Belfast,Belfast,reported_place,https://www.wikidata.org/wiki/Q1338638,dbd8e1e8-b3d5-4c5f-9343-bbe5e86380a6,Them,Belfast,https://musicbrainz.org/artist/dbd8e1e8-b3d5-4c5f-9343-bbe5e86380a6,True,Them (band),"Belfast, Northern Ireland",https://en.wikipedia.org/wiki/Them_(band),True,corroborated_two_sources,,,not_reviewed,,,,confirmed,Belfast
369,UNKLE,2nszamLjZFgu3Yx77mKxuC,Q2032426,596520,London,London,London,reported_place,https://www.wikidata.org/wiki/Q2032426,6648391e-7890-4f6c-b939-976f215195d3,UNKLE,London,https://musicbrainz.org/artist/6648391e-7890-4f6c-b939-976f215195d3,True,Unkle,"London, England",https://en.wikipedia.org/wiki/Unkle,True,corroborated_two_sources,,,not_reviewed,,,,confirmed,London
370,LMC,69QKcDt724e93ZYkBSjsYP,Q514541,593636,,,,unresolved_generic_or_missing,https://www.wikidata.org/wiki/Q514541,43967d0a-1857-4cb9-a2f3-1a8f6fe5a2ad,LMC,,https://musicbrainz.org/artist/43967d0a-1857-4cb9-a2f3-1a8f6fe5a2ad,,LMC (British band),,https://en.wikipedia.org/wiki/LMC_(British_band),,unresolved,,low,not_reviewed,,,,unresolved,
371,JLS,5xi3SZpllRPAkoPVbjB6nc,Q1165439,591899,London,London,London,reported_place,https://www.wikidata.org/wiki/Q1165439,1533b219-74ef-4512-826f-42bca397fbb4,JLS,London,https://musicbrainz.org/artist/1533b219-74ef-4512-826f-42bca397fbb4,True,JLS,"London, England",https://en.wikipedia.org/wiki/JLS,True,corroborated_two_sources,,,not_reviewed,,,,confirmed,London
372,DON BROCO,1aOt6LvXOV6I8dv1A5Diia,Q5292322,584790,Bedford,Bedford,Bedford,reported_place,https://www.wikidata.org/wiki/Q5292322,00a1ef75-9b4e-4123-8fff-d24022f906e0|13b39b3a-94f7-4676-9d11-f47fc640e17d|38fd7691-0543-409c-997f-7f15c10394a4|5aac648e-64df-49e1-beda-43c723373180,Don Broco|Luke Rayner|Matthew Donnelly|Simon Delaney,Bedford,https://musicbrainz.org/artist/00a1ef75-9b4e-4123-8fff-d24022f906e0|https://musicbrainz.org/artist/13b39b3a-94f7-4676-9d11-f47fc640e17d|https://musicbrainz.org/artist/38fd7691-0543-409c-997f-7f15c10394a4|https://musicbrainz.org/artist/5aac648e-64df-49e1-beda-43c723373180,True,Don Broco,"Bedford, England",https://en.wikipedia.org/wiki/Don_Broco,True,corroborated_two_sources,,,not_reviewed,,,,confirmed,Bedford
373,Steve Harley & Cockney Rebel,6EL5GD53kaaVgJCHgdtdLz,Q1431236,584745,London,London,London,reported_place,https://www.wikidata.org/wiki/Q1431236,9a07b4ae-7c2f-4473-b019-c63c3d5db45c,Steve Harley & Cockney Rebel,London,https://musicbrainz.org/artist/9a07b4ae-7c2f-4473-b019-c63c3d5db45c,True,Steve Harley & Cockney Rebel,"London, England",https://en.wikipedia.org/wiki/Steve_Harley_%26_Cockney_Rebel,True,corroborated_two_sources,,,not_reviewed,,,,confirmed,London
374,Sweet Female Attitude,1054JdBVMCPm9VpvkUcOYX,Q1377724,582178,Manchester,Manchester,Manchester,reported_place,https://www.wikidata.org/wiki/Q1377724,0ace7725-f454-44c9-869d-c98b9c6a54a9,Sweet Female Attitude,Manchester,https://musicbrainz.org/artist/0ace7725-f454-44c9-869d-c98b9c6a54a9,True,Sweet Female Attitude,"Manchester, England",https://en.wikipedia.org/wiki/Sweet_Female_Attitude,True,corroborated_two_sources,,,not_reviewed,,,,confirmed,Manchester
375,The Fixx,53RkHTcl0SJZjpzqogkBf4,Q1460975,569663,London,London,London,reported_place,https://www.wikidata.org/wiki/Q1460975,0d32d0c9-69aa-407c-93e3-92b72e471d37,The Fixx,London,https://musicbrainz.org/artist/0d32d0c9-69aa-407c-93e3-92b72e471d37,True,The Fixx,"London, England",https://en.wikipedia.org/wiki/The_Fixx,True,corroborated_two_sources,,,not_reviewed,,,,confirmed,London
376,N-Dubz,52Syw7gkGRePCAYvEY2X9D,Q1140107,569050,London,London,London,reported_place,https://www.wikidata.org/wiki/Q1140107,61783f55-23be-4199-b944-e322840a1f10,N-Dubz,Camden Town,https://musicbrainz.org/artist/61783f55-23be-4199-b944-e322840a1f10,False,N-Dubz,"Camden Town, London, England",https://en.wikipedia.org/wiki/N-Dubz,True,corroborated_with_source_variation,,medium,not_reviewed,,,,source_variation,London
377,Aztec Camera,7sbwBqdkynNUDgiWU3TQ5J,Q794148,568826,East Kilbride,East Kilbride,East Kilbride,reported_place,https://www.wikidata.org/wiki/Q794148,53578264-7436-437b-87a0-3b034a3661f0,Aztec Camera,East Kilbride,https://musicbrainz.org/artist/53578264-7436-437b-87a0-3b034a3661f0,True,Aztec Camera,"East Kilbride, Lanarkshire, Scotland",https://en.wikipedia.org/wiki/Aztec_Camera,True,corroborated_two_sources,,,not_reviewed,,,,confirmed,East Kilbride
378,BONES UK,16kd5X3pBMOtXdLlX5LcAw,Q28340958,568133,,,,unresolved_generic_or_missing,https://www.wikidata.org/wiki/Q28340958,61750ee6-6dad-45e4-b994-7d5a03046719,BONES UK,London,https://musicbrainz.org/artist/61750ee6-6dad-45e4-b994-7d5a03046719,False,Bones UK,"Camden Town, London",https://en.wikipedia.org/wiki/Bones_UK,False,proposed_two_sources,London,medium,not_reviewed,,,,evidence_for_missing_claim,London
379,The Undertones,2WRStKp4ihGVUzlzWfv1Qt,Q1501348,562915,Derry,Derry,Derry,reported_place,https://www.wikidata.org/wiki/Q1501348,d188e4cd-d187-4df2-8516-6ff8dfd3735c,The Undertones,Derry,https://musicbrainz.org/artist/d188e4cd-d187-4df2-8516-6ff8dfd3735c,True,The Undertones,"Derry, Northern Ireland",https://en.wikipedia.org/wiki/The_Undertones,True,corroborated_two_sources,,,not_reviewed,,,,confirmed,Derry
380,Binary Finary,5suoHSdDiYsjikHNVdYYKe,Q863504,556404,,,,unresolved_generic_or_missing,https://www.wikidata.org/wiki/Q863504,aad8341c-5f18-4f1d-8e5d-984259c347b9,Binary Finary,,https://musicbrainz.org/artist/aad8341c-5f18-4f1d-8e5d-984259c347b9,,Binary Finary,"Portsmouth, Hampshire, England",https://en.wikipedia.org/wiki/Binary_Finary,False,proposed_one_source,Portsmouth,medium,not_reviewed,,,,evidence_for_missing_claim,Portsmouth
381,GPF,4OoHneMX97SjUXKWgsyrP4,Q100414305,547879,,,,unresolved_generic_or_missing,https://www.wikidata.org/wiki/Q100414305,97aafe0a-1119-4fdb-977a-dfd20921a9aa,GPF,,https://musicbrainz.org/artist/97aafe0a-1119-4fdb-977a-dfd20921a9aa,,,,,,unresolved,,low,not_reviewed,,,,unresolved,
382,Marmalade,1tttI1iC4FsS6BM5l38oe5,Q1281029,545335,Glasgow,Glasgow,Glasgow,reported_place,https://www.wikidata.org/wiki/Q1281029,b15f5684-f132-43a1-a577-f7f7986b31a0,Marmalade,Glasgow,https://musicbrainz.org/artist/b15f5684-f132-43a1-a577-f7f7986b31a0,True,Marmalade (band),"Glasgow, Scotland",https://en.wikipedia.org/wiki/Marmalade_(band),True,corroborated_two_sources,,,not_reviewed,,,,confirmed,Glasgow
383,Climax Blues Band,4eeRviM714mXXeILmKHxh2,Q490339,545160,Stafford,Stafford,Stafford,reported_place,https://www.wikidata.org/wiki/Q490339,d0ff507b-51fa-486d-902a-d27c88ff214d|d1d8993d-0599-40fd-aa13-c38864ec536d,Climax Blues Band|George Newsome,Stafford,https://musicbrainz.org/artist/d0ff507b-51fa-486d-902a-d27c88ff214d|https://musicbrainz.org/artist/d1d8993d-0599-40fd-aa13-c38864ec536d,True,Climax Blues Band,"Stafford, England",https://en.wikipedia.org/wiki/Climax_Blues_Band,True,corroborated_two_sources,,,not_reviewed,,,,confirmed,Stafford
384,The Yardbirds,2lxX1ivRYp26soIavdG9bX,Q192725,543254,London,London,London,reported_place,https://www.wikidata.org/wiki/Q192725,191de76f-a224-445d-b041-54df16d65bf7,The Yardbirds,London,https://musicbrainz.org/artist/191de76f-a224-445d-b041-54df16d65bf7,True,The Yardbirds,"London, England",https://en.wikipedia.org/wiki/The_Yardbirds,True,corroborated_two_sources,,,not_reviewed,,,,confirmed,London
385,Stereolab,3Rj0tDHoX7C5NFq5DKIpHt,Q334652,542759,London,London,London,reported_place,https://www.wikidata.org/wiki/Q334652,f1df0431-9250-4ec8-95d8-f19ce7cf7fb6,Stereolab,London,https://musicbrainz.org/artist/f1df0431-9250-4ec8-95d8-f19ce7cf7fb6,True,Stereolab,"London, England",https://en.wikipedia.org/wiki/Stereolab,True,corroborated_two_sources,,,not_reviewed,,,,confirmed,London
386,The Staves,5G49Sq5mMzAkGL4ZP6eVPY,Q7766423,540680,Watford,Watford,Watford,reported_place,https://www.wikidata.org/wiki/Q7766423,0d659b57-7224-491d-a891-702d222c8826,The Staves,Watford,https://musicbrainz.org/artist/0d659b57-7224-491d-a891-702d222c8826,True,The Staves,"Watford, Hertfordshire, England",https://en.wikipedia.org/wiki/The_Staves,True,corroborated_two_sources,,,not_reviewed,,,,confirmed,Watford
387,Killing Joke,0Zy4ncr8h1jd7Nzr9946fD,Q250421,538563,Notting Hill,Notting Hill,Notting Hill,reported_place,https://www.wikidata.org/wiki/Q250421,f5aca88c-e3c1-4bc2-af33-68a9a9f7b56a,Killing Joke,London,https://musicbrainz.org/artist/f5aca88c-e3c1-4bc2-af33-68a9a9f7b56a,False,Killing Joke,"Notting Hill, London, England",https://en.wikipedia.org/wiki/Killing_Joke,True,corroborated_with_source_variation,,medium,not_reviewed,,,,source_variation,Notting Hill
388,Doves,0LVrQUinPUBFvVD5pLqmWY,Q126128,533297,Wilmslow,Wilmslow,Manchester,editorial_city_cluster,https://www.wikidata.org/wiki/Q126128,9de8f66e-3cd1-4f11-8328-38200f0612b0,Doves,Handforth,https://musicbrainz.org/artist/9de8f66e-3cd1-4f11-8328-38200f0612b0,False,Doves (band),"Wilmslow, Cheshire, England",https://en.wikipedia.org/wiki/Doves_(band),True,corroborated_with_source_variation,,medium,not_reviewed,,,,source_variation,Wilmslow
389,Precious,0ZhPS80sMbmVgzOkMPKNpn,Q2094985,530748,United Kingdom,,,unresolved_generic_or_missing,https://www.wikidata.org/wiki/Q2094985,2475accd-9a8b-4160-b7d4-2cf7bdfec236,Precious,United Kingdom,https://musicbrainz.org/artist/2475accd-9a8b-4160-b7d4-2cf7bdfec236,,Precious (group),United Kingdom,https://en.wikipedia.org/wiki/Precious_(group),,unresolved,,low,not_reviewed,,,,unresolved,
390,Blind Faith,5GUVj2b1lJ4DolQyHlzyaO,Q548656,529325,Ripley,Ripley,Ripley,reported_place,https://www.wikidata.org/wiki/Q548656,53fa91ca-a2b9-463d-b78e-daca9894082a,Blind Faith,Ripley,https://musicbrainz.org/artist/53fa91ca-a2b9-463d-b78e-daca9894082a,True,Blind Faith,"Ripley, Surrey, England",https://en.wikipedia.org/wiki/Blind_Faith,True,corroborated_two_sources,,,not_reviewed,,,,confirmed,Ripley
391,T'Pau,47qTcvYlqJGAEsCI7BcENC,Q398101,525174,Shropshire,Shropshire,Shropshire,reported_place,https://www.wikidata.org/wiki/Q398101,63721b20-b058-4176-a057-50dcd8044af6,T’Pau,Shropshire,https://musicbrainz.org/artist/63721b20-b058-4176-a057-50dcd8044af6,True,T'Pau (band),"Shrewsbury, England",https://en.wikipedia.org/wiki/T%27Pau_(band),False,corroborated_with_source_variation,,medium,not_reviewed,,,,source_variation,Shropshire
392,Porcupine Tree,5NXHXK6hOCotCF8lvGM1I0,Q213923,514183,Hemel Hempstead,Hemel Hempstead,Hemel Hempstead,reported_place,https://www.wikidata.org/wiki/Q213923,169c4c28-858e-497b-81a4-8bc15e0026ea,Porcupine Tree,Hemel Hempstead,https://musicbrainz.org/artist/169c4c28-858e-497b-81a4-8bc15e0026ea,True,Porcupine Tree,"Hemel Hempstead, Hertfordshire, England",https://en.wikipedia.org/wiki/Porcupine_Tree,True,corroborated_two_sources,,,not_reviewed,,,,confirmed,Hemel Hempstead
393,Hard-Fi,14Gi3Uph96lpNB3utkoVAD,Q1123510,508027,Staines-upon-Thames,Staines-upon-Thames,Staines-upon-Thames,reported_place,https://www.wikidata.org/wiki/Q1123510,46d18823-6a15-49ee-8376-c5f7a49530a6,Hard‐Fi,Staines-upon-Thames,https://musicbrainz.org/artist/46d18823-6a15-49ee-8376-c5f7a49530a6,True,Hard-Fi,"Staines-upon-Thames, Surrey, England",https://en.wikipedia.org/wiki/Hard-Fi,True,corroborated_two_sources,,,not_reviewed,,,,confirmed,Staines-upon-Thames
394,Los Campesinos!,6FlOCziOXI157pvUREAh3E,Q1856023,507510,Cardiff,Cardiff,Cardiff,reported_place,https://www.wikidata.org/wiki/Q1856023,e1194e66-e4f0-4351-9d26-ac95df530d0c,Los Campesinos!,Cardiff,https://musicbrainz.org/artist/e1194e66-e4f0-4351-9d26-ac95df530d0c,True,Los Campesinos!,"Cardiff, Wales",https://en.wikipedia.org/wiki/Los_Campesinos%21,True,corroborated_two_sources,,,not_reviewed,,,,confirmed,Cardiff
395,The Hunna,7jZycSvTyx0W9poD4PjEIG,Q27792569,506302,Watford,Watford,Watford,reported_place,https://www.wikidata.org/wiki/Q27792569,39c6625e-8312-41f6-8cd0-2648e95f8db1,The Hunna,Watford,https://musicbrainz.org/artist/39c6625e-8312-41f6-8cd0-2648e95f8db1,True,The Hunna,"Watford, Hertfordshire, England",https://en.wikipedia.org/wiki/The_Hunna,True,corroborated_two_sources,,,not_reviewed,,,,confirmed,Watford
396,The Art Of Noise,77zrvBORXcnTyysjjKRfBU,Q502967,506277,,,,unresolved_generic_or_missing,https://www.wikidata.org/wiki/Q502967,be899560-1570-402e-9f95-3182898a8b70,Art of Noise,London,https://musicbrainz.org/artist/be899560-1570-402e-9f95-3182898a8b70,False,Art of Noise,"London, England",https://en.wikipedia.org/wiki/Art_of_Noise,False,proposed_two_sources,London,medium,not_reviewed,,,,evidence_for_missing_claim,London
397,Swing Out Sister,4phr5rAgWhcZtWJu8w8lKv,Q955863,502370,Manchester,Manchester,Manchester,reported_place,https://www.wikidata.org/wiki/Q955863,d12b5853-71eb-41d9-8d18-a4259477848a,Swing Out Sister,Manchester,https://musicbrainz.org/artist/d12b5853-71eb-41d9-8d18-a4259477848a,True,Swing Out Sister,"Manchester, England",https://en.wikipedia.org/wiki/Swing_Out_Sister,True,corroborated_two_sources,,,not_reviewed,,,,confirmed,Manchester
398,Bay City Rollers,3r9TXuXfOUxXjgYgAR0fP8,Q812073,499865,Edinburgh,Edinburgh,Edinburgh,reported_place,https://www.wikidata.org/wiki/Q812073,28cc1f98-add6-49d5-820a-ce973ee2954b,Bay City Rollers,Edinburgh,https://musicbrainz.org/artist/28cc1f98-add6-49d5-820a-ce973ee2954b,True,Bay City Rollers,"Edinburgh, Scotland",https://en.wikipedia.org/wiki/Bay_City_Rollers,True,corroborated_two_sources,,,not_reviewed,,,,confirmed,Edinburgh
399,The Charlatans,5fScAXreYFnuqwOgBsJgSd,Q1542958,498770,West Midlands,West Midlands,West Midlands,reported_place,https://www.wikidata.org/wiki/Q1542958,8434409e-baa9-4e12-b4aa-566a91c7d7cf,The Charlatans,West Midlands,https://musicbrainz.org/artist/8434409e-baa9-4e12-b4aa-566a91c7d7cf,True,The Charlatans (English band),"West Midlands, England",https://en.wikipedia.org/wiki/The_Charlatans_(English_band),True,corroborated_two_sources,,,not_reviewed,,,,confirmed,West Midlands
400,Bury Tomorrow,6BD4lgmnh4vy6kkCaZRDWt,Q1017202,497979,Southampton,Southampton,Southampton,reported_place,https://www.wikidata.org/wiki/Q1017202,95c4e9ef-291b-4f94-8bc9-2b00e76eacb0,Bury Tomorrow,Southampton,https://musicbrainz.org/artist/95c4e9ef-291b-4f94-8bc9-2b00e76eacb0,True,Bury Tomorrow,"Southampton, Hampshire, England",https://en.wikipedia.org/wiki/Bury_Tomorrow,True,corroborated_two_sources,,,not_reviewed,,,,confirmed,Southampton
401,Olive,0r2TmTSwK6XAhAxNxTDOb4,Q2019953,491693,London,London,London,reported_place,https://www.wikidata.org/wiki/Q2019953,39e82ca1-733e-4203-a00f-c6a70a371625,Olive,London,https://musicbrainz.org/artist/39e82ca1-733e-4203-a00f-c6a70a371625,True,Olive (band),"London, England",https://en.wikipedia.org/wiki/Olive_(band),True,corroborated_two_sources,,,not_reviewed,,,,confirmed,London
402,K-Klass,4O1s9iVG46lSn1mD9ek1ES,Q10313519,486338,,,,unresolved_generic_or_missing,https://www.wikidata.org/wiki/Q10313519,7462025c-ca8d-4bcd-8920-306369735123,K‐Klass,Wrexham,https://musicbrainz.org/artist/7462025c-ca8d-4bcd-8920-306369735123,False,K-Klass,"Wrexham, Wales and Chester, England",https://en.wikipedia.org/wiki/K-Klass,False,proposed_two_sources,Wrexham,medium,not_reviewed,,,,evidence_for_missing_claim,Wrexham
403,Cradle Of Filth,0NTSMFFapnyZfvmCwzcYPd,Q487479,484589,Suffolk,Suffolk,Suffolk,reported_place,https://www.wikidata.org/wiki/Q487479,7e26cbe1-b8f5-4215-af82-e43d5f8ff308,Cradle of Filth,Ipswich,https://musicbrainz.org/artist/7e26cbe1-b8f5-4215-af82-e43d5f8ff308,False,Cradle of Filth,"Suffolk, England",https://en.wikipedia.org/wiki/Cradle_of_Filth,True,corroborated_with_source_variation,,medium,not_reviewed,,,,source_variation,Suffolk
404,The English Beat,1eVEVL20zNLcGrPDOR691N,Q2165980,483379,Birmingham,Birmingham,Birmingham,reported_place,https://www.wikidata.org/wiki/Q2165980,9727e632-c228-47f8-a7ae-398df94f00c7,The Beat,Birmingham,https://musicbrainz.org/artist/9727e632-c228-47f8-a7ae-398df94f00c7,True,The Beat (British band),"Birmingham, England",https://en.wikipedia.org/wiki/The_Beat_(British_band),True,corroborated_two_sources,,,not_reviewed,,,,confirmed,Birmingham
405,December 10,3QvfzWcCo67s7bhOYEz5Tr,Q137673339,474904,,,,unresolved_generic_or_missing,https://www.wikidata.org/wiki/Q137673339,776ad7c1-5bb9-43cf-9e99-65af8714aed5,December 10,United Kingdom,https://musicbrainz.org/artist/776ad7c1-5bb9-43cf-9e99-65af8714aed5,,December 10 (group),"London, England",https://en.wikipedia.org/wiki/December_10_(group),False,proposed_one_source,London,medium,not_reviewed,,,,evidence_for_missing_claim,London
406,TENDER,1I9HNoVK6kOQGVZfulXVnm,Q60751165,469691,,,,unresolved_generic_or_missing,https://www.wikidata.org/wiki/Q60751165,bd299da7-d119-44ca-8858-e4a2e2b969d1,TENDER,London,https://musicbrainz.org/artist/bd299da7-d119-44ca-8858-e4a2e2b969d1,False,Tender (band),"London, England",https://en.wikipedia.org/wiki/Tender_(band),False,proposed_two_sources,London,medium,not_reviewed,,,,evidence_for_missing_claim,London
407,Gang Of Four,3AmWjMXXtBJOmNGpUFSOAl,Q1130624,469462,Leeds,Leeds,Leeds,reported_place,https://www.wikidata.org/wiki/Q1130624,d8661c02-f423-4d72-8044-40ff05daf7a1,Gang of Four,Leeds,https://musicbrainz.org/artist/d8661c02-f423-4d72-8044-40ff05daf7a1,True,Gang of Four (band),"Leeds, England",https://en.wikipedia.org/wiki/Gang_of_Four_(band),True,corroborated_two_sources,,,not_reviewed,,,,confirmed,Leeds
408,The Subways,4BntNFyiN3VGG4hhRRZt9d,Q1470472,467832,Welwyn Garden City,Welwyn Garden City,Welwyn Garden City,reported_place,https://www.wikidata.org/wiki/Q1470472,20e264d7-b4d5-4e49-8931-a9c67ff07f04,The Subways,Welwyn Garden City,https://musicbrainz.org/artist/20e264d7-b4d5-4e49-8931-a9c67ff07f04,True,The Subways,"Welwyn Garden City, Hertfordshire, England",https://en.wikipedia.org/wiki/The_Subways,True,corroborated_two_sources,,,not_reviewed,,,,confirmed,Welwyn Garden City
409,The Big Push,4AOiNpcmfXTiWDB3uFszgn,Q135854861,466052,Brighton,Brighton,Brighton,reported_place,https://www.wikidata.org/wiki/Q135854861,f683189d-aa34-4e77-9ee2-483c276aa910,The Big Push,,https://musicbrainz.org/artist/f683189d-aa34-4e77-9ee2-483c276aa910,,,,,,unverified,,low,not_reviewed,,,,unresolved,Brighton
410,WARGASM (UK),1NRudBLaT84LXxfsYdFMhB,Q108696271,465557,,,,unresolved_generic_or_missing,https://www.wikidata.org/wiki/Q108696271,7a3fc4e1-bec5-49f4-888a-0c32fee5071f,WARGASM,London,https://musicbrainz.org/artist/7a3fc4e1-bec5-49f4-888a-0c32fee5071f,False,Wargasm,"London, England",https://en.wikipedia.org/wiki/Wargasm,False,proposed_two_sources,London,medium,not_reviewed,,,,evidence_for_missing_claim,London
411,The Shadows,03hfAxVdAWj7kxDnSG0fLD,Q212168,463312,England,Cheshunt,Cheshunt,reviewed_override,https://www.wikidata.org/wiki/Q212168,c7cf4584-bfb1-4cf5-be41-aef384310bbb,The Shadows,Cheshunt,https://musicbrainz.org/artist/c7cf4584-bfb1-4cf5-be41-aef384310bbb,True,The Shadows,"London, England",https://en.wikipedia.org/wiki/The_Shadows,False,corroborated_with_source_variation,,medium,resolved,Cheshunt,https://www.allmusic.com/artist/the-shadows-mn0000496405,The group's roots and first performances as the Drifters were in Cheshunt; London was the professional breakout location.,resolved,Cheshunt
412,Saxon,71vVmHeNgCVSa5SVmfvscU,Q504090,460256,Barnsley,Barnsley,Barnsley,reported_place,https://www.wikidata.org/wiki/Q504090,bbd80354-597e-4d53-94e4-92b3a7cb8f2c,Saxon,Barnsley,https://musicbrainz.org/artist/bbd80354-597e-4d53-94e4-92b3a7cb8f2c,True,Saxon (band),"Barnsley, Yorkshire, England",https://en.wikipedia.org/wiki/Saxon_(band),True,corroborated_two_sources,,,not_reviewed,,,,confirmed,Barnsley
413,The Damned,6VeL8VhaMjHTPc5uovFl3h,Q940536,459791,London,London,London,reported_place,https://www.wikidata.org/wiki/Q940536,77d21c13-846f-4f48-9546-873949eff6ae,The Damned,London,https://musicbrainz.org/artist/77d21c13-846f-4f48-9546-873949eff6ae,True,The Damned (band),"London, England",https://en.wikipedia.org/wiki/The_Damned_(band),True,corroborated_two_sources,,,not_reviewed,,,,confirmed,London
414,Eternal,7zYGAXxAaq15C9eM29M8Fj,Q540500,453940,London,London,London,reported_place,https://www.wikidata.org/wiki/Q540500,7343056e-041e-4b28-a85a-58e8fb975136,Eternal,,https://musicbrainz.org/artist/7343056e-041e-4b28-a85a-58e8fb975136,,Eternal (group),"London, England",https://en.wikipedia.org/wiki/Eternal_(group),True,corroborated_one_source,,,not_reviewed,,,,confirmed,London
415,Mott The Hoople,6ysQi6NI88X627t2srsWz6,Q1126287,453631,Herefordshire,Herefordshire,Herefordshire,reported_place,https://www.wikidata.org/wiki/Q1126287,435f1441-0f43-479d-92db-a506449a686b,Mott the Hoople,Hereford,https://musicbrainz.org/artist/435f1441-0f43-479d-92db-a506449a686b,True,Mott the Hoople,"Hereford, Herefordshire, England",https://en.wikipedia.org/wiki/Mott_the_Hoople,True,corroborated_two_sources,,,not_reviewed,,,,confirmed,Herefordshire
416,Bleed From Within,5ZvwJikDgdP1PFU4PkAPVG,Q883441,451660,Glasgow,Glasgow,Glasgow,reported_place,https://www.wikidata.org/wiki/Q883441,385d80ab-cf87-46ed-b4c9-3ea8942993ef,Bleed From Within,Glasgow,https://musicbrainz.org/artist/385d80ab-cf87-46ed-b4c9-3ea8942993ef,True,Bleed from Within,"Glasgow, Scotland",https://en.wikipedia.org/wiki/Bleed_from_Within,True,corroborated_two_sources,,,not_reviewed,,,,confirmed,Glasgow
417,X-Press 2,1mlZXof4sEGLFspPzlQdFL,Q8041505,450693,London,London,London,reported_place,https://www.wikidata.org/wiki/Q8041505,96edeebb-d173-41e9-a1c2-5ae52959ab41,X‐Press 2,London,https://musicbrainz.org/artist/96edeebb-d173-41e9-a1c2-5ae52959ab41,True,X-Press 2,"London, England",https://en.wikipedia.org/wiki/X-Press_2,True,corroborated_two_sources,,,not_reviewed,,,,confirmed,London
418,Band Of Skulls,4ddt8PPvmWrI9mJQy1VrIG,Q2413479,446823,Southampton,Southampton,Southampton,reported_place,https://www.wikidata.org/wiki/Q2413479,1641141b-3c9c-4772-a5cc-7e23fdf17382,Band of Skulls,Southampton,https://musicbrainz.org/artist/1641141b-3c9c-4772-a5cc-7e23fdf17382,True,Band of Skulls,"Southampton, England",https://en.wikipedia.org/wiki/Band_of_Skulls,True,corroborated_two_sources,,,not_reviewed,,,,confirmed,Southampton
419,The Hoosiers,4LlDtNr8qFwhrT8eL2wzH4,Q634158,438135,Bracknell,Bracknell,Bracknell,reported_place,https://www.wikidata.org/wiki/Q634158,52fe888b-112f-4023-adc9-f8287f177f7a,The Hoosiers,Bracknell,https://musicbrainz.org/artist/52fe888b-112f-4023-adc9-f8287f177f7a,True,The Hoosiers,"Indianapolis, Indiana, U.S.",https://en.wikipedia.org/wiki/The_Hoosiers,False,corroborated_with_source_variation,,medium,not_reviewed,,,,source_variation,Bracknell
420,Mungo's Hi Fi,0Ism1B2cF9NxpXAwdUCkxK,Q6936028,436483,,,,unresolved_generic_or_missing,https://www.wikidata.org/wiki/Q6936028,8f4ebd72-0417-4c0b-9639-f4bd031bfb8d,Mungo’s Hi Fi,United Kingdom,https://musicbrainz.org/artist/8f4ebd72-0417-4c0b-9639-f4bd031bfb8d,,Mungo's Hi Fi,"Glasgow, Scotland",https://en.wikipedia.org/wiki/Mungo%27s_Hi_Fi,False,proposed_one_source,Glasgow,medium,not_reviewed,,,,evidence_for_missing_claim,Glasgow
421,East 17,6lOC7lwSO1ql4Gc2Y3QObY,Q1277715,434704,Walthamstow,Walthamstow,Walthamstow,reported_place,https://www.wikidata.org/wiki/Q1277715,ee20d564-25ca-4ef5-aba7-93a39f78ed60,East 17,Walthamstow,https://musicbrainz.org/artist/ee20d564-25ca-4ef5-aba7-93a39f78ed60,True,East 17,"Walthamstow, London, England",https://en.wikipedia.org/wiki/East_17,True,corroborated_two_sources,,,not_reviewed,,,,confirmed,Walthamstow
422,Ash,2evydP72Z45DouM4uMGsIE,Q724582,433333,Downpatrick,Downpatrick,Downpatrick,reported_place,https://www.wikidata.org/wiki/Q724582,99164692-c02d-407c-81c9-25d338dd21f4,Ash,Downpatrick,https://musicbrainz.org/artist/99164692-c02d-407c-81c9-25d338dd21f4,True,Ash (band),"Downpatrick, County Down, Northern Ireland",https://en.wikipedia.org/wiki/Ash_(band),True,corroborated_two_sources,,,not_reviewed,,,,confirmed,Downpatrick
423,SOFT PLAY,3xByNj8XW17oW0wsJhgzYL,Q19604547,433170,Royal Tunbridge Wells,Royal Tunbridge Wells,Royal Tunbridge Wells,reported_place,https://www.wikidata.org/wiki/Q19604547,e33c7d5a-7ad8-4ac8-a685-12e1a4e1d9c1|f7a98893-ae1a-4ad0-94ce-c4355d0b8e6d,SOFT PLAY,Royal Tunbridge Wells,https://musicbrainz.org/artist/e33c7d5a-7ad8-4ac8-a685-12e1a4e1d9c1|https://musicbrainz.org/artist/f7a98893-ae1a-4ad0-94ce-c4355d0b8e6d,True,Soft Play,"Royal Tunbridge Wells, Kent, England",https://en.wikipedia.org/wiki/Soft_Play,True,corroborated_two_sources,,,not_reviewed,,,,confirmed,Royal Tunbridge Wells
424,Small Faces,1YqGsKpdixxSVgpfaL2AEQ,Q222628,431362,London,London,London,reported_place,https://www.wikidata.org/wiki/Q222628,7771a68c-ef6a-400f-978d-64050d45a54c,Small Faces,London,https://musicbrainz.org/artist/7771a68c-ef6a-400f-978d-64050d45a54c,True,Small Faces,"London, England",https://en.wikipedia.org/wiki/Small_Faces,True,corroborated_two_sources,,,not_reviewed,,,,confirmed,London
425,Lambrini Girls,6VR4TJ20WGiho2xZWMuuWb,Q112123144,420857,,,,unresolved_generic_or_missing,https://www.wikidata.org/wiki/Q112123144,4eeea7eb-7554-48cb-9e50-c26d434ed9ef,Lambrini Girls,Brighton,https://musicbrainz.org/artist/4eeea7eb-7554-48cb-9e50-c26d434ed9ef,False,Lambrini Girls,"Brighton, East Sussex, England",https://en.wikipedia.org/wiki/Lambrini_Girls,False,proposed_two_sources,Brighton,medium,not_reviewed,,,,evidence_for_missing_claim,Brighton
426,Baby D,33ZOI0WTjYkLh5WuwucLhc,Q797832,418514,,,,unresolved_generic_or_missing,https://www.wikidata.org/wiki/Q797832,c13c02a1-6af4-4248-8e10-ae8c0213e19e,Baby D,London,https://musicbrainz.org/artist/c13c02a1-6af4-4248-8e10-ae8c0213e19e,False,Baby D (group),United Kingdom,https://en.wikipedia.org/wiki/Baby_D_(group),,proposed_one_source,London,medium,not_reviewed,,,,evidence_for_missing_claim,London
427,Yard Act,2h3ooJn8m8X8cL2g1BZ1Rd,Q110269845,416371,Leeds,Leeds,Leeds,reported_place,https://www.wikidata.org/wiki/Q110269845,c69af97b-4d3b-4f72-9746-829b6b9d5f88,Yard Act,Leeds,https://musicbrainz.org/artist/c69af97b-4d3b-4f72-9746-829b6b9d5f88,True,Yard Act,"Leeds, West Yorkshire, England",https://en.wikipedia.org/wiki/Yard_Act,True,corroborated_two_sources,,,not_reviewed,,,,confirmed,Leeds
428,The Herbaliser,1O7aMVbDeSXY2LiVBhb13w,Q2499301,415029,London,London,London,reported_place,https://www.wikidata.org/wiki/Q2499301,bf48d271-9595-4043-9064-52f43707d4ab,The Herbaliser,London,https://musicbrainz.org/artist/bf48d271-9595-4043-9064-52f43707d4ab,True,The Herbaliser,"London, England",https://en.wikipedia.org/wiki/The_Herbaliser,True,corroborated_two_sources,,,not_reviewed,,,,confirmed,London
429,Apollo 440,37f9cjf8Ic4t7vYNRYAzI7,Q619067,414420,Liverpool,Liverpool,Liverpool,reported_place,https://www.wikidata.org/wiki/Q619067,1ff10dff-7ac7-4e53-bc02-d5c3cbd8448b,Apollo 440,Liverpool,https://musicbrainz.org/artist/1ff10dff-7ac7-4e53-bc02-d5c3cbd8448b,True,Apollo 440,"Liverpool, England",https://en.wikipedia.org/wiki/Apollo_440,True,corroborated_two_sources,,,not_reviewed,,,,confirmed,Liverpool
430,Anathema,0ZXKT0FCsLWkSLCjoBJgBX,Q487396,413525,Liverpool,Liverpool,Liverpool,reported_place,https://www.wikidata.org/wiki/Q487396,20aa23e3-3532-42ca-acf6-e8c2e9df2688,Anathema,Liverpool,https://musicbrainz.org/artist/20aa23e3-3532-42ca-acf6-e8c2e9df2688,True,Anathema (band),"Liverpool, Merseyside, England",https://en.wikipedia.org/wiki/Anathema_(band),True,corroborated_two_sources,,,not_reviewed,,,,confirmed,Liverpool
431,Freestylers,0zg9mF9dX2knvdTKnL22T1,Q2384799,411981,,,,unresolved_generic_or_missing,https://www.wikidata.org/wiki/Q2384799,60dd8303-5ee8-4c99-a19c-009e07c17aeb,Freestylers,London,https://musicbrainz.org/artist/60dd8303-5ee8-4c99-a19c-009e07c17aeb,False,Freestylers,"London, England",https://en.wikipedia.org/wiki/Freestylers,False,proposed_two_sources,London,medium,not_reviewed,,,,evidence_for_missing_claim,London
432,Embrace,74K7bX12L8GBAWvPuyIgJ7,Q1335100,411812,Bailiff Bridge,Bailiff Bridge,Bailiff Bridge,reported_place,https://www.wikidata.org/wiki/Q1335100,77f049ad-f469-4ad1-8283-7a2606a6722e,Embrace,Bailiff Bridge,https://musicbrainz.org/artist/77f049ad-f469-4ad1-8283-7a2606a6722e,True,Embrace (English band),"Bailiff Bridge, West Yorkshire, England",https://en.wikipedia.org/wiki/Embrace_(English_band),True,corroborated_two_sources,,,not_reviewed,,,,confirmed,Bailiff Bridge
433,Maximo Park,048FBwXjFYBWxSggPDipic,Q833332,411159,Newcastle upon Tyne,Newcastle upon Tyne,Newcastle upon Tyne,reported_place,https://www.wikidata.org/wiki/Q833332,92e634a7-6023-4be8-be15-ebba822f5b34,Maxïmo Park,Newcastle upon Tyne,https://musicbrainz.org/artist/92e634a7-6023-4be8-be15-ebba822f5b34,True,Maxïmo Park,"Newcastle, Tyne and Wear, England",https://en.wikipedia.org/wiki/Max%C3%AFmo_Park,True,corroborated_two_sources,,,not_reviewed,,,,confirmed,Newcastle upon Tyne
434,Prefab Sprout,4w3QqrcmBv8dasemwBXmxf,Q1506813,410644,Witton Gilbert,Witton Gilbert,Witton Gilbert,reported_place,https://www.wikidata.org/wiki/Q1506813,1fd87f72-5fbf-4cad-bd9d-f2fec1359cfc,Prefab Sprout,Witton Gilbert,https://musicbrainz.org/artist/1fd87f72-5fbf-4cad-bd9d-f2fec1359cfc,True,Prefab Sprout,"Witton Gilbert, County Durham, England",https://en.wikipedia.org/wiki/Prefab_Sprout,True,corroborated_two_sources,,,not_reviewed,,,,confirmed,Witton Gilbert
435,Boston Manor,4WjeQi9wm84lYTIWZ95QoM,Q48700689,410364,Blackpool,Blackpool,Blackpool,reported_place,https://www.wikidata.org/wiki/Q48700689,cd584ea0-0fc5-412b-8598-0244c4025af6,Boston Manor,,https://musicbrainz.org/artist/cd584ea0-0fc5-412b-8598-0244c4025af6,,Boston Manor (band),"Blackpool, Lancashire, England",https://en.wikipedia.org/wiki/Boston_Manor_(band),True,corroborated_one_source,,,not_reviewed,,,,confirmed,Blackpool
436,The Farm,3lN1TG4RIoaJCff6Ck9KUR,Q1428876,408875,Liverpool,Liverpool,Liverpool,reported_place,https://www.wikidata.org/wiki/Q1428876,3eece87b-4e2f-4774-91cd-a7ed5fb0510e,The Farm,Liverpool,https://musicbrainz.org/artist/3eece87b-4e2f-4774-91cd-a7ed5fb0510e,True,The Farm (British band),"Liverpool, England",https://en.wikipedia.org/wiki/The_Farm_(British_band),True,corroborated_two_sources,,,not_reviewed,,,,confirmed,Liverpool
437,Superorganism,0Wkm45quqfx3NepJpXDvwE,Q47137654,402523,London,London,London,reported_place,https://www.wikidata.org/wiki/Q47137654,228ae4f7-2425-4b1f-9d24-78cb9e267651|56483e16-bb04-4130-a3a2-43c5386180b8|630bb722-6980-46c9-b39e-c8fca092da40|8e902b55-9751-46b8-a6fc-89866dc7b63a,B|Harry|Soul|Superorganism,London,https://musicbrainz.org/artist/228ae4f7-2425-4b1f-9d24-78cb9e267651|https://musicbrainz.org/artist/56483e16-bb04-4130-a3a2-43c5386180b8|https://musicbrainz.org/artist/630bb722-6980-46c9-b39e-c8fca092da40|https://musicbrainz.org/artist/8e902b55-9751-46b8-a6fc-89866dc7b63a,True,Superorganism (band),"London, England",https://en.wikipedia.org/wiki/Superorganism_(band),True,corroborated_two_sources,,,not_reviewed,,,,confirmed,London
438,Runrig,0ddfjKqJfbSiddqOvpZRWu,Q839817,402383,Scotland,Isle of Skye,Isle of Skye,reviewed_override,https://www.wikidata.org/wiki/Q839817,b55a7c9f-5a25-4a70-86ab-9dc07ff8dc10,Runrig,Skye,https://musicbrainz.org/artist/b55a7c9f-5a25-4a70-86ab-9dc07ff8dc10,True,Runrig,"Isle of Skye, Scotland",https://en.wikipedia.org/wiki/Runrig,True,corroborated_two_sources,,,resolved,Isle of Skye,https://en.wikipedia.org/wiki/Runrig,MusicBrainz 'Skye' and Wikipedia 'Isle of Skye' are the same place.,resolved,Isle of Skye
439,Incognito,5moJNCJeiNwuQAhDLJXULs,Q615207,401799,London,London,London,reported_place,https://www.wikidata.org/wiki/Q615207,68fb131b-858d-4b7f-93b8-5b1924908421,Incognito,London,https://musicbrainz.org/artist/68fb131b-858d-4b7f-93b8-5b1924908421,True,Incognito (band),"London, England",https://en.wikipedia.org/wiki/Incognito_(band),True,corroborated_two_sources,,,not_reviewed,,,,confirmed,London
440,Electric Wizard,4htjQW3lgIwL6fEJlTOez4,Q1325974,401179,Dorset,Dorset,Dorset,reported_place,https://www.wikidata.org/wiki/Q1325974,da7d57e6-0619-4f0f-8d15-d0b4195c3f55,Electric Wizard,Dorset,https://musicbrainz.org/artist/da7d57e6-0619-4f0f-8d15-d0b4195c3f55,True,Electric Wizard,"Dorset, England",https://en.wikipedia.org/wiki/Electric_Wizard,True,corroborated_two_sources,,,not_reviewed,,,,confirmed,Dorset
441,Racey,1W4SfNO5hb1tdX0wQ87zxl,Q922363,401016,Weston-super-Mare,Weston-super-Mare,Weston-super-Mare,reported_place,https://www.wikidata.org/wiki/Q922363,52c06bab-56f7-4646-8c78-d1771ae7d438,Racey,,https://musicbrainz.org/artist/52c06bab-56f7-4646-8c78-d1771ae7d438,,Racey,"Weston-super-Mare, Somerset, England",https://en.wikipedia.org/wiki/Racey,True,corroborated_one_source,,,not_reviewed,,,,confirmed,Weston-super-Mare
442,Gloryhammer,7dkEByOe0oHqc54qU4hwzV,Q11838832,399088,Scotland,,Scotland,reported_place,https://www.wikidata.org/wiki/Q11838832,85997032-ff48-4383-b86a-a920d4230a0b,Gloryhammer,,https://musicbrainz.org/artist/85997032-ff48-4383-b86a-a920d4230a0b,,Gloryhammer,United Kingdom,https://en.wikipedia.org/wiki/Gloryhammer,,unresolved,,low,not_reviewed,,,,unresolved,
443,Young Fathers,5mZC7ndY6oGMxJentRwsuV,Q8058113,397759,Edinburgh,Edinburgh,Edinburgh,reported_place,https://www.wikidata.org/wiki/Q8058113,24aa5c20-a275-468a-93a9-b3d96b344b6c,Young Fathers,Edinburgh,https://musicbrainz.org/artist/24aa5c20-a275-468a-93a9-b3d96b344b6c,True,Young Fathers,"Edinburgh, Scotland",https://en.wikipedia.org/wiki/Young_Fathers,True,corroborated_two_sources,,,not_reviewed,,,,confirmed,Edinburgh
444,Public Image Ltd.,70MMkLXtue3Edj3RJhJkYp,Q845265,397001,London,London,London,reported_place,https://www.wikidata.org/wiki/Q845265,68950696-ee9a-49b2-a8c2-d1d6c19355cc,Public Image Ltd,London,https://musicbrainz.org/artist/68950696-ee9a-49b2-a8c2-d1d6c19355cc,True,Public Image Ltd,"London, England",https://en.wikipedia.org/wiki/Public_Image_Ltd,True,corroborated_two_sources,,,not_reviewed,,,,confirmed,London
445,The Maccabees,0vW8z9pZMGCcRtGPGtyqiB,Q174627,394513,London,London,London,reported_place,https://www.wikidata.org/wiki/Q174627,83b86967-6b1a-4ca8-9cf0-c7cfe047ef3f,The Maccabees,Brighton,https://musicbrainz.org/artist/83b86967-6b1a-4ca8-9cf0-c7cfe047ef3f,False,The Maccabees (band),"London, England",https://en.wikipedia.org/wiki/The_Maccabees_(band),True,corroborated_with_source_variation,,medium,not_reviewed,,,,source_variation,London
446,Pale Waves,0wOej91SVqB1zcYkW6xUtA,Q45964015,390813,Manchester,Manchester,Manchester,reported_place,https://www.wikidata.org/wiki/Q45964015,323454b0-ec2b-4433-8477-2e81ddaac9ef,Pale Waves,Manchester,https://musicbrainz.org/artist/323454b0-ec2b-4433-8477-2e81ddaac9ef,True,Pale Waves,"Manchester, England",https://en.wikipedia.org/wiki/Pale_Waves,True,corroborated_two_sources,,,not_reviewed,,,,confirmed,Manchester
447,Leftfield,72hqBMsw7x5jnfxxwkii8L,Q277479,390024,London,London,London,reported_place,https://www.wikidata.org/wiki/Q277479,369fbad4-6fa4-4dae-9842-a69826cd359d,Leftfield,London,https://musicbrainz.org/artist/369fbad4-6fa4-4dae-9842-a69826cd359d,True,Leftfield,"London, England",https://en.wikipedia.org/wiki/Leftfield,True,corroborated_two_sources,,,not_reviewed,,,,confirmed,London
448,Kula Shaker,6bGcpvHbRHg8s0wiNyIZK1,Q611878,387963,London,London,London,reported_place,https://www.wikidata.org/wiki/Q611878,9403a688-503e-464e-bb37-84626c57bb42,Kula Shaker,London,https://musicbrainz.org/artist/9403a688-503e-464e-bb37-84626c57bb42,True,Kula Shaker,"London, England",https://en.wikipedia.org/wiki/Kula_Shaker,True,corroborated_two_sources,,,not_reviewed,,,,confirmed,London
449,The Durutti Column,7fh7bwX9qV60tLxxsp9bTe,Q1724658,384367,Manchester,Manchester,Manchester,reported_place,https://www.wikidata.org/wiki/Q1724658,aaddb5e3-f8a5-4a9d-8674-f885112ecf0e,The Durutti Column,Manchester,https://musicbrainz.org/artist/aaddb5e3-f8a5-4a9d-8674-f885112ecf0e,True,The Durutti Column,"Greater Manchester, England",https://en.wikipedia.org/wiki/The_Durutti_Column,True,corroborated_two_sources,,,not_reviewed,,,,confirmed,Manchester
450,Ant & Dec,2gmeFH5Iz8UEA7K0OHDePQ,Q3596068,382816,,,,unresolved_generic_or_missing,https://www.wikidata.org/wiki/Q3596068,933cca5e-abac-4c41-a764-d4c22c9637d1,Ant & Dec,,https://musicbrainz.org/artist/933cca5e-abac-4c41-a764-d4c22c9637d1,,Ant & Dec,,https://en.wikipedia.org/wiki/Ant_%26_Dec,,unresolved,,low,not_reviewed,,,,unresolved,
451,Lush,3ysp8GwsheDcBxP9q65lBg,Q1668512,382347,London,London,London,reported_place,https://www.wikidata.org/wiki/Q1668512,697801d1-68b2-4413-a7e4-0ef507d21cc1,Lush,London,https://musicbrainz.org/artist/697801d1-68b2-4413-a7e4-0ef507d21cc1,True,Lush (band),"London, England",https://en.wikipedia.org/wiki/Lush_(band),True,corroborated_two_sources,,,not_reviewed,,,,confirmed,London
452,Republica,06YQ6XwCdPUn8rAXV70gge,Q2139991,382250,Windsor,Windsor,Windsor,reported_place,https://www.wikidata.org/wiki/Q2139991,78b8347b-a1e2-4e36-a917-92d632a62c18,Republica,Windsor,https://musicbrainz.org/artist/78b8347b-a1e2-4e36-a917-92d632a62c18,True,Republica,"Windsor, Berkshire, England",https://en.wikipedia.org/wiki/Republica,True,corroborated_two_sources,,,not_reviewed,,,,confirmed,Windsor
453,Cast,0vBDEQ1aLZpe4zgn2fPH6Z,Q780072,381917,Liverpool,Liverpool,Liverpool,reported_place,https://www.wikidata.org/wiki/Q780072,a6f84719-b3da-42f0-be81-8fe03545efed,Cast,Liverpool,https://musicbrainz.org/artist/a6f84719-b3da-42f0-be81-8fe03545efed,True,Cast (band),"Liverpool, England",https://en.wikipedia.org/wiki/Cast_(band),True,corroborated_two_sources,,,not_reviewed,,,,confirmed,Liverpool
454,Mojave 3,4jSYHcSo85heWskYvAULio,Q656978,381875,United Kingdom,,,unresolved_generic_or_missing,https://www.wikidata.org/wiki/Q656978,abf74786-2f3e-47e0-ae68-69a55c13909a,Mojave 3,London,https://musicbrainz.org/artist/abf74786-2f3e-47e0-ae68-69a55c13909a,False,Mojave 3,United Kingdom,https://en.wikipedia.org/wiki/Mojave_3,,proposed_one_source,London,medium,not_reviewed,,,,evidence_for_missing_claim,London
455,Cassia,2413I9w4sRbBz4zi5zgwjX,Q123148190,377418,Macclesfield,Macclesfield,Macclesfield,reported_place,https://www.wikidata.org/wiki/Q123148190,4619c6b2-11d0-443d-bc61-a218b437e6dd,Cassia,Macclesfield,https://musicbrainz.org/artist/4619c6b2-11d0-443d-bc61-a218b437e6dd,True,,,,,corroborated_one_source,,,not_reviewed,,,,confirmed,Macclesfield
456,Mogwai,34UhPkLbtFKRq3nmfFgejG,Q645980,370209,Glasgow,Glasgow,Glasgow,reported_place,https://www.wikidata.org/wiki/Q645980,d700b3f5-45af-4d02-95ed-57d301bda93e,Mogwai,Glasgow,https://musicbrainz.org/artist/d700b3f5-45af-4d02-95ed-57d301bda93e,True,Mogwai,"Glasgow, Scotland",https://en.wikipedia.org/wiki/Mogwai,True,corroborated_two_sources,,,not_reviewed,,,,confirmed,Glasgow
457,Electronic,3xYNGCooNIzKMAtJYKSOyq,Q624661,367540,Manchester,Manchester,Manchester,reported_place,https://www.wikidata.org/wiki/Q624661,3cdb360e-d0a2-459f-92f6-f0f28e62127d,Electronic,Manchester,https://musicbrainz.org/artist/3cdb360e-d0a2-459f-92f6-f0f28e62127d,True,Electronic (band),"Manchester and Salford, England",https://en.wikipedia.org/wiki/Electronic_(band),True,corroborated_two_sources,,,not_reviewed,,,,confirmed,Manchester
458,Modestep,5zYJziKktyqWwmoAWXrShP,Q1860033,363041,,,,unresolved_generic_or_missing,https://www.wikidata.org/wiki/Q1860033,04ef7efd-f54e-49b2-a367-bc4ed6c172f0,Modestep,,https://musicbrainz.org/artist/04ef7efd-f54e-49b2-a367-bc4ed6c172f0,,Modestep,"London, England, United Kingdom",https://en.wikipedia.org/wiki/Modestep,False,proposed_one_source,London,medium,not_reviewed,,,,evidence_for_missing_claim,London
459,Fluke,2YzUXecwzcOdlJsnpnJfkJ,Q631226,358816,Buckinghamshire,Buckinghamshire,Buckinghamshire,reported_place,https://www.wikidata.org/wiki/Q631226,3c3d3ad8-3935-4c00-affb-768563916f36,Fluke,Buckinghamshire,https://musicbrainz.org/artist/3c3d3ad8-3935-4c00-affb-768563916f36,True,Fluke (band),"Beaconsfield, Buckinghamshire, England",https://en.wikipedia.org/wiki/Fluke_(band),True,corroborated_two_sources,,,not_reviewed,,,,confirmed,Buckinghamshire
460,Temples,4ogwGU9VPWrnVBs1GEwZVV,Q14832136,356937,Kettering,Kettering,Kettering,reported_place,https://www.wikidata.org/wiki/Q14832136,1916fc94-bf9c-4ba2-90b0-22ebb5444d57,Temples,Kettering,https://musicbrainz.org/artist/1916fc94-bf9c-4ba2-90b0-22ebb5444d57,True,Temples (band),"Kettering, England",https://en.wikipedia.org/wiki/Temples_(band),True,corroborated_two_sources,,,not_reviewed,,,,confirmed,Kettering
461,The Searchers,4QmkLL9JOqM9dusHS1Hghe,Q1132434,355906,Liverpool,Liverpool,Liverpool,reported_place,https://www.wikidata.org/wiki/Q1132434,a9399880-5587-457c-bc87-8c81fcf57cb1,The Searchers,,https://musicbrainz.org/artist/a9399880-5587-457c-bc87-8c81fcf57cb1,,The Searchers (band),"Liverpool, England",https://en.wikipedia.org/wiki/The_Searchers_(band),True,corroborated_one_source,,,not_reviewed,,,,confirmed,Liverpool
462,Hot Milk,1koutXdSFq2PHqtxSWj9tK,Q115247043,353065,,,,unresolved_generic_or_missing,https://www.wikidata.org/wiki/Q115247043,0b719097-a77d-46aa-b93a-9b28491333c3,Hot Milk,Manchester,https://musicbrainz.org/artist/0b719097-a77d-46aa-b93a-9b28491333c3,False,Hot Milk (band),"Manchester, England",https://en.wikipedia.org/wiki/Hot_Milk_(band),False,proposed_two_sources,Manchester,medium,not_reviewed,,,,evidence_for_missing_claim,Manchester
463,Django Django,2ARO60gI5do88ho6azmzab,Q328221,347616,London,London,London,reported_place,https://www.wikidata.org/wiki/Q328221,4bfce038-b1a0-4bc4-abe1-b679ab900f03,Django Django,London,https://musicbrainz.org/artist/4bfce038-b1a0-4bc4-abe1-b679ab900f03,True,Django Django,"London, England",https://en.wikipedia.org/wiki/Django_Django,True,corroborated_two_sources,,,not_reviewed,,,,confirmed,London
464,The KLF,6dYrdRlNZSKaVxYg5IrvCH,Q741316,343591,London,London,London,reported_place,https://www.wikidata.org/wiki/Q741316,8092b8b7-235e-4844-9f72-95a9d5a73dbf,The KLF,Liverpool,https://musicbrainz.org/artist/8092b8b7-235e-4844-9f72-95a9d5a73dbf,False,The KLF,"Liverpool and London, UK",https://en.wikipedia.org/wiki/The_KLF,True,corroborated_with_source_variation,,medium,not_reviewed,,,,source_variation,London
465,Heaven 17,5PYuBRQMHh7nWmdV076sH9,Q741663,342911,Sheffield,Sheffield,Sheffield,reported_place,https://www.wikidata.org/wiki/Q741663,0796f847-09ca-4526-b17e-44390dd536ba,Heaven 17,Sheffield,https://musicbrainz.org/artist/0796f847-09ca-4526-b17e-44390dd536ba,True,Heaven 17,"Sheffield, England",https://en.wikipedia.org/wiki/Heaven_17,True,corroborated_two_sources,,,not_reviewed,,,,confirmed,Sheffield
466,Babybird,1QCANeffsBIHjzhMqUIxBh,Q116385,342115,Sheffield,Sheffield,Sheffield,reported_place,https://www.wikidata.org/wiki/Q116385,93aaa233-6b5f-41bf-bfe8-70cf1552c218,Babybird,Sheffield,https://musicbrainz.org/artist/93aaa233-6b5f-41bf-bfe8-70cf1552c218,True,Babybird,"Sheffield, England",https://en.wikipedia.org/wiki/Babybird,True,corroborated_two_sources,,,not_reviewed,,,,confirmed,Sheffield
467,Fred V & Grafix,1wzBqAvtFexgKHjt7i3ena,Q13431488,340452,,,,unresolved_generic_or_missing,https://www.wikidata.org/wiki/Q13431488,d01d66ae-be95-42c3-86c4-fff502690a33,Fred V & Grafix,,https://musicbrainz.org/artist/d01d66ae-be95-42c3-86c4-fff502690a33,,Fred V & Grafix,"Exeter, Devon, England, United Kingdom",https://en.wikipedia.org/wiki/Fred_V_%26_Grafix,False,proposed_one_source,Exeter,medium,not_reviewed,,,,evidence_for_missing_claim,Exeter
468,Sleaford Mods,0otAqZw8htTsGHfqR491Yh,Q18162306,336962,,,,unresolved_generic_or_missing,https://www.wikidata.org/wiki/Q18162306,09d8290b-6ada-422f-8ce3-19349fb1c15d,Sleaford Mods,Nottingham,https://musicbrainz.org/artist/09d8290b-6ada-422f-8ce3-19349fb1c15d,False,Sleaford Mods,"Nottingham, England",https://en.wikipedia.org/wiki/Sleaford_Mods,False,proposed_two_sources,Nottingham,medium,not_reviewed,,,,evidence_for_missing_claim,Nottingham
469,Paradise Lost,0gIo6kGl4KsCeIbqtZVHYp,Q750593,336657,Halifax,Halifax,Halifax,reported_place,https://www.wikidata.org/wiki/Q750593,10bf95b6-30e3-44f1-817f-45762cdc0de0,Paradise Lost,Halifax,https://musicbrainz.org/artist/10bf95b6-30e3-44f1-817f-45762cdc0de0,True,Paradise Lost (band),"Halifax, West Yorkshire, England",https://en.wikipedia.org/wiki/Paradise_Lost_(band),True,corroborated_two_sources,,,not_reviewed,,,,confirmed,Halifax
470,The Real Tuesday Weld,12KsgeavNVg66cW2frw3j2,Q3522451,334907,,,,unresolved_generic_or_missing,https://www.wikidata.org/wiki/Q3522451,df33b7ec-1293-473b-b582-29d2c2514cc6,The Real Tuesday Weld,,https://musicbrainz.org/artist/df33b7ec-1293-473b-b582-29d2c2514cc6,,The Real Tuesday Weld,United Kingdom,https://en.wikipedia.org/wiki/The_Real_Tuesday_Weld,,unresolved,,low,not_reviewed,,,,unresolved,
471,Lamb,08YvZ2qzFrDSITfHLbPKMP,Q1259392,332261,Manchester,Manchester,Manchester,reported_place,https://www.wikidata.org/wiki/Q1259392,0d4bc6e5-2a3e-4fdf-8bbf-59ad0bc374d7,Lamb,Manchester,https://musicbrainz.org/artist/0d4bc6e5-2a3e-4fdf-8bbf-59ad0bc374d7,True,Lamb (electronic band),"Manchester, England",https://en.wikipedia.org/wiki/Lamb_(electronic_band),True,corroborated_two_sources,,,not_reviewed,,,,confirmed,Manchester
472,Shakespears Sister,7ooOn6bokl4mGV4CEaUz6A,Q527789,331052,London,London,London,reported_place,https://www.wikidata.org/wiki/Q527789,4f20b3e2-adda-4063-a43b-2432ddf9ba8d,Shakespears Sister,London,https://musicbrainz.org/artist/4f20b3e2-adda-4063-a43b-2432ddf9ba8d,True,Shakespears Sister,"London, England",https://en.wikipedia.org/wiki/Shakespears_Sister,True,corroborated_two_sources,,,not_reviewed,,,,confirmed,London
473,Adam & The Ants,2DppeCnNtvrLfEobq9Pw5r,Q1798554,328644,London,London,London,reported_place,https://www.wikidata.org/wiki/Q1798554,75d4f194-969c-4538-b789-742f3eb3d02c,Adam and the Ants,London,https://musicbrainz.org/artist/75d4f194-969c-4538-b789-742f3eb3d02c,True,Adam and the Ants,"London, England",https://en.wikipedia.org/wiki/Adam_and_the_Ants,True,corroborated_two_sources,,,not_reviewed,,,,confirmed,London
474,Shed Seven,3iejrAcqxYoVgyxp6zkWgs,Q2277663,327277,York,York,York,reported_place,https://www.wikidata.org/wiki/Q2277663,4d8650ba-b4ed-4307-a6c8-368eb646210b,Shed Seven,York,https://musicbrainz.org/artist/4d8650ba-b4ed-4307-a6c8-368eb646210b,True,Shed Seven,"York, England",https://en.wikipedia.org/wiki/Shed_Seven,True,corroborated_two_sources,,,not_reviewed,,,,confirmed,York
475,The Beta Band,2LMR8u7DOMF0FBseDpTsRa,Q1775665,325029,Edinburgh,St Andrews,St Andrews,reviewed_override,https://www.wikidata.org/wiki/Q1775665,0d82f0cd-107a-403f-a726-ac7287cbea65,The Beta Band,St Andrews,https://musicbrainz.org/artist/0d82f0cd-107a-403f-a726-ac7287cbea65,True,The Beta Band,"St Andrews, Fife, Scotland",https://en.wikipedia.org/wiki/The_Beta_Band,True,corroborated_two_sources,,,corrected,St Andrews,https://en.wikipedia.org/wiki/The_Beta_Band,Both external origin sources identify St Andrews.,corrected,St Andrews
476,The Honeydrippers,7J7YRBSoiXpdTmcbkKZL2C,Q648841,321812,Worcestershire,Worcestershire,Worcestershire,reported_place,https://www.wikidata.org/wiki/Q648841,10c058a2-41e6-4f64-8cdd-fa3c7f2be9c0,The Honeydrippers,Worcestershire,https://musicbrainz.org/artist/10c058a2-41e6-4f64-8cdd-fa3c7f2be9c0,True,The Honeydrippers,England,https://en.wikipedia.org/wiki/The_Honeydrippers,,corroborated_one_source,,,not_reviewed,,,,confirmed,Worcestershire
477,Archive,1Q776wzj2mrtXrNu3iH6nk,Q635772,318451,London,London,London,reported_place,https://www.wikidata.org/wiki/Q635772,bd513de0-e42f-425e-ae46-817d7bc5fb1c,Archive,London,https://musicbrainz.org/artist/bd513de0-e42f-425e-ae46-817d7bc5fb1c,True,Archive (band),"London, England",https://en.wikipedia.org/wiki/Archive_(band),True,corroborated_two_sources,,,not_reviewed,,,,confirmed,London
478,Dodgy,1dekSPU23UC5hw5b8Uxk9W,Q1234401,318066,Hounslow,Hounslow,Hounslow,reported_place,https://www.wikidata.org/wiki/Q1234401,9e82fd1f-b102-4890-a5f1-ed0af912fe01,Dodgy,Hounslow,https://musicbrainz.org/artist/9e82fd1f-b102-4890-a5f1-ed0af912fe01,True,Dodgy,"Hounslow, London, England",https://en.wikipedia.org/wiki/Dodgy,True,corroborated_two_sources,,,not_reviewed,,,,confirmed,Hounslow
479,Everything Everything,1HOeqtP7tHkKNJNLzQ2tnr,Q1382296,317529,Manchester,Manchester,Manchester,reported_place,https://www.wikidata.org/wiki/Q1382296,251e10fb-4ed1-4a79-8655-7f22d461a689,Everything Everything,Manchester,https://musicbrainz.org/artist/251e10fb-4ed1-4a79-8655-7f22d461a689,True,Everything Everything,"Salford, England",https://en.wikipedia.org/wiki/Everything_Everything,False,corroborated_with_source_variation,,medium,not_reviewed,,,,source_variation,Manchester
480,Liberty X,6htUPs3clIStnkvg5jimKZ,Q1823053,317064,London,London,London,reported_place,https://www.wikidata.org/wiki/Q1823053,02db9e84-a750-4d22-b5b1-c769e698dc6c,Liberty X,London,https://musicbrainz.org/artist/02db9e84-a750-4d22-b5b1-c769e698dc6c,True,Liberty X,"London, England",https://en.wikipedia.org/wiki/Liberty_X,True,corroborated_two_sources,,,not_reviewed,,,,confirmed,London
481,John Mayall & The Bluesbreakers,2ScuQMRWThcifBRIvNDFDC,Q886072,316818,,,,unresolved_generic_or_missing,https://www.wikidata.org/wiki/Q886072,4756395c-57ed-4a63-afb2-01117f14dff6,John Mayall & the Bluesbreakers,London,https://musicbrainz.org/artist/4756395c-57ed-4a63-afb2-01117f14dff6,False,John Mayall & the Bluesbreakers,"London, England",https://en.wikipedia.org/wiki/John_Mayall_%26_the_Bluesbreakers,False,proposed_two_sources,London,medium,not_reviewed,,,,evidence_for_missing_claim,London
482,Love and Rockets,09mvgMBvJkxarNIDGdwPWg,Q643299,313702,Northampton,Northampton,Northampton,reported_place,https://www.wikidata.org/wiki/Q643299,8cb3aa4a-3b4c-48b8-be0a-e57010fc1430,Love and Rockets,Northampton,https://musicbrainz.org/artist/8cb3aa4a-3b4c-48b8-be0a-e57010fc1430,True,Love and Rockets (band),"Northampton, England",https://en.wikipedia.org/wiki/Love_and_Rockets_(band),True,corroborated_two_sources,,,not_reviewed,,,,confirmed,Northampton
483,Layo & Bushwacka!,4XO18kRHLT6F5RhomZGrpc,Q3219976,313503,,,,unresolved_generic_or_missing,https://www.wikidata.org/wiki/Q3219976,b7ba42de-12d3-4767-b7c3-aff86e60830d,Layo & Bushwacka!,London,https://musicbrainz.org/artist/b7ba42de-12d3-4767-b7c3-aff86e60830d,False,Layo & Bushwacka!,"London, England",https://en.wikipedia.org/wiki/Layo_%26_Bushwacka%21,False,proposed_two_sources,London,medium,not_reviewed,,,,evidence_for_missing_claim,London
484,Matt Bianco,1WQky50vkzSvSCUl0ejWqb,Q1758107,312847,,,,unresolved_generic_or_missing,https://www.wikidata.org/wiki/Q1758107,781435a6-5c6c-4a21-871f-facdb9e60a44,Matt Bianco,,https://musicbrainz.org/artist/781435a6-5c6c-4a21-871f-facdb9e60a44,,Matt Bianco,United Kingdom,https://en.wikipedia.org/wiki/Matt_Bianco,,unresolved,,low,not_reviewed,,,,unresolved,
485,China Crisis,0WUphJOGHE5i95IeR87hsO,Q1073261,306242,Kirkby,Kirkby,Kirkby,reported_place,https://www.wikidata.org/wiki/Q1073261,8432d4a5-69c0-4a0e-8a7a-9265e863a308,China Crisis,Knowsley,https://musicbrainz.org/artist/8432d4a5-69c0-4a0e-8a7a-9265e863a308,False,China Crisis,"Kirkby, Merseyside, England",https://en.wikipedia.org/wiki/China_Crisis,True,corroborated_with_source_variation,,medium,not_reviewed,,,,source_variation,Kirkby
486,Sundara Karma,4fgXfJCQnK6c44u4KzAtQP,Q29862757,305536,Reading,Reading,Reading,reported_place,https://www.wikidata.org/wiki/Q29862757,ba3f1845-72c8-4122-850f-1a3a8f4bfe49,Sundara Karma,Reading,https://musicbrainz.org/artist/ba3f1845-72c8-4122-850f-1a3a8f4bfe49,True,Sundara Karma,"Reading, Berkshire, England",https://en.wikipedia.org/wiki/Sundara_Karma,True,corroborated_two_sources,,,not_reviewed,,,,confirmed,Reading
487,Camel,3Uz6jx81OY2J5K8Z4wmy2P,Q612471,305476,Guildford,Guildford,Guildford,reported_place,https://www.wikidata.org/wiki/Q612471,94b7a39b-f3cc-4796-90dd-b1786a62877e,Camel,Guildford,https://musicbrainz.org/artist/94b7a39b-f3cc-4796-90dd-b1786a62877e,True,Camel (band),"Guildford, Surrey, England",https://en.wikipedia.org/wiki/Camel_(band),True,corroborated_two_sources,,,not_reviewed,,,,confirmed,Guildford
488,Nuages,30tUlKZ8oLo0BnN6n0GZKD,Q59418184,303990,,,,unresolved_generic_or_missing,https://www.wikidata.org/wiki/Q59418184,602e82fe-e22c-4f2e-ab9f-d84b3580d0fc,nuages,,https://musicbrainz.org/artist/602e82fe-e22c-4f2e-ab9f-d84b3580d0fc,,,,,,unresolved,,low,not_reviewed,,,,unresolved,
489,Carcass,5lhaM01nwvsMZpmPY2HVER,Q283835,303826,Liverpool,Liverpool,Liverpool,reported_place,https://www.wikidata.org/wiki/Q283835,d50a4b89-ff1f-4659-9fde-f76f8d5b3c89,Carcass,Liverpool,https://musicbrainz.org/artist/d50a4b89-ff1f-4659-9fde-f76f8d5b3c89,True,Carcass (band),"Liverpool, England",https://en.wikipedia.org/wiki/Carcass_(band),True,corroborated_two_sources,,,not_reviewed,,,,confirmed,Liverpool
490,Barclay James Harvest,2pVMD4bFwl4AyoYyyo51Qg,Q807957,303511,Oldham,Oldham,Oldham,reported_place,https://www.wikidata.org/wiki/Q807957,3ab1e5df-cd3b-479e-a756-3f326cea5572,Barclay James Harvest,Oldham,https://musicbrainz.org/artist/3ab1e5df-cd3b-479e-a756-3f326cea5572,True,Barclay James Harvest,"Oldham, England",https://en.wikipedia.org/wiki/Barclay_James_Harvest,True,corroborated_two_sources,,,not_reviewed,,,,confirmed,Oldham
491,Cliff Richard & The Shadows,4IdvJZeciaa37wYr2qBpjm,Q46510292,303431,,,,unresolved_generic_or_missing,https://www.wikidata.org/wiki/Q46510292,,,,,,,,,,unresolved,,low,not_reviewed,,,,unresolved,
492,911,3H7pODXycF821OnRyAw2VT,Q3648767,302164,,,,unresolved_generic_or_missing,https://www.wikidata.org/wiki/Q3648767,d71881a2-a7b7-4fcb-b15d-ff52463a04db,911,,https://musicbrainz.org/artist/d71881a2-a7b7-4fcb-b15d-ff52463a04db,,911 (group),"Carlisle, England, UK",https://en.wikipedia.org/wiki/911_(group),False,proposed_one_source,Carlisle,medium,not_reviewed,,,,evidence_for_missing_claim,Carlisle
493,Fairground Attraction,1sAkg8871iPVI0wPbOfIZa,Q238641,301377,,,,unresolved_generic_or_missing,https://www.wikidata.org/wiki/Q238641,63f4a78d-009d-4579-98f6-810d15f18397,Fairground Attraction,London,https://musicbrainz.org/artist/63f4a78d-009d-4579-98f6-810d15f18397,False,Fairground Attraction,"London, England",https://en.wikipedia.org/wiki/Fairground_Attraction,False,proposed_two_sources,London,medium,not_reviewed,,,,evidence_for_missing_claim,London
494,Catatonia,4Bgfzia8wyaGaTn42egzTv,Q1050456,301265,Cardiff,Cardiff,Cardiff,reported_place,https://www.wikidata.org/wiki/Q1050456,095b2041-4975-4ba3-a92e-53fa3459107f,Catatonia,Cardiff,https://musicbrainz.org/artist/095b2041-4975-4ba3-a92e-53fa3459107f,True,Catatonia (band),"Cardiff, Wales",https://en.wikipedia.org/wiki/Catatonia_(band),True,corroborated_two_sources,,,not_reviewed,,,,confirmed,Cardiff
495,Johnny Kidd & The Pirates,52y1cRHUkI0kQqIXCg6JuZ,Q6669284,300280,London,London,London,reported_place,https://www.wikidata.org/wiki/Q6669284,28dc7c32-8c77-43c8-8156-5c92bba8ae87,Johnny Kidd and the Pirates,London,https://musicbrainz.org/artist/28dc7c32-8c77-43c8-8156-5c92bba8ae87,True,Johnny Kidd & the Pirates,"London, England",https://en.wikipedia.org/wiki/Johnny_Kidd_%26_the_Pirates,True,corroborated_two_sources,,,not_reviewed,,,,confirmed,London
496,Funeral For A Friend,4AbDWrmJPSOeIbT2Ou60ik,Q916973,298448,Bridgend,Bridgend,Bridgend,reported_place,https://www.wikidata.org/wiki/Q916973,199d0ab3-22c0-4c00-b99d-257f591dda1f,Funeral for a Friend,Bridgend,https://musicbrainz.org/artist/199d0ab3-22c0-4c00-b99d-257f591dda1f,True,Funeral for a Friend,"Bridgend, Wales",https://en.wikipedia.org/wiki/Funeral_for_a_Friend,True,corroborated_two_sources,,,not_reviewed,,,,confirmed,Bridgend
497,Nailbomb,4Q6EFOghPrRjdwsF4p7Nzm,Q1470712,297670,,,,unresolved_generic_or_missing,https://www.wikidata.org/wiki/Q1470712,03d46d6b-adf7-4cd7-9b30-7c29063b06b3,Nailbomb,Phoenix,https://musicbrainz.org/artist/03d46d6b-adf7-4cd7-9b30-7c29063b06b3,False,Nailbomb,,https://en.wikipedia.org/wiki/Nailbomb,,proposed_one_source,Phoenix,medium,not_reviewed,,,,evidence_for_missing_claim,Phoenix
498,Ride,0WPY9nnBy01s5QOt4o4oQX,Q4371,296215,Oxford,Oxford,Oxford,reported_place,https://www.wikidata.org/wiki/Q4371,3f575ecd-627d-4f08-a89f-abd46d469c7e,Ride,Oxford,https://musicbrainz.org/artist/3f575ecd-627d-4f08-a89f-abd46d469c7e,True,Ride (band),"Oxford, England",https://en.wikipedia.org/wiki/Ride_(band),True,corroborated_two_sources,,,not_reviewed,,,,confirmed,Oxford
499,Hang Massive,6bkF6GDcyXZn2T0D5Fwldl,Q21722983,296134,,,,unresolved_generic_or_missing,https://www.wikidata.org/wiki/Q21722983,2fe1afcb-1325-41ff-8f94-55696ca6955d,Hang Massive,,https://musicbrainz.org/artist/2fe1afcb-1325-41ff-8f94-55696ca6955d,,Hang Massive,,https://en.wikipedia.org/wiki/Hang_Massive,,unresolved,,low,not_reviewed,,,,unresolved,
500,The Oozes,48VgYEfRllDfyLl4BEMVSF,Q128077193,295667,,,,unresolved_generic_or_missing,https://www.wikidata.org/wiki/Q128077193,44282ca8-10a4-40ad-88f1-a9bef0a60197,The Oozes,,https://musicbrainz.org/artist/44282ca8-10a4-40ad-88f1-a9bef0a60197,,,,,,unresolved,,low,not_reviewed,,,,unresolved,
501,The Shamen,5E704N5StxMVKpalhaJ5L3,Q587713,295405,,,,unresolved_generic_or_missing,https://www.wikidata.org/wiki/Q587713,f22e793d-9a7e-4ec9-9d86-7a8528688abd,The Shamen,Aberdeen,https://musicbrainz.org/artist/f22e793d-9a7e-4ec9-9d86-7a8528688abd,False,The Shamen,"Aberdeen, Scotland, United Kingdom",https://en.wikipedia.org/wiki/The_Shamen,False,proposed_two_sources,Aberdeen,medium,not_reviewed,,,,evidence_for_missing_claim,Aberdeen
502,Camera Obscura,5gInJ5P5gQnOKPM3SUEVFt,Q1028565,295126,Glasgow,Glasgow,Glasgow,reported_place,https://www.wikidata.org/wiki/Q1028565,94219793-a46b-4c39-9397-e05ad633f32d,Camera Obscura,Glasgow,https://musicbrainz.org/artist/94219793-a46b-4c39-9397-e05ad633f32d,True,Camera Obscura (band),"Glasgow, Scotland",https://en.wikipedia.org/wiki/Camera_Obscura_(band),True,corroborated_two_sources,,,not_reviewed,,,,confirmed,Glasgow
503,Damage,6Pwy6Wat9hp8g83y6gih5g,Q5211877,294456,,,,unresolved_generic_or_missing,https://www.wikidata.org/wiki/Q5211877,a2b9f1ba-dfc5-421e-a03b-1571c09ffbc6,Damage,,https://musicbrainz.org/artist/a2b9f1ba-dfc5-421e-a03b-1571c09ffbc6,,Damage (British group),"London, England",https://en.wikipedia.org/wiki/Damage_(British_group),False,proposed_one_source,London,medium,not_reviewed,,,,evidence_for_missing_claim,London
504,Fairport Convention,2LIdnZDzySb04oH40be1fR,Q1145652,294353,London,London,London,reported_place,https://www.wikidata.org/wiki/Q1145652,cc60d937-e80b-4c66-8aa2-e89cb57c8b08,Fairport Convention,London,https://musicbrainz.org/artist/cc60d937-e80b-4c66-8aa2-e89cb57c8b08,True,Fairport Convention,"London, England",https://en.wikipedia.org/wiki/Fairport_Convention,True,corroborated_two_sources,,,not_reviewed,,,,confirmed,London
505,The New Seekers,4jrTNltJtTMUfXybDdsHDn,Q934498,294222,,,,unresolved_generic_or_missing,https://www.wikidata.org/wiki/Q934498,cabebdc4-5803-4605-8f3f-ddaf92f7b5ad,The New Seekers,,https://musicbrainz.org/artist/cabebdc4-5803-4605-8f3f-ddaf92f7b5ad,,The New Seekers,"London, England",https://en.wikipedia.org/wiki/The_New_Seekers,False,proposed_one_source,London,medium,not_reviewed,,,,evidence_for_missing_claim,London
506,Jive Bunny and the Mastermixers,4GzIiGnHYrOnq2LUiD6zdo,Q1689719,294182,Rotherham,Rotherham,Rotherham,reported_place,https://www.wikidata.org/wiki/Q1689719,fc8e4da5-8a8c-4c7c-b999-2a9b7a093037,Jive Bunny & the Mastermixers,London,https://musicbrainz.org/artist/fc8e4da5-8a8c-4c7c-b999-2a9b7a093037,False,Jive Bunny and the Mastermixers,"Rotherham, South Yorkshire, England",https://en.wikipedia.org/wiki/Jive_Bunny_and_the_Mastermixers,True,corroborated_with_source_variation,,medium,not_reviewed,,,,source_variation,Rotherham
507,The Amazons,7243txmysJ4KbRmH8UAMKO,Q28754328,294130,,,,unresolved_generic_or_missing,https://www.wikidata.org/wiki/Q28754328,6d394d8e-df41-4207-8485-08d1e59723b7,The Amazons,Reading,https://musicbrainz.org/artist/6d394d8e-df41-4207-8485-08d1e59723b7,False,The Amazons (band),"Reading, Berkshire, England",https://en.wikipedia.org/wiki/The_Amazons_(band),False,proposed_two_sources,Reading,medium,not_reviewed,,,,evidence_for_missing_claim,Reading
508,Mystery Jets,09K1H1DgyIXHsMx2j7KTFX,Q1956918,291320,Eel Pie Island,Eel Pie Island,Eel Pie Island,reported_place,https://www.wikidata.org/wiki/Q1956918,0f8bd5a7-c915-4e00-a035-fe3969e9a9b1,Mystery Jets,Twickenham,https://musicbrainz.org/artist/0f8bd5a7-c915-4e00-a035-fe3969e9a9b1,False,Mystery Jets,"Eel Pie Island, Twickenham, London, England",https://en.wikipedia.org/wiki/Mystery_Jets,True,corroborated_with_source_variation,,medium,not_reviewed,,,,source_variation,Eel Pie Island
509,The Divine Comedy,7EV6jW6dotBdvsHj6xPixi,Q1543686,291037,Northern Ireland,,Northern Ireland,reported_place,https://www.wikidata.org/wiki/Q1543686,49c4378b-3c36-4c5a-8999-8d936e74f39b,The Divine Comedy,Enniskillen,https://musicbrainz.org/artist/49c4378b-3c36-4c5a-8999-8d936e74f39b,False,The Divine Comedy (band),"Enniskillen, Northern Ireland",https://en.wikipedia.org/wiki/The_Divine_Comedy_(band),False,proposed_two_sources,Enniskillen,medium,not_reviewed,,,,evidence_for_missing_claim,Enniskillen
510,Peter And Gordon,6lHC2EQMEMZiEmSfFloarn,Q1256943,290650,United Kingdom,,,unresolved_generic_or_missing,https://www.wikidata.org/wiki/Q1256943,cf1573d6-b9e3-4e93-ae74-7c18886acf06,Peter & Gordon,,https://musicbrainz.org/artist/cf1573d6-b9e3-4e93-ae74-7c18886acf06,,Peter and Gordon,,https://en.wikipedia.org/wiki/Peter_and_Gordon,,unresolved,,low,not_reviewed,,,,unresolved,
511,Sea Girls,45FqwUG4hTT6d39r2HUsUe,Q3476673,289846,London,London,London,reported_place,https://www.wikidata.org/wiki/Q3476673,c36c03f2-078e-4832-a4e5-8fcfa29d95b2,Sea Girls,London,https://musicbrainz.org/artist/c36c03f2-078e-4832-a4e5-8fcfa29d95b2,True,Sea Girls,"London, UK",https://en.wikipedia.org/wiki/Sea_Girls,True,corroborated_two_sources,,,not_reviewed,,,,confirmed,London
512,GoGo Penguin,19f2JXwlRU26376TCKmp6L,Q18151740,289811,Manchester,Manchester,Manchester,reported_place,https://www.wikidata.org/wiki/Q18151740,b328de0e-ee48-4d74-9d36-7c7ee16ffc69,GoGo Penguin,Manchester,https://musicbrainz.org/artist/b328de0e-ee48-4d74-9d36-7c7ee16ffc69,True,GoGo Penguin,"Manchester, England",https://en.wikipedia.org/wiki/GoGo_Penguin,True,corroborated_two_sources,,,not_reviewed,,,,confirmed,Manchester
513,Zola Blood,3oxkIoEAyXXQlLTZXlffLJ,Q64832876,286256,,,,unresolved_generic_or_missing,https://www.wikidata.org/wiki/Q64832876,e05d5755-101b-4796-befd-705288e690b1,Zola Blood,London,https://musicbrainz.org/artist/e05d5755-101b-4796-befd-705288e690b1,False,Zola Blood,"London, England",https://en.wikipedia.org/wiki/Zola_Blood,False,proposed_two_sources,London,medium,not_reviewed,,,,evidence_for_missing_claim,London
514,Inspiral Carpets,66GWpx9iLxrvvfhDsG9STP,Q500492,285082,Oldham,Oldham,Oldham,reported_place,https://www.wikidata.org/wiki/Q500492,03c2e506-e8bb-4bd6-9693-5aa97c8eea1c,Inspiral Carpets,Oldham,https://musicbrainz.org/artist/03c2e506-e8bb-4bd6-9693-5aa97c8eea1c,True,Inspiral Carpets,"Oldham, England",https://en.wikipedia.org/wiki/Inspiral_Carpets,True,corroborated_two_sources,,,not_reviewed,,,,confirmed,Oldham
515,The Vapors,4K3NWDwBIxgktui14SccR2,Q1504687,284360,Guildford,Guildford,Guildford,reported_place,https://www.wikidata.org/wiki/Q1504687,e389160d-6d98-4657-9a75-9229b41621bc,The Vapors,Guildford,https://musicbrainz.org/artist/e389160d-6d98-4657-9a75-9229b41621bc,True,The Vapors,"Guildford, Surrey, England",https://en.wikipedia.org/wiki/The_Vapors,True,corroborated_two_sources,,,not_reviewed,,,,confirmed,Guildford
516,Bad Manners,0GShYlUdyLahdsvgKdselx,Q798739,283186,London,London,London,reported_place,https://www.wikidata.org/wiki/Q798739,30af8e71-6a16-4319-a130-fd09707b5be5,Bad Manners,London,https://musicbrainz.org/artist/30af8e71-6a16-4319-a130-fd09707b5be5,True,Bad Manners,"London, England",https://en.wikipedia.org/wiki/Bad_Manners,True,corroborated_two_sources,,,not_reviewed,,,,confirmed,London
517,Simian Mobile Disco,31DXlldabwPHwu6dYevuzK,Q585470,281669,London,London,London,reported_place,https://www.wikidata.org/wiki/Q585470,69ec6867-bda0-404b-bac4-338df8d73723,Simian Mobile Disco,London,https://musicbrainz.org/artist/69ec6867-bda0-404b-bac4-338df8d73723,True,Simian Mobile Disco,"London, England",https://en.wikipedia.org/wiki/Simian_Mobile_Disco,True,corroborated_two_sources,,,not_reviewed,,,,confirmed,London
518,The Boxer Rebellion,7DEseTqRODmSu3C7jxCHl5,Q1633685,280654,London,London,London,reported_place,https://www.wikidata.org/wiki/Q1633685,2c7dcadf-60cd-4e5b-8147-a352fd3408c7,The Boxer Rebellion,London,https://musicbrainz.org/artist/2c7dcadf-60cd-4e5b-8147-a352fd3408c7,True,The Boxer Rebellion (band),"London, United Kingdom",https://en.wikipedia.org/wiki/The_Boxer_Rebellion_(band),True,corroborated_two_sources,,,not_reviewed,,,,confirmed,London
519,Jesus Jones,0roeI3yPusDWwWRzAqTopw,Q4387765,280634,Bradford-on-Avon,Bradford-on-Avon,Bradford-on-Avon,reported_place,https://www.wikidata.org/wiki/Q4387765,f9776598-2689-41db-98d3-829f5510021c,Jesus Jones,Bradford on Avon,https://musicbrainz.org/artist/f9776598-2689-41db-98d3-829f5510021c,True,Jesus Jones,"Bradford-on-Avon, Wiltshire, England",https://en.wikipedia.org/wiki/Jesus_Jones,True,corroborated_two_sources,,,not_reviewed,,,,confirmed,Bradford-on-Avon
520,The Blue Nile,1GWV70Reko15eV2nHCm0bM,Q1970440,278387,Glasgow,Glasgow,Glasgow,reported_place,https://www.wikidata.org/wiki/Q1970440,13453b40-1d9c-4281-b73f-b7c1b45c7ebd,The Blue Nile,Glasgow,https://musicbrainz.org/artist/13453b40-1d9c-4281-b73f-b7c1b45c7ebd,True,The Blue Nile (band),"Glasgow, Scotland",https://en.wikipedia.org/wiki/The_Blue_Nile_(band),True,corroborated_two_sources,,,not_reviewed,,,,confirmed,Glasgow
521,The Dave Clark Five,2HBbky0Z08ZcCKVsXWbNE4,Q1141454,278011,Tottenham,Tottenham,Tottenham,reported_place,https://www.wikidata.org/wiki/Q1141454,6da6a053-618f-4f17-aea1-c8075bd8cc2d,The Dave Clark Five,Tottenham,https://musicbrainz.org/artist/6da6a053-618f-4f17-aea1-c8075bd8cc2d,True,The Dave Clark Five,"Tottenham, London, England",https://en.wikipedia.org/wiki/The_Dave_Clark_Five,True,corroborated_two_sources,,,not_reviewed,,,,confirmed,Tottenham
522,Young Gun Silver Fox,3qQloBz05T6e0rKubNCmjG,Q100599254,276802,,,,unresolved_generic_or_missing,https://www.wikidata.org/wiki/Q100599254,2e111d6d-fce9-46ff-b33a-7eed7300f9d4,Young Gun Silver Fox,London,https://musicbrainz.org/artist/2e111d6d-fce9-46ff-b33a-7eed7300f9d4,False,Young Gun Silver Fox,"London, England",https://en.wikipedia.org/wiki/Young_Gun_Silver_Fox,False,proposed_two_sources,London,medium,not_reviewed,,,,evidence_for_missing_claim,London
523,OceanLab,0aTdKgInKeMlNnwWSa1YPT,Q1971039,276395,London,London,London,reported_place,https://www.wikidata.org/wiki/Q1971039,a558ed3c-ab7d-49b8-a52d-14071b95fa4f,OceanLab,London,https://musicbrainz.org/artist/a558ed3c-ab7d-49b8-a52d-14071b95fa4f,True,OceanLab,"London, United Kingdom",https://en.wikipedia.org/wiki/OceanLab,True,corroborated_two_sources,,,not_reviewed,,,,confirmed,London
524,The Cribs,51Eq6WMVEOjjx9KQMAnneG,Q1146764,276100,Wakefield,Wakefield,Wakefield,reported_place,https://www.wikidata.org/wiki/Q1146764,a3a92047-be1c-4f3e-8960-c4f8570984df,The Cribs,Wakefield,https://musicbrainz.org/artist/a3a92047-be1c-4f3e-8960-c4f8570984df,True,The Cribs,"Wakefield, West Yorkshire, England",https://en.wikipedia.org/wiki/The_Cribs,True,corroborated_two_sources,,,not_reviewed,,,,confirmed,Wakefield
525,World News,3VQXCMRCSzdKek71OkAL3Q,Q135966902,276065,Brighton,London,London,reviewed_override,https://www.wikidata.org/wiki/Q135966902,,,,,,World News (band),"London, England",https://en.wikipedia.org/wiki/World_News_(band),True,corroborated_one_source,,,corrected,London,https://en.wikipedia.org/wiki/World_News_(band),"The available external origin identifies London, not Brighton.",corrected,London
526,Wire,2i8ynmFv4qgRksyDlBgi6d,Q1135620,272502,London,London,London,reported_place,https://www.wikidata.org/wiki/Q1135620,7f2a8098-50e3-451c-8696-c5d9f64f4762,Wire,London,https://musicbrainz.org/artist/7f2a8098-50e3-451c-8696-c5d9f64f4762,True,Wire (band),"London, England",https://en.wikipedia.org/wiki/Wire_(band),True,corroborated_two_sources,,,not_reviewed,,,,confirmed,London
527,Reverend And The Makers,14GEKKALFIO2oB9IdGXg2e,Q2146848,271305,Sheffield,Sheffield,Sheffield,reported_place,https://www.wikidata.org/wiki/Q2146848,e472c434-9eb9-41d3-b493-0d2f115faed2,Reverend and the Makers,Sheffield,https://musicbrainz.org/artist/e472c434-9eb9-41d3-b493-0d2f115faed2,True,Reverend and the Makers,"Sheffield, South Yorkshire, England",https://en.wikipedia.org/wiki/Reverend_and_the_Makers,True,corroborated_two_sources,,,not_reviewed,,,,confirmed,Sheffield
528,Reef,191Koh7PSIi28IrGAGoINO,Q652420,269572,Glastonbury,Glastonbury,Glastonbury,reported_place,https://www.wikidata.org/wiki/Q652420,5ac9e5c2-bf08-4c37-bcc3-8f9d28246d7a,Reef,Somerset,https://musicbrainz.org/artist/5ac9e5c2-bf08-4c37-bcc3-8f9d28246d7a,False,Reef (band),"South West, England",https://en.wikipedia.org/wiki/Reef_(band),False,conflict,,medium,confirmed,Glastonbury,https://en.wikipedia.org/wiki/Reef_(band),Glastonbury is consistent with the broader external descriptions Somerset and South West England.,confirmed,Glastonbury
529,Cinnamon Chasers,3q7uty73JMtjzCSJdGQD7B,Q2669700,269301,,,,unresolved_generic_or_missing,https://www.wikidata.org/wiki/Q2669700,a58d8e9a-cc2a-4aa7-a572-da1dcd911fab,Cinnamon Chasers,,https://musicbrainz.org/artist/a58d8e9a-cc2a-4aa7-a572-da1dcd911fab,,,,,,unresolved,,low,not_reviewed,,,,unresolved,
530,Nu:Logic,5pL8Q5xbDLEDE6JvYMXX9u,Q7067693,269288,Cambridge,Cambridge,Cambridge,reported_place,https://www.wikidata.org/wiki/Q7067693,b151a313-e18e-42b3-a64f-0962e9a03a20,Nu:Logic,Cambridge,https://musicbrainz.org/artist/b151a313-e18e-42b3-a64f-0962e9a03a20,True,Nu:Logic,"Cambridge, England",https://en.wikipedia.org/wiki/Nu%3ALogic,True,corroborated_two_sources,,,not_reviewed,,,,confirmed,Cambridge
531,Stiff Little Fingers,2bt3I0VkmYuPvP57sxokab,Q1538935,266703,Belfast,Belfast,Belfast,reported_place,https://www.wikidata.org/wiki/Q1538935,022865bc-84c9-4002-b6c1-d5fc6e12b7d8,Stiff Little Fingers,Belfast,https://musicbrainz.org/artist/022865bc-84c9-4002-b6c1-d5fc6e12b7d8,True,Stiff Little Fingers,"Belfast, Northern Ireland",https://en.wikipedia.org/wiki/Stiff_Little_Fingers,True,corroborated_two_sources,,,not_reviewed,,,,confirmed,Belfast
532,Grace,1DlbW0TOOja6uqR4CHAaeg,Q5590943,266321,,,,unresolved_generic_or_missing,https://www.wikidata.org/wiki/Q5590943,ecbacc9c-2d18-4bdb-966d-a147931df3d2,Grace,,https://musicbrainz.org/artist/ecbacc9c-2d18-4bdb-966d-a147931df3d2,,Grace (group),,https://en.wikipedia.org/wiki/Grace_(group),,unresolved,,low,not_reviewed,,,,unresolved,
533,lostprophets,7KnaZr690xW0sCihF9Z8oP,Q18852,264396,Pontypridd,Pontypridd,Pontypridd,reported_place,https://www.wikidata.org/wiki/Q18852,ef6e2e49-aa93-41bd-89b0-8c7d2f260a83,Lostprophets,Pontypridd,https://musicbrainz.org/artist/ef6e2e49-aa93-41bd-89b0-8c7d2f260a83,True,Lostprophets,"Pontypridd, Wales",https://en.wikipedia.org/wiki/Lostprophets,True,corroborated_two_sources,,,not_reviewed,,,,confirmed,Pontypridd
534,Moose Blood,5fEKZRCUa0JApec5Xy095q,Q18712447,263954,Canterbury,Canterbury,Canterbury,reported_place,https://www.wikidata.org/wiki/Q18712447,c649f061-c881-4cdb-9812-736b4f04b4b8,Moose Blood,Canterbury,https://musicbrainz.org/artist/c649f061-c881-4cdb-9812-736b4f04b4b8,True,Moose Blood,"Canterbury, Kent, England",https://en.wikipedia.org/wiki/Moose_Blood,True,corroborated_two_sources,,,not_reviewed,,,,confirmed,Canterbury
535,After The Fire,194g4SFwSSzyPtgkH7v3Cx,Q389095,261736,London,London,London,reported_place,https://www.wikidata.org/wiki/Q389095,3edac1c5-19cd-4cd4-bd7c-bf38d0efdcd8,After the Fire,London,https://musicbrainz.org/artist/3edac1c5-19cd-4cd4-bd7c-bf38d0efdcd8,True,After the Fire,"London, England",https://en.wikipedia.org/wiki/After_the_Fire,True,corroborated_two_sources,,,not_reviewed,,,,confirmed,London
536,Bow Wow Wow,52K4ArhA4OgMO7AsyEgqCT,Q895390,261338,London,London,London,reported_place,https://www.wikidata.org/wiki/Q895390,2a81f398-647b-4580-b24c-d78b3103a27b,Bow Wow Wow,London,https://musicbrainz.org/artist/2a81f398-647b-4580-b24c-d78b3103a27b,True,Bow Wow Wow,"London, England",https://en.wikipedia.org/wiki/Bow_Wow_Wow,True,corroborated_two_sources,,,not_reviewed,,,,confirmed,London
537,Danny Wilson,2qsc1hUhG2UrNZhByveJ6x,Q365099,260573,Leuchars,Dundee,Dundee,reviewed_override,https://www.wikidata.org/wiki/Q365099,b182fec1-00ad-4082-859d-1f06a2029495,Danny Wilson,Dundee,https://musicbrainz.org/artist/b182fec1-00ad-4082-859d-1f06a2029495,True,Danny Wilson (band),"Dundee, Scotland, UK",https://en.wikipedia.org/wiki/Danny_Wilson_(band),True,corroborated_two_sources,,,corrected,Dundee,https://en.wikipedia.org/wiki/Danny_Wilson_(band),Both external origin sources identify Dundee.,corrected,Dundee
538,Levitation,231kUXNyI5BYxIvZacVbCu,Q6535703,260389,London,London,London,reported_place,https://www.wikidata.org/wiki/Q6535703,83568734-6c31-48a2-a172-7cae468c52c3,Levitation,,https://musicbrainz.org/artist/83568734-6c31-48a2-a172-7cae468c52c3,,Levitation (band),"London, England",https://en.wikipedia.org/wiki/Levitation_(band),True,corroborated_one_source,,,not_reviewed,,,,confirmed,London
539,The Orb,5HAtRoEPUvGSA7ziTGB1cF,Q924993,260320,London,London,London,reported_place,https://www.wikidata.org/wiki/Q924993,42c14c80-bd17-47e4-9bb2-a35897638c4d,The Orb,London,https://musicbrainz.org/artist/42c14c80-bd17-47e4-9bb2-a35897638c4d,True,The Orb,"London, England",https://en.wikipedia.org/wiki/The_Orb,True,corroborated_two_sources,,,not_reviewed,,,,confirmed,London
540,Mud,3cqIsBnzV3BabbPWKz8Txf,Q1471676,259860,London,London,London,reported_place,https://www.wikidata.org/wiki/Q1471676,233f3611-b9d7-4ce3-a835-ed01b19d2d2d,Mud,,https://musicbrainz.org/artist/233f3611-b9d7-4ce3-a835-ed01b19d2d2d,,Mud (band),"Carshalton, Greater London, England",https://en.wikipedia.org/wiki/Mud_(band),True,corroborated_one_source,,,not_reviewed,,,,confirmed,London
541,Anti Up,4UwR1ir6PovnQiwX5jRPvF,Q113199573,259333,,,,unresolved_generic_or_missing,https://www.wikidata.org/wiki/Q113199573,5781ace8-4559-4d30-ab69-caf0cd83fa81,Anti Up,,https://musicbrainz.org/artist/5781ace8-4559-4d30-ab69-caf0cd83fa81,,,,,,unresolved,,low,not_reviewed,,,,unresolved,
542,AS IT IS,3IXtskFMls8KXRipcIJT9y,Q19654688,259244,,,,unresolved_generic_or_missing,https://www.wikidata.org/wiki/Q19654688,9bf53ccf-fa6c-4b33-857f-96a3d0117f2f,As It Is,Brighton,https://musicbrainz.org/artist/9bf53ccf-fa6c-4b33-857f-96a3d0117f2f,False,As It Is (band),"Brighton, England, UK",https://en.wikipedia.org/wiki/As_It_Is_(band),False,proposed_two_sources,Brighton,medium,not_reviewed,,,,evidence_for_missing_claim,Brighton
543,Propellerheads,3Z7thZHrtFvqp8OpPffPKp,Q1426055,258314,,,,unresolved_generic_or_missing,https://www.wikidata.org/wiki/Q1426055,cbaafb20-eb74-421a-85f1-2bb6341aad23,Propellerheads,Bath,https://musicbrainz.org/artist/cbaafb20-eb74-421a-85f1-2bb6341aad23,False,Propellerheads,"Bath, Somerset, England",https://en.wikipedia.org/wiki/Propellerheads,False,proposed_two_sources,Bath,medium,not_reviewed,,,,evidence_for_missing_claim,Bath
544,Ten Fé,3cohAS2UQTaOo80kCn8qjT,Q56757496,257636,,,,unresolved_generic_or_missing,https://www.wikidata.org/wiki/Q56757496,68555123-9355-4f6e-a167-aa7a2be844aa,Ten Fé,United Kingdom,https://musicbrainz.org/artist/68555123-9355-4f6e-a167-aa7a2be844aa,,,,,,unresolved,,low,not_reviewed,,,,unresolved,
545,The Zutons,2qV7axHq9Jk7QqFcB3f05A,Q1142296,254373,Liverpool,Liverpool,Liverpool,reported_place,https://www.wikidata.org/wiki/Q1142296,6290b769-173d-49d1-990e-660a4e333877,The Zutons,Liverpool,https://musicbrainz.org/artist/6290b769-173d-49d1-990e-660a4e333877,True,The Zutons,"Liverpool, England",https://en.wikipedia.org/wiki/The_Zutons,True,corroborated_two_sources,,,not_reviewed,,,,confirmed,Liverpool
546,Sad Night Dynamite,6ydvoGN30eRfE78bjTANF7,Q128482668,253077,,,,unresolved_generic_or_missing,https://www.wikidata.org/wiki/Q128482668,788d1529-8bbd-4e85-9684-7ca58bb4ed92,Sad Night Dynamite,,https://musicbrainz.org/artist/788d1529-8bbd-4e85-9684-7ca58bb4ed92,,,,,,unresolved,,low,not_reviewed,,,,unresolved,
547,Bucks Fizz,5ZfzzHE7rxONfoksJsLXrX,Q839831,252247,United Kingdom,,,unresolved_generic_or_missing,https://www.wikidata.org/wiki/Q839831,81b9c72d-8d46-446b-a420-ba618d89636e,Bucks Fizz,United Kingdom,https://musicbrainz.org/artist/81b9c72d-8d46-446b-a420-ba618d89636e,,Bucks Fizz,United Kingdom,https://en.wikipedia.org/wiki/Bucks_Fizz,,unresolved,,low,not_reviewed,,,,unresolved,
548,Portico Quartet,7sYipTRgDXS2JVOPEhRutx,Q3399302,251925,London,London,London,reported_place,https://www.wikidata.org/wiki/Q3399302,0e6e5a3e-b5cb-45ff-97f4-c23c88efc563,Portico Quartet,London,https://musicbrainz.org/artist/0e6e5a3e-b5cb-45ff-97f4-c23c88efc563,True,Portico Quartet,"London, England",https://en.wikipedia.org/wiki/Portico_Quartet,True,corroborated_two_sources,,,not_reviewed,,,,confirmed,London
549,Frightened Rabbit,6fVcDUckTwxqg56qNsEvUr,Q1464866,251709,Selkirk,Selkirk,Selkirk,reported_place,https://www.wikidata.org/wiki/Q1464866,dc21d171-7204-4759-9fd0-77d031aeb40c,Frightened Rabbit,Selkirk,https://musicbrainz.org/artist/dc21d171-7204-4759-9fd0-77d031aeb40c,True,Frightened Rabbit,"Selkirk, Scottish Borders, Scotland",https://en.wikipedia.org/wiki/Frightened_Rabbit,True,corroborated_two_sources,,,not_reviewed,,,,confirmed,Selkirk
550,Stanton Warriors,7GeAzBsalYANXTi1ReOm1R,Q7600283,251667,,,,unresolved_generic_or_missing,https://www.wikidata.org/wiki/Q7600283,ba07d1f0-9839-43f5-b88e-f4b93b6b05f1,Stanton Warriors,Bristol,https://musicbrainz.org/artist/ba07d1f0-9839-43f5-b88e-f4b93b6b05f1,False,Stanton Warriors,"Bristol, England",https://en.wikipedia.org/wiki/Stanton_Warriors,False,proposed_two_sources,Bristol,medium,not_reviewed,,,,evidence_for_missing_claim,Bristol
551,The Horrors,7EFB09NxZrMi9pGlOnuBpd,Q1138555,251304,Southend-on-Sea,Southend-on-Sea,Southend-on-Sea,reported_place,https://www.wikidata.org/wiki/Q1138555,00467da8-2a92-498f-8b10-a80889bcded7,The Horrors,Southend-on-Sea,https://musicbrainz.org/artist/00467da8-2a92-498f-8b10-a80889bcded7,True,The Horrors,"Southend-on-Sea, Essex, England",https://en.wikipedia.org/wiki/The_Horrors,True,corroborated_two_sources,,,not_reviewed,,,,confirmed,Southend-on-Sea
552,Uniting Nations,6EK2381dTQEvcn3KrnMOWQ,Q1476064,251123,Liverpool,Liverpool,Liverpool,reported_place,https://www.wikidata.org/wiki/Q1476064,c8ffc329-2e5e-4a20-bb70-2d1dcf0796f3,Uniting Nations,,https://musicbrainz.org/artist/c8ffc329-2e5e-4a20-bb70-2d1dcf0796f3,,Uniting Nations,"Liverpool, England",https://en.wikipedia.org/wiki/Uniting_Nations,True,corroborated_one_source,,,not_reviewed,,,,confirmed,Liverpool
553,Viola Beach,7DruTvBV7owt1aSAZHsU58,Q22712305,245749,Warrington,Warrington,Warrington,reported_place,https://www.wikidata.org/wiki/Q22712305,2e55ef5a-b156-48a7-9614-9b4cf6eb61cf,Viola Beach,Warrington,https://musicbrainz.org/artist/2e55ef5a-b156-48a7-9614-9b4cf6eb61cf,True,Viola Beach,"Warrington, England",https://en.wikipedia.org/wiki/Viola_Beach,True,corroborated_two_sources,,,not_reviewed,,,,confirmed,Warrington
554,VNV Nation,4KlYg0F5KG9QNDFKaeTNAy,Q727124,245699,London,London,London,reported_place,https://www.wikidata.org/wiki/Q727124,8385f26a-f374-4a04-9aad-4442ce24db2b,VNV Nation,London,https://musicbrainz.org/artist/8385f26a-f374-4a04-9aad-4442ce24db2b,True,VNV Nation,"London, England",https://en.wikipedia.org/wiki/VNV_Nation,True,corroborated_two_sources,,,not_reviewed,,,,confirmed,London
555,Big Audio Dynamite,7hqZBHSgDs1odG9aupMzEI,Q239474,244576,London,London,London,reported_place,https://www.wikidata.org/wiki/Q239474,694b1fd8-0ba6-45bb-a359-d8a8fecaee46,Big Audio Dynamite,London,https://musicbrainz.org/artist/694b1fd8-0ba6-45bb-a359-d8a8fecaee46,True,Big Audio Dynamite,"London, England",https://en.wikipedia.org/wiki/Big_Audio_Dynamite,True,corroborated_two_sources,,,not_reviewed,,,,confirmed,London
556,The Tremeloes,2VL8sLEJ6lHEwocjc1pN9w,Q177364,239363,Essex,Dagenham,Dagenham,reviewed_override,https://www.wikidata.org/wiki/Q177364,7483db08-1e77-4ac6-9a85-702b2a9bd701,The Tremeloes,Dagenham,https://musicbrainz.org/artist/7483db08-1e77-4ac6-9a85-702b2a9bd701,True,The Tremeloes,"Dagenham, England",https://en.wikipedia.org/wiki/The_Tremeloes,True,corroborated_two_sources,,,corrected,Dagenham,https://en.wikipedia.org/wiki/The_Tremeloes,Dagenham is the specific formation place; it was historically in Essex when the band formed.,corrected,Dagenham
557,Dirty Vegas,2IkHcHKErbWa0TA14yHkbl,Q1228291,237782,,,,unresolved_generic_or_missing,https://www.wikidata.org/wiki/Q1228291,75df1c98-2075-494f-9612-b87513f0e50c,Dirty Vegas,London,https://musicbrainz.org/artist/75df1c98-2075-494f-9612-b87513f0e50c,False,Dirty Vegas,"London, England",https://en.wikipedia.org/wiki/Dirty_Vegas,False,proposed_two_sources,London,medium,not_reviewed,,,,evidence_for_missing_claim,London
558,Sylosis,2RiGIRDi4GoJpDbjDnPVJl,Q1631741,236596,Reading,Reading,Reading,reported_place,https://www.wikidata.org/wiki/Q1631741,114f8840-8704-4b70-9673-904d60ecadc8,Sylosis,Reading,https://musicbrainz.org/artist/114f8840-8704-4b70-9673-904d60ecadc8,True,Sylosis,"Reading, Berkshire, England",https://en.wikipedia.org/wiki/Sylosis,True,corroborated_two_sources,,,not_reviewed,,,,confirmed,Reading
559,This Mortal Coil,5OK8j1JnhoBlivN32G7yOO,Q1754136,236565,United Kingdom,,,unresolved_generic_or_missing,https://www.wikidata.org/wiki/Q1754136,60ef8ddb-7676-4056-a357-9a8c228d03a6,This Mortal Coil,United Kingdom,https://musicbrainz.org/artist/60ef8ddb-7676-4056-a357-9a8c228d03a6,,This Mortal Coil,"Wandsworth, South London, England",https://en.wikipedia.org/wiki/This_Mortal_Coil,False,proposed_one_source,Wandsworth,medium,not_reviewed,,,,evidence_for_missing_claim,Wandsworth
560,Bondax,4qobOrZpdUri80gScwsHfs,Q15528102,235766,,,,unresolved_generic_or_missing,https://www.wikidata.org/wiki/Q15528102,7182bcb5-0d37-4492-8452-464febd77844,Bondax,,https://musicbrainz.org/artist/7182bcb5-0d37-4492-8452-464febd77844,,Bondax,"Lancaster, Lancashire, England",https://en.wikipedia.org/wiki/Bondax,False,proposed_one_source,Lancaster,medium,not_reviewed,,,,evidence_for_missing_claim,Lancaster
561,Humble Pie,2CxLP749mup3ncPrXgCnvU,Q664459,234347,Moreton,Moreton,Moreton,reported_place,https://www.wikidata.org/wiki/Q664459,696989bc-c9a8-4ba8-a99b-b8015dba577f,Humble Pie,Moreton,https://musicbrainz.org/artist/696989bc-c9a8-4ba8-a99b-b8015dba577f,True,Humble Pie,"Moreton, Essex, England",https://en.wikipedia.org/wiki/Humble_Pie,True,corroborated_two_sources,,,not_reviewed,,,,confirmed,Moreton
562,Haircut 100,6imyM8T1Xbe8v2iZe41dR7,Q366679,233270,Beckenham,Beckenham,Beckenham,reported_place,https://www.wikidata.org/wiki/Q366679,bbb94ad0-3bb7-42af-99cd-e92f5a42c4c5,Haircut One Hundred,Beckenham,https://musicbrainz.org/artist/bbb94ad0-3bb7-42af-99cd-e92f5a42c4c5,True,Haircut One Hundred,"Beckenham, London, England",https://en.wikipedia.org/wiki/Haircut_One_Hundred,True,corroborated_two_sources,,,not_reviewed,,,,confirmed,Beckenham
563,Rivers & Robots,41yDmxekjnWShKi6nRmzZ4,Q22080889,233180,,,,unresolved_generic_or_missing,https://www.wikidata.org/wiki/Q22080889,4bcec849-53ee-4c19-bee1-c3c4489b2c40,Rivers & Robots,Manchester,https://musicbrainz.org/artist/4bcec849-53ee-4c19-bee1-c3c4489b2c40,False,Rivers & Robots,"Salford, Greater Manchester, N.W. England",https://en.wikipedia.org/wiki/Rivers_%26_Robots,False,proposed_two_sources,Manchester,medium,not_reviewed,,,,evidence_for_missing_claim,Manchester
564,This Is The Kit,0ZUyFEafMwocvApBjTXvdo,Q15044932,229902,Winchester,Winchester,Winchester,reported_place,https://www.wikidata.org/wiki/Q15044932,c7a4dcf7-61f8-4126-bec8-3bfa3b18284a,This Is the Kit,Winchester,https://musicbrainz.org/artist/c7a4dcf7-61f8-4126-bec8-3bfa3b18284a,True,This Is the Kit,"Winchester, England",https://en.wikipedia.org/wiki/This_Is_the_Kit,True,corroborated_two_sources,,,not_reviewed,,,,confirmed,Winchester
565,Levellers,1TrwMxRrrlk0hZxJkw4jUF,Q1380135,228842,Brighton,Brighton,Brighton,reported_place,https://www.wikidata.org/wiki/Q1380135,7c8c72f5-01ed-4a55-89d1-ced1a6b3fb0d,Levellers,Brighton,https://musicbrainz.org/artist/7c8c72f5-01ed-4a55-89d1-ced1a6b3fb0d,True,Levellers (band),"Brighton, England",https://en.wikipedia.org/wiki/Levellers_(band),True,corroborated_two_sources,,,not_reviewed,,,,confirmed,Brighton
566,New Model Army,7n1EM42Fseebd9H2p8eWWS,Q1501951,226980,Q22905,Bradford,Bradford,reviewed_override,https://www.wikidata.org/wiki/Q1501951,e60e1f0b-1e8c-45e7-9d4a-222db9cb34f7,New Model Army,Bradford,https://musicbrainz.org/artist/e60e1f0b-1e8c-45e7-9d4a-222db9cb34f7,True,New Model Army (band),"Bradford, England",https://en.wikipedia.org/wiki/New_Model_Army_(band),True,corroborated_two_sources,,,not_reviewed,,,,confirmed,Bradford
567,We Were Promised Jetpacks,3gnrmLahFhVXRI9DA1MImH,Q1488607,226591,Edinburgh,Edinburgh,Edinburgh,reported_place,https://www.wikidata.org/wiki/Q1488607,8f0e0596-5a39-4bd5-9dfa-f2b12030ffdc,We Were Promised Jetpacks,Edinburgh,https://musicbrainz.org/artist/8f0e0596-5a39-4bd5-9dfa-f2b12030ffdc,True,We Were Promised Jetpacks,"Edinburgh, Scotland",https://en.wikipedia.org/wiki/We_Were_Promised_Jetpacks,True,corroborated_two_sources,,,not_reviewed,,,,confirmed,Edinburgh
568,Athlete,6C0JkmxU2cgkVzotHJgfW7,Q580268,225403,Deptford,Deptford,London,editorial_city_cluster,https://www.wikidata.org/wiki/Q580268,906cbb69-b793-463a-832d-b5bf850f01a2,Athlete,Deptford,https://musicbrainz.org/artist/906cbb69-b793-463a-832d-b5bf850f01a2,True,Athlete (band),"Deptford, London, England",https://en.wikipedia.org/wiki/Athlete_(band),True,corroborated_two_sources,,,not_reviewed,,,,confirmed,Deptford
569,Living In A Box,4W2dcPOyD7eSfJCPHCfwoA,Q1866528,223338,Sheffield,Sheffield,Sheffield,reported_place,https://www.wikidata.org/wiki/Q1866528,340758ac-4df8-4986-b605-8016f58c1f7f,Living in a Box,Sheffield,https://musicbrainz.org/artist/340758ac-4df8-4986-b605-8016f58c1f7f,True,Living in a Box,"Sheffield, England",https://en.wikipedia.org/wiki/Living_in_a_Box,True,corroborated_two_sources,,,not_reviewed,,,,confirmed,Sheffield
570,The Temperance Movement,3SUI6pbPumjijbLHHY6vss,Q14957024,223097,,,,unresolved_generic_or_missing,https://www.wikidata.org/wiki/Q14957024,e4d6cb66-e184-4616-83a9-90bf192b617b,The Temperance Movement,,https://musicbrainz.org/artist/e4d6cb66-e184-4616-83a9-90bf192b617b,,The Temperance Movement (band),"Bishopbriggs, Scotland",https://en.wikipedia.org/wiki/The_Temperance_Movement_(band),False,proposed_one_source,Bishopbriggs,medium,not_reviewed,,,,evidence_for_missing_claim,Bishopbriggs
571,Spiritualized,6DKmuXxXASTF6xaJwcTfjv,Q1144015,222247,Rugby,Rugby,Rugby,reported_place,https://www.wikidata.org/wiki/Q1144015,65041e06-83d2-4987-ae52-c17a915fc82a,Spiritualized,Rugby,https://musicbrainz.org/artist/65041e06-83d2-4987-ae52-c17a915fc82a,True,Spiritualized,"Rugby, England",https://en.wikipedia.org/wiki/Spiritualized,True,corroborated_two_sources,,,not_reviewed,,,,confirmed,Rugby
572,Blancmange,3LtBdgNHdH0Ix8hCFZ4NJG,Q594199,221240,Harrow,Harrow,Harrow,reported_place,https://www.wikidata.org/wiki/Q594199,115930ad-f040-4689-b9ef-0da94dcb63e8,Blancmange,London,https://musicbrainz.org/artist/115930ad-f040-4689-b9ef-0da94dcb63e8,False,Blancmange (band),"Harrow, London, England",https://en.wikipedia.org/wiki/Blancmange_(band),True,corroborated_with_source_variation,,medium,not_reviewed,,,,source_variation,Harrow
573,The Nolans,2H32fphWQj9hhVuCOKkchM,Q1038777,217117,Dublin,Dublin,Dublin,reported_place,https://www.wikidata.org/wiki/Q1038777,cdb86507-7a3f-4b8c-9855-160af1c318ca,The Nolans,,https://musicbrainz.org/artist/cdb86507-7a3f-4b8c-9855-160af1c318ca,,The Nolans,"Dublin, Ireland and Blackpool, Lancashire, England",https://en.wikipedia.org/wiki/The_Nolans,True,corroborated_one_source,,,not_reviewed,,,,confirmed,Dublin
574,Utah Saints,2KB6LGMBaOYYYdvvgyptFH,Q2036827,216105,,,,unresolved_generic_or_missing,https://www.wikidata.org/wiki/Q2036827,6de1f94d-3d2e-40dd-a5e7-3170332a6a93,Utah Saints,Harrogate,https://musicbrainz.org/artist/6de1f94d-3d2e-40dd-a5e7-3170332a6a93,False,Utah Saints,"Harrogate, North Yorkshire, England",https://en.wikipedia.org/wiki/Utah_Saints,False,proposed_two_sources,Harrogate,medium,not_reviewed,,,,evidence_for_missing_claim,Harrogate
575,Friendly Fires,3mZqziCJj4pq3P2VBpmK6p,Q1464530,215715,St Albans,St Albans,St Albans,reported_place,https://www.wikidata.org/wiki/Q1464530,ef656595-bbe8-4386-8953-be8df9f54472,Friendly Fires,City of St Albans,https://musicbrainz.org/artist/ef656595-bbe8-4386-8953-be8df9f54472,True,Friendly Fires,"St Albans, Hertfordshire, England",https://en.wikipedia.org/wiki/Friendly_Fires,True,corroborated_two_sources,,,not_reviewed,,,,confirmed,St Albans
576,Jon & Vangelis,5gS1uXayWA0WJPgcRqNIae,Q1538236,215210,Greece,Greece,Greece,reported_place,https://www.wikidata.org/wiki/Q1538236,8c9b4c93-5283-4e1a-bae1-415c65ffefbf,Jon and Vangelis,,https://musicbrainz.org/artist/8c9b4c93-5283-4e1a-bae1-415c65ffefbf,,Jon and Vangelis,Greece; United Kingdom,https://en.wikipedia.org/wiki/Jon_and_Vangelis,True,corroborated_one_source,,,not_reviewed,,,,confirmed,Greece
577,Coldcut,5wnhqlZzXIq8aO9awQO2ND,Q698224,214514,,,,unresolved_generic_or_missing,https://www.wikidata.org/wiki/Q698224,cedd2cc6-c77f-4104-b333-0547b29e0b71,Coldcut,London,https://musicbrainz.org/artist/cedd2cc6-c77f-4104-b333-0547b29e0b71,False,Coldcut,"London, England",https://en.wikipedia.org/wiki/Coldcut,False,proposed_two_sources,London,medium,not_reviewed,,,,evidence_for_missing_claim,London
578,Haken,2SRIVGDkdqQnrQdaXxDkJt,Q774774,213215,London,London,London,reported_place,https://www.wikidata.org/wiki/Q774774,0246a3fd-a254-416d-8cd2-e31da4ac6f59,Haken,London,https://musicbrainz.org/artist/0246a3fd-a254-416d-8cd2-e31da4ac6f59,True,Haken (band),"London, England",https://en.wikipedia.org/wiki/Haken_(band),True,corroborated_two_sources,,,not_reviewed,,,,confirmed,London
579,Juno Reactor,1Pe3z1UqRzKsQtHsl25dm6,Q1410018,212577,London,London,London,reported_place,https://www.wikidata.org/wiki/Q1410018,16231a34-9ccd-410e-8690-f74e98fe16a4,Juno Reactor,London,https://musicbrainz.org/artist/16231a34-9ccd-410e-8690-f74e98fe16a4,True,Juno Reactor,"London, England",https://en.wikipedia.org/wiki/Juno_Reactor,True,corroborated_two_sources,,,not_reviewed,,,,confirmed,London
580,Fun Boy Three,1dmEUAQBopYUrsMnQnScWL,Q1473992,210879,,,,unresolved_generic_or_missing,https://www.wikidata.org/wiki/Q1473992,aa2ff391-2dcc-4478-915e-3e716e13bfc2,Fun Boy Three,,https://musicbrainz.org/artist/aa2ff391-2dcc-4478-915e-3e716e13bfc2,,Fun Boy Three,United Kingdom,https://en.wikipedia.org/wiki/Fun_Boy_Three,,unresolved,,low,not_reviewed,,,,unresolved,
581,RITUAL,3RP50pmG8Wz1mhNCidQj68,Q60752425,208784,,,,unresolved_generic_or_missing,https://www.wikidata.org/wiki/Q60752425,b64ff140-a8a7-4814-9be1-c90c752a498e,RITUAL,London,https://musicbrainz.org/artist/b64ff140-a8a7-4814-9be1-c90c752a498e,False,Ritual (electronic band),"London, United Kingdom",https://en.wikipedia.org/wiki/Ritual_(electronic_band),False,proposed_two_sources,London,medium,not_reviewed,,,,evidence_for_missing_claim,London
582,The Sound,4hzCcF4Leos2sKnz79nwhz,Q732151,207467,London,London,London,reported_place,https://www.wikidata.org/wiki/Q732151,b2c36d47-e5e3-4ac8-a967-10e0265d3fff,The Sound,London,https://musicbrainz.org/artist/b2c36d47-e5e3-4ac8-a967-10e0265d3fff,True,The Sound (band),"South London, London, England",https://en.wikipedia.org/wiki/The_Sound_(band),True,corroborated_two_sources,,,not_reviewed,,,,confirmed,London
583,Mammal Hands,497rp5TEzJffeBnUT0BeE1,Q18984313,205120,,,,unresolved_generic_or_missing,https://www.wikidata.org/wiki/Q18984313,5fd9d175-1fed-45e5-a2b4-e4e727f34d8b,Mammal Hands,Norwich,https://musicbrainz.org/artist/5fd9d175-1fed-45e5-a2b4-e4e727f34d8b,False,Mammal Hands,"Norwich, UK",https://en.wikipedia.org/wiki/Mammal_Hands,False,proposed_two_sources,Norwich,medium,not_reviewed,,,,evidence_for_missing_claim,Norwich
584,Public Service Broadcasting,6VsiDFMZJlJ053P1uO4A6h,Q7257602,204661,London,London,London,reported_place,https://www.wikidata.org/wiki/Q7257602,93834e82-3a0b-4ec2-a2e4-6eca0a497e6d,Public Service Broadcasting,London,https://musicbrainz.org/artist/93834e82-3a0b-4ec2-a2e4-6eca0a497e6d,True,Public Service Broadcasting (band),"London, England",https://en.wikipedia.org/wiki/Public_Service_Broadcasting_(band),True,corroborated_two_sources,,,not_reviewed,,,,confirmed,London
585,Paper Lace,33W24YuaMUEk85MwRX6cRs,Q2050633,203759,Nottingham,Nottingham,Nottingham,reported_place,https://www.wikidata.org/wiki/Q2050633,c62995d6-a622-43e0-ae11-12a0f8638deb,Paper Lace,Nottingham,https://musicbrainz.org/artist/c62995d6-a622-43e0-ae11-12a0f8638deb,True,Paper Lace,"Nottingham, England",https://en.wikipedia.org/wiki/Paper_Lace,True,corroborated_two_sources,,,not_reviewed,,,,confirmed,Nottingham
586,Planet Perfecto,3Q9P0SbpaP9xsBtLUVK0Be,Q7201145,203707,,,,unresolved_generic_or_missing,https://www.wikidata.org/wiki/Q7201145,20cb014a-8d4e-4f6d-9c3c-847a21c42051,Planet Perfecto,,https://musicbrainz.org/artist/20cb014a-8d4e-4f6d-9c3c-847a21c42051,,Planet Perfecto,United Kingdom,https://en.wikipedia.org/wiki/Planet_Perfecto,,unresolved,,low,not_reviewed,,,,unresolved,
587,Venom,5fwaejlOHVBAw1KhIPPaQe,Q192861,203523,Newcastle upon Tyne,Newcastle upon Tyne,Newcastle upon Tyne,reported_place,https://www.wikidata.org/wiki/Q192861,d2ad8774-9173-4970-8427-06b04df201c1,Venom,Newcastle upon Tyne,https://musicbrainz.org/artist/d2ad8774-9173-4970-8427-06b04df201c1,True,Venom (band),"Newcastle upon Tyne, England",https://en.wikipedia.org/wiki/Venom_(band),True,corroborated_two_sources,,,not_reviewed,,,,confirmed,Newcastle upon Tyne
588,Lemon Jelly,5uh8Bhewltd8j0TLZjNImc,Q1444372,203232,London,London,London,reported_place,https://www.wikidata.org/wiki/Q1444372,4cbbf0d6-6c78-4e3d-ab25-91b13603cf7c,Lemon Jelly,London,https://musicbrainz.org/artist/4cbbf0d6-6c78-4e3d-ab25-91b13603cf7c,True,Lemon Jelly,"London, England",https://en.wikipedia.org/wiki/Lemon_Jelly,True,corroborated_two_sources,,,not_reviewed,,,,confirmed,London
589,The Go! Team,6veTV9sF06FBf2KN0xAdvo,Q1514317,202864,Brighton,Brighton,Brighton,reported_place,https://www.wikidata.org/wiki/Q1514317,8a396a9c-2e4f-47e2-a587-c26e93a0953f,The Go! Team,Brighton,https://musicbrainz.org/artist/8a396a9c-2e4f-47e2-a587-c26e93a0953f,True,The Go! Team,"Brighton, East Sussex, England",https://en.wikipedia.org/wiki/The_Go%21_Team,True,corroborated_two_sources,,,not_reviewed,,,,confirmed,Brighton
590,Sam And The Womp,3tgiOZXeC1DIimfprvfL64,Q2115414,201092,,,,unresolved_generic_or_missing,https://www.wikidata.org/wiki/Q2115414,48ea491f-6ce7-4ee1-8b6f-3f5271904dc6,Sam and the Womp,,https://musicbrainz.org/artist/48ea491f-6ce7-4ee1-8b6f-3f5271904dc6,,Sam and the Womp,United Kingdom,https://en.wikipedia.org/wiki/Sam_and_the_Womp,,unresolved,,low,not_reviewed,,,,unresolved,
591,Virus Syndicate,0NV5eY4Jzg4ldg2ikGnV4n,Q14158679,200462,,,,unresolved_generic_or_missing,https://www.wikidata.org/wiki/Q14158679,86d1c6a9-d372-43b1-88d1-674329dd53b9,Virus Syndicate,,https://musicbrainz.org/artist/86d1c6a9-d372-43b1-88d1-674329dd53b9,,Virus Syndicate,"Manchester, Greater Manchester, England",https://en.wikipedia.org/wiki/Virus_Syndicate,False,proposed_one_source,Manchester,medium,not_reviewed,,,,evidence_for_missing_claim,Manchester
592,The Twilight Sad,6e6GkaF6uiSEFuTrlvDJUF,Q750092,199417,Kilsyth,Kilsyth,Kilsyth,reported_place,https://www.wikidata.org/wiki/Q750092,d44d63b8-3da4-4f7d-aba1-a05ba8941b44,The Twilight Sad,Kilsyth,https://musicbrainz.org/artist/d44d63b8-3da4-4f7d-aba1-a05ba8941b44,True,The Twilight Sad,"Kilsyth, Lanarkshire, Scotland",https://en.wikipedia.org/wiki/The_Twilight_Sad,True,corroborated_two_sources,,,not_reviewed,,,,confirmed,Kilsyth
593,Napalm Death,3UqRgrDIQ208yNGiWKRMNt,Q321762,199401,Birmingham,Meriden,Meriden,reviewed_override,https://www.wikidata.org/wiki/Q321762,ce7bba8b-026b-4aa6-bddb-f98ed6d595e4,Napalm Death,Meriden,https://musicbrainz.org/artist/ce7bba8b-026b-4aa6-bddb-f98ed6d595e4,True,Napalm Death,"Meriden, West Midlands, England",https://en.wikipedia.org/wiki/Napalm_Death,True,corroborated_two_sources,,,corrected,Meriden,https://en.wikipedia.org/wiki/Napalm_Death,Both external origin sources identify Meriden; Birmingham is the broader scene association.,corrected,Meriden
594,Wishbone Ash,77zwstbi3x1IxnbDFg6uns,Q137758,199281,Torquay,Torquay,Torquay,reported_place,https://www.wikidata.org/wiki/Q137758,406f1b42-0c9e-4427-aeb7-02f78e188ec4,Wishbone Ash,Torquay,https://musicbrainz.org/artist/406f1b42-0c9e-4427-aeb7-02f78e188ec4,True,Wishbone Ash,"Torquay, Devon, England",https://en.wikipedia.org/wiki/Wishbone_Ash,True,corroborated_two_sources,,,not_reviewed,,,,confirmed,Torquay
595,World Party,0THUMJMWUd5L8os9K6O4FE,Q2504465,199197,London,London,London,reported_place,https://www.wikidata.org/wiki/Q2504465,f7691e08-2824-4e40-b126-4e4a20675036,World Party,London,https://musicbrainz.org/artist/f7691e08-2824-4e40-b126-4e4a20675036,True,World Party,"London, England",https://en.wikipedia.org/wiki/World_Party,True,corroborated_two_sources,,,not_reviewed,,,,confirmed,London
596,letherette,1fQDzf4lnUF4DYngrLJH0m,Q16960515,199074,,,,unresolved_generic_or_missing,https://www.wikidata.org/wiki/Q16960515,cd949939-d9f5-439f-b0aa-be08aa96c20f,Letherette,Wolverhampton,https://musicbrainz.org/artist/cd949939-d9f5-439f-b0aa-be08aa96c20f,False,Letherette,"Wolverhampton, UK",https://en.wikipedia.org/wiki/Letherette,False,proposed_two_sources,Wolverhampton,medium,not_reviewed,,,,evidence_for_missing_claim,Wolverhampton
597,Diamond Head,3z3KnhKZObj216IgfHYGVf,Q552377,199057,Stourbridge,Stourbridge,Stourbridge,reported_place,https://www.wikidata.org/wiki/Q552377,d3dd86df-2f57-4a97-8100-d09915343f60,Diamond Head,Stourbridge,https://musicbrainz.org/artist/d3dd86df-2f57-4a97-8100-d09915343f60,True,Diamond Head (British band),"Stourbridge, England",https://en.wikipedia.org/wiki/Diamond_Head_(British_band),True,corroborated_two_sources,,,not_reviewed,,,,confirmed,Stourbridge
598,Gomez,4zPGlyitRvJo7iz6OKlETa,Q1536853,198405,Southport,Southport,Southport,reported_place,https://www.wikidata.org/wiki/Q1536853,304cdd9d-a04e-4eb2-865c-980a553a0efd,Gomez,Southport,https://musicbrainz.org/artist/304cdd9d-a04e-4eb2-865c-980a553a0efd,True,Gomez (band),"Southport, Merseyside, England",https://en.wikipedia.org/wiki/Gomez_(band),True,corroborated_two_sources,,,not_reviewed,,,,confirmed,Southport
599,Babyshambles,0IBAqjHG8DSaD7PPCGnGiZ,Q797992,198309,London,London,London,reported_place,https://www.wikidata.org/wiki/Q797992,8e1e03fe-ebbc-467a-b541-857144db10fb,Babyshambles,London,https://musicbrainz.org/artist/8e1e03fe-ebbc-467a-b541-857144db10fb,True,Babyshambles,"London, England",https://en.wikipedia.org/wiki/Babyshambles,True,corroborated_two_sources,,,not_reviewed,,,,confirmed,London
600,Brotherhood of Man,4Cyr5aqgXza16isOrQNOvo,Q832745,196558,United Kingdom,,,unresolved_generic_or_missing,https://www.wikidata.org/wiki/Q832745,d9581fbb-e1d1-4353-b2b8-033ddaf4f40c,Brotherhood of Man,London,https://musicbrainz.org/artist/d9581fbb-e1d1-4353-b2b8-033ddaf4f40c,False,Brotherhood of Man,"London, England",https://en.wikipedia.org/wiki/Brotherhood_of_Man,False,proposed_two_sources,London,medium,not_reviewed,,,,evidence_for_missing_claim,London
601,Sea Power,5zhn89Em2jWUUWdpcLO3YL,Q920131,196069,Brighton|Reading,,,unresolved_multiple_places,https://www.wikidata.org/wiki/Q920131,8830afec-83b3-4213-aad0-f6377f1d73ac,Sea Power,Reading,https://musicbrainz.org/artist/8830afec-83b3-4213-aad0-f6377f1d73ac,False,Sea Power,"Reading, Berkshire, England",https://en.wikipedia.org/wiki/Sea_Power,False,proposed_two_sources,Reading,medium,not_reviewed,,,,evidence_for_missing_claim,Reading
602,Band Aid,35S20clEkkSNUo23ViaslZ,Q806231,195618,London,London,London,reported_place,https://www.wikidata.org/wiki/Q806231,0ecaa896-58fa-4dca-b53d-8da7bc5f59c5,Band Aid,London,https://musicbrainz.org/artist/0ecaa896-58fa-4dca-b53d-8da7bc5f59c5,True,Band Aid (band),,https://en.wikipedia.org/wiki/Band_Aid_(band),,corroborated_one_source,,,not_reviewed,,,,confirmed,London
603,The View,1fy3AQc7grjf5LnCd7snSg,Q578954,195510,Dundee,Dundee,Dundee,reported_place,https://www.wikidata.org/wiki/Q578954,4dcffc18-b573-4850-833c-d08e2b7e93b3,The View,Dundee,https://musicbrainz.org/artist/4dcffc18-b573-4850-833c-d08e2b7e93b3,True,The View (band),"Dundee, Scotland",https://en.wikipedia.org/wiki/The_View_(band),True,corroborated_two_sources,,,not_reviewed,,,,confirmed,Dundee
604,Thunderclap Newman,1USHlPahTZrCeJXS2v5pkF,Q2165685,194255,London,London,London,reported_place,https://www.wikidata.org/wiki/Q2165685,e5ef73d3-58ce-4a71-bbf7-72cf5cb2393a,Thunderclap Newman,London,https://musicbrainz.org/artist/e5ef73d3-58ce-4a71-bbf7-72cf5cb2393a,True,Thunderclap Newman,"London, England",https://en.wikipedia.org/wiki/Thunderclap_Newman,True,corroborated_two_sources,,,not_reviewed,,,,confirmed,London
605,Tommy Lefroy,3vldh5Ceynytj6Iglw4haP,Q115209312,192772,London,London,London,reported_place,https://www.wikidata.org/wiki/Q115209312,12b95b7d-b422-4de6-b95a-32388f6073cf,Tommy Lefroy,Nashville,https://musicbrainz.org/artist/12b95b7d-b422-4de6-b95a-32388f6073cf,False,Tommy Lefroy,"London, England",https://en.wikipedia.org/wiki/Tommy_Lefroy,True,corroborated_with_source_variation,,medium,not_reviewed,,,,source_variation,London
606,City of London Sinfonia,4JKHXlntTvmZnLxjbeRcPL,Q2974592,190860,,,,unresolved_generic_or_missing,https://www.wikidata.org/wiki/Q2974592,4ee56bc1-d642-4f71-adfb-48e4eea89f12,City of London Sinfonia,,https://musicbrainz.org/artist/4ee56bc1-d642-4f71-adfb-48e4eea89f12,,City of London Sinfonia,"London, UK",https://en.wikipedia.org/wiki/City_of_London_Sinfonia,False,proposed_one_source,London,medium,not_reviewed,,,,evidence_for_missing_claim,London
607,The Fall,6WoTvA9qinpHtSRJuldYh6,Q909916,190295,Prestwich,Prestwich,Prestwich,reported_place,https://www.wikidata.org/wiki/Q909916,d5da1841-9bc8-4813-9f89-11098090148e,The Fall,Prestwich,https://musicbrainz.org/artist/d5da1841-9bc8-4813-9f89-11098090148e,True,The Fall (band),"Prestwich, Greater Manchester, England",https://en.wikipedia.org/wiki/The_Fall_(band),True,corroborated_two_sources,,,not_reviewed,,,,confirmed,Prestwich
608,Autechre,6WH1V41LwGDGmlPUhSZLHO,Q247237,187473,Rochdale,Rochdale,Rochdale,reported_place,https://www.wikidata.org/wiki/Q247237,410c9baf-5469-44f6-9852-826524b80c61,Autechre,Rochdale,https://musicbrainz.org/artist/410c9baf-5469-44f6-9852-826524b80c61,True,Autechre,"Rochdale, Greater Manchester, England",https://en.wikipedia.org/wiki/Autechre,True,corroborated_two_sources,,,not_reviewed,,,,confirmed,Rochdale
609,Teenage Fanclub,2Sp19cOHSqAUlE64hekARW,Q1515611,186449,Bellshill,Bellshill,Bellshill,reported_place,https://www.wikidata.org/wiki/Q1515611,e6f8912b-7df9-4aae-b551-2cd03dc29588,Teenage Fanclub,Bellshill,https://musicbrainz.org/artist/e6f8912b-7df9-4aae-b551-2cd03dc29588,True,Teenage Fanclub,"Glasgow, Scotland",https://en.wikipedia.org/wiki/Teenage_Fanclub,False,corroborated_with_source_variation,,medium,not_reviewed,,,,source_variation,Bellshill
610,The Pigeon Detectives,7FPkZue0zzjHaOPJb4WCw3,Q1469656,184605,Rothwell,Rothwell,Rothwell,reported_place,https://www.wikidata.org/wiki/Q1469656,2e04a82f-9118-43b1-a918-bf84f122f7fc,The Pigeon Detectives,Leeds,https://musicbrainz.org/artist/2e04a82f-9118-43b1-a918-bf84f122f7fc,False,The Pigeon Detectives,"Rothwell, West Yorkshire, England",https://en.wikipedia.org/wiki/The_Pigeon_Detectives,True,corroborated_with_source_variation,,medium,not_reviewed,,,,source_variation,Rothwell
611,The Qemists,2McLd7klWE4UjkPLqqMwLv,Q2067701,184241,Brighton,Brighton,Brighton,reported_place,https://www.wikidata.org/wiki/Q2067701,eae38719-96b6-4aa5-8303-5bb08f953c86,The Qemists,Brighton,https://musicbrainz.org/artist/eae38719-96b6-4aa5-8303-5bb08f953c86,True,The Qemists,"Brighton, England",https://en.wikipedia.org/wiki/The_Qemists,True,corroborated_two_sources,,,not_reviewed,,,,confirmed,Brighton
612,Bomb The Bass,1G3Eh23f2hwhEnAMw7HsZ6,Q891757,184150,,,,unresolved_generic_or_missing,https://www.wikidata.org/wiki/Q891757,b2a28d4a-5f5d-49f6-b944-9f5a4bffc4d9,Bomb the Bass,London,https://musicbrainz.org/artist/b2a28d4a-5f5d-49f6-b944-9f5a4bffc4d9,False,Bomb the Bass,"London, England",https://en.wikipedia.org/wiki/Bomb_the_Bass,False,proposed_two_sources,London,medium,not_reviewed,,,,evidence_for_missing_claim,London
613,Way Out West,3HghjRl8Mo6OJWG0WElY2z,Q1431341,183677,,,,unresolved_generic_or_missing,https://www.wikidata.org/wiki/Q1431341,2c2a80cf-193d-4be6-992e-311428085474,Way Out West,Bristol,https://musicbrainz.org/artist/2c2a80cf-193d-4be6-992e-311428085474,False,Way Out West (duo),"Bristol, England",https://en.wikipedia.org/wiki/Way_Out_West_(duo),False,proposed_two_sources,Bristol,medium,not_reviewed,,,,evidence_for_missing_claim,Bristol
614,Japan,7vPXrGlSGukcwpaPxUfKKR,Q174933,183396,Catford,Catford,Catford,reported_place,https://www.wikidata.org/wiki/Q174933,697e7111-5630-4c77-83f3-39821bacc61a,Japan,Catford,https://musicbrainz.org/artist/697e7111-5630-4c77-83f3-39821bacc61a,True,Japan (band),"Catford, South London, England",https://en.wikipedia.org/wiki/Japan_(band),True,corroborated_two_sources,,,not_reviewed,,,,confirmed,Catford
615,King King,4SXsNXgRundFdewI58vbZT,Q21288873,182479,,,,unresolved_generic_or_missing,https://www.wikidata.org/wiki/Q21288873,c6175350-0452-4bc0-9d15-ba755d0d5584,King King,,https://musicbrainz.org/artist/c6175350-0452-4bc0-9d15-ba755d0d5584,,King King (band),"Lincoln, England",https://en.wikipedia.org/wiki/King_King_(band),False,proposed_one_source,Lincoln,medium,not_reviewed,,,,evidence_for_missing_claim,Lincoln
616,The Future Sound Of London,2qhmNI4ZHPpeDutdg473Z3,Q168031,181260,Manchester,Manchester,Manchester,reported_place,https://www.wikidata.org/wiki/Q168031,a1d77dd4-8728-4a47-bdfa-9663d791139c,The Future Sound of London,Manchester,https://musicbrainz.org/artist/a1d77dd4-8728-4a47-bdfa-9663d791139c,True,The Future Sound of London,"Manchester, England",https://en.wikipedia.org/wiki/The_Future_Sound_of_London,True,corroborated_two_sources,,,not_reviewed,,,,confirmed,Manchester
617,Stooshe,6RDAHUqUqJab8TZmyRHFss,Q1346917,180657,London,London,London,reported_place,https://www.wikidata.org/wiki/Q1346917,dd47cbff-4fc5-480d-8134-614b55da92e9,Stooshe,London,https://musicbrainz.org/artist/dd47cbff-4fc5-480d-8134-614b55da92e9,True,Stooshe,"London, England",https://en.wikipedia.org/wiki/Stooshe,True,corroborated_two_sources,,,not_reviewed,,,,confirmed,London
618,Bolt Thrower,3EbMlZ7ZKmFWPTHrLzpzvs,Q662463,180166,Coventry,Coventry,Coventry,reported_place,https://www.wikidata.org/wiki/Q662463,68bd8072-0412-44b1-81dd-807aa6c1918c,Bolt Thrower,Coventry,https://musicbrainz.org/artist/68bd8072-0412-44b1-81dd-807aa6c1918c,True,Bolt Thrower,"Coventry, England",https://en.wikipedia.org/wiki/Bolt_Thrower,True,corroborated_two_sources,,,not_reviewed,,,,confirmed,Coventry
619,Showaddywaddy,3zIIUxcnIoUMouVQdphkeC,Q731797,178641,,,,unresolved_generic_or_missing,https://www.wikidata.org/wiki/Q731797,0561d857-1d15-4ca1-93ec-ff6036c6e1a2,Showaddywaddy,Leicester,https://musicbrainz.org/artist/0561d857-1d15-4ca1-93ec-ff6036c6e1a2,False,Showaddywaddy,"Leicester, England",https://en.wikipedia.org/wiki/Showaddywaddy,False,proposed_two_sources,Leicester,medium,not_reviewed,,,,evidence_for_missing_claim,Leicester
620,The Futureheads,3TBfn8PtXr42OrTPaoC3E8,Q141703,175654,Sunderland,Sunderland,Sunderland,reported_place,https://www.wikidata.org/wiki/Q141703,0cf9d983-aecf-4d57-9e94-fde2beac014f,The Futureheads,Sunderland,https://musicbrainz.org/artist/0cf9d983-aecf-4d57-9e94-fde2beac014f,True,The Futureheads,"Sunderland, England",https://en.wikipedia.org/wiki/The_Futureheads,True,corroborated_two_sources,,,not_reviewed,,,,confirmed,Sunderland
621,Therapy?,3MomZRiJwdZmYnysgtF4Ey,Q1130493,175573,Larne,Larne,Larne,reported_place,https://www.wikidata.org/wiki/Q1130493,85226286-349a-4046-8dcf-f75b32baa6b1,Therapy?,Belfast,https://musicbrainz.org/artist/85226286-349a-4046-8dcf-f75b32baa6b1,False,Therapy?,"Larne, Northern Ireland",https://en.wikipedia.org/wiki/Therapy%3F,True,corroborated_with_source_variation,,medium,not_reviewed,,,,source_variation,Larne
622,Until The Ribbon Breaks,0PFM64sKw3GG4Sk8kqNIcp,Q19881622,174393,Cardiff,Cardiff,Cardiff,reported_place,https://www.wikidata.org/wiki/Q19881622,85fbbea1-084a-465f-b7e5-de879b436331,Until the Ribbon Breaks,,https://musicbrainz.org/artist/85fbbea1-084a-465f-b7e5-de879b436331,,Until the Ribbon Breaks,"Cardiff, Wales",https://en.wikipedia.org/wiki/Until_the_Ribbon_Breaks,True,corroborated_one_source,,,not_reviewed,,,,confirmed,Cardiff
623,The Seahorses,3mbVe260Kgvs1P8YFcCyY7,Q7762808,173184,York,York,York,reported_place,https://www.wikidata.org/wiki/Q7762808,b8a92c4e-9f24-4ed5-9c0b-c353e19c01cd,The Seahorses,York,https://musicbrainz.org/artist/b8a92c4e-9f24-4ed5-9c0b-c353e19c01cd,True,The Seahorses,"York, England",https://en.wikipedia.org/wiki/The_Seahorses,True,corroborated_two_sources,,,not_reviewed,,,,confirmed,York
624,Lawson,2Ah7S4oLgEBYRbz2V0cZzU,Q1076,172494,England,,,unresolved_generic_or_missing,https://www.wikidata.org/wiki/Q1076,349291c5-a650-4156-bbc9-af646bea7b71,Lawson,England,https://musicbrainz.org/artist/349291c5-a650-4156-bbc9-af646bea7b71,,Lawson (band),"Dorset, England",https://en.wikipedia.org/wiki/Lawson_(band),False,proposed_one_source,Dorset,medium,not_reviewed,,,,evidence_for_missing_claim,Dorset
625,swim school,7hC74DRW4q3obXLB5lTq4F,Q112039696,172006,,,,unresolved_generic_or_missing,https://www.wikidata.org/wiki/Q112039696,7f1659c7-ddcb-4a95-8b09-121db6fb91b6,swim school,Edinburgh,https://musicbrainz.org/artist/7f1659c7-ddcb-4a95-8b09-121db6fb91b6,False,Swim School,"Edinburgh, Scotland",https://en.wikipedia.org/wiki/Swim_School,False,proposed_two_sources,Edinburgh,medium,not_reviewed,,,,evidence_for_missing_claim,Edinburgh
626,Tom Robinson Band,57YVY9QP1mhqc51WqHln0e,Q526586,171964,,London,London,reviewed_override,https://www.wikidata.org/wiki/Q526586,51191b39-0b2f-4fc5-b062-774ccc377ac8,Tom Robinson Band,Cambridge,https://musicbrainz.org/artist/51191b39-0b2f-4fc5-b062-774ccc377ac8,False,Tom Robinson Band,"London, England",https://en.wikipedia.org/wiki/Tom_Robinson_Band,True,corroborated_with_source_variation,,medium,resolved,London,https://tomrobinson.com/bio/full-history/,Robinson was born in Cambridge but formed TRB after beginning his music career in London.,resolved,London
627,The Soup Dragons,5BEYGWk6aPdNXxBx9pwU8S,Q3066755,171856,Bellshill,Bellshill,Bellshill,reported_place,https://www.wikidata.org/wiki/Q3066755,5c42c9cf-5833-41d8-b600-177e70894046,The Soup Dragons,Bellshill,https://musicbrainz.org/artist/5c42c9cf-5833-41d8-b600-177e70894046,True,The Soup Dragons,"Bellshill, North Lanarkshire, Scotland",https://en.wikipedia.org/wiki/The_Soup_Dragons,True,corroborated_two_sources,,,not_reviewed,,,,confirmed,Bellshill
628,The Corries,37QFe07xXVifiZf6t6t3PE,Q1349385,171307,Edinburgh,Edinburgh,Edinburgh,reported_place,https://www.wikidata.org/wiki/Q1349385,a816d0c7-addb-4642-9946-f4cdf3a8186f,The Corries,,https://musicbrainz.org/artist/a816d0c7-addb-4642-9946-f4cdf3a8186f,,The Corries,"Edinburgh, Scotland",https://en.wikipedia.org/wiki/The_Corries,True,corroborated_one_source,,,not_reviewed,,,,confirmed,Edinburgh
629,Bob Vylan,6XgIk9Y6qy6JCMZVime6DQ,Q111685240,171179,London,London,London,reported_place,https://www.wikidata.org/wiki/Q111685240,d1bc5be1-f552-4e2e-95ae-da8d6a4d3c17,Bob Vylan,London,https://musicbrainz.org/artist/d1bc5be1-f552-4e2e-95ae-da8d6a4d3c17,True,Bob Vylan,"Ipswich, England",https://en.wikipedia.org/wiki/Bob_Vylan,False,corroborated_with_source_variation,,medium,not_reviewed,,,,source_variation,London
630,Sailor,4pE3KE9J1Z1LKzjwLtWU21,Q354427,168700,,,,unresolved_generic_or_missing,https://www.wikidata.org/wiki/Q354427,c219ec10-39c9-4ef9-9169-2d9bd01a1519,Sailor,London,https://musicbrainz.org/artist/c219ec10-39c9-4ef9-9169-2d9bd01a1519,False,Sailor (band),UK,https://en.wikipedia.org/wiki/Sailor_(band),,proposed_one_source,London,medium,not_reviewed,,,,evidence_for_missing_claim,London
631,Dr. Feelgood,25IRTisJjqI6JlkyCVMBsV,Q1253897,167923,Essex,Essex,Essex,reported_place,https://www.wikidata.org/wiki/Q1253897,fcc0e623-435b-4a46-b9b3-73823e22e1ec,Dr. Feelgood,Canvey Island,https://musicbrainz.org/artist/fcc0e623-435b-4a46-b9b3-73823e22e1ec,False,Dr. Feelgood (band),"Canvey Island, Essex, England",https://en.wikipedia.org/wiki/Dr._Feelgood_(band),True,corroborated_with_source_variation,,medium,not_reviewed,,,,source_variation,Essex
632,Cock Sparrer,4NPManowiyiGa72hezruf2,Q600311,166468,London,London,London,reported_place,https://www.wikidata.org/wiki/Q600311,bbcc9824-31c0-4c70-a7af-d24090ea161e,Cock Sparrer,London,https://musicbrainz.org/artist/bbcc9824-31c0-4c70-a7af-d24090ea161e,True,Cock Sparrer,"London, England",https://en.wikipedia.org/wiki/Cock_Sparrer,True,corroborated_two_sources,,,not_reviewed,,,,confirmed,London
633,Thunder,3SfrwwVPGtjYTI3vwQ4hEU,Q678521,165055,London,London,London,reported_place,https://www.wikidata.org/wiki/Q678521,0d4696bc-6a04-4525-80a8-40308054b91c,Thunder,London,https://musicbrainz.org/artist/0d4696bc-6a04-4525-80a8-40308054b91c,True,Thunder (band),"London, England",https://en.wikipedia.org/wiki/Thunder_(band),True,corroborated_two_sources,,,not_reviewed,,,,confirmed,London
634,The Exploited,6NB4b8lltHCjOhW7vQZkAy,Q117684,164967,Edinburgh,Edinburgh,Edinburgh,reported_place,https://www.wikidata.org/wiki/Q117684,9876cc18-e3c4-487a-b330-e67b08eee2b2,The Exploited,Edinburgh,https://musicbrainz.org/artist/9876cc18-e3c4-487a-b330-e67b08eee2b2,True,The Exploited,"Edinburgh, Scotland",https://en.wikipedia.org/wiki/The_Exploited,True,corroborated_two_sources,,,not_reviewed,,,,confirmed,Edinburgh
635,The Slits,5O0RrEgz4NLCPLrDZiPggz,Q677115,164826,London,London,London,reported_place,https://www.wikidata.org/wiki/Q677115,ff9ef2ef-73a6-496c-8528-4b12b21afbfd,The Slits,London,https://musicbrainz.org/artist/ff9ef2ef-73a6-496c-8528-4b12b21afbfd,True,The Slits,"London, England",https://en.wikipedia.org/wiki/The_Slits,True,corroborated_two_sources,,,not_reviewed,,,,confirmed,London
636,Stateless,6msJKphD3VXZPItnztefdH,Q3497309,164345,Leeds,Leeds,Leeds,reported_place,https://www.wikidata.org/wiki/Q3497309,4a180f59-6f6e-4fb5-92eb-473d075f7032,Stateless,Leeds,https://musicbrainz.org/artist/4a180f59-6f6e-4fb5-92eb-473d075f7032,True,Stateless (band),"Leeds, West Yorkshire, England",https://en.wikipedia.org/wiki/Stateless_(band),True,corroborated_two_sources,,,not_reviewed,,,,confirmed,Leeds
637,Beady Eye,5yBDILLJyNFAjFpECkk7ys,Q753648,164088,London,London,London,reported_place,https://www.wikidata.org/wiki/Q753648,a0e10984-0eca-4920-a171-5fd7a62ee069,Beady Eye,Manchester,https://musicbrainz.org/artist/a0e10984-0eca-4920-a171-5fd7a62ee069,False,Beady Eye,"London, England",https://en.wikipedia.org/wiki/Beady_Eye,True,corroborated_with_source_variation,,medium,not_reviewed,,,,source_variation,London
638,Babylon Zoo,3k7uMwc8FLJmH8RHMh2HF8,Q696624,163876,Wolverhampton,Wolverhampton,Wolverhampton,reported_place,https://www.wikidata.org/wiki/Q696624,22459cde-5212-4d97-aa8f-30f0b83eaff0,Babylon Zoo,Wolverhampton,https://musicbrainz.org/artist/22459cde-5212-4d97-aa8f-30f0b83eaff0,True,Babylon Zoo,"Wolverhampton, England",https://en.wikipedia.org/wiki/Babylon_Zoo,True,corroborated_two_sources,,,not_reviewed,,,,confirmed,Wolverhampton
639,Kareful,7y4breKexfBWgdyMgHMEHK,Q59563575,162343,,,,unresolved_generic_or_missing,https://www.wikidata.org/wiki/Q59563575,05f13bab-f4bf-454d-9c9f-50551474fe0b,Kareful,,https://musicbrainz.org/artist/05f13bab-f4bf-454d-9c9f-50551474fe0b,,,,,,unresolved,,low,not_reviewed,,,,unresolved,
640,The Swinging Blue Jeans,5gNduPlUGHsgy1w7f71obH,Q1310839,161534,Liverpool,Liverpool,Liverpool,reported_place,https://www.wikidata.org/wiki/Q1310839,f200e1a5-43c6-42e1-a715-d9742d6559ef,The Swinging Blue Jeans,Liverpool,https://musicbrainz.org/artist/f200e1a5-43c6-42e1-a715-d9742d6559ef,True,The Swinging Blue Jeans,"Liverpool, England",https://en.wikipedia.org/wiki/The_Swinging_Blue_Jeans,True,corroborated_two_sources,,,not_reviewed,,,,confirmed,Liverpool
641,Loadstar,0umDTRGYujQH31KZq9FdrU,Q15052759,160497,Bristol,Bristol,Bristol,reported_place,https://www.wikidata.org/wiki/Q15052759,d7d3e885-15a1-4d53-943c-0ffca6628cbe,Loadstar,Bristol,https://musicbrainz.org/artist/d7d3e885-15a1-4d53-943c-0ffca6628cbe,True,Loadstar (duo),"Bristol, England",https://en.wikipedia.org/wiki/Loadstar_(duo),True,corroborated_two_sources,,,not_reviewed,,,,confirmed,Bristol
642,The Magic Numbers,0P2q6xyNc2hVFkG3ThjYcJ,Q1474849,160113,Ealing,Ealing,Ealing,reported_place,https://www.wikidata.org/wiki/Q1474849,3b3531c4-cd2d-4df0-897c-a2e29b8341fc,The Magic Numbers,Ealing,https://musicbrainz.org/artist/3b3531c4-cd2d-4df0-897c-a2e29b8341fc,True,The Magic Numbers,"Ealing, London, England",https://en.wikipedia.org/wiki/The_Magic_Numbers,True,corroborated_two_sources,,,not_reviewed,,,,confirmed,Ealing
643,Oxide & Neutrino,0uhNYfjHJyAmHh2xNZ4vqf,Q1428002,159474,London,London,London,reported_place,https://www.wikidata.org/wiki/Q1428002,5f6f7bd2-971a-498c-8b10-1b71a6e1b1bd,Oxide & Neutrino,London,https://musicbrainz.org/artist/5f6f7bd2-971a-498c-8b10-1b71a6e1b1bd,True,Oxide & Neutrino,"London, England",https://en.wikipedia.org/wiki/Oxide_%26_Neutrino,True,corroborated_two_sources,,,not_reviewed,,,,confirmed,London
644,Dead Pony,3lGO6uBIzoFyU6OoGMER1B,Q112031241,158291,,,,unresolved_generic_or_missing,https://www.wikidata.org/wiki/Q112031241,8cbb2039-4bdb-4629-8c0d-b6ad11e3e6a4,Dead Pony,,https://musicbrainz.org/artist/8cbb2039-4bdb-4629-8c0d-b6ad11e3e6a4,,Dead Pony,"Glasgow, Scotland",https://en.wikipedia.org/wiki/Dead_Pony,False,proposed_one_source,Glasgow,medium,not_reviewed,,,,evidence_for_missing_claim,Glasgow
645,Twin Atlantic,4A9xtvezlouTD7H0kyUje9,Q2365012,158180,Glasgow,Glasgow,Glasgow,reported_place,https://www.wikidata.org/wiki/Q2365012,98a819b7-2634-4987-815b-bc66182dc97f,Twin Atlantic,Glasgow,https://musicbrainz.org/artist/98a819b7-2634-4987-815b-bc66182dc97f,True,Twin Atlantic,"Glasgow, Scotland",https://en.wikipedia.org/wiki/Twin_Atlantic,True,corroborated_two_sources,,,not_reviewed,,,,confirmed,Glasgow
646,Shpongle,0m5XJwKGYyUjd3VMfcINCQ,Q1134411,157586,United Kingdom,,,unresolved_generic_or_missing,https://www.wikidata.org/wiki/Q1134411,ffe9ec08-6b6b-4993-9394-e280b429dbfd,Shpongle,United Kingdom,https://musicbrainz.org/artist/ffe9ec08-6b6b-4993-9394-e280b429dbfd,,Shpongle,"Chobham, Surrey, England",https://en.wikipedia.org/wiki/Shpongle,False,proposed_one_source,Chobham,medium,not_reviewed,,,,evidence_for_missing_claim,Chobham
647,Electrelane,7ulIMfVKiXh8ecEpAVHIAY,Q460115,156130,Brighton,Brighton,Brighton,reported_place,https://www.wikidata.org/wiki/Q460115,7756e3dc-f44c-4678-a7bc-d1b31204a963,Electrelane,Brighton,https://musicbrainz.org/artist/7756e3dc-f44c-4678-a7bc-d1b31204a963,True,Electrelane,"Brighton, East Sussex, England",https://en.wikipedia.org/wiki/Electrelane,True,corroborated_two_sources,,,not_reviewed,,,,confirmed,Brighton
648,AlicebanD,4r4F8WTxKS7hsSWVzlu6rY,Q117025304,156024,,,,unresolved_generic_or_missing,https://www.wikidata.org/wiki/Q117025304,,,,,,,,,,unresolved,,low,not_reviewed,,,,unresolved,
649,Calva Louise,02nZLQtQ4vL5iHyp6atBrh,Q111128234,155471,,,,unresolved_generic_or_missing,https://www.wikidata.org/wiki/Q111128234,d0b599dc-df42-46d9-a2aa-821c2a534a24,Calva Louise,London,https://musicbrainz.org/artist/d0b599dc-df42-46d9-a2aa-821c2a534a24,False,Calva Louise,"London, England",https://en.wikipedia.org/wiki/Calva_Louise,False,proposed_two_sources,London,medium,not_reviewed,,,,evidence_for_missing_claim,London
650,TesseracT,23ytwhG1pzX6DIVWRWvW1r,Q1430984,155442,Milton Keynes,Milton Keynes,Milton Keynes,reported_place,https://www.wikidata.org/wiki/Q1430984,f1ec4765-e5da-4591-8b50-a8ff9627dda8,TesseracT,Milton Keynes,https://musicbrainz.org/artist/f1ec4765-e5da-4591-8b50-a8ff9627dda8,True,Tesseract (band),"Milton Keynes, England",https://en.wikipedia.org/wiki/Tesseract_(band),True,corroborated_two_sources,,,not_reviewed,,,,confirmed,Milton Keynes
651,Deaf Havana,0exhrQcReCdr11oPbOh22M,Q5245773,155196,Hunstanton,Hunstanton,Hunstanton,reported_place,https://www.wikidata.org/wiki/Q5245773,0c84abd4-c279-4c29-9aa9-cb7654591686|98edd2f1-d136-4c47-ab9b-c31839dd1d98,Deaf Havana|Ryan Mellor,,https://musicbrainz.org/artist/0c84abd4-c279-4c29-9aa9-cb7654591686|https://musicbrainz.org/artist/98edd2f1-d136-4c47-ab9b-c31839dd1d98,,Deaf Havana,"Hunstanton and King's Lynn, Norfolk, England",https://en.wikipedia.org/wiki/Deaf_Havana,True,corroborated_one_source,,,not_reviewed,,,,confirmed,Hunstanton
652,The Bluebells,59FA7hfd0gJCIVBN0GygHg,Q4050978,155036,Scotland,,Scotland,reported_place,https://www.wikidata.org/wiki/Q4050978,c85a8a5b-4d8f-49c7-973d-61a344f8d932,The Bluebells,Scotland,https://musicbrainz.org/artist/c85a8a5b-4d8f-49c7-973d-61a344f8d932,,The Bluebells,Scotland,https://en.wikipedia.org/wiki/The_Bluebells,,unresolved,,low,not_reviewed,,,,unresolved,
653,The Alarm,0oQLexIBY9SlMhtbSIPFAO,Q2301808,153792,Wales,,Wales,reported_place,https://www.wikidata.org/wiki/Q2301808,cee3e39e-fb10-414d-9f11-b50fa7d6fb7a,The Alarm,Rhyl,https://musicbrainz.org/artist/cee3e39e-fb10-414d-9f11-b50fa7d6fb7a,False,The Alarm,"Rhyl, Wales",https://en.wikipedia.org/wiki/The_Alarm,False,proposed_two_sources,Rhyl,medium,not_reviewed,,,,evidence_for_missing_claim,Rhyl
654,Mànran,0okPaVyeEjh0VJtfBdNPho,Q3997948,153473,Scotland,,Scotland,reported_place,https://www.wikidata.org/wiki/Q3997948,b2950185-e4a7-4ba5-9e68-08796b822179,Mànran,,https://musicbrainz.org/artist/b2950185-e4a7-4ba5-9e68-08796b822179,,Mànran,Scotland,https://en.wikipedia.org/wiki/M%C3%A0nran,,unresolved,,low,not_reviewed,,,,unresolved,
655,The Flying Pickets,41A6Xdil8qhaD2DcS4X1wA,Q1578573,152643,,,,unresolved_generic_or_missing,https://www.wikidata.org/wiki/Q1578573,9652d56e-ee75-4a19-a1db-6637a4f1bfbe,The Flying Pickets,,https://musicbrainz.org/artist/9652d56e-ee75-4a19-a1db-6637a4f1bfbe,,The Flying Pickets,"London, England",https://en.wikipedia.org/wiki/The_Flying_Pickets,False,proposed_one_source,London,medium,not_reviewed,,,,evidence_for_missing_claim,London
656,Pretty Vicious,4KH4eOg39KeBpnfSgvIteD,Q26260790,152499,Merthyr Tydfil,Merthyr Tydfil,Merthyr Tydfil,reported_place,https://www.wikidata.org/wiki/Q26260790,afb2b805-72f3-4d70-8f6e-143db2750137,Pretty Vicious,Merthyr Tydfil,https://musicbrainz.org/artist/afb2b805-72f3-4d70-8f6e-143db2750137,True,Pretty Vicious,"Merthyr Tydfil, Wales",https://en.wikipedia.org/wiki/Pretty_Vicious,True,corroborated_two_sources,,,not_reviewed,,,,confirmed,Merthyr Tydfil
657,The Prototypes,7F6nxkPQrlh4qWDetjgnpX,Q22909361,151701,,,,unresolved_generic_or_missing,https://www.wikidata.org/wiki/Q22909361,b047f834-e2cd-4f31-a324-fefbfc080c15,The Prototypes,,https://musicbrainz.org/artist/b047f834-e2cd-4f31-a324-fefbfc080c15,,The Prototypes,"Brighton, England",https://en.wikipedia.org/wiki/The_Prototypes,False,proposed_one_source,Brighton,medium,not_reviewed,,,,evidence_for_missing_claim,Brighton
658,Wax,6EQn1KgYQxe0bcheogqRTB,Q1969654,151687,Manchester,Manchester,Manchester,reported_place,https://www.wikidata.org/wiki/Q1969654,549e1b66-0898-49f1-bf5c-0c7195a08fbe,Wax,,https://musicbrainz.org/artist/549e1b66-0898-49f1-bf5c-0c7195a08fbe,,Wax (British band),"Manchester, England",https://en.wikipedia.org/wiki/Wax_(British_band),True,corroborated_one_source,,,not_reviewed,,,,confirmed,Manchester
659,Delta Sleep,05MlomiA9La0OiNIAGqECk,Q106920410,151180,,,,unresolved_generic_or_missing,https://www.wikidata.org/wiki/Q106920410,0934b25a-8293-4277-a6db-ee0ad0adbfc8,Delta Sleep,,https://musicbrainz.org/artist/0934b25a-8293-4277-a6db-ee0ad0adbfc8,,Delta Sleep,"Brighton, England, UK",https://en.wikipedia.org/wiki/Delta_Sleep,False,proposed_one_source,Brighton,medium,not_reviewed,,,,evidence_for_missing_claim,Brighton
660,Reprazent,17Ytfl1DntgvVdragJEqx8,Q7314192,150501,,,,unresolved_generic_or_missing,https://www.wikidata.org/wiki/Q7314192,45e00f0f-f52b-4db8-a480-cf87b71c4800,Roni Size / Reprazent,Bristol,https://musicbrainz.org/artist/45e00f0f-f52b-4db8-a480-cf87b71c4800,False,Roni Size & Reprazent,"England, United Kingdom",https://en.wikipedia.org/wiki/Roni_Size_%26_Reprazent,,proposed_one_source,Bristol,medium,not_reviewed,,,,evidence_for_missing_claim,Bristol
661,Dry Cleaning,7DlD7rLG9MKuvXtTeACzkO,Q105677002,150253,South London,South London,South London,reported_place,https://www.wikidata.org/wiki/Q105677002,8a74e5ea-6f68-49e1-951c-80d2291f7c3f,Dry Cleaning,London,https://musicbrainz.org/artist/8a74e5ea-6f68-49e1-951c-80d2291f7c3f,True,Dry Cleaning (band),"South London, England",https://en.wikipedia.org/wiki/Dry_Cleaning_(band),True,corroborated_two_sources,,,not_reviewed,,,,confirmed,South London
662,Fickle Friends,1nhSLEYdoBHG6cJ8NDwoF1,Q24895505,149977,Brighton,Brighton,Brighton,reported_place,https://www.wikidata.org/wiki/Q24895505,2520d6eb-fe07-4403-bb99-7f7bfd68b701,Fickle Friends,Brighton,https://musicbrainz.org/artist/2520d6eb-fe07-4403-bb99-7f7bfd68b701,True,Fickle Friends,"Brighton, East Sussex, England",https://en.wikipedia.org/wiki/Fickle_Friends,True,corroborated_two_sources,,,not_reviewed,,,,confirmed,Brighton
663,Bros,2LKrAJVB1842xPDvx4uuwU,Q990686,149817,Camberley,Camberley,Camberley,reported_place,https://www.wikidata.org/wiki/Q990686,e9a9d23f-febe-4499-a6ec-d040b046a35b,Bros,Peckham,https://musicbrainz.org/artist/e9a9d23f-febe-4499-a6ec-d040b046a35b,False,Bros (British band),"Camberley, Surrey, England",https://en.wikipedia.org/wiki/Bros_(British_band),True,corroborated_with_source_variation,,medium,not_reviewed,,,,source_variation,Camberley
664,Super Furry Animals,0FOcXqJgJ1oq9XfzYTDZmZ,Q1135582,149540,Cardiff,Cardiff,Cardiff,reported_place,https://www.wikidata.org/wiki/Q1135582,c5f5dc27-3059-49c0-ae45-5009a01bb9ec,Super Furry Animals,Cardiff,https://musicbrainz.org/artist/c5f5dc27-3059-49c0-ae45-5009a01bb9ec,True,Super Furry Animals,"Cardiff, Wales",https://en.wikipedia.org/wiki/Super_Furry_Animals,True,corroborated_two_sources,,,not_reviewed,,,,confirmed,Cardiff
665,Lo Fidelity Allstars,2YiWXa7E1raYyY0uQDLpgs,Q204934,149493,London,London,London,reported_place,https://www.wikidata.org/wiki/Q204934,d5c437bc-59be-4e43-9fa6-928fc2e9961b,Lo Fidelity Allstars,London,https://musicbrainz.org/artist/d5c437bc-59be-4e43-9fa6-928fc2e9961b,True,Lo Fidelity Allstars,"Leeds, England",https://en.wikipedia.org/wiki/Lo_Fidelity_Allstars,False,corroborated_with_source_variation,,medium,not_reviewed,,,,source_variation,London
666,English Teacher,5H9IFTRxSICj24uxO15ScU,Q124304162,148637,,,,unresolved_generic_or_missing,https://www.wikidata.org/wiki/Q124304162,b60fd6f1-a47a-4021-b8df-83f8e8893e91,English Teacher,Leeds,https://musicbrainz.org/artist/b60fd6f1-a47a-4021-b8df-83f8e8893e91,False,English Teacher,"Leeds, West Yorkshire, England",https://en.wikipedia.org/wiki/English_Teacher,False,proposed_two_sources,Leeds,medium,not_reviewed,,,,evidence_for_missing_claim,Leeds
667,The Selecter,3wRksusBxJ6npu0PryYheF,Q1546385,147657,Coventry,Coventry,Coventry,reported_place,https://www.wikidata.org/wiki/Q1546385,1329faaf-799f-44e2-91f9-87fe52f17afd,The Selecter,Coventry,https://musicbrainz.org/artist/1329faaf-799f-44e2-91f9-87fe52f17afd,True,The Selecter,"Coventry, England",https://en.wikipedia.org/wiki/The_Selecter,True,corroborated_two_sources,,,not_reviewed,,,,confirmed,Coventry
668,Sleeper,0NbfEPYRgMczimdfM3skmH,Q640008,146769,London,London,London,reported_place,https://www.wikidata.org/wiki/Q640008,06382766-3bf9-43f1-a10f-26d43196ad08,Sleeper,London,https://musicbrainz.org/artist/06382766-3bf9-43f1-a10f-26d43196ad08,True,Sleeper (band),"London, England",https://en.wikipedia.org/wiki/Sleeper_(band),True,corroborated_two_sources,,,not_reviewed,,,,confirmed,London
669,The Big Moon,0KU55rzxAihPhi27MAuz9O,Q28407726,146229,London,London,London,reported_place,https://www.wikidata.org/wiki/Q28407726,9bb06c9f-31d7-4809-9e95-2e647a23a735,The Big Moon,London,https://musicbrainz.org/artist/9bb06c9f-31d7-4809-9e95-2e647a23a735,True,The Big Moon,"London, England, United Kingdom",https://en.wikipedia.org/wiki/The_Big_Moon,True,corroborated_two_sources,,,not_reviewed,,,,confirmed,London
670,black midi,7Hvq85OU8T7Hsd63zNBwaL,Q65070663,144902,London,London,London,reported_place,https://www.wikidata.org/wiki/Q65070663,4afbef0a-05ee-4551-b0e0-f1f1870d8f1c,black midi,Croydon,https://musicbrainz.org/artist/4afbef0a-05ee-4551-b0e0-f1f1870d8f1c,False,Black Midi,"London, England, UK",https://en.wikipedia.org/wiki/Black_Midi,True,corroborated_with_source_variation,,medium,not_reviewed,,,,source_variation,London
671,Those Damn Crows,3VdnwWd3i9OOT0CzbzRZj7,Q65038085,142422,,,,unresolved_generic_or_missing,https://www.wikidata.org/wiki/Q65038085,1792eec9-4b2e-4c66-a4b8-eb27b2ea6b77,Those Damn Crows,,https://musicbrainz.org/artist/1792eec9-4b2e-4c66-a4b8-eb27b2ea6b77,,Those Damn Crows,"Bridgend, Wales",https://en.wikipedia.org/wiki/Those_Damn_Crows,False,proposed_one_source,Bridgend,medium,not_reviewed,,,,evidence_for_missing_claim,Bridgend
672,Panic Shack,26HCuM5PamldoaHII5Ifxc,Q116783016,142284,,,,unresolved_generic_or_missing,https://www.wikidata.org/wiki/Q116783016,f71cc410-3ac1-4068-b273-d5d09858feaf,Panic Shack,Cardiff,https://musicbrainz.org/artist/f71cc410-3ac1-4068-b273-d5d09858feaf,False,Panic Shack,"Cardiff, Wales",https://en.wikipedia.org/wiki/Panic_Shack,False,proposed_two_sources,Cardiff,medium,not_reviewed,,,,evidence_for_missing_claim,Cardiff
673,Monaco,0N3oP3Si8ihzFUrU6kITZ8,Q1943982,140035,Manchester,Manchester,Manchester,reported_place,https://www.wikidata.org/wiki/Q1943982,21bb4dc1-f5dd-406a-9983-f09f10ae4980,Monaco,Greater Manchester,https://musicbrainz.org/artist/21bb4dc1-f5dd-406a-9983-f09f10ae4980,True,Monaco (band),"Manchester, Greater Manchester, England",https://en.wikipedia.org/wiki/Monaco_(band),True,corroborated_two_sources,,,not_reviewed,,,,confirmed,Manchester
674,Michael Schenker Group,5uSY4FF3dZMCVSkZslKCHi,Q638159,139857,London,London,London,reported_place,https://www.wikidata.org/wiki/Q638159,db005731-6c46-4e7d-83e3-21f80189884a,Michael Schenker Group,London,https://musicbrainz.org/artist/db005731-6c46-4e7d-83e3-21f80189884a,True,Michael Schenker Group,"London, England",https://en.wikipedia.org/wiki/Michael_Schenker_Group,True,corroborated_two_sources,,,not_reviewed,,,,confirmed,London
675,The Firm,4rPZAvpw9ObVO3HFGWSHwt,Q938323,138968,England,,,unresolved_generic_or_missing,https://www.wikidata.org/wiki/Q938323,c08ced1f-d248-4368-90e5-bf579b3bf5de,The Firm,England,https://musicbrainz.org/artist/c08ced1f-d248-4368-90e5-bf579b3bf5de,,The Firm (rock band),England,https://en.wikipedia.org/wiki/The_Firm_(rock_band),,unresolved,,low,not_reviewed,,,,unresolved,
676,Pop Will Eat Itself,5rIXueJu7zVE2gDZjUM6g8,Q1378050,138949,Stourbridge,Stourbridge,Stourbridge,reported_place,https://www.wikidata.org/wiki/Q1378050,e74d6546-7d69-43aa-9580-51a80cd9ae54,Pop Will Eat Itself,Stourbridge,https://musicbrainz.org/artist/e74d6546-7d69-43aa-9580-51a80cd9ae54,True,Pop Will Eat Itself,"Stourbridge, West Midlands, England",https://en.wikipedia.org/wiki/Pop_Will_Eat_Itself,True,corroborated_two_sources,,,not_reviewed,,,,confirmed,Stourbridge
677,Foreign Beggars,0sQ1wgSdRpoysgsa1VnI4G,Q3077143,138616,London,London,London,reported_place,https://www.wikidata.org/wiki/Q3077143,34dd3adc-f118-4106-bfac-71820a804f4c,Foreign Beggars,London,https://musicbrainz.org/artist/34dd3adc-f118-4106-bfac-71820a804f4c,True,Foreign Beggars,"London, England",https://en.wikipedia.org/wiki/Foreign_Beggars,True,corroborated_two_sources,,,not_reviewed,,,,confirmed,London
678,Nomad,4nP1Vg2YuLE0Nbr7uK08SM,Q7048384,136733,,,,unresolved_generic_or_missing,https://www.wikidata.org/wiki/Q7048384,5c5a6130-d7a0-437a-9b43-2936028fdd07,Nomad,,https://musicbrainz.org/artist/5c5a6130-d7a0-437a-9b43-2936028fdd07,,Nomad (British band),United Kingdom,https://en.wikipedia.org/wiki/Nomad_(British_band),,unresolved,,low,not_reviewed,,,,unresolved,
679,Hawkwind,2jK54ZlZhTF1TxygsVeR05,Q285966,136226,Ladbroke Grove,Ladbroke Grove,Ladbroke Grove,reported_place,https://www.wikidata.org/wiki/Q285966,5a28f8c2-31fb-4047-ae57-c5c326989262,Hawkwind,Ladbroke Grove,https://musicbrainz.org/artist/5a28f8c2-31fb-4047-ae57-c5c326989262,True,Hawkwind,"Ladbroke Grove, London, England",https://en.wikipedia.org/wiki/Hawkwind,True,corroborated_two_sources,,,not_reviewed,,,,confirmed,Ladbroke Grove
680,The Toy Dolls,747P2pvOwW22iRcFS9zQDv,Q728289,135203,Sunderland,Sunderland,Sunderland,reported_place,https://www.wikidata.org/wiki/Q728289,c1c10a2a-241a-403a-a020-61545f31d374,The Toy Dolls,Sunderland,https://musicbrainz.org/artist/c1c10a2a-241a-403a-a020-61545f31d374,True,Toy Dolls,"Sunderland, Tyne and Wear, England",https://en.wikipedia.org/wiki/Toy_Dolls,True,corroborated_two_sources,,,not_reviewed,,,,confirmed,Sunderland
681,Hybrid,2MYN7OKnlCiZ0wrwp2A1ox,Q851798,134319,,,,unresolved_generic_or_missing,https://www.wikidata.org/wiki/Q851798,9f2524e1-cda1-4304-941e-ebb448d32a16,Hybrid,Swansea,https://musicbrainz.org/artist/9f2524e1-cda1-4304-941e-ebb448d32a16,False,Hybrid (British band),"Swansea, Wales",https://en.wikipedia.org/wiki/Hybrid_(British_band),False,proposed_two_sources,Swansea,medium,not_reviewed,,,,evidence_for_missing_claim,Swansea
682,The Irish Brigade,22xPtA9BuacbAGzd2Laihm,Q28958305,133806,County Tyrone,County Tyrone,County Tyrone,reported_place,https://www.wikidata.org/wiki/Q28958305,4e4058e3-352d-4e32-906e-dc0990da7e09,The Irish Brigade,County Tyrone,https://musicbrainz.org/artist/4e4058e3-352d-4e32-906e-dc0990da7e09,True,,,,,corroborated_one_source,,,not_reviewed,,,,confirmed,County Tyrone
683,Acoustic Alchemy,29wYlrKAdlJOf9ayJIIPpJ,Q1144027,133679,London,London,London,reported_place,https://www.wikidata.org/wiki/Q1144027,78de0cb4-245a-4679-9d09-d4f277c58e0e,Acoustic Alchemy,,https://musicbrainz.org/artist/78de0cb4-245a-4679-9d09-d4f277c58e0e,,Acoustic Alchemy,"London, England, U.K.",https://en.wikipedia.org/wiki/Acoustic_Alchemy,True,corroborated_one_source,,,not_reviewed,,,,confirmed,London
684,The Joy Formidable,4LdZNE5MHGqvc0N9ivXNF3,Q953993,133646,Mold,Mold,Mold,reported_place,https://www.wikidata.org/wiki/Q953993,072d4c31-8fd7-4073-9efc-7e192b517906,The Joy Formidable,Wales,https://musicbrainz.org/artist/072d4c31-8fd7-4073-9efc-7e192b517906,,The Joy Formidable,"Mold, Flintshire, Wales",https://en.wikipedia.org/wiki/The_Joy_Formidable,True,corroborated_one_source,,,not_reviewed,,,,confirmed,Mold
685,The Escape Club,6mRev5KzKOgQcZjWanwBdd,Q661797,131312,London,London,London,reported_place,https://www.wikidata.org/wiki/Q661797,de610ac3-0676-4e4b-9a7d-25555d132559,The Escape Club,,https://musicbrainz.org/artist/de610ac3-0676-4e4b-9a7d-25555d132559,,The Escape Club,"London, England",https://en.wikipedia.org/wiki/The_Escape_Club,True,corroborated_one_source,,,not_reviewed,,,,confirmed,London
686,The Icicle Works,39afGThIZjTTMH5enuLXYI,Q2412078,131181,Liverpool,Liverpool,Liverpool,reported_place,https://www.wikidata.org/wiki/Q2412078,03143cba-d359-4bd9-8ab3-5ba6590f9933,The Icicle Works,,https://musicbrainz.org/artist/03143cba-d359-4bd9-8ab3-5ba6590f9933,,The Icicle Works,"Liverpool, England",https://en.wikipedia.org/wiki/The_Icicle_Works,True,corroborated_one_source,,,not_reviewed,,,,confirmed,Liverpool
687,Drumsound & Bassline Smith,1f6TTocyaqNFvwD4xsrDTh,Q5309306,130375,,,,unresolved_generic_or_missing,https://www.wikidata.org/wiki/Q5309306,849511d6-5e08-425b-bc05-f2232ed220b3,Drumsound & Bassline Smith,Derby,https://musicbrainz.org/artist/849511d6-5e08-425b-bc05-f2232ed220b3,False,Drumsound & Bassline Smith,"Derby, England",https://en.wikipedia.org/wiki/Drumsound_%26_Bassline_Smith,False,proposed_two_sources,Derby,medium,not_reviewed,,,,evidence_for_missing_claim,Derby
688,Radio Slave,4rzWjR3L3M54c6I25NzdM3,Q111050686,130300,,,,unresolved_generic_or_missing,https://www.wikidata.org/wiki/Q111050686,8c8ceda4-7b82-4b3f-b26b-1bd9eb13d971,Radio Slave,,https://musicbrainz.org/artist/8c8ceda4-7b82-4b3f-b26b-1bd9eb13d971,,,,,,unresolved,,low,not_reviewed,,,,unresolved,
689,The Pineapple Thief,4lrBMUSk8PiNnCEZfsmPAk,Q38502,130128,Yeovil,Yeovil,Yeovil,reported_place,https://www.wikidata.org/wiki/Q38502,e8f55abb-a6d5-4e5f-81b4-14f9cc320519,The Pineapple Thief,Somerset,https://musicbrainz.org/artist/e8f55abb-a6d5-4e5f-81b4-14f9cc320519,False,The Pineapple Thief,"Yeovil, Somerset, England",https://en.wikipedia.org/wiki/The_Pineapple_Thief,True,corroborated_with_source_variation,,medium,not_reviewed,,,,source_variation,Yeovil
690,shame,4IeWU3NYBI9mISFVhzXG8f,Q48700714,129743,London,London,London,reported_place,https://www.wikidata.org/wiki/Q48700714,3294b9ce-0bef-4080-8ae8-95bad1abd71c,shame,London,https://musicbrainz.org/artist/3294b9ce-0bef-4080-8ae8-95bad1abd71c,True,Shame (band),"South London, England",https://en.wikipedia.org/wiki/Shame_(band),True,corroborated_two_sources,,,not_reviewed,,,,confirmed,London
691,Five Star,4toJT7YydhWcrYNgWJK4hW,Q1421891,128764,Romford,Romford,Romford,reported_place,https://www.wikidata.org/wiki/Q1421891,605e3f29-a8a4-4880-bddd-b9abd73b1ac1,Five Star,Romford,https://musicbrainz.org/artist/605e3f29-a8a4-4880-bddd-b9abd73b1ac1,True,Five Star,"Romford, Greater London, England",https://en.wikipedia.org/wiki/Five_Star,True,corroborated_two_sources,,,not_reviewed,,,,confirmed,Romford
692,Teleman,3wrtQM9ICPPeHwoc1GWiyV,Q25056198,128713,London,London,London,reported_place,https://www.wikidata.org/wiki/Q25056198,e6726542-4458-48de-b1c7-bafc7ab5a350,Teleman,Reading,https://musicbrainz.org/artist/e6726542-4458-48de-b1c7-bafc7ab5a350,False,Teleman,"London, England, United Kingdom",https://en.wikipedia.org/wiki/Teleman,True,corroborated_with_source_variation,,medium,not_reviewed,,,,source_variation,London
693,Hidden Orchestra,4Rj2COYs5hQsw8rYIxSviz,Q80611,127742,,,,unresolved_generic_or_missing,https://www.wikidata.org/wiki/Q80611,18cb0186-8154-4ab1-a7a7-70e5a6525131,Hidden Orchestra,,https://musicbrainz.org/artist/18cb0186-8154-4ab1-a7a7-70e5a6525131,,Hidden Orchestra,"Edinburgh, Scotland",https://en.wikipedia.org/wiki/Hidden_Orchestra,False,proposed_one_source,Edinburgh,medium,not_reviewed,,,,evidence_for_missing_claim,Edinburgh
694,Altered Images,07h7JMfYWswTq4qpinC5q4,Q438314,126082,Glasgow,Glasgow,Glasgow,reported_place,https://www.wikidata.org/wiki/Q438314,318d3337-7ca5-49af-aa94-d95934717858,Altered Images,Glasgow,https://musicbrainz.org/artist/318d3337-7ca5-49af-aa94-d95934717858,True,Altered Images,"Glasgow, Scotland",https://en.wikipedia.org/wiki/Altered_Images,True,corroborated_two_sources,,,not_reviewed,,,,confirmed,Glasgow
695,Space,76vZk3TWaVcNiP7H7in9fu,Q7572217,125619,Liverpool,Liverpool,Liverpool,reported_place,https://www.wikidata.org/wiki/Q7572217,63134699-ca51-464b-816d-3f32efd4a093,Space,Liverpool,https://musicbrainz.org/artist/63134699-ca51-464b-816d-3f32efd4a093,True,Space (English band),"Liverpool, England",https://en.wikipedia.org/wiki/Space_(English_band),True,corroborated_two_sources,,,not_reviewed,,,,confirmed,Liverpool
696,Chas & Dave,38unGip4o3KhMfqHdHWB7K,Q1067929,125459,,,,unresolved_generic_or_missing,https://www.wikidata.org/wiki/Q1067929,9c3f6f67-ad64-475b-9e4a-c5e9d24297d3,Chas & Dave,London,https://musicbrainz.org/artist/9c3f6f67-ad64-475b-9e4a-c5e9d24297d3,False,Chas & Dave,"London, England",https://en.wikipedia.org/wiki/Chas_%26_Dave,False,proposed_two_sources,London,medium,not_reviewed,,,,evidence_for_missing_claim,London
697,Skids,2vwI9jlKSgJbne3dlTzaLO,Q547438,123686,Dunfermline,Dunfermline,Dunfermline,reported_place,https://www.wikidata.org/wiki/Q547438,f74ae14c-845a-4c00-9a84-b0c8dd24ef2c,Skids,Dunfermline,https://musicbrainz.org/artist/f74ae14c-845a-4c00-9a84-b0c8dd24ef2c,True,Skids (band),"Dunfermline, Fife, Scotland",https://en.wikipedia.org/wiki/Skids_(band),True,corroborated_two_sources,,,not_reviewed,,,,confirmed,Dunfermline
698,Real Lies,1jucBaHU995Lf7ViACscFu,Q16735061,122748,London,London,London,reported_place,https://www.wikidata.org/wiki/Q16735061,a7149e42-5da9-4190-bbf0-046c38726531,Real Lies,London,https://musicbrainz.org/artist/a7149e42-5da9-4190-bbf0-046c38726531,True,Real Lies,"London, England",https://en.wikipedia.org/wiki/Real_Lies,True,corroborated_two_sources,,,not_reviewed,,,,confirmed,London
699,The Boo Radleys,6UYwzZChuolxsylHcZcBBP,Q1778436,121170,Liverpool,Wallasey,Wallasey,reviewed_override,https://www.wikidata.org/wiki/Q1778436,1b5189d8-28fd-4c97-a04a-37c49b1ccfa6,The Boo Radleys,Wallasey,https://musicbrainz.org/artist/1b5189d8-28fd-4c97-a04a-37c49b1ccfa6,True,The Boo Radleys,"Wallasey, England",https://en.wikipedia.org/wiki/The_Boo_Radleys,True,corroborated_two_sources,,,corrected,Wallasey,https://en.wikipedia.org/wiki/The_Boo_Radleys,Both external origin sources identify Wallasey.,corrected,Wallasey
700,Savoy Brown,17obwOahRWI121iMUZznh2,Q1707816,119814,Battersea,Battersea,Battersea,reported_place,https://www.wikidata.org/wiki/Q1707816,f0167ca4-f151-4194-813f-021bca2ecf7b,Savoy Brown,Battersea,https://musicbrainz.org/artist/f0167ca4-f151-4194-813f-021bca2ecf7b,True,Savoy Brown,"London, England",https://en.wikipedia.org/wiki/Savoy_Brown,False,corroborated_with_source_variation,,medium,not_reviewed,,,,source_variation,Battersea
701,Honeyz,3Ps27dDfvubd75rh5A0wz9,Q16504388,119707,London,London,London,reported_place,https://www.wikidata.org/wiki/Q16504388,1c047126-1946-43de-9ba3-54840f4c3669,Honeyz,London,https://musicbrainz.org/artist/1c047126-1946-43de-9ba3-54840f4c3669,True,Honeyz,"London, England",https://en.wikipedia.org/wiki/Honeyz,True,corroborated_two_sources,,,not_reviewed,,,,confirmed,London
702,Catherine Wheel,1QPWAsWIjRcTfvY5uH8dov,Q502291,119190,Great Yarmouth,Great Yarmouth,Great Yarmouth,reported_place,https://www.wikidata.org/wiki/Q502291,37e3dd97-73f9-4c69-b50d-0c0e3c47c40c,Catherine Wheel,Great Yarmouth,https://musicbrainz.org/artist/37e3dd97-73f9-4c69-b50d-0c0e3c47c40c,True,Catherine Wheel (band),"Great Yarmouth, England, United Kingdom",https://en.wikipedia.org/wiki/Catherine_Wheel_(band),True,corroborated_two_sources,,,not_reviewed,,,,confirmed,Great Yarmouth
703,Marshall Hain,0bUGoPJdCrDnuIQNLxsnBb,Q455663,117620,,,,unresolved_generic_or_missing,https://www.wikidata.org/wiki/Q455663,0fe45892-16f1-49eb-96c2-70789e692afa,Marshall Hain,,https://musicbrainz.org/artist/0fe45892-16f1-49eb-96c2-70789e692afa,,Marshall Hain,England,https://en.wikipedia.org/wiki/Marshall_Hain,,unresolved,,low,not_reviewed,,,,unresolved,
704,Sweet Sensation,0DSE3n3008wiKzfd8vNhWy,Q2372456,116293,Manchester,Manchester,Manchester,reported_place,https://www.wikidata.org/wiki/Q2372456,e8916411-8015-4f2f-8f40-d186611b6e95,Sweet Sensation,Manchester,https://musicbrainz.org/artist/e8916411-8015-4f2f-8f40-d186611b6e95,True,Sweet Sensation (band),"Manchester, England",https://en.wikipedia.org/wiki/Sweet_Sensation_(band),True,corroborated_two_sources,,,not_reviewed,,,,confirmed,Manchester
705,Rak-Su,5UyRaawCsdiVrro0WWgIVB,Q44590001,115569,Watford,Watford,Watford,reported_place,https://www.wikidata.org/wiki/Q44590001,717f1127-d79a-4b55-a675-6d7e2ab0b25b,Rak-Su,Watford,https://musicbrainz.org/artist/717f1127-d79a-4b55-a675-6d7e2ab0b25b,True,Rak-Su,"Watford, England",https://en.wikipedia.org/wiki/Rak-Su,True,corroborated_two_sources,,,not_reviewed,,,,confirmed,Watford
706,The Adventures,6ZXLmQi3SPQEh8mXNDldRC,Q1473420,115422,,,,unresolved_generic_or_missing,https://www.wikidata.org/wiki/Q1473420,168fe778-ea29-40dd-aee2-272752f01bee,The Adventures,,https://musicbrainz.org/artist/168fe778-ea29-40dd-aee2-272752f01bee,,The Adventures,"Belfast, Northern Ireland",https://en.wikipedia.org/wiki/The_Adventures,False,proposed_one_source,Belfast,medium,not_reviewed,,,,evidence_for_missing_claim,Belfast
707,Black Honey,2oVmQT6s29pVIKpqJkyxBS,Q55639325,115099,Brighton,Brighton,Brighton,reported_place,https://www.wikidata.org/wiki/Q55639325,73b97be0-b449-4de7-ab40-959791974dc1,Black Honey,Brighton,https://musicbrainz.org/artist/73b97be0-b449-4de7-ab40-959791974dc1,True,Black Honey (band),"Brighton, England",https://en.wikipedia.org/wiki/Black_Honey_(band),True,corroborated_two_sources,,,not_reviewed,,,,confirmed,Brighton
708,Gentle Giant,1hrQ50kU6hMQBVLatqUqnO,Q943241,114925,London,London,London,reported_place,https://www.wikidata.org/wiki/Q943241,f795c501-1c41-4be2-bc2a-875eba75aa31,Gentle Giant,London,https://musicbrainz.org/artist/f795c501-1c41-4be2-bc2a-875eba75aa31,True,Gentle Giant,"Portsmouth, England",https://en.wikipedia.org/wiki/Gentle_Giant,False,corroborated_with_source_variation,,medium,not_reviewed,,,,source_variation,London
709,Felt,3BqAAo5E60L15TcFgWI8xH,Q1404436,114516,Birmingham,Water Orton,Water Orton,reviewed_override,https://www.wikidata.org/wiki/Q1404436,6999f790-25f4-44a3-b745-1e3e01fde0f5,Felt,Warwickshire,https://musicbrainz.org/artist/6999f790-25f4-44a3-b745-1e3e01fde0f5,False,Felt (band),"Water Orton, Warwickshire, England",https://en.wikipedia.org/wiki/Felt_(band),True,corroborated_with_source_variation,,medium,corrected,Water Orton,https://www.loudandquiet.com/interview/the-story-of-felt-lawrence-recalls-their-trip-into-indie-folklore-and-draws-a-line-under-the-80s-definitive-cult-band/,Lawrence and Maurice Deebank formed the group from Water Orton; Birmingham is the nearby major city.,corrected,Water Orton
710,The KVB,0BzJFLqchxKNQyEwswwQ40,Q16679631,113762,,,,unresolved_generic_or_missing,https://www.wikidata.org/wiki/Q16679631,cec651c7-19f4-4965-9566-3a05024130be,The KVB,London,https://musicbrainz.org/artist/cec651c7-19f4-4965-9566-3a05024130be,False,The KVB,"London, England",https://en.wikipedia.org/wiki/The_KVB,False,proposed_two_sources,London,medium,not_reviewed,,,,evidence_for_missing_claim,London
711,Godley & Creme,02zGgCB9SiSPeDYMfwPJXK,Q1533857,112480,Stockport,Stockport,Manchester,editorial_city_cluster,https://www.wikidata.org/wiki/Q1533857,6f874502-c86b-4d53-a371-3c18829531b9,Godley & Creme,Stockport,https://musicbrainz.org/artist/6f874502-c86b-4d53-a371-3c18829531b9,True,Godley & Creme,"Manchester, England",https://en.wikipedia.org/wiki/Godley_%26_Creme,False,corroborated_with_source_variation,,medium,not_reviewed,,,,source_variation,Stockport
712,Richard & Linda Thompson,4hw4TPMyAzHqNBcWtoDrK5,Q9310340,111216,,,,unresolved_generic_or_missing,https://www.wikidata.org/wiki/Q9310340,fc60e1ff-04f2-4417-8d33-dde3aae9d8e9,Richard & Linda Thompson,,https://musicbrainz.org/artist/fc60e1ff-04f2-4417-8d33-dde3aae9d8e9,,,,,,unresolved,,low,not_reviewed,,,,unresolved,
713,Chris Barber's Jazz Band,48CW1rjPSOgZbMsV4LpqoP,Q110892335,110937,,,,unresolved_generic_or_missing,https://www.wikidata.org/wiki/Q110892335,e818565b-0341-4d69-bcf8-32d7b21f8c48,Chris Barber’s Jazz Band,London,https://musicbrainz.org/artist/e818565b-0341-4d69-bcf8-32d7b21f8c48,False,,,,,proposed_one_source,London,medium,not_reviewed,,,,evidence_for_missing_claim,London
714,The Raven Age,1Ia5iTYHMBsMQfi7Fbcbuw,Q24039212,110546,London,London,London,reported_place,https://www.wikidata.org/wiki/Q24039212,7004488a-6ddd-442e-9d62-7459aca24bee,The Raven Age,London,https://musicbrainz.org/artist/7004488a-6ddd-442e-9d62-7459aca24bee,True,The Raven Age,"London, England",https://en.wikipedia.org/wiki/The_Raven_Age,True,corroborated_two_sources,,,not_reviewed,,,,confirmed,London
715,The Pretty Things,5U16QlMnlSAhkQxBZpLyLO,Q1364657,110197,London,London,London,reported_place,https://www.wikidata.org/wiki/Q1364657,07deede6-db1d-4ede-b19e-5d46df592841,The Pretty Things,London,https://musicbrainz.org/artist/07deede6-db1d-4ede-b19e-5d46df592841,True,The Pretty Things,"London, England",https://en.wikipedia.org/wiki/The_Pretty_Things,True,corroborated_two_sources,,,not_reviewed,,,,confirmed,London
716,Mumm-ra,2cUnvdrMWIMACo3fSxCrWW,Q1254813,109420,Bexhill-on-Sea,Bexhill-on-Sea,Bexhill-on-Sea,reported_place,https://www.wikidata.org/wiki/Q1254813,2d4bc261-0c96-4599-8c9f-81d5dc0760c7,Mumm-Ra,Bexhill-on-Sea,https://musicbrainz.org/artist/2d4bc261-0c96-4599-8c9f-81d5dc0760c7,True,Mumm-Ra (band),"Sussex, England",https://en.wikipedia.org/wiki/Mumm-Ra_(band),False,corroborated_with_source_variation,,medium,not_reviewed,,,,source_variation,Bexhill-on-Sea
717,4hero,1BlBZ9jQGOjmj6Zykgg43L,Q924606,109004,,,,unresolved_generic_or_missing,https://www.wikidata.org/wiki/Q924606,3d05eb8b-1644-4143-9a61-b28e33c4d85f,4hero,Dollis Hill,https://musicbrainz.org/artist/3d05eb8b-1644-4143-9a61-b28e33c4d85f,False,4hero,"Dollis Hill, London, England",https://en.wikipedia.org/wiki/4hero,False,proposed_two_sources,Dollis Hill,medium,not_reviewed,,,,evidence_for_missing_claim,Dollis Hill
718,Collapsed Lung,6sizjS3o8Ph8LoA8WzpXGY,Q5145935,105834,,,,unresolved_generic_or_missing,https://www.wikidata.org/wiki/Q5145935,8e6de880-b485-4ff8-8522-d3067649c83c,Collapsed Lung,Harlow,https://musicbrainz.org/artist/8e6de880-b485-4ff8-8522-d3067649c83c,False,Collapsed Lung (band),"Harlow, Essex, England, United Kingdom",https://en.wikipedia.org/wiki/Collapsed_Lung_(band),False,proposed_two_sources,Harlow,medium,not_reviewed,,,,evidence_for_missing_claim,Harlow
719,Ska Cubano,6lmoqMxughzdlxvQTsUXjF,Q3822260,104757,London,London,London,reported_place,https://www.wikidata.org/wiki/Q3822260,174a90d4-cb24-45d7-ac8b-8b1b63d17759,Ska Cubano,London,https://musicbrainz.org/artist/174a90d4-cb24-45d7-ac8b-8b1b63d17759,True,Ska Cubano,"London, England",https://en.wikipedia.org/wiki/Ska_Cubano,True,corroborated_two_sources,,,not_reviewed,,,,confirmed,London
720,Plaid,5akVqMzdZOdbMYbE4vNZWD,Q1072372,103115,England,,,unresolved_generic_or_missing,https://www.wikidata.org/wiki/Q1072372,7e54d133-2525-4bc0-ae94-65584145a386,Plaid,London,https://musicbrainz.org/artist/7e54d133-2525-4bc0-ae94-65584145a386,False,Plaid (band),"London, England",https://en.wikipedia.org/wiki/Plaid_(band),False,proposed_two_sources,London,medium,not_reviewed,,,,evidence_for_missing_claim,London
721,Budgie,42RbQv212uOjyfIXECLKfR,Q508678,102853,Cardiff,Cardiff,Cardiff,reported_place,https://www.wikidata.org/wiki/Q508678,517566c5-3d43-4a81-8f78-9a78f3209e09,Budgie,Cardiff,https://musicbrainz.org/artist/517566c5-3d43-4a81-8f78-9a78f3209e09,True,Budgie (band),"Cardiff, Wales",https://en.wikipedia.org/wiki/Budgie_(band),True,corroborated_two_sources,,,not_reviewed,,,,confirmed,Cardiff
722,King Hannah,7t00AYOoiQrcgNlpTkNer6,Q130315360,102030,Liverpool,Liverpool,Liverpool,reported_place,https://www.wikidata.org/wiki/Q130315360,39c0f0b4-f310-46d4-81fb-3ba0093092e0,King Hannah,Liverpool,https://musicbrainz.org/artist/39c0f0b4-f310-46d4-81fb-3ba0093092e0,True,King Hannah,"Liverpool, U.K.",https://en.wikipedia.org/wiki/King_Hannah,True,corroborated_two_sources,,,not_reviewed,,,,confirmed,Liverpool
723,The Ordinary Boys,2xPxXPgmZFs7x6xRFpHwkq,Q972093,101724,Worthing,Worthing,Worthing,reported_place,https://www.wikidata.org/wiki/Q972093,69b50aed-f122-4c45-aba9-863043f5b513,The Ordinary Boys,Worthing,https://musicbrainz.org/artist/69b50aed-f122-4c45-aba9-863043f5b513,True,The Ordinary Boys,"Worthing, England",https://en.wikipedia.org/wiki/The_Ordinary_Boys,True,corroborated_two_sources,,,not_reviewed,,,,confirmed,Worthing
724,The Overtones,6dXTZkBBwA1WOLD6OSuA0x,Q1296293,101723,London,London,London,reported_place,https://www.wikidata.org/wiki/Q1296293,065670d4-a82f-47e2-886a-fdbf5abf63bc,The Overtones,London,https://musicbrainz.org/artist/065670d4-a82f-47e2-886a-fdbf5abf63bc,True,The Overtones,London,https://en.wikipedia.org/wiki/The_Overtones,True,corroborated_two_sources,,,not_reviewed,,,,confirmed,London
725,Squid,685XjGzGztyivfR3fAjoxo,Q42886947,101653,Brighton,Brighton,Brighton,reported_place,https://www.wikidata.org/wiki/Q42886947,5422ef5d-00d4-4c7a-81ab-03cb8fc3cc45,Squid,Brighton,https://musicbrainz.org/artist/5422ef5d-00d4-4c7a-81ab-03cb8fc3cc45,True,Squid (band),"Brighton, England",https://en.wikipedia.org/wiki/Squid_(band),True,corroborated_two_sources,,,not_reviewed,,,,confirmed,Brighton
726,The Wurzels,3MOw1ev3YQ8liIGmHT3eH6,Q335723,101561,Somerset,Somerset,Somerset,reported_place,https://www.wikidata.org/wiki/Q335723,8580ec50-775a-4486-8240-49115cf0114b,The Wurzels,Somerset,https://musicbrainz.org/artist/8580ec50-775a-4486-8240-49115cf0114b,True,The Wurzels,"Nailsea, Somerset, England",https://en.wikipedia.org/wiki/The_Wurzels,True,corroborated_two_sources,,,not_reviewed,,,,confirmed,Somerset
727,The Guest List,3MlBGzJspD6CjrHRYbR4OQ,Q130504078,100343,,,,unresolved_generic_or_missing,https://www.wikidata.org/wiki/Q130504078,,,,,,,,,,unresolved,,low,not_reviewed,,,,unresolved,
728,New Young Pony Club,3kdrMtLybQIl93rXJlvF3w,Q1217509,99986,London,London,London,reported_place,https://www.wikidata.org/wiki/Q1217509,61cd6f2a-cdde-4f34-aacd-b992badcacba,New Young Pony Club,London,https://musicbrainz.org/artist/61cd6f2a-cdde-4f34-aacd-b992badcacba,True,NYPC,"London, England",https://en.wikipedia.org/wiki/NYPC,True,corroborated_two_sources,,,not_reviewed,,,,confirmed,London
729,Evile,1dwrMJAKBiLlj0O4R791Xo,Q1382461,99821,Huddersfield,Huddersfield,Huddersfield,reported_place,https://www.wikidata.org/wiki/Q1382461,5540499f-8ab5-404f-a781-e959b1dc2778,Evile,Huddersfield,https://musicbrainz.org/artist/5540499f-8ab5-404f-a781-e959b1dc2778,True,Evile,"Huddersfield, West Yorkshire, England",https://en.wikipedia.org/wiki/Evile,True,corroborated_two_sources,,,not_reviewed,,,,confirmed,Huddersfield
730,Black Grape,147FGf3bdxV1L0mmVtgaJR,Q2500994,99344,Salford,Salford,Manchester,editorial_city_cluster,https://www.wikidata.org/wiki/Q2500994,2f6d511c-0bcd-4926-b363-a98848f63edd,Black Grape,Manchester,https://musicbrainz.org/artist/2f6d511c-0bcd-4926-b363-a98848f63edd,False,Black Grape,"Salford, Greater Manchester, England",https://en.wikipedia.org/wiki/Black_Grape,True,corroborated_with_source_variation,,medium,not_reviewed,,,,source_variation,Salford
731,Creeper,0nV7SiEIVtPLTSJ6NwWDGj,Q23023097,98969,Southampton,Southampton,Southampton,reported_place,https://www.wikidata.org/wiki/Q23023097,31890398-c88d-44ef-b108-2419c996966b,Creeper,Southampton,https://musicbrainz.org/artist/31890398-c88d-44ef-b108-2419c996966b,True,Creeper (band),"Southampton, England",https://en.wikipedia.org/wiki/Creeper_(band),True,corroborated_two_sources,,,not_reviewed,,,,confirmed,Southampton
732,The Wonder Stuff,0Uo1d5A6BR1I155GlD9WYo,Q500101,98365,Stourbridge,Stourbridge,Stourbridge,reported_place,https://www.wikidata.org/wiki/Q500101,323c9a5b-ca01-49ad-be39-046223a0c9ae,The Wonder Stuff,Stourbridge,https://musicbrainz.org/artist/323c9a5b-ca01-49ad-be39-046223a0c9ae,True,The Wonder Stuff,"Stourbridge, West Midlands, England",https://en.wikipedia.org/wiki/The_Wonder_Stuff,True,corroborated_two_sources,,,not_reviewed,,,,confirmed,Stourbridge
733,The Flying Lizards,2L9iHIK8h5HvZe6VXb0aOI,Q1527282,98078,United Kingdom,,,unresolved_generic_or_missing,https://www.wikidata.org/wiki/Q1527282,45a2c364-6634-485a-ab0a-7dc828c6ef7b,The Flying Lizards,London,https://musicbrainz.org/artist/45a2c364-6634-485a-ab0a-7dc828c6ef7b,False,The Flying Lizards,United Kingdom,https://en.wikipedia.org/wiki/The_Flying_Lizards,,proposed_one_source,London,medium,not_reviewed,,,,evidence_for_missing_claim,London
734,My Dying Bride,7iMWWdRNiCJwGOGEIYr02z,Q498460,98069,Q22905,Bradford,Bradford,reviewed_override,https://www.wikidata.org/wiki/Q498460,2f04ad1f-9f97-41d0-a09c-59c40dfe9cd1,My Dying Bride,Bradford,https://musicbrainz.org/artist/2f04ad1f-9f97-41d0-a09c-59c40dfe9cd1,True,My Dying Bride,"Bradford, West Yorkshire, England",https://en.wikipedia.org/wiki/My_Dying_Bride,True,corroborated_two_sources,,,not_reviewed,,,,confirmed,Bradford
735,Remember Monday,3oIj2x6uKeZSe9Bprnt4TX,Q133137918,97605,Farnborough|Surrey,,,unresolved_multiple_places,https://www.wikidata.org/wiki/Q133137918,15c8a1a5-f777-47ae-95b0-0d07a1044321,Remember Monday,Farnborough,https://musicbrainz.org/artist/15c8a1a5-f777-47ae-95b0-0d07a1044321,False,Remember Monday,"Farnborough, Hampshire, England",https://en.wikipedia.org/wiki/Remember_Monday,False,proposed_two_sources,Farnborough,medium,not_reviewed,,,,evidence_for_missing_claim,Farnborough
736,Freddie & The Dreamers,1wCc2Wgga1H8C7u57pcqYk,Q1452593,97117,Manchester,Manchester,Manchester,reported_place,https://www.wikidata.org/wiki/Q1452593,5c0d53a1-daa6-4afe-bf2d-b324f0602e26,Freddie & the Dreamers,Manchester,https://musicbrainz.org/artist/5c0d53a1-daa6-4afe-bf2d-b324f0602e26,True,Freddie and the Dreamers,"Manchester, England",https://en.wikipedia.org/wiki/Freddie_and_the_Dreamers,True,corroborated_two_sources,,,not_reviewed,,,,confirmed,Manchester
737,Monuments,71IBhhBhtPLZ8OyVuXOw77,Q15835576,97034,England,,,unresolved_generic_or_missing,https://www.wikidata.org/wiki/Q15835576,3bdd932d-f442-451a-93f6-286d2bb8075d,Monuments,London,https://musicbrainz.org/artist/3bdd932d-f442-451a-93f6-286d2bb8075d,False,Monuments (metal band),"London, England",https://en.wikipedia.org/wiki/Monuments_(metal_band),False,proposed_two_sources,London,medium,not_reviewed,,,,evidence_for_missing_claim,London
738,Argent,46VosWAvtZsBl7rvxufsWG,Q2301367,96722,London,London,London,reported_place,https://www.wikidata.org/wiki/Q2301367,19ae028f-f114-45b4-8143-4b2fae696465,Argent,London,https://musicbrainz.org/artist/19ae028f-f114-45b4-8143-4b2fae696465,True,Argent (band),"London, England",https://en.wikipedia.org/wiki/Argent_(band),True,corroborated_two_sources,,,not_reviewed,,,,confirmed,London
739,The Rezillos,0nbaBQTlGxUPLQ07N7onwv,Q3269,96370,Edinburgh,Edinburgh,Edinburgh,reported_place,https://www.wikidata.org/wiki/Q3269,e9a64ec8-afc6-4aff-aa1f-34fdd3448b7d,The Rezillos,Edinburgh,https://musicbrainz.org/artist/e9a64ec8-afc6-4aff-aa1f-34fdd3448b7d,True,The Rezillos,"Edinburgh, Scotland",https://en.wikipedia.org/wiki/The_Rezillos,True,corroborated_two_sources,,,not_reviewed,,,,confirmed,Edinburgh
740,Lower Than Atlantis,1kF0gYnHLUJvFuPdoowO02,Q1493713,96324,Watford,Watford,Watford,reported_place,https://www.wikidata.org/wiki/Q1493713,511c4699-2c7c-4c59-a38c-325f5874d563,Lower Than Atlantis,Hertfordshire,https://musicbrainz.org/artist/511c4699-2c7c-4c59-a38c-325f5874d563,False,Lower Than Atlantis,"Watford, Hertfordshire, England",https://en.wikipedia.org/wiki/Lower_Than_Atlantis,True,corroborated_with_source_variation,,medium,not_reviewed,,,,source_variation,Watford
741,Snapped Ankles,4iWOyexPqcvgycdx7mLUcl,Q39054831,96130,London,London,London,reported_place,https://www.wikidata.org/wiki/Q39054831,9c4da506-4fbd-4001-8bde-d0cff3e2a278,Snapped Ankles,London,https://musicbrainz.org/artist/9c4da506-4fbd-4001-8bde-d0cff3e2a278,True,Snapped Ankles,"London, England",https://en.wikipedia.org/wiki/Snapped_Ankles,True,corroborated_two_sources,,,not_reviewed,,,,confirmed,London
742,Warning,215tdyVWdDYOjufDKf6UJg,Q2549534,96100,Harlow,Harlow,Harlow,reported_place,https://www.wikidata.org/wiki/Q2549534,2b224291-a11c-4166-8d9f-f1730d92eec4,Warning,Harlow,https://musicbrainz.org/artist/2b224291-a11c-4166-8d9f-f1730d92eec4,True,Warning (British band),"Harlow, England",https://en.wikipedia.org/wiki/Warning_(British_band),True,corroborated_two_sources,,,not_reviewed,,,,confirmed,Harlow
743,Death In June,68wK3u9MnoZj5fFOFNTfwy,Q1181285,95529,England,,,unresolved_generic_or_missing,https://www.wikidata.org/wiki/Q1181285,463f056c-56bf-429d-b3a3-f8fe467c427d,Death in June,London,https://musicbrainz.org/artist/463f056c-56bf-429d-b3a3-f8fe467c427d,False,Death in June,England,https://en.wikipedia.org/wiki/Death_in_June,,proposed_one_source,London,medium,not_reviewed,,,,evidence_for_missing_claim,London
744,Stealing Sheep,3ghT43Gj41br25PvBCDS22,Q18162543,95519,Liverpool,Liverpool,Liverpool,reported_place,https://www.wikidata.org/wiki/Q18162543,eeda7b03-06f0-421a-96b8-4a1578adbacf,Stealing Sheep,Liverpool,https://musicbrainz.org/artist/eeda7b03-06f0-421a-96b8-4a1578adbacf,True,Stealing Sheep,"Liverpool, England",https://en.wikipedia.org/wiki/Stealing_Sheep,True,corroborated_two_sources,,,not_reviewed,,,,confirmed,Liverpool
745,Los Bitchos,07b9qW7pabKGO29JPWXn9m,Q110821923,95326,,,,unresolved_generic_or_missing,https://www.wikidata.org/wiki/Q110821923,685051dc-49ad-496a-acab-57ad1ad1e491,Los Bitchos,London,https://musicbrainz.org/artist/685051dc-49ad-496a-acab-57ad1ad1e491,False,Los Bitchos,"London, England",https://en.wikipedia.org/wiki/Los_Bitchos,False,proposed_two_sources,London,medium,not_reviewed,,,,evidence_for_missing_claim,London
746,２８１４,2wBpW4bAGYVe0yJcBeCTyd,Q28843403,95312,London,London,London,reported_place,https://www.wikidata.org/wiki/Q28843403,09981380-534b-46f8-8767-ddfe67e3c0c3,2814,,https://musicbrainz.org/artist/09981380-534b-46f8-8767-ddfe67e3c0c3,,2814,"London, England, UK; Sterling, Ohio, USA",https://en.wikipedia.org/wiki/2814,True,corroborated_one_source,,,not_reviewed,,,,confirmed,London
747,Magnum,3Nu9hoMBT4SkDcaNvmK4G1,Q1754885,94112,Birmingham,Birmingham,Birmingham,reported_place,https://www.wikidata.org/wiki/Q1754885,658ace70-7f4e-4464-bcb0-9a784c94a4a6,Magnum,Birmingham,https://musicbrainz.org/artist/658ace70-7f4e-4464-bcb0-9a784c94a4a6,True,Magnum (band),"Birmingham, England",https://en.wikipedia.org/wiki/Magnum_(band),True,corroborated_two_sources,,,not_reviewed,,,,confirmed,Birmingham
748,The Vaselines,4wWQkHhmUNlXvhbHRUSqZW,Q1542725,94006,Glasgow,Glasgow,Glasgow,reported_place,https://www.wikidata.org/wiki/Q1542725,a70b63fd-cae7-4a5f-b338-b18343f3ee2f,The Vaselines,Glasgow,https://musicbrainz.org/artist/a70b63fd-cae7-4a5f-b338-b18343f3ee2f,True,The Vaselines,"Glasgow, Scotland",https://en.wikipedia.org/wiki/The_Vaselines,True,corroborated_two_sources,,,not_reviewed,,,,confirmed,Glasgow
749,Cook da Books,59VqwKtnkmMOdYKYRxO5Td,Q1128539,92697,Liverpool,Liverpool,Liverpool,reported_place,https://www.wikidata.org/wiki/Q1128539,a5c68ee2-a49b-4e09-b67b-6592e9223a1b,Cook da Books,,https://musicbrainz.org/artist/a5c68ee2-a49b-4e09-b67b-6592e9223a1b,,Cook da Books,"Fazakerley, Liverpool, England",https://en.wikipedia.org/wiki/Cook_da_Books,True,corroborated_one_source,,,not_reviewed,,,,confirmed,Liverpool
750,The Quireboys,0d49iRrp4iVZggKbcpxnqI,Q1243743,92662,London,London,London,reported_place,https://www.wikidata.org/wiki/Q1243743,a72c6923-c202-4dff-a500-50888625df5b,The Quireboys,London,https://musicbrainz.org/artist/a72c6923-c202-4dff-a500-50888625df5b,True,The Quireboys,"London, England",https://en.wikipedia.org/wiki/The_Quireboys,True,corroborated_two_sources,,,not_reviewed,,,,confirmed,London
751,Longpigs,1o7zIbVAgDDHKijLVuLASg,Q4043165,91435,Sheffield,Sheffield,Sheffield,reported_place,https://www.wikidata.org/wiki/Q4043165,a7378d57-a9a5-408a-80e0-a14d7203df77,Longpigs,Sheffield,https://musicbrainz.org/artist/a7378d57-a9a5-408a-80e0-a14d7203df77,True,Longpigs,"Sheffield, England",https://en.wikipedia.org/wiki/Longpigs,True,corroborated_two_sources,,,not_reviewed,,,,confirmed,Sheffield
752,Girlschool,2TRtXTjjmyzK5oUGec1Gv8,Q1142870,90933,London,London,London,reported_place,https://www.wikidata.org/wiki/Q1142870,ebe18ea1-9fcf-426e-9c54-10eecc207a66,Girlschool,London,https://musicbrainz.org/artist/ebe18ea1-9fcf-426e-9c54-10eecc207a66,True,Girlschool,"London, England",https://en.wikipedia.org/wiki/Girlschool,True,corroborated_two_sources,,,not_reviewed,,,,confirmed,London
753,U.K. Subs,4wsg78KGu80m8Xk37PY2uG,Q1479074,90759,London,London,London,reported_place,https://www.wikidata.org/wiki/Q1479074,a57d7a1b-b7ef-4f36-bbf6-9f5a167cd08d,UK Subs,London,https://musicbrainz.org/artist/a57d7a1b-b7ef-4f36-bbf6-9f5a167cd08d,True,U.K. Subs,"London, England",https://en.wikipedia.org/wiki/U.K._Subs,True,corroborated_two_sources,,,not_reviewed,,,,confirmed,London
754,Faze Action,1MMEHyxVfd0Pv4PEHynX9k,Q5439175,90602,,,,unresolved_generic_or_missing,https://www.wikidata.org/wiki/Q5439175,b397ce2c-f720-4af7-97ee-8b65f05e55e5,Faze Action,London,https://musicbrainz.org/artist/b397ce2c-f720-4af7-97ee-8b65f05e55e5,False,Faze Action,,https://en.wikipedia.org/wiki/Faze_Action,,proposed_one_source,London,medium,not_reviewed,,,,evidence_for_missing_claim,London
755,The Chevin,2x9iKuuxMHGDm12dmNfOAh,Q2410218,90538,Otley,Otley,Otley,reported_place,https://www.wikidata.org/wiki/Q2410218,162b47a8-4be3-4f0e-84f0-00bdf713c9ec,The Chevin,Otley,https://musicbrainz.org/artist/162b47a8-4be3-4f0e-84f0-00bdf713c9ec,True,The Chevin (band),"Otley, Leeds, England",https://en.wikipedia.org/wiki/The_Chevin_(band),True,corroborated_two_sources,,,not_reviewed,,,,confirmed,Otley
756,Tygers Of Pan Tang,1MZ8NERIuOS610KBhr6yna,Q1753013,89626,Whitley Bay,Whitley Bay,Whitley Bay,reported_place,https://www.wikidata.org/wiki/Q1753013,fe179f28-3cab-4337-9575-c13f8d077b13,Tygers of Pan Tang,Whitley Bay,https://musicbrainz.org/artist/fe179f28-3cab-4337-9575-c13f8d077b13,True,Tygers of Pan Tang,"Whitley Bay, England",https://en.wikipedia.org/wiki/Tygers_of_Pan_Tang,True,corroborated_two_sources,,,not_reviewed,,,,confirmed,Whitley Bay
757,Jo Boxers,6lONz9iABy1tb7Nl9FAOZG,Q14158638,89557,,,,unresolved_generic_or_missing,https://www.wikidata.org/wiki/Q14158638,187d2bcb-df89-4ee3-bc03-9b8865f7de1a,JoBoxers,London,https://musicbrainz.org/artist/187d2bcb-df89-4ee3-bc03-9b8865f7de1a,False,JoBoxers,"London, England",https://en.wikipedia.org/wiki/JoBoxers,False,proposed_two_sources,London,medium,not_reviewed,,,,evidence_for_missing_claim,London
758,Cruel Youth,4YrURxtCHtPBfNDmMNp7IG,Q26905034,89434,,,,unresolved_generic_or_missing,https://www.wikidata.org/wiki/Q26905034,98d8370e-4123-49e5-9847-13407a1871c7,Cruel Youth,United States,https://musicbrainz.org/artist/98d8370e-4123-49e5-9847-13407a1871c7,False,Cruel Youth,,https://en.wikipedia.org/wiki/Cruel_Youth,,proposed_one_source,United States,medium,not_reviewed,,,,evidence_for_missing_claim,United States
759,The Comet Is Coming,0Z5FMozvx15nUSUA6a9kkU,Q21585350,89284,,,,unresolved_generic_or_missing,https://www.wikidata.org/wiki/Q21585350,2b82372f-8c85-4b47-a9fc-36fe4d4df5b4,The Comet Is Coming,London,https://musicbrainz.org/artist/2b82372f-8c85-4b47-a9fc-36fe4d4df5b4,False,The Comet Is Coming,"London, United Kingdom",https://en.wikipedia.org/wiki/The_Comet_Is_Coming,False,proposed_two_sources,London,medium,not_reviewed,,,,evidence_for_missing_claim,London
760,Idlewild,1xdB9gS1NrKEYgZUEfoqIw,Q784088,89257,Edinburgh,Edinburgh,Edinburgh,reported_place,https://www.wikidata.org/wiki/Q784088,64d62f45-e001-40a1-a055-c3545fcc14de,Idlewild,Edinburgh,https://musicbrainz.org/artist/64d62f45-e001-40a1-a055-c3545fcc14de,True,Idlewild (band),"Edinburgh, Scotland",https://en.wikipedia.org/wiki/Idlewild_(band),True,corroborated_two_sources,,,not_reviewed,,,,confirmed,Edinburgh
761,Sons Of Kemet,3pvRbmrqOyFxB2Eext4Dki,Q17019747,88881,London,London,London,reported_place,https://www.wikidata.org/wiki/Q17019747,fee950a2-e68c-4e76-b1ae-ff6efdf68b11,Sons of Kemet,London,https://musicbrainz.org/artist/fee950a2-e68c-4e76-b1ae-ff6efdf68b11,True,Sons of Kemet,"London, England",https://en.wikipedia.org/wiki/Sons_of_Kemet,True,corroborated_two_sources,,,not_reviewed,,,,confirmed,London
762,KOAN Sound,1NCLweIUpq8knzemBwAwoo,Q6334752,88384,Bristol,Bristol,Bristol,reported_place,https://www.wikidata.org/wiki/Q6334752,0cc1935d-712d-40b0-b1a9-27e23777a302,KOAN Sound,Bristol,https://musicbrainz.org/artist/0cc1935d-712d-40b0-b1a9-27e23777a302,True,KOAN Sound,"Bristol, England",https://en.wikipedia.org/wiki/KOAN_Sound,True,corroborated_two_sources,,,not_reviewed,,,,confirmed,Bristol
763,TTNG,5TUa95aB5Vu2CzwCnZd6t0,Q3990545,88106,Oxford,Oxford,Oxford,reported_place,https://www.wikidata.org/wiki/Q3990545,544559db-c6c4-45d6-8435-d224e4f696e9,TTNG,Oxford,https://musicbrainz.org/artist/544559db-c6c4-45d6-8435-d224e4f696e9,True,TTNG,"Oxford, England",https://en.wikipedia.org/wiki/TTNG,True,corroborated_two_sources,,,not_reviewed,,,,confirmed,Oxford
764,The Slow Show,696uMzB97pg2uqfzmK3MvO,Q27058585,87963,Manchester,Manchester,Manchester,reported_place,https://www.wikidata.org/wiki/Q27058585,02770532-d734-4f5d-957d-297b03f253eb,The Slow Show,Manchester,https://musicbrainz.org/artist/02770532-d734-4f5d-957d-297b03f253eb,True,The Slow Show,"Manchester, United Kingdom",https://en.wikipedia.org/wiki/The_Slow_Show,True,corroborated_two_sources,,,not_reviewed,,,,confirmed,Manchester
765,Bad Company UK,4AAf6BI1IJxvkqv98mDHin,Q1982683,87765,United Kingdom,,,unresolved_generic_or_missing,https://www.wikidata.org/wiki/Q1982683,eba5d39f-8cb7-4d54-871d-297e5d7f1aad,Bad Company UK,,https://musicbrainz.org/artist/eba5d39f-8cb7-4d54-871d-297e5d7f1aad,,Bad Company (drum and bass group),"England, United Kingdom",https://en.wikipedia.org/wiki/Bad_Company_(drum_and_bass_group),,unresolved,,low,not_reviewed,,,,unresolved,
766,All Angels,1nlqYzoK1LAlS8MmnUhfEs,Q2577167,87528,,,,unresolved_generic_or_missing,https://www.wikidata.org/wiki/Q2577167,aa2a86c4-e60e-4056-a7cc-419f1e297d14,All Angels,,https://musicbrainz.org/artist/aa2a86c4-e60e-4056-a7cc-419f1e297d14,,All Angels,"London, England",https://en.wikipedia.org/wiki/All_Angels,False,proposed_one_source,London,medium,not_reviewed,,,,evidence_for_missing_claim,London
767,Florence Black,7ubhUvkY7FB68rfzz7DmW4,Q139620902,87365,,,,unresolved_generic_or_missing,https://www.wikidata.org/wiki/Q139620902,,,,,,,,,,unresolved,,low,not_reviewed,,,,unresolved,
768,Swim Deep,2XddLUPFBmTonCFy8uB3uc,Q15052678,86770,Birmingham,Birmingham,Birmingham,reported_place,https://www.wikidata.org/wiki/Q15052678,85e67b0f-afd2-46c2-88b2-c3ba9b0883f2,Swim Deep,,https://musicbrainz.org/artist/85e67b0f-afd2-46c2-88b2-c3ba9b0883f2,,Swim Deep,"Birmingham, England",https://en.wikipedia.org/wiki/Swim_Deep,True,corroborated_one_source,,,not_reviewed,,,,confirmed,Birmingham
769,Glasvegas,478peoEkoKPsTgRiVzkvPl,Q740692,86543,Dalmarnock,Dalmarnock,Dalmarnock,reported_place,https://www.wikidata.org/wiki/Q740692,da785f6e-86e2-4efa-aca6-6c3cbd15d91c,Glasvegas,Dalmarnock,https://musicbrainz.org/artist/da785f6e-86e2-4efa-aca6-6c3cbd15d91c,True,Glasvegas,"Dalmarnock, Glasgow, Scotland",https://en.wikipedia.org/wiki/Glasvegas,True,corroborated_two_sources,,,not_reviewed,,,,confirmed,Dalmarnock
770,Gun,1dip2dCkBIylIFyDfZQfFu,Q462960,85826,Glasgow,Glasgow,Glasgow,reported_place,https://www.wikidata.org/wiki/Q462960,4507dabf-b525-4969-8d8a-c0fcf52f83b4,GUN,,https://musicbrainz.org/artist/4507dabf-b525-4969-8d8a-c0fcf52f83b4,,Gun (band),"Glasgow, Scotland",https://en.wikipedia.org/wiki/Gun_(band),True,corroborated_one_source,,,not_reviewed,,,,confirmed,Glasgow
771,Blackfield,3xrzXKnScjOEoy172vsJMW,Q880812,85702,England,,,unresolved_generic_or_missing,https://www.wikidata.org/wiki/Q880812,8e67406d-de61-4e6b-a2a1-5a3725484527,Blackfield,,https://musicbrainz.org/artist/8e67406d-de61-4e6b-a2a1-5a3725484527,,Blackfield,"Hemel Hempstead, England; Ramat Gan, Israel",https://en.wikipedia.org/wiki/Blackfield,False,proposed_one_source,Hemel Hempstead,medium,not_reviewed,,,,evidence_for_missing_claim,Hemel Hempstead
772,Jockstrap,6S3Z6Me30mtdm526H17v8k,Q96384484,85520,London,London,London,reported_place,https://www.wikidata.org/wiki/Q96384484,7230b2f8-96da-4242-8d57-2a8c1c3d71e4,Jockstrap,London,https://musicbrainz.org/artist/7230b2f8-96da-4242-8d57-2a8c1c3d71e4,True,Jockstrap (band),"London, England",https://en.wikipedia.org/wiki/Jockstrap_(band),True,corroborated_two_sources,,,not_reviewed,,,,confirmed,London
773,The Rumble Strips,2LrQtNcBWufq2AjaM6swf7,Q7761824,85506,Tavistock,Tavistock,Tavistock,reported_place,https://www.wikidata.org/wiki/Q7761824,0ca53fff-3b07-49eb-bcb9-bbe84f1ec768,The Rumble Strips,Tavistock,https://musicbrainz.org/artist/0ca53fff-3b07-49eb-bcb9-bbe84f1ec768,True,The Rumble Strips,"Tavistock, Devon, England",https://en.wikipedia.org/wiki/The_Rumble_Strips,True,corroborated_two_sources,,,not_reviewed,,,,confirmed,Tavistock
774,Booze & Glory,4gVommn6B9vUqdsfSwVaiv,Q17300304,85412,,,,unresolved_generic_or_missing,https://www.wikidata.org/wiki/Q17300304,df26def7-fc3d-441b-babd-efb47d0aa8b8,Booze & Glory,,https://musicbrainz.org/artist/df26def7-fc3d-441b-babd-efb47d0aa8b8,,Booze & Glory,"London, England",https://en.wikipedia.org/wiki/Booze_%26_Glory,False,proposed_one_source,London,medium,not_reviewed,,,,evidence_for_missing_claim,London
775,Magnetic Man,40ttEBZPhAHbXH6aUg4GkL,Q1884353,83637,London,London,London,reported_place,https://www.wikidata.org/wiki/Q1884353,200e86d3-707e-4e55-94bd-20b0301df327,Magnetic Man,Croydon,https://musicbrainz.org/artist/200e86d3-707e-4e55-94bd-20b0301df327,False,Magnetic Man,,https://en.wikipedia.org/wiki/Magnetic_Man,,conflict,,medium,confirmed,London,https://musicbrainz.org/artist/303db7ad-ae81-4225-a0f0-088aa085c155,"Croydon is within Greater London, so the current London claim is not contradictory.",confirmed,London
776,Oi Va Voi,1AzrlUnOS6dhH0iMV86ctS,Q1747594,83446,London,London,London,reported_place,https://www.wikidata.org/wiki/Q1747594,c5a05cda-2f00-4566-9e1d-7b366fcdbfff,Oi Va Voi,London,https://musicbrainz.org/artist/c5a05cda-2f00-4566-9e1d-7b366fcdbfff,True,Oi Va Voi,"London, England",https://en.wikipedia.org/wiki/Oi_Va_Voi,True,corroborated_two_sources,,,not_reviewed,,,,confirmed,London
777,Tenpole Tudor,3hsO9B2FiSAfdBddcNKZEV,Q649666,83020,England,,,unresolved_generic_or_missing,https://www.wikidata.org/wiki/Q649666,54d94624-fc0f-4454-bfbf-0e9b0be3743e,Tenpole Tudor,London,https://musicbrainz.org/artist/54d94624-fc0f-4454-bfbf-0e9b0be3743e,False,Tenpole Tudor,England,https://en.wikipedia.org/wiki/Tenpole_Tudor,,proposed_one_source,London,medium,not_reviewed,,,,evidence_for_missing_claim,London
778,Young Guns,4v4qHupYi7eRJfkniHrp4Z,Q43843,82953,High Wycombe,High Wycombe,High Wycombe,reported_place,https://www.wikidata.org/wiki/Q43843,40a10c54-06a1-46ad-9161-53e989c4ca95,Young Guns,London,https://musicbrainz.org/artist/40a10c54-06a1-46ad-9161-53e989c4ca95,False,Young Guns (band),"High Wycombe, Buckinghamshire, England",https://en.wikipedia.org/wiki/Young_Guns_(band),True,corroborated_with_source_variation,,medium,not_reviewed,,,,source_variation,High Wycombe
779,Let's Eat Grandma,4qNZw759AdHSMugyDMrIlF,Q24901294,81221,Norwich,Norwich,Norwich,reported_place,https://www.wikidata.org/wiki/Q24901294,4dc4935e-1d04-41f0-99aa-ec449b8c5fc7,Let’s Eat Grandma,Norwich,https://musicbrainz.org/artist/4dc4935e-1d04-41f0-99aa-ec449b8c5fc7,True,Let's Eat Grandma,"Norwich, England",https://en.wikipedia.org/wiki/Let%27s_Eat_Grandma,True,corroborated_two_sources,,,not_reviewed,,,,confirmed,Norwich
780,Babe Ruth,0U04xAocTetRnA7v3TYQ2i,Q797616,80353,Hatfield,Hatfield,Hatfield,reported_place,https://www.wikidata.org/wiki/Q797616,4735caf5-711e-4042-bb63-a2991420239a,Babe Ruth,Hertfordshire,https://musicbrainz.org/artist/4735caf5-711e-4042-bb63-a2991420239a,False,Babe Ruth (band),"Hatfield, Hertfordshire, England",https://en.wikipedia.org/wiki/Babe_Ruth_(band),True,corroborated_with_source_variation,,medium,not_reviewed,,,,source_variation,Hatfield
781,Massive Wagons,7xytG2E40s4GeukvZCGqGP,Q59661769,80248,,,,unresolved_generic_or_missing,https://www.wikidata.org/wiki/Q59661769,ea9bca7c-af82-4009-b438-2dbdae78466c,Massive Wagons,City of Lancaster,https://musicbrainz.org/artist/ea9bca7c-af82-4009-b438-2dbdae78466c,False,Massive Wagons,"Lancaster, England",https://en.wikipedia.org/wiki/Massive_Wagons,False,proposed_two_sources,City of Lancaster,medium,not_reviewed,,,,evidence_for_missing_claim,City of Lancaster
782,65daysofstatic,6DVVsQAnpHdJjb1nYuOQ6g,Q254285,79997,Sheffield,Sheffield,Sheffield,reported_place,https://www.wikidata.org/wiki/Q254285,0cd12ab3-9628-45ef-a97b-ff18624f14a0,65daysofstatic,Sheffield,https://musicbrainz.org/artist/0cd12ab3-9628-45ef-a97b-ff18624f14a0,True,65daysofstatic,"Sheffield, England",https://en.wikipedia.org/wiki/65daysofstatic,True,corroborated_two_sources,,,not_reviewed,,,,confirmed,Sheffield
783,Arab Strap,6g8Jqb5JMfv92eB2r0awTN,Q2632762,79984,Falkirk,Falkirk,Falkirk,reported_place,https://www.wikidata.org/wiki/Q2632762,6caf09f5-2f01-4f76-bcc7-6207930c56c6,Arab Strap,Falkirk,https://musicbrainz.org/artist/6caf09f5-2f01-4f76-bcc7-6207930c56c6,True,Arab Strap,"Falkirk, Stirlingshire, Scotland",https://en.wikipedia.org/wiki/Arab_Strap,True,corroborated_two_sources,,,not_reviewed,,,,confirmed,Falkirk
784,Slowly Rolling Camera,5kH36nIamlV0iSe6ESDWvb,Q25080052,79752,,,,unresolved_generic_or_missing,https://www.wikidata.org/wiki/Q25080052,82687235-98c5-4229-969f-28f901279eb8,Slowly Rolling Camera,Cardiff,https://musicbrainz.org/artist/82687235-98c5-4229-969f-28f901279eb8,False,Slowly Rolling Camera,Cardiff,https://en.wikipedia.org/wiki/Slowly_Rolling_Camera,False,proposed_two_sources,Cardiff,medium,not_reviewed,,,,evidence_for_missing_claim,Cardiff
785,Mallory Knox,7bHTSvk96ULRLZPZr1SoCZ,Q15044899,79587,Cambridge,Cambridge,Cambridge,reported_place,https://www.wikidata.org/wiki/Q15044899,94281561-7c6a-48ac-9c71-8f09ce8255ce,Mallory Knox,United Kingdom,https://musicbrainz.org/artist/94281561-7c6a-48ac-9c71-8f09ce8255ce,,Mallory Knox,"Cambridge, Cambridgeshire, England, United Kingdom",https://en.wikipedia.org/wiki/Mallory_Knox,True,corroborated_one_source,,,not_reviewed,,,,confirmed,Cambridge
786,Alien Sex Fiend,6WVnBgqJfj9Iw9gpBed9fJ,Q1541561,79219,London,London,London,reported_place,https://www.wikidata.org/wiki/Q1541561,3580a118-49e3-4aa1-972a-f5f0ff750dd2,Alien Sex Fiend,London,https://musicbrainz.org/artist/3580a118-49e3-4aa1-972a-f5f0ff750dd2,True,Alien Sex Fiend,"London, England",https://en.wikipedia.org/wiki/Alien_Sex_Fiend,True,corroborated_two_sources,,,not_reviewed,,,,confirmed,London
787,Geordie,0IzJYdxaNLwrC7diSCu0iY,Q499366,79034,Newcastle upon Tyne,Newcastle upon Tyne,Newcastle upon Tyne,reported_place,https://www.wikidata.org/wiki/Q499366,09615dd0-05fe-412c-83fb-7af8e495e401|bb1ecaa0-67c1-447f-b7e2-ad679ea4571a,Geordie|Powerhouse,Newcastle upon Tyne,https://musicbrainz.org/artist/09615dd0-05fe-412c-83fb-7af8e495e401|https://musicbrainz.org/artist/bb1ecaa0-67c1-447f-b7e2-ad679ea4571a,True,Geordie (band),"Newcastle, England",https://en.wikipedia.org/wiki/Geordie_(band),True,corroborated_two_sources,,,not_reviewed,,,,confirmed,Newcastle upon Tyne
788,Brothers In Rhythm,0f2HTJx4jowMoiHBH4GzdU,Q2053844,78778,,,,unresolved_generic_or_missing,https://www.wikidata.org/wiki/Q2053844,00f91c96-9597-445d-a878-c074f48582f3,Brothers in Rhythm,,https://musicbrainz.org/artist/00f91c96-9597-445d-a878-c074f48582f3,,Brothers in Rhythm,United Kingdom,https://en.wikipedia.org/wiki/Brothers_in_Rhythm,,unresolved,,low,not_reviewed,,,,unresolved,
789,Destructive Tendencies,1Yc03TvBp08WN2oHVuvewX,Q56309814,77543,,,,unresolved_generic_or_missing,https://www.wikidata.org/wiki/Q56309814,d64fc31b-5fac-4530-b732-7e7174faae4d,Destructive Tendencies,,https://musicbrainz.org/artist/d64fc31b-5fac-4530-b732-7e7174faae4d,,,,,,unresolved,,low,not_reviewed,,,,unresolved,
790,Discharge,5SRhOM75OnwuXH8BmCxD5a,Q1228418,77256,Stoke-on-Trent,Stoke-on-Trent,Stoke-on-Trent,reported_place,https://www.wikidata.org/wiki/Q1228418,0c9bfbdc-4e64-497d-bf80-5c891e6766a3,Discharge,Stoke-on-Trent,https://musicbrainz.org/artist/0c9bfbdc-4e64-497d-bf80-5c891e6766a3,True,Discharge (band),"Stoke-on-Trent, Staffordshire, England",https://en.wikipedia.org/wiki/Discharge_(band),True,corroborated_two_sources,,,not_reviewed,,,,confirmed,Stoke-on-Trent
791,Ibibio Sound Machine,4J6CnIqPEtWYn3la2YYj2c,Q39016670,77200,,,,unresolved_generic_or_missing,https://www.wikidata.org/wiki/Q39016670,0ece139d-19a4-44c6-85e6-0406e8055a21,Ibibio Sound Machine,,https://musicbrainz.org/artist/0ece139d-19a4-44c6-85e6-0406e8055a21,,Ibibio Sound Machine,"London, England",https://en.wikipedia.org/wiki/Ibibio_Sound_Machine,False,proposed_one_source,London,medium,not_reviewed,,,,evidence_for_missing_claim,London
792,GLXY,1U8nnmbuPk1EpoO7MVgIeT,Q57298698,77107,,,,unresolved_generic_or_missing,https://www.wikidata.org/wiki/Q57298698,fe0be685-4ad0-4ff6-97b7-496ede5825cb,GLXY,Leicester,https://musicbrainz.org/artist/fe0be685-4ad0-4ff6-97b7-496ede5825cb,False,,,,,proposed_one_source,Leicester,medium,not_reviewed,,,,evidence_for_missing_claim,Leicester
793,LFO,2M0T4a1pkOC5nifN9W6e9e,Q1798055,76989,Leeds,Leeds,Leeds,reported_place,https://www.wikidata.org/wiki/Q1798055,e6d0179f-b899-4563-b6c6-88715aaae0b8,LFO,Leeds,https://musicbrainz.org/artist/e6d0179f-b899-4563-b6c6-88715aaae0b8,True,LFO (British band),"Leeds, England",https://en.wikipedia.org/wiki/LFO_(British_band),True,corroborated_two_sources,,,not_reviewed,,,,confirmed,Leeds
794,Fightstar,3CI0BdDDxe6D21RmqTB5fn,Q1357682,76830,London,London,London,reported_place,https://www.wikidata.org/wiki/Q1357682,b7a05028-423c-49f2-a7ac-68591c7cf78d,Fightstar,London,https://musicbrainz.org/artist/b7a05028-423c-49f2-a7ac-68591c7cf78d,True,Fightstar,"London, England",https://en.wikipedia.org/wiki/Fightstar,True,corroborated_two_sources,,,not_reviewed,,,,confirmed,London
795,VANT,4Xxkt0tSJr1uNxGDZcJLRc,Q23057717,76495,,,,unresolved_generic_or_missing,https://www.wikidata.org/wiki/Q23057717,17e50807-1077-4039-b903-e8c3eedf237a,VANT,United Kingdom,https://musicbrainz.org/artist/17e50807-1077-4039-b903-e8c3eedf237a,,Vant (band),"London, England",https://en.wikipedia.org/wiki/Vant_(band),False,proposed_one_source,London,medium,not_reviewed,,,,evidence_for_missing_claim,London
796,The Bees,6XiSck3QPuXk7ho6zlDz3P,Q3519919,76473,Ventnor,Ventnor,Ventnor,reported_place,https://www.wikidata.org/wiki/Q3519919,276cfa71-caa8-4bf4-b522-39a8086e7c6b,The Bees,Ventnor,https://musicbrainz.org/artist/276cfa71-caa8-4bf4-b522-39a8086e7c6b,True,The Bees (English band),"Ventnor, Isle of Wight, England",https://en.wikipedia.org/wiki/The_Bees_(English_band),True,corroborated_two_sources,,,not_reviewed,,,,confirmed,Ventnor
797,Wizzard,7823Dim2TzjiQQ9wRQxyi9,Q426015,75390,Birmingham,Birmingham,Birmingham,reported_place,https://www.wikidata.org/wiki/Q426015,9a121283-e355-4741-8729-f4b84650ff78,Wizzard,Birmingham,https://musicbrainz.org/artist/9a121283-e355-4741-8729-f4b84650ff78,True,Wizzard,"Birmingham, Warwickshire, England",https://en.wikipedia.org/wiki/Wizzard,True,corroborated_two_sources,,,not_reviewed,,,,confirmed,Birmingham
798,Acrania,6D3PbIyyqH2NaqPZSE6X5N,Q18702196,75245,,,,unresolved_generic_or_missing,https://www.wikidata.org/wiki/Q18702196,cf2170b1-5c00-43ae-915a-a781482f00d4,Acrania,London,https://musicbrainz.org/artist/cf2170b1-5c00-43ae-915a-a781482f00d4,False,,,,,proposed_one_source,London,medium,not_reviewed,,,,evidence_for_missing_claim,London
799,Re-Flex,1iNGtKXGyniqwVhXfbKpk8,Q387754,75009,,,,unresolved_generic_or_missing,https://www.wikidata.org/wiki/Q387754,d4bdc7e1-d287-4f88-b9c3-ad9f74964629,Re‐Flex,,https://musicbrainz.org/artist/d4bdc7e1-d287-4f88-b9c3-ad9f74964629,,Re-Flex,"Birmingham, England",https://en.wikipedia.org/wiki/Re-Flex,False,proposed_one_source,Birmingham,medium,not_reviewed,,,,evidence_for_missing_claim,Birmingham
800,999,14IKysoZ0qyGRsIiTk1Ase,Q277297,74540,London,London,London,reported_place,https://www.wikidata.org/wiki/Q277297,90967f7a-dccf-43f8-a212-e84b34e24a7d,999,London,https://musicbrainz.org/artist/90967f7a-dccf-43f8-a212-e84b34e24a7d,True,999 (band),"London, England, United Kingdom",https://en.wikipedia.org/wiki/999_(band),True,corroborated_two_sources,,,not_reviewed,,,,confirmed,London
801,Curse of Lono,6pM5NZalHT5nD9vDEz2Ukx,Q64604786,74421,,,,unresolved_generic_or_missing,https://www.wikidata.org/wiki/Q64604786,6c1ed66a-e22c-40e9-a8d0-782c607d7a35,Curse of Lono,,https://musicbrainz.org/artist/6c1ed66a-e22c-40e9-a8d0-782c607d7a35,,Curse of Lono,London,https://en.wikipedia.org/wiki/Curse_of_Lono,False,proposed_one_source,London,medium,not_reviewed,,,,evidence_for_missing_claim,London
802,Nitzer Ebb,7EnAgffrVyerTWH628TJ6f,Q580943,73454,Chelmsford,Chelmsford,Chelmsford,reported_place,https://www.wikidata.org/wiki/Q580943,d260c14e-2ef1-4d3d-8739-70d517efac8a,Nitzer Ebb,Essex,https://musicbrainz.org/artist/d260c14e-2ef1-4d3d-8739-70d517efac8a,False,Nitzer Ebb,"Chelmsford, Essex, England",https://en.wikipedia.org/wiki/Nitzer_Ebb,True,corroborated_with_source_variation,,medium,not_reviewed,,,,source_variation,Chelmsford
803,Fields Of The Nephilim,3m8KqUjgKDwmJ9L9uBHMMs,Q378948,73403,Stevenage,Stevenage,Stevenage,reported_place,https://www.wikidata.org/wiki/Q378948,a262543f-6ab4-4ac7-86f3-4fc09ff56f3b,Fields of the Nephilim,Stevenage,https://musicbrainz.org/artist/a262543f-6ab4-4ac7-86f3-4fc09ff56f3b,True,Fields of the Nephilim,"Stevenage, Hertfordshire, England",https://en.wikipedia.org/wiki/Fields_of_the_Nephilim,True,corroborated_two_sources,,,not_reviewed,,,,confirmed,Stevenage
804,ROAM,0q74f5UdR3j14Lis4AKKxq,Q22080536,73324,,,,unresolved_generic_or_missing,https://www.wikidata.org/wiki/Q22080536,74d76812-2ebf-4850-938b-2c3e02b0eb9f,ROAM,Eastbourne,https://musicbrainz.org/artist/74d76812-2ebf-4850-938b-2c3e02b0eb9f,False,Roam (band),"Eastbourne, East Sussex, England",https://en.wikipedia.org/wiki/Roam_(band),False,proposed_two_sources,Eastbourne,medium,not_reviewed,,,,evidence_for_missing_claim,Eastbourne
805,Spector,34nBPbcVc9F9eizQC4a5aT,Q7575150,73172,London,London,London,reported_place,https://www.wikidata.org/wiki/Q7575150,67dd20f8-ded2-4dde-b4aa-729428fcc8d0,Spector,London,https://musicbrainz.org/artist/67dd20f8-ded2-4dde-b4aa-729428fcc8d0,True,Spector (band),"London, England",https://en.wikipedia.org/wiki/Spector_(band),True,corroborated_two_sources,,,not_reviewed,,,,confirmed,London
806,Red Box,4TvQ6wnXv3aDNv29JH6App,Q2135903,72793,London,London,London,reported_place,https://www.wikidata.org/wiki/Q2135903,b7d0ca79-66a7-41e0-bc65-0159f9a77da2,Red Box,London,https://musicbrainz.org/artist/b7d0ca79-66a7-41e0-bc65-0159f9a77da2,True,Red Box (band),"London, England",https://en.wikipedia.org/wiki/Red_Box_(band),True,corroborated_two_sources,,,not_reviewed,,,,confirmed,London
807,Chicken Shack,7aUVQRiWaOqZU0JwOlGfWi,Q968313,72185,,,,unresolved_generic_or_missing,https://www.wikidata.org/wiki/Q968313,282ed0dc-064e-480c-b827-5b5e9500f045,Chicken Shack,Stourbridge,https://musicbrainz.org/artist/282ed0dc-064e-480c-b827-5b5e9500f045,False,Chicken Shack,,https://en.wikipedia.org/wiki/Chicken_Shack,,proposed_one_source,Stourbridge,medium,not_reviewed,,,,evidence_for_missing_claim,Stourbridge
808,Friedberg,0lqPfG8vAR30UX3cWDbCEn,Q131406896,71589,,,,unresolved_generic_or_missing,https://www.wikidata.org/wiki/Q131406896,,,,,,,,,,unresolved,,low,not_reviewed,,,,unresolved,
809,Talisk,1khU7sW2d95qMTDnyDfzBT,Q60754147,71444,,,,unresolved_generic_or_missing,https://www.wikidata.org/wiki/Q60754147,9bd5d06f-24ba-4c89-822a-4e44a48d5274,Talisk,,https://musicbrainz.org/artist/9bd5d06f-24ba-4c89-822a-4e44a48d5274,,Talisk,"Glasgow, Scotland",https://en.wikipedia.org/wiki/Talisk,False,proposed_one_source,Glasgow,medium,not_reviewed,,,,evidence_for_missing_claim,Glasgow
810,Fast Food Rockers,6Mz4vAfXG0tJgUcOQL6zy5,Q5436929,71392,Folkestone,Folkestone,Folkestone,reported_place,https://www.wikidata.org/wiki/Q5436929,59f9723f-d7d6-41ab-9b5a-5a4981abb1e3,Fast Food Rockers,United Kingdom,https://musicbrainz.org/artist/59f9723f-d7d6-41ab-9b5a-5a4981abb1e3,,Fast Food Rockers,"Folkestone, England",https://en.wikipedia.org/wiki/Fast_Food_Rockers,True,corroborated_one_source,,,not_reviewed,,,,confirmed,Folkestone
811,Let Loose,64qK94JPWEI7HovDpzLBej,Q6532821,71261,,,,unresolved_generic_or_missing,https://www.wikidata.org/wiki/Q6532821,44bb675c-ebe1-4e67-b040-95a3675cb966,Let Loose,,https://musicbrainz.org/artist/44bb675c-ebe1-4e67-b040-95a3675cb966,,Let Loose,"London, England",https://en.wikipedia.org/wiki/Let_Loose,False,proposed_one_source,London,medium,not_reviewed,,,,evidence_for_missing_claim,London
812,Nektar,0n2Uel3CvQrmMsYLEfpO3s,Q1748178,70557,Hamburg,Hamburg,Hamburg,reported_place,https://www.wikidata.org/wiki/Q1748178,8a5c294f-8d3b-452d-a6f9-6332cfb408f3,Nektar,Hamburg,https://musicbrainz.org/artist/8a5c294f-8d3b-452d-a6f9-6332cfb408f3,True,Nektar,"Hamburg, West Germany",https://en.wikipedia.org/wiki/Nektar,True,corroborated_two_sources,,,not_reviewed,,,,confirmed,Hamburg
813,Lund Quartet,6GUoU3k0b3qF1T06UvyAhk,Q106906676,70363,,,,unresolved_generic_or_missing,https://www.wikidata.org/wiki/Q106906676,6772809f-9726-42fb-a6af-e5f9dad33a7b,Lund Quartet,Bristol,https://musicbrainz.org/artist/6772809f-9726-42fb-a6af-e5f9dad33a7b,False,,,,,proposed_one_source,Bristol,medium,not_reviewed,,,,evidence_for_missing_claim,Bristol
814,Nine Black Alps,5fLbJGzlYux3GBwTifMMvR,Q1141817,69153,Manchester,Manchester,Manchester,reported_place,https://www.wikidata.org/wiki/Q1141817,75a881d8-80de-4f60-b56a-4eaaa29530d9,Nine Black Alps,Manchester,https://musicbrainz.org/artist/75a881d8-80de-4f60-b56a-4eaaa29530d9,True,Nine Black Alps,"Manchester, England",https://en.wikipedia.org/wiki/Nine_Black_Alps,True,corroborated_two_sources,,,not_reviewed,,,,confirmed,Manchester
815,Delta 5,2qe52cWdi4IRtgg14CLInb,Q5254556,68871,Leeds,Leeds,Leeds,reported_place,https://www.wikidata.org/wiki/Q5254556,b05af404-b129-4c9e-9606-01baa53e05f9,Delta 5,Leeds,https://musicbrainz.org/artist/b05af404-b129-4c9e-9606-01baa53e05f9,True,Delta 5,"Leeds, West Yorkshire, England",https://en.wikipedia.org/wiki/Delta_5,True,corroborated_two_sources,,,not_reviewed,,,,confirmed,Leeds
816,A,3HBxYEtI2i43MzWyTXupVv,Q300307,68849,Suffolk,Suffolk,Suffolk,reported_place,https://www.wikidata.org/wiki/Q300307,55c6eb6e-8388-497c-acaf-dbff584d0c3a,A,Suffolk,https://musicbrainz.org/artist/55c6eb6e-8388-497c-acaf-dbff584d0c3a,True,A (band),"Suffolk, England",https://en.wikipedia.org/wiki/A_(band),True,corroborated_two_sources,,,not_reviewed,,,,confirmed,Suffolk
817,Gene,5Rsu72e1qrjIUtxH6Zmy9K,Q3100438,68357,London,London,London,reported_place,https://www.wikidata.org/wiki/Q3100438,38b6fae0-dd60-47c2-8f46-cf5023d23664,Gene,London,https://musicbrainz.org/artist/38b6fae0-dd60-47c2-8f46-cf5023d23664,True,Gene (band),"London, England",https://en.wikipedia.org/wiki/Gene_(band),True,corroborated_two_sources,,,not_reviewed,,,,confirmed,London
818,The Magic Gang,52pNByiBWx6SVMMqqcCA74,Q123560878,68131,Brighton,Brighton,Brighton,reported_place,https://www.wikidata.org/wiki/Q123560878,a411851b-6788-4194-ae93-2e75108906b0,The Magic Gang,,https://musicbrainz.org/artist/a411851b-6788-4194-ae93-2e75108906b0,,The Magic Gang,"Brighton, England",https://en.wikipedia.org/wiki/The_Magic_Gang,True,corroborated_one_source,,,not_reviewed,,,,confirmed,Brighton
819,Death Of Guitar Pop,6fD5uxjcSC0aF0FO61e5id,Q136309656,68122,,,,unresolved_generic_or_missing,https://www.wikidata.org/wiki/Q136309656,c4216cae-ca3e-4779-9667-5f984a157687,Death of Guitar Pop,,https://musicbrainz.org/artist/c4216cae-ca3e-4779-9667-5f984a157687,,Death of Guitar Pop,"Essex, England",https://en.wikipedia.org/wiki/Death_of_Guitar_Pop,False,proposed_one_source,Essex,medium,not_reviewed,,,,evidence_for_missing_claim,Essex
820,Lords Of The New Church,5JEhWD9S2znCiQRiGj2OUk,Q1269551,67975,,,,unresolved_generic_or_missing,https://www.wikidata.org/wiki/Q1269551,6b1614f1-8aec-49b7-868a-9167d9b14767,The Lords of the New Church,London,https://musicbrainz.org/artist/6b1614f1-8aec-49b7-868a-9167d9b14767,False,The Lords of the New Church,,https://en.wikipedia.org/wiki/The_Lords_of_the_New_Church,,proposed_one_source,London,medium,not_reviewed,,,,evidence_for_missing_claim,London
821,B-Movie,7zUgfhtNGSNLMl2ydFse4S,Q795108,67864,Mansfield,Mansfield,Mansfield,reported_place,https://www.wikidata.org/wiki/Q795108,ee6f2ae8-9288-4e4a-af45-878f97b20f08,B‐Movie,Mansfield,https://musicbrainz.org/artist/ee6f2ae8-9288-4e4a-af45-878f97b20f08,True,B-Movie (band),"Mansfield, England",https://en.wikipedia.org/wiki/B-Movie_(band),True,corroborated_two_sources,,,not_reviewed,,,,confirmed,Mansfield
822,Fastway,7eD005d7pGOEYD3eWVRecb,Q1397838,67660,England,,,unresolved_generic_or_missing,https://www.wikidata.org/wiki/Q1397838,b5fe748c-28e4-409f-84d6-732555d27ce1,Fastway,London,https://musicbrainz.org/artist/b5fe748c-28e4-409f-84d6-732555d27ce1,False,Fastway (band),"London, England",https://en.wikipedia.org/wiki/Fastway_(band),False,proposed_two_sources,London,medium,not_reviewed,,,,evidence_for_missing_claim,London
823,Stornoway,1UzKSuyOqKgUupcNNEtnF1,Q956521,67498,Oxford,Oxford,Oxford,reported_place,https://www.wikidata.org/wiki/Q956521,04073f0b-a1e5-4cef-9b36-c1978e5d7d23,Stornoway,Oxford,https://musicbrainz.org/artist/04073f0b-a1e5-4cef-9b36-c1978e5d7d23,True,Stornoway (band),"Oxford, Oxfordshire, England",https://en.wikipedia.org/wiki/Stornoway_(band),True,corroborated_two_sources,,,not_reviewed,,,,confirmed,Oxford
824,Fat White Family,5ztBFCBEL7OtjdAt98RnD4,Q22312871,66984,Peckham,Peckham,Peckham,reported_place,https://www.wikidata.org/wiki/Q22312871,0935da47-cf41-4aa1-a91a-850ced520454,Fat White Family,Peckham,https://musicbrainz.org/artist/0935da47-cf41-4aa1-a91a-850ced520454,True,Fat White Family,"Peckham, South London, England",https://en.wikipedia.org/wiki/Fat_White_Family,True,corroborated_two_sources,,,not_reviewed,,,,confirmed,Peckham
825,Steeleye Span,4OrrjMGltjy6ojX6034f8u,Q1413921,66623,London,London,London,reported_place,https://www.wikidata.org/wiki/Q1413921,68c6926c-03e0-4afc-9f54-2190b2c8d468,Steeleye Span,London,https://musicbrainz.org/artist/68c6926c-03e0-4afc-9f54-2190b2c8d468,True,Steeleye Span,"London, England",https://en.wikipedia.org/wiki/Steeleye_Span,True,corroborated_two_sources,,,not_reviewed,,,,confirmed,London
826,Shampoo,3wChfsJPsUnjVHXc79wRN1,Q1352141,66590,Plumstead,Plumstead,Plumstead,reported_place,https://www.wikidata.org/wiki/Q1352141,e52494f5-2dd8-4ebf-8635-f543f1436e2a,Shampoo,,https://musicbrainz.org/artist/e52494f5-2dd8-4ebf-8635-f543f1436e2a,,Shampoo (duo),"Plumstead, London, England",https://en.wikipedia.org/wiki/Shampoo_(duo),True,corroborated_one_source,,,not_reviewed,,,,confirmed,Plumstead
827,Clinic,7icDkrFloDss50hoqQ3Kkj,Q1993229,66575,Liverpool,Crosby,Crosby,reviewed_override,https://www.wikidata.org/wiki/Q1993229,1ea2c08f-323c-4207-9af1-e2fb8588f08e,Clinic,Crosby,https://musicbrainz.org/artist/1ea2c08f-323c-4207-9af1-e2fb8588f08e,True,Clinic (band),"Crosby, Sefton, England",https://en.wikipedia.org/wiki/Clinic_(band),True,corroborated_two_sources,,,corrected,Crosby,https://en.wikipedia.org/wiki/Clinic_(band),"Both external origin sources identify Crosby, Merseyside.",corrected,Crosby
828,Monarchy,4YXRO4slasYnty9nb73LrO,Q6898056,66523,London,London,London,reported_place,https://www.wikidata.org/wiki/Q6898056,07a0ce09-4e7b-499e-a223-5e094660a67e,Monarchy,,https://musicbrainz.org/artist/07a0ce09-4e7b-499e-a223-5e094660a67e,,Monarchy (band),"London, England",https://en.wikipedia.org/wiki/Monarchy_(band),True,corroborated_one_source,,,not_reviewed,,,,confirmed,London
829,Coach Party,4trP4C2bZ0TqMUxw0tLRAZ,Q111839829,65798,,,,unresolved_generic_or_missing,https://www.wikidata.org/wiki/Q111839829,ec44206a-c3cc-419d-9ef9-08971c1297dd,Coach Party,,https://musicbrainz.org/artist/ec44206a-c3cc-419d-9ef9-08971c1297dd,,Coach Party,Isle of Wight,https://en.wikipedia.org/wiki/Coach_Party,False,proposed_one_source,Isle of Wight,medium,not_reviewed,,,,evidence_for_missing_claim,Isle of Wight
830,Blazin' Squad,5dEFm1RwaTSXpQSpzpYKF2,Q444431,65260,Chingford,Chingford,Chingford,reported_place,https://www.wikidata.org/wiki/Q444431,99f40e63-829b-4d07-9cf0-2ff8c7b461c1,Blazin’ Squad,Chingford,https://musicbrainz.org/artist/99f40e63-829b-4d07-9cf0-2ff8c7b461c1,True,Blazin' Squad,"Highams Park, London, England",https://en.wikipedia.org/wiki/Blazin%27_Squad,False,corroborated_with_source_variation,,medium,not_reviewed,,,,source_variation,Chingford
831,Liverpool Express,5MHQO0sz5J0VX7jjuL2dUg,Q6658445,65090,,,,unresolved_generic_or_missing,https://www.wikidata.org/wiki/Q6658445,838b88e8-1bf4-4eaf-9f00-ec9d26c0bb11,Liverpool Express,Liverpool,https://musicbrainz.org/artist/838b88e8-1bf4-4eaf-9f00-ec9d26c0bb11,False,Liverpool Express,"Liverpool, England",https://en.wikipedia.org/wiki/Liverpool_Express,False,proposed_two_sources,Liverpool,medium,not_reviewed,,,,evidence_for_missing_claim,Liverpool
832,Total Science,20X39VOcF5zEpkOx6WrXlY,Q2012126,64875,,,,unresolved_generic_or_missing,https://www.wikidata.org/wiki/Q2012126,344c7977-1c4b-4010-a0f7-27d9506301ec,Total Science,Blackbird Leys,https://musicbrainz.org/artist/344c7977-1c4b-4010-a0f7-27d9506301ec,False,Total Science,,https://en.wikipedia.org/wiki/Total_Science,,proposed_one_source,Blackbird Leys,medium,not_reviewed,,,,evidence_for_missing_claim,Blackbird Leys
833,McAlmont & Butler,0BV7lpkyFTbzzML7DuUnpZ,Q6136420,64384,,,,unresolved_generic_or_missing,https://www.wikidata.org/wiki/Q6136420,0ca01219-9837-4801-9615-8970df3b4983,McAlmont & Butler,London,https://musicbrainz.org/artist/0ca01219-9837-4801-9615-8970df3b4983,False,McAlmont & Butler,"London, England",https://en.wikipedia.org/wiki/McAlmont_%26_Butler,False,proposed_two_sources,London,medium,not_reviewed,,,,evidence_for_missing_claim,London
834,TNGHT,40jiZfvsiAi1aIarh5Z3d3,Q7670867,63726,,,,unresolved_generic_or_missing,https://www.wikidata.org/wiki/Q7670867,1fdf897c-54c5-4721-9e59-a0ad8b5e006e,TNGHT,Montréal,https://musicbrainz.org/artist/1fdf897c-54c5-4721-9e59-a0ad8b5e006e,False,TNGHT,,https://en.wikipedia.org/wiki/TNGHT,,proposed_one_source,Montréal,medium,not_reviewed,,,,evidence_for_missing_claim,Montréal
835,Cockney Rejects,4EfSXeVFbCEYIde3E9k4wr,Q973104,63708,East End of London,East End of London,East End of London,reported_place,https://www.wikidata.org/wiki/Q973104,9a4c746f-8ae7-47a1-8292-937ec6792e7a,Cockney Rejects,London,https://musicbrainz.org/artist/9a4c746f-8ae7-47a1-8292-937ec6792e7a,True,Cockney Rejects,"East London, England",https://en.wikipedia.org/wiki/Cockney_Rejects,False,corroborated_with_source_variation,,medium,not_reviewed,,,,source_variation,East End of London
836,The Meteors,7a2sloQlmdKSmj3fwMMpg9,Q2412878,63611,United Kingdom,,,unresolved_generic_or_missing,https://www.wikidata.org/wiki/Q2412878,8df95482-901f-469f-a268-73b34e05dad9,The Meteors,London,https://musicbrainz.org/artist/8df95482-901f-469f-a268-73b34e05dad9,False,The Meteors,"London, England",https://en.wikipedia.org/wiki/The_Meteors,False,proposed_two_sources,London,medium,not_reviewed,,,,evidence_for_missing_claim,London
837,Tones On Tail,5aBEGOeWQCJfptic9xyaAb,Q2654513,63031,Northampton,Northampton,Northampton,reported_place,https://www.wikidata.org/wiki/Q2654513,ff3a293a-76d1-49a7-a5c5-fede02e7e648,Tones on Tail,Northampton,https://musicbrainz.org/artist/ff3a293a-76d1-49a7-a5c5-fede02e7e648,True,Tones on Tail,"Northampton, England",https://en.wikipedia.org/wiki/Tones_on_Tail,True,corroborated_two_sources,,,not_reviewed,,,,confirmed,Northampton
838,Psychic TV,3oi0s3WIuxBU5oh87n7za2,Q2115954,62944,London,London,London,reported_place,https://www.wikidata.org/wiki/Q2115954,14c5a3a3-f5ed-4978-99af-486010e3a007,Psychic TV,Hackney,https://musicbrainz.org/artist/14c5a3a3-f5ed-4978-99af-486010e3a007,False,Psychic TV,"London, England",https://en.wikipedia.org/wiki/Psychic_TV,True,corroborated_with_source_variation,,medium,not_reviewed,,,,source_variation,London
839,808INK,1eSFjbv86usit5ZF5ywtLf,Q127505000,62895,,,,unresolved_generic_or_missing,https://www.wikidata.org/wiki/Q127505000,d7cb9176-f5b5-4fd8-8b43-c1aa105b24cb,808INK,London,https://musicbrainz.org/artist/d7cb9176-f5b5-4fd8-8b43-c1aa105b24cb,False,,,,,proposed_one_source,London,medium,not_reviewed,,,,evidence_for_missing_claim,London
840,Ward Thomas,0xBhUB0EfzvchYnaIWkdBw,Q19604613,62236,Hampshire,Hampshire,Hampshire,reported_place,https://www.wikidata.org/wiki/Q19604613,5664c7e9-8e0d-48df-ac6f-658769ffdfff,Ward Thomas,Hampshire,https://musicbrainz.org/artist/5664c7e9-8e0d-48df-ac6f-658769ffdfff,True,Ward Thomas (band),"Petersfield, Hampshire, England",https://en.wikipedia.org/wiki/Ward_Thomas_(band),True,corroborated_two_sources,,,not_reviewed,,,,confirmed,Hampshire
841,Eddie & The Hot Rods,70e4IgnWAQfPPxKnD9jXDr,Q1282674,61901,Canvey Island,Canvey Island,Canvey Island,reported_place,https://www.wikidata.org/wiki/Q1282674,e062ce8b-19cc-4308-b37b-f62b7adfb6c2,Eddie & the Hot Rods,Southend-on-Sea,https://musicbrainz.org/artist/e062ce8b-19cc-4308-b37b-f62b7adfb6c2,False,Eddie and the Hot Rods,"Canvey Island, Essex, England",https://en.wikipedia.org/wiki/Eddie_and_the_Hot_Rods,True,corroborated_with_source_variation,,medium,not_reviewed,,,,source_variation,Canvey Island
842,Orange Goblin,3nutnJ57QnbWEdCWn2EyWo,Q1671193,61406,London,London,London,reported_place,https://www.wikidata.org/wiki/Q1671193,7b88d629-5885-41c0-9096-f21cec310692,Orange Goblin,London,https://musicbrainz.org/artist/7b88d629-5885-41c0-9096-f21cec310692,True,Orange Goblin,"London, England",https://en.wikipedia.org/wiki/Orange_Goblin,True,corroborated_two_sources,,,not_reviewed,,,,confirmed,London
843,Pentangle,55wOEGTc3QKwBJ9gntcOxT,Q1427551,61364,London,London,London,reported_place,https://www.wikidata.org/wiki/Q1427551,a4e31e59-e662-4cf4-bd4f-d7bf712bc21f,Pentangle,London,https://musicbrainz.org/artist/a4e31e59-e662-4cf4-bd4f-d7bf712bc21f,True,Pentangle (band),"London, England",https://en.wikipedia.org/wiki/Pentangle_(band),True,corroborated_two_sources,,,not_reviewed,,,,confirmed,London
844,Yuck,6l3BRLCpzfC8yxqf9thWAg,Q2683245,61077,London,London,London,reported_place,https://www.wikidata.org/wiki/Q2683245,9929a375-ccf4-4b8c-9b13-0026393fcb84,Yuck,London,https://musicbrainz.org/artist/9929a375-ccf4-4b8c-9b13-0026393fcb84,True,Yuck (band),"London, England",https://en.wikipedia.org/wiki/Yuck_(band),True,corroborated_two_sources,,,not_reviewed,,,,confirmed,London
845,The Move,2BLpGstUHxDc6vHfBEiaXm,Q1133828,60997,Birmingham,Birmingham,Birmingham,reported_place,https://www.wikidata.org/wiki/Q1133828,2a3adca8-59ea-4180-beae-015eebf03328,The Move,Birmingham,https://musicbrainz.org/artist/2a3adca8-59ea-4180-beae-015eebf03328,True,The Move,"Birmingham, Warwickshire, England",https://en.wikipedia.org/wiki/The_Move,True,corroborated_two_sources,,,not_reviewed,,,,confirmed,Birmingham
846,Coil,37KB5e6cGsN1AQAB9Omm1U,Q1107195,60925,London,London,London,reported_place,https://www.wikidata.org/wiki/Q1107195,2269ab04-c82a-4a30-a908-a100b61f9940|3f183292-f1af-40b5-8195-725003ed3cdc|a956d00f-3f58-4576-83b7-7415bf58df4b|c16fbb7e-57b1-462c-97c5-bd0e11248765|c6dd3b2e-1aed-423c-a836-d508d9ce6dbb,Black Light District|Coil|ELpH|The Eskaton|Time Machines,London,https://musicbrainz.org/artist/2269ab04-c82a-4a30-a908-a100b61f9940|https://musicbrainz.org/artist/3f183292-f1af-40b5-8195-725003ed3cdc|https://musicbrainz.org/artist/a956d00f-3f58-4576-83b7-7415bf58df4b|https://musicbrainz.org/artist/c16fbb7e-57b1-462c-97c5-bd0e11248765|https://musicbrainz.org/artist/c6dd3b2e-1aed-423c-a836-d508d9ce6dbb,True,Coil (band),"London, England",https://en.wikipedia.org/wiki/Coil_(band),True,corroborated_two_sources,,,not_reviewed,,,,confirmed,London
847,DJ Food,4NZM5xKuDpGc4vEHDwGO1Q,Q3011302,60881,London,London,London,reported_place,https://www.wikidata.org/wiki/Q3011302,0019749d-ee29-4a5f-ab17-6bfa11deb969,DJ Food,London,https://musicbrainz.org/artist/0019749d-ee29-4a5f-ab17-6bfa11deb969,True,DJ Food,"London, England",https://en.wikipedia.org/wiki/DJ_Food,True,corroborated_two_sources,,,not_reviewed,,,,confirmed,London
848,Carter The Unstoppable Sex Machine,5RFBPz01PqvSQ1QhEgaxOp,Q251289,60865,London,London,London,reported_place,https://www.wikidata.org/wiki/Q251289,91e3c213-51d0-47f1-bafa-0951e31c20c4,Carter the Unstoppable Sex Machine,Streatham,https://musicbrainz.org/artist/91e3c213-51d0-47f1-bafa-0951e31c20c4,False,Carter the Unstoppable Sex Machine,"London, England",https://en.wikipedia.org/wiki/Carter_the_Unstoppable_Sex_Machine,True,corroborated_with_source_variation,,medium,not_reviewed,,,,source_variation,London
849,Spooky Tooth,5YE3Wwk5wqQmFXM5qyaM6u,Q1455057,60855,Carlisle,Carlisle,Carlisle,reported_place,https://www.wikidata.org/wiki/Q1455057,c8f8f706-2176-4fde-9f50-4e243dd096c8,Spooky Tooth,London,https://musicbrainz.org/artist/c8f8f706-2176-4fde-9f50-4e243dd096c8,False,Spooky Tooth,"Carlisle, England",https://en.wikipedia.org/wiki/Spooky_Tooth,True,corroborated_with_source_variation,,medium,not_reviewed,,,,source_variation,Carlisle
850,Anaal Nathrakh,7vrrJ5YlL3I8XUrh1ktGJV,Q483140,60506,Birmingham,Birmingham,Birmingham,reported_place,https://www.wikidata.org/wiki/Q483140,9bf82496-9d7b-43ac-b3ee-076c90ada9d7,Anaal Nathrakh,Birmingham,https://musicbrainz.org/artist/9bf82496-9d7b-43ac-b3ee-076c90ada9d7,True,Anaal Nathrakh,"Birmingham, England",https://en.wikipedia.org/wiki/Anaal_Nathrakh,True,corroborated_two_sources,,,not_reviewed,,,,confirmed,Birmingham
851,Soft Machine,5A0MH7JfEBEMySevsmauds,Q729505,59575,Canterbury,Canterbury,Canterbury,reported_place,https://www.wikidata.org/wiki/Q729505,5193ce6b-a315-4c50-ae49-54e69ffbc988,Soft Machine,Canterbury,https://musicbrainz.org/artist/5193ce6b-a315-4c50-ae49-54e69ffbc988,True,Soft Machine,"Canterbury, England",https://en.wikipedia.org/wiki/Soft_Machine,True,corroborated_two_sources,,,not_reviewed,,,,confirmed,Canterbury
852,Wolf Gang,6EkvDqOOEX08BotcQppKoD,Q1332142,59456,London,London,London,reported_place,https://www.wikidata.org/wiki/Q1332142,6a566b88-60df-4c7b-af37-c31729f869d4,Wolf Gang,London,https://musicbrainz.org/artist/6a566b88-60df-4c7b-af37-c31729f869d4,True,Wolf Gang,"London, England",https://en.wikipedia.org/wiki/Wolf_Gang,True,corroborated_two_sources,,,not_reviewed,,,,confirmed,London
853,The Raincoats,4t7bXPFEPe0pu1ozhdDLOp,Q2581513,59262,,,,unresolved_generic_or_missing,https://www.wikidata.org/wiki/Q2581513,42201355-08b7-43b6-a7b8-866f612e1600,The Raincoats,London,https://musicbrainz.org/artist/42201355-08b7-43b6-a7b8-866f612e1600,False,The Raincoats,"London, England",https://en.wikipedia.org/wiki/The_Raincoats,False,proposed_two_sources,London,medium,not_reviewed,,,,evidence_for_missing_claim,London
854,Dollar,7AvR99Z6y7N5BWF7VdY3bo,Q5289199,59067,,,,unresolved_generic_or_missing,https://www.wikidata.org/wiki/Q5289199,2c31fd03-5e41-4da3-853e-b661ed4e6788,Dollar,,https://musicbrainz.org/artist/2c31fd03-5e41-4da3-853e-b661ed4e6788,,Dollar (group),United Kingdom,https://en.wikipedia.org/wiki/Dollar_(group),,unresolved,,low,not_reviewed,,,,unresolved,
855,Ex:Re,3FIsBWNLmqLvTQnhJLAWUJ,Q60618120,58725,,,,unresolved_generic_or_missing,https://www.wikidata.org/wiki/Q60618120,f0c4c98f-8f30-4b57-bcdd-a7f88c449641,Ex:Re,London,https://musicbrainz.org/artist/f0c4c98f-8f30-4b57-bcdd-a7f88c449641,False,Ex:Re,England,https://en.wikipedia.org/wiki/Ex%3ARe,,proposed_one_source,London,medium,not_reviewed,,,,evidence_for_missing_claim,London
856,MiC LOWRY,0AJUYWKztkg5dnrHDIBv47,Q28961287,58089,,,,unresolved_generic_or_missing,https://www.wikidata.org/wiki/Q28961287,2a6600d8-444f-4a2b-a9f4-d3b6fb289678,MiC LOWRY,Liverpool,https://musicbrainz.org/artist/2a6600d8-444f-4a2b-a9f4-d3b6fb289678,False,Mic Lowry,"Liverpool, England",https://en.wikipedia.org/wiki/Mic_Lowry,False,proposed_two_sources,Liverpool,medium,not_reviewed,,,,evidence_for_missing_claim,Liverpool
857,DC Breaks,4D5VLxuFvZ058Z5S8YmE47,Q5204582,57873,,,,unresolved_generic_or_missing,https://www.wikidata.org/wiki/Q5204582,6b477dd3-5133-40cb-a830-ba461bc88ff9,DC Breaks,,https://musicbrainz.org/artist/6b477dd3-5133-40cb-a830-ba461bc88ff9,,DC Breaks,"London, England",https://en.wikipedia.org/wiki/DC_Breaks,False,proposed_one_source,London,medium,not_reviewed,,,,evidence_for_missing_claim,London
858,Gallows,0LpwbxbT8dPiqUnul4ngzu,Q1492599,56900,Watford,Watford,Watford,reported_place,https://www.wikidata.org/wiki/Q1492599,4cb159df-bd09-4f42-bfec-09b6a248a52f,Gallows,Watford,https://musicbrainz.org/artist/4cb159df-bd09-4f42-bfec-09b6a248a52f,True,Gallows (band),"Watford, Hertfordshire, England",https://en.wikipedia.org/wiki/Gallows_(band),True,corroborated_two_sources,,,not_reviewed,,,,confirmed,Watford
859,Demon,7tI1ZOOgocYZT2O5M8iBz8,Q1186426,56564,Leek,Leek,Leek,reported_place,https://www.wikidata.org/wiki/Q1186426,6fe68e16-dcce-498e-99ea-c35a496b3ac9,Demon,Leek,https://musicbrainz.org/artist/6fe68e16-dcce-498e-99ea-c35a496b3ac9,True,Demon (band),"Leek, Staffordshire, England",https://en.wikipedia.org/wiki/Demon_(band),True,corroborated_two_sources,,,not_reviewed,,,,confirmed,Leek
860,Die So Fluid,0OE30pXmzCwTxhoAFtCs8u,Q1216293,56461,,,,unresolved_generic_or_missing,https://www.wikidata.org/wiki/Q1216293,1a20495d-5063-43d1-b786-e1c84c167cf8,Die So Fluid,,https://musicbrainz.org/artist/1a20495d-5063-43d1-b786-e1c84c167cf8,,Die So Fluid,"London, England",https://en.wikipedia.org/wiki/Die_So_Fluid,False,proposed_one_source,London,medium,not_reviewed,,,,evidence_for_missing_claim,London
861,Benediction,1Lx9Dy5gi2OLlJBBs7GYO7,Q250319,56352,Birmingham,Birmingham,Birmingham,reported_place,https://www.wikidata.org/wiki/Q250319,ae400a56-6d51-405b-af47-26a68713ccb3,Benediction,Birmingham,https://musicbrainz.org/artist/ae400a56-6d51-405b-af47-26a68713ccb3,True,Benediction (band),"Birmingham, England",https://en.wikipedia.org/wiki/Benediction_(band),True,corroborated_two_sources,,,not_reviewed,,,,confirmed,Birmingham
862,Antimatter,2k4duorvZ5lTq33ljpT0sc,Q577837,56130,Liverpool,Liverpool,Liverpool,reported_place,https://www.wikidata.org/wiki/Q577837,7389b838-9bd1-46d3-b514-95e0df255a52,Antimatter,Liverpool,https://musicbrainz.org/artist/7389b838-9bd1-46d3-b514-95e0df255a52,True,Antimatter (band),"Liverpool, England",https://en.wikipedia.org/wiki/Antimatter_(band),True,corroborated_two_sources,,,not_reviewed,,,,confirmed,Liverpool
863,Jack Beats,5dUIQXIt7WeBKpETFZyTFW,Q7205605,56114,London,London,London,reported_place,https://www.wikidata.org/wiki/Q7205605,5f2c5e7b-20ac-44e0-84f7-3a9267eb0073,Jack Beats,London,https://musicbrainz.org/artist/5f2c5e7b-20ac-44e0-84f7-3a9267eb0073,True,Jack Beats,"London, England",https://en.wikipedia.org/wiki/Jack_Beats,True,corroborated_two_sources,,,not_reviewed,,,,confirmed,London
864,Throbbing Gristle,1UYhxPY1oqFUg1HfF8nV3k,Q1165655,56065,Kingston upon Hull,Kingston upon Hull,Kingston upon Hull,reported_place,https://www.wikidata.org/wiki/Q1165655,e135d690-9c53-4333-8f11-98aec8c9f434,Throbbing Gristle,Kingston upon Hull,https://musicbrainz.org/artist/e135d690-9c53-4333-8f11-98aec8c9f434,True,Throbbing Gristle,"Kingston upon Hull, England",https://en.wikipedia.org/wiki/Throbbing_Gristle,True,corroborated_two_sources,,,not_reviewed,,,,confirmed,Kingston upon Hull
865,Godflesh,5A4ebXQf38xWIq0xSWLhsS,Q1533787,55777,Birmingham,Birmingham,Birmingham,reported_place,https://www.wikidata.org/wiki/Q1533787,864aa861-e22a-4187-8baa-2ef0c215bc0a,Godflesh,Birmingham,https://musicbrainz.org/artist/864aa861-e22a-4187-8baa-2ef0c215bc0a,True,Godflesh,"Birmingham, England",https://en.wikipedia.org/wiki/Godflesh,True,corroborated_two_sources,,,not_reviewed,,,,confirmed,Birmingham
866,Crippled Black Phoenix,6WEyPcf9ezhNLm1xOBjbwH,Q599433,55554,United Kingdom,,,unresolved_generic_or_missing,https://www.wikidata.org/wiki/Q599433,055b6082-b9cc-4688-85c4-8153c0ef2d70,Crippled Black Phoenix,Bristol,https://musicbrainz.org/artist/055b6082-b9cc-4688-85c4-8153c0ef2d70,False,Crippled Black Phoenix,United Kingdom,https://en.wikipedia.org/wiki/Crippled_Black_Phoenix,,proposed_one_source,Bristol,medium,not_reviewed,,,,evidence_for_missing_claim,Bristol
867,The Colourfield,06Rbwc8jaQ1d5fDPZiasE0,Q7726877,55168,Coventry,Coventry,Coventry,reported_place,https://www.wikidata.org/wiki/Q7726877,95c1c479-943d-42b1-a511-261e4d897d9d,The Colour Field,Manchester,https://musicbrainz.org/artist/95c1c479-943d-42b1-a511-261e4d897d9d,False,The Colourfield,"Coventry / Manchester, England",https://en.wikipedia.org/wiki/The_Colourfield,True,corroborated_with_source_variation,,medium,not_reviewed,,,,source_variation,Coventry
868,Breton,38bfc5BSVq6sVAssDmdc8N,Q2924565,55107,,,,unresolved_generic_or_missing,https://www.wikidata.org/wiki/Q2924565,695020ec-f858-4742-97f0-b69f411a5a16,Breton,London,https://musicbrainz.org/artist/695020ec-f858-4742-97f0-b69f411a5a16,False,Breton (band),"London, England, UK",https://en.wikipedia.org/wiki/Breton_(band),False,proposed_two_sources,London,medium,not_reviewed,,,,evidence_for_missing_claim,London
869,IS TROPICAL,148ujrGRexnhpqhRiw0rDi,Q3154713,54757,,,,unresolved_generic_or_missing,https://www.wikidata.org/wiki/Q3154713,fa5cf25e-7c95-47e3-b5e9-410c7bb0e939,Is Tropical,London,https://musicbrainz.org/artist/fa5cf25e-7c95-47e3-b5e9-410c7bb0e939,False,Is Tropical,"London, England",https://en.wikipedia.org/wiki/Is_Tropical,False,proposed_two_sources,London,medium,not_reviewed,,,,evidence_for_missing_claim,London
870,Swervedriver,0Sd7X8SxWV0AyDLbvd4uEu,Q924292,54373,Oxford,Oxford,Oxford,reported_place,https://www.wikidata.org/wiki/Q924292,fa6c7999-ff65-486b-9e18-bcb59d6db2f0,Swervedriver,Oxford,https://musicbrainz.org/artist/fa6c7999-ff65-486b-9e18-bcb59d6db2f0,True,Swervedriver,"Oxford, England",https://en.wikipedia.org/wiki/Swervedriver,True,corroborated_two_sources,,,not_reviewed,,,,confirmed,Oxford
871,She Drew The Gun,47meGvCz0CZklN50dgzjmL,Q65059746,54246,,,,unresolved_generic_or_missing,https://www.wikidata.org/wiki/Q65059746,f2d9b9f6-7d55-44d3-a6c3-b3695e2b03b2,She Drew the Gun,Wirral,https://musicbrainz.org/artist/f2d9b9f6-7d55-44d3-a6c3-b3695e2b03b2,False,She Drew the Gun,"Wirral, England",https://en.wikipedia.org/wiki/She_Drew_the_Gun,False,proposed_two_sources,Wirral,medium,not_reviewed,,,,evidence_for_missing_claim,Wirral
872,The Whip,4M2H1fDQR5ygAi7MMOVxAA,Q1078032,54058,Oldham,Oldham,Oldham,reported_place,https://www.wikidata.org/wiki/Q1078032,9de23f23-f207-411c-9889-af24fe7edf52,The Whip,Oldham,https://musicbrainz.org/artist/9de23f23-f207-411c-9889-af24fe7edf52,True,The Whip (band),"Manchester, England",https://en.wikipedia.org/wiki/The_Whip_(band),False,corroborated_with_source_variation,,medium,not_reviewed,,,,source_variation,Oldham
873,Skeletal Family,78OgxRnIdBCdFBmKhP2Fz2,Q1137836,53859,Keighley,Keighley,Keighley,reported_place,https://www.wikidata.org/wiki/Q1137836,3bcc8af0-4335-4bb0-83ba-d0ce67ae6114,Skeletal Family,Keighley,https://musicbrainz.org/artist/3bcc8af0-4335-4bb0-83ba-d0ce67ae6114,True,Skeletal Family,"Keighley, England",https://en.wikipedia.org/wiki/Skeletal_Family,True,corroborated_two_sources,,,not_reviewed,,,,confirmed,Keighley
874,Terrorvision,3jNwnthjUjHYvjyvRGfWuQ,Q4992961,53778,Keighley,Keighley,Keighley,reported_place,https://www.wikidata.org/wiki/Q4992961,d2038f68-9325-42d3-a06c-5198aac24752,Terrorvision,Keighley,https://musicbrainz.org/artist/d2038f68-9325-42d3-a06c-5198aac24752,True,Terrorvision,"Keighley, West Yorkshire, England",https://en.wikipedia.org/wiki/Terrorvision,True,corroborated_two_sources,,,not_reviewed,,,,confirmed,Keighley
875,Zoot Woman,25w2vpqq7dYleBAqMx7Ijx,Q153566,53078,United Kingdom,,,unresolved_generic_or_missing,https://www.wikidata.org/wiki/Q153566,74d09672-70d7-455d-a030-981d820da525,Zoot Woman,Reading,https://musicbrainz.org/artist/74d09672-70d7-455d-a030-981d820da525,False,Zoot Woman,"Reading, Berkshire, England",https://en.wikipedia.org/wiki/Zoot_Woman,False,proposed_two_sources,Reading,medium,not_reviewed,,,,evidence_for_missing_claim,Reading
876,Blu Mar Ten,5mGqZFvzU9FRNkcI3Y0A2V,Q4928657,53063,,,,unresolved_generic_or_missing,https://www.wikidata.org/wiki/Q4928657,8cecffe6-783a-4aeb-8720-68e46cc5c55d,Blu Mar Ten,,https://musicbrainz.org/artist/8cecffe6-783a-4aeb-8720-68e46cc5c55d,,Blu Mar Ten,"London, England",https://en.wikipedia.org/wiki/Blu_Mar_Ten,False,proposed_one_source,London,medium,not_reviewed,,,,evidence_for_missing_claim,London
877,Anavae,0JseT2AZzVMKsBlrAywFcO,Q4752397,52164,London,London,London,reported_place,https://www.wikidata.org/wiki/Q4752397,010859e9-f563-4b59-95a8-3e23dadcfc36,Anavae,,https://musicbrainz.org/artist/010859e9-f563-4b59-95a8-3e23dadcfc36,,Anavae,"London, England",https://en.wikipedia.org/wiki/Anavae,True,corroborated_one_source,,,not_reviewed,,,,confirmed,London
878,Declan Welsh and The Decadent West,6KNqvxgfYVRSzgAE1j2UT5,Q109450602,51958,,,,unresolved_generic_or_missing,https://www.wikidata.org/wiki/Q109450602,488ffa3a-6df8-4702-a57d-5d4055a9514a,Declan Welsh & The Decadent West,,https://musicbrainz.org/artist/488ffa3a-6df8-4702-a57d-5d4055a9514a,,,,,,unresolved,,low,not_reviewed,,,,unresolved,
879,Mclusky,3xA9AB0f4BVjsSlyQc12iE,Q1761282,51917,Cardiff,Cardiff,Cardiff,reported_place,https://www.wikidata.org/wiki/Q1761282,26860648-1c93-4849-bc52-a8541ec88219,mclusky,Cardiff,https://musicbrainz.org/artist/26860648-1c93-4849-bc52-a8541ec88219,True,Mclusky,"Cardiff, Wales",https://en.wikipedia.org/wiki/Mclusky,True,corroborated_two_sources,,,not_reviewed,,,,confirmed,Cardiff
880,Breabach,1HyT0AtzTH5lVzlm8yQgbI,Q4959091,51761,,,,unresolved_generic_or_missing,https://www.wikidata.org/wiki/Q4959091,79752f26-fc2c-45bb-89c7-3aad8112b904,Breabach,,https://musicbrainz.org/artist/79752f26-fc2c-45bb-89c7-3aad8112b904,,Breabach,,https://en.wikipedia.org/wiki/Breabach,,unresolved,,low,not_reviewed,,,,unresolved,
881,Klimeks,5JQljNQvDpk1hhKpJHpwNU,Q57545813,51676,,,,unresolved_generic_or_missing,https://www.wikidata.org/wiki/Q57545813,b255c5ec-2fb0-46ba-9900-22882e079a72,Klimeks,Peterborough,https://musicbrainz.org/artist/b255c5ec-2fb0-46ba-9900-22882e079a72,False,,,,,proposed_one_source,Peterborough,medium,not_reviewed,,,,evidence_for_missing_claim,Peterborough
882,Strawbs,7dtYyLTWjuZGOcweC3eD2f,Q926799,51671,England,,,unresolved_generic_or_missing,https://www.wikidata.org/wiki/Q926799,b0444851-901f-4ab7-a725-ed045ec2be09,Strawbs,London,https://musicbrainz.org/artist/b0444851-901f-4ab7-a725-ed045ec2be09,False,Strawbs,"Strawberry Hill, London, England",https://en.wikipedia.org/wiki/Strawbs,False,proposed_two_sources,London,medium,not_reviewed,,,,evidence_for_missing_claim,London
883,Empathy Test,4WM2JNPCcZ7f6M72C0bTyM,Q63203779,51330,London,London,London,reported_place,https://www.wikidata.org/wiki/Q63203779,de6ec777-0543-4d8c-8b1c-ee57910ef27a,Empathy Test,London,https://musicbrainz.org/artist/de6ec777-0543-4d8c-8b1c-ee57910ef27a,True,,,,,corroborated_one_source,,,not_reviewed,,,,confirmed,London
884,Goldie Lookin Chain,0pobPzcYFoVSprUnwY2Bio,Q4039563,51269,Newport,Newport,Newport,reported_place,https://www.wikidata.org/wiki/Q4039563,5167695e-3a2a-4311-9990-b7e2d13686a2,Goldie Lookin Chain,Newport,https://musicbrainz.org/artist/5167695e-3a2a-4311-9990-b7e2d13686a2,True,Goldie Lookin Chain,"Newport, Wales",https://en.wikipedia.org/wiki/Goldie_Lookin_Chain,True,corroborated_two_sources,,,not_reviewed,,,,confirmed,Newport
885,Black Tongue,5vTCEZ15eybRnoqUAra4Ys,Q19689005,50504,Kingston upon Hull,Kingston upon Hull,Kingston upon Hull,reported_place,https://www.wikidata.org/wiki/Q19689005,8cfeaa08-6209-421b-958c-178921afe437,Black Tongue,Kingston upon Hull,https://musicbrainz.org/artist/8cfeaa08-6209-421b-958c-178921afe437,True,Black Tongue,"Kingston upon Hull, East Riding of Yorkshire, U.K.",https://en.wikipedia.org/wiki/Black_Tongue,True,corroborated_two_sources,,,not_reviewed,,,,confirmed,Kingston upon Hull
886,Dolores Forever,32ttgKG3BxUVYxlBdmLBMi,Q134238905,50315,,,,unresolved_generic_or_missing,https://www.wikidata.org/wiki/Q134238905,,,,,,,,,,unresolved,,low,not_reviewed,,,,unresolved,
887,Rosetta Stone,0UnBsBrom4chs5rnjRBtIK,Q4048553,50256,England,,,unresolved_generic_or_missing,https://www.wikidata.org/wiki/Q4048553,64e16898-97be-4b7d-af5e-d114f710005b,Rosetta Stone,,https://musicbrainz.org/artist/64e16898-97be-4b7d-af5e-d114f710005b,,Rosetta Stone (band),England,https://en.wikipedia.org/wiki/Rosetta_Stone_(band),,unresolved,,low,not_reviewed,,,,unresolved,
888,Abbacadabra,4vhgCDK6RHCBN6P3jPQlZX,Q305788,49799,,,,unresolved_generic_or_missing,https://www.wikidata.org/wiki/Q305788,09f8c66a-27f2-4c3d-8dd1-298b9a47bb9e,Abbacadabra,,https://musicbrainz.org/artist/09f8c66a-27f2-4c3d-8dd1-298b9a47bb9e,,,,,,unresolved,,low,not_reviewed,,,,unresolved,
889,Flesh For Lulu,6ahlwhwCBtwhSeDO5vYMh5,Q5458717,49698,Brixton,Brixton,Brixton,reported_place,https://www.wikidata.org/wiki/Q5458717,dc17118a-9e18-4bec-9d87-f8c7d1c53d35,Flesh for Lulu,London,https://musicbrainz.org/artist/dc17118a-9e18-4bec-9d87-f8c7d1c53d35,False,Flesh for Lulu,"Brixton, London, England",https://en.wikipedia.org/wiki/Flesh_for_Lulu,True,corroborated_with_source_variation,,medium,not_reviewed,,,,source_variation,Brixton
890,Matthews' Southern Comfort,7aLNBjOlzOCyuFmytbbeYM,Q96318732,49578,,,,unresolved_generic_or_missing,https://www.wikidata.org/wiki/Q96318732,dcc682d6-f7cb-4863-8a34-aaea25d84e2f,Matthews’ Southern Comfort,,https://musicbrainz.org/artist/dcc682d6-f7cb-4863-8a34-aaea25d84e2f,,Matthews Southern Comfort,England,https://en.wikipedia.org/wiki/Matthews_Southern_Comfort,,unresolved,,low,not_reviewed,,,,unresolved,
891,Kill The Lights,2b2c6xP76y8HCLiovv7kIZ,Q124372645,48704,,,,unresolved_generic_or_missing,https://www.wikidata.org/wiki/Q124372645,ae61d16f-b39f-43ff-9207-aee008c3a16c,Kill the Lights,,https://musicbrainz.org/artist/ae61d16f-b39f-43ff-9207-aee008c3a16c,,Kill the Lights (band),"Bridgend, Wales / United States",https://en.wikipedia.org/wiki/Kill_the_Lights_(band),False,proposed_one_source,Bridgend,medium,not_reviewed,,,,evidence_for_missing_claim,Bridgend
892,Van Der Graaf Generator,02frazNrWgZCxUEf4UTfHt,Q752170,48618,Manchester,Manchester,Manchester,reported_place,https://www.wikidata.org/wiki/Q752170,b892f72d-05e2-4ff7-b863-3d5dec6331fd,Van der Graaf Generator,Manchester,https://musicbrainz.org/artist/b892f72d-05e2-4ff7-b863-3d5dec6331fd,True,Van der Graaf Generator,"Manchester, England",https://en.wikipedia.org/wiki/Van_der_Graaf_Generator,True,corroborated_two_sources,,,not_reviewed,,,,confirmed,Manchester
893,Balancing Act,6ZHfuZhV3q15jxpOY8S1m6,Q129566045,48276,,,,unresolved_generic_or_missing,https://www.wikidata.org/wiki/Q129566045,461290b9-bdc8-4ef1-af6d-2b55cf8c31e4,Balancing Act,Manchester,https://musicbrainz.org/artist/461290b9-bdc8-4ef1-af6d-2b55cf8c31e4,False,,,,,proposed_one_source,Manchester,medium,not_reviewed,,,,evidence_for_missing_claim,Manchester
894,A Blaze of Feather,0j7wLGDwHdUSPLkxCH3GBQ,Q113103524,48229,,,,unresolved_generic_or_missing,https://www.wikidata.org/wiki/Q113103524,c97b4fd5-9d90-4a59-a8cc-ca89295e34d7,A Blaze of Feather,,https://musicbrainz.org/artist/c97b4fd5-9d90-4a59-a8cc-ca89295e34d7,,,,,,unresolved,,low,not_reviewed,,,,unresolved,
895,Angel Witch,6L48AOtGmQL1ELLoKML7cS,Q531934,48153,London,London,London,reported_place,https://www.wikidata.org/wiki/Q531934,8e8bce36-51e0-4d10-8be4-19a8931b73b1,Angel Witch,London,https://musicbrainz.org/artist/8e8bce36-51e0-4d10-8be4-19a8931b73b1,True,Angel Witch,"London, England",https://en.wikipedia.org/wiki/Angel_Witch,True,corroborated_two_sources,,,not_reviewed,,,,confirmed,London
896,Little Comets,7cfhZmKaLWzNLwHDxzugUH,Q4166250,47976,Tyne and Wear,Tyne and Wear,Tyne and Wear,reported_place,https://www.wikidata.org/wiki/Q4166250,b44e041b-e290-4fe2-800f-84d737058a03,Little Comets,Tyne and Wear,https://musicbrainz.org/artist/b44e041b-e290-4fe2-800f-84d737058a03,True,Little Comets,"Tyne and Wear, England",https://en.wikipedia.org/wiki/Little_Comets,True,corroborated_two_sources,,,not_reviewed,,,,confirmed,Tyne and Wear
897,Osibisa,12X85dtebfc7JTZ8iMBT2o,Q1890473,47843,London,London,London,reported_place,https://www.wikidata.org/wiki/Q1890473,b1355867-16a1-4863-ae3b-6a8be122eaaa,Osibisa,London,https://musicbrainz.org/artist/b1355867-16a1-4863-ae3b-6a8be122eaaa,True,Osibisa,"Accra, Ghana and London, England",https://en.wikipedia.org/wiki/Osibisa,True,corroborated_two_sources,,,not_reviewed,,,,confirmed,London
898,U.K.,64vNIhiqTanqaY1VJucSAS,Q1330725,47600,England,,,unresolved_generic_or_missing,https://www.wikidata.org/wiki/Q1330725,6b8dd132-4321-434e-bd6e-b4074a57f91f,U.K.,,https://musicbrainz.org/artist/6b8dd132-4321-434e-bd6e-b4074a57f91f,,U.K. (band),England,https://en.wikipedia.org/wiki/U.K._(band),,unresolved,,low,not_reviewed,,,,unresolved,
899,Ulrika Spacek,07vC6cutbett8UknXnqxsu,Q23018832,46731,,,,unresolved_generic_or_missing,https://www.wikidata.org/wiki/Q23018832,b4e8e5f4-be91-473f-af73-de332ecd8f20,Ulrika Spacek,Reading,https://musicbrainz.org/artist/b4e8e5f4-be91-473f-af73-de332ecd8f20,False,Ulrika Spacek,"Reading, Berkshire, England",https://en.wikipedia.org/wiki/Ulrika_Spacek,False,proposed_two_sources,Reading,medium,not_reviewed,,,,evidence_for_missing_claim,Reading
900,Seefeel,0jyH4jtanxaysaxwDVhR6f,Q2264804,46679,,,,unresolved_generic_or_missing,https://www.wikidata.org/wiki/Q2264804,8ffcd7d7-6293-4fbf-b0f6-46aef9ce9f69,Seefeel,London,https://musicbrainz.org/artist/8ffcd7d7-6293-4fbf-b0f6-46aef9ce9f69,False,Seefeel,"London, England",https://en.wikipedia.org/wiki/Seefeel,False,proposed_two_sources,London,medium,not_reviewed,,,,evidence_for_missing_claim,London
901,Brodsky Quartet,4H0zGQILA7vJKl0ot2OYBf,Q924862,46624,,,,unresolved_generic_or_missing,https://www.wikidata.org/wiki/Q924862,655a8d6f-0a29-43f6-8843-7b4b400db20f,Brodsky Quartet,Middlesbrough,https://musicbrainz.org/artist/655a8d6f-0a29-43f6-8843-7b4b400db20f,False,Brodsky Quartet,"Middlesbrough, North Yorkshire, England",https://en.wikipedia.org/wiki/Brodsky_Quartet,False,proposed_two_sources,Middlesbrough,medium,not_reviewed,,,,evidence_for_missing_claim,Middlesbrough
902,The Vibrators,0DkpQq8B7ZAKebZEjlzVmd,Q1754027,46560,London,London,London,reported_place,https://www.wikidata.org/wiki/Q1754027,91436354-22e4-4c16-be69-4c9561946d5b,The Vibrators,London,https://musicbrainz.org/artist/91436354-22e4-4c16-be69-4c9561946d5b,True,The Vibrators,"London, England",https://en.wikipedia.org/wiki/The_Vibrators,True,corroborated_two_sources,,,not_reviewed,,,,confirmed,London
903,She's In Parties,3A9BLI8S2rNSxXS3QsMkOY,Q130300851,46512,,,,unresolved_generic_or_missing,https://www.wikidata.org/wiki/Q130300851,d35246c3-87cc-4628-aeea-ea368d20a01d,She's in Parties,,https://musicbrainz.org/artist/d35246c3-87cc-4628-aeea-ea368d20a01d,,,,,,unresolved,,low,not_reviewed,,,,unresolved,
904,Trashcan Sinatras,0i2IEcWvtHUBYPkYWwCgjC,Q939534,46209,Irvine,Irvine,Irvine,reported_place,https://www.wikidata.org/wiki/Q939534,2c110f96-d36f-4b74-9715-dec205a6e088,Trashcan Sinatras,Irvine,https://musicbrainz.org/artist/2c110f96-d36f-4b74-9715-dec205a6e088,True,Trashcan Sinatras,"Irvine, Ayrshire, Scotland",https://en.wikipedia.org/wiki/Trashcan_Sinatras,True,corroborated_two_sources,,,not_reviewed,,,,confirmed,Irvine
905,Oceanic,3bqOGIOIvLc9JsAIS7OfEb,Q7076197,46135,,Wallasey,Wallasey,reviewed_override,https://www.wikidata.org/wiki/Q7076197,5a192bc0-cc73-4bc4-94a3-482300a740fb,Oceanic,Wirral,https://musicbrainz.org/artist/5a192bc0-cc73-4bc4-94a3-482300a740fb,False,Oceanic (band),"Wallasey, Merseyside, England",https://en.wikipedia.org/wiki/Oceanic_(band),True,corroborated_with_source_variation,,medium,resolved,Wallasey,https://en.wikipedia.org/wiki/Oceanic_(band),"Wallasey is on the Wirral; the two external labels are compatible, with Wallasey more specific.",resolved,Wallasey
906,Ímar,0BdsizQXvwb1BPeEKqfuVs,Q97587415,45827,Glasgow,Glasgow,Glasgow,reported_place,https://www.wikidata.org/wiki/Q97587415,eef29ff7-19aa-4f5d-b264-798e688484c5,Ímar,Glasgow,https://musicbrainz.org/artist/eef29ff7-19aa-4f5d-b264-798e688484c5,True,Ímar (band),"Glasgow, Scotland",https://en.wikipedia.org/wiki/%C3%8Dmar_(band),True,corroborated_two_sources,,,not_reviewed,,,,confirmed,Glasgow
907,Conan,11tiA94VlUZOUTVCdQYw3a,Q19872238,45815,Liverpool,Liverpool,Liverpool,reported_place,https://www.wikidata.org/wiki/Q19872238,36bceadf-9a98-4f1c-b730-3edebb02e774,Conan,Liverpool,https://musicbrainz.org/artist/36bceadf-9a98-4f1c-b730-3edebb02e774,True,Conan (band),"Liverpool, England",https://en.wikipedia.org/wiki/Conan_(band),True,corroborated_two_sources,,,not_reviewed,,,,confirmed,Liverpool
908,The Wedding Present,4tyCvqG48h4LdcbFfWBjR9,Q4372,45749,Leeds,Leeds,Leeds,reported_place,https://www.wikidata.org/wiki/Q4372,707622da-475f-48e1-905d-248718df6521,The Wedding Present,Leeds,https://musicbrainz.org/artist/707622da-475f-48e1-905d-248718df6521,True,The Wedding Present,"Leeds, West Yorkshire, England",https://en.wikipedia.org/wiki/The_Wedding_Present,True,corroborated_two_sources,,,not_reviewed,,,,confirmed,Leeds
909,The Big Pink,4xM0Rz2FbjZevoVLVJUgEQ,Q1668695,45735,London,London,London,reported_place,https://www.wikidata.org/wiki/Q1668695,a4584a84-3a14-430c-933f-cc2147842d04,The Big Pink,London,https://musicbrainz.org/artist/a4584a84-3a14-430c-933f-cc2147842d04,True,The Big Pink,"London, England",https://en.wikipedia.org/wiki/The_Big_Pink,True,corroborated_two_sources,,,not_reviewed,,,,confirmed,London
910,Cabaret Voltaire,2kS4yz85MaZlxp2VaS3BEe,Q1024747,45473,Sheffield,Sheffield,Sheffield,reported_place,https://www.wikidata.org/wiki/Q1024747,439a29ad-f4ef-4857-a7cd-3d4a551056c8|a5670125-9052-4163-93c4-3780c392e386,Cabaret Voltaire|The Pressure Company,Sheffield,https://musicbrainz.org/artist/439a29ad-f4ef-4857-a7cd-3d4a551056c8|https://musicbrainz.org/artist/a5670125-9052-4163-93c4-3780c392e386,True,Cabaret Voltaire (band),"Sheffield, South Yorkshire, England",https://en.wikipedia.org/wiki/Cabaret_Voltaire_(band),True,corroborated_two_sources,,,not_reviewed,,,,confirmed,Sheffield
911,Grim Reaper,3CSQtK60sg2jNNxnpThSN1,Q2476571,45246,Droitwich Spa,Droitwich Spa,Droitwich Spa,reported_place,https://www.wikidata.org/wiki/Q2476571,f7ec5e27-6709-416b-8992-ae7ecc180739,Grim Reaper,Worcestershire,https://musicbrainz.org/artist/f7ec5e27-6709-416b-8992-ae7ecc180739,False,Grim Reaper (band),"Droitwich Spa, England",https://en.wikipedia.org/wiki/Grim_Reaper_(band),True,corroborated_with_source_variation,,medium,not_reviewed,,,,source_variation,Droitwich Spa
912,Beak>,5MGxwE9JG5IA6uqswrgNL6,Q4876102,45055,,,,unresolved_generic_or_missing,https://www.wikidata.org/wiki/Q4876102,bda0beab-8c08-4a34-9af0-97a1b647ad9b,BEAK>,Bristol,https://musicbrainz.org/artist/bda0beab-8c08-4a34-9af0-97a1b647ad9b,False,Beak (band),"Bristol, England",https://en.wikipedia.org/wiki/Beak_(band),False,proposed_two_sources,Bristol,medium,not_reviewed,,,,evidence_for_missing_claim,Bristol
913,Thy Slaughter,4tXmMY3u0qbzec7aocHPPt,Q130775275,44871,,,,unresolved_generic_or_missing,https://www.wikidata.org/wiki/Q130775275,e8367e77-8847-45e2-a52f-1cf55131eaed,Thy Slaughter,,https://musicbrainz.org/artist/e8367e77-8847-45e2-a52f-1cf55131eaed,,Thy Slaughter,United Kingdom,https://en.wikipedia.org/wiki/Thy_Slaughter,,unresolved,,low,not_reviewed,,,,unresolved,
914,D*Minds,6hlQVaiKiA8Y9K12cTQPrF,Q5203219,44572,,,,unresolved_generic_or_missing,https://www.wikidata.org/wiki/Q5203219,41a0b7bb-db4f-416d-a3a1-b29881389189,D*Minds,Bristol,https://musicbrainz.org/artist/41a0b7bb-db4f-416d-a3a1-b29881389189,False,D*Minds,"England, United Kingdom",https://en.wikipedia.org/wiki/D%2AMinds,,proposed_one_source,Bristol,medium,not_reviewed,,,,evidence_for_missing_claim,Bristol
915,Gama Bomb,7h0muodpQ1q5o3RajwownN,Q1492853,44268,Newry,Newry,Newry,reported_place,https://www.wikidata.org/wiki/Q1492853,50380917-c3ea-4102-854f-900213c12337,Gama Bomb,Newry,https://musicbrainz.org/artist/50380917-c3ea-4102-854f-900213c12337,True,Gama Bomb,"Newry, Northern Ireland",https://en.wikipedia.org/wiki/Gama_Bomb,True,corroborated_two_sources,,,not_reviewed,,,,confirmed,Newry
916,Pitchshifter,10aXVE8RSUCeMzaFvBnZ2i,Q2005871,43987,Nottingham,Nottingham,Nottingham,reported_place,https://www.wikidata.org/wiki/Q2005871,fe8ab7ee-c664-4d44-aec1-5b58ae937a5c,Pitchshifter,Nottingham,https://musicbrainz.org/artist/fe8ab7ee-c664-4d44-aec1-5b58ae937a5c,True,Pitchshifter,"Nottingham, England",https://en.wikipedia.org/wiki/Pitchshifter,True,corroborated_two_sources,,,not_reviewed,,,,confirmed,Nottingham
917,Phil Campbell and the Bastard Sons,7fRzvXVDS5fOLD91WQwE6q,Q47501791,43860,,,,unresolved_generic_or_missing,https://www.wikidata.org/wiki/Q47501791,0c634570-2aa4-4580-9005-2aed3ae662db,Phil Campbell and the Bastard Sons,,https://musicbrainz.org/artist/0c634570-2aa4-4580-9005-2aed3ae662db,,Phil Campbell and the Bastard Sons,"Pontypridd, Wales",https://en.wikipedia.org/wiki/Phil_Campbell_and_the_Bastard_Sons,False,proposed_one_source,Pontypridd,medium,not_reviewed,,,,evidence_for_missing_claim,Pontypridd
918,Ether,07PXLHOMh4k77DLNE0EolG,Q5403291,43789,,,,unresolved_generic_or_missing,https://www.wikidata.org/wiki/Q5403291,55e17fc7-0c20-4efd-bea5-5f51f47352e8,Ether,Wales,https://musicbrainz.org/artist/55e17fc7-0c20-4efd-bea5-5f51f47352e8,,Ether (band),"Blackwood, Caerphilly, Wales",https://en.wikipedia.org/wiki/Ether_(band),False,proposed_one_source,Blackwood,medium,not_reviewed,,,,evidence_for_missing_claim,Blackwood
919,Modern Romance,7KiK3DokuIW5BVZu5Y5kph,Q6888844,43441,England,,,unresolved_generic_or_missing,https://www.wikidata.org/wiki/Q6888844,259f44ef-9b16-4e3d-b1c5-fa53bb55ce89,Modern Romance,London,https://musicbrainz.org/artist/259f44ef-9b16-4e3d-b1c5-fa53bb55ce89,False,Modern Romance (band),"London, England",https://en.wikipedia.org/wiki/Modern_Romance_(band),False,proposed_two_sources,London,medium,not_reviewed,,,,evidence_for_missing_claim,London
920,Lanterns on the Lake,7sx3r4lMo079vO7lIi0fng,Q14158905,43202,Newcastle upon Tyne,Newcastle upon Tyne,Newcastle upon Tyne,reported_place,https://www.wikidata.org/wiki/Q14158905,a2fc6b65-a973-46b7-9a5a-4e8962ea9c03,Lanterns on the Lake,Newcastle upon Tyne,https://musicbrainz.org/artist/a2fc6b65-a973-46b7-9a5a-4e8962ea9c03,True,Lanterns on the Lake,"Newcastle upon Tyne, England",https://en.wikipedia.org/wiki/Lanterns_on_the_Lake,True,corroborated_two_sources,,,not_reviewed,,,,confirmed,Newcastle upon Tyne
921,The Crazy World Of Arthur Brown,2LpdhgwN0mYKMjnzrBQU8H,Q377770,43146,London,London,London,reported_place,https://www.wikidata.org/wiki/Q377770,d6f097c1-9866-4d40-9ed4-aabbf01c143e,The Crazy World of Arthur Brown,London,https://musicbrainz.org/artist/d6f097c1-9866-4d40-9ed4-aabbf01c143e,True,The Crazy World of Arthur Brown,"London, England",https://en.wikipedia.org/wiki/The_Crazy_World_of_Arthur_Brown,True,corroborated_two_sources,,,not_reviewed,,,,confirmed,London
922,Kings Of The City,7FWu3peCUoaSGOc4PwxwTH,Q6413105,43136,,,,unresolved_generic_or_missing,https://www.wikidata.org/wiki/Q6413105,885ff2a5-4ca9-46ae-815a-00fd571e6804,Kings of the City,London,https://musicbrainz.org/artist/885ff2a5-4ca9-46ae-815a-00fd571e6804,False,Kings of the City,,https://en.wikipedia.org/wiki/Kings_of_the_City,,proposed_one_source,London,medium,not_reviewed,,,,evidence_for_missing_claim,London
923,Alisha's Attic,43lLY3aEg3yQz8sYhyvdn5,Q6601851,42752,London,London,London,reported_place,https://www.wikidata.org/wiki/Q6601851,f466e25b-757e-4d43-bed9-89ae8dbe6ee4,Alisha’s Attic,London,https://musicbrainz.org/artist/f466e25b-757e-4d43-bed9-89ae8dbe6ee4,True,Alisha's Attic,"London, England",https://en.wikipedia.org/wiki/Alisha%27s_Attic,True,corroborated_two_sources,,,not_reviewed,,,,confirmed,London
924,A Certain Ratio,2vygNfdnPBXah21ZrqhxYk,Q300348,42710,Manchester,Manchester,Manchester,reported_place,https://www.wikidata.org/wiki/Q300348,73577e86-4da8-4d76-949d-34c757e053be,A Certain Ratio,Wythenshawe,https://musicbrainz.org/artist/73577e86-4da8-4d76-949d-34c757e053be,False,A Certain Ratio,"Flixton, Greater Manchester, England",https://en.wikipedia.org/wiki/A_Certain_Ratio,True,corroborated_with_source_variation,,medium,not_reviewed,,,,source_variation,Manchester
925,The Rifles,3Sr1muUE6DYihFufoHpnfc,Q493700,42702,Chingford,Chingford,Chingford,reported_place,https://www.wikidata.org/wiki/Q493700,03cfb17e-9d4a-462c-88ee-1fa348bc3a0d,The Rifles,Chingford,https://musicbrainz.org/artist/03cfb17e-9d4a-462c-88ee-1fa348bc3a0d,True,The Rifles (band),"Chingford, England",https://en.wikipedia.org/wiki/The_Rifles_(band),True,corroborated_two_sources,,,not_reviewed,,,,confirmed,Chingford
926,Heavy Lungs,07eIrj0b3z5mgvtkDmWoxo,Q105883290,42610,,,,unresolved_generic_or_missing,https://www.wikidata.org/wiki/Q105883290,b7faff47-57c9-4625-a612-4b0ea6c51511,Heavy Lungs,Bristol,https://musicbrainz.org/artist/b7faff47-57c9-4625-a612-4b0ea6c51511,False,Heavy Lungs,"Bristol, England",https://en.wikipedia.org/wiki/Heavy_Lungs,False,proposed_two_sources,Bristol,medium,not_reviewed,,,,evidence_for_missing_claim,Bristol
927,Young Marble Giants,0tQ2Q4y9iUkKszxXyB14ZH,Q2164036,42598,Cardiff,Cardiff,Cardiff,reported_place,https://www.wikidata.org/wiki/Q2164036,3d113367-769f-4200-9ff8-e19d47def451,Young Marble Giants,Cardiff,https://musicbrainz.org/artist/3d113367-769f-4200-9ff8-e19d47def451,True,Young Marble Giants,"Cardiff, Wales",https://en.wikipedia.org/wiki/Young_Marble_Giants,True,corroborated_two_sources,,,not_reviewed,,,,confirmed,Cardiff
928,Cathedral,5O7ziOtiFUyRMBJN1J4Tpv,Q1050878,42528,Coventry,Coventry,Coventry,reported_place,https://www.wikidata.org/wiki/Q1050878,e659c09d-8ec1-43d8-ab3f-72630b926157,Cathedral,Coventry,https://musicbrainz.org/artist/e659c09d-8ec1-43d8-ab3f-72630b926157,True,Cathedral (band),"Coventry, England",https://en.wikipedia.org/wiki/Cathedral_(band),True,corroborated_two_sources,,,not_reviewed,,,,confirmed,Coventry
929,The Arrows,4tqcqE9n9vHWbIT8ryEA1v,Q702998,42469,London,London,London,reported_place,https://www.wikidata.org/wiki/Q702998,b09fa90e-8258-4a50-a134-095be5a1903f,The Arrows,London,https://musicbrainz.org/artist/b09fa90e-8258-4a50-a134-095be5a1903f,True,Arrows (British band),"London, England",https://en.wikipedia.org/wiki/Arrows_(British_band),True,corroborated_two_sources,,,not_reviewed,,,,confirmed,London
930,Wings of Desire,1M684BN2C8BO9WwB0xeXJo,Q124131161,41995,,,,unresolved_generic_or_missing,https://www.wikidata.org/wiki/Q124131161,e903df20-47a9-40b4-b5f0-4696e580c82e,Wings of Desire,,https://musicbrainz.org/artist/e903df20-47a9-40b4-b5f0-4696e580c82e,,,,,,unresolved,,low,not_reviewed,,,,unresolved,
931,Onslaught,71lhIVHJ24x9hEcwFSWuOf,Q1417965,41973,Bristol,Bristol,Bristol,reported_place,https://www.wikidata.org/wiki/Q1417965,faa76524-c57c-4303-843e-925f5aa02f87,Onslaught,Bristol,https://musicbrainz.org/artist/faa76524-c57c-4303-843e-925f5aa02f87,True,Onslaught (band),"Bristol, England, UK",https://en.wikipedia.org/wiki/Onslaught_(band),True,corroborated_two_sources,,,not_reviewed,,,,confirmed,Bristol
932,The Associates,7GsdZ6T45uXudJ8Wsko9sB,Q743137,41622,Dundee,Dundee,Dundee,reported_place,https://www.wikidata.org/wiki/Q743137,dc78f9b6-afcd-46d6-894e-2149f40a4884,The Associates,Dundee,https://musicbrainz.org/artist/dc78f9b6-afcd-46d6-894e-2149f40a4884,True,The Associates (band),"Dundee, Scotland",https://en.wikipedia.org/wiki/The_Associates_(band),True,corroborated_two_sources,,,not_reviewed,,,,confirmed,Dundee
933,Mesh,1uS4cYRRZRtauASIM9RxBG,Q250009,41618,,,,unresolved_generic_or_missing,https://www.wikidata.org/wiki/Q250009,9aec0d9a-c5b3-45ab-839c-d60f18534437,Mesh,Bristol,https://musicbrainz.org/artist/9aec0d9a-c5b3-45ab-839c-d60f18534437,False,Mesh (band),"Bristol, England",https://en.wikipedia.org/wiki/Mesh_(band),False,proposed_two_sources,Bristol,medium,not_reviewed,,,,evidence_for_missing_claim,Bristol
934,Rolo Tomassi,3uHCTHxtg3IVAvhyrYsZvI,Q7361393,41494,Sheffield,Sheffield,Sheffield,reported_place,https://www.wikidata.org/wiki/Q7361393,afaac371-0244-441c-b68d-794c98df6264,Rolo Tomassi,Sheffield,https://musicbrainz.org/artist/afaac371-0244-441c-b68d-794c98df6264,True,Rolo Tomassi,"Stocksbridge, Sheffield, England",https://en.wikipedia.org/wiki/Rolo_Tomassi,True,corroborated_two_sources,,,not_reviewed,,,,confirmed,Sheffield
935,Lonely The Brave,7Ks1xbMXEQjy9aQObTJdId,Q20127907,40908,Cambridge,Cambridge,Cambridge,reported_place,https://www.wikidata.org/wiki/Q20127907,a91ef376-70f4-4a1c-84cc-0ba96c4dae15,Lonely The Brave,,https://musicbrainz.org/artist/a91ef376-70f4-4a1c-84cc-0ba96c4dae15,,Lonely the Brave,"Cambridge, England",https://en.wikipedia.org/wiki/Lonely_the_Brave,True,corroborated_one_source,,,not_reviewed,,,,confirmed,Cambridge
936,Gen and the Degenerates,7oEVPoHXaj73ddUCTNlO9E,Q105085574,40842,,,,unresolved_generic_or_missing,https://www.wikidata.org/wiki/Q105085574,c5981482-72cb-4760-9744-b64d9653d01b,Gen and the Degenerates,United Kingdom,https://musicbrainz.org/artist/c5981482-72cb-4760-9744-b64d9653d01b,,,,,,unresolved,,low,not_reviewed,,,,unresolved,
937,The Puppini Sisters,1svaANJTE5KrG16fTGDqOs,Q1850284,40797,,,,unresolved_generic_or_missing,https://www.wikidata.org/wiki/Q1850284,c17d3b64-57f1-4e28-8a85-2c02bfc0bc05,The Puppini Sisters,,https://musicbrainz.org/artist/c17d3b64-57f1-4e28-8a85-2c02bfc0bc05,,The Puppini Sisters,"London, England",https://en.wikipedia.org/wiki/The_Puppini_Sisters,False,proposed_one_source,London,medium,not_reviewed,,,,evidence_for_missing_claim,London
938,NIMMO,76MojWoWNPzzKdrEspy5sl,Q106879795,40726,,,,unresolved_generic_or_missing,https://www.wikidata.org/wiki/Q106879795,ce9b2466-2bae-4db1-b39d-fdc29f58bd5c,Nimmo,,https://musicbrainz.org/artist/ce9b2466-2bae-4db1-b39d-fdc29f58bd5c,,Nimmo (band),,https://en.wikipedia.org/wiki/Nimmo_(band),,unresolved,,low,not_reviewed,,,,unresolved,
939,Mekons,1Ag6UM6dow2OH9V06mxzV5,Q1529069,40549,Leeds,Leeds,Leeds,reported_place,https://www.wikidata.org/wiki/Q1529069,66d2169c-dea5-46d3-b4cb-52ed87b24ab0,The Mekons,Leeds,https://musicbrainz.org/artist/66d2169c-dea5-46d3-b4cb-52ed87b24ab0,True,The Mekons,"Leeds, West Yorkshire, England",https://en.wikipedia.org/wiki/The_Mekons,True,corroborated_two_sources,,,not_reviewed,,,,confirmed,Leeds
940,bis,2CLWZP9ZwueC8Yx9ORbxlW,Q471241,40316,Glasgow,Glasgow,Glasgow,reported_place,https://www.wikidata.org/wiki/Q471241,e799a5eb-3d11-4687-b1ae-9295b44d364a,bis,Glasgow,https://musicbrainz.org/artist/e799a5eb-3d11-4687-b1ae-9295b44d364a,True,Bis (Scottish band),"Thornliebank, Renfrewshire, Scotland",https://en.wikipedia.org/wiki/Bis_(Scottish_band),False,corroborated_with_source_variation,,medium,not_reviewed,,,,source_variation,Glasgow
941,Morning Runner,3UvsX37JzJrmhTea2t3Wei,Q1948294,40259,Reading,Reading,Reading,reported_place,https://www.wikidata.org/wiki/Q1948294,8e4cde77-0057-4cba-8ebb-906db97034a7,Morning Runner,Reading,https://musicbrainz.org/artist/8e4cde77-0057-4cba-8ebb-906db97034a7,True,Morning Runner,"Reading, England",https://en.wikipedia.org/wiki/Morning_Runner,True,corroborated_two_sources,,,not_reviewed,,,,confirmed,Reading
942,One Minute Silence,5uO1Dms6wMs4J3sSdcKEMh,Q1124940,39696,,,,unresolved_generic_or_missing,https://www.wikidata.org/wiki/Q1124940,ad2988cb-a273-4f1b-96f0-ec98b6631005,One Minute Silence,,https://musicbrainz.org/artist/ad2988cb-a273-4f1b-96f0-ec98b6631005,,One Minute Silence,"Dublin, Ireland",https://en.wikipedia.org/wiki/One_Minute_Silence,False,proposed_one_source,Dublin,medium,not_reviewed,,,,evidence_for_missing_claim,Dublin
943,InsideInfo,4HVopeHcb4aGTBsfIRrRcQ,Q63242079,39084,,,,unresolved_generic_or_missing,https://www.wikidata.org/wiki/Q63242079,a5c56be4-f724-40b4-a484-221e7baebf25,InsideInfo,,https://musicbrainz.org/artist/a5c56be4-f724-40b4-a484-221e7baebf25,,,,,,unresolved,,low,not_reviewed,,,,unresolved,
944,Plump DJs,1daC6WKGAm52YZbL5G7zYg,Q6317600,39025,London,London,London,reported_place,https://www.wikidata.org/wiki/Q6317600,870aaacf-ef15-4633-856b-212a1054377e,Plump DJs,London,https://musicbrainz.org/artist/870aaacf-ef15-4633-856b-212a1054377e,True,Plump DJs,"London, England",https://en.wikipedia.org/wiki/Plump_DJs,True,corroborated_two_sources,,,not_reviewed,,,,confirmed,London
945,The Rakes,7mDQwcnDUGuSoggxbUtVc1,Q1762436,38909,London,London,London,reported_place,https://www.wikidata.org/wiki/Q1762436,8e05a404-3f8d-4b0a-9fc2-b7ab821b75f0,The Rakes,London,https://musicbrainz.org/artist/8e05a404-3f8d-4b0a-9fc2-b7ab821b75f0,True,The Rakes,"London, England",https://en.wikipedia.org/wiki/The_Rakes,True,corroborated_two_sources,,,not_reviewed,,,,confirmed,London
946,Red Lorry Yellow Lorry,6ixeWfTvnU1VOVPEVP5Bcq,Q1575233,38041,Leeds,Leeds,Leeds,reported_place,https://www.wikidata.org/wiki/Q1575233,ac8f8330-1270-4a56-89c4-3318f8fa5c3b,Red Lorry Yellow Lorry,Leeds,https://musicbrainz.org/artist/ac8f8330-1270-4a56-89c4-3318f8fa5c3b,True,Red Lorry Yellow Lorry,"Leeds, England",https://en.wikipedia.org/wiki/Red_Lorry_Yellow_Lorry,True,corroborated_two_sources,,,not_reviewed,,,,confirmed,Leeds
947,Hallucinogen,5Lel5d14oFwC4XbKDv2AKW,Q11893563,37698,,,,unresolved_generic_or_missing,https://www.wikidata.org/wiki/Q11893563,37186f53-8d72-44e6-81e6-7dfd18223747,Hallucinogen,,https://musicbrainz.org/artist/37186f53-8d72-44e6-81e6-7dfd18223747,,,,,,unresolved,,low,not_reviewed,,,,unresolved,
948,Slow Club,75Kh0eqgzo9f43Dan1JzSV,Q1688137,37665,Sheffield,Sheffield,Sheffield,reported_place,https://www.wikidata.org/wiki/Q1688137,36eae729-eb71-4ab0-82f8-9bef3255d881,Slow Club,Sheffield,https://musicbrainz.org/artist/36eae729-eb71-4ab0-82f8-9bef3255d881,True,Slow Club,"Sheffield, England",https://en.wikipedia.org/wiki/Slow_Club,True,corroborated_two_sources,,,not_reviewed,,,,confirmed,Sheffield
949,Two Lone Swordsmen,33Ztukerf3He8FeKk5acn8,Q3542601,37114,,,,unresolved_generic_or_missing,https://www.wikidata.org/wiki/Q3542601,e3b208cf-b18f-450e-a661-79f4eabe8090,Two Lone Swordsmen,London,https://musicbrainz.org/artist/e3b208cf-b18f-450e-a661-79f4eabe8090,False,Two Lone Swordsmen,"London, England",https://en.wikipedia.org/wiki/Two_Lone_Swordsmen,False,proposed_two_sources,London,medium,not_reviewed,,,,evidence_for_missing_claim,London
950,Angelic Upstarts,5z96yaS2s1USscDldCCDgw,Q521396,37083,South Shields,South Shields,South Shields,reported_place,https://www.wikidata.org/wiki/Q521396,ab566c20-22d9-40fc-ab1e-0a01d1439aad,Angelic Upstarts,South Shields,https://musicbrainz.org/artist/ab566c20-22d9-40fc-ab1e-0a01d1439aad,True,Angelic Upstarts,"South Shields, England",https://en.wikipedia.org/wiki/Angelic_Upstarts,True,corroborated_two_sources,,,not_reviewed,,,,confirmed,South Shields
951,Pigs Pigs Pigs Pigs Pigs Pigs Pigs,1F7QDWyZTLGzkyGLgFjEhU,Q93962241,37035,Newcastle upon Tyne,Newcastle upon Tyne,Newcastle upon Tyne,reported_place,https://www.wikidata.org/wiki/Q93962241,611c226a-6eda-486a-ab1c-cd8573e68c00,Pigs Pigs Pigs Pigs Pigs Pigs Pigs,Newcastle upon Tyne,https://musicbrainz.org/artist/611c226a-6eda-486a-ab1c-cd8573e68c00,True,Pigs Pigs Pigs Pigs Pigs Pigs Pigs,"Newcastle upon Tyne, England",https://en.wikipedia.org/wiki/Pigs_Pigs_Pigs_Pigs_Pigs_Pigs_Pigs,True,corroborated_two_sources,,,not_reviewed,,,,confirmed,Newcastle upon Tyne
952,Savages,1WFsBUAgQmrGQQEUyFKS60,Q5404233,36562,London,London,London,reported_place,https://www.wikidata.org/wiki/Q5404233,42d72c29-8a7a-4c88-89ed-a2ca25d40284,Savages,London,https://musicbrainz.org/artist/42d72c29-8a7a-4c88-89ed-a2ca25d40284,True,Savages (band),"London, England",https://en.wikipedia.org/wiki/Savages_(band),True,corroborated_two_sources,,,not_reviewed,,,,confirmed,London
953,Digital Dog,1lbp4Rrpi6ug3cGZF9LWXq,Q5275840,36424,,,,unresolved_generic_or_missing,https://www.wikidata.org/wiki/Q5275840,d657338c-7e8c-420a-9851-459978ba8af9,Digital Dog,,https://musicbrainz.org/artist/d657338c-7e8c-420a-9851-459978ba8af9,,Digital Dog,,https://en.wikipedia.org/wiki/Digital_Dog,,unresolved,,low,not_reviewed,,,,unresolved,
954,The 411,0YtA5DdO2df8zIxpVdktqg,Q365321,36002,,,,unresolved_generic_or_missing,https://www.wikidata.org/wiki/Q365321,2479b2ab-6094-4034-bde5-874f9ef3cfdb,The 411,,https://musicbrainz.org/artist/2479b2ab-6094-4034-bde5-874f9ef3cfdb,,The 411,"London, England",https://en.wikipedia.org/wiki/The_411,False,proposed_one_source,London,medium,not_reviewed,,,,evidence_for_missing_claim,London
955,Peter and the Test Tube Babies,2mHQfi32bOrYcD42cazcmh,Q2000167,35963,Peacehaven,Peacehaven,Peacehaven,reported_place,https://www.wikidata.org/wiki/Q2000167,84ddbf0a-5cfb-4920-9875-ba7500352af3,Peter and the Test Tube Babies,,https://musicbrainz.org/artist/84ddbf0a-5cfb-4920-9875-ba7500352af3,,Peter and the Test Tube Babies,"Peacehaven, East Sussex, England",https://en.wikipedia.org/wiki/Peter_and_the_Test_Tube_Babies,True,corroborated_one_source,,,not_reviewed,,,,confirmed,Peacehaven
956,Puressence,1cFIgop2t8jZzlM7TVePLY,Q3410949,35668,Failsworth,Failsworth,Failsworth,reported_place,https://www.wikidata.org/wiki/Q3410949,1b882337-341c-4fc2-bb68-07ca0c3d27d2,Puressence,Failsworth,https://musicbrainz.org/artist/1b882337-341c-4fc2-bb68-07ca0c3d27d2,True,Puressence,"Failsworth, Greater Manchester, England",https://en.wikipedia.org/wiki/Puressence,True,corroborated_two_sources,,,not_reviewed,,,,confirmed,Failsworth
957,Moodswings,64Qk682XX2D0jk14ioYDGx,Q6907168,35615,,,,unresolved_generic_or_missing,https://www.wikidata.org/wiki/Q6907168,89193eaf-1f2a-4e59-94fb-6d7c1ab048f1,Moodswings,,https://musicbrainz.org/artist/89193eaf-1f2a-4e59-94fb-6d7c1ab048f1,,Moodswings (band),United Kingdom,https://en.wikipedia.org/wiki/Moodswings_(band),,unresolved,,low,not_reviewed,,,,unresolved,
958,Coverdale/Page,4jBSa0eitusIKxQHjAgsyd,Q122627,35540,United Kingdom,,,unresolved_generic_or_missing,https://www.wikidata.org/wiki/Q122627,,,,,,,,,,unresolved,,low,not_reviewed,,,,unresolved,
959,[spunge],6vxyuUNiILvDzBfLxgu0KT,Q3494280,35282,Tewkesbury,Tewkesbury,Tewkesbury,reported_place,https://www.wikidata.org/wiki/Q3494280,01147cdc-c05d-466c-9c4c-dde487ccdaa6,[spunge],Tewkesbury,https://musicbrainz.org/artist/01147cdc-c05d-466c-9c4c-dde487ccdaa6,True,Spunge,"Tewkesbury, England",https://en.wikipedia.org/wiki/Spunge,True,corroborated_two_sources,,,not_reviewed,,,,confirmed,Tewkesbury
960,Grade 2,61NdtTZaI4ZaMVNySovN0b,Q16251607,35157,Ryde,Ryde,Ryde,reported_place,https://www.wikidata.org/wiki/Q16251607,4811aa0b-020e-4085-84b6-a27ed83fb064,Grade 2,Ryde,https://musicbrainz.org/artist/4811aa0b-020e-4085-84b6-a27ed83fb064,True,Grade 2 (band),"Ryde, Isle of Wight, England",https://en.wikipedia.org/wiki/Grade_2_(band),True,corroborated_two_sources,,,not_reviewed,,,,confirmed,Ryde
961,Sky,6OzpbdankE26K03oeoHhPN,Q1564341,35087,London,London,London,reported_place,https://www.wikidata.org/wiki/Q1564341,e1219f90-2de7-470e-b938-562c99097e2a,Sky,London,https://musicbrainz.org/artist/e1219f90-2de7-470e-b938-562c99097e2a,True,Sky (English/Australian band),"London, England, United Kingdom; Sydney, New South Wales, Australia",https://en.wikipedia.org/wiki/Sky_(English%2FAustralian_band),True,corroborated_two_sources,,,not_reviewed,,,,confirmed,London
962,One Eskimo,1K1m6K2IZOcbyabxB2jXjg,Q4045817,35030,London,London,London,reported_place,https://www.wikidata.org/wiki/Q4045817,e1747f23-7ac8-4751-9f08-b435feaabd80,One eskimO,London,https://musicbrainz.org/artist/e1747f23-7ac8-4751-9f08-b435feaabd80,True,One Eskimo,,https://en.wikipedia.org/wiki/One_Eskimo,,corroborated_one_source,,,not_reviewed,,,,confirmed,London
963,Dubstar,3SRTWBeGhX3o5DCQ2zzTdI,Q372843,34962,Newcastle upon Tyne,Newcastle upon Tyne,Newcastle upon Tyne,reported_place,https://www.wikidata.org/wiki/Q372843,1ec9e8c9-258f-4080-9c80-8d0f75102372,Dubstar,Newcastle upon Tyne,https://musicbrainz.org/artist/1ec9e8c9-258f-4080-9c80-8d0f75102372,True,Dubstar,"Newcastle, England",https://en.wikipedia.org/wiki/Dubstar,True,corroborated_two_sources,,,not_reviewed,,,,confirmed,Newcastle upon Tyne
964,Goat Girl,1ukEEwzjucRtFTxiw2DrDZ,Q78534002,34711,London,London,London,reported_place,https://www.wikidata.org/wiki/Q78534002,29a2e15e-b14f-42ca-8f65-d52479872452,Goat Girl,London,https://musicbrainz.org/artist/29a2e15e-b14f-42ca-8f65-d52479872452,True,Goat Girl,"London, England",https://en.wikipedia.org/wiki/Goat_Girl,True,corroborated_two_sources,,,not_reviewed,,,,confirmed,London
965,Octopus,4unGdyZQTgdMSRqmsZsJZ1,Q7077080,34584,Shotts,Shotts,Shotts,reported_place,https://www.wikidata.org/wiki/Q7077080,84c00444-e7b1-474b-8006-32da165ebbe2,Octopus,Shotts,https://musicbrainz.org/artist/84c00444-e7b1-474b-8006-32da165ebbe2,True,Octopus (Scottish band),"Shotts, Lanarkshire, Scotland",https://en.wikipedia.org/wiki/Octopus_(Scottish_band),True,corroborated_two_sources,,,not_reviewed,,,,confirmed,Shotts
966,The Wild Swans,63yEaRONzlJVu1ozymo4Fk,Q7774898,34532,Liverpool,Liverpool,Liverpool,reported_place,https://www.wikidata.org/wiki/Q7774898,929e956f-8a95-4132-8aa6-416d9f6f2f51,The Wild Swans,Liverpool,https://musicbrainz.org/artist/929e956f-8a95-4132-8aa6-416d9f6f2f51,True,The Wild Swans (band),"Liverpool, England",https://en.wikipedia.org/wiki/The_Wild_Swans_(band),True,corroborated_two_sources,,,not_reviewed,,,,confirmed,Liverpool
967,Auger,48QP1FCIq76VufzDPShGi5,Q140317314,34522,,,,unresolved_generic_or_missing,https://www.wikidata.org/wiki/Q140317314,,,,,,Auger (band),"Northern England, United Kingdom",https://en.wikipedia.org/wiki/Auger_(band),False,proposed_one_source,Northern England,medium,not_reviewed,,,,evidence_for_missing_claim,Northern England
968,The Wake,39aYm70XPfUpkMIKSfeeig,Q3523258,34392,Glasgow,Glasgow,Glasgow,reported_place,https://www.wikidata.org/wiki/Q3523258,c2314623-e863-4fde-af8c-d6e00fec5f2c,The Wake,Glasgow,https://musicbrainz.org/artist/c2314623-e863-4fde-af8c-d6e00fec5f2c,True,The Wake (UK band),"Glasgow, Scotland",https://en.wikipedia.org/wiki/The_Wake_(UK_band),True,corroborated_two_sources,,,not_reviewed,,,,confirmed,Glasgow
969,Rumahoy,52aKFP2BnAa28POINNExhE,Q116609986,34135,,,,unresolved_generic_or_missing,https://www.wikidata.org/wiki/Q116609986,2b193233-bfbf-4c78-8a82-927e59f8fd0f,Rumahoy,,https://musicbrainz.org/artist/2b193233-bfbf-4c78-8a82-927e59f8fd0f,,Rumahoy,"Auchtermuchty, Scotland",https://en.wikipedia.org/wiki/Rumahoy,False,proposed_one_source,Auchtermuchty,medium,not_reviewed,,,,evidence_for_missing_claim,Auchtermuchty
970,The Gesualdo Six,2z846SqjChnjieVgTfRq3X,Q24887435,34122,,,,unresolved_generic_or_missing,https://www.wikidata.org/wiki/Q24887435,e3823878-e94b-4d58-8c4c-4f28a0d82123,The Gesualdo Six,United Kingdom,https://musicbrainz.org/artist/e3823878-e94b-4d58-8c4c-4f28a0d82123,,The Gesualdo Six,"Cambridge, UK",https://en.wikipedia.org/wiki/The_Gesualdo_Six,False,proposed_one_source,Cambridge,medium,not_reviewed,,,,evidence_for_missing_claim,Cambridge
971,James and the Cold Gun,5YFIVhzlaYH9Yadjw9gSUx,Q137757793,34074,,,,unresolved_generic_or_missing,https://www.wikidata.org/wiki/Q137757793,,,,,,,,,,unresolved,,low,not_reviewed,,,,unresolved,
972,Classix Nouveaux,40PsC6cWe7ZQdOUTqF5JgD,Q2976627,34070,,,,unresolved_generic_or_missing,https://www.wikidata.org/wiki/Q2976627,055f48d8-781c-4d0c-b31f-4e901d11d87b,Classix Nouveaux,London,https://musicbrainz.org/artist/055f48d8-781c-4d0c-b31f-4e901d11d87b,False,Classix Nouveaux,"London, England",https://en.wikipedia.org/wiki/Classix_Nouveaux,False,proposed_two_sources,London,medium,not_reviewed,,,,evidence_for_missing_claim,London
973,Current 93,7vF3DcPluq6lZI36VniagW,Q739657,33791,London,London,London,reported_place,https://www.wikidata.org/wiki/Q739657,944655bc-16b1-48d2-b4ff-f73654612fcf,Current 93,London,https://musicbrainz.org/artist/944655bc-16b1-48d2-b4ff-f73654612fcf,True,Current 93,"London, England",https://en.wikipedia.org/wiki/Current_93,True,corroborated_two_sources,,,not_reviewed,,,,confirmed,London
974,Baba Ali,48US3n5ecZ1TS4RjzsdWrm,Q131406600,33455,,,,unresolved_generic_or_missing,https://www.wikidata.org/wiki/Q131406600,,,,,,,,,,unresolved,,low,not_reviewed,,,,unresolved,
975,Kissing The Pink,5B9MfAU2KZlyvsofev6XXR,Q3197517,33343,,,,unresolved_generic_or_missing,https://www.wikidata.org/wiki/Q3197517,5e7138ab-863f-42d6-b0d7-1f161ffcca20,Kissing the Pink,London,https://musicbrainz.org/artist/5e7138ab-863f-42d6-b0d7-1f161ffcca20,False,Kissing the Pink,"London, England",https://en.wikipedia.org/wiki/Kissing_the_Pink,False,proposed_two_sources,London,medium,not_reviewed,,,,evidence_for_missing_claim,London
976,Low Island,5MCl6mca6ZixPR36dHH9Sd,Q113878754,31768,,,,unresolved_generic_or_missing,https://www.wikidata.org/wiki/Q113878754,1819e6e8-fee6-48df-8e9c-8949560d6f43,Low Island,Oxford,https://musicbrainz.org/artist/1819e6e8-fee6-48df-8e9c-8949560d6f43,False,,,,,proposed_one_source,Oxford,medium,not_reviewed,,,,evidence_for_missing_claim,Oxford
977,Cleopatra,7mu52yh5bBhhJOyVndAEZW,Q3680523,31723,Manchester,Manchester,Manchester,reported_place,https://www.wikidata.org/wiki/Q3680523,4ba0de0f-5f87-4071-b3bd-3d4e11c91c05,Cleopatra,Moss Side,https://musicbrainz.org/artist/4ba0de0f-5f87-4071-b3bd-3d4e11c91c05,False,Cleopatra (group),"Moss Side, Manchester, England",https://en.wikipedia.org/wiki/Cleopatra_(group),True,corroborated_with_source_variation,,medium,not_reviewed,,,,source_variation,Manchester
978,dearALICE,1pMIULCflTFyzyv5vT1OzU,Q132200349,31267,,,,unresolved_generic_or_missing,https://www.wikidata.org/wiki/Q132200349,d0b2caf2-29a6-4cfc-8340-2da9d0e38591,dearALICE,United Kingdom,https://musicbrainz.org/artist/d0b2caf2-29a6-4cfc-8340-2da9d0e38591,,DearALICE,South Korea & the United Kingdom,https://en.wikipedia.org/wiki/DearALICE,False,proposed_one_source,South Korea & the United Kingdom,medium,not_reviewed,,,,evidence_for_missing_claim,South Korea & the United Kingdom
979,Witchfinder General,3tDg9XbUbQS0dbaSnFNvvk,Q1814408,31258,Stourbridge,Stourbridge,Stourbridge,reported_place,https://www.wikidata.org/wiki/Q1814408,89618a45-ff4a-4e5f-942e-3ef93c8c555c,Witchfinder General,Stourbridge,https://musicbrainz.org/artist/89618a45-ff4a-4e5f-942e-3ef93c8c555c,True,Witchfinder General (band),"Stourbridge, England",https://en.wikipedia.org/wiki/Witchfinder_General_(band),True,corroborated_two_sources,,,not_reviewed,,,,confirmed,Stourbridge
980,Sons of Raphael,1stGFX6w6VMHQPDPlBqX74,Q122765662,31229,London,London,London,reported_place,https://www.wikidata.org/wiki/Q122765662,7ca20f78-1ad2-4058-94db-8686801c4b8c,Sons of Raphael,,https://musicbrainz.org/artist/7ca20f78-1ad2-4058-94db-8686801c4b8c,,Sons of Raphael,"London, United Kingdom",https://en.wikipedia.org/wiki/Sons_of_Raphael,True,corroborated_one_source,,,not_reviewed,,,,confirmed,London
981,The Incredible String Band,0tQzBYPjAardhWpGkqVdNW,Q1500510,31217,Edinburgh,Edinburgh,Edinburgh,reported_place,https://www.wikidata.org/wiki/Q1500510,04da193a-a956-4940-a6ca-e6021c7861c2,The Incredible String Band,Edinburgh,https://musicbrainz.org/artist/04da193a-a956-4940-a6ca-e6021c7861c2,True,The Incredible String Band,"Edinburgh, Scotland",https://en.wikipedia.org/wiki/The_Incredible_String_Band,True,corroborated_two_sources,,,not_reviewed,,,,confirmed,Edinburgh
982,Vessels,6Y1nACvxtuuTjKx2b4Rwmb,Q7923356,31211,Leeds,Leeds,Leeds,reported_place,https://www.wikidata.org/wiki/Q7923356,46e2ea0e-b023-4ba6-b43a-d95615d7b6cd,Vessels,Leeds,https://musicbrainz.org/artist/46e2ea0e-b023-4ba6-b43a-d95615d7b6cd,True,Vessels (band),"Leeds, West Yorkshire, England",https://en.wikipedia.org/wiki/Vessels_(band),True,corroborated_two_sources,,,not_reviewed,,,,confirmed,Leeds
983,Peter Green Splinter Group,77aUDqXRIvkDNxARfYwoHC,Q7174364,31080,,,,unresolved_generic_or_missing,https://www.wikidata.org/wiki/Q7174364,57f47f32-94b8-4450-baeb-06e8e9c1c4cc,Peter Green Splinter Group,,https://musicbrainz.org/artist/57f47f32-94b8-4450-baeb-06e8e9c1c4cc,,Peter Green Splinter Group,,https://en.wikipedia.org/wiki/Peter_Green_Splinter_Group,,unresolved,,low,not_reviewed,,,,unresolved,
984,The Field Mice,3KH6DLHeoFZgVbtKiLXb6L,Q7733724,31075,London,London,London,reported_place,https://www.wikidata.org/wiki/Q7733724,7a86ff6f-cdfc-4ac3-97ca-6a48b8d1b8cd,The Field Mice,London,https://musicbrainz.org/artist/7a86ff6f-cdfc-4ac3-97ca-6a48b8d1b8cd,True,The Field Mice,"London, England",https://en.wikipedia.org/wiki/The_Field_Mice,True,corroborated_two_sources,,,not_reviewed,,,,confirmed,London
985,Rudimentary Peni,6NCFDKbtkbJhgjQcFicLBi,Q2719617,31002,London,London,London,reported_place,https://www.wikidata.org/wiki/Q2719617,a41ba687-a775-4d65-80e8-2b47ff7f0100,Rudimentary Peni,Abbots Langley,https://musicbrainz.org/artist/a41ba687-a775-4d65-80e8-2b47ff7f0100,False,Rudimentary Peni,"London, England",https://en.wikipedia.org/wiki/Rudimentary_Peni,True,corroborated_with_source_variation,,medium,not_reviewed,,,,source_variation,London
986,Skarlett Riot,6IN0ZavFCDhKZ2N3NT7E3z,Q30116699,30983,Scunthorpe,Scunthorpe,Scunthorpe,reported_place,https://www.wikidata.org/wiki/Q30116699,0878bc67-b4fd-4166-8546-888e0427ab34,Skarlett Riot,,https://musicbrainz.org/artist/0878bc67-b4fd-4166-8546-888e0427ab34,,Skarlett Riot,"Scunthorpe, England",https://en.wikipedia.org/wiki/Skarlett_Riot,True,corroborated_one_source,,,not_reviewed,,,,confirmed,Scunthorpe
987,Spinal Tap,65X3sG8LVBQN5033RqB6qn,Q741661,30887,United Kingdom|United States,,United States,reported_place,https://www.wikidata.org/wiki/Q741661,d0a0b3a2-ea58-4a7a-b18c-849d589bfac7,Spın̈al Tap,,https://musicbrainz.org/artist/d0a0b3a2-ea58-4a7a-b18c-849d589bfac7,,Spinal Tap (band),Fictional: England; Actual: United States,https://en.wikipedia.org/wiki/Spinal_Tap_(band),False,proposed_one_source,Fictional: England,medium,not_reviewed,,,,evidence_for_missing_claim,Fictional: England
988,The Bonzo Dog Band,6Q7D1oEccgTc8MAYdMgtIx,Q205356,30851,London,London,London,reported_place,https://www.wikidata.org/wiki/Q205356,2fe8f530-861d-40ff-ac74-51f7e2701965,The Bonzo Dog Band,London,https://musicbrainz.org/artist/2fe8f530-861d-40ff-ac74-51f7e2701965,True,Bonzo Dog Doo-Dah Band,"London, England",https://en.wikipedia.org/wiki/Bonzo_Dog_Doo-Dah_Band,True,corroborated_two_sources,,,not_reviewed,,,,confirmed,London
989,Tigertailz,1xo5zONg7VWkVmR0I0YO4d,Q2712179,30839,Cardiff,Cardiff,Cardiff,reported_place,https://www.wikidata.org/wiki/Q2712179,e314b02c-8724-4cc0-8da9-b754454f8378,Tigertailz,Cardiff,https://musicbrainz.org/artist/e314b02c-8724-4cc0-8da9-b754454f8378,True,Tigertailz,"Cardiff, Wales",https://en.wikipedia.org/wiki/Tigertailz,True,corroborated_two_sources,,,not_reviewed,,,,confirmed,Cardiff
990,The Unthanks,1luY92PbdGWRyBRY1ZR7o1,Q3989799,30493,United Kingdom,Tyne and Wear,Tyne and Wear,reviewed_override,https://www.wikidata.org/wiki/Q3989799,7e54bb8a-d5c6-4dab-9bb8-a40b418e3532|9259493f-7fc2-4b80-97ba-effa7af79a94,Rachel Unthank & the Winterset|The Unthanks,Newcastle upon Tyne,https://musicbrainz.org/artist/7e54bb8a-d5c6-4dab-9bb8-a40b418e3532|https://musicbrainz.org/artist/9259493f-7fc2-4b80-97ba-effa7af79a94,False,The Unthanks,"Tyne and Wear, England, United Kingdom",https://en.wikipedia.org/wiki/The_Unthanks,True,corroborated_with_source_variation,,medium,resolved,Tyne and Wear,https://en.wikipedia.org/wiki/The_Unthanks,Wikipedia places the group in Tyne and Wear; MusicBrainz's Newcastle upon Tyne label is geographically compatible.,resolved,Tyne and Wear
991,Ozric Tentacles,0Iv00ucAIqr5KVS7bXGFa9,Q1550383,30429,Somerset,Somerset,Somerset,reported_place,https://www.wikidata.org/wiki/Q1550383,5629ca87-9086-48c4-8dc4-b4a966c45067,Ozric Tentacles,Somerset,https://musicbrainz.org/artist/5629ca87-9086-48c4-8dc4-b4a966c45067,True,Ozric Tentacles,"Somerset, England",https://en.wikipedia.org/wiki/Ozric_Tentacles,True,corroborated_two_sources,,,not_reviewed,,,,confirmed,Somerset
992,The Tiger Lillies,72o2T9aqYR2PFNYpzYrMmw,Q724783,30200,London,London,London,reported_place,https://www.wikidata.org/wiki/Q724783,3ad4f6ec-253f-4050-8849-ca26266edfb8,The Tiger Lillies,London,https://musicbrainz.org/artist/3ad4f6ec-253f-4050-8849-ca26266edfb8,True,The Tiger Lillies,London,https://en.wikipedia.org/wiki/The_Tiger_Lillies,True,corroborated_two_sources,,,not_reviewed,,,,confirmed,London
993,The Auteurs,5EtBXjUUyPJmiljpRdN6RJ,Q144942,30197,,,,unresolved_generic_or_missing,https://www.wikidata.org/wiki/Q144942,c26c3822-451f-4545-b55a-bd09a3c815ae,The Auteurs,London,https://musicbrainz.org/artist/c26c3822-451f-4545-b55a-bd09a3c815ae,False,The Auteurs,"London, England",https://en.wikipedia.org/wiki/The_Auteurs,False,proposed_two_sources,London,medium,not_reviewed,,,,evidence_for_missing_claim,London
994,FM,3BxngwxP94n0itZ8q1hwf9,Q3737249,30171,London,London,London,reported_place,https://www.wikidata.org/wiki/Q3737249,669bb68b-c55d-44f5-8da2-6eb1e27def62,FM,,https://musicbrainz.org/artist/669bb68b-c55d-44f5-8da2-6eb1e27def62,,FM (British band),"London, England",https://en.wikipedia.org/wiki/FM_(British_band),True,corroborated_one_source,,,not_reviewed,,,,confirmed,London
995,Gallagher And Lyle,2Kq6loh0WNVAGEHlDxxprf,Q505149,30115,,,,unresolved_generic_or_missing,https://www.wikidata.org/wiki/Q505149,0876e586-e868-4c79-ab7e-ed418f3e1840,Gallagher & Lyle,Largs,https://musicbrainz.org/artist/0876e586-e868-4c79-ab7e-ed418f3e1840,False,Gallagher and Lyle,"Largs, Ayrshire, Scotland",https://en.wikipedia.org/wiki/Gallagher_and_Lyle,False,proposed_two_sources,Largs,medium,not_reviewed,,,,evidence_for_missing_claim,Largs
996,Futurecop!,10yA9Y6h5wbDaX5XuZuA9X,Q5510868,30022,,,,unresolved_generic_or_missing,https://www.wikidata.org/wiki/Q5510868,24f7a6d4-c9bf-4f1e-ba90-0f36cb51964c,Futurecop!,,https://musicbrainz.org/artist/24f7a6d4-c9bf-4f1e-ba90-0f36cb51964c,,Futurecop!,United Kingdom,https://en.wikipedia.org/wiki/Futurecop%21,,unresolved,,low,not_reviewed,,,,unresolved,
997,Treetop Flyers,6Um25UMHv0fzcEHYGQJPXv,Q7837745,29843,London,London,London,reported_place,https://www.wikidata.org/wiki/Q7837745,00da0af4-9deb-4266-87ba-20c0e64768d6,Treetop Flyers,London,https://musicbrainz.org/artist/00da0af4-9deb-4266-87ba-20c0e64768d6,True,Treetop Flyers,"London, England",https://en.wikipedia.org/wiki/Treetop_Flyers,True,corroborated_two_sources,,,not_reviewed,,,,confirmed,London
998,Kenny Ball & His Jazzmen,1gv1pJZUv6mZIaYRezXE3C,Q89671336,29795,,,,unresolved_generic_or_missing,https://www.wikidata.org/wiki/Q89671336,5e29e3e5-e0f0-495f-84ea-28a83b3e4c63,Kenny Ball & His Jazzmen,,https://musicbrainz.org/artist/5e29e3e5-e0f0-495f-84ea-28a83b3e4c63,,,,,,unresolved,,low,not_reviewed,,,,unresolved,
999,Brother Beyond,6To7KuC86pBGCtkRUiq80O,Q1144085,29759,,,,unresolved_generic_or_missing,https://www.wikidata.org/wiki/Q1144085,fc4dd8bf-048a-4fb0-bf36-0c0e47390b9a,Brother Beyond,,https://musicbrainz.org/artist/fc4dd8bf-048a-4fb0-bf36-0c0e47390b9a,,Brother Beyond,,https://en.wikipedia.org/wiki/Brother_Beyond,,unresolved,,low,not_reviewed,,,,unresolved,
1000,As Lions,30Ns8wCbxSPz2L1tnSypTG,Q29784258,29728,,,,unresolved_generic_or_missing,https://www.wikidata.org/wiki/Q29784258,87b3a21d-20f1-4b8c-b2a4-9ac772382acd,As Lions,London,https://musicbrainz.org/artist/87b3a21d-20f1-4b8c-b2a4-9ac772382acd,False,As Lions,"London, England",https://en.wikipedia.org/wiki/As_Lions,False,proposed_two_sources,London,medium,not_reviewed,,,,evidence_for_missing_claim,London
