popularity_rank,spotify_name,monthly_listeners,followers,returned_spotify_id,spotify_url,wikidata_qid,band_name,formation_label,country_label,origin_cluster,origin_resolution,identity_status,review_flag
1,Coldplay,92034104,64732379,4gzpq5DPGxSnKTe4SA8HAU,https://open.spotify.com/artist/4gzpq5DPGxSnKTe4SA8HAU,Q45188,Coldplay,London,United Kingdom,London,reported_place,accepted_exact_name,
2,Arctic Monkeys,52301870,35028298,7Ln80lUS6He07XvHI8qqHH,https://open.spotify.com/artist/7Ln80lUS6He07XvHI8qqHH,Q170599,Arctic Monkeys,Sheffield,United Kingdom,Sheffield,reported_place,accepted_exact_name,
3,Queen,51601234,58004701,1dfeR4HaWDbWqFHLkxsg1d,https://open.spotify.com/artist/1dfeR4HaWDbWqFHLkxsg1d,Q15862,Queen,London,United Kingdom,London,reported_place,accepted_exact_name,
4,Fleetwood Mac,50959935,15546243,08GQAI4eElDnROBrJRGE0X,https://open.spotify.com/artist/08GQAI4eElDnROBrJRGE0X,Q106648,Fleetwood Mac,London,United Kingdom,London,reported_place,accepted_exact_name,
5,One Direction,45724043,41728665,4AK6F7OLvEQ5QYCBNiQWHq,https://open.spotify.com/artist/4AK6F7OLvEQ5QYCBNiQWHq,Q146027,One Direction,London,United Kingdom,London,reported_place,accepted_exact_name,
6,Radiohead,43168156,16613975,4Z8W4fKeB5YxbusRsdQVPb,https://open.spotify.com/artist/4Z8W4fKeB5YxbusRsdQVPb,Q44190,Radiohead,Abingdon-on-Thames,United Kingdom,Oxford,editorial_city_cluster,accepted_exact_name,
7,The Police,39887109,8458469,5NGO30tJxFlKixkPSgXcFE,https://open.spotify.com/artist/5NGO30tJxFlKixkPSgXcFE,Q178095,The Police,London,United Kingdom,London,reported_place,accepted_exact_name,
8,Oasis,39676473,13941515,2DaxqgrOhkeH0fpeiQq2f4,https://open.spotify.com/artist/2DaxqgrOhkeH0fpeiQq2f4,Q382890,Oasis,Manchester,United Kingdom,Manchester,reported_place,accepted_exact_name,
9,Gorillaz,38173160,16369649,3AA28KZvwAUcZuOKwyblJQ,https://open.spotify.com/artist/3AA28KZvwAUcZuOKwyblJQ,Q189991,Gorillaz,London,United Kingdom,London,reported_place,accepted_exact_name,
10,The Beatles,37927636,32385954,3WrFJ7ztbogyGnTHbHJFl2,https://open.spotify.com/artist/3WrFJ7ztbogyGnTHbHJFl2,Q1299,The Beatles,Liverpool,United Kingdom,Liverpool,reported_place,accepted_exact_name,
11,Clean Bandit,35453400,6321202,6MDME20pz9RveH9rEXvrOM,https://open.spotify.com/artist/6MDME20pz9RveH9rEXvrOM,Q11838808,Clean Bandit,Cambridge,United Kingdom,Cambridge,reported_place,accepted_exact_name,
12,The Rolling Stones,30690194,16651560,22bE4uQ6baNwSHPVcDxLCe,https://open.spotify.com/artist/22bE4uQ6baNwSHPVcDxLCe,Q11036,The Rolling Stones,London,United Kingdom,London,reported_place,accepted_exact_name,
13,Bee Gees,29286539,10121737,1LZEQNv7sE11VDY3SdxQeN,https://open.spotify.com/artist/1LZEQNv7sE11VDY3SdxQeN,Q133405,Bee Gees,Los Hornos,United Kingdom,Redcliffe,reviewed_override,accepted_exact_name,known origin mismatch: Los Hornos is not a credible UK origin
14,Glass Animals,27093208,4804844,4yvcSjfu4PC0CYQyLy4wSq,https://open.spotify.com/artist/4yvcSjfu4PC0CYQyLy4wSq,Q16839267,Glass Animals,Oxford,United Kingdom,Oxford,reported_place,accepted_exact_name,
15,Pink Floyd,26546155,24145634,0k17h0D3J5VfsdmQ1iZtE9,https://open.spotify.com/artist/0k17h0D3J5VfsdmQ1iZtE9,Q2306,Pink Floyd,London,United Kingdom,London,reported_place,accepted_exact_name,
16,Dire Straits,26242776,9643393,0WwSkZ7LtFUFjGjMZBMt6T,https://open.spotify.com/artist/0WwSkZ7LtFUFjGjMZBMt6T,Q50040,Dire Straits,Deptford,United Kingdom,London,editorial_city_cluster,accepted_exact_name,
17,Florence + The Machine,25836943,7587105,1moxjboGR7GNWYIMWsRjgG,https://open.spotify.com/artist/1moxjboGR7GNWYIMWsRjgG,Q217360,Florence + the Machine,London,United Kingdom,London,reported_place,accepted_exact_name,
18,The Cure,25827890,7492117,7bu3H8JO7d0UbMoVzbo70s,https://open.spotify.com/artist/7bu3H8JO7d0UbMoVzbo70s,Q484427,The Cure,Crawley,United Kingdom,Crawley,reported_place,accepted_exact_name,
19,Sade,25528819,6060389,47zz7sob9NUcODy0BTDvKx,https://open.spotify.com/artist/47zz7sob9NUcODy0BTDvKx,Q658182,Sade,London,United Kingdom,London,reported_place,accepted_exact_name,
20,Disclosure,25360907,2482964,6nS5roXSAGhTGr34W6n7Et,https://open.spotify.com/artist/6nS5roXSAGhTGr34W6n7Et,Q1228440,Disclosure,Reigate,United Kingdom,Reigate,reported_place,accepted_exact_name,
21,Tears For Fears,23781006,4593372,4bthk9UfsYUYdcFyqxmSUU,https://open.spotify.com/artist/4bthk9UfsYUYdcFyqxmSUU,Q269091,Tears for Fears,Bath,United Kingdom,Bath,reported_place,accepted_exact_name,
22,Keane,23259577,4211743,53A0W3U0s8diEn9RhXQhVz,https://open.spotify.com/artist/53A0W3U0s8diEn9RhXQhVz,Q484311,Keane,Battle,United Kingdom,Battle,reported_place,accepted_exact_name,
23,The Smiths,22515532,8767855,3yY2gUcIsjMr8hjo51PoJ8,https://open.spotify.com/artist/3yY2gUcIsjMr8hjo51PoJ8,Q180598,The Smiths,Manchester,United Kingdom,Manchester,reported_place,accepted_exact_name,
24,Bastille,22166012,5786448,7EQ0qTo7fWT7DPxmxtSYEc,https://open.spotify.com/artist/7EQ0qTo7fWT7DPxmxtSYEc,Q689,Bastille,London,United Kingdom,London,reported_place,accepted_exact_name,
25,Muse,20942571,8949427,12Chz98pHFMPJEknJQMWvI,https://open.spotify.com/artist/12Chz98pHFMPJEknJQMWvI,Q22151,Muse,Teignmouth,United Kingdom,Teignmouth,reported_place,accepted_exact_name,
26,Led Zeppelin,20605707,16927470,36QJpDe2go2KgaRleHCDTp,https://open.spotify.com/artist/36QJpDe2go2KgaRleHCDTp,Q2331,Led Zeppelin,London,England,London,reported_place,accepted_exact_name,
27,The 1975,18915018,8582651,3mIj9lX2MWuHmhNCA7LSCW,https://open.spotify.com/artist/3mIj9lX2MWuHmhNCA7LSCW,Q2811247,The 1975,Wilmslow,United Kingdom,Manchester,editorial_city_cluster,accepted_exact_name,
28,Black Sabbath,18288641,10711277,5M52tdBnJaKSvOpJGz8mfZ,https://open.spotify.com/artist/5M52tdBnJaKSvOpJGz8mfZ,Q47670,Black Sabbath,Birmingham,United Kingdom,Birmingham,reported_place,accepted_exact_name,
29,The Outfield,17941634,893650,1zxDewzd2j1ZdSBGaYcr0y,https://open.spotify.com/artist/1zxDewzd2j1ZdSBGaYcr0y,Q2093178,The Outfield,Manchester,United Kingdom,Manchester,reported_place,accepted_exact_name,
30,Depeche Mode,17667155,7949283,762310PdDnwsDxAQxzQkfX,https://open.spotify.com/artist/762310PdDnwsDxAQxzQkfX,Q482964,Depeche Mode,Basildon,United Kingdom,Basildon,reported_place,accepted_exact_name,
31,America,17384987,2286400,35U9lQaRWSQISxQAB94Meo,https://open.spotify.com/artist/35U9lQaRWSQISxQAB94Meo,Q126852,America,London,United Kingdom,London,reported_place,accepted_exact_name,
32,The Verve,16374768,3001478,2cGwlqi3k18jFpUyTrsR84,https://open.spotify.com/artist/2cGwlqi3k18jFpUyTrsR84,Q488916,The Verve,Wigan,United Kingdom,Manchester,editorial_city_cluster,accepted_exact_name,
33,Duran Duran,15134650,3958344,0lZoBs4Pzo7R89JM9lxwoT,https://open.spotify.com/artist/0lZoBs4Pzo7R89JM9lxwoT,Q58381,Duran Duran,Birmingham,United Kingdom,Birmingham,reported_place,accepted_exact_name,
34,Eurythmics,14843560,2546395,0NKDgy9j66h3DLnN8qu1bB,https://open.spotify.com/artist/0NKDgy9j66h3DLnN8qu1bB,Q207706,Eurythmics,Sunderland,United Kingdom,Sunderland,reported_place,accepted_exact_name,
35,Little Mix,14779473,12405563,3e7awlrlDSwF3iM0WBjGMp,https://open.spotify.com/artist/3e7awlrlDSwF3iM0WBjGMp,Q158419,Little Mix,England,United Kingdom,London,reviewed_override,accepted_exact_name,
36,The Clash,14589467,3508323,3RGLhK1IP9jnYFH4BRFJBS,https://open.spotify.com/artist/3RGLhK1IP9jnYFH4BRFJBS,Q125603,The Clash,London,United Kingdom,London,reported_place,accepted_exact_name,
37,Mumford & Sons,14381934,6882187,3gd8FJtBJtkRxdfbTu19U2,https://open.spotify.com/artist/3gd8FJtBJtkRxdfbTu19U2,Q953918,Mumford & Sons,London,United Kingdom,London,reported_place,accepted_exact_name,
38,Blur,14009757,4274924,7MhMgCo0Bl0Kukl93PZbYS,https://open.spotify.com/artist/7MhMgCo0Bl0Kukl93PZbYS,Q485820,Blur,London,United Kingdom,London,reported_place,accepted_exact_name,
39,Bring Me The Horizon,13707032,7131475,1Ffb6ejR6Fe5IamqA5oRUF,https://open.spotify.com/artist/1Ffb6ejR6Fe5IamqA5oRUF,Q494784,Bring Me the Horizon,Sheffield,United Kingdom,Sheffield,reported_place,accepted_exact_name,
40,Snow Patrol,13274460,3465980,3rIZMv9rysU7JkLzEaC5Jp,https://open.spotify.com/artist/3rIZMv9rysU7JkLzEaC5Jp,Q188407,Snow Patrol,Dundee,Scotland,Dundee,reported_place,accepted_exact_name,
41,Spice Girls,12877807,4560204,0uq5PttqEjj3IH1bzwcrXF,https://open.spotify.com/artist/0uq5PttqEjj3IH1bzwcrXF,Q55641,Spice Girls,London,United Kingdom,London,reported_place,accepted_exact_name,
42,The Animals,12324330,2812173,3ICflSq6ZgYAIrm2CTkfVP,https://open.spotify.com/artist/3ICflSq6ZgYAIrm2CTkfVP,Q131422,The Animals,Newcastle upon Tyne,United Kingdom,Newcastle upon Tyne,reported_place,accepted_exact_name,
43,Rudimental,11737472,1462225,4WN5naL3ofxrVBgFpguzKo,https://open.spotify.com/artist/4WN5naL3ofxrVBgFpguzKo,Q50971,Rudimental,London Borough of Hackney,United Kingdom,London,editorial_city_cluster,accepted_exact_name,
44,Faithless,11726956,796754,5T4UKHhr4HGIC0VzdZQtAE,https://open.spotify.com/artist/5T4UKHhr4HGIC0VzdZQtAE,Q542071,Faithless,London,United Kingdom,London,reported_place,accepted_exact_name,
45,Disciples,11691137,299331,5EehXjjMktLuJmbRsM7YfB,https://open.spotify.com/artist/5EehXjjMktLuJmbRsM7YfB,Q24025201,Disciples,London,United Kingdom,London,reported_place,accepted_exact_name,
46,Jungle,11614048,1886516,59oA5WbbQvomJz2BuRG071,https://open.spotify.com/artist/59oA5WbbQvomJz2BuRG071,Q17405943,Jungle,London,United Kingdom,London,reported_place,accepted_exact_name,
47,bôa,11444869,1380058,5jTtGLk1mGFMY5lQOvJYUj,https://open.spotify.com/artist/5jTtGLk1mGFMY5lQOvJYUj,Q285481,Bôa,London,United Kingdom,London,reported_place,accepted_exact_name,
48,Cutting Crew,10972839,628518,3cniTumSiUysiPWXapGx1i,https://open.spotify.com/artist/3cniTumSiUysiPWXapGx1i,Q977526,Cutting Crew,London,United Kingdom,London,reported_place,accepted_exact_name,
49,Franz Ferdinand,10807735,3218082,0XNa1vTidXlvJ2gHSsRi4A,https://open.spotify.com/artist/0XNa1vTidXlvJ2gHSsRi4A,Q173180,Franz Ferdinand,Glasgow,United Kingdom,Glasgow,reported_place,accepted_exact_name,
50,Def Leppard,10792689,6056540,6H1RjVyNruCmrBEWRbD0VZ,https://open.spotify.com/artist/6H1RjVyNruCmrBEWRbD0VZ,Q182890,Def Leppard,Sheffield,United Kingdom,Sheffield,reported_place,accepted_exact_name,
51,Pet Shop Boys,10634217,2426999,2ycnb8Er79LoH2AsR5ldjh,https://open.spotify.com/artist/2ycnb8Er79LoH2AsR5ldjh,Q485625,Pet Shop Boys,London,United Kingdom,London,reported_place,accepted_exact_name,
52,The Hollies,10112715,1450461,6waa8mKu91GjzD4NlONlNJ,https://open.spotify.com/artist/6waa8mKu91GjzD4NlONlNJ,Q282925,The Hollies,Manchester,United Kingdom,Manchester,reported_place,accepted_exact_name,
53,Wham!,10018855,3400543,5lpH0xAS4fVfLkACg9DAuM,https://open.spotify.com/artist/5lpH0xAS4fVfLkACg9DAuM,Q744087,Wham!,Bushey,United Kingdom,London,editorial_city_cluster,accepted_exact_name,
54,Two Door Cinema Club,9884423,2655723,536BYVgOnRky0xjsPT96zl,https://open.spotify.com/artist/536BYVgOnRky0xjsPT96zl,Q777302,Two Door Cinema Club,Bangor,United Kingdom,Bangor,reported_place,accepted_exact_name,
55,The Stranglers,9836875,862339,0RUEHcBiENFEqxgicqS2ig,https://open.spotify.com/artist/0RUEHcBiENFEqxgicqS2ig,Q1532854,The Stranglers,Guildford,United Kingdom,Guildford,reported_place,accepted_exact_name,
56,Simple Minds,9628717,2504682,6hN9F0iuULZYWXppob22Aj,https://open.spotify.com/artist/6hN9F0iuULZYWXppob22Aj,Q748836,Simple Minds,Glasgow,Scotland,Glasgow,reported_place,accepted_exact_name,
57,Bronski Beat,9566679,730877,2wpWOzQE5TpA0dVnh5YD08,https://open.spotify.com/artist/2wpWOzQE5TpA0dVnh5YD08,Q927927,Bronski Beat,London,United Kingdom,London,reported_place,accepted_exact_name,
58,Seafret,9520023,1149369,4Ly0KABsxlx4fNj63zJTrF,https://open.spotify.com/artist/4Ly0KABsxlx4fNj63zJTrF,Q28109766,Seafret,Bridlington,United Kingdom,Bridlington,reported_place,accepted_exact_name,
59,Genesis,9434858,3958098,3CkvROUTQ6nRi9yQOcsB50,https://open.spotify.com/artist/3CkvROUTQ6nRi9yQOcsB50,Q151012,Genesis,Godalming|Surrey,United Kingdom,Godalming,reviewed_multi_place_rule,accepted_exact_name,
60,Spandau Ballet,9335819,1587103,2urZrEdsq72kx0UzfYN8Yv,https://open.spotify.com/artist/2urZrEdsq72kx0UzfYN8Yv,Q16011,Spandau Ballet,London Borough of Islington,United Kingdom,London,editorial_city_cluster,accepted_exact_name,
61,UB40,9327767,2783787,69MEO1AADKg1IZrq2XLzo5,https://open.spotify.com/artist/69MEO1AADKg1IZrq2XLzo5,Q560153,UB40,Birmingham,United Kingdom,Birmingham,reported_place,accepted_exact_name,
62,The Chemical Brothers,9143502,2435363,1GhPHrq36VKCY3ucVaZCfo,https://open.spotify.com/artist/1GhPHrq36VKCY3ucVaZCfo,Q208507,The Chemical Brothers,Manchester,United Kingdom,Manchester,reported_place,accepted_exact_name,
63,Simply Red,9097250,2960800,1fa0cOhromAZdq2xRA4vv8,https://open.spotify.com/artist/1fa0cOhromAZdq2xRA4vv8,Q339430,Simply Red,Manchester,United Kingdom,Manchester,reported_place,accepted_exact_name,
64,Jamiroquai,9068742,3053662,6J7biCazzYhU3gM9j1wfid,https://open.spotify.com/artist/6J7biCazzYhU3gM9j1wfid,Q202041,Jamiroquai,London,United Kingdom,London,reported_place,accepted_exact_name,
65,Iron Maiden,9029433,10931269,6mdiAmATAx73kdxrNrnlao,https://open.spotify.com/artist/6mdiAmATAx73kdxrNrnlao,Q42482,Iron Maiden,Leyton,United Kingdom,London,editorial_city_cluster,accepted_exact_name,
66,Toploader,8829850,146489,6xeFne1rkxMhKSW3ipvkdV,https://open.spotify.com/artist/6xeFne1rkxMhKSW3ipvkdV,Q1742953,Toploader,Eastbourne,United Kingdom,Eastbourne,reported_place,accepted_exact_name,
67,New Order,8786188,2651294,0yNLKJebCb8Aueb54LYya3,https://open.spotify.com/artist/0yNLKJebCb8Aueb54LYya3,Q214990,New Order,Salford,United Kingdom,Manchester,editorial_city_cluster,accepted_exact_name,
68,Massive Attack,8692931,2943616,6FXMGgJwohJLUSr5nVlf9X,https://open.spotify.com/artist/6FXMGgJwohJLUSr5nVlf9X,Q357418,Massive Attack,Bristol,United Kingdom,Bristol,reported_place,accepted_exact_name,
69,The Who,8659112,6100346,67ea9eGLXYMsO2eYQRui3w,https://open.spotify.com/artist/67ea9eGLXYMsO2eYQRui3w,Q93346,The Who,London,United Kingdom,London,reported_place,accepted_exact_name,
70,D-Block Europe,8351560,1930307,5VadK1havLhK1OpKYsXv9y,https://open.spotify.com/artist/5VadK1havLhK1OpKYsXv9y,Q63313993,D-Block Europe,Lewisham,United Kingdom,London,editorial_city_cluster,accepted_exact_name,
71,alt-J,8110938,3499216,3XHO7cRUPCLOr6jwp8vsx5,https://open.spotify.com/artist/3XHO7cRUPCLOr6jwp8vsx5,Q47996,alt-J,Leeds,United Kingdom,Leeds,reported_place,accepted_exact_name,
72,The Proclaimers,8100195,438174,1A92IAcd7A6npCA33oGM5i,https://open.spotify.com/artist/1A92IAcd7A6npCA33oGM5i,Q289622,The Proclaimers,Auchtermuchty,United Kingdom,Auchtermuchty,reported_place,accepted_exact_name,
73,Dexys Midnight Runners,7999321,384886,4QTVePrFu1xuGM9K0kNXkk,https://open.spotify.com/artist/4QTVePrFu1xuGM9K0kNXkk,Q247259,Dexys Midnight Runners,Birmingham,United Kingdom,Birmingham,reported_place,accepted_exact_name,
74,The Kinks,7864488,2958309,1SQRv42e4PjEYfPhS0Tk9E,https://open.spotify.com/artist/1SQRv42e4PjEYfPhS0Tk9E,Q188713,The Kinks,London,United Kingdom,London,reported_place,accepted_exact_name,
75,Supertramp,7695790,4214119,3JsMj0DEzyWc0VDlHuy9Bx,https://open.spotify.com/artist/3JsMj0DEzyWc0VDlHuy9Bx,Q176457,Supertramp,London,United Kingdom,London,reported_place,accepted_exact_name,
76,Oh Wonder,7552797,1128715,5cIc3SBFuBLVxJz58W2tU9,https://open.spotify.com/artist/5cIc3SBFuBLVxJz58W2tU9,Q21452721,Oh Wonder,London,United Kingdom,London,reported_place,accepted_exact_name,
77,Goodboys,7292613,130149,2nm38smINjms1LtczR0Cei,https://open.spotify.com/artist/2nm38smINjms1LtczR0Cei,Q65052503,Goodboys,London,United Kingdom,London,reported_place,accepted_exact_name,
78,The Wanted,7143333,2480552,2NhdGz9EDv2FeUw6udu2g1,https://open.spotify.com/artist/2NhdGz9EDv2FeUw6udu2g1,Q34918,The Wanted,England,United Kingdom,London,reviewed_override,accepted_exact_name,
79,Culture Club,7076755,1913999,6kz53iCdBSqhQCZ21CoLcc,https://open.spotify.com/artist/6kz53iCdBSqhQCZ21CoLcc,Q50037,Culture Club,London,United Kingdom,London,reported_place,accepted_exact_name,
80,Deep Purple,6998809,6229490,568ZhdwyaiCyOGJRtNYhWf,https://open.spotify.com/artist/568ZhdwyaiCyOGJRtNYhWf,Q101505,Deep Purple,England|Hertford|London,United Kingdom,Hertford,reviewed_multi_place_rule,accepted_exact_name,
81,The Kooks,6950019,2737101,1GLtl8uqKmnyCWxHmw9tL4,https://open.spotify.com/artist/1GLtl8uqKmnyCWxHmw9tL4,Q211768,The Kooks,Brighton,United Kingdom,Brighton,reported_place,accepted_exact_name,
82,La Roux,6858904,712440,3K2zB87GZv1krx031en5VA,https://open.spotify.com/artist/3K2zB87GZv1krx031en5VA,Q200002,La Roux,London,United Kingdom,London,reported_place,accepted_exact_name,
83,10cc,6808182,952868,6i6WlGzQtXtz7GcC5H5st5,https://open.spotify.com/artist/6i6WlGzQtXtz7GcC5H5st5,Q169145,10cc,Stockport,United Kingdom,Manchester,editorial_city_cluster,accepted_exact_name,
84,CamelPhat,6543464,572358,240wlM8vDrf6S4zCyzGj2W,https://open.spotify.com/artist/240wlM8vDrf6S4zCyzGj2W,Q21008079,CamelPhat,Liverpool,United Kingdom,Liverpool,reported_place,accepted_exact_name,
85,Take That,6539015,1517488,1XgFuvRd7r5g0h844A5ZUQ,https://open.spotify.com/artist/1XgFuvRd7r5g0h844A5ZUQ,Q152066,Take That,Manchester,United Kingdom,Manchester,reported_place,accepted_exact_name,
86,Whitesnake,6249726,3532823,3UbyYnvNIT5DFXU4WgiGpP,https://open.spotify.com/artist/3UbyYnvNIT5DFXU4WgiGpP,Q189965,Whitesnake,Middlesbrough,United Kingdom,Middlesbrough,reported_place,accepted_exact_name,
87,The Vamps,6167219,5952843,7gAppWoH7pcYmphCVTXkzs,https://open.spotify.com/artist/7gAppWoH7pcYmphCVTXkzs,Q15042553,The Vamps,England|London,United Kingdom,London,reported_place,accepted_exact_name,
88,The Human League,6085844,1370364,1aX2dmV8XoHYCOQRxjPESG,https://open.spotify.com/artist/1aX2dmV8XoHYCOQRxjPESG,Q730158,The Human League,Sheffield,United Kingdom,Sheffield,reported_place,accepted_exact_name,
89,Pretenders,6044974,1771319,0GByy3DcfbQwDvXGCWmzv9,https://open.spotify.com/artist/0GByy3DcfbQwDvXGCWmzv9,Q667389,The Pretenders,Hereford,United Kingdom,Hereford,reported_place,accepted_reviewed_alias,
90,AlunaGeorge,6010368,456793,2VAnyOxzJuSAj7XIuEOT38,https://open.spotify.com/artist/2VAnyOxzJuSAj7XIuEOT38,Q10353,AlunaGeorge,London,United Kingdom,London,reported_place,accepted_exact_name,
91,Portishead,5958911,2540792,6liAMWkVf5LH7YR9yfFy1Y,https://open.spotify.com/artist/6liAMWkVf5LH7YR9yfFy1Y,Q191352,Portishead,Bristol,United Kingdom,Bristol,reported_place,accepted_exact_name,
92,Frou Frou,5930276,419619,6MUyqmIQ35inLjch0YzIEG,https://open.spotify.com/artist/6MUyqmIQ35inLjch0YzIEG,Q2629330,Frou Frou,London,United Kingdom,London,reported_place,accepted_exact_name,
93,Soft Cell,5766246,869007,6aq8T2RcspxVOGgMrTzjWc,https://open.spotify.com/artist/6aq8T2RcspxVOGgMrTzjWc,Q1329303,Soft Cell,Leeds,United Kingdom,Leeds,reported_place,accepted_exact_name,
94,Stealers Wheel,5726001,253056,7bPU7cvfoD20ixGD9Qnqki,https://open.spotify.com/artist/7bPU7cvfoD20ixGD9Qnqki,Q283638,Stealers Wheel,Paisley,Scotland,Paisley,reported_place,accepted_exact_name,
95,Katrina & The Waves,5671000,171867,2TzHIUhVpeeDxyJPpQfnV3,https://open.spotify.com/artist/2TzHIUhVpeeDxyJPpQfnV3,Q934582,Katrina and the Waves,Cambridge,United Kingdom,Cambridge,reported_place,accepted_reviewed_alias,
96,LF SYSTEM,5611864,113693,0HxX6imltnNXJyQhu4nsiO,https://open.spotify.com/artist/0HxX6imltnNXJyQhu4nsiO,Q113022702,LF System,,Scotland|United Kingdom,West Lothian,reviewed_override,accepted_exact_name,
97,Everything But The Girl,5607393,480010,13ccXrK7AmXb4TddMkE7jy,https://open.spotify.com/artist/13ccXrK7AmXb4TddMkE7jy,Q313779,Everything but the Girl,Kingston upon Hull,United Kingdom,Kingston upon Hull,reported_place,accepted_exact_name,
98,The La's,5581915,320009,47Z8LEl3LnQkcpva0xSthT,https://open.spotify.com/artist/47Z8LEl3LnQkcpva0xSthT,Q1860769,The La's,Liverpool,United Kingdom,Liverpool,reported_place,accepted_exact_name,
99,The xx,5459918,3911861,3iOvXCl6edW5Um0fXEBRXy,https://open.spotify.com/artist/3iOvXCl6edW5Um0fXEBRXy,Q869367,The xx,London,United Kingdom,London,reported_place,accepted_exact_name,
100,Fine Young Cannibals,5309505,1018624,20p5D2KrE8CGuOjHtxsyTp,https://open.spotify.com/artist/20p5D2KrE8CGuOjHtxsyTp,Q14528,Fine Young Cannibals,Birmingham,United Kingdom,Birmingham,reported_place,accepted_exact_name,
101,Stereophonics,5187258,1843050,21UJ7PRWb3Etgsu99f8yo8,https://open.spotify.com/artist/21UJ7PRWb3Etgsu99f8yo8,Q28963,Stereophonics,Cwmaman,Wales,Cwmaman,reported_place,accepted_exact_name,
102,Bush,5127264,2264067,78SHxLdtysAXgywQ4vE0Oa,https://open.spotify.com/artist/78SHxLdtysAXgywQ4vE0Oa,Q247949,Bush,London,United Kingdom,London,reported_place,accepted_exact_name,
103,Cocteau Twins,5124023,1683661,5Wabl1lPdNOeIn0SQ5A1mp,https://open.spotify.com/artist/5Wabl1lPdNOeIn0SQ5A1mp,Q588820,Cocteau Twins,Grangemouth,United Kingdom,Grangemouth,reported_place,accepted_exact_name,
104,Bullet For My Valentine,5036374,3716305,7iWiAD5LLKyiox2grgfmUT,https://open.spotify.com/artist/7iWiAD5LLKyiox2grgfmUT,Q485385,Bullet for My Valentine,Bridgend,United Kingdom,Bridgend,reported_place,accepted_exact_name,
105,The Prodigy,5031555,3074898,4k1ELeJKT1ISyDv8JivPpB,https://open.spotify.com/artist/4k1ELeJKT1ISyDv8JivPpB,Q7256860,The Prodigy,Braintree|Essex,United Kingdom,Braintree,reviewed_multi_place_rule,accepted_exact_name,
106,The Zombies,5025277,1164571,2jgPkn6LuUazBoBk6vvjh5,https://open.spotify.com/artist/2jgPkn6LuUazBoBk6vvjh5,Q1163207,The Zombies,St Albans,United Kingdom,St Albans,reported_place,accepted_exact_name,
107,Hot Chocolate,5017699,393132,72VzFto8DYvKHocaHYNWSi,https://open.spotify.com/artist/72VzFto8DYvKHocaHYNWSi,Q1368881,Hot Chocolate,West Hampstead,United Kingdom,London,editorial_city_cluster,accepted_exact_name,
108,The Alan Parsons Project,4991688,1804870,2m62cc253Xvd9qYQ8d2X3d,https://open.spotify.com/artist/2m62cc253Xvd9qYQ8d2X3d,Q533478,The Alan Parsons Project,Glasgow,United Kingdom,Glasgow,reported_place,accepted_exact_name,
109,Chase & Status,4913546,1285130,3jNkaOXasoc7RsxdchvEVq,https://open.spotify.com/artist/3jNkaOXasoc7RsxdchvEVq,Q1067983,Chase & Status,London,United Kingdom,London,reported_place,accepted_exact_name,
110,Wings,4863252,1356305,3sFhA6G1N0gG1pszb6kk1m,https://open.spotify.com/artist/3sFhA6G1N0gG1pszb6kk1m,Q622988,Wings,England,United Kingdom,,unresolved_generic_or_missing,accepted_exact_name,origin unresolved
111,Hurts,4854547,380397,3w4VAlllkAWI6m0AV0Gn6a,https://open.spotify.com/artist/3w4VAlllkAWI6m0AV0Gn6a,Q493042,Hurts,Manchester,United Kingdom,Manchester,reported_place,accepted_exact_name,
112,Erasure,4832016,1261829,0z5DFXmhT4ZNzWElsM7V89,https://open.spotify.com/artist/0z5DFXmhT4ZNzWElsM7V89,Q484885,Erasure,England,United Kingdom,,unresolved_generic_or_missing,accepted_exact_name,origin unresolved
113,Chumbawamba,4700579,225650,0TcYeHEK9sBtv7xPbKhzHz,https://open.spotify.com/artist/0TcYeHEK9sBtv7xPbKhzHz,Q1089523,Chumbawamba,Burnley,United Kingdom,Burnley,reported_place,accepted_exact_name,
114,A Flock Of Seagulls,4670482,774464,0uAjBatvB4ubpd4kCfjmNt,https://open.spotify.com/artist/0uAjBatvB4ubpd4kCfjmNt,Q300409,A Flock of Seagulls,Liverpool,United Kingdom,Liverpool,reported_place,accepted_exact_name,
115,Slowdive,4658345,1560399,72X6FHxaShda0XeQw3vbeF,https://open.spotify.com/artist/72X6FHxaShda0XeQw3vbeF,Q1502037,Slowdive,Reading,United Kingdom,Reading,reported_place,accepted_exact_name,
116,Supergrass,4645328,719253,0sHeX8oQ6o7xic3wMf4NBU,https://open.spotify.com/artist/0sHeX8oQ6o7xic3wMf4NBU,Q1120684,Supergrass,Wheatley,United Kingdom,Wheatley,reported_place,accepted_exact_name,
117,Cream,4518268,2788886,74oJ4qxwOZvX6oSsu1DGnw,https://open.spotify.com/artist/74oJ4qxwOZvX6oSsu1DGnw,Q203736,Cream,London,United Kingdom,London,reported_place,accepted_exact_name,
118,Motörhead,4453633,4680274,1DFr97A9HnbV3SKTJFu62M,https://open.spotify.com/artist/1DFr97A9HnbV3SKTJFu62M,Q19697,Motörhead,London,United Kingdom,London,reported_place,accepted_exact_name,
119,Yes,4447983,2203167,7AC976RDJzL2asmZuz7qil,https://open.spotify.com/artist/7AC976RDJzL2asmZuz7qil,Q184386,Yes,London,United Kingdom,London,reported_place,accepted_exact_name,
120,Nazareth,4341186,1724966,6fvN9GmMCVKb5LY0WsnjFP,https://open.spotify.com/artist/6fvN9GmMCVKb5LY0WsnjFP,Q683695,Nazareth,Dunfermline,United Kingdom,Dunfermline,reported_place,accepted_exact_name,
121,Foals,4201622,1504353,6FQqZYVfTNQ1pCqfkwVFEa,https://open.spotify.com/artist/6FQqZYVfTNQ1pCqfkwVFEa,Q728958,Foals,Oxford,United Kingdom,Oxford,reported_place,accepted_exact_name,
122,Sidewalks and Skeletons,4198181,530960,48nHO1cuTbpx4ELhChsxX1,https://open.spotify.com/artist/48nHO1cuTbpx4ELhChsxX1,Q58884625,SIDEWALKS AND SKELETONS,,United Kingdom,,unresolved_generic_or_missing,accepted_exact_name,origin unresolved
123,LSD,4191261,387536,6IZ4ctovY9dl7bgHClAvKJ,https://open.spotify.com/artist/6IZ4ctovY9dl7bgHClAvKJ,Q52397902,LSD,,United Kingdom,,unresolved_generic_or_missing,accepted_exact_name,origin unresolved
124,FLO,4183163,626883,0s4kXsjYeH0S1xRyVGN4NO,https://open.spotify.com/artist/0s4kXsjYeH0S1xRyVGN4NO,Q111548374,Flo,,United Kingdom,,unresolved_generic_or_missing,accepted_exact_name,origin unresolved
125,The Foundations,4165829,169026,4GITZM5LCR2KcdlgEOrNLD,https://open.spotify.com/artist/4GITZM5LCR2KcdlgEOrNLD,Q1421054,The Foundations,London,United Kingdom,London,reported_place,accepted_exact_name,
126,CHVRCHES,4152413,1434807,3CjlHNtplJyTf9npxaPl5w,https://open.spotify.com/artist/3CjlHNtplJyTf9npxaPl5w,Q5118436,Chvrches,Glasgow,United Kingdom,Glasgow,reported_place,accepted_exact_name,
127,Maribou State,4147945,527128,7zrkALJ9ayRjzysp4QYoEg,https://open.spotify.com/artist/7zrkALJ9ayRjzysp4QYoEg,Q20711766,Maribou State,,United Kingdom,,unresolved_generic_or_missing,accepted_exact_name,origin unresolved
128,Joy Division,4140711,2965374,432R46LaYsJZV2Gmc4jUV5,https://open.spotify.com/artist/432R46LaYsJZV2Gmc4jUV5,Q172763,Joy Division,Salford,United Kingdom,Manchester,editorial_city_cluster,accepted_exact_name,
129,Studio Killers,4136257,305458,7avo0PmlW8O1YLEt9DnWQT,https://open.spotify.com/artist/7avo0PmlW8O1YLEt9DnWQT,Q860988,Studio Killers,United Kingdom,United Kingdom,,unresolved_generic_or_missing,accepted_exact_name,origin unresolved
130,The Fratellis,4131358,958629,3M4ThdJR28z9eSMcQHAZ5G,https://open.spotify.com/artist/3M4ThdJR28z9eSMcQHAZ5G,Q1127565,The Fratellis,Glasgow,United Kingdom,Glasgow,reported_place,accepted_exact_name,
131,Judas Priest,4112763,4744039,2tRsMl4eGxwoNabM08Dm4I,https://open.spotify.com/artist/2tRsMl4eGxwoNabM08Dm4I,Q83468,Judas Priest,Birmingham,United Kingdom,Birmingham,reported_place,accepted_exact_name,
132,T. Rex,4010971,1266989,3dBVyJ7JuOMt4GE9607Qin,https://open.spotify.com/artist/3dBVyJ7JuOMt4GE9607Qin,Q211770,T. Rex,London,United Kingdom,London,reported_place,accepted_exact_name,
133,Metronomy,3971668,1135985,54QMjE4toDfiCryzYWCpXX,https://open.spotify.com/artist/54QMjE4toDfiCryzYWCpXX,Q151783,Metronomy,Totnes,United Kingdom,Totnes,reported_place,accepted_exact_name,
134,Talk Talk,3944807,712227,7Fo8TAyGJr4VmhE68QamMf,https://open.spotify.com/artist/7Fo8TAyGJr4VmhE68QamMf,Q595705,Talk Talk,London,United Kingdom,London,reported_place,accepted_exact_name,
135,HONNE,3880260,1667711,0Vw76uk7P8yVtTClWyOhac,https://open.spotify.com/artist/0Vw76uk7P8yVtTClWyOhac,Q20740961,HONNE,,United Kingdom,,unresolved_generic_or_missing,accepted_exact_name,origin unresolved
136,Bananarama,3805410,929042,3sc7iUG1Wwpwx7bHeZolgx,https://open.spotify.com/artist/3sc7iUG1Wwpwx7bHeZolgx,Q725926,Bananarama,London,United Kingdom,London,reported_place,accepted_exact_name,
137,Underworld,3783264,827351,1PXHzxRDiLnjqNrRn2Xbsa,https://open.spotify.com/artist/1PXHzxRDiLnjqNrRn2Xbsa,Q849429,Underworld,Romford,United Kingdom,Romford,reported_place,accepted_exact_name,
138,Blue,3677775,822804,2yEkZBBjhzKzt6LF5XMaFi,https://open.spotify.com/artist/2yEkZBBjhzKzt6LF5XMaFi,Q32825,Blue,London,United Kingdom,London,reported_place,accepted_exact_name,
139,Kasabian,3649101,1926968,11wRdbnoYqRddKBrpHt4Ue,https://open.spotify.com/artist/11wRdbnoYqRddKBrpHt4Ue,Q272517,Kasabian,Leicester,United Kingdom,Leicester,reported_place,accepted_exact_name,
140,SAULT,3625737,653952,1uRxRKC7d9zwYGSRflTKDR,https://open.spotify.com/artist/1uRxRKC7d9zwYGSRflTKDR,Q104771175,Sault,,United Kingdom,,unresolved_generic_or_missing,accepted_exact_name,origin unresolved
141,Bad Company,3616192,1458078,5AEG63ajney2BoDXi0Vb84,https://open.spotify.com/artist/5AEG63ajney2BoDXi0Vb84,Q745517,Bad Company,Westminster,United Kingdom,Westminster,reported_place,accepted_exact_name,
142,Madness,3611935,912052,4AYkFtEBnNnGuoo8HaHErd,https://open.spotify.com/artist/4AYkFtEBnNnGuoo8HaHErd,Q745741,Madness,London,United Kingdom,London,reported_place,accepted_exact_name,
143,Nothing But Thieves,3587725,1421470,1kDGbuxWknIKx4FlgWxiSp,https://open.spotify.com/artist/1kDGbuxWknIKx4FlgWxiSp,Q20684996,Nothing but Thieves,Southend-on-Sea,United Kingdom,Southend-on-Sea,reported_place,accepted_exact_name,
144,Wet Leg,3584069,989381,2TwOrUcYnAlIiKmVQkkoSZ,https://open.spotify.com/artist/2TwOrUcYnAlIiKmVQkkoSZ,Q107475751,Wet Leg,Q9679,England|United Kingdom,Isle of Wight,reviewed_override,accepted_exact_name,formation place is an unresolved Wikidata ID
145,Wolf Alice,3575621,973763,3btzEQD6sugImIHPMRgkwV,https://open.spotify.com/artist/3btzEQD6sugImIHPMRgkwV,Q8029799,Wolf Alice,London,United Kingdom,London,reported_place,accepted_exact_name,
146,The Irrepressibles,3531545,266977,1v5bOzXbhrQ57qSvRwGA6s,https://open.spotify.com/artist/1v5bOzXbhrQ57qSvRwGA6s,Q3020511,The Irrepressibles,London,United Kingdom,London,reported_place,accepted_exact_name,
147,Sophie and the Giants,3507868,90162,4FrXHrpbDLNyO3pbVv8RmF,https://open.spotify.com/artist/4FrXHrpbDLNyO3pbVv8RmF,Q100595483,Sophie and the Giants,,United Kingdom,,unresolved_generic_or_missing,accepted_exact_name,origin unresolved
148,The Stone Roses,3488308,1863145,1lYT0A0LV5DUfxr6doRP3d,https://open.spotify.com/artist/1lYT0A0LV5DUfxr6doRP3d,Q29606,The Stone Roses,Manchester,United Kingdom,Manchester,reported_place,accepted_exact_name,
149,The Buggles,3487007,190767,057gc1fxmJ2vkctjQJ7Tal,https://open.spotify.com/artist/057gc1fxmJ2vkctjQJ7Tal,Q201568,The Buggles,Wimbledon,United Kingdom,Wimbledon,reported_place,accepted_exact_name,
150,Placebo,3460472,2201483,6RZUqkomCmb8zCRqc9eznB,https://open.spotify.com/artist/6RZUqkomCmb8zCRqc9eznB,Q484839,Placebo,London,United Kingdom,London,reported_place,accepted_exact_name,
151,The Sundays,3421091,684291,4nlqDmbzFzbNITaqjJv7D7,https://open.spotify.com/artist/4nlqDmbzFzbNITaqjJv7D7,Q3122789,The Sundays,London,United Kingdom,London,reported_place,accepted_exact_name,
152,Orchestral Manoeuvres In The Dark,3287803,949812,7wJ9NwdRWtN92NunmXuwBk,https://open.spotify.com/artist/7wJ9NwdRWtN92NunmXuwBk,Q956500,Orchestral Manoeuvres in the Dark,Meols,United Kingdom,Meols,reported_place,accepted_exact_name,
153,Dead Or Alive,3275455,490402,5WWSL6rElJeUk3Uc1S2RyD,https://open.spotify.com/artist/5WWSL6rElJeUk3Uc1S2RyD,Q368961,Dead or Alive,Liverpool,United Kingdom,Liverpool,reported_place,accepted_exact_name,
154,Groove Armada,3267951,783480,67tgMwUfnmqzYsNAtnP6YJ,https://open.spotify.com/artist/67tgMwUfnmqzYsNAtnP6YJ,Q117522,Groove Armada,London,United Kingdom,London,reported_place,accepted_exact_name,
155,Snakehips,3159265,392037,2FwJwEswyIUAljqgjNSHgP,https://open.spotify.com/artist/2FwJwEswyIUAljqgjNSHgP,Q22116844,Snakehips,United Kingdom,United Kingdom,,unresolved_generic_or_missing,accepted_exact_name,origin unresolved
156,Generation X,3158701,181331,1inWec2E2UgfzMAhwjgTXe,https://open.spotify.com/artist/1inWec2E2UgfzMAhwjgTXe,Q1157004,Generation X,Chelsea,United Kingdom,Chelsea,reported_place,accepted_exact_name,
157,BICEP,3141387,673233,73A3bLnfnz5BoQjb4gNCga,https://open.spotify.com/artist/73A3bLnfnz5BoQjb4gNCga,Q28855240,Bicep,,United Kingdom,,unresolved_generic_or_missing,accepted_exact_name,origin unresolved
158,Yazoo,3044119,802850,1G1mX30GpUJqOr1QU2eBSs,https://open.spotify.com/artist/1G1mX30GpUJqOr1QU2eBSs,Q1410055,Yazoo,Basildon,United Kingdom,Basildon,reported_place,accepted_exact_name,
159,Bloc Party,3039480,1261856,3MM8mtgFzaEJsqbjZBSsHJ,https://open.spotify.com/artist/3MM8mtgFzaEJsqbjZBSsHJ,Q205838,Bloc Party,London,United Kingdom,London,reported_place,accepted_exact_name,
160,Gorgon City,3028602,552337,4VNQWV2y1E97Eqo2D5UTjx,https://open.spotify.com/artist/4VNQWV2y1E97Eqo2D5UTjx,Q16839700,Gorgon City,North London,United Kingdom,North London,reported_place,accepted_exact_name,
161,Sugababes,3027300,758443,7rZNSLWMjTbwdLNskFbzFf,https://open.spotify.com/artist/7rZNSLWMjTbwdLNskFbzFf,Q193697,Sugababes,London,United Kingdom,London,reported_place,accepted_exact_name,
162,Architects,3025569,1369211,3ZztVuWxHzNpl0THurTFCv,https://open.spotify.com/artist/3ZztVuWxHzNpl0THurTFCv,Q620454,Architects,Brighton,United Kingdom,Brighton,reported_place,accepted_exact_name,
163,Kaiser Chiefs,2999896,1422089,0LbLWjaweRbO4FDKYlbfNt,https://open.spotify.com/artist/0LbLWjaweRbO4FDKYlbfNt,Q192308,Kaiser Chiefs,Leeds,United Kingdom,Leeds,reported_place,accepted_exact_name,
164,Third Party,2971418,151080,2J80qXI4NHKpq5RT3xUF7V,https://open.spotify.com/artist/2J80qXI4NHKpq5RT3xUF7V,Q30597951,Third Party,,United Kingdom,,unresolved_generic_or_missing,accepted_exact_name,origin unresolved
165,Basement Jaxx,2938717,623916,4YrKBkKSVeqDamzBPWVnSJ,https://open.spotify.com/artist/4YrKBkKSVeqDamzBPWVnSJ,Q544018,Basement Jaxx,London,United Kingdom,London,reported_place,accepted_exact_name,
166,Lighthouse Family,2921952,660194,6edGSAX5dVpeJVwu1Q0NwJ,https://open.spotify.com/artist/6edGSAX5dVpeJVwu1Q0NwJ,Q707351,Lighthouse Family,Newcastle upon Tyne,United Kingdom,Newcastle upon Tyne,reported_place,accepted_exact_name,
167,The Struts,2895181,468353,3lDpdwM8KILepMHqBWUhIA,https://open.spotify.com/artist/3lDpdwM8KILepMHqBWUhIA,Q17587679,The Struts,Derby,United Kingdom,Derby,reported_place,accepted_exact_name,
168,The Wombats,2884656,1143548,0Ya43ZKWHTKkAbkoJJkwIB,https://open.spotify.com/artist/0Ya43ZKWHTKkAbkoJJkwIB,Q1347289,The Wombats,Liverpool,United Kingdom,Liverpool,reported_place,accepted_exact_name,
169,Travis,2884486,1176704,3bUwxJgNakzYKkqAVgZLlh,https://open.spotify.com/artist/3bUwxJgNakzYKkqAVgZLlh,Q160103,Travis,Glasgow,United Kingdom,Glasgow,reported_place,accepted_exact_name,
170,Mattafix,2878488,113982,5KORW1YGiERJqfuYjXMCyz,https://open.spotify.com/artist/5KORW1YGiERJqfuYjXMCyz,Q21075,Mattafix,London,United Kingdom,London,reported_place,accepted_exact_name,
171,Royal Blood,2873864,1759451,2S5hlvw4CMtMGswFtfdK15,https://open.spotify.com/artist/2S5hlvw4CMtMGswFtfdK15,Q16632343,Royal Blood,Brighton,United Kingdom,Brighton,reported_place,accepted_exact_name,
172,Free,2860415,631085,2e53aHBQdCMKWqHDuyJsjC,https://open.spotify.com/artist/2e53aHBQdCMKWqHDuyJsjC,Q45650,Free,London,United Kingdom,London,reported_place,accepted_exact_name,
173,London Grammar,2832139,1695264,3Bd1cgCjtCI32PYvDC3ynO,https://open.spotify.com/artist/3Bd1cgCjtCI32PYvDC3ynO,Q14557360,London Grammar,Nottingham,United Kingdom,Nottingham,reported_place,accepted_exact_name,
174,Pulp,2830863,1164307,36E7oYfz3LLRto6l2WmDcD,https://open.spotify.com/artist/36E7oYfz3LLRto6l2WmDcD,Q504464,Pulp,Sheffield,United Kingdom,Sheffield,reported_place,accepted_exact_name,
175,The Heavy,2796068,516287,0bZCak2tcRMY1dzEIuwF42,https://open.spotify.com/artist/0bZCak2tcRMY1dzEIuwF42,Q181241,The Heavy,Bath,United Kingdom,Bath,reported_place,accepted_exact_name,
176,Neck Deep,2790501,1843051,2TM0qnbJH4QPhGMCdPt7fH,https://open.spotify.com/artist/2TM0qnbJH4QPhGMCdPt7fH,Q16955493,Neck Deep,Wrexham,Wales,Wrexham,reported_place,accepted_exact_name,
177,DNA,2774617,18304,2rGm8R7YDTbqDCVlNssQyL,https://open.spotify.com/artist/2rGm8R7YDTbqDCVlNssQyL,Q1154629,DNA,Bath,England,Bath,reported_place,accepted_exact_name,
178,Frankie Goes To Hollywood,2758706,960764,1mZu3rO7qSD09GdDpePHhY,https://open.spotify.com/artist/1mZu3rO7qSD09GdDpePHhY,Q73597,Frankie Goes to Hollywood,Liverpool,United Kingdom,Liverpool,reported_place,accepted_exact_name,
179,Atomic Kitten,2751716,525204,6JMHws5haIO6V35YNYDnDw,https://open.spotify.com/artist/6JMHws5haIO6V35YNYDnDw,Q208392,Atomic Kitten,Liverpool,United Kingdom,Liverpool,reported_place,accepted_exact_name,
180,Faces,2718313,468654,3v4feUQnU3VEUqFrjmtekL,https://open.spotify.com/artist/3v4feUQnU3VEUqFrjmtekL,Q1136388,Faces,England,United Kingdom,,unresolved_generic_or_missing,accepted_exact_name,origin unresolved
181,Asia,2716602,774209,1bdytLV3FPjyhfrb6BhMej,https://open.spotify.com/artist/1bdytLV3FPjyhfrb6BhMej,Q726891,Asia,England,United Kingdom,,unresolved_generic_or_missing,accepted_exact_name,origin unresolved
182,The Waterboys,2670888,371425,5TnuP42pw475UrjjeabtwZ,https://open.spotify.com/artist/5TnuP42pw475UrjjeabtwZ,Q1422720,The Waterboys,United Kingdom,United Kingdom,,unresolved_generic_or_missing,accepted_exact_name,origin unresolved
183,Still Corners,2608941,415092,4zKYrXs8iN4AeHmO8ZxNqp,https://open.spotify.com/artist/4zKYrXs8iN4AeHmO8ZxNqp,Q7617018,Still Corners,London,United Kingdom,London,reported_place,accepted_exact_name,
184,Asking Alexandria,2592556,2530673,1caBfBEapzw8z2Qz9q0OaQ,https://open.spotify.com/artist/1caBfBEapzw8z2Qz9q0OaQ,Q731642,Asking Alexandria,York,United Kingdom,York,reported_place,accepted_exact_name,
185,All Saints,2567281,609132,5TDVKqW9uhqGjwwwKGuma4,https://open.spotify.com/artist/5TDVKqW9uhqGjwwwKGuma4,Q165386,All Saints,London,United Kingdom,London,reported_place,accepted_exact_name,
186,Sigma,2550591,360513,01pKrlgPJhm5dB4lneYAqS,https://open.spotify.com/artist/01pKrlgPJhm5dB4lneYAqS,Q16333772,Sigma,University of Leeds,United Kingdom,University of Leeds,reported_place,accepted_exact_name,
187,Mungo Jerry,2528248,142677,2mbvqMGpwLsakeH45p1Jrb,https://open.spotify.com/artist/2mbvqMGpwLsakeH45p1Jrb,Q1427200,Mungo Jerry,Ashford,United Kingdom,Ashford,reported_place,accepted_exact_name,
188,Moloko,2507932,516418,4aaBjq7VqqQvpSF69GglvO,https://open.spotify.com/artist/4aaBjq7VqqQvpSF69GglvO,Q1121732,Moloko,Sheffield,United Kingdom,Sheffield,reported_place,accepted_exact_name,
189,Status Quo,2503249,872142,4gIdjgLlvgEOz7MexDZzpM,https://open.spotify.com/artist/4gIdjgLlvgEOz7MexDZzpM,Q322265,Status Quo,London,United Kingdom,London,reported_place,accepted_exact_name,
190,The Darkness,2453090,510654,5r1bdqzhgRoHC3YcCV6N5a,https://open.spotify.com/artist/5r1bdqzhgRoHC3YcCV6N5a,Q421794,The Darkness,Lowestoft,United Kingdom,Lowestoft,reported_place,accepted_exact_name,
191,Texas,2420479,572024,5JsdVATHNPE0XdMFMRoSuf,https://open.spotify.com/artist/5JsdVATHNPE0XdMFMRoSuf,Q916484,Texas,Glasgow,United Kingdom,Glasgow,reported_place,accepted_exact_name,
192,Edison Lighthouse,2393214,80780,1NRzxuPpdGushT8YmF5NAa,https://open.spotify.com/artist/1NRzxuPpdGushT8YmF5NAa,Q1116554,Edison Lighthouse,London,United Kingdom,London,reported_place,accepted_exact_name,
193,Wang Chung,2358411,413141,6Zh3xrWlA0SA9Fsfj9AVwm,https://open.spotify.com/artist/6Zh3xrWlA0SA9Fsfj9AVwm,Q2030370,Wang Chung,London,United Kingdom,London,reported_place,accepted_exact_name,
194,The Cult,2277310,852449,49DW3KvkyjHO35mK1JnSyS,https://open.spotify.com/artist/49DW3KvkyjHO35mK1JnSyS,Q887376,The Cult,Q22905,United Kingdom,Bradford,reviewed_override,accepted_exact_name,formation place is an unresolved Wikidata ID
195,Rainbow,2270623,1739107,6SLAMfhOi7UJI0fMztaK0m,https://open.spotify.com/artist/6SLAMfhOi7UJI0fMztaK0m,Q16005,Rainbow,Hertford,United Kingdom,Hertford,reported_place,accepted_exact_name,
196,Sohodolls,2252106,321285,1KNXft7nnRQj82sENi7WGN,https://open.spotify.com/artist/1KNXft7nnRQj82sENi7WGN,Q527586,Sohodolls,London,United Kingdom,London,reported_place,accepted_exact_name,
197,Echo & the Bunnymen,2210172,1120606,0fgYKF9Avljex0L9Wt5b8Z,https://open.spotify.com/artist/0fgYKF9Avljex0L9Wt5b8Z,Q925641,Echo & the Bunnymen,Liverpool,United Kingdom,Liverpool,reported_place,accepted_exact_name,
198,James,2205349,661228,0qLNsNKm8bQcMoRFkR8Hmh,https://open.spotify.com/artist/0qLNsNKm8bQcMoRFkR8Hmh,Q1277864,James,Manchester|Whalley Range,United Kingdom,,unresolved_multiple_places,accepted_exact_name,origin unresolved
199,The Shapeshifters,2179710,99295,60FV7KyxIH9FH1uq7u8inP,https://open.spotify.com/artist/60FV7KyxIH9FH1uq7u8inP,Q664467,The Shapeshifters,London,United Kingdom,London,reported_place,accepted_exact_name,
200,Amber Run,2165390,590700,0MmnmsAuQKRFpo6vJElcaU,https://open.spotify.com/artist/0MmnmsAuQKRFpo6vJElcaU,Q16821378,Amber Run,,United Kingdom,,unresolved_generic_or_missing,accepted_exact_name,origin unresolved
201,Catfish and the Bottlemen,2164420,1222331,2xaAOVImG2O6lURwqperlD,https://open.spotify.com/artist/2xaAOVImG2O6lURwqperlD,Q16825909,Catfish and the Bottlemen,Q996492|Wales,United Kingdom,,unresolved_multiple_places,accepted_exact_name,origin unresolved
202,Above & Beyond,2160062,889088,10gzBoINW3cLJfZUka8Zoe,https://open.spotify.com/artist/10gzBoINW3cLJfZUka8Zoe,Q323187,Above & Beyond,London,United Kingdom,London,reported_place,accepted_exact_name,
203,Daughter,2134237,1446477,46CitWgnWrvF9t70C2p1Me,https://open.spotify.com/artist/46CitWgnWrvF9t70C2p1Me,Q5227901,Daughter,London,United Kingdom,London,reported_place,accepted_exact_name,
204,The Moody Blues,2129836,1500809,5BcZ22XONcRoLhTbZRuME1,https://open.spotify.com/artist/5BcZ22XONcRoLhTbZRuME1,Q211965,The Moody Blues,Birmingham,United Kingdom,Birmingham,reported_place,accepted_exact_name,
205,Ten Years After,2124380,656932,7nkLRaWHImCvWGHdNGnhVE,https://open.spotify.com/artist/7nkLRaWHImCvWGHdNGnhVE,Q630808,Ten Years After,Nottingham,United Kingdom,Nottingham,reported_place,accepted_exact_name,
206,Level 42,2112387,788876,0L9xkvBPcEp1nrhDrodxc5,https://open.spotify.com/artist/0L9xkvBPcEp1nrhDrodxc5,Q123025,Level 42,Q9679,England|United Kingdom,Isle of Wight,reviewed_override,accepted_exact_name,formation place is an unresolved Wikidata ID
207,Foghat,2100357,1001735,6x33CmZWo2Ve4hxYl2Craq,https://open.spotify.com/artist/6x33CmZWo2Ve4hxYl2Craq,Q114651,Foghat,,United Kingdom,,unresolved_generic_or_missing,accepted_exact_name,origin unresolved
208,Morcheeba,2099112,988331,6bWxFw65IEJzBYjx3SxUXd,https://open.spotify.com/artist/6bWxFw65IEJzBYjx3SxUXd,Q749019,Morcheeba,London,United Kingdom,London,reported_place,accepted_exact_name,
209,Soul II Soul,2087009,374840,2sIx6SmAMw9IBySG3Uj0jf,https://open.spotify.com/artist/2sIx6SmAMw9IBySG3Uj0jf,Q977786,Soul II Soul,,United Kingdom,,unresolved_generic_or_missing,accepted_exact_name,origin unresolved
210,Thompson Twins,2069490,750750,5jVeqi3PNaTOajfvBa4uFn,https://open.spotify.com/artist/5jVeqi3PNaTOajfvBa4uFn,Q1500069,Thompson Twins,Sheffield,United Kingdom,Sheffield,reported_place,accepted_exact_name,
211,Wet Wet Wet,2057236,614358,2u0gw0uCWBMiqV7h0N8kai,https://open.spotify.com/artist/2u0gw0uCWBMiqV7h0N8kai,Q49871,Wet Wet Wet,Clydebank,United Kingdom,Clydebank,reported_place,accepted_exact_name,
212,Loathe,1996442,613049,4G9wSdX0klmoHfjm9i6DLd,https://open.spotify.com/artist/4G9wSdX0klmoHfjm9i6DLd,Q30610109,Loathe,Liverpool,United Kingdom,Liverpool,reported_place,accepted_exact_name,
213,Steel Pulse,1883347,736715,6UL7BodGc5iVmQGlMwHR0g,https://open.spotify.com/artist/6UL7BodGc5iVmQGlMwHR0g,Q1542680,Steel Pulse,Birmingham,United Kingdom,Birmingham,reported_place,accepted_exact_name,
214,The Psychedelic Furs,1846381,722130,0O0lrN34wrcuBenkqlEDZe,https://open.spotify.com/artist/0O0lrN34wrcuBenkqlEDZe,Q276463,The Psychedelic Furs,London,United Kingdom,London,reported_place,accepted_exact_name,
215,Siouxsie and the Banshees,1823237,1457428,1n65zfwYIj5kKEtNgxUlWb,https://open.spotify.com/artist/1n65zfwYIj5kKEtNgxUlWb,Q323834,Siouxsie and the Banshees,London,United Kingdom,London,reported_place,accepted_exact_name,
216,DragonForce,1802181,1321799,2pH3wEn4eYlMMIIQyKPbVR,https://open.spotify.com/artist/2pH3wEn4eYlMMIIQyKPbVR,Q212715,DragonForce,London,United Kingdom,London,reported_place,accepted_exact_name,
217,Noel Gallagher's High Flying Birds,1799845,1117710,7sjttK1WcZeyLPn3IsQ62L,https://open.spotify.com/artist/7sjttK1WcZeyLPn3IsQ62L,Q194227,Noel Gallagher's High Flying Birds,Manchester,United Kingdom,Manchester,reported_place,accepted_exact_name,
218,Night Tapes,1719979,135032,5APEQlUaQ5K70LgPqAdTuU,https://open.spotify.com/artist/5APEQlUaQ5K70LgPqAdTuU,Q122918147,Night Tapes,,United Kingdom,,unresolved_generic_or_missing,accepted_exact_name,origin unresolved
219,Zero 7,1686407,592881,14H7ag1wpQOsPPQJOD6Dqr,https://open.spotify.com/artist/14H7ag1wpQOsPPQJOD6Dqr,Q191915,Zero 7,London,United Kingdom,London,reported_place,accepted_exact_name,
220,The Streets,1675316,601898,4GvOygVQquMaPm8oAc0vXi,https://open.spotify.com/artist/4GvOygVQquMaPm8oAc0vXi,Q316029,The Streets,Birmingham,United Kingdom,Birmingham,reported_place,accepted_exact_name,
221,Starsailor,1655319,247718,0G8zjE6SsFTlbglCkU8pm3,https://open.spotify.com/artist/0G8zjE6SsFTlbglCkU8pm3,Q1051417,Starsailor,Wigan,United Kingdom,Manchester,editorial_city_cluster,accepted_exact_name,
222,Black Box Recorder,1619909,243011,6Hd3xhv1sj3rlojjvGLkGR,https://open.spotify.com/artist/6Hd3xhv1sj3rlojjvGLkGR,Q442456,Black Box Recorder,London,United Kingdom,London,reported_place,accepted_exact_name,
223,Smokie,1611813,728999,5rIqOJspxDq89aBBCUda1X,https://open.spotify.com/artist/5rIqOJspxDq89aBBCUda1X,Q815849,Smokie,Q22905,United Kingdom,Bradford,reviewed_override,accepted_exact_name,formation place is an unresolved Wikidata ID
224,The Jam,1609992,862279,2P560DaOMNDUACoH8ZhOCR,https://open.spotify.com/artist/2P560DaOMNDUACoH8ZhOCR,Q916461,The Jam,Woking,United Kingdom,Woking,reported_place,accepted_exact_name,
225,Londonbeat,1590343,72136,0gcMPgunYh4rX1UOdvZKBn,https://open.spotify.com/artist/0gcMPgunYh4rX1UOdvZKBn,Q1869183,Londonbeat,United States,United Kingdom,United States,reported_place,accepted_exact_name,
226,Jethro Tull,1535908,2025126,6w6z8m4WXX7Tub4Rb6Lu7R,https://open.spotify.com/artist/6w6z8m4WXX7Tub4Rb6Lu7R,Q192353,Jethro Tull,Luton,United Kingdom,Luton,reported_place,accepted_exact_name,
227,Saint Etienne,1513825,195555,1N2FgBLehaq77UEdJhCt7f,https://open.spotify.com/artist/1N2FgBLehaq77UEdJhCt7f,Q1430158,Saint Etienne,Croydon,United Kingdom,Croydon,reported_place,accepted_exact_name,
228,Skindred,1507719,681458,3jTlKw98Ql1jGRPYqhqHap,https://open.spotify.com/artist/3jTlKw98Ql1jGRPYqhqHap,Q973760,Skindred,Newport,United Kingdom,Newport,reported_place,accepted_exact_name,
229,NERO,1501385,808732,4uRYpUQZrNrY5t8tAv3XrD,https://open.spotify.com/artist/4uRYpUQZrNrY5t8tAv3XrD,Q1066310,Nero,London,United Kingdom,London,reported_place,accepted_exact_name,
230,Manfred Mann's Earth Band,1497096,487796,2utNxkLhreF1oIfO8kQT3q,https://open.spotify.com/artist/2utNxkLhreF1oIfO8kQT3q,Q1926913,Manfred Mann's Earth Band,London,United Kingdom,London,reported_place,accepted_exact_name,
231,Five,1473171,551020,6rEzedK7cKWjeQWdAYvWVG,https://open.spotify.com/artist/6rEzedK7cKWjeQWdAYvWVG,Q24791,Five,London,United Kingdom,London,reported_place,accepted_exact_name,
232,WSTRN,1459546,335397,5nSAh3wlH7VaqpnkiMjzDs,https://open.spotify.com/artist/5nSAh3wlH7VaqpnkiMjzDs,Q21475095,WSTRN,,United Kingdom,,unresolved_generic_or_missing,accepted_exact_name,origin unresolved
233,Dario G,1447823,37747,3Eo78i1MPfle0XVjMvia8A,https://open.spotify.com/artist/3Eo78i1MPfle0XVjMvia8A,Q1165942,Dario G,,United Kingdom,,unresolved_generic_or_missing,accepted_exact_name,origin unresolved
234,The Specials,1432373,741585,6xnvNmSzmeOE1bLKnYXKW3,https://open.spotify.com/artist/6xnvNmSzmeOE1bLKnYXKW3,Q19057,The Specials,Coventry,United Kingdom,Coventry,reported_place,accepted_exact_name,
235,The Real Thing,1425692,112151,1NUD5By34MFynmuUynCfSj,https://open.spotify.com/artist/1NUD5By34MFynmuUynCfSj,Q458284,The Real Thing,Liverpool,United Kingdom,Liverpool,reported_place,accepted_exact_name,
236,Sneaker Pimps,1412387,342340,1EJWNhiYbOyeUHbsS7Kp1P,https://open.spotify.com/artist/1EJWNhiYbOyeUHbsS7Kp1P,Q1754009,Sneaker Pimps,Hartlepool,England|United Kingdom,Hartlepool,reported_place,accepted_exact_name,
237,Johnny Hates Jazz,1399373,249325,6zpPKMhpOoG646kJgZ7RKf,https://open.spotify.com/artist/6zpPKMhpOoG646kJgZ7RKf,Q1294961,Johnny Hates Jazz,London,United Kingdom,London,reported_place,accepted_exact_name,
238,Procol Harum,1385101,564567,0GbqW5TJr7n4is453VOY4C,https://open.spotify.com/artist/0GbqW5TJr7n4is453VOY4C,Q214486,Procol Harum,Southend-on-Sea,United Kingdom,Southend-on-Sea,reported_place,accepted_exact_name,
239,Marillion,1370532,554699,7ai5TWiOG8g9Hds5AATS28,https://open.spotify.com/artist/7ai5TWiOG8g9Hds5AATS28,Q678410,Marillion,Aylesbury,United Kingdom,Aylesbury,reported_place,accepted_exact_name,
240,EMF,1351005,106882,39oSLGo3HkaeYXzUEGgAGQ,https://open.spotify.com/artist/39oSLGo3HkaeYXzUEGgAGQ,Q503037,EMF,Cinderford,United Kingdom,Cinderford,reported_place,accepted_exact_name,
241,Biffy Clyro,1330864,792584,1km0R7wy712AzLkA1WjKET,https://open.spotify.com/artist/1km0R7wy712AzLkA1WjKET,Q858365,Biffy Clyro,Kilmarnock,United Kingdom,Kilmarnock,reported_place,accepted_exact_name,
242,Blossoms,1329106,515545,22RISwgVJyZu9lpqAcv1F5,https://open.spotify.com/artist/22RISwgVJyZu9lpqAcv1F5,Q23057702,Blossoms,Stockport,United Kingdom,Manchester,editorial_city_cluster,accepted_exact_name,
243,A1,1308390,574084,5lPsVvHVDr6R5mDxRUXdOs,https://open.spotify.com/artist/5lPsVvHVDr6R5mDxRUXdOs,Q279634,a1,London,United Kingdom,London,reported_place,accepted_exact_name,
244,The Last Shadow Puppets,1305891,1251280,2Z7UcsdweVlRbAk5wH5fsf,https://open.spotify.com/artist/2Z7UcsdweVlRbAk5wH5fsf,Q862520,The Last Shadow Puppets,Sheffield,United Kingdom,Sheffield,reported_place,accepted_exact_name,
245,Right Said Fred,1289669,75075,15ajdFAi5bjj5pS9laBfBL,https://open.spotify.com/artist/15ajdFAi5bjj5pS9laBfBL,Q427469,Right Said Fred,East Grinstead,United Kingdom,East Grinstead,reported_place,accepted_exact_name,
246,Jadu Heart,1279776,169564,7vjRpVXoecwKTEsrb9iscj,https://open.spotify.com/artist/7vjRpVXoecwKTEsrb9iscj,Q110863918,Jadu Heart,,United Kingdom,,unresolved_generic_or_missing,accepted_exact_name,origin unresolved
247,KNEECAP,1263438,558490,1ZVACPeq7ccGCoUXwtafUU,https://open.spotify.com/artist/1ZVACPeq7ccGCoUXwtafUU,Q65327538,Kneecap,Belfast,Northern Ireland|United Kingdom,Belfast,reported_place,accepted_exact_name,
248,Editors,1241937,786142,6e9wIFWhBPHLE9bXK8gtBI,https://open.spotify.com/artist/6e9wIFWhBPHLE9bXK8gtBI,Q570393,Editors,Birmingham|Stafford,United Kingdom,,unresolved_multiple_places,accepted_exact_name,origin unresolved
249,The Ting Tings,1233876,445083,2wvUfjKGoXvcnDHq7GgMOa,https://open.spotify.com/artist/2wvUfjKGoXvcnDHq7GgMOa,Q219939,The Ting Tings,Salford,United Kingdom,Manchester,editorial_city_cluster,accepted_exact_name,
250,Sex Pistols,1231532,2087179,1u7kkVrr14iBvrpYnZILJR,https://open.spotify.com/artist/1u7kkVrr14iBvrpYnZILJR,Q82545,Sex Pistols,London,United Kingdom,London,reported_place,accepted_exact_name,
251,Kero Kero Bonito,1201107,611925,6OqhFYFJDnBBHas02HopPT,https://open.spotify.com/artist/6OqhFYFJDnBBHas02HopPT,Q19370850,Kero Kero Bonito,London,United Kingdom,London,reported_place,accepted_exact_name,
252,Pilot,1181505,78328,6PwcexHTG0qJWQQwp05Bpm,https://open.spotify.com/artist/6PwcexHTG0qJWQQwp05Bpm,Q1753527,Pilot,Edinburgh,United Kingdom,Edinburgh,reported_place,accepted_exact_name,
253,Skunk Anansie,1179800,449680,5HlXA01kcjssYDT7EoqUJF,https://open.spotify.com/artist/5HlXA01kcjssYDT7EoqUJF,Q167977,Skunk Anansie,London,United Kingdom,London,reported_place,accepted_exact_name,
254,Boards of Canada,1177186,844402,2VAvhf61GgLYmC6C8anyX1,https://open.spotify.com/artist/2VAvhf61GgLYmC6C8anyX1,Q722778,Boards of Canada,Edinburgh,United Kingdom,Edinburgh,reported_place,accepted_exact_name,
255,Primal Scream,1165795,590819,3wury2nd8idV4GecUg5xze,https://open.spotify.com/artist/3wury2nd8idV4GecUg5xze,Q666697,Primal Scream,Glasgow,United Kingdom,Glasgow,reported_place,accepted_exact_name,
256,Ultravox,1162862,609815,3iUjRVvYCsMfz7tuAQtBDI,https://open.spotify.com/artist/3iUjRVvYCsMfz7tuAQtBDI,Q316485,Ultravox,London,United Kingdom,London,reported_place,accepted_exact_name,
257,N-Trance,1162155,82658,45InkbGypoMk5nVX6dsHkt,https://open.spotify.com/artist/45InkbGypoMk5nVX6dsHkt,Q1959629,N-Trance,Oldham,United Kingdom,Oldham,reported_place,accepted_exact_name,
258,South Arcade,1151351,332563,3vEL65ycUboLH76pgdtqlF,https://open.spotify.com/artist/3vEL65ycUboLH76pgdtqlF,Q131762147,South Arcade,,England,,unresolved_generic_or_missing,accepted_exact_name,origin unresolved
259,Belle and Sebastian,1141204,747098,4I2BJf80C0skQpp1sQmA0h,https://open.spotify.com/artist/4I2BJf80C0skQpp1sQmA0h,Q691568,Belle and Sebastian,Glasgow,United Kingdom,Glasgow,reported_place,accepted_exact_name,
260,"Emerson, Lake & Palmer",1139758,1194686,0nCiidE5GgDrc5kWN3NZgZ,https://open.spotify.com/artist/0nCiidE5GgDrc5kWN3NZgZ,Q273171,"Emerson, Lake & Palmer",Croydon|London,England|United Kingdom,,unresolved_multiple_places,accepted_exact_name,origin unresolved
261,Badfinger,1128068,471790,4pJCawaKSZ40EnxN0YEYw3,https://open.spotify.com/artist/4pJCawaKSZ40EnxN0YEYw3,Q798993,Badfinger,Swansea,United Kingdom,Swansea,reported_place,accepted_exact_name,
262,PRESIDENT,1108071,247203,40nPYop0FOD9Syyu5y4dAU,https://open.spotify.com/artist/40nPYop0FOD9Syyu5y4dAU,Q135218611,President,,United Kingdom,,unresolved_generic_or_missing,accepted_exact_name,origin unresolved
263,The Spencer Davis Group,1087690,317136,3i9hP422d2KMjaupTzBNVS,https://open.spotify.com/artist/3i9hP422d2KMjaupTzBNVS,Q1049145,The Spencer Davis Group,Birmingham,United Kingdom,Birmingham,reported_place,accepted_exact_name,
264,Imagination,1083676,139019,2CkhxuagMCG9uvlbKm5G3m,https://open.spotify.com/artist/2CkhxuagMCG9uvlbKm5G3m,Q142904,Imagination,London,United Kingdom,London,reported_place,accepted_exact_name,
265,The Beautiful South,1074612,498337,4fomCZiFUMX73KJ0YQ0V90,https://open.spotify.com/artist/4fomCZiFUMX73KJ0YQ0V90,Q1757677,The Beautiful South,Kingston upon Hull,United Kingdom,Kingston upon Hull,reported_place,accepted_exact_name,
266,Spacehog,1073095,164649,3NZE8jDD2cCzd4vUyZ5CQQ,https://open.spotify.com/artist/3NZE8jDD2cCzd4vUyZ5CQQ,Q339626,Spacehog,New York City,United Kingdom,New York City,reported_place,accepted_exact_name,
267,Manfred Mann,1070103,421269,5670CyWrIOA7702gNjsGMZ,https://open.spotify.com/artist/5670CyWrIOA7702gNjsGMZ,Q319265,Manfred Mann,,United Kingdom,,unresolved_generic_or_missing,accepted_exact_name,origin unresolved
268,Caskets,1063882,255906,2XIbOWDT5vZPW7jNyzdfcK,https://open.spotify.com/artist/2XIbOWDT5vZPW7jNyzdfcK,Q107981908,Caskets,,United Kingdom,,unresolved_generic_or_missing,accepted_exact_name,origin unresolved
269,IDLES,1060008,893225,75mafsNqNE1WSEVxIKuY5C,https://open.spotify.com/artist/75mafsNqNE1WSEVxIKuY5C,Q39070668,Idles,Bristol,United Kingdom,Bristol,reported_place,accepted_exact_name,
270,Koven,1057644,149136,3UCbp6D1lvILlxRJT9LnFa,https://open.spotify.com/artist/3UCbp6D1lvILlxRJT9LnFa,Q106091172,Koven,,United Kingdom,,unresolved_generic_or_missing,accepted_exact_name,origin unresolved
271,Mis-Teeq,1053166,147133,6csA2rxNLkQJXeEa7lyGXn,https://open.spotify.com/artist/6csA2rxNLkQJXeEa7lyGXn,Q1303048,Mis-Teeq,London,United Kingdom,London,reported_place,accepted_exact_name,
272,UFO,1051240,669681,2Omy3P5hFZym7FKum1JA1s,https://open.spotify.com/artist/2Omy3P5hFZym7FKum1JA1s,Q251657,UFO,London,United Kingdom,London,reported_place,accepted_exact_name,
273,White Lies,1046821,560678,6ssXMmc5EOUrauZxirM910,https://open.spotify.com/artist/6ssXMmc5EOUrauZxirM910,Q1331605,White Lies,Ealing,United Kingdom,Ealing,reported_place,accepted_exact_name,
274,The Vaccines,1042137,807443,0Ak6DLKHtpR6TEEnmcorKA,https://open.spotify.com/artist/0Ak6DLKHtpR6TEEnmcorKA,Q1458872,The Vaccines,London,United Kingdom,London,reported_place,accepted_exact_name,
275,Modern English,1039829,242915,0fYPQBOx0vsRMmjUba9HgF,https://open.spotify.com/artist/0fYPQBOx0vsRMmjUba9HgF,Q1691644,Modern English,Colchester,United Kingdom,Colchester,reported_place,accepted_exact_name,
276,The Lightning Seeds,1037603,189073,67YNiSqhrx1P8oPvIIvbP5,https://open.spotify.com/artist/67YNiSqhrx1P8oPvIIvbP5,Q1973228,The Lightning Seeds,Liverpool,United Kingdom,Liverpool,reported_place,accepted_exact_name,
277,King Crimson,1036506,1414122,7M1FPw29m5FbicYzS2xdpi,https://open.spotify.com/artist/7M1FPw29m5FbicYzS2xdpi,Q189382,King Crimson,England,United Kingdom,,unresolved_generic_or_missing,accepted_exact_name,origin unresolved
278,Squeeze,1034511,369318,6Jrj26oAY96EEC2lqC6fua,https://open.spotify.com/artist/6Jrj26oAY96EEC2lqC6fua,Q591279,Squeeze,London,United Kingdom,London,reported_place,accepted_exact_name,
279,ABC,1028147,431631,2s79xe5F6eUQkjwjww27Fh,https://open.spotify.com/artist/2s79xe5F6eUQkjwjww27Fh,Q287078,ABC,Sheffield,United Kingdom,Sheffield,reported_place,accepted_exact_name,
280,Ace,1026309,40060,6QNkSI0c63lCTNXpHDBiqP,https://open.spotify.com/artist/6QNkSI0c63lCTNXpHDBiqP,Q339889,Ace,Sheffield,United Kingdom,Sheffield,reported_place,accepted_exact_name,
281,Busted,1009124,307292,3Z6IRCo7umuk8K2XQy0ZDj,https://open.spotify.com/artist/3Z6IRCo7umuk8K2XQy0ZDj,Q826185,Busted,Southend-on-Sea,United Kingdom,Southend-on-Sea,reported_place,accepted_exact_name,
282,Girls Aloud,996906,552875,12EtLdLfJ41vUOoVzPZIUy,https://open.spotify.com/artist/12EtLdLfJ41vUOoVzPZIUy,Q205473,Girls Aloud,London,United Kingdom,London,reported_place,accepted_exact_name,
283,Bear's Den,996827,345964,0nJaMZM8paoA5HEUTUXPqi,https://open.spotify.com/artist/0nJaMZM8paoA5HEUTUXPqi,Q18357134,Bear's Den,London,United Kingdom,London,reported_place,accepted_exact_name,
284,Noah And The Whale,995813,469876,0aeLcja6hKzb7Uz2ou7ulP,https://open.spotify.com/artist/0aeLcja6hKzb7Uz2ou7ulP,Q1811037,Noah and the Whale,London,United Kingdom,London,reported_place,accepted_exact_name,
285,Il Divo,977922,966587,3KNZ9AOjBajjmr6ZR2VGfl,https://open.spotify.com/artist/3KNZ9AOjBajjmr6ZR2VGfl,Q269813,Il Divo,United Kingdom,United Kingdom,,unresolved_generic_or_missing,accepted_exact_name,origin unresolved
286,The Jesus and Mary Chain,975001,578109,4rjlerN21ygkIhmUv55irs,https://open.spotify.com/artist/4rjlerN21ygkIhmUv55irs,Q1126301,The Jesus and Mary Chain,East Kilbride,United Kingdom,East Kilbride,reported_place,accepted_exact_name,
287,Bombay Bicycle Club,970928,881071,3pTE9iaJTkWns3mxpNQlJV,https://open.spotify.com/artist/3pTE9iaJTkWns3mxpNQlJV,Q891829,Bombay Bicycle Club,Crouch End,United Kingdom,Crouch End,reported_place,accepted_exact_name,
288,You Me At Six,967721,698799,1kNQXvepPjaPgUfeDAF2h6,https://open.spotify.com/artist/1kNQXvepPjaPgUfeDAF2h6,Q1512507,You Me at Six,Weybridge,United Kingdom,Weybridge,reported_place,accepted_exact_name,
289,McFly,964171,515965,47izDDvtOxxz3FzHYuUptd,https://open.spotify.com/artist/47izDDvtOxxz3FzHYuUptd,Q223768,McFly,England,United Kingdom,,unresolved_generic_or_missing,accepted_exact_name,origin unresolved
290,Go West,925778,281420,7bKupnlF7XOfR1En3K8oAL,https://open.spotify.com/artist/7bKupnlF7XOfR1En3K8oAL,Q1533399,Go West,London,United Kingdom,London,reported_place,accepted_exact_name,
291,Traffic,924163,664568,1CD77o9fbdyQFrHnUPUEsF,https://open.spotify.com/artist/1CD77o9fbdyQFrHnUPUEsF,Q1048439,Traffic,Birmingham,United Kingdom,Birmingham,reported_place,accepted_exact_name,
292,Cornershop,920853,85161,3Kf7VEIRWquxrNIuyJZnfF,https://open.spotify.com/artist/3Kf7VEIRWquxrNIuyJZnfF,Q1134101,Cornershop,Leicester,United Kingdom,Leicester,reported_place,accepted_exact_name,
293,Hot Chip,912686,723814,37uLId6Z5ZXCx19vuruvv5,https://open.spotify.com/artist/37uLId6Z5ZXCx19vuruvv5,Q877512,Hot Chip,London,United Kingdom,London,reported_place,accepted_exact_name,
294,The Libertines,911120,943427,4fSPtBgFPZzygkY6MehwQ7,https://open.spotify.com/artist/4fSPtBgFPZzygkY6MehwQ7,Q214350,The Libertines,London,United Kingdom,London,reported_place,accepted_exact_name,
295,Heatwave,907968,515706,6D7h7R79IZjqJC2GM2wzyY,https://open.spotify.com/artist/6D7h7R79IZjqJC2GM2wzyY,Q1592619,Heatwave,London,United Kingdom,London,reported_place,accepted_exact_name,
296,Manic Street Preachers,893282,751312,2uH0RyPcX7fnCcT90HFDQX,https://open.spotify.com/artist/2uH0RyPcX7fnCcT90HFDQX,Q217025,Manic Street Preachers,Blackwood,United Kingdom,Blackwood,reported_place,accepted_exact_name,
297,Elbow,891884,578182,0TJB3EE2efClsYIDQ8V2Jk,https://open.spotify.com/artist/0TJB3EE2efClsYIDQ8V2Jk,Q665798,Elbow,Ramsbottom,United Kingdom,Ramsbottom,reported_place,accepted_exact_name,
298,JADED,891067,55678,6tCJN1fQNdFCEaOa8Da9Wf,https://open.spotify.com/artist/6tCJN1fQNdFCEaOa8Da9Wf,Q47006918,Jaded,,United Kingdom,,unresolved_generic_or_missing,accepted_exact_name,origin unresolved
299,The Troggs,883780,337104,57xdnSVt4ahJCIXYLieQ25,https://open.spotify.com/artist/57xdnSVt4ahJCIXYLieQ25,Q943253,The Troggs,Andover,United Kingdom,Andover,reported_place,accepted_exact_name,
300,Breathe,876466,38500,1MNeXu0284O7mQWgF1YRc0,https://open.spotify.com/artist/1MNeXu0284O7mQWgF1YRc0,Q2307431,Breathe,,United Kingdom,,unresolved_generic_or_missing,accepted_exact_name,origin unresolved
301,Orbital,874037,416016,3csPCeXsj2wezyvkRFzvmV,https://open.spotify.com/artist/3csPCeXsj2wezyvkRFzvmV,Q515942,Orbital,Sevenoaks,United Kingdom,Sevenoaks,reported_place,accepted_exact_name,
302,Academy of Ancient Music,863103,46459,60adCptqwRkANTtVja0bvf,https://open.spotify.com/artist/60adCptqwRkANTtVja0bvf,Q337310,Academy of Ancient Music,,United Kingdom,,unresolved_generic_or_missing,accepted_exact_name,origin unresolved
303,Crystal Fighters,846287,356161,75EZuo5MHV2572NRpMWotC,https://open.spotify.com/artist/75EZuo5MHV2572NRpMWotC,Q526130,Crystal Fighters,London,United Kingdom,London,reported_place,accepted_exact_name,
304,Herman's Hermits,843685,542791,48YxSlb23RAaCd4RyHcV9V,https://open.spotify.com/artist/48YxSlb23RAaCd4RyHcV9V,Q693597,Herman's Hermits,Manchester,United Kingdom,Manchester,reported_place,accepted_exact_name,
305,La Serenissima,840773,10706,15PIcAgtP1zCipRK3sniUN,https://open.spotify.com/artist/15PIcAgtP1zCipRK3sniUN,Q6465241,La Serenissima,,United Kingdom,,unresolved_generic_or_missing,accepted_exact_name,origin unresolved
306,Floetry,834779,827023,0un6YenPxWZ2VW4aFGMupM,https://open.spotify.com/artist/0un6YenPxWZ2VW4aFGMupM,Q3937955,Floetry,Liverpool,United Kingdom,Liverpool,reported_place,accepted_exact_name,
307,Average White Band,830950,473616,3tx8fyu3c4OBP5nejYtUOb,https://open.spotify.com/artist/3tx8fyu3c4OBP5nejYtUOb,Q583556,Average White Band,Dundee,United Kingdom,Dundee,reported_place,accepted_exact_name,
308,Elvis Costello & The Attractions,830368,329467,4qmHkMxr6pTWh5Zo74odpH,https://open.spotify.com/artist/4qmHkMxr6pTWh5Zo74odpH,Q7714866,Elvis Costello & the Attractions,England,United Kingdom,,unresolved_generic_or_missing,accepted_exact_name,origin unresolved
309,Del Amitri,827530,117032,2Q4FnG5T6NTUcAAZwuMV5K,https://open.spotify.com/artist/2Q4FnG5T6NTUcAAZwuMV5K,Q1183784,Del Amitri,Glasgow,United Kingdom,Glasgow,reported_place,accepted_exact_name,
310,Courteeners,819255,366021,1NfJU4hy56Z4UM4iyIa1B2,https://open.spotify.com/artist/1NfJU4hy56Z4UM4iyIa1B2,Q1352997,Courteeners,Middleton,United Kingdom,Middleton,reported_place,accepted_exact_name,
311,Wasia Project,815222,394807,7poQNrOwZoUcoqihg4Xex0,https://open.spotify.com/artist/7poQNrOwZoUcoqihg4Xex0,Q111865044,Wasia Project,,United Kingdom,,unresolved_generic_or_missing,accepted_exact_name,origin unresolved
312,Climie Fisher,814321,91736,3bpvhFSIErguVNQUiutctF,https://open.spotify.com/artist/3bpvhFSIErguVNQUiutctF,Q1101485,Climie Fisher,London,United Kingdom,London,reported_place,accepted_exact_name,
313,Kokoroko,813289,405946,3u9rbdcmA6CxjxOAkjaeFr,https://open.spotify.com/artist/3u9rbdcmA6CxjxOAkjaeFr,Q104870323,Kokoroko,London,United Kingdom,London,reported_place,accepted_exact_name,
314,Bauhaus,808555,1137691,5N5tQ9Dx1h8Od7aRmGj7Fi,https://open.spotify.com/artist/5N5tQ9Dx1h8Od7aRmGj7Fi,Q180582,Bauhaus,Northampton,United Kingdom,Northampton,reported_place,accepted_exact_name,
315,Kajagoogoo,797085,292881,0f3kLT4wvi2mFHlHJgV8Hl,https://open.spotify.com/artist/0f3kLT4wvi2mFHlHJgV8Hl,Q608271,Kajagoogoo,Leighton Buzzard,United Kingdom,Leighton Buzzard,reported_place,accepted_exact_name,
316,Steps,796161,446647,17UkABEasVRlCcIFZ3wHb7,https://open.spotify.com/artist/17UkABEasVRlCcIFZ3wHb7,Q1457831,Steps,London,United Kingdom,London,reported_place,accepted_exact_name,
317,Klaxons,791164,327144,2qlAMLpUyBjZgnzuFXXZXI,https://open.spotify.com/artist/2qlAMLpUyBjZgnzuFXXZXI,Q840882,Klaxons,London,United Kingdom,London,reported_place,accepted_exact_name,
318,Ultrabeat,767735,60158,596ByjVYnslGJIHxEBGjF8,https://open.spotify.com/artist/596ByjVYnslGJIHxEBGjF8,Q4356488,Ultrabeat,Liverpool,United Kingdom,Liverpool,reported_place,accepted_exact_name,
319,Enter Shikari,764839,522047,31jvzuB4ikftPQZJwrYfCF,https://open.spotify.com/artist/31jvzuB4ikftPQZJwrYfCF,Q912581,Enter Shikari,St Albans,United Kingdom,St Albans,reported_place,accepted_exact_name,
320,M People,762770,281163,3lcbKPLl0ci2mKRdcP5Etf,https://open.spotify.com/artist/3lcbKPLl0ci2mKRdcP5Etf,Q1882185,M People,Manchester,United Kingdom,Manchester,reported_place,accepted_exact_name,
321,IAMX,750077,246831,223iUzG0kb5V166FJP9ovD,https://open.spotify.com/artist/223iUzG0kb5V166FJP9ovD,Q1990235,IAMX,United Kingdom,United Kingdom,,unresolved_generic_or_missing,accepted_exact_name,origin unresolved
322,"Black Country, New Road",741988,492540,3PP6ghmOlDl2jaKaH0avUN,https://open.spotify.com/artist/3PP6ghmOlDl2jaKaH0avUN,Q66759333,"Black Country, New Road",Cambridgeshire,United Kingdom,Cambridgeshire,reported_place,accepted_exact_name,
323,While She Sleeps,740851,528146,38LdIuxB548zgHoEY2AN7a,https://open.spotify.com/artist/38LdIuxB548zgHoEY2AN7a,Q2543938,While She Sleeps,Sheffield,United Kingdom,Sheffield,reported_place,accepted_exact_name,
324,The Dream Academy,735488,81792,1JVoO5bwfU8GNuAZLpBoHe,https://open.spotify.com/artist/1JVoO5bwfU8GNuAZLpBoHe,Q2002188,The Dream Academy,London,United Kingdom,London,reported_place,accepted_exact_name,
325,Suede,713390,569692,6PHIK3kjWggLtVygsOtpqS,https://open.spotify.com/artist/6PHIK3kjWggLtVygsOtpqS,Q826255,Suede,London,United Kingdom,London,reported_place,accepted_exact_name,
326,Circa Waves,708315,319278,6hl5k4gLl1p3sjhHcb57t2,https://open.spotify.com/artist/6hl5k4gLl1p3sjhHcb57t2,Q18205953,Circa Waves,Liverpool,United Kingdom,Liverpool,reported_place,accepted_exact_name,
327,The Coral,707737,287640,6OiHleP2bHM18dXq4aZQWt,https://open.spotify.com/artist/6OiHleP2bHM18dXq4aZQWt,Q1777045,The Coral,Hoylake,United Kingdom,Hoylake,reported_place,accepted_exact_name,
328,XTC,705276,391755,2qT62DYO8Ajb276vUJmvhz,https://open.spotify.com/artist/2qT62DYO8Ajb276vUJmvhz,Q1413926,XTC,Swindon,United Kingdom,Swindon,reported_place,accepted_exact_name,
329,Audio Bullys,701846,83213,5kwHgbzNHq1iHkUSrAmjjQ,https://open.spotify.com/artist/5kwHgbzNHq1iHkUSrAmjjQ,Q758846,Audio Bullys,London,United Kingdom,London,reported_place,accepted_exact_name,
330,The Saturdays,701836,736766,15qI5w4XJFLRMwOp2VrlD5,https://open.spotify.com/artist/15qI5w4XJFLRMwOp2VrlD5,Q756220,The Saturdays,London,United Kingdom,London,reported_place,accepted_exact_name,
331,piri & tommy,690910,45851,2U6J9Q89i1TNhesKreFD65,https://open.spotify.com/artist/2U6J9Q89i1TNhesKreFD65,Q115816501,piri & tommy,,United Kingdom,,unresolved_generic_or_missing,accepted_exact_name,origin unresolved
332,Alestorm,684120,746082,3OpqU68JpZlzvjAJj3B2Da,https://open.spotify.com/artist/3OpqU68JpZlzvjAJj3B2Da,Q758934,Alestorm,Perth,United Kingdom,Perth,reported_place,accepted_exact_name,
333,Feeder,679131,262471,0ZZr6Y49NZWRJc0uCwqpMR,https://open.spotify.com/artist/0ZZr6Y49NZWRJc0uCwqpMR,Q1049555,Feeder,Newport,United Kingdom,Newport,reported_place,accepted_exact_name,
334,Dusky,666537,133667,5gqoUf9vKKv96b1c0GBKwu,https://open.spotify.com/artist/5gqoUf9vKKv96b1c0GBKwu,Q16249370,Dusky,,United Kingdom,,unresolved_generic_or_missing,accepted_exact_name,origin unresolved
335,Uriah Heep,659174,860808,45O9BwPMyywM755SYUK0sP,https://open.spotify.com/artist/45O9BwPMyywM755SYUK0sP,Q108666,Uriah Heep,London,United Kingdom,London,reported_place,accepted_exact_name,
336,The Longest Johns,653167,272973,5k979N1TnPncUyqlXlaRSv,https://open.spotify.com/artist/5k979N1TnPncUyqlXlaRSv,Q104759060,The Longest Johns,Bristol,United Kingdom,Bristol,reported_place,accepted_exact_name,
337,Happy Mondays,652616,462546,339DNkQkuhHKEcHw6oK8f0,https://open.spotify.com/artist/339DNkQkuhHKEcHw6oK8f0,Q1141495,Happy Mondays,Little Hulton,United Kingdom,Little Hulton,reported_place,accepted_exact_name,
338,Gunship,646183,298392,3PALZKWkpwjRvBsRmhlVSS,https://open.spotify.com/artist/3PALZKWkpwjRvBsRmhlVSS,Q28146294,Gunship,,United Kingdom,,unresolved_generic_or_missing,accepted_exact_name,origin unresolved
339,Magoo,639865,22094,7pv3MRGkgkXa9Qn8sMctxT,https://open.spotify.com/artist/7pv3MRGkgkXa9Qn8sMctxT,Q6732352,Magoo,Norfolk,United Kingdom,Norfolk,reported_place,accepted_exact_name,
340,Buzzcocks,638182,490422,2DxlS3lTLFIq70S7ap5H3y,https://open.spotify.com/artist/2DxlS3lTLFIq70S7ap5H3y,Q939329,Buzzcocks,Bolton,United Kingdom,Bolton,reported_place,accepted_exact_name,
341,Arctic Lake,637713,65681,0IEPb9ily3E5IAYMSkwtQ6,https://open.spotify.com/artist/0IEPb9ily3E5IAYMSkwtQ6,Q93890774,Arctic Lake,,United Kingdom,,unresolved_generic_or_missing,accepted_exact_name,origin unresolved
342,Ladytron,637497,333134,0ucLPotcQNI7AViFytdhBz,https://open.spotify.com/artist/0ucLPotcQNI7AViFytdhBz,Q831841,Ladytron,Liverpool,United Kingdom,Liverpool,reported_place,accepted_exact_name,
343,Tin Tin Out,633305,5681,1a5l3fWnzmaK7gDD2IkbHq,https://open.spotify.com/artist/1a5l3fWnzmaK7gDD2IkbHq,Q1749463,Tin Tin Out,,United Kingdom,,unresolved_generic_or_missing,accepted_exact_name,origin unresolved
344,Delta Heavy,632637,190365,7GvVTb8yFV0ZrdI30Qce6T,https://open.spotify.com/artist/7GvVTb8yFV0ZrdI30Qce6T,Q16864855,Delta Heavy,,United Kingdom,,unresolved_generic_or_missing,accepted_exact_name,origin unresolved
345,The Style Council,626814,368853,3loflELg7MzgrOyNqERolN,https://open.spotify.com/artist/3loflELg7MzgrOyNqERolN,Q676522,The Style Council,London,United Kingdom,London,reported_place,accepted_exact_name,
346,Big Country,622663,271022,1h8YIw9HLr6E8gdXVDRbVJ,https://open.spotify.com/artist/1h8YIw9HLr6E8gdXVDRbVJ,Q858738,Big Country,Dunfermline,United Kingdom,Dunfermline,reported_place,accepted_exact_name,
347,New Hope Club,617401,986109,2WuKU0SYZOQyY3MmE4vtez,https://open.spotify.com/artist/2WuKU0SYZOQyY3MmE4vtez,Q28677824,New Hope Club,Manchester,United Kingdom,Manchester,reported_place,accepted_exact_name,
348,Lovejoy,617221,1099469,33tFkBLsl6f8TjKkV0uF0C,https://open.spotify.com/artist/33tFkBLsl6f8TjKkV0uF0C,Q109558113,Lovejoy,,United Kingdom,,unresolved_generic_or_missing,accepted_exact_name,origin unresolved
349,Deacon Blue,612759,256096,5jqKIZLB5WA5KquEihB3ND,https://open.spotify.com/artist/5jqKIZLB5WA5KquEihB3ND,Q1180767,Deacon Blue,Glasgow,United Kingdom,Glasgow,reported_place,accepted_exact_name,
350,Slade,612385,473230,10n5lhNDoSMUHWLlnST1yw,https://open.spotify.com/artist/10n5lhNDoSMUHWLlnST1yw,Q156872,Slade,Wolverhampton,United Kingdom,Wolverhampton,reported_place,accepted_exact_name,
351,Freemasons,607845,65062,49H2dQUNhIlso7VNkS8nFR,https://open.spotify.com/artist/49H2dQUNhIlso7VNkS8nFR,Q1453598,Freemasons,Brighton,United Kingdom,Brighton,reported_place,accepted_exact_name,
352,Ocean Colour Scene,606956,454701,5vIOGcdmx1eIkq3ZtuS12U,https://open.spotify.com/artist/5vIOGcdmx1eIkq3ZtuS12U,Q1332158,Ocean Colour Scene,Birmingham,United Kingdom,Birmingham,reported_place,accepted_exact_name,
353,Aquilo,602693,328001,26GHRG8x1F4AzbCKzUaIbw,https://open.spotify.com/artist/26GHRG8x1F4AzbCKzUaIbw,Q17279149,Aquilo,,United Kingdom,,unresolved_generic_or_missing,accepted_exact_name,origin unresolved
354,Fiction Factory,601160,34517,6T6T5RCps6bHzTSDq8pyFj,https://open.spotify.com/artist/6T6T5RCps6bHzTSDq8pyFj,Q664789,Fiction Factory,Perth,United Kingdom,Perth,reported_place,accepted_exact_name,
355,Mount Kimbie,601000,362804,3NUtpWpGDoffm3RCGhSHtl,https://open.spotify.com/artist/3NUtpWpGDoffm3RCGhSHtl,Q1359424,Mount Kimbie,,United Kingdom,,unresolved_generic_or_missing,accepted_exact_name,origin unresolved
356,Them,598923,155177,5BaHqGtf6UAZnHfqdPaTDA,https://open.spotify.com/artist/5BaHqGtf6UAZnHfqdPaTDA,Q1338638,Them,Belfast,Northern Ireland,Belfast,reported_place,accepted_exact_name,
357,UNKLE,596520,420500,2nszamLjZFgu3Yx77mKxuC,https://open.spotify.com/artist/2nszamLjZFgu3Yx77mKxuC,Q2032426,Unkle,London,United Kingdom,London,reported_place,accepted_exact_name,
358,LMC,593636,10262,69QKcDt724e93ZYkBSjsYP,https://open.spotify.com/artist/69QKcDt724e93ZYkBSjsYP,Q514541,LMC,,United Kingdom,,unresolved_generic_or_missing,accepted_exact_name,origin unresolved
359,JLS,591899,520107,5xi3SZpllRPAkoPVbjB6nc,https://open.spotify.com/artist/5xi3SZpllRPAkoPVbjB6nc,Q1165439,JLS,London,United Kingdom,London,reported_place,accepted_exact_name,
360,Peppa Pig,585566,199475,2gJLanGIV9JqQuKBCWy9ZG,https://open.spotify.com/artist/2gJLanGIV9JqQuKBCWy9ZG,Q938985,Peppa Pig,,United Kingdom,,unresolved_generic_or_missing,accepted_exact_name,origin unresolved
361,DON BROCO,584790,285868,1aOt6LvXOV6I8dv1A5Diia,https://open.spotify.com/artist/1aOt6LvXOV6I8dv1A5Diia,Q5292322,Don Broco,Bedford,United Kingdom,Bedford,reported_place,accepted_exact_name,
362,Steve Harley & Cockney Rebel,584745,66094,6EL5GD53kaaVgJCHgdtdLz,https://open.spotify.com/artist/6EL5GD53kaaVgJCHgdtdLz,Q1431236,Steve Harley & Cockney Rebel,London,United Kingdom,London,reported_place,accepted_exact_name,
363,Sweet Female Attitude,582178,31030,1054JdBVMCPm9VpvkUcOYX,https://open.spotify.com/artist/1054JdBVMCPm9VpvkUcOYX,Q1377724,Sweet Female Attitude,Manchester,United Kingdom,Manchester,reported_place,accepted_exact_name,
364,The Fixx,569663,284550,53RkHTcl0SJZjpzqogkBf4,https://open.spotify.com/artist/53RkHTcl0SJZjpzqogkBf4,Q1460975,The Fixx,London,United Kingdom,London,reported_place,accepted_exact_name,
365,N-Dubz,569050,307419,52Syw7gkGRePCAYvEY2X9D,https://open.spotify.com/artist/52Syw7gkGRePCAYvEY2X9D,Q1140107,N-Dubz,London,United Kingdom,London,reported_place,accepted_exact_name,
366,Aztec Camera,568826,155418,7sbwBqdkynNUDgiWU3TQ5J,https://open.spotify.com/artist/7sbwBqdkynNUDgiWU3TQ5J,Q794148,Aztec Camera,East Kilbride,United Kingdom,East Kilbride,reported_place,accepted_exact_name,
367,The Undertones,562915,274928,2WRStKp4ihGVUzlzWfv1Qt,https://open.spotify.com/artist/2WRStKp4ihGVUzlzWfv1Qt,Q1501348,The Undertones,Derry,Northern Ireland,Derry,reported_place,accepted_exact_name,
368,Binary Finary,556404,45535,5suoHSdDiYsjikHNVdYYKe,https://open.spotify.com/artist/5suoHSdDiYsjikHNVdYYKe,Q863504,Binary Finary,,United Kingdom,,unresolved_generic_or_missing,accepted_exact_name,origin unresolved
369,Climax Blues Band,545160,127118,4eeRviM714mXXeILmKHxh2,https://open.spotify.com/artist/4eeRviM714mXXeILmKHxh2,Q490339,Climax Blues Band,Stafford,United Kingdom,Stafford,reported_place,accepted_exact_name,
370,The Yardbirds,543254,1006505,2lxX1ivRYp26soIavdG9bX,https://open.spotify.com/artist/2lxX1ivRYp26soIavdG9bX,Q192725,The Yardbirds,London,United Kingdom,London,reported_place,accepted_exact_name,
371,Stereolab,542759,428315,3Rj0tDHoX7C5NFq5DKIpHt,https://open.spotify.com/artist/3Rj0tDHoX7C5NFq5DKIpHt,Q334652,Stereolab,London,United Kingdom,London,reported_place,accepted_exact_name,
372,The Staves,540680,235928,5G49Sq5mMzAkGL4ZP6eVPY,https://open.spotify.com/artist/5G49Sq5mMzAkGL4ZP6eVPY,Q7766423,The Staves,Watford,United Kingdom,Watford,reported_place,accepted_exact_name,
373,Killing Joke,538563,397648,0Zy4ncr8h1jd7Nzr9946fD,https://open.spotify.com/artist/0Zy4ncr8h1jd7Nzr9946fD,Q250421,Killing Joke,Notting Hill,United Kingdom,Notting Hill,reported_place,accepted_exact_name,
374,Doves,533297,299777,0LVrQUinPUBFvVD5pLqmWY,https://open.spotify.com/artist/0LVrQUinPUBFvVD5pLqmWY,Q126128,Doves,Wilmslow,United Kingdom,Manchester,editorial_city_cluster,accepted_exact_name,
375,Precious,530748,9402,0ZhPS80sMbmVgzOkMPKNpn,https://open.spotify.com/artist/0ZhPS80sMbmVgzOkMPKNpn,Q2094985,Precious,United Kingdom,United Kingdom,,unresolved_generic_or_missing,accepted_exact_name,origin unresolved
376,Blind Faith,529325,474336,5GUVj2b1lJ4DolQyHlzyaO,https://open.spotify.com/artist/5GUVj2b1lJ4DolQyHlzyaO,Q548656,Blind Faith,Ripley,United Kingdom,Ripley,reported_place,accepted_exact_name,
377,T'Pau,525174,223072,47qTcvYlqJGAEsCI7BcENC,https://open.spotify.com/artist/47qTcvYlqJGAEsCI7BcENC,Q398101,T'Pau,Shropshire,United Kingdom,Shropshire,reported_place,accepted_exact_name,
378,Porcupine Tree,514183,808818,5NXHXK6hOCotCF8lvGM1I0,https://open.spotify.com/artist/5NXHXK6hOCotCF8lvGM1I0,Q213923,Porcupine Tree,Hemel Hempstead,United Kingdom,Hemel Hempstead,reported_place,accepted_exact_name,
379,London Sinfonietta,511109,9271,68kuKZp7yrgzZpoh5m6dWA,https://open.spotify.com/artist/68kuKZp7yrgzZpoh5m6dWA,Q775490,London Sinfonietta,,United Kingdom,,unresolved_generic_or_missing,accepted_exact_name,origin unresolved
380,Hard-Fi,508027,200592,14Gi3Uph96lpNB3utkoVAD,https://open.spotify.com/artist/14Gi3Uph96lpNB3utkoVAD,Q1123510,Hard-Fi,Staines-upon-Thames,United Kingdom,Staines-upon-Thames,reported_place,accepted_exact_name,
381,Los Campesinos!,507510,209086,6FlOCziOXI157pvUREAh3E,https://open.spotify.com/artist/6FlOCziOXI157pvUREAh3E,Q1856023,Los Campesinos!,Cardiff,United Kingdom,Cardiff,reported_place,accepted_exact_name,
382,The Hunna,506302,268983,7jZycSvTyx0W9poD4PjEIG,https://open.spotify.com/artist/7jZycSvTyx0W9poD4PjEIG,Q27792569,The Hunna,Watford,England,Watford,reported_place,accepted_exact_name,
383,Swing Out Sister,502370,183037,4phr5rAgWhcZtWJu8w8lKv,https://open.spotify.com/artist/4phr5rAgWhcZtWJu8w8lKv,Q955863,Swing Out Sister,Manchester,United Kingdom,Manchester,reported_place,accepted_exact_name,
384,Bay City Rollers,499865,225644,3r9TXuXfOUxXjgYgAR0fP8,https://open.spotify.com/artist/3r9TXuXfOUxXjgYgAR0fP8,Q812073,Bay City Rollers,Edinburgh,Scotland,Edinburgh,reported_place,accepted_exact_name,
385,The Charlatans,498770,412618,5fScAXreYFnuqwOgBsJgSd,https://open.spotify.com/artist/5fScAXreYFnuqwOgBsJgSd,Q1542958,The Charlatans,West Midlands,United Kingdom,West Midlands,reported_place,accepted_exact_name,
386,Bury Tomorrow,497979,357588,6BD4lgmnh4vy6kkCaZRDWt,https://open.spotify.com/artist/6BD4lgmnh4vy6kkCaZRDWt,Q1017202,Bury Tomorrow,Southampton,United Kingdom,Southampton,reported_place,accepted_exact_name,
387,Olive,491693,31488,0r2TmTSwK6XAhAxNxTDOb4,https://open.spotify.com/artist/0r2TmTSwK6XAhAxNxTDOb4,Q2019953,Olive,London,United Kingdom,London,reported_place,accepted_exact_name,
388,K-Klass,486338,26378,4O1s9iVG46lSn1mD9ek1ES,https://open.spotify.com/artist/4O1s9iVG46lSn1mD9ek1ES,Q10313519,K-Klass,,England|Wales,,unresolved_generic_or_missing,accepted_exact_name,origin unresolved
389,Cradle Of Filth,484589,676119,0NTSMFFapnyZfvmCwzcYPd,https://open.spotify.com/artist/0NTSMFFapnyZfvmCwzcYPd,Q487479,Cradle of Filth,Suffolk,United Kingdom,Suffolk,reported_place,accepted_exact_name,
390,December 10,474904,104735,3QvfzWcCo67s7bhOYEz5Tr,https://open.spotify.com/artist/3QvfzWcCo67s7bhOYEz5Tr,Q137673339,December 10,,United Kingdom,,unresolved_generic_or_missing,accepted_exact_name,origin unresolved
391,TENDER,469691,164082,1I9HNoVK6kOQGVZfulXVnm,https://open.spotify.com/artist/1I9HNoVK6kOQGVZfulXVnm,Q60751165,TENDER,,United Kingdom,,unresolved_generic_or_missing,accepted_exact_name,origin unresolved
392,Gang Of Four,469462,292732,3AmWjMXXtBJOmNGpUFSOAl,https://open.spotify.com/artist/3AmWjMXXtBJOmNGpUFSOAl,Q1130624,Gang of Four,Leeds,United Kingdom,Leeds,reported_place,accepted_exact_name,
393,The Subways,467832,220739,4BntNFyiN3VGG4hhRRZt9d,https://open.spotify.com/artist/4BntNFyiN3VGG4hhRRZt9d,Q1470472,The Subways,Welwyn Garden City,United Kingdom,Welwyn Garden City,reported_place,accepted_exact_name,
394,The Big Push,466052,233766,4AOiNpcmfXTiWDB3uFszgn,https://open.spotify.com/artist/4AOiNpcmfXTiWDB3uFszgn,Q135854861,The Big Push,Brighton,United Kingdom,Brighton,reported_place,accepted_exact_name,
395,The Shadows,463312,265554,03hfAxVdAWj7kxDnSG0fLD,https://open.spotify.com/artist/03hfAxVdAWj7kxDnSG0fLD,Q212168,The Shadows,England,United Kingdom,,unresolved_generic_or_missing,accepted_exact_name,origin unresolved
396,Saxon,460256,685716,71vVmHeNgCVSa5SVmfvscU,https://open.spotify.com/artist/71vVmHeNgCVSa5SVmfvscU,Q504090,Saxon,Barnsley,United Kingdom,Barnsley,reported_place,accepted_exact_name,
397,The Damned,459791,442692,6VeL8VhaMjHTPc5uovFl3h,https://open.spotify.com/artist/6VeL8VhaMjHTPc5uovFl3h,Q940536,The Damned,London,United Kingdom,London,reported_place,accepted_exact_name,
398,Eternal,453940,128019,7zYGAXxAaq15C9eM29M8Fj,https://open.spotify.com/artist/7zYGAXxAaq15C9eM29M8Fj,Q540500,Eternal,London,United Kingdom,London,reported_place,accepted_exact_name,
399,Mott The Hoople,453631,262051,6ysQi6NI88X627t2srsWz6,https://open.spotify.com/artist/6ysQi6NI88X627t2srsWz6,Q1126287,Mott the Hoople,Herefordshire,United Kingdom,Herefordshire,reported_place,accepted_exact_name,
400,Bleed From Within,451660,289069,5ZvwJikDgdP1PFU4PkAPVG,https://open.spotify.com/artist/5ZvwJikDgdP1PFU4PkAPVG,Q883441,Bleed From Within,Glasgow,United Kingdom,Glasgow,reported_place,accepted_exact_name,
401,X-Press 2,450693,21792,1mlZXof4sEGLFspPzlQdFL,https://open.spotify.com/artist/1mlZXof4sEGLFspPzlQdFL,Q8041505,X-Press 2,London,United Kingdom,London,reported_place,accepted_exact_name,
402,Band Of Skulls,446823,272436,4ddt8PPvmWrI9mJQy1VrIG,https://open.spotify.com/artist/4ddt8PPvmWrI9mJQy1VrIG,Q2413479,Band of Skulls,Southampton,United Kingdom,Southampton,reported_place,accepted_exact_name,
403,The Hoosiers,438135,219418,4LlDtNr8qFwhrT8eL2wzH4,https://open.spotify.com/artist/4LlDtNr8qFwhrT8eL2wzH4,Q634158,The Hoosiers,Bracknell,United Kingdom,Bracknell,reported_place,accepted_exact_name,
404,Mungo's Hi Fi,436483,140154,0Ism1B2cF9NxpXAwdUCkxK,https://open.spotify.com/artist/0Ism1B2cF9NxpXAwdUCkxK,Q6936028,Mungo's Hi Fi,,United Kingdom,,unresolved_generic_or_missing,accepted_exact_name,origin unresolved
405,East 17,434704,135562,6lOC7lwSO1ql4Gc2Y3QObY,https://open.spotify.com/artist/6lOC7lwSO1ql4Gc2Y3QObY,Q1277715,East 17,Walthamstow,United Kingdom,Walthamstow,reported_place,accepted_exact_name,
406,Ash,433333,204152,2evydP72Z45DouM4uMGsIE,https://open.spotify.com/artist/2evydP72Z45DouM4uMGsIE,Q724582,Ash,Downpatrick,Northern Ireland,Downpatrick,reported_place,accepted_exact_name,
407,SOFT PLAY,433170,288282,3xByNj8XW17oW0wsJhgzYL,https://open.spotify.com/artist/3xByNj8XW17oW0wsJhgzYL,Q19604547,Soft Play,Royal Tunbridge Wells,United Kingdom,Royal Tunbridge Wells,reported_place,accepted_exact_name,
408,Small Faces,431362,358793,1YqGsKpdixxSVgpfaL2AEQ,https://open.spotify.com/artist/1YqGsKpdixxSVgpfaL2AEQ,Q222628,Small Faces,London,United Kingdom,London,reported_place,accepted_exact_name,
409,Lambrini Girls,420857,159689,6VR4TJ20WGiho2xZWMuuWb,https://open.spotify.com/artist/6VR4TJ20WGiho2xZWMuuWb,Q112123144,Lambrini Girls,,United Kingdom,,unresolved_generic_or_missing,accepted_exact_name,origin unresolved
410,Baby D,418514,20248,33ZOI0WTjYkLh5WuwucLhc,https://open.spotify.com/artist/33ZOI0WTjYkLh5WuwucLhc,Q797832,Baby D,,United Kingdom,,unresolved_generic_or_missing,accepted_exact_name,origin unresolved
411,Yard Act,416371,155450,2h3ooJn8m8X8cL2g1BZ1Rd,https://open.spotify.com/artist/2h3ooJn8m8X8cL2g1BZ1Rd,Q110269845,Yard Act,Leeds,United Kingdom,Leeds,reported_place,accepted_exact_name,
412,The Herbaliser,415029,165562,1O7aMVbDeSXY2LiVBhb13w,https://open.spotify.com/artist/1O7aMVbDeSXY2LiVBhb13w,Q2499301,The Herbaliser,London,United Kingdom,London,reported_place,accepted_exact_name,
413,Apollo 440,414420,160231,37f9cjf8Ic4t7vYNRYAzI7,https://open.spotify.com/artist/37f9cjf8Ic4t7vYNRYAzI7,Q619067,Apollo 440,Liverpool,United Kingdom,Liverpool,reported_place,accepted_exact_name,
414,Anathema,413525,447557,0ZXKT0FCsLWkSLCjoBJgBX,https://open.spotify.com/artist/0ZXKT0FCsLWkSLCjoBJgBX,Q487396,Anathema,Liverpool,United Kingdom,Liverpool,reported_place,accepted_exact_name,
415,Freestylers,411981,84251,0zg9mF9dX2knvdTKnL22T1,https://open.spotify.com/artist/0zg9mF9dX2knvdTKnL22T1,Q2384799,Freestylers,,United Kingdom,,unresolved_generic_or_missing,accepted_exact_name,origin unresolved
416,Embrace,411812,181930,74K7bX12L8GBAWvPuyIgJ7,https://open.spotify.com/artist/74K7bX12L8GBAWvPuyIgJ7,Q1335100,Embrace,Bailiff Bridge,United Kingdom,Bailiff Bridge,reported_place,accepted_exact_name,
417,Maximo Park,411159,259584,048FBwXjFYBWxSggPDipic,https://open.spotify.com/artist/048FBwXjFYBWxSggPDipic,Q833332,Maxïmo Park,Newcastle upon Tyne,United Kingdom,Newcastle upon Tyne,reported_place,accepted_exact_name,
418,Prefab Sprout,410644,238201,4w3QqrcmBv8dasemwBXmxf,https://open.spotify.com/artist/4w3QqrcmBv8dasemwBXmxf,Q1506813,Prefab Sprout,Witton Gilbert,United Kingdom,Witton Gilbert,reported_place,accepted_exact_name,
419,Boston Manor,410364,192021,4WjeQi9wm84lYTIWZ95QoM,https://open.spotify.com/artist/4WjeQi9wm84lYTIWZ95QoM,Q48700689,Boston Manor,Blackpool,United Kingdom,Blackpool,reported_place,accepted_exact_name,
420,The Farm,408875,76908,3lN1TG4RIoaJCff6Ck9KUR,https://open.spotify.com/artist/3lN1TG4RIoaJCff6Ck9KUR,Q1428876,The Farm,Liverpool,United Kingdom,Liverpool,reported_place,accepted_exact_name,
421,Superorganism,402523,263802,0Wkm45quqfx3NepJpXDvwE,https://open.spotify.com/artist/0Wkm45quqfx3NepJpXDvwE,Q47137654,Superorganism,London,United Kingdom,London,reported_place,accepted_exact_name,
422,Runrig,402383,98336,0ddfjKqJfbSiddqOvpZRWu,https://open.spotify.com/artist/0ddfjKqJfbSiddqOvpZRWu,Q839817,Runrig,Scotland,United Kingdom,Scotland,reported_place,accepted_exact_name,
423,Incognito,401799,231010,5moJNCJeiNwuQAhDLJXULs,https://open.spotify.com/artist/5moJNCJeiNwuQAhDLJXULs,Q615207,Incognito,London,United Kingdom,London,reported_place,accepted_exact_name,
424,Electric Wizard,401179,459777,4htjQW3lgIwL6fEJlTOez4,https://open.spotify.com/artist/4htjQW3lgIwL6fEJlTOez4,Q1325974,Electric Wizard,Dorset,United Kingdom,Dorset,reported_place,accepted_exact_name,
425,Racey,401016,50878,1W4SfNO5hb1tdX0wQ87zxl,https://open.spotify.com/artist/1W4SfNO5hb1tdX0wQ87zxl,Q922363,Racey,Weston-super-Mare,United Kingdom,Weston-super-Mare,reported_place,accepted_exact_name,
426,Gloryhammer,399088,302272,7dkEByOe0oHqc54qU4hwzV,https://open.spotify.com/artist/7dkEByOe0oHqc54qU4hwzV,Q11838832,Gloryhammer,Scotland,United Kingdom,Scotland,reported_place,accepted_exact_name,
427,Young Fathers,397759,272197,5mZC7ndY6oGMxJentRwsuV,https://open.spotify.com/artist/5mZC7ndY6oGMxJentRwsuV,Q8058113,Young Fathers,Edinburgh,United Kingdom,Edinburgh,reported_place,accepted_exact_name,
428,Public Image Ltd.,397001,359205,70MMkLXtue3Edj3RJhJkYp,https://open.spotify.com/artist/70MMkLXtue3Edj3RJhJkYp,Q845265,Public Image Ltd.,London,United Kingdom,London,reported_place,accepted_exact_name,
429,The Maccabees,394513,379450,0vW8z9pZMGCcRtGPGtyqiB,https://open.spotify.com/artist/0vW8z9pZMGCcRtGPGtyqiB,Q174627,The Maccabees,London,United Kingdom,London,reported_place,accepted_exact_name,
430,London Voices,394129,6325,7y3ULlnKKpeZ4JOKMAJQzK,https://open.spotify.com/artist/7y3ULlnKKpeZ4JOKMAJQzK,Q9023617,London Voices,,United Kingdom,,unresolved_generic_or_missing,accepted_exact_name,origin unresolved
431,Pale Waves,390813,387390,0wOej91SVqB1zcYkW6xUtA,https://open.spotify.com/artist/0wOej91SVqB1zcYkW6xUtA,Q45964015,Pale Waves,Manchester,United Kingdom,Manchester,reported_place,accepted_exact_name,
432,Leftfield,390024,258734,72hqBMsw7x5jnfxxwkii8L,https://open.spotify.com/artist/72hqBMsw7x5jnfxxwkii8L,Q277479,Leftfield,London,United Kingdom,London,reported_place,accepted_exact_name,
433,Kula Shaker,387963,266533,6bGcpvHbRHg8s0wiNyIZK1,https://open.spotify.com/artist/6bGcpvHbRHg8s0wiNyIZK1,Q611878,Kula Shaker,London,United Kingdom,London,reported_place,accepted_exact_name,
434,The Durutti Column,384367,141887,7fh7bwX9qV60tLxxsp9bTe,https://open.spotify.com/artist/7fh7bwX9qV60tLxxsp9bTe,Q1724658,The Durutti Column,Manchester,United Kingdom,Manchester,reported_place,accepted_exact_name,
435,Ant & Dec,382816,21248,2gmeFH5Iz8UEA7K0OHDePQ,https://open.spotify.com/artist/2gmeFH5Iz8UEA7K0OHDePQ,Q3596068,Ant & Dec,,United Kingdom,,unresolved_generic_or_missing,accepted_exact_name,origin unresolved
436,Lush,382347,315449,3ysp8GwsheDcBxP9q65lBg,https://open.spotify.com/artist/3ysp8GwsheDcBxP9q65lBg,Q1668512,Lush,London,United Kingdom,London,reported_place,accepted_exact_name,
437,Republica,382250,84002,06YQ6XwCdPUn8rAXV70gge,https://open.spotify.com/artist/06YQ6XwCdPUn8rAXV70gge,Q2139991,Republica,Windsor,United Kingdom,Windsor,reported_place,accepted_exact_name,
438,Cast,381917,183638,0vBDEQ1aLZpe4zgn2fPH6Z,https://open.spotify.com/artist/0vBDEQ1aLZpe4zgn2fPH6Z,Q780072,Cast,Liverpool,United Kingdom,Liverpool,reported_place,accepted_exact_name,
439,Mojave 3,381875,206333,4jSYHcSo85heWskYvAULio,https://open.spotify.com/artist/4jSYHcSo85heWskYvAULio,Q656978,Mojave 3,United Kingdom,United Kingdom,,unresolved_generic_or_missing,accepted_exact_name,origin unresolved
440,Cassia,377418,69239,2413I9w4sRbBz4zi5zgwjX,https://open.spotify.com/artist/2413I9w4sRbBz4zi5zgwjX,Q123148190,Cassia,Macclesfield,United Kingdom,Macclesfield,reported_place,accepted_exact_name,
441,Mogwai,370209,647271,34UhPkLbtFKRq3nmfFgejG,https://open.spotify.com/artist/34UhPkLbtFKRq3nmfFgejG,Q645980,Mogwai,Glasgow,United Kingdom,Glasgow,reported_place,accepted_exact_name,
442,Electronic,367540,164721,3xYNGCooNIzKMAtJYKSOyq,https://open.spotify.com/artist/3xYNGCooNIzKMAtJYKSOyq,Q624661,Electronic,Manchester,United Kingdom,Manchester,reported_place,accepted_exact_name,
443,Modestep,363041,344694,5zYJziKktyqWwmoAWXrShP,https://open.spotify.com/artist/5zYJziKktyqWwmoAWXrShP,Q1860033,Modestep,,United Kingdom,,unresolved_generic_or_missing,accepted_exact_name,origin unresolved
444,Fluke,358816,104332,2YzUXecwzcOdlJsnpnJfkJ,https://open.spotify.com/artist/2YzUXecwzcOdlJsnpnJfkJ,Q631226,Fluke,Buckinghamshire,United Kingdom,Buckinghamshire,reported_place,accepted_exact_name,
445,Temples,356937,279903,4ogwGU9VPWrnVBs1GEwZVV,https://open.spotify.com/artist/4ogwGU9VPWrnVBs1GEwZVV,Q14832136,Temples,Kettering,United Kingdom,Kettering,reported_place,accepted_exact_name,
446,The Searchers,355906,216702,4QmkLL9JOqM9dusHS1Hghe,https://open.spotify.com/artist/4QmkLL9JOqM9dusHS1Hghe,Q1132434,The Searchers,Liverpool,United Kingdom,Liverpool,reported_place,accepted_exact_name,
447,Hot Milk,353065,170694,1koutXdSFq2PHqtxSWj9tK,https://open.spotify.com/artist/1koutXdSFq2PHqtxSWj9tK,Q115247043,Hot Milk,,United Kingdom,,unresolved_generic_or_missing,accepted_exact_name,origin unresolved
448,Django Django,347616,252535,2ARO60gI5do88ho6azmzab,https://open.spotify.com/artist/2ARO60gI5do88ho6azmzab,Q328221,Django Django,London,United Kingdom,London,reported_place,accepted_exact_name,
449,The KLF,343591,144352,6dYrdRlNZSKaVxYg5IrvCH,https://open.spotify.com/artist/6dYrdRlNZSKaVxYg5IrvCH,Q741316,The KLF,London,United Kingdom,London,reported_place,accepted_exact_name,
450,Heaven 17,342911,273309,5PYuBRQMHh7nWmdV076sH9,https://open.spotify.com/artist/5PYuBRQMHh7nWmdV076sH9,Q741663,Heaven 17,Sheffield,United Kingdom,Sheffield,reported_place,accepted_exact_name,
451,Babybird,342115,21473,1QCANeffsBIHjzhMqUIxBh,https://open.spotify.com/artist/1QCANeffsBIHjzhMqUIxBh,Q116385,Babybird,Sheffield,United Kingdom,Sheffield,reported_place,accepted_exact_name,
452,Fred V & Grafix,340452,83743,1wzBqAvtFexgKHjt7i3ena,https://open.spotify.com/artist/1wzBqAvtFexgKHjt7i3ena,Q13431488,Fred V & Grafix,,United Kingdom,,unresolved_generic_or_missing,accepted_exact_name,origin unresolved
453,Sleaford Mods,336962,304620,0otAqZw8htTsGHfqR491Yh,https://open.spotify.com/artist/0otAqZw8htTsGHfqR491Yh,Q18162306,Sleaford Mods,,United Kingdom,,unresolved_generic_or_missing,accepted_exact_name,origin unresolved
454,Paradise Lost,336657,395901,0gIo6kGl4KsCeIbqtZVHYp,https://open.spotify.com/artist/0gIo6kGl4KsCeIbqtZVHYp,Q750593,Paradise Lost,Halifax,United Kingdom,Halifax,reported_place,accepted_exact_name,
455,The Real Tuesday Weld,334907,34267,12KsgeavNVg66cW2frw3j2,https://open.spotify.com/artist/12KsgeavNVg66cW2frw3j2,Q3522451,The Real Tuesday Weld,,United Kingdom,,unresolved_generic_or_missing,accepted_exact_name,origin unresolved
456,Lamb,332261,269420,08YvZ2qzFrDSITfHLbPKMP,https://open.spotify.com/artist/08YvZ2qzFrDSITfHLbPKMP,Q1259392,Lamb,Manchester,United Kingdom,Manchester,reported_place,accepted_exact_name,
457,Shakespears Sister,331052,126106,7ooOn6bokl4mGV4CEaUz6A,https://open.spotify.com/artist/7ooOn6bokl4mGV4CEaUz6A,Q527789,Shakespears Sister,London,United Kingdom,London,reported_place,accepted_exact_name,
458,Shed Seven,327277,175249,3iejrAcqxYoVgyxp6zkWgs,https://open.spotify.com/artist/3iejrAcqxYoVgyxp6zkWgs,Q2277663,Shed Seven,York,United Kingdom,York,reported_place,accepted_exact_name,
459,The Beta Band,325029,135396,2LMR8u7DOMF0FBseDpTsRa,https://open.spotify.com/artist/2LMR8u7DOMF0FBseDpTsRa,Q1775665,The Beta Band,Edinburgh,United Kingdom,Edinburgh,reported_place,accepted_exact_name,
460,The Honeydrippers,321812,57290,7J7YRBSoiXpdTmcbkKZL2C,https://open.spotify.com/artist/7J7YRBSoiXpdTmcbkKZL2C,Q648841,The Honeydrippers,Worcestershire,United Kingdom,Worcestershire,reported_place,accepted_exact_name,
461,Archive,318451,330186,1Q776wzj2mrtXrNu3iH6nk,https://open.spotify.com/artist/1Q776wzj2mrtXrNu3iH6nk,Q635772,Archive,London,United Kingdom,London,reported_place,accepted_exact_name,
462,Dodgy,318066,70095,1dekSPU23UC5hw5b8Uxk9W,https://open.spotify.com/artist/1dekSPU23UC5hw5b8Uxk9W,Q1234401,Dodgy,Hounslow,United Kingdom,Hounslow,reported_place,accepted_exact_name,
463,Everything Everything,317529,310570,1HOeqtP7tHkKNJNLzQ2tnr,https://open.spotify.com/artist/1HOeqtP7tHkKNJNLzQ2tnr,Q1382296,Everything Everything,Manchester,United Kingdom,Manchester,reported_place,accepted_exact_name,
464,Liberty X,317064,157028,6htUPs3clIStnkvg5jimKZ,https://open.spotify.com/artist/6htUPs3clIStnkvg5jimKZ,Q1823053,Liberty X,London,United Kingdom,London,reported_place,accepted_exact_name,
465,John Mayall & The Bluesbreakers,316818,446310,2ScuQMRWThcifBRIvNDFDC,https://open.spotify.com/artist/2ScuQMRWThcifBRIvNDFDC,Q886072,John Mayall & the Bluesbreakers,,United Kingdom,,unresolved_generic_or_missing,accepted_exact_name,origin unresolved
466,Love and Rockets,313702,235396,09mvgMBvJkxarNIDGdwPWg,https://open.spotify.com/artist/09mvgMBvJkxarNIDGdwPWg,Q643299,Love and Rockets,Northampton,United Kingdom,Northampton,reported_place,accepted_exact_name,
467,Layo & Bushwacka!,313503,36386,4XO18kRHLT6F5RhomZGrpc,https://open.spotify.com/artist/4XO18kRHLT6F5RhomZGrpc,Q3219976,Layo & Bushwacka!,,United Kingdom,,unresolved_generic_or_missing,accepted_exact_name,origin unresolved
468,Matt Bianco,312847,107297,1WQky50vkzSvSCUl0ejWqb,https://open.spotify.com/artist/1WQky50vkzSvSCUl0ejWqb,Q1758107,Matt Bianco,,United Kingdom,,unresolved_generic_or_missing,accepted_exact_name,origin unresolved
469,China Crisis,306242,149310,0WUphJOGHE5i95IeR87hsO,https://open.spotify.com/artist/0WUphJOGHE5i95IeR87hsO,Q1073261,China Crisis,Kirkby,United Kingdom,Kirkby,reported_place,accepted_exact_name,
470,Sundara Karma,305536,206350,4fgXfJCQnK6c44u4KzAtQP,https://open.spotify.com/artist/4fgXfJCQnK6c44u4KzAtQP,Q29862757,Sundara Karma,Reading,United Kingdom,Reading,reported_place,accepted_exact_name,
471,Camel,305476,441790,3Uz6jx81OY2J5K8Z4wmy2P,https://open.spotify.com/artist/3Uz6jx81OY2J5K8Z4wmy2P,Q612471,Camel,Guildford,United Kingdom,Guildford,reported_place,accepted_exact_name,
472,Nuages,303990,100431,30tUlKZ8oLo0BnN6n0GZKD,https://open.spotify.com/artist/30tUlKZ8oLo0BnN6n0GZKD,Q59418184,Nuages,,United Kingdom,,unresolved_generic_or_missing,accepted_exact_name,origin unresolved
473,Carcass,303826,495994,5lhaM01nwvsMZpmPY2HVER,https://open.spotify.com/artist/5lhaM01nwvsMZpmPY2HVER,Q283835,Carcass,Liverpool,United Kingdom,Liverpool,reported_place,accepted_exact_name,
474,Barclay James Harvest,303511,187986,2pVMD4bFwl4AyoYyyo51Qg,https://open.spotify.com/artist/2pVMD4bFwl4AyoYyyo51Qg,Q807957,Barclay James Harvest,Oldham,United Kingdom,Oldham,reported_place,accepted_exact_name,
475,Cliff Richard & The Shadows,303431,118840,4IdvJZeciaa37wYr2qBpjm,https://open.spotify.com/artist/4IdvJZeciaa37wYr2qBpjm,Q46510292,Cliff Richard & The Shadows,,United Kingdom,,unresolved_generic_or_missing,accepted_exact_name,origin unresolved
476,911,302164,186144,3H7pODXycF821OnRyAw2VT,https://open.spotify.com/artist/3H7pODXycF821OnRyAw2VT,Q3648767,911,,United Kingdom,,unresolved_generic_or_missing,accepted_exact_name,origin unresolved
477,Fairground Attraction,301377,48326,1sAkg8871iPVI0wPbOfIZa,https://open.spotify.com/artist/1sAkg8871iPVI0wPbOfIZa,Q238641,Fairground Attraction,,United Kingdom,,unresolved_generic_or_missing,accepted_exact_name,origin unresolved
478,Catatonia,301265,90480,4Bgfzia8wyaGaTn42egzTv,https://open.spotify.com/artist/4Bgfzia8wyaGaTn42egzTv,Q1050456,Catatonia,Cardiff,United Kingdom,Cardiff,reported_place,accepted_exact_name,
479,Johnny Kidd & The Pirates,300280,37258,52y1cRHUkI0kQqIXCg6JuZ,https://open.spotify.com/artist/52y1cRHUkI0kQqIXCg6JuZ,Q6669284,Johnny Kidd & the Pirates,London,United Kingdom,London,reported_place,accepted_exact_name,
480,Funeral For A Friend,298448,268224,4AbDWrmJPSOeIbT2Ou60ik,https://open.spotify.com/artist/4AbDWrmJPSOeIbT2Ou60ik,Q916973,Funeral for a Friend,Bridgend,United Kingdom,Bridgend,reported_place,accepted_exact_name,
481,Nailbomb,297670,203781,4Q6EFOghPrRjdwsF4p7Nzm,https://open.spotify.com/artist/4Q6EFOghPrRjdwsF4p7Nzm,Q1470712,Nailbomb,,United Kingdom,,unresolved_generic_or_missing,accepted_exact_name,origin unresolved
482,Ride,296215,272871,0WPY9nnBy01s5QOt4o4oQX,https://open.spotify.com/artist/0WPY9nnBy01s5QOt4o4oQX,Q4371,Ride,Oxford,United Kingdom,Oxford,reported_place,accepted_exact_name,
483,Hang Massive,296134,180715,6bkF6GDcyXZn2T0D5Fwldl,https://open.spotify.com/artist/6bkF6GDcyXZn2T0D5Fwldl,Q21722983,Hang Massive,,United Kingdom,,unresolved_generic_or_missing,accepted_exact_name,origin unresolved
484,The Oozes,295667,208913,48VgYEfRllDfyLl4BEMVSF,https://open.spotify.com/artist/48VgYEfRllDfyLl4BEMVSF,Q128077193,The Oozes,,United Kingdom,,unresolved_generic_or_missing,accepted_exact_name,origin unresolved
485,The Shamen,295405,81056,5E704N5StxMVKpalhaJ5L3,https://open.spotify.com/artist/5E704N5StxMVKpalhaJ5L3,Q587713,The Shamen,,United Kingdom,,unresolved_generic_or_missing,accepted_exact_name,origin unresolved
486,Camera Obscura,295126,206573,5gInJ5P5gQnOKPM3SUEVFt,https://open.spotify.com/artist/5gInJ5P5gQnOKPM3SUEVFt,Q1028565,Camera Obscura,Glasgow,United Kingdom,Glasgow,reported_place,accepted_exact_name,
487,Damage,294456,21732,6Pwy6Wat9hp8g83y6gih5g,https://open.spotify.com/artist/6Pwy6Wat9hp8g83y6gih5g,Q5211877,Damage,,United Kingdom,,unresolved_generic_or_missing,accepted_exact_name,origin unresolved
488,Fairport Convention,294353,149174,2LIdnZDzySb04oH40be1fR,https://open.spotify.com/artist/2LIdnZDzySb04oH40be1fR,Q1145652,Fairport Convention,London,United Kingdom,London,reported_place,accepted_exact_name,
489,The New Seekers,294222,68961,4jrTNltJtTMUfXybDdsHDn,https://open.spotify.com/artist/4jrTNltJtTMUfXybDdsHDn,Q934498,The New Seekers,,United Kingdom,,unresolved_generic_or_missing,accepted_exact_name,origin unresolved
490,Jive Bunny and the Mastermixers,294182,63077,4GzIiGnHYrOnq2LUiD6zdo,https://open.spotify.com/artist/4GzIiGnHYrOnq2LUiD6zdo,Q1689719,Jive Bunny and the Mastermixers,Rotherham,United Kingdom,Rotherham,reported_place,accepted_exact_name,
491,The Amazons,294130,149873,7243txmysJ4KbRmH8UAMKO,https://open.spotify.com/artist/7243txmysJ4KbRmH8UAMKO,Q28754328,The Amazons,,United Kingdom,,unresolved_generic_or_missing,accepted_exact_name,origin unresolved
492,Mystery Jets,291320,170699,09K1H1DgyIXHsMx2j7KTFX,https://open.spotify.com/artist/09K1H1DgyIXHsMx2j7KTFX,Q1956918,Mystery Jets,Eel Pie Island,United Kingdom,Eel Pie Island,reported_place,accepted_exact_name,
493,The Divine Comedy,291037,174650,7EV6jW6dotBdvsHj6xPixi,https://open.spotify.com/artist/7EV6jW6dotBdvsHj6xPixi,Q1543686,The Divine Comedy,Northern Ireland,United Kingdom,Northern Ireland,reported_place,accepted_exact_name,
494,Peter And Gordon,290650,38450,6lHC2EQMEMZiEmSfFloarn,https://open.spotify.com/artist/6lHC2EQMEMZiEmSfFloarn,Q1256943,Peter and Gordon,United Kingdom,United Kingdom,,unresolved_generic_or_missing,accepted_exact_name,origin unresolved
495,Sea Girls,289846,161623,45FqwUG4hTT6d39r2HUsUe,https://open.spotify.com/artist/45FqwUG4hTT6d39r2HUsUe,Q3476673,Sea Girls,London,United Kingdom,London,reported_place,accepted_exact_name,
496,GoGo Penguin,289811,295895,19f2JXwlRU26376TCKmp6L,https://open.spotify.com/artist/19f2JXwlRU26376TCKmp6L,Q18151740,GoGo Penguin,Manchester,United Kingdom,Manchester,reported_place,accepted_exact_name,
497,Zola Blood,286256,87001,3oxkIoEAyXXQlLTZXlffLJ,https://open.spotify.com/artist/3oxkIoEAyXXQlLTZXlffLJ,Q64832876,Zola Blood,,United Kingdom,,unresolved_generic_or_missing,accepted_exact_name,origin unresolved
498,Inspiral Carpets,285082,169178,66GWpx9iLxrvvfhDsG9STP,https://open.spotify.com/artist/66GWpx9iLxrvvfhDsG9STP,Q500492,Inspiral Carpets,Oldham,United Kingdom,Oldham,reported_place,accepted_exact_name,
499,The Vapors,284360,63462,4K3NWDwBIxgktui14SccR2,https://open.spotify.com/artist/4K3NWDwBIxgktui14SccR2,Q1504687,The Vapors,Guildford,United Kingdom,Guildford,reported_place,accepted_exact_name,
500,Bad Manners,283186,175516,0GShYlUdyLahdsvgKdselx,https://open.spotify.com/artist/0GShYlUdyLahdsvgKdselx,Q798739,Bad Manners,London,United Kingdom,London,reported_place,accepted_exact_name,
501,Simian Mobile Disco,281669,182922,31DXlldabwPHwu6dYevuzK,https://open.spotify.com/artist/31DXlldabwPHwu6dYevuzK,Q585470,Simian Mobile Disco,London,United Kingdom,London,reported_place,accepted_exact_name,
502,The Boxer Rebellion,280654,126547,7DEseTqRODmSu3C7jxCHl5,https://open.spotify.com/artist/7DEseTqRODmSu3C7jxCHl5,Q1633685,The Boxer Rebellion,London,United Kingdom,London,reported_place,accepted_exact_name,
503,Jesus Jones,280634,66527,0roeI3yPusDWwWRzAqTopw,https://open.spotify.com/artist/0roeI3yPusDWwWRzAqTopw,Q4387765,Jesus Jones,Bradford-on-Avon,United Kingdom,Bradford-on-Avon,reported_place,accepted_exact_name,
504,The Blue Nile,278387,109768,1GWV70Reko15eV2nHCm0bM,https://open.spotify.com/artist/1GWV70Reko15eV2nHCm0bM,Q1970440,The Blue Nile,Glasgow,United Kingdom,Glasgow,reported_place,accepted_exact_name,
505,The Dave Clark Five,278011,252497,2HBbky0Z08ZcCKVsXWbNE4,https://open.spotify.com/artist/2HBbky0Z08ZcCKVsXWbNE4,Q1141454,The Dave Clark Five,Tottenham,United Kingdom,Tottenham,reported_place,accepted_exact_name,
506,Young Gun Silver Fox,276802,77208,3qQloBz05T6e0rKubNCmjG,https://open.spotify.com/artist/3qQloBz05T6e0rKubNCmjG,Q100599254,Young Gun Silver Fox,,United Kingdom,,unresolved_generic_or_missing,accepted_exact_name,origin unresolved
507,OceanLab,276395,83360,0aTdKgInKeMlNnwWSa1YPT,https://open.spotify.com/artist/0aTdKgInKeMlNnwWSa1YPT,Q1971039,OceanLab,London,United Kingdom,London,reported_place,accepted_exact_name,
508,The Cribs,276100,212021,51Eq6WMVEOjjx9KQMAnneG,https://open.spotify.com/artist/51Eq6WMVEOjjx9KQMAnneG,Q1146764,The Cribs,Wakefield,United Kingdom,Wakefield,reported_place,accepted_exact_name,
509,World News,276065,17710,3VQXCMRCSzdKek71OkAL3Q,https://open.spotify.com/artist/3VQXCMRCSzdKek71OkAL3Q,Q135966902,World News,Brighton,United Kingdom,Brighton,reported_place,accepted_exact_name,
510,Wire,272502,240002,2i8ynmFv4qgRksyDlBgi6d,https://open.spotify.com/artist/2i8ynmFv4qgRksyDlBgi6d,Q1135620,Wire,London,United Kingdom,London,reported_place,accepted_exact_name,
511,Reverend And The Makers,271305,95993,14GEKKALFIO2oB9IdGXg2e,https://open.spotify.com/artist/14GEKKALFIO2oB9IdGXg2e,Q2146848,Reverend and The Makers,Sheffield,United Kingdom,Sheffield,reported_place,accepted_exact_name,
512,Reef,269572,68741,191Koh7PSIi28IrGAGoINO,https://open.spotify.com/artist/191Koh7PSIi28IrGAGoINO,Q652420,Reef,Glastonbury,United Kingdom,Glastonbury,reported_place,accepted_exact_name,
513,Cinnamon Chasers,269301,52546,3q7uty73JMtjzCSJdGQD7B,https://open.spotify.com/artist/3q7uty73JMtjzCSJdGQD7B,Q2669700,Cinnamon Chasers,,United Kingdom,,unresolved_generic_or_missing,accepted_exact_name,origin unresolved
514,Nu:Logic,269288,41401,5pL8Q5xbDLEDE6JvYMXX9u,https://open.spotify.com/artist/5pL8Q5xbDLEDE6JvYMXX9u,Q7067693,Nu:Logic,Cambridge,United Kingdom,Cambridge,reported_place,accepted_exact_name,
515,Stiff Little Fingers,266703,236374,2bt3I0VkmYuPvP57sxokab,https://open.spotify.com/artist/2bt3I0VkmYuPvP57sxokab,Q1538935,Stiff Little Fingers,Belfast,United Kingdom,Belfast,reported_place,accepted_exact_name,
516,Grace,266321,9154,1DlbW0TOOja6uqR4CHAaeg,https://open.spotify.com/artist/1DlbW0TOOja6uqR4CHAaeg,Q5590943,Grace,,United Kingdom,,unresolved_generic_or_missing,accepted_exact_name,origin unresolved
517,lostprophets,264396,179652,7KnaZr690xW0sCihF9Z8oP,https://open.spotify.com/artist/7KnaZr690xW0sCihF9Z8oP,Q18852,Lostprophets,Pontypridd,United Kingdom,Pontypridd,reported_place,accepted_exact_name,
518,Moose Blood,263954,194936,5fEKZRCUa0JApec5Xy095q,https://open.spotify.com/artist/5fEKZRCUa0JApec5Xy095q,Q18712447,Moose Blood,Canterbury,United Kingdom,Canterbury,reported_place,accepted_exact_name,
519,After The Fire,261736,24888,194g4SFwSSzyPtgkH7v3Cx,https://open.spotify.com/artist/194g4SFwSSzyPtgkH7v3Cx,Q389095,After the Fire,London,United Kingdom,London,reported_place,accepted_exact_name,
520,Bow Wow Wow,261338,131599,52K4ArhA4OgMO7AsyEgqCT,https://open.spotify.com/artist/52K4ArhA4OgMO7AsyEgqCT,Q895390,Bow Wow Wow,London,United Kingdom,London,reported_place,accepted_exact_name,
521,Danny Wilson,260573,29191,2qsc1hUhG2UrNZhByveJ6x,https://open.spotify.com/artist/2qsc1hUhG2UrNZhByveJ6x,Q365099,Danny Wilson,Leuchars,United Kingdom,Leuchars,reported_place,accepted_exact_name,
522,Levitation,260389,7922,231kUXNyI5BYxIvZacVbCu,https://open.spotify.com/artist/231kUXNyI5BYxIvZacVbCu,Q6535703,Levitation,London,United Kingdom,London,reported_place,accepted_exact_name,
523,The Orb,260320,214298,5HAtRoEPUvGSA7ziTGB1cF,https://open.spotify.com/artist/5HAtRoEPUvGSA7ziTGB1cF,Q924993,The Orb,London,England|United Kingdom,London,reported_place,accepted_exact_name,
524,Mud,259860,92756,3cqIsBnzV3BabbPWKz8Txf,https://open.spotify.com/artist/3cqIsBnzV3BabbPWKz8Txf,Q1471676,Mud,London,United Kingdom,London,reported_place,accepted_exact_name,
525,Anti Up,259333,52163,4UwR1ir6PovnQiwX5jRPvF,https://open.spotify.com/artist/4UwR1ir6PovnQiwX5jRPvF,Q113199573,Anti Up,,United Kingdom,,unresolved_generic_or_missing,accepted_exact_name,origin unresolved
526,AS IT IS,259244,161720,3IXtskFMls8KXRipcIJT9y,https://open.spotify.com/artist/3IXtskFMls8KXRipcIJT9y,Q19654688,As It Is,,United Kingdom,,unresolved_generic_or_missing,accepted_exact_name,origin unresolved
527,Propellerheads,258314,173478,3Z7thZHrtFvqp8OpPffPKp,https://open.spotify.com/artist/3Z7thZHrtFvqp8OpPffPKp,Q1426055,Propellerheads,,United Kingdom,,unresolved_generic_or_missing,accepted_exact_name,origin unresolved
528,Ten Fé,257636,50901,3cohAS2UQTaOo80kCn8qjT,https://open.spotify.com/artist/3cohAS2UQTaOo80kCn8qjT,Q56757496,Ten Fé,,England|United Kingdom,,unresolved_generic_or_missing,accepted_exact_name,origin unresolved
529,The Zutons,254373,160719,2qV7axHq9Jk7QqFcB3f05A,https://open.spotify.com/artist/2qV7axHq9Jk7QqFcB3f05A,Q1142296,The Zutons,Liverpool,United Kingdom,Liverpool,reported_place,accepted_exact_name,
530,Bucks Fizz,252247,70385,5ZfzzHE7rxONfoksJsLXrX,https://open.spotify.com/artist/5ZfzzHE7rxONfoksJsLXrX,Q839831,Bucks Fizz,United Kingdom,United Kingdom,,unresolved_generic_or_missing,accepted_exact_name,origin unresolved
531,Portico Quartet,251925,213988,7sYipTRgDXS2JVOPEhRutx,https://open.spotify.com/artist/7sYipTRgDXS2JVOPEhRutx,Q3399302,Portico Quartet,London,United Kingdom,London,reported_place,accepted_exact_name,
532,Frightened Rabbit,251709,255039,6fVcDUckTwxqg56qNsEvUr,https://open.spotify.com/artist/6fVcDUckTwxqg56qNsEvUr,Q1464866,Frightened Rabbit,Selkirk,United Kingdom,Selkirk,reported_place,accepted_exact_name,
533,Stanton Warriors,251667,70322,7GeAzBsalYANXTi1ReOm1R,https://open.spotify.com/artist/7GeAzBsalYANXTi1ReOm1R,Q7600283,Stanton Warriors,,United Kingdom,,unresolved_generic_or_missing,accepted_exact_name,origin unresolved
534,The Horrors,251304,296621,7EFB09NxZrMi9pGlOnuBpd,https://open.spotify.com/artist/7EFB09NxZrMi9pGlOnuBpd,Q1138555,The Horrors,Southend-on-Sea,United Kingdom,Southend-on-Sea,reported_place,accepted_exact_name,
535,Uniting Nations,251123,11305,6EK2381dTQEvcn3KrnMOWQ,https://open.spotify.com/artist/6EK2381dTQEvcn3KrnMOWQ,Q1476064,Uniting Nations,Liverpool,United Kingdom,Liverpool,reported_place,accepted_exact_name,
536,Viola Beach,245749,146142,7DruTvBV7owt1aSAZHsU58,https://open.spotify.com/artist/7DruTvBV7owt1aSAZHsU58,Q22712305,Viola Beach,Warrington,United Kingdom,Warrington,reported_place,accepted_exact_name,
537,VNV Nation,245699,225268,4KlYg0F5KG9QNDFKaeTNAy,https://open.spotify.com/artist/4KlYg0F5KG9QNDFKaeTNAy,Q727124,VNV Nation,London,United Kingdom,London,reported_place,accepted_exact_name,
538,Big Audio Dynamite,244576,159697,7hqZBHSgDs1odG9aupMzEI,https://open.spotify.com/artist/7hqZBHSgDs1odG9aupMzEI,Q239474,Big Audio Dynamite,London,United Kingdom,London,reported_place,accepted_exact_name,
539,The Tremeloes,239363,158758,2VL8sLEJ6lHEwocjc1pN9w,https://open.spotify.com/artist/2VL8sLEJ6lHEwocjc1pN9w,Q177364,The Tremeloes,Essex,United Kingdom,Essex,reported_place,accepted_exact_name,
540,Dirty Vegas,237782,57837,2IkHcHKErbWa0TA14yHkbl,https://open.spotify.com/artist/2IkHcHKErbWa0TA14yHkbl,Q1228291,Dirty Vegas,,United Kingdom,,unresolved_generic_or_missing,accepted_exact_name,origin unresolved
541,Sylosis,236596,189903,2RiGIRDi4GoJpDbjDnPVJl,https://open.spotify.com/artist/2RiGIRDi4GoJpDbjDnPVJl,Q1631741,Sylosis,Reading,United Kingdom,Reading,reported_place,accepted_exact_name,
542,This Mortal Coil,236565,200368,5OK8j1JnhoBlivN32G7yOO,https://open.spotify.com/artist/5OK8j1JnhoBlivN32G7yOO,Q1754136,This Mortal Coil,United Kingdom,United Kingdom,,unresolved_generic_or_missing,accepted_exact_name,origin unresolved
543,Bondax,235766,111883,4qobOrZpdUri80gScwsHfs,https://open.spotify.com/artist/4qobOrZpdUri80gScwsHfs,Q15528102,Bondax,,United Kingdom,,unresolved_generic_or_missing,accepted_exact_name,origin unresolved
544,Humble Pie,234347,375622,2CxLP749mup3ncPrXgCnvU,https://open.spotify.com/artist/2CxLP749mup3ncPrXgCnvU,Q664459,Humble Pie,Moreton,United Kingdom,Moreton,reported_place,accepted_exact_name,
545,Rivers & Robots,233180,136616,41yDmxekjnWShKi6nRmzZ4,https://open.spotify.com/artist/41yDmxekjnWShKi6nRmzZ4,Q22080889,Rivers & Robots,,United Kingdom,,unresolved_generic_or_missing,accepted_exact_name,origin unresolved
546,This Is The Kit,229902,129605,0ZUyFEafMwocvApBjTXvdo,https://open.spotify.com/artist/0ZUyFEafMwocvApBjTXvdo,Q15044932,This Is The Kit,Winchester,United Kingdom,Winchester,reported_place,accepted_exact_name,
547,Levellers,228842,94240,1TrwMxRrrlk0hZxJkw4jUF,https://open.spotify.com/artist/1TrwMxRrrlk0hZxJkw4jUF,Q1380135,Levellers,Brighton,United Kingdom,Brighton,reported_place,accepted_exact_name,
548,New Model Army,226980,124775,7n1EM42Fseebd9H2p8eWWS,https://open.spotify.com/artist/7n1EM42Fseebd9H2p8eWWS,Q1501951,New Model Army,Q22905,United Kingdom,Bradford,reviewed_override,accepted_exact_name,formation place is an unresolved Wikidata ID
549,We Were Promised Jetpacks,226591,142629,3gnrmLahFhVXRI9DA1MImH,https://open.spotify.com/artist/3gnrmLahFhVXRI9DA1MImH,Q1488607,We Were Promised Jetpacks,Edinburgh,United Kingdom,Edinburgh,reported_place,accepted_exact_name,
550,Athlete,225403,142136,6C0JkmxU2cgkVzotHJgfW7,https://open.spotify.com/artist/6C0JkmxU2cgkVzotHJgfW7,Q580268,Athlete,Deptford,United Kingdom,London,editorial_city_cluster,accepted_exact_name,
551,Living In A Box,223338,94130,4W2dcPOyD7eSfJCPHCfwoA,https://open.spotify.com/artist/4W2dcPOyD7eSfJCPHCfwoA,Q1866528,Living in a Box,Sheffield,United Kingdom,Sheffield,reported_place,accepted_exact_name,
552,The Temperance Movement,223097,80272,3SUI6pbPumjijbLHHY6vss,https://open.spotify.com/artist/3SUI6pbPumjijbLHHY6vss,Q14957024,The Temperance Movement,,United Kingdom,,unresolved_generic_or_missing,accepted_exact_name,origin unresolved
553,Spiritualized,222247,285400,6DKmuXxXASTF6xaJwcTfjv,https://open.spotify.com/artist/6DKmuXxXASTF6xaJwcTfjv,Q1144015,Spiritualized,Rugby,United Kingdom,Rugby,reported_place,accepted_exact_name,
554,Blancmange,221240,123820,3LtBdgNHdH0Ix8hCFZ4NJG,https://open.spotify.com/artist/3LtBdgNHdH0Ix8hCFZ4NJG,Q594199,Blancmange,Harrow,United Kingdom,Harrow,reported_place,accepted_exact_name,
555,The Nolans,217117,39473,2H32fphWQj9hhVuCOKkchM,https://open.spotify.com/artist/2H32fphWQj9hhVuCOKkchM,Q1038777,The Nolans,Dublin,United Kingdom,Dublin,reported_place,accepted_exact_name,
556,Utah Saints,216105,53925,2KB6LGMBaOYYYdvvgyptFH,https://open.spotify.com/artist/2KB6LGMBaOYYYdvvgyptFH,Q2036827,Utah Saints,,United Kingdom,,unresolved_generic_or_missing,accepted_exact_name,origin unresolved
557,Friendly Fires,215715,235528,3mZqziCJj4pq3P2VBpmK6p,https://open.spotify.com/artist/3mZqziCJj4pq3P2VBpmK6p,Q1464530,Friendly Fires,St Albans,United Kingdom,St Albans,reported_place,accepted_exact_name,
558,Coldcut,214514,66493,5wnhqlZzXIq8aO9awQO2ND,https://open.spotify.com/artist/5wnhqlZzXIq8aO9awQO2ND,Q698224,Coldcut,,United Kingdom,,unresolved_generic_or_missing,accepted_exact_name,origin unresolved
559,Haken,213215,248459,2SRIVGDkdqQnrQdaXxDkJt,https://open.spotify.com/artist/2SRIVGDkdqQnrQdaXxDkJt,Q774774,Haken,London,United Kingdom,London,reported_place,accepted_exact_name,
560,Juno Reactor,212577,99783,1Pe3z1UqRzKsQtHsl25dm6,https://open.spotify.com/artist/1Pe3z1UqRzKsQtHsl25dm6,Q1410018,Juno Reactor,London,United Kingdom,London,reported_place,accepted_exact_name,
561,Fun Boy Three,210879,123794,1dmEUAQBopYUrsMnQnScWL,https://open.spotify.com/artist/1dmEUAQBopYUrsMnQnScWL,Q1473992,Fun Boy Three,,United Kingdom,,unresolved_generic_or_missing,accepted_exact_name,origin unresolved
562,RITUAL,208784,49910,3RP50pmG8Wz1mhNCidQj68,https://open.spotify.com/artist/3RP50pmG8Wz1mhNCidQj68,Q60752425,Ritual,,United Kingdom,,unresolved_generic_or_missing,accepted_exact_name,origin unresolved
563,The Sound,207467,119926,4hzCcF4Leos2sKnz79nwhz,https://open.spotify.com/artist/4hzCcF4Leos2sKnz79nwhz,Q732151,The Sound,London,United Kingdom,London,reported_place,accepted_exact_name,
564,Sea of Thieves,205720,99748,5zbAdSKQiTetVoHnbHvsDg,https://open.spotify.com/artist/5zbAdSKQiTetVoHnbHvsDg,Q20113718,Sea of Thieves,,United Kingdom,,unresolved_generic_or_missing,accepted_exact_name,origin unresolved
565,Mammal Hands,205120,143732,497rp5TEzJffeBnUT0BeE1,https://open.spotify.com/artist/497rp5TEzJffeBnUT0BeE1,Q18984313,Mammal Hands,,United Kingdom,,unresolved_generic_or_missing,accepted_exact_name,origin unresolved
566,Public Service Broadcasting,204661,191872,6VsiDFMZJlJ053P1uO4A6h,https://open.spotify.com/artist/6VsiDFMZJlJ053P1uO4A6h,Q7257602,Public Service Broadcasting,London,United Kingdom,London,reported_place,accepted_exact_name,
567,Paper Lace,203759,42819,33W24YuaMUEk85MwRX6cRs,https://open.spotify.com/artist/33W24YuaMUEk85MwRX6cRs,Q2050633,Paper Lace,Nottingham,United Kingdom,Nottingham,reported_place,accepted_exact_name,
568,Planet Perfecto,203707,10221,3Q9P0SbpaP9xsBtLUVK0Be,https://open.spotify.com/artist/3Q9P0SbpaP9xsBtLUVK0Be,Q7201145,Planet Perfecto,,United Kingdom,,unresolved_generic_or_missing,accepted_exact_name,origin unresolved
569,Venom,203523,617815,5fwaejlOHVBAw1KhIPPaQe,https://open.spotify.com/artist/5fwaejlOHVBAw1KhIPPaQe,Q192861,Venom,Newcastle upon Tyne,United Kingdom,Newcastle upon Tyne,reported_place,accepted_exact_name,
570,Lemon Jelly,203232,188511,5uh8Bhewltd8j0TLZjNImc,https://open.spotify.com/artist/5uh8Bhewltd8j0TLZjNImc,Q1444372,Lemon Jelly,London,United Kingdom,London,reported_place,accepted_exact_name,
571,The Go! Team,202864,101993,6veTV9sF06FBf2KN0xAdvo,https://open.spotify.com/artist/6veTV9sF06FBf2KN0xAdvo,Q1514317,The Go! Team,Brighton,United Kingdom,Brighton,reported_place,accepted_exact_name,
572,Sam And The Womp,201092,49372,3tgiOZXeC1DIimfprvfL64,https://open.spotify.com/artist/3tgiOZXeC1DIimfprvfL64,Q2115414,Sam and the Womp,,United Kingdom,,unresolved_generic_or_missing,accepted_exact_name,origin unresolved
573,Virus Syndicate,200462,68866,0NV5eY4Jzg4ldg2ikGnV4n,https://open.spotify.com/artist/0NV5eY4Jzg4ldg2ikGnV4n,Q14158679,Virus Syndicate,,United Kingdom,,unresolved_generic_or_missing,accepted_exact_name,origin unresolved
574,The Twilight Sad,199417,116543,6e6GkaF6uiSEFuTrlvDJUF,https://open.spotify.com/artist/6e6GkaF6uiSEFuTrlvDJUF,Q750092,The Twilight Sad,Kilsyth,United Kingdom,Kilsyth,reported_place,accepted_exact_name,
575,Napalm Death,199401,453164,3UqRgrDIQ208yNGiWKRMNt,https://open.spotify.com/artist/3UqRgrDIQ208yNGiWKRMNt,Q321762,Napalm Death,Birmingham,United Kingdom,Birmingham,reported_place,accepted_exact_name,
576,Wishbone Ash,199281,239755,77zwstbi3x1IxnbDFg6uns,https://open.spotify.com/artist/77zwstbi3x1IxnbDFg6uns,Q137758,Wishbone Ash,Torquay,United Kingdom,Torquay,reported_place,accepted_exact_name,
577,World Party,199197,59109,0THUMJMWUd5L8os9K6O4FE,https://open.spotify.com/artist/0THUMJMWUd5L8os9K6O4FE,Q2504465,World Party,London,United Kingdom,London,reported_place,accepted_exact_name,
578,letherette,199074,72744,1fQDzf4lnUF4DYngrLJH0m,https://open.spotify.com/artist/1fQDzf4lnUF4DYngrLJH0m,Q16960515,Letherette,,United Kingdom,,unresolved_generic_or_missing,accepted_exact_name,origin unresolved
579,Diamond Head,199057,216505,3z3KnhKZObj216IgfHYGVf,https://open.spotify.com/artist/3z3KnhKZObj216IgfHYGVf,Q552377,Diamond Head,Stourbridge,United Kingdom,Stourbridge,reported_place,accepted_exact_name,
580,Gomez,198405,139162,4zPGlyitRvJo7iz6OKlETa,https://open.spotify.com/artist/4zPGlyitRvJo7iz6OKlETa,Q1536853,Gomez,Southport,United Kingdom,Southport,reported_place,accepted_exact_name,
581,Babyshambles,198309,291010,0IBAqjHG8DSaD7PPCGnGiZ,https://open.spotify.com/artist/0IBAqjHG8DSaD7PPCGnGiZ,Q797992,Babyshambles,London,United Kingdom,London,reported_place,accepted_exact_name,
582,Brotherhood of Man,196558,61658,4Cyr5aqgXza16isOrQNOvo,https://open.spotify.com/artist/4Cyr5aqgXza16isOrQNOvo,Q832745,Brotherhood of Man,United Kingdom,United Kingdom,,unresolved_generic_or_missing,accepted_exact_name,origin unresolved
583,Sea Power,196069,106520,5zhn89Em2jWUUWdpcLO3YL,https://open.spotify.com/artist/5zhn89Em2jWUUWdpcLO3YL,Q920131,Sea Power,Brighton|Reading,United Kingdom,,unresolved_multiple_places,accepted_exact_name,origin unresolved
584,Band Aid,195618,53354,35S20clEkkSNUo23ViaslZ,https://open.spotify.com/artist/35S20clEkkSNUo23ViaslZ,Q806231,Band Aid,London,United Kingdom,London,reported_place,accepted_exact_name,
585,The View,195510,156449,1fy3AQc7grjf5LnCd7snSg,https://open.spotify.com/artist/1fy3AQc7grjf5LnCd7snSg,Q578954,The View,Dundee,United Kingdom,Dundee,reported_place,accepted_exact_name,
586,Thunderclap Newman,194255,20516,1USHlPahTZrCeJXS2v5pkF,https://open.spotify.com/artist/1USHlPahTZrCeJXS2v5pkF,Q2165685,Thunderclap Newman,London,United Kingdom,London,reported_place,accepted_exact_name,
587,Tommy Lefroy,192772,94042,3vldh5Ceynytj6Iglw4haP,https://open.spotify.com/artist/3vldh5Ceynytj6Iglw4haP,Q115209312,Tommy Lefroy,London,United Kingdom,London,reported_place,accepted_exact_name,
588,City of London Sinfonia,190860,4379,4JKHXlntTvmZnLxjbeRcPL,https://open.spotify.com/artist/4JKHXlntTvmZnLxjbeRcPL,Q2974592,City of London Sinfonia,,United Kingdom,,unresolved_generic_or_missing,accepted_exact_name,origin unresolved
589,The Fall,190295,224200,6WoTvA9qinpHtSRJuldYh6,https://open.spotify.com/artist/6WoTvA9qinpHtSRJuldYh6,Q909916,The Fall,Prestwich,United Kingdom,Prestwich,reported_place,accepted_exact_name,
590,Teenage Fanclub,186449,164920,2Sp19cOHSqAUlE64hekARW,https://open.spotify.com/artist/2Sp19cOHSqAUlE64hekARW,Q1515611,Teenage Fanclub,Bellshill,United Kingdom,Bellshill,reported_place,accepted_exact_name,
591,London Symphony Chorus,185312,4932,7gCZfkXLOfuZozSItq6tCG,https://open.spotify.com/artist/7gCZfkXLOfuZozSItq6tCG,Q6670826,London Symphony Chorus,,United Kingdom,,unresolved_generic_or_missing,accepted_exact_name,origin unresolved
592,The Pigeon Detectives,184605,214476,7FPkZue0zzjHaOPJb4WCw3,https://open.spotify.com/artist/7FPkZue0zzjHaOPJb4WCw3,Q1469656,The Pigeon Detectives,Rothwell,United Kingdom,Rothwell,reported_place,accepted_exact_name,
593,The Qemists,184241,105080,2McLd7klWE4UjkPLqqMwLv,https://open.spotify.com/artist/2McLd7klWE4UjkPLqqMwLv,Q2067701,The Qemists,Brighton,United Kingdom,Brighton,reported_place,accepted_exact_name,
594,Bomb The Bass,184150,54515,1G3Eh23f2hwhEnAMw7HsZ6,https://open.spotify.com/artist/1G3Eh23f2hwhEnAMw7HsZ6,Q891757,Bomb the Bass,,United Kingdom,,unresolved_generic_or_missing,accepted_exact_name,origin unresolved
595,Way Out West,183677,50191,3HghjRl8Mo6OJWG0WElY2z,https://open.spotify.com/artist/3HghjRl8Mo6OJWG0WElY2z,Q1431341,Way Out West,,United Kingdom,,unresolved_generic_or_missing,accepted_exact_name,origin unresolved
596,Japan,183396,251906,7vPXrGlSGukcwpaPxUfKKR,https://open.spotify.com/artist/7vPXrGlSGukcwpaPxUfKKR,Q174933,Japan,Catford,United Kingdom,Catford,reported_place,accepted_exact_name,
597,King King,182479,31218,4SXsNXgRundFdewI58vbZT,https://open.spotify.com/artist/4SXsNXgRundFdewI58vbZT,Q21288873,King King,,United Kingdom,,unresolved_generic_or_missing,accepted_exact_name,origin unresolved
598,The Future Sound Of London,181260,179121,2qhmNI4ZHPpeDutdg473Z3,https://open.spotify.com/artist/2qhmNI4ZHPpeDutdg473Z3,Q168031,The Future Sound of London,Manchester,United Kingdom,Manchester,reported_place,accepted_exact_name,
599,Stooshe,180657,81733,6RDAHUqUqJab8TZmyRHFss,https://open.spotify.com/artist/6RDAHUqUqJab8TZmyRHFss,Q1346917,Stooshe,London,United Kingdom,London,reported_place,accepted_exact_name,
600,Bolt Thrower,180166,285017,3EbMlZ7ZKmFWPTHrLzpzvs,https://open.spotify.com/artist/3EbMlZ7ZKmFWPTHrLzpzvs,Q662463,Bolt Thrower,Coventry,United Kingdom,Coventry,reported_place,accepted_exact_name,
601,London Elektricity,179973,102536,4CbuwI3bEF7gQOwpxBKtal,https://open.spotify.com/artist/4CbuwI3bEF7gQOwpxBKtal,Q1858715,London Elektricity,London,United Kingdom,London,reported_place,accepted_exact_name,
602,Showaddywaddy,178641,93848,3zIIUxcnIoUMouVQdphkeC,https://open.spotify.com/artist/3zIIUxcnIoUMouVQdphkeC,Q731797,Showaddywaddy,,United Kingdom,,unresolved_generic_or_missing,accepted_exact_name,origin unresolved
603,The Futureheads,175654,108938,3TBfn8PtXr42OrTPaoC3E8,https://open.spotify.com/artist/3TBfn8PtXr42OrTPaoC3E8,Q141703,The Futureheads,Sunderland,United Kingdom,Sunderland,reported_place,accepted_exact_name,
604,Therapy?,175573,123041,3MomZRiJwdZmYnysgtF4Ey,https://open.spotify.com/artist/3MomZRiJwdZmYnysgtF4Ey,Q1130493,Therapy?,Larne,United Kingdom,Larne,reported_place,accepted_exact_name,
605,Until The Ribbon Breaks,174393,44423,0PFM64sKw3GG4Sk8kqNIcp,https://open.spotify.com/artist/0PFM64sKw3GG4Sk8kqNIcp,Q19881622,Until the Ribbon Breaks,Cardiff,United Kingdom,Cardiff,reported_place,accepted_exact_name,
606,The Seahorses,173184,134499,3mbVe260Kgvs1P8YFcCyY7,https://open.spotify.com/artist/3mbVe260Kgvs1P8YFcCyY7,Q7762808,The Seahorses,York,United Kingdom,York,reported_place,accepted_exact_name,
607,Lawson,172494,182546,2Ah7S4oLgEBYRbz2V0cZzU,https://open.spotify.com/artist/2Ah7S4oLgEBYRbz2V0cZzU,Q1076,Lawson,England,United Kingdom,,unresolved_generic_or_missing,accepted_exact_name,origin unresolved
608,swim school,172006,31979,7hC74DRW4q3obXLB5lTq4F,https://open.spotify.com/artist/7hC74DRW4q3obXLB5lTq4F,Q112039696,Swim School,,Scotland,,unresolved_generic_or_missing,accepted_exact_name,origin unresolved
609,Tom Robinson Band,171964,37011,57YVY9QP1mhqc51WqHln0e,https://open.spotify.com/artist/57YVY9QP1mhqc51WqHln0e,Q526586,Tom Robinson Band,,United Kingdom,,unresolved_generic_or_missing,accepted_exact_name,origin unresolved
610,The Soup Dragons,171856,50553,5BEYGWk6aPdNXxBx9pwU8S,https://open.spotify.com/artist/5BEYGWk6aPdNXxBx9pwU8S,Q3066755,The Soup Dragons,Bellshill,United Kingdom,Bellshill,reported_place,accepted_exact_name,
611,The Corries,171307,37863,37QFe07xXVifiZf6t6t3PE,https://open.spotify.com/artist/37QFe07xXVifiZf6t6t3PE,Q1349385,The Corries,Edinburgh,United Kingdom,Edinburgh,reported_place,accepted_exact_name,
612,Bob Vylan,171179,188980,6XgIk9Y6qy6JCMZVime6DQ,https://open.spotify.com/artist/6XgIk9Y6qy6JCMZVime6DQ,Q111685240,Bob Vylan,London,United Kingdom,London,reported_place,accepted_exact_name,
613,Sailor,168700,47029,4pE3KE9J1Z1LKzjwLtWU21,https://open.spotify.com/artist/4pE3KE9J1Z1LKzjwLtWU21,Q354427,Sailor,,United Kingdom,,unresolved_generic_or_missing,accepted_exact_name,origin unresolved
614,Dr. Feelgood,167923,120205,25IRTisJjqI6JlkyCVMBsV,https://open.spotify.com/artist/25IRTisJjqI6JlkyCVMBsV,Q1253897,Dr. Feelgood,Essex,United Kingdom,Essex,reported_place,accepted_exact_name,
615,Cock Sparrer,166468,137956,4NPManowiyiGa72hezruf2,https://open.spotify.com/artist/4NPManowiyiGa72hezruf2,Q600311,Cock Sparrer,London,United Kingdom,London,reported_place,accepted_exact_name,
616,Thunder,165055,122168,3SfrwwVPGtjYTI3vwQ4hEU,https://open.spotify.com/artist/3SfrwwVPGtjYTI3vwQ4hEU,Q678521,Thunder,London,United Kingdom,London,reported_place,accepted_exact_name,
617,The Exploited,164967,272998,6NB4b8lltHCjOhW7vQZkAy,https://open.spotify.com/artist/6NB4b8lltHCjOhW7vQZkAy,Q117684,The Exploited,Edinburgh,United Kingdom,Edinburgh,reported_place,accepted_exact_name,
618,The Slits,164826,155815,5O0RrEgz4NLCPLrDZiPggz,https://open.spotify.com/artist/5O0RrEgz4NLCPLrDZiPggz,Q677115,The Slits,London,United Kingdom,London,reported_place,accepted_exact_name,
619,Stateless,164345,31770,6msJKphD3VXZPItnztefdH,https://open.spotify.com/artist/6msJKphD3VXZPItnztefdH,Q3497309,Stateless,Leeds,United Kingdom,Leeds,reported_place,accepted_exact_name,
620,Beady Eye,164088,205926,5yBDILLJyNFAjFpECkk7ys,https://open.spotify.com/artist/5yBDILLJyNFAjFpECkk7ys,Q753648,Beady Eye,London,United Kingdom,London,reported_place,accepted_exact_name,
621,Babylon Zoo,163876,17699,3k7uMwc8FLJmH8RHMh2HF8,https://open.spotify.com/artist/3k7uMwc8FLJmH8RHMh2HF8,Q696624,Babylon Zoo,Wolverhampton,United Kingdom,Wolverhampton,reported_place,accepted_exact_name,
622,Kareful,162343,17678,7y4breKexfBWgdyMgHMEHK,https://open.spotify.com/artist/7y4breKexfBWgdyMgHMEHK,Q59563575,Kareful,,United Kingdom,,unresolved_generic_or_missing,accepted_exact_name,origin unresolved
623,The Swinging Blue Jeans,161534,71064,5gNduPlUGHsgy1w7f71obH,https://open.spotify.com/artist/5gNduPlUGHsgy1w7f71obH,Q1310839,The Swinging Blue Jeans,Liverpool,United Kingdom,Liverpool,reported_place,accepted_exact_name,
624,Loadstar,160497,38144,0umDTRGYujQH31KZq9FdrU,https://open.spotify.com/artist/0umDTRGYujQH31KZq9FdrU,Q15052759,Loadstar,Bristol,United Kingdom,Bristol,reported_place,accepted_exact_name,
625,The Magic Numbers,160113,102124,0P2q6xyNc2hVFkG3ThjYcJ,https://open.spotify.com/artist/0P2q6xyNc2hVFkG3ThjYcJ,Q1474849,The Magic Numbers,Ealing,United Kingdom,Ealing,reported_place,accepted_exact_name,
626,Oxide & Neutrino,159474,27287,0uhNYfjHJyAmHh2xNZ4vqf,https://open.spotify.com/artist/0uhNYfjHJyAmHh2xNZ4vqf,Q1428002,Oxide & Neutrino,London,United Kingdom,London,reported_place,accepted_exact_name,
627,Dead Pony,158291,55682,3lGO6uBIzoFyU6OoGMER1B,https://open.spotify.com/artist/3lGO6uBIzoFyU6OoGMER1B,Q112031241,Dead Pony,,Scotland,,unresolved_generic_or_missing,accepted_exact_name,origin unresolved
628,Twin Atlantic,158180,154793,4A9xtvezlouTD7H0kyUje9,https://open.spotify.com/artist/4A9xtvezlouTD7H0kyUje9,Q2365012,Twin Atlantic,Glasgow,United Kingdom,Glasgow,reported_place,accepted_exact_name,
629,Shpongle,157586,331485,0m5XJwKGYyUjd3VMfcINCQ,https://open.spotify.com/artist/0m5XJwKGYyUjd3VMfcINCQ,Q1134411,Shpongle,United Kingdom,United Kingdom,,unresolved_generic_or_missing,accepted_exact_name,origin unresolved
630,Electrelane,156130,67563,7ulIMfVKiXh8ecEpAVHIAY,https://open.spotify.com/artist/7ulIMfVKiXh8ecEpAVHIAY,Q460115,Electrelane,Brighton,United Kingdom,Brighton,reported_place,accepted_exact_name,
631,AlicebanD,156024,39307,4r4F8WTxKS7hsSWVzlu6rY,https://open.spotify.com/artist/4r4F8WTxKS7hsSWVzlu6rY,Q117025304,AlicebanD,,England,,unresolved_generic_or_missing,accepted_exact_name,origin unresolved
632,Calva Louise,155471,88942,02nZLQtQ4vL5iHyp6atBrh,https://open.spotify.com/artist/02nZLQtQ4vL5iHyp6atBrh,Q111128234,Calva Louise,,United Kingdom,,unresolved_generic_or_missing,accepted_exact_name,origin unresolved
633,TesseracT,155442,359654,23ytwhG1pzX6DIVWRWvW1r,https://open.spotify.com/artist/23ytwhG1pzX6DIVWRWvW1r,Q1430984,Tesseract,Milton Keynes,United Kingdom,Milton Keynes,reported_place,accepted_exact_name,
634,Deaf Havana,155196,127338,0exhrQcReCdr11oPbOh22M,https://open.spotify.com/artist/0exhrQcReCdr11oPbOh22M,Q5245773,Deaf Havana,Hunstanton,United Kingdom,Hunstanton,reported_place,accepted_exact_name,
635,The Bluebells,155036,16802,59FA7hfd0gJCIVBN0GygHg,https://open.spotify.com/artist/59FA7hfd0gJCIVBN0GygHg,Q4050978,The Bluebells,Scotland,United Kingdom,Scotland,reported_place,accepted_exact_name,
636,The Alarm,153792,89337,0oQLexIBY9SlMhtbSIPFAO,https://open.spotify.com/artist/0oQLexIBY9SlMhtbSIPFAO,Q2301808,The Alarm,Wales,United Kingdom,Wales,reported_place,accepted_exact_name,
637,Mànran,153473,32943,0okPaVyeEjh0VJtfBdNPho,https://open.spotify.com/artist/0okPaVyeEjh0VJtfBdNPho,Q3997948,Mànran,Scotland,United Kingdom,Scotland,reported_place,accepted_exact_name,
638,The Flying Pickets,152643,26495,41A6Xdil8qhaD2DcS4X1wA,https://open.spotify.com/artist/41A6Xdil8qhaD2DcS4X1wA,Q1578573,The Flying Pickets,,United Kingdom,,unresolved_generic_or_missing,accepted_exact_name,origin unresolved
639,Pretty Vicious,152499,61601,4KH4eOg39KeBpnfSgvIteD,https://open.spotify.com/artist/4KH4eOg39KeBpnfSgvIteD,Q26260790,Pretty Vicious,Merthyr Tydfil,United Kingdom,Merthyr Tydfil,reported_place,accepted_exact_name,
640,The Prototypes,151701,72867,7F6nxkPQrlh4qWDetjgnpX,https://open.spotify.com/artist/7F6nxkPQrlh4qWDetjgnpX,Q22909361,The Prototypes,,United Kingdom,,unresolved_generic_or_missing,accepted_exact_name,origin unresolved
641,Delta Sleep,151180,118215,05MlomiA9La0OiNIAGqECk,https://open.spotify.com/artist/05MlomiA9La0OiNIAGqECk,Q106920410,Delta Sleep,,United Kingdom,,unresolved_generic_or_missing,accepted_exact_name,origin unresolved
642,Reprazent,150501,7044,17Ytfl1DntgvVdragJEqx8,https://open.spotify.com/artist/17Ytfl1DntgvVdragJEqx8,Q7314192,Reprazent,,United Kingdom,,unresolved_generic_or_missing,accepted_exact_name,origin unresolved
643,Dry Cleaning,150253,170043,7DlD7rLG9MKuvXtTeACzkO,https://open.spotify.com/artist/7DlD7rLG9MKuvXtTeACzkO,Q105677002,Dry Cleaning,South London,United Kingdom,South London,reported_place,accepted_exact_name,
644,Fickle Friends,149977,141833,1nhSLEYdoBHG6cJ8NDwoF1,https://open.spotify.com/artist/1nhSLEYdoBHG6cJ8NDwoF1,Q24895505,Fickle Friends,Brighton,United Kingdom,Brighton,reported_place,accepted_exact_name,
645,Bros,149817,83494,2LKrAJVB1842xPDvx4uuwU,https://open.spotify.com/artist/2LKrAJVB1842xPDvx4uuwU,Q990686,Bros,Camberley,United Kingdom,Camberley,reported_place,accepted_exact_name,
646,Super Furry Animals,149540,131452,0FOcXqJgJ1oq9XfzYTDZmZ,https://open.spotify.com/artist/0FOcXqJgJ1oq9XfzYTDZmZ,Q1135582,Super Furry Animals,Cardiff,United Kingdom,Cardiff,reported_place,accepted_exact_name,
647,Lo Fidelity Allstars,149493,29732,2YiWXa7E1raYyY0uQDLpgs,https://open.spotify.com/artist/2YiWXa7E1raYyY0uQDLpgs,Q204934,Lo Fidelity Allstars,London,United Kingdom,London,reported_place,accepted_exact_name,
648,English Teacher,148637,108308,5H9IFTRxSICj24uxO15ScU,https://open.spotify.com/artist/5H9IFTRxSICj24uxO15ScU,Q124304162,English Teacher,,United Kingdom,,unresolved_generic_or_missing,accepted_exact_name,origin unresolved
649,The Selecter,147657,144513,3wRksusBxJ6npu0PryYheF,https://open.spotify.com/artist/3wRksusBxJ6npu0PryYheF,Q1546385,The Selecter,Coventry,United Kingdom,Coventry,reported_place,accepted_exact_name,
650,Sleeper,146769,81522,0NbfEPYRgMczimdfM3skmH,https://open.spotify.com/artist/0NbfEPYRgMczimdfM3skmH,Q640008,Sleeper,London,United Kingdom,London,reported_place,accepted_exact_name,
651,The Big Moon,146229,117870,0KU55rzxAihPhi27MAuz9O,https://open.spotify.com/artist/0KU55rzxAihPhi27MAuz9O,Q28407726,The Big Moon,London,United Kingdom,London,reported_place,accepted_exact_name,
652,black midi,144902,325236,7Hvq85OU8T7Hsd63zNBwaL,https://open.spotify.com/artist/7Hvq85OU8T7Hsd63zNBwaL,Q65070663,Black Midi,London,United Kingdom,London,reported_place,accepted_exact_name,
653,Those Damn Crows,142422,48598,3VdnwWd3i9OOT0CzbzRZj7,https://open.spotify.com/artist/3VdnwWd3i9OOT0CzbzRZj7,Q65038085,Those Damn Crows,,United Kingdom,,unresolved_generic_or_missing,accepted_exact_name,origin unresolved
654,Panic Shack,142284,53371,26HCuM5PamldoaHII5Ifxc,https://open.spotify.com/artist/26HCuM5PamldoaHII5Ifxc,Q116783016,Panic Shack,,Wales,,unresolved_generic_or_missing,accepted_exact_name,origin unresolved
655,Monaco,140035,32255,0N3oP3Si8ihzFUrU6kITZ8,https://open.spotify.com/artist/0N3oP3Si8ihzFUrU6kITZ8,Q1943982,Monaco,Manchester,United Kingdom,Manchester,reported_place,accepted_exact_name,
656,Michael Schenker Group,139857,226255,5uSY4FF3dZMCVSkZslKCHi,https://open.spotify.com/artist/5uSY4FF3dZMCVSkZslKCHi,Q638159,Michael Schenker Group,London,United Kingdom,London,reported_place,accepted_exact_name,
657,The Firm,138968,42646,4rPZAvpw9ObVO3HFGWSHwt,https://open.spotify.com/artist/4rPZAvpw9ObVO3HFGWSHwt,Q938323,The Firm,England,United Kingdom,,unresolved_generic_or_missing,accepted_exact_name,origin unresolved
658,Pop Will Eat Itself,138949,45364,5rIXueJu7zVE2gDZjUM6g8,https://open.spotify.com/artist/5rIXueJu7zVE2gDZjUM6g8,Q1378050,Pop Will Eat Itself,Stourbridge,United Kingdom,Stourbridge,reported_place,accepted_exact_name,
659,Foreign Beggars,138616,103677,0sQ1wgSdRpoysgsa1VnI4G,https://open.spotify.com/artist/0sQ1wgSdRpoysgsa1VnI4G,Q3077143,Foreign Beggars,London,United Kingdom,London,reported_place,accepted_exact_name,
660,Nomad,136733,9207,4nP1Vg2YuLE0Nbr7uK08SM,https://open.spotify.com/artist/4nP1Vg2YuLE0Nbr7uK08SM,Q7048384,Nomad,,United Kingdom,,unresolved_generic_or_missing,accepted_exact_name,origin unresolved
661,Hawkwind,136226,145361,2jK54ZlZhTF1TxygsVeR05,https://open.spotify.com/artist/2jK54ZlZhTF1TxygsVeR05,Q285966,Hawkwind,Ladbroke Grove,United Kingdom,Ladbroke Grove,reported_place,accepted_exact_name,
662,Hybrid,134319,59042,2MYN7OKnlCiZ0wrwp2A1ox,https://open.spotify.com/artist/2MYN7OKnlCiZ0wrwp2A1ox,Q851798,Hybrid,,United Kingdom,,unresolved_generic_or_missing,accepted_exact_name,origin unresolved
663,The Irish Brigade,133806,42959,22xPtA9BuacbAGzd2Laihm,https://open.spotify.com/artist/22xPtA9BuacbAGzd2Laihm,Q28958305,The Irish Brigade,County Tyrone,Northern Ireland,County Tyrone,reported_place,accepted_exact_name,
664,Acoustic Alchemy,133679,68974,29wYlrKAdlJOf9ayJIIPpJ,https://open.spotify.com/artist/29wYlrKAdlJOf9ayJIIPpJ,Q1144027,Acoustic Alchemy,London,United Kingdom,London,reported_place,accepted_exact_name,
665,The Joy Formidable,133646,130580,4LdZNE5MHGqvc0N9ivXNF3,https://open.spotify.com/artist/4LdZNE5MHGqvc0N9ivXNF3,Q953993,The Joy Formidable,Mold,United Kingdom,Mold,reported_place,accepted_exact_name,
666,The Escape Club,131312,13509,6mRev5KzKOgQcZjWanwBdd,https://open.spotify.com/artist/6mRev5KzKOgQcZjWanwBdd,Q661797,The Escape Club,London,United Kingdom,London,reported_place,accepted_exact_name,
667,The Icicle Works,131181,50086,39afGThIZjTTMH5enuLXYI,https://open.spotify.com/artist/39afGThIZjTTMH5enuLXYI,Q2412078,The Icicle Works,Liverpool,United Kingdom,Liverpool,reported_place,accepted_exact_name,
668,Drumsound & Bassline Smith,130375,68820,1f6TTocyaqNFvwD4xsrDTh,https://open.spotify.com/artist/1f6TTocyaqNFvwD4xsrDTh,Q5309306,Drumsound & Bassline Smith,,United Kingdom,,unresolved_generic_or_missing,accepted_exact_name,origin unresolved
669,Radio Slave,130300,40421,4rzWjR3L3M54c6I25NzdM3,https://open.spotify.com/artist/4rzWjR3L3M54c6I25NzdM3,Q111050686,Radio Slave,,United Kingdom,,unresolved_generic_or_missing,accepted_exact_name,origin unresolved
670,The Pineapple Thief,130128,173374,4lrBMUSk8PiNnCEZfsmPAk,https://open.spotify.com/artist/4lrBMUSk8PiNnCEZfsmPAk,Q38502,The Pineapple Thief,Yeovil,United Kingdom,Yeovil,reported_place,accepted_exact_name,
671,shame,129743,201828,4IeWU3NYBI9mISFVhzXG8f,https://open.spotify.com/artist/4IeWU3NYBI9mISFVhzXG8f,Q48700714,Shame,London,United Kingdom,London,reported_place,accepted_exact_name,
672,Five Star,128764,84034,4toJT7YydhWcrYNgWJK4hW,https://open.spotify.com/artist/4toJT7YydhWcrYNgWJK4hW,Q1421891,Five Star,Romford,United Kingdom,Romford,reported_place,accepted_exact_name,
673,Teleman,128713,59760,3wrtQM9ICPPeHwoc1GWiyV,https://open.spotify.com/artist/3wrtQM9ICPPeHwoc1GWiyV,Q25056198,Teleman,London,United Kingdom,London,reported_place,accepted_exact_name,
674,Altered Images,126082,94902,07h7JMfYWswTq4qpinC5q4,https://open.spotify.com/artist/07h7JMfYWswTq4qpinC5q4,Q438314,Altered Images,Glasgow,United Kingdom,Glasgow,reported_place,accepted_exact_name,
675,Space,125619,46037,76vZk3TWaVcNiP7H7in9fu,https://open.spotify.com/artist/76vZk3TWaVcNiP7H7in9fu,Q7572217,Space,Liverpool,United Kingdom,Liverpool,reported_place,accepted_exact_name,
676,Chas & Dave,125459,34026,38unGip4o3KhMfqHdHWB7K,https://open.spotify.com/artist/38unGip4o3KhMfqHdHWB7K,Q1067929,Chas & Dave,,United Kingdom,,unresolved_generic_or_missing,accepted_exact_name,origin unresolved
677,Skids,123686,54513,2vwI9jlKSgJbne3dlTzaLO,https://open.spotify.com/artist/2vwI9jlKSgJbne3dlTzaLO,Q547438,Skids,Dunfermline,United Kingdom,Dunfermline,reported_place,accepted_exact_name,
678,Real Lies,122748,23084,1jucBaHU995Lf7ViACscFu,https://open.spotify.com/artist/1jucBaHU995Lf7ViACscFu,Q16735061,Real Lies,London,United Kingdom,London,reported_place,accepted_exact_name,
679,The Boo Radleys,121170,54068,6UYwzZChuolxsylHcZcBBP,https://open.spotify.com/artist/6UYwzZChuolxsylHcZcBBP,Q1778436,The Boo Radleys,Liverpool,United Kingdom,Liverpool,reported_place,accepted_exact_name,
680,Savoy Brown,119814,148308,17obwOahRWI121iMUZznh2,https://open.spotify.com/artist/17obwOahRWI121iMUZznh2,Q1707816,Savoy Brown,Battersea,United Kingdom,Battersea,reported_place,accepted_exact_name,
681,Honeyz,119707,93205,3Ps27dDfvubd75rh5A0wz9,https://open.spotify.com/artist/3Ps27dDfvubd75rh5A0wz9,Q16504388,Honeyz,London,United Kingdom,London,reported_place,accepted_exact_name,
682,Catherine Wheel,119190,81520,1QPWAsWIjRcTfvY5uH8dov,https://open.spotify.com/artist/1QPWAsWIjRcTfvY5uH8dov,Q502291,Catherine Wheel,Great Yarmouth,United Kingdom,Great Yarmouth,reported_place,accepted_exact_name,
683,Marshall Hain,117620,3592,0bUGoPJdCrDnuIQNLxsnBb,https://open.spotify.com/artist/0bUGoPJdCrDnuIQNLxsnBb,Q455663,Marshall Hain,,United Kingdom,,unresolved_generic_or_missing,accepted_exact_name,origin unresolved
684,Sweet Sensation,116293,93792,0DSE3n3008wiKzfd8vNhWy,https://open.spotify.com/artist/0DSE3n3008wiKzfd8vNhWy,Q2372456,Sweet Sensation,Manchester,United Kingdom,Manchester,reported_place,accepted_exact_name,
685,Rak-Su,115569,190495,5UyRaawCsdiVrro0WWgIVB,https://open.spotify.com/artist/5UyRaawCsdiVrro0WWgIVB,Q44590001,Rak-Su,Watford,United Kingdom,Watford,reported_place,accepted_exact_name,
686,The Adventures,115422,17433,6ZXLmQi3SPQEh8mXNDldRC,https://open.spotify.com/artist/6ZXLmQi3SPQEh8mXNDldRC,Q1473420,The Adventures,,United Kingdom,,unresolved_generic_or_missing,accepted_exact_name,origin unresolved
687,Black Honey,115099,109746,2oVmQT6s29pVIKpqJkyxBS,https://open.spotify.com/artist/2oVmQT6s29pVIKpqJkyxBS,Q55639325,Black Honey,Brighton,United Kingdom,Brighton,reported_place,accepted_exact_name,
688,Gentle Giant,114925,264530,1hrQ50kU6hMQBVLatqUqnO,https://open.spotify.com/artist/1hrQ50kU6hMQBVLatqUqnO,Q943241,Gentle Giant,London,United Kingdom,London,reported_place,accepted_exact_name,
689,Felt,114516,63078,3BqAAo5E60L15TcFgWI8xH,https://open.spotify.com/artist/3BqAAo5E60L15TcFgWI8xH,Q1404436,Felt,Birmingham,United Kingdom,Birmingham,reported_place,accepted_exact_name,
690,The KVB,113762,96849,0BzJFLqchxKNQyEwswwQ40,https://open.spotify.com/artist/0BzJFLqchxKNQyEwswwQ40,Q16679631,The KVB,,United Kingdom,,unresolved_generic_or_missing,accepted_exact_name,origin unresolved
691,Godley & Creme,112480,60417,02zGgCB9SiSPeDYMfwPJXK,https://open.spotify.com/artist/02zGgCB9SiSPeDYMfwPJXK,Q1533857,Godley & Creme,Stockport,United Kingdom,Manchester,editorial_city_cluster,accepted_exact_name,
692,Richard & Linda Thompson,111216,41315,4hw4TPMyAzHqNBcWtoDrK5,https://open.spotify.com/artist/4hw4TPMyAzHqNBcWtoDrK5,Q9310340,Richard & Linda Thompson,,United Kingdom,,unresolved_generic_or_missing,accepted_exact_name,origin unresolved
693,Chris Barber's Jazz Band,110937,11455,48CW1rjPSOgZbMsV4LpqoP,https://open.spotify.com/artist/48CW1rjPSOgZbMsV4LpqoP,Q110892335,Chris Barber's Jazz Band,,United Kingdom,,unresolved_generic_or_missing,accepted_exact_name,origin unresolved
694,The Raven Age,110546,102743,1Ia5iTYHMBsMQfi7Fbcbuw,https://open.spotify.com/artist/1Ia5iTYHMBsMQfi7Fbcbuw,Q24039212,The Raven Age,London,United Kingdom,London,reported_place,accepted_exact_name,
695,The Pretty Things,110197,132774,5U16QlMnlSAhkQxBZpLyLO,https://open.spotify.com/artist/5U16QlMnlSAhkQxBZpLyLO,Q1364657,The Pretty Things,London,United Kingdom,London,reported_place,accepted_exact_name,
696,Mumm-ra,109420,27210,2cUnvdrMWIMACo3fSxCrWW,https://open.spotify.com/artist/2cUnvdrMWIMACo3fSxCrWW,Q1254813,Mumm-Ra,Bexhill-on-Sea,United Kingdom,Bexhill-on-Sea,reported_place,accepted_exact_name,
697,4hero,109004,50728,1BlBZ9jQGOjmj6Zykgg43L,https://open.spotify.com/artist/1BlBZ9jQGOjmj6Zykgg43L,Q924606,4hero,,United Kingdom,,unresolved_generic_or_missing,accepted_exact_name,origin unresolved
698,Collapsed Lung,105834,918,6sizjS3o8Ph8LoA8WzpXGY,https://open.spotify.com/artist/6sizjS3o8Ph8LoA8WzpXGY,Q5145935,Collapsed Lung,,United Kingdom,,unresolved_generic_or_missing,accepted_exact_name,origin unresolved
699,Ska Cubano,104757,53801,6lmoqMxughzdlxvQTsUXjF,https://open.spotify.com/artist/6lmoqMxughzdlxvQTsUXjF,Q3822260,Ska Cubano,London,England,London,reported_place,accepted_exact_name,
700,Plaid,103115,122177,5akVqMzdZOdbMYbE4vNZWD,https://open.spotify.com/artist/5akVqMzdZOdbMYbE4vNZWD,Q1072372,Plaid,England,United Kingdom,,unresolved_generic_or_missing,accepted_exact_name,origin unresolved
701,Budgie,102853,94464,42RbQv212uOjyfIXECLKfR,https://open.spotify.com/artist/42RbQv212uOjyfIXECLKfR,Q508678,Budgie,Cardiff,United Kingdom,Cardiff,reported_place,accepted_exact_name,
702,King Hannah,102030,63768,7t00AYOoiQrcgNlpTkNer6,https://open.spotify.com/artist/7t00AYOoiQrcgNlpTkNer6,Q130315360,King Hannah,Liverpool,United Kingdom,Liverpool,reported_place,accepted_exact_name,
703,The Ordinary Boys,101724,31701,2xPxXPgmZFs7x6xRFpHwkq,https://open.spotify.com/artist/2xPxXPgmZFs7x6xRFpHwkq,Q972093,The Ordinary Boys,Worthing,United Kingdom,Worthing,reported_place,accepted_exact_name,
704,The Overtones,101723,48910,6dXTZkBBwA1WOLD6OSuA0x,https://open.spotify.com/artist/6dXTZkBBwA1WOLD6OSuA0x,Q1296293,The Overtones,London,United Kingdom,London,reported_place,accepted_exact_name,
705,Squid,101653,179206,685XjGzGztyivfR3fAjoxo,https://open.spotify.com/artist/685XjGzGztyivfR3fAjoxo,Q42886947,Squid,Brighton,United Kingdom,Brighton,reported_place,accepted_exact_name,
706,The Wurzels,101561,29929,3MOw1ev3YQ8liIGmHT3eH6,https://open.spotify.com/artist/3MOw1ev3YQ8liIGmHT3eH6,Q335723,The Wurzels,Somerset,United Kingdom,Somerset,reported_place,accepted_exact_name,
707,The Guest List,100343,46371,3MlBGzJspD6CjrHRYbR4OQ,https://open.spotify.com/artist/3MlBGzJspD6CjrHRYbR4OQ,Q130504078,The Guest List,,United Kingdom,,unresolved_generic_or_missing,accepted_exact_name,origin unresolved
708,New Young Pony Club,99986,63710,3kdrMtLybQIl93rXJlvF3w,https://open.spotify.com/artist/3kdrMtLybQIl93rXJlvF3w,Q1217509,New Young Pony Club,London,United Kingdom,London,reported_place,accepted_exact_name,
709,Evile,99821,131754,1dwrMJAKBiLlj0O4R791Xo,https://open.spotify.com/artist/1dwrMJAKBiLlj0O4R791Xo,Q1382461,Evile,Huddersfield,United Kingdom,Huddersfield,reported_place,accepted_exact_name,
710,Black Grape,99344,95076,147FGf3bdxV1L0mmVtgaJR,https://open.spotify.com/artist/147FGf3bdxV1L0mmVtgaJR,Q2500994,Black Grape,Salford,United Kingdom,Manchester,editorial_city_cluster,accepted_exact_name,
711,Creeper,98969,102884,0nV7SiEIVtPLTSJ6NwWDGj,https://open.spotify.com/artist/0nV7SiEIVtPLTSJ6NwWDGj,Q23023097,Creeper,Southampton,United Kingdom,Southampton,reported_place,accepted_exact_name,
712,The Wonder Stuff,98365,74322,0Uo1d5A6BR1I155GlD9WYo,https://open.spotify.com/artist/0Uo1d5A6BR1I155GlD9WYo,Q500101,The Wonder Stuff,Stourbridge,United Kingdom,Stourbridge,reported_place,accepted_exact_name,
713,The Flying Lizards,98078,23736,2L9iHIK8h5HvZe6VXb0aOI,https://open.spotify.com/artist/2L9iHIK8h5HvZe6VXb0aOI,Q1527282,The Flying Lizards,United Kingdom,United Kingdom,,unresolved_generic_or_missing,accepted_exact_name,origin unresolved
714,My Dying Bride,98069,210924,7iMWWdRNiCJwGOGEIYr02z,https://open.spotify.com/artist/7iMWWdRNiCJwGOGEIYr02z,Q498460,My Dying Bride,Q22905,United Kingdom,Bradford,reviewed_override,accepted_exact_name,formation place is an unresolved Wikidata ID
715,Remember Monday,97605,47560,3oIj2x6uKeZSe9Bprnt4TX,https://open.spotify.com/artist/3oIj2x6uKeZSe9Bprnt4TX,Q133137918,Remember Monday,Farnborough|Surrey,United Kingdom,,unresolved_multiple_places,accepted_exact_name,origin unresolved
716,Monuments,97034,180599,71IBhhBhtPLZ8OyVuXOw77,https://open.spotify.com/artist/71IBhhBhtPLZ8OyVuXOw77,Q15835576,Monuments,England,United Kingdom,,unresolved_generic_or_missing,accepted_exact_name,origin unresolved
717,The Yogscast,96738,44957,2kQ4uyd7WPQI9xcmeZbI0G,https://open.spotify.com/artist/2kQ4uyd7WPQI9xcmeZbI0G,Q7776711,The Yogscast,,United Kingdom,,unresolved_generic_or_missing,accepted_exact_name,origin unresolved
718,Argent,96722,66357,46VosWAvtZsBl7rvxufsWG,https://open.spotify.com/artist/46VosWAvtZsBl7rvxufsWG,Q2301367,Argent,London,United Kingdom,London,reported_place,accepted_exact_name,
719,The Rezillos,96370,63677,0nbaBQTlGxUPLQ07N7onwv,https://open.spotify.com/artist/0nbaBQTlGxUPLQ07N7onwv,Q3269,The Rezillos,Edinburgh,United Kingdom,Edinburgh,reported_place,accepted_exact_name,
720,Lower Than Atlantis,96324,114550,1kF0gYnHLUJvFuPdoowO02,https://open.spotify.com/artist/1kF0gYnHLUJvFuPdoowO02,Q1493713,Lower Than Atlantis,Watford,United Kingdom,Watford,reported_place,accepted_exact_name,
721,Snapped Ankles,96130,52165,4iWOyexPqcvgycdx7mLUcl,https://open.spotify.com/artist/4iWOyexPqcvgycdx7mLUcl,Q39054831,Snapped Ankles,London,United Kingdom,London,reported_place,accepted_exact_name,
722,Warning,96100,39680,215tdyVWdDYOjufDKf6UJg,https://open.spotify.com/artist/215tdyVWdDYOjufDKf6UJg,Q2549534,Warning,Harlow,United Kingdom,Harlow,reported_place,accepted_exact_name,
723,Death In June,95529,134609,68wK3u9MnoZj5fFOFNTfwy,https://open.spotify.com/artist/68wK3u9MnoZj5fFOFNTfwy,Q1181285,Death in June,England,United Kingdom,,unresolved_generic_or_missing,accepted_exact_name,origin unresolved
724,Stealing Sheep,95519,29907,3ghT43Gj41br25PvBCDS22,https://open.spotify.com/artist/3ghT43Gj41br25PvBCDS22,Q18162543,Stealing Sheep,Liverpool,United Kingdom,Liverpool,reported_place,accepted_exact_name,
725,Los Bitchos,95326,112931,07b9qW7pabKGO29JPWXn9m,https://open.spotify.com/artist/07b9qW7pabKGO29JPWXn9m,Q110821923,Los Bitchos,,United Kingdom,,unresolved_generic_or_missing,accepted_exact_name,origin unresolved
726,２８１４,95312,89132,2wBpW4bAGYVe0yJcBeCTyd,https://open.spotify.com/artist/2wBpW4bAGYVe0yJcBeCTyd,Q28843403,２８１４,London,United Kingdom,London,reported_place,accepted_exact_name,
727,Magnum,94112,78000,3Nu9hoMBT4SkDcaNvmK4G1,https://open.spotify.com/artist/3Nu9hoMBT4SkDcaNvmK4G1,Q1754885,Magnum,Birmingham,United Kingdom,Birmingham,reported_place,accepted_exact_name,
728,The Vaselines,94006,95866,4wWQkHhmUNlXvhbHRUSqZW,https://open.spotify.com/artist/4wWQkHhmUNlXvhbHRUSqZW,Q1542725,The Vaselines,Glasgow,United Kingdom,Glasgow,reported_place,accepted_exact_name,
729,Cook da Books,92697,2321,59VqwKtnkmMOdYKYRxO5Td,https://open.spotify.com/artist/59VqwKtnkmMOdYKYRxO5Td,Q1128539,Cook da Books,Liverpool,United Kingdom,Liverpool,reported_place,accepted_exact_name,
730,The Quireboys,92662,63481,0d49iRrp4iVZggKbcpxnqI,https://open.spotify.com/artist/0d49iRrp4iVZggKbcpxnqI,Q1243743,The Quireboys,London,United Kingdom,London,reported_place,accepted_exact_name,
731,Longpigs,91435,53332,1o7zIbVAgDDHKijLVuLASg,https://open.spotify.com/artist/1o7zIbVAgDDHKijLVuLASg,Q4043165,Longpigs,Sheffield,United Kingdom,Sheffield,reported_place,accepted_exact_name,
732,Girlschool,90933,103283,2TRtXTjjmyzK5oUGec1Gv8,https://open.spotify.com/artist/2TRtXTjjmyzK5oUGec1Gv8,Q1142870,Girlschool,London,United Kingdom,London,reported_place,accepted_exact_name,
733,U.K. Subs,90759,80069,4wsg78KGu80m8Xk37PY2uG,https://open.spotify.com/artist/4wsg78KGu80m8Xk37PY2uG,Q1479074,U.K. Subs,London,United Kingdom,London,reported_place,accepted_exact_name,
734,Faze Action,90602,10791,1MMEHyxVfd0Pv4PEHynX9k,https://open.spotify.com/artist/1MMEHyxVfd0Pv4PEHynX9k,Q5439175,Faze Action,,United Kingdom,,unresolved_generic_or_missing,accepted_exact_name,origin unresolved
735,The Chevin,90538,8737,2x9iKuuxMHGDm12dmNfOAh,https://open.spotify.com/artist/2x9iKuuxMHGDm12dmNfOAh,Q2410218,The Chevin,Otley,United Kingdom,Otley,reported_place,accepted_exact_name,
736,Tygers Of Pan Tang,89626,77762,1MZ8NERIuOS610KBhr6yna,https://open.spotify.com/artist/1MZ8NERIuOS610KBhr6yna,Q1753013,Tygers of Pan Tang,Whitley Bay,United Kingdom,Whitley Bay,reported_place,accepted_exact_name,
737,Jo Boxers,89557,5236,6lONz9iABy1tb7Nl9FAOZG,https://open.spotify.com/artist/6lONz9iABy1tb7Nl9FAOZG,Q14158638,JoBoxers,,United Kingdom,,unresolved_generic_or_missing,accepted_exact_name,origin unresolved
738,Cruel Youth,89434,148564,4YrURxtCHtPBfNDmMNp7IG,https://open.spotify.com/artist/4YrURxtCHtPBfNDmMNp7IG,Q26905034,Cruel Youth,,United Kingdom,,unresolved_generic_or_missing,accepted_exact_name,origin unresolved
739,The Comet Is Coming,89284,188120,0Z5FMozvx15nUSUA6a9kkU,https://open.spotify.com/artist/0Z5FMozvx15nUSUA6a9kkU,Q21585350,The Comet Is Coming,,United Kingdom,,unresolved_generic_or_missing,accepted_exact_name,origin unresolved
740,Idlewild,89257,72943,1xdB9gS1NrKEYgZUEfoqIw,https://open.spotify.com/artist/1xdB9gS1NrKEYgZUEfoqIw,Q784088,Idlewild,Edinburgh,United Kingdom,Edinburgh,reported_place,accepted_exact_name,
741,Sons Of Kemet,88881,163892,3pvRbmrqOyFxB2Eext4Dki,https://open.spotify.com/artist/3pvRbmrqOyFxB2Eext4Dki,Q17019747,Sons of Kemet,London,United Kingdom,London,reported_place,accepted_exact_name,
742,KOAN Sound,88384,121601,1NCLweIUpq8knzemBwAwoo,https://open.spotify.com/artist/1NCLweIUpq8knzemBwAwoo,Q6334752,KOAN Sound,Bristol,United Kingdom,Bristol,reported_place,accepted_exact_name,
743,The Slow Show,87963,43986,696uMzB97pg2uqfzmK3MvO,https://open.spotify.com/artist/696uMzB97pg2uqfzmK3MvO,Q27058585,The Slow Show,Manchester,United Kingdom,Manchester,reported_place,accepted_exact_name,
744,All Angels,87528,25936,1nlqYzoK1LAlS8MmnUhfEs,https://open.spotify.com/artist/1nlqYzoK1LAlS8MmnUhfEs,Q2577167,All Angels,,United Kingdom,,unresolved_generic_or_missing,accepted_exact_name,origin unresolved
745,Florence Black,87365,33670,7ubhUvkY7FB68rfzz7DmW4,https://open.spotify.com/artist/7ubhUvkY7FB68rfzz7DmW4,Q139620902,Florence Black,,United Kingdom,,unresolved_generic_or_missing,accepted_exact_name,origin unresolved
746,Swim Deep,86770,86828,2XddLUPFBmTonCFy8uB3uc,https://open.spotify.com/artist/2XddLUPFBmTonCFy8uB3uc,Q15052678,Swim Deep,Birmingham,United Kingdom,Birmingham,reported_place,accepted_exact_name,
747,Glasvegas,86543,64525,478peoEkoKPsTgRiVzkvPl,https://open.spotify.com/artist/478peoEkoKPsTgRiVzkvPl,Q740692,Glasvegas,Dalmarnock,United Kingdom,Dalmarnock,reported_place,accepted_exact_name,
748,Gun,85826,42357,1dip2dCkBIylIFyDfZQfFu,https://open.spotify.com/artist/1dip2dCkBIylIFyDfZQfFu,Q462960,Gun,Glasgow,United Kingdom,Glasgow,reported_place,accepted_exact_name,
749,Blackfield,85702,150969,3xrzXKnScjOEoy172vsJMW,https://open.spotify.com/artist/3xrzXKnScjOEoy172vsJMW,Q880812,Blackfield,England,United Kingdom,,unresolved_generic_or_missing,accepted_exact_name,origin unresolved
750,Jockstrap,85520,114087,6S3Z6Me30mtdm526H17v8k,https://open.spotify.com/artist/6S3Z6Me30mtdm526H17v8k,Q96384484,Jockstrap,London,United Kingdom,London,reported_place,accepted_exact_name,
751,The Rumble Strips,85506,17312,2LrQtNcBWufq2AjaM6swf7,https://open.spotify.com/artist/2LrQtNcBWufq2AjaM6swf7,Q7761824,The Rumble Strips,Tavistock,United Kingdom,Tavistock,reported_place,accepted_exact_name,
752,Booze & Glory,85412,80939,4gVommn6B9vUqdsfSwVaiv,https://open.spotify.com/artist/4gVommn6B9vUqdsfSwVaiv,Q17300304,Booze & Glory,,United Kingdom,,unresolved_generic_or_missing,accepted_exact_name,origin unresolved
753,Magnetic Man,83637,58622,40ttEBZPhAHbXH6aUg4GkL,https://open.spotify.com/artist/40ttEBZPhAHbXH6aUg4GkL,Q1884353,Magnetic Man,London,United Kingdom,London,reported_place,accepted_exact_name,
754,Oi Va Voi,83446,64804,1AzrlUnOS6dhH0iMV86ctS,https://open.spotify.com/artist/1AzrlUnOS6dhH0iMV86ctS,Q1747594,Oi Va Voi,London,United Kingdom,London,reported_place,accepted_exact_name,
755,Tenpole Tudor,83020,22883,3hsO9B2FiSAfdBddcNKZEV,https://open.spotify.com/artist/3hsO9B2FiSAfdBddcNKZEV,Q649666,Tenpole Tudor,England,United Kingdom,,unresolved_generic_or_missing,accepted_exact_name,origin unresolved
756,Young Guns,82953,92090,4v4qHupYi7eRJfkniHrp4Z,https://open.spotify.com/artist/4v4qHupYi7eRJfkniHrp4Z,Q43843,Young Guns,High Wycombe,United Kingdom,High Wycombe,reported_place,accepted_exact_name,
757,Let's Eat Grandma,81221,113814,4qNZw759AdHSMugyDMrIlF,https://open.spotify.com/artist/4qNZw759AdHSMugyDMrIlF,Q24901294,Let's Eat Grandma,Norwich,United Kingdom,Norwich,reported_place,accepted_exact_name,
758,Babe Ruth,80353,26531,0U04xAocTetRnA7v3TYQ2i,https://open.spotify.com/artist/0U04xAocTetRnA7v3TYQ2i,Q797616,Babe Ruth,Hatfield,United Kingdom,Hatfield,reported_place,accepted_exact_name,
759,Massive Wagons,80248,29902,7xytG2E40s4GeukvZCGqGP,https://open.spotify.com/artist/7xytG2E40s4GeukvZCGqGP,Q59661769,Massive Wagons,,United Kingdom,,unresolved_generic_or_missing,accepted_exact_name,origin unresolved
760,65daysofstatic,79997,147863,6DVVsQAnpHdJjb1nYuOQ6g,https://open.spotify.com/artist/6DVVsQAnpHdJjb1nYuOQ6g,Q254285,65daysofstatic,Sheffield,United Kingdom,Sheffield,reported_place,accepted_exact_name,
761,Arab Strap,79984,87017,6g8Jqb5JMfv92eB2r0awTN,https://open.spotify.com/artist/6g8Jqb5JMfv92eB2r0awTN,Q2632762,Arab Strap,Falkirk,United Kingdom,Falkirk,reported_place,accepted_exact_name,
762,Slowly Rolling Camera,79752,30422,5kH36nIamlV0iSe6ESDWvb,https://open.spotify.com/artist/5kH36nIamlV0iSe6ESDWvb,Q25080052,Slowly Rolling Camera,,United Kingdom,,unresolved_generic_or_missing,accepted_exact_name,origin unresolved
763,Mallory Knox,79587,81280,7bHTSvk96ULRLZPZr1SoCZ,https://open.spotify.com/artist/7bHTSvk96ULRLZPZr1SoCZ,Q15044899,Mallory Knox,Cambridge,United Kingdom,Cambridge,reported_place,accepted_exact_name,
764,Alien Sex Fiend,79219,163266,6WVnBgqJfj9Iw9gpBed9fJ,https://open.spotify.com/artist/6WVnBgqJfj9Iw9gpBed9fJ,Q1541561,Alien Sex Fiend,London,United Kingdom,London,reported_place,accepted_exact_name,
765,Geordie,79034,31989,0IzJYdxaNLwrC7diSCu0iY,https://open.spotify.com/artist/0IzJYdxaNLwrC7diSCu0iY,Q499366,Geordie,Newcastle upon Tyne,United Kingdom,Newcastle upon Tyne,reported_place,accepted_exact_name,
766,Brothers In Rhythm,78778,8893,0f2HTJx4jowMoiHBH4GzdU,https://open.spotify.com/artist/0f2HTJx4jowMoiHBH4GzdU,Q2053844,Brothers in Rhythm,,United Kingdom,,unresolved_generic_or_missing,accepted_exact_name,origin unresolved
767,Destructive Tendencies,77543,21596,1Yc03TvBp08WN2oHVuvewX,https://open.spotify.com/artist/1Yc03TvBp08WN2oHVuvewX,Q56309814,Destructive Tendencies,,United Kingdom,,unresolved_generic_or_missing,accepted_exact_name,origin unresolved
768,Discharge,77256,153668,5SRhOM75OnwuXH8BmCxD5a,https://open.spotify.com/artist/5SRhOM75OnwuXH8BmCxD5a,Q1228418,Discharge,Stoke-on-Trent,United Kingdom,Stoke-on-Trent,reported_place,accepted_exact_name,
769,Ibibio Sound Machine,77200,63292,4J6CnIqPEtWYn3la2YYj2c,https://open.spotify.com/artist/4J6CnIqPEtWYn3la2YYj2c,Q39016670,Ibibio Sound Machine,,United Kingdom,,unresolved_generic_or_missing,accepted_exact_name,origin unresolved
770,GLXY,77107,26211,1U8nnmbuPk1EpoO7MVgIeT,https://open.spotify.com/artist/1U8nnmbuPk1EpoO7MVgIeT,Q57298698,GLXY,,United Kingdom,,unresolved_generic_or_missing,accepted_exact_name,origin unresolved
771,LFO,76989,57583,2M0T4a1pkOC5nifN9W6e9e,https://open.spotify.com/artist/2M0T4a1pkOC5nifN9W6e9e,Q1798055,LFO,Leeds,United Kingdom,Leeds,reported_place,accepted_exact_name,
772,Fightstar,76830,84003,3CI0BdDDxe6D21RmqTB5fn,https://open.spotify.com/artist/3CI0BdDDxe6D21RmqTB5fn,Q1357682,Fightstar,London,United Kingdom,London,reported_place,accepted_exact_name,
773,VANT,76495,51789,4Xxkt0tSJr1uNxGDZcJLRc,https://open.spotify.com/artist/4Xxkt0tSJr1uNxGDZcJLRc,Q23057717,VANT,,United Kingdom,,unresolved_generic_or_missing,accepted_exact_name,origin unresolved
774,The Bees,76473,43938,6XiSck3QPuXk7ho6zlDz3P,https://open.spotify.com/artist/6XiSck3QPuXk7ho6zlDz3P,Q3519919,The Bees,Ventnor,United Kingdom,Ventnor,reported_place,accepted_exact_name,
775,Wizzard,75390,54270,7823Dim2TzjiQQ9wRQxyi9,https://open.spotify.com/artist/7823Dim2TzjiQQ9wRQxyi9,Q426015,Wizzard,Birmingham,United Kingdom,Birmingham,reported_place,accepted_exact_name,
776,Acrania,75245,88105,6D3PbIyyqH2NaqPZSE6X5N,https://open.spotify.com/artist/6D3PbIyyqH2NaqPZSE6X5N,Q18702196,Acrania,,United Kingdom,,unresolved_generic_or_missing,accepted_exact_name,origin unresolved
777,Re-Flex,75009,9830,1iNGtKXGyniqwVhXfbKpk8,https://open.spotify.com/artist/1iNGtKXGyniqwVhXfbKpk8,Q387754,Re-Flex,,United Kingdom,,unresolved_generic_or_missing,accepted_exact_name,origin unresolved
778,999,74540,57492,14IKysoZ0qyGRsIiTk1Ase,https://open.spotify.com/artist/14IKysoZ0qyGRsIiTk1Ase,Q277297,999,London,United Kingdom,London,reported_place,accepted_exact_name,
779,Curse of Lono,74421,8834,6pM5NZalHT5nD9vDEz2Ukx,https://open.spotify.com/artist/6pM5NZalHT5nD9vDEz2Ukx,Q64604786,Curse of Lono,,United Kingdom,,unresolved_generic_or_missing,accepted_exact_name,origin unresolved
780,Nitzer Ebb,73454,106978,7EnAgffrVyerTWH628TJ6f,https://open.spotify.com/artist/7EnAgffrVyerTWH628TJ6f,Q580943,Nitzer Ebb,Chelmsford,United Kingdom,Chelmsford,reported_place,accepted_exact_name,
781,Fields Of The Nephilim,73403,150339,3m8KqUjgKDwmJ9L9uBHMMs,https://open.spotify.com/artist/3m8KqUjgKDwmJ9L9uBHMMs,Q378948,Fields of the Nephilim,Stevenage,United Kingdom,Stevenage,reported_place,accepted_exact_name,
782,ROAM,73324,61923,0q74f5UdR3j14Lis4AKKxq,https://open.spotify.com/artist/0q74f5UdR3j14Lis4AKKxq,Q22080536,Roam,,United Kingdom,,unresolved_generic_or_missing,accepted_exact_name,origin unresolved
783,Spector,73172,52673,34nBPbcVc9F9eizQC4a5aT,https://open.spotify.com/artist/34nBPbcVc9F9eizQC4a5aT,Q7575150,Spector,London,United Kingdom,London,reported_place,accepted_exact_name,
784,Red Box,72793,8971,4TvQ6wnXv3aDNv29JH6App,https://open.spotify.com/artist/4TvQ6wnXv3aDNv29JH6App,Q2135903,Red Box,London,United Kingdom,London,reported_place,accepted_exact_name,
785,Chicken Shack,72185,49482,7aUVQRiWaOqZU0JwOlGfWi,https://open.spotify.com/artist/7aUVQRiWaOqZU0JwOlGfWi,Q968313,Chicken Shack,,United Kingdom,,unresolved_generic_or_missing,accepted_exact_name,origin unresolved
786,Talisk,71444,53905,1khU7sW2d95qMTDnyDfzBT,https://open.spotify.com/artist/1khU7sW2d95qMTDnyDfzBT,Q60754147,Talisk,,Scotland,,unresolved_generic_or_missing,accepted_exact_name,origin unresolved
787,Fast Food Rockers,71392,14803,6Mz4vAfXG0tJgUcOQL6zy5,https://open.spotify.com/artist/6Mz4vAfXG0tJgUcOQL6zy5,Q5436929,Fast Food Rockers,Folkestone,United Kingdom,Folkestone,reported_place,accepted_exact_name,
788,Let Loose,71261,12222,64qK94JPWEI7HovDpzLBej,https://open.spotify.com/artist/64qK94JPWEI7HovDpzLBej,Q6532821,Let Loose,,United Kingdom,,unresolved_generic_or_missing,accepted_exact_name,origin unresolved
789,Nektar,70557,73112,0n2Uel3CvQrmMsYLEfpO3s,https://open.spotify.com/artist/0n2Uel3CvQrmMsYLEfpO3s,Q1748178,Nektar,Hamburg,United Kingdom,Hamburg,reported_place,accepted_exact_name,
790,Lund Quartet,70363,18542,6GUoU3k0b3qF1T06UvyAhk,https://open.spotify.com/artist/6GUoU3k0b3qF1T06UvyAhk,Q106906676,Lund Quartet,,United Kingdom,,unresolved_generic_or_missing,accepted_exact_name,origin unresolved
791,Nine Black Alps,69153,20771,5fLbJGzlYux3GBwTifMMvR,https://open.spotify.com/artist/5fLbJGzlYux3GBwTifMMvR,Q1141817,Nine Black Alps,Manchester,United Kingdom,Manchester,reported_place,accepted_exact_name,
792,Delta 5,68871,43118,2qe52cWdi4IRtgg14CLInb,https://open.spotify.com/artist/2qe52cWdi4IRtgg14CLInb,Q5254556,Delta 5,Leeds,United Kingdom,Leeds,reported_place,accepted_exact_name,
793,A,68849,22067,3HBxYEtI2i43MzWyTXupVv,https://open.spotify.com/artist/3HBxYEtI2i43MzWyTXupVv,Q300307,A,Suffolk,United Kingdom,Suffolk,reported_place,accepted_exact_name,
794,Gene,68357,46149,5Rsu72e1qrjIUtxH6Zmy9K,https://open.spotify.com/artist/5Rsu72e1qrjIUtxH6Zmy9K,Q3100438,Gene,London,United Kingdom,London,reported_place,accepted_exact_name,
795,The Magic Gang,68131,82851,52pNByiBWx6SVMMqqcCA74,https://open.spotify.com/artist/52pNByiBWx6SVMMqqcCA74,Q123560878,The Magic Gang,Brighton,United Kingdom,Brighton,reported_place,accepted_exact_name,
796,Death Of Guitar Pop,68122,16112,6fD5uxjcSC0aF0FO61e5id,https://open.spotify.com/artist/6fD5uxjcSC0aF0FO61e5id,Q136309656,Death of Guitar Pop,,England,,unresolved_generic_or_missing,accepted_exact_name,origin unresolved
797,B-Movie,67864,18419,7zUgfhtNGSNLMl2ydFse4S,https://open.spotify.com/artist/7zUgfhtNGSNLMl2ydFse4S,Q795108,B-Movie,Mansfield,United Kingdom,Mansfield,reported_place,accepted_exact_name,
798,Fastway,67660,41478,7eD005d7pGOEYD3eWVRecb,https://open.spotify.com/artist/7eD005d7pGOEYD3eWVRecb,Q1397838,Fastway,England,United Kingdom,,unresolved_generic_or_missing,accepted_exact_name,origin unresolved
799,Stornoway,67498,54281,1UzKSuyOqKgUupcNNEtnF1,https://open.spotify.com/artist/1UzKSuyOqKgUupcNNEtnF1,Q956521,Stornoway,Oxford,United Kingdom,Oxford,reported_place,accepted_exact_name,
800,Fat White Family,66984,101328,5ztBFCBEL7OtjdAt98RnD4,https://open.spotify.com/artist/5ztBFCBEL7OtjdAt98RnD4,Q22312871,Fat White Family,Peckham,United Kingdom,Peckham,reported_place,accepted_exact_name,
801,Steeleye Span,66623,64810,4OrrjMGltjy6ojX6034f8u,https://open.spotify.com/artist/4OrrjMGltjy6ojX6034f8u,Q1413921,Steeleye Span,London,United Kingdom,London,reported_place,accepted_exact_name,
802,Shampoo,66590,18368,3wChfsJPsUnjVHXc79wRN1,https://open.spotify.com/artist/3wChfsJPsUnjVHXc79wRN1,Q1352141,Shampoo,Plumstead,United Kingdom,Plumstead,reported_place,accepted_exact_name,
803,Clinic,66575,54069,7icDkrFloDss50hoqQ3Kkj,https://open.spotify.com/artist/7icDkrFloDss50hoqQ3Kkj,Q1993229,Clinic,Liverpool,United Kingdom,Liverpool,reported_place,accepted_exact_name,
804,Monarchy,66523,28175,4YXRO4slasYnty9nb73LrO,https://open.spotify.com/artist/4YXRO4slasYnty9nb73LrO,Q6898056,Monarchy,London,United Kingdom,London,reported_place,accepted_exact_name,
805,Coach Party,65798,23297,4trP4C2bZ0TqMUxw0tLRAZ,https://open.spotify.com/artist/4trP4C2bZ0TqMUxw0tLRAZ,Q111839829,Coach Party,,United Kingdom,,unresolved_generic_or_missing,accepted_exact_name,origin unresolved
806,Blazin' Squad,65260,28124,5dEFm1RwaTSXpQSpzpYKF2,https://open.spotify.com/artist/5dEFm1RwaTSXpQSpzpYKF2,Q444431,Blazin' Squad,Chingford,United Kingdom,Chingford,reported_place,accepted_exact_name,
807,Liverpool Express,65090,9057,5MHQO0sz5J0VX7jjuL2dUg,https://open.spotify.com/artist/5MHQO0sz5J0VX7jjuL2dUg,Q6658445,Liverpool Express,,United Kingdom,,unresolved_generic_or_missing,accepted_exact_name,origin unresolved
808,Total Science,64875,32379,20X39VOcF5zEpkOx6WrXlY,https://open.spotify.com/artist/20X39VOcF5zEpkOx6WrXlY,Q2012126,Total Science,,United Kingdom,,unresolved_generic_or_missing,accepted_exact_name,origin unresolved
809,Ananui,63841,13967,0P0AeGQ8c2Ux8qSmUIYLTt,https://open.spotify.com/artist/0P0AeGQ8c2Ux8qSmUIYLTt,Q139780563,Ananui,Scotland,United Kingdom,Scotland,reported_place,accepted_exact_name,
810,TNGHT,63726,43060,40jiZfvsiAi1aIarh5Z3d3,https://open.spotify.com/artist/40jiZfvsiAi1aIarh5Z3d3,Q7670867,TNGHT,,United Kingdom,,unresolved_generic_or_missing,accepted_exact_name,origin unresolved
811,Cockney Rejects,63708,81884,4EfSXeVFbCEYIde3E9k4wr,https://open.spotify.com/artist/4EfSXeVFbCEYIde3E9k4wr,Q973104,Cockney Rejects,East End of London,United Kingdom,East End of London,reported_place,accepted_exact_name,
812,The Meteors,63611,84863,7a2sloQlmdKSmj3fwMMpg9,https://open.spotify.com/artist/7a2sloQlmdKSmj3fwMMpg9,Q2412878,The Meteors,United Kingdom,United Kingdom,,unresolved_generic_or_missing,accepted_exact_name,origin unresolved
813,Tones On Tail,63031,80787,5aBEGOeWQCJfptic9xyaAb,https://open.spotify.com/artist/5aBEGOeWQCJfptic9xyaAb,Q2654513,Tones on Tail,Northampton,United Kingdom,Northampton,reported_place,accepted_exact_name,
814,Psychic TV,62944,88107,3oi0s3WIuxBU5oh87n7za2,https://open.spotify.com/artist/3oi0s3WIuxBU5oh87n7za2,Q2115954,Psychic TV,London,United Kingdom,London,reported_place,accepted_exact_name,
815,808INK,62895,23996,1eSFjbv86usit5ZF5ywtLf,https://open.spotify.com/artist/1eSFjbv86usit5ZF5ywtLf,Q127505000,808INK,,United Kingdom,,unresolved_generic_or_missing,accepted_exact_name,origin unresolved
816,Ward Thomas,62236,47170,0xBhUB0EfzvchYnaIWkdBw,https://open.spotify.com/artist/0xBhUB0EfzvchYnaIWkdBw,Q19604613,Ward Thomas,Hampshire,United Kingdom,Hampshire,reported_place,accepted_exact_name,
817,Orange Goblin,61406,153342,3nutnJ57QnbWEdCWn2EyWo,https://open.spotify.com/artist/3nutnJ57QnbWEdCWn2EyWo,Q1671193,Orange Goblin,London,United Kingdom,London,reported_place,accepted_exact_name,
818,Pentangle,61364,69361,55wOEGTc3QKwBJ9gntcOxT,https://open.spotify.com/artist/55wOEGTc3QKwBJ9gntcOxT,Q1427551,Pentangle,London,United Kingdom,London,reported_place,accepted_exact_name,
819,Yuck,61077,103291,6l3BRLCpzfC8yxqf9thWAg,https://open.spotify.com/artist/6l3BRLCpzfC8yxqf9thWAg,Q2683245,Yuck,London,United Kingdom,London,reported_place,accepted_exact_name,
820,The Move,60997,76938,2BLpGstUHxDc6vHfBEiaXm,https://open.spotify.com/artist/2BLpGstUHxDc6vHfBEiaXm,Q1133828,The Move,Birmingham,United Kingdom,Birmingham,reported_place,accepted_exact_name,
821,Coil,60925,118774,37KB5e6cGsN1AQAB9Omm1U,https://open.spotify.com/artist/37KB5e6cGsN1AQAB9Omm1U,Q1107195,Coil,London,United Kingdom,London,reported_place,accepted_exact_name,
822,DJ Food,60881,53172,4NZM5xKuDpGc4vEHDwGO1Q,https://open.spotify.com/artist/4NZM5xKuDpGc4vEHDwGO1Q,Q3011302,DJ Food,London,United Kingdom,London,reported_place,accepted_exact_name,
823,Carter The Unstoppable Sex Machine,60865,51170,5RFBPz01PqvSQ1QhEgaxOp,https://open.spotify.com/artist/5RFBPz01PqvSQ1QhEgaxOp,Q251289,Carter the Unstoppable Sex Machine,London,United Kingdom,London,reported_place,accepted_exact_name,
824,Spooky Tooth,60855,90633,5YE3Wwk5wqQmFXM5qyaM6u,https://open.spotify.com/artist/5YE3Wwk5wqQmFXM5qyaM6u,Q1455057,Spooky Tooth,Carlisle,United Kingdom,Carlisle,reported_place,accepted_exact_name,
825,Anaal Nathrakh,60506,127543,7vrrJ5YlL3I8XUrh1ktGJV,https://open.spotify.com/artist/7vrrJ5YlL3I8XUrh1ktGJV,Q483140,Anaal Nathrakh,Birmingham,United Kingdom,Birmingham,reported_place,accepted_exact_name,
826,Soft Machine,59575,157739,5A0MH7JfEBEMySevsmauds,https://open.spotify.com/artist/5A0MH7JfEBEMySevsmauds,Q729505,Soft Machine,Canterbury,United Kingdom,Canterbury,reported_place,accepted_exact_name,
827,Wolf Gang,59456,60865,6EkvDqOOEX08BotcQppKoD,https://open.spotify.com/artist/6EkvDqOOEX08BotcQppKoD,Q1332142,Wolf Gang,London,United Kingdom,London,reported_place,accepted_exact_name,
828,The Raincoats,59262,110415,4t7bXPFEPe0pu1ozhdDLOp,https://open.spotify.com/artist/4t7bXPFEPe0pu1ozhdDLOp,Q2581513,The Raincoats,,United Kingdom,,unresolved_generic_or_missing,accepted_exact_name,origin unresolved
829,Dollar,59067,24921,7AvR99Z6y7N5BWF7VdY3bo,https://open.spotify.com/artist/7AvR99Z6y7N5BWF7VdY3bo,Q5289199,Dollar,,United Kingdom,,unresolved_generic_or_missing,accepted_exact_name,origin unresolved
830,Ex:Re,58725,96459,3FIsBWNLmqLvTQnhJLAWUJ,https://open.spotify.com/artist/3FIsBWNLmqLvTQnhJLAWUJ,Q60618120,Ex:Re,,United Kingdom,,unresolved_generic_or_missing,accepted_exact_name,origin unresolved
831,MiC LOWRY,58089,51320,0AJUYWKztkg5dnrHDIBv47,https://open.spotify.com/artist/0AJUYWKztkg5dnrHDIBv47,Q28961287,Mic Lowry,,United Kingdom,,unresolved_generic_or_missing,accepted_exact_name,origin unresolved
832,DC Breaks,57873,47001,4D5VLxuFvZ058Z5S8YmE47,https://open.spotify.com/artist/4D5VLxuFvZ058Z5S8YmE47,Q5204582,DC Breaks,,United Kingdom,,unresolved_generic_or_missing,accepted_exact_name,origin unresolved
833,Gallows,56900,78412,0LpwbxbT8dPiqUnul4ngzu,https://open.spotify.com/artist/0LpwbxbT8dPiqUnul4ngzu,Q1492599,Gallows,Watford,United Kingdom,Watford,reported_place,accepted_exact_name,
834,Demon,56564,32960,7tI1ZOOgocYZT2O5M8iBz8,https://open.spotify.com/artist/7tI1ZOOgocYZT2O5M8iBz8,Q1186426,Demon,Leek,United Kingdom,Leek,reported_place,accepted_exact_name,
835,Die So Fluid,56461,35260,0OE30pXmzCwTxhoAFtCs8u,https://open.spotify.com/artist/0OE30pXmzCwTxhoAFtCs8u,Q1216293,Die So Fluid,,United Kingdom,,unresolved_generic_or_missing,accepted_exact_name,origin unresolved
836,Benediction,56352,106195,1Lx9Dy5gi2OLlJBBs7GYO7,https://open.spotify.com/artist/1Lx9Dy5gi2OLlJBBs7GYO7,Q250319,Benediction,Birmingham,United Kingdom,Birmingham,reported_place,accepted_exact_name,
837,Antimatter,56130,97021,2k4duorvZ5lTq33ljpT0sc,https://open.spotify.com/artist/2k4duorvZ5lTq33ljpT0sc,Q577837,Antimatter,Liverpool,United Kingdom,Liverpool,reported_place,accepted_exact_name,
838,Jack Beats,56114,33729,5dUIQXIt7WeBKpETFZyTFW,https://open.spotify.com/artist/5dUIQXIt7WeBKpETFZyTFW,Q7205605,Jack Beats,London,United Kingdom,London,reported_place,accepted_exact_name,
839,Throbbing Gristle,56065,131943,1UYhxPY1oqFUg1HfF8nV3k,https://open.spotify.com/artist/1UYhxPY1oqFUg1HfF8nV3k,Q1165655,Throbbing Gristle,Kingston upon Hull,United Kingdom,Kingston upon Hull,reported_place,accepted_exact_name,
840,Godflesh,55777,105031,5A4ebXQf38xWIq0xSWLhsS,https://open.spotify.com/artist/5A4ebXQf38xWIq0xSWLhsS,Q1533787,Godflesh,Birmingham,United Kingdom,Birmingham,reported_place,accepted_exact_name,
841,Crippled Black Phoenix,55554,74210,6WEyPcf9ezhNLm1xOBjbwH,https://open.spotify.com/artist/6WEyPcf9ezhNLm1xOBjbwH,Q599433,Crippled Black Phoenix,United Kingdom,United Kingdom,,unresolved_generic_or_missing,accepted_exact_name,origin unresolved
842,The Colourfield,55168,28746,06Rbwc8jaQ1d5fDPZiasE0,https://open.spotify.com/artist/06Rbwc8jaQ1d5fDPZiasE0,Q7726877,The Colourfield,Coventry,United Kingdom,Coventry,reported_place,accepted_exact_name,
843,Breton,55107,29508,38bfc5BSVq6sVAssDmdc8N,https://open.spotify.com/artist/38bfc5BSVq6sVAssDmdc8N,Q2924565,Breton,,United Kingdom,,unresolved_generic_or_missing,accepted_exact_name,origin unresolved
844,IS TROPICAL,54757,43588,148ujrGRexnhpqhRiw0rDi,https://open.spotify.com/artist/148ujrGRexnhpqhRiw0rDi,Q3154713,Is Tropical,,United Kingdom,,unresolved_generic_or_missing,accepted_exact_name,origin unresolved
845,Swervedriver,54373,81061,0Sd7X8SxWV0AyDLbvd4uEu,https://open.spotify.com/artist/0Sd7X8SxWV0AyDLbvd4uEu,Q924292,Swervedriver,Oxford,United Kingdom,Oxford,reported_place,accepted_exact_name,
846,She Drew The Gun,54246,34269,47meGvCz0CZklN50dgzjmL,https://open.spotify.com/artist/47meGvCz0CZklN50dgzjmL,Q65059746,She Drew The Gun,,England,,unresolved_generic_or_missing,accepted_exact_name,origin unresolved
847,The Whip,54058,29678,4M2H1fDQR5ygAi7MMOVxAA,https://open.spotify.com/artist/4M2H1fDQR5ygAi7MMOVxAA,Q1078032,The Whip,Oldham,United Kingdom,Oldham,reported_place,accepted_exact_name,
848,Skeletal Family,53859,77225,78OgxRnIdBCdFBmKhP2Fz2,https://open.spotify.com/artist/78OgxRnIdBCdFBmKhP2Fz2,Q1137836,Skeletal Family,Keighley,United Kingdom,Keighley,reported_place,accepted_exact_name,
849,Terrorvision,53778,36238,3jNwnthjUjHYvjyvRGfWuQ,https://open.spotify.com/artist/3jNwnthjUjHYvjyvRGfWuQ,Q4992961,Terrorvision,Keighley,United Kingdom,Keighley,reported_place,accepted_exact_name,
850,Zoot Woman,53078,29473,25w2vpqq7dYleBAqMx7Ijx,https://open.spotify.com/artist/25w2vpqq7dYleBAqMx7Ijx,Q153566,Zoot Woman,United Kingdom,United Kingdom,,unresolved_generic_or_missing,accepted_exact_name,origin unresolved
851,Blu Mar Ten,53063,27393,5mGqZFvzU9FRNkcI3Y0A2V,https://open.spotify.com/artist/5mGqZFvzU9FRNkcI3Y0A2V,Q4928657,Blu Mar Ten,,United Kingdom,,unresolved_generic_or_missing,accepted_exact_name,origin unresolved
852,Anavae,52164,29336,0JseT2AZzVMKsBlrAywFcO,https://open.spotify.com/artist/0JseT2AZzVMKsBlrAywFcO,Q4752397,Anavae,London,United Kingdom,London,reported_place,accepted_exact_name,
853,Mclusky,51917,50828,3xA9AB0f4BVjsSlyQc12iE,https://open.spotify.com/artist/3xA9AB0f4BVjsSlyQc12iE,Q1761282,Mclusky,Cardiff,United Kingdom,Cardiff,reported_place,accepted_exact_name,
854,Breabach,51761,20677,1HyT0AtzTH5lVzlm8yQgbI,https://open.spotify.com/artist/1HyT0AtzTH5lVzlm8yQgbI,Q4959091,Breabach,,United Kingdom,,unresolved_generic_or_missing,accepted_exact_name,origin unresolved
855,Klimeks,51676,31584,5JQljNQvDpk1hhKpJHpwNU,https://open.spotify.com/artist/5JQljNQvDpk1hhKpJHpwNU,Q57545813,Klimeks,,United Kingdom,,unresolved_generic_or_missing,accepted_exact_name,origin unresolved
856,Strawbs,51671,56523,7dtYyLTWjuZGOcweC3eD2f,https://open.spotify.com/artist/7dtYyLTWjuZGOcweC3eD2f,Q926799,Strawbs,England,United Kingdom,,unresolved_generic_or_missing,accepted_exact_name,origin unresolved
857,Empathy Test,51330,38799,4WM2JNPCcZ7f6M72C0bTyM,https://open.spotify.com/artist/4WM2JNPCcZ7f6M72C0bTyM,Q63203779,Empathy Test,London,United Kingdom,London,reported_place,accepted_exact_name,
858,Goldie Lookin Chain,51269,37598,0pobPzcYFoVSprUnwY2Bio,https://open.spotify.com/artist/0pobPzcYFoVSprUnwY2Bio,Q4039563,Goldie Lookin Chain,Newport,United Kingdom,Newport,reported_place,accepted_exact_name,
859,Black Tongue,50504,96043,5vTCEZ15eybRnoqUAra4Ys,https://open.spotify.com/artist/5vTCEZ15eybRnoqUAra4Ys,Q19689005,Black Tongue,Kingston upon Hull,United Kingdom,Kingston upon Hull,reported_place,accepted_exact_name,
860,Dolores Forever,50315,20474,32ttgKG3BxUVYxlBdmLBMi,https://open.spotify.com/artist/32ttgKG3BxUVYxlBdmLBMi,Q134238905,Dolores Forever,,United Kingdom,,unresolved_generic_or_missing,accepted_exact_name,origin unresolved
861,Rosetta Stone,50256,78261,0UnBsBrom4chs5rnjRBtIK,https://open.spotify.com/artist/0UnBsBrom4chs5rnjRBtIK,Q4048553,Rosetta Stone,England,United Kingdom,,unresolved_generic_or_missing,accepted_exact_name,origin unresolved
862,Abbacadabra,49799,5344,4vhgCDK6RHCBN6P3jPQlZX,https://open.spotify.com/artist/4vhgCDK6RHCBN6P3jPQlZX,Q305788,Abbacadabra,,United Kingdom,,unresolved_generic_or_missing,accepted_exact_name,origin unresolved
863,Flesh For Lulu,49698,33594,6ahlwhwCBtwhSeDO5vYMh5,https://open.spotify.com/artist/6ahlwhwCBtwhSeDO5vYMh5,Q5458717,Flesh for Lulu,Brixton,United Kingdom,Brixton,reported_place,accepted_exact_name,
864,Matthews' Southern Comfort,49578,10689,7aLNBjOlzOCyuFmytbbeYM,https://open.spotify.com/artist/7aLNBjOlzOCyuFmytbbeYM,Q96318732,Matthews Southern Comfort,,England,,unresolved_generic_or_missing,accepted_exact_name,origin unresolved
865,Kill The Lights,48704,30730,2b2c6xP76y8HCLiovv7kIZ,https://open.spotify.com/artist/2b2c6xP76y8HCLiovv7kIZ,Q124372645,Kill the Lights,,United Kingdom,,unresolved_generic_or_missing,accepted_exact_name,origin unresolved
866,Van Der Graaf Generator,48618,154738,02frazNrWgZCxUEf4UTfHt,https://open.spotify.com/artist/02frazNrWgZCxUEf4UTfHt,Q752170,Van der Graaf Generator,Manchester,United Kingdom,Manchester,reported_place,accepted_exact_name,
867,Balancing Act,48276,12544,6ZHfuZhV3q15jxpOY8S1m6,https://open.spotify.com/artist/6ZHfuZhV3q15jxpOY8S1m6,Q129566045,Balancing Act,,United Kingdom,,unresolved_generic_or_missing,accepted_exact_name,origin unresolved
868,A Blaze of Feather,48229,34261,0j7wLGDwHdUSPLkxCH3GBQ,https://open.spotify.com/artist/0j7wLGDwHdUSPLkxCH3GBQ,Q113103524,A Blaze Of Feather,,United Kingdom,,unresolved_generic_or_missing,accepted_exact_name,origin unresolved
869,Angel Witch,48153,107188,6L48AOtGmQL1ELLoKML7cS,https://open.spotify.com/artist/6L48AOtGmQL1ELLoKML7cS,Q531934,Angel Witch,London,United Kingdom,London,reported_place,accepted_exact_name,
870,Little Comets,47976,80242,7cfhZmKaLWzNLwHDxzugUH,https://open.spotify.com/artist/7cfhZmKaLWzNLwHDxzugUH,Q4166250,Little Comets,Tyne and Wear,United Kingdom,Tyne and Wear,reported_place,accepted_exact_name,
871,Osibisa,47843,47531,12X85dtebfc7JTZ8iMBT2o,https://open.spotify.com/artist/12X85dtebfc7JTZ8iMBT2o,Q1890473,Osibisa,London,United Kingdom,London,reported_place,accepted_exact_name,
872,U.K.,47600,62279,64vNIhiqTanqaY1VJucSAS,https://open.spotify.com/artist/64vNIhiqTanqaY1VJucSAS,Q1330725,UK,England,United Kingdom,,unresolved_generic_or_missing,accepted_exact_name,origin unresolved
873,Ulrika Spacek,46731,36028,07vC6cutbett8UknXnqxsu,https://open.spotify.com/artist/07vC6cutbett8UknXnqxsu,Q23018832,Ulrika Spacek,,United Kingdom,,unresolved_generic_or_missing,accepted_exact_name,origin unresolved
874,Seefeel,46679,44055,0jyH4jtanxaysaxwDVhR6f,https://open.spotify.com/artist/0jyH4jtanxaysaxwDVhR6f,Q2264804,Seefeel,,United Kingdom,,unresolved_generic_or_missing,accepted_exact_name,origin unresolved
875,Brodsky Quartet,46624,7254,4H0zGQILA7vJKl0ot2OYBf,https://open.spotify.com/artist/4H0zGQILA7vJKl0ot2OYBf,Q924862,Brodsky Quartet,,United Kingdom,,unresolved_generic_or_missing,accepted_exact_name,origin unresolved
876,The Vibrators,46560,75847,0DkpQq8B7ZAKebZEjlzVmd,https://open.spotify.com/artist/0DkpQq8B7ZAKebZEjlzVmd,Q1754027,The Vibrators,London,United Kingdom,London,reported_place,accepted_exact_name,
877,She's In Parties,46512,10376,3A9BLI8S2rNSxXS3QsMkOY,https://open.spotify.com/artist/3A9BLI8S2rNSxXS3QsMkOY,Q130300851,She's In Parties,,United Kingdom,,unresolved_generic_or_missing,accepted_exact_name,origin unresolved
878,Oceanic,46135,3833,3bqOGIOIvLc9JsAIS7OfEb,https://open.spotify.com/artist/3bqOGIOIvLc9JsAIS7OfEb,Q7076197,Oceanic,,United Kingdom,,unresolved_generic_or_missing,accepted_exact_name,origin unresolved
879,Sidemen,46056,189477,3cz1YSCXv6hjifHO6bYLLH,https://open.spotify.com/artist/3cz1YSCXv6hjifHO6bYLLH,Q81339539,Sidemen,,United Kingdom,,unresolved_generic_or_missing,accepted_exact_name,origin unresolved
880,Ímar,45827,15182,0BdsizQXvwb1BPeEKqfuVs,https://open.spotify.com/artist/0BdsizQXvwb1BPeEKqfuVs,Q97587415,Ímar,Glasgow,Scotland,Glasgow,reported_place,accepted_exact_name,
881,Conan,45815,82354,11tiA94VlUZOUTVCdQYw3a,https://open.spotify.com/artist/11tiA94VlUZOUTVCdQYw3a,Q19872238,Conan,Liverpool,England,Liverpool,reported_place,accepted_exact_name,
882,The Wedding Present,45749,65575,4tyCvqG48h4LdcbFfWBjR9,https://open.spotify.com/artist/4tyCvqG48h4LdcbFfWBjR9,Q4372,The Wedding Present,Leeds,United Kingdom,Leeds,reported_place,accepted_exact_name,
883,The Big Pink,45735,39674,4xM0Rz2FbjZevoVLVJUgEQ,https://open.spotify.com/artist/4xM0Rz2FbjZevoVLVJUgEQ,Q1668695,The Big Pink,London,United Kingdom,London,reported_place,accepted_exact_name,
884,Grim Reaper,45246,102546,3CSQtK60sg2jNNxnpThSN1,https://open.spotify.com/artist/3CSQtK60sg2jNNxnpThSN1,Q2476571,Grim Reaper,Droitwich Spa,United Kingdom,Droitwich Spa,reported_place,accepted_exact_name,
885,Beak>,45055,92050,5MGxwE9JG5IA6uqswrgNL6,https://open.spotify.com/artist/5MGxwE9JG5IA6uqswrgNL6,Q4876102,Beak>,,United Kingdom,,unresolved_generic_or_missing,accepted_exact_name,origin unresolved
886,Thy Slaughter,44871,15187,4tXmMY3u0qbzec7aocHPPt,https://open.spotify.com/artist/4tXmMY3u0qbzec7aocHPPt,Q130775275,Thy Slaughter,,United Kingdom,,unresolved_generic_or_missing,accepted_exact_name,origin unresolved
887,D*Minds,44572,4577,6hlQVaiKiA8Y9K12cTQPrF,https://open.spotify.com/artist/6hlQVaiKiA8Y9K12cTQPrF,Q5203219,D*Minds,,United Kingdom,,unresolved_generic_or_missing,accepted_exact_name,origin unresolved
888,Noise Foundation,44527,559,68nnzWZxUGFW1ss9rEhUPP,https://open.spotify.com/artist/68nnzWZxUGFW1ss9rEhUPP,Q138608483,Noise Foundation,,United Kingdom,,unresolved_generic_or_missing,accepted_exact_name,origin unresolved
889,Gama Bomb,44268,83436,7h0muodpQ1q5o3RajwownN,https://open.spotify.com/artist/7h0muodpQ1q5o3RajwownN,Q1492853,Gama Bomb,Newry,United Kingdom,Newry,reported_place,accepted_exact_name,
890,Pitchshifter,43987,48946,10aXVE8RSUCeMzaFvBnZ2i,https://open.spotify.com/artist/10aXVE8RSUCeMzaFvBnZ2i,Q2005871,Pitchshifter,Nottingham,United Kingdom,Nottingham,reported_place,accepted_exact_name,
891,Phil Campbell and the Bastard Sons,43860,47440,7fRzvXVDS5fOLD91WQwE6q,https://open.spotify.com/artist/7fRzvXVDS5fOLD91WQwE6q,Q47501791,Phil Campbell and the Bastard Sons,,United Kingdom,,unresolved_generic_or_missing,accepted_exact_name,origin unresolved
892,Ether,43789,3646,07PXLHOMh4k77DLNE0EolG,https://open.spotify.com/artist/07PXLHOMh4k77DLNE0EolG,Q5403291,Ether,,United Kingdom,,unresolved_generic_or_missing,accepted_exact_name,origin unresolved
893,Modern Romance,43441,12292,7KiK3DokuIW5BVZu5Y5kph,https://open.spotify.com/artist/7KiK3DokuIW5BVZu5Y5kph,Q6888844,Modern Romance,England,United Kingdom,,unresolved_generic_or_missing,accepted_exact_name,origin unresolved
894,Lanterns on the Lake,43202,38093,7sx3r4lMo079vO7lIi0fng,https://open.spotify.com/artist/7sx3r4lMo079vO7lIi0fng,Q14158905,Lanterns on the Lake,Newcastle upon Tyne,United Kingdom,Newcastle upon Tyne,reported_place,accepted_exact_name,
895,The Crazy World Of Arthur Brown,43146,16217,2LpdhgwN0mYKMjnzrBQU8H,https://open.spotify.com/artist/2LpdhgwN0mYKMjnzrBQU8H,Q377770,The Crazy World of Arthur Brown,London,United Kingdom,London,reported_place,accepted_exact_name,
896,Kings Of The City,43136,6557,7FWu3peCUoaSGOc4PwxwTH,https://open.spotify.com/artist/7FWu3peCUoaSGOc4PwxwTH,Q6413105,Kings of the City,,United Kingdom,,unresolved_generic_or_missing,accepted_exact_name,origin unresolved
897,Alisha's Attic,42752,19496,43lLY3aEg3yQz8sYhyvdn5,https://open.spotify.com/artist/43lLY3aEg3yQz8sYhyvdn5,Q6601851,Alisha's Attic,London,United Kingdom,London,reported_place,accepted_exact_name,
898,A Certain Ratio,42710,46261,2vygNfdnPBXah21ZrqhxYk,https://open.spotify.com/artist/2vygNfdnPBXah21ZrqhxYk,Q300348,A Certain Ratio,Manchester,United Kingdom,Manchester,reported_place,accepted_exact_name,
899,The Rifles,42702,74510,3Sr1muUE6DYihFufoHpnfc,https://open.spotify.com/artist/3Sr1muUE6DYihFufoHpnfc,Q493700,The Rifles,Chingford,United Kingdom,Chingford,reported_place,accepted_exact_name,
900,Heavy Lungs,42610,33237,07eIrj0b3z5mgvtkDmWoxo,https://open.spotify.com/artist/07eIrj0b3z5mgvtkDmWoxo,Q105883290,Heavy Lungs,,United Kingdom,,unresolved_generic_or_missing,accepted_exact_name,origin unresolved
901,Young Marble Giants,42598,62664,0tQ2Q4y9iUkKszxXyB14ZH,https://open.spotify.com/artist/0tQ2Q4y9iUkKszxXyB14ZH,Q2164036,Young Marble Giants,Cardiff,United Kingdom,Cardiff,reported_place,accepted_exact_name,
902,Cathedral,42528,96540,5O7ziOtiFUyRMBJN1J4Tpv,https://open.spotify.com/artist/5O7ziOtiFUyRMBJN1J4Tpv,Q1050878,Cathedral,Coventry,United Kingdom,Coventry,reported_place,accepted_exact_name,
903,Wings of Desire,41995,6904,1M684BN2C8BO9WwB0xeXJo,https://open.spotify.com/artist/1M684BN2C8BO9WwB0xeXJo,Q124131161,Wings of Desire,,United Kingdom,,unresolved_generic_or_missing,accepted_exact_name,origin unresolved
904,Onslaught,41973,106888,71lhIVHJ24x9hEcwFSWuOf,https://open.spotify.com/artist/71lhIVHJ24x9hEcwFSWuOf,Q1417965,Onslaught,Bristol,United Kingdom,Bristol,reported_place,accepted_exact_name,
905,The Associates,41622,50912,7GsdZ6T45uXudJ8Wsko9sB,https://open.spotify.com/artist/7GsdZ6T45uXudJ8Wsko9sB,Q743137,The Associates,Dundee,Scotland,Dundee,reported_place,accepted_exact_name,
906,Mesh,41618,38152,1uS4cYRRZRtauASIM9RxBG,https://open.spotify.com/artist/1uS4cYRRZRtauASIM9RxBG,Q250009,Mesh,,United Kingdom,,unresolved_generic_or_missing,accepted_exact_name,origin unresolved
907,Rolo Tomassi,41494,78649,3uHCTHxtg3IVAvhyrYsZvI,https://open.spotify.com/artist/3uHCTHxtg3IVAvhyrYsZvI,Q7361393,Rolo Tomassi,Sheffield,United Kingdom,Sheffield,reported_place,accepted_exact_name,
908,Lonely The Brave,40908,47704,7Ks1xbMXEQjy9aQObTJdId,https://open.spotify.com/artist/7Ks1xbMXEQjy9aQObTJdId,Q20127907,Lonely The Brave,Cambridge,United Kingdom,Cambridge,reported_place,accepted_exact_name,
909,Gen and the Degenerates,40842,15062,7oEVPoHXaj73ddUCTNlO9E,https://open.spotify.com/artist/7oEVPoHXaj73ddUCTNlO9E,Q105085574,Gen and the Degenerates,,United Kingdom,,unresolved_generic_or_missing,accepted_exact_name,origin unresolved
910,The Puppini Sisters,40797,69632,1svaANJTE5KrG16fTGDqOs,https://open.spotify.com/artist/1svaANJTE5KrG16fTGDqOs,Q1850284,The Puppini Sisters,,United Kingdom,,unresolved_generic_or_missing,accepted_exact_name,origin unresolved
911,NIMMO,40726,14459,76MojWoWNPzzKdrEspy5sl,https://open.spotify.com/artist/76MojWoWNPzzKdrEspy5sl,Q106879795,Nimmo,,United Kingdom,,unresolved_generic_or_missing,accepted_exact_name,origin unresolved
912,bis,40316,13258,2CLWZP9ZwueC8Yx9ORbxlW,https://open.spotify.com/artist/2CLWZP9ZwueC8Yx9ORbxlW,Q471241,Bis,Glasgow,Scotland,Glasgow,reported_place,accepted_exact_name,
913,Morning Runner,40259,8121,3UvsX37JzJrmhTea2t3Wei,https://open.spotify.com/artist/3UvsX37JzJrmhTea2t3Wei,Q1948294,Morning Runner,Reading,United Kingdom,Reading,reported_place,accepted_exact_name,
914,One Minute Silence,39696,41759,5uO1Dms6wMs4J3sSdcKEMh,https://open.spotify.com/artist/5uO1Dms6wMs4J3sSdcKEMh,Q1124940,One Minute Silence,,United Kingdom,,unresolved_generic_or_missing,accepted_exact_name,origin unresolved
915,InsideInfo,39084,25281,4HVopeHcb4aGTBsfIRrRcQ,https://open.spotify.com/artist/4HVopeHcb4aGTBsfIRrRcQ,Q63242079,InsideInfo,,United Kingdom,,unresolved_generic_or_missing,accepted_exact_name,origin unresolved
916,Plump DJs,39025,39640,1daC6WKGAm52YZbL5G7zYg,https://open.spotify.com/artist/1daC6WKGAm52YZbL5G7zYg,Q6317600,Plump DJs,London,United Kingdom,London,reported_place,accepted_exact_name,
917,The Rakes,38909,55169,7mDQwcnDUGuSoggxbUtVc1,https://open.spotify.com/artist/7mDQwcnDUGuSoggxbUtVc1,Q1762436,The Rakes,London,United Kingdom,London,reported_place,accepted_exact_name,
918,Red Lorry Yellow Lorry,38041,51142,6ixeWfTvnU1VOVPEVP5Bcq,https://open.spotify.com/artist/6ixeWfTvnU1VOVPEVP5Bcq,Q1575233,Red Lorry Yellow Lorry,Leeds,United Kingdom,Leeds,reported_place,accepted_exact_name,
919,Hallucinogen,37698,66590,5Lel5d14oFwC4XbKDv2AKW,https://open.spotify.com/artist/5Lel5d14oFwC4XbKDv2AKW,Q11893563,Hallucinogen,,United Kingdom,,unresolved_generic_or_missing,accepted_exact_name,origin unresolved
920,Slow Club,37665,57600,75Kh0eqgzo9f43Dan1JzSV,https://open.spotify.com/artist/75Kh0eqgzo9f43Dan1JzSV,Q1688137,Slow Club,Sheffield,United Kingdom,Sheffield,reported_place,accepted_exact_name,
921,Two Lone Swordsmen,37114,40442,33Ztukerf3He8FeKk5acn8,https://open.spotify.com/artist/33Ztukerf3He8FeKk5acn8,Q3542601,Two Lone Swordsmen,,United Kingdom,,unresolved_generic_or_missing,accepted_exact_name,origin unresolved
922,Angelic Upstarts,37083,52277,5z96yaS2s1USscDldCCDgw,https://open.spotify.com/artist/5z96yaS2s1USscDldCCDgw,Q521396,Angelic Upstarts,South Shields,United Kingdom,South Shields,reported_place,accepted_exact_name,
923,Pigs Pigs Pigs Pigs Pigs Pigs Pigs,37035,72472,1F7QDWyZTLGzkyGLgFjEhU,https://open.spotify.com/artist/1F7QDWyZTLGzkyGLgFjEhU,Q93962241,Pigs Pigs Pigs Pigs Pigs Pigs Pigs,Newcastle upon Tyne,United Kingdom,Newcastle upon Tyne,reported_place,accepted_exact_name,
924,The Sweet,36967,11359,64JgVJdkSDXU6AEJUOnspK,https://open.spotify.com/artist/64JgVJdkSDXU6AEJUOnspK,Q487919,The Sweet,London,United Kingdom,London,reported_place,accepted_exact_name,
925,Savages,36562,130669,1WFsBUAgQmrGQQEUyFKS60,https://open.spotify.com/artist/1WFsBUAgQmrGQQEUyFKS60,Q5404233,Savages,London,United Kingdom,London,reported_place,accepted_exact_name,
926,Digital Dog,36424,907,1lbp4Rrpi6ug3cGZF9LWXq,https://open.spotify.com/artist/1lbp4Rrpi6ug3cGZF9LWXq,Q5275840,Digital Dog,,United Kingdom,,unresolved_generic_or_missing,accepted_exact_name,origin unresolved
927,The 411,36002,38204,0YtA5DdO2df8zIxpVdktqg,https://open.spotify.com/artist/0YtA5DdO2df8zIxpVdktqg,Q365321,The 411,,United Kingdom,,unresolved_generic_or_missing,accepted_exact_name,origin unresolved
928,Peter and the Test Tube Babies,35963,46920,2mHQfi32bOrYcD42cazcmh,https://open.spotify.com/artist/2mHQfi32bOrYcD42cazcmh,Q2000167,Peter and the Test Tube Babies,Peacehaven,United Kingdom,Peacehaven,reported_place,accepted_exact_name,
929,Man-Made Sunshine,35712,40010,3o7Com7ZIpDARXoOHwK4th,https://open.spotify.com/artist/3o7Com7ZIpDARXoOHwK4th,Q131540831,Man-Made Sunshine,,United Kingdom,,unresolved_generic_or_missing,accepted_exact_name,origin unresolved
930,Puressence,35668,14385,1cFIgop2t8jZzlM7TVePLY,https://open.spotify.com/artist/1cFIgop2t8jZzlM7TVePLY,Q3410949,Puressence,Failsworth,United Kingdom,Failsworth,reported_place,accepted_exact_name,
931,Moodswings,35615,2398,64Qk682XX2D0jk14ioYDGx,https://open.spotify.com/artist/64Qk682XX2D0jk14ioYDGx,Q6907168,Moodswings,,United Kingdom,,unresolved_generic_or_missing,accepted_exact_name,origin unresolved
932,[spunge],35282,21846,6vxyuUNiILvDzBfLxgu0KT,https://open.spotify.com/artist/6vxyuUNiILvDzBfLxgu0KT,Q3494280,Spunge,Tewkesbury,United Kingdom,Tewkesbury,reported_place,accepted_exact_name,
933,Grade 2,35157,28578,61NdtTZaI4ZaMVNySovN0b,https://open.spotify.com/artist/61NdtTZaI4ZaMVNySovN0b,Q16251607,Grade 2,Ryde,United Kingdom,Ryde,reported_place,accepted_exact_name,
934,Sky,35087,12841,6OzpbdankE26K03oeoHhPN,https://open.spotify.com/artist/6OzpbdankE26K03oeoHhPN,Q1564341,Sky,London,United Kingdom,London,reported_place,accepted_exact_name,
935,One Eskimo,35030,11103,1K1m6K2IZOcbyabxB2jXjg,https://open.spotify.com/artist/1K1m6K2IZOcbyabxB2jXjg,Q4045817,One Eskimo,London,United Kingdom,London,reported_place,accepted_exact_name,
936,Dubstar,34962,17970,3SRTWBeGhX3o5DCQ2zzTdI,https://open.spotify.com/artist/3SRTWBeGhX3o5DCQ2zzTdI,Q372843,Dubstar,Newcastle upon Tyne,United Kingdom,Newcastle upon Tyne,reported_place,accepted_exact_name,
937,Goat Girl,34711,81408,1ukEEwzjucRtFTxiw2DrDZ,https://open.spotify.com/artist/1ukEEwzjucRtFTxiw2DrDZ,Q78534002,Goat Girl,London,United Kingdom,London,reported_place,accepted_exact_name,
938,Octopus,34584,2173,4unGdyZQTgdMSRqmsZsJZ1,https://open.spotify.com/artist/4unGdyZQTgdMSRqmsZsJZ1,Q7077080,Octopus,Shotts,United Kingdom,Shotts,reported_place,accepted_exact_name,
939,The Wild Swans,34532,17544,63yEaRONzlJVu1ozymo4Fk,https://open.spotify.com/artist/63yEaRONzlJVu1ozymo4Fk,Q7774898,The Wild Swans,Liverpool,United Kingdom,Liverpool,reported_place,accepted_exact_name,
940,Ambrosian Singers,34498,962,3zDEBkBUs36ij8r5Hyz2CN,https://open.spotify.com/artist/3zDEBkBUs36ij8r5Hyz2CN,Q2588958,Ambrosian Singers,London,United Kingdom,London,reported_place,accepted_exact_name,
941,The Wake,34392,26671,39aYm70XPfUpkMIKSfeeig,https://open.spotify.com/artist/39aYm70XPfUpkMIKSfeeig,Q3523258,The Wake,Glasgow,United Kingdom,Glasgow,reported_place,accepted_exact_name,
942,Rumahoy,34135,24027,52aKFP2BnAa28POINNExhE,https://open.spotify.com/artist/52aKFP2BnAa28POINNExhE,Q116609986,Rumahoy,,Scotland,,unresolved_generic_or_missing,accepted_exact_name,origin unresolved
943,The Gesualdo Six,34122,15910,2z846SqjChnjieVgTfRq3X,https://open.spotify.com/artist/2z846SqjChnjieVgTfRq3X,Q24887435,The Gesualdo Six,,United Kingdom,,unresolved_generic_or_missing,accepted_exact_name,origin unresolved
944,James and the Cold Gun,34074,12359,5YFIVhzlaYH9Yadjw9gSUx,https://open.spotify.com/artist/5YFIVhzlaYH9Yadjw9gSUx,Q137757793,James and the Cold Gun,,United Kingdom,,unresolved_generic_or_missing,accepted_exact_name,origin unresolved
945,Classix Nouveaux,34070,31887,40PsC6cWe7ZQdOUTqF5JgD,https://open.spotify.com/artist/40PsC6cWe7ZQdOUTqF5JgD,Q2976627,Classix Nouveaux,,United Kingdom,,unresolved_generic_or_missing,accepted_exact_name,origin unresolved
946,Current 93,33791,83424,7vF3DcPluq6lZI36VniagW,https://open.spotify.com/artist/7vF3DcPluq6lZI36VniagW,Q739657,Current 93,London,United Kingdom,London,reported_place,accepted_exact_name,
947,Kissing The Pink,33343,10782,5B9MfAU2KZlyvsofev6XXR,https://open.spotify.com/artist/5B9MfAU2KZlyvsofev6XXR,Q3197517,Kissing the Pink,,United Kingdom,,unresolved_generic_or_missing,accepted_exact_name,origin unresolved
948,Low Island,31768,21054,5MCl6mca6ZixPR36dHH9Sd,https://open.spotify.com/artist/5MCl6mca6ZixPR36dHH9Sd,Q113878754,Low Island,,United Kingdom,,unresolved_generic_or_missing,accepted_exact_name,origin unresolved
949,Cleopatra,31723,33076,7mu52yh5bBhhJOyVndAEZW,https://open.spotify.com/artist/7mu52yh5bBhhJOyVndAEZW,Q3680523,Cleopatra,Manchester,United Kingdom,Manchester,reported_place,accepted_exact_name,
950,dearALICE,31267,28780,1pMIULCflTFyzyv5vT1OzU,https://open.spotify.com/artist/1pMIULCflTFyzyv5vT1OzU,Q132200349,DearALICE,,United Kingdom,,unresolved_generic_or_missing,accepted_exact_name,origin unresolved
951,Witchfinder General,31258,64357,3tDg9XbUbQS0dbaSnFNvvk,https://open.spotify.com/artist/3tDg9XbUbQS0dbaSnFNvvk,Q1814408,Witchfinder General,Stourbridge,United Kingdom,Stourbridge,reported_place,accepted_exact_name,
952,The Incredible String Band,31217,60628,0tQzBYPjAardhWpGkqVdNW,https://open.spotify.com/artist/0tQzBYPjAardhWpGkqVdNW,Q1500510,The Incredible String Band,Edinburgh,United Kingdom,Edinburgh,reported_place,accepted_exact_name,
953,Vessels,31211,35493,6Y1nACvxtuuTjKx2b4Rwmb,https://open.spotify.com/artist/6Y1nACvxtuuTjKx2b4Rwmb,Q7923356,Vessels,Leeds,United Kingdom,Leeds,reported_place,accepted_exact_name,
954,Peter Green Splinter Group,31080,41317,77aUDqXRIvkDNxARfYwoHC,https://open.spotify.com/artist/77aUDqXRIvkDNxARfYwoHC,Q7174364,Peter Green Splinter Group,,United Kingdom,,unresolved_generic_or_missing,accepted_exact_name,origin unresolved
955,The Field Mice,31075,29459,3KH6DLHeoFZgVbtKiLXb6L,https://open.spotify.com/artist/3KH6DLHeoFZgVbtKiLXb6L,Q7733724,The Field Mice,London,United Kingdom,London,reported_place,accepted_exact_name,
956,Rudimentary Peni,31002,42267,6NCFDKbtkbJhgjQcFicLBi,https://open.spotify.com/artist/6NCFDKbtkbJhgjQcFicLBi,Q2719617,Rudimentary Peni,London,United Kingdom,London,reported_place,accepted_exact_name,
957,Skarlett Riot,30983,41251,6IN0ZavFCDhKZ2N3NT7E3z,https://open.spotify.com/artist/6IN0ZavFCDhKZ2N3NT7E3z,Q30116699,Skarlett Riot,Scunthorpe,United Kingdom,Scunthorpe,reported_place,accepted_exact_name,
958,Spinal Tap,30887,59910,65X3sG8LVBQN5033RqB6qn,https://open.spotify.com/artist/65X3sG8LVBQN5033RqB6qn,Q741661,Spinal Tap,United Kingdom|United States,United Kingdom,United States,reported_place,accepted_exact_name,
959,Tigertailz,30839,28199,1xo5zONg7VWkVmR0I0YO4d,https://open.spotify.com/artist/1xo5zONg7VWkVmR0I0YO4d,Q2712179,Tigertailz,Cardiff,Wales,Cardiff,reported_place,accepted_exact_name,
960,Ozric Tentacles,30429,97411,0Iv00ucAIqr5KVS7bXGFa9,https://open.spotify.com/artist/0Iv00ucAIqr5KVS7bXGFa9,Q1550383,Ozric Tentacles,Somerset,England,Somerset,reported_place,accepted_exact_name,
961,The Tiger Lillies,30200,68137,72o2T9aqYR2PFNYpzYrMmw,https://open.spotify.com/artist/72o2T9aqYR2PFNYpzYrMmw,Q724783,The Tiger Lillies,London,United Kingdom,London,reported_place,accepted_exact_name,
962,The Auteurs,30197,22347,5EtBXjUUyPJmiljpRdN6RJ,https://open.spotify.com/artist/5EtBXjUUyPJmiljpRdN6RJ,Q144942,The Auteurs,,United Kingdom,,unresolved_generic_or_missing,accepted_exact_name,origin unresolved
963,FM,30171,29860,3BxngwxP94n0itZ8q1hwf9,https://open.spotify.com/artist/3BxngwxP94n0itZ8q1hwf9,Q3737249,FM,London,United Kingdom,London,reported_place,accepted_exact_name,
964,Gallagher And Lyle,30115,11245,2Kq6loh0WNVAGEHlDxxprf,https://open.spotify.com/artist/2Kq6loh0WNVAGEHlDxxprf,Q505149,Gallagher and Lyle,,Scotland,,unresolved_generic_or_missing,accepted_exact_name,origin unresolved
965,Futurecop!,30022,37012,10yA9Y6h5wbDaX5XuZuA9X,https://open.spotify.com/artist/10yA9Y6h5wbDaX5XuZuA9X,Q5510868,Futurecop!,,United Kingdom,,unresolved_generic_or_missing,accepted_exact_name,origin unresolved
966,Treetop Flyers,29843,9167,6Um25UMHv0fzcEHYGQJPXv,https://open.spotify.com/artist/6Um25UMHv0fzcEHYGQJPXv,Q7837745,Treetop Flyers,London,United Kingdom,London,reported_place,accepted_exact_name,
967,Brother Beyond,29759,27195,6To7KuC86pBGCtkRUiq80O,https://open.spotify.com/artist/6To7KuC86pBGCtkRUiq80O,Q1144085,Brother Beyond,,United Kingdom,,unresolved_generic_or_missing,accepted_exact_name,origin unresolved
968,As Lions,29728,23599,30Ns8wCbxSPz2L1tnSypTG,https://open.spotify.com/artist/30Ns8wCbxSPz2L1tnSypTG,Q29784258,As Lions,,United Kingdom,,unresolved_generic_or_missing,accepted_exact_name,origin unresolved
969,Greyhound,29347,2241,24m8te3cM8e8cSABOrakXG,https://open.spotify.com/artist/24m8te3cM8e8cSABOrakXG,Q1288372,Greyhound,,United Kingdom,,unresolved_generic_or_missing,accepted_exact_name,origin unresolved
970,Demented Are Go,29315,57898,7fvToIpjDfwtLhAoZdVF5W,https://open.spotify.com/artist/7fvToIpjDfwtLhAoZdVF5W,Q494215,Demented Are Go,Cardiff,United Kingdom,Cardiff,reported_place,accepted_exact_name,
971,Tokyo Blade,29143,51726,6F9tjDKhGtXlm9M4s30KD5,https://open.spotify.com/artist/6F9tjDKhGtXlm9M4s30KD5,Q2294469,Tokyo Blade,Salisbury,United Kingdom,Salisbury,reported_place,accepted_exact_name,
972,Snuff,29124,31826,39Yw8FPJXDJyf5L4vK7TD3,https://open.spotify.com/artist/39Yw8FPJXDJyf5L4vK7TD3,Q1418489,Snuff,Hendon,United Kingdom,Hendon,reported_place,accepted_exact_name,
973,Freaks,29115,4296,53L5KERK0sEsE16Hkg9Z28,https://open.spotify.com/artist/53L5KERK0sEsE16Hkg9Z28,Q5494265,Freaks,,United Kingdom,,unresolved_generic_or_missing,accepted_exact_name,origin unresolved
974,The High Numbers,29092,6697,23v7cVwWDv8VhPWTAePufN,https://open.spotify.com/artist/23v7cVwWDv8VhPWTAePufN,Q68981254,The High Numbers,,United Kingdom,,unresolved_generic_or_missing,accepted_exact_name,origin unresolved
975,Love Sculpture,29038,8138,4D1hYdWKVKyQQQNxNHlYtq,https://open.spotify.com/artist/4D1hYdWKVKyQQQNxNHlYtq,Q432233,Love Sculpture,,United Kingdom,,unresolved_generic_or_missing,accepted_exact_name,origin unresolved
976,Freur,28911,7682,6MrHEQVD40SO8XWTBNELkl,https://open.spotify.com/artist/6MrHEQVD40SO8XWTBNELkl,Q1984800,Freur,,United Kingdom,,unresolved_generic_or_missing,accepted_exact_name,origin unresolved
977,Xentrix,28811,43772,5lYOBorQmZgCCPxJYCjSmO,https://open.spotify.com/artist/5lYOBorQmZgCCPxJYCjSmO,Q278428,Xentrix,Preston,United Kingdom,Preston,reported_place,accepted_exact_name,
978,False Heads,28786,39797,2tZaXwpCHEhoVEBQuRI4vu,https://open.spotify.com/artist/2tZaXwpCHEhoVEBQuRI4vu,Q48814836,False Heads,,United Kingdom,,unresolved_generic_or_missing,accepted_exact_name,origin unresolved
979,Wishful Thinking,28744,2181,5zygW1RJOV0Wji8CcxD5eN,https://open.spotify.com/artist/5zygW1RJOV0Wji8CcxD5eN,Q65118209,Wishful Thinking,,United Kingdom,,unresolved_generic_or_missing,accepted_exact_name,origin unresolved
980,Au Pairs,28536,40413,5nGQE2ehuRkkK1iNUQQthd,https://open.spotify.com/artist/5nGQE2ehuRkkK1iNUQQthd,Q758380,Au Pairs,Birmingham,United Kingdom,Birmingham,reported_place,accepted_exact_name,
981,CIEL,28366,8575,419lBVMZC4wFzJg8evBZ4g,https://open.spotify.com/artist/419lBVMZC4wFzJg8evBZ4g,Q112031859,Ciel,,United Kingdom,,unresolved_generic_or_missing,accepted_exact_name,origin unresolved
982,Edgar Broughton Band,27912,21814,3vq20FWRCImmgoatehNMmg,https://open.spotify.com/artist/3vq20FWRCImmgoatehNMmg,Q1639834,Edgar Broughton Band,Warwick,United Kingdom,Warwick,reported_place,accepted_exact_name,
983,The Daydream Club,27883,10498,3U6eCXHFS6wQVuFuqeW09m,https://open.spotify.com/artist/3U6eCXHFS6wQVuFuqeW09m,Q2410735,The Daydream Club,Leicestershire,United Kingdom,Leicestershire,reported_place,accepted_exact_name,
984,Fanfarlo,27870,42762,2Ag3w3cSdRHgzPNi60WABE,https://open.spotify.com/artist/2Ag3w3cSdRHgzPNi60WABE,Q2624757,Fanfarlo,London,United Kingdom,London,reported_place,accepted_exact_name,
985,Sun's Signature,27652,23696,112n8pqLHAybFBHk2nB9yp,https://open.spotify.com/artist/112n8pqLHAybFBHk2nB9yp,Q124963818,Sun's Signature,,United Kingdom,,unresolved_generic_or_missing,accepted_exact_name,origin unresolved
986,Amazulu,27611,8468,2hGy0cp0xoWYWTjz6In3cg,https://open.spotify.com/artist/2hGy0cp0xoWYWTjz6In3cg,Q456540,Amazulu,,United Kingdom,,unresolved_generic_or_missing,accepted_exact_name,origin unresolved
987,Zion Train,27563,26857,6sDKfmMPaTI7MYeFoNFrg7,https://open.spotify.com/artist/6sDKfmMPaTI7MYeFoNFrg7,Q2393241,Zion Train,,United Kingdom,,unresolved_generic_or_missing,accepted_exact_name,origin unresolved
988,Another Sunny Day,27420,24920,6EGQKKjGZOxDJ1iy7Pw25M,https://open.spotify.com/artist/6EGQKKjGZOxDJ1iy7Pw25M,Q536403,Another Sunny Day,,United Kingdom,,unresolved_generic_or_missing,accepted_exact_name,origin unresolved
989,The Duke Spirit,27367,28248,5lModM3s3qlPQKYjtwWuXD,https://open.spotify.com/artist/5lModM3s3qlPQKYjtwWuXD,Q4992445,The Duke Spirit,London,United Kingdom,London,reported_place,accepted_exact_name,
990,O. Children,27293,30220,7J7hOGRAdXQdhMXeqf020e,https://open.spotify.com/artist/7J7hOGRAdXQdhMXeqf020e,Q3347461,O. Children,London,United Kingdom,London,reported_place,accepted_exact_name,
991,Oceansize,27190,50162,0Opj9xi9HHrH0L9uHAKnKm,https://open.spotify.com/artist/0Opj9xi9HHrH0L9uHAKnKm,Q1753688,Oceansize,Manchester,United Kingdom,Manchester,reported_place,accepted_exact_name,
992,Close Lobsters,27169,13959,6v8lYzIVcmeuPkoobFl7Dx,https://open.spotify.com/artist/6v8lYzIVcmeuPkoobFl7Dx,Q2979635,Close Lobsters,Paisley,United Kingdom,Paisley,reported_place,accepted_exact_name,
993,The Delgados,26800,25240,4wavWMHhIiUXxwCuWsHzXo,https://open.spotify.com/artist/4wavWMHhIiUXxwCuWsHzXo,Q1888034,The Delgados,Motherwell,United Kingdom,Motherwell,reported_place,accepted_exact_name,
994,Hacktivist,26779,62883,3hZtRePYRKW6wLtZ3gpnk7,https://open.spotify.com/artist/3hZtRePYRKW6wLtZ3gpnk7,Q14936549,Hacktivist,Milton Keynes,United Kingdom,Milton Keynes,reported_place,accepted_exact_name,
995,The Wytches,26774,52002,46cDW79OcUXlCbYPj7Ds5L,https://open.spotify.com/artist/46cDW79OcUXlCbYPj7Ds5L,Q17031558,The Wytches,Peterborough,United Kingdom,Peterborough,reported_place,accepted_exact_name,
996,Rialto,26706,13130,3JEZFF5iZhEtpeTTGSzWid,https://open.spotify.com/artist/3JEZFF5iZhEtpeTTGSzWid,Q902179,Rialto,London,United Kingdom,London,reported_place,accepted_exact_name,
997,Church of the Cosmic Skull,26393,50841,3KY6i8EJac9URU9OeC1n89,https://open.spotify.com/artist/3KY6i8EJac9URU9OeC1n89,Q80445101,Church of the Cosmic Skull,Nottingham,United Kingdom,Nottingham,reported_place,accepted_exact_name,
998,Inglorious,26228,39573,5BxR80mpdn8MmHgzKVtiP7,https://open.spotify.com/artist/5BxR80mpdn8MmHgzKVtiP7,Q22942474,Inglorious,,United Kingdom,,unresolved_generic_or_missing,accepted_exact_name,origin unresolved
999,Black Foxxes,26219,30813,0rkzatSSd1Dh41phOf4qFT,https://open.spotify.com/artist/0rkzatSSd1Dh41phOf4qFT,Q51132163,Black Foxxes,Exeter,England,Exeter,reported_place,accepted_exact_name,
1000,Piano Magic,26180,19454,6sIZakv0uaA3qQmOOPTOQt,https://open.spotify.com/artist/6sIZakv0uaA3qQmOOPTOQt,Q576191,Piano Magic,London,United Kingdom,London,reported_place,accepted_exact_name,
