specification,family,study_city_label,score,rank,eligible_cities
balanced_10_monthly_listeners_raw_total,balanced city-first,London,316850941.0,1,10
balanced_10_monthly_listeners_raw_total,balanced city-first,Manchester,122954613.0,2,10
balanced_10_monthly_listeners_raw_total,balanced city-first,Sheffield,91712251.0,3,10
balanced_10_monthly_listeners_raw_total,balanced city-first,Birmingham,78260225.0,4,10
balanced_10_monthly_listeners_raw_total,balanced city-first,Liverpool,64261555.0,5,10
balanced_10_monthly_listeners_raw_total,balanced city-first,Glasgow,35258199.0,6,10
balanced_10_monthly_listeners_raw_total,balanced city-first,Leeds,24955874.0,7,10
balanced_10_monthly_listeners_raw_total,balanced city-first,Bristol,17389817.0,8,10
balanced_10_monthly_listeners_raw_total,balanced city-first,Newcastle,16201200.0,9,10
balanced_10_monthly_listeners_raw_total,balanced city-first,Leicester,5439076.0,10,10
balanced_10_monthly_listeners_per_million_residents,balanced city-first,Sheffield,75328090.09251714,1,10
balanced_10_monthly_listeners_per_million_residents,balanced city-first,Liverpool,40225419.02029125,2,10
balanced_10_monthly_listeners_per_million_residents,balanced city-first,Manchester,34192373.62088518,3,10
balanced_10_monthly_listeners_per_million_residents,balanced city-first,London,25015669.07064282,4,10
balanced_10_monthly_listeners_per_million_residents,balanced city-first,Birmingham,24095334.551951528,5,10
balanced_10_monthly_listeners_per_million_residents,balanced city-first,Glasgow,18597665.942273613,6,10
balanced_10_monthly_listeners_per_million_residents,balanced city-first,Bristol,16960562.1329765,7,10
balanced_10_monthly_listeners_per_million_residents,balanced city-first,Newcastle,13266590.403069759,8,10
balanced_10_monthly_listeners_per_million_residents,balanced city-first,Leeds,8127609.586172442,9,10
balanced_10_monthly_listeners_per_million_residents,balanced city-first,Leicester,5618949.821692005,10,10
balanced_10_monthly_listeners_largest_band_excluded_per_million_residents,balanced city-first,Sheffield,32369816.444134884,1,10
balanced_10_monthly_listeners_largest_band_excluded_per_million_residents,balanced city-first,Manchester,23158767.352082863,2,10
balanced_10_monthly_listeners_largest_band_excluded_per_million_residents,balanced city-first,Birmingham,18451554.692649897,3,10
balanced_10_monthly_listeners_largest_band_excluded_per_million_residents,balanced city-first,London,17749493.115441464,4,10
balanced_10_monthly_listeners_largest_band_excluded_per_million_residents,balanced city-first,Liverpool,16484084.865693167,5,10
balanced_10_monthly_listeners_largest_band_excluded_per_million_residents,balanced city-first,Glasgow,12896902.692210313,6,10
balanced_10_monthly_listeners_largest_band_excluded_per_million_residents,balanced city-first,Bristol,8482209.753352404,7,10
balanced_10_monthly_listeners_largest_band_excluded_per_million_residents,balanced city-first,Leeds,5486045.622447897,8,10
balanced_10_monthly_listeners_largest_band_excluded_per_million_residents,balanced city-first,Newcastle,3174631.8998561255,9,10
balanced_10_monthly_listeners_largest_band_excluded_per_million_residents,balanced city-first,Leicester,1849170.6508758373,10,10
balanced_10_followers_raw_total,balanced city-first,London,196291360.0,1,10
balanced_10_followers_raw_total,balanced city-first,Sheffield,52841717.0,2,10
balanced_10_followers_raw_total,balanced city-first,Manchester,46148031.0,3,10
balanced_10_followers_raw_total,balanced city-first,Liverpool,38223746.0,4,10
balanced_10_followers_raw_total,balanced city-first,Birmingham,30389991.0,5,10
balanced_10_followers_raw_total,balanced city-first,Glasgow,11046540.0,6,10
balanced_10_followers_raw_total,balanced city-first,Leeds,7746802.0,7,10
balanced_10_followers_raw_total,balanced city-first,Bristol,6714567.0,8,10
balanced_10_followers_raw_total,balanced city-first,Newcastle,4730034.0,9,10
balanced_10_followers_raw_total,balanced city-first,Leicester,2571179.0,10,10
balanced_10_followers_per_million_residents,balanced city-first,Sheffield,43401678.35177544,1,10
balanced_10_followers_per_million_residents,balanced city-first,Liverpool,23926688.350059092,2,10
balanced_10_followers_per_million_residents,balanced city-first,London,15497380.843146734,3,10
balanced_10_followers_per_million_residents,balanced city-first,Manchester,12833277.900847783,4,10
balanced_10_followers_per_million_residents,balanced city-first,Birmingham,9356694.287242286,5,10
balanced_10_followers_per_million_residents,balanced city-first,Bristol,6548822.842674744,6,10
balanced_10_followers_per_million_residents,balanced city-first,Glasgow,5826725.884040847,7,10
balanced_10_followers_per_million_residents,balanced city-first,Newcastle,3873257.763041853,8,10
balanced_10_followers_per_million_residents,balanced city-first,Leicester,2656209.5811105096,9,10
balanced_10_followers_per_million_residents,balanced city-first,Leeds,2522972.435162152,10,10
balanced_10_followers_largest_band_excluded_per_million_residents,balanced city-first,Sheffield,14631096.899886983,1,10
balanced_10_followers_largest_band_excluded_per_million_residents,balanced city-first,London,10386700.830303,2,10
balanced_10_followers_largest_band_excluded_per_million_residents,balanced city-first,Manchester,8956290.465482712,3,10
balanced_10_followers_largest_band_excluded_per_million_residents,balanced city-first,Birmingham,6058827.423281396,4,10
balanced_10_followers_largest_band_excluded_per_million_residents,balanced city-first,Glasgow,4129282.0069204154,5,10
balanced_10_followers_largest_band_excluded_per_million_residents,balanced city-first,Bristol,3677867.8427673997,6,10
balanced_10_followers_largest_band_excluded_per_million_residents,balanced city-first,Liverpool,3654247.541213469,7,10
balanced_10_followers_largest_band_excluded_per_million_residents,balanced city-first,Newcastle,1570468.6280659316,8,10
balanced_10_followers_largest_band_excluded_per_million_residents,balanced city-first,Leeds,1383350.496628243,9,10
balanced_10_followers_largest_band_excluded_per_million_residents,balanced city-first,Leicester,665515.4815968793,10,10
balanced_20_monthly_listeners_raw_total,balanced city-first,London,316850941.0,1,20
balanced_20_monthly_listeners_raw_total,balanced city-first,Manchester,122954613.0,2,20
balanced_20_monthly_listeners_raw_total,balanced city-first,Sheffield,91712251.0,3,20
balanced_20_monthly_listeners_raw_total,balanced city-first,Oxford,79630555.0,4,20
balanced_20_monthly_listeners_raw_total,balanced city-first,Birmingham,78260225.0,5,20
balanced_20_monthly_listeners_raw_total,balanced city-first,Liverpool,64261555.0,6,20
balanced_20_monthly_listeners_raw_total,balanced city-first,Glasgow,35258199.0,7,20
balanced_20_monthly_listeners_raw_total,balanced city-first,Leeds,24955874.0,8,20
balanced_20_monthly_listeners_raw_total,balanced city-first,Bristol,17389817.0,9,20
balanced_20_monthly_listeners_raw_total,balanced city-first,Newcastle,16201200.0,10,20
balanced_20_monthly_listeners_raw_total,balanced city-first,Belfast,15253374.0,11,20
balanced_20_monthly_listeners_raw_total,balanced city-first,Hull,7901526.0,12,20
balanced_20_monthly_listeners_raw_total,balanced city-first,Cardiff,7416867.0,13,20
balanced_20_monthly_listeners_raw_total,balanced city-first,Nottingham,7171024.0,14,20
balanced_20_monthly_listeners_raw_total,balanced city-first,Leicester,5439076.0,15,20
balanced_20_monthly_listeners_raw_total,balanced city-first,Coventry,2778985.0,16,20
balanced_20_monthly_listeners_raw_total,balanced city-first,Edinburgh,2693468.0,17,20
balanced_20_monthly_listeners_raw_total,balanced city-first,Southampton,1656126.0,18,20
balanced_20_monthly_listeners_raw_total,balanced city-first,Portsmouth,347715.0,19,20
balanced_20_monthly_listeners_raw_total,balanced city-first,Middlesbrough,138377.0,20,20
balanced_20_monthly_listeners_per_million_residents,balanced city-first,Oxford,131241561.57086632,1,20
balanced_20_monthly_listeners_per_million_residents,balanced city-first,Sheffield,75328090.09251714,2,20
balanced_20_monthly_listeners_per_million_residents,balanced city-first,Liverpool,40225419.02029125,3,20
balanced_20_monthly_listeners_per_million_residents,balanced city-first,Manchester,34192373.62088518,4,20
balanced_20_monthly_listeners_per_million_residents,balanced city-first,London,25015669.07064282,5,20
balanced_20_monthly_listeners_per_million_residents,balanced city-first,Birmingham,24095334.551951528,6,20
balanced_20_monthly_listeners_per_million_residents,balanced city-first,Belfast,18656872.65005981,7,20
balanced_20_monthly_listeners_per_million_residents,balanced city-first,Glasgow,18597665.942273613,8,20
balanced_20_monthly_listeners_per_million_residents,balanced city-first,Bristol,16960562.1329765,9,20
balanced_20_monthly_listeners_per_million_residents,balanced city-first,Newcastle,13266590.403069759,10,20
balanced_20_monthly_listeners_per_million_residents,balanced city-first,Hull,12516574.92257855,11,20
balanced_20_monthly_listeners_per_million_residents,balanced city-first,Leeds,8127609.586172442,12,20
balanced_20_monthly_listeners_per_million_residents,balanced city-first,Cardiff,7895567.353047944,13,20
balanced_20_monthly_listeners_per_million_residents,balanced city-first,Nottingham,7658224.9551999075,14,20
balanced_20_monthly_listeners_per_million_residents,balanced city-first,Leicester,5618949.821692005,15,20
balanced_20_monthly_listeners_per_million_residents,balanced city-first,Coventry,3527266.334796372,16,20
balanced_20_monthly_listeners_per_million_residents,balanced city-first,Edinburgh,2889429.080220558,17,20
balanced_20_monthly_listeners_per_million_residents,balanced city-first,Southampton,2320563.730779039,18,20
balanced_20_monthly_listeners_per_million_residents,balanced city-first,Portsmouth,644328.320871668,19,20
balanced_20_monthly_listeners_per_million_residents,balanced city-first,Middlesbrough,230486.5840841216,20,20
balanced_20_monthly_listeners_largest_band_excluded_per_million_residents,balanced city-first,Oxford,60094798.829167955,1,20
balanced_20_monthly_listeners_largest_band_excluded_per_million_residents,balanced city-first,Sheffield,32369816.444134884,2,20
balanced_20_monthly_listeners_largest_band_excluded_per_million_residents,balanced city-first,Manchester,23158767.352082863,3,20
balanced_20_monthly_listeners_largest_band_excluded_per_million_residents,balanced city-first,Birmingham,18451554.692649897,4,20
balanced_20_monthly_listeners_largest_band_excluded_per_million_residents,balanced city-first,London,17749493.115441464,5,20
balanced_20_monthly_listeners_largest_band_excluded_per_million_residents,balanced city-first,Liverpool,16484084.865693167,6,20
balanced_20_monthly_listeners_largest_band_excluded_per_million_residents,balanced city-first,Glasgow,12896902.692210313,7,20
balanced_20_monthly_listeners_largest_band_excluded_per_million_residents,balanced city-first,Bristol,8482209.753352404,8,20
balanced_20_monthly_listeners_largest_band_excluded_per_million_residents,balanced city-first,Belfast,6566929.721346325,9,20
balanced_20_monthly_listeners_largest_band_excluded_per_million_residents,balanced city-first,Leeds,5486045.622447897,10,20
balanced_20_monthly_listeners_largest_band_excluded_per_million_residents,balanced city-first,Nottingham,4633669.805698955,11,20
balanced_20_monthly_listeners_largest_band_excluded_per_million_residents,balanced city-first,Hull,3634068.6060970877,12,20
balanced_20_monthly_listeners_largest_band_excluded_per_million_residents,balanced city-first,Newcastle,3174631.8998561255,13,20
balanced_20_monthly_listeners_largest_band_excluded_per_million_residents,balanced city-first,Cardiff,2373512.7015843582,14,20
balanced_20_monthly_listeners_largest_band_excluded_per_million_residents,balanced city-first,Leicester,1849170.6508758373,15,20
balanced_20_monthly_listeners_largest_band_excluded_per_million_residents,balanced city-first,Coventry,1709206.4813710083,16,20
balanced_20_monthly_listeners_largest_band_excluded_per_million_residents,balanced city-first,Edinburgh,1626597.8673646722,17,20
balanced_20_monthly_listeners_largest_band_excluded_per_million_residents,balanced city-first,Southampton,1622795.562119399,18,20
balanced_20_monthly_listeners_largest_band_excluded_per_million_residents,balanced city-first,Portsmouth,299659.9679424818,19,20
balanced_20_monthly_listeners_largest_band_excluded_per_million_residents,balanced city-first,Middlesbrough,119624.76410340973,20,20
balanced_20_followers_raw_total,balanced city-first,London,196291360.0,1,20
balanced_20_followers_raw_total,balanced city-first,Sheffield,52841717.0,2,20
balanced_20_followers_raw_total,balanced city-first,Manchester,46148031.0,3,20
balanced_20_followers_raw_total,balanced city-first,Liverpool,38223746.0,4,20
balanced_20_followers_raw_total,balanced city-first,Birmingham,30389991.0,5,20
balanced_20_followers_raw_total,balanced city-first,Oxford,24195019.0,6,20
balanced_20_followers_raw_total,balanced city-first,Glasgow,11046540.0,7,20
balanced_20_followers_raw_total,balanced city-first,Leeds,7746802.0,8,20
balanced_20_followers_raw_total,balanced city-first,Bristol,6714567.0,9,20
balanced_20_followers_raw_total,balanced city-first,Newcastle,4730034.0,10,20
balanced_20_followers_raw_total,balanced city-first,Belfast,4406104.0,11,20
balanced_20_followers_raw_total,balanced city-first,Cardiff,3325048.0,12,20
balanced_20_followers_raw_total,balanced city-first,Nottingham,3237694.0,13,20
balanced_20_followers_raw_total,balanced city-first,Leicester,2571179.0,14,20
balanced_20_followers_raw_total,balanced city-first,Edinburgh,1985663.0,15,20
balanced_20_followers_raw_total,balanced city-first,Coventry,1653131.0,16,20
balanced_20_followers_raw_total,balanced city-first,Hull,1540998.0,17,20
balanced_20_followers_raw_total,balanced city-first,Southampton,1031475.0,18,20
balanced_20_followers_raw_total,balanced city-first,Portsmouth,175335.0,19,20
balanced_20_followers_raw_total,balanced city-first,Middlesbrough,59819.0,20,20
balanced_20_followers_per_million_residents,balanced city-first,Sheffield,43401678.35177544,1,20
balanced_20_followers_per_million_residents,balanced city-first,Oxford,39876553.36317549,2,20
balanced_20_followers_per_million_residents,balanced city-first,Liverpool,23926688.350059092,3,20
balanced_20_followers_per_million_residents,balanced city-first,London,15497380.843146734,4,20
balanced_20_followers_per_million_residents,balanced city-first,Manchester,12833277.900847783,5,20
balanced_20_followers_per_million_residents,balanced city-first,Birmingham,9356694.287242286,6,20
balanced_20_followers_per_million_residents,balanced city-first,Bristol,6548822.842674744,7,20
balanced_20_followers_per_million_residents,balanced city-first,Glasgow,5826725.884040847,8,20
balanced_20_followers_per_million_residents,balanced city-first,Belfast,5389241.830097337,9,20
balanced_20_followers_per_million_residents,balanced city-first,Newcastle,3873257.763041853,10,20
balanced_20_followers_per_million_residents,balanced city-first,Cardiff,3539653.661865227,11,20
balanced_20_followers_per_million_residents,balanced city-first,Nottingham,3457663.6458197613,12,20
balanced_20_followers_per_million_residents,balanced city-first,Leicester,2656209.5811105096,13,20
balanced_20_followers_per_million_residents,balanced city-first,Leeds,2522972.435162152,14,20
balanced_20_followers_per_million_residents,balanced city-first,Hull,2441049.6051704064,15,20
balanced_20_followers_per_million_residents,balanced city-first,Edinburgh,2130128.3014010172,16,20
balanced_20_followers_per_million_residents,balanced city-first,Coventry,2098260.09255475,17,20
balanced_20_followers_per_million_residents,balanced city-first,Southampton,1445302.7572813358,18,20
balanced_20_followers_per_million_residents,balanced city-first,Portsmouth,324902.0207354699,19,20
balanced_20_followers_per_million_residents,balanced city-first,Middlesbrough,99637.05654355904,20,20
balanced_20_followers_largest_band_excluded_per_million_residents,balanced city-first,Sheffield,14631096.899886983,1,20
balanced_20_followers_largest_band_excluded_per_million_residents,balanced city-first,Oxford,12494551.279938294,2,20
balanced_20_followers_largest_band_excluded_per_million_residents,balanced city-first,London,10386700.830303,3,20
balanced_20_followers_largest_band_excluded_per_million_residents,balanced city-first,Manchester,8956290.465482712,4,20
balanced_20_followers_largest_band_excluded_per_million_residents,balanced city-first,Birmingham,6058827.423281396,5,20
balanced_20_followers_largest_band_excluded_per_million_residents,balanced city-first,Glasgow,4129282.0069204154,6,20
balanced_20_followers_largest_band_excluded_per_million_residents,balanced city-first,Bristol,3677867.8427673997,7,20
balanced_20_followers_largest_band_excluded_per_million_residents,balanced city-first,Liverpool,3654247.541213469,8,20
balanced_20_followers_largest_band_excluded_per_million_residents,balanced city-first,Belfast,2140945.0398373725,9,20
balanced_20_followers_largest_band_excluded_per_million_residents,balanced city-first,Hull,1651648.6214625724,10,20
balanced_20_followers_largest_band_excluded_per_million_residents,balanced city-first,Nottingham,1647223.0350433905,11,20
balanced_20_followers_largest_band_excluded_per_million_residents,balanced city-first,Cardiff,1577649.2993716006,12,20
balanced_20_followers_largest_band_excluded_per_million_residents,balanced city-first,Newcastle,1570468.6280659316,13,20
balanced_20_followers_largest_band_excluded_per_million_residents,balanced city-first,Leeds,1383350.496628243,14,20
balanced_20_followers_largest_band_excluded_per_million_residents,balanced city-first,Edinburgh,1224292.5186122854,15,20
balanced_20_followers_largest_band_excluded_per_million_residents,balanced city-first,Coventry,1156992.7575781422,16,20
balanced_20_followers_largest_band_excluded_per_million_residents,balanced city-first,Southampton,944250.456090596,17,20
balanced_20_followers_largest_band_excluded_per_million_residents,balanced city-first,Leicester,665515.4815968793,18,20
balanced_20_followers_largest_band_excluded_per_million_residents,balanced city-first,Portsmouth,150842.6680008524,19,20
balanced_20_followers_largest_band_excluded_per_million_residents,balanced city-first,Middlesbrough,76153.16580303114,20,20
popularity_100_strict_selected_band_output_quotient,popularity-first output quotient,Eastbourne,5.169527618718767,1,83
popularity_100_strict_selected_band_output_quotient,popularity-first output quotient,Crawley,4.346250080639958,2,83
popularity_100_strict_selected_band_output_quotient,popularity-first output quotient,Guildford,3.773730005636406,3,83
popularity_100_strict_selected_band_output_quotient,popularity-first output quotient,Hastings,2.8767762287031897,4,83
popularity_100_strict_selected_band_output_quotient,popularity-first output quotient,Bath and North East Somerset,2.6944716739656447,5,83
popularity_100_strict_selected_band_output_quotient,popularity-first output quotient,Cambridge,2.598684577219975,6,83
popularity_100_strict_selected_band_output_quotient,popularity-first output quotient,London,2.085055487091961,7,83
popularity_100_strict_selected_band_output_quotient,popularity-first output quotient,Dundee City,2.036230231591673,8,83
popularity_100_strict_selected_band_output_quotient,popularity-first output quotient,Oxford,1.776585270985648,9,83
popularity_100_strict_selected_band_output_quotient,popularity-first output quotient,Sheffield,1.7707367860803742,10,83
popularity_100_strict_selected_band_output_quotient,popularity-first output quotient,Hull,1.7075323506815465,11,83
popularity_100_strict_selected_band_output_quotient,popularity-first output quotient,Manchester,1.4988177863750658,12,83
popularity_100_strict_selected_band_output_quotient,popularity-first output quotient,Brighton and Hove,1.1947317577063412,13,83
popularity_100_strict_selected_band_output_quotient,popularity-first output quotient,Bristol,1.0513314132617582,14,83
popularity_100_strict_selected_band_output_quotient,popularity-first output quotient,Exeter,1.0361236805022886,15,83
popularity_100_strict_selected_band_output_quotient,popularity-first output quotient,Liverpool,1.0121270131001743,16,83
popularity_100_strict_selected_band_output_quotient,popularity-first output quotient,Middlesbrough,0.8977308621864221,17,83
popularity_100_strict_selected_band_output_quotient,popularity-first output quotient,Glasgow,0.8528722571525023,18,83
popularity_100_strict_selected_band_output_quotient,popularity-first output quotient,Birmingham,0.8297099300757004,19,83
popularity_100_strict_selected_band_output_quotient,popularity-first output quotient,Belfast,0.6592305772933093,20,83
popularity_100_strict_selected_band_output_quotient,popularity-first output quotient,Edinburgh,0.5781820892960587,21,83
popularity_100_strict_selected_band_output_quotient,popularity-first output quotient,Newcastle,0.4413433147478347,22,83
popularity_100_strict_selected_band_output_quotient,popularity-first output quotient,Leeds,0.3510625154290531,23,83
popularity_100_strict_selected_band_output_quotient,popularity-first output quotient,Aberdeen,0.0,24,83
popularity_100_strict_selected_band_output_quotient,popularity-first output quotient,Ashford,0.0,24,83
popularity_100_strict_selected_band_output_quotient,popularity-first output quotient,Basingstoke and Deane,0.0,24,83
popularity_100_strict_selected_band_output_quotient,popularity-first output quotient,Bedford,0.0,24,83
popularity_100_strict_selected_band_output_quotient,popularity-first output quotient,Blackburn with Darwen,0.0,24,83
popularity_100_strict_selected_band_output_quotient,popularity-first output quotient,Blackpool,0.0,24,83
popularity_100_strict_selected_band_output_quotient,popularity-first output quotient,Bournemouth,0.0,24,83
popularity_100_strict_selected_band_output_quotient,popularity-first output quotient,Bracknell Forest,0.0,24,83
popularity_100_strict_selected_band_output_quotient,popularity-first output quotient,Burnley,0.0,24,83
popularity_100_strict_selected_band_output_quotient,popularity-first output quotient,Cardiff,0.0,24,83
popularity_100_strict_selected_band_output_quotient,popularity-first output quotient,Cheltenham,0.0,24,83
popularity_100_strict_selected_band_output_quotient,popularity-first output quotient,Cheshire West and Chester,0.0,24,83
popularity_100_strict_selected_band_output_quotient,popularity-first output quotient,Chesterfield,0.0,24,83
popularity_100_strict_selected_band_output_quotient,popularity-first output quotient,Colchester,0.0,24,83
popularity_100_strict_selected_band_output_quotient,popularity-first output quotient,Coventry,0.0,24,83
popularity_100_strict_selected_band_output_quotient,popularity-first output quotient,Dacorum,0.0,24,83
popularity_100_strict_selected_band_output_quotient,popularity-first output quotient,Darlington,0.0,24,83
popularity_100_strict_selected_band_output_quotient,popularity-first output quotient,Derby,0.0,24,83
popularity_100_strict_selected_band_output_quotient,popularity-first output quotient,Derry & Strabane Local Government District,0.0,24,83
popularity_100_strict_selected_band_output_quotient,popularity-first output quotient,Doncaster,0.0,24,83
popularity_100_strict_selected_band_output_quotient,popularity-first output quotient,East Staffordshire,0.0,24,83
popularity_100_strict_selected_band_output_quotient,popularity-first output quotient,Falkirk,0.0,24,83
popularity_100_strict_selected_band_output_quotient,popularity-first output quotient,Gloucester,0.0,24,83
popularity_100_strict_selected_band_output_quotient,popularity-first output quotient,Great Yarmouth,0.0,24,83
popularity_100_strict_selected_band_output_quotient,popularity-first output quotient,Halton,0.0,24,83
popularity_100_strict_selected_band_output_quotient,popularity-first output quotient,Ipswich,0.0,24,83
popularity_100_strict_selected_band_output_quotient,popularity-first output quotient,Leicester,0.0,24,83
popularity_100_strict_selected_band_output_quotient,popularity-first output quotient,Lincoln,0.0,24,83
popularity_100_strict_selected_band_output_quotient,popularity-first output quotient,Luton,0.0,24,83
popularity_100_strict_selected_band_output_quotient,popularity-first output quotient,Maidstone,0.0,24,83
popularity_100_strict_selected_band_output_quotient,popularity-first output quotient,Mansfield,0.0,24,83
popularity_100_strict_selected_band_output_quotient,popularity-first output quotient,Medway,0.0,24,83
popularity_100_strict_selected_band_output_quotient,popularity-first output quotient,Milton Keynes,0.0,24,83
popularity_100_strict_selected_band_output_quotient,popularity-first output quotient,Newport,0.0,24,83
popularity_100_strict_selected_band_output_quotient,popularity-first output quotient,North East Lincolnshire,0.0,24,83
popularity_100_strict_selected_band_output_quotient,popularity-first output quotient,Northampton,0.0,24,83
popularity_100_strict_selected_band_output_quotient,popularity-first output quotient,Norwich,0.0,24,83
popularity_100_strict_selected_band_output_quotient,popularity-first output quotient,Nottingham,0.0,24,83
popularity_100_strict_selected_band_output_quotient,popularity-first output quotient,Peterborough,0.0,24,83
popularity_100_strict_selected_band_output_quotient,popularity-first output quotient,Plymouth,0.0,24,83
popularity_100_strict_selected_band_output_quotient,popularity-first output quotient,Portsmouth,0.0,24,83
popularity_100_strict_selected_band_output_quotient,popularity-first output quotient,Preston,0.0,24,83
popularity_100_strict_selected_band_output_quotient,popularity-first output quotient,Reading,0.0,24,83
popularity_100_strict_selected_band_output_quotient,popularity-first output quotient,Redditch,0.0,24,83
popularity_100_strict_selected_band_output_quotient,popularity-first output quotient,Rushmoor,0.0,24,83
popularity_100_strict_selected_band_output_quotient,popularity-first output quotient,Slough,0.0,24,83
popularity_100_strict_selected_band_output_quotient,popularity-first output quotient,Southampton,0.0,24,83
popularity_100_strict_selected_band_output_quotient,popularity-first output quotient,Stevenage,0.0,24,83
popularity_100_strict_selected_band_output_quotient,popularity-first output quotient,Stoke-on-Trent,0.0,24,83
popularity_100_strict_selected_band_output_quotient,popularity-first output quotient,Sunderland,0.0,24,83
popularity_100_strict_selected_band_output_quotient,popularity-first output quotient,Swansea,0.0,24,83
popularity_100_strict_selected_band_output_quotient,popularity-first output quotient,Swindon,0.0,24,83
popularity_100_strict_selected_band_output_quotient,popularity-first output quotient,Telford and Wrekin,0.0,24,83
popularity_100_strict_selected_band_output_quotient,popularity-first output quotient,Thanet,0.0,24,83
popularity_100_strict_selected_band_output_quotient,popularity-first output quotient,Torbay,0.0,24,83
popularity_100_strict_selected_band_output_quotient,popularity-first output quotient,Warrington,0.0,24,83
popularity_100_strict_selected_band_output_quotient,popularity-first output quotient,Worcester,0.0,24,83
popularity_100_strict_selected_band_output_quotient,popularity-first output quotient,Worthing,0.0,24,83
popularity_100_strict_selected_band_output_quotient,popularity-first output quotient,Wrexham,0.0,24,83
popularity_100_strict_selected_band_output_quotient,popularity-first output quotient,York,0.0,24,83
popularity_100_strict_monthly_listener_output_quotient,popularity-first output quotient,Crawley,6.859131019058157,1,83
popularity_100_strict_monthly_listener_output_quotient,popularity-first output quotient,Hastings,4.088588026917232,2,83
popularity_100_strict_monthly_listener_output_quotient,popularity-first output quotient,Bath and North East Somerset,3.9153383981849568,3,83
popularity_100_strict_monthly_listener_output_quotient,popularity-first output quotient,Oxford,3.8136259743104337,4,83
popularity_100_strict_monthly_listener_output_quotient,popularity-first output quotient,Cambridge,3.265040755909068,5,83
popularity_100_strict_monthly_listener_output_quotient,popularity-first output quotient,Eastbourne,2.7891357002689703,6,83
popularity_100_strict_monthly_listener_output_quotient,popularity-first output quotient,London,2.3029856573972043,7,83
popularity_100_strict_monthly_listener_output_quotient,popularity-first output quotient,Sheffield,2.2420648876158973,8,83
popularity_100_strict_monthly_listener_output_quotient,popularity-first output quotient,Guildford,2.221913042165662,9,83
popularity_100_strict_monthly_listener_output_quotient,popularity-first output quotient,Dundee City,1.6516164621598868,10,83
popularity_100_strict_monthly_listener_output_quotient,popularity-first output quotient,Manchester,1.3551394484838724,11,83
popularity_100_strict_monthly_listener_output_quotient,popularity-first output quotient,Exeter,1.3258886556146965,12,83
popularity_100_strict_monthly_listener_output_quotient,popularity-first output quotient,Liverpool,1.0318331178225828,13,83
popularity_100_strict_monthly_listener_output_quotient,popularity-first output quotient,Hull,0.7891674310851416,14,83
popularity_100_strict_monthly_listener_output_quotient,popularity-first output quotient,Birmingham,0.7004556265960357,15,83
popularity_100_strict_monthly_listener_output_quotient,popularity-first output quotient,Brighton and Hove,0.5073665818350773,16,83
popularity_100_strict_monthly_listener_output_quotient,popularity-first output quotient,Bristol,0.4706166964450065,17,83
popularity_100_strict_monthly_listener_output_quotient,popularity-first output quotient,Glasgow,0.4544714989946984,18,83
popularity_100_strict_monthly_listener_output_quotient,popularity-first output quotient,Belfast,0.39815678824643413,19,83
popularity_100_strict_monthly_listener_output_quotient,popularity-first output quotient,Middlesbrough,0.34282508455825544,20,83
popularity_100_strict_monthly_listener_output_quotient,popularity-first output quotient,Newcastle,0.3323573823671816,21,83
popularity_100_strict_monthly_listener_output_quotient,popularity-first output quotient,Edinburgh,0.19826097175457022,22,83
popularity_100_strict_monthly_listener_output_quotient,popularity-first output quotient,Leeds,0.14884055134262697,23,83
popularity_100_strict_monthly_listener_output_quotient,popularity-first output quotient,Aberdeen,0.0,24,83
popularity_100_strict_monthly_listener_output_quotient,popularity-first output quotient,Ashford,0.0,24,83
popularity_100_strict_monthly_listener_output_quotient,popularity-first output quotient,Basingstoke and Deane,0.0,24,83
popularity_100_strict_monthly_listener_output_quotient,popularity-first output quotient,Bedford,0.0,24,83
popularity_100_strict_monthly_listener_output_quotient,popularity-first output quotient,Blackburn with Darwen,0.0,24,83
popularity_100_strict_monthly_listener_output_quotient,popularity-first output quotient,Blackpool,0.0,24,83
popularity_100_strict_monthly_listener_output_quotient,popularity-first output quotient,Bournemouth,0.0,24,83
popularity_100_strict_monthly_listener_output_quotient,popularity-first output quotient,Bracknell Forest,0.0,24,83
popularity_100_strict_monthly_listener_output_quotient,popularity-first output quotient,Burnley,0.0,24,83
popularity_100_strict_monthly_listener_output_quotient,popularity-first output quotient,Cardiff,0.0,24,83
popularity_100_strict_monthly_listener_output_quotient,popularity-first output quotient,Cheltenham,0.0,24,83
popularity_100_strict_monthly_listener_output_quotient,popularity-first output quotient,Cheshire West and Chester,0.0,24,83
popularity_100_strict_monthly_listener_output_quotient,popularity-first output quotient,Chesterfield,0.0,24,83
popularity_100_strict_monthly_listener_output_quotient,popularity-first output quotient,Colchester,0.0,24,83
popularity_100_strict_monthly_listener_output_quotient,popularity-first output quotient,Coventry,0.0,24,83
popularity_100_strict_monthly_listener_output_quotient,popularity-first output quotient,Dacorum,0.0,24,83
popularity_100_strict_monthly_listener_output_quotient,popularity-first output quotient,Darlington,0.0,24,83
popularity_100_strict_monthly_listener_output_quotient,popularity-first output quotient,Derby,0.0,24,83
popularity_100_strict_monthly_listener_output_quotient,popularity-first output quotient,Derry & Strabane Local Government District,0.0,24,83
popularity_100_strict_monthly_listener_output_quotient,popularity-first output quotient,Doncaster,0.0,24,83
popularity_100_strict_monthly_listener_output_quotient,popularity-first output quotient,East Staffordshire,0.0,24,83
popularity_100_strict_monthly_listener_output_quotient,popularity-first output quotient,Falkirk,0.0,24,83
popularity_100_strict_monthly_listener_output_quotient,popularity-first output quotient,Gloucester,0.0,24,83
popularity_100_strict_monthly_listener_output_quotient,popularity-first output quotient,Great Yarmouth,0.0,24,83
popularity_100_strict_monthly_listener_output_quotient,popularity-first output quotient,Halton,0.0,24,83
popularity_100_strict_monthly_listener_output_quotient,popularity-first output quotient,Ipswich,0.0,24,83
popularity_100_strict_monthly_listener_output_quotient,popularity-first output quotient,Leicester,0.0,24,83
popularity_100_strict_monthly_listener_output_quotient,popularity-first output quotient,Lincoln,0.0,24,83
popularity_100_strict_monthly_listener_output_quotient,popularity-first output quotient,Luton,0.0,24,83
popularity_100_strict_monthly_listener_output_quotient,popularity-first output quotient,Maidstone,0.0,24,83
popularity_100_strict_monthly_listener_output_quotient,popularity-first output quotient,Mansfield,0.0,24,83
popularity_100_strict_monthly_listener_output_quotient,popularity-first output quotient,Medway,0.0,24,83
popularity_100_strict_monthly_listener_output_quotient,popularity-first output quotient,Milton Keynes,0.0,24,83
popularity_100_strict_monthly_listener_output_quotient,popularity-first output quotient,Newport,0.0,24,83
popularity_100_strict_monthly_listener_output_quotient,popularity-first output quotient,North East Lincolnshire,0.0,24,83
popularity_100_strict_monthly_listener_output_quotient,popularity-first output quotient,Northampton,0.0,24,83
popularity_100_strict_monthly_listener_output_quotient,popularity-first output quotient,Norwich,0.0,24,83
popularity_100_strict_monthly_listener_output_quotient,popularity-first output quotient,Nottingham,0.0,24,83
popularity_100_strict_monthly_listener_output_quotient,popularity-first output quotient,Peterborough,0.0,24,83
popularity_100_strict_monthly_listener_output_quotient,popularity-first output quotient,Plymouth,0.0,24,83
popularity_100_strict_monthly_listener_output_quotient,popularity-first output quotient,Portsmouth,0.0,24,83
popularity_100_strict_monthly_listener_output_quotient,popularity-first output quotient,Preston,0.0,24,83
popularity_100_strict_monthly_listener_output_quotient,popularity-first output quotient,Reading,0.0,24,83
popularity_100_strict_monthly_listener_output_quotient,popularity-first output quotient,Redditch,0.0,24,83
popularity_100_strict_monthly_listener_output_quotient,popularity-first output quotient,Rushmoor,0.0,24,83
popularity_100_strict_monthly_listener_output_quotient,popularity-first output quotient,Slough,0.0,24,83
popularity_100_strict_monthly_listener_output_quotient,popularity-first output quotient,Southampton,0.0,24,83
popularity_100_strict_monthly_listener_output_quotient,popularity-first output quotient,Stevenage,0.0,24,83
popularity_100_strict_monthly_listener_output_quotient,popularity-first output quotient,Stoke-on-Trent,0.0,24,83
popularity_100_strict_monthly_listener_output_quotient,popularity-first output quotient,Sunderland,0.0,24,83
popularity_100_strict_monthly_listener_output_quotient,popularity-first output quotient,Swansea,0.0,24,83
popularity_100_strict_monthly_listener_output_quotient,popularity-first output quotient,Swindon,0.0,24,83
popularity_100_strict_monthly_listener_output_quotient,popularity-first output quotient,Telford and Wrekin,0.0,24,83
popularity_100_strict_monthly_listener_output_quotient,popularity-first output quotient,Thanet,0.0,24,83
popularity_100_strict_monthly_listener_output_quotient,popularity-first output quotient,Torbay,0.0,24,83
popularity_100_strict_monthly_listener_output_quotient,popularity-first output quotient,Warrington,0.0,24,83
popularity_100_strict_monthly_listener_output_quotient,popularity-first output quotient,Worcester,0.0,24,83
popularity_100_strict_monthly_listener_output_quotient,popularity-first output quotient,Worthing,0.0,24,83
popularity_100_strict_monthly_listener_output_quotient,popularity-first output quotient,Wrexham,0.0,24,83
popularity_100_strict_monthly_listener_output_quotient,popularity-first output quotient,York,0.0,24,83
popularity_100_strict_follower_output_quotient,popularity-first output quotient,Crawley,4.922531725757189,1,83
popularity_100_strict_follower_output_quotient,popularity-first output quotient,Sheffield,3.318396563626455,2,83
popularity_100_strict_follower_output_quotient,popularity-first output quotient,Oxford,2.8762116670028073,3,83
popularity_100_strict_follower_output_quotient,popularity-first output quotient,London,2.615233836165855,4,83
popularity_100_strict_follower_output_quotient,popularity-first output quotient,Bath and North East Somerset,1.8710030795442425,5,83
popularity_100_strict_follower_output_quotient,popularity-first output quotient,Hastings,1.8316277107989873,6,83
popularity_100_strict_follower_output_quotient,popularity-first output quotient,Liverpool,1.6972445749966991,7,83
popularity_100_strict_follower_output_quotient,popularity-first output quotient,Exeter,1.4017678357754653,8,83
popularity_100_strict_follower_output_quotient,popularity-first output quotient,Guildford,1.3749803822911544,9,83
popularity_100_strict_follower_output_quotient,popularity-first output quotient,Cambridge,1.2753895450159232,10,83
popularity_100_strict_follower_output_quotient,popularity-first output quotient,Dundee City,1.066896264698225,11,83
popularity_100_strict_follower_output_quotient,popularity-first output quotient,Manchester,1.0481908702488856,12,83
popularity_100_strict_follower_output_quotient,popularity-first output quotient,Birmingham,0.5666139333824246,13,83
popularity_100_strict_follower_output_quotient,popularity-first output quotient,Brighton and Hove,0.4943453946222575,14,83
popularity_100_strict_follower_output_quotient,popularity-first output quotient,Middlesbrough,0.47944334640820024,15,83
popularity_100_strict_follower_output_quotient,popularity-first output quotient,Bristol,0.43582151126717367,16,83
popularity_100_strict_follower_output_quotient,popularity-first output quotient,Belfast,0.26466065270183947,17,83
popularity_100_strict_follower_output_quotient,popularity-first output quotient,Glasgow,0.25682039023852815,18,83
popularity_100_strict_follower_output_quotient,popularity-first output quotient,Hull,0.2102956652156241,19,83
popularity_100_strict_follower_output_quotient,popularity-first output quotient,Newcastle,0.1876237655761302,20,83
popularity_100_strict_follower_output_quotient,popularity-first output quotient,Leeds,0.1159120340741255,21,83
popularity_100_strict_follower_output_quotient,popularity-first output quotient,Eastbourne,0.1144788176879404,22,83
popularity_100_strict_follower_output_quotient,popularity-first output quotient,Edinburgh,0.009937282166105916,23,83
popularity_100_strict_follower_output_quotient,popularity-first output quotient,Aberdeen,0.0,24,83
popularity_100_strict_follower_output_quotient,popularity-first output quotient,Ashford,0.0,24,83
popularity_100_strict_follower_output_quotient,popularity-first output quotient,Basingstoke and Deane,0.0,24,83
popularity_100_strict_follower_output_quotient,popularity-first output quotient,Bedford,0.0,24,83
popularity_100_strict_follower_output_quotient,popularity-first output quotient,Blackburn with Darwen,0.0,24,83
popularity_100_strict_follower_output_quotient,popularity-first output quotient,Blackpool,0.0,24,83
popularity_100_strict_follower_output_quotient,popularity-first output quotient,Bournemouth,0.0,24,83
popularity_100_strict_follower_output_quotient,popularity-first output quotient,Bracknell Forest,0.0,24,83
popularity_100_strict_follower_output_quotient,popularity-first output quotient,Burnley,0.0,24,83
popularity_100_strict_follower_output_quotient,popularity-first output quotient,Cardiff,0.0,24,83
popularity_100_strict_follower_output_quotient,popularity-first output quotient,Cheltenham,0.0,24,83
popularity_100_strict_follower_output_quotient,popularity-first output quotient,Cheshire West and Chester,0.0,24,83
popularity_100_strict_follower_output_quotient,popularity-first output quotient,Chesterfield,0.0,24,83
popularity_100_strict_follower_output_quotient,popularity-first output quotient,Colchester,0.0,24,83
popularity_100_strict_follower_output_quotient,popularity-first output quotient,Coventry,0.0,24,83
popularity_100_strict_follower_output_quotient,popularity-first output quotient,Dacorum,0.0,24,83
popularity_100_strict_follower_output_quotient,popularity-first output quotient,Darlington,0.0,24,83
popularity_100_strict_follower_output_quotient,popularity-first output quotient,Derby,0.0,24,83
popularity_100_strict_follower_output_quotient,popularity-first output quotient,Derry & Strabane Local Government District,0.0,24,83
popularity_100_strict_follower_output_quotient,popularity-first output quotient,Doncaster,0.0,24,83
popularity_100_strict_follower_output_quotient,popularity-first output quotient,East Staffordshire,0.0,24,83
popularity_100_strict_follower_output_quotient,popularity-first output quotient,Falkirk,0.0,24,83
popularity_100_strict_follower_output_quotient,popularity-first output quotient,Gloucester,0.0,24,83
popularity_100_strict_follower_output_quotient,popularity-first output quotient,Great Yarmouth,0.0,24,83
popularity_100_strict_follower_output_quotient,popularity-first output quotient,Halton,0.0,24,83
popularity_100_strict_follower_output_quotient,popularity-first output quotient,Ipswich,0.0,24,83
popularity_100_strict_follower_output_quotient,popularity-first output quotient,Leicester,0.0,24,83
popularity_100_strict_follower_output_quotient,popularity-first output quotient,Lincoln,0.0,24,83
popularity_100_strict_follower_output_quotient,popularity-first output quotient,Luton,0.0,24,83
popularity_100_strict_follower_output_quotient,popularity-first output quotient,Maidstone,0.0,24,83
popularity_100_strict_follower_output_quotient,popularity-first output quotient,Mansfield,0.0,24,83
popularity_100_strict_follower_output_quotient,popularity-first output quotient,Medway,0.0,24,83
popularity_100_strict_follower_output_quotient,popularity-first output quotient,Milton Keynes,0.0,24,83
popularity_100_strict_follower_output_quotient,popularity-first output quotient,Newport,0.0,24,83
popularity_100_strict_follower_output_quotient,popularity-first output quotient,North East Lincolnshire,0.0,24,83
popularity_100_strict_follower_output_quotient,popularity-first output quotient,Northampton,0.0,24,83
popularity_100_strict_follower_output_quotient,popularity-first output quotient,Norwich,0.0,24,83
popularity_100_strict_follower_output_quotient,popularity-first output quotient,Nottingham,0.0,24,83
popularity_100_strict_follower_output_quotient,popularity-first output quotient,Peterborough,0.0,24,83
popularity_100_strict_follower_output_quotient,popularity-first output quotient,Plymouth,0.0,24,83
popularity_100_strict_follower_output_quotient,popularity-first output quotient,Portsmouth,0.0,24,83
popularity_100_strict_follower_output_quotient,popularity-first output quotient,Preston,0.0,24,83
popularity_100_strict_follower_output_quotient,popularity-first output quotient,Reading,0.0,24,83
popularity_100_strict_follower_output_quotient,popularity-first output quotient,Redditch,0.0,24,83
popularity_100_strict_follower_output_quotient,popularity-first output quotient,Rushmoor,0.0,24,83
popularity_100_strict_follower_output_quotient,popularity-first output quotient,Slough,0.0,24,83
popularity_100_strict_follower_output_quotient,popularity-first output quotient,Southampton,0.0,24,83
popularity_100_strict_follower_output_quotient,popularity-first output quotient,Stevenage,0.0,24,83
popularity_100_strict_follower_output_quotient,popularity-first output quotient,Stoke-on-Trent,0.0,24,83
popularity_100_strict_follower_output_quotient,popularity-first output quotient,Sunderland,0.0,24,83
popularity_100_strict_follower_output_quotient,popularity-first output quotient,Swansea,0.0,24,83
popularity_100_strict_follower_output_quotient,popularity-first output quotient,Swindon,0.0,24,83
popularity_100_strict_follower_output_quotient,popularity-first output quotient,Telford and Wrekin,0.0,24,83
popularity_100_strict_follower_output_quotient,popularity-first output quotient,Thanet,0.0,24,83
popularity_100_strict_follower_output_quotient,popularity-first output quotient,Torbay,0.0,24,83
popularity_100_strict_follower_output_quotient,popularity-first output quotient,Warrington,0.0,24,83
popularity_100_strict_follower_output_quotient,popularity-first output quotient,Worcester,0.0,24,83
popularity_100_strict_follower_output_quotient,popularity-first output quotient,Worthing,0.0,24,83
popularity_100_strict_follower_output_quotient,popularity-first output quotient,Wrexham,0.0,24,83
popularity_100_strict_follower_output_quotient,popularity-first output quotient,York,0.0,24,83
popularity_100_reviewed_extended_selected_band_output_quotient,popularity-first output quotient,Eastbourne,5.169527618718767,1,83
popularity_100_reviewed_extended_selected_band_output_quotient,popularity-first output quotient,Crawley,4.346250080639958,2,83
popularity_100_reviewed_extended_selected_band_output_quotient,popularity-first output quotient,Guildford,3.773730005636406,3,83
popularity_100_reviewed_extended_selected_band_output_quotient,popularity-first output quotient,Hastings,2.8767762287031897,4,83
popularity_100_reviewed_extended_selected_band_output_quotient,popularity-first output quotient,Bath and North East Somerset,2.6944716739656447,5,83
popularity_100_reviewed_extended_selected_band_output_quotient,popularity-first output quotient,Cambridge,2.598684577219975,6,83
popularity_100_reviewed_extended_selected_band_output_quotient,popularity-first output quotient,London,2.085055487091961,7,83
popularity_100_reviewed_extended_selected_band_output_quotient,popularity-first output quotient,Dundee City,2.036230231591673,8,83
popularity_100_reviewed_extended_selected_band_output_quotient,popularity-first output quotient,Oxford,1.776585270985648,9,83
popularity_100_reviewed_extended_selected_band_output_quotient,popularity-first output quotient,Sheffield,1.7707367860803742,10,83
popularity_100_reviewed_extended_selected_band_output_quotient,popularity-first output quotient,Hull,1.7075323506815465,11,83
popularity_100_reviewed_extended_selected_band_output_quotient,popularity-first output quotient,Manchester,1.4988177863750658,12,83
popularity_100_reviewed_extended_selected_band_output_quotient,popularity-first output quotient,Brighton and Hove,1.1947317577063412,13,83
popularity_100_reviewed_extended_selected_band_output_quotient,popularity-first output quotient,Bristol,1.0513314132617582,14,83
popularity_100_reviewed_extended_selected_band_output_quotient,popularity-first output quotient,Exeter,1.0361236805022886,15,83
popularity_100_reviewed_extended_selected_band_output_quotient,popularity-first output quotient,Liverpool,1.0121270131001743,16,83
popularity_100_reviewed_extended_selected_band_output_quotient,popularity-first output quotient,Middlesbrough,0.8977308621864221,17,83
popularity_100_reviewed_extended_selected_band_output_quotient,popularity-first output quotient,Glasgow,0.8528722571525023,18,83
popularity_100_reviewed_extended_selected_band_output_quotient,popularity-first output quotient,Birmingham,0.8297099300757004,19,83
popularity_100_reviewed_extended_selected_band_output_quotient,popularity-first output quotient,Belfast,0.6592305772933093,20,83
popularity_100_reviewed_extended_selected_band_output_quotient,popularity-first output quotient,Edinburgh,0.5781820892960587,21,83
popularity_100_reviewed_extended_selected_band_output_quotient,popularity-first output quotient,Newcastle,0.4413433147478347,22,83
popularity_100_reviewed_extended_selected_band_output_quotient,popularity-first output quotient,Leeds,0.3510625154290531,23,83
popularity_100_reviewed_extended_selected_band_output_quotient,popularity-first output quotient,Aberdeen,0.0,24,83
popularity_100_reviewed_extended_selected_band_output_quotient,popularity-first output quotient,Ashford,0.0,24,83
popularity_100_reviewed_extended_selected_band_output_quotient,popularity-first output quotient,Basingstoke and Deane,0.0,24,83
popularity_100_reviewed_extended_selected_band_output_quotient,popularity-first output quotient,Bedford,0.0,24,83
popularity_100_reviewed_extended_selected_band_output_quotient,popularity-first output quotient,Blackburn with Darwen,0.0,24,83
popularity_100_reviewed_extended_selected_band_output_quotient,popularity-first output quotient,Blackpool,0.0,24,83
popularity_100_reviewed_extended_selected_band_output_quotient,popularity-first output quotient,Bournemouth,0.0,24,83
popularity_100_reviewed_extended_selected_band_output_quotient,popularity-first output quotient,Bracknell Forest,0.0,24,83
popularity_100_reviewed_extended_selected_band_output_quotient,popularity-first output quotient,Burnley,0.0,24,83
popularity_100_reviewed_extended_selected_band_output_quotient,popularity-first output quotient,Cardiff,0.0,24,83
popularity_100_reviewed_extended_selected_band_output_quotient,popularity-first output quotient,Cheltenham,0.0,24,83
popularity_100_reviewed_extended_selected_band_output_quotient,popularity-first output quotient,Cheshire West and Chester,0.0,24,83
popularity_100_reviewed_extended_selected_band_output_quotient,popularity-first output quotient,Chesterfield,0.0,24,83
popularity_100_reviewed_extended_selected_band_output_quotient,popularity-first output quotient,Colchester,0.0,24,83
popularity_100_reviewed_extended_selected_band_output_quotient,popularity-first output quotient,Coventry,0.0,24,83
popularity_100_reviewed_extended_selected_band_output_quotient,popularity-first output quotient,Dacorum,0.0,24,83
popularity_100_reviewed_extended_selected_band_output_quotient,popularity-first output quotient,Darlington,0.0,24,83
popularity_100_reviewed_extended_selected_band_output_quotient,popularity-first output quotient,Derby,0.0,24,83
popularity_100_reviewed_extended_selected_band_output_quotient,popularity-first output quotient,Derry & Strabane Local Government District,0.0,24,83
popularity_100_reviewed_extended_selected_band_output_quotient,popularity-first output quotient,Doncaster,0.0,24,83
popularity_100_reviewed_extended_selected_band_output_quotient,popularity-first output quotient,East Staffordshire,0.0,24,83
popularity_100_reviewed_extended_selected_band_output_quotient,popularity-first output quotient,Falkirk,0.0,24,83
popularity_100_reviewed_extended_selected_band_output_quotient,popularity-first output quotient,Gloucester,0.0,24,83
popularity_100_reviewed_extended_selected_band_output_quotient,popularity-first output quotient,Great Yarmouth,0.0,24,83
popularity_100_reviewed_extended_selected_band_output_quotient,popularity-first output quotient,Halton,0.0,24,83
popularity_100_reviewed_extended_selected_band_output_quotient,popularity-first output quotient,Ipswich,0.0,24,83
popularity_100_reviewed_extended_selected_band_output_quotient,popularity-first output quotient,Leicester,0.0,24,83
popularity_100_reviewed_extended_selected_band_output_quotient,popularity-first output quotient,Lincoln,0.0,24,83
popularity_100_reviewed_extended_selected_band_output_quotient,popularity-first output quotient,Luton,0.0,24,83
popularity_100_reviewed_extended_selected_band_output_quotient,popularity-first output quotient,Maidstone,0.0,24,83
popularity_100_reviewed_extended_selected_band_output_quotient,popularity-first output quotient,Mansfield,0.0,24,83
popularity_100_reviewed_extended_selected_band_output_quotient,popularity-first output quotient,Medway,0.0,24,83
popularity_100_reviewed_extended_selected_band_output_quotient,popularity-first output quotient,Milton Keynes,0.0,24,83
popularity_100_reviewed_extended_selected_band_output_quotient,popularity-first output quotient,Newport,0.0,24,83
popularity_100_reviewed_extended_selected_band_output_quotient,popularity-first output quotient,North East Lincolnshire,0.0,24,83
popularity_100_reviewed_extended_selected_band_output_quotient,popularity-first output quotient,Northampton,0.0,24,83
popularity_100_reviewed_extended_selected_band_output_quotient,popularity-first output quotient,Norwich,0.0,24,83
popularity_100_reviewed_extended_selected_band_output_quotient,popularity-first output quotient,Nottingham,0.0,24,83
popularity_100_reviewed_extended_selected_band_output_quotient,popularity-first output quotient,Peterborough,0.0,24,83
popularity_100_reviewed_extended_selected_band_output_quotient,popularity-first output quotient,Plymouth,0.0,24,83
popularity_100_reviewed_extended_selected_band_output_quotient,popularity-first output quotient,Portsmouth,0.0,24,83
popularity_100_reviewed_extended_selected_band_output_quotient,popularity-first output quotient,Preston,0.0,24,83
popularity_100_reviewed_extended_selected_band_output_quotient,popularity-first output quotient,Reading,0.0,24,83
popularity_100_reviewed_extended_selected_band_output_quotient,popularity-first output quotient,Redditch,0.0,24,83
popularity_100_reviewed_extended_selected_band_output_quotient,popularity-first output quotient,Rushmoor,0.0,24,83
popularity_100_reviewed_extended_selected_band_output_quotient,popularity-first output quotient,Slough,0.0,24,83
popularity_100_reviewed_extended_selected_band_output_quotient,popularity-first output quotient,Southampton,0.0,24,83
popularity_100_reviewed_extended_selected_band_output_quotient,popularity-first output quotient,Stevenage,0.0,24,83
popularity_100_reviewed_extended_selected_band_output_quotient,popularity-first output quotient,Stoke-on-Trent,0.0,24,83
popularity_100_reviewed_extended_selected_band_output_quotient,popularity-first output quotient,Sunderland,0.0,24,83
popularity_100_reviewed_extended_selected_band_output_quotient,popularity-first output quotient,Swansea,0.0,24,83
popularity_100_reviewed_extended_selected_band_output_quotient,popularity-first output quotient,Swindon,0.0,24,83
popularity_100_reviewed_extended_selected_band_output_quotient,popularity-first output quotient,Telford and Wrekin,0.0,24,83
popularity_100_reviewed_extended_selected_band_output_quotient,popularity-first output quotient,Thanet,0.0,24,83
popularity_100_reviewed_extended_selected_band_output_quotient,popularity-first output quotient,Torbay,0.0,24,83
popularity_100_reviewed_extended_selected_band_output_quotient,popularity-first output quotient,Warrington,0.0,24,83
popularity_100_reviewed_extended_selected_band_output_quotient,popularity-first output quotient,Worcester,0.0,24,83
popularity_100_reviewed_extended_selected_band_output_quotient,popularity-first output quotient,Worthing,0.0,24,83
popularity_100_reviewed_extended_selected_band_output_quotient,popularity-first output quotient,Wrexham,0.0,24,83
popularity_100_reviewed_extended_selected_band_output_quotient,popularity-first output quotient,York,0.0,24,83
popularity_100_reviewed_extended_monthly_listener_output_quotient,popularity-first output quotient,Crawley,6.859131019058157,1,83
popularity_100_reviewed_extended_monthly_listener_output_quotient,popularity-first output quotient,Hastings,4.088588026917232,2,83
popularity_100_reviewed_extended_monthly_listener_output_quotient,popularity-first output quotient,Bath and North East Somerset,3.9153383981849568,3,83
popularity_100_reviewed_extended_monthly_listener_output_quotient,popularity-first output quotient,Oxford,3.8136259743104337,4,83
popularity_100_reviewed_extended_monthly_listener_output_quotient,popularity-first output quotient,Cambridge,3.265040755909068,5,83
popularity_100_reviewed_extended_monthly_listener_output_quotient,popularity-first output quotient,Eastbourne,2.7891357002689703,6,83
popularity_100_reviewed_extended_monthly_listener_output_quotient,popularity-first output quotient,London,2.3029856573972043,7,83
popularity_100_reviewed_extended_monthly_listener_output_quotient,popularity-first output quotient,Sheffield,2.2420648876158973,8,83
popularity_100_reviewed_extended_monthly_listener_output_quotient,popularity-first output quotient,Guildford,2.221913042165662,9,83
popularity_100_reviewed_extended_monthly_listener_output_quotient,popularity-first output quotient,Dundee City,1.6516164621598868,10,83
popularity_100_reviewed_extended_monthly_listener_output_quotient,popularity-first output quotient,Manchester,1.3551394484838724,11,83
popularity_100_reviewed_extended_monthly_listener_output_quotient,popularity-first output quotient,Exeter,1.3258886556146965,12,83
popularity_100_reviewed_extended_monthly_listener_output_quotient,popularity-first output quotient,Liverpool,1.0318331178225828,13,83
popularity_100_reviewed_extended_monthly_listener_output_quotient,popularity-first output quotient,Hull,0.7891674310851416,14,83
popularity_100_reviewed_extended_monthly_listener_output_quotient,popularity-first output quotient,Birmingham,0.7004556265960357,15,83
popularity_100_reviewed_extended_monthly_listener_output_quotient,popularity-first output quotient,Brighton and Hove,0.5073665818350773,16,83
popularity_100_reviewed_extended_monthly_listener_output_quotient,popularity-first output quotient,Bristol,0.4706166964450065,17,83
popularity_100_reviewed_extended_monthly_listener_output_quotient,popularity-first output quotient,Glasgow,0.4544714989946984,18,83
popularity_100_reviewed_extended_monthly_listener_output_quotient,popularity-first output quotient,Belfast,0.39815678824643413,19,83
popularity_100_reviewed_extended_monthly_listener_output_quotient,popularity-first output quotient,Middlesbrough,0.34282508455825544,20,83
popularity_100_reviewed_extended_monthly_listener_output_quotient,popularity-first output quotient,Newcastle,0.3323573823671816,21,83
popularity_100_reviewed_extended_monthly_listener_output_quotient,popularity-first output quotient,Edinburgh,0.19826097175457022,22,83
popularity_100_reviewed_extended_monthly_listener_output_quotient,popularity-first output quotient,Leeds,0.14884055134262697,23,83
popularity_100_reviewed_extended_monthly_listener_output_quotient,popularity-first output quotient,Aberdeen,0.0,24,83
popularity_100_reviewed_extended_monthly_listener_output_quotient,popularity-first output quotient,Ashford,0.0,24,83
popularity_100_reviewed_extended_monthly_listener_output_quotient,popularity-first output quotient,Basingstoke and Deane,0.0,24,83
popularity_100_reviewed_extended_monthly_listener_output_quotient,popularity-first output quotient,Bedford,0.0,24,83
popularity_100_reviewed_extended_monthly_listener_output_quotient,popularity-first output quotient,Blackburn with Darwen,0.0,24,83
popularity_100_reviewed_extended_monthly_listener_output_quotient,popularity-first output quotient,Blackpool,0.0,24,83
popularity_100_reviewed_extended_monthly_listener_output_quotient,popularity-first output quotient,Bournemouth,0.0,24,83
popularity_100_reviewed_extended_monthly_listener_output_quotient,popularity-first output quotient,Bracknell Forest,0.0,24,83
popularity_100_reviewed_extended_monthly_listener_output_quotient,popularity-first output quotient,Burnley,0.0,24,83
popularity_100_reviewed_extended_monthly_listener_output_quotient,popularity-first output quotient,Cardiff,0.0,24,83
popularity_100_reviewed_extended_monthly_listener_output_quotient,popularity-first output quotient,Cheltenham,0.0,24,83
popularity_100_reviewed_extended_monthly_listener_output_quotient,popularity-first output quotient,Cheshire West and Chester,0.0,24,83
popularity_100_reviewed_extended_monthly_listener_output_quotient,popularity-first output quotient,Chesterfield,0.0,24,83
popularity_100_reviewed_extended_monthly_listener_output_quotient,popularity-first output quotient,Colchester,0.0,24,83
popularity_100_reviewed_extended_monthly_listener_output_quotient,popularity-first output quotient,Coventry,0.0,24,83
popularity_100_reviewed_extended_monthly_listener_output_quotient,popularity-first output quotient,Dacorum,0.0,24,83
popularity_100_reviewed_extended_monthly_listener_output_quotient,popularity-first output quotient,Darlington,0.0,24,83
popularity_100_reviewed_extended_monthly_listener_output_quotient,popularity-first output quotient,Derby,0.0,24,83
popularity_100_reviewed_extended_monthly_listener_output_quotient,popularity-first output quotient,Derry & Strabane Local Government District,0.0,24,83
popularity_100_reviewed_extended_monthly_listener_output_quotient,popularity-first output quotient,Doncaster,0.0,24,83
popularity_100_reviewed_extended_monthly_listener_output_quotient,popularity-first output quotient,East Staffordshire,0.0,24,83
popularity_100_reviewed_extended_monthly_listener_output_quotient,popularity-first output quotient,Falkirk,0.0,24,83
popularity_100_reviewed_extended_monthly_listener_output_quotient,popularity-first output quotient,Gloucester,0.0,24,83
popularity_100_reviewed_extended_monthly_listener_output_quotient,popularity-first output quotient,Great Yarmouth,0.0,24,83
popularity_100_reviewed_extended_monthly_listener_output_quotient,popularity-first output quotient,Halton,0.0,24,83
popularity_100_reviewed_extended_monthly_listener_output_quotient,popularity-first output quotient,Ipswich,0.0,24,83
popularity_100_reviewed_extended_monthly_listener_output_quotient,popularity-first output quotient,Leicester,0.0,24,83
popularity_100_reviewed_extended_monthly_listener_output_quotient,popularity-first output quotient,Lincoln,0.0,24,83
popularity_100_reviewed_extended_monthly_listener_output_quotient,popularity-first output quotient,Luton,0.0,24,83
popularity_100_reviewed_extended_monthly_listener_output_quotient,popularity-first output quotient,Maidstone,0.0,24,83
popularity_100_reviewed_extended_monthly_listener_output_quotient,popularity-first output quotient,Mansfield,0.0,24,83
popularity_100_reviewed_extended_monthly_listener_output_quotient,popularity-first output quotient,Medway,0.0,24,83
popularity_100_reviewed_extended_monthly_listener_output_quotient,popularity-first output quotient,Milton Keynes,0.0,24,83
popularity_100_reviewed_extended_monthly_listener_output_quotient,popularity-first output quotient,Newport,0.0,24,83
popularity_100_reviewed_extended_monthly_listener_output_quotient,popularity-first output quotient,North East Lincolnshire,0.0,24,83
popularity_100_reviewed_extended_monthly_listener_output_quotient,popularity-first output quotient,Northampton,0.0,24,83
popularity_100_reviewed_extended_monthly_listener_output_quotient,popularity-first output quotient,Norwich,0.0,24,83
popularity_100_reviewed_extended_monthly_listener_output_quotient,popularity-first output quotient,Nottingham,0.0,24,83
popularity_100_reviewed_extended_monthly_listener_output_quotient,popularity-first output quotient,Peterborough,0.0,24,83
popularity_100_reviewed_extended_monthly_listener_output_quotient,popularity-first output quotient,Plymouth,0.0,24,83
popularity_100_reviewed_extended_monthly_listener_output_quotient,popularity-first output quotient,Portsmouth,0.0,24,83
popularity_100_reviewed_extended_monthly_listener_output_quotient,popularity-first output quotient,Preston,0.0,24,83
popularity_100_reviewed_extended_monthly_listener_output_quotient,popularity-first output quotient,Reading,0.0,24,83
popularity_100_reviewed_extended_monthly_listener_output_quotient,popularity-first output quotient,Redditch,0.0,24,83
popularity_100_reviewed_extended_monthly_listener_output_quotient,popularity-first output quotient,Rushmoor,0.0,24,83
popularity_100_reviewed_extended_monthly_listener_output_quotient,popularity-first output quotient,Slough,0.0,24,83
popularity_100_reviewed_extended_monthly_listener_output_quotient,popularity-first output quotient,Southampton,0.0,24,83
popularity_100_reviewed_extended_monthly_listener_output_quotient,popularity-first output quotient,Stevenage,0.0,24,83
popularity_100_reviewed_extended_monthly_listener_output_quotient,popularity-first output quotient,Stoke-on-Trent,0.0,24,83
popularity_100_reviewed_extended_monthly_listener_output_quotient,popularity-first output quotient,Sunderland,0.0,24,83
popularity_100_reviewed_extended_monthly_listener_output_quotient,popularity-first output quotient,Swansea,0.0,24,83
popularity_100_reviewed_extended_monthly_listener_output_quotient,popularity-first output quotient,Swindon,0.0,24,83
popularity_100_reviewed_extended_monthly_listener_output_quotient,popularity-first output quotient,Telford and Wrekin,0.0,24,83
popularity_100_reviewed_extended_monthly_listener_output_quotient,popularity-first output quotient,Thanet,0.0,24,83
popularity_100_reviewed_extended_monthly_listener_output_quotient,popularity-first output quotient,Torbay,0.0,24,83
popularity_100_reviewed_extended_monthly_listener_output_quotient,popularity-first output quotient,Warrington,0.0,24,83
popularity_100_reviewed_extended_monthly_listener_output_quotient,popularity-first output quotient,Worcester,0.0,24,83
popularity_100_reviewed_extended_monthly_listener_output_quotient,popularity-first output quotient,Worthing,0.0,24,83
popularity_100_reviewed_extended_monthly_listener_output_quotient,popularity-first output quotient,Wrexham,0.0,24,83
popularity_100_reviewed_extended_monthly_listener_output_quotient,popularity-first output quotient,York,0.0,24,83
popularity_100_reviewed_extended_follower_output_quotient,popularity-first output quotient,Crawley,4.922531725757189,1,83
popularity_100_reviewed_extended_follower_output_quotient,popularity-first output quotient,Sheffield,3.318396563626455,2,83
popularity_100_reviewed_extended_follower_output_quotient,popularity-first output quotient,Oxford,2.8762116670028073,3,83
popularity_100_reviewed_extended_follower_output_quotient,popularity-first output quotient,London,2.615233836165855,4,83
popularity_100_reviewed_extended_follower_output_quotient,popularity-first output quotient,Bath and North East Somerset,1.8710030795442425,5,83
popularity_100_reviewed_extended_follower_output_quotient,popularity-first output quotient,Hastings,1.8316277107989873,6,83
popularity_100_reviewed_extended_follower_output_quotient,popularity-first output quotient,Liverpool,1.6972445749966991,7,83
popularity_100_reviewed_extended_follower_output_quotient,popularity-first output quotient,Exeter,1.4017678357754653,8,83
popularity_100_reviewed_extended_follower_output_quotient,popularity-first output quotient,Guildford,1.3749803822911544,9,83
popularity_100_reviewed_extended_follower_output_quotient,popularity-first output quotient,Cambridge,1.2753895450159232,10,83
popularity_100_reviewed_extended_follower_output_quotient,popularity-first output quotient,Dundee City,1.066896264698225,11,83
popularity_100_reviewed_extended_follower_output_quotient,popularity-first output quotient,Manchester,1.0481908702488856,12,83
popularity_100_reviewed_extended_follower_output_quotient,popularity-first output quotient,Birmingham,0.5666139333824246,13,83
popularity_100_reviewed_extended_follower_output_quotient,popularity-first output quotient,Brighton and Hove,0.4943453946222575,14,83
popularity_100_reviewed_extended_follower_output_quotient,popularity-first output quotient,Middlesbrough,0.47944334640820024,15,83
popularity_100_reviewed_extended_follower_output_quotient,popularity-first output quotient,Bristol,0.43582151126717367,16,83
popularity_100_reviewed_extended_follower_output_quotient,popularity-first output quotient,Belfast,0.26466065270183947,17,83
popularity_100_reviewed_extended_follower_output_quotient,popularity-first output quotient,Glasgow,0.25682039023852815,18,83
popularity_100_reviewed_extended_follower_output_quotient,popularity-first output quotient,Hull,0.2102956652156241,19,83
popularity_100_reviewed_extended_follower_output_quotient,popularity-first output quotient,Newcastle,0.1876237655761302,20,83
popularity_100_reviewed_extended_follower_output_quotient,popularity-first output quotient,Leeds,0.1159120340741255,21,83
popularity_100_reviewed_extended_follower_output_quotient,popularity-first output quotient,Eastbourne,0.1144788176879404,22,83
popularity_100_reviewed_extended_follower_output_quotient,popularity-first output quotient,Edinburgh,0.009937282166105916,23,83
popularity_100_reviewed_extended_follower_output_quotient,popularity-first output quotient,Aberdeen,0.0,24,83
popularity_100_reviewed_extended_follower_output_quotient,popularity-first output quotient,Ashford,0.0,24,83
popularity_100_reviewed_extended_follower_output_quotient,popularity-first output quotient,Basingstoke and Deane,0.0,24,83
popularity_100_reviewed_extended_follower_output_quotient,popularity-first output quotient,Bedford,0.0,24,83
popularity_100_reviewed_extended_follower_output_quotient,popularity-first output quotient,Blackburn with Darwen,0.0,24,83
popularity_100_reviewed_extended_follower_output_quotient,popularity-first output quotient,Blackpool,0.0,24,83
popularity_100_reviewed_extended_follower_output_quotient,popularity-first output quotient,Bournemouth,0.0,24,83
popularity_100_reviewed_extended_follower_output_quotient,popularity-first output quotient,Bracknell Forest,0.0,24,83
popularity_100_reviewed_extended_follower_output_quotient,popularity-first output quotient,Burnley,0.0,24,83
popularity_100_reviewed_extended_follower_output_quotient,popularity-first output quotient,Cardiff,0.0,24,83
popularity_100_reviewed_extended_follower_output_quotient,popularity-first output quotient,Cheltenham,0.0,24,83
popularity_100_reviewed_extended_follower_output_quotient,popularity-first output quotient,Cheshire West and Chester,0.0,24,83
popularity_100_reviewed_extended_follower_output_quotient,popularity-first output quotient,Chesterfield,0.0,24,83
popularity_100_reviewed_extended_follower_output_quotient,popularity-first output quotient,Colchester,0.0,24,83
popularity_100_reviewed_extended_follower_output_quotient,popularity-first output quotient,Coventry,0.0,24,83
popularity_100_reviewed_extended_follower_output_quotient,popularity-first output quotient,Dacorum,0.0,24,83
popularity_100_reviewed_extended_follower_output_quotient,popularity-first output quotient,Darlington,0.0,24,83
popularity_100_reviewed_extended_follower_output_quotient,popularity-first output quotient,Derby,0.0,24,83
popularity_100_reviewed_extended_follower_output_quotient,popularity-first output quotient,Derry & Strabane Local Government District,0.0,24,83
popularity_100_reviewed_extended_follower_output_quotient,popularity-first output quotient,Doncaster,0.0,24,83
popularity_100_reviewed_extended_follower_output_quotient,popularity-first output quotient,East Staffordshire,0.0,24,83
popularity_100_reviewed_extended_follower_output_quotient,popularity-first output quotient,Falkirk,0.0,24,83
popularity_100_reviewed_extended_follower_output_quotient,popularity-first output quotient,Gloucester,0.0,24,83
popularity_100_reviewed_extended_follower_output_quotient,popularity-first output quotient,Great Yarmouth,0.0,24,83
popularity_100_reviewed_extended_follower_output_quotient,popularity-first output quotient,Halton,0.0,24,83
popularity_100_reviewed_extended_follower_output_quotient,popularity-first output quotient,Ipswich,0.0,24,83
popularity_100_reviewed_extended_follower_output_quotient,popularity-first output quotient,Leicester,0.0,24,83
popularity_100_reviewed_extended_follower_output_quotient,popularity-first output quotient,Lincoln,0.0,24,83
popularity_100_reviewed_extended_follower_output_quotient,popularity-first output quotient,Luton,0.0,24,83
popularity_100_reviewed_extended_follower_output_quotient,popularity-first output quotient,Maidstone,0.0,24,83
popularity_100_reviewed_extended_follower_output_quotient,popularity-first output quotient,Mansfield,0.0,24,83
popularity_100_reviewed_extended_follower_output_quotient,popularity-first output quotient,Medway,0.0,24,83
popularity_100_reviewed_extended_follower_output_quotient,popularity-first output quotient,Milton Keynes,0.0,24,83
popularity_100_reviewed_extended_follower_output_quotient,popularity-first output quotient,Newport,0.0,24,83
popularity_100_reviewed_extended_follower_output_quotient,popularity-first output quotient,North East Lincolnshire,0.0,24,83
popularity_100_reviewed_extended_follower_output_quotient,popularity-first output quotient,Northampton,0.0,24,83
popularity_100_reviewed_extended_follower_output_quotient,popularity-first output quotient,Norwich,0.0,24,83
popularity_100_reviewed_extended_follower_output_quotient,popularity-first output quotient,Nottingham,0.0,24,83
popularity_100_reviewed_extended_follower_output_quotient,popularity-first output quotient,Peterborough,0.0,24,83
popularity_100_reviewed_extended_follower_output_quotient,popularity-first output quotient,Plymouth,0.0,24,83
popularity_100_reviewed_extended_follower_output_quotient,popularity-first output quotient,Portsmouth,0.0,24,83
popularity_100_reviewed_extended_follower_output_quotient,popularity-first output quotient,Preston,0.0,24,83
popularity_100_reviewed_extended_follower_output_quotient,popularity-first output quotient,Reading,0.0,24,83
popularity_100_reviewed_extended_follower_output_quotient,popularity-first output quotient,Redditch,0.0,24,83
popularity_100_reviewed_extended_follower_output_quotient,popularity-first output quotient,Rushmoor,0.0,24,83
popularity_100_reviewed_extended_follower_output_quotient,popularity-first output quotient,Slough,0.0,24,83
popularity_100_reviewed_extended_follower_output_quotient,popularity-first output quotient,Southampton,0.0,24,83
popularity_100_reviewed_extended_follower_output_quotient,popularity-first output quotient,Stevenage,0.0,24,83
popularity_100_reviewed_extended_follower_output_quotient,popularity-first output quotient,Stoke-on-Trent,0.0,24,83
popularity_100_reviewed_extended_follower_output_quotient,popularity-first output quotient,Sunderland,0.0,24,83
popularity_100_reviewed_extended_follower_output_quotient,popularity-first output quotient,Swansea,0.0,24,83
popularity_100_reviewed_extended_follower_output_quotient,popularity-first output quotient,Swindon,0.0,24,83
popularity_100_reviewed_extended_follower_output_quotient,popularity-first output quotient,Telford and Wrekin,0.0,24,83
popularity_100_reviewed_extended_follower_output_quotient,popularity-first output quotient,Thanet,0.0,24,83
popularity_100_reviewed_extended_follower_output_quotient,popularity-first output quotient,Torbay,0.0,24,83
popularity_100_reviewed_extended_follower_output_quotient,popularity-first output quotient,Warrington,0.0,24,83
popularity_100_reviewed_extended_follower_output_quotient,popularity-first output quotient,Worcester,0.0,24,83
popularity_100_reviewed_extended_follower_output_quotient,popularity-first output quotient,Worthing,0.0,24,83
popularity_100_reviewed_extended_follower_output_quotient,popularity-first output quotient,Wrexham,0.0,24,83
popularity_100_reviewed_extended_follower_output_quotient,popularity-first output quotient,York,0.0,24,83
popularity_200_strict_selected_band_output_quotient,popularity-first output quotient,Bath and North East Somerset,4.041707510948467,1,83
popularity_200_strict_selected_band_output_quotient,popularity-first output quotient,Eastbourne,2.5847638093593837,2,83
popularity_200_strict_selected_band_output_quotient,popularity-first output quotient,Worthing,2.366684436091546,3,83
popularity_200_strict_selected_band_output_quotient,popularity-first output quotient,Crawley,2.173125040319979,4,83
popularity_200_strict_selected_band_output_quotient,popularity-first output quotient,Wrexham,1.949328293970849,5,83
popularity_200_strict_selected_band_output_quotient,popularity-first output quotient,Guildford,1.886865002818203,6,83
popularity_200_strict_selected_band_output_quotient,popularity-first output quotient,London,1.8722947231029854,7,83
popularity_200_strict_selected_band_output_quotient,popularity-first output quotient,Oxford,1.776585270985648,8,83
popularity_200_strict_selected_band_output_quotient,popularity-first output quotient,Falkirk,1.6840700537432822,9,83
popularity_200_strict_selected_band_output_quotient,popularity-first output quotient,Liverpool,1.5181905196502614,10,83
popularity_200_strict_selected_band_output_quotient,popularity-first output quotient,Hastings,1.4383881143515949,11,83
popularity_200_strict_selected_band_output_quotient,popularity-first output quotient,Burnley,1.3541273805336416,12,83
popularity_200_strict_selected_band_output_quotient,popularity-first output quotient,Sheffield,1.3280525895602806,13,83
popularity_200_strict_selected_band_output_quotient,popularity-first output quotient,Cambridge,1.2993422886099875,14,83
popularity_200_strict_selected_band_output_quotient,popularity-first output quotient,York,1.287547073353687,15,83
popularity_200_strict_selected_band_output_quotient,popularity-first output quotient,Brighton and Hove,1.1947317577063412,16,83
popularity_200_strict_selected_band_output_quotient,popularity-first output quotient,Manchester,1.0491724504625461,17,83
popularity_200_strict_selected_band_output_quotient,popularity-first output quotient,Dundee City,1.0181151157958366,18,83
popularity_200_strict_selected_band_output_quotient,popularity-first output quotient,Glasgow,0.995017633344586,19,83
popularity_200_strict_selected_band_output_quotient,popularity-first output quotient,Hull,0.8537661753407733,20,83
popularity_200_strict_selected_band_output_quotient,popularity-first output quotient,Reading,0.7281269740912764,21,83
popularity_200_strict_selected_band_output_quotient,popularity-first output quotient,Belfast,0.6592305772933093,22,83
popularity_200_strict_selected_band_output_quotient,popularity-first output quotient,Plymouth,0.6368723442470305,23,83
popularity_200_strict_selected_band_output_quotient,popularity-first output quotient,Birmingham,0.5807969510529902,24,83
popularity_200_strict_selected_band_output_quotient,popularity-first output quotient,Cardiff,0.573756034623168,25,83
popularity_200_strict_selected_band_output_quotient,popularity-first output quotient,Ipswich,0.5533900170646712,26,83
popularity_200_strict_selected_band_output_quotient,popularity-first output quotient,Bristol,0.5256657066308791,27,83
popularity_200_strict_selected_band_output_quotient,popularity-first output quotient,Exeter,0.5180618402511443,28,83
popularity_200_strict_selected_band_output_quotient,popularity-first output quotient,Derby,0.5161626185373104,29,83
popularity_200_strict_selected_band_output_quotient,popularity-first output quotient,Middlesbrough,0.44886543109321103,30,83
popularity_200_strict_selected_band_output_quotient,popularity-first output quotient,Newcastle,0.4413433147478347,31,83
popularity_200_strict_selected_band_output_quotient,popularity-first output quotient,Leeds,0.43882814428631634,32,83
popularity_200_strict_selected_band_output_quotient,popularity-first output quotient,Edinburgh,0.28909104464802937,33,83
popularity_200_strict_selected_band_output_quotient,popularity-first output quotient,Nottingham,0.28779375297688337,34,83
popularity_200_strict_selected_band_output_quotient,popularity-first output quotient,Leicester,0.2783969326066026,35,83
popularity_200_strict_selected_band_output_quotient,popularity-first output quotient,Aberdeen,0.0,36,83
popularity_200_strict_selected_band_output_quotient,popularity-first output quotient,Ashford,0.0,36,83
popularity_200_strict_selected_band_output_quotient,popularity-first output quotient,Basingstoke and Deane,0.0,36,83
popularity_200_strict_selected_band_output_quotient,popularity-first output quotient,Bedford,0.0,36,83
popularity_200_strict_selected_band_output_quotient,popularity-first output quotient,Blackburn with Darwen,0.0,36,83
popularity_200_strict_selected_band_output_quotient,popularity-first output quotient,Blackpool,0.0,36,83
popularity_200_strict_selected_band_output_quotient,popularity-first output quotient,Bournemouth,0.0,36,83
popularity_200_strict_selected_band_output_quotient,popularity-first output quotient,Bracknell Forest,0.0,36,83
popularity_200_strict_selected_band_output_quotient,popularity-first output quotient,Cheltenham,0.0,36,83
popularity_200_strict_selected_band_output_quotient,popularity-first output quotient,Cheshire West and Chester,0.0,36,83
popularity_200_strict_selected_band_output_quotient,popularity-first output quotient,Chesterfield,0.0,36,83
popularity_200_strict_selected_band_output_quotient,popularity-first output quotient,Colchester,0.0,36,83
popularity_200_strict_selected_band_output_quotient,popularity-first output quotient,Coventry,0.0,36,83
popularity_200_strict_selected_band_output_quotient,popularity-first output quotient,Dacorum,0.0,36,83
popularity_200_strict_selected_band_output_quotient,popularity-first output quotient,Darlington,0.0,36,83
popularity_200_strict_selected_band_output_quotient,popularity-first output quotient,Derry & Strabane Local Government District,0.0,36,83
popularity_200_strict_selected_band_output_quotient,popularity-first output quotient,Doncaster,0.0,36,83
popularity_200_strict_selected_band_output_quotient,popularity-first output quotient,East Staffordshire,0.0,36,83
popularity_200_strict_selected_band_output_quotient,popularity-first output quotient,Gloucester,0.0,36,83
popularity_200_strict_selected_band_output_quotient,popularity-first output quotient,Great Yarmouth,0.0,36,83
popularity_200_strict_selected_band_output_quotient,popularity-first output quotient,Halton,0.0,36,83
popularity_200_strict_selected_band_output_quotient,popularity-first output quotient,Lincoln,0.0,36,83
popularity_200_strict_selected_band_output_quotient,popularity-first output quotient,Luton,0.0,36,83
popularity_200_strict_selected_band_output_quotient,popularity-first output quotient,Maidstone,0.0,36,83
popularity_200_strict_selected_band_output_quotient,popularity-first output quotient,Mansfield,0.0,36,83
popularity_200_strict_selected_band_output_quotient,popularity-first output quotient,Medway,0.0,36,83
popularity_200_strict_selected_band_output_quotient,popularity-first output quotient,Milton Keynes,0.0,36,83
popularity_200_strict_selected_band_output_quotient,popularity-first output quotient,Newport,0.0,36,83
popularity_200_strict_selected_band_output_quotient,popularity-first output quotient,North East Lincolnshire,0.0,36,83
popularity_200_strict_selected_band_output_quotient,popularity-first output quotient,Northampton,0.0,36,83
popularity_200_strict_selected_band_output_quotient,popularity-first output quotient,Norwich,0.0,36,83
popularity_200_strict_selected_band_output_quotient,popularity-first output quotient,Peterborough,0.0,36,83
popularity_200_strict_selected_band_output_quotient,popularity-first output quotient,Portsmouth,0.0,36,83
popularity_200_strict_selected_band_output_quotient,popularity-first output quotient,Preston,0.0,36,83
popularity_200_strict_selected_band_output_quotient,popularity-first output quotient,Redditch,0.0,36,83
popularity_200_strict_selected_band_output_quotient,popularity-first output quotient,Rushmoor,0.0,36,83
popularity_200_strict_selected_band_output_quotient,popularity-first output quotient,Slough,0.0,36,83
popularity_200_strict_selected_band_output_quotient,popularity-first output quotient,Southampton,0.0,36,83
popularity_200_strict_selected_band_output_quotient,popularity-first output quotient,Stevenage,0.0,36,83
popularity_200_strict_selected_band_output_quotient,popularity-first output quotient,Stoke-on-Trent,0.0,36,83
popularity_200_strict_selected_band_output_quotient,popularity-first output quotient,Sunderland,0.0,36,83
popularity_200_strict_selected_band_output_quotient,popularity-first output quotient,Swansea,0.0,36,83
popularity_200_strict_selected_band_output_quotient,popularity-first output quotient,Swindon,0.0,36,83
popularity_200_strict_selected_band_output_quotient,popularity-first output quotient,Telford and Wrekin,0.0,36,83
popularity_200_strict_selected_band_output_quotient,popularity-first output quotient,Thanet,0.0,36,83
popularity_200_strict_selected_band_output_quotient,popularity-first output quotient,Torbay,0.0,36,83
popularity_200_strict_selected_band_output_quotient,popularity-first output quotient,Warrington,0.0,36,83
popularity_200_strict_selected_band_output_quotient,popularity-first output quotient,Worcester,0.0,36,83
popularity_200_strict_monthly_listener_output_quotient,popularity-first output quotient,Crawley,5.6258219610216935,1,83
popularity_200_strict_monthly_listener_output_quotient,popularity-first output quotient,Bath and North East Somerset,3.963593370150846,2,83
popularity_200_strict_monthly_listener_output_quotient,popularity-first output quotient,Oxford,3.521766308771144,3,83
popularity_200_strict_monthly_listener_output_quotient,popularity-first output quotient,Hastings,3.3534376654259814,4,83
popularity_200_strict_monthly_listener_output_quotient,popularity-first output quotient,Cambridge,2.6779686722978404,5,83
popularity_200_strict_monthly_listener_output_quotient,popularity-first output quotient,Eastbourne,2.2876339336928697,6,83
popularity_200_strict_monthly_listener_output_quotient,popularity-first output quotient,London,2.1866645113564687,7,83
popularity_200_strict_monthly_listener_output_quotient,popularity-first output quotient,Sheffield,1.957375212366298,8,83
popularity_200_strict_monthly_listener_output_quotient,popularity-first output quotient,Guildford,1.8224009941440829,9,83
popularity_200_strict_monthly_listener_output_quotient,popularity-first output quotient,Dundee City,1.3546468405672634,10,83
popularity_200_strict_monthly_listener_output_quotient,popularity-first output quotient,Manchester,1.2322362527242563,11,83
popularity_200_strict_monthly_listener_output_quotient,popularity-first output quotient,Liverpool,1.178190921431901,12,83
popularity_200_strict_monthly_listener_output_quotient,popularity-first output quotient,Exeter,1.087486664987328,13,83
popularity_200_strict_monthly_listener_output_quotient,popularity-first output quotient,Falkirk,0.8649351836483068,14,83
popularity_200_strict_monthly_listener_output_quotient,popularity-first output quotient,Worthing,0.6817402048354546,15,83
popularity_200_strict_monthly_listener_output_quotient,popularity-first output quotient,Birmingham,0.6528698331919129,16,83
popularity_200_strict_monthly_listener_output_quotient,popularity-first output quotient,Hull,0.6472708353851347,17,83
popularity_200_strict_monthly_listener_output_quotient,popularity-first output quotient,Burnley,0.6380037266949486,18,83
popularity_200_strict_monthly_listener_output_quotient,popularity-first output quotient,Brighton and Hove,0.5972982692732909,19,83
popularity_200_strict_monthly_listener_output_quotient,popularity-first output quotient,Glasgow,0.5663634263525237,20,83
popularity_200_strict_monthly_listener_output_quotient,popularity-first output quotient,Wrexham,0.5452297049637868,21,83
popularity_200_strict_monthly_listener_output_quotient,popularity-first output quotient,Belfast,0.4303525953627897,22,83
popularity_200_strict_monthly_listener_output_quotient,popularity-first output quotient,Bristol,0.38599725515191374,23,83
popularity_200_strict_monthly_listener_output_quotient,popularity-first output quotient,Reading,0.33997823078741335,24,83
popularity_200_strict_monthly_listener_output_quotient,popularity-first output quotient,Newcastle,0.3372273929163011,25,83
popularity_200_strict_monthly_listener_output_quotient,popularity-first output quotient,York,0.33458279279369096,26,83
popularity_200_strict_monthly_listener_output_quotient,popularity-first output quotient,Middlesbrough,0.2811832700291214,27,83
popularity_200_strict_monthly_listener_output_quotient,popularity-first output quotient,Cardiff,0.25794512607090336,28,83
popularity_200_strict_monthly_listener_output_quotient,popularity-first output quotient,Plymouth,0.2535348521127079,29,83
popularity_200_strict_monthly_listener_output_quotient,popularity-first output quotient,Leeds,0.19093969251103346,30,83
popularity_200_strict_monthly_listener_output_quotient,popularity-first output quotient,Edinburgh,0.1626125708652112,31,83
popularity_200_strict_monthly_listener_output_quotient,popularity-first output quotient,Derby,0.14978716767585187,32,83
popularity_200_strict_monthly_listener_output_quotient,popularity-first output quotient,Ipswich,0.13606835747573445,33,83
popularity_200_strict_monthly_listener_output_quotient,popularity-first output quotient,Leicester,0.10182693453962625,34,83
popularity_200_strict_monthly_listener_output_quotient,popularity-first output quotient,Nottingham,0.08169740593930976,35,83
popularity_200_strict_monthly_listener_output_quotient,popularity-first output quotient,Aberdeen,0.0,36,83
popularity_200_strict_monthly_listener_output_quotient,popularity-first output quotient,Ashford,0.0,36,83
popularity_200_strict_monthly_listener_output_quotient,popularity-first output quotient,Basingstoke and Deane,0.0,36,83
popularity_200_strict_monthly_listener_output_quotient,popularity-first output quotient,Bedford,0.0,36,83
popularity_200_strict_monthly_listener_output_quotient,popularity-first output quotient,Blackburn with Darwen,0.0,36,83
popularity_200_strict_monthly_listener_output_quotient,popularity-first output quotient,Blackpool,0.0,36,83
popularity_200_strict_monthly_listener_output_quotient,popularity-first output quotient,Bournemouth,0.0,36,83
popularity_200_strict_monthly_listener_output_quotient,popularity-first output quotient,Bracknell Forest,0.0,36,83
popularity_200_strict_monthly_listener_output_quotient,popularity-first output quotient,Cheltenham,0.0,36,83
popularity_200_strict_monthly_listener_output_quotient,popularity-first output quotient,Cheshire West and Chester,0.0,36,83
popularity_200_strict_monthly_listener_output_quotient,popularity-first output quotient,Chesterfield,0.0,36,83
popularity_200_strict_monthly_listener_output_quotient,popularity-first output quotient,Colchester,0.0,36,83
popularity_200_strict_monthly_listener_output_quotient,popularity-first output quotient,Coventry,0.0,36,83
popularity_200_strict_monthly_listener_output_quotient,popularity-first output quotient,Dacorum,0.0,36,83
popularity_200_strict_monthly_listener_output_quotient,popularity-first output quotient,Darlington,0.0,36,83
popularity_200_strict_monthly_listener_output_quotient,popularity-first output quotient,Derry & Strabane Local Government District,0.0,36,83
popularity_200_strict_monthly_listener_output_quotient,popularity-first output quotient,Doncaster,0.0,36,83
popularity_200_strict_monthly_listener_output_quotient,popularity-first output quotient,East Staffordshire,0.0,36,83
popularity_200_strict_monthly_listener_output_quotient,popularity-first output quotient,Gloucester,0.0,36,83
popularity_200_strict_monthly_listener_output_quotient,popularity-first output quotient,Great Yarmouth,0.0,36,83
popularity_200_strict_monthly_listener_output_quotient,popularity-first output quotient,Halton,0.0,36,83
popularity_200_strict_monthly_listener_output_quotient,popularity-first output quotient,Lincoln,0.0,36,83
popularity_200_strict_monthly_listener_output_quotient,popularity-first output quotient,Luton,0.0,36,83
popularity_200_strict_monthly_listener_output_quotient,popularity-first output quotient,Maidstone,0.0,36,83
popularity_200_strict_monthly_listener_output_quotient,popularity-first output quotient,Mansfield,0.0,36,83
popularity_200_strict_monthly_listener_output_quotient,popularity-first output quotient,Medway,0.0,36,83
popularity_200_strict_monthly_listener_output_quotient,popularity-first output quotient,Milton Keynes,0.0,36,83
popularity_200_strict_monthly_listener_output_quotient,popularity-first output quotient,Newport,0.0,36,83
popularity_200_strict_monthly_listener_output_quotient,popularity-first output quotient,North East Lincolnshire,0.0,36,83
popularity_200_strict_monthly_listener_output_quotient,popularity-first output quotient,Northampton,0.0,36,83
popularity_200_strict_monthly_listener_output_quotient,popularity-first output quotient,Norwich,0.0,36,83
popularity_200_strict_monthly_listener_output_quotient,popularity-first output quotient,Peterborough,0.0,36,83
popularity_200_strict_monthly_listener_output_quotient,popularity-first output quotient,Portsmouth,0.0,36,83
popularity_200_strict_monthly_listener_output_quotient,popularity-first output quotient,Preston,0.0,36,83
popularity_200_strict_monthly_listener_output_quotient,popularity-first output quotient,Redditch,0.0,36,83
popularity_200_strict_monthly_listener_output_quotient,popularity-first output quotient,Rushmoor,0.0,36,83
popularity_200_strict_monthly_listener_output_quotient,popularity-first output quotient,Slough,0.0,36,83
popularity_200_strict_monthly_listener_output_quotient,popularity-first output quotient,Southampton,0.0,36,83
popularity_200_strict_monthly_listener_output_quotient,popularity-first output quotient,Stevenage,0.0,36,83
popularity_200_strict_monthly_listener_output_quotient,popularity-first output quotient,Stoke-on-Trent,0.0,36,83
popularity_200_strict_monthly_listener_output_quotient,popularity-first output quotient,Sunderland,0.0,36,83
popularity_200_strict_monthly_listener_output_quotient,popularity-first output quotient,Swansea,0.0,36,83
popularity_200_strict_monthly_listener_output_quotient,popularity-first output quotient,Swindon,0.0,36,83
popularity_200_strict_monthly_listener_output_quotient,popularity-first output quotient,Telford and Wrekin,0.0,36,83
popularity_200_strict_monthly_listener_output_quotient,popularity-first output quotient,Thanet,0.0,36,83
popularity_200_strict_monthly_listener_output_quotient,popularity-first output quotient,Torbay,0.0,36,83
popularity_200_strict_monthly_listener_output_quotient,popularity-first output quotient,Warrington,0.0,36,83
popularity_200_strict_monthly_listener_output_quotient,popularity-first output quotient,Worcester,0.0,36,83
popularity_200_strict_follower_output_quotient,popularity-first output quotient,Crawley,4.232264383498018,1,83
popularity_200_strict_follower_output_quotient,popularity-first output quotient,Sheffield,2.949774759846874,2,83
popularity_200_strict_follower_output_quotient,popularity-first output quotient,Oxford,2.7296163355975582,3,83
popularity_200_strict_follower_output_quotient,popularity-first output quotient,London,2.4681972196711652,4,83
popularity_200_strict_follower_output_quotient,popularity-first output quotient,Bath and North East Somerset,1.7958581598308,5,83
popularity_200_strict_follower_output_quotient,popularity-first output quotient,Liverpool,1.671663393766724,6,83
popularity_200_strict_follower_output_quotient,popularity-first output quotient,Hastings,1.5747857314317566,7,83
popularity_200_strict_follower_output_quotient,popularity-first output quotient,Exeter,1.2052034229140562,8,83
popularity_200_strict_follower_output_quotient,popularity-first output quotient,Guildford,1.1821722691049217,9,83
popularity_200_strict_follower_output_quotient,popularity-first output quotient,Cambridge,1.0965466648417266,10,83
popularity_200_strict_follower_output_quotient,popularity-first output quotient,Worthing,1.082433074189308,11,83
popularity_200_strict_follower_output_quotient,popularity-first output quotient,Manchester,1.0179721626649372,12,83
popularity_200_strict_follower_output_quotient,popularity-first output quotient,Wrexham,0.9339117986615351,13,83
popularity_200_strict_follower_output_quotient,popularity-first output quotient,Dundee City,0.9172895805511158,14,83
popularity_200_strict_follower_output_quotient,popularity-first output quotient,York,0.8469985566629075,15,83
popularity_200_strict_follower_output_quotient,popularity-first output quotient,Falkirk,0.7370523377936549,16,83
popularity_200_strict_follower_output_quotient,popularity-first output quotient,Brighton and Hove,0.6376404788677767,17,83
popularity_200_strict_follower_output_quotient,popularity-first output quotient,Birmingham,0.6114489781018047,18,83
popularity_200_strict_follower_output_quotient,popularity-first output quotient,Middlesbrough,0.4122128839294389,19,83
popularity_200_strict_follower_output_quotient,popularity-first output quotient,Bristol,0.37470796786273924,20,83
popularity_200_strict_follower_output_quotient,popularity-first output quotient,Glasgow,0.37386107308030925,21,83
popularity_200_strict_follower_output_quotient,popularity-first output quotient,Reading,0.2953427444054167,22,83
popularity_200_strict_follower_output_quotient,popularity-first output quotient,Belfast,0.28523244529159636,23,83
popularity_200_strict_follower_output_quotient,popularity-first output quotient,Newcastle,0.1991845733466003,24,83
popularity_200_strict_follower_output_quotient,popularity-first output quotient,Cardiff,0.19913943716875718,25,83
popularity_200_strict_follower_output_quotient,popularity-first output quotient,Plymouth,0.1880652301632837,26,83
popularity_200_strict_follower_output_quotient,popularity-first output quotient,Hull,0.1808067278142741,27,83
popularity_200_strict_follower_output_quotient,popularity-first output quotient,Leeds,0.15977510436619424,28,83
popularity_200_strict_follower_output_quotient,popularity-first output quotient,Leicester,0.13945126916604145,29,83
popularity_200_strict_follower_output_quotient,popularity-first output quotient,Nottingham,0.12682422728042025,30,83
popularity_200_strict_follower_output_quotient,popularity-first output quotient,Eastbourne,0.09842590149911244,31,83
popularity_200_strict_follower_output_quotient,popularity-first output quotient,Burnley,0.07942886928394487,32,83
popularity_200_strict_follower_output_quotient,popularity-first output quotient,Ipswich,0.07345841969493802,33,83
popularity_200_strict_follower_output_quotient,popularity-first output quotient,Derby,0.06284104204608817,34,83
popularity_200_strict_follower_output_quotient,popularity-first output quotient,Edinburgh,0.008543816012462737,35,83
popularity_200_strict_follower_output_quotient,popularity-first output quotient,Aberdeen,0.0,36,83
popularity_200_strict_follower_output_quotient,popularity-first output quotient,Ashford,0.0,36,83
popularity_200_strict_follower_output_quotient,popularity-first output quotient,Basingstoke and Deane,0.0,36,83
popularity_200_strict_follower_output_quotient,popularity-first output quotient,Bedford,0.0,36,83
popularity_200_strict_follower_output_quotient,popularity-first output quotient,Blackburn with Darwen,0.0,36,83
popularity_200_strict_follower_output_quotient,popularity-first output quotient,Blackpool,0.0,36,83
popularity_200_strict_follower_output_quotient,popularity-first output quotient,Bournemouth,0.0,36,83
popularity_200_strict_follower_output_quotient,popularity-first output quotient,Bracknell Forest,0.0,36,83
popularity_200_strict_follower_output_quotient,popularity-first output quotient,Cheltenham,0.0,36,83
popularity_200_strict_follower_output_quotient,popularity-first output quotient,Cheshire West and Chester,0.0,36,83
popularity_200_strict_follower_output_quotient,popularity-first output quotient,Chesterfield,0.0,36,83
popularity_200_strict_follower_output_quotient,popularity-first output quotient,Colchester,0.0,36,83
popularity_200_strict_follower_output_quotient,popularity-first output quotient,Coventry,0.0,36,83
popularity_200_strict_follower_output_quotient,popularity-first output quotient,Dacorum,0.0,36,83
popularity_200_strict_follower_output_quotient,popularity-first output quotient,Darlington,0.0,36,83
popularity_200_strict_follower_output_quotient,popularity-first output quotient,Derry & Strabane Local Government District,0.0,36,83
popularity_200_strict_follower_output_quotient,popularity-first output quotient,Doncaster,0.0,36,83
popularity_200_strict_follower_output_quotient,popularity-first output quotient,East Staffordshire,0.0,36,83
popularity_200_strict_follower_output_quotient,popularity-first output quotient,Gloucester,0.0,36,83
popularity_200_strict_follower_output_quotient,popularity-first output quotient,Great Yarmouth,0.0,36,83
popularity_200_strict_follower_output_quotient,popularity-first output quotient,Halton,0.0,36,83
popularity_200_strict_follower_output_quotient,popularity-first output quotient,Lincoln,0.0,36,83
popularity_200_strict_follower_output_quotient,popularity-first output quotient,Luton,0.0,36,83
popularity_200_strict_follower_output_quotient,popularity-first output quotient,Maidstone,0.0,36,83
popularity_200_strict_follower_output_quotient,popularity-first output quotient,Mansfield,0.0,36,83
popularity_200_strict_follower_output_quotient,popularity-first output quotient,Medway,0.0,36,83
popularity_200_strict_follower_output_quotient,popularity-first output quotient,Milton Keynes,0.0,36,83
popularity_200_strict_follower_output_quotient,popularity-first output quotient,Newport,0.0,36,83
popularity_200_strict_follower_output_quotient,popularity-first output quotient,North East Lincolnshire,0.0,36,83
popularity_200_strict_follower_output_quotient,popularity-first output quotient,Northampton,0.0,36,83
popularity_200_strict_follower_output_quotient,popularity-first output quotient,Norwich,0.0,36,83
popularity_200_strict_follower_output_quotient,popularity-first output quotient,Peterborough,0.0,36,83
popularity_200_strict_follower_output_quotient,popularity-first output quotient,Portsmouth,0.0,36,83
popularity_200_strict_follower_output_quotient,popularity-first output quotient,Preston,0.0,36,83
popularity_200_strict_follower_output_quotient,popularity-first output quotient,Redditch,0.0,36,83
popularity_200_strict_follower_output_quotient,popularity-first output quotient,Rushmoor,0.0,36,83
popularity_200_strict_follower_output_quotient,popularity-first output quotient,Slough,0.0,36,83
popularity_200_strict_follower_output_quotient,popularity-first output quotient,Southampton,0.0,36,83
popularity_200_strict_follower_output_quotient,popularity-first output quotient,Stevenage,0.0,36,83
popularity_200_strict_follower_output_quotient,popularity-first output quotient,Stoke-on-Trent,0.0,36,83
popularity_200_strict_follower_output_quotient,popularity-first output quotient,Sunderland,0.0,36,83
popularity_200_strict_follower_output_quotient,popularity-first output quotient,Swansea,0.0,36,83
popularity_200_strict_follower_output_quotient,popularity-first output quotient,Swindon,0.0,36,83
popularity_200_strict_follower_output_quotient,popularity-first output quotient,Telford and Wrekin,0.0,36,83
popularity_200_strict_follower_output_quotient,popularity-first output quotient,Thanet,0.0,36,83
popularity_200_strict_follower_output_quotient,popularity-first output quotient,Torbay,0.0,36,83
popularity_200_strict_follower_output_quotient,popularity-first output quotient,Warrington,0.0,36,83
popularity_200_strict_follower_output_quotient,popularity-first output quotient,Worcester,0.0,36,83
popularity_200_reviewed_extended_selected_band_output_quotient,popularity-first output quotient,Bath and North East Somerset,4.041707510948467,1,83
popularity_200_reviewed_extended_selected_band_output_quotient,popularity-first output quotient,Eastbourne,2.5847638093593837,2,83
popularity_200_reviewed_extended_selected_band_output_quotient,popularity-first output quotient,Worthing,2.366684436091546,3,83
popularity_200_reviewed_extended_selected_band_output_quotient,popularity-first output quotient,Crawley,2.173125040319979,4,83
popularity_200_reviewed_extended_selected_band_output_quotient,popularity-first output quotient,Wrexham,1.949328293970849,5,83
popularity_200_reviewed_extended_selected_band_output_quotient,popularity-first output quotient,Guildford,1.886865002818203,6,83
popularity_200_reviewed_extended_selected_band_output_quotient,popularity-first output quotient,London,1.8722947231029854,7,83
popularity_200_reviewed_extended_selected_band_output_quotient,popularity-first output quotient,Oxford,1.776585270985648,8,83
popularity_200_reviewed_extended_selected_band_output_quotient,popularity-first output quotient,Falkirk,1.6840700537432822,9,83
popularity_200_reviewed_extended_selected_band_output_quotient,popularity-first output quotient,Liverpool,1.5181905196502614,10,83
popularity_200_reviewed_extended_selected_band_output_quotient,popularity-first output quotient,Hastings,1.4383881143515949,11,83
popularity_200_reviewed_extended_selected_band_output_quotient,popularity-first output quotient,Burnley,1.3541273805336416,12,83
popularity_200_reviewed_extended_selected_band_output_quotient,popularity-first output quotient,Sheffield,1.3280525895602806,13,83
popularity_200_reviewed_extended_selected_band_output_quotient,popularity-first output quotient,Cambridge,1.2993422886099875,14,83
popularity_200_reviewed_extended_selected_band_output_quotient,popularity-first output quotient,York,1.287547073353687,15,83
popularity_200_reviewed_extended_selected_band_output_quotient,popularity-first output quotient,Brighton and Hove,1.1947317577063412,16,83
popularity_200_reviewed_extended_selected_band_output_quotient,popularity-first output quotient,Manchester,1.0491724504625461,17,83
popularity_200_reviewed_extended_selected_band_output_quotient,popularity-first output quotient,Dundee City,1.0181151157958366,18,83
popularity_200_reviewed_extended_selected_band_output_quotient,popularity-first output quotient,Glasgow,0.995017633344586,19,83
popularity_200_reviewed_extended_selected_band_output_quotient,popularity-first output quotient,Hull,0.8537661753407733,20,83
popularity_200_reviewed_extended_selected_band_output_quotient,popularity-first output quotient,Reading,0.7281269740912764,21,83
popularity_200_reviewed_extended_selected_band_output_quotient,popularity-first output quotient,Belfast,0.6592305772933093,22,83
popularity_200_reviewed_extended_selected_band_output_quotient,popularity-first output quotient,Plymouth,0.6368723442470305,23,83
popularity_200_reviewed_extended_selected_band_output_quotient,popularity-first output quotient,Birmingham,0.5807969510529902,24,83
popularity_200_reviewed_extended_selected_band_output_quotient,popularity-first output quotient,Edinburgh,0.5781820892960587,25,83
popularity_200_reviewed_extended_selected_band_output_quotient,popularity-first output quotient,Cardiff,0.573756034623168,26,83
popularity_200_reviewed_extended_selected_band_output_quotient,popularity-first output quotient,Ipswich,0.5533900170646712,27,83
popularity_200_reviewed_extended_selected_band_output_quotient,popularity-first output quotient,Bristol,0.5256657066308791,28,83
popularity_200_reviewed_extended_selected_band_output_quotient,popularity-first output quotient,Exeter,0.5180618402511443,29,83
popularity_200_reviewed_extended_selected_band_output_quotient,popularity-first output quotient,Derby,0.5161626185373104,30,83
popularity_200_reviewed_extended_selected_band_output_quotient,popularity-first output quotient,Middlesbrough,0.44886543109321103,31,83
popularity_200_reviewed_extended_selected_band_output_quotient,popularity-first output quotient,Newcastle,0.4413433147478347,32,83
popularity_200_reviewed_extended_selected_band_output_quotient,popularity-first output quotient,Leeds,0.43882814428631634,33,83
popularity_200_reviewed_extended_selected_band_output_quotient,popularity-first output quotient,Nottingham,0.28779375297688337,34,83
popularity_200_reviewed_extended_selected_band_output_quotient,popularity-first output quotient,Leicester,0.2783969326066026,35,83
popularity_200_reviewed_extended_selected_band_output_quotient,popularity-first output quotient,Aberdeen,0.0,36,83
popularity_200_reviewed_extended_selected_band_output_quotient,popularity-first output quotient,Ashford,0.0,36,83
popularity_200_reviewed_extended_selected_band_output_quotient,popularity-first output quotient,Basingstoke and Deane,0.0,36,83
popularity_200_reviewed_extended_selected_band_output_quotient,popularity-first output quotient,Bedford,0.0,36,83
popularity_200_reviewed_extended_selected_band_output_quotient,popularity-first output quotient,Blackburn with Darwen,0.0,36,83
popularity_200_reviewed_extended_selected_band_output_quotient,popularity-first output quotient,Blackpool,0.0,36,83
popularity_200_reviewed_extended_selected_band_output_quotient,popularity-first output quotient,Bournemouth,0.0,36,83
popularity_200_reviewed_extended_selected_band_output_quotient,popularity-first output quotient,Bracknell Forest,0.0,36,83
popularity_200_reviewed_extended_selected_band_output_quotient,popularity-first output quotient,Cheltenham,0.0,36,83
popularity_200_reviewed_extended_selected_band_output_quotient,popularity-first output quotient,Cheshire West and Chester,0.0,36,83
popularity_200_reviewed_extended_selected_band_output_quotient,popularity-first output quotient,Chesterfield,0.0,36,83
popularity_200_reviewed_extended_selected_band_output_quotient,popularity-first output quotient,Colchester,0.0,36,83
popularity_200_reviewed_extended_selected_band_output_quotient,popularity-first output quotient,Coventry,0.0,36,83
popularity_200_reviewed_extended_selected_band_output_quotient,popularity-first output quotient,Dacorum,0.0,36,83
popularity_200_reviewed_extended_selected_band_output_quotient,popularity-first output quotient,Darlington,0.0,36,83
popularity_200_reviewed_extended_selected_band_output_quotient,popularity-first output quotient,Derry & Strabane Local Government District,0.0,36,83
popularity_200_reviewed_extended_selected_band_output_quotient,popularity-first output quotient,Doncaster,0.0,36,83
popularity_200_reviewed_extended_selected_band_output_quotient,popularity-first output quotient,East Staffordshire,0.0,36,83
popularity_200_reviewed_extended_selected_band_output_quotient,popularity-first output quotient,Gloucester,0.0,36,83
popularity_200_reviewed_extended_selected_band_output_quotient,popularity-first output quotient,Great Yarmouth,0.0,36,83
popularity_200_reviewed_extended_selected_band_output_quotient,popularity-first output quotient,Halton,0.0,36,83
popularity_200_reviewed_extended_selected_band_output_quotient,popularity-first output quotient,Lincoln,0.0,36,83
popularity_200_reviewed_extended_selected_band_output_quotient,popularity-first output quotient,Luton,0.0,36,83
popularity_200_reviewed_extended_selected_band_output_quotient,popularity-first output quotient,Maidstone,0.0,36,83
popularity_200_reviewed_extended_selected_band_output_quotient,popularity-first output quotient,Mansfield,0.0,36,83
popularity_200_reviewed_extended_selected_band_output_quotient,popularity-first output quotient,Medway,0.0,36,83
popularity_200_reviewed_extended_selected_band_output_quotient,popularity-first output quotient,Milton Keynes,0.0,36,83
popularity_200_reviewed_extended_selected_band_output_quotient,popularity-first output quotient,Newport,0.0,36,83
popularity_200_reviewed_extended_selected_band_output_quotient,popularity-first output quotient,North East Lincolnshire,0.0,36,83
popularity_200_reviewed_extended_selected_band_output_quotient,popularity-first output quotient,Northampton,0.0,36,83
popularity_200_reviewed_extended_selected_band_output_quotient,popularity-first output quotient,Norwich,0.0,36,83
popularity_200_reviewed_extended_selected_band_output_quotient,popularity-first output quotient,Peterborough,0.0,36,83
popularity_200_reviewed_extended_selected_band_output_quotient,popularity-first output quotient,Portsmouth,0.0,36,83
popularity_200_reviewed_extended_selected_band_output_quotient,popularity-first output quotient,Preston,0.0,36,83
popularity_200_reviewed_extended_selected_band_output_quotient,popularity-first output quotient,Redditch,0.0,36,83
popularity_200_reviewed_extended_selected_band_output_quotient,popularity-first output quotient,Rushmoor,0.0,36,83
popularity_200_reviewed_extended_selected_band_output_quotient,popularity-first output quotient,Slough,0.0,36,83
popularity_200_reviewed_extended_selected_band_output_quotient,popularity-first output quotient,Southampton,0.0,36,83
popularity_200_reviewed_extended_selected_band_output_quotient,popularity-first output quotient,Stevenage,0.0,36,83
popularity_200_reviewed_extended_selected_band_output_quotient,popularity-first output quotient,Stoke-on-Trent,0.0,36,83
popularity_200_reviewed_extended_selected_band_output_quotient,popularity-first output quotient,Sunderland,0.0,36,83
popularity_200_reviewed_extended_selected_band_output_quotient,popularity-first output quotient,Swansea,0.0,36,83
popularity_200_reviewed_extended_selected_band_output_quotient,popularity-first output quotient,Swindon,0.0,36,83
popularity_200_reviewed_extended_selected_band_output_quotient,popularity-first output quotient,Telford and Wrekin,0.0,36,83
popularity_200_reviewed_extended_selected_band_output_quotient,popularity-first output quotient,Thanet,0.0,36,83
popularity_200_reviewed_extended_selected_band_output_quotient,popularity-first output quotient,Torbay,0.0,36,83
popularity_200_reviewed_extended_selected_band_output_quotient,popularity-first output quotient,Warrington,0.0,36,83
popularity_200_reviewed_extended_selected_band_output_quotient,popularity-first output quotient,Worcester,0.0,36,83
popularity_200_reviewed_extended_monthly_listener_output_quotient,popularity-first output quotient,Crawley,5.6258219610216935,1,83
popularity_200_reviewed_extended_monthly_listener_output_quotient,popularity-first output quotient,Bath and North East Somerset,3.963593370150846,2,83
popularity_200_reviewed_extended_monthly_listener_output_quotient,popularity-first output quotient,Oxford,3.521766308771144,3,83
popularity_200_reviewed_extended_monthly_listener_output_quotient,popularity-first output quotient,Hastings,3.3534376654259814,4,83
popularity_200_reviewed_extended_monthly_listener_output_quotient,popularity-first output quotient,Cambridge,2.6779686722978404,5,83
popularity_200_reviewed_extended_monthly_listener_output_quotient,popularity-first output quotient,Eastbourne,2.2876339336928697,6,83
popularity_200_reviewed_extended_monthly_listener_output_quotient,popularity-first output quotient,London,2.1866645113564687,7,83
popularity_200_reviewed_extended_monthly_listener_output_quotient,popularity-first output quotient,Sheffield,1.957375212366298,8,83
popularity_200_reviewed_extended_monthly_listener_output_quotient,popularity-first output quotient,Guildford,1.8224009941440829,9,83
popularity_200_reviewed_extended_monthly_listener_output_quotient,popularity-first output quotient,Dundee City,1.3546468405672634,10,83
popularity_200_reviewed_extended_monthly_listener_output_quotient,popularity-first output quotient,Manchester,1.2322362527242563,11,83
popularity_200_reviewed_extended_monthly_listener_output_quotient,popularity-first output quotient,Liverpool,1.178190921431901,12,83
popularity_200_reviewed_extended_monthly_listener_output_quotient,popularity-first output quotient,Exeter,1.087486664987328,13,83
popularity_200_reviewed_extended_monthly_listener_output_quotient,popularity-first output quotient,Falkirk,0.8649351836483068,14,83
popularity_200_reviewed_extended_monthly_listener_output_quotient,popularity-first output quotient,Worthing,0.6817402048354546,15,83
popularity_200_reviewed_extended_monthly_listener_output_quotient,popularity-first output quotient,Birmingham,0.6528698331919129,16,83
popularity_200_reviewed_extended_monthly_listener_output_quotient,popularity-first output quotient,Hull,0.6472708353851347,17,83
popularity_200_reviewed_extended_monthly_listener_output_quotient,popularity-first output quotient,Burnley,0.6380037266949486,18,83
popularity_200_reviewed_extended_monthly_listener_output_quotient,popularity-first output quotient,Brighton and Hove,0.5972982692732909,19,83
popularity_200_reviewed_extended_monthly_listener_output_quotient,popularity-first output quotient,Glasgow,0.5663634263525237,20,83
popularity_200_reviewed_extended_monthly_listener_output_quotient,popularity-first output quotient,Wrexham,0.5452297049637868,21,83
popularity_200_reviewed_extended_monthly_listener_output_quotient,popularity-first output quotient,Belfast,0.4303525953627897,22,83
popularity_200_reviewed_extended_monthly_listener_output_quotient,popularity-first output quotient,Bristol,0.38599725515191374,23,83
popularity_200_reviewed_extended_monthly_listener_output_quotient,popularity-first output quotient,Reading,0.33997823078741335,24,83
popularity_200_reviewed_extended_monthly_listener_output_quotient,popularity-first output quotient,Newcastle,0.3372273929163011,25,83
popularity_200_reviewed_extended_monthly_listener_output_quotient,popularity-first output quotient,York,0.33458279279369096,26,83
popularity_200_reviewed_extended_monthly_listener_output_quotient,popularity-first output quotient,Edinburgh,0.2884052515260509,27,83
popularity_200_reviewed_extended_monthly_listener_output_quotient,popularity-first output quotient,Middlesbrough,0.2811832700291214,28,83
popularity_200_reviewed_extended_monthly_listener_output_quotient,popularity-first output quotient,Cardiff,0.25794512607090336,29,83
popularity_200_reviewed_extended_monthly_listener_output_quotient,popularity-first output quotient,Plymouth,0.2535348521127079,30,83
popularity_200_reviewed_extended_monthly_listener_output_quotient,popularity-first output quotient,Leeds,0.19093969251103346,31,83
popularity_200_reviewed_extended_monthly_listener_output_quotient,popularity-first output quotient,Derby,0.14978716767585187,32,83
popularity_200_reviewed_extended_monthly_listener_output_quotient,popularity-first output quotient,Ipswich,0.13606835747573445,33,83
popularity_200_reviewed_extended_monthly_listener_output_quotient,popularity-first output quotient,Leicester,0.10182693453962625,34,83
popularity_200_reviewed_extended_monthly_listener_output_quotient,popularity-first output quotient,Nottingham,0.08169740593930976,35,83
popularity_200_reviewed_extended_monthly_listener_output_quotient,popularity-first output quotient,Aberdeen,0.0,36,83
popularity_200_reviewed_extended_monthly_listener_output_quotient,popularity-first output quotient,Ashford,0.0,36,83
popularity_200_reviewed_extended_monthly_listener_output_quotient,popularity-first output quotient,Basingstoke and Deane,0.0,36,83
popularity_200_reviewed_extended_monthly_listener_output_quotient,popularity-first output quotient,Bedford,0.0,36,83
popularity_200_reviewed_extended_monthly_listener_output_quotient,popularity-first output quotient,Blackburn with Darwen,0.0,36,83
popularity_200_reviewed_extended_monthly_listener_output_quotient,popularity-first output quotient,Blackpool,0.0,36,83
popularity_200_reviewed_extended_monthly_listener_output_quotient,popularity-first output quotient,Bournemouth,0.0,36,83
popularity_200_reviewed_extended_monthly_listener_output_quotient,popularity-first output quotient,Bracknell Forest,0.0,36,83
popularity_200_reviewed_extended_monthly_listener_output_quotient,popularity-first output quotient,Cheltenham,0.0,36,83
popularity_200_reviewed_extended_monthly_listener_output_quotient,popularity-first output quotient,Cheshire West and Chester,0.0,36,83
popularity_200_reviewed_extended_monthly_listener_output_quotient,popularity-first output quotient,Chesterfield,0.0,36,83
popularity_200_reviewed_extended_monthly_listener_output_quotient,popularity-first output quotient,Colchester,0.0,36,83
popularity_200_reviewed_extended_monthly_listener_output_quotient,popularity-first output quotient,Coventry,0.0,36,83
popularity_200_reviewed_extended_monthly_listener_output_quotient,popularity-first output quotient,Dacorum,0.0,36,83
popularity_200_reviewed_extended_monthly_listener_output_quotient,popularity-first output quotient,Darlington,0.0,36,83
popularity_200_reviewed_extended_monthly_listener_output_quotient,popularity-first output quotient,Derry & Strabane Local Government District,0.0,36,83
popularity_200_reviewed_extended_monthly_listener_output_quotient,popularity-first output quotient,Doncaster,0.0,36,83
popularity_200_reviewed_extended_monthly_listener_output_quotient,popularity-first output quotient,East Staffordshire,0.0,36,83
popularity_200_reviewed_extended_monthly_listener_output_quotient,popularity-first output quotient,Gloucester,0.0,36,83
popularity_200_reviewed_extended_monthly_listener_output_quotient,popularity-first output quotient,Great Yarmouth,0.0,36,83
popularity_200_reviewed_extended_monthly_listener_output_quotient,popularity-first output quotient,Halton,0.0,36,83
popularity_200_reviewed_extended_monthly_listener_output_quotient,popularity-first output quotient,Lincoln,0.0,36,83
popularity_200_reviewed_extended_monthly_listener_output_quotient,popularity-first output quotient,Luton,0.0,36,83
popularity_200_reviewed_extended_monthly_listener_output_quotient,popularity-first output quotient,Maidstone,0.0,36,83
popularity_200_reviewed_extended_monthly_listener_output_quotient,popularity-first output quotient,Mansfield,0.0,36,83
popularity_200_reviewed_extended_monthly_listener_output_quotient,popularity-first output quotient,Medway,0.0,36,83
popularity_200_reviewed_extended_monthly_listener_output_quotient,popularity-first output quotient,Milton Keynes,0.0,36,83
popularity_200_reviewed_extended_monthly_listener_output_quotient,popularity-first output quotient,Newport,0.0,36,83
popularity_200_reviewed_extended_monthly_listener_output_quotient,popularity-first output quotient,North East Lincolnshire,0.0,36,83
popularity_200_reviewed_extended_monthly_listener_output_quotient,popularity-first output quotient,Northampton,0.0,36,83
popularity_200_reviewed_extended_monthly_listener_output_quotient,popularity-first output quotient,Norwich,0.0,36,83
popularity_200_reviewed_extended_monthly_listener_output_quotient,popularity-first output quotient,Peterborough,0.0,36,83
popularity_200_reviewed_extended_monthly_listener_output_quotient,popularity-first output quotient,Portsmouth,0.0,36,83
popularity_200_reviewed_extended_monthly_listener_output_quotient,popularity-first output quotient,Preston,0.0,36,83
popularity_200_reviewed_extended_monthly_listener_output_quotient,popularity-first output quotient,Redditch,0.0,36,83
popularity_200_reviewed_extended_monthly_listener_output_quotient,popularity-first output quotient,Rushmoor,0.0,36,83
popularity_200_reviewed_extended_monthly_listener_output_quotient,popularity-first output quotient,Slough,0.0,36,83
popularity_200_reviewed_extended_monthly_listener_output_quotient,popularity-first output quotient,Southampton,0.0,36,83
popularity_200_reviewed_extended_monthly_listener_output_quotient,popularity-first output quotient,Stevenage,0.0,36,83
popularity_200_reviewed_extended_monthly_listener_output_quotient,popularity-first output quotient,Stoke-on-Trent,0.0,36,83
popularity_200_reviewed_extended_monthly_listener_output_quotient,popularity-first output quotient,Sunderland,0.0,36,83
popularity_200_reviewed_extended_monthly_listener_output_quotient,popularity-first output quotient,Swansea,0.0,36,83
popularity_200_reviewed_extended_monthly_listener_output_quotient,popularity-first output quotient,Swindon,0.0,36,83
popularity_200_reviewed_extended_monthly_listener_output_quotient,popularity-first output quotient,Telford and Wrekin,0.0,36,83
popularity_200_reviewed_extended_monthly_listener_output_quotient,popularity-first output quotient,Thanet,0.0,36,83
popularity_200_reviewed_extended_monthly_listener_output_quotient,popularity-first output quotient,Torbay,0.0,36,83
popularity_200_reviewed_extended_monthly_listener_output_quotient,popularity-first output quotient,Warrington,0.0,36,83
popularity_200_reviewed_extended_monthly_listener_output_quotient,popularity-first output quotient,Worcester,0.0,36,83
popularity_200_reviewed_extended_follower_output_quotient,popularity-first output quotient,Crawley,4.232264383498018,1,83
popularity_200_reviewed_extended_follower_output_quotient,popularity-first output quotient,Sheffield,2.949774759846874,2,83
popularity_200_reviewed_extended_follower_output_quotient,popularity-first output quotient,Oxford,2.7296163355975582,3,83
popularity_200_reviewed_extended_follower_output_quotient,popularity-first output quotient,London,2.4681972196711652,4,83
popularity_200_reviewed_extended_follower_output_quotient,popularity-first output quotient,Bath and North East Somerset,1.7958581598308,5,83
popularity_200_reviewed_extended_follower_output_quotient,popularity-first output quotient,Liverpool,1.671663393766724,6,83
popularity_200_reviewed_extended_follower_output_quotient,popularity-first output quotient,Hastings,1.5747857314317566,7,83
popularity_200_reviewed_extended_follower_output_quotient,popularity-first output quotient,Exeter,1.2052034229140562,8,83
popularity_200_reviewed_extended_follower_output_quotient,popularity-first output quotient,Guildford,1.1821722691049217,9,83
popularity_200_reviewed_extended_follower_output_quotient,popularity-first output quotient,Cambridge,1.0965466648417266,10,83
popularity_200_reviewed_extended_follower_output_quotient,popularity-first output quotient,Worthing,1.082433074189308,11,83
popularity_200_reviewed_extended_follower_output_quotient,popularity-first output quotient,Manchester,1.0179721626649372,12,83
popularity_200_reviewed_extended_follower_output_quotient,popularity-first output quotient,Wrexham,0.9339117986615351,13,83
popularity_200_reviewed_extended_follower_output_quotient,popularity-first output quotient,Dundee City,0.9172895805511158,14,83
popularity_200_reviewed_extended_follower_output_quotient,popularity-first output quotient,York,0.8469985566629075,15,83
popularity_200_reviewed_extended_follower_output_quotient,popularity-first output quotient,Falkirk,0.7370523377936549,16,83
popularity_200_reviewed_extended_follower_output_quotient,popularity-first output quotient,Brighton and Hove,0.6376404788677767,17,83
popularity_200_reviewed_extended_follower_output_quotient,popularity-first output quotient,Birmingham,0.6114489781018047,18,83
popularity_200_reviewed_extended_follower_output_quotient,popularity-first output quotient,Middlesbrough,0.4122128839294389,19,83
popularity_200_reviewed_extended_follower_output_quotient,popularity-first output quotient,Bristol,0.37470796786273924,20,83
popularity_200_reviewed_extended_follower_output_quotient,popularity-first output quotient,Glasgow,0.37386107308030925,21,83
popularity_200_reviewed_extended_follower_output_quotient,popularity-first output quotient,Reading,0.2953427444054167,22,83
popularity_200_reviewed_extended_follower_output_quotient,popularity-first output quotient,Belfast,0.28523244529159636,23,83
popularity_200_reviewed_extended_follower_output_quotient,popularity-first output quotient,Newcastle,0.1991845733466003,24,83
popularity_200_reviewed_extended_follower_output_quotient,popularity-first output quotient,Cardiff,0.19913943716875718,25,83
popularity_200_reviewed_extended_follower_output_quotient,popularity-first output quotient,Plymouth,0.1880652301632837,26,83
popularity_200_reviewed_extended_follower_output_quotient,popularity-first output quotient,Hull,0.1808067278142741,27,83
popularity_200_reviewed_extended_follower_output_quotient,popularity-first output quotient,Leeds,0.15977510436619424,28,83
popularity_200_reviewed_extended_follower_output_quotient,popularity-first output quotient,Leicester,0.13945126916604145,29,83
popularity_200_reviewed_extended_follower_output_quotient,popularity-first output quotient,Edinburgh,0.13817178019454782,30,83
popularity_200_reviewed_extended_follower_output_quotient,popularity-first output quotient,Nottingham,0.12682422728042025,31,83
popularity_200_reviewed_extended_follower_output_quotient,popularity-first output quotient,Eastbourne,0.09842590149911244,32,83
popularity_200_reviewed_extended_follower_output_quotient,popularity-first output quotient,Burnley,0.07942886928394487,33,83
popularity_200_reviewed_extended_follower_output_quotient,popularity-first output quotient,Ipswich,0.07345841969493802,34,83
popularity_200_reviewed_extended_follower_output_quotient,popularity-first output quotient,Derby,0.06284104204608817,35,83
popularity_200_reviewed_extended_follower_output_quotient,popularity-first output quotient,Aberdeen,0.0,36,83
popularity_200_reviewed_extended_follower_output_quotient,popularity-first output quotient,Ashford,0.0,36,83
popularity_200_reviewed_extended_follower_output_quotient,popularity-first output quotient,Basingstoke and Deane,0.0,36,83
popularity_200_reviewed_extended_follower_output_quotient,popularity-first output quotient,Bedford,0.0,36,83
popularity_200_reviewed_extended_follower_output_quotient,popularity-first output quotient,Blackburn with Darwen,0.0,36,83
popularity_200_reviewed_extended_follower_output_quotient,popularity-first output quotient,Blackpool,0.0,36,83
popularity_200_reviewed_extended_follower_output_quotient,popularity-first output quotient,Bournemouth,0.0,36,83
popularity_200_reviewed_extended_follower_output_quotient,popularity-first output quotient,Bracknell Forest,0.0,36,83
popularity_200_reviewed_extended_follower_output_quotient,popularity-first output quotient,Cheltenham,0.0,36,83
popularity_200_reviewed_extended_follower_output_quotient,popularity-first output quotient,Cheshire West and Chester,0.0,36,83
popularity_200_reviewed_extended_follower_output_quotient,popularity-first output quotient,Chesterfield,0.0,36,83
popularity_200_reviewed_extended_follower_output_quotient,popularity-first output quotient,Colchester,0.0,36,83
popularity_200_reviewed_extended_follower_output_quotient,popularity-first output quotient,Coventry,0.0,36,83
popularity_200_reviewed_extended_follower_output_quotient,popularity-first output quotient,Dacorum,0.0,36,83
popularity_200_reviewed_extended_follower_output_quotient,popularity-first output quotient,Darlington,0.0,36,83
popularity_200_reviewed_extended_follower_output_quotient,popularity-first output quotient,Derry & Strabane Local Government District,0.0,36,83
popularity_200_reviewed_extended_follower_output_quotient,popularity-first output quotient,Doncaster,0.0,36,83
popularity_200_reviewed_extended_follower_output_quotient,popularity-first output quotient,East Staffordshire,0.0,36,83
popularity_200_reviewed_extended_follower_output_quotient,popularity-first output quotient,Gloucester,0.0,36,83
popularity_200_reviewed_extended_follower_output_quotient,popularity-first output quotient,Great Yarmouth,0.0,36,83
popularity_200_reviewed_extended_follower_output_quotient,popularity-first output quotient,Halton,0.0,36,83
popularity_200_reviewed_extended_follower_output_quotient,popularity-first output quotient,Lincoln,0.0,36,83
popularity_200_reviewed_extended_follower_output_quotient,popularity-first output quotient,Luton,0.0,36,83
popularity_200_reviewed_extended_follower_output_quotient,popularity-first output quotient,Maidstone,0.0,36,83
popularity_200_reviewed_extended_follower_output_quotient,popularity-first output quotient,Mansfield,0.0,36,83
popularity_200_reviewed_extended_follower_output_quotient,popularity-first output quotient,Medway,0.0,36,83
popularity_200_reviewed_extended_follower_output_quotient,popularity-first output quotient,Milton Keynes,0.0,36,83
popularity_200_reviewed_extended_follower_output_quotient,popularity-first output quotient,Newport,0.0,36,83
popularity_200_reviewed_extended_follower_output_quotient,popularity-first output quotient,North East Lincolnshire,0.0,36,83
popularity_200_reviewed_extended_follower_output_quotient,popularity-first output quotient,Northampton,0.0,36,83
popularity_200_reviewed_extended_follower_output_quotient,popularity-first output quotient,Norwich,0.0,36,83
popularity_200_reviewed_extended_follower_output_quotient,popularity-first output quotient,Peterborough,0.0,36,83
popularity_200_reviewed_extended_follower_output_quotient,popularity-first output quotient,Portsmouth,0.0,36,83
popularity_200_reviewed_extended_follower_output_quotient,popularity-first output quotient,Preston,0.0,36,83
popularity_200_reviewed_extended_follower_output_quotient,popularity-first output quotient,Redditch,0.0,36,83
popularity_200_reviewed_extended_follower_output_quotient,popularity-first output quotient,Rushmoor,0.0,36,83
popularity_200_reviewed_extended_follower_output_quotient,popularity-first output quotient,Slough,0.0,36,83
popularity_200_reviewed_extended_follower_output_quotient,popularity-first output quotient,Southampton,0.0,36,83
popularity_200_reviewed_extended_follower_output_quotient,popularity-first output quotient,Stevenage,0.0,36,83
popularity_200_reviewed_extended_follower_output_quotient,popularity-first output quotient,Stoke-on-Trent,0.0,36,83
popularity_200_reviewed_extended_follower_output_quotient,popularity-first output quotient,Sunderland,0.0,36,83
popularity_200_reviewed_extended_follower_output_quotient,popularity-first output quotient,Swansea,0.0,36,83
popularity_200_reviewed_extended_follower_output_quotient,popularity-first output quotient,Swindon,0.0,36,83
popularity_200_reviewed_extended_follower_output_quotient,popularity-first output quotient,Telford and Wrekin,0.0,36,83
popularity_200_reviewed_extended_follower_output_quotient,popularity-first output quotient,Thanet,0.0,36,83
popularity_200_reviewed_extended_follower_output_quotient,popularity-first output quotient,Torbay,0.0,36,83
popularity_200_reviewed_extended_follower_output_quotient,popularity-first output quotient,Warrington,0.0,36,83
popularity_200_reviewed_extended_follower_output_quotient,popularity-first output quotient,Worcester,0.0,36,83
popularity_1000_strict_selected_band_output_quotient,popularity-first output quotient,Brighton and Hove,1.5531512850182434,1,83
popularity_1000_strict_selected_band_output_quotient,popularity-first output quotient,London,1.3148615214518693,2,83
popularity_1000_strict_selected_band_output_quotient,popularity-first output quotient,Liverpool,1.2482899828235483,3,83
popularity_1000_strict_selected_band_output_quotient,popularity-first output quotient,Guildford,1.132119001690922,4,83
popularity_1000_strict_selected_band_output_quotient,popularity-first output quotient,Dundee City,1.0181151157958366,5,83
popularity_1000_strict_selected_band_output_quotient,popularity-first output quotient,Sheffield,0.9739052323442058,6,83
popularity_1000_strict_selected_band_output_quotient,popularity-first output quotient,Worthing,0.9466737744366185,7,83
popularity_1000_strict_selected_band_output_quotient,popularity-first output quotient,Glasgow,0.8244431819140856,8,83
popularity_1000_strict_selected_band_output_quotient,popularity-first output quotient,Manchester,0.8093616046425355,9,83
popularity_1000_strict_selected_band_output_quotient,popularity-first output quotient,Bath and North East Somerset,0.8083415021896935,10,83
popularity_1000_strict_selected_band_output_quotient,popularity-first output quotient,York,0.7725282440122121,11,83
popularity_1000_strict_selected_band_output_quotient,popularity-first output quotient,Oxford,0.7106341083942592,12,83
popularity_1000_strict_selected_band_output_quotient,popularity-first output quotient,Cardiff,0.6885072415478016,13,83
popularity_1000_strict_selected_band_output_quotient,popularity-first output quotient,Falkirk,0.6736280214973129,14,83
popularity_1000_strict_selected_band_output_quotient,popularity-first output quotient,Cambridge,0.6496711443049937,15,83
popularity_1000_strict_selected_band_output_quotient,popularity-first output quotient,Edinburgh,0.6360002982256646,16,83
popularity_1000_strict_selected_band_output_quotient,popularity-first output quotient,Newport,0.6170985733804548,17,83
popularity_1000_strict_selected_band_output_quotient,popularity-first output quotient,Stevenage,0.5872793819600323,18,83
popularity_1000_strict_selected_band_output_quotient,popularity-first output quotient,Reading,0.582501579273021,19,83
popularity_1000_strict_selected_band_output_quotient,popularity-first output quotient,Hastings,0.575355245740638,20,83
popularity_1000_strict_selected_band_output_quotient,popularity-first output quotient,Great Yarmouth,0.5361336330810015,21,83
popularity_1000_strict_selected_band_output_quotient,popularity-first output quotient,Eastbourne,0.5169527618718768,22,83
popularity_1000_strict_selected_band_output_quotient,popularity-first output quotient,Mansfield,0.4763826300624017,23,83
popularity_1000_strict_selected_band_output_quotient,popularity-first output quotient,Leeds,0.45638127005776896,24,83
popularity_1000_strict_selected_band_output_quotient,popularity-first output quotient,Birmingham,0.44804336224087815,25,83
popularity_1000_strict_selected_band_output_quotient,popularity-first output quotient,Newcastle,0.4413433147478347,26,83
popularity_1000_strict_selected_band_output_quotient,popularity-first output quotient,Crawley,0.43462500806399584,27,83
popularity_1000_strict_selected_band_output_quotient,popularity-first output quotient,Hull,0.42688308767038663,28,83
popularity_1000_strict_selected_band_output_quotient,popularity-first output quotient,Bristol,0.4205325653047033,29,83
popularity_1000_strict_selected_band_output_quotient,popularity-first output quotient,Bracknell Forest,0.41203750592480465,30,83
popularity_1000_strict_selected_band_output_quotient,popularity-first output quotient,Coventry,0.41045704682823553,31,83
popularity_1000_strict_selected_band_output_quotient,popularity-first output quotient,Wrexham,0.3898656587941698,32,83
popularity_1000_strict_selected_band_output_quotient,popularity-first output quotient,Torbay,0.3846322452649758,33,83
popularity_1000_strict_selected_band_output_quotient,popularity-first output quotient,Sunderland,0.3734986660013998,34,83
popularity_1000_strict_selected_band_output_quotient,popularity-first output quotient,Northampton,0.36763731239100433,35,83
popularity_1000_strict_selected_band_output_quotient,popularity-first output quotient,Derry & Strabane Local Government District,0.35369416535965303,36,83
popularity_1000_strict_selected_band_output_quotient,popularity-first output quotient,Dacorum,0.33389281377772273,37,83
popularity_1000_strict_selected_band_output_quotient,popularity-first output quotient,Belfast,0.3296152886466546,38,83
popularity_1000_strict_selected_band_output_quotient,popularity-first output quotient,Southampton,0.30208177963608035,39,83
popularity_1000_strict_selected_band_output_quotient,popularity-first output quotient,Bedford,0.2764287809781717,40,83
popularity_1000_strict_selected_band_output_quotient,popularity-first output quotient,Burnley,0.2708254761067283,41,83
popularity_1000_strict_selected_band_output_quotient,popularity-first output quotient,Plymouth,0.2547489376988122,42,83
popularity_1000_strict_selected_band_output_quotient,popularity-first output quotient,Warrington,0.25022855179650033,43,83
popularity_1000_strict_selected_band_output_quotient,popularity-first output quotient,Cheltenham,0.2409471138371303,44,83
popularity_1000_strict_selected_band_output_quotient,popularity-first output quotient,Nottingham,0.2302350023815067,45,83
popularity_1000_strict_selected_band_output_quotient,popularity-first output quotient,Luton,0.22542547994479067,46,83
popularity_1000_strict_selected_band_output_quotient,popularity-first output quotient,Swindon,0.22100247257816505,47,83
popularity_1000_strict_selected_band_output_quotient,popularity-first output quotient,Stoke-on-Trent,0.21785226847856623,48,83
popularity_1000_strict_selected_band_output_quotient,popularity-first output quotient,Middlesbrough,0.1795461724372844,49,83
popularity_1000_strict_selected_band_output_quotient,popularity-first output quotient,Milton Keynes,0.17620071007309962,50,83
popularity_1000_strict_selected_band_output_quotient,popularity-first output quotient,Blackpool,0.15470699607613506,51,83
popularity_1000_strict_selected_band_output_quotient,popularity-first output quotient,Colchester,0.1509799625190136,52,83
popularity_1000_strict_selected_band_output_quotient,popularity-first output quotient,Swansea,0.13660263133216577,53,83
popularity_1000_strict_selected_band_output_quotient,popularity-first output quotient,Norwich,0.12424756389656676,54,83
popularity_1000_strict_selected_band_output_quotient,popularity-first output quotient,Leicester,0.11135877304264102,55,83
popularity_1000_strict_selected_band_output_quotient,popularity-first output quotient,Ipswich,0.11067800341293424,56,83
popularity_1000_strict_selected_band_output_quotient,popularity-first output quotient,Exeter,0.10361236805022887,57,83
popularity_1000_strict_selected_band_output_quotient,popularity-first output quotient,Derby,0.10323252370746208,58,83
popularity_1000_strict_selected_band_output_quotient,popularity-first output quotient,Cheshire West and Chester,0.1021706857952036,59,83
popularity_1000_strict_selected_band_output_quotient,popularity-first output quotient,Aberdeen,0.0,60,83
popularity_1000_strict_selected_band_output_quotient,popularity-first output quotient,Ashford,0.0,60,83
popularity_1000_strict_selected_band_output_quotient,popularity-first output quotient,Basingstoke and Deane,0.0,60,83
popularity_1000_strict_selected_band_output_quotient,popularity-first output quotient,Blackburn with Darwen,0.0,60,83
popularity_1000_strict_selected_band_output_quotient,popularity-first output quotient,Bournemouth,0.0,60,83
popularity_1000_strict_selected_band_output_quotient,popularity-first output quotient,Chesterfield,0.0,60,83
popularity_1000_strict_selected_band_output_quotient,popularity-first output quotient,Darlington,0.0,60,83
popularity_1000_strict_selected_band_output_quotient,popularity-first output quotient,Doncaster,0.0,60,83
popularity_1000_strict_selected_band_output_quotient,popularity-first output quotient,East Staffordshire,0.0,60,83
popularity_1000_strict_selected_band_output_quotient,popularity-first output quotient,Gloucester,0.0,60,83
popularity_1000_strict_selected_band_output_quotient,popularity-first output quotient,Halton,0.0,60,83
popularity_1000_strict_selected_band_output_quotient,popularity-first output quotient,Lincoln,0.0,60,83
popularity_1000_strict_selected_band_output_quotient,popularity-first output quotient,Maidstone,0.0,60,83
popularity_1000_strict_selected_band_output_quotient,popularity-first output quotient,Medway,0.0,60,83
popularity_1000_strict_selected_band_output_quotient,popularity-first output quotient,North East Lincolnshire,0.0,60,83
popularity_1000_strict_selected_band_output_quotient,popularity-first output quotient,Peterborough,0.0,60,83
popularity_1000_strict_selected_band_output_quotient,popularity-first output quotient,Portsmouth,0.0,60,83
popularity_1000_strict_selected_band_output_quotient,popularity-first output quotient,Preston,0.0,60,83
popularity_1000_strict_selected_band_output_quotient,popularity-first output quotient,Redditch,0.0,60,83
popularity_1000_strict_selected_band_output_quotient,popularity-first output quotient,Rushmoor,0.0,60,83
popularity_1000_strict_selected_band_output_quotient,popularity-first output quotient,Slough,0.0,60,83
popularity_1000_strict_selected_band_output_quotient,popularity-first output quotient,Telford and Wrekin,0.0,60,83
popularity_1000_strict_selected_band_output_quotient,popularity-first output quotient,Thanet,0.0,60,83
popularity_1000_strict_selected_band_output_quotient,popularity-first output quotient,Worcester,0.0,60,83
popularity_1000_strict_monthly_listener_output_quotient,popularity-first output quotient,Crawley,4.871562682865404,1,83
popularity_1000_strict_monthly_listener_output_quotient,popularity-first output quotient,Bath and North East Somerset,3.4321906533588447,2,83
popularity_1000_strict_monthly_listener_output_quotient,popularity-first output quotient,Oxford,3.0691133014191685,3,83
popularity_1000_strict_monthly_listener_output_quotient,popularity-first output quotient,Hastings,2.917499628585199,4,83
popularity_1000_strict_monthly_listener_output_quotient,popularity-first output quotient,Cambridge,2.34091003788752,5,83
popularity_1000_strict_monthly_listener_output_quotient,popularity-first output quotient,London,2.086605331694851,6,83
popularity_1000_strict_monthly_listener_output_quotient,popularity-first output quotient,Eastbourne,1.9809286857365942,7,83
popularity_1000_strict_monthly_listener_output_quotient,popularity-first output quotient,Sheffield,1.8563401997923936,8,83
popularity_1000_strict_monthly_listener_output_quotient,popularity-first output quotient,Guildford,1.7639913263595952,9,83
popularity_1000_strict_monthly_listener_output_quotient,popularity-first output quotient,Dundee City,1.290437697385603,10,83
popularity_1000_strict_monthly_listener_output_quotient,popularity-first output quotient,Liverpool,1.2367457962968071,11,83
popularity_1000_strict_monthly_listener_output_quotient,popularity-first output quotient,Manchester,1.1887812459728162,12,83
popularity_1000_strict_monthly_listener_output_quotient,popularity-first output quotient,Exeter,0.9416862979261263,13,83
popularity_1000_strict_monthly_listener_output_quotient,popularity-first output quotient,Falkirk,0.760663673052573,14,83
popularity_1000_strict_monthly_listener_output_quotient,popularity-first output quotient,Birmingham,0.6411306526532465,15,83
popularity_1000_strict_monthly_listener_output_quotient,popularity-first output quotient,Brighton and Hove,0.6373400604257885,16,83
popularity_1000_strict_monthly_listener_output_quotient,popularity-first output quotient,Glasgow,0.6177356595413525,17,83
popularity_1000_strict_monthly_listener_output_quotient,popularity-first output quotient,Worthing,0.6112344226117089,18,83
popularity_1000_strict_monthly_listener_output_quotient,popularity-first output quotient,Hull,0.6042549281574643,19,83
popularity_1000_strict_monthly_listener_output_quotient,popularity-first output quotient,Burnley,0.5524659628460262,20,83
popularity_1000_strict_monthly_listener_output_quotient,popularity-first output quotient,Wrexham,0.4721302420684719,21,83
popularity_1000_strict_monthly_listener_output_quotient,popularity-first output quotient,Belfast,0.4335651120378665,22,83
popularity_1000_strict_monthly_listener_output_quotient,popularity-first output quotient,Bristol,0.38911150590767657,23,83
popularity_1000_strict_monthly_listener_output_quotient,popularity-first output quotient,York,0.3456527956952234,24,83
popularity_1000_strict_monthly_listener_output_quotient,popularity-first output quotient,Reading,0.3312028413238063,25,83
popularity_1000_strict_monthly_listener_output_quotient,popularity-first output quotient,Newcastle,0.30993518496895334,26,83
popularity_1000_strict_monthly_listener_output_quotient,popularity-first output quotient,Middlesbrough,0.2985103292188034,27,83
popularity_1000_strict_monthly_listener_output_quotient,popularity-first output quotient,Cardiff,0.2860740721830011,28,83
popularity_1000_strict_monthly_listener_output_quotient,popularity-first output quotient,Edinburgh,0.24208146702250696,29,83
popularity_1000_strict_monthly_listener_output_quotient,popularity-first output quotient,Plymouth,0.22426973758418328,30,83
popularity_1000_strict_monthly_listener_output_quotient,popularity-first output quotient,Leeds,0.2094498541540921,31,83
popularity_1000_strict_monthly_listener_output_quotient,popularity-first output quotient,Newport,0.19979339051189154,32,83
popularity_1000_strict_monthly_listener_output_quotient,popularity-first output quotient,Luton,0.15025635893754566,33,83
popularity_1000_strict_monthly_listener_output_quotient,popularity-first output quotient,Nottingham,0.12999762443732452,34,83
popularity_1000_strict_monthly_listener_output_quotient,popularity-first output quotient,Derby,0.12970506025207812,35,83
popularity_1000_strict_monthly_listener_output_quotient,popularity-first output quotient,Ipswich,0.11782554392766388,36,83
popularity_1000_strict_monthly_listener_output_quotient,popularity-first output quotient,Leicester,0.11042589434759738,37,83
popularity_1000_strict_monthly_listener_output_quotient,popularity-first output quotient,Derry & Strabane Local Government District,0.08640430321179421,38,83
popularity_1000_strict_monthly_listener_output_quotient,popularity-first output quotient,Bracknell Forest,0.07834465143458864,39,83
popularity_1000_strict_monthly_listener_output_quotient,popularity-first output quotient,Dacorum,0.07450568999397647,40,83
popularity_1000_strict_monthly_listener_output_quotient,popularity-first output quotient,Bedford,0.07015325901428743,41,83
popularity_1000_strict_monthly_listener_output_quotient,popularity-first output quotient,Colchester,0.0681311773362888,42,83
popularity_1000_strict_monthly_listener_output_quotient,popularity-first output quotient,Swindon,0.06764269357936034,43,83
popularity_1000_strict_monthly_listener_output_quotient,popularity-first output quotient,Swansea,0.06687426164251242,44,83
popularity_1000_strict_monthly_listener_output_quotient,popularity-first output quotient,Southampton,0.06317351947458352,45,83
popularity_1000_strict_monthly_listener_output_quotient,popularity-first output quotient,Northampton,0.06303574218216944,46,83
popularity_1000_strict_monthly_listener_output_quotient,popularity-first output quotient,Coventry,0.061755192171099815,47,83
popularity_1000_strict_monthly_listener_output_quotient,popularity-first output quotient,Torbay,0.03326413534957463,48,83
popularity_1000_strict_monthly_listener_output_quotient,popularity-first output quotient,Great Yarmouth,0.027731766032474257,49,83
popularity_1000_strict_monthly_listener_output_quotient,popularity-first output quotient,Blackpool,0.027551412126360343,50,83
popularity_1000_strict_monthly_listener_output_quotient,popularity-first output quotient,Warrington,0.026686601891024793,51,83
popularity_1000_strict_monthly_listener_output_quotient,popularity-first output quotient,Sunderland,0.025193259841154454,52,83
popularity_1000_strict_monthly_listener_output_quotient,popularity-first output quotient,Stevenage,0.018707821576107782,53,83
popularity_1000_strict_monthly_listener_output_quotient,popularity-first output quotient,Mansfield,0.014030076109451412,54,83
popularity_1000_strict_monthly_listener_output_quotient,popularity-first output quotient,Milton Keynes,0.01188613572145258,55,83
popularity_1000_strict_monthly_listener_output_quotient,popularity-first output quotient,Stoke-on-Trent,0.006325833715806314,56,83
popularity_1000_strict_monthly_listener_output_quotient,popularity-first output quotient,Cheshire West and Chester,0.005925799167184716,57,83
popularity_1000_strict_monthly_listener_output_quotient,popularity-first output quotient,Norwich,0.004379463083102766,58,83
popularity_1000_strict_monthly_listener_output_quotient,popularity-first output quotient,Cheltenham,0.0036892626859934665,59,83
popularity_1000_strict_monthly_listener_output_quotient,popularity-first output quotient,Aberdeen,0.0,60,83
popularity_1000_strict_monthly_listener_output_quotient,popularity-first output quotient,Ashford,0.0,60,83
popularity_1000_strict_monthly_listener_output_quotient,popularity-first output quotient,Basingstoke and Deane,0.0,60,83
popularity_1000_strict_monthly_listener_output_quotient,popularity-first output quotient,Blackburn with Darwen,0.0,60,83
popularity_1000_strict_monthly_listener_output_quotient,popularity-first output quotient,Bournemouth,0.0,60,83
popularity_1000_strict_monthly_listener_output_quotient,popularity-first output quotient,Chesterfield,0.0,60,83
popularity_1000_strict_monthly_listener_output_quotient,popularity-first output quotient,Darlington,0.0,60,83
popularity_1000_strict_monthly_listener_output_quotient,popularity-first output quotient,Doncaster,0.0,60,83
popularity_1000_strict_monthly_listener_output_quotient,popularity-first output quotient,East Staffordshire,0.0,60,83
popularity_1000_strict_monthly_listener_output_quotient,popularity-first output quotient,Gloucester,0.0,60,83
popularity_1000_strict_monthly_listener_output_quotient,popularity-first output quotient,Halton,0.0,60,83
popularity_1000_strict_monthly_listener_output_quotient,popularity-first output quotient,Lincoln,0.0,60,83
popularity_1000_strict_monthly_listener_output_quotient,popularity-first output quotient,Maidstone,0.0,60,83
popularity_1000_strict_monthly_listener_output_quotient,popularity-first output quotient,Medway,0.0,60,83
popularity_1000_strict_monthly_listener_output_quotient,popularity-first output quotient,North East Lincolnshire,0.0,60,83
popularity_1000_strict_monthly_listener_output_quotient,popularity-first output quotient,Peterborough,0.0,60,83
popularity_1000_strict_monthly_listener_output_quotient,popularity-first output quotient,Portsmouth,0.0,60,83
popularity_1000_strict_monthly_listener_output_quotient,popularity-first output quotient,Preston,0.0,60,83
popularity_1000_strict_monthly_listener_output_quotient,popularity-first output quotient,Redditch,0.0,60,83
popularity_1000_strict_monthly_listener_output_quotient,popularity-first output quotient,Rushmoor,0.0,60,83
popularity_1000_strict_monthly_listener_output_quotient,popularity-first output quotient,Slough,0.0,60,83
popularity_1000_strict_monthly_listener_output_quotient,popularity-first output quotient,Telford and Wrekin,0.0,60,83
popularity_1000_strict_monthly_listener_output_quotient,popularity-first output quotient,Thanet,0.0,60,83
popularity_1000_strict_monthly_listener_output_quotient,popularity-first output quotient,Worcester,0.0,60,83
popularity_1000_strict_follower_output_quotient,popularity-first output quotient,Crawley,3.509690944118548,1,83
popularity_1000_strict_follower_output_quotient,popularity-first output quotient,Sheffield,2.670015946093452,2,83
popularity_1000_strict_follower_output_quotient,popularity-first output quotient,Oxford,2.315297094667931,3,83
popularity_1000_strict_follower_output_quotient,popularity-first output quotient,London,2.3131931392235465,4,83
popularity_1000_strict_follower_output_quotient,popularity-first output quotient,Liverpool,1.5990020308475055,5,83
popularity_1000_strict_follower_output_quotient,popularity-first output quotient,Bath and North East Somerset,1.4892517454852692,6,83
popularity_1000_strict_follower_output_quotient,popularity-first output quotient,Hastings,1.3143598833966972,7,83
popularity_1000_strict_follower_output_quotient,popularity-first output quotient,Guildford,1.2471946254940536,8,83
popularity_1000_strict_follower_output_quotient,popularity-first output quotient,Manchester,1.0066353643126569,9,83
popularity_1000_strict_follower_output_quotient,popularity-first output quotient,Exeter,0.9994393440340993,10,83
popularity_1000_strict_follower_output_quotient,popularity-first output quotient,Cambridge,0.9331954008778041,11,83
popularity_1000_strict_follower_output_quotient,popularity-first output quotient,Dundee City,0.9165420081842508,12,83
popularity_1000_strict_follower_output_quotient,popularity-first output quotient,Worthing,0.9138026333180025,13,83
popularity_1000_strict_follower_output_quotient,popularity-first output quotient,York,0.7883615578305219,14,83
popularity_1000_strict_follower_output_quotient,popularity-first output quotient,Wrexham,0.7744652709192902,15,83
popularity_1000_strict_follower_output_quotient,popularity-first output quotient,Brighton and Hove,0.6869412588548917,16,83
popularity_1000_strict_follower_output_quotient,popularity-first output quotient,Falkirk,0.6428051577273882,17,83
popularity_1000_strict_follower_output_quotient,popularity-first output quotient,Birmingham,0.6138877218199973,18,83
popularity_1000_strict_follower_output_quotient,popularity-first output quotient,Luton,0.49204482091811946,19,83
popularity_1000_strict_follower_output_quotient,popularity-first output quotient,Glasgow,0.4670360746976663,20,83
popularity_1000_strict_follower_output_quotient,popularity-first output quotient,Bristol,0.39479777110304975,21,83
popularity_1000_strict_follower_output_quotient,popularity-first output quotient,Middlesbrough,0.37496069279588673,22,83
popularity_1000_strict_follower_output_quotient,popularity-first output quotient,Reading,0.30838916403826133,23,83
popularity_1000_strict_follower_output_quotient,popularity-first output quotient,Belfast,0.3040387495151538,24,83
popularity_1000_strict_follower_output_quotient,popularity-first output quotient,Dacorum,0.2910767333160274,25,83
popularity_1000_strict_follower_output_quotient,popularity-first output quotient,Cardiff,0.26671805157873246,26,83
popularity_1000_strict_follower_output_quotient,popularity-first output quotient,Newcastle,0.22073689953076536,27,83
popularity_1000_strict_follower_output_quotient,popularity-first output quotient,Newport,0.21761315771404657,28,83
popularity_1000_strict_follower_output_quotient,popularity-first output quotient,Hull,0.21677485679202757,29,83
popularity_1000_strict_follower_output_quotient,popularity-first output quotient,Leeds,0.20542608730455028,30,83
popularity_1000_strict_follower_output_quotient,popularity-first output quotient,Northampton,0.19203248870015474,31,83
popularity_1000_strict_follower_output_quotient,popularity-first output quotient,Plymouth,0.15833362715000948,32,83
popularity_1000_strict_follower_output_quotient,popularity-first output quotient,Nottingham,0.15161956352295275,33,83
popularity_1000_strict_follower_output_quotient,popularity-first output quotient,Edinburgh,0.13616518656645102,34,83
popularity_1000_strict_follower_output_quotient,popularity-first output quotient,Leicester,0.12075354085995861,35,83
popularity_1000_strict_follower_output_quotient,popularity-first output quotient,Coventry,0.11663205399221684,36,83
popularity_1000_strict_follower_output_quotient,popularity-first output quotient,Derry & Strabane Local Government District,0.10480849405629677,37,83
popularity_1000_strict_follower_output_quotient,popularity-first output quotient,Torbay,0.09939464239657601,38,83
popularity_1000_strict_follower_output_quotient,popularity-first output quotient,Bracknell Forest,0.09744478782656227,39,83
popularity_1000_strict_follower_output_quotient,popularity-first output quotient,Stevenage,0.0951625396278576,40,83
popularity_1000_strict_follower_output_quotient,popularity-first output quotient,Swindon,0.09331711275445777,41,83
popularity_1000_strict_follower_output_quotient,popularity-first output quotient,Southampton,0.08709692064044354,42,83
popularity_1000_strict_follower_output_quotient,popularity-first output quotient,Bedford,0.08517230768050495,43,83
popularity_1000_strict_follower_output_quotient,popularity-first output quotient,Eastbourne,0.08162167196006434,44,83
popularity_1000_strict_follower_output_quotient,popularity-first output quotient,Swansea,0.06946361948137805,45,83
popularity_1000_strict_follower_output_quotient,popularity-first output quotient,Milton Keynes,0.06830337468476921,46,83
popularity_1000_strict_follower_output_quotient,popularity-first output quotient,Burnley,0.06586799830237207,47,83
popularity_1000_strict_follower_output_quotient,popularity-first output quotient,Ipswich,0.060916882078027285,48,83
popularity_1000_strict_follower_output_quotient,popularity-first output quotient,Derby,0.052112206658942034,49,83
popularity_1000_strict_follower_output_quotient,popularity-first output quotient,Great Yarmouth,0.04710715064450563,50,83
popularity_1000_strict_follower_output_quotient,popularity-first output quotient,Sunderland,0.043206559068596204,51,83
popularity_1000_strict_follower_output_quotient,popularity-first output quotient,Colchester,0.039529676391112545,52,83
popularity_1000_strict_follower_output_quotient,popularity-first output quotient,Warrington,0.03941499913968187,53,83
popularity_1000_strict_follower_output_quotient,popularity-first output quotient,Blackpool,0.032019038999184284,54,83
popularity_1000_strict_follower_output_quotient,popularity-first output quotient,Stoke-on-Trent,0.021910813656357254,55,83
popularity_1000_strict_follower_output_quotient,popularity-first output quotient,Norwich,0.015241692016245693,56,83
popularity_1000_strict_follower_output_quotient,popularity-first output quotient,Cheshire West and Chester,0.014379791374093048,57,83
popularity_1000_strict_follower_output_quotient,popularity-first output quotient,Mansfield,0.009457396086242397,58,83
popularity_1000_strict_follower_output_quotient,popularity-first output quotient,Cheltenham,0.005673398249045763,59,83
popularity_1000_strict_follower_output_quotient,popularity-first output quotient,Aberdeen,0.0,60,83
popularity_1000_strict_follower_output_quotient,popularity-first output quotient,Ashford,0.0,60,83
popularity_1000_strict_follower_output_quotient,popularity-first output quotient,Basingstoke and Deane,0.0,60,83
popularity_1000_strict_follower_output_quotient,popularity-first output quotient,Blackburn with Darwen,0.0,60,83
popularity_1000_strict_follower_output_quotient,popularity-first output quotient,Bournemouth,0.0,60,83
popularity_1000_strict_follower_output_quotient,popularity-first output quotient,Chesterfield,0.0,60,83
popularity_1000_strict_follower_output_quotient,popularity-first output quotient,Darlington,0.0,60,83
popularity_1000_strict_follower_output_quotient,popularity-first output quotient,Doncaster,0.0,60,83
popularity_1000_strict_follower_output_quotient,popularity-first output quotient,East Staffordshire,0.0,60,83
popularity_1000_strict_follower_output_quotient,popularity-first output quotient,Gloucester,0.0,60,83
popularity_1000_strict_follower_output_quotient,popularity-first output quotient,Halton,0.0,60,83
popularity_1000_strict_follower_output_quotient,popularity-first output quotient,Lincoln,0.0,60,83
popularity_1000_strict_follower_output_quotient,popularity-first output quotient,Maidstone,0.0,60,83
popularity_1000_strict_follower_output_quotient,popularity-first output quotient,Medway,0.0,60,83
popularity_1000_strict_follower_output_quotient,popularity-first output quotient,North East Lincolnshire,0.0,60,83
popularity_1000_strict_follower_output_quotient,popularity-first output quotient,Peterborough,0.0,60,83
popularity_1000_strict_follower_output_quotient,popularity-first output quotient,Portsmouth,0.0,60,83
popularity_1000_strict_follower_output_quotient,popularity-first output quotient,Preston,0.0,60,83
popularity_1000_strict_follower_output_quotient,popularity-first output quotient,Redditch,0.0,60,83
popularity_1000_strict_follower_output_quotient,popularity-first output quotient,Rushmoor,0.0,60,83
popularity_1000_strict_follower_output_quotient,popularity-first output quotient,Slough,0.0,60,83
popularity_1000_strict_follower_output_quotient,popularity-first output quotient,Telford and Wrekin,0.0,60,83
popularity_1000_strict_follower_output_quotient,popularity-first output quotient,Thanet,0.0,60,83
popularity_1000_strict_follower_output_quotient,popularity-first output quotient,Worcester,0.0,60,83
popularity_1000_reviewed_extended_selected_band_output_quotient,popularity-first output quotient,Brighton and Hove,1.5531512850182434,1,83
popularity_1000_reviewed_extended_selected_band_output_quotient,popularity-first output quotient,London,1.3148615214518693,2,83
popularity_1000_reviewed_extended_selected_band_output_quotient,popularity-first output quotient,Liverpool,1.2482899828235483,3,83
popularity_1000_reviewed_extended_selected_band_output_quotient,popularity-first output quotient,Guildford,1.132119001690922,4,83
popularity_1000_reviewed_extended_selected_band_output_quotient,popularity-first output quotient,Dundee City,1.0181151157958366,5,83
popularity_1000_reviewed_extended_selected_band_output_quotient,popularity-first output quotient,Sheffield,0.9739052323442058,6,83
popularity_1000_reviewed_extended_selected_band_output_quotient,popularity-first output quotient,Worthing,0.9466737744366185,7,83
popularity_1000_reviewed_extended_selected_band_output_quotient,popularity-first output quotient,Glasgow,0.8244431819140856,8,83
popularity_1000_reviewed_extended_selected_band_output_quotient,popularity-first output quotient,Edinburgh,0.8094549250144822,9,83
popularity_1000_reviewed_extended_selected_band_output_quotient,popularity-first output quotient,Manchester,0.8093616046425355,10,83
popularity_1000_reviewed_extended_selected_band_output_quotient,popularity-first output quotient,Bath and North East Somerset,0.8083415021896935,11,83
popularity_1000_reviewed_extended_selected_band_output_quotient,popularity-first output quotient,York,0.7725282440122121,12,83
popularity_1000_reviewed_extended_selected_band_output_quotient,popularity-first output quotient,Oxford,0.7106341083942592,13,83
popularity_1000_reviewed_extended_selected_band_output_quotient,popularity-first output quotient,Cardiff,0.6885072415478016,14,83
popularity_1000_reviewed_extended_selected_band_output_quotient,popularity-first output quotient,Falkirk,0.6736280214973129,15,83
popularity_1000_reviewed_extended_selected_band_output_quotient,popularity-first output quotient,Cambridge,0.6496711443049937,16,83
popularity_1000_reviewed_extended_selected_band_output_quotient,popularity-first output quotient,Newport,0.6170985733804548,17,83
popularity_1000_reviewed_extended_selected_band_output_quotient,popularity-first output quotient,Stevenage,0.5872793819600323,18,83
popularity_1000_reviewed_extended_selected_band_output_quotient,popularity-first output quotient,Reading,0.582501579273021,19,83
popularity_1000_reviewed_extended_selected_band_output_quotient,popularity-first output quotient,Hastings,0.575355245740638,20,83
popularity_1000_reviewed_extended_selected_band_output_quotient,popularity-first output quotient,Great Yarmouth,0.5361336330810015,21,83
popularity_1000_reviewed_extended_selected_band_output_quotient,popularity-first output quotient,Eastbourne,0.5169527618718768,22,83
popularity_1000_reviewed_extended_selected_band_output_quotient,popularity-first output quotient,Mansfield,0.4763826300624017,23,83
popularity_1000_reviewed_extended_selected_band_output_quotient,popularity-first output quotient,Leeds,0.45638127005776896,24,83
popularity_1000_reviewed_extended_selected_band_output_quotient,popularity-first output quotient,Birmingham,0.44804336224087815,25,83
popularity_1000_reviewed_extended_selected_band_output_quotient,popularity-first output quotient,Newcastle,0.4413433147478347,26,83
popularity_1000_reviewed_extended_selected_band_output_quotient,popularity-first output quotient,Crawley,0.43462500806399584,27,83
popularity_1000_reviewed_extended_selected_band_output_quotient,popularity-first output quotient,Hull,0.42688308767038663,28,83
popularity_1000_reviewed_extended_selected_band_output_quotient,popularity-first output quotient,Bristol,0.4205325653047033,29,83
popularity_1000_reviewed_extended_selected_band_output_quotient,popularity-first output quotient,Bracknell Forest,0.41203750592480465,30,83
popularity_1000_reviewed_extended_selected_band_output_quotient,popularity-first output quotient,Coventry,0.41045704682823553,31,83
popularity_1000_reviewed_extended_selected_band_output_quotient,popularity-first output quotient,Wrexham,0.3898656587941698,32,83
popularity_1000_reviewed_extended_selected_band_output_quotient,popularity-first output quotient,Torbay,0.3846322452649758,33,83
popularity_1000_reviewed_extended_selected_band_output_quotient,popularity-first output quotient,Sunderland,0.3734986660013998,34,83
popularity_1000_reviewed_extended_selected_band_output_quotient,popularity-first output quotient,Northampton,0.36763731239100433,35,83
popularity_1000_reviewed_extended_selected_band_output_quotient,popularity-first output quotient,Derry & Strabane Local Government District,0.35369416535965303,36,83
popularity_1000_reviewed_extended_selected_band_output_quotient,popularity-first output quotient,Dacorum,0.33389281377772273,37,83
popularity_1000_reviewed_extended_selected_band_output_quotient,popularity-first output quotient,Belfast,0.3296152886466546,38,83
popularity_1000_reviewed_extended_selected_band_output_quotient,popularity-first output quotient,Southampton,0.30208177963608035,39,83
popularity_1000_reviewed_extended_selected_band_output_quotient,popularity-first output quotient,Bedford,0.2764287809781717,40,83
popularity_1000_reviewed_extended_selected_band_output_quotient,popularity-first output quotient,Burnley,0.2708254761067283,41,83
popularity_1000_reviewed_extended_selected_band_output_quotient,popularity-first output quotient,Plymouth,0.2547489376988122,42,83
popularity_1000_reviewed_extended_selected_band_output_quotient,popularity-first output quotient,Warrington,0.25022855179650033,43,83
popularity_1000_reviewed_extended_selected_band_output_quotient,popularity-first output quotient,Cheltenham,0.2409471138371303,44,83
popularity_1000_reviewed_extended_selected_band_output_quotient,popularity-first output quotient,Nottingham,0.2302350023815067,45,83
popularity_1000_reviewed_extended_selected_band_output_quotient,popularity-first output quotient,Luton,0.22542547994479067,46,83
popularity_1000_reviewed_extended_selected_band_output_quotient,popularity-first output quotient,Swindon,0.22100247257816505,47,83
popularity_1000_reviewed_extended_selected_band_output_quotient,popularity-first output quotient,Stoke-on-Trent,0.21785226847856623,48,83
popularity_1000_reviewed_extended_selected_band_output_quotient,popularity-first output quotient,Middlesbrough,0.1795461724372844,49,83
popularity_1000_reviewed_extended_selected_band_output_quotient,popularity-first output quotient,Milton Keynes,0.17620071007309962,50,83
popularity_1000_reviewed_extended_selected_band_output_quotient,popularity-first output quotient,Blackpool,0.15470699607613506,51,83
popularity_1000_reviewed_extended_selected_band_output_quotient,popularity-first output quotient,Colchester,0.1509799625190136,52,83
popularity_1000_reviewed_extended_selected_band_output_quotient,popularity-first output quotient,Swansea,0.13660263133216577,53,83
popularity_1000_reviewed_extended_selected_band_output_quotient,popularity-first output quotient,Norwich,0.12424756389656676,54,83
popularity_1000_reviewed_extended_selected_band_output_quotient,popularity-first output quotient,Leicester,0.11135877304264102,55,83
popularity_1000_reviewed_extended_selected_band_output_quotient,popularity-first output quotient,Ipswich,0.11067800341293424,56,83
popularity_1000_reviewed_extended_selected_band_output_quotient,popularity-first output quotient,Exeter,0.10361236805022887,57,83
popularity_1000_reviewed_extended_selected_band_output_quotient,popularity-first output quotient,Derby,0.10323252370746208,58,83
popularity_1000_reviewed_extended_selected_band_output_quotient,popularity-first output quotient,Cheshire West and Chester,0.1021706857952036,59,83
popularity_1000_reviewed_extended_selected_band_output_quotient,popularity-first output quotient,Aberdeen,0.0,60,83
popularity_1000_reviewed_extended_selected_band_output_quotient,popularity-first output quotient,Ashford,0.0,60,83
popularity_1000_reviewed_extended_selected_band_output_quotient,popularity-first output quotient,Basingstoke and Deane,0.0,60,83
popularity_1000_reviewed_extended_selected_band_output_quotient,popularity-first output quotient,Blackburn with Darwen,0.0,60,83
popularity_1000_reviewed_extended_selected_band_output_quotient,popularity-first output quotient,Bournemouth,0.0,60,83
popularity_1000_reviewed_extended_selected_band_output_quotient,popularity-first output quotient,Chesterfield,0.0,60,83
popularity_1000_reviewed_extended_selected_band_output_quotient,popularity-first output quotient,Darlington,0.0,60,83
popularity_1000_reviewed_extended_selected_band_output_quotient,popularity-first output quotient,Doncaster,0.0,60,83
popularity_1000_reviewed_extended_selected_band_output_quotient,popularity-first output quotient,East Staffordshire,0.0,60,83
popularity_1000_reviewed_extended_selected_band_output_quotient,popularity-first output quotient,Gloucester,0.0,60,83
popularity_1000_reviewed_extended_selected_band_output_quotient,popularity-first output quotient,Halton,0.0,60,83
popularity_1000_reviewed_extended_selected_band_output_quotient,popularity-first output quotient,Lincoln,0.0,60,83
popularity_1000_reviewed_extended_selected_band_output_quotient,popularity-first output quotient,Maidstone,0.0,60,83
popularity_1000_reviewed_extended_selected_band_output_quotient,popularity-first output quotient,Medway,0.0,60,83
popularity_1000_reviewed_extended_selected_band_output_quotient,popularity-first output quotient,North East Lincolnshire,0.0,60,83
popularity_1000_reviewed_extended_selected_band_output_quotient,popularity-first output quotient,Peterborough,0.0,60,83
popularity_1000_reviewed_extended_selected_band_output_quotient,popularity-first output quotient,Portsmouth,0.0,60,83
popularity_1000_reviewed_extended_selected_band_output_quotient,popularity-first output quotient,Preston,0.0,60,83
popularity_1000_reviewed_extended_selected_band_output_quotient,popularity-first output quotient,Redditch,0.0,60,83
popularity_1000_reviewed_extended_selected_band_output_quotient,popularity-first output quotient,Rushmoor,0.0,60,83
popularity_1000_reviewed_extended_selected_band_output_quotient,popularity-first output quotient,Slough,0.0,60,83
popularity_1000_reviewed_extended_selected_band_output_quotient,popularity-first output quotient,Telford and Wrekin,0.0,60,83
popularity_1000_reviewed_extended_selected_band_output_quotient,popularity-first output quotient,Thanet,0.0,60,83
popularity_1000_reviewed_extended_selected_band_output_quotient,popularity-first output quotient,Worcester,0.0,60,83
popularity_1000_reviewed_extended_monthly_listener_output_quotient,popularity-first output quotient,Crawley,4.871562682865404,1,83
popularity_1000_reviewed_extended_monthly_listener_output_quotient,popularity-first output quotient,Bath and North East Somerset,3.4321906533588447,2,83
popularity_1000_reviewed_extended_monthly_listener_output_quotient,popularity-first output quotient,Oxford,3.0691133014191685,3,83
popularity_1000_reviewed_extended_monthly_listener_output_quotient,popularity-first output quotient,Hastings,2.917499628585199,4,83
popularity_1000_reviewed_extended_monthly_listener_output_quotient,popularity-first output quotient,Cambridge,2.34091003788752,5,83
popularity_1000_reviewed_extended_monthly_listener_output_quotient,popularity-first output quotient,London,2.086605331694851,6,83
popularity_1000_reviewed_extended_monthly_listener_output_quotient,popularity-first output quotient,Eastbourne,1.9809286857365942,7,83
popularity_1000_reviewed_extended_monthly_listener_output_quotient,popularity-first output quotient,Sheffield,1.8563401997923936,8,83
popularity_1000_reviewed_extended_monthly_listener_output_quotient,popularity-first output quotient,Guildford,1.7639913263595952,9,83
popularity_1000_reviewed_extended_monthly_listener_output_quotient,popularity-first output quotient,Dundee City,1.290437697385603,10,83
popularity_1000_reviewed_extended_monthly_listener_output_quotient,popularity-first output quotient,Liverpool,1.2367457962968071,11,83
popularity_1000_reviewed_extended_monthly_listener_output_quotient,popularity-first output quotient,Manchester,1.1887812459728162,12,83
popularity_1000_reviewed_extended_monthly_listener_output_quotient,popularity-first output quotient,Exeter,0.9416862979261263,13,83
popularity_1000_reviewed_extended_monthly_listener_output_quotient,popularity-first output quotient,Falkirk,0.760663673052573,14,83
popularity_1000_reviewed_extended_monthly_listener_output_quotient,popularity-first output quotient,Birmingham,0.6411306526532465,15,83
popularity_1000_reviewed_extended_monthly_listener_output_quotient,popularity-first output quotient,Brighton and Hove,0.6373400604257885,16,83
popularity_1000_reviewed_extended_monthly_listener_output_quotient,popularity-first output quotient,Glasgow,0.6177356595413525,17,83
popularity_1000_reviewed_extended_monthly_listener_output_quotient,popularity-first output quotient,Worthing,0.6112344226117089,18,83
popularity_1000_reviewed_extended_monthly_listener_output_quotient,popularity-first output quotient,Hull,0.6042549281574643,19,83
popularity_1000_reviewed_extended_monthly_listener_output_quotient,popularity-first output quotient,Burnley,0.5524659628460262,20,83
popularity_1000_reviewed_extended_monthly_listener_output_quotient,popularity-first output quotient,Wrexham,0.4721302420684719,21,83
popularity_1000_reviewed_extended_monthly_listener_output_quotient,popularity-first output quotient,Belfast,0.4335651120378665,22,83
popularity_1000_reviewed_extended_monthly_listener_output_quotient,popularity-first output quotient,Bristol,0.38911150590767657,23,83
popularity_1000_reviewed_extended_monthly_listener_output_quotient,popularity-first output quotient,Edinburgh,0.3697361346894979,24,83
popularity_1000_reviewed_extended_monthly_listener_output_quotient,popularity-first output quotient,York,0.3456527956952234,25,83
popularity_1000_reviewed_extended_monthly_listener_output_quotient,popularity-first output quotient,Reading,0.3312028413238063,26,83
popularity_1000_reviewed_extended_monthly_listener_output_quotient,popularity-first output quotient,Newcastle,0.30993518496895334,27,83
popularity_1000_reviewed_extended_monthly_listener_output_quotient,popularity-first output quotient,Middlesbrough,0.2985103292188034,28,83
popularity_1000_reviewed_extended_monthly_listener_output_quotient,popularity-first output quotient,Cardiff,0.2860740721830011,29,83
popularity_1000_reviewed_extended_monthly_listener_output_quotient,popularity-first output quotient,Plymouth,0.22426973758418328,30,83
popularity_1000_reviewed_extended_monthly_listener_output_quotient,popularity-first output quotient,Leeds,0.2094498541540921,31,83
popularity_1000_reviewed_extended_monthly_listener_output_quotient,popularity-first output quotient,Newport,0.19979339051189154,32,83
popularity_1000_reviewed_extended_monthly_listener_output_quotient,popularity-first output quotient,Luton,0.15025635893754566,33,83
popularity_1000_reviewed_extended_monthly_listener_output_quotient,popularity-first output quotient,Nottingham,0.12999762443732452,34,83
popularity_1000_reviewed_extended_monthly_listener_output_quotient,popularity-first output quotient,Derby,0.12970506025207812,35,83
popularity_1000_reviewed_extended_monthly_listener_output_quotient,popularity-first output quotient,Ipswich,0.11782554392766388,36,83
popularity_1000_reviewed_extended_monthly_listener_output_quotient,popularity-first output quotient,Leicester,0.11042589434759738,37,83
popularity_1000_reviewed_extended_monthly_listener_output_quotient,popularity-first output quotient,Derry & Strabane Local Government District,0.08640430321179421,38,83
popularity_1000_reviewed_extended_monthly_listener_output_quotient,popularity-first output quotient,Bracknell Forest,0.07834465143458864,39,83
popularity_1000_reviewed_extended_monthly_listener_output_quotient,popularity-first output quotient,Dacorum,0.07450568999397647,40,83
popularity_1000_reviewed_extended_monthly_listener_output_quotient,popularity-first output quotient,Bedford,0.07015325901428743,41,83
popularity_1000_reviewed_extended_monthly_listener_output_quotient,popularity-first output quotient,Colchester,0.0681311773362888,42,83
popularity_1000_reviewed_extended_monthly_listener_output_quotient,popularity-first output quotient,Swindon,0.06764269357936034,43,83
popularity_1000_reviewed_extended_monthly_listener_output_quotient,popularity-first output quotient,Swansea,0.06687426164251242,44,83
popularity_1000_reviewed_extended_monthly_listener_output_quotient,popularity-first output quotient,Southampton,0.06317351947458352,45,83
popularity_1000_reviewed_extended_monthly_listener_output_quotient,popularity-first output quotient,Northampton,0.06303574218216944,46,83
popularity_1000_reviewed_extended_monthly_listener_output_quotient,popularity-first output quotient,Coventry,0.061755192171099815,47,83
popularity_1000_reviewed_extended_monthly_listener_output_quotient,popularity-first output quotient,Torbay,0.03326413534957463,48,83
popularity_1000_reviewed_extended_monthly_listener_output_quotient,popularity-first output quotient,Great Yarmouth,0.027731766032474257,49,83
popularity_1000_reviewed_extended_monthly_listener_output_quotient,popularity-first output quotient,Blackpool,0.027551412126360343,50,83
popularity_1000_reviewed_extended_monthly_listener_output_quotient,popularity-first output quotient,Warrington,0.026686601891024793,51,83
popularity_1000_reviewed_extended_monthly_listener_output_quotient,popularity-first output quotient,Sunderland,0.025193259841154454,52,83
popularity_1000_reviewed_extended_monthly_listener_output_quotient,popularity-first output quotient,Stevenage,0.018707821576107782,53,83
popularity_1000_reviewed_extended_monthly_listener_output_quotient,popularity-first output quotient,Mansfield,0.014030076109451412,54,83
popularity_1000_reviewed_extended_monthly_listener_output_quotient,popularity-first output quotient,Milton Keynes,0.01188613572145258,55,83
popularity_1000_reviewed_extended_monthly_listener_output_quotient,popularity-first output quotient,Stoke-on-Trent,0.006325833715806314,56,83
popularity_1000_reviewed_extended_monthly_listener_output_quotient,popularity-first output quotient,Cheshire West and Chester,0.005925799167184716,57,83
popularity_1000_reviewed_extended_monthly_listener_output_quotient,popularity-first output quotient,Norwich,0.004379463083102766,58,83
popularity_1000_reviewed_extended_monthly_listener_output_quotient,popularity-first output quotient,Cheltenham,0.0036892626859934665,59,83
popularity_1000_reviewed_extended_monthly_listener_output_quotient,popularity-first output quotient,Aberdeen,0.0,60,83
popularity_1000_reviewed_extended_monthly_listener_output_quotient,popularity-first output quotient,Ashford,0.0,60,83
popularity_1000_reviewed_extended_monthly_listener_output_quotient,popularity-first output quotient,Basingstoke and Deane,0.0,60,83
popularity_1000_reviewed_extended_monthly_listener_output_quotient,popularity-first output quotient,Blackburn with Darwen,0.0,60,83
popularity_1000_reviewed_extended_monthly_listener_output_quotient,popularity-first output quotient,Bournemouth,0.0,60,83
popularity_1000_reviewed_extended_monthly_listener_output_quotient,popularity-first output quotient,Chesterfield,0.0,60,83
popularity_1000_reviewed_extended_monthly_listener_output_quotient,popularity-first output quotient,Darlington,0.0,60,83
popularity_1000_reviewed_extended_monthly_listener_output_quotient,popularity-first output quotient,Doncaster,0.0,60,83
popularity_1000_reviewed_extended_monthly_listener_output_quotient,popularity-first output quotient,East Staffordshire,0.0,60,83
popularity_1000_reviewed_extended_monthly_listener_output_quotient,popularity-first output quotient,Gloucester,0.0,60,83
popularity_1000_reviewed_extended_monthly_listener_output_quotient,popularity-first output quotient,Halton,0.0,60,83
popularity_1000_reviewed_extended_monthly_listener_output_quotient,popularity-first output quotient,Lincoln,0.0,60,83
popularity_1000_reviewed_extended_monthly_listener_output_quotient,popularity-first output quotient,Maidstone,0.0,60,83
popularity_1000_reviewed_extended_monthly_listener_output_quotient,popularity-first output quotient,Medway,0.0,60,83
popularity_1000_reviewed_extended_monthly_listener_output_quotient,popularity-first output quotient,North East Lincolnshire,0.0,60,83
popularity_1000_reviewed_extended_monthly_listener_output_quotient,popularity-first output quotient,Peterborough,0.0,60,83
popularity_1000_reviewed_extended_monthly_listener_output_quotient,popularity-first output quotient,Portsmouth,0.0,60,83
popularity_1000_reviewed_extended_monthly_listener_output_quotient,popularity-first output quotient,Preston,0.0,60,83
popularity_1000_reviewed_extended_monthly_listener_output_quotient,popularity-first output quotient,Redditch,0.0,60,83
popularity_1000_reviewed_extended_monthly_listener_output_quotient,popularity-first output quotient,Rushmoor,0.0,60,83
popularity_1000_reviewed_extended_monthly_listener_output_quotient,popularity-first output quotient,Slough,0.0,60,83
popularity_1000_reviewed_extended_monthly_listener_output_quotient,popularity-first output quotient,Telford and Wrekin,0.0,60,83
popularity_1000_reviewed_extended_monthly_listener_output_quotient,popularity-first output quotient,Thanet,0.0,60,83
popularity_1000_reviewed_extended_monthly_listener_output_quotient,popularity-first output quotient,Worcester,0.0,60,83
popularity_1000_reviewed_extended_follower_output_quotient,popularity-first output quotient,Crawley,3.509690944118548,1,83
popularity_1000_reviewed_extended_follower_output_quotient,popularity-first output quotient,Sheffield,2.670015946093452,2,83
popularity_1000_reviewed_extended_follower_output_quotient,popularity-first output quotient,Oxford,2.315297094667931,3,83
popularity_1000_reviewed_extended_follower_output_quotient,popularity-first output quotient,London,2.3131931392235465,4,83
popularity_1000_reviewed_extended_follower_output_quotient,popularity-first output quotient,Liverpool,1.5990020308475055,5,83
popularity_1000_reviewed_extended_follower_output_quotient,popularity-first output quotient,Bath and North East Somerset,1.4892517454852692,6,83
popularity_1000_reviewed_extended_follower_output_quotient,popularity-first output quotient,Hastings,1.3143598833966972,7,83
popularity_1000_reviewed_extended_follower_output_quotient,popularity-first output quotient,Guildford,1.2471946254940536,8,83
popularity_1000_reviewed_extended_follower_output_quotient,popularity-first output quotient,Manchester,1.0066353643126569,9,83
popularity_1000_reviewed_extended_follower_output_quotient,popularity-first output quotient,Exeter,0.9994393440340993,10,83
popularity_1000_reviewed_extended_follower_output_quotient,popularity-first output quotient,Cambridge,0.9331954008778041,11,83
popularity_1000_reviewed_extended_follower_output_quotient,popularity-first output quotient,Dundee City,0.9165420081842508,12,83
popularity_1000_reviewed_extended_follower_output_quotient,popularity-first output quotient,Worthing,0.9138026333180025,13,83
popularity_1000_reviewed_extended_follower_output_quotient,popularity-first output quotient,York,0.7883615578305219,14,83
popularity_1000_reviewed_extended_follower_output_quotient,popularity-first output quotient,Wrexham,0.7744652709192902,15,83
popularity_1000_reviewed_extended_follower_output_quotient,popularity-first output quotient,Brighton and Hove,0.6869412588548917,16,83
popularity_1000_reviewed_extended_follower_output_quotient,popularity-first output quotient,Falkirk,0.6428051577273882,17,83
popularity_1000_reviewed_extended_follower_output_quotient,popularity-first output quotient,Birmingham,0.6138877218199973,18,83
popularity_1000_reviewed_extended_follower_output_quotient,popularity-first output quotient,Luton,0.49204482091811946,19,83
popularity_1000_reviewed_extended_follower_output_quotient,popularity-first output quotient,Glasgow,0.4670360746976663,20,83
popularity_1000_reviewed_extended_follower_output_quotient,popularity-first output quotient,Bristol,0.39479777110304975,21,83
popularity_1000_reviewed_extended_follower_output_quotient,popularity-first output quotient,Middlesbrough,0.37496069279588673,22,83
popularity_1000_reviewed_extended_follower_output_quotient,popularity-first output quotient,Reading,0.30838916403826133,23,83
popularity_1000_reviewed_extended_follower_output_quotient,popularity-first output quotient,Belfast,0.3040387495151538,24,83
popularity_1000_reviewed_extended_follower_output_quotient,popularity-first output quotient,Dacorum,0.2910767333160274,25,83
popularity_1000_reviewed_extended_follower_output_quotient,popularity-first output quotient,Cardiff,0.26671805157873246,26,83
popularity_1000_reviewed_extended_follower_output_quotient,popularity-first output quotient,Edinburgh,0.26394852553808323,27,83
popularity_1000_reviewed_extended_follower_output_quotient,popularity-first output quotient,Newcastle,0.22073689953076536,28,83
popularity_1000_reviewed_extended_follower_output_quotient,popularity-first output quotient,Newport,0.21761315771404657,29,83
popularity_1000_reviewed_extended_follower_output_quotient,popularity-first output quotient,Hull,0.21677485679202757,30,83
popularity_1000_reviewed_extended_follower_output_quotient,popularity-first output quotient,Leeds,0.20542608730455028,31,83
popularity_1000_reviewed_extended_follower_output_quotient,popularity-first output quotient,Northampton,0.19203248870015474,32,83
popularity_1000_reviewed_extended_follower_output_quotient,popularity-first output quotient,Plymouth,0.15833362715000948,33,83
popularity_1000_reviewed_extended_follower_output_quotient,popularity-first output quotient,Nottingham,0.15161956352295275,34,83
popularity_1000_reviewed_extended_follower_output_quotient,popularity-first output quotient,Leicester,0.12075354085995861,35,83
popularity_1000_reviewed_extended_follower_output_quotient,popularity-first output quotient,Coventry,0.11663205399221684,36,83
popularity_1000_reviewed_extended_follower_output_quotient,popularity-first output quotient,Derry & Strabane Local Government District,0.10480849405629677,37,83
popularity_1000_reviewed_extended_follower_output_quotient,popularity-first output quotient,Torbay,0.09939464239657601,38,83
popularity_1000_reviewed_extended_follower_output_quotient,popularity-first output quotient,Bracknell Forest,0.09744478782656227,39,83
popularity_1000_reviewed_extended_follower_output_quotient,popularity-first output quotient,Stevenage,0.0951625396278576,40,83
popularity_1000_reviewed_extended_follower_output_quotient,popularity-first output quotient,Swindon,0.09331711275445777,41,83
popularity_1000_reviewed_extended_follower_output_quotient,popularity-first output quotient,Southampton,0.08709692064044354,42,83
popularity_1000_reviewed_extended_follower_output_quotient,popularity-first output quotient,Bedford,0.08517230768050495,43,83
popularity_1000_reviewed_extended_follower_output_quotient,popularity-first output quotient,Eastbourne,0.08162167196006434,44,83
popularity_1000_reviewed_extended_follower_output_quotient,popularity-first output quotient,Swansea,0.06946361948137805,45,83
popularity_1000_reviewed_extended_follower_output_quotient,popularity-first output quotient,Milton Keynes,0.06830337468476921,46,83
popularity_1000_reviewed_extended_follower_output_quotient,popularity-first output quotient,Burnley,0.06586799830237207,47,83
popularity_1000_reviewed_extended_follower_output_quotient,popularity-first output quotient,Ipswich,0.060916882078027285,48,83
popularity_1000_reviewed_extended_follower_output_quotient,popularity-first output quotient,Derby,0.052112206658942034,49,83
popularity_1000_reviewed_extended_follower_output_quotient,popularity-first output quotient,Great Yarmouth,0.04710715064450563,50,83
popularity_1000_reviewed_extended_follower_output_quotient,popularity-first output quotient,Sunderland,0.043206559068596204,51,83
popularity_1000_reviewed_extended_follower_output_quotient,popularity-first output quotient,Colchester,0.039529676391112545,52,83
popularity_1000_reviewed_extended_follower_output_quotient,popularity-first output quotient,Warrington,0.03941499913968187,53,83
popularity_1000_reviewed_extended_follower_output_quotient,popularity-first output quotient,Blackpool,0.032019038999184284,54,83
popularity_1000_reviewed_extended_follower_output_quotient,popularity-first output quotient,Stoke-on-Trent,0.021910813656357254,55,83
popularity_1000_reviewed_extended_follower_output_quotient,popularity-first output quotient,Norwich,0.015241692016245693,56,83
popularity_1000_reviewed_extended_follower_output_quotient,popularity-first output quotient,Cheshire West and Chester,0.014379791374093048,57,83
popularity_1000_reviewed_extended_follower_output_quotient,popularity-first output quotient,Mansfield,0.009457396086242397,58,83
popularity_1000_reviewed_extended_follower_output_quotient,popularity-first output quotient,Cheltenham,0.005673398249045763,59,83
popularity_1000_reviewed_extended_follower_output_quotient,popularity-first output quotient,Aberdeen,0.0,60,83
popularity_1000_reviewed_extended_follower_output_quotient,popularity-first output quotient,Ashford,0.0,60,83
popularity_1000_reviewed_extended_follower_output_quotient,popularity-first output quotient,Basingstoke and Deane,0.0,60,83
popularity_1000_reviewed_extended_follower_output_quotient,popularity-first output quotient,Blackburn with Darwen,0.0,60,83
popularity_1000_reviewed_extended_follower_output_quotient,popularity-first output quotient,Bournemouth,0.0,60,83
popularity_1000_reviewed_extended_follower_output_quotient,popularity-first output quotient,Chesterfield,0.0,60,83
popularity_1000_reviewed_extended_follower_output_quotient,popularity-first output quotient,Darlington,0.0,60,83
popularity_1000_reviewed_extended_follower_output_quotient,popularity-first output quotient,Doncaster,0.0,60,83
popularity_1000_reviewed_extended_follower_output_quotient,popularity-first output quotient,East Staffordshire,0.0,60,83
popularity_1000_reviewed_extended_follower_output_quotient,popularity-first output quotient,Gloucester,0.0,60,83
popularity_1000_reviewed_extended_follower_output_quotient,popularity-first output quotient,Halton,0.0,60,83
popularity_1000_reviewed_extended_follower_output_quotient,popularity-first output quotient,Lincoln,0.0,60,83
popularity_1000_reviewed_extended_follower_output_quotient,popularity-first output quotient,Maidstone,0.0,60,83
popularity_1000_reviewed_extended_follower_output_quotient,popularity-first output quotient,Medway,0.0,60,83
popularity_1000_reviewed_extended_follower_output_quotient,popularity-first output quotient,North East Lincolnshire,0.0,60,83
popularity_1000_reviewed_extended_follower_output_quotient,popularity-first output quotient,Peterborough,0.0,60,83
popularity_1000_reviewed_extended_follower_output_quotient,popularity-first output quotient,Portsmouth,0.0,60,83
popularity_1000_reviewed_extended_follower_output_quotient,popularity-first output quotient,Preston,0.0,60,83
popularity_1000_reviewed_extended_follower_output_quotient,popularity-first output quotient,Redditch,0.0,60,83
popularity_1000_reviewed_extended_follower_output_quotient,popularity-first output quotient,Rushmoor,0.0,60,83
popularity_1000_reviewed_extended_follower_output_quotient,popularity-first output quotient,Slough,0.0,60,83
popularity_1000_reviewed_extended_follower_output_quotient,popularity-first output quotient,Telford and Wrekin,0.0,60,83
popularity_1000_reviewed_extended_follower_output_quotient,popularity-first output quotient,Thanet,0.0,60,83
popularity_1000_reviewed_extended_follower_output_quotient,popularity-first output quotient,Worcester,0.0,60,83
top1000_negative_binomial_count_residual,expected-output residual,Brighton and Hove,4.054055867855138,1,83
top1000_negative_binomial_count_residual,expected-output residual,Guildford,2.795096491275024,2,83
top1000_negative_binomial_count_residual,expected-output residual,Dundee City,2.426455493482705,3,83
top1000_negative_binomial_count_residual,expected-output residual,Worthing,2.1367183814601196,4,83
top1000_negative_binomial_count_residual,expected-output residual,Liverpool,1.8920361683808191,5,83
top1000_negative_binomial_count_residual,expected-output residual,Bath and North East Somerset,1.765128426399814,6,83
top1000_negative_binomial_count_residual,expected-output residual,York,1.645401342590758,7,83
top1000_negative_binomial_count_residual,expected-output residual,Sheffield,1.375018258086416,8,83
top1000_negative_binomial_count_residual,expected-output residual,Falkirk,1.3477951655714306,9,83
top1000_negative_binomial_count_residual,expected-output residual,Newport,1.0930957026044208,10,83
top1000_negative_binomial_count_residual,expected-output residual,Edinburgh,1.089946928386763,11,83
top1000_negative_binomial_count_residual,expected-output residual,Stevenage,1.0809075112185402,12,83
top1000_negative_binomial_count_residual,expected-output residual,Oxford,1.053791841858048,13,83
top1000_negative_binomial_count_residual,expected-output residual,Cambridge,1.043472700167964,14,83
top1000_negative_binomial_count_residual,expected-output residual,Hastings,1.0229395155843966,15,83
top1000_negative_binomial_count_residual,expected-output residual,Great Yarmouth,0.9410275469835974,16,83
top1000_negative_binomial_count_residual,expected-output residual,Eastbourne,0.8864882208803809,17,83
top1000_negative_binomial_count_residual,expected-output residual,Reading,0.863547929264788,18,83
top1000_negative_binomial_count_residual,expected-output residual,Mansfield,0.7668775190560704,19,83
top1000_negative_binomial_count_residual,expected-output residual,Cardiff,0.7100531956446021,20,83
top1000_negative_binomial_count_residual,expected-output residual,Crawley,0.6369200803250544,21,83
top1000_negative_binomial_count_residual,expected-output residual,Glasgow,0.6052758246011897,22,83
top1000_negative_binomial_count_residual,expected-output residual,Bracknell Forest,0.5633064422860941,23,83
top1000_negative_binomial_count_residual,expected-output residual,Wrexham,0.4884967701911354,24,83
top1000_negative_binomial_count_residual,expected-output residual,Torbay,0.470442855267125,25,83
top1000_negative_binomial_count_residual,expected-output residual,Derry & Strabane Local Government District,0.3603432455431811,26,83
top1000_negative_binomial_count_residual,expected-output residual,Dacorum,0.2865742616968249,27,83
top1000_negative_binomial_count_residual,expected-output residual,Sunderland,0.2497035023030783,28,83
top1000_negative_binomial_count_residual,expected-output residual,London,0.1850039472937437,29,83
top1000_negative_binomial_count_residual,expected-output residual,Manchester,0.1321697043696361,30,83
top1000_negative_binomial_count_residual,expected-output residual,Hull,0.0971004953792481,31,83
top1000_negative_binomial_count_residual,expected-output residual,Northampton,0.0647161409575925,32,83
top1000_negative_binomial_count_residual,expected-output residual,Bedford,0.0550622170266544,33,83
top1000_negative_binomial_count_residual,expected-output residual,Burnley,0.0308907876393494,34,83
top1000_negative_binomial_count_residual,expected-output residual,Warrington,-0.0607821034557889,35,83
top1000_negative_binomial_count_residual,expected-output residual,Coventry,-0.0645274944318294,36,83
top1000_negative_binomial_count_residual,expected-output residual,Cheltenham,-0.1036399176073892,37,83
top1000_negative_binomial_count_residual,expected-output residual,Bristol,-0.1623990106967213,38,83
top1000_negative_binomial_count_residual,expected-output residual,Luton,-0.1776501329194487,39,83
top1000_negative_binomial_count_residual,expected-output residual,Newcastle,-0.1863249987813415,40,83
top1000_negative_binomial_count_residual,expected-output residual,Swindon,-0.1993057710118012,41,83
top1000_negative_binomial_count_residual,expected-output residual,Plymouth,-0.3004387710796233,42,83
top1000_negative_binomial_count_residual,expected-output residual,Belfast,-0.3391400229111266,43,83
top1000_negative_binomial_count_residual,expected-output residual,Southampton,-0.3673123413040765,44,83
top1000_negative_binomial_count_residual,expected-output residual,Milton Keynes,-0.4346788427496206,45,83
top1000_negative_binomial_count_residual,expected-output residual,Stoke-on-Trent,-0.4900086149439392,46,83
top1000_negative_binomial_count_residual,expected-output residual,Redditch,-0.5321625116872822,47,83
top1000_negative_binomial_count_residual,expected-output residual,Blackpool,-0.5594203553298697,48,83
top1000_negative_binomial_count_residual,expected-output residual,Leeds,-0.5623220136688103,49,83
top1000_negative_binomial_count_residual,expected-output residual,Colchester,-0.581932756765764,50,83
top1000_negative_binomial_count_residual,expected-output residual,Rushmoor,-0.5949767387736707,51,83
top1000_negative_binomial_count_residual,expected-output residual,Chesterfield,-0.5959556342788302,52,83
top1000_negative_binomial_count_residual,expected-output residual,Birmingham,-0.6029066346540135,53,83
top1000_negative_binomial_count_residual,expected-output residual,Darlington,-0.6170192564066025,54,83
top1000_negative_binomial_count_residual,expected-output residual,East Staffordshire,-0.6697390079551635,55,83
top1000_negative_binomial_count_residual,expected-output residual,Swansea,-0.6713802519743788,56,83
top1000_negative_binomial_count_residual,expected-output residual,Halton,-0.675244254407401,57,83
top1000_negative_binomial_count_residual,expected-output residual,Gloucester,-0.6954033930728217,58,83
top1000_negative_binomial_count_residual,expected-output residual,Middlesbrough,-0.6966973507452082,59,83
top1000_negative_binomial_count_residual,expected-output residual,Ashford,-0.7019298547215111,60,83
top1000_negative_binomial_count_residual,expected-output residual,Thanet,-0.7067799045533804,61,83
top1000_negative_binomial_count_residual,expected-output residual,Nottingham,-0.7071013534370583,62,83
top1000_negative_binomial_count_residual,expected-output residual,Norwich,-0.751696396290991,63,83
top1000_negative_binomial_count_residual,expected-output residual,North East Lincolnshire,-0.752255678637264,64,83
top1000_negative_binomial_count_residual,expected-output residual,Slough,-0.7708106272823432,65,83
top1000_negative_binomial_count_residual,expected-output residual,Maidstone,-0.8185457158428738,66,83
top1000_negative_binomial_count_residual,expected-output residual,Worcester,-0.8232846051224725,67,83
top1000_negative_binomial_count_residual,expected-output residual,Basingstoke and Deane,-0.8303444151423425,68,83
top1000_negative_binomial_count_residual,expected-output residual,Telford and Wrekin,-0.8365091958534125,69,83
top1000_negative_binomial_count_residual,expected-output residual,Ipswich,-0.8437530200512662,70,83
top1000_negative_binomial_count_residual,expected-output residual,Peterborough,-0.8928443512951029,71,83
top1000_negative_binomial_count_residual,expected-output residual,Exeter,-0.8933167024268734,72,83
top1000_negative_binomial_count_residual,expected-output residual,Derby,-0.8960129915213109,73,83
top1000_negative_binomial_count_residual,expected-output residual,Cheshire West and Chester,-0.90356752486084,74,83
top1000_negative_binomial_count_residual,expected-output residual,Preston,-0.9880051600349454,75,83
top1000_negative_binomial_count_residual,expected-output residual,Medway,-1.0085541438718766,76,83
top1000_negative_binomial_count_residual,expected-output residual,Blackburn with Darwen,-1.0391405095834718,77,83
top1000_negative_binomial_count_residual,expected-output residual,Doncaster,-1.0463351571994093,78,83
top1000_negative_binomial_count_residual,expected-output residual,Lincoln,-1.0555351958127368,79,83
top1000_negative_binomial_count_residual,expected-output residual,Leicester,-1.0854816514182155,80,83
top1000_negative_binomial_count_residual,expected-output residual,Bournemouth,-1.1481092620585476,81,83
top1000_negative_binomial_count_residual,expected-output residual,Aberdeen,-1.223409537350304,82,83
top1000_negative_binomial_count_residual,expected-output residual,Portsmouth,-1.2535302279570932,83,83
top1000_loglog_follower_residual,expected-output residual,Crawley,3.3321529674996544,1,59
top1000_loglog_follower_residual,expected-output residual,Bath and North East Somerset,2.2790604455638572,2,59
top1000_loglog_follower_residual,expected-output residual,Oxford,2.265800262287243,3,59
top1000_loglog_follower_residual,expected-output residual,Hastings,2.180952702721113,4,59
top1000_loglog_follower_residual,expected-output residual,Sheffield,2.1230772068057746,5,59
top1000_loglog_follower_residual,expected-output residual,Worthing,2.0214336367651935,6,59
top1000_loglog_follower_residual,expected-output residual,Guildford,1.9557458987569607,7,59
top1000_loglog_follower_residual,expected-output residual,Wrexham,1.7765257221654274,8,59
top1000_loglog_follower_residual,expected-output residual,Dundee City,1.678907165268669,9,59
top1000_loglog_follower_residual,expected-output residual,York,1.6244263408865862,10,59
top1000_loglog_follower_residual,expected-output residual,Falkirk,1.5302806089771597,11,59
top1000_loglog_follower_residual,expected-output residual,Cambridge,1.512900636009837,12,59
top1000_loglog_follower_residual,expected-output residual,Liverpool,1.4990984465879755,13,59
top1000_loglog_follower_residual,expected-output residual,Exeter,1.4887567685845813,14,59
top1000_loglog_follower_residual,expected-output residual,Brighton and Hove,1.1721537156215902,15,59
top1000_loglog_follower_residual,expected-output residual,Luton,1.098534136777232,16,59
top1000_loglog_follower_residual,expected-output residual,London,1.0202673122583228,17,59
top1000_loglog_follower_residual,expected-output residual,Dacorum,0.7344578329613611,18,59
top1000_loglog_follower_residual,expected-output residual,Manchester,0.7039964047523313,19,59
top1000_loglog_follower_residual,expected-output residual,Reading,0.4523476213996922,20,59
top1000_loglog_follower_residual,expected-output residual,Middlesbrough,0.4496573544302471,21,59
top1000_loglog_follower_residual,expected-output residual,Bristol,0.2819854683499674,22,59
top1000_loglog_follower_residual,expected-output residual,Birmingham,0.2511343308112863,23,59
top1000_loglog_follower_residual,expected-output residual,Newport,0.2451741817067194,24,59
top1000_loglog_follower_residual,expected-output residual,Glasgow,0.1982452011263582,25,59
top1000_loglog_follower_residual,expected-output residual,Belfast,0.1135055168623377,26,59
top1000_loglog_follower_residual,expected-output residual,Cardiff,-0.0743394575855145,27,59
top1000_loglog_follower_residual,expected-output residual,Edinburgh,-0.0816298013294609,28,59
top1000_loglog_follower_residual,expected-output residual,Northampton,-0.0920294289733938,29,59
top1000_loglog_follower_residual,expected-output residual,Hull,-0.1188722027999631,30,59
top1000_loglog_follower_residual,expected-output residual,Stevenage,-0.1522448408340029,31,59
top1000_loglog_follower_residual,expected-output residual,Derry & Strabane Local Government District,-0.2633956799136019,32,59
top1000_loglog_follower_residual,expected-output residual,Plymouth,-0.2691596093873212,33,59
top1000_loglog_follower_residual,expected-output residual,Bracknell Forest,-0.2737048356593039,34,59
top1000_loglog_follower_residual,expected-output residual,Torbay,-0.2820845528628393,35,59
top1000_loglog_follower_residual,expected-output residual,Eastbourne,-0.3579815920516083,36,59
top1000_loglog_follower_residual,expected-output residual,Newcastle,-0.3710336027979917,37,59
top1000_loglog_follower_residual,expected-output residual,Bedford,-0.57181414732195,38,59
top1000_loglog_follower_residual,expected-output residual,Swindon,-0.5721488627399509,39,59
top1000_loglog_follower_residual,expected-output residual,Nottingham,-0.637851642231924,40,59
top1000_loglog_follower_residual,expected-output residual,Leeds,-0.820580081393274,41,59
top1000_loglog_follower_residual,expected-output residual,Coventry,-0.8294603476065294,42,59
top1000_loglog_follower_residual,expected-output residual,Burnley,-0.8372259923430967,43,59
top1000_loglog_follower_residual,expected-output residual,Leicester,-0.8790719680314023,44,59
top1000_loglog_follower_residual,expected-output residual,Great Yarmouth,-0.8927287716305621,45,59
top1000_loglog_follower_residual,expected-output residual,Milton Keynes,-0.9769900156557229,46,59
top1000_loglog_follower_residual,expected-output residual,Swansea,-1.0644108186832,47,59
top1000_loglog_follower_residual,expected-output residual,Southampton,-1.0809561421122602,48,59
top1000_loglog_follower_residual,expected-output residual,Ipswich,-1.281906142705152,49,59
top1000_loglog_follower_residual,expected-output residual,Warrington,-1.383132251532075,50,59
top1000_loglog_follower_residual,expected-output residual,Sunderland,-1.4111408127897764,51,59
top1000_loglog_follower_residual,expected-output residual,Derby,-1.4665428718260998,52,59
top1000_loglog_follower_residual,expected-output residual,Colchester,-1.5871724033116266,53,59
top1000_loglog_follower_residual,expected-output residual,Blackpool,-1.7879047527342262,54,59
top1000_loglog_follower_residual,expected-output residual,Stoke-on-Trent,-2.3109715535072137,55,59
top1000_loglog_follower_residual,expected-output residual,Mansfield,-2.5467566540080107,56,59
top1000_loglog_follower_residual,expected-output residual,Norwich,-2.620010333806114,57,59
top1000_loglog_follower_residual,expected-output residual,Cheshire West and Chester,-2.758353243858897,58,59
top1000_loglog_follower_residual,expected-output residual,Cheltenham,-3.3369724719132385,59,59
