popularity_rank,returned_spotify_id,spotify_name,wikidata_qid,monthly_listeners,followers,wikidata_name,inception_year,genre_qids,genre_labels,genre_families,record_label_qids,record_label_names,member_qids,member_names,enwiki_title,mapping_tier,fua_code,study_city_label,population,mapped_fua,has_genre,has_inception_year,formation_decade
1,4gzpq5DPGxSnKTe4SA8HAU,Coldplay,Q45188,92034104,64732379,Coldplay,1999.0,Q11366|Q37073,alternative rock|pop music,"Pop, soul and R&B|Rock and indie",Q193023|Q202440|Q208909|Q5447280,Atlantic Records|Capitol Records|Fierce Panda Records|Parlophone,Q601617|Q712860|Q822029|Q822036,Chris Martin|Guy Berryman|Jonny Buckland|Will Champion,Coldplay,strict,UK001F,London,12666099.0,True,True,True,1990
2,7Ln80lUS6He07XvHI8qqHH,Arctic Monkeys,Q170599,52301870,35028298,Arctic Monkeys,2002.0,Q11366|Q183504|Q1899347|Q206159|Q211573,alternative rock|garage rock|indie rock|post-punk revival|psychedelic rock,Punk and new wave|Rock and indie,Q1238400,Domino Recording Company,Q2015147|Q2148580|Q2737111|Q315643|Q458381,Alex Turner|Andy Nicholson|Jamie Cook|Matt Helders|Nick O'Malley,Arctic Monkeys,strict,UK010F,Sheffield,1217504.0,True,True,True,2000
3,1dfeR4HaWDbWqFHLkxsg1d,Queen,Q15862,51601234,58004701,Queen,1970.0,Q1133657|Q11399|Q217467|Q38848|Q484641|Q49451|Q76092|Q83270,art rock|glam rock|hard rock|heavy metal music|pop rock|progressive rock|rock music|traditional heavy metal,"Metal|Pop, soul and R&B|Rock and indie",Q183412|Q190585|Q193023|Q208909|Q3629023|Q387539|Q726251,Capitol Records|EMI|EMI Records|Elektra|Hollywood Records|Island Records|Parlophone,Q15869|Q15873|Q15880|Q192103,Brian May|Freddie Mercury|John Deacon|Roger Taylor,Queen (band),strict,UK001F,London,12666099.0,True,True,True,1970
4,08GQAI4eElDnROBrJRGE0X,Fleetwood Mac,Q106648,50959935,15546243,Fleetwood Mac,1967.0,Q11399|Q1650296|Q193355|Q37073|Q484641|Q83270|Q9759,blues|blues rock|hard rock|instrumental rock|pop music|pop rock|rock music,"Other genres|Pop, soul and R&B|Rock and indie",Q1347984|Q165711|Q183387|Q216364|Q3233924|Q645889|Q843402|Q885732,Blue Horizon|CBS Records|Columbia Records|Epic Records|Reprise Records|Sanctuary Records|Sire|Warner Bros. Records,,,Fleetwood Mac,strict,UK001F,London,12666099.0,True,True,True,1960
5,4AK6F7OLvEQ5QYCBNiQWHq,One Direction,Q146027,45724043,41728665,One Direction,2010.0,Q211756|Q484641|Q739138,dance-pop|pop rock|teen pop,"Pop, soul and R&B",Q183387|Q2358400|Q38903|Q56760250|Q7659636,Columbia Records|Legacy Recordings|Sony Music|Syco Music|Universal Music Group,Q2756349|Q3624971|Q3626950|Q3626966|Q775231,Harry Styles|Liam Payne|Louis Tomlinson|Niall Horan|Zayn Malik,One Direction,strict,UK001F,London,12666099.0,True,True,True,2010
6,4Z8W4fKeB5YxbusRsdQVPb,Radiohead,Q44190,43168156,16613975,,1985.0,Q1051843|Q11366|Q1641839|Q189045|Q217467|Q22991878|Q25094849|Q325504,Britpop|alternative rock|art pop|art rock|chamber pop|electronic rock|experimental rock|neo-prog,"Electronic and dance|Other genres|Pop, soul and R&B|Rock and indie",Q1123947|Q128280|Q193023|Q208909,ATO Records|Capitol Records|Parlophone|XL Recordings,Q188668|Q286410|Q842263|Q842267|Q842850,Colin Greenwood|Ed O'Brien|Jonny Greenwood|Philip Selway|Thom Yorke,Radiohead,strict,UK560F,Oxford,606748.0,True,True,True,1980
7,5NGO30tJxFlKixkPSgXcFE,The Police,Q178095,39887109,8458469,The Police,1977.0,Q11399|Q187760|Q598929|Q7308175,new wave|post-punk|reggae rock|rock music,Other genres|Punk and new wave|Rock and indie,Q277626|Q5998908,A&M Records|Illegal Records,Q315711|Q315758|Q483203|Q723047,Andy Summers|Henry Padovani|Stewart Copeland|Sting,The Police,strict,UK001F,London,12666099.0,True,True,True,1970
8,2DaxqgrOhkeH0fpeiQq2f4,Oasis,Q382890,39676473,13941515,Oasis,1991.0,Q11366|Q11399|Q183504|Q189045|Q703778|Q842324,Britpop|alternative rock|indie pop|indie rock|neo-psychedelia|rock music,"Other genres|Pop, soul and R&B|Rock and indie",Q1139341|Q183387|Q216364|Q330629|Q614999|Q645889,Big Brother Recordings|Columbia Records|Creation Records|Epic Records|Reprise Records|Sony Music,Q1195785|Q193459|Q216708|Q2455570|Q345348|Q353388|Q522988|Q5547925|Q7436842|Q932502,Alan White|Andy Bell|Chris Sharrock|Gem Archer|Liam Gallagher|Noel Gallagher|Paul Arthurs|Paul McGuigan|Scott McLeod|Tony McCarroll,Oasis (band),strict,UK008F,Manchester,3595966.0,True,True,True,1990
9,3AA28KZvwAUcZuOKwyblJQ,Gorillaz,Q189991,38173160,16369649,Gorillaz,1998.0,Q11366|Q11401|Q183504|Q188450|Q205560|Q25094849|Q484641|Q9778,alternative rock|art pop|electronic music|electropop|hip-hop|indie rock|pop rock|trip hop,"Electronic and dance|Other genres|Pop, soul and R&B|Rock and indie",Q203059|Q208909|Q843402,Parlophone|Virgin Records|Warner Bros. Records,Q2592590|Q2628482|Q272069|Q30688775|Q3699832|Q522966|Q82923|Q93495722|Q935785,2-D|Ace|Cyborg Noodle|Jamie Hewlett|Murdoc Niccals|Noodle|Remi Kabaka Jr|Russel Hobbs,Gorillaz,strict,UK001F,London,12666099.0,True,True,True,1990
10,3WrFJ7ztbogyGnTHbHJFl2,The Beatles,Q1299,37927636,32385954,The Beatles,1960.0,Q11399|Q1641839|Q186472|Q193355|Q206159|Q235858|Q37073|Q546264|Q56351111|Q7749|Q83270,beat music|blues rock|classic rock|experimental rock|folk rock|hard rock|pop music|psychedelic rock|rock and roll|rock music|traditional folk music,"Other genres|Pop, soul and R&B|Rock and indie",Q1542119|Q155152|Q193023|Q208909|Q213710|Q3790169|Q3896178|Q679007,Apple Records|Capitol Records|I Dischi dello Zodiaco|Parlophon|Parlophone|Polydor Records|United Artists Records|Vee-Jay Records,Q1203|Q204218|Q207335|Q2599|Q2632|Q2643|Q5087041|Q5992927,Chas Newby|George Harrison|John Lennon|Paul McCartney|Pete Best|Ringo Starr|Stuart Sutcliffe|Tommy Moore,The Beatles,strict,UK006F,Liverpool,1597536.0,True,True,True,1960
11,6MDME20pz9RveH9rEXvrOM,Clean Bandit,Q11838808,35453400,6321202,Clean Bandit,2008.0,Q188450,electropop,"Pop, soul and R&B",Q17985937|Q202440|Q21077,Atlantic Records|Black Butter Records|Warner Music Group,Q29033349|Q64754197,Grace Chatto|Jack Patterson,Clean Bandit,strict,UK017F,Cambridge,414802.0,True,True,True,2000
12,22bE4uQ6baNwSHPVcDxLCe,The Rolling Stones,Q11036,30690194,16651560,The Rolling Stones,1962.0,Q11399|Q193355|Q206159|Q45981|Q56351111|Q7749|Q9759,blues|blues rock|classic rock|psychedelic rock|rhythm and blues|rock and roll|rock music,"Other genres|Pop, soul and R&B|Rock and indie",Q155152|Q183387|Q202440|Q203059|Q21077|Q231694|Q2819021|Q557632|Q594126|Q935090,ABKCO Records|Atlantic Records|Columbia Records|Decca|Interscope Records|London Records|Polydor Records|Rolling Stones Records|Virgin Records|Warner Music Group,Q109801641|Q128121|Q189599|Q204943|Q211094|Q216051|Q312559|Q312696|Q319737|Q3497477|Q463695|Q7332067|Q923999,Bill Wyman|Brian Jones|Carlo Little|Charlie Watts|Colin Golding|Darryl Jones|Dick Taylor|Ian Stewart|Keith Richards|Mick Jagger|Mick Taylor|Ricky Fenson|Ronnie Wood,The Rolling Stones,strict,UK001F,London,12666099.0,True,True,True,1960
13,1LZEQNv7sE11VDY3SdxQeN,Bee Gees,Q133405,29286539,10121737,Bee Gees,1958.0,Q11399|Q131272|Q217191|Q37073|Q45981|Q484641|Q58339|Q885561,blue-eyed soul|disco|pop music|pop rock|rhythm and blues|rock music|soft rock|soul,"Other genres|Pop, soul and R&B|Rock and indie",Q1536003|Q155152|Q165745|Q6515797|Q729590|Q7577381|Q778792|Q994175,Brunswick Records|Fontana Records|Leedon|Mercury Records|Philips Records|Polydor Records|RSO Records|Spin,Q188482|Q2035630|Q296872|Q296876,Barry Gibb|Maurice Gibb|Robin Gibb|Vince Melouney,Bee Gees,excluded_non_uk,,,,False,True,True,1950
14,4yvcSjfu4PC0CYQyLy4wSq,Glass Animals,Q16839267,27093208,4804844,Glass Animals,2012.0,Q183504|Q206159|Q325397|Q325504|Q383982|Q95469495,alternative pop|electronic rock|indie rock|indietronica|psychedelic pop|psychedelic rock,"Electronic and dance|Pop, soul and R&B|Rock and indie",Q264137,Caroline Records,Q105007781|Q140937073|Q140937074|Q140937075,Dave Bayley|Drew MacFarlane|Edmund Irwin-Singer|Joe Seaward,Glass Animals,strict,UK560F,Oxford,606748.0,True,True,True,2010
15,0k17h0D3J5VfsdmQ1iZtE9,Pink Floyd,Q2306,26546155,24145634,Pink Floyd,1964.0,Q1641839|Q193355|Q206159|Q217467|Q236913|Q236932|Q3408028|Q49451,acid rock|art rock|blues rock|experimental rock|progressive rock|proto-prog|psychedelic rock|space rock,Other genres|Rock and indie,Q1112471|Q1324712|Q183387|Q183412|Q193023|Q208909|Q21077|Q2630076|Q56760250,Capitol Records|Columbia Graphophone Co. Ltd.|Columbia Records|EMI|Harvest|Parlophone|Sony Music|Tower Records|Warner Music Group,Q173061|Q178517|Q180861|Q190251|Q192936|Q345373,Bob Klose|David Gilmour|Nick Mason|Richard Wright|Roger Waters|Syd Barrett,Pink Floyd,strict,UK001F,London,12666099.0,True,True,True,1960
16,0WwSkZ7LtFUFjGjMZBMt6T,Dire Straits,Q50040,26242776,9643393,Dire Straits,1977.0,Q11399|Q1431327|Q193355|Q49451|Q613408,blues rock|country rock|progressive rock|pub rock|rock music,Rock and indie,Q843402,Warner Bros. Records,Q185343|Q2719182|Q449476|Q708384|Q708396|Q717198|Q727494,David Knopfler|Guy Fletcher|Jack Sonni|John Illsley|Mark Knopfler|Pick Withers|Terry Williams,Dire Straits,strict,UK001F,London,12666099.0,True,True,True,1970
17,1moxjboGR7GNWYIMWsRjgG,Florence + The Machine,Q217360,25836943,7587105,Florence + the Machine,2007.0,Q183504|Q217467,art rock|indie rock,Rock and indie,Q190585|Q784001,Island Records|Moshi Moshi Records,Q2272493|Q6078096,Florence Welch|Isabella Summers,Florence and the Machine,strict,UK001F,London,12666099.0,True,True,True,2000
18,7bu3H8JO7d0UbMoVzbo70s,The Cure,Q484427,25827890,7492117,The Cure,1976.0,Q11366|Q187760|Q485395|Q598929,alternative rock|gothic rock|new wave|post-punk,Punk and new wave|Rock and indie,Q155152|Q165711|Q1998195|Q212699|Q2481499|Q3978140|Q726251,Asylum Records|Elektra|Fiction Records|Geffen Records|Polydor Records|Sire|Suretone Records,Q2662821|Q2738214|Q45175|Q491252|Q525005,Jason Cooper|Reeves Gabrels|Robert Smith|Roger O'Donnell|Simon Gallup,The Cure,strict,UK576F,Crawley,124008.0,True,True,True,1970
19,47zz7sob9NUcODy0BTDvKx,Sade,Q658182,25528819,6060389,Sade,1982.0,Q131272|Q164444|Q217191|Q264289|Q37073|Q45981|Q831354|Q8341,funk|jazz|pop music|rhythm and blues|smooth jazz|soft rock|sophisti-pop|soul,"Other genres|Pop, soul and R&B|Rock and indie",Q216364,Epic Records,Q194187|Q21005593|Q4309945|Q84825957,Andrew Hale|Paul Denman|Sade Adu|Stuart Matthewman,Sade (band),strict,UK001F,London,12666099.0,True,True,True,1980
20,6nS5roXSAGhTGr34W6n7Et,Disclosure,Q1228440,25360907,2482964,Disclosure,2010.0,Q1165777|Q20502|Q5510816|Q874038,UK garage|deep house|future garage|house music,Electronic and dance|Other genres,Q190585|Q21091|Q231694|Q39052841|Q784001,Cherrytree Records|Interscope Records|Island Records|Moshi Moshi Records|PMR Records,,,Disclosure (band),strict,UK001F,London,12666099.0,True,True,True,2010
21,4bthk9UfsYUYdcFyqxmSUU,Tears For Fears,Q269091,23781006,4593372,Tears for Fears,1981.0,Q187760,new wave,Punk and new wave,Q165745|Q216364|Q729590,Epic Records|Fontana Records|Mercury Records,Q3090176|Q3090578|Q554025|Q924035,Curt Smith|Ian Stanley|Manny Elias|Roland Orzabal,Tears for Fears,strict,UK031F,Bath and North East Somerset,200028.0,True,True,True,1980
22,53A0W3U0s8diEn9RhXQhVz,Keane,Q484311,23259577,4211743,Keane,1995.0,Q11366|Q2090023,alternative rock|piano rock,Rock and indie,Q190585,Island Records,Q1046612|Q1046616|Q1139723|Q1207911|Q542186,Dominic Scott|Jesse Quin|Richard Hughes|Tim Rice-Oxley|Tom Chaplin,Keane (band),strict,UK056F,Hastings,187352.0,True,True,True,1990
23,3yY2gUcIsjMr8hjo51PoJ8,The Smiths,Q180598,22515532,8767855,The Smiths,1984.0,Q1190565|Q183504|Q187760|Q598929,indie rock|jangle pop|new wave|post-punk,"Pop, soul and R&B|Punk and new wave|Rock and indie",Q385558|Q843402,Rough Trade|Warner Bros. Records,Q202246|Q317742,Johnny Marr|Morrissey,The Smiths,strict,UK008F,Manchester,3595966.0,True,True,True,1980
24,7EQ0qTo7fWT7DPxmxtSYEc,Bastille,Q689,22166012,5786448,Bastille,2010.0,Q1298934,synth-pop,Electronic and dance,Q203059,Virgin Records,Q15906708|Q17385911|Q65505451|Q65505453,"Chris ""Woody"" Wood|Dan Smith|Kyle Simmons|Will Farquarson",Bastille (band),strict,UK001F,London,12666099.0,True,True,True,2010
25,12Chz98pHFMPJEknJQMWvI,Muse,Q22151,20942571,8949427,,1994.0,Q11366|Q11399|Q20378|Q206159|Q236913|Q49451|Q719927|Q83270,alternative metal|alternative rock|hard rock|progressive rock|psychedelic rock|rock music|space rock|symphonic rock,Metal|Rock and indie,Q843402,Warner Bros. Records,Q190576|Q1984061|Q587031,Chris Wolstenholme|Dominic Howard|Matt Bellamy,Muse (band),strict,UK018F,Exeter,520179.0,True,True,True,1990
26,36QJpDe2go2KgaRleHCDTp,Led Zeppelin,Q2331,20605707,16927470,Led Zeppelin,1968.0,Q11399|Q186472|Q193355|Q56351111|Q83270,blues rock|classic rock|folk rock|hard rock|rock music,Other genres|Rock and indie,Q202440|Q557632|Q632992,Atlantic Records|Decca|Swan Song Records,Q165467|Q190243|Q428223|Q485490,Jimmy Page|John Bonham|John Paul Jones|Robert Plant,Led Zeppelin,strict,UK001F,London,12666099.0,True,True,True,1960
27,3mIj9lX2MWuHmhNCA7LSCW,The 1975,Q2811247,18915018,8582651,The 1975,2002.0,Q11366|Q183504|Q187760|Q837837|Q842324,alternative rock|indie pop|indie rock|new wave|power pop,"Pop, soul and R&B|Punk and new wave|Rock and indie",Q155152|Q231694|Q5281021|Q669127,Dirty Hit|Interscope Records|Polydor Records|Vagrant Records,Q140258682|Q17103606|Q18043937|Q18350142|Q99691953,Adam Hann|George Daniel|Matty Healy|Polly Money|Ross MacDonald,The 1975,strict,UK008F,Manchester,3595966.0,True,True,True,2000
28,7jefIIksOi1EazgRTfW2Pk,Electric Light Orchestra,Q218255,18330664,4748870,Electric Light Orchestra,1970.0,Q217467|Q3397882|Q484641|Q49451|Q56351111|Q719927|Q7749,art rock|classic rock|pop rock|progressive pop|progressive rock|rock and roll|symphonic rock,"Pop, soul and R&B|Rock and indie",Q1324712|Q1542119|Q183387|Q216364|Q2358400|Q3001888|Q67030918|Q843402,"Columbia Records|Epic Records|Harvest|Legacy Recordings|Sony BMG Music Entertainment, Inc.|United Artists Records|Warner Bros. Records|Warner Records Inc.",,,Electric Light Orchestra,strict,UK002F,Birmingham,3247941.0,True,True,True,1970
29,5M52tdBnJaKSvOpJGz8mfZ,Black Sabbath,Q47670,18288641,10711277,Black Sabbath,1968.0,Q1133657|Q186170|Q38848|Q83270,doom metal|hard rock|heavy metal music|traditional heavy metal,Metal|Rock and indie,Q13218788|Q1330417|Q1347984|Q165745|Q21077|Q2265719|Q38903|Q843402,I.R.S. Records|Mercury Records|Sanctuary Records|Universal Music Group|Vertigo Records|Virgin EMI Records|Warner Bros. Records|Warner Music Group,Q133151|Q185151|Q202733|Q310752|Q313699,Bill Ward|Geezer Butler|Ozzy Osbourne|Ronnie James Dio|Tony Iommi,Black Sabbath,strict,UK002F,Birmingham,3247941.0,True,True,True,1960
30,1zxDewzd2j1ZdSBGaYcr0y,The Outfield,Q2093178,17941634,893650,The Outfield,1983.0,Q187760|Q484641|Q837837,new wave|pop rock|power pop,"Pop, soul and R&B|Punk and new wave",Q183387,Columbia Records,,,The Outfield,strict,UK001F,London,12666099.0,True,True,True,1980
31,762310PdDnwsDxAQxzQkfX,Depeche Mode,Q482964,17667155,7949283,Depeche Mode,1980.0,Q11366|Q1298934|Q187760|Q325504|Q3840596|Q487965|Q817138,alternative rock|dark wave|electronic rock|electronica|industrial music|new wave|synth-pop,Electronic and dance|Other genres|Punk and new wave|Rock and indie,Q165711|Q183387|Q183412|Q193023|Q203059|Q240804|Q645889,Capitol Records|Columbia Records|EMI|Mute Records|Reprise Records|Sire|Virgin Records,Q312060|Q358567|Q488994|Q491583|Q501296,Alan Wilder|Andrew Fletcher|Dave Gahan|Martin Gore|Simon Le Bon,Depeche Mode,strict,UK001F,London,12666099.0,True,True,True,1980
32,35U9lQaRWSQISxQAB94Meo,America,Q126852,17384987,2286400,America,1970.0,Q186472,folk rock,Other genres,Q193023|Q64485314|Q843402,Capitol Records|Warner Bros. Records|Warner Records,Q2153698|Q2186230|Q3025584,Dan Peek|Dewey Bunnell|Gerry Beckley,America (band),strict,UK001F,London,12666099.0,True,True,True,1970
33,2cGwlqi3k18jFpUyTrsR84,The Verve,Q488916,16374768,3001478,The Verve,1990.0,Q11366|Q206159|Q236913,alternative rock|psychedelic rock|space rock,Rock and indie,Q183412,EMI,Q1480135|Q1618201|Q181664|Q368354|Q924058,Nick McCabe|Peter Salisbury|Richard Ashcroft|Simon Jones|Simon Tong,The Verve,strict,UK008F,Manchester,3595966.0,True,True,True,1990
34,0lZoBs4Pzo7R89JM9lxwoT,Duran Duran,Q58381,15134650,3958344,Duran Duran,1978.0,Q11366|Q1298934|Q187760|Q188450|Q25094849|Q325504|Q38848|Q484641|Q49451|Q597240|Q83270,New Romantic|alternative rock|art pop|electronic rock|electropop|hard rock|heavy metal music|new wave|pop rock|progressive rock|synth-pop,"Electronic and dance|Metal|Other genres|Pop, soul and R&B|Punk and new wave|Rock and indie",Q193023|Q216364|Q843402,Capitol Records|Epic Records|Warner Bros. Records,Q2000460|Q2706686|Q3314869|Q436150|Q527834|Q540283|Q723826|Q968955,Andy Taylor|John Taylor|Nick Rhodes|Roger Taylor|Simon Le Bon|Stephen Duffy|Sterling Campbell|Warren Cuccurullo,Duran Duran,strict,UK002F,Birmingham,3247941.0,True,True,True,1970
35,0NKDgy9j66h3DLnN8qu1bB,Eurythmics,Q207706,14843560,2546395,Eurythmics,1980.0,Q187760|Q885561,blue-eyed soul|new wave,"Pop, soul and R&B|Punk and new wave",Q14192383|Q664167,19 Recordings|Arista Records,,,Eurythmics,strict,UK001F,London,12666099.0,True,True,True,1980
36,3e7awlrlDSwF3iM0WBjGMp,Little Mix,Q158419,14779473,12405563,Little Mix,2011.0,Q850412,contemporary R&B,"Pop, soul and R&B",Q183387,Columbia Records,Q16126719|Q19750540|Q19750811|Q25939080,Jade Thirlwall|Jesy Nelson|Leigh Anne Pinnock|Perrie Edwards,Little Mix,strict,UK001F,London,12666099.0,True,True,True,2010
37,3RGLhK1IP9jnYFH4BRFJBS,The Clash,Q125603,14589467,3508323,The Clash,1976.0,Q187760|Q3071|Q54365|Q598929|Q9794,new wave|post-punk|punk rock|reggae|ska,Other genres|Punk and new wave,Q183387|Q330629,Columbia Records|Sony Music,Q1389464|Q310052|Q357310|Q449804|Q466088|Q540440,Joe Strummer|Keith Levene|Mick Jones|Paul Simonon|Terry Chimes|Topper Headon,The Clash,strict,UK001F,London,12666099.0,True,True,True,1970
38,3gd8FJtBJtkRxdfbTu19U2,Mumford & Sons,Q953918,14381934,6882187,Mumford & Sons,2007.0,Q11399|Q186472|Q43343|Q83440,country music|folk music|folk rock|rock music,Other genres|Rock and indie,Q190585|Q3771894|Q38903,Glassnote Records|Island Records|Universal Music Group,Q25554,Marcus Mumford,Mumford & Sons,strict,UK001F,London,12666099.0,True,True,True,2000
39,7MhMgCo0Bl0Kukl93PZbYS,Blur,Q485820,14009757,4274924,Blur,1988.0,Q11366|Q1507298|Q183504|Q189045|Q217467|Q25094849|Q484641,Britpop|alternative rock|art pop|art rock|indie rock|lo-fi music|pop rock,"Other genres|Pop, soul and R&B|Rock and indie",Q183412|Q203059|Q208909|Q2511544|Q5465369|Q64485314,EMI|Food Records|Parlophone|SBK Records|Virgin Records|Warner Records,Q1138490|Q1190550|Q272069|Q335184,Alex James|Dave Rowntree|Graham Coxon,Blur (band),strict,UK001F,London,12666099.0,True,True,True,1980
40,1Ffb6ejR6Fe5IamqA5oRUF,Bring Me The Horizon,Q494784,13707032,7131475,Bring Me the Horizon,2004.0,Q170611|Q183862|Q20378|Q377910|Q475221|Q484641,alternative metal|deathcore|metalcore|pop rock|post-hardcore|techno,"Electronic and dance|Metal|Pop, soul and R&B|Punk and new wave",Q183387|Q202585|Q2093972|Q56760250|Q726153|Q796316|Q838544,BMG Rights Management|Columbia Records|Earache Records|Epitaph Records|RCA Records|Sony Music|Visible Noise,Q27049904|Q51944723|Q60529346|Q927877,Lee Malia|Matt Kean|Matt Nicholls|Oliver Sykes,Bring Me the Horizon,strict,UK010F,Sheffield,1217504.0,True,True,True,2000
41,3rIZMv9rysU7JkLzEaC5Jp,Snow Patrol,Q188407,13274460,3465980,Snow Patrol,1994.0,Q11366,alternative rock,Rock and indie,Q2481499,Fiction Records,Q1702360|Q2883752|Q3072339|Q6768780|Q6968983|Q705424|Q7817591,Gary Lightbody|Johnny McDaid|Jonny Quinn|Mark McClelland|Nathan Connolly|Paul Wilson|Tom Simpson,Snow Patrol,strict,UK550F,Dundee City,264690.0,True,True,True,1990
42,0uq5PttqEjj3IH1bzwcrXF,Spice Girls,Q55641,12877807,4560204,Spice Girls,1994.0,Q211756|Q37073|Q517415|Q641066|Q739138,Europop|dance-pop|girl group|pop music|teen pop,"Other genres|Pop, soul and R&B",Q183412|Q203059,EMI|Virgin Records,Q151830|Q19810|Q19845|Q219878|Q236005,Emma Bunton|Geri Halliwell|Melanie Brown|Melanie C|Victoria Beckham,Spice Girls,strict,UK001F,London,12666099.0,True,True,True,1990
43,3ICflSq6ZgYAIrm2CTkfVP,The Animals,Q131422,12324330,2812173,The Animals,1962.0,Q193355|Q206159|Q45981|Q83270|Q918542,British blues|blues rock|hard rock|psychedelic rock|rhythm and blues,"Other genres|Pop, soul and R&B|Rock and indie",Q183387|Q1881437|Q202440|Q2265719|Q3177785|Q5086379|Q557632|Q585643,Atco Records|Atlantic Records|Charly Records|Columbia Records|Decca|I.R.S. Records|Jet Records|MGM Records,Q2025080|Q2383951|Q2507186|Q2702135|Q3182708|Q3503791|Q44648|Q449525|Q510991|Q5220610,Alan Price|Barry Jenkins|Chas Chandler|Danny McCulloch|Dave Rowberry|Eric Burdon|Hilton Valentine|John Steel|John Weider|Vic Briggs,The Animals,strict,UK013F,Newcastle,1221203.0,True,True,True,1960
44,4WN5naL3ofxrVBgFpguzKo,Rudimental,Q50971,11737472,1462225,Rudimental,2010.0,Q188994,drum and bass,Electronic and dance,Q17985937|Q1998195|Q202440,Asylum Records|Atlantic Records|Black Butter Records,,,Rudimental,strict,UK001F,London,12666099.0,True,True,True,2010
45,5T4UKHhr4HGIC0VzdZQtAE,Faithless,Q542071,11726956,796754,Faithless,1995.0,Q170611|Q20502|Q205560,house music|techno|trip hop,Electronic and dance,Q56760250,Sony Music,,,Faithless,strict,UK001F,London,12666099.0,True,True,True,1990
46,5EehXjjMktLuJmbRsM7YfB,Disciples,Q24025201,11691137,299331,Disciples,2013.0,Q874038,deep house,Other genres,Q208909,Parlophone,,,Disciples (production team),strict,UK001F,London,12666099.0,True,True,True,2010
47,59oA5WbbQvomJz2BuRG071,Jungle,Q17405943,11614048,1886516,Jungle,,Q11399|Q3071|Q325504|Q484641,electronic rock|pop rock|punk rock|rock music,"Electronic and dance|Pop, soul and R&B|Punk and new wave|Rock and indie",Q1123947,XL Recordings,,,Jungle (band),strict,UK001F,London,12666099.0,True,True,False,
48,5jTtGLk1mGFMY5lQOvJYUj,bôa,Q285481,11444869,1380058,Bôa,1993.0,Q11366|Q183504,alternative rock|indie rock,Rock and indie,Q3395828,Polystar,,,Bôa,strict,UK001F,London,12666099.0,True,True,True,1990
49,3cniTumSiUysiPWXapGx1i,Cutting Crew,Q977526,10972839,628518,Cutting Crew,1985.0,Q484641,pop rock,"Pop, soul and R&B",Q203059,Virgin Records,Q5627602,Nick Van Eede,Cutting Crew,strict,UK001F,London,12666099.0,True,True,True,1980
50,0XNa1vTidXlvJ2gHSsRi4A,Franz Ferdinand,Q173180,10807735,3218082,Franz Ferdinand,2002.0,Q183504|Q3071,indie rock|punk rock,Punk and new wave|Rock and indie,Q1238400,Domino Recording Company,Q110542703|Q20744539|Q2653151|Q3505639|Q458625|Q47202577|Q728573,Alex Kapranos|Audrey Tait|Dino Bardot|Miaoux Miaoux|Nick McCarthy|Paul Thomson|Robert Hardy,Franz Ferdinand (band),strict,UK004F,Glasgow,1895840.0,True,True,True,2000
51,6H1RjVyNruCmrBEWRbD0VZ,Def Leppard,Q182890,10792689,6056540,Def Leppard,1977.0,Q83270,hard rock,Rock and indie,Q165745|Q190585|Q27037164,Island Records|Mercury Records|earMUSIC,Q10699937|Q1143956|Q1336388|Q323356|Q366758|Q367617|Q511488|Q541573,Joe Elliott|Pete Willis|Phil Collen|Rick Allen|Rick Savage|Steve Clark|Tony Kenning|Vivian Campbell,Def Leppard,strict,UK010F,Sheffield,1217504.0,True,True,True,1970
52,2ycnb8Er79LoH2AsR5ldjh,Pet Shop Boys,Q485625,10634217,2426999,Pet Shop Boys,1981.0,Q1298934|Q187760|Q20502|Q2187392|Q25094849|Q264289|Q851213,alternative dance|art pop|electronic dance music|house music|new wave|sophisti-pop|synth-pop,"Electronic and dance|Other genres|Pop, soul and R&B|Punk and new wave",Q208909|Q56404384,Parlophone|Rhino,Q336278|Q433587,Chris Lowe|Neil Tennant,Pet Shop Boys,strict,UK001F,London,12666099.0,True,True,True,1980
53,6waa8mKu91GjzD4NlONlNJ,The Hollies,Q282925,10112715,1450461,The Hollies,1962.0,Q11399|Q546264,beat music|rock music,Rock and indie,Q193023|Q208909|Q216364,Capitol Records|Epic Records|Parlophone,,,The Hollies,strict,UK008F,Manchester,3595966.0,True,True,True,1960
54,5lpH0xAS4fVfLkACg9DAuM,Wham!,Q744087,10018855,3400543,Wham!,1981.0,Q187760|Q37073|Q885561,blue-eyed soul|new wave|pop music,"Pop, soul and R&B|Punk and new wave",Q183387|Q216364,Columbia Records|Epic Records,Q1195390|Q130311,Andrew Ridgeley|George Michael,Wham!,strict,UK001F,London,12666099.0,True,True,True,1980
55,536BYVgOnRky0xjsPT96zl,Two Door Cinema Club,Q777302,9884423,2655723,Two Door Cinema Club,2007.0,Q183504|Q188450,electropop|indie rock,"Pop, soul and R&B|Rock and indie",Q917561,Kitsuné,,,Two Door Cinema Club,strict,UK012F,Belfast,817574.0,True,True,True,2000
56,0RUEHcBiENFEqxgicqS2ig,The Stranglers,Q1532854,9836875,862339,The Stranglers,1974.0,Q187760|Q3071,new wave|punk rock,Punk and new wave,Q1542119|Q183412|Q216364|Q603117,Castle Communications|EMI|Epic Records|United Artists Records,,,The Stranglers,strict,UK033F,Guildford,285643.0,True,True,True,1970
57,6hN9F0iuULZYWXppob22Aj,Simple Minds,Q748836,9628717,2504682,Simple Minds,1977.0,Q1298934|Q187760|Q217467|Q379033|Q598929,arena rock|art rock|new wave|post-punk|synth-pop,Electronic and dance|Punk and new wave|Rock and indie,Q1088453|Q203059|Q277626|Q8074157,A&M Records|Chrysalis Records|Virgin Records|Zoom Records,Q115049|Q1928505|Q260841,Charlie Burchill|Jim Kerr|Mick MacNeil,Simple Minds,strict,UK004F,Glasgow,1895840.0,True,True,True,1970
58,2wpWOzQE5TpA0dVnh5YD08,Bronski Beat,Q927927,9566679,730877,Bronski Beat,1983.0,Q1298934|Q187760|Q2281409|Q606393,Hi-NRG|dance-rock|new wave|synth-pop,Electronic and dance|Other genres|Punk and new wave|Rock and indie,Q935090,London Records,Q104668138|Q455704|Q52907612,Jimmy Somerville|Larry Steinbachek|Steve Bronski,Bronski Beat,strict,UK001F,London,12666099.0,True,True,True,1980
59,4Ly0KABsxlx4fNj63zJTrF,Seafret,Q28109766,9520023,1149369,Seafret,2015.0,Q1317816,indie folk,Other genres,Q183387,Columbia Records,,,Seafret,strict,UK026F,Hull,631285.0,True,True,True,2010
60,3CkvROUTQ6nRi9yQOcsB50,Genesis,Q151012,9434858,3958098,Genesis,1967.0,Q217191|Q217467|Q3397882|Q49451,art rock|progressive pop|progressive rock|soft rock,"Pop, soul and R&B|Rock and indie",Q1063242|Q202440|Q287177|Q557632|Q585643,ABC Records|Atco Records|Atlantic Records|Charisma|Decca,Q1070766|Q144622|Q175195|Q278108|Q312797|Q315811|Q321092|Q321332|Q453600|Q740668,Anthony Phillips|Bill Bruford|Chester Thompson|Daryl Stuermer|Mike Rutherford|Peter Gabriel|Phil Collins|Ray Wilson|Steve Hackett|Tony Banks,Genesis (band),strict,UK033F,Guildford,285643.0,True,True,True,1960
61,2urZrEdsq72kx0UzfYN8Yv,Spandau Ballet,Q16011,9335819,1587103,Spandau Ballet,1979.0,Q187760|Q885561,blue-eyed soul|new wave,"Pop, soul and R&B|Punk and new wave",Q1088453|Q216364,Chrysalis Records|Epic Records,,,Spandau Ballet,strict,UK001F,London,12666099.0,True,True,True,1970
62,69MEO1AADKg1IZrq2XLzo5,UB40,Q560153,9327767,2783787,UB40,1978.0,Q212688|Q37073|Q9794,dub music|pop music|reggae,"Other genres|Pop, soul and R&B",Q277626|Q5204852,A&M Records|DEP International,Q109453496|Q109453542|Q109453627|Q109453658|Q1375809|Q18325479|Q4811478|Q5314293|Q5325853|Q7052334|Q99678035|Q99690139,Ali Campbell|Astro|Brian Travers|Duncan Campbell|Earl Falconer|James Brown|Jimmy Lynn|Matt Doyle|Michael Virtue|Norman Hassan|Robin Campbell|Yomi Babayemi,UB40,strict,UK002F,Birmingham,3247941.0,True,True,True,1970
63,1GhPHrq36VKCY3ucVaZCfo,The Chemical Brothers,Q208507,9143502,2435363,The Chemical Brothers,1989.0,Q11399|Q2572585|Q3071|Q484641|Q9778,electronic music|pop rap|pop rock|punk rock|rock music,"Electronic and dance|Pop, soul and R&B|Punk and new wave|Rock and indie",Q1200368|Q2879885|Q6313173,Astralwerks|Freestyle Dust|Junior Boy's Own,,,The Chemical Brothers,strict,UK008F,Manchester,3595966.0,True,True,True,1980
64,1fa0cOhromAZdq2xRA4vv8,Simply Red,Q339430,9097250,2960800,Simply Red,1984.0,Q105527|Q131272|Q264289|Q37073|Q484641|Q885561,blue-eyed soul|jazz fusion|pop music|pop rock|sophisti-pop|soul,"Other genres|Pop, soul and R&B",Q2576206|Q726251,East West Records|Elektra,Q10382492|Q5504973|Q982709,Fritz McIntyre|Mick Hucknall|Tim Kellett,Simply Red,strict,UK008F,Manchester,3595966.0,True,True,True,1980
65,6J7biCazzYhU3gM9j1wfid,Jamiroquai,Q202041,9068742,3053662,Jamiroquai,1992.0,Q11366|Q164444|Q221772|Q2281409|Q37073|Q38656|Q7067688|Q835891,acid jazz|alternative rock|dance-rock|funk|funk rock|jazz-funk|nu-funk|pop music,"Other genres|Pop, soul and R&B|Rock and indie",Q165745|Q183387|Q216364|Q3001888|Q330629,"Columbia Records|Epic Records|Mercury Records|Sony BMG Music Entertainment, Inc.|Sony Music",Q112416859|Q1520989|Q2420362|Q259691|Q2841126|Q3299490|Q3876010|Q3992120|Q5803627|Q6166142|Q7519091|Q84981215|Q99675869|Q99676229|Q99695664,Derrick McKenzie|Glenn Nightingale|Howard Whiddett|Jay Kay|Matt Johnson|Nick Fyffe|Nick Van Gelder|Paul Turner|Rob Harris|Simon Bartholomew|Simon Katz|Sola Akingbola|Stuart Zender|Toby Smith|Wallis Buchanan,Jamiroquai,strict,UK001F,London,12666099.0,True,True,True,1990
66,6mdiAmATAx73kdxrNrnlao,Iron Maiden,Q42482,9029433,10931269,Iron Maiden,1975.0,Q1133657|Q370515|Q38848,heavy metal music|new wave of British heavy metal|traditional heavy metal,Metal,Q193023|Q216364|Q55965015,Capitol Records|EMI|Epic Records,Q1042239|Q1783075|Q1783517|Q1796917|Q1871819|Q190151|Q192094|Q20156166|Q210159|Q212070|Q223202|Q2343382|Q2356540|Q2472572|Q271656|Q2907831|Q313505|Q3370806|Q354174|Q357476|Q472404|Q888884,Adrian Smith|Blaze Bayley|Bob Sawyer|Bruce Dickinson|Clive Burr|Dave Murray|Dave Sullivan|Dennis Stratton|Dennis Wilcock|Doug Sampson|Janick Gers|Nicko McBrain|Paul Cairns|Paul Di'Anno|Paul Mario Day|Ron Matthews|Steve Harris|Terry Rance|Terry Wapram|Thunderstick|Tony Moore|Tony Parsons,Iron Maiden,strict,UK001F,London,12666099.0,True,True,True,1970
67,6xeFne1rkxMhKSW3ipvkdV,Toploader,Q1742953,8829850,146489,Toploader,1997.0,Q183504,indie rock,Rock and indie,Q7388256,Sony Soho Square,,,Toploader,strict,UK055F,Eastbourne,104259.0,True,True,True,1990
68,0yNLKJebCb8Aueb54LYya3,New Order,Q214990,8786188,2651294,New Order,1980.0,Q1298934|Q187760|Q2187392|Q598929|Q851213,alternative dance|electronic dance music|new wave|post-punk|synth-pop,Electronic and dance|Other genres|Punk and new wave,Q2400027|Q240804|Q3414893|Q578943|Q645889|Q843402|Q935090,Factory Benelux|Factory Records|London Records|Mute Records|Qwest Records|Reprise Records|Warner Bros. Records,Q16213904|Q271981|Q431244|Q438885|Q539897|Q741390,Bernard Sumner|Gillian Gilbert|Peter Hook|Phil Cunningham|Stephen Morris|Tom Chapman,New Order (band),strict,UK008F,Manchester,3595966.0,True,True,True,1980
69,6FXMGgJwohJLUSr5nVlf9X,Massive Attack,Q357418,8692931,2943616,Massive Attack,1988.0,Q205560|Q817138,electronica|trip hop,Electronic and dance,Q183412,EMI,Q712176|Q925619,Daddy G|Robert Del Naja,Massive Attack,strict,UK011F,Bristol,1025309.0,True,True,True,1980
70,67ea9eGLXYMsO2eYQRui3w,The Who,Q93346,8659112,6100346,The Who,1964.0,Q11399|Q217467|Q45981|Q49451|Q56351111|Q83270,art rock|classic rock|hard rock|progressive rock|rhythm and blues|rock music,"Pop, soul and R&B|Rock and indie",Q155152|Q557632|Q585643|Q843402|Q994175,Atco Records|Brunswick Records|Decca|Polydor Records|Warner Bros. Records,Q211696|Q215835|Q26933|Q282397|Q311672,John Entwistle|Keith Moon|Kenney Jones|Pete Townshend|Roger Daltrey,The Who,strict,UK001F,London,12666099.0,True,True,True,1960
71,5VadK1havLhK1OpKYsXv9y,D-Block Europe,Q63313993,8351560,1930307,D-Block Europe,,,,,,,Q130045759|Q136473658,Dirtbike LB|Young Adz,D-Block Europe,strict,UK001F,London,12666099.0,True,False,False,
72,3XHO7cRUPCLOr6jwp8vsx5,alt-J,Q47996,8110938,3499216,alt-J,2008.0,Q1435509|Q183504|Q217467|Q842324,art rock|folktronica|indie pop|indie rock,"Other genres|Pop, soul and R&B|Rock and indie",Q1253168|Q202440,Atlantic Records|Infectious Music,,,Alt-J,strict,UK003F,Leeds,3070506.0,True,True,True,2000
73,1A92IAcd7A6npCA33oGM5i,The Proclaimers,Q289622,8100195,438174,The Proclaimers,1983.0,Q186472|Q2662148|Q484641|Q613408|Q783097,Celtic rock|college rock|country rock|folk rock|pop rock,"Other genres|Pop, soul and R&B|Rock and indie",Q1088453,Chrysalis Records,Q69663306|Q69663408,Charlie Reid|Craig Reid,The Proclaimers,excluded_no_defensible_fua,,,,False,True,True,1980
74,4QTVePrFu1xuGM9K0kNXkk,Dexys Midnight Runners,Q247259,7999321,384886,Dexys Midnight Runners,1978.0,Q187760|Q37073,new wave|pop music,"Pop, soul and R&B|Punk and new wave",Q55965015,EMI,Q321625|Q335788,Kevin Rowland|Vincent Crane,Dexys Midnight Runners,strict,UK002F,Birmingham,3247941.0,True,True,True,1970
75,1SQRv42e4PjEYfPhS0Tk9E,The Kinks,Q188713,7864488,2958309,The Kinks,1964.0,Q11399|Q211573|Q253137|Q27190|Q83270|Q837837,garage rock|hard rock|power pop|proto-punk|rock music|rock opera,"Pop, soul and R&B|Punk and new wave|Rock and indie",Q202585|Q2117397|Q2338889|Q330629|Q38903|Q6429478|Q645889|Q664167|Q935090,Arista Records|Konk|London Records|MCA Records|Pye Records|RCA Records|Reprise Records|Sony Music|Universal Music Group,Q136108838|Q2099882|Q2849156|Q2907701|Q2960905|Q3147267|Q3178934|Q3181320|Q3181619|Q357455|Q364890,Andy Pyle|Bob Henrit|Dave Davies|Gordon John Edwards|Ian Gibbons|Jim Rodford|John Dalton|John Gosling|Mick Avory|Pete Quaife|Ray Davies,The Kinks,strict,UK001F,London,12666099.0,True,True,True,1960
76,3JsMj0DEzyWc0VDlHuy9Bx,Supertramp,Q176457,7695790,4214119,Supertramp,1969.0,Q11399|Q49451,progressive rock|rock music,Rock and indie,Q1088453|Q277626,A&M Records|Chrysalis Records,Q2680519|Q3037986|Q3113012|Q3177629|Q380988|Q3814310|Q5040905|Q5132633|Q5486556|Q560040|Q6515285|Q7347677|Q952496|Q953895,Bob Siebenberg|Carl Verheyen|Cliff Hugo|Dougie Thomson|Frank Farrell|Jesse Siebenberg|John Helliwell|Keith Baker|Lee Thornburg|Mark Hart|Richard Palmer-James|Rick Davies|Robert Millar|Roger Hodgson,Supertramp,strict,UK001F,London,12666099.0,True,True,True,1960
77,5cIc3SBFuBLVxJz58W2tU9,Oh Wonder,Q21452721,7552797,1128715,Oh Wonder,2014.0,,,,Q190585|Q5045044,Island Records|Virgin Music,,,Oh Wonder,strict,UK001F,London,12666099.0,True,False,True,2010
78,2nm38smINjms1LtczR0Cei,Goodboys,Q65052503,7292613,130149,Goodboys,,Q11401|Q20502|Q2572585|Q2913982,hip-hop|house music|pop rap|trap music,"Electronic and dance|Other genres|Pop, soul and R&B",Q50133002,Virgin,Q135041663|Q135041665,Ethan Shore|Joshua Alexander Grimmett,Goodboys,strict,UK001F,London,12666099.0,True,True,False,
79,2NhdGz9EDv2FeUw6udu2g1,The Wanted,Q34918,7143333,2480552,The Wanted,2009.0,Q373342,popular music,"Pop, soul and R&B",Q212699,Geffen Records,Q18921780,Max George,The Wanted,strict,UK001F,London,12666099.0,True,True,True,2000
80,6kz53iCdBSqhQCZ21CoLcc,Culture Club,Q50037,7076755,1913999,Culture Club,1981.0,Q37073,pop music,"Pop, soul and R&B",Q203059|Q216364,Epic Records|Virgin Records,Q1248667|Q312883|Q350029|Q5612943,Boy George|Jon Moss|Mikey Craig|Roy Hay,Culture Club,strict,UK001F,London,12666099.0,True,True,True,1980
81,568ZhdwyaiCyOGJRtNYhWf,Deep Purple,Q101505,6998809,6229490,Deep Purple,1968.0,Q1133657|Q206159|Q49451|Q56351111|Q83270,classic rock|hard rock|progressive rock|psychedelic rock|traditional heavy metal,Metal|Rock and indie,Q1324712|Q155152|Q183412|Q21077|Q2859201|Q3519170|Q3629023|Q523563|Q770103|Q796316|Q843402,Aquarius Records|BMG Rights Management|Bertelsmann Music Group|EMI|EMI Records|Edel Records|Harvest|Polydor Records|Tetragrammaton Records|Warner Bros. Records|Warner Music Group,Q205230|Q213609|Q216700|Q310708|Q7519323,Don Airey|Ian Gillan|Ian Paice|Roger Glover|Simon McBride,Deep Purple,strict,UK001F,London,12666099.0,True,True,True,1960
82,1GLtl8uqKmnyCWxHmw9tL4,The Kooks,Q211768,6950019,2737101,The Kooks,2004.0,Q11366|Q183504|Q189045|Q1899347|Q842324,Britpop|alternative rock|indie pop|indie rock|post-punk revival,"Pop, soul and R&B|Punk and new wave|Rock and indie",Q203059|Q3629023,EMI Records|Virgin Records,,,The Kooks,strict,UK515F,Brighton and Hove,451122.0,True,True,True,2000
83,3K2zB87GZv1krx031en5VA,La Roux,Q200002,6858904,712440,La Roux,2008.0,Q1298934,synth-pop,Electronic and dance,Q155152|Q917561,Kitsuné|Polydor Records,Q988996,Elly Jackson,La Roux,strict,UK001F,London,12666099.0,True,True,True,2000
84,6i6WlGzQtXtz7GcC5H5st5,10cc,Q169145,6808182,952868,10cc,1972.0,Q11399|Q217191|Q217467|Q25094849|Q3397882,art pop|art rock|progressive pop|rock music|soft rock,"Pop, soul and R&B|Rock and indie",Q2467208,UK Records,,,10cc,strict,UK008F,Manchester,3595966.0,True,True,True,1970
85,240wlM8vDrf6S4zCyzGj2W,CamelPhat,Q21008079,6543464,572358,CamelPhat,2008.0,Q20502|Q874038,deep house|house music,Electronic and dance|Other genres,Q2743409,Xploded Music,Q136351731|Q6846565,Dave Whelan|Mike Di Scala,CamelPhat,strict,UK006F,Liverpool,1597536.0,True,True,True,2000
86,1XgFuvRd7r5g0h844A5ZUQ,Take That,Q152066,6539015,1517488,Take That,1990.0,Q164444|Q37073,funk|pop music,"Pop, soul and R&B",Q3233924|Q796316,BMG Rights Management|CBS Records,Q130547|Q130557|Q130565|Q328753|Q47875,Gary Barlow|Howard Donald|Jason Orange|Mark Owen|Robbie Williams,Take That,strict,UK008F,Manchester,3595966.0,True,True,True,1990
87,3UbyYnvNIT5DFXU4WgiGpP,Whitesnake,Q189965,6249726,3532823,Whitesnake,1978.0,Q193355|Q83270,blues rock|hard rock,Rock and indie,Q212699,Geffen Records,Q115962|Q192114|Q3856676|Q720305|Q722240,Bernie Marsden|David Coverdale|Jon Lord|Michele Luppi|Micky Moody,Whitesnake,strict,UK559F,Middlesbrough,600369.0,True,True,True,1970
88,7gAppWoH7pcYmphCVTXkzs,The Vamps,Q15042553,6167219,5952843,The Vamps,2012.0,Q37073|Q842324,indie pop|pop music,"Pop, soul and R&B",Q13218788|Q165745|Q55965015,EMI|Mercury Records|Virgin EMI Records,Q27836004|Q27836012|Q27836043|Q27839463,Bradley Simpson|Connor Ball|James McVey|Tristan Evans,The Vamps (British band),strict,UK001F,London,12666099.0,True,True,True,2010
89,1aX2dmV8XoHYCOQRxjPESG,The Human League,Q730158,6085844,1370364,The Human League,1977.0,Q1298934|Q187760|Q485395|Q598929|Q9778,electronic music|gothic rock|new wave|post-punk|synth-pop,Electronic and dance|Punk and new wave,Q183412|Q203059|Q2310327|Q2576206|Q264137|Q277626|Q7133008|Q976267,A&M Records|Caroline Records|EMI|East West Records|Fast Product|Papillon Records|Virgin Records|Wall of Sound,Q1350596|Q2005919,Joanne Catherall|Philip Oakey,The Human League,strict,UK010F,Sheffield,1217504.0,True,True,True,1970
90,0GByy3DcfbQwDvXGCWmzv9,Pretenders,Q667389,6044974,1771319,The Pretenders,1978.0,Q11366|Q11399,alternative rock|rock music,Rock and indie,Q165711|Q843402,Sire|Warner Bros. Records,Q239202|Q342253|Q6775133|Q708007,Chrissie Hynde|James Honeyman-Scott|Martin Chambers|Pete Farndon,The Pretenders,excluded_no_defensible_fua,,,,False,True,True,1970
91,2VAnyOxzJuSAj7XIuEOT38,AlunaGeorge,Q10353,6010368,456793,AlunaGeorge,2009.0,Q1165777|Q1298934|Q205560|Q37073|Q45981|Q850412|Q9778,UK garage|contemporary R&B|electronic music|pop music|rhythm and blues|synth-pop|trip hop,"Electronic and dance|Other genres|Pop, soul and R&B",Q18155323|Q190585|Q38903,Island Records|Tri Angle|Universal Music Group,Q99675840,Aluna Francis,AlunaGeorge,strict,UK001F,London,12666099.0,True,True,True,2000
92,6liAMWkVf5LH7YR9yfFy1Y,Portishead,Q191352,5958911,2540792,Portishead,1991.0,Q11366|Q1641839|Q205560|Q251192|Q817138,alternative rock|downtempo|electronica|experimental rock|trip hop,Electronic and dance|Other genres|Rock and indie,Q1533331|Q190585,Go! Discs|Island Records,Q1373294,Geoff Barrow,Portishead (band),strict,UK011F,Bristol,1025309.0,True,True,True,1990
93,6MUyqmIQ35inLjch0YzIEG,Frou Frou,Q2629330,5930276,419619,Frou Frou,2002.0,Q817138,electronica,Electronic and dance,Q190585,Island Records,Q230484|Q2522695,Guy Sigsworth|Imogen Heap,Frou Frou,strict,UK001F,London,12666099.0,True,True,True,2000
94,6aq8T2RcspxVOGgMrTzjWc,Soft Cell,Q1329303,5766246,869007,Soft Cell,1980.0,Q1298934|Q187760|Q188450|Q25094849|Q316930|Q37073|Q3840596|Q598929|Q6865341|Q851213|Q9778|Q98528171,art pop|dance music|dark wave|electronic dance music|electronic music|electropop|minimal synth|minimal wave|new wave|pop music|post-punk|synth-pop,"Electronic and dance|Other genres|Pop, soul and R&B|Punk and new wave",Q3489789,Some Bizzare,Q452166,Marc Almond,Soft Cell,strict,UK003F,Leeds,3070506.0,True,True,True,1980
95,7bPU7cvfoD20ixGD9Qnqki,Stealers Wheel,Q283638,5726001,253056,Stealers Wheel,1972.0,Q484641,pop rock,"Pop, soul and R&B",Q277626,A&M Records,Q110919|Q1580631,Gerry Rafferty|Joe Egan,Stealers Wheel,strict,UK004F,Glasgow,1895840.0,True,True,True,1970
96,2TzHIUhVpeeDxyJPpQfnV3,Katrina & The Waves,Q934582,5671000,171867,Katrina and the Waves,1981.0,Q11399|Q187760|Q37073|Q484641,new wave|pop music|pop rock|rock music,"Pop, soul and R&B|Punk and new wave|Rock and indie",Q183412|Q193023|Q21077|Q2511544|Q4818321,Attic|Capitol Records|EMI|SBK Records|Warner Music Group,Q166769,Katrina Leskanich,Katrina and the Waves,strict,UK017F,Cambridge,414802.0,True,True,True,1980
97,0HxX6imltnNXJyQhu4nsiO,LF SYSTEM,Q113022702,5611864,113693,LF System,2019.0,Q20502,house music,Electronic and dance,Q21077,Warner Music Group,,,LF System,strict,UK007F,Edinburgh,932180.0,True,True,True,2010
98,13ccXrK7AmXb4TddMkE7jy,Everything But The Girl,Q313779,5607393,480010,Everything but the Girl,1982.0,Q37073,pop music,"Pop, soul and R&B",Q165711|Q202440,Atlantic Records|Sire,Q2895586|Q438874,Ben Watt|Tracey Thorn,Everything but the Girl,strict,UK026F,Hull,631285.0,True,True,True,1980
99,47Z8LEl3LnQkcpva0xSthT,The La's,Q1860769,5581915,320009,The La's,1984.0,Q842324,indie pop,"Pop, soul and R&B",Q1533331,Go! Discs,Q3829378|Q47389111|Q47389181,Lee Mavers|Neil Mavers|Peter Cammell,The La's,strict,UK006F,Liverpool,1597536.0,True,True,True,1980
100,3iOvXCl6edW5Um0fXEBRXy,The xx,Q869367,5459918,3911861,The xx,2005.0,Q842324,indie pop,"Pop, soul and R&B",Q1123947,XL Recordings,Q24064084|Q24064114|Q263726,Jamie xx|Oliver Sim|Romy Madley-Croft,The xx,strict,UK001F,London,12666099.0,True,True,True,2000
101,32ogthv0BdaSMPml02X9YB,The Cinematic Orchestra,Q1087300,5329785,811495,The Cinematic Orchestra,1999.0,Q1136331|Q251192|Q817138|Q8341,downtempo|electronica|jazz|nu jazz,Electronic and dance|Other genres,Q1238400|Q1358555,Domino Recording Company|Ninja Tune,,,The Cinematic Orchestra,strict,UK001F,London,12666099.0,True,True,True,1990
102,20p5D2KrE8CGuOjHtxsyTp,Fine Young Cannibals,Q14528,5309505,1018624,Fine Young Cannibals,1984.0,Q11366|Q187760,alternative rock|new wave,Punk and new wave|Rock and indie,Q2265719|Q935090,I.R.S. Records|London Records,Q952724,Roland Gift,Fine Young Cannibals,strict,UK002F,Birmingham,3247941.0,True,True,True,1980
103,21UJ7PRWb3Etgsu99f8yo8,Stereophonics,Q28963,5187258,1843050,Stereophonics,1992.0,Q11366|Q3231749|Q83270,alternative rock|hard rock|post-Britpop,"Pop, soul and R&B|Rock and indie",Q6753829,MapleMusic Recordings,Q2355882,Stuart Cable,Stereophonics,strict,UK009F,Cardiff,939371.0,True,True,True,1990
104,78SHxLdtysAXgywQ4vE0Oa,Bush,Q247949,5127264,2264067,Bush,1992.0,Q11366|Q379671,alternative rock|post-grunge,Other genres|Rock and indie,Q1273666|Q202440,Atlantic Records|MNRK Music Group,Q3675573|Q432743|Q5866024,Chris Traynor|Gavin Rossdale|Robin Goodridge,Bush (British band),strict,UK001F,London,12666099.0,True,True,True,1990
105,5Wabl1lPdNOeIn0SQ5A1mp,Cocteau Twins,Q588820,5124023,1683661,Cocteau Twins,1979.0,Q272167|Q284543|Q485395|Q592330|Q598929,dream pop|ethereal wave|gothic rock|post-punk|shoegaze,"Other genres|Pop, soul and R&B|Punk and new wave|Rock and indie",Q238095,4AD,Q289569|Q3939268|Q7519623|Q8002855,Elizabeth Fraser|Robin Guthrie|Simon Raymonde|Will Heggie,Cocteau Twins,strict,UK551F,Falkirk,160020.0,True,True,True,1970
106,7iWiAD5LLKyiox2grgfmUT,Bullet For My Valentine,Q485385,5036374,3716305,Bullet for My Valentine,1998.0,Q10926|Q11363|Q377910|Q38848|Q4490718|Q83270,emo|hard rock|heavy metal music|melodic metalcore|post-hardcore|screamo,Metal|Other genres|Punk and new wave|Rock and indie,Q183387|Q202585|Q2093972|Q707689|Q912649,Columbia Records|GUN Records|RCA Records|Trustkill Records|Visible Noise,Q56416973|Q855207,Jamie Mathias|Matthew Tuck,Bullet for My Valentine,excluded_no_defensible_fua,,,,False,True,True,1990
107,4k1ELeJKT1ISyDv8JivPpB,The Prodigy,Q7256860,5031555,3074898,The Prodigy,1990.0,Q11366|Q1585075|Q170611|Q2084353|Q2187392|Q325504|Q817138|Q858579|Q898709,alternative dance|alternative rock|big beat|breakbeat hardcore|electronic rock|electronica|electronicore|rave music|techno,Electronic and dance|Other genres|Punk and new wave|Rock and indie,Q1123947|Q126039|Q2016567|Q21077|Q240804|Q3929395|Q726251,Beggars Banquet Records|Elektra|Maverick|Mute Records|Ragged Flag|Warner Music Group|XL Recordings,Q1776790|Q388259|Q554835|Q95266779,David Santos|Keith Flint|Leeroy Thornhill|Liam Howlett,The Prodigy,excluded_no_defensible_fua,,,,False,True,True,1990
108,2jgPkn6LuUazBoBk6vvjh5,The Zombies,Q1163207,5025277,1164571,The Zombies,1961.0,Q11399|Q206159|Q217191|Q46046|Q484641|Q546264|Q7749,baroque pop|beat music|pop rock|psychedelic rock|rock and roll|rock music|soft rock,"Pop, soul and R&B|Rock and indie",Q183387|Q2413622|Q2630076|Q2792712|Q5227548|Q557632|Q7304384,Columbia Records|Date Records|Decca|Parrot|Red House Records|The End Records|Tower Records,Q1108375|Q1355924|Q139181438|Q1895317|Q1997514|Q2398570|Q2907701|Q2964894|Q3178934|Q5222712|Q9075366,Bob Henrit|Chris White|Colin Blunstone|Darian Sahanaja|Hugh Grundy|Jim Rodford|Paul Atkinson|Rod Argent|Russ Ballard|Sebastián Santa María,The Zombies,strict,UK001F,London,12666099.0,True,True,True,1960
109,72VzFto8DYvKHocaHYNWSi,Hot Chocolate,Q1368881,5017699,393132,Hot Chocolate,1969.0,Q131272|Q164444|Q37073|Q58339,disco|funk|pop music|soul,"Other genres|Pop, soul and R&B",Q213710|Q3844913|Q478062|Q4906603,Apple Records|Big Tree Records|Manticore Records|RAK,Q1361609,Errol Brown,Hot Chocolate,strict,UK001F,London,12666099.0,True,True,True,1960
110,2m62cc253Xvd9qYQ8d2X3d,The Alan Parsons Project,Q533478,4991688,1804870,The Alan Parsons Project,1975.0,Q217467|Q49451,art rock|progressive rock,Rock and indie,Q1063242|Q664167,Arista Records|Charisma,Q212089|Q450400,Alan Parsons|Eric Woolfson,The Alan Parsons Project,strict,UK001F,London,12666099.0,True,True,True,1970
111,3jNkaOXasoc7RsxdchvEVq,Chase & Status,Q1067983,4913546,1285130,Chase & Status,2003.0,Q11401|Q1166726|Q1756101|Q188994|Q20474,drum and bass|dubstep|grime|hip-hop|nu skool breaks,Electronic and dance|Other genres,Q1194456|Q1330417|Q165745|Q4048005,Mercury Records|RAM Records|Roc Nation|Vertigo Records,,,Chase & Status,strict,UK001F,London,12666099.0,True,True,True,2000
112,3sFhA6G1N0gG1pszb6kk1m,Wings,Q622988,4863252,1356305,Wings,1971.0,Q217191|Q484641,pop rock|soft rock,"Pop, soul and R&B|Rock and indie",Q183387|Q193023|Q213710,Apple Records|Capitol Records|Columbia Records,Q228899|Q3023232|Q3084069|Q935864,Denny Seiwell|Henry McCullough|Laurence Juber|Linda McCartney,Paul McCartney and Wings,excluded_no_defensible_fua,,,,False,True,True,1970
113,3w4VAlllkAWI6m0AV0Gn6a,Hurts,Q493042,4854547,380397,Hurts,2009.0,Q1298934,synth-pop,Electronic and dance,Q202585,RCA Records,Q2584589|Q3917813,Adam Anderson|Theo Hutchcraft,Hurts (duo),strict,UK008F,Manchester,3595966.0,True,True,True,2000
114,0z5DFXmhT4ZNzWElsM7V89,Erasure,Q484885,4832016,1261829,Erasure,1985.0,Q1298934|Q187760,new wave|synth-pop,Electronic and dance|Punk and new wave,Q240804,Mute Records,Q312060|Q514969,Andy Bell|Simon Le Bon,Erasure (duo),excluded_no_defensible_fua,,,,False,True,True,1980
115,0TcYeHEK9sBtv7xPbKhzHz,Chumbawamba,Q1089523,4700579,225650,Chumbawamba,1982.0,Q186472|Q3071|Q316930|Q486365|Q598929,anarcho-punk|dance music|folk rock|post-punk|punk rock,Electronic and dance|Other genres|Punk and new wave,Q1273666|Q183412|Q1848933|Q7044444,EMI|MNRK Music Group|No Masters|One Little Independent Records,Q12495325|Q131318755|Q131318795|Q131318802|Q19956501|Q21266341|Q4726039|Q4937279|Q5214945|Q7182192|Q99670520,Alice Nutter|Boff Whalley|Danbert Nobacon|Dunstan Bruce|Harry Hamer|Jude Abbott|Lou Watts|Mavis Dillon|Neil Ferguson|Paul Greco|Phil Moody,Chumbawamba,strict,UK050F,Burnley,199010.0,True,True,True,1980
116,0uAjBatvB4ubpd4kCfjmNt,A Flock Of Seagulls,Q300409,4670482,774464,A Flock of Seagulls,1979.0,Q1298934|Q187760|Q597240,New Romantic|new wave|synth-pop,Electronic and dance|Other genres|Punk and new wave,Q27184,Jive Records,Q6848741|Q7153202,Mike Score|Paul Reynolds,A Flock of Seagulls,strict,UK006F,Liverpool,1597536.0,True,True,True,1970
117,72X6FHxaShda0XeQw3vbeF,Slowdive,Q1502037,4658345,1560399,Slowdive,1989.0,Q183504|Q272167,indie rock|shoegaze,Rock and indie,Q1139341|Q5245342,Creation Records|Dead Oceans,Q124154496|Q1776073|Q33233662|Q3928560|Q7519748,Christian Savill|Neil Halstead|Nick Chaplin|Rachel Goswell|Simon Scott,Slowdive,strict,UK552F,Reading,370107.0,True,True,True,1980
118,0sHeX8oQ6o7xic3wMf4NBU,Supergrass,Q1120684,4645328,719253,Supergrass,1993.0,Q11366|Q183504|Q189045,Britpop|alternative rock|indie rock,"Pop, soul and R&B|Rock and indie",Q183412|Q193023|Q208909|Q2996526|Q7068342,Capitol Records|Cooking Vinyl|EMI|Nude Records|Parlophone,Q3065706,Gaz Coombes,Supergrass,strict,UK560F,Oxford,606748.0,True,True,True,1990
119,74oJ4qxwOZvX6oSsu1DGnw,Cream,Q203736,4518268,2788886,Cream,1966.0,Q106581777|Q11399|Q193355|Q206159|Q236932|Q38848|Q83270,acid rock|blues rock|hard rock|heavy metal music|jam band music|psychedelic rock|rock music,Metal|Other genres|Rock and indie,Q155152|Q3421539|Q585643,Atco Records|Polydor Records|Reaction,Q122232|Q313683|Q48187,Eric Clapton|Ginger Baker|Jack Bruce,Cream (band),strict,UK001F,London,12666099.0,True,True,True,1960
120,1DFr97A9HnbV3SKTJFu62M,Motörhead,Q19697,4453633,4680274,Motörhead,1975.0,Q211723|Q38848|Q83270,hard rock|heavy metal music|speed metal,Metal|Rock and indie,Q1093518|Q1347984|Q216364|Q4818321|Q671229|Q694052,Attic|Bronze|Epic Records|GWR Records|SPV GmbH|Sanctuary Records,Q1385386|Q2262996|Q282094|Q309926|Q3302145|Q366807|Q463958|Q588175|Q717066|Q980220,Brian Robertson|Eddie Clarke|Larry Wallis|Lemmy|Lucas Fox|Mikkey Dee|Pete Gill|Phil Campbell|Phil Taylor|Würzel,Motörhead,strict,UK001F,London,12666099.0,True,True,True,1970
121,7AC976RDJzL2asmZuz7qil,Yes,Q184386,4447983,2203167,Yes,1968.0,Q217467|Q49451|Q719927,art rock|progressive rock|symphonic rock,Rock and indie,Q202440|Q585643|Q726251,Atco Records|Atlantic Records|Elektra,Q304885|Q312053|Q312691|Q312797|Q313749|Q381450,Bill Bruford|Chris Squire|Jon Anderson|Peter Banks|Rick Wakeman|Steve Howe,Yes (band),strict,UK001F,London,12666099.0,True,True,True,1960
122,6fvN9GmMCVKb5LY0WsnjFP,Nazareth,Q683695,4341186,1724966,Nazareth,1968.0,Q1133657|Q83270,hard rock|traditional heavy metal,Metal|Rock and indie,Q6907678,Mooncrest,Q673638|Q938679,Dan McCafferty|John Locke,Nazareth (band),reviewed_extended,UK007F,Edinburgh,932180.0,True,True,True,1960
123,6FQqZYVfTNQ1pCqfkwVFEa,Foals,Q728958,4201622,1504353,Foals,2005.0,Q1132152|Q11366|Q1641839|Q1643549|Q183504|Q209137|Q217467,alternative rock|art rock|dance-punk|experimental rock|indie rock|math rock|post-rock,Punk and new wave|Rock and indie,Q126399|Q4051704|Q778673|Q843402,Sub Pop|Transgressive Records|Warner Bros. Entertainment|Warner Bros. Records,Q2193979,Yannis Philippakis,Foals (band),strict,UK560F,Oxford,606748.0,True,True,True,2000
124,48nHO1cuTbpx4ELhChsxX1,Sidewalks and Skeletons,Q58884625,4198181,530960,SIDEWALKS AND SKELETONS,2012.0,,,,,,,,,excluded_no_defensible_fua,,,,False,False,True,2010
125,6IZ4ctovY9dl7bgHClAvKJ,LSD,Q52397902,4191261,387536,LSD,2018.0,Q188450|Q205560|Q37073|Q383982,electropop|pop music|psychedelic pop|trip hop,"Electronic and dance|Pop, soul and R&B",Q183387,Columbia Records,Q181484|Q48959|Q533781,Diplo|Labrinth|Sia,LSD (group),excluded_no_defensible_fua,,,,False,True,True,2010
126,0s4kXsjYeH0S1xRyVGN4NO,FLO,Q111548374,4183163,626883,Flo,,Q37073|Q850412,contemporary R&B|pop music,"Pop, soul and R&B",Q190585|Q4413456,Island Records|Republic Records,,,Flo (group),excluded_no_defensible_fua,,,,False,True,False,
127,4GITZM5LCR2KcdlgEOrNLD,The Foundations,Q1421054,4165829,169026,The Foundations,1967.0,Q131272,soul,"Pop, soul and R&B",Q2117397,Pye Records,Q5131171,Clem Curtis,The Foundations,strict,UK001F,London,12666099.0,True,True,True,1960
128,3CjlHNtplJyTf9npxaPl5w,CHVRCHES,Q5118436,4152413,1434807,Chvrches,2011.0,Q1298934|Q325397,indietronica|synth-pop,Electronic and dance|Rock and indie,Q203059|Q3771894,Glassnote Records|Virgin Records,Q16732185|Q19957522|Q5980413,Iain Cook|Lauren Eve Mayberry|Martin Doherty,Chvrches,strict,UK004F,Glasgow,1895840.0,True,True,True,2010
129,7zrkALJ9ayRjzysp4QYoEg,Maribou State,Q20711766,4147945,527128,Maribou State,2011.0,Q9778,electronic music,Electronic and dance,,,,,Maribou State,excluded_no_defensible_fua,,,,False,True,True,2010
130,432R46LaYsJZV2Gmc4jUV5,Joy Division,Q172763,4140711,2965374,Joy Division,1976.0,Q598929,post-punk,Punk and new wave,Q578943,Factory Records,Q207867|Q431244|Q438885|Q539897|Q6134237,Bernard Sumner|Ian Curtis|Peter Hook|Stephen Morris|Steve Brotherdale,Joy Division,strict,UK008F,Manchester,3595966.0,True,True,True,1970
131,7avo0PmlW8O1YLEt9DnWQT,Studio Killers,Q860988,4136257,305458,Studio Killers,2011.0,Q9778,electronic music,Electronic and dance,,,,,Studio Killers,excluded_no_defensible_fua,,,,False,True,True,2010
132,3M4ThdJR28z9eSMcQHAZ5G,The Fratellis,Q1127565,4131358,958629,The Fratellis,2005.0,Q11366|Q11399|Q1425661|Q183504|Q1899347|Q193355|Q211573|Q3071|Q842324,alternative rock|blues rock|folk punk|garage rock|indie pop|indie rock|post-punk revival|punk rock|rock music,"Pop, soul and R&B|Punk and new wave|Rock and indie",Q190585|Q231694|Q3001888,"Interscope Records|Island Records|Sony BMG Music Entertainment, Inc.",Q4489820,Jon Fratelli,The Fratellis,strict,UK004F,Glasgow,1895840.0,True,True,True,2000
133,2tRsMl4eGxwoNabM08Dm4I,Judas Priest,Q83468,4112763,4744039,Judas Priest,1969.0,Q1133657|Q38848,heavy metal music|traditional heavy metal,Metal,Q216364|Q330629|Q56760250,Epic Records|Sony Music,Q1076623|Q124061597|Q1748845|Q2337755|Q271576|Q317469|Q3179049|Q333335|Q355374|Q355397|Q366819|Q370732|Q374782|Q555983,"Al Atkins|Alan Moore|Chris Campbell|Dave Holland|Glenn Tipton|Ian Hill|John Hinch|K. K. Downing|Les Binks|Richie Faulkner|Rob Halford|Scott Travis|Simon Phillips|Tim ""Ripper"" Owens",Judas Priest,strict,UK002F,Birmingham,3247941.0,True,True,True,1960
134,3dBVyJ7JuOMt4GE9607Qin,T. Rex,Q211770,4010971,1266989,T. Rex,1967.0,Q186472|Q206159,folk rock|psychedelic rock,Other genres|Rock and indie,Q111031086|Q1397914|Q2137237|Q5463202|Q645889,Fat Possum Records|Fly Records|IL|Regal Zonophone|Reprise Records,Q287514|Q3157190,Jack Green|Marc Bolan,T. Rex (band),strict,UK001F,London,12666099.0,True,True,True,1960
135,54QMjE4toDfiCryzYWCpXX,Metronomy,Q151783,3971668,1135985,Metronomy,1999.0,Q187760|Q217597|Q325397|Q4045538|Q842324,electro|indie pop|indietronica|new wave|nu-disco,"Other genres|Pop, soul and R&B|Punk and new wave|Rock and indie",Q2740367,Because Music,Q43459523|Q43459670|Q6285663|Q7088835,Anna Prior|Joseph Mount|Olugbenga Adelekan|Oscar Cash,Metronomy,strict,UK516F,Plymouth,423138.0,True,True,True,1990
136,7Fo8TAyGJr4VmhE68QamMf,Talk Talk,Q595705,3944807,712227,Talk Talk,1981.0,Q11366|Q1298934|Q209137|Q217467,alternative rock|art rock|post-rock|synth-pop,Electronic and dance|Rock and indie,Q1124849|Q155152|Q183412|Q208909,EMI|Parlophone|Polydor Records|Verve Records,Q1389589,Mark Hollis,Talk Talk,strict,UK001F,London,12666099.0,True,True,True,1980
137,0Vw76uk7P8yVtTClWyOhac,HONNE,Q20740961,3880260,1667711,HONNE,2014.0,Q9778,electronic music,Electronic and dance,Q202440,Atlantic Records,,,Honne (band),excluded_no_defensible_fua,,,,False,True,True,2010
138,3sc7iUG1Wwpwx7bHeZolgx,Bananarama,Q725926,3805410,929042,Bananarama,1979.0,Q187760|Q211756,dance-pop|new wave,"Pop, soul and R&B|Punk and new wave",Q136549|Q2733913|Q627091|Q69529331|Q935090,Deram|London Records|M6 Music Label|Rhino Entertainment Company|ZYX Music,Q1141579|Q467621|Q6121072|Q6393817,Jacquie O'Sullivan|Keren Woodward|Sara Dallin|Siobhan Fahey,Bananarama,strict,UK001F,London,12666099.0,True,True,True,1970
139,1PXHzxRDiLnjqNrRn2Xbsa,Underworld,Q849429,3783264,827351,Underworld,1979.0,Q1298934|Q170611|Q915152,progressive house|synth-pop|techno,Electronic and dance|Other genres,Q2996526,Cooking Vinyl,Q16189316|Q20878239|Q3016505,Darren Emerson|Karl Hyde|Rick Smith,Underworld (band),strict,UK009F,Cardiff,939371.0,True,True,True,1970
140,2yEkZBBjhzKzt6LF5XMaFi,Blue,Q32825,3677775,822804,Blue,2000.0,Q373342,popular music,"Pop, soul and R&B",Q16254300,Innocent,Q348944,Simon Webbe,Blue (English group),strict,UK001F,London,12666099.0,True,True,True,2000
141,11wRdbnoYqRddKBrpHt4Ue,Kasabian,Q272517,3649101,1926968,Kasabian,1997.0,Q183504,indie rock,Rock and indie,Q202585,RCA Records,,,Kasabian,strict,UK014F,Leicester,967988.0,True,True,True,1990
142,1uRxRKC7d9zwYGSRflTKDR,SAULT,Q104771175,3625737,653952,Sault,2019.0,,,,,,,,Sault (band),excluded_no_defensible_fua,,,,False,False,True,2010
143,5AEG63ajney2BoDXi0Vb84,Bad Company,Q745517,3616192,1458078,Bad Company,1973.0,Q193355|Q83270,blues rock|hard rock,Rock and indie,Q190585|Q202440|Q585643,Atco Records|Atlantic Records|Island Records,,,Bad Company,strict,UK001F,London,12666099.0,True,True,True,1970
144,4AYkFtEBnNnGuoo8HaHErd,Madness,Q745741,3611935,912052,Madness,1979.0,Q1298934|Q187760|Q209498|Q37073|Q54365|Q9794,2 tone|new wave|pop music|reggae|ska|synth-pop,"Electronic and dance|Other genres|Pop, soul and R&B|Punk and new wave",Q1124849|Q1750746|Q203059|Q222885,2 Tone Records|Stiff Records|Verve Records|Virgin Records,Q2490265,Suggs,Madness (band),strict,UK001F,London,12666099.0,True,True,True,1970
145,0kkxsdcaWmWU2yWAqclDh4,Rixton,Q16672928,3592716,784995,Push Baby,2012.0,Q37073,pop music,"Pop, soul and R&B",,,Q16234964,Jake Roche,Push Baby,strict,UK008F,Manchester,3595966.0,True,True,True,2010
146,1kDGbuxWknIKx4FlgWxiSp,Nothing But Thieves,Q20684996,3587725,1421470,Nothing but Thieves,2012.0,Q11366|Q1641839|Q181861|Q183504|Q206159,alternative rock|experimental rock|indie rock|noise rock|psychedelic rock,Rock and indie,Q202585,RCA Records,Q131540840,Conor Mason,Nothing but Thieves,strict,UK001F,London,12666099.0,True,True,True,2010
147,2TwOrUcYnAlIiKmVQkkoSZ,Wet Leg,Q107475751,3584069,989381,Wet Leg,2019.0,Q11366|Q183504|Q189045|Q598929|Q842324,Britpop|alternative rock|indie pop|indie rock|post-punk,"Pop, soul and R&B|Punk and new wave|Rock and indie",Q1238400,Domino Recording Company,,,Wet Leg,excluded_no_defensible_fua,,,,False,True,True,2010
148,3btzEQD6sugImIHPMRgkwV,Wolf Alice,Q8029799,3575621,973763,Wolf Alice,2010.0,Q11366,alternative rock,Rock and indie,,,,,Wolf Alice,strict,UK001F,London,12666099.0,True,True,True,2010
149,1v5bOzXbhrQ57qSvRwGA6s,The Irrepressibles,Q3020511,3531545,266977,The Irrepressibles,,Q11366,alternative rock,Rock and indie,,,,,The Irrepressibles,strict,UK001F,London,12666099.0,True,True,False,
150,4FrXHrpbDLNyO3pbVv8RmF,Sophie and the Giants,Q100595483,3507868,90162,Sophie and the Giants,,Q37073|Q9778,electronic music|pop music,"Electronic and dance|Pop, soul and R&B",,,Q133864375,Sophie Scott,Sophie and the Giants,excluded_no_defensible_fua,,,,False,True,False,
151,1lYT0A0LV5DUfxr6doRP3d,The Stone Roses,Q29606,3488308,1863145,The Stone Roses,1983.0,Q11366|Q183504,alternative rock|indie rock,Rock and indie,Q5954223,Silvertone Records,Q118154|Q431117,Gary Mounfield|Ian Brown,The Stone Roses,strict,UK008F,Manchester,3595966.0,True,True,True,1980
152,057gc1fxmJ2vkctjQJ7Tal,The Buggles,Q201568,3487007,190767,The Buggles,1977.0,Q187760,new wave,Punk and new wave,Q190585,Island Records,Q313092|Q346822|Q4978501,Bruce Woolley|Geoff Downes|Trevor Horn,The Buggles,strict,UK001F,London,12666099.0,True,True,True,1970
153,6RZUqkomCmb8zCRqc9eznB,Placebo,Q484839,3460472,2201483,Placebo,1994.0,Q11366|Q183504|Q189045|Q325504,Britpop|alternative rock|electronic rock|indie rock,"Electronic and dance|Pop, soul and R&B|Rock and indie",Q1200368|Q183412|Q203059|Q264137|Q3113687,Astralwerks|Caroline Records|EMI|Hut Records|Virgin Records,Q223741|Q2745512|Q342686|Q372318|Q655799,Brian Molko|Robert Schultzberg|Stefan Olsdal|Steve Forrest|Steve Hewitt,Placebo (band),strict,UK001F,London,12666099.0,True,True,True,1990
154,4nlqDmbzFzbNITaqjJv7D7,The Sundays,Q3122789,3421091,684291,The Sundays,1988.0,Q11366,alternative rock,Rock and indie,Q385558,Rough Trade,,,The Sundays,strict,UK001F,London,12666099.0,True,True,True,1980
155,7wJ9NwdRWtN92NunmXuwBk,Orchestral Manoeuvres In The Dark,Q956500,3287803,949812,Orchestral Manoeuvres in the Dark,1978.0,Q1298934,synth-pop,Electronic and dance,Q203059|Q578943,Factory Records|Virgin Records,Q368348|Q526645,Andy McCluskey|Paul Humphreys,Orchestral Manoeuvres in the Dark,strict,UK006F,Liverpool,1597536.0,True,True,True,1970
156,5WWSL6rElJeUk3Uc1S2RyD,Dead Or Alive,Q368961,3275455,490402,Dead or Alive,1980.0,Q11399|Q485395|Q598929,gothic rock|post-punk|rock music,Punk and new wave|Rock and indie,Q1397901|Q1988428|Q216364|Q732503,Avex Trax|Cleopatra Records|Epic Records|Sony Music Entertainment Japan,Q2082089,Pete Burns,Dead or Alive (band),strict,UK006F,Liverpool,1597536.0,True,True,True,1980
157,67tgMwUfnmqzYsNAtnP6YJ,Groove Armada,Q117522,3267951,783480,Groove Armada,1996.0,Q817138|Q858579,big beat|electronica,Electronic and dance|Other genres,Q183387,Columbia Records,Q4760504|Q71163371,Andy Cato|Tom Findlay,Groove Armada,strict,UK001F,London,12666099.0,True,True,True,1990
158,2FwJwEswyIUAljqgjNSHgP,Snakehips,Q22116844,3159265,392037,Snakehips,2012.0,Q45981|Q9778,electronic music|rhythm and blues,"Electronic and dance|Pop, soul and R&B",Q183387|Q202585,Columbia Records|RCA Records,,,Snakehips (duo),excluded_no_defensible_fua,,,,False,True,True,2010
159,1inWec2E2UgfzMAhwjgTXe,Generation X,Q1157004,3158701,181331,Generation X,1976.0,Q3071,punk rock,Punk and new wave,Q1088453,Chrysalis Records,Q73437,Billy Idol,Generation X (band),strict,UK001F,London,12666099.0,True,True,True,1970
160,73A3bLnfnz5BoQjb4gNCga,BICEP,Q28855240,3141387,673233,Bicep,2009.0,Q105637110|Q9778,electronic music|jazz house,Electronic and dance|Other genres,,,,,Bicep (duo),strict,UK012F,Belfast,817574.0,True,True,True,2000
161,1G1mX30GpUJqOr1QU2eBSs,Yazoo,Q1410055,3044119,802850,Yazoo,1981.0,Q1298934,synth-pop,Electronic and dance,Q240804,Mute Records,Q237820|Q312060,Alison Moyet|Simon Le Bon,Yazoo (band),strict,UK001F,London,12666099.0,True,True,True,1980
162,3MM8mtgFzaEJsqbjZBSsHJ,Bloc Party,Q205838,3039480,1261856,Bloc Party,2003.0,Q11366|Q183504,alternative rock|indie rock,Rock and indie,Q202440|Q796316,Atlantic Records|BMG Rights Management,,,Bloc Party,strict,UK001F,London,12666099.0,True,True,True,2000
163,4VNQWV2y1E97Eqo2D5UTjx,Gorgon City,Q16839700,3028602,552337,Gorgon City,2012.0,Q1165777|Q20502|Q9778,UK garage|electronic music|house music,Electronic and dance|Other genres,Q17985937|Q522618,Black Butter Records|Priority Records,,,Gorgon City,strict,UK001F,London,12666099.0,True,True,True,2010
164,7rZNSLWMjTbwdLNskFbzFf,Sugababes,Q193697,3027300,758443,Sugababes,1998.0,Q188450|Q316930|Q37073|Q850412,contemporary R&B|dance music|electropop|pop music,"Electronic and dance|Pop, soul and R&B",Q190585|Q202585|Q231694|Q935090,Interscope Records|Island Records|London Records|RCA Records,Q233268|Q233475|Q235772|Q236240|Q237552|Q242104,Amelle Berrabah|Heidi Range|Jade Ewen|Keisha Buchanan|Mutya Buena|Siobhán Donaghy,Sugababes,strict,UK001F,London,12666099.0,True,True,True,1990
165,3ZztVuWxHzNpl0THurTFCv,Architects,Q620454,3025569,1369211,Architects,2004.0,Q183862|Q20378|Q30587784|Q377910|Q616679,alternative metal|mathcore|metalcore|post-hardcore|progressive metalcore,Metal|Other genres|Punk and new wave,Q158867|Q22087173|Q726153,Century Media Records|Epitaph Records|In at the Deep End Records,Q23890980,Sam Carter,Architects (British band),strict,UK515F,Brighton and Hove,451122.0,True,True,True,2000
166,0LbLWjaweRbO4FDKYlbfNt,Kaiser Chiefs,Q192308,2999896,1422089,Kaiser Chiefs,2000.0,Q11399|Q183504|Q189045|Q3071|Q837837,Britpop|indie rock|power pop|punk rock|rock music,"Pop, soul and R&B|Punk and new wave|Rock and indie",Q128280|Q155152|Q2481499|Q38903|Q4833713|Q6541005|Q77308970,ATO Records|B-Unique Records|Caroline International|Fiction Records|Liberation Music|Polydor Records|Universal Music Group,Q139695395|Q2134701|Q2297319|Q2518847|Q2541110|Q3311742,Andrew White|Nicholas M. Baines|Nick Hodgson|Ricky Wilson|Simon Rix|Vijay Mistry,Kaiser Chiefs,strict,UK003F,Leeds,3070506.0,True,True,True,2000
167,2J80qXI4NHKpq5RT3xUF7V,Third Party,Q30597951,2971418,151080,Third Party,2011.0,Q915152,progressive house,Other genres,Q160732|Q23008275|Q2573393,Armada|STMPD RCRDS|Ultra Records,Q113371085|Q113371090,Harry Bass|Jonnie Macaire,Third Party (DJs),excluded_no_defensible_fua,,,,False,True,True,2010
168,4YrKBkKSVeqDamzBPWVnSJ,Basement Jaxx,Q544018,2938717,623916,Basement Jaxx,1994.0,Q817138,electronica,Electronic and dance,Q1123947|Q1200368|Q1973834|Q231694|Q2573393|Q4816467,Astralwerks|Atlantic Jaxx|Interscope Records|Play It Again Sam|Ultra Records|XL Recordings,,,Basement Jaxx,strict,UK001F,London,12666099.0,True,True,True,1990
169,3fhOTtm0LBJ3Ojn4hIljLo,Roxy Music,Q334648,2932733,1153536,,1971.0,Q187760|Q217467|Q27190|Q597240|Q76092,New Romantic|art rock|glam rock|new wave|proto-punk,Other genres|Punk and new wave|Rock and indie,Q155152|Q1611073|Q190585|Q203059|Q21077|Q585643|Q645889|Q843402,Atco Records|E.G. Records|Island Records|Polydor Records|Reprise Records|Virgin Records|Warner Bros. Records|Warner Music Group,Q216179|Q362333|Q526625|Q569003|Q706756,Andy Mackay|Brian Eno|Bryan Ferry|Eddie Jobson|Phil Manzanera,Roxy Music,strict,UK001F,London,12666099.0,True,True,True,1970
170,6edGSAX5dVpeJVwu1Q0NwJ,Lighthouse Family,Q707351,2921952,660194,Lighthouse Family,1993.0,Q189045|Q37073,Britpop|pop music,"Pop, soul and R&B",Q38903,Universal Music Group,Q1343182|Q2004647,Paul Tucker|Tunde Baiyewu,Lighthouse Family,strict,UK013F,Newcastle,1221203.0,True,True,True,1990
171,3lDpdwM8KILepMHqBWUhIA,The Struts,Q17587679,2895181,468353,The Struts,2009.0,Q76092,glam rock,Rock and indie,Q231694,Interscope Records,Q131469354|Q131469358|Q131469369|Q25408381,Adam Slack|Gethin Davies|Jed Elliott|Luke Spiller,The Struts,strict,UK518F,Derby,522093.0,True,True,True,2000
172,0Ya43ZKWHTKkAbkoJJkwIB,The Wombats,Q1347289,2884656,1143548,The Wombats,2003.0,Q183504,indie rock,Rock and indie,Q2807950,14th Floor Records,,,The Wombats,strict,UK006F,Liverpool,1597536.0,True,True,True,2000
173,3bUwxJgNakzYKkqAVgZLlh,Travis,Q160103,2884486,1176704,Travis,1990.0,Q11366|Q3231749|Q484641,alternative rock|pop rock|post-Britpop,"Pop, soul and R&B|Rock and indie",Q216364,Epic Records,Q2051955|Q2894964|Q3501251|Q739915,Andy Dunlop|Dougie Payne|Fran Healy|Neil Primrose,Travis (band),strict,UK004F,Glasgow,1895840.0,True,True,True,1990
174,5KORW1YGiERJqfuYjXMCyz,Mattafix,Q21075,2878488,113982,Mattafix,2005.0,Q469343,UK rap,Other genres,Q203059,Virgin Records,Q21076|Q96884744,Marlon Roudette|Preetesh Hirji,Mattafix,strict,UK001F,London,12666099.0,True,True,True,2000
175,2S5hlvw4CMtMGswFtfdK15,Royal Blood,Q16632343,2873864,1759451,Royal Blood,2013.0,Q193355|Q83270,blues rock|hard rock,Rock and indie,Q843402,Warner Bros. Records,Q99690355|Q99703166,Ben Thatcher|Mike Kerr,Royal Blood (band),strict,UK045F,Worthing,113866.0,True,True,True,2010
176,2e53aHBQdCMKWqHDuyJsjC,Free,Q45650,2860415,631085,Free,1972.0,Q83270,hard rock,Rock and indie,Q190585|Q277626,A&M Records|Island Records,,,Free (band),strict,UK001F,London,12666099.0,True,True,True,1970
177,3Bd1cgCjtCI32PYvDC3ynO,London Grammar,Q14557360,2832139,1695264,London Grammar,2012.0,Q183504,indie rock,Rock and indie,Q183387|Q23087,Columbia Records|Ministry of Sound,,,London Grammar,strict,UK029F,Nottingham,936382.0,True,True,True,2010
178,36E7oYfz3LLRto6l2WmDcD,Pulp,Q504464,2830863,1164307,Pulp,1978.0,Q11366|Q183504|Q189045,Britpop|alternative rock|indie rock,"Pop, soul and R&B|Rock and indie",Q190585|Q5451422,Fire Records|Island Records,Q16195039|Q356994|Q6523515|Q6770266|Q7026739|Q7381769|Q7613221,Candida Doyle|Jarvis Cocker|Leo Abrahams|Mark Webber|Nick Banks|Russell Senior|Steve Mackey,Pulp (band),strict,UK010F,Sheffield,1217504.0,True,True,True,1970
179,0bZCak2tcRMY1dzEIuwF42,The Heavy,Q181241,2796068,516287,The Heavy,2007.0,Q183504,indie rock,Rock and indie,Q796316,BMG Rights Management,,,The Heavy (band),strict,UK031F,Bath and North East Somerset,200028.0,True,True,True,2000
180,2TM0qnbJH4QPhGMCdPt7fH,Neck Deep,Q16955493,2790501,1843051,Neck Deep,2012.0,Q3071|Q487914,pop-punk|punk rock,Punk and new wave,Q28374380|Q28374388|Q942820,Hopeless Records|Pinky Swear Records|We Are Triumphant,,,Neck Deep,strict,UK022F,Wrexham,138245.0,True,True,True,2010
181,2rGm8R7YDTbqDCVlNssQyL,DNA,Q1154629,2774617,18304,DNA,1990.0,,,,,,,,DNA (duo),strict,UK031F,Bath and North East Somerset,200028.0,True,False,True,1990
182,1mZu3rO7qSD09GdDpePHhY,Frankie Goes To Hollywood,Q73597,2758706,960764,Frankie Goes to Hollywood,1980.0,Q1298934|Q187760|Q316930|Q484641|Q606393|Q851213,Hi-NRG|dance music|electronic dance music|new wave|pop rock|synth-pop,"Electronic and dance|Other genres|Pop, soul and R&B|Punk and new wave",Q136485,ZTT Records,Q1350303|Q1900342|Q2062087|Q2075182|Q2178087|Q6172612|Q912834|Q93871787,Brian Nash|Holly Johnson|Jed O'Toole|Mark O'Toole|Paul Rutherford|Peter Gill|Ryan Molloy|Sonia Mazumder,Frankie Goes to Hollywood,strict,UK006F,Liverpool,1597536.0,True,True,True,1980
183,6JMHws5haIO6V35YNYDnDw,Atomic Kitten,Q208392,2751716,525204,Atomic Kitten,1998.0,Q37073,pop music,"Pop, soul and R&B",Q55965015,EMI,Q258010|Q439784,Liz McClarnon|Natasha Hamilton,Atomic Kitten,strict,UK006F,Liverpool,1597536.0,True,True,True,1990
184,3v4feUQnU3VEUqFrjmtekL,Faces,Q1136388,2718313,468654,Faces,1969.0,Q83270,hard rock,Rock and indie,Q843402,Warner Bros. Records,Q182655|Q211094|Q282397|Q708236|Q952491,Ian McLagan|Kenney Jones|Rod Stewart|Ronnie Lane|Ronnie Wood,Faces (band),excluded_no_defensible_fua,,,,False,True,True,1960
185,1bdytLV3FPjyhfrb6BhMej,Asia,Q726891,2716602,774209,Asia,1981.0,Q49451,progressive rock,Rock and indie,Q212699,Geffen Records,Q346822|Q348277|Q366747|Q7407353,Carl Palmer|Geoff Downes|John Wetton|Sam Coulson,Asia (band),excluded_no_defensible_fua,,,,False,True,True,1980
186,5TnuP42pw475UrjjeabtwZ,The Waterboys,Q1422720,2670888,371425,The Waterboys,1983.0,Q186472|Q854451,Celtic music|folk rock,Other genres,Q231694,Interscope Records,,,The Waterboys,strict,UK001F,London,12666099.0,True,True,True,1980
187,0HNGrIbq1ZNO2mTp3tMW4L,S Club,Q500759,2628603,692814,S Club 7,1999.0,Q37073,pop music,"Pop, soul and R&B",Q14192383|Q155152,19 Recordings|Polydor Records,Q166568|Q2345785|Q237331|Q241665|Q2923499|Q3183208|Q500535,Bradley McIntosh|Hannah Spearritt|Jo O'Meara|Jon Lee|Paul Cattermole|Rachel Stevens|Tina Barrett,S Club,strict,UK001F,London,12666099.0,True,True,True,1990
188,4zKYrXs8iN4AeHmO8ZxNqp,Still Corners,Q7617018,2608941,415092,Still Corners,2007.0,Q1298934|Q592330|Q842324,dream pop|indie pop|synth-pop,"Electronic and dance|Pop, soul and R&B",Q778673,Sub Pop,,,Still Corners,strict,UK001F,London,12666099.0,True,True,True,2000
189,1caBfBEapzw8z2Qz9q0OaQ,Asking Alexandria,Q731642,2592556,2530673,Asking Alexandria,2008.0,Q11366|Q183862,alternative rock|metalcore,Metal|Rock and indie,Q2117925,Sumerian Records,,,Asking Alexandria,strict,UK533F,York,209301.0,True,True,True,2000
190,2yTUYhIf8fxptTIy3KLuJD,Mike + The Mechanics,Q653632,2591206,794443,Mike and the Mechanics,1985.0,Q11399|Q187760|Q217191|Q37073|Q378988|Q484641|Q49451,adult contemporary music|new wave|pop music|pop rock|progressive rock|rock music|soft rock,"Other genres|Pop, soul and R&B|Punk and new wave|Rock and indie",Q202440|Q203059|Q2537051|Q55965015|Q56404384|Q56826443|Q664167|Q770103|Q796316,"Arista Records|Atlantic Records|BMG Rights Management|Bertelsmann Music Group|EMI|Rhino|Sony Music Entertainment, Inc.|Virgin Records|WEA",Q1371073|Q321092|Q4685177|Q4772428|Q506915|Q548449|Q7177458|Q7803678|Q959791,Adrian Lee|Andrew Roachford|Anthony Drennan|Gary Wallis|Mike Rutherford|Paul Carrack|Peter Van Hooke|Tim Howar|Tim Renwick,Mike and the Mechanics,excluded_no_defensible_fua,,,,False,True,True,1980
191,5TDVKqW9uhqGjwwwKGuma4,All Saints,Q165386,2567281,609132,All Saints,1993.0,Q37073,pop music,"Pop, soul and R&B",Q136485,ZTT Records,Q211213|Q2167793|Q2426357|Q273590,Melanie Blatt|Natalie Appleton|Nicole Appleton|Shaznay Lewis,All Saints (group),strict,UK001F,London,12666099.0,True,True,True,1990
192,01pKrlgPJhm5dB4lneYAqS,Sigma,Q16333772,2550591,360513,Sigma,2007.0,Q188994,drum and bass,Electronic and dance,Q1630451|Q2484080|Q2743409|Q850546,3 Beat Records|Breakbeat Kaos|Hospital Records|Xploded Music,,,Sigma (DJs),strict,UK003F,Leeds,3070506.0,True,True,True,2000
193,2mbvqMGpwLsakeH45p1Jrb,Mungo Jerry,Q1427200,2528248,142677,Mungo Jerry,1969.0,Q484641,pop rock,"Pop, soul and R&B",Q1178799|Q5400827,Dawn Records|Janus Records,Q458615,Ray Dorset,Mungo Jerry,excluded_no_defensible_fua,,,,False,True,True,1960
194,4aaBjq7VqqQvpSF69GglvO,Moloko,Q1121732,2507932,516418,Moloko,1995.0,Q216961|Q251192,Eurodance|downtempo,Other genres,Q7731485,Echo,Q1899976|Q466158,Mark Brydon|Róisín Murphy,Moloko,strict,UK010F,Sheffield,1217504.0,True,True,True,1990
195,4gIdjgLlvgEOz7MexDZzpM,Status Quo,Q322265,2503249,872142,Status Quo,1962.0,Q11399|Q2266376|Q56351111|Q83270,boogie rock|classic rock|hard rock|rock music,Rock and indie,Q2117397,Pye Records,Q1158855|Q1382042|Q1499392|Q20007829|Q2290658|Q28924915|Q525467|Q559609|Q726527|Q930207|Q959809|Q961671,Alan Lancaster|Andy Bown|Francis Rossi|Jeff Rich|John Coghlan|John Edwards|Leon Cave|Matt Letley|Pete Kircher|Richie Malone|Rick Parfitt|Roy Lynes,Status Quo (band),strict,UK001F,London,12666099.0,True,True,True,1960
196,5r1bdqzhgRoHC3YcCV6N5a,The Darkness,Q421794,2453090,510654,The Darkness,2000.0,Q76092|Q83270,glam rock|hard rock,Rock and indie,Q202440|Q6943170,Atlantic Records|Must Destroy,Q20685739|Q2475450|Q2549293|Q2631785|Q552608|Q87407926,Dan Hawkins|Ed Graham|Emily Dolan Davies|Frankie Poullain|Justin Hawkins|Rufus Tiger Taylor,The Darkness (band),strict,UK569F,Ipswich,486971.0,True,True,True,2000
197,5JsdVATHNPE0XdMFMRoSuf,Texas,Q916484,2420479,572024,Texas,1986.0,Q11366|Q484641,alternative rock|pop rock,"Pop, soul and R&B|Rock and indie",Q1330417|Q165745|Q796316,BMG Rights Management|Mercury Records|Vertigo Records,Q16197835|Q283385|Q2838748|Q56743475|Q56743476|Q56743500|Q6267237,Ally McErlaine|Eddie Campbell|Johnny McElhone|Michael Bannister|Ross McFarlane|Sharleen Spiteri|Tony McGovern,Texas (band),strict,UK004F,Glasgow,1895840.0,True,True,True,1980
198,1NRzxuPpdGushT8YmF5NAa,Edison Lighthouse,Q1116554,2393214,80780,Edison Lighthouse,1970.0,Q37073,pop music,"Pop, soul and R&B",Q4883239,Bell Records,,,Edison Lighthouse,strict,UK001F,London,12666099.0,True,True,True,1970
199,6Zh3xrWlA0SA9Fsfj9AVwm,Wang Chung,Q2030370,2358411,413141,Wang Chung,1980.0,Q187760,new wave,Punk and new wave,Q664167,Arista Records,Q3157217,Jack Hues,Wang Chung (band),strict,UK001F,London,12666099.0,True,True,True,1980
200,49DW3KvkyjHO35mK1JnSyS,The Cult,Q887376,2277310,852449,The Cult,1983.0,Q485395|Q598929|Q83270,gothic rock|hard rock|post-punk,Punk and new wave|Rock and indie,Q126039|Q7532146,Beggars Banquet Records|Situation Two,Q25190515|Q25190522|Q594931|Q6530089|Q863086|Q956094,Billy Duffy|Damon Fox|Grant Fitzpatrick|Ian Astbury|John Tempesta|Les Warner,The Cult,strict,UK003F,Leeds,3070506.0,True,True,True,1980
201,6SLAMfhOi7UJI0fMztaK0m,Rainbow,Q16005,2270623,1739107,Rainbow,1975.0,Q1133657|Q428656|Q57143|Q725011|Q83270,album-oriented rock|hard rock|neo-classical metal|power metal|traditional heavy metal,Metal|Rock and indie,Q155152|Q165745|Q770103,Bertelsmann Music Group|Mercury Records|Polydor Records,Q2319177|Q3157190,Jack Green|John Miceli,Rainbow (rock band),strict,UK001F,London,12666099.0,True,True,True,1970
202,1KNXft7nnRQj82sENi7WGN,Sohodolls,Q527586,2252106,321285,Sohodolls,2003.0,Q11366|Q1298934|Q325504|Q76092,alternative rock|electronic rock|glam rock|synth-pop,Electronic and dance|Rock and indie,,,Q104472399|Q16224968,Maya von Doll|Toni Haimi,Sohodolls,strict,UK001F,London,12666099.0,True,True,True,2000
203,0fgYKF9Avljex0L9Wt5b8Z,Echo & the Bunnymen,Q925641,2210172,1120606,Echo & the Bunnymen,1978.0,Q187760|Q485395|Q598929|Q703778,gothic rock|neo-psychedelia|new wave|post-punk,Other genres|Punk and new wave,Q6432589|Q843402,Korova|Warner Bros. Records,Q2666679,Ian McCulloch,Echo & the Bunnymen,strict,UK006F,Liverpool,1597536.0,True,True,True,1970
204,0qLNsNKm8bQcMoRFkR8Hmh,James,Q1277864,2205349,661228,James,1982.0,Q11366,alternative rock,Rock and indie,Q578943|Q729590,Factory Records|Fontana Records,Q10368635|Q1387603|Q21456954|Q4685255|Q5231220|Q6195244|Q783931,Adrian Oxaal|Andy Diagram|David Baynton-Power|Jim Glennie|Mark Hunter|Saul Davies|Tim Booth,James (band),excluded_no_defensible_fua,,,,False,True,True,1980
205,60FV7KyxIH9FH1uq7u8inP,The Shapeshifters,Q664467,2179710,99295,The Shapeshifters,,Q9778,electronic music,Electronic and dance,Q183412,EMI,,,The Shapeshifters,strict,UK001F,London,12666099.0,True,True,False,
206,0MmnmsAuQKRFpo6vJElcaU,Amber Run,Q16821378,2165390,590700,Amber Run,2012.0,Q11366,alternative rock,Rock and indie,Q202585,RCA Records,,,Amber Run,excluded_no_defensible_fua,,,,False,True,True,2010
207,2xaAOVImG2O6lURwqperlD,Catfish and the Bottlemen,Q16825909,2164420,1222331,Catfish and the Bottlemen,2007.0,Q11366,alternative rock,Rock and indie,Q190585|Q26710831,Communion Records|Island Records,Q109316924|Q109317047|Q109317307|Q25293048,Billy Bibby|Bob Hall|Johnny Bond|Van McCann,Catfish and the Bottlemen,excluded_no_defensible_fua,,,,False,True,True,2000
208,10gzBoINW3cLJfZUka8Zoe,Above & Beyond,Q323187,2160062,889088,Above & Beyond,2000.0,Q170435,trance,Other genres,Q551566,Anjunabeats,Q6275857|Q7121510|Q7822934,Jono Grant|Paavo Siljamäki|Tony McGuinness,Above & Beyond (band),strict,UK001F,London,12666099.0,True,True,True,2000
209,46CitWgnWrvF9t70C2p1Me,Daughter,Q5227901,2134237,1446477,Daughter,2010.0,Q183504,indie rock,Rock and indie,Q238095|Q3771894,4AD|Glassnote Records,Q60713104|Q99675449|Q99731865,Elena Tonra|Igor Haefeli|Remi Aguilella,Daughter (band),strict,UK001F,London,12666099.0,True,True,True,2010
210,5BcZ22XONcRoLhTbZRuME1,The Moody Blues,Q211965,2129836,1500809,The Moody Blues,1964.0,Q206159|Q217467|Q45981|Q49451,art rock|progressive rock|psychedelic rock|rhythm and blues,"Pop, soul and R&B|Rock and indie",Q155152|Q2733913|Q38903|Q3939773|Q557632|Q935090,Decca|Deram|London Records|Polydor Records|The Rocket Record Company|Universal Music Group,Q1398746|Q14284083|Q1877822|Q2560639|Q434367|Q643747|Q968014,Clint Warwick|Denny Laine|Graeme Edge|John Lodge|Justin Hayward|Ray Thomas|Rod Clark,The Moody Blues,strict,UK002F,Birmingham,3247941.0,True,True,True,1960
211,3JaAGmSTpJK35DqWrDUzBz,Sweet,Q487919,2128725,555143,The Sweet,1968.0,Q76092|Q83270|Q997481,bubblegum music|glam rock|hard rock,Other genres|Rock and indie,Q155152|Q193023|Q202585,Capitol Records|Polydor Records|RCA Records,,,The Sweet,strict,UK001F,London,12666099.0,True,True,True,1960
212,7nkLRaWHImCvWGHdNGnhVE,Ten Years After,Q630808,2124380,656932,Ten Years After,1966.0,Q193355,blues rock,Rock and indie,Q1088453|Q183387|Q2733913|Q557632|Q700359,Chrysalis Records|Columbia Records|Decca|Deram|PolyGram,Q1592965|Q21482321|Q2954496|Q2963382|Q3229574|Q324058|Q46132,Alvin Lee|Chick Churchill|Colin Hodgkinson|Joe Gooch|Leo Lyons|Marcus Bonfanti|Ric Lee,Ten Years After,strict,UK029F,Nottingham,936382.0,True,True,True,1960
213,0L9xkvBPcEp1nrhDrodxc5,Level 42,Q123025,2112387,788876,Level 42,1980.0,Q187760|Q2281409|Q264289|Q38656|Q484641,dance-rock|jazz-funk|new wave|pop rock|sophisti-pop,"Pop, soul and R&B|Punk and new wave|Rock and indie",Q1287696|Q155152|Q38903|Q50074604,Edsel|Polydor Records|RCA|Universal Music Group,Q1494885|Q2830560|Q6969179|Q713198|Q713977|Q7181933|Q7372111,Alan Murphy|Boon Gould|Gary Husband|Mark King|Mike Lindup|Nathan King|Phil Gould,Level 42,excluded_no_defensible_fua,,,,False,True,True,1980
214,6x33CmZWo2Ve4hxYl2Craq,Foghat,Q114651,2100357,1001735,Foghat,1971.0,Q83270,hard rock,Rock and indie,Q202440|Q4876789,Atlantic Records|Bearsville Records,Q705841,Dave Peverett,Foghat,excluded_no_defensible_fua,,,,False,True,True,1970
215,6bWxFw65IEJzBYjx3SxUXd,Morcheeba,Q749019,2099112,988331,Morcheeba,1995.0,Q205560|Q9778,electronic music|trip hop,Electronic and dance,Q1073478|Q1973834|Q585626,China Records|Discovery Records|Play It Again Sam,,,Morcheeba,strict,UK001F,London,12666099.0,True,True,True,1990
216,2sIx6SmAMw9IBySG3Uj0jf,Soul II Soul,Q977786,2087009,374840,Soul II Soul,,Q11401|Q131272|Q268253|Q316930|Q4971454|Q7308175|Q850412|Q9759,British soul|blues|contemporary R&B|dance music|hip-hop|neo soul|reggae rock|soul,"Electronic and dance|Other genres|Pop, soul and R&B",Q183412|Q203059,EMI|Virgin Records,Q30373957|Q3200953|Q3296881|Q458849|Q5085810|Q5207934|Q5297688|Q6168454|Q668684|Q6812642|Q7164377|Q720576|Q7367978|Q7519181,Caron Wheeler|Charlotte|Daddae|Doreen Waddell|Gota Yashiki|Jazzie B|Kym Mazelle|Lamya|Melissa Bell|Nellee Hooper|Penny Ford|Rose Windross|Simon Law|Victoria Wilson-James,Soul II Soul,excluded_no_defensible_fua,,,,False,True,False,
217,5jVeqi3PNaTOajfvBa4uFn,Thompson Twins,Q1500069,2069490,750750,Thompson Twins,1977.0,Q187760|Q373342,new wave|popular music,"Pop, soul and R&B|Punk and new wave",Q664167|Q7672671|Q843402,Arista Records|T Records|Warner Bros. Records,,,Thompson Twins,strict,UK010F,Sheffield,1217504.0,True,True,True,1970
218,2u0gw0uCWBMiqV7h0N8kai,Wet Wet Wet,Q49871,2057236,614358,Wet Wet Wet,1982.0,Q217191,soft rock,Rock and indie,Q510092,Uni,,,Wet Wet Wet,strict,UK004F,Glasgow,1895840.0,True,True,True,1980
219,4G9wSdX0klmoHfjm9i6DLd,Loathe,Q30610109,1996442,613049,Loathe,2014.0,Q183862|Q2532560|Q263734|Q475221|Q484344,deathcore|djent|metalcore|nu metal|progressive metal,Metal|Other genres,Q24884453,SharpTone Records,,,Loathe (band),strict,UK006F,Liverpool,1597536.0,True,True,True,2010
220,6UL7BodGc5iVmQGlMwHR0g,Steel Pulse,Q1542680,1883347,736715,Steel Pulse,,Q1299260,roots reggae,Other genres,Q190585,Island Records,Q7365111,Ronald McQueen,Steel Pulse,strict,UK002F,Birmingham,3247941.0,True,True,False,
221,0O0lrN34wrcuBenkqlEDZe,The Psychedelic Furs,Q276463,1846381,722130,The Psychedelic Furs,1977.0,Q187760|Q598929,new wave|post-punk,Punk and new wave,Q183387,Columbia Records,Q1652944|Q276436|Q4739663|Q7323276|Q7324506,Amanda Kramer|Mars Williams|Rich Good|Richard Butler|Tim Butler,The Psychedelic Furs,strict,UK001F,London,12666099.0,True,True,True,1970
222,1n65zfwYIj5kKEtNgxUlWb,Siouxsie and the Banshees,Q323834,1823237,1457428,Siouxsie and the Banshees,1976.0,Q11366|Q187760|Q485395|Q598929,alternative rock|gothic rock|new wave|post-punk,Punk and new wave|Rock and indie,Q1347984|Q155152|Q212699,Geffen Records|Polydor Records|Sanctuary Records,Q102928800|Q1345722|Q2074381|Q2307169|Q243041|Q47878,Budgie|Marco Pirroni|Peter Fenton|Sid Vicious|Siouxsie Sioux|Steven Severin,Siouxsie and the Banshees,strict,UK001F,London,12666099.0,True,True,True,1970
223,2pH3wEn4eYlMMIIQyKPbVR,DragonForce,Q212715,1802181,1321799,DragonForce,1999.0,Q211723|Q57143,power metal|speed metal,Metal,Q18628,Roadrunner Records,Q1106319|Q115124|Q139717645|Q139717709|Q16300777|Q167757|Q1784139|Q2318012|Q2465471|Q45116|Q5274158|Q8195640,Adrian Lambert|Alicia Vigil|Alissa White-Gluz|Dave Mackintosh|Didier Almouzni|Frédéric Leclercq|Gee Anzalone|Herman Li|Marc Hudson|Sam Totman|Vadim Pruzhanov|ZP Theart,DragonForce,strict,UK001F,London,12666099.0,True,True,True,1990
224,7sjttK1WcZeyLPn3IsQ62L,Noel Gallagher's High Flying Birds,Q194227,1799845,1117710,Noel Gallagher's High Flying Birds,2010.0,Q11366|Q11399,alternative rock|rock music,Rock and indie,,,Q123417788|Q193459|Q3942885,Jessica Greenfield|Noel Gallagher|Russell Pritchard,Noel Gallagher's High Flying Birds,strict,UK008F,Manchester,3595966.0,True,True,True,2010
225,5APEQlUaQ5K70LgPqAdTuU,Night Tapes,Q122918147,1719979,135032,Night Tapes,,,,,,,Q2810518,Iiris,Night Tapes,excluded_no_defensible_fua,,,,False,False,False,
226,14H7ag1wpQOsPPQJOD6Dqr,Zero 7,Q191915,1686407,592881,Zero 7,1997.0,Q193207|Q251192|Q817138|Q9778,ambient music|downtempo|electronic music|electronica,Electronic and dance|Other genres,Q202440|Q3361558,Atlantic Records|Palm Pictures,Q7562959|Q99673307|Q99674207,Henry Binns|Sam Hardaker|Sophie Barker,Zero 7,strict,UK001F,London,12666099.0,True,True,True,1990
227,4GvOygVQquMaPm8oAc0vXi,The Streets,Q316029,1675316,601898,The Streets,1994.0,Q11401|Q1166726,grime|hip-hop,Other genres,Q202440|Q2818028|Q6665396,679 Artists|Atlantic Records|Locked On Records,,,The Streets,strict,UK002F,Birmingham,3247941.0,True,True,True,1990
228,0G8zjE6SsFTlbglCkU8pm3,Starsailor,Q1051417,1655319,247718,Starsailor,2000.0,Q11366|Q183504,alternative rock|indie rock,Rock and indie,Q183412|Q203059,EMI|Virgin Records,Q4864889|Q548595|Q6143551,Barry Westhead|James Stelfox|James Walsh,Starsailor (band),strict,UK008F,Manchester,3595966.0,True,True,True,2000
229,6Hd3xhv1sj3rlojjvGLkGR,Black Box Recorder,Q442456,1619909,243011,Black Box Recorder,1998.0,Q183504,indie rock,Rock and indie,,,Q3267074,Luke Haines,Black Box Recorder,strict,UK001F,London,12666099.0,True,True,True,1990
230,5rIqOJspxDq89aBBCUda1X,Smokie,Q815849,1611813,728999,Smokie,1965.0,Q484641|Q76092,glam rock|pop rock,"Pop, soul and R&B|Rock and indie",Q478062,RAK,Q511259,Chris Norman,Smokie (band),strict,UK003F,Leeds,3070506.0,True,True,True,1960
231,2P560DaOMNDUACoH8ZhOCR,The Jam,Q916461,1609992,862279,The Jam,1972.0,Q187760|Q2280273|Q3071,mod revival|new wave|punk rock,Other genres|Punk and new wave,Q155152,Polydor Records,Q371986|Q612951|Q991633,Bruce Foxton|Paul Weller|Rick Buckler,The Jam,strict,UK001F,London,12666099.0,True,True,True,1970
232,0gcMPgunYh4rX1UOdvZKBn,Londonbeat,Q1869183,1590343,72136,Londonbeat,1988.0,Q211756|Q45981|Q851213,dance-pop|electronic dance music|rhythm and blues,"Electronic and dance|Pop, soul and R&B",,,Q104094832|Q104095531|Q104096686|Q6200338,George Chandler|Jimmy Chambers|Jimmy Helms|William Henshall,Londonbeat,strict,UK001F,London,12666099.0,True,True,True,1980
233,6w6z8m4WXX7Tub4Rb6Lu7R,Jethro Tull,Q192353,1535908,2025126,Jethro Tull,1967.0,Q186472|Q206159|Q217467|Q325504|Q49451|Q83270|Q9778,art rock|electronic music|electronic rock|folk rock|hard rock|progressive rock|psychedelic rock,Electronic and dance|Other genres|Rock and indie,Q1088453|Q183412|Q190585|Q1958630|Q373246|Q645889,Chrysalis Records|EMI|Eagle Records|Fuel 2000|Island Records|Reprise Records,Q216100|Q454309|Q553913|Q706760|Q725147,Clive Bunker|Ian Anderson|Jeffrey Hammond|John Evan|Martin Barre,Jethro Tull (band),strict,UK532F,Luton,239090.0,True,True,True,1960
234,1N2FgBLehaq77UEdJhCt7f,Saint Etienne,Q1430158,1513825,195555,Saint Etienne,1990.0,Q1298934|Q842324,indie pop|synth-pop,"Electronic and dance|Pop, soul and R&B",Q1139341|Q375229,Creation Records|Heavenly Recordings,,,Saint Etienne (band),strict,UK001F,London,12666099.0,True,True,True,1990
235,3jTlKw98Ql1jGRPYqhqHap,Skindred,Q973760,1507719,681458,Skindred,1998.0,Q20378|Q263734|Q38848|Q740911,alternative metal|heavy metal music|nu metal|ragga,Metal|Other genres,Q4035084|Q693194,Bieler Bros. Records|Napalm Records,Q117321538|Q117322260|Q4889528,Benji Webbe|Daniel Pugsley|Mikey Demus,Skindred,strict,UK558F,Newport,262018.0,True,True,True,1990
236,4uRYpUQZrNrY5t8tAv3XrD,NERO,Q1066310,1501385,808732,Nero,2004.0,Q1298934|Q20474|Q20502|Q325504|Q627906|Q817138|Q898709|Q9778,dubstep|electro house|electronic music|electronic rock|electronica|house music|rave music|synth-pop,Electronic and dance|Other genres,Q16953936|Q21091|Q231694,Cherrytree Records|Interscope Records|MTA Records,,,Nero (band),strict,UK001F,London,12666099.0,True,True,True,2000
237,2utNxkLhreF1oIfO8kQT3q,Manfred Mann's Earth Band,Q1926913,1497096,487796,Manfred Mann's Earth Band,1971.0,Q49451,progressive rock,Rock and indie,Q1536003|Q664167|Q671229|Q843402,Arista Records|Bronze|Philips Records|Warner Bros. Records,Q2583577,Manfred Mann,Manfred Mann's Earth Band,strict,UK001F,London,12666099.0,True,True,True,1970
238,6rEzedK7cKWjeQWdAYvWVG,Five,Q24791,1473171,551020,Five,1997.0,Q373342,popular music,"Pop, soul and R&B",Q770103,Bertelsmann Music Group,Q1323134|Q1814045|Q24752|Q6109351|Q7440911,"Abz Love|Jason ""J"" Brown|Ritchie Neville|Scott Robinson|Sean Conlon",Five (group),strict,UK001F,London,12666099.0,True,True,True,1990
239,5nSAh3wlH7VaqpnkiMjzDs,WSTRN,Q21475095,1459546,335397,WSTRN,2015.0,,,,,,,,WSTRN,excluded_no_defensible_fua,,,,False,False,True,2010
240,3Eo78i1MPfle0XVjMvia8A,Dario G,Q1165942,1447823,37747,Dario G,,Q316930,dance music,Electronic and dance,,,Q109589281,Paul Spencer,Dario G,excluded_no_defensible_fua,,,,False,True,False,
241,6xnvNmSzmeOE1bLKnYXKW3,The Specials,Q19057,1432373,741585,The Specials,1977.0,Q187760|Q54365,new wave|ska,Other genres|Punk and new wave,Q1088453|Q203059|Q222885,2 Tone Records|Chrysalis Records|Virgin Records,Q1365476,Jerry Dammers,The Specials,strict,UK025F,Coventry,787858.0,True,True,True,1970
242,1NUD5By34MFynmuUynCfSj,The Real Thing,Q458284,1425692,112151,The Real Thing,1970.0,Q45981,rhythm and blues,"Pop, soul and R&B",Q2117397,Pye Records,Q27062884,Chris Amoo,The Real Thing (British band),strict,UK006F,Liverpool,1597536.0,True,True,True,1970
243,1EJWNhiYbOyeUHbsS7Kp1P,Sneaker Pimps,Q1754009,1412387,342340,Sneaker Pimps,1994.0,Q205560,trip hop,Electronic and dance,Q1848933,One Little Independent Records,Q28051515|Q6539645|Q704635,Chris Corner|Liam Howe|Simonne Jones,Sneaker Pimps,strict,UK559F,Middlesbrough,600369.0,True,True,True,1990
244,6zpPKMhpOoG646kJgZ7RKf,Johnny Hates Jazz,Q1294961,1399373,249325,Johnny Hates Jazz,1986.0,Q187760|Q484641,new wave|pop rock,"Pop, soul and R&B|Punk and new wave",Q478062,RAK,,,Johnny Hates Jazz,strict,UK001F,London,12666099.0,True,True,True,1980
245,0GbqW5TJr7n4is453VOY4C,Procol Harum,Q214486,1385101,564567,Procol Harum,1967.0,Q206159|Q217467|Q46046|Q49451|Q719927,art rock|baroque pop|progressive rock|psychedelic rock|symphonic rock,"Pop, soul and R&B|Rock and indie",Q1088453|Q111031086|Q190585|Q2137237|Q2733913|Q277626|Q543391|Q5463202|Q645889,A&M Records|Chrysalis Records|DJM Records|Deram|Fly Records|IL|Island Records|Regal Zonophone|Reprise Records,Q1931324|Q549179|Q709635,Gary Brooker|Mick Grabham|Robin Trower,Procol Harum,strict,UK001F,London,12666099.0,True,True,True,1960
246,7ai5TWiOG8g9Hds5AATS28,Marillion,Q678410,1370532,554699,Marillion,1979.0,Q1051843|Q217467|Q49451,art rock|neo-prog|progressive rock,Other genres|Rock and indie,Q1347984|Q1392321|Q193023|Q2265719|Q264137|Q3629023|Q513712|Q523563|Q603117,Capitol Records|Caroline Records|Castle Communications|EMI Records|Edel Records|I.R.S. Records|Liberty Records|Pony Canyon|Sanctuary Records,Q317441|Q463454|Q529281|Q554312|Q724463|Q935245,Fish|Ian Mosley|Mark Kelly|Pete Trewavas|Steve Hogarth|Steve Rothery,Marillion,excluded_no_defensible_fua,,,,False,True,True,1970
247,31lnFZEM6ysvjOx59VyxRE,Krept & Konan,Q15637787,1367407,506547,Krept and Konan,2009.0,,,,,,,,Krept and Konan,strict,UK001F,London,12666099.0,True,False,True,2000
248,39oSLGo3HkaeYXzUEGgAGQ,EMF,Q503037,1351005,106882,EMF,1989.0,Q11366|Q170611|Q2187392,alternative dance|alternative rock|techno,Electronic and dance|Other genres|Rock and indie,Q183412,EMI,,,EMF (band),excluded_no_defensible_fua,,,,False,True,True,1980
249,1km0R7wy712AzLkA1WjKET,Biffy Clyro,Q858365,1330864,792584,Biffy Clyro,1995.0,Q183504,indie rock,Rock and indie,Q126039,Beggars Banquet Records,Q2888368|Q2895490|Q2915945,Ben Johnston|James Johnston|Simon Neil,Biffy Clyro,excluded_no_defensible_fua,,,,False,True,True,1990
250,22RISwgVJyZu9lpqAcv1F5,Blossoms,Q23057702,1329106,515545,Blossoms,2013.0,Q842324,indie pop,"Pop, soul and R&B",,,,,Blossoms (band),strict,UK008F,Manchester,3595966.0,True,True,True,2010
251,5lPsVvHVDr6R5mDxRUXdOs,A1,Q279634,1308390,574084,a1,1998.0,Q373342,popular music,"Pop, soul and R&B",Q38903,Universal Music Group,Q1145879|Q3435700|Q4584096|Q706286,Ben Adams|Christian Ingebrigtsen|Mark Read|Paul Marazzi,A1 (group),strict,UK001F,London,12666099.0,True,True,True,1990
252,2Z7UcsdweVlRbAk5wH5fsf,The Last Shadow Puppets,Q862520,1305891,1251280,The Last Shadow Puppets,2007.0,Q183504,indie rock,Rock and indie,Q1238400,Domino Recording Company,Q22277528|Q315643|Q604940|Q713880,Alex Turner|James Ford|Miles Kane|Zach Dawes,The Last Shadow Puppets,strict,UK010F,Sheffield,1217504.0,True,True,True,2000
253,15ajdFAi5bjj5pS9laBfBL,Right Said Fred,Q427469,1289669,75075,Right Said Fred,1989.0,Q484641,pop rock,"Pop, soul and R&B",Q1063242,Charisma,Q112419135|Q1581075,Fred Fairbrass|Richard Fairbrass,Right Said Fred,excluded_no_defensible_fua,,,,False,True,True,1980
254,7vjRpVXoecwKTEsrb9iscj,Jadu Heart,Q110863918,1279776,169564,Jadu Heart,2016.0,Q183504|Q9778,electronic music|indie rock,Electronic and dance|Rock and indie,,,,,Jadu Heart,excluded_no_defensible_fua,,,,False,True,True,2010
255,1ZVACPeq7ccGCoUXwtafUU,KNEECAP,Q65327538,1263438,558490,Kneecap,2017.0,Q11401|Q6010|Q969663,hip-hop|political hip-hop|rapping,Other genres,Q375229,Heavenly Recordings,Q123702290|Q123702377|Q137205952,DJ Próvaí|Mo Chara|Móglaí Bap,Kneecap (band),strict,UK012F,Belfast,817574.0,True,True,True,2010
256,6e9wIFWhBPHLE9bXK8gtBI,Editors,Q570393,1241937,786142,Editors,2002.0,Q11366|Q183504,alternative rock|indie rock,Rock and indie,Q1973834,Play It Again Sam,Q276620,Tom Smith,Editors (band),excluded_no_defensible_fua,,,,False,True,True,2000
257,2wvUfjKGoXvcnDHq7GgMOa,The Ting Tings,Q219939,1233876,445083,The Ting Tings,2007.0,Q1298934|Q1643549|Q183504|Q187760|Q1899347|Q842324,dance-punk|indie pop|indie rock|new wave|post-punk revival|synth-pop,"Electronic and dance|Pop, soul and R&B|Punk and new wave|Rock and indie",Q1194456|Q183387,Columbia Records|Roc Nation,,,The Ting Tings,strict,UK008F,Manchester,3595966.0,True,True,True,2000
258,1u7kkVrr14iBvrpYnZILJR,Sex Pistols,Q82545,1231532,2087179,Sex Pistols,1975.0,Q3071,punk rock,Punk and new wave,Q183412|Q203059|Q277626|Q3629023|Q38903|Q843402,A&M Records|EMI|EMI Records|Universal Music Group|Virgin Records|Warner Bros. Records,Q106662|Q347986|Q363260|Q47878|Q51319|Q9263248,Frank Carter|Glen Matlock|John Lydon|Paul Cook|Sid Vicious|Steve Jones,Sex Pistols,strict,UK001F,London,12666099.0,True,True,True,1970
259,6OqhFYFJDnBBHas02HopPT,Kero Kero Bonito,Q19370850,1201107,611925,Kero Kero Bonito,2013.0,Q2545135|Q272167|Q37073|Q484641|Q9778,electronic music|noise pop|pop music|pop rock|shoegaze,"Electronic and dance|Pop, soul and R&B|Rock and indie",Q5299723,Double Denim Records,,,Kero Kero Bonito,strict,UK001F,London,12666099.0,True,True,True,2010
260,6PwcexHTG0qJWQQwp05Bpm,Pilot,Q1753527,1181505,78328,Pilot,1973.0,Q37073,pop music,"Pop, soul and R&B",Q3629023,EMI Records,,,Pilot (Scottish band),strict,UK007F,Edinburgh,932180.0,True,True,True,1970
261,5HlXA01kcjssYDT7EoqUJF,Skunk Anansie,Q167977,1179800,449680,Skunk Anansie,1994.0,Q11366,alternative rock,Rock and indie,Q1848933|Q216364,Epic Records|One Little Independent Records,Q123498619|Q1261808|Q238020|Q327850|Q3850091|Q3934829,Erika Footman|Mark Richardson|Martin Kent|Richard Lewis|Robbie France|Skin,Skunk Anansie,strict,UK001F,London,12666099.0,True,True,True,1990
262,2VAvhf61GgLYmC6C8anyX1,Boards of Canada,Q722778,1177186,844402,Boards of Canada,1986.0,Q1435509|Q193207|Q251192|Q660984|Q817138|Q9149801,ambient music|ambient techno|downtempo|electronica|folktronica|intelligent dance music,Electronic and dance|Other genres,Q475607|Q543707,Skam Records|Warp,Q31078773|Q5108649|Q6758147,Marcus Eoin|Michael Sandison|christ.,Boards of Canada,strict,UK007F,Edinburgh,932180.0,True,True,True,1980
263,3wury2nd8idV4GecUg5xze,Primal Scream,Q666697,1165795,590819,Primal Scream,1982.0,Q11366,alternative rock,Rock and indie,Q1139341|Q1200368|Q3050801,Astralwerks|Creation Records|Elevation Records,Q118154,Gary Mounfield,Primal Scream,strict,UK004F,Glasgow,1895840.0,True,True,True,1980
264,3UmBeGyNwr4iDWi1vTxWi8,Gerry & The Pacemakers,Q733400,1163214,313722,Gerry and the Pacemakers,1959.0,Q546264,beat music,Rock and indie,Q1112471|Q193023,Capitol Records|Columbia Graphophone Co. Ltd.,Q1919939|Q5552874|Q5606308|Q5972267,Freddie Marsden|Gerry Marsden|Les Chadwick|Les Maguire,Gerry and the Pacemakers,strict,UK006F,Liverpool,1597536.0,True,True,True,1950
265,3iUjRVvYCsMfz7tuAQtBDI,Ultravox,Q316485,1162862,609815,Ultravox,1973.0,Q1298934|Q187760,new wave|synth-pop,Electronic and dance|Punk and new wave,Q190585,Island Records,Q355382,Midge Ure,Ultravox,strict,UK001F,London,12666099.0,True,True,True,1970
266,45InkbGypoMk5nVX6dsHkt,N-Trance,Q1959629,1162155,82658,N-Trance,1990.0,Q1585075|Q170611|Q58339,breakbeat hardcore|disco|techno,Electronic and dance|Other genres|Punk and new wave,Q836202,PWL,,,N-Trance,strict,UK008F,Manchester,3595966.0,True,True,True,1990
267,3vEL65ycUboLH76pgdtqlF,South Arcade,Q131762147,1151351,332563,South Arcade,2021.0,Q11366|Q263734|Q487914,alternative rock|nu metal|pop-punk,Metal|Punk and new wave|Rock and indie,Q202440|Q6456938,Atlantic Records|LAB Records,,,South Arcade,strict,UK033F,Guildford,285643.0,True,True,True,2020
268,4I2BJf80C0skQpp1sQmA0h,Belle and Sebastian,Q691568,1141204,747098,Belle and Sebastian,1996.0,Q183504,indie rock,Rock and indie,Q385558,Rough Trade,Q11704108|Q1811851|Q261344|Q2746295|Q3311792|Q3780426|Q3780532|Q4891173|Q6838120,Bobby Kildea|Chris Geddes|Isobel Campbell|Mick Cooke|Richard Colburn|Sarah Martin|Stevie Jackson|Stuart David|Stuart Murdoch,Belle and Sebastian,strict,UK004F,Glasgow,1895840.0,True,True,True,1990
269,0nCiidE5GgDrc5kWN3NZgZ,"Emerson, Lake & Palmer",Q273171,1139758,1194686,"Emerson, Lake & Palmer",1970.0,Q1641839|Q206159|Q217467|Q49451|Q719927|Q944465,art rock|experimental rock|jazz rock|progressive rock|psychedelic rock|symphonic rock,Rock and indie,Q1347984|Q1470329|Q1546001|Q1611073|Q1636558|Q1813833|Q190585|Q202440|Q203059|Q2299832|Q3844913|Q3939773|Q5029631|Q56760250|Q62266131|Q627091|Q679007|Q7299616|Q7502767,Atlantic Records|Canadian-American Records|E.G. Records|Eagle Rock Entertainment|Island Records|Manticore Records|Mushroom Records|Razor & Tie|Rhino Entertainment Company|Sanctuary Records|Shout! Factory|Sony Music|Stax Records|The Rocket Record Company|Vee-Jay Records|Victor Talking Machine Company|Victory Records|Virgin Records|Volt Records,Q319751|Q343075|Q348277,Carl Palmer|Greg Lake|Keith Emerson,"Emerson, Lake & Palmer",strict,UK001F,London,12666099.0,True,True,True,1970
270,4pJCawaKSZ40EnxN0YEYw3,Badfinger,Q798993,1128068,471790,Badfinger,1961.0,Q837837,power pop,"Pop, soul and R&B",Q1542119|Q213710|Q3844913|Q64485314|Q7077570|Q726251,Apple Records|Elektra|Manticore Records|Ode Records|United Artists Records|Warner Records,Q1286993|Q1471316|Q1493339|Q3313332,Joey Molland|Mike Gibbins|Pete Ham|Tom Evans,Badfinger,strict,UK517F,Swansea,394553.0,True,True,True,1960
271,40nPYop0FOD9Syyu5y4dAU,PRESIDENT,Q135218611,1108071,247203,President,2025.0,Q183862|Q20378,alternative metal|metalcore,Metal,,,,,President (band),excluded_no_defensible_fua,,,,False,True,True,2020
272,3i9hP422d2KMjaupTzBNVS,The Spencer Davis Group,Q1049145,1087690,317136,The Spencer Davis Group,1963.0,Q11399|Q206159|Q211418|Q546264|Q885561,British Invasion|beat music|blue-eyed soul|psychedelic rock|rock music,"Other genres|Pop, soul and R&B|Rock and indie",Q1542119|Q190585|Q585643|Q729590,Atco Records|Fontana Records|Island Records|United Artists Records,Q314397,Steve Winwood,The Spencer Davis Group,strict,UK002F,Birmingham,3247941.0,True,True,True,1960
273,2CkhxuagMCG9uvlbKm5G3m,Imagination,Q142904,1083676,139019,Imagination,1981.0,Q1190485|Q164444,funk|post-disco,"Other genres|Pop, soul and R&B",Q7273216,R&B Records,Q3228967,Leee John,Imagination (band),strict,UK001F,London,12666099.0,True,True,True,1980
274,4fomCZiFUMX73KJ0YQ0V90,The Beautiful South,Q1757677,1074612,498337,The Beautiful South,1988.0,Q11399,rock music,Rock and indie,Q2482872,Universal Records,Q1938749|Q6121009,Jacqui Abbott|Paul Heaton,The Beautiful South,strict,UK026F,Hull,631285.0,True,True,True,1980
275,3NZE8jDD2cCzd4vUyZ5CQQ,Spacehog,Q339626,1073095,164649,Spacehog,1994.0,Q11366,alternative rock,Rock and indie,Q165711,Sire,Q16214162,Royston Langdon,Spacehog,excluded_non_uk,,,,False,True,True,1990
276,5670CyWrIOA7702gNjsGMZ,Manfred Mann,Q319265,1070103,421269,Manfred Mann,1962.0,Q546264,beat music,Rock and indie,Q193023|Q56762278|Q729590,Capitol Records|Fontana Records|His Master's Voice,Q11988023|Q123870,Manfred Mann|Paul Jones,Manfred Mann,excluded_no_defensible_fua,,,,False,True,True,1960
277,2XIbOWDT5vZPW7jNyzdfcK,Caskets,Q107981908,1063882,255906,Caskets,2018.0,Q10926|Q11366|Q20378|Q377910,alternative metal|alternative rock|emo|post-hardcore,Metal|Other genres|Punk and new wave|Rock and indie,,,,,Caskets (band),excluded_no_defensible_fua,,,,False,True,True,2010
278,75mafsNqNE1WSEVxIKuY5C,IDLES,Q39070668,1060008,893225,Idles,,Q598929,post-punk,Punk and new wave,Q7140619,Partisan Records,,,Idles,strict,UK011F,Bristol,1025309.0,True,True,False,
279,3UCbp6D1lvILlxRJT9LnFa,Koven,Q106091172,1057644,149136,Koven,,Q188994|Q20474|Q851213,drum and bass|dubstep|electronic dance music,Electronic and dance|Other genres,Q10398667|Q21006848|Q30118742|Q3096979,Liquicity|Monstercat|NoCopyrightSounds|UKF Music,Q113456226|Q113456229,Katie Geraghty|Max Rowat,Koven (group),excluded_no_defensible_fua,,,,False,True,False,
280,6csA2rxNLkQJXeEa7lyGXn,Mis-Teeq,Q1303048,1053166,147133,Mis-Teeq,1999.0,Q850412,contemporary R&B,"Pop, soul and R&B",Q7697852,Telstar,Q19182|Q2345785|Q3502340|Q579903|Q8068988,Alesha Dixon|Sabrina Washington|Su-Elise Nash|Tina Barrett|Zena McNally,Mis-Teeq,strict,UK001F,London,12666099.0,True,True,True,1990
281,2Omy3P5hFZym7FKum1JA1s,UFO,Q251657,1051240,669681,UFO,1969.0,Q236913|Q83270,hard rock|space rock,Rock and indie,Q1088453,Chrysalis Records,Q1385386|Q57642|Q723294,Larry Wallis|Michael Schenker|Phil Mogg,UFO (band),strict,UK001F,London,12666099.0,True,True,True,1960
282,6ssXMmc5EOUrauZxirM910,White Lies,Q1331605,1046821,560678,White Lies,2007.0,Q1899347,post-punk revival,Punk and new wave,Q2481499,Fiction Records,,,White Lies (band),strict,UK001F,London,12666099.0,True,True,True,2000
283,0Ak6DLKHtpR6TEEnmcorKA,The Vaccines,Q1458872,1042137,807443,The Vaccines,2010.0,Q3071,punk rock,Punk and new wave,Q183387,Columbia Records,,,The Vaccines,strict,UK001F,London,12666099.0,True,True,True,2010
284,0fYPQBOx0vsRMmjUba9HgF,Modern English,Q1691644,1039829,242915,Modern English,1979.0,Q187760|Q598929,new wave|post-punk,Punk and new wave,Q238095,4AD,Q95238566|Q95239140|Q95239638|Q95241641|Q95242660,Gary McDowell|Michael Conroy|Richard Brown|Robbie Grey|Stephen Walker,Modern English (band),strict,UK546F,Colchester,356981.0,True,True,True,1970
285,67YNiSqhrx1P8oPvIIvbP5,The Lightning Seeds,Q1973228,1037603,189073,The Lightning Seeds,1989.0,Q1298934,synth-pop,Electronic and dance,Q203059,Virgin Records,Q921695,Ian Broudie,The Lightning Seeds,strict,UK006F,Liverpool,1597536.0,True,True,True,1980
286,7M1FPw29m5FbicYzS2xdpi,King Crimson,Q189382,1036506,1414122,King Crimson,1968.0,Q206159|Q217467|Q49451|Q944465,art rock|jazz rock|progressive rock|psychedelic rock,Rock and indie,Q1611073|Q190585|Q202440|Q2308444|Q264137,Atlantic Records|Caroline Records|Discipline Global Mobile|E.G. Records|Island Records,Q203185|Q216986|Q312797|Q363019,Adrian Belew|Bill Bruford|Robert Fripp|Tony Levin,King Crimson,excluded_no_defensible_fua,,,,False,True,True,1960
287,6Jrj26oAY96EEC2lqC6fua,Squeeze,Q591279,1034511,369318,Squeeze,1974.0,Q187760,new wave,Punk and new wave,Q2265719|Q277626,A&M Records|I.R.S. Records,Q105488327|Q181991|Q3108829|Q5106399,Chris Difford|Glenn Tilbrook|Harri Kakoulli|Jools Holland,Squeeze (band),strict,UK001F,London,12666099.0,True,True,True,1970
288,2s79xe5F6eUQkjwjww27Fh,ABC,Q287078,1028147,431631,ABC,1980.0,Q187760|Q37073,new wave|pop music,"Pop, soul and R&B|Punk and new wave",Q55965015,EMI,Q3736302,Martin Fry,ABC (band),strict,UK010F,Sheffield,1217504.0,True,True,True,1980
289,6QNkSI0c63lCTNXpHDBiqP,Ace,Q339889,1026309,40060,Ace,1972.0,Q1431327,pub rock,Rock and indie,Q4752698,Anchor Records,Q548449,Paul Carrack,Ace (band),strict,UK010F,Sheffield,1217504.0,True,True,True,1970
290,3Z6IRCo7umuk8K2XQy0ZDj,Busted,Q826185,1009124,307292,Busted,2000.0,Q3071,punk rock,Punk and new wave,Q190585|Q2576206,East West Records|Island Records,Q375957|Q470996|Q723063,Charlie Simpson|James Bourne|Matt Willis,Busted (band),strict,UK001F,London,12666099.0,True,True,True,2000
291,12EtLdLfJ41vUOoVzPZIUy,Girls Aloud,Q205473,996906,552875,Girls Aloud,2002.0,Q188450|Q211756|Q37073,dance-pop|electropop|pop music,"Pop, soul and R&B",Q155152|Q2604329,Fascination Records|Polydor Records,Q1072383|Q212772|Q254962|Q256824|Q977999,Cheryl|Kimberley Walsh|Nadine Coyle|Nicola Roberts|Sarah Harding,Girls Aloud,strict,UK001F,London,12666099.0,True,True,True,2000
292,0nJaMZM8paoA5HEUTUXPqi,Bear's Den,Q18357134,996827,345964,Bear's Den,2012.0,Q1317816|Q186472,folk rock|indie folk,Other genres,Q5154244,Communion Music,,,Bear's Den (band),strict,UK001F,London,12666099.0,True,True,True,2010
293,0aeLcja6hKzb7Uz2ou7ulP,Noah And The Whale,Q1811037,995813,469876,Noah and the Whale,2006.0,Q183504,indie rock,Rock and indie,Q165745,Mercury Records,Q5084843,Charlie Fink,Noah and the Whale,strict,UK001F,London,12666099.0,True,True,True,2000
294,4HxBVyHaUa60eCSsJWxwWR,Sisters of Mercy,Q751814,994856,771147,The Sisters of Mercy,1980.0,Q11366|Q11399|Q3840596|Q485395|Q598929|Q83270,alternative rock|dark wave|gothic rock|hard rock|post-punk|rock music,Other genres|Punk and new wave|Rock and indie,Q1168837|Q2576206|Q56404384|Q726251,East West Records|Elektra|Merciful Release|Rhino,,,The Sisters of Mercy,strict,UK003F,Leeds,3070506.0,True,True,True,1980
295,3KNZ9AOjBajjmr6ZR2VGfl,Il Divo,Q269813,977922,966587,Il Divo,2004.0,Q2336819|Q504635,crossover|operatic pop,"Other genres|Pop, soul and R&B",Q330629,Sony Music,Q124008|Q1777864|Q3018511|Q471093,Carlos Marín|David Miller|Sébastien Izambard|Urs Bühler,Il Divo,excluded_no_defensible_fua,,,,False,True,True,2000
296,4rjlerN21ygkIhmUv55irs,The Jesus and Mary Chain,Q1126301,975001,578109,The Jesus and Mary Chain,1983.0,Q11366|Q181861|Q183504|Q2545135|Q272167|Q598929,alternative rock|indie rock|noise pop|noise rock|post-punk|shoegaze,"Pop, soul and R&B|Punk and new wave|Rock and indie",Q1139341,Creation Records,,,The Jesus and Mary Chain,strict,UK004F,Glasgow,1895840.0,True,True,True,1980
297,3pTE9iaJTkWns3mxpNQlJV,Bombay Bicycle Club,Q891829,970928,881071,Bombay Bicycle Club,2005.0,Q183504,indie rock,Rock and indie,Q190585,Island Records,,,Bombay Bicycle Club,strict,UK001F,London,12666099.0,True,True,True,2000
298,1kNQXvepPjaPgUfeDAF2h6,You Me At Six,Q1512507,967721,698799,You Me at Six,2004.0,Q10926|Q11363|Q11366|Q377910|Q484641|Q487914,alternative rock|emo|pop rock|pop-punk|post-hardcore|screamo,"Other genres|Pop, soul and R&B|Punk and new wave|Rock and indie",Q203059|Q726153|Q7538571,Epitaph Records|Slam Dunk Records|Virgin Records,Q12320375,Josh Franceschi,You Me at Six,strict,UK001F,London,12666099.0,True,True,True,2000
299,47izDDvtOxxz3FzHYuUptd,McFly,Q223768,964171,515965,McFly,2004.0,Q11366|Q3071|Q484641|Q487914,alternative rock|pop rock|pop-punk|punk rock,"Pop, soul and R&B|Punk and new wave|Rock and indie",Q190585,Island Records,Q1051531|Q1051540|Q1051550|Q1053531,Danny Jones|Dougie Poynter|Harry Judd|Tom Fletcher,McFly,excluded_no_defensible_fua,,,,False,True,True,2000
300,7bKupnlF7XOfR1En3K8oAL,Go West,Q1533399,925778,281420,Go West,1982.0,Q37073,pop music,"Pop, soul and R&B",Q1088453,Chrysalis Records,Q1794651|Q19560385,Peter Cox|Richard Drummie,Go West (band),strict,UK001F,London,12666099.0,True,True,True,1980
301,1CD77o9fbdyQFrHnUPUEsF,Traffic,Q1048439,924163,664568,Traffic,1967.0,Q105527|Q206159|Q49451,jazz fusion|progressive rock|psychedelic rock,Other genres|Rock and indie,Q190585,Island Records,Q1334162|Q1348821|Q1392515|Q26099|Q2732447|Q278939|Q314397|Q6831540|Q7291513|Q7358318|Q868690|Q918535|Q961172,Barry Beckett|Chris Wood|Dave Mason|David Hood|Jim Capaldi|Jim Gordon|Michael J McEvoy|Randall Bramblett|Rebop Kwaku Baah|Ric Grech|Roger Hawkins|Rosko Gee|Steve Winwood,Traffic (band),strict,UK002F,Birmingham,3247941.0,True,True,True,1960
302,3Kf7VEIRWquxrNIuyJZnfF,Cornershop,Q1134101,920853,85161,Cornershop,1991.0,Q183504,indie rock,Rock and indie,Q3568013,Wiiija,,,Cornershop,strict,UK014F,Leicester,967988.0,True,True,True,1990
303,37uLId6Z5ZXCx19vuruvv5,Hot Chip,Q877512,912686,723814,Hot Chip,2000.0,Q1298934,synth-pop,Electronic and dance,Q1153070|Q1200368|Q1238400|Q55965015,Astralwerks|DFA Records|Domino Recording Company|EMI,Q19745281|Q56249708|Q60734259|Q99732401,Al Doyle|Alexis Taylor|Joe Goddard|Owen Clarke,Hot Chip,strict,UK001F,London,12666099.0,True,True,True,2000
304,4fSPtBgFPZzygkY6MehwQ7,The Libertines,Q214350,911120,943427,The Libertines,1997.0,Q183504|Q3071,indie rock|punk rock,Punk and new wave|Rock and indie,Q385558,Rough Trade,Q434242,Carl Barât,The Libertines,strict,UK001F,London,12666099.0,True,True,True,1990
305,6D7h7R79IZjqJC2GM2wzyY,Heatwave,Q1592619,907968,515706,Heatwave,1975.0,Q164444,funk,"Pop, soul and R&B",Q2153168,GTO Records,Q137061318|Q601739,Johnnie Wilder Jr.,Heatwave (band),strict,UK001F,London,12666099.0,True,True,True,1970
306,2uH0RyPcX7fnCcT90HFDQX,Manic Street Preachers,Q217025,893282,751312,Manic Street Preachers,1986.0,Q11366,alternative rock,Rock and indie,Q183387,Columbia Records,Q1680270|Q2255749|Q2446658|Q436648,James Dean Bradfield|Nicky Wire|Richey Edwards|Sean Moore,Manic Street Preachers,strict,UK009F,Cardiff,939371.0,True,True,True,1980
307,0TJB3EE2efClsYIDQ8V2Jk,Elbow,Q665798,891884,578182,Elbow,1997.0,Q183504,indie rock,Rock and indie,Q1191537,V2 Records,Q108919511|Q136480037|Q506393,Alex Reeves|Guy Garvey|Pete Turner,Elbow (band),strict,UK008F,Manchester,3595966.0,True,True,True,1990
308,6tCJN1fQNdFCEaOa8Da9Wf,JADED,Q47006918,891067,55678,Jaded,,,,,,,,,,excluded_no_defensible_fua,,,,False,False,False,
309,57xdnSVt4ahJCIXYLieQ25,The Troggs,Q943253,883780,337104,The Troggs,1964.0,Q11399,rock music,Rock and indie,Q585643|Q729590,Atco Records|Fontana Records,Q724773,Reg Presley,The Troggs,strict,UK520F,Southampton,713674.0,True,True,True,1960
310,1MNeXu0284O7mQWgF1YRc0,Breathe,Q2307431,876466,38500,Breathe,1984.0,Q37073,pop music,"Pop, soul and R&B",Q277626|Q7530114,A&M Records|Siren Records,,,Breathe (British band),excluded_no_defensible_fua,,,,False,True,True,1980
311,3csPCeXsj2wezyvkRFzvmV,Orbital,Q515942,874037,416016,Orbital,1989.0,Q170611|Q817138,electronica|techno,Electronic and dance,Q5425430,FFRR,,,Orbital (band),strict,UK001F,London,12666099.0,True,True,True,1980
312,5BKsn7SCN2XmbF7apdCpRS,Goldfrapp,Q606250,864148,618403,,1999.0,Q817138,electronica,Electronic and dance,Q1200368|Q240804,Astralwerks|Mute Records,Q168555|Q3568287,Alison Goldfrapp|Will Gregory,Goldfrapp,strict,UK001F,London,12666099.0,True,True,True,1990
313,60adCptqwRkANTtVja0bvf,Academy of Ancient Music,Q337310,863103,46459,Academy of Ancient Music,1973.0,,,,,,,,Academy of Ancient Music,excluded_no_defensible_fua,,,,False,False,True,1970
314,75EZuo5MHV2572NRpMWotC,Crystal Fighters,Q526130,846287,356161,Crystal Fighters,2007.0,Q1298934|Q1435509|Q183504|Q2187392|Q235858|Q842324,alternative dance|folktronica|indie pop|indie rock|synth-pop|traditional folk music,"Electronic and dance|Other genres|Pop, soul and R&B|Rock and indie",Q202440|Q5275295,Atlantic Records|Different Recordings,,,Crystal Fighters,strict,UK001F,London,12666099.0,True,True,True,2000
315,48YxSlb23RAaCd4RyHcV9V,Herman's Hermits,Q693597,843685,542791,Herman's Hermits,1963.0,Q11399|Q546264,beat music|rock music,Rock and indie,Q183387,Columbia Records,,,Herman's Hermits,strict,UK008F,Manchester,3595966.0,True,True,True,1960
316,15PIcAgtP1zCipRK3sniUN,La Serenissima,Q6465241,840773,10706,La Serenissima,1994.0,,,,,,,,La Serenissima (musical ensemble),excluded_no_defensible_fua,,,,False,False,True,1990
317,0un6YenPxWZ2VW4aFGMupM,Floetry,Q3937955,834779,827023,Floetry,1997.0,Q45981,rhythm and blues,"Pop, soul and R&B",Q155152|Q1899781,DreamWorks Records|Polydor Records,Q15512825|Q974238,Marsha Ambrosius|Natalie Stewart,Floetry,strict,UK001F,London,12666099.0,True,True,True,1990
318,3tx8fyu3c4OBP5nejYtUOb,Average White Band,Q583556,830950,473616,Average White Band,1972.0,Q885561,blue-eyed soul,"Pop, soul and R&B",Q202440,Atlantic Records,Q518590,Alex Ligertwood,Average White Band,strict,UK550F,Dundee City,264690.0,True,True,True,1970
319,4qmHkMxr6pTWh5Zo74odpH,Elvis Costello & The Attractions,Q7714866,830368,329467,Elvis Costello & the Attractions,1977.0,Q187760,new wave,Punk and new wave,Q5423610,F-Beat Records,Q107119755|Q206939,Elvis Costello|The Attractions,,excluded_no_defensible_fua,,,,False,True,True,1970
320,2Q4FnG5T6NTUcAAZwuMV5K,Del Amitri,Q1183784,827530,117032,Del Amitri,1983.0,Q11366,alternative rock,Rock and indie,Q1088453,Chrysalis Records,Q430735,Justin Currie,Del Amitri,strict,UK004F,Glasgow,1895840.0,True,True,True,1980
321,1NfJU4hy56Z4UM4iyIa1B2,Courteeners,Q1352997,819255,366021,Courteeners,,Q183504,indie rock,Rock and indie,Q155152,Polydor Records,Q18637369,Liam Fray,Courteeners,strict,UK008F,Manchester,3595966.0,True,True,False,
322,7poQNrOwZoUcoqihg4Xex0,Wasia Project,Q111865044,815222,394807,Wasia Project,,,,,,,Q106629330|Q112661286,Olivia Hardy|William Gao,Wasia Project,excluded_no_defensible_fua,,,,False,False,False,
323,3bpvhFSIErguVNQUiutctF,Climie Fisher,Q1101485,814321,91736,Climie Fisher,1986.0,Q37073,pop music,"Pop, soul and R&B",Q183412|Q193023,Capitol Records|EMI,Q2156031|Q934737,Rob Fisher|Simon Climie,Climie Fisher,strict,UK001F,London,12666099.0,True,True,True,1980
324,3u9rbdcmA6CxjxOAkjaeFr,Kokoroko,Q104870323,813289,405946,Kokoroko,,,,,Q3204724,Brownswood Recordings,,,Kokoroko,strict,UK001F,London,12666099.0,True,False,False,
325,5N5tQ9Dx1h8Od7aRmGj7Fi,Bauhaus,Q180582,808555,1137691,Bauhaus,1978.0,Q3071|Q485395,gothic rock|punk rock,Punk and new wave,Q126039|Q238095|Q781847,4AD|Beggars Banquet Records|Small Wonder Records,Q3013690|Q505692|Q5235388|Q6396458,Daniel Ash|David J|Kevin Haskins|Peter Murphy,Bauhaus (band),strict,UK528F,Northampton,439811.0,True,True,True,1970
326,0f3kLT4wvi2mFHlHJgV8Hl,Kajagoogoo,Q608271,797085,292881,Kajagoogoo,1982.0,Q1298934|Q187760|Q484641,new wave|pop rock|synth-pop,"Electronic and dance|Pop, soul and R&B|Punk and new wave",Q55965015,EMI,Q921176|Q98457211,Limahl|Stuart Croxford Neale,Kajagoogoo,excluded_no_defensible_fua,,,,False,True,True,1980
327,17UkABEasVRlCcIFZ3wHb7,Steps,Q1457831,796161,446647,Steps,1997.0,Q37073,pop music,"Pop, soul and R&B",Q27184,Jive Records,,,Steps (pop group),strict,UK001F,London,12666099.0,True,True,True,1990
328,2qlAMLpUyBjZgnzuFXXZXI,Klaxons,Q840882,791164,327144,Klaxons,2005.0,Q1643549|Q183504|Q1899347|Q1995980|Q325504,dance-punk|electronic rock|indie rock|new rave|post-punk revival,Electronic and dance|Other genres|Punk and new wave|Rock and indie,Q1306283|Q155152|Q212699|Q4764019|Q616975,Angular Recording Corporation|Ed Banger Records|Geffen Records|Modular Recordings|Polydor Records,Q5925855|Q6128763,James Righton|Simon Taylor-Davis,Klaxons,strict,UK001F,London,12666099.0,True,True,True,2000
329,596ByjVYnslGJIHxEBGjF8,Ultrabeat,Q4356488,767735,60158,Ultrabeat,2002.0,Q9778,electronic music,Electronic and dance,Q2743409,Xploded Music,Q6846565,Mike Di Scala,Ultrabeat,strict,UK006F,Liverpool,1597536.0,True,True,True,2000
330,31jvzuB4ikftPQZJwrYfCF,Enter Shikari,Q912581,764839,522047,Enter Shikari,2003.0,Q11363|Q11366|Q183862|Q2084353|Q325504|Q377910,alternative rock|electronic rock|electronicore|metalcore|post-hardcore|screamo,Electronic and dance|Metal|Other genres|Punk and new wave|Rock and indie,,,Q18812223,Rou Reynolds,Enter Shikari,strict,UK001F,London,12666099.0,True,True,True,2000
331,3lcbKPLl0ci2mKRdcP5Etf,M People,Q1882185,762770,281163,M People,1990.0,Q20502|Q211756,dance-pop|house music,"Electronic and dance|Pop, soul and R&B",Q2891955,Deconstruction Records,Q112469329|Q112492910|Q469195|Q6848390,Heather Small|Mike Pickering|Paul Heard|Shovell,M People,strict,UK008F,Manchester,3595966.0,True,True,True,1990
332,223iUzG0kb5V166FJP9ovD,IAMX,Q1990235,750077,246831,IAMX,,Q11366|Q1166158|Q1298934,alternative rock|dark cabaret|synth-pop,Electronic and dance|Other genres|Rock and indie,Q1694493,Major Records,Q704635,Chris Corner,IAMX,strict,UK001F,London,12666099.0,True,True,False,
333,3PP6ghmOlDl2jaKaH0avUN,"Black Country, New Road",Q66759333,741988,492540,"Black Country, New Road",,Q11366|Q183504|Q209137|Q22991878,alternative rock|chamber pop|indie rock|post-rock,"Pop, soul and R&B|Rock and indie",,,,,"Black Country, New Road",excluded_no_defensible_fua,,,,False,True,False,
334,38LdIuxB548zgHoEY2AN7a,While She Sleeps,Q2543938,740851,528146,While She Sleeps,2006.0,Q10922|Q183862|Q20378|Q39052604,alternative metal|hardcore punk|metalcore|nu metalcore,Metal|Punk and new wave,,,,,While She Sleeps,strict,UK010F,Sheffield,1217504.0,True,True,True,2000
335,1JVoO5bwfU8GNuAZLpBoHe,The Dream Academy,Q2002188,735488,81792,The Dream Academy,1983.0,Q186472,folk rock,Other genres,Q843402,Warner Bros. Records,,,The Dream Academy,strict,UK001F,London,12666099.0,True,True,True,1980
336,6PHIK3kjWggLtVygsOtpqS,Suede,Q826255,713390,569692,Suede,1989.0,Q11366,alternative rock,Rock and indie,Q183387|Q7068342,Columbia Records|Nude Records,Q2627352|Q520062|Q6030281,Bernard Butler|Mat Osman|Neil Codling,Suede (band),strict,UK001F,London,12666099.0,True,True,True,1980
337,6hl5k4gLl1p3sjhHcb57t2,Circa Waves,Q18205953,708315,319278,Circa Waves,2013.0,Q183504,indie rock,Rock and indie,Q4051704,Transgressive Records,,,Circa Waves,strict,UK006F,Liverpool,1597536.0,True,True,True,2010
338,6OiHleP2bHM18dXq4aZQWt,The Coral,Q1777045,707737,287640,The Coral,1996.0,Q11366|Q183504|Q3071,alternative rock|indie rock|punk rock,Punk and new wave|Rock and indie,Q5254811,Deltasonic,,,The Coral,strict,UK006F,Liverpool,1597536.0,True,True,True,1990
339,2qT62DYO8Ajb276vUJmvhz,XTC,Q1413926,705276,391755,XTC,1972.0,Q11366|Q187760|Q484641|Q837837,alternative rock|new wave|pop rock|power pop,"Pop, soul and R&B|Punk and new wave|Rock and indie",Q203059|Q212699|Q264137|Q2996526,Caroline Records|Cooking Vinyl|Geffen Records|Virgin Records,Q3635217|Q3682648|Q3984802|Q5228875|Q526970,Andy Partridge|Barry Andrews|Colin Moulding|Dave Gregory|Terry Chambers,XTC,strict,UK535F,Swindon,243875.0,True,True,True,1970
340,5kwHgbzNHq1iHkUSrAmjjQ,Audio Bullys,Q758846,701846,83213,Audio Bullys,2001.0,Q817138,electronica,Electronic and dance,Q1200368,Astralwerks,,,Audio Bullys,strict,UK001F,London,12666099.0,True,True,True,2000
341,15qI5w4XJFLRMwOp2VrlD5,The Saturdays,Q756220,701836,736766,The Saturdays,2008.0,Q1298934,synth-pop,Electronic and dance,Q155152|Q2604329,Fascination Records|Polydor Records,Q2451952|Q2665333|Q2668601|Q533963|Q744554,Frankie Sandford|Mollie King|Rochelle Humes|Una Healy|Vanessa White,The Saturdays,strict,UK001F,London,12666099.0,True,True,True,2000
342,2U6J9Q89i1TNhesKreFD65,piri & tommy,Q115816501,690910,45851,piri & tommy,2021.0,Q188450|Q188994|Q851213,drum and bass|electronic dance music|electropop,"Electronic and dance|Pop, soul and R&B",,,Q116483242|Q121361900,Tommy Villiers|piri,Piri & Tommy,excluded_no_defensible_fua,,,,False,True,True,2020
343,3OpqU68JpZlzvjAJj3B2Da,Alestorm,Q758934,684120,746082,Alestorm,2004.0,Q484179|Q57143,folk metal|power metal,Metal,Q693194,Napalm Records,Q10288334|Q108418661|Q16232094|Q4095231|Q61069487|Q7172482,Christopher Bowes|Dani Evans|Elliot Vernon|Gareth Murdock|Máté Bodor|Peter Alcorn,Alestorm,excluded_no_defensible_fua,,,,False,True,True,2000
344,0ZZr6Y49NZWRJc0uCwqpMR,Feeder,Q1049555,679131,262471,Feeder,1992.0,Q11365|Q11366|Q189045|Q3071|Q379671|Q83270,Britpop|alternative rock|grunge|hard rock|post-grunge|punk rock,"Other genres|Pop, soul and R&B|Punk and new wave|Rock and indie",Q1202628|Q18628|Q2996526|Q7731485,Cooking Vinyl|Echo|Roadrunner Records|Victor Entertainment,Q2706947,Grant Nicholas,Feeder (band),strict,UK558F,Newport,262018.0,True,True,True,1990
345,5gqoUf9vKKv96b1c0GBKwu,Dusky,Q16249370,666537,133667,Dusky,,Q9778,electronic music,Electronic and dance,,,,,Dusky,excluded_no_defensible_fua,,,,False,True,False,
346,7uwY65fDg3FVJ8MkJ5QuZK,hard life,Q85684673,664952,342751,Easy Life,2017.0,,,,,,,,Hard Life,excluded_no_defensible_fua,,,,False,False,True,2010
347,45O9BwPMyywM755SYUK0sP,Uriah Heep,Q108666,659174,860808,Uriah Heep,1969.0,Q49451|Q83270,hard rock|progressive rock,Rock and indie,Q1088453|Q1330417|Q671229|Q843402,Bronze|Chrysalis Records|Vertigo Records|Warner Bros. Records,Q23061389|Q442789|Q529643|Q724308|Q826590,Bernie Shaw|Davey Rimmer|David Byron|Lee Kerslake|Mick Box,Uriah Heep (band),strict,UK001F,London,12666099.0,True,True,True,1960
348,5k979N1TnPncUyqlXlaRSv,The Longest Johns,Q104759060,653167,272973,The Longest Johns,2015.0,Q1195253|Q43343,folk music|sea shanty,Other genres,,,Q104880855|Q104880936|Q104881166|Q104881531,Andy Yates|Dave Robinson|Jonathan Darley|Josh Bowker,The Longest Johns,strict,UK011F,Bristol,1025309.0,True,True,True,2010
349,339DNkQkuhHKEcHw6oK8f0,Happy Mondays,Q1141495,652616,462546,Happy Mondays,1980.0,Q11366|Q2187392|Q601235,alternative dance|alternative rock|hip house,Other genres|Rock and indie,Q578943,Factory Records,Q338338|Q7153378,Paul Ryder|Shaun Ryder,Happy Mondays,strict,UK008F,Manchester,3595966.0,True,True,True,1980
350,3PALZKWkpwjRvBsRmhlVSS,Gunship,Q28146294,646183,298392,Gunship,2014.0,Q19938910,synthwave,Electronic and dance,,,Q2838292|Q4717977,Alex Westaway|Dan Haigh,Gunship (band),excluded_no_defensible_fua,,,,False,True,True,2010
351,7pv3MRGkgkXa9Qn8sMctxT,Magoo,Q6732352,639865,22094,Magoo,1992.0,Q183504,indie rock,Rock and indie,Q2371991,Chemikal Underground,,,Magoo (band),excluded_no_defensible_fua,,,,False,True,True,1990
352,2DxlS3lTLFIq70S7ap5H3y,Buzzcocks,Q939329,638182,490422,Buzzcocks,1976.0,Q3071,punk rock,Punk and new wave,Q219400|Q2265719,I.R.S. Records|United Artists,Q1141280|Q3973331|Q5220341,Danny Farrant|Pete Shelley|Steve Diggle,Buzzcocks,strict,UK008F,Manchester,3595966.0,True,True,True,1970
353,0IEPb9ily3E5IAYMSkwtQ6,Arctic Lake,Q93890774,637713,65681,Arctic Lake,,,,,,,,,Arctic Lake (band),excluded_no_defensible_fua,,,,False,False,False,
354,0ucLPotcQNI7AViFytdhBz,Ladytron,Q831841,637497,333134,Ladytron,1999.0,Q1298934|Q817138,electronica|synth-pop,Electronic and dance,Q1029135,Nettwerk,Q11301458|Q2603470|Q5217554|Q5702795,Daniel Hunt|Helen Marnie|Mira Aroyo|Reuben Wu,Ladytron,strict,UK006F,Liverpool,1597536.0,True,True,True,1990
355,1a5l3fWnzmaK7gDD2IkbHq,Tin Tin Out,Q1749463,633305,5681,Tin Tin Out,,Q817138|Q9778,electronic music|electronica,Electronic and dance,,,,,Tin Tin Out,excluded_no_defensible_fua,,,,False,True,False,
356,7GvVTb8yFV0ZrdI30Qce6T,Delta Heavy,Q16864855,632637,190365,Delta Heavy,2009.0,Q188994,drum and bass,Electronic and dance,Q10398667|Q3096979|Q4048005,Monstercat|RAM Records|UKF Music,,,Delta Heavy,excluded_no_defensible_fua,,,,False,True,True,2000
357,3loflELg7MzgrOyNqERolN,The Style Council,Q676522,626814,368853,The Style Council,1983.0,Q187760|Q217191|Q484641|Q8341|Q885561,blue-eyed soul|jazz|new wave|pop rock|soft rock,"Other genres|Pop, soul and R&B|Punk and new wave|Rock and indie",Q155152|Q212699,Geffen Records|Polydor Records,Q1146031|Q1246759|Q3704645|Q371986,Dee C. Lee|Mick Talbot|Paul Weller|Steve White,The Style Council,strict,UK001F,London,12666099.0,True,True,True,1980
358,1h8YIw9HLr6E8gdXVDRbVJ,Big Country,Q858738,622663,271022,Big Country,1981.0,Q11366,alternative rock,Rock and indie,Q165745,Mercury Records,Q1346192,Stuart Adamson,Big Country,reviewed_extended,UK007F,Edinburgh,932180.0,True,True,True,1980
359,2WuKU0SYZOQyY3MmE4vtez,New Hope Club,Q28677824,617401,986109,New Hope Club,2015.0,Q183504|Q37073,indie rock|pop music,"Pop, soul and R&B|Rock and indie",Q28677826|Q387539,Hollywood Records|Steady Records,,,New Hope Club,strict,UK008F,Manchester,3595966.0,True,True,True,2010
360,33tFkBLsl6f8TjKkV0uF0C,Lovejoy,Q109558113,617221,1099469,Lovejoy,,,,,Q124387355,Anvil Cat Records,Q105750263|Q135655121|Q135655127|Q135655135,Ash Kabosu|Joe Goldsmith|Mark Boardman|Wilbur Soot,Lovejoy (band),excluded_no_defensible_fua,,,,False,False,False,
361,5jqKIZLB5WA5KquEihB3ND,Deacon Blue,Q1180767,612759,256096,Deacon Blue,1985.0,Q11366|Q264289|Q484641,alternative rock|pop rock|sophisti-pop,"Pop, soul and R&B|Rock and indie",Q1088453|Q183387,Chrysalis Records|Columbia Records,Q3431654|Q6141450,James Prime|Ricky Ross,Deacon Blue,strict,UK004F,Glasgow,1895840.0,True,True,True,1980
362,10n5lhNDoSMUHWLlnST1yw,Slade,Q156872,612385,473230,Slade,1966.0,Q379033|Q76092|Q83270,arena rock|glam rock|hard rock,Rock and indie,Q155152|Q216364|Q729590,Epic Records|Fontana Records|Polydor Records,Q16149480|Q2567581|Q2567620|Q2630855|Q387655,Dave Hill|Don Powell|Jim Lea|Mal McNulty|Noddy Holder,Slade,strict,UK002F,Birmingham,3247941.0,True,True,True,1960
363,49H2dQUNhIlso7VNkS8nFR,Freemasons,Q1453598,607845,65062,Freemasons,2004.0,Q20502|Q316930|Q817138,dance music|electronica|house music,Electronic and dance,Q6663351,Loaded Records,Q29093967,Russell Small,Freemasons (DJs),strict,UK515F,Brighton and Hove,451122.0,True,True,True,2000
364,5vIOGcdmx1eIkq3ZtuS12U,Ocean Colour Scene,Q1332158,606956,454701,Ocean Colour Scene,1989.0,Q11399|Q189045,Britpop|rock music,"Pop, soul and R&B|Rock and indie",Q729590,Fontana Records,Q2287482,Simon Fowler,Ocean Colour Scene,strict,UK002F,Birmingham,3247941.0,True,True,True,1980
365,26GHRG8x1F4AzbCKzUaIbw,Aquilo,Q17279149,602693,328001,Aquilo,,Q9778,electronic music,Electronic and dance,,,,,Aquilo (band),excluded_no_defensible_fua,,,,False,True,False,
366,6T6T5RCps6bHzTSDq8pyFj,Fiction Factory,Q664789,601160,34517,Fiction Factory,1983.0,Q187760,new wave,Punk and new wave,Q13218788|Q183387,Columbia Records|Virgin EMI Records,Q104178461|Q6397213|Q6848259,Eddie Jordan|Kevin Patterson|Mike Ogletree,Fiction Factory,excluded_no_defensible_fua,,,,False,True,True,1980
367,3NUtpWpGDoffm3RCGhSHtl,Mount Kimbie,Q1359424,601000,362804,Mount Kimbie,,Q9778,electronic music,Electronic and dance,Q543707,Warp,,,Mount Kimbie,excluded_no_defensible_fua,,,,False,True,False,
368,5BaHqGtf6UAZnHfqdPaTDA,Them,Q1338638,598923,155177,Them,1964.0,Q211573,garage rock,Rock and indie,Q2733913|Q557632,Decca|Deram,Q272203,Van Morrison,Them (band),strict,UK012F,Belfast,817574.0,True,True,True,1960
369,2nszamLjZFgu3Yx77mKxuC,UNKLE,Q2032426,596520,420500,Unkle,1994.0,Q817138,electronica,Electronic and dance,Q1744506,Mo' Wax,Q711614,James Lavelle,Unkle,strict,UK001F,London,12666099.0,True,True,True,1990
370,69QKcDt724e93ZYkBSjsYP,LMC,Q514541,593636,10262,LMC,,,,,,,,,LMC (British band),excluded_no_defensible_fua,,,,False,False,False,
371,5xi3SZpllRPAkoPVbjB6nc,JLS,Q1165439,591899,520107,JLS,2007.0,Q131272|Q211756|Q37073|Q373342|Q45981|Q850412,contemporary R&B|dance-pop|pop music|popular music|rhythm and blues|soul,"Pop, soul and R&B",Q216364|Q27184|Q330629|Q50074604,Epic Records|Jive Records|RCA|Sony Music,Q2868461,Aston Merrygold,JLS,strict,UK001F,London,12666099.0,True,True,True,2000
372,1aOt6LvXOV6I8dv1A5Diia,DON BROCO,Q5292322,584790,285868,Don Broco,2008.0,Q484641,pop rock,"Pop, soul and R&B",,,,,Don Broco,strict,UK549F,Bedford,194976.0,True,True,True,2000
373,6EL5GD53kaaVgJCHgdtdLz,Steve Harley & Cockney Rebel,Q1431236,584745,66094,Steve Harley & Cockney Rebel,1972.0,Q11399,rock music,Rock and indie,Q55965015,EMI,Q4531302|Q705889,Steve Harley|Stuart Elliott,Steve Harley & Cockney Rebel,strict,UK001F,London,12666099.0,True,True,True,1970
374,1054JdBVMCPm9VpvkUcOYX,Sweet Female Attitude,Q1377724,582178,31030,Sweet Female Attitude,,Q1165777|Q20502|Q45981,UK garage|house music|rhythm and blues,"Electronic and dance|Other genres|Pop, soul and R&B",,,,,Sweet Female Attitude,strict,UK008F,Manchester,3595966.0,True,True,False,
375,53RkHTcl0SJZjpzqogkBf4,The Fixx,Q1460975,569663,284550,The Fixx,1979.0,Q187760,new wave,Punk and new wave,Q2338889,MCA Records,Q3008021,Cy Curnin,The Fixx,strict,UK001F,London,12666099.0,True,True,True,1970
376,52Syw7gkGRePCAYvEY2X9D,N-Dubz,Q1140107,569050,307419,N-Dubz,2000.0,Q850412,contemporary R&B,"Pop, soul and R&B",Q155152,Polydor Records,Q292993,Tulisa Contostavlos,N-Dubz,strict,UK001F,London,12666099.0,True,True,True,2000
377,7sbwBqdkynNUDgiWU3TQ5J,Aztec Camera,Q794148,568826,155418,Aztec Camera,1981.0,Q842324,indie pop,"Pop, soul and R&B",Q843402|Q935553,Postcard Records|Warner Bros. Records,,,Aztec Camera,strict,UK004F,Glasgow,1895840.0,True,True,True,1980
378,16kd5X3pBMOtXdLlX5LcAw,BONES UK,Q28340958,568133,106452,Bones,2014.0,Q11399|Q211573|Q487965,garage rock|industrial music|rock music,Electronic and dance|Rock and indie,Q2117925,Sumerian Records,,,Bones UK,excluded_no_defensible_fua,,,,False,True,True,2010
379,2WRStKp4ihGVUzlzWfv1Qt,The Undertones,Q1501348,562915,274928,The Undertones,1974.0,Q11399|Q3071,punk rock|rock music,Punk and new wave|Rock and indie,Q165711|Q5583051,Good Vibrations|Sire,Q1299778|Q5212311|Q6250995|Q6828781|Q7152405,Damian O'Neill|Feargal Sharkey|John O'Neill|Michael Bradley|Paul McLoone,The Undertones,strict,UK586F,Derry & Strabane Local Government District,152383.0,True,True,True,1970
380,5suoHSdDiYsjikHNVdYYKe,Binary Finary,Q863504,556404,45535,Binary Finary,1997.0,Q1136765|Q170435,trance|uplifting trance,Other genres,Q160732,Armada,,,Binary Finary,excluded_no_defensible_fua,,,,False,True,True,1990
381,4OoHneMX97SjUXKWgsyrP4,GPF,Q100414305,547879,111016,Greazy Puzzy Fuckerz,,Q388906,hardcore,Punk and new wave,,,,,,excluded_no_defensible_fua,,,,False,True,False,
382,1tttI1iC4FsS6BM5l38oe5,Marmalade,Q1281029,545335,89242,The Marmalade,1966.0,Q206159,psychedelic rock,Rock and indie,Q183387|Q557632,Columbia Records|Decca,,,Marmalade (band),strict,UK004F,Glasgow,1895840.0,True,True,True,1960
383,4eeRviM714mXXeILmKHxh2,Climax Blues Band,Q490339,545160,127118,Climax Blues Band,1968.0,Q193355,blues rock,Rock and indie,Q1324712|Q183412|Q203059|Q6738214|Q843402,EMI|Harvest|Major League Productions|Virgin Records|Warner Bros. Records,,,Climax Blues Band,excluded_no_defensible_fua,,,,False,True,True,1960
384,2lxX1ivRYp26soIavdG9bX,The Yardbirds,Q192725,543254,1006505,The Yardbirds,1963.0,Q193355|Q206159|Q45981,blues rock|psychedelic rock|rhythm and blues,"Pop, soul and R&B|Rock and indie",Q183387|Q5086379|Q66717800,Charly Records|Columbia Records|Fruits de Mer Records,Q165467|Q192474|Q2330684|Q2466911|Q48187|Q918408|Q923915,Chris Dreja|Eric Clapton|Jeff Beck|Jim McCarty|Jimmy Page|Keith Relf|Paul Samwell-Smith,The Yardbirds,strict,UK001F,London,12666099.0,True,True,True,1960
385,3Rj0tDHoX7C5NFq5DKIpHt,Stereolab,Q334652,542759,428315,Stereolab,1990.0,Q183504,indie rock,Rock and indie,Q1254522|Q17085321|Q238095|Q3074625|Q726251,4AD|Drag City|Duophonic Records|Elektra|Flying Nun Records,,,Stereolab,strict,UK001F,London,12666099.0,True,True,True,1990
386,5G49Sq5mMzAkGL4ZP6eVPY,The Staves,Q7766423,540680,235928,The Staves,,Q186472,folk rock,Other genres,Q202440,Atlantic Records,Q99675638|Q99676958|Q99704208,Camilla Staveley Taylor|Emily Staveley Taylor|Jessica Staveley Taylor,The Staves,strict,UK001F,London,12666099.0,True,True,False,
387,0Zy4ncr8h1jd7Nzr9946fD,Killing Joke,Q250421,538563,397648,Killing Joke,1979.0,Q187760|Q208494|Q485395|Q598929|Q968730,gothic rock|industrial metal|industrial rock|new wave|post-punk,Metal|Punk and new wave|Rock and indie,Q1124153|Q1611073|Q190585,E.G. Records|Island Records|Spinefarm Records,Q1361323|Q1367219|Q1375657|Q1740276|Q3371210|Q3428945,Geordie Walker|Jaz Coleman|Paul Ferguson|Paul Raven|Reza Udhin|Youth,Killing Joke,strict,UK001F,London,12666099.0,True,True,True,1970
388,0LVrQUinPUBFvVD5pLqmWY,Doves,Q126128,533297,299777,Doves,1998.0,Q11399|Q183504,indie rock|rock music,Rock and indie,Q375229,Heavenly Recordings,Q6190303,Jez Williams,Doves (band),strict,UK008F,Manchester,3595966.0,True,True,True,1990
389,0ZhPS80sMbmVgzOkMPKNpn,Precious,Q2094985,530748,9402,Precious,1998.0,Q37073,pop music,"Pop, soul and R&B",Q183412,EMI,Q1619714|Q1722464|Q2302829|Q289606|Q517576,Anya Lahiri|Jenny Frost|Kalli Clark-Sternberg|Louise Rose|Sophie McDonnell,Precious (group),excluded_no_defensible_fua,,,,False,True,True,1990
390,5GUVj2b1lJ4DolQyHlzyaO,Blind Faith,Q548656,529325,474336,Blind Faith,1968.0,Q193355,blues rock,Rock and indie,Q155152|Q190585|Q585643,Atco Records|Island Records|Polydor Records,Q122232|Q1348821|Q314397|Q48187,Eric Clapton|Ginger Baker|Ric Grech|Steve Winwood,Blind Faith,strict,UK033F,Guildford,285643.0,True,True,True,1960
391,47qTcvYlqJGAEsCI7BcENC,T'Pau,Q398101,525174,223072,T'Pau,1986.0,Q37073,pop music,"Pop, soul and R&B",Q1063242|Q203059,Charisma|Virgin Records,Q5044300,Carol Decker,T'Pau (band),excluded_no_defensible_fua,,,,False,True,True,1980
392,5NXHXK6hOCotCF8lvGM1I0,Porcupine Tree,Q213923,514183,808818,Porcupine Tree,1987.0,Q206159|Q484344|Q49451,progressive metal|progressive rock|psychedelic rock,Metal|Rock and indie,Q202440|Q5253631,Atlantic Records|Delerium Records,Q311817|Q352766|Q361888|Q3675528|Q4279,Chris Maitland|Colin Edwin|Gavin Harrison|Richard Barbieri|Steven Wilson,Porcupine Tree,strict,UK556F,Dacorum,161420.0,True,True,True,1980
393,14Gi3Uph96lpNB3utkoVAD,Hard-Fi,Q1123510,508027,200592,Hard-Fi,2003.0,Q11366,alternative rock,Rock and indie,Q16955482|Q202440,Atlantic Records|Necessary Records,Q7323763,Richard Archer,Hard-Fi,strict,UK001F,London,12666099.0,True,True,True,2000
394,6FlOCziOXI157pvUREAh3E,Los Campesinos!,Q1856023,507510,209086,Los Campesinos!,2006.0,Q183504|Q842324,indie pop|indie rock,"Pop, soul and R&B|Rock and indie",Q1810123|Q4034425,Arts & Crafts Productions|Wichita Recordings,Q110963030|Q110963055|Q110963064|Q110963067|Q110963076|Q110963080|Q110963083|Q110963150,Gareth Paisey|Jason Adelinia|Kim Paisey|Matt Fidler|Neil Beale|Neil Turner|Rob Taylor|Tom Bromley,Los Campesinos!,strict,UK009F,Cardiff,939371.0,True,True,True,2000
395,7jZycSvTyx0W9poD4PjEIG,The Hunna,Q27792569,506302,268983,The Hunna,2015.0,Q11399,rock music,Rock and indie,,,,,The Hunna,strict,UK001F,London,12666099.0,True,True,True,2010
396,77zrvBORXcnTyysjjKRfBU,The Art Of Noise,Q502967,506277,199618,Art of Noise,1983.0,Q1298934|Q187760|Q9778,electronic music|new wave|synth-pop,Electronic and dance|Punk and new wave,Q1073478|Q1088453|Q136485|Q190585,China Records|Chrysalis Records|Island Records|ZTT Records,Q1346568|Q273502|Q313092|Q323210|Q707039|Q710459,Anne Dudley|Gary Langan|J. J. Jeczalik|Lol Creme|Paul Morley|Trevor Horn,Art of Noise,excluded_no_defensible_fua,,,,False,True,True,1980
397,4phr5rAgWhcZtWJu8w8lKv,Swing Out Sister,Q955863,502370,183037,Swing Out Sister,1985.0,Q264289,sophisti-pop,"Pop, soul and R&B",Q165745,Mercury Records,Q4760541|Q5170583,Andy Connell|Corinne Drewery,Swing Out Sister,strict,UK008F,Manchester,3595966.0,True,True,True,1980
398,3r9TXuXfOUxXjgYgAR0fP8,Bay City Rollers,Q812073,499865,225644,Bay City Rollers,1966.0,Q11399|Q37073|Q484641|Q76092|Q837837,glam rock|pop music|pop rock|power pop|rock music,"Pop, soul and R&B|Rock and indie",Q216364|Q4883239|Q664167,Arista Records|Bell Records|Epic Records,Q2636764,Alan Longmuir,Bay City Rollers,strict,UK007F,Edinburgh,932180.0,True,True,True,1960
399,5fScAXreYFnuqwOgBsJgSd,The Charlatans,Q1542958,498770,412618,The Charlatans,1989.0,Q206159,psychedelic rock,Rock and indie,Q21077|Q7532146,Situation Two|Warner Music Group,Q2433840|Q6767122|Q7340039|Q82834064|Q82834222,Mark Collins|Martin Blunt|Rob Collins|Tim Burgess|Tony Rogers,The Charlatans (English band),excluded_no_defensible_fua,,,,False,True,True,1980
400,6BD4lgmnh4vy6kkCaZRDWt,Bury Tomorrow,Q1017202,497979,357588,Bury Tomorrow,2006.0,Q3071,punk rock,Punk and new wave,Q158886|Q262530|Q4027098,Artery Recordings|Basick Records|Nuclear Blast,,,Bury Tomorrow,strict,UK520F,Southampton,713674.0,True,True,True,2000
401,0r2TmTSwK6XAhAxNxTDOb4,Olive,Q2019953,491693,31488,Olive,1994.0,Q817138,electronica,Electronic and dance,Q202585,RCA Records,Q2470152,Ruth-Ann Boyle,Olive (band),strict,UK001F,London,12666099.0,True,True,True,1990
402,4O1s9iVG46lSn1mD9ek1ES,K-Klass,Q10313519,486338,26378,K-Klass,,Q817138,electronica,Electronic and dance,Q183412|Q208909|Q2891955|Q770103,Bertelsmann Music Group|Deconstruction Records|EMI|Parlophone,,,K-Klass,excluded_no_defensible_fua,,,,False,True,False,
403,0NTSMFFapnyZfvmCwzcYPd,Cradle Of Filth,Q487479,484589,676119,Cradle of Filth,1991.0,Q178145|Q465978,extreme metal|gothic metal,Metal,Q1808682,Music for Nations,Q109828940|Q135183366|Q135183441|Q135183484|Q135183897|Q1996734|Q2089260|Q2110985|Q2343057|Q2363728|Q2590746|Q2629746|Q2743501|Q283391|Q3012779|Q3105173|Q3161271|Q3233513|Q3488482|Q3500778|Q3566472|Q4889195|Q503157|Q80643|Q84166415|Q931703,Adrian Erlandsson|Ashley Ellyllon|Benjamin Ryan|Charles Hedger|Damien Gregori|Dani Filth|Daniel Firth|Dave Pybus|Donny Burbage|Gian Pyres|James McIlroy|Jon Kennedy|Les Smith|Lindsay Schoolcraft|Marek Smerda|Martin Marthus Škaroupka|Martin Powell|Nick Barker|Paul Allender|Paul Ryan|Richard Shaw|Robin Eaglestone|Sarah Jezebel Deva|Stuart Anstis|Was Sarginson|Zoë Marie Federoff,Cradle of Filth,excluded_no_defensible_fua,,,,False,True,True,1990
404,1eVEVL20zNLcGrPDOR691N,The English Beat,Q2165980,483379,170891,The Beat,1978.0,Q187760,new wave,Punk and new wave,Q5574758,Go Feet Records,Q1173373|Q15493738|Q4760559|Q5417041|Q7293289|Q7428764,Andy Cox|Dave Wakeling|David Steele|Everett Morton|Ranking Roger|Saxa,The Beat (British band),strict,UK002F,Birmingham,3247941.0,True,True,True,1970
405,3QvfzWcCo67s7bhOYEz5Tr,December 10,Q137673339,474904,104735,December 10,,Q95469495,alternative pop,"Pop, soul and R&B",Q3629023,EMI Records,Q115600023|Q139603290,Josh Olliver|Nicolas Alves,December 10 (group),excluded_no_defensible_fua,,,,False,True,False,
406,1I9HNoVK6kOQGVZfulXVnm,TENDER,Q60751165,469691,164082,TENDER,,,,,,,,,Tender (band),excluded_no_defensible_fua,,,,False,False,False,
407,3AmWjMXXtBJOmNGpUFSOAl,Gang Of Four,Q1130624,469462,292732,Gang of Four,1977.0,Q3071,punk rock,Punk and new wave,Q183412|Q3629023|Q843402,EMI|EMI Records|Warner Bros. Records,Q3017114,Dave Allen,Gang of Four (band),strict,UK003F,Leeds,3070506.0,True,True,True,1970
408,4BntNFyiN3VGG4hhRRZt9d,The Subways,Q1470472,467832,220739,The Subways,2003.0,Q11366|Q183504|Q379671|Q723418,alternative rock|cumbia|indie rock|post-grunge,Other genres|Rock and indie,Q2996526,Cooking Vinyl,Q96094539|Q96094638|Q96094645,Billy Lunn|Charlotte Cooper|Josh Morgan,The Subways,strict,UK001F,London,12666099.0,True,True,True,2000
409,4AOiNpcmfXTiWDB3uFszgn,The Big Push,Q135854861,466052,233766,The Big Push,2017.0,,,,,,Q106452516,Ren,,strict,UK515F,Brighton and Hove,451122.0,True,False,True,2010
410,1NRudBLaT84LXxfsYdFMhB,WARGASM (UK),Q108696271,465557,153921,Wargasm,,,,,,,Q113541618|Q131750751,Milkie Way|Sam Matlock,Wargasm,excluded_no_defensible_fua,,,,False,False,False,
411,03hfAxVdAWj7kxDnSG0fLD,The Shadows,Q212168,463312,265554,The Shadows,1958.0,Q11399|Q1650296|Q37073|Q4390945|Q7749,instrumental rock|pop music|rautalanka|rock and roll|rock music,"Other genres|Pop, soul and R&B|Rock and indie",Q1112471|Q155152|Q373246|Q38903,Columbia Graphophone Co. Ltd.|Eagle Records|Polydor Records|Universal Music Group,Q365478|Q709928|Q712368|Q991880,Bruce Welch|Hank Marvin|Jet Harris|Tony Meehan,The Shadows,excluded_no_defensible_fua,,,,False,True,True,1950
412,71vVmHeNgCVSa5SVmfvscU,Saxon,Q504090,460256,685716,Saxon,1975.0,Q38848,heavy metal music,Metal,Q55965015|Q694052,EMI|SPV GmbH,,,Saxon (band),strict,UK010F,Sheffield,1217504.0,True,True,True,1970
413,6VeL8VhaMjHTPc5uovFl3h,The Damned,Q940536,459791,442692,The Damned,1976.0,Q3071|Q383982|Q485395|Q598929,gothic rock|post-punk|psychedelic pop|punk rock,"Pop, soul and R&B|Punk and new wave",Q1750746|Q1980456|Q2265719|Q2338889|Q265169|Q4905064|Q671229,Big Beat Records|Bronze|Chiswick Records|I.R.S. Records|MCA Records|Nitro Records|Stiff Records,Q1035151|Q1094920|Q1132063|Q1248667|Q1670554|Q2293089|Q2527738|Q309926|Q3323623|Q3430170|Q3837927|Q3862553|Q3905150|Q3976221|Q446477|Q4707135|Q4980907|Q5717674|Q7362023,Alan Lee Shaw|Algy Ward|Brian James|Bryn Merrick|Captain Sensible|David Vanian|Gary Holton|Henry Badowski|Jon Moss|Lemmy|Lu Edmonds|Monty Oxy Moron|Moose Harris|Patricia Morrison|Paul Gray|Pinch|Rat Scabies|Roman Jugg|Stu West,The Damned (band),strict,UK001F,London,12666099.0,True,True,True,1970
414,7zYGAXxAaq15C9eM29M8Fj,Eternal,Q540500,453940,128019,Eternal,,Q45981,rhythm and blues,"Pop, soul and R&B",Q55965015,EMI,,,Eternal (group),strict,UK001F,London,12666099.0,True,True,False,
415,6ysQi6NI88X627t2srsWz6,Mott The Hoople,Q1126287,453631,262051,Mott the Hoople,1969.0,Q76092,glam rock,Rock and indie,Q183387|Q190585|Q202440,Atlantic Records|Columbia Records|Island Records,Q320726|Q5210460|Q712678|Q7172186,Dale Griffin|Ian Hunter|Mick Ralphs|Pete Overend Watts,Mott the Hoople,excluded_no_defensible_fua,,,,False,True,True,1960
416,5ZvwJikDgdP1PFU4PkAPVG,Bleed From Within,Q883441,451660,289069,Bleed From Within,2005.0,Q183862,metalcore,Metal,Q158867,Century Media Records,,,Bleed from Within,strict,UK004F,Glasgow,1895840.0,True,True,True,2000
417,1mlZXof4sEGLFspPzlQdFL,X-Press 2,Q8041505,450693,21792,X-Press 2,,Q851213,electronic dance music,Electronic and dance,Q7535619,Skint Records,,,X-Press 2,strict,UK001F,London,12666099.0,True,True,False,
418,4ddt8PPvmWrI9mJQy1VrIG,Band Of Skulls,Q2413479,446823,272436,Band of Skulls,2008.0,Q11366,alternative rock,Rock and indie,Q38903,Universal Music Group,,,Band of Skulls,strict,UK520F,Southampton,713674.0,True,True,True,2000
419,4LlDtNr8qFwhrT8eL2wzH4,The Hoosiers,Q634158,438135,219418,The Hoosiers,2003.0,Q189045,Britpop,"Pop, soul and R&B",Q202585,RCA Records,Q96099520,Irwin Sparkes,The Hoosiers,strict,UK573F,Bracknell Forest,130806.0,True,True,True,2000
420,0Ism1B2cF9NxpXAwdUCkxK,Mungo's Hi Fi,Q6936028,436483,140154,Mungo's Hi Fi,,Q9794,reggae,Other genres,,,,,Mungo's Hi Fi,excluded_no_defensible_fua,,,,False,True,False,
421,6lOC7lwSO1ql4Gc2Y3QObY,East 17,Q1277715,434704,135562,East 17,1991.0,Q37073,pop music,"Pop, soul and R&B",Q935090,London Records,Q912304,Brian Harvey,East 17,strict,UK001F,London,12666099.0,True,True,True,1990
422,2evydP72Z45DouM4uMGsIE,Ash,Q724582,433333,204152,Ash,1992.0,Q11366|Q11399,alternative rock|rock music,Rock and indie,Q1253168,Infectious Music,Q108808818|Q114589764|Q3991382|Q451429,Charlotte Hatherley|Mark Hamilton|Rick McMurray|Tim Wheeler,Ash (band),excluded_no_defensible_fua,,,,False,True,True,1990
423,3xByNj8XW17oW0wsJhgzYL,SOFT PLAY,Q19604547,433170,288282,Soft Play,2012.0,Q3071,punk rock,Punk and new wave,,,,,Soft Play,strict,UK001F,London,12666099.0,True,True,True,2010
424,1YqGsKpdixxSVgpfaL2AEQ,Small Faces,Q222628,431362,358793,Small Faces,,Q11399|Q206159|Q45981|Q83270,hard rock|psychedelic rock|rhythm and blues|rock music,"Pop, soul and R&B|Rock and indie",Q1431331|Q202440|Q5086379|Q557632,Atlantic Records|Charly Records|Decca|Immediate Records,Q1347221|Q2459112|Q282397|Q506950|Q708236|Q952491|Q968552,Ian McLagan|Jimmy McCulloch|Jimmy Winston|Kenney Jones|Rick Wills|Ronnie Lane|Steve Marriott,Small Faces,strict,UK001F,London,12666099.0,True,True,False,
425,6VR4TJ20WGiho2xZWMuuWb,Lambrini Girls,Q112123144,420857,159689,Lambrini Girls,2019.0,Q3071|Q677542,punk rock|riot grrrl,Other genres|Punk and new wave,Q319166|Q4906298,Big Scary Monsters Recording Company|City Slang,Q136772961|Q136773121,,Lambrini Girls,excluded_no_defensible_fua,,,,False,True,True,2010
426,33ZOI0WTjYkLh5WuwucLhc,Baby D,Q797832,418514,20248,Baby D,,Q170611,techno,Electronic and dance,,,,,Baby D (group),excluded_no_defensible_fua,,,,False,True,False,
427,2h3ooJn8m8X8cL2g1BZ1Rd,Yard Act,Q110269845,416371,155450,Yard Act,2019.0,Q183504|Q598929,indie rock|post-punk,Punk and new wave|Rock and indie,Q18355170|Q76434634,Island Records Group|Turntable Kitchen,,,Yard Act,strict,UK003F,Leeds,3070506.0,True,True,True,2010
428,1O7aMVbDeSXY2LiVBhb13w,The Herbaliser,Q2499301,415029,165562,The Herbaliser,1995.0,Q8341,jazz,Other genres,Q1358555,Ninja Tune,,,The Herbaliser,strict,UK001F,London,12666099.0,True,True,True,1990
429,37f9cjf8Ic4t7vYNRYAzI7,Apollo 440,Q619067,414420,160231,Apollo 440,1990.0,Q11366|Q170611|Q817138,alternative rock|electronica|techno,Electronic and dance|Rock and indie,Q216364|Q3001888|Q4352944,"550 Music|Epic Records|Sony BMG Music Entertainment, Inc.",Q16194561|Q6134496|Q7048078,Howard Gray|James Gardner|Noko,Apollo 440,strict,UK006F,Liverpool,1597536.0,True,True,True,1990
430,0ZXKT0FCsLWkSLCjoBJgBX,Anathema,Q487396,413525,447557,Anathema,1990.0,Q11366|Q178145|Q2089511|Q49451,alternative rock|death-doom|gothic metal|progressive rock,Metal|Other genres|Rock and indie,Q1465200,Peaceville Records,Q10305061|Q10316864|Q1112399|Q2110985|Q2588639|Q2592227|Q2666217|Q3016553|Q3233513|Q5216753|Q6496333,"Daniel Cardoso|Daniel Cavanagh|Darren ""Daz"" White|Dave Pybus|Duncan Patterson|James Cavanagh|John Douglas|Lee Douglas|Les Smith|Shaun Steels|Vincent Cavanagh",Anathema (band),strict,UK006F,Liverpool,1597536.0,True,True,True,1990
431,0zg9mF9dX2knvdTKnL22T1,Freestylers,Q2384799,411981,84251,Freestylers,1996.0,Q663519,breakbeat,Other genres,,,,,Freestylers,excluded_no_defensible_fua,,,,False,True,True,1990
432,74K7bX12L8GBAWvPuyIgJ7,Embrace,Q1335100,411812,181930,Embrace,,Q183504,indie rock,Rock and indie,Q5447280,Fierce Panda Records,Q3015277,Danny McNamara,Embrace (English band),strict,UK003F,Leeds,3070506.0,True,True,False,
433,048FBwXjFYBWxSggPDipic,Maximo Park,Q833332,411159,259584,Maxïmo Park,2001.0,Q11366|Q183504|Q1899347,alternative rock|indie rock|post-punk revival,Punk and new wave|Rock and indie,Q543707,Warp,Q7153678,Paul Smith,Maxïmo Park,strict,UK013F,Newcastle,1221203.0,True,True,True,2000
434,4w3QqrcmBv8dasemwBXmxf,Prefab Sprout,Q1506813,410644,238201,Prefab Sprout,1978.0,Q11366|Q187760,alternative rock|new wave,Punk and new wave|Rock and indie,Q6418076,Kitchenware Records,,,Prefab Sprout,excluded_no_defensible_fua,,,,False,True,True,1970
435,4WjeQi9wm84lYTIWZ95QoM,Boston Manor,Q48700689,410364,192021,Boston Manor,,Q487914,pop-punk,Punk and new wave,,,,,Boston Manor (band),strict,UK553F,Blackpool,348381.0,True,True,False,
436,3lN1TG4RIoaJCff6Ck9KUR,The Farm,Q1428876,408875,76908,The Farm,1983.0,Q11366,alternative rock,Rock and indie,Q165711,Sire,Q7174725,Peter Hooton,The Farm (British band),strict,UK006F,Liverpool,1597536.0,True,True,True,1980
437,0Wkm45quqfx3NepJpXDvwE,Superorganism,Q47137654,402523,263802,Superorganism,2017.0,Q842324,indie pop,"Pop, soul and R&B",Q1238400,Domino Recording Company,,,Superorganism (band),strict,UK001F,London,12666099.0,True,True,True,2010
438,0ddfjKqJfbSiddqOvpZRWu,Runrig,Q839817,402383,98336,Runrig,1973.0,Q854451,Celtic music,Other genres,Q1088453,Chrysalis Records,Q7366907,Rory Macdonald,Runrig,excluded_no_defensible_fua,,,,False,True,True,1970
439,5moJNCJeiNwuQAhDLJXULs,Incognito,Q615207,401799,231010,Incognito,,Q8341,jazz,Other genres,Q1124849|Q115570,P-Vine Records|Verve Records,,,Incognito (band),strict,UK001F,London,12666099.0,True,True,False,
440,4htjQW3lgIwL6fEJlTOez4,Electric Wizard,Q1325974,401179,459777,Electric Wizard,1993.0,Q1772422|Q186170,doom metal|stoner metal,Metal,Q549624,Rise Above Records,Q136656558|Q41726829|Q6315544,Jus Oborn|Mark Greening|Tim Bagshaw,Electric Wizard,excluded_no_defensible_fua,,,,False,True,True,1990
441,1W4SfNO5hb1tdX0wQ87zxl,Racey,Q922363,401016,50878,Racey,1976.0,Q837837,power pop,"Pop, soul and R&B",,,Q104166433,Richard Gower,Racey,strict,UK011F,Bristol,1025309.0,True,True,True,1970
442,7dkEByOe0oHqc54qU4hwzV,Gloryhammer,Q11838832,399088,302272,Gloryhammer,,Q57143,power metal,Metal,Q693194,Napalm Records,Q108419052|Q108419125|Q108419155|Q116609262|Q2425736|Q4095231,Ben Turk|Christopher Bowes|James Cartwright|Paul Templing|Sozos Michael|Thomas Winkler,Gloryhammer,excluded_no_defensible_fua,,,,False,True,False,
443,5mZC7ndY6oGMxJentRwsuV,Young Fathers,Q8058113,397759,272197,Young Fathers,,Q11401,hip-hop,Other genres,Q1358555|Q858728,Big Dada|Ninja Tune,,,Young Fathers,strict,UK007F,Edinburgh,932180.0,True,True,False,
444,70MMkLXtue3Edj3RJhJkYp,Public Image Ltd.,Q845265,397001,359205,Public Image Ltd.,1978.0,Q11366|Q598929,alternative rock|post-punk,Punk and new wave|Rock and indie,Q203059|Q726251,Elektra|Virgin Records,Q1389464,Keith Levene,Public Image Ltd,strict,UK001F,London,12666099.0,True,True,True,1970
445,0vW8z9pZMGCcRtGPGtyqiB,The Maccabees,Q174627,394513,379450,The Maccabees,2004.0,Q183504,indie rock,Rock and indie,Q2481499,Fiction Records,,,The Maccabees (band),strict,UK001F,London,12666099.0,True,True,True,2000
446,0wOej91SVqB1zcYkW6xUtA,Pale Waves,Q45964015,390813,387390,Pale Waves,2014.0,Q1298934|Q183504|Q485395|Q592330|Q842324,dream pop|gothic rock|indie pop|indie rock|synth-pop,"Electronic and dance|Pop, soul and R&B|Punk and new wave|Rock and indie",Q231694|Q5281021,Dirty Hit|Interscope Records,Q56741947|Q56741976,Ciara Doran|Heather Baron-Gracie,Pale Waves,strict,UK008F,Manchester,3595966.0,True,True,True,2010
447,72hqBMsw7x5jnfxxwkii8L,Leftfield,Q277479,390024,258734,Leftfield,1990.0,Q9778,electronic music,Electronic and dance,Q1253168,Infectious Music,,,Leftfield,strict,UK001F,London,12666099.0,True,True,True,1990
448,6bGcpvHbRHg8s0wiNyIZK1,Kula Shaker,Q611878,387963,266533,Kula Shaker,1988.0,Q206159,psychedelic rock,Rock and indie,Q183387,Columbia Records,Q3807500|Q4734519|Q711920|Q7154444,Alonza Bevan|Crispian Mills|Jay Darlington|Paul Winterhart,Kula Shaker,strict,UK001F,London,12666099.0,True,True,True,1980
449,7fh7bwX9qV60tLxxsp9bTe,The Durutti Column,Q1724658,384367,141887,The Durutti Column,1978.0,Q187760|Q217467|Q598929,art rock|new wave|post-punk,Punk and new wave|Rock and indie,Q2400027|Q578943,Factory Benelux|Factory Records,Q973590,Vini Reilly,The Durutti Column,strict,UK008F,Manchester,3595966.0,True,True,True,1970
450,2gmeFH5Iz8UEA7K0OHDePQ,Ant & Dec,Q3596068,382816,21248,Ant & Dec,1988.0,,,,,,Q3182552|Q573612,Anthony McPartlin|Declan Donnelly,Ant & Dec,excluded_no_defensible_fua,,,,False,False,True,1980
451,3ysp8GwsheDcBxP9q65lBg,Lush,Q1668512,382347,315449,Lush,1988.0,Q11399,rock music,Rock and indie,Q238095,4AD,Q16196832|Q5105675|Q5372720|Q7182087,Chris Acland|Emma Anderson|Miki Berenyi|Phil King,Lush (band),strict,UK001F,London,12666099.0,True,True,True,1980
452,06YQ6XwCdPUn8rAXV70gge,Republica,Q2139991,382250,84002,Republica,1994.0,Q11366|Q170611,alternative rock|techno,Electronic and dance|Rock and indie,,,Q7398722,Saffron,Republica,excluded_no_defensible_fua,,,,False,True,True,1990
453,0vBDEQ1aLZpe4zgn2fPH6Z,Cast,Q780072,381917,183638,Cast,1992.0,Q11366,alternative rock,Rock and indie,Q155152,Polydor Records,Q3809559,John Power,Cast (band),strict,UK006F,Liverpool,1597536.0,True,True,True,1990
454,4jSYHcSo85heWskYvAULio,Mojave 3,Q656978,381875,206333,Mojave 3,1995.0,Q183504,indie rock,Rock and indie,Q238095,4AD,Q1776073,Neil Halstead,Mojave 3,excluded_no_defensible_fua,,,,False,True,True,1990
455,2413I9w4sRbBz4zi5zgwjX,Cassia,Q123148190,377418,69239,Cassia,2010.0,Q842324,indie pop,"Pop, soul and R&B",,,,,,strict,UK008F,Manchester,3595966.0,True,True,True,2010
456,34UhPkLbtFKRq3nmfFgejG,Mogwai,Q645980,370209,647271,Mogwai,1995.0,Q11366|Q183504|Q209137,alternative rock|indie rock|post-rock,Rock and indie,Q1327994|Q1973834|Q2371991|Q3939671|Q7355113|Q778673,Chemikal Underground|Matador Records|Play It Again Sam|Rock Action Records|Rocket Girl|Sub Pop,Q7626355,Stuart Braithwaite,Mogwai,strict,UK004F,Glasgow,1895840.0,True,True,True,1990
457,3xYNGCooNIzKMAtJYKSOyq,Electronic,Q624661,367540,164721,Electronic,1988.0,Q2187392,alternative dance,Other genres,Q578943,Factory Records,Q438885,Bernard Sumner,Electronic (band),strict,UK008F,Manchester,3595966.0,True,True,True,1980
458,5zYJziKktyqWwmoAWXrShP,Modestep,Q1860033,363041,344694,Modestep,2011.0,Q20474|Q325504,dubstep|electronic rock,Electronic and dance|Other genres,Q155152,Polydor Records,,,Modestep,excluded_no_defensible_fua,,,,False,True,True,2010
459,2YzUXecwzcOdlJsnpnJfkJ,Fluke,Q631226,358816,104332,Fluke,,Q170611,techno,Electronic and dance,Q1139341|Q1200368,Astralwerks|Creation Records,Q6846170,Mike Bryant,Fluke (band),excluded_no_defensible_fua,,,,False,True,False,
460,4ogwGU9VPWrnVBs1GEwZVV,Temples,Q14832136,356937,279903,Temples,2012.0,Q206159,psychedelic rock,Rock and indie,Q375229,Heavenly Recordings,,,Temples (band),excluded_no_defensible_fua,,,,False,True,True,2010
461,4QmkLL9JOqM9dusHS1Hghe,The Searchers,Q1132434,355906,216702,The Searchers,1959.0,Q2344635,Merseybeat,Other genres,Q2117397,Pye Records,Q5484998|Q6040654|Q6248193|Q724457|Q7436989|Q7576094|Q7822636,Chris Curtis|Frank Allen|John McNally|Mike Pender|Scott Ottaway|Spencer James|Tony Jackson,The Searchers (band),strict,UK006F,Liverpool,1597536.0,True,True,True,1950
462,1koutXdSFq2PHqtxSWj9tK,Hot Milk,Q115247043,353065,170694,Hot Milk,,Q10926|Q484641|Q487914|Q837837,emo|pop rock|pop-punk|power pop,"Other genres|Pop, soul and R&B|Punk and new wave",,,,,Hot Milk (band),excluded_no_defensible_fua,,,,False,True,False,
463,2ARO60gI5do88ho6azmzab,Django Django,Q328221,347616,252535,Django Django,2009.0,Q206159,psychedelic rock,Rock and indie,Q2740367,Because Music,,,Django Django,strict,UK001F,London,12666099.0,True,True,True,2000
464,6dYrdRlNZSKaVxYg5IrvCH,The KLF,Q741316,343591,144352,The KLF,1987.0,Q11401|Q170611|Q20502|Q2187392|Q2465085|Q9778,alternative dance|ambient house|electronic music|hip-hop|house music|techno,Electronic and dance|Other genres,Q664167,Arista Records,,,The KLF,strict,UK001F,London,12666099.0,True,True,True,1980
465,5PYuBRQMHh7nWmdV076sH9,Heaven 17,Q741663,342911,273309,Heaven 17,1980.0,Q1298934,synth-pop,Electronic and dance,Q183412,EMI,Q5981303,Ian Craig Marsh,Heaven 17,strict,UK010F,Sheffield,1217504.0,True,True,True,1980
466,1QCANeffsBIHjzhMqUIxBh,Babybird,Q116385,342115,21473,Babybird,1995.0,Q183504|Q484641,indie rock|pop rock,"Pop, soul and R&B|Rock and indie",,,Q7609617,Stephen Jones,Babybird,strict,UK010F,Sheffield,1217504.0,True,True,True,1990
467,1wzBqAvtFexgKHjt7i3ena,Fred V & Grafix,Q13431488,340452,83743,Fred V & Grafix,2009.0,Q188994,drum and bass,Electronic and dance,Q1630451,Hospital Records,Q108645075|Q108645084,Fred V|Grafix,Fred V & Grafix,excluded_no_defensible_fua,,,,False,True,True,2000
468,0otAqZw8htTsGHfqR491Yh,Sleaford Mods,Q18162306,336962,304620,Sleaford Mods,,Q572901|Q598929,minimalist music|post-punk,Other genres|Punk and new wave,,,,,Sleaford Mods,excluded_no_defensible_fua,,,,False,True,False,
469,0gIo6kGl4KsCeIbqtZVHYp,Paradise Lost,Q750593,336657,395901,Paradise Lost,1988.0,Q178145|Q186170|Q2089511,death-doom|doom metal|gothic metal,Metal|Other genres,Q158867,Century Media Records,Q10327485|Q1391505|Q139555163|Q2089260|Q3316841|Q3320562|Q33524365|Q4348585|Q4356107|Q9345791,Aaron Aedy|Adrian Erlandsson|Gregor Mackintosh|Guido Montanarini|Jeff Singer|Lee Morris|Matthew Archer|Nick Holmes|Steve Edmondson|Waltteri Väyrynen,Paradise Lost (band),strict,UK003F,Leeds,3070506.0,True,True,True,1980
470,12KsgeavNVg66cW2frw3j2,The Real Tuesday Weld,Q3522451,334907,34267,The Real Tuesday Weld,,Q842324,indie pop,"Pop, soul and R&B",,,,,The Real Tuesday Weld,excluded_no_defensible_fua,,,,False,True,False,
471,08YvZ2qzFrDSITfHLbPKMP,Lamb,Q1259392,332261,269420,Lamb,1996.0,Q205560,trip hop,Electronic and dance,Q165745,Mercury Records,Q15217899|Q445727,Andy Barlow|Lou Rhodes,Lamb (electronic band),strict,UK008F,Manchester,3595966.0,True,True,True,1990
472,7ooOn6bokl4mGV4CEaUz6A,Shakespears Sister,Q527789,331052,126106,Shakespears Sister,1988.0,Q11366|Q1298934,alternative rock|synth-pop,Electronic and dance|Rock and indie,Q935090,London Records,,,Shakespears Sister,strict,UK001F,London,12666099.0,True,True,True,1980
473,2DppeCnNtvrLfEobq9Pw5r,Adam & The Ants,Q1798554,328644,352561,Adam and the Ants,1977.0,Q187760|Q3071,new wave|punk rock,Punk and new wave,Q183387|Q330629,Columbia Records|Sony Music,Q348658,Adam Ant,Adam and the Ants,strict,UK001F,London,12666099.0,True,True,True,1970
474,3iejrAcqxYoVgyxp6zkWgs,Shed Seven,Q2277663,327277,175249,Shed Seven,1990.0,Q183504,indie rock,Rock and indie,Q155152,Polydor Records,Q7331866,Rick Witter,Shed Seven,strict,UK533F,York,209301.0,True,True,True,1990
475,2LMR8u7DOMF0FBseDpTsRa,The Beta Band,Q1775665,325029,135396,The Beta Band,1996.0,Q9778,electronic music,Electronic and dance,Q909310,Regal Recordings,,,The Beta Band,excluded_no_defensible_fua,,,,False,True,True,1990
476,7J7YRBSoiXpdTmcbkKZL2C,The Honeydrippers,Q648841,321812,57290,The Honeydrippers,1981.0,Q7749,rock and roll,Rock and indie,Q202440,Atlantic Records,Q428223,Robert Plant,The Honeydrippers,excluded_no_defensible_fua,,,,False,True,True,1980
477,1Q776wzj2mrtXrNu3iH6nk,Archive,Q635772,318451,330186,Archive,1994.0,Q11366|Q205560|Q239459|Q49451,alternative rock|progressive rock|trip hop|trip rock,Electronic and dance|Rock and indie,Q190585|Q21077|Q2576206,East West Records|Island Records|Warner Music Group,Q3445845,Roya Arab,Archive (band),strict,UK001F,London,12666099.0,True,True,True,1990
478,1dekSPU23UC5hw5b8Uxk9W,Dodgy,Q1234401,318066,70095,Dodgy,1990.0,Q11366,alternative rock,Rock and indie,Q277626,A&M Records,Q7032293,Nigel Clark,Dodgy,strict,UK001F,London,12666099.0,True,True,True,1990
479,1HOeqtP7tHkKNJNLzQ2tnr,Everything Everything,Q1382296,317529,310570,Everything Everything,2007.0,Q217467,art rock,Rock and indie,Q212699,Geffen Records,Q4717558,Alex Niven,Everything Everything,strict,UK008F,Manchester,3595966.0,True,True,True,2000
480,6htUPs3clIStnkvg5jimKZ,Liberty X,Q1823053,317064,157028,Liberty X,2001.0,Q37073,pop music,"Pop, soul and R&B",Q1191537,V2 Records,Q6837074,Michelle Heaton,Liberty X,strict,UK001F,London,12666099.0,True,True,True,2000
481,2ScuQMRWThcifBRIvNDFDC,John Mayall & The Bluesbreakers,Q886072,316818,446310,John Mayall & the Bluesbreakers,1963.0,Q193355,blues rock,Rock and indie,Q557632,Decca,Q1634708|Q2488031|Q312696|Q313683|Q315408|Q316282|Q4355847|Q457738|Q48187|Q4984964|Q5144844|Q516251|Q59491660|Q726073|Q726296|Q743051|Q927415|Q941520,Aynsley Dunbar|Bobby Haynes|Buddy Whittington|Coco Montoya|Colin Allen|David O'List|Eric Clapton|Hughie Flint|Jack Bruce|John Mayall|John McVie|Jon Hiseman|Larry Taylor|Mick Taylor|Paul Williams|Peter Green|Tony Reeves|Walter Trout,John Mayall & the Bluesbreakers,excluded_no_defensible_fua,,,,False,True,True,1960
482,09mvgMBvJkxarNIDGdwPWg,Love and Rockets,Q643299,313702,235396,Love and Rockets,1985.0,Q485395,gothic rock,Punk and new wave,Q126039,Beggars Banquet Records,Q3013690|Q5235388|Q6396458,Daniel Ash|David J|Kevin Haskins,Love and Rockets (band),strict,UK528F,Northampton,439811.0,True,True,True,1980
483,4XO18kRHLT6F5RhomZGrpc,Layo & Bushwacka!,Q3219976,313503,36386,Layo & Bushwacka!,,Q170611,techno,Electronic and dance,,,,,Layo & Bushwacka!,excluded_no_defensible_fua,,,,False,True,False,
484,1WQky50vkzSvSCUl0ejWqb,Matt Bianco,Q1758107,312847,107297,Matt Bianco,1983.0,Q2104067,jazz pop,"Pop, soul and R&B",Q27037164,earMUSIC,Q104151097|Q444573|Q99702310,Basia|Danny White|Mark Reilly,Matt Bianco,excluded_no_defensible_fua,,,,False,True,True,1980
485,0WUphJOGHE5i95IeR87hsO,China Crisis,Q1073261,306242,149310,China Crisis,1979.0,Q11366|Q1298934|Q187760|Q217467,alternative rock|art rock|new wave|synth-pop,Electronic and dance|Punk and new wave|Rock and indie,Q277626|Q50133002,A&M Records|Virgin,,,China Crisis,strict,UK006F,Liverpool,1597536.0,True,True,True,1970
486,4fgXfJCQnK6c44u4KzAtQP,Sundara Karma,Q29862757,305536,206350,Sundara Karma,2011.0,Q11366|Q183504|Q842324,alternative rock|indie pop|indie rock,"Pop, soul and R&B|Rock and indie",Q202585,RCA Records,,,Sundara Karma,strict,UK552F,Reading,370107.0,True,True,True,2010
487,3Uz6jx81OY2J5K8Z4wmy2P,Camel,Q612471,305476,441790,Camel,1971.0,Q236913|Q49451,progressive rock|space rock,Rock and indie,Q1063242|Q2338889|Q2733913|Q557632,Charisma|Decca|Deram|MCA Records,Q1764552,Peter Bardens,Camel (band),strict,UK033F,Guildford,285643.0,True,True,True,1970
488,30tUlKZ8oLo0BnN6n0GZKD,Nuages,Q59418184,303990,100431,Nuages,2012.0,,,,,,,,,excluded_no_defensible_fua,,,,False,False,True,2010
489,5lhaM01nwvsMZpmPY2HVER,Carcass,Q283835,303826,495994,Carcass,1985.0,Q1147692|Q188534|Q253918|Q483251,death metal|goregrind|grindcore|melodic death metal,Metal|Other genres,Q158886|Q838544,Earache Records|Nuclear Blast,Q119465|Q373669|Q704663|Q713496,Bill Steer|Jeffrey Walker|Ken Owen|Michael Amott,Carcass (band),strict,UK006F,Liverpool,1597536.0,True,True,True,1980
490,2pVMD4bFwl4AyoYyyo51Qg,Barclay James Harvest,Q807957,303511,187986,Barclay James Harvest,1966.0,Q49451,progressive rock,Rock and indie,Q1324712|Q208909,Harvest|Parlophone,Q153346,Mel Pritchard,Barclay James Harvest,strict,UK008F,Manchester,3595966.0,True,True,True,1960
491,4IdvJZeciaa37wYr2qBpjm,Cliff Richard & The Shadows,Q46510292,303431,118840,Cliff Richard & The Shadows,,,,,,,Q212168|Q82238,Cliff Richard,,excluded_no_defensible_fua,,,,False,False,False,
492,3H7pODXycF821OnRyAw2VT,911,Q3648767,302164,186144,911,1995.0,Q37073,pop music,"Pop, soul and R&B",Q203059,Virgin Records,Q6513136,Lee Brennan,911 (group),excluded_no_defensible_fua,,,,False,True,True,1990
493,1sAkg8871iPVI0wPbOfIZa,Fairground Attraction,Q238641,301377,48326,Fairground Attraction,1987.0,Q37073,pop music,"Pop, soul and R&B",Q202585,RCA Records,Q443837,Eddi Reader,Fairground Attraction,excluded_no_defensible_fua,,,,False,True,True,1980
494,4Bgfzia8wyaGaTn42egzTv,Catatonia,Q1050456,301265,90480,Catatonia,1992.0,Q11366|Q3231749,alternative rock|post-Britpop,"Pop, soul and R&B|Rock and indie",Q881469,Blanco y Negro,Q15513325|Q291300,Cerys Matthews|Mark Roberts,Catatonia (band),strict,UK009F,Cardiff,939371.0,True,True,True,1990
495,52y1cRHUkI0kQqIXCg6JuZ,Johnny Kidd & The Pirates,Q6669284,300280,37258,Johnny Kidd & the Pirates,1959.0,Q7749,rock and roll,Rock and indie,Q56762278,His Master's Voice,Q4706303,Alan Caddy,Johnny Kidd & the Pirates,strict,UK001F,London,12666099.0,True,True,True,1950
496,4AbDWrmJPSOeIbT2Ou60ik,Funeral For A Friend,Q916973,298448,268224,Funeral for a Friend,2001.0,Q10926|Q377910|Q542703,emo|melodic hardcore|post-hardcore,Other genres|Punk and new wave,Q107296709|Q18628|Q202440|Q28370520|Q6844096,Atlantic Records|Distiller|End Hits Records|Mighty Atom Records|Roadrunner Records,,,Funeral for a Friend,excluded_no_defensible_fua,,,,False,True,True,2000
497,4Q6EFOghPrRjdwsF4p7Nzm,Nailbomb,Q1470712,297670,203781,Nailbomb,1994.0,Q208494|Q483352,industrial metal|thrash metal,Metal,Q18628,Roadrunner Records,Q307391,Max Cavalera,Nailbomb,excluded_no_defensible_fua,,,,False,True,True,1990
498,0WPY9nnBy01s5QOt4o4oQX,Ride,Q4371,296215,272871,Ride,1988.0,Q11366|Q272167,alternative rock|shoegaze,Rock and indie,Q1139341,Creation Records,Q353388,Andy Bell,Ride (band),strict,UK560F,Oxford,606748.0,True,True,True,1980
499,6bkF6GDcyXZn2T0D5Fwldl,Hang Massive,Q21722983,296134,180715,Hang Massive,,Q193207,ambient music,Electronic and dance,,,,,Hang Massive,excluded_no_defensible_fua,,,,False,True,False,
500,48VgYEfRllDfyLl4BEMVSF,The Oozes,Q128077193,295667,208913,The Oozes,2018.0,Q11366|Q930995,alternative rock|queercore,Other genres|Rock and indie,,,Q139556302|Q139556367,Mike Whim|Tom Gilbert,,excluded_no_defensible_fua,,,,False,True,True,2010
501,5E704N5StxMVKpalhaJ5L3,The Shamen,Q587713,295405,81056,The Shamen,1985.0,Q170611|Q206159,psychedelic rock|techno,Electronic and dance|Rock and indie,Q6895592,Moksha Records,,,The Shamen,excluded_no_defensible_fua,,,,False,True,True,1980
502,5gInJ5P5gQnOKPM3SUEVFt,Camera Obscura,Q1028565,295126,206573,Camera Obscura,1996.0,Q842324,indie pop,"Pop, soul and R&B",Q1464351|Q1921640|Q238095|Q4754512,4AD|Andmoresound|Elefant Records|Merge Records,,,Camera Obscura (band),strict,UK004F,Glasgow,1895840.0,True,True,True,1990
503,6Pwy6Wat9hp8g83y6gih5g,Damage,Q5211877,294456,21732,Damage,1994.0,Q850412,contemporary R&B,"Pop, soul and R&B",Q4905961,Big Life,,,Damage (British group),excluded_no_defensible_fua,,,,False,True,True,1990
504,2LIdnZDzySb04oH40be1fR,Fairport Convention,Q1145652,294353,149174,Fairport Convention,1967.0,Q186472|Q235858,folk rock|traditional folk music,Other genres,Q155152|Q190585|Q277626,A&M Records|Island Records|Polydor Records,Q1655586|Q1969307|Q236638|Q291592|Q539955|Q725884,Ashley Hutchings|Iain Matthews|Judy Dyble|Richard Thompson|Sandy Denny|Simon Nicol,Fairport Convention,strict,UK001F,London,12666099.0,True,True,True,1960
505,4jrTNltJtTMUfXybDdsHDn,The New Seekers,Q934498,294222,68961,The New Seekers,1969.0,Q37073,pop music,"Pop, soul and R&B",Q1536003|Q726251,Elektra|Philips Records,,,The New Seekers,excluded_no_defensible_fua,,,,False,True,True,1960
506,4GzIiGnHYrOnq2LUiD6zdo,Jive Bunny and the Mastermixers,Q1689719,294182,63077,Jive Bunny and the Mastermixers,,Q1151663|Q37073,novelty music|pop music,"Other genres|Pop, soul and R&B",Q15693889,Music Factory,,,Jive Bunny and the Mastermixers,strict,UK010F,Sheffield,1217504.0,True,True,False,
507,7243txmysJ4KbRmH8UAMKO,The Amazons,Q28754328,294130,149873,The Amazons,,Q11366,alternative rock,Rock and indie,,,,,The Amazons (band),excluded_no_defensible_fua,,,,False,True,False,
508,09K1H1DgyIXHsMx2j7KTFX,Mystery Jets,Q1956918,291320,170699,Mystery Jets,2004.0,Q183504,indie rock,Rock and indie,Q264137,Caroline Records,Q15275252,Blaine Harrison,Mystery Jets,strict,UK001F,London,12666099.0,True,True,True,2000
509,7EV6jW6dotBdvsHj6xPixi,The Divine Comedy,Q1543686,291037,174650,The Divine Comedy,1989.0,Q11366|Q189045|Q22991878|Q46046,Britpop|alternative rock|baroque pop|chamber pop,"Pop, soul and R&B|Rock and indie",Q208909|Q3480633,Parlophone|Setanta Records,Q2916110,Neil Hannon,The Divine Comedy (band),excluded_no_defensible_fua,,,,False,True,True,1980
510,6lHC2EQMEMZiEmSfFloarn,Peter And Gordon,Q1256943,290650,38450,Peter and Gordon,1963.0,Q37073,pop music,"Pop, soul and R&B",Q1112471|Q193023,Capitol Records|Columbia Graphophone Co. Ltd.,Q1803720|Q3610274,Gordon Waller|Peter Asher,Peter and Gordon,excluded_no_defensible_fua,,,,False,True,True,1960
511,45FqwUG4hTT6d39r2HUsUe,Sea Girls,Q3476673,289846,161623,Sea Girls,,Q1062400,chanson,Other genres,,,,,Sea Girls,strict,UK001F,London,12666099.0,True,True,False,
512,19f2JXwlRU26376TCKmp6L,GoGo Penguin,Q18151740,289811,295895,GoGo Penguin,2012.0,Q8341,jazz,Other genres,Q56248515|Q885833,Blue Note|Gondwana Records,Q64214440|Q64214456|Q64214462,Chris Illingworth|Nick Blacka|Rob Turner,GoGo Penguin,strict,UK008F,Manchester,3595966.0,True,True,True,2010
513,3oxkIoEAyXXQlLTZXlffLJ,Zola Blood,Q64832876,286256,87001,Zola Blood,,Q842324,indie pop,"Pop, soul and R&B",,,,,Zola Blood,excluded_no_defensible_fua,,,,False,True,False,
514,66GWpx9iLxrvvfhDsG9STP,Inspiral Carpets,Q500492,285082,169178,Inspiral Carpets,1983.0,Q11366,alternative rock,Rock and indie,Q240804,Mute Records,Q5133927,Clint Boon,Inspiral Carpets,strict,UK008F,Manchester,3595966.0,True,True,True,1980
515,4K3NWDwBIxgktui14SccR2,The Vapors,Q1504687,284360,63462,The Vapors,1979.0,Q187760|Q837837,new wave|power pop,"Pop, soul and R&B|Punk and new wave",Q1542119,United Artists Records,Q5341823,Edward Bazalgette,The Vapors,strict,UK033F,Guildford,285643.0,True,True,True,1970
516,0GShYlUdyLahdsvgKdselx,Bad Manners,Q798739,283186,175516,Bad Manners,1976.0,Q54365,ska,Other genres,Q16997189,Magnet,Q1017758,Buster Bloodvessel,Bad Manners,strict,UK001F,London,12666099.0,True,True,True,1970
517,31DXlldabwPHwu6dYevuzK,Simian Mobile Disco,Q585470,281669,182922,Simian Mobile Disco,2005.0,Q484641|Q598593|Q817138,electronica|pop rock|tech house,"Electronic and dance|Other genres|Pop, soul and R&B",Q1810123|Q295794|Q917561,Anti-|Kitsuné|Wichita Recordings,,,Simian Mobile Disco,strict,UK001F,London,12666099.0,True,True,True,2000
518,7DEseTqRODmSu3C7jxCHl5,The Boxer Rebellion,Q1633685,280654,126547,The Boxer Rebellion,2001.0,Q183504,indie rock,Rock and indie,,,,,The Boxer Rebellion (band),strict,UK001F,London,12666099.0,True,True,True,2000
519,0roeI3yPusDWwWRzAqTopw,Jesus Jones,Q4387765,280634,66527,Jesus Jones,1986.0,Q11366,alternative rock,Rock and indie,Q5465369,Food Records,,,Jesus Jones,excluded_no_defensible_fua,,,,False,True,True,1980
520,1GWV70Reko15eV2nHCm0bM,The Blue Nile,Q1970440,278387,109768,The Blue Nile,1981.0,Q37073|Q378988,adult contemporary music|pop music,"Other genres|Pop, soul and R&B",Q843402,Warner Bros. Records,,,The Blue Nile (band),strict,UK004F,Glasgow,1895840.0,True,True,True,1980
521,2HBbky0Z08ZcCKVsXWbNE4,The Dave Clark Five,Q1141454,278011,252497,The Dave Clark Five,1957.0,Q484641|Q546264,beat music|pop rock,"Pop, soul and R&B|Rock and indie",Q183387|Q193023|Q216364,Capitol Records|Columbia Records|Epic Records,Q1173155|Q1933525|Q2067378|Q2101215|Q80808,Dave Clark|Denis Payton|Lenny Davidson|Mike Smith|Rick Huxley,The Dave Clark Five,strict,UK001F,London,12666099.0,True,True,True,1950
522,3qQloBz05T6e0rKubNCmjG,Young Gun Silver Fox,Q100599254,276802,77208,Young Gun Silver Fox,2012.0,Q131272|Q217191|Q45981,rhythm and blues|soft rock|soul,"Pop, soul and R&B|Rock and indie",,,Q3481623,Shawn Lee,Young Gun Silver Fox,excluded_no_defensible_fua,,,,False,True,True,2010
523,0aTdKgInKeMlNnwWSa1YPT,OceanLab,Q1971039,276395,83360,OceanLab,2000.0,Q170435,trance,Other genres,Q160732|Q551566,Anjunabeats|Armada,,,OceanLab,strict,UK001F,London,12666099.0,True,True,True,2000
524,51Eq6WMVEOjjx9KQMAnneG,The Cribs,Q1146764,276100,212021,The Cribs,2002.0,Q183504|Q3071,indie rock|punk rock,Punk and new wave|Rock and indie,Q1810123,Wichita Recordings,Q16220974|Q317742|Q5129789|Q7369432,Gary Jarman|Johnny Marr|Ross Jarman|Ryan Jarman,The Cribs,strict,UK003F,Leeds,3070506.0,True,True,True,2000
525,3VQXCMRCSzdKek71OkAL3Q,World News,Q135966902,276065,17710,World News,2018.0,Q11366,alternative rock,Rock and indie,,,,,World News (band),strict,UK001F,London,12666099.0,True,True,True,2010
526,2i8ynmFv4qgRksyDlBgi6d,Wire,Q1135620,272502,240002,Wire,1976.0,Q659599,art punk,Punk and new wave,Q240804,Mute Records,Q1641565|Q3435254|Q4977553|Q5593023,Bruce Gilbert|Colin Newman|Graham Lewis|Robert Gotobed,Wire (band),strict,UK001F,London,12666099.0,True,True,True,1970
527,14GEKKALFIO2oB9IdGXg2e,Reverend And The Makers,Q2146848,271305,95993,Reverend and The Makers,2005.0,Q183504,indie rock,Rock and indie,Q2996526,Cooking Vinyl,Q1702804,Jon McClure,Reverend and the Makers,strict,UK010F,Sheffield,1217504.0,True,True,True,2000
528,191Koh7PSIi28IrGAGoINO,Reef,Q652420,269572,68741,Reef,1993.0,Q11366,alternative rock,Rock and indie,Q3001888,"Sony BMG Music Entertainment, Inc.",Q112374592,Gary Stringer,Reef (band),excluded_no_defensible_fua,,,,False,True,True,1990
529,3q7uty73JMtjzCSJdGQD7B,Cinnamon Chasers,Q2669700,269301,52546,Cinnamon Chasers,,Q817138,electronica,Electronic and dance,,,Q26177330,Russ Davies,,excluded_no_defensible_fua,,,,False,True,False,
530,5pL8Q5xbDLEDE6JvYMXX9u,Nu:Logic,Q7067693,269288,41401,Nu:Logic,,Q188994,drum and bass,Electronic and dance,Q1630451,Hospital Records,,,Nu:Logic,strict,UK017F,Cambridge,414802.0,True,True,False,
531,2bt3I0VkmYuPvP57sxokab,Stiff Little Fingers,Q1538935,266703,236374,Stiff Little Fingers,1977.0,Q3071,punk rock,Punk and new wave,Q7204422,PledgeMusic,Q3806274,Jake Burns,Stiff Little Fingers,strict,UK012F,Belfast,817574.0,True,True,True,1970
532,1DlbW0TOOja6uqR4CHAaeg,Grace,Q5590943,266321,9154,Grace,,Q170611,techno,Electronic and dance,Q1653030,Perfecto Records,,,Grace (group),excluded_no_defensible_fua,,,,False,True,False,
533,7KnaZr690xW0sCihF9Z8oP,lostprophets,Q18852,264396,179652,Lostprophets,1997.0,Q11366|Q20378|Q263734|Q3071|Q487914,alternative metal|alternative rock|nu metal|pop-punk|punk rock,Metal|Punk and new wave|Rock and indie,Q1399294|Q183387|Q2093972|Q216364|Q330629,Columbia Records|Epic Records|Fearless Records|Sony Music|Visible Noise,Q1407544|Q2099688|Q23696663|Q2386801|Q6702073,Ian Watkins|Lee Gaze|Luke Johnson|Mike Lewis|Stuart Richardson,Lostprophets,strict,UK009F,Cardiff,939371.0,True,True,True,1990
534,5fEKZRCUa0JApec5Xy095q,Moose Blood,Q18712447,263954,194936,Moose Blood,2011.0,Q11366|Q3071,alternative rock|punk rock,Punk and new wave|Rock and indie,Q3877531,No Sleep Records,,,Moose Blood,excluded_no_defensible_fua,,,,False,True,True,2010
535,194g4SFwSSzyPtgkH7v3Cx,After The Fire,Q389095,261736,24888,After the Fire,1971.0,Q187760|Q49451,new wave|progressive rock,Punk and new wave|Rock and indie,Q183387,Columbia Records,,,After the Fire,strict,UK001F,London,12666099.0,True,True,True,1970
536,52K4ArhA4OgMO7AsyEgqCT,Bow Wow Wow,Q895390,261338,131599,Bow Wow Wow,1980.0,Q187760,new wave,Punk and new wave,Q3629023,EMI Records,Q6519584,Leigh Gorman,Bow Wow Wow,strict,UK001F,London,12666099.0,True,True,True,1980
537,2qsc1hUhG2UrNZhByveJ6x,Danny Wilson,Q365099,260573,29191,Danny Wilson,1984.0,Q264289|Q37073,pop music|sophisti-pop,"Pop, soul and R&B",Q203059,Virgin Records,Q5524849,Gary Clark,Danny Wilson (band),strict,UK550F,Dundee City,264690.0,True,True,True,1980
538,231kUXNyI5BYxIvZacVbCu,Levitation,Q6535703,260389,7922,Levitation,1990.0,Q11366|Q183504|Q206159,alternative rock|indie rock|psychedelic rock,Rock and indie,Q385558,Rough Trade,Q15489014,Terry Bickers,Levitation (band),strict,UK001F,London,12666099.0,True,True,True,1990
539,5HAtRoEPUvGSA7ziTGB1cF,The Orb,Q924993,260320,214298,The Orb,1988.0,Q170611|Q193207|Q212688|Q2465085|Q660984|Q817138|Q9149801,ambient house|ambient music|ambient techno|dub music|electronica|intelligent dance music|techno,Electronic and dance|Other genres,Q183387|Q190585|Q264137|Q4905961|Q564432,Big Life|Caroline Records|Columbia Records|Island Records|Kompakt,Q352854|Q4717608|Q4760837|Q5605106|Q6437304|Q7519536,Alex Paterson|Andy Hughes|Jimmy Cauty|Kris Weston|Simon Phillips|Thomas Fehlmann,The Orb,strict,UK001F,London,12666099.0,True,True,True,1980
540,3cqIsBnzV3BabbPWKz8Txf,Mud,Q1471676,259860,92756,Mud,1968.0,Q37073|Q76092,glam rock|pop music,"Pop, soul and R&B|Rock and indie",Q478062,RAK,Q7340069,Rob Davis,Mud (band),strict,UK001F,London,12666099.0,True,True,True,1960
541,4UwR1ir6PovnQiwX5jRPvF,Anti Up,Q113199573,259333,52163,Anti Up,2018.0,,,,,,Q5107266|Q958543,Chris Lake|Chris Lorenzo,,excluded_no_defensible_fua,,,,False,False,True,2010
542,3IXtskFMls8KXRipcIJT9y,AS IT IS,Q19654688,259244,161720,As It Is,2012.0,Q11366,alternative rock,Rock and indie,Q1399294,Fearless Records,,,As It Is (band),excluded_no_defensible_fua,,,,False,True,True,2010
543,3Z7thZHrtFvqp8OpPffPKp,Propellerheads,Q1426055,258314,173478,Propellerheads,,Q817138|Q858579,big beat|electronica,Electronic and dance|Other genres,Q976267,Wall of Sound,,,Propellerheads,excluded_no_defensible_fua,,,,False,True,False,
544,3cohAS2UQTaOo80kCn8qjT,Ten Fé,Q56757496,257636,50901,Ten Fé,,Q183504|Q37073,indie rock|pop music,"Pop, soul and R&B|Rock and indie",,,,,,excluded_no_defensible_fua,,,,False,True,False,
545,2qV7axHq9Jk7QqFcB3f05A,The Zutons,Q1142296,254373,160719,The Zutons,2001.0,Q183504,indie rock,Rock and indie,Q5254811,Deltasonic,Q10376127|Q11774380|Q12051197|Q3942885|Q47542125,Abi Harding|Boyan Chowdhury|Dave McCabe|Russell Pritchard|Sean Payne,The Zutons,strict,UK006F,Liverpool,1597536.0,True,True,True,2000
546,6ydvoGN30eRfE78bjTANF7,Sad Night Dynamite,Q128482668,253077,83934,,,,,,,,,,,excluded_no_defensible_fua,,,,False,False,False,
547,5ZfzzHE7rxONfoksJsLXrX,Bucks Fizz,Q839831,252247,70385,Bucks Fizz,1981.0,Q37073,pop music,"Pop, soul and R&B",Q50074604,RCA,,,Bucks Fizz,excluded_no_defensible_fua,,,,False,True,True,1980
548,7sYipTRgDXS2JVOPEhRutx,Portico Quartet,Q3399302,251925,213988,Portico Quartet,2005.0,Q8341,jazz,Other genres,Q2479745|Q56248515,Babel Label|Gondwana Records,Q124733783|Q124733799|Q124733812|Q124733900|Q16732992,Duncan Bellamy|Jack Wylie|Keir Vine|Milo Fitzpatrick|Nick Mulvey,Portico Quartet,strict,UK001F,London,12666099.0,True,True,True,2000
549,6fVcDUckTwxqg56qNsEvUr,Frightened Rabbit,Q1464866,251709,255039,Frightened Rabbit,2003.0,Q1317816|Q183504,indie folk|indie rock,Other genres|Rock and indie,,,Q16730001|Q16933593,Grant Hutchison|Scott Hutchison,Frightened Rabbit,excluded_no_defensible_fua,,,,False,True,True,2000
550,7GeAzBsalYANXTi1ReOm1R,Stanton Warriors,Q7600283,251667,70322,Stanton Warriors,,Q663519,breakbeat,Other genres,,,,,Stanton Warriors,excluded_no_defensible_fua,,,,False,True,False,
551,7EFB09NxZrMi9pGlOnuBpd,The Horrors,Q1138555,251304,296621,The Horrors,2005.0,Q183504|Q3071|Q485395,gothic rock|indie rock|punk rock,Punk and new wave|Rock and indie,Q1123947|Q2082494,In the Red|XL Recordings,Q2577111,Faris Badwan,The Horrors,strict,UK001F,London,12666099.0,True,True,True,2000
552,6EK2381dTQEvcn3KrnMOWQ,Uniting Nations,Q1476064,251123,11305,Uniting Nations,,Q949369,funky house,"Pop, soul and R&B",Q5621680,Gut Records,Q7151722,Paul Keenan,Uniting Nations,strict,UK006F,Liverpool,1597536.0,True,True,False,
553,7DruTvBV7owt1aSAZHsU58,Viola Beach,Q22712305,245749,146142,Viola Beach,2013.0,Q183504|Q842324,indie pop|indie rock,"Pop, soul and R&B|Rock and indie",,,Q124313388|Q22807086,Kris Leonard|Tomas Lowe,Viola Beach,strict,UK531F,Warrington,215391.0,True,True,True,2010
554,4KlYg0F5KG9QNDFKaeTNAy,VNV Nation,Q727124,245699,225268,VNV Nation,1990.0,Q1298934|Q372103|Q4736507|Q487965|Q828243,alternative electronic|electronic body music|futurepop|industrial music|synth-pop,"Electronic and dance|Pop, soul and R&B",Q2545760|Q4439915,Dependent Records|Wax Trax! Records,Q6768221|Q7365464,Mark Jackson|Ronan Harris,VNV Nation,strict,UK001F,London,12666099.0,True,True,True,1990
555,7hqZBHSgDs1odG9aupMzEI,Big Audio Dynamite,Q239474,244576,159697,Big Audio Dynamite,1984.0,Q598929,post-punk,Punk and new wave,Q330629,Sony Music,Q357310,Mick Jones,Big Audio Dynamite,strict,UK001F,London,12666099.0,True,True,True,1980
556,2VL8sLEJ6lHEwocjc1pN9w,The Tremeloes,Q177364,239363,158758,The Tremeloes,1958.0,Q484641,pop rock,"Pop, soul and R&B",Q183387|Q216364|Q557632,Columbia Records|Decca|Epic Records,Q100448153|Q112438121|Q16013582,Alan Blakley|Dave Munden|Len Hawkes,The Tremeloes,excluded_no_defensible_fua,,,,False,True,True,1950
557,2IkHcHKErbWa0TA14yHkbl,Dirty Vegas,Q1228291,237782,57837,Dirty Vegas,2001.0,Q817138,electronica,Electronic and dance,Q3629023,EMI Records,,,Dirty Vegas,excluded_no_defensible_fua,,,,False,True,True,2000
558,2RiGIRDi4GoJpDbjDnPVJl,Sylosis,Q1631741,236596,189903,Sylosis,2000.0,Q253918|Q483352,melodic death metal|thrash metal,Metal,Q158886,Nuclear Blast,,,Sylosis,strict,UK552F,Reading,370107.0,True,True,True,2000
559,5OK8j1JnhoBlivN32G7yOO,This Mortal Coil,Q1754136,236565,200368,This Mortal Coil,1983.0,Q592330,dream pop,"Pop, soul and R&B",Q238095,4AD,Q948832,Ivo Watts-Russell,This Mortal Coil,excluded_no_defensible_fua,,,,False,True,True,1980
560,4qobOrZpdUri80gScwsHfs,Bondax,Q15528102,235766,111883,Bondax,,Q5510816,future garage,Other genres,,,,,Bondax,excluded_no_defensible_fua,,,,False,True,False,
561,2CxLP749mup3ncPrXgCnvU,Humble Pie,Q664459,234347,375622,Humble Pie,1969.0,Q83270,hard rock,Rock and indie,Q1397901|Q1431331|Q277626|Q585643,A&M Records|Atco Records|Cleopatra Records|Immediate Records,Q1544975|Q337089|Q4935625|Q506950|Q5228572|Q6184433,Bobby Tench|Dave Colwell|Greg Ridley|Jerry Shirley|Peter Frampton|Steve Marriott,Humble Pie,strict,UK001F,London,12666099.0,True,True,True,1960
562,6imyM8T1Xbe8v2iZe41dR7,Haircut 100,Q366679,233270,99361,Haircut One Hundred,1980.0,Q187760,new wave,Punk and new wave,Q155152,Polydor Records,,,Haircut One Hundred,excluded_no_defensible_fua,,,,False,True,True,1980
563,41yDmxekjnWShKi6nRmzZ4,Rivers & Robots,Q22080889,233180,136616,Rivers & Robots,2010.0,Q1339121,contemporary worship music,Other genres,,,,,Rivers & Robots,excluded_no_defensible_fua,,,,False,True,True,2010
564,0ZUyFEafMwocvApBjTXvdo,This Is The Kit,Q15044932,229902,129605,This Is The Kit,2003.0,Q11366,alternative rock,Rock and indie,Q4957951,Brassland Records,,,This Is the Kit,excluded_no_defensible_fua,,,,False,True,True,2000
565,1TrwMxRrrlk0hZxJkw4jUF,Levellers,Q1380135,228842,94240,Levellers,1988.0,Q186472|Q2614533|Q2662148,British folk rock|Celtic rock|folk rock,Other genres|Rock and indie,Q3328555,Musidisc,,,Levellers (band),strict,UK515F,Brighton and Hove,451122.0,True,True,True,1980
566,7n1EM42Fseebd9H2p8eWWS,New Model Army,Q1501951,226980,124775,New Model Army,1980.0,Q1425661|Q186472|Q20378|Q3071|Q485395|Q598929,alternative metal|folk punk|folk rock|gothic rock|post-punk|punk rock,Metal|Other genres|Punk and new wave,Q118683261|Q216364|Q373246|Q55965015|Q56641820,Abstract Sounds|Attack Attack|EMI|Eagle Records|Epic Records,,,New Model Army (band),strict,UK003F,Leeds,3070506.0,True,True,True,1980
567,3gnrmLahFhVXRI9DA1MImH,We Were Promised Jetpacks,Q1488607,226591,142629,We Were Promised Jetpacks,,Q183504,indie rock,Rock and indie,Q2589723,FatCat Records,,,We Were Promised Jetpacks,strict,UK007F,Edinburgh,932180.0,True,True,False,
568,6C0JkmxU2cgkVzotHJgfW7,Athlete,Q580268,225403,142136,Athlete,2000.0,Q183504,indie rock,Rock and indie,Q1200368|Q208909,Astralwerks|Parlophone,Q6213853,Joel Pott,Athlete (band),strict,UK001F,London,12666099.0,True,True,True,2000
569,4W2dcPOyD7eSfJCPHCfwoA,Living In A Box,Q1866528,223338,94130,Living in a Box,1985.0,Q1298934|Q164444|Q187760|Q264289|Q37073|Q885561,blue-eyed soul|funk|new wave|pop music|sophisti-pop|synth-pop,"Electronic and dance|Pop, soul and R&B|Punk and new wave",Q1088453,Chrysalis Records,Q16193538|Q6391227,Kenny Thomas|Richard Darbyshire,Living in a Box,strict,UK010F,Sheffield,1217504.0,True,True,True,1980
570,3SUI6pbPumjijbLHHY6vss,The Temperance Movement,Q14957024,223097,80272,The Temperance Movement,2011.0,Q193355|Q83270,blues rock|hard rock,Rock and indie,Q5158829|Q838544,Concord|Earache Records,,,The Temperance Movement (band),excluded_no_defensible_fua,,,,False,True,True,2010
571,6DKmuXxXASTF6xaJwcTfjv,Spiritualized,Q1144015,222247,285400,Spiritualized,1990.0,Q206159|Q236913,psychedelic rock|space rock,Rock and indie,Q13221666|Q1397914|Q55609269,Dedicated Records|Double Six Records|Fat Possum Records,Q16216579|Q2836635|Q3193978|Q327117|Q6271209|Q648341|Q7329821|Q8002739,Damon Reece|Gregg Hale|Jason Pierce|Jon Mattock|Kate Radley|Richard Warren|Thighpaulsandra|Will Carruthers,Spiritualized,strict,UK025F,Coventry,787858.0,True,True,True,1990
572,3LtBdgNHdH0Ix8hCFZ4NJG,Blancmange,Q594199,221240,123820,Blancmange,1979.0,Q187760,new wave,Punk and new wave,Q935090,London Records,Q5560298|Q95570484,Neil Arthur|Stephen Luscombe,Blancmange (band),strict,UK001F,London,12666099.0,True,True,True,1970
573,2H32fphWQj9hhVuCOKkchM,The Nolans,Q1038777,217117,39473,The Nolans,1974.0,Q37073,pop music,"Pop, soul and R&B",Q216364,Epic Records,Q117531511|Q117917415|Q118412151|Q16193271|Q2982426|Q4892803,Anne Nolan|Bernie Nolan|Coleen Nolan|Denise Nolan|Linda Nolan|Maureen Nolan,The Nolans,excluded_non_uk,,,,False,True,True,1970
574,2KB6LGMBaOYYYdvvgyptFH,Utah Saints,Q2036827,216105,53925,Utah Saints,1991.0,Q817138,electronica,Electronic and dance,Q935090,London Records,,,Utah Saints,excluded_no_defensible_fua,,,,False,True,True,1990
575,3mZqziCJj4pq3P2VBpmK6p,Friendly Fires,Q1464530,215715,235528,Friendly Fires,2006.0,Q183504|Q3071,indie rock|punk rock,Punk and new wave|Rock and indie,Q1123947,XL Recordings,,,Friendly Fires,strict,UK001F,London,12666099.0,True,True,True,2000
576,5gS1uXayWA0WJPgcRqNIae,Jon & Vangelis,Q1538236,215210,216463,Jon and Vangelis,1979.0,Q49451,progressive rock,Rock and indie,Q155152,Polydor Records,Q153172|Q313749,Jon Anderson|Vangelis,Jon and Vangelis,excluded_no_defensible_fua,,,,False,True,True,1970
577,5wnhqlZzXIq8aO9awQO2ND,Coldcut,Q698224,214514,66493,Coldcut,1986.0,Q817138,electronica,Electronic and dance,Q1358555|Q4905961,Big Life|Ninja Tune,,,Coldcut,excluded_no_defensible_fua,,,,False,True,True,1980
578,2SRIVGDkdqQnrQdaXxDkJt,Haken,Q774774,213215,248459,Haken,2007.0,Q484344|Q49451,progressive metal|progressive rock,Metal|Rock and indie,Q2271353|Q702361,Inside Out Music|Sensory Records,Q7326414|Q7792087,Richard Henshall|Thomas MacLean,Haken (band),strict,UK001F,London,12666099.0,True,True,True,2000
579,1Pe3z1UqRzKsQtHsl25dm6,Juno Reactor,Q1410018,212577,99783,Juno Reactor,1990.0,Q170611|Q9778,electronic music|techno,Electronic and dance,Q2333358,Metropolis Records,Q9168649,Ben Watkins,Juno Reactor,strict,UK001F,London,12666099.0,True,True,True,1990
580,1dmEUAQBopYUrsMnQnScWL,Fun Boy Three,Q1473992,210879,123794,Fun Boy Three,,Q187760,new wave,Punk and new wave,Q1088453,Chrysalis Records,Q1728388,Terry Hall,Fun Boy Three,excluded_no_defensible_fua,,,,False,True,False,
581,3RP50pmG8Wz1mhNCidQj68,RITUAL,Q60752425,208784,49910,Ritual,,,,,,,,,Ritual (electronic band),excluded_no_defensible_fua,,,,False,False,False,
582,4hzCcF4Leos2sKnz79nwhz,The Sound,Q732151,207467,119926,The Sound,1979.0,Q11366,alternative rock,Rock and indie,Q6432589,Korova,Q372675,Adrian Borland,The Sound (band),strict,UK001F,London,12666099.0,True,True,True,1970
583,497rp5TEzJffeBnUT0BeE1,Mammal Hands,Q18984313,205120,143732,Mammal Hands,,Q8341,jazz,Other genres,Q56248515,Gondwana Records,Q56248758|Q56248793|Q56248800,Jesse Barrett|Jordan Smart|Nick Smart,Mammal Hands,excluded_no_defensible_fua,,,,False,True,False,
584,6VsiDFMZJlJ053P1uO4A6h,Public Service Broadcasting,Q7257602,204661,191872,Public Service Broadcasting,2010.0,Q1298934|Q217467,art rock|synth-pop,Electronic and dance|Rock and indie,,,,,Public Service Broadcasting (band),strict,UK001F,London,12666099.0,True,True,True,2010
585,33W24YuaMUEk85MwRX6cRs,Paper Lace,Q2050633,203759,42819,Paper Lace,,Q37073,pop music,"Pop, soul and R&B",Q155152,Polydor Records,,,Paper Lace,strict,UK029F,Nottingham,936382.0,True,True,False,
586,3Q9P0SbpaP9xsBtLUVK0Be,Planet Perfecto,Q7201145,203707,10221,Planet Perfecto,,Q170611,techno,Electronic and dance,,,,,Planet Perfecto,excluded_no_defensible_fua,,,,False,True,False,
587,5fwaejlOHVBAw1KhIPPaQe,Venom,Q192861,203523,617815,Venom,1979.0,Q132438|Q211723|Q38848|Q483352,black metal|heavy metal music|speed metal|thrash metal,Metal,Q1347984,Sanctuary Records,Q2852819|Q3313359|Q425723|Q58821169|Q60839581|Q646194|Q717901|Q931561,Anthony Lant|Conrad Lant|Danny Needham|Jeffrey Dunn|Mike Hickey|Stuart Dixon|Tony Bray|Tony Dolan,Venom (band),strict,UK013F,Newcastle,1221203.0,True,True,True,1970
588,5uh8Bhewltd8j0TLZjNImc,Lemon Jelly,Q1444372,203232,188511,Lemon Jelly,1998.0,Q9778,electronic music,Electronic and dance,Q1123947,XL Recordings,Q7027140,Nick Franglen,Lemon Jelly,strict,UK001F,London,12666099.0,True,True,True,1990
589,6veTV9sF06FBf2KN0xAdvo,The Go! Team,Q1514317,202864,101993,The Go! Team,2000.0,Q183504,indie rock,Rock and indie,Q827077,Memphis Industries,,,The Go! Team,strict,UK515F,Brighton and Hove,451122.0,True,True,True,2000
590,3tgiOZXeC1DIimfprvfL64,Sam And The Womp,Q2115414,201092,49372,Sam and the Womp,2009.0,Q9778,electronic music,Electronic and dance,Q1750746,Stiff Records,Q2248954,Bloem de Ligny,Sam and the Womp,excluded_no_defensible_fua,,,,False,True,True,2000
591,0NV5eY4Jzg4ldg2ikGnV4n,Virus Syndicate,Q14158679,200462,68866,Virus Syndicate,,Q1166726|Q20474|Q469343,UK rap|dubstep|grime,Other genres,,,Q124375772|Q124375795,JSD|Nika D,Virus Syndicate,excluded_no_defensible_fua,,,,False,True,False,
592,6e6GkaF6uiSEFuTrlvDJUF,The Twilight Sad,Q750092,199417,116543,The Twilight Sad,2003.0,Q1899347,post-punk revival,Punk and new wave,Q2589723,FatCat Records,,,The Twilight Sad,excluded_no_defensible_fua,,,,False,True,True,2000
593,3UqRgrDIQ208yNGiWKRMNt,Napalm Death,Q321762,199401,453164,Napalm Death,1981.0,Q10922|Q188534|Q483251,death metal|grindcore|hardcore punk,Metal|Punk and new wave,Q158867|Q2533251|Q838544,Century Media Records|Earache Records|Spitfire Records,Q2670413|Q732653|Q981856|Q981996,Barney Greenway|Danny Herrera|Mitch Harris|Shane Embury,Napalm Death,excluded_no_defensible_fua,,,,False,True,True,1980
594,77zwstbi3x1IxnbDFg6uns,Wishbone Ash,Q137758,199281,239755,Wishbone Ash,1969.0,Q83270,hard rock,Rock and indie,Q2265719|Q2338889|Q557632|Q6061175,Decca|I.R.S. Records|Invisible Hands Music|MCA Records,Q2796723|Q33022578|Q366747|Q527081|Q715676,Andy Powell|John Wetton|Mark Abrahams|Martin Turner|Ted Turner,Wishbone Ash,strict,UK561F,Torbay,140126.0,True,True,True,1960
595,0THUMJMWUd5L8os9K6O4FE,World Party,Q2504465,199197,59109,World Party,1986.0,Q11366,alternative rock,Rock and indie,Q1088453|Q4038090,Chrysalis Records|Ensign Records,Q1302516,Karl Wallinger,World Party,strict,UK001F,London,12666099.0,True,True,True,1980
596,1fQDzf4lnUF4DYngrLJH0m,letherette,Q16960515,199074,72744,Letherette,,Q9778,electronic music,Electronic and dance,Q1358555,Ninja Tune,,,Letherette,excluded_no_defensible_fua,,,,False,True,False,
597,3z3KnhKZObj216IgfHYGVf,Diamond Head,Q552377,199057,216505,Diamond Head,1976.0,Q370515|Q38848,heavy metal music|new wave of British heavy metal,Metal,Q1036027|Q2338889|Q30900578,Cargo Records|MCA Records|Silver Lining Music,Q1261808|Q3644513|Q7172318,Brian Tatler|Pete Vuckovic|Robbie France,Diamond Head (British band),strict,UK002F,Birmingham,3247941.0,True,True,True,1970
598,4zPGlyitRvJo7iz6OKlETa,Gomez,Q1536853,198405,139162,Gomez,1996.0,Q183504,indie rock,Rock and indie,Q128280,ATO Records,Q5980832,Ian Ball,Gomez (band),strict,UK006F,Liverpool,1597536.0,True,True,True,1990
599,0IBAqjHG8DSaD7PPCGnGiZ,Babyshambles,Q797992,198309,291010,Babyshambles,2003.0,Q183504,indie rock,Rock and indie,Q385558,Rough Trade,Q2748607|Q311875|Q349328|Q5530705|Q652243|Q978960,Adam Ficek|Drew McConnell|Gemma Clarke|Mick Whitnall|Patrick Walden|Pete Doherty,Babyshambles,strict,UK001F,London,12666099.0,True,True,True,2000
600,4Cyr5aqgXza16isOrQNOvo,Brotherhood of Man,Q832745,196558,61658,Brotherhood of Man,1969.0,Q37073,pop music,"Pop, soul and R&B",Q1178799|Q183412|Q2117397|Q2733913|Q557632,Dawn Records|Decca|Deram|EMI|Pye Records,Q1330686|Q16150554|Q6515044|Q6775985|Q7416767,Lee Sheriden|Martin Lee|Nicky Stevens|Sandra Stevens|Tony Burrows,Brotherhood of Man,excluded_no_defensible_fua,,,,False,True,True,1960
601,5zhn89Em2jWUUWdpcLO3YL,Sea Power,Q920131,196069,106520,Sea Power,2000.0,Q11366|Q183504|Q1899347|Q209137,alternative rock|indie rock|post-punk revival|post-rock,Punk and new wave|Rock and indie,Q264137|Q385558,Caroline Records|Rough Trade,Q4667519|Q5325520|Q7182459,Abi Fry|Eamon Hamilton|Phil Sumner,Sea Power,excluded_no_defensible_fua,,,,False,True,True,2000
602,35S20clEkkSNUo23ViaslZ,Band Aid,Q806231,195618,53354,Band Aid,1984.0,Q1443316,Christmas music,Other genres,Q330629,Sony Music,,,Band Aid (band),strict,UK001F,London,12666099.0,True,True,True,1980
603,1fy3AQc7grjf5LnCd7snSg,The View,Q578954,195510,156449,The View,2005.0,Q183504,indie rock,Rock and indie,Q4571998,1965 Records,Q6451144,Kyle Falconer,The View (band),strict,UK550F,Dundee City,264690.0,True,True,True,2000
604,1USHlPahTZrCeJXS2v5pkF,Thunderclap Newman,Q2165685,194255,20516,Thunderclap Newman,1969.0,Q11399|Q37073,pop music|rock music,"Pop, soul and R&B|Rock and indie",Q2142601,Track Record,Q1347221|Q6217418|Q9614936,"Andy Newman|Jimmy McCulloch|John ""Speedy"" Keene",Thunderclap Newman,strict,UK001F,London,12666099.0,True,True,True,1960
605,3vldh5Ceynytj6Iglw4haP,Tommy Lefroy,Q115209312,192772,94042,Tommy Lefroy,,Q183504,indie rock,Rock and indie,Q6456938|Q7181469,LAB Records|Pheromone Recordings,,,Tommy Lefroy,strict,UK001F,London,12666099.0,True,True,False,
606,4JKHXlntTvmZnLxjbeRcPL,City of London Sinfonia,Q2974592,190860,4379,City of London Sinfonia,1971.0,,,,,,,,City of London Sinfonia,excluded_no_defensible_fua,,,,False,False,True,1970
607,6WoTvA9qinpHtSRJuldYh6,The Fall,Q909916,190295,224200,The Fall,1976.0,Q11366|Q3071,alternative rock|punk rock,Punk and new wave|Rock and indie,Q1238400|Q2265719|Q5998908|Q729590,Domino Recording Company|Fontana Records|I.R.S. Records|Illegal Records,Q1346818|Q17104048|Q1892774|Q2059977|Q2081921|Q2347016|Q4081228|Q4095780|Q4101610|Q4422795|Q6306160|Q7520075|Q7822392,Brix Smith|Craig Scanlon|Julia Adamson|Karl Burns|Marc Riley|Mark E. Smith|Martin Bramah|Paul Hanley|Simon Rogers|Simon Wolstencroft|Steve Hanley|Tony Friel|Una Baines,The Fall (band),strict,UK008F,Manchester,3595966.0,True,True,True,1970
608,6WH1V41LwGDGmlPUhSZLHO,Autechre,Q247237,187473,284945,,1987.0,Q1100989|Q1640319|Q170611|Q193207|Q660984|Q9778,ambient music|electronic music|experimental music|glitch|intelligent dance music|techno,Electronic and dance|Other genres,Q2085119|Q2283665|Q2545760|Q475607|Q543707,Nothing Records|Skam Records|TVT Records|Warp|Wax Trax! Records,Q24418955|Q24418980,Rob Brown|Sean Booth,Autechre,strict,UK008F,Manchester,3595966.0,True,True,True,1980
609,2Sp19cOHSqAUlE64hekARW,Teenage Fanclub,Q1515611,186449,164920,Teenage Fanclub,1989.0,Q11366,alternative rock,Rock and indie,Q1139341|Q7132747,Creation Records|Paperhouse Records,Q7051979,Norman Blake,Teenage Fanclub,strict,UK004F,Glasgow,1895840.0,True,True,True,1980
610,7FPkZue0zzjHaOPJb4WCw3,The Pigeon Detectives,Q1469656,184605,214476,The Pigeon Detectives,2002.0,Q183504,indie rock,Rock and indie,Q3013340,Dance to the Radio,,,The Pigeon Detectives,strict,UK003F,Leeds,3070506.0,True,True,True,2000
611,2McLd7klWE4UjkPLqqMwLv,The Qemists,Q2067701,184241,105080,The Qemists,2004.0,Q124791567|Q188994|Q325504|Q817138|Q851213,Drum and bass electronic rock|drum and bass|electronic dance music|electronic rock|electronica,Electronic and dance,Q1358555,Ninja Tune,,,The Qemists,strict,UK515F,Brighton and Hove,451122.0,True,True,True,2000
612,1G3Eh23f2hwhEnAMw7HsZ6,Bomb The Bass,Q891757,184150,54515,Bomb the Bass,,Q817138,electronica,Electronic and dance,Q315760,!K7 Music,,,Bomb the Bass,excluded_no_defensible_fua,,,,False,True,False,
613,3HghjRl8Mo6OJWG0WElY2z,Way Out West,Q1431341,183677,50191,Way Out West,1994.0,Q205560,trip hop,Electronic and dance,Q2891955,Deconstruction Records,Q16958551|Q1738428,Jody Wisternoff|Nick Warren,Way Out West (duo),excluded_no_defensible_fua,,,,False,True,True,1990
614,7vPXrGlSGukcwpaPxUfKKR,Japan,Q174933,183396,251906,Japan,1974.0,Q187760,new wave,Punk and new wave,Q180277,Hansa Records,Q519273,David Sylvian,Japan (band),strict,UK001F,London,12666099.0,True,True,True,1970
615,4SXsNXgRundFdewI58vbZT,King King,Q21288873,182479,31218,King King,2008.0,Q9759,blues,Other genres,,,,,King King (band),excluded_no_defensible_fua,,,,False,True,True,2000
616,2qhmNI4ZHPpeDutdg473Z3,The Future Sound Of London,Q168031,181260,179121,The Future Sound of London,1988.0,Q170611,techno,Electronic and dance,Q1200368,Astralwerks,Q5524109,Garry Cobain,The Future Sound of London,strict,UK008F,Manchester,3595966.0,True,True,True,1980
617,6RDAHUqUqJab8TZmyRHFss,Stooshe,Q1346917,180657,81733,Stooshe,2011.0,Q850412,contemporary R&B,"Pop, soul and R&B",,,,,Stooshe,strict,UK001F,London,12666099.0,True,True,True,2010
618,3EbMlZ7ZKmFWPTHrLzpzvs,Bolt Thrower,Q662463,180166,285017,Bolt Thrower,1986.0,Q188534|Q483251,death metal|grindcore,Metal,Q756320|Q7932936|Q838544,Earache Records|Metal Blade Records|Vinyl Solution,Q10411486|Q1880653|Q2336319|Q2683347|Q4843436|Q5229032|Q529075|Q5904439|Q82907,Alex Thomas|Andy Whale|Barry Thomson|Dave Ingram|Gavin Ward|Jo Bench|Karl Willetts|Martin Kearns|Martin van Drunen,Bolt Thrower,strict,UK025F,Coventry,787858.0,True,True,True,1980
619,3zIIUxcnIoUMouVQdphkeC,Showaddywaddy,Q731797,178641,93848,Showaddywaddy,1973.0,Q7749,rock and roll,Rock and indie,Q4883239,Bell Records,Q7363084,Romeo Challenger,Showaddywaddy,excluded_no_defensible_fua,,,,False,True,True,1970
620,3TBfn8PtXr42OrTPaoC3E8,The Futureheads,Q141703,175654,108938,The Futureheads,2000.0,Q183504|Q3071,indie rock|punk rock,Punk and new wave|Rock and indie,Q669127,Vagrant Records,Q136039835|Q7369524,Barry Hyde|Ross Millard,The Futureheads,strict,UK510F,Sunderland,288606.0,True,True,True,2000
621,3MomZRiJwdZmYnysgtF4Ey,Therapy?,Q1130493,175573,123041,Therapy?,1989.0,Q11366|Q181861|Q20378,alternative metal|alternative rock|noise rock,Metal|Rock and indie,Q104905694|Q277626|Q3568013,A&M Records|Marshall Records|Wiiija,Q2849082|Q3308375|Q6988421,Andy Cairns|Michael McKeegan|Neil Cooper,Therapy?,excluded_no_defensible_fua,,,,False,True,True,1980
622,0PFM64sKw3GG4Sk8kqNIcp,Until The Ribbon Breaks,Q19881622,174393,44423,Until the Ribbon Breaks,2012.0,Q9778,electronic music,Electronic and dance,Q16995752,Kobalt Label Services,,,Until the Ribbon Breaks,strict,UK009F,Cardiff,939371.0,True,True,True,2010
623,3mbVe260Kgvs1P8YFcCyY7,The Seahorses,Q7762808,173184,134499,The Seahorses,1996.0,Q11399,rock music,Rock and indie,Q212699,Geffen Records,Q1342312,John Squire,The Seahorses,strict,UK533F,York,209301.0,True,True,True,1990
624,2Ah7S4oLgEBYRbz2V0cZzU,Lawson,Q1076,172494,182546,Lawson,2009.0,Q484641,pop rock,"Pop, soul and R&B",Q155152,Polydor Records,,,Lawson (band),excluded_no_defensible_fua,,,,False,True,True,2000
625,7hC74DRW4q3obXLB5lTq4F,swim school,Q112039696,172006,31979,Swim School,,,,,,,,,Swim School,excluded_no_defensible_fua,,,,False,False,False,
626,57YVY9QP1mhqc51WqHln0e,Tom Robinson Band,Q526586,171964,37011,Tom Robinson Band,1976.0,Q3071,punk rock,Punk and new wave,Q3629023,EMI Records,,,Tom Robinson Band,strict,UK001F,London,12666099.0,True,True,True,1970
627,5BEYGWk6aPdNXxBx9pwU8S,The Soup Dragons,Q3066755,171856,50553,The Soup Dragons,1985.0,Q183504,indie rock,Rock and indie,Q3522912,The Subway Organization,Q19660456,Ross Sinclair,The Soup Dragons,strict,UK004F,Glasgow,1895840.0,True,True,True,1980
628,37QFe07xXVifiZf6t6t3PE,The Corries,Q1349385,171307,37863,The Corries,,Q1048469,music of Scotland,Other genres,,,,,The Corries,strict,UK007F,Edinburgh,932180.0,True,True,False,
629,6XgIk9Y6qy6JCMZVime6DQ,Bob Vylan,Q111685240,171179,188980,Bob Vylan,,Q11401|Q1166726|Q25554481|Q3071|Q877693,grime|hip-hop|punk music|punk rock|rap rock,Other genres|Punk and new wave|Rock and indie,,,Q141150287|Q98019779,Bobbie Vylan|Bobby Vylan,Bob Vylan,strict,UK001F,London,12666099.0,True,True,False,
630,4pE3KE9J1Z1LKzjwLtWU21,Sailor,Q354427,168700,47029,Sailor,1973.0,Q83270,hard rock,Rock and indie,Q1542119,United Artists Records,,,Sailor (band),excluded_no_defensible_fua,,,,False,True,True,1970
631,25IRTisJjqI6JlkyCVMBsV,Dr. Feelgood,Q1253897,167923,120205,Dr. Feelgood,1971.0,Q1431327|Q187760|Q212952,boogie-woogie|new wave|pub rock,Other genres|Punk and new wave|Rock and indie,Q1542119,United Artists Records,Q355546,Lee Brilleaux,Dr. Feelgood (band),excluded_no_defensible_fua,,,,False,True,True,1970
632,4NPManowiyiGa72hezruf2,Cock Sparrer,Q600311,166468,137956,Cock Sparrer,1972.0,Q3071,punk rock,Punk and new wave,Q115104719|Q557632,Decca|Unity Worldwide Records,,,Cock Sparrer,strict,UK001F,London,12666099.0,True,True,True,1970
633,3SfrwwVPGtjYTI3vwQ4hEU,Thunder,Q678521,165055,122168,Thunder,1989.0,Q83270,hard rock,Rock and indie,Q1843637,STC Recordings,Q1962198|Q2074096|Q2194132|Q2682846,Ben Matthews|Danny Bowes|Gary James|Luke Morley,Thunder (band),strict,UK001F,London,12666099.0,True,True,True,1980
634,6NB4b8lltHCjOhW7vQZkAy,The Exploited,Q117684,164967,272998,The Exploited,1979.0,Q10922,hardcore punk,Punk and new wave,Q158886,Nuclear Blast,Q2569072,Wattie Buchan,The Exploited,strict,UK007F,Edinburgh,932180.0,True,True,True,1970
635,5O0RrEgz4NLCPLrDZiPggz,The Slits,Q677115,164826,155815,The Slits,1976.0,Q3071,punk rock,Punk and new wave,Q190585,Island Records,Q2013235|Q233342|Q4015600|Q4978300|Q7128416|Q7705617|Q976089,Ari Up|Bruce Smith|Neneh Cherry|Palmolive|Steve Beresford|Tessa Pollitt|Viv Albertine,The Slits,strict,UK001F,London,12666099.0,True,True,True,1970
636,6msJKphD3VXZPItnztefdH,Stateless,Q3497309,164345,31770,Stateless,2002.0,Q11366|Q183504,alternative rock|indie rock,Rock and indie,Q1358555,Ninja Tune,,,Stateless (band),strict,UK003F,Leeds,3070506.0,True,True,True,2000
637,5yBDILLJyNFAjFpECkk7ys,Beady Eye,Q753648,164088,205926,Beady Eye,2009.0,Q11366|Q11399|Q183504,alternative rock|indie rock|rock music,Rock and indie,Q5216047|Q6753829,Dangerbird Records|MapleMusic Recordings,Q216708,Liam Gallagher,Beady Eye,strict,UK001F,London,12666099.0,True,True,True,2000
638,3k7uMwc8FLJmH8RHMh2HF8,Babylon Zoo,Q696624,163876,17699,Babylon Zoo,1992.0,Q11366|Q236913,alternative rock|space rock,Rock and indie,Q183412|Q58825265,EMI|Phonogram International B.V.,Q5805853,Jas Mann,Babylon Zoo,strict,UK002F,Birmingham,3247941.0,True,True,True,1990
639,7y4breKexfBWgdyMgHMEHK,Kareful,Q59563575,162343,17678,Kareful,,,,,Q57546157,wavemob,,,,excluded_no_defensible_fua,,,,False,False,False,
640,5gNduPlUGHsgy1w7f71obH,The Swinging Blue Jeans,Q1310839,161534,71064,The Swinging Blue Jeans,1962.0,Q546264,beat music,Rock and indie,Q301754,His Master's Voice,Q3178934|Q6200521,Jim Rodford|Terry Sylvester,The Swinging Blue Jeans,strict,UK006F,Liverpool,1597536.0,True,True,True,1960
641,0umDTRGYujQH31KZq9FdrU,Loadstar,Q15052759,160497,38144,Loadstar,2010.0,Q188994,drum and bass,Electronic and dance,Q4048005,RAM Records,Q8042871,Xample,Loadstar (duo),strict,UK011F,Bristol,1025309.0,True,True,True,2010
642,0P2q6xyNc2hVFkG3ThjYcJ,The Magic Numbers,Q1474849,160113,102124,The Magic Numbers,2002.0,Q183504,indie rock,Rock and indie,Q183412|Q193023,Capitol Records|EMI,,,The Magic Numbers,strict,UK001F,London,12666099.0,True,True,True,2000
643,0uhNYfjHJyAmHh2xNZ4vqf,Oxide & Neutrino,Q1428002,159474,27287,Oxide & Neutrino,2000.0,Q1165777,UK garage,Other genres,Q2576206,East West Records,,,Oxide & Neutrino,strict,UK001F,London,12666099.0,True,True,True,2000
644,3lGO6uBIzoFyU6OoGMER1B,Dead Pony,Q112031241,158291,55682,Dead Pony,,Q11366,alternative rock,Rock and indie,,,,,Dead Pony,excluded_no_defensible_fua,,,,False,True,False,
645,4A9xtvezlouTD7H0kyUje9,Twin Atlantic,Q2365012,158180,154793,Twin Atlantic,2007.0,Q11366|Q183504|Q3724735|Q837837,alternative rock|emo pop|indie rock|power pop,"Pop, soul and R&B|Rock and indie",Q1815691,Red Bull Records,,,Twin Atlantic,strict,UK004F,Glasgow,1895840.0,True,True,True,2000
646,0m5XJwKGYyUjd3VMfcINCQ,Shpongle,Q1134411,157586,331485,Shpongle,1996.0,Q193207|Q24077837|Q622871|Q749475,ambient music|psybient|psychedelic trance|psydub,Electronic and dance|Other genres|Rock and indie,Q7858536,Twisted Records,Q373057|Q979432,Raja Ram|Simon Posford,Shpongle,excluded_no_defensible_fua,,,,False,True,True,1990
647,7ulIMfVKiXh8ecEpAVHIAY,Electrelane,Q460115,156130,67563,Electrelane,1998.0,Q11366,alternative rock,Rock and indie,Q1456588,Too Pure,Q6827101|Q93506173|Q95710340,Mia Clarke|Ros Murray|Verity Susman,Electrelane,strict,UK515F,Brighton and Hove,451122.0,True,True,True,1990
648,4r4F8WTxKS7hsSWVzlu6rY,AlicebanD,Q117025304,156024,39307,AlicebanD,2008.0,,,,,,,,,excluded_no_defensible_fua,,,,False,False,True,2000
649,02nZLQtQ4vL5iHyp6atBrh,Calva Louise,Q111128234,155471,88942,Calva Louise,2016.0,,,,,,,,Calva Louise,excluded_no_defensible_fua,,,,False,False,True,2010
650,23ytwhG1pzX6DIVWRWvW1r,TesseracT,Q1430984,155442,359654,Tesseract,2007.0,Q484344,progressive metal,Metal,Q158867,Century Media Records,,,Tesseract (band),strict,UK525F,Milton Keynes,305884.0,True,True,True,2000
651,0exhrQcReCdr11oPbOh22M,Deaf Havana,Q5245773,155196,127338,Deaf Havana,,Q10926|Q11366|Q186472|Q377910,alternative rock|emo|folk rock|post-hardcore,Other genres|Punk and new wave|Rock and indie,,,,,Deaf Havana,excluded_no_defensible_fua,,,,False,True,False,
652,59FA7hfd0gJCIVBN0GygHg,The Bluebells,Q4050978,155036,16802,The Bluebells,,,,,Q935090,London Records,Q104680516|Q3696449|Q6503997,Craig Gannon|Lawrence Donegan|Robert Hodgens,The Bluebells,excluded_no_defensible_fua,,,,False,False,False,
653,0oQLexIBY9SlMhtbSIPFAO,The Alarm,Q2301808,153792,89337,The Alarm,1981.0,Q11366,alternative rock,Rock and indie,Q2265719,I.R.S. Records,,,The Alarm,excluded_no_defensible_fua,,,,False,True,True,1980
654,0okPaVyeEjh0VJtfBdNPho,Mànran,Q3997948,153473,32943,Mànran,2010.0,Q16148439,Gaelic music,Other genres,,,Q5418981,Ewen Henderson,Mànran,excluded_no_defensible_fua,,,,False,True,True,2010
655,41A6Xdil8qhaD2DcS4X1wA,The Flying Pickets,Q1578573,152643,26495,The Flying Pickets,1982.0,Q185298,a cappella,Other genres,Q203059,Virgin Records,Q561383,Brian Hibbard,The Flying Pickets,excluded_no_defensible_fua,,,,False,True,True,1980
656,4KH4eOg39KeBpnfSgvIteD,Pretty Vicious,Q26260790,152499,61601,Pretty Vicious,2014.0,Q11399,rock music,Rock and indie,Q183412|Q203059|Q3629023,EMI|EMI Records|Virgin Records,,,Pretty Vicious,excluded_no_defensible_fua,,,,False,True,True,2010
657,7F6nxkPQrlh4qWDetjgnpX,The Prototypes,Q22909361,151701,72867,The Prototypes,2010.0,Q188994,drum and bass,Electronic and dance,,,,,The Prototypes,excluded_no_defensible_fua,,,,False,True,True,2010
658,6EQn1KgYQxe0bcheogqRTB,Wax,Q1969654,151687,15562,,1983.0,Q187760,new wave,Punk and new wave,Q50074604,RCA,Q540655|Q596698,Andrew Gold|Graham Gouldman,Wax (British band),strict,UK008F,Manchester,3595966.0,True,True,True,1980
659,05MlomiA9La0OiNIAGqECk,Delta Sleep,Q106920410,151180,118215,Delta Sleep,,Q1132152,math rock,Rock and indie,,,,,Delta Sleep,excluded_no_defensible_fua,,,,False,True,False,
660,17Ytfl1DntgvVdragJEqx8,Reprazent,Q7314192,150501,7044,Reprazent,,Q188994|Q9778,drum and bass|electronic music,Electronic and dance,,,Q27975653|Q5205295|Q5319083|Q6439439|Q78454732|Q964002,DJ Die|Dynamite MC|Krust|Onallee|Pete Josef|Roni Size,Roni Size & Reprazent,excluded_no_defensible_fua,,,,False,True,False,
661,7DlD7rLG9MKuvXtTeACzkO,Dry Cleaning,Q105677002,150253,170043,Dry Cleaning,2017.0,Q598929,post-punk,Punk and new wave,Q238095,4AD,,,Dry Cleaning (band),strict,UK001F,London,12666099.0,True,True,True,2010
662,1nhSLEYdoBHG6cJ8NDwoF1,Fickle Friends,Q24895505,149977,141833,Fickle Friends,2013.0,Q842324,indie pop,"Pop, soul and R&B",Q155152,Polydor Records,,,Fickle Friends,strict,UK515F,Brighton and Hove,451122.0,True,True,True,2010
663,2LKrAJVB1842xPDvx4uuwU,Bros,Q990686,149817,83494,Bros,1986.0,Q11399,rock music,Rock and indie,Q183387,Columbia Records,Q1909192|Q5181163|Q911462,Craig Logan|Luke Goss|Matt Goss,Bros (British band),excluded_no_defensible_fua,,,,False,True,True,1980
664,0FOcXqJgJ1oq9XfzYTDZmZ,Super Furry Animals,Q1135582,149540,131452,Super Furry Animals,1993.0,Q11366|Q703778,alternative rock|neo-psychedelia,Other genres|Rock and indie,Q1139341|Q216364,Creation Records|Epic Records,Q3050590|Q5119067|Q5208383|Q5621838|Q5951215,Cian Ciaran|Dafydd Ieuan|Gruff Rhys|Guto Pryce|Huw Bunford,Super Furry Animals,strict,UK009F,Cardiff,939371.0,True,True,True,1990
665,2YiWXa7E1raYyY0uQDLpgs,Lo Fidelity Allstars,Q204934,149493,29732,Lo Fidelity Allstars,1996.0,Q817138,electronica,Electronic and dance,Q7535619,Skint Records,,,Lo Fidelity Allstars,strict,UK001F,London,12666099.0,True,True,True,1990
666,5H9IFTRxSICj24uxO15ScU,English Teacher,Q124304162,148637,108308,English Teacher,,Q183504,indie rock,Rock and indie,,,,,English Teacher,excluded_no_defensible_fua,,,,False,True,False,
667,3wRksusBxJ6npu0PryYheF,The Selecter,Q1546385,147657,144513,The Selecter,1979.0,Q54365,ska,Other genres,Q222885,2 Tone Records,Q16151683|Q584298,Neol Davies|Pauline Black,The Selecter,strict,UK025F,Coventry,787858.0,True,True,True,1970
668,0NbfEPYRgMczimdfM3skmH,Sleeper,Q640008,146769,81522,Sleeper,1993.0,Q189045,Britpop,"Pop, soul and R&B",Q6025743,Indolent Records,Q3263844,Louise Wener,Sleeper (band),strict,UK001F,London,12666099.0,True,True,True,1990
669,0KU55rzxAihPhi27MAuz9O,The Big Moon,Q28407726,146229,117870,The Big Moon,2014.0,Q183504|Q842324,indie pop|indie rock,"Pop, soul and R&B|Rock and indie",Q2481499,Fiction Records,Q47495999|Q47496009|Q47496012|Q47496021,Celia Archer|Fern Ford|Juliette Jackson|Soph Nathan,The Big Moon,strict,UK001F,London,12666099.0,True,True,True,2010
670,7Hvq85OU8T7Hsd63zNBwaL,black midi,Q65070663,144902,325236,Black Midi,,Q11399,rock music,Rock and indie,,,Q123862691|Q137768447|Q137768581|Q137768617|Q137783776|Q137785787,Cameron Picton|Geordie Greep|Kaidi Akinnibi|Matt Kwasniewski-Kelvin|Morgan Simpson|Seth Evans,Black Midi,strict,UK001F,London,12666099.0,True,True,False,
671,3VdnwWd3i9OOT0CzbzRZj7,Those Damn Crows,Q65038085,142422,48598,Those Damn Crows,,,,,,,,,Those Damn Crows,excluded_no_defensible_fua,,,,False,False,False,
672,26HCuM5PamldoaHII5Ifxc,Panic Shack,Q116783016,142284,53371,Panic Shack,,Q11366,alternative rock,Rock and indie,,,,,Panic Shack,excluded_no_defensible_fua,,,,False,True,False,
673,0N3oP3Si8ihzFUrU6kITZ8,Monaco,Q1943982,140035,32255,Monaco,1995.0,Q11366|Q189045|Q37073,Britpop|alternative rock|pop music,"Pop, soul and R&B|Rock and indie",Q155152,Polydor Records,Q431244,Peter Hook,Monaco (band),strict,UK008F,Manchester,3595966.0,True,True,True,1990
674,5uSY4FF3dZMCVSkZslKCHi,Michael Schenker Group,Q638159,139857,226255,Michael Schenker Group,1979.0,Q37073|Q83270,hard rock|pop music,"Pop, soul and R&B|Rock and indie",Q1088453,Chrysalis Records,Q14341|Q57642,Cozy Powell|Michael Schenker,Michael Schenker Group,strict,UK001F,London,12666099.0,True,True,True,1970
675,4rPZAvpw9ObVO3HFGWSHwt,The Firm,Q938323,138968,42646,The Firm,1984.0,Q11399,rock music,Rock and indie,Q202440,Atlantic Records,Q313098,Paul Rodgers,The Firm (rock band),excluded_no_defensible_fua,,,,False,True,True,1980
676,5rIXueJu7zVE2gDZjUM6g8,Pop Will Eat Itself,Q1378050,138949,45364,Pop Will Eat Itself,1986.0,Q11366|Q1987105|Q877693|Q968730,alternative rock|grebo|industrial rock|rap rock,Other genres|Rock and indie,Q202585|Q50074604,RCA|RCA Records,Q297232,Clint Mansell,Pop Will Eat Itself,strict,UK002F,Birmingham,3247941.0,True,True,True,1980
677,0sQ1wgSdRpoysgsa1VnI4G,Foreign Beggars,Q3077143,138616,103677,Foreign Beggars,1996.0,Q11401|Q1166726|Q20474|Q2913982,dubstep|grime|hip-hop|trap music,Other genres,Q3238266|Q3300067|Q5259465,Data Records|Dented Records|mau5trap,,,Foreign Beggars,strict,UK001F,London,12666099.0,True,True,True,1990
678,4nP1Vg2YuLE0Nbr7uK08SM,Nomad,Q7048384,136733,9207,Nomad,,Q20502,house music,Electronic and dance,,,,,Nomad (British band),excluded_no_defensible_fua,,,,False,True,False,
679,2jK54ZlZhTF1TxygsVeR05,Hawkwind,Q285966,136226,145361,Hawkwind,1969.0,Q206159|Q236913|Q49451,progressive rock|psychedelic rock|space rock,Rock and indie,Q1063242|Q1392321|Q1542119|Q585643,Atco Records|Charisma|Liberty Records|United Artists Records,Q1032403|Q1032457|Q11850521|Q122232|Q1588413|Q1604798|Q1605762|Q1605772|Q1605793|Q1605800|Q16208533|Q16212497|Q221971|Q2524092|Q2564640|Q309926|Q316138|Q327212|Q3644590|Q426950|Q5245189|Q5252883|Q6384437|Q642165|Q708782|Q7788702,Ade Shaw|Alan Davey|Alan Powell|Andy Anderson|Arthur Brown|Bridget Wishart|Dave Brock|Dead Fred|Del Dettmar|Ginger Baker|Harvey Bainbridge|Huw Lloyd-Langton|Keith Hale|Lemmy|Michael Moorcock|Mr Dibs|Niall Hone|Nik Turner|Paul Rudolph|Robert Calvert|Robert Heaton|Simon House|Simon King|Steve Swindells|Thomas Crimble|Tim Blake,Hawkwind,strict,UK001F,London,12666099.0,True,True,True,1960
680,747P2pvOwW22iRcFS9zQDv,The Toy Dolls,Q728289,135203,105717,Toy Dolls,1979.0,Q3071,punk rock,Punk and new wave,,,Q3307984,Michael Algar,Toy Dolls,strict,UK510F,Sunderland,288606.0,True,True,True,1970
681,2MYN7OKnlCiZ0wrwp2A1ox,Hybrid,Q851798,134319,59042,Hybrid,1996.0,Q817138,electronica,Electronic and dance,Q5282961,Distinct'ive Records,,,Hybrid (British band),excluded_no_defensible_fua,,,,False,True,True,1990
682,22xPtA9BuacbAGzd2Laihm,The Irish Brigade,Q28958305,133806,42959,The Irish Brigade,1980.0,Q1672918,Irish rebel song,Other genres,,,,,,excluded_no_defensible_fua,,,,False,True,True,1980
683,29wYlrKAdlJOf9ayJIIPpJ,Acoustic Alchemy,Q1144027,133679,68974,Acoustic Alchemy,,Q105527|Q2104067|Q831354,jazz fusion|jazz pop|smooth jazz,"Other genres|Pop, soul and R&B",Q2338889,MCA Records,Q1985586|Q5605398|Q6851397,Greg Carmichael|Miles Gilderdale|Nick Webb,Acoustic Alchemy,strict,UK001F,London,12666099.0,True,True,False,
684,4LdZNE5MHGqvc0N9ivXNF3,The Joy Formidable,Q953993,133646,130580,The Joy Formidable,2007.0,Q11366,alternative rock,Rock and indie,Q202440,Atlantic Records,,,The Joy Formidable,strict,UK568F,Cheshire West and Chester,527519.0,True,True,True,2000
685,6mRev5KzKOgQcZjWanwBdd,The Escape Club,Q661797,131312,13509,The Escape Club,1983.0,Q11366,alternative rock,Rock and indie,Q183412,EMI,Q16192948,Trevor Steel,The Escape Club,strict,UK001F,London,12666099.0,True,True,True,1980
686,39afGThIZjTTMH5enuLXYI,The Icicle Works,Q2412078,131181,50086,The Icicle Works,1980.0,Q11366|Q187760,alternative rock|new wave,Punk and new wave|Rock and indie,Q664167|Q7532146,Arista Records|Situation Two,Q5982351,Ian McNabb,The Icicle Works,strict,UK006F,Liverpool,1597536.0,True,True,True,1980
687,1f6TTocyaqNFvwD4xsrDTh,Drumsound & Bassline Smith,Q5309306,130375,68820,Drumsound & Bassline Smith,1998.0,Q188994|Q9778,drum and bass|electronic music,Electronic and dance,,,,,Drumsound & Bassline Smith,excluded_no_defensible_fua,,,,False,True,True,1990
688,4rzWjR3L3M54c6I25NzdM3,Radio Slave,Q111050686,130300,40421,Radio Slave,,,,,,,,,,excluded_no_defensible_fua,,,,False,False,False,
689,4lrBMUSk8PiNnCEZfsmPAk,The Pineapple Thief,Q38502,130128,173374,The Pineapple Thief,,Q49451,progressive rock,Rock and indie,Q4042365,Kscope,,,The Pineapple Thief,excluded_no_defensible_fua,,,,False,True,False,
690,4IeWU3NYBI9mISFVhzXG8f,shame,Q48700714,129743,201828,Shame,2014.0,Q598929,post-punk,Punk and new wave,Q5245342,Dead Oceans,,,Shame (band),strict,UK001F,London,12666099.0,True,True,True,2010
691,4toJT7YydhWcrYNgWJK4hW,Five Star,Q1421891,128764,84034,Five Star,1983.0,Q37073,pop music,"Pop, soul and R&B",Q216364,Epic Records,Q5254512|Q5257736|Q5297971|Q6681672|Q7605598,Delroy Pearson|Denise Pearson|Doris Pearson|Lorraine Pearson|Stedman Pearson,Five Star,strict,UK001F,London,12666099.0,True,True,True,1980
692,3wrtQM9ICPPeHwoc1GWiyV,Teleman,Q25056198,128713,59760,Teleman,2012.0,Q11366,alternative rock,Rock and indie,Q784001,Moshi Moshi Records,,,Teleman,strict,UK001F,London,12666099.0,True,True,True,2010
693,4Rj2COYs5hQsw8rYIxSviz,Hidden Orchestra,Q80611,127742,107943,Hidden Orchestra,,Q8341,jazz,Other genres,Q3541062,Tru Thoughts,Q26794276|Q64993352|Q65556183|Q65556186,Jamie Graham|Joe Acheson|Poppy Ackroyd|Tim Lane,Hidden Orchestra,excluded_no_defensible_fua,,,,False,True,False,
694,07h7JMfYWswTq4qpinC5q4,Altered Images,Q438314,126082,94902,Altered Images,1979.0,Q187760,new wave,Punk and new wave,Q216364,Epic Records,Q1095301|Q6267237,Clare Grogan|Johnny McElhone,Altered Images,strict,UK004F,Glasgow,1895840.0,True,True,True,1970
695,76vZk3TWaVcNiP7H7in9fu,Space,Q7572217,125619,46037,Space,1993.0,Q11366,alternative rock,Rock and indie,Q5621680,Gut Records,Q16201186,Tommy Scott,Space (English band),strict,UK006F,Liverpool,1597536.0,True,True,True,1990
696,38unGip4o3KhMfqHdHWB7K,Chas & Dave,Q1067929,125459,34026,Chas & Dave,1974.0,Q484641,pop rock,"Pop, soul and R&B",Q2996526,Cooking Vinyl,Q37943972|Q37943981,Chas|Dave,Chas & Dave,excluded_no_defensible_fua,,,,False,True,True,1970
697,2vwI9jlKSgJbne3dlTzaLO,Skids,Q547438,123686,54513,Skids,1977.0,Q3071,punk rock,Punk and new wave,,,Q1346192,Stuart Adamson,Skids (band),reviewed_extended,UK007F,Edinburgh,932180.0,True,True,True,1970
698,1jucBaHU995Lf7ViACscFu,Real Lies,Q16735061,122748,23084,Real Lies,2012.0,Q817138,electronica,Electronic and dance,,,,,Real Lies,strict,UK001F,London,12666099.0,True,True,True,2010
699,6UYwzZChuolxsylHcZcBBP,The Boo Radleys,Q1778436,121170,54068,The Boo Radleys,1988.0,Q11366,alternative rock,Rock and indie,Q1139341|Q4677148,Action Records|Creation Records,,,The Boo Radleys,excluded_no_defensible_fua,,,,False,True,True,1980
700,17obwOahRWI121iMUZznh2,Savoy Brown,Q1707816,119814,148308,Savoy Brown,1965.0,Q206159,psychedelic rock,Rock and indie,Q2733913|Q557632,Decca|Deram,Q140690089|Q322303,Kim Simmonds|Ron Berg,Savoy Brown,strict,UK001F,London,12666099.0,True,True,True,1960
701,3Ps27dDfvubd75rh5A0wz9,Honeyz,Q16504388,119707,93205,Honeyz,1997.0,Q850412,contemporary R&B,"Pop, soul and R&B",Q165745,Mercury Records,Q3335203|Q5202467|Q6761801,Célena Cherry|Mariama Goodman|Naima Belkhiati,Honeyz,strict,UK001F,London,12666099.0,True,True,True,1990
702,1QPWAsWIjRcTfvY5uH8dov,Catherine Wheel,Q502291,119190,81520,Catherine Wheel,1990.0,Q11366,alternative rock,Rock and indie,Q1088453|Q183387|Q729590,Chrysalis Records|Columbia Records|Fontana Records,Q3938156,Rob Dickinson,Catherine Wheel (band),strict,UK051F,Great Yarmouth,100529.0,True,True,True,1990
703,0bUGoPJdCrDnuIQNLxsnBb,Marshall Hain,Q455663,117620,3592,Marshall Hain,,,,,,,,,Marshall Hain,excluded_no_defensible_fua,,,,False,False,False,
704,0DSE3n3008wiKzfd8vNhWy,Sweet Sensation,Q2372456,116293,93792,Sweet Sensation,1971.0,Q131272,soul,"Pop, soul and R&B",Q1542119|Q2117397|Q301754,His Master's Voice|Pye Records|United Artists Records,,,Sweet Sensation (band),strict,UK008F,Manchester,3595966.0,True,True,True,1970
705,5UyRaawCsdiVrro0WWgIVB,Rak-Su,Q44590001,115569,190495,Rak-Su,2017.0,Q850412,contemporary R&B,"Pop, soul and R&B",Q7659636,Syco Music,,,Rak-Su,strict,UK001F,London,12666099.0,True,True,True,2010
706,6ZXLmQi3SPQEh8mXNDldRC,The Adventures,Q1473420,115422,17433,The Adventures,1984.0,Q187760,new wave,Punk and new wave,Q1088453,Chrysalis Records,,,The Adventures,excluded_no_defensible_fua,,,,False,True,True,1980
707,2oVmQT6s29pVIKpqJkyxBS,Black Honey,Q55639325,115099,109746,Black Honey,,,,,,,,,Black Honey (band),strict,UK515F,Brighton and Hove,451122.0,True,False,False,
708,1hrQ50kU6hMQBVLatqUqnO,Gentle Giant,Q943241,114925,264530,Gentle Giant,1970.0,Q49451,progressive rock,Rock and indie,Q1088453|Q183387,Chrysalis Records|Columbia Records,Q322423,Martin Smith,Gentle Giant,strict,UK001F,London,12666099.0,True,True,True,1970
709,3BqAAo5E60L15TcFgWI8xH,Felt,Q1404436,114516,63078,Felt,1979.0,Q11366|Q187760,alternative rock|new wave,Punk and new wave|Rock and indie,Q1139341|Q2494570,Cherry Red|Creation Records,Q6504140,Lawrence Hayward,Felt (band),excluded_no_defensible_fua,,,,False,True,True,1970
710,0BzJFLqchxKNQyEwswwQ40,The KVB,Q16679631,113762,96849,The KVB,,Q272167,shoegaze,Rock and indie,,,,,The KVB,excluded_no_defensible_fua,,,,False,True,False,
711,02zGgCB9SiSPeDYMfwPJXK,Godley & Creme,Q1533857,112480,60417,Godley & Creme,1977.0,Q187760,new wave,Punk and new wave,Q165745,Mercury Records,Q1346568|Q1346874,Kevin Godley|Lol Creme,Godley & Creme,strict,UK008F,Manchester,3595966.0,True,True,True,1970
712,4hw4TPMyAzHqNBcWtoDrK5,Richard & Linda Thompson,Q9310340,111216,41315,Richard & Linda Thompson,,,,,,,Q202017,Linda Thompson,,excluded_no_defensible_fua,,,,False,False,False,
713,48CW1rjPSOgZbMsV4LpqoP,Chris Barber's Jazz Band,Q110892335,110937,11455,Chris Barber's Jazz Band,1954.0,,,,,,,,,excluded_no_defensible_fua,,,,False,False,True,1950
714,1Ia5iTYHMBsMQfi7Fbcbuw,The Raven Age,Q24039212,110546,102743,The Raven Age,2009.0,Q20378|Q241662|Q377910|Q4490718|Q83270,alternative metal|groove metal|hard rock|melodic metalcore|post-hardcore,Metal|Punk and new wave|Rock and indie,,,,,The Raven Age,strict,UK001F,London,12666099.0,True,True,True,2000
715,5U16QlMnlSAhkQxBZpLyLO,The Pretty Things,Q1364657,110197,132774,The Pretty Things,1963.0,Q45981,rhythm and blues,"Pop, soul and R&B",Q66717800|Q729590|Q843402,Fontana Records|Fruits de Mer Records|Warner Bros. Records,Q124424999|Q2085683|Q2924975|Q3157190|Q3182309|Q3182509|Q3486305|Q3561388|Q3565562|Q7518773|Q923999|Q976193,Brian Pendleton|Dick Taylor|Jack Green|John Stax|Jon Povey|Phil May|Simon Fox|Skip Alan|Twink|Viv Broughton|Viv Prince|Wally Waller,The Pretty Things,strict,UK001F,London,12666099.0,True,True,True,1960
716,2cUnvdrMWIMACo3fSxCrWW,Mumm-ra,Q1254813,109420,27210,Mumm-Ra,2000.0,Q183504,indie rock,Rock and indie,Q183387,Columbia Records,,,Mumm-Ra (band),strict,UK056F,Hastings,187352.0,True,True,True,2000
717,1BlBZ9jQGOjmj6Zykgg43L,4hero,Q924606,109004,50728,4hero,,Q9778,electronic music,Electronic and dance,,,,,4hero,excluded_no_defensible_fua,,,,False,True,False,
718,6sizjS3o8Ph8LoA8WzpXGY,Collapsed Lung,Q5145935,105834,918,Collapsed Lung,1992.0,Q877693,rap rock,Rock and indie,Q3020993,Deceptive Records,,,Collapsed Lung (band),excluded_no_defensible_fua,,,,False,True,True,1990
719,6lmoqMxughzdlxvQTsUXjF,Ska Cubano,Q3822260,104757,53801,Ska Cubano,2001.0,Q54365,ska,Other genres,,,,,Ska Cubano,strict,UK001F,London,12666099.0,True,True,True,2000
720,5akVqMzdZOdbMYbE4vNZWD,Plaid,Q1072372,103115,122177,Plaid,1991.0,Q660984,intelligent dance music,Electronic and dance,Q543707,Warp,,,Plaid (band),excluded_no_defensible_fua,,,,False,True,True,1990
721,42RbQv212uOjyfIXECLKfR,Budgie,Q508678,102853,94464,Budgie,1967.0,Q1133657|Q83270,hard rock|traditional heavy metal,Metal|Rock and indie,Q304509,MCA Inc.,Q2928498,Burke Shelley,Budgie (band),strict,UK009F,Cardiff,939371.0,True,True,True,1960
722,7t00AYOoiQrcgNlpTkNer6,King Hannah,Q130315360,102030,63768,King Hannah,,Q11366|Q11399|Q842324,alternative rock|indie pop|rock music,"Pop, soul and R&B|Rock and indie",Q319166,City Slang,,,King Hannah,strict,UK006F,Liverpool,1597536.0,True,True,False,
723,2xPxXPgmZFs7x6xRFpHwkq,The Ordinary Boys,Q972093,101724,31701,The Ordinary Boys,2002.0,Q183504,indie rock,Rock and indie,Q38903,Universal Music Group,Q3471209,Preston,The Ordinary Boys,strict,UK045F,Worthing,113866.0,True,True,True,2000
724,6dXTZkBBwA1WOLD6OSuA0x,The Overtones,Q1296293,101723,48910,The Overtones,2010.0,Q546359,doo-wop,Other genres,Q843402,Warner Bros. Records,,,The Overtones,strict,UK001F,London,12666099.0,True,True,True,2010
725,685XjGzGztyivfR3fAjoxo,Squid,Q42886947,101653,179206,Squid,2015.0,Q11366|Q206159|Q320592,Krautrock|alternative rock|psychedelic rock,Rock and indie,,,,,Squid (band),strict,UK515F,Brighton and Hove,451122.0,True,True,True,2010
726,3MOw1ev3YQ8liIGmHT3eH6,The Wurzels,Q335723,101561,29929,The Wurzels,1966.0,Q7439349,Scrumpy and Western,Other genres,Q183387|Q55965015|Q56760250|Q56762278,Columbia Records|EMI|His Master's Voice|Sony Music,Q4682441,Adge Cutler,The Wurzels,excluded_no_defensible_fua,,,,False,True,True,1960
727,3MlBGzJspD6CjrHRYbR4OQ,The Guest List,Q130504078,100343,46371,The Guest List,2021.0,,,,,,,,,excluded_no_defensible_fua,,,,False,False,True,2020
728,3kdrMtLybQIl93rXJlvF3w,New Young Pony Club,Q1217509,99986,63710,New Young Pony Club,2004.0,Q1298934|Q183504|Q187760,indie rock|new wave|synth-pop,Electronic and dance|Punk and new wave|Rock and indie,Q190585,Island Records,,,NYPC,strict,UK001F,London,12666099.0,True,True,True,2000
729,1dwrMJAKBiLlj0O4R791Xo,Evile,Q1382461,99821,131754,Evile,2004.0,Q483352,thrash metal,Metal,Q838544,Earache Records,Q604071,Mike Alexander,Evile,strict,UK003F,Leeds,3070506.0,True,True,True,2000
730,147FGf3bdxV1L0mmVtgaJR,Black Grape,Q2500994,99344,95076,Black Grape,1993.0,Q2187392,alternative dance,Other genres,Q2301434,Radioactive Records,Q338338,Shaun Ryder,Black Grape,strict,UK008F,Manchester,3595966.0,True,True,True,1990
731,0nV7SiEIVtPLTSJ6NwWDGj,Creeper,Q23023097,98969,102884,Creeper,2014.0,Q830325,horror punk,Punk and new wave,,,,,Creeper (band),strict,UK520F,Southampton,713674.0,True,True,True,2010
732,0Uo1d5A6BR1I155GlD9WYo,The Wonder Stuff,Q500101,98365,74322,The Wonder Stuff,1986.0,Q11366,alternative rock,Rock and indie,Q155152,Polydor Records,Q6851420,Miles Hunt,The Wonder Stuff,strict,UK002F,Birmingham,3247941.0,True,True,True,1980
733,2L9iHIK8h5HvZe6VXb0aOI,The Flying Lizards,Q1527282,98078,23736,The Flying Lizards,1978.0,Q187760|Q3071,new wave|punk rock,Punk and new wave,Q203059,Virgin Records,Q1176873|Q976089,David Toop|Steve Beresford,The Flying Lizards,excluded_no_defensible_fua,,,,False,True,True,1970
734,7iMWWdRNiCJwGOGEIYr02z,My Dying Bride,Q498460,98069,210924,My Dying Bride,1990.0,Q186170|Q2089511,death-doom|doom metal,Metal|Other genres,Q1465200,Peaceville Records,Q2594102,Aaron Stainthorpe,My Dying Bride,strict,UK003F,Leeds,3070506.0,True,True,True,1990
735,3oIj2x6uKeZSe9Bprnt4TX,Remember Monday,Q133137918,97605,47560,Remember Monday,2013.0,Q2280497|Q83440,country music|country pop,"Other genres|Pop, soul and R&B",,,Q133187554|Q133187626|Q16236209,Charlotte Steele|Holly Hull|Lauren Byrne,Remember Monday,excluded_no_defensible_fua,,,,False,True,True,2010
736,1wCc2Wgga1H8C7u57pcqYk,Freddie & The Dreamers,Q1452593,97117,102268,Freddie and the Dreamers,1963.0,Q546264,beat music,Rock and indie,Q183387,Columbia Records,Q109852900|Q109905273|Q134893769|Q2307252|Q5576698,Bernie Dwyer|Derek Quinn|Freddie Garrity|Pete Birrell|Roy Crewdson,Freddie and the Dreamers,strict,UK008F,Manchester,3595966.0,True,True,True,1960
737,71IBhhBhtPLZ8OyVuXOw77,Monuments,Q15835576,97034,180599,Monuments,2007.0,Q484344,progressive metal,Metal,Q158867,Century Media Records,,,Monuments (metal band),excluded_no_defensible_fua,,,,False,True,True,2000
738,46VosWAvtZsBl7rvxufsWG,Argent,Q2301367,96722,66357,Argent,1968.0,Q49451,progressive rock,Rock and indie,Q216364,Epic Records,Q1355924|Q16248366|Q1895317|Q2907701|Q3178934|Q6261936,Bob Henrit|Jim Rodford|John Grimaldi|John Verity|Rod Argent|Russ Ballard,Argent (band),strict,UK001F,London,12666099.0,True,True,True,1960
739,0nbaBQTlGxUPLQ07N7onwv,The Rezillos,Q3269,96370,63677,The Rezillos,1976.0,Q3071,punk rock,Punk and new wave,Q124651071|Q165711,Sensible Records|Sire,Q103562124|Q6204172,Eugene Reynolds|Jo Callis,The Rezillos,strict,UK007F,Edinburgh,932180.0,True,True,True,1970
740,1kF0gYnHLUJvFuPdoowO02,Lower Than Atlantis,Q1493713,96324,114550,Lower Than Atlantis,2007.0,Q11366|Q3071,alternative rock|punk rock,Punk and new wave|Rock and indie,,,,,Lower Than Atlantis,strict,UK001F,London,12666099.0,True,True,True,2000
741,4iWOyexPqcvgycdx7mLUcl,Snapped Ankles,Q39054831,96130,52165,Snapped Ankles,,,,,,,,,Snapped Ankles,strict,UK001F,London,12666099.0,True,False,False,
742,215tdyVWdDYOjufDKf6UJg,Warning,Q2549534,96100,39680,Warning,2005.0,Q186170|Q5834708,doom metal|epic doom metal,Metal,,,,,Warning (British band),strict,UK001F,London,12666099.0,True,True,True,2000
743,68wK3u9MnoZj5fFOFNTfwy,Death In June,Q1181285,95529,134609,Death in June,1981.0,Q186472|Q485395|Q775614,folk rock|gothic rock|neofolk,Other genres|Punk and new wave,Q3875228,New European Recordings,,,Death in June,excluded_no_defensible_fua,,,,False,True,True,1980
744,3ghT43Gj41br25PvBCDS22,Stealing Sheep,Q18162543,95519,29907,Stealing Sheep,,Q188450,electropop,"Pop, soul and R&B",Q375229,Heavenly Recordings,,,Stealing Sheep,strict,UK006F,Liverpool,1597536.0,True,True,False,
745,07b9qW7pabKGO29JPWXn9m,Los Bitchos,Q110821923,95326,112931,Los Bitchos,,Q106581470|Q206159|Q723418,cumbia|psychedelic rock|surf rock,Other genres|Rock and indie,,,,,Los Bitchos,excluded_no_defensible_fua,,,,False,True,False,
746,2wBpW4bAGYVe0yJcBeCTyd,２８１４,Q28843403,95312,89132,２８１４,2014.0,,,,Q111568640,Dream Catalogue,Q121816154|Q44640120,David Russo|Telepath,2814,strict,UK001F,London,12666099.0,True,False,True,2010
747,3Nu9hoMBT4SkDcaNvmK4G1,Magnum,Q1754885,94112,78000,Magnum,1972.0,Q83270,hard rock,Rock and indie,Q5009264,CBS Records International,Q1962198|Q6397976,Gary James|Kex Gorin,Magnum (band),strict,UK002F,Birmingham,3247941.0,True,True,True,1970
748,4wWQkHhmUNlXvhbHRUSqZW,The Vaselines,Q1542725,94006,95866,The Vaselines,1986.0,Q11366,alternative rock,Rock and indie,Q778673,Sub Pop,Q5407390,Eugene Kelly,The Vaselines,strict,UK004F,Glasgow,1895840.0,True,True,True,1980
749,59VqwKtnkmMOdYKYRxO5Td,Cook da Books,Q1128539,92697,2321,Cook da Books,1980.0,Q187760,new wave,Punk and new wave,Q203059,Virgin Records,,,Cook da Books,strict,UK006F,Liverpool,1597536.0,True,True,True,1980
750,0d49iRrp4iVZggKbcpxnqI,The Quireboys,Q1243743,92662,63481,The Quireboys,1984.0,Q83270,hard rock,Rock and indie,Q183412,EMI,Q7577180,Spike,The Quireboys,strict,UK001F,London,12666099.0,True,True,True,1980
751,1o7zIbVAgDDHKijLVuLASg,Longpigs,Q4043165,91435,53332,Longpigs,,Q183504,indie rock,Rock and indie,Q6917412,Mother Records,,,Longpigs,strict,UK010F,Sheffield,1217504.0,True,True,False,
752,2TRtXTjjmyzK5oUGec1Gv8,Girlschool,Q1142870,90933,103283,Girlschool,1978.0,Q370515|Q38848,heavy metal music|new wave of British heavy metal,Metal,,,Q268118,Kelly Johnson,Girlschool,strict,UK001F,London,12666099.0,True,True,True,1970
753,4wsg78KGu80m8Xk37PY2uG,U.K. Subs,Q1479074,90759,80069,U.K. Subs,1976.0,Q10922,hardcore punk,Punk and new wave,Q1157099,New Red Archives,Q1066904,Charlie Harper,U.K. Subs,strict,UK001F,London,12666099.0,True,True,True,1970
754,1MMEHyxVfd0Pv4PEHynX9k,Faze Action,Q5439175,90602,10791,Faze Action,,,,,,,,,Faze Action,excluded_no_defensible_fua,,,,False,False,False,
755,2x9iKuuxMHGDm12dmNfOAh,The Chevin,Q2410218,90538,8737,The Chevin,,Q183504,indie rock,Rock and indie,,,Q19668178,Coyle Girelli,The Chevin (band),strict,UK003F,Leeds,3070506.0,True,True,False,
756,1MZ8NERIuOS610KBhr6yna,Tygers Of Pan Tang,Q1753013,89626,77762,Tygers of Pan Tang,1978.0,Q370515|Q38848,heavy metal music|new wave of British heavy metal,Metal,Q1973164,Neat Records,,,Tygers of Pan Tang,strict,UK013F,Newcastle,1221203.0,True,True,True,1970
757,6lONz9iABy1tb7Nl9FAOZG,Jo Boxers,Q14158638,89557,5236,JoBoxers,1982.0,Q187760,new wave,Punk and new wave,Q202585,RCA Records,,,JoBoxers,excluded_no_defensible_fua,,,,False,True,True,1980
758,4YrURxtCHtPBfNDmMNp7IG,Cruel Youth,Q26905034,89434,148564,Cruel Youth,,,,,,,,,Cruel Youth,excluded_no_defensible_fua,,,,False,False,False,
759,0Z5FMozvx15nUSUA6a9kkU,The Comet Is Coming,Q21585350,89284,188120,The Comet Is Coming,2013.0,Q1136331|Q236913|Q325504|Q835891,electronic rock|funk rock|nu jazz|space rock,"Electronic and dance|Other genres|Pop, soul and R&B|Rock and indie",,,,,The Comet Is Coming,excluded_no_defensible_fua,,,,False,True,True,2010
760,1xdB9gS1NrKEYgZUEfoqIw,Idlewild,Q784088,89257,72943,Idlewild,1995.0,Q11366,alternative rock,Rock and indie,Q208909|Q2996526,Cooking Vinyl|Parlophone,Q4730987,Allan Stewart,Idlewild (band),strict,UK007F,Edinburgh,932180.0,True,True,True,1990
761,3pvRbmrqOyFxB2Eext4Dki,Sons Of Kemet,Q17019747,88881,163892,Sons of Kemet,2011.0,Q8341,jazz,Other genres,,,,,Sons of Kemet,strict,UK001F,London,12666099.0,True,True,True,2010
762,1NCLweIUpq8knzemBwAwoo,KOAN Sound,Q6334752,88384,121601,KOAN Sound,2008.0,Q188994|Q20474|Q3108920,drum and bass|dubstep|glitch hop,Electronic and dance|Other genres,Q108645806|Q21090,Inspected|OWSLA,,,KOAN Sound,strict,UK011F,Bristol,1025309.0,True,True,True,2000
763,5TUa95aB5Vu2CzwCnZd6t0,TTNG,Q3990545,88106,131854,This Town Needs Guns,2004.0,Q11366,alternative rock,Rock and indie,Q4906298,Big Scary Monsters Recording Company,,,TTNG,strict,UK560F,Oxford,606748.0,True,True,True,2000
764,696uMzB97pg2uqfzmK3MvO,The Slow Show,Q27058585,87963,43986,The Slow Show,2010.0,,,,Q130497261|Q15819048,Haldern Pop Recordings|PIAS Recordings,,,The Slow Show,strict,UK008F,Manchester,3595966.0,True,False,True,2010
765,4AAf6BI1IJxvkqv98mDHin,Bad Company UK,Q1982683,87765,39243,Bad Company,1998.0,Q188994,drum and bass,Electronic and dance,Q4048005|Q7935297,RAM Records|Virus Recordings,Q5204449,DBridge,Bad Company (drum and bass group),excluded_no_defensible_fua,,,,False,True,True,1990
766,1nlqYzoK1LAlS8MmnUhfEs,All Angels,Q2577167,87528,25936,All Angels,2006.0,Q504635,crossover,Other genres,,,Q16233665|Q33102867|Q5086117,Charlotte Ritchie|Laura Wright|Rachel Fabri,All Angels,excluded_no_defensible_fua,,,,False,True,True,2000
767,7ubhUvkY7FB68rfzz7DmW4,Florence Black,Q139620902,87365,33670,Florence Black,2013.0,Q11366|Q20378|Q83270,alternative metal|alternative rock|hard rock,Metal|Rock and indie,,,,,,excluded_no_defensible_fua,,,,False,True,True,2010
768,2XddLUPFBmTonCFy8uB3uc,Swim Deep,Q15052678,86770,86828,Swim Deep,2011.0,,,,,,,,Swim Deep,strict,UK002F,Birmingham,3247941.0,True,False,True,2010
769,478peoEkoKPsTgRiVzkvPl,Glasvegas,Q740692,86543,64525,Glasvegas,2003.0,Q183504,indie rock,Rock and indie,Q183387|Q796316,BMG Rights Management|Columbia Records,Q5546793,James Allan,Glasvegas,strict,UK004F,Glasgow,1895840.0,True,True,True,2000
770,1dip2dCkBIylIFyDfZQfFu,Gun,Q462960,85826,42357,Gun,1987.0,Q11399|Q484641|Q83270,hard rock|pop rock|rock music,"Pop, soul and R&B|Rock and indie",Q277626,A&M Records,Q16734970,Mark Rankin,Gun (band),strict,UK004F,Glasgow,1895840.0,True,True,True,1980
771,3xrzXKnScjOEoy172vsJMW,Blackfield,Q880812,85702,150969,Blackfield,2001.0,Q11366|Q217467|Q49451,alternative rock|art rock|progressive rock,Rock and indie,Q202440,Atlantic Records,Q352766|Q361888|Q733103,Aviv Geffen|Gavin Harrison|Steven Wilson,Blackfield,excluded_no_defensible_fua,,,,False,True,True,2000
772,6S3Z6Me30mtdm526H17v8k,Jockstrap,Q96384484,85520,114087,Jockstrap,2018.0,,,,,,,,Jockstrap (band),strict,UK001F,London,12666099.0,True,False,True,2010
773,2LrQtNcBWufq2AjaM6swf7,The Rumble Strips,Q7761824,85506,17312,The Rumble Strips,2004.0,Q842324,indie pop,"Pop, soul and R&B",Q190585|Q4732512,Allido Records|Island Records,,,The Rumble Strips,strict,UK516F,Plymouth,423138.0,True,True,True,2000
774,4gVommn6B9vUqdsfSwVaiv,Booze & Glory,Q17300304,85412,80939,Booze & Glory,,Q274401,oi!,Punk and new wave,,,,,Booze & Glory,excluded_no_defensible_fua,,,,False,True,False,
775,40ttEBZPhAHbXH6aUg4GkL,Magnetic Man,Q1884353,83637,58622,Magnetic Man,2007.0,Q20474,dubstep,Other genres,Q183387,Columbia Records,Q734062,Skream,Magnetic Man,strict,UK001F,London,12666099.0,True,True,True,2000
776,1AzrlUnOS6dhH0iMV86ctS,Oi Va Voi,Q1747594,83446,64804,Oi Va Voi,2000.0,Q11366|Q212944|Q2271589,Sephardic music|alternative rock|klezmer,Other genres|Rock and indie,Q1191537,V2 Records,,,Oi Va Voi,strict,UK001F,London,12666099.0,True,True,True,2000
777,3hsO9B2FiSAfdBddcNKZEV,Tenpole Tudor,Q649666,83020,22883,Tenpole Tudor,1977.0,Q3071,punk rock,Punk and new wave,Q1750746,Stiff Records,Q3048711,Edward Tudor-Pole,Tenpole Tudor,excluded_no_defensible_fua,,,,False,True,True,1970
778,4v4qHupYi7eRJfkniHrp4Z,Young Guns,Q43843,82953,92090,Young Guns,2009.0,Q11366,alternative rock,Rock and indie,,,,,Young Guns (band),excluded_no_defensible_fua,,,,False,True,True,2000
779,4qNZw759AdHSMugyDMrIlF,Let's Eat Grandma,Q24901294,81221,113814,Let's Eat Grandma,2013.0,Q25094591|Q25094849|Q383982,art pop|experimental pop|psychedelic pop,"Pop, soul and R&B",Q4051704,Transgressive Records,Q114510811|Q114510813,Jenny Hollingworth|Rosa Walton,Let's Eat Grandma,strict,UK566F,Norwich,433787.0,True,True,True,2010
780,0U04xAocTetRnA7v3TYQ2i,Babe Ruth,Q797616,80353,26531,,1971.0,Q49451,progressive rock,Rock and indie,Q1324712,Harvest,,,Babe Ruth (band),strict,UK001F,London,12666099.0,True,True,True,1970
781,7xytG2E40s4GeukvZCGqGP,Massive Wagons,Q59661769,80248,29902,Massive Wagons,,Q56351111|Q83270,classic rock|hard rock,Rock and indie,Q838544,Earache Records,,,Massive Wagons,excluded_no_defensible_fua,,,,False,True,False,
782,6DVVsQAnpHdJjb1nYuOQ6g,65daysofstatic,Q254285,79997,147863,65daysofstatic,2001.0,Q1132152|Q1641839|Q209137|Q9778,electronic music|experimental rock|math rock|post-rock,Electronic and dance|Rock and indie,,,,,65daysofstatic,strict,UK010F,Sheffield,1217504.0,True,True,True,2000
783,6g8Jqb5JMfv92eB2r0awTN,Arab Strap,Q2632762,79984,87017,Arab Strap,1995.0,Q183504,indie rock,Rock and indie,Q2371991|Q3939671,Chemikal Underground|Rock Action Records,Q3504868|Q403889,Aidan Moffat|Malcolm Middleton,Arab Strap,strict,UK551F,Falkirk,160020.0,True,True,True,1990
784,5kH36nIamlV0iSe6ESDWvb,Slowly Rolling Camera,Q25080052,79752,30422,Slowly Rolling Camera,,Q205560|Q8341,jazz|trip hop,Electronic and dance|Other genres,,,Q25985720|Q63247793|Q63247813|Q63247829,Dave Stapleton|Deri Roberts|Dionne Bennett|Elliot Bennett,Slowly Rolling Camera,excluded_no_defensible_fua,,,,False,True,False,
785,7bHTSvk96ULRLZPZr1SoCZ,Mallory Knox,Q15044899,79587,81280,Mallory Knox,2009.0,Q11366,alternative rock,Rock and indie,,,,,Mallory Knox,strict,UK017F,Cambridge,414802.0,True,True,True,2000
786,6WVnBgqJfj9Iw9gpBed9fJ,Alien Sex Fiend,Q1541561,79219,163266,Alien Sex Fiend,1982.0,Q3071|Q485395,gothic rock|punk rock,Punk and new wave,Q5459098,Flicknife Records,,,Alien Sex Fiend,strict,UK001F,London,12666099.0,True,True,True,1980
787,0IzJYdxaNLwrC7diSCu0iY,Geordie,Q499366,79034,31989,Geordie,1972.0,Q7749,rock and roll,Rock and indie,Q2137237,Regal Zonophone,Q295948,Brian Johnson,Geordie (band),strict,UK013F,Newcastle,1221203.0,True,True,True,1970
788,0f2HTJx4jowMoiHBH4GzdU,Brothers In Rhythm,Q2053844,78778,8893,Brothers in Rhythm,,,,,,,,,Brothers in Rhythm,excluded_no_defensible_fua,,,,False,False,False,
789,1Yc03TvBp08WN2oHVuvewX,Destructive Tendencies,Q56309814,77543,21596,Destructive Tendencies,,,,,,,,,,excluded_no_defensible_fua,,,,False,False,False,
790,5SRhOM75OnwuXH8BmCxD5a,Discharge,Q1228418,77256,153668,Discharge,1977.0,Q10922,hardcore punk,Punk and new wave,Q1347984,Sanctuary Records,,,Discharge (band),strict,UK027F,Stoke-on-Trent,494803.0,True,True,True,1970
791,4J6CnIqPEtWYn3la2YYj2c,Ibibio Sound Machine,Q39016670,77200,63292,Ibibio Sound Machine,,,,,Q1921640,Merge Records,,,Ibibio Sound Machine,excluded_no_defensible_fua,,,,False,False,False,
792,1U8nnmbuPk1EpoO7MVgIeT,GLXY,Q57298698,77107,26211,GLXY,,,,,,,,,,excluded_no_defensible_fua,,,,False,False,False,
793,2M0T4a1pkOC5nifN9W6e9e,LFO,Q1798055,76989,57583,LFO,1988.0,Q170611|Q817138,electronica|techno,Electronic and dance,Q1644016|Q543707,Tommy Boy Records|Warp,Q2271386|Q5569354,Gez Varley|Mark Bell,LFO (British band),strict,UK003F,Leeds,3070506.0,True,True,True,1980
794,3CI0BdDDxe6D21RmqTB5fn,Fightstar,Q1357682,76830,84003,Fightstar,2003.0,Q11366,alternative rock,Rock and indie,Q190585|Q1973834,Island Records|Play It Again Sam,Q470996,Charlie Simpson,Fightstar,strict,UK001F,London,12666099.0,True,True,True,2000
795,4Xxkt0tSJr1uNxGDZcJLRc,VANT,Q23057717,76495,51789,VANT,2014.0,Q3071,punk rock,Punk and new wave,Q208909,Parlophone,,,Vant (band),excluded_no_defensible_fua,,,,False,True,True,2010
796,6XiSck3QPuXk7ho6zlDz3P,The Bees,Q3519919,76473,43938,The Bees,2001.0,Q183504|Q206159,indie rock|psychedelic rock,Rock and indie,Q1200368|Q203059,Astralwerks|Virgin Records,,,The Bees (English band),excluded_no_defensible_fua,,,,False,True,True,2000
797,7823Dim2TzjiQQ9wRQxyi9,Wizzard,Q426015,75390,54270,Wizzard,1972.0,Q76092,glam rock,Rock and indie,Q183412|Q3177785|Q843402,EMI|Jet Records|Warner Bros. Records,Q918484,Roy Wood,Wizzard,strict,UK002F,Birmingham,3247941.0,True,True,True,1970
798,6D3PbIyyqH2NaqPZSE6X5N,Acrania,Q18702196,75245,88105,Acrania,,Q483251,death metal,Metal,,,,,,excluded_no_defensible_fua,,,,False,True,False,
799,1iNGtKXGyniqwVhXfbKpk8,Re-Flex,Q387754,75009,9830,Re-Flex,1981.0,Q187760,new wave,Punk and new wave,Q193023|Q55965015,Capitol Records|EMI,Q104179376|Q713198|Q7181933,Mark King|Paul Fishman|Phil Gould,Re-Flex,excluded_no_defensible_fua,,,,False,True,True,1980
800,14IKysoZ0qyGRsIiTk1Ase,999,Q277297,74540,57492,999,1977.0,Q3071,punk rock,Punk and new wave,Q1542119,United Artists Records,,,999 (band),strict,UK001F,London,12666099.0,True,True,True,1970
801,6pM5NZalHT5nD9vDEz2Ukx,Curse of Lono,Q64604786,74421,8834,Curse of Lono,,,,,,,,,Curse of Lono,excluded_no_defensible_fua,,,,False,False,False,
802,7EnAgffrVyerTWH628TJ6f,Nitzer Ebb,Q580943,73454,106978,Nitzer Ebb,1982.0,Q170611|Q372103,electronic body music|techno,Electronic and dance,Q240804,Mute Records,,,Nitzer Ebb,strict,UK001F,London,12666099.0,True,True,True,1980
803,3m8KqUjgKDwmJ9L9uBHMMs,Fields Of The Nephilim,Q378948,73403,150339,Fields of the Nephilim,1984.0,Q485395,gothic rock,Punk and new wave,Q126039|Q183412|Q6312892|Q694052|Q7532146,Beggars Banquet Records|EMI|Jungle Records|SPV GmbH|Situation Two,Q2145719,Carl McCoy,Fields of the Nephilim,strict,UK021F,Stevenage,91774.0,True,True,True,1980
804,0q74f5UdR3j14Lis4AKKxq,ROAM,Q22080536,73324,61923,Roam,2012.0,,,,Q942820,Hopeless Records,,,Roam (band),excluded_no_defensible_fua,,,,False,False,True,2010
805,34nBPbcVc9F9eizQC4a5aT,Spector,Q7575150,73172,52673,Spector,2011.0,Q183504,indie rock,Rock and indie,Q2481499,Fiction Records,,,Spector (band),strict,UK001F,London,12666099.0,True,True,True,2010
806,4TvQ6wnXv3aDNv29JH6App,Red Box,Q2135903,72793,8971,Red Box,1983.0,Q187760|Q217467,art rock|new wave,Punk and new wave|Rock and indie,Q843402,Warner Bros. Records,Q7519910,Simon Toulson-Clarke,Red Box (band),strict,UK001F,London,12666099.0,True,True,True,1980
807,7aUVQRiWaOqZU0JwOlGfWi,Chicken Shack,Q968313,72185,49482,Chicken Shack,1965.0,Q9759,blues,Other genres,Q2733913|Q885732,Blue Horizon|Deram,,,Chicken Shack,excluded_no_defensible_fua,,,,False,True,True,1960
808,0lqPfG8vAR30UX3cWDbCEn,Friedberg,Q131406896,71589,18259,,,,,,,,,,,excluded_no_defensible_fua,,,,False,False,False,
809,1khU7sW2d95qMTDnyDfzBT,Talisk,Q60754147,71444,53905,Talisk,2014.0,Q17018487|Q854451,Celtic music|Scottish folk music,Other genres,,,,,Talisk,excluded_no_defensible_fua,,,,False,True,True,2010
810,6Mz4vAfXG0tJgUcOQL6zy5,Fast Food Rockers,Q5436929,71392,14803,Fast Food Rockers,2003.0,Q1151663|Q37073|Q997481,bubblegum music|novelty music|pop music,"Other genres|Pop, soul and R&B",,,,,Fast Food Rockers,excluded_no_defensible_fua,,,,False,True,True,2000
811,64qK94JPWEI7HovDpzLBej,Let Loose,Q6532821,71261,12222,Let Loose,1993.0,Q37073,pop music,"Pop, soul and R&B",Q165745,Mercury Records,,,Let Loose,excluded_no_defensible_fua,,,,False,True,True,1990
812,0n2Uel3CvQrmMsYLEfpO3s,Nektar,Q1748178,70557,73112,Nektar,1969.0,Q49451,progressive rock,Rock and indie,Q1542119,United Artists Records,Q67376152|Q67376796|Q67377363|Q67377908,Allan Freeman|Derek Moore|Ron Howden|Roye Albrighton,Nektar,excluded_non_uk,,,,False,True,True,1960
813,6GUoU3k0b3qF1T06UvyAhk,Lund Quartet,Q106906676,70363,18542,Lund Quartet,,Q8341,jazz,Other genres,,,,,,excluded_no_defensible_fua,,,,False,True,False,
814,5fLbJGzlYux3GBwTifMMvR,Nine Black Alps,Q1141817,69153,20771,Nine Black Alps,2003.0,Q11366|Q183504,alternative rock|indie rock,Rock and indie,Q190585,Island Records,,,Nine Black Alps,strict,UK008F,Manchester,3595966.0,True,True,True,2000
815,2qe52cWdi4IRtgg14CLInb,Delta 5,Q5254556,68871,43118,Delta 5,1979.0,Q3071,punk rock,Punk and new wave,Q385558,Rough Trade,,,Delta 5,strict,UK003F,Leeds,3070506.0,True,True,True,1970
816,3HBxYEtI2i43MzWyTXupVv,A,Q300307,68849,22067,A,1995.0,Q11366|Q183504,alternative rock|indie rock,Rock and indie,Q843402,Warner Bros. Records,Q4679599|Q6163251,Adam Perry|Jason Perry,A (band),excluded_no_defensible_fua,,,,False,True,True,1990
817,5Rsu72e1qrjIUtxH6Zmy9K,Gene,Q3100438,68357,46149,Gene,1993.0,Q183504,indie rock,Rock and indie,Q155152,Polydor Records,Q6776485,Martin Rossiter,Gene (band),strict,UK001F,London,12666099.0,True,True,True,1990
818,52pNByiBWx6SVMMqqcCA74,The Magic Gang,Q123560878,68131,82851,The Magic Gang,2013.0,,,,,,,,The Magic Gang,strict,UK515F,Brighton and Hove,451122.0,True,False,True,2010
819,6fD5uxjcSC0aF0FO61e5id,Death Of Guitar Pop,Q136309656,68122,16112,Death of Guitar Pop,,,,,,,,,Death of Guitar Pop,excluded_no_defensible_fua,,,,False,False,False,
820,5JEhWD9S2znCiQRiGj2OUk,Lords Of The New Church,Q1269551,67975,65749,The Lords of the New Church,1982.0,Q187760|Q3071|Q485395,gothic rock|new wave|punk rock,Punk and new wave,Q2265719,I.R.S. Records,,,The Lords of the New Church,excluded_no_defensible_fua,,,,False,True,True,1980
821,7zUgfhtNGSNLMl2ydFse4S,B-Movie,Q795108,67864,18419,B-Movie,,Q1298934,synth-pop,Electronic and dance,Q2733913|Q3489789,Deram|Some Bizzare,,,B-Movie (band),strict,UK046F,Mansfield,113138.0,True,True,False,
822,7eD005d7pGOEYD3eWVRecb,Fastway,Q1397838,67660,41478,Fastway,1983.0,Q83270,hard rock,Rock and indie,Q330629,Sony Music,Q980220,Eddie Clarke,Fastway (band),excluded_no_defensible_fua,,,,False,True,True,1980
823,1UzKSuyOqKgUupcNNEtnF1,Stornoway,Q956521,67498,54281,Stornoway,2006.0,Q1317816,indie folk,Other genres,Q238095|Q2996526,4AD|Cooking Vinyl,,,Stornoway (band),strict,UK560F,Oxford,606748.0,True,True,True,2000
824,5ztBFCBEL7OtjdAt98RnD4,Fat White Family,Q22312871,66984,101328,Fat White Family,2011.0,Q598929,post-punk,Punk and new wave,Q1397914,Fat Possum Records,,,Fat White Family,strict,UK001F,London,12666099.0,True,True,True,2010
825,4OrrjMGltjy6ojX6034f8u,Steeleye Span,Q1413921,66623,64810,Steeleye Span,1969.0,Q1500364|Q186472,folk rock|psychedelic folk,Other genres,Q1088453|Q7137957,Chrysalis Records|Park Records,,,Steeleye Span,strict,UK001F,London,12666099.0,True,True,True,1960
826,3wChfsJPsUnjVHXc79wRN1,Shampoo,Q1352141,66590,18368,Shampoo,,Q484641,pop rock,"Pop, soul and R&B",Q5465369,Food Records,,,Shampoo (duo),strict,UK001F,London,12666099.0,True,True,False,
827,7icDkrFloDss50hoqQ3Kkj,Clinic,Q1993229,66575,54069,Clinic,1997.0,Q3071,punk rock,Punk and new wave,Q1238400|Q3416359,Domino Recording Company|Radar Records,,,Clinic (band),excluded_no_defensible_fua,,,,False,True,True,1990
828,4YXRO4slasYnty9nb73LrO,Monarchy,Q6898056,66523,28175,Monarchy,2009.0,Q1298934,synth-pop,Electronic and dance,Q3338199,Neon Gold Records,,,Monarchy (band),strict,UK001F,London,12666099.0,True,True,True,2000
829,4trP4C2bZ0TqMUxw0tLRAZ,Coach Party,Q111839829,65798,23297,Coach Party,,,,,,,,,Coach Party,excluded_no_defensible_fua,,,,False,False,False,
830,5dEFm1RwaTSXpQSpzpYKF2,Blazin' Squad,Q444431,65260,28124,Blazin' Squad,2002.0,Q11401,hip-hop,Other genres,Q2576206,East West Records,Q6392976,Kenzie,Blazin' Squad,strict,UK001F,London,12666099.0,True,True,True,2000
831,5MHQO0sz5J0VX7jjuL2dUg,Liverpool Express,Q6658445,65090,9057,Liverpool Express,1975.0,Q11399,rock music,Rock and indie,Q843402,Warner Bros. Records,Q4912854,Billy Kinsley,Liverpool Express,excluded_no_defensible_fua,,,,False,True,True,1970
832,20X39VOcF5zEpkOx6WrXlY,Total Science,Q2012126,64875,32379,Total Science,,,,,,,Q137362163|Q3505667,Q Project|Spinback,Total Science,excluded_no_defensible_fua,,,,False,False,False,
833,0BV7lpkyFTbzzML7DuUnpZ,McAlmont & Butler,Q6136420,64384,23609,McAlmont and Butler,,Q11399,rock music,Rock and indie,Q183412,EMI,Q520062,Bernard Butler,McAlmont & Butler,excluded_no_defensible_fua,,,,False,True,False,
834,40jiZfvsiAi1aIarh5Z3d3,TNGHT,Q7670867,63726,43060,TNGHT,,Q9778,electronic music,Electronic and dance,Q543707,Warp,Q5928796,Hudson Mohawke,TNGHT,excluded_no_defensible_fua,,,,False,True,False,
835,4EfSXeVFbCEYIde3E9k4wr,Cockney Rejects,Q973104,63708,81884,Cockney Rejects,1979.0,Q274401|Q3071,oi!|punk rock,Punk and new wave,Q183412,EMI,,,Cockney Rejects,strict,UK001F,London,12666099.0,True,True,True,1970
836,7a2sloQlmdKSmj3fwMMpg9,The Meteors,Q2412878,63611,84863,The Meteors,1980.0,Q13627677,psychobilly,Other genres,Q190585,Island Records,,,The Meteors,excluded_no_defensible_fua,,,,False,True,True,1980
837,5aBEGOeWQCJfptic9xyaAb,Tones On Tail,Q2654513,63031,80787,Tones on Tail,1982.0,Q485395|Q598929,gothic rock|post-punk,Punk and new wave,Q126039|Q238095,4AD|Beggars Banquet Records,Q3013690,Daniel Ash,Tones on Tail,strict,UK528F,Northampton,439811.0,True,True,True,1980
838,3oi0s3WIuxBU5oh87n7za2,Psychic TV,Q2115954,62944,88107,Psychic TV,1982.0,Q170611,techno,Electronic and dance,Q3489789,Some Bizzare,,,Psychic TV,strict,UK001F,London,12666099.0,True,True,True,1980
839,1eSFjbv86usit5ZF5ywtLf,808INK,Q127505000,62895,23996,808INK,,Q11401,hip-hop,Other genres,,,,,,excluded_no_defensible_fua,,,,False,True,False,
840,0xBhUB0EfzvchYnaIWkdBw,Ward Thomas,Q19604613,62236,47170,Ward Thomas,,Q83440,country music,Other genres,,,,,Ward Thomas (band),excluded_no_defensible_fua,,,,False,True,False,
841,70e4IgnWAQfPPxKnD9jXDr,Eddie & The Hot Rods,Q1282674,61901,41923,Eddie and the Hot Rods,,Q187760|Q3071,new wave|punk rock,Punk and new wave,Q190585,Island Records,,,Eddie and the Hot Rods,excluded_no_defensible_fua,,,,False,True,False,
842,3nutnJ57QnbWEdCWn2EyWo,Orange Goblin,Q1671193,61406,153342,Orange Goblin,1995.0,Q1772422|Q38848,heavy metal music|stoner metal,Metal,Q549624,Rise Above Records,,,Orange Goblin,strict,UK001F,London,12666099.0,True,True,True,1990
843,55wOEGTc3QKwBJ9gntcOxT,Pentangle,Q1427551,61364,69361,Pentangle,1968.0,Q106298881|Q186472|Q8341,contemporary folk music|folk rock|jazz,Other genres,Q12339705|Q645889|Q843402,Reprise Records|Transatlantic Records|Warner Bros. Records,,,Pentangle (band),strict,UK001F,London,12666099.0,True,True,True,1960
844,6l3BRLCpzfC8yxqf9thWAg,Yuck,Q2683245,61077,103291,Yuck,2009.0,Q183504,indie rock,Rock and indie,Q1397914|Q165745,Fat Possum Records|Mercury Records,,,Yuck (band),strict,UK001F,London,12666099.0,True,True,True,2000
845,2BLpGstUHxDc6vHfBEiaXm,The Move,Q1133828,60997,76938,The Move,1965.0,Q206159,psychedelic rock,Rock and indie,Q111031086|Q2733913|Q5463202,Deram|Fly Records|IL,Q918484,Roy Wood,The Move,strict,UK002F,Birmingham,3247941.0,True,True,True,1960
846,37KB5e6cGsN1AQAB9Omm1U,Coil,Q1107195,60925,118774,Coil,1982.0,Q1640319,experimental music,Other genres,Q3489789|Q5068751|Q5398030|Q684875,Chalice|Eskaton|Some Bizzare|Threshold House,Q117761|Q1345782|Q1409902|Q5220469|Q5307230|Q648341|Q7107456,Danny Hyde|Drew McDowall|John Balance|Ossian Brown|Peter Christopherson|Stephen Thrower|Thighpaulsandra,Coil (band),strict,UK001F,London,12666099.0,True,True,True,1980
847,4NZM5xKuDpGc4vEHDwGO1Q,DJ Food,Q3011302,60881,53172,DJ Food,,Q817138,electronica,Electronic and dance,Q1358555,Ninja Tune,,,DJ Food,strict,UK001F,London,12666099.0,True,True,False,
848,5RFBPz01PqvSQ1QhEgaxOp,Carter The Unstoppable Sex Machine,Q251289,60865,51170,Carter the Unstoppable Sex Machine,1988.0,Q11366|Q183504,alternative rock|indie rock,Rock and indie,Q385558,Rough Trade,Q6193701,Jim Bob,Carter the Unstoppable Sex Machine,strict,UK001F,London,12666099.0,True,True,True,1980
849,5YE3Wwk5wqQmFXM5qyaM6u,Spooky Tooth,Q1455057,60855,90633,Spooky Tooth,1967.0,Q83270,hard rock,Rock and indie,Q190585|Q277626|Q5086379,A&M Records|Charly Records|Island Records,Q1544975|Q1581205|Q1887085|Q290719|Q3084069|Q4707822|Q4981164|Q635406|Q6847148|Q6848339|Q956208,Alan Spenner|Chris Stainton|Gary Wright|Greg Ridley|Henry McCullough|John Hawken|Luther Grosvenor|Mick Jones|Mike Harrison|Mike Patto,Spooky Tooth,excluded_missing_population,,,,False,True,True,1960
850,7vrrJ5YlL3I8XUrh1ktGJV,Anaal Nathrakh,Q483140,60506,127543,Anaal Nathrakh,1999.0,Q132438,black metal,Metal,Q118686717|Q1548644|Q3736804|Q838544|Q852900,Back on Black Records|Candlelight Records|Earache Records|FETO Records|Season of Mist,,,Anaal Nathrakh,strict,UK002F,Birmingham,3247941.0,True,True,True,1990
851,5A0MH7JfEBEMySevsmauds,Soft Machine,Q729505,59575,157739,Soft Machine,1966.0,Q206159|Q49451|Q727803|Q944465,Canterbury scene|jazz rock|progressive rock|psychedelic rock,Other genres|Rock and indie,Q183387|Q287177,ABC Records|Columbia Records,Q1386182|Q201423|Q280077|Q312693|Q443007|Q599337|Q709602|Q711107,Daevid Allen|John Etheridge|John Marshall|Kevin Ayers|Mike Ratledge|Robert Wyatt|Roy Babbington|Theo Travis,Soft Machine,excluded_no_defensible_fua,,,,False,True,True,1960
852,6EkvDqOOEX08BotcQppKoD,Wolf Gang,Q1332142,59456,60865,Wolf Gang,,Q183504,indie rock,Rock and indie,Q3338199,Neon Gold Records,,,Wolf Gang,strict,UK001F,London,12666099.0,True,True,False,
853,4t7bXPFEPe0pu1ozhdDLOp,The Raincoats,Q2581513,59262,110415,The Raincoats,1977.0,Q3071,punk rock,Punk and new wave,Q2311775|Q2906225|Q385558,Blast First|DGC Records|Rough Trade,Q16146329|Q5562842|Q7128419|Q7325290|Q7498811|Q97460050,Ana da Silva|Gina Birch|Palmolive|Richard Dudanski|Shirley O'Loughlin|Vicky Aspinall,The Raincoats,excluded_no_defensible_fua,,,,False,True,True,1970
854,7AvR99Z6y7N5BWF7VdY3bo,Dollar,Q5289199,59067,24921,Dollar,1978.0,,,,Q2295655,Carrère,Q7782977,Thereza Bazar,Dollar (group),excluded_no_defensible_fua,,,,False,False,True,1970
855,3FIsBWNLmqLvTQnhJLAWUJ,Ex:Re,Q60618120,58725,96459,Ex:Re,,,,,,,Q60713104,Elena Tonra,Ex:Re,excluded_no_defensible_fua,,,,False,False,False,
856,0AJUYWKztkg5dnrHDIBv47,MiC LOWRY,Q28961287,58089,51320,Mic Lowry,2011.0,,,,,,,,Mic Lowry,excluded_no_defensible_fua,,,,False,False,True,2010
857,4D5VLxuFvZ058Z5S8YmE47,DC Breaks,Q5204582,57873,47001,DC Breaks,2005.0,Q188994,drum and bass,Electronic and dance,Q4048005,RAM Records,,,DC Breaks,excluded_no_defensible_fua,,,,False,True,True,2000
858,0LpwbxbT8dPiqUnul4ngzu,Gallows,Q1492599,56900,78412,Gallows,2005.0,Q10922,hardcore punk,Punk and new wave,Q100744910|Q780097,Holy Roar Records|Venn Records,Q100981428|Q9263248,Frank Carter|Laurent Barnard,Gallows (band),strict,UK001F,London,12666099.0,True,True,True,2000
859,7tI1ZOOgocYZT2O5M8iBz8,Demon,Q1186426,56564,32960,Demon,1979.0,Q38848,heavy metal music,Metal,Q5129967,Clay Records,Q55930385,Mal Spooner,Demon (band),strict,UK027F,Stoke-on-Trent,494803.0,True,True,True,1970
860,0OE30pXmzCwTxhoAFtCs8u,Die So Fluid,Q1216293,56461,35260,Die So Fluid,,Q20378,alternative metal,Metal,,,,,Die So Fluid,excluded_no_defensible_fua,,,,False,True,False,
861,1Lx9Dy5gi2OLlJBBs7GYO7,Benediction,Q250319,56352,106195,Benediction,1988.0,Q483251,death metal,Metal,Q158886,Nuclear Blast,,,Benediction (band),strict,UK002F,Birmingham,3247941.0,True,True,True,1980
862,2k4duorvZ5lTq33ljpT0sc,Antimatter,Q577837,56130,97021,Antimatter,1998.0,Q485395,gothic rock,Punk and new wave,Q317774,Prophecy Productions,Q2666217|Q6838351,Duncan Patterson|Mick Moss,Antimatter (band),strict,UK006F,Liverpool,1597536.0,True,True,True,1990
863,5dUIQXIt7WeBKpETFZyTFW,Jack Beats,Q7205605,56114,33729,Jack Beats,2007.0,Q20474,dubstep,Other genres,,,,,Jack Beats,strict,UK001F,London,12666099.0,True,True,True,2000
864,1UYhxPY1oqFUg1HfF8nV3k,Throbbing Gristle,Q1165655,56065,131943,Throbbing Gristle,1975.0,Q487965,industrial music,Electronic and dance,Q682784,Industrial Records,,,Throbbing Gristle,strict,UK026F,Hull,631285.0,True,True,True,1970
865,5A4ebXQf38xWIq0xSWLhsS,Godflesh,Q1533787,55777,105031,Godflesh,1988.0,Q208494|Q720959,industrial metal|sludge metal,Metal,Q15517759|Q838544,Avalanche Recordings|Earache Records,Q1387901|Q17775701|Q3517043|Q562892|Q7152702|Q7345222,Bryan Mantia|G. C. Green|Justin Broadrick|Paul Neville|Robert Hampson|Ted Parsons,Godflesh,strict,UK002F,Birmingham,3247941.0,True,True,True,1980
866,6WEyPcf9ezhNLm1xOBjbwH,Crippled Black Phoenix,Q599433,55554,74210,Crippled Black Phoenix,2004.0,Q49451,progressive rock,Rock and indie,Q1238400|Q1548644,Domino Recording Company|Season of Mist,,,Crippled Black Phoenix,excluded_no_defensible_fua,,,,False,True,True,2000
867,06Rbwc8jaQ1d5fDPZiasE0,The Colourfield,Q7726877,55168,28746,The Colourfield,1983.0,Q187760,new wave,Punk and new wave,Q1088453,Chrysalis Records,Q1728388,Terry Hall,The Colourfield,strict,UK025F,Coventry,787858.0,True,True,True,1980
868,38bfc5BSVq6sVAssDmdc8N,Breton,Q2924565,55107,29508,Breton,,Q1641839,experimental rock,Rock and indie,Q2589723,FatCat Records,,,Breton (band),excluded_no_defensible_fua,,,,False,True,False,
869,148ujrGRexnhpqhRiw0rDi,IS TROPICAL,Q3154713,54757,43588,Is Tropical,,Q183504,indie rock,Rock and indie,Q917561,Kitsuné,,,Is Tropical,excluded_no_defensible_fua,,,,False,True,False,
870,0Sd7X8SxWV0AyDLbvd4uEu,Swervedriver,Q924292,54373,81061,Swervedriver,1989.0,Q11366,alternative rock,Rock and indie,Q1139341,Creation Records,,,Swervedriver,strict,UK560F,Oxford,606748.0,True,True,True,1980
871,47meGvCz0CZklN50dgzjmL,She Drew The Gun,Q65059746,54246,34269,She Drew The Gun,,Q383982,psychedelic pop,"Pop, soul and R&B",,,,,She Drew the Gun,excluded_no_defensible_fua,,,,False,True,False,
872,4M2H1fDQR5ygAi7MMOVxAA,The Whip,Q1078032,54058,29678,The Whip,,Q1643549|Q170611|Q183504|Q20502|Q2187392|Q627906,alternative dance|dance-punk|electro house|house music|indie rock|techno,Electronic and dance|Other genres|Punk and new wave|Rock and indie,Q145540|Q7299616|Q917561,Kitsuné|Razor & Tie|Southern Fried Records,,,The Whip (band),strict,UK008F,Manchester,3595966.0,True,True,False,
873,78OgxRnIdBCdFBmKhP2Fz2,Skeletal Family,Q1137836,53859,77225,Skeletal Family,1982.0,Q3071|Q485395,gothic rock|punk rock,Punk and new wave,Q7304788,Red Rhino Records,,,Skeletal Family,strict,UK003F,Leeds,3070506.0,True,True,True,1980
874,3jNwnthjUjHYvjyvRGfWuQ,Terrorvision,Q4992961,53778,36238,Terrorvision,1987.0,Q11399,rock music,Rock and indie,Q183412,EMI,Q19665634,Tony Wright,Terrorvision,strict,UK003F,Leeds,3070506.0,True,True,True,1980
875,25w2vpqq7dYleBAqMx7Ijx,Zoot Woman,Q153566,53078,29473,Zoot Woman,,Q2187392,alternative dance,Other genres,Q976267,Wall of Sound,Q740542,Stuart Price,Zoot Woman,excluded_no_defensible_fua,,,,False,True,False,
876,5mGqZFvzU9FRNkcI3Y0A2V,Blu Mar Ten,Q4928657,53063,27393,Blu Mar Ten,,Q170611,techno,Electronic and dance,,,,,Blu Mar Ten,excluded_no_defensible_fua,,,,False,True,False,
877,0JseT2AZzVMKsBlrAywFcO,Anavae,Q4752397,52164,29336,Anavae,2011.0,Q11366,alternative rock,Rock and indie,Q4038001,Eleven Seven Music,,,Anavae,strict,UK001F,London,12666099.0,True,True,True,2010
878,6KNqvxgfYVRSzgAE1j2UT5,Declan Welsh and The Decadent West,Q109450602,51958,28947,Declan Welsh & The Decadent West,2015.0,Q183504,indie rock,Rock and indie,,,,,,excluded_no_defensible_fua,,,,False,True,True,2010
879,3xA9AB0f4BVjsSlyQc12iE,Mclusky,Q1761282,51917,50828,Mclusky,1996.0,Q3071,punk rock,Punk and new wave,Q1456588,Too Pure,Q4756929,Andrew Falkous,Mclusky,strict,UK009F,Cardiff,939371.0,True,True,True,1990
880,1HyT0AtzTH5lVzlm8yQgbI,Breabach,Q4959091,51761,20677,Breabach,2005.0,Q106298881,contemporary folk music,Other genres,,,,,Breabach,excluded_no_defensible_fua,,,,False,True,True,2000
881,5JQljNQvDpk1hhKpJHpwNU,Klimeks,Q57545813,51676,31584,Klimeks,,Q193207,ambient music,Electronic and dance,Q57546157,wavemob,,,,excluded_no_defensible_fua,,,,False,True,False,
882,7dtYyLTWjuZGOcweC3eD2f,Strawbs,Q926799,51671,56523,Strawbs,1964.0,Q49451,progressive rock,Rock and indie,Q277626,A&M Records,Q312053,Rick Wakeman,Strawbs,excluded_no_defensible_fua,,,,False,True,True,1960
883,4WM2JNPCcZ7f6M72C0bTyM,Empathy Test,Q63203779,51330,38799,Empathy Test,,Q1298934,synth-pop,Electronic and dance,,,,,,strict,UK001F,London,12666099.0,True,True,False,
884,0pobPzcYFoVSprUnwY2Bio,Goldie Lookin Chain,Q4039563,51269,37598,Goldie Lookin Chain,2000.0,Q11401|Q602646,comedy hip-hop|hip-hop,Other genres,Q202440,Atlantic Records,Q6730355,Maggot,Goldie Lookin Chain,strict,UK558F,Newport,262018.0,True,True,True,2000
885,5vTCEZ15eybRnoqUAra4Ys,Black Tongue,Q19689005,50504,96043,,,Q475221,deathcore,Metal,,,,,Black Tongue,strict,UK026F,Hull,631285.0,True,True,False,
886,32ttgKG3BxUVYxlBdmLBMi,Dolores Forever,Q134238905,50315,20474,Dolores Forever,,,,,,,,,,excluded_no_defensible_fua,,,,False,False,False,
887,0UnBsBrom4chs5rnjRBtIK,Rosetta Stone,Q4048553,50256,78261,Rosetta Stone,1998.0,Q3071,punk rock,Punk and new wave,Q1397901,Cleopatra Records,Q7230181,Porl King,Rosetta Stone (band),excluded_no_defensible_fua,,,,False,True,True,1990
888,4vhgCDK6RHCBN6P3jPQlZX,Abbacadabra,Q305788,49799,5344,Abbacadabra,,Q37073,pop music,"Pop, soul and R&B",,,,,,excluded_no_defensible_fua,,,,False,True,False,
889,6ahlwhwCBtwhSeDO5vYMh5,Flesh For Lulu,Q5458717,49698,33594,Flesh for Lulu,1982.0,Q11366,alternative rock,Rock and indie,Q155152,Polydor Records,,,Flesh for Lulu,strict,UK001F,London,12666099.0,True,True,True,1980
890,7aLNBjOlzOCyuFmytbbeYM,Matthews' Southern Comfort,Q96318732,49578,10689,Matthews Southern Comfort,1970.0,,,,,,,,Matthews Southern Comfort,excluded_no_defensible_fua,,,,False,False,True,1970
891,2b2c6xP76y8HCLiovv7kIZ,Kill The Lights,Q124372645,48704,30730,Kill the Lights,2019.0,Q183862|Q20378|Q38848,alternative metal|heavy metal music|metalcore,Metal,,,Q1799438|Q2631222,Jason James|Michael Thomas,Kill the Lights (band),excluded_no_defensible_fua,,,,False,True,True,2010
892,02frazNrWgZCxUEf4UTfHt,Van Der Graaf Generator,Q752170,48618,154738,Van der Graaf Generator,1967.0,Q49451,progressive rock,Rock and indie,Q1063242|Q165745,Charisma|Mercury Records,Q1174850|Q163063|Q2348686|Q2571320,David Jackson|Guy Evans|Hugh Banton|Peter Hammill,Van der Graaf Generator,strict,UK008F,Manchester,3595966.0,True,True,True,1960
893,6ZHfuZhV3q15jxpOY8S1m6,Balancing Act,Q129566045,48276,12544,Balancing Act,,,,,,,,,,excluded_no_defensible_fua,,,,False,False,False,
894,0j7wLGDwHdUSPLkxCH3GBQ,A Blaze of Feather,Q113103524,48229,34261,A Blaze Of Feather,,Q43343,folk music,Other genres,,,Q816518|Q99674341|Q99674922|Q99702457|Q99702752,Ben Howard|India Bourne|Kyle Keegan|Mickey Smith|Nat Wason,,excluded_no_defensible_fua,,,,False,True,False,
895,6L48AOtGmQL1ELLoKML7cS,Angel Witch,Q531934,48153,107188,Angel Witch,1977.0,Q370515|Q38848,heavy metal music|new wave of British heavy metal,Metal,Q118686717|Q55965015,Back on Black Records|EMI,Q1138927|Q16737948|Q361721|Q5228698|Q713496,Bill Steer|Dave Dufort|Kevin Heybourne|Lee Altus|Tom Hunting,Angel Witch,strict,UK001F,London,12666099.0,True,True,True,1970
896,7cfhZmKaLWzNLwHDxzugUH,Little Comets,Q4166250,47976,80242,Little Comets,2008.0,Q183504,indie rock,Rock and indie,Q103042012|Q183387|Q5281021,Columbia Records|Dirty Hit|The Smallest Label,,,Little Comets,excluded_no_defensible_fua,,,,False,True,True,2000
897,12X85dtebfc7JTZ8iMBT2o,Osibisa,Q1890473,47843,47531,Osibisa,1969.0,Q972634,African popular music,"Pop, soul and R&B",Q671229,Bronze,,,Osibisa,strict,UK001F,London,12666099.0,True,True,True,1960
898,64vNIhiqTanqaY1VJucSAS,U.K.,Q1330725,47600,62279,UK,1977.0,Q49451,progressive rock,Rock and indie,Q1611073,E.G. Records,Q218031|Q285254|Q312797|Q366747|Q706756,Allan Holdsworth|Bill Bruford|Eddie Jobson|John Wetton|Terry Bozzio,U.K. (band),excluded_no_defensible_fua,,,,False,True,True,1970
899,07vC6cutbett8UknXnqxsu,Ulrika Spacek,Q23018832,46731,36028,Ulrika Spacek,2014.0,Q11366|Q183504|Q206159|Q209137|Q272167,alternative rock|indie rock|post-rock|psychedelic rock|shoegaze,Rock and indie,Q61965382,Tough Love Records,,,Ulrika Spacek,excluded_no_defensible_fua,,,,False,True,True,2010
900,0jyH4jtanxaysaxwDVhR6f,Seefeel,Q2264804,46679,44055,Seefeel,1992.0,Q170611,techno,Electronic and dance,Q1200368|Q1456588|Q543707,Astralwerks|Too Pure|Warp,Q21005394|Q5205439|Q6770135|Q70235260,DJ Scotch Egg|Mark Clifford|Mark Van Hoen|Sarah Peacock,Seefeel,excluded_no_defensible_fua,,,,False,True,True,1990
901,4H0zGQILA7vJKl0ot2OYBf,Brodsky Quartet,Q924862,46624,7254,Brodsky Quartet,1972.0,Q9730,classical music,Other genres,,,Q55104065|Q99705731,Ian Belton|Jacqueline Thomas,Brodsky Quartet,excluded_no_defensible_fua,,,,False,True,True,1970
902,0DkpQq8B7ZAKebZEjlzVmd,The Vibrators,Q1754027,46560,75847,The Vibrators,1976.0,Q3071,punk rock,Punk and new wave,Q1397901|Q216364|Q478062,Cleopatra Records|Epic Records|RAK,Q124165139|Q1777559|Q5526062,Gary Tibbs|Knox,The Vibrators,strict,UK001F,London,12666099.0,True,True,True,1970
903,3A9BLI8S2rNSxXS3QsMkOY,She's In Parties,Q130300851,46512,10376,She's In Parties,,,,,,,,,,excluded_no_defensible_fua,,,,False,False,False,
904,0i2IEcWvtHUBYPkYWwCgjC,Trashcan Sinatras,Q939534,46209,26676,The Trash Can Sinatras,1986.0,Q11366,alternative rock,Rock and indie,Q1533331,Go! Discs,,,Trashcan Sinatras,excluded_no_defensible_fua,,,,False,True,True,1980
905,3bqOGIOIvLc9JsAIS7OfEb,Oceanic,Q7076197,46135,3833,Oceanic,,Q170611,techno,Electronic and dance,,,,,Oceanic (band),excluded_no_defensible_fua,,,,False,True,False,
906,0BdsizQXvwb1BPeEKqfuVs,Ímar,Q97587415,45827,15182,Ímar,2016.0,Q17018487|Q1771297|Q854451,Celtic music|English folk music|Scottish folk music,Other genres,,,,,Ímar (band),strict,UK004F,Glasgow,1895840.0,True,True,True,2010
907,11tiA94VlUZOUTVCdQYw3a,Conan,Q19872238,45815,82354,Conan,2006.0,Q1772422|Q186170|Q720959,doom metal|sludge metal|stoner metal,Metal,,,,,Conan (band),strict,UK006F,Liverpool,1597536.0,True,True,True,2000
908,4tyCvqG48h4LdcbFfWBjR9,The Wedding Present,Q4372,45749,65575,The Wedding Present,1985.0,Q183504,indie rock,Rock and indie,Q190585,Island Records,Q5234068|Q7177026|Q83200951,David Gedge|Melanie Howard|Peter Solowka,The Wedding Present,strict,UK003F,Leeds,3070506.0,True,True,True,1980
909,4xM0Rz2FbjZevoVLVJUgEQ,The Big Pink,Q1668695,45735,39674,The Big Pink,2007.0,Q183504,indie rock,Rock and indie,Q238095,4AD,,,The Big Pink,strict,UK001F,London,12666099.0,True,True,True,2000
910,2kS4yz85MaZlxp2VaS3BEe,Cabaret Voltaire,Q1024747,45473,118625,,1973.0,Q1298934|Q1641839|Q170611|Q187760|Q193207|Q20502|Q2187392|Q341364|Q372103|Q487965|Q598929|Q9778,acid house|alternative dance|ambient music|electronic body music|electronic music|experimental rock|house music|industrial music|new wave|post-punk|synth-pop|techno,Electronic and dance|Other genres|Punk and new wave|Rock and indie,Q203059|Q2400027|Q240804|Q3489789|Q385558|Q578943|Q682784,Factory Benelux|Factory Records|Industrial Records|Mute Records|Rough Trade|Some Bizzare|Virgin Records,Q547635,Richard H. Kirk,Cabaret Voltaire (band),strict,UK010F,Sheffield,1217504.0,True,True,True,1970
911,3CSQtK60sg2jNNxnpThSN1,Grim Reaper,Q2476571,45246,102546,Grim Reaper,1979.0,Q483352,thrash metal,Metal,,,Q12884868,Steve Grimmett,Grim Reaper (band),excluded_no_defensible_fua,,,,False,True,True,1970
912,5MGxwE9JG5IA6uqswrgNL6,Beak>,Q4876102,45055,92050,Beak>,2009.0,Q320592,Krautrock,Rock and indie,,,,,Beak (band),excluded_no_defensible_fua,,,,False,True,True,2000
913,4tXmMY3u0qbzec7aocHPPt,Thy Slaughter,Q130775275,44871,15187,Thy Slaughter,,,,,,,,,Thy Slaughter,excluded_no_defensible_fua,,,,False,False,False,
914,6hlQVaiKiA8Y9K12cTQPrF,D*Minds,Q5203219,44572,4577,D*Minds,1997.0,Q188994,drum and bass,Electronic and dance,,,,,D*Minds,excluded_no_defensible_fua,,,,False,True,True,1990
915,7h0muodpQ1q5o3RajwownN,Gama Bomb,Q1492853,44268,83436,Gama Bomb,2002.0,Q483352,thrash metal,Metal,Q838544,Earache Records,,,Gama Bomb,excluded_no_defensible_fua,,,,False,True,True,2000
916,10aXVE8RSUCeMzaFvBnZ2i,Pitchshifter,Q2005871,43987,48946,Pitchshifter,1989.0,Q208494,industrial metal,Metal,Q438628|Q7120665|Q838544,Alternative Tentacles|Earache Records|PSI Records,Q16203046,JS Clayden,Pitchshifter,strict,UK029F,Nottingham,936382.0,True,True,True,1980
917,7fRzvXVDS5fOLD91WQwE6q,Phil Campbell and the Bastard Sons,Q47501791,43860,47440,Phil Campbell and the Bastard Sons,,Q38848|Q83270,hard rock|heavy metal music,Metal|Rock and indie,Q158886,Nuclear Blast,Q366807,Phil Campbell,Phil Campbell and the Bastard Sons,excluded_no_defensible_fua,,,,False,True,False,
918,07PXLHOMh4k77DLNE0EolG,Ether,Q5403291,43789,3646,Ether,,Q189045,Britpop,"Pop, soul and R&B",Q909310,Regal Recordings,,,Ether (band),excluded_no_defensible_fua,,,,False,True,False,
919,7KiK3DokuIW5BVZu5Y5kph,Modern Romance,Q6888844,43441,12292,Modern Romance,1980.0,Q37073,pop music,"Pop, soul and R&B",Q21077,Warner Music Group,,,Modern Romance (band),excluded_no_defensible_fua,,,,False,True,True,1980
920,7sx3r4lMo079vO7lIi0fng,Lanterns on the Lake,Q14158905,43202,38093,Lanterns on the Lake,,Q183504,indie rock,Rock and indie,Q815776,Bella Union,,,Lanterns on the Lake,strict,UK013F,Newcastle,1221203.0,True,True,False,
921,2LpdhgwN0mYKMjnzrBQU8H,The Crazy World Of Arthur Brown,Q377770,43146,16217,The Crazy World of Arthur Brown,1967.0,Q2045695|Q206159|Q484641,pop rock|psychedelic rock|shock rock,"Pop, soul and R&B|Rock and indie",Q1476147|Q202440,Atlantic Records|Voiceprint Records,Q321625|Q708782,Arthur Brown|Vincent Crane,The Crazy World of Arthur Brown,strict,UK001F,London,12666099.0,True,True,True,1960
922,7FWu3peCUoaSGOc4PwxwTH,Kings Of The City,Q6413105,43136,6557,Kings of the City,,Q11399|Q11401,hip-hop|rock music,Other genres|Rock and indie,,,,,Kings of the City,excluded_no_defensible_fua,,,,False,True,False,
923,43lLY3aEg3yQz8sYhyvdn5,Alisha's Attic,Q6601851,42752,19496,Alisha's Attic,1996.0,Q37073,pop music,"Pop, soul and R&B",Q165745|Q2482872,Mercury Records|Universal Records,Q3481851|Q6369963,Karen Poole|Shelly Poole,Alisha's Attic,strict,UK001F,London,12666099.0,True,True,True,1990
924,2vygNfdnPBXah21ZrqhxYk,A Certain Ratio,Q300348,42710,46261,A Certain Ratio,1977.0,Q3071,punk rock,Punk and new wave,Q1139341|Q2400027|Q578943,Creation Records|Factory Benelux|Factory Records,,,A Certain Ratio,strict,UK008F,Manchester,3595966.0,True,True,True,1970
925,3Sr1muUE6DYihFufoHpnfc,The Rifles,Q493700,42702,74510,The Rifles,2004.0,Q183504,indie rock,Rock and indie,Q2818028,679 Artists,,,The Rifles (band),strict,UK001F,London,12666099.0,True,True,True,2000
926,07eIrj0b3z5mgvtkDmWoxo,Heavy Lungs,Q105883290,42610,33237,Heavy Lungs,,Q181861|Q598929,noise rock|post-punk,Punk and new wave|Rock and indie,,,,,Heavy Lungs,excluded_no_defensible_fua,,,,False,True,False,
927,0tQ2Q4y9iUkKszxXyB14ZH,Young Marble Giants,Q2164036,42598,62664,Young Marble Giants,1978.0,Q3071,punk rock,Punk and new wave,Q1238400|Q385558,Domino Recording Company|Rough Trade,,,Young Marble Giants,strict,UK009F,Cardiff,939371.0,True,True,True,1970
928,5O7ziOtiFUyRMBJN1J4Tpv,Cathedral,Q1050878,42528,96540,Cathedral,1989.0,Q186170,doom metal,Metal,Q158886|Q183387|Q838544,Columbia Records|Earache Records|Nuclear Blast,Q1361419,Lee Dorrian,Cathedral (band),strict,UK025F,Coventry,787858.0,True,True,True,1980
929,4tqcqE9n9vHWbIT8ryEA1v,The Arrows,Q702998,42469,7187,Arrows,1974.0,Q83270,hard rock,Rock and indie,Q478062,RAK,,,Arrows (British band),strict,UK001F,London,12666099.0,True,True,True,1970
930,1M684BN2C8BO9WwB0xeXJo,Wings of Desire,Q124131161,41995,6904,Wings of Desire,,,,,,,,,,excluded_no_defensible_fua,,,,False,False,False,
931,71lhIVHJ24x9hEcwFSWuOf,Onslaught,Q1417965,41973,106888,Onslaught,1982.0,Q483352,thrash metal,Metal,Q935090,London Records,,,Onslaught (band),strict,UK011F,Bristol,1025309.0,True,True,True,1980
932,7GsdZ6T45uXudJ8Wsko9sB,The Associates,Q743137,41622,50912,The Associates,1979.0,Q598929,post-punk,Punk and new wave,Q2481499,Fiction Records,Q15496981|Q2083623|Q2103176|Q6774452,Alan Rankine|Billy Mackenzie|Martha Ladly|Michael Dempsey,The Associates (band),strict,UK550F,Dundee City,264690.0,True,True,True,1970
933,1uS4cYRRZRtauASIM9RxBG,Mesh,Q250009,41618,38152,Mesh,1991.0,Q1298934,synth-pop,Electronic and dance,,,,,Mesh (band),excluded_no_defensible_fua,,,,False,True,True,1990
934,3uHCTHxtg3IVAvhyrYsZvI,Rolo Tomassi,Q7361393,41494,78649,Rolo Tomassi,2005.0,Q616679,mathcore,Other genres,Q10294040,Hassle Records,,,Rolo Tomassi,strict,UK010F,Sheffield,1217504.0,True,True,True,2000
935,7Ks1xbMXEQjy9aQObTJdId,Lonely The Brave,Q20127907,40908,47704,Lonely The Brave,2009.0,Q11366,alternative rock,Rock and indie,Q10294040,Hassle Records,,,Lonely the Brave,strict,UK017F,Cambridge,414802.0,True,True,True,2000
936,7oEVPoHXaj73ddUCTNlO9E,Gen and the Degenerates,Q105085574,40842,15062,Gen and the Degenerates,,Q11399|Q183504,indie rock|rock music,Rock and indie,Q104905694,Marshall Records,,,,excluded_no_defensible_fua,,,,False,True,False,
937,1svaANJTE5KrG16fTGDqOs,The Puppini Sisters,Q1850284,40797,69632,The Puppini Sisters,2004.0,Q185298,a cappella,Other genres,Q38903,Universal Music Group,Q6756367,Marcella Puppini,The Puppini Sisters,excluded_no_defensible_fua,,,,False,True,True,2000
938,76MojWoWNPzzKdrEspy5sl,NIMMO,Q106879795,40726,14459,Nimmo,,Q9778,electronic music,Electronic and dance,Q183387|Q56760250|Q917561,Columbia Records|Kitsuné|Sony Music,,,Nimmo (band),excluded_no_defensible_fua,,,,False,True,False,
939,1Ag6UM6dow2OH9V06mxzV5,Mekons,Q1529069,40549,27778,The Mekons,1977.0,Q11366,alternative rock,Rock and indie,Q2310327|Q277626|Q2906225|Q885233,A&M Records|Blast First|Bloodshot Records|Fast Product,Q4886111|Q923999,Ben Mandelson|Dick Taylor,The Mekons,strict,UK003F,Leeds,3070506.0,True,True,True,1970
940,2CLWZP9ZwueC8Yx9ORbxlW,bis,Q471241,40316,13258,Bis,1994.0,Q1298934|Q842324,indie pop|synth-pop,"Electronic and dance|Pop, soul and R&B",Q2371991|Q3568013,Chemikal Underground|Wiiija,,,Bis (Scottish band),strict,UK004F,Glasgow,1895840.0,True,True,True,1990
941,3UvsX37JzJrmhTea2t3Wei,Morning Runner,Q1948294,40259,8121,Morning Runner,2003.0,Q183504,indie rock,Rock and indie,Q208909,Parlophone,,,Morning Runner,strict,UK552F,Reading,370107.0,True,True,True,2000
942,5uO1Dms6wMs4J3sSdcKEMh,One Minute Silence,Q1124940,39696,41759,One Minute Silence,1995.0,Q856872,rap metal,Metal,Q4905424,Big Cat Records,,,One Minute Silence,excluded_no_defensible_fua,,,,False,True,True,1990
943,4HVopeHcb4aGTBsfIRrRcQ,InsideInfo,Q63242079,39084,25281,InsideInfo,,Q188994,drum and bass,Electronic and dance,Q15198062,Viper Recordings,,,,excluded_no_defensible_fua,,,,False,True,False,
944,1daC6WKGAm52YZbL5G7zYg,Plump DJs,Q6317600,39025,39640,Plump DJs,,Q817138,electronica,Electronic and dance,,,,,Plump DJs,strict,UK001F,London,12666099.0,True,True,False,
945,7mDQwcnDUGuSoggxbUtVc1,The Rakes,Q1762436,38909,55169,The Rakes,2004.0,Q183504,indie rock,Rock and indie,Q1191537,V2 Records,,,The Rakes,strict,UK001F,London,12666099.0,True,True,True,2000
946,6ixeWfTvnU1VOVPEVP5Bcq,Red Lorry Yellow Lorry,Q1575233,38041,51142,Red Lorry Yellow Lorry,1981.0,Q3071|Q485395,gothic rock|punk rock,Punk and new wave,Q126039|Q7304788,Beggars Banquet Records|Red Rhino Records,,,Red Lorry Yellow Lorry,strict,UK003F,Leeds,3070506.0,True,True,True,1980
947,5Lel5d14oFwC4XbKDv2AKW,Hallucinogen,Q11893563,37698,66590,Hallucinogen,,,,,,,,,,excluded_no_defensible_fua,,,,False,False,False,
948,75Kh0eqgzo9f43Dan1JzSV,Slow Club,Q1688137,37665,57600,Slow Club,2006.0,Q183504,indie rock,Rock and indie,Q784001,Moshi Moshi Records,,,Slow Club,strict,UK010F,Sheffield,1217504.0,True,True,True,2000
949,33Ztukerf3He8FeKk5acn8,Two Lone Swordsmen,Q3542601,37114,40442,Two Lone Swordsmen,,Q2187392,alternative dance,Other genres,Q1139341|Q543707,Creation Records|Warp,Q178922|Q3194782,Andrew Weatherall|Keith Tenniswood,Two Lone Swordsmen,excluded_no_defensible_fua,,,,False,True,False,
950,5z96yaS2s1USscDldCCDgw,Angelic Upstarts,Q521396,37083,52277,Angelic Upstarts,1977.0,Q274401|Q3071,oi!|punk rock,Punk and new wave,Q1035129|Q112175682|Q183412|Q843402,Captain Oi! Records|Demons Run Amok Entertainment|EMI|Warner Bros. Records,,,Angelic Upstarts,strict,UK013F,Newcastle,1221203.0,True,True,True,1970
951,1F7QDWyZTLGzkyGLgFjEhU,Pigs Pigs Pigs Pigs Pigs Pigs Pigs,Q93962241,37035,72472,Pigs Pigs Pigs Pigs Pigs Pigs Pigs,2012.0,Q186170|Q320592|Q38848|Q726239,Krautrock|doom metal|heavy metal music|noise music,Metal|Other genres|Rock and indie,,,,,Pigs Pigs Pigs Pigs Pigs Pigs Pigs,strict,UK013F,Newcastle,1221203.0,True,True,True,2010
952,1WFsBUAgQmrGQQEUyFKS60,Savages,Q5404233,36562,130669,Savages,2011.0,Q598929,post-punk,Punk and new wave,,,Q135646318|Q2934863,Fay Milton|Jehnny Beth,Savages (band),strict,UK001F,London,12666099.0,True,True,True,2010
953,1lbp4Rrpi6ug3cGZF9LWXq,Digital Dog,Q5275840,36424,907,Digital Dog,,Q170611,techno,Electronic and dance,,,,,Digital Dog,excluded_no_defensible_fua,,,,False,True,False,
954,0YtA5DdO2df8zIxpVdktqg,The 411,Q365321,36002,38204,The 411,2003.0,Q850412,contemporary R&B,"Pop, soul and R&B",Q330629,Sony Music,Q5045439|Q7809567,Carolyn Owlett|Tisha Martin,The 411,excluded_no_defensible_fua,,,,False,True,True,2000
955,2mHQfi32bOrYcD42cazcmh,Peter and the Test Tube Babies,Q2000167,35963,46920,Peter and the Test Tube Babies,1978.0,Q3071,punk rock,Punk and new wave,Q1035129,Captain Oi! Records,,,Peter and the Test Tube Babies,strict,UK515F,Brighton and Hove,451122.0,True,True,True,1970
956,1cFIgop2t8jZzlM7TVePLY,Puressence,Q3410949,35668,14385,Puressence,1992.0,Q11366,alternative rock,Rock and indie,Q190585,Island Records,,,Puressence,strict,UK008F,Manchester,3595966.0,True,True,True,1990
957,64Qk682XX2D0jk14ioYDGx,Moodswings,Q6907168,35615,2398,Moodswings,1992.0,Q170435|Q193207|Q9778,ambient music|electronic music|trance,Electronic and dance|Other genres,Q1186369|Q664167|Q7973326,Arista Records|Varèse Sarabande|Water Music Records,,,Moodswings (band),excluded_no_defensible_fua,,,,False,True,True,1990
958,4jBSa0eitusIKxQHjAgsyd,Coverdale/Page,Q122627,35540,90121,Coverdale and Page,1991.0,Q83270,hard rock,Rock and indie,Q212699|Q3629023,EMI Records|Geffen Records,Q115962|Q165467,David Coverdale|Jimmy Page,,excluded_no_defensible_fua,,,,False,True,True,1990
959,6vxyuUNiILvDzBfLxgu0KT,[spunge],Q3494280,35282,21846,Spunge,,Q3071,punk rock,Punk and new wave,,,,,Spunge,strict,UK571F,Cheltenham,223688.0,True,True,False,
960,61NdtTZaI4ZaMVNySovN0b,Grade 2,Q16251607,35157,28578,Grade 2,2013.0,Q274401|Q3071|Q383615,oi!|punk rock|street punk,Punk and new wave,Q1239845,Hellcat Records,,,Grade 2 (band),excluded_no_defensible_fua,,,,False,True,True,2010
961,6OzpbdankE26K03oeoHhPN,Sky,Q1564341,35087,12841,Sky,1978.0,Q49451,progressive rock,Rock and indie,Q165745|Q216364|Q662575,Ariola|Epic Records|Mercury Records,Q1609413|Q2030899|Q370293,Herbie Flowers|John Williams|Kevin Peek,Sky (English/Australian band),strict,UK001F,London,12666099.0,True,True,True,1970
962,1K1m6K2IZOcbyabxB2jXjg,One Eskimo,Q4045817,35030,11103,One Eskimo,2004.0,Q183504,indie rock,Rock and indie,Q7488590,Shangri-La Music,Q323889,Kristian Leontiou,One Eskimo,strict,UK001F,London,12666099.0,True,True,True,2000
963,3SRTWBeGhX3o5DCQ2zzTdI,Dubstar,Q372843,34962,17970,Dubstar,1992.0,Q1298934,synth-pop,Electronic and dance,Q5465369,Food Records,,,Dubstar,strict,UK013F,Newcastle,1221203.0,True,True,True,1990
964,1ukEEwzjucRtFTxiw2DrDZ,Goat Girl,Q78534002,34711,81408,Goat Girl,2016.0,Q598929,post-punk,Punk and new wave,Q385558,Rough Trade,Q106548896,Lottie Pendlebury,Goat Girl,strict,UK001F,London,12666099.0,True,True,True,2010
965,4unGdyZQTgdMSRqmsZsJZ1,Octopus,Q7077080,34584,2173,Octopus,1993.0,Q189045,Britpop,"Pop, soul and R&B",Q5465369,Food Records,,,Octopus (Scottish band),excluded_no_defensible_fua,,,,False,True,True,1990
966,63yEaRONzlJVu1ozymo4Fk,The Wild Swans,Q7774898,34532,17544,The Wild Swans,1980.0,Q598929,post-punk,Punk and new wave,Q8074062,Zoo Records,Q131820092|Q7153625,Alan Wills|Paul Simpson,The Wild Swans (band),strict,UK006F,Liverpool,1597536.0,True,True,True,1980
967,48QP1FCIq76VufzDPShGi5,Auger,Q140317314,34522,11957,Auger (band),,Q208494|Q325504|Q3840596,dark wave|electronic rock|industrial metal,Electronic and dance|Metal|Other genres,,,,,Auger (band),excluded_no_defensible_fua,,,,False,True,False,
968,39aYm70XPfUpkMIKSfeeig,The Wake,Q3523258,34392,26671,The Wake,,Q598929,post-punk,Punk and new wave,Q2400027|Q578943,Factory Benelux|Factory Records,Q1691395|Q2248119|Q95470825|Q95471575|Q95472068,Bobby Gillespie|Carolyn Allen|Gerard McNulty|Joe Donnelly|Steven Allen,The Wake (UK band),strict,UK004F,Glasgow,1895840.0,True,True,False,
969,52aKFP2BnAa28POINNExhE,Rumahoy,Q116609986,34135,24027,Rumahoy,2011.0,Q3389124|Q484179|Q57143,folk metal|pirate metal|power metal,Metal,Q693194,Napalm Records,,,Rumahoy,excluded_no_defensible_fua,,,,False,True,True,2010
970,2z846SqjChnjieVgTfRq3X,The Gesualdo Six,Q24887435,34122,15910,The Gesualdo Six,2014.0,,,,Q135673603|Q1569586,Arcana|Hyperion Records,Q87989437|Q87989459|Q87989509|Q87990051|Q87990084|Q87990692|Q87990707|Q87990718|Q87990736|Q87990743|Q87991208,Alexander Chance|Andrew Leslie Cooper|Guy James|Hiroshi Amako|Jonathan Pacey|Joseph Wicks|Josh Cooter|Michael Craddock|Owain Park|Pat Dunachie|Samuel Mitchell,The Gesualdo Six,excluded_no_defensible_fua,,,,False,False,True,2010
971,5YFIVhzlaYH9Yadjw9gSUx,James and the Cold Gun,Q137757793,34074,12359,James and the Cold Gun,,Q11366,alternative rock,Rock and indie,,,,,,excluded_no_defensible_fua,,,,False,True,False,
972,40PsC6cWe7ZQdOUTqF5JgD,Classix Nouveaux,Q2976627,34070,31887,Classix Nouveaux,1979.0,Q187760,new wave,Punk and new wave,Q183412,EMI,Q3943058,Sal Solo,Classix Nouveaux,excluded_no_defensible_fua,,,,False,True,True,1970
973,7vF3DcPluq6lZI36VniagW,Current 93,Q739657,33791,83424,Current 93,1982.0,Q775614,neofolk,Other genres,Q5316786,Durtro,Q1557681|Q1703510|Q1927137|Q2756017|Q525754|Q6129841|Q955880,David Tibet|Douglas P.|James Blackshaw|Joolie Wood|Michael Cashmore|Rose McDowall|Steven Stapleton,Current 93,strict,UK001F,London,12666099.0,True,True,True,1980
974,48US3n5ecZ1TS4RjzsdWrm,Baba Ali,Q131406600,33455,11533,,,,,,,,,,,excluded_no_defensible_fua,,,,False,False,False,
975,5B9MfAU2KZlyvsofev6XXR,Kissing The Pink,Q3197517,33343,10782,Kissing the Pink,1980.0,Q9778,electronic music,Electronic and dance,Q16997189,Magnet,,,Kissing the Pink,excluded_no_defensible_fua,,,,False,True,True,1980
976,5MCl6mca6ZixPR36dHH9Sd,Low Island,Q113878754,31768,21054,Low Island,2016.0,,,,,,,,,excluded_no_defensible_fua,,,,False,False,True,2010
977,7mu52yh5bBhhJOyVndAEZW,Cleopatra,Q3680523,31723,33076,Cleopatra,,Q850412,contemporary R&B,"Pop, soul and R&B",Q6794165,Maverick,Q5131637,Cleo Higgins,Cleopatra (group),strict,UK008F,Manchester,3595966.0,True,True,False,
978,1pMIULCflTFyzyv5vT1OzU,dearALICE,Q132200349,31267,28780,DearALICE,,Q37073,pop music,"Pop, soul and R&B",Q123699900|Q483938,Gamma|SM Entertainment,Q136306825|Q136306874|Q136306887|Q136306906|Q136306912,"Blaise Noon|Dexter Greenwood|James Sharp|Oliver ""Olly"" Quinn|Reese Carter",DearALICE,excluded_no_defensible_fua,,,,False,True,False,
979,3tDg9XbUbQS0dbaSnFNvvk,Witchfinder General,Q1814408,31258,64357,Witchfinder General,1979.0,Q186170|Q38848,doom metal|heavy metal music,Metal,,,,,Witchfinder General (band),strict,UK002F,Birmingham,3247941.0,True,True,True,1970
980,1stGFX6w6VMHQPDPlBqX74,Sons of Raphael,Q122765662,31229,6089,,,Q183504|Q383982,indie rock|psychedelic pop,"Pop, soul and R&B|Rock and indie",Q2740367,Because Music,,,Sons of Raphael,strict,UK001F,London,12666099.0,True,True,False,
981,0tQzBYPjAardhWpGkqVdNW,The Incredible String Band,Q1500510,31217,60628,The Incredible String Band,1966.0,Q43343|Q846119,folk music|psychedelic music,Other genres|Rock and indie,Q190585|Q726251,Elektra|Island Records,Q6847220,Mike Heron,The Incredible String Band,strict,UK007F,Edinburgh,932180.0,True,True,True,1960
982,6Y1nACvxtuuTjKx2b4Rwmb,Vessels,Q7923356,31211,35493,Vessels,2005.0,Q209137,post-rock,Rock and indie,,,,,Vessels (band),strict,UK003F,Leeds,3070506.0,True,True,True,2000
983,77aUDqXRIvkDNxARfYwoHC,Peter Green Splinter Group,Q7174364,31080,41317,Peter Green Splinter Group,,,,,Q748710,Snapper Music,,,Peter Green Splinter Group,excluded_no_defensible_fua,,,,False,False,False,
984,3KH6DLHeoFZgVbtKiLXb6L,The Field Mice,Q7733724,31075,29459,The Field Mice,,Q183504,indie rock,Rock and indie,Q3473424,Sarah Records,,,The Field Mice,strict,UK001F,London,12666099.0,True,True,False,
985,6NCFDKbtkbJhgjQcFicLBi,Rudimentary Peni,Q2719617,31002,42267,Rudimentary Peni,1980.0,Q10922|Q486365,anarcho-punk|hardcore punk,Punk and new wave,Q2835318,Crass Records,Q7026787,Nick Blinko,Rudimentary Peni,strict,UK001F,London,12666099.0,True,True,True,1980
986,6IN0ZavFCDhKZ2N3NT7E3z,Skarlett Riot,Q30116699,30983,41251,Skarlett Riot,2010.0,Q38848|Q487914|Q83270,hard rock|heavy metal music|pop-punk,Metal|Punk and new wave|Rock and indie,,,,,Skarlett Riot,excluded_no_defensible_fua,,,,False,True,True,2010
987,65X3sG8LVBQN5033RqB6qn,Spinal Tap,Q741661,30887,59910,Spinal Tap,,Q1133657|Q1391336|Q38848|Q83270,comedy rock|hard rock|heavy metal music|traditional heavy metal,Metal|Rock and indie,Q155152|Q212699|Q231694,Geffen Records|Interscope Records|Polydor Records,Q1381281|Q5006588|Q5240008|Q5262360|Q7032682,C. J. Vanston|David St. Hubbins|Derek Smalls|Gregg Bissonette|Nigel Tufnel,Spinal Tap (band),excluded_non_uk,,,,False,True,False,
988,6Q7D1oEccgTc8MAYdMgtIx,The Bonzo Dog Band,Q205356,30851,26310,Bonzo Dog Doo-Dah Band,1962.0,Q1391336|Q383982,comedy rock|psychedelic pop,"Pop, soul and R&B|Rock and indie",Q208909,Parlophone,Q918538,Neil Innes,Bonzo Dog Doo-Dah Band,strict,UK001F,London,12666099.0,True,True,True,1960
989,1xo5zONg7VWkVmR0I0YO4d,Tigertailz,Q2712179,30839,28199,Tigertailz,,Q188539,glam metal,Metal,Q1347984,Sanctuary Records,,,Tigertailz,strict,UK009F,Cardiff,939371.0,True,True,False,
990,1luY92PbdGWRyBRY1ZR7o1,The Unthanks,Q3989799,30493,50728,,2004.0,Q235858,traditional folk music,Other genres,Q183412,EMI,Q4882898,Belinda O'Hooley,The Unthanks,excluded_no_defensible_fua,,,,False,True,True,2000
991,0Iv00ucAIqr5KVS7bXGFa9,Ozric Tentacles,Q1550383,30429,97411,Ozric Tentacles,1983.0,Q206159|Q236913|Q49451,progressive rock|psychedelic rock|space rock,Rock and indie,Q2265719|Q3843260|Q7180586|Q748710,I.R.S. Records|Magna Carta Records|Phantom Records|Snapper Music,Q2706204,Ed Wynne,Ozric Tentacles,excluded_no_defensible_fua,,,,False,True,True,1980
992,72o2T9aqYR2PFNYpzYrMmw,The Tiger Lillies,Q724783,30200,68137,The Tiger Lillies,1989.0,Q1166158,dark cabaret,Other genres,,,,,The Tiger Lillies,strict,UK001F,London,12666099.0,True,True,True,1980
993,5EtBXjUUyPJmiljpRdN6RJ,The Auteurs,Q144942,30197,22347,The Auteurs,1991.0,Q11366|Q189045,Britpop|alternative rock,"Pop, soul and R&B|Rock and indie",Q3113687,Hut Records,Q3267074,Luke Haines,The Auteurs,excluded_no_defensible_fua,,,,False,True,True,1990
994,3BxngwxP94n0itZ8q1hwf9,FM,Q3737249,30171,29860,FM,1984.0,Q83270,hard rock,Rock and indie,Q1110777,Portrait,,,FM (British band),strict,UK001F,London,12666099.0,True,True,True,1980
995,2Kq6loh0WNVAGEHlDxxprf,Gallagher And Lyle,Q505149,30115,11245,Gallagher and Lyle,1972.0,Q186472|Q37073|Q613408,country rock|folk rock|pop music,"Other genres|Pop, soul and R&B|Rock and indie",Q277626,A&M Records,Q16106948|Q21898058,Benny Gallagher|Graham Lyle,Gallagher and Lyle,excluded_no_defensible_fua,,,,False,True,True,1970
996,10yA9Y6h5wbDaX5XuZuA9X,Futurecop!,Q5510868,30022,37012,Futurecop!,,Q9778,electronic music,Electronic and dance,,,,,Futurecop!,excluded_no_defensible_fua,,,,False,True,False,
997,6Um25UMHv0fzcEHYGQJPXv,Treetop Flyers,Q7837745,29843,9167,Treetop Flyers,2009.0,Q235858,traditional folk music,Other genres,Q6675957,Loose,,,Treetop Flyers,strict,UK001F,London,12666099.0,True,True,True,2000
998,1gv1pJZUv6mZIaYRezXE3C,Kenny Ball & His Jazzmen,Q89671336,29795,4422,Kenny Ball and his Jazzmen,,,,,,,Q1364120|Q89703935,Kenny Ball|Paddy Lightfoot,,excluded_no_defensible_fua,,,,False,False,False,
999,6To7KuC86pBGCtkRUiq80O,Brother Beyond,Q1144085,29759,27195,Brother Beyond,1985.0,Q37073,pop music,"Pop, soul and R&B",Q208909,Parlophone,Q3280725|Q3870734|Q7611776,Eg White|Nathan Moore|Steve Alexander,Brother Beyond,excluded_no_defensible_fua,,,,False,True,True,1980
1000,30Ns8wCbxSPz2L1tnSypTG,As Lions,Q29784258,29728,23599,As Lions,2015.0,Q83270,hard rock,Rock and indie,,,,,As Lions,excluded_no_defensible_fua,,,,False,True,True,2010
