band_name,study_city_label,affiliation_type,entity_id,entity_name,source
Coldplay,London,record_label,wd:Q193023,Capitol Records,Wikidata P264
Coldplay,London,record_label,wd:Q202440,Atlantic Records,Wikidata P264
Coldplay,London,record_label,wd:Q208909,Parlophone,Wikidata P264
Coldplay,London,record_label,wd:Q5447280,Fierce Panda Records,Wikidata P264
Arctic Monkeys,Sheffield,record_label,wd:Q1238400,Domino Recording Company,Wikidata P264
Queen,London,record_label,wd:Q183412,EMI,Wikidata P264
Queen,London,record_label,wd:Q190585,Island Records,Wikidata P264
Queen,London,record_label,wd:Q193023,Capitol Records,Wikidata P264
Queen,London,record_label,wd:Q208909,Parlophone,Wikidata P264
Queen,London,record_label,wd:Q3629023,EMI Records,Wikidata P264
Queen,London,record_label,wd:Q387539,Hollywood Records,Wikidata P264
Queen,London,record_label,wd:Q726251,Elektra,Wikidata P264
Fleetwood Mac,London,record_label,wd:Q1347984,Sanctuary Records,Wikidata P264
Fleetwood Mac,London,record_label,wd:Q165711,Sire,Wikidata P264
Fleetwood Mac,London,record_label,wd:Q183387,Columbia Records,Wikidata P264
Fleetwood Mac,London,record_label,wd:Q216364,Epic Records,Wikidata P264
Fleetwood Mac,London,record_label,wd:Q3233924,CBS Records,Wikidata P264
Fleetwood Mac,London,record_label,wd:Q645889,Reprise Records,Wikidata P264
Fleetwood Mac,London,record_label,wd:Q843402,Warner Bros. Records,Wikidata P264
Fleetwood Mac,London,record_label,wd:Q885732,Blue Horizon,Wikidata P264
One Direction,London,record_label,wd:Q183387,Columbia Records,Wikidata P264
One Direction,London,record_label,wd:Q2358400,Legacy Recordings,Wikidata P264
One Direction,London,record_label,wd:Q38903,Universal Music Group,Wikidata P264
One Direction,London,record_label,wd:Q56760250,Sony Music,Wikidata P264
One Direction,London,record_label,wd:Q7659636,Syco Music,Wikidata P264
Radiohead,Oxford,record_label,wd:Q1123947,XL Recordings,Wikidata P264
Radiohead,Oxford,record_label,wd:Q128280,ATO Records,Wikidata P264
Radiohead,Oxford,record_label,wd:Q193023,Capitol Records,Wikidata P264
Radiohead,Oxford,record_label,wd:Q208909,Parlophone,Wikidata P264
The Police,London,record_label,wd:Q277626,A&M Records,Wikidata P264
The Police,London,record_label,wd:Q5998908,Illegal Records,Wikidata P264
Oasis,Manchester,record_label,wd:Q1139341,Creation Records,Wikidata P264
Oasis,Manchester,record_label,wd:Q183387,Columbia Records,Wikidata P264
Oasis,Manchester,record_label,wd:Q216364,Epic Records,Wikidata P264
Oasis,Manchester,record_label,wd:Q330629,Sony Music,Wikidata P264
Oasis,Manchester,record_label,wd:Q614999,Big Brother Recordings,Wikidata P264
Oasis,Manchester,record_label,wd:Q645889,Reprise Records,Wikidata P264
Gorillaz,London,record_label,wd:Q203059,Virgin Records,Wikidata P264
Gorillaz,London,record_label,wd:Q208909,Parlophone,Wikidata P264
Gorillaz,London,record_label,wd:Q843402,Warner Bros. Records,Wikidata P264
The Beatles,Liverpool,record_label,wd:Q1542119,United Artists Records,Wikidata P264
The Beatles,Liverpool,record_label,wd:Q155152,Polydor Records,Wikidata P264
The Beatles,Liverpool,record_label,wd:Q193023,Capitol Records,Wikidata P264
The Beatles,Liverpool,record_label,wd:Q208909,Parlophone,Wikidata P264
The Beatles,Liverpool,record_label,wd:Q213710,Apple Records,Wikidata P264
The Beatles,Liverpool,record_label,wd:Q3790169,I Dischi dello Zodiaco,Wikidata P264
The Beatles,Liverpool,record_label,wd:Q3896178,Parlophon,Wikidata P264
The Beatles,Liverpool,record_label,wd:Q679007,Vee-Jay Records,Wikidata P264
Clean Bandit,Cambridge,record_label,wd:Q17985937,Black Butter Records,Wikidata P264
Clean Bandit,Cambridge,record_label,wd:Q202440,Atlantic Records,Wikidata P264
Clean Bandit,Cambridge,record_label,wd:Q21077,Warner Music Group,Wikidata P264
The Rolling Stones,London,record_label,wd:Q155152,Polydor Records,Wikidata P264
The Rolling Stones,London,record_label,wd:Q183387,Columbia Records,Wikidata P264
The Rolling Stones,London,record_label,wd:Q202440,Atlantic Records,Wikidata P264
The Rolling Stones,London,record_label,wd:Q203059,Virgin Records,Wikidata P264
The Rolling Stones,London,record_label,wd:Q21077,Warner Music Group,Wikidata P264
The Rolling Stones,London,record_label,wd:Q231694,Interscope Records,Wikidata P264
The Rolling Stones,London,record_label,wd:Q2819021,ABKCO Records,Wikidata P264
The Rolling Stones,London,record_label,wd:Q557632,Decca,Wikidata P264
The Rolling Stones,London,record_label,wd:Q594126,Rolling Stones Records,Wikidata P264
The Rolling Stones,London,record_label,wd:Q935090,London Records,Wikidata P264
Glass Animals,Oxford,record_label,wd:Q264137,Caroline Records,Wikidata P264
Pink Floyd,London,record_label,wd:Q1112471,Columbia Graphophone Co. Ltd.,Wikidata P264
Pink Floyd,London,record_label,wd:Q1324712,Harvest,Wikidata P264
Pink Floyd,London,record_label,wd:Q183387,Columbia Records,Wikidata P264
Pink Floyd,London,record_label,wd:Q183412,EMI,Wikidata P264
Pink Floyd,London,record_label,wd:Q193023,Capitol Records,Wikidata P264
Pink Floyd,London,record_label,wd:Q208909,Parlophone,Wikidata P264
Pink Floyd,London,record_label,wd:Q21077,Warner Music Group,Wikidata P264
Pink Floyd,London,record_label,wd:Q2630076,Tower Records,Wikidata P264
Pink Floyd,London,record_label,wd:Q56760250,Sony Music,Wikidata P264
Dire Straits,London,record_label,wd:Q843402,Warner Bros. Records,Wikidata P264
Florence + The Machine,London,record_label,wd:Q190585,Island Records,Wikidata P264
Florence + The Machine,London,record_label,wd:Q784001,Moshi Moshi Records,Wikidata P264
The Cure,Crawley,record_label,wd:Q155152,Polydor Records,Wikidata P264
The Cure,Crawley,record_label,wd:Q165711,Sire,Wikidata P264
The Cure,Crawley,record_label,wd:Q1998195,Asylum Records,Wikidata P264
The Cure,Crawley,record_label,wd:Q212699,Geffen Records,Wikidata P264
The Cure,Crawley,record_label,wd:Q2481499,Fiction Records,Wikidata P264
The Cure,Crawley,record_label,wd:Q3978140,Suretone Records,Wikidata P264
The Cure,Crawley,record_label,wd:Q726251,Elektra,Wikidata P264
Sade,London,record_label,wd:Q216364,Epic Records,Wikidata P264
Disclosure,London,record_label,wd:Q190585,Island Records,Wikidata P264
Disclosure,London,record_label,wd:Q21091,Cherrytree Records,Wikidata P264
Disclosure,London,record_label,wd:Q231694,Interscope Records,Wikidata P264
Disclosure,London,record_label,wd:Q39052841,PMR Records,Wikidata P264
Disclosure,London,record_label,wd:Q784001,Moshi Moshi Records,Wikidata P264
Tears For Fears,Bath and North East Somerset,record_label,wd:Q165745,Mercury Records,Wikidata P264
Tears For Fears,Bath and North East Somerset,record_label,wd:Q216364,Epic Records,Wikidata P264
Tears For Fears,Bath and North East Somerset,record_label,wd:Q729590,Fontana Records,Wikidata P264
Keane,Hastings,record_label,wd:Q190585,Island Records,Wikidata P264
The Smiths,Manchester,record_label,wd:Q385558,Rough Trade,Wikidata P264
The Smiths,Manchester,record_label,wd:Q843402,Warner Bros. Records,Wikidata P264
Bastille,London,record_label,wd:Q203059,Virgin Records,Wikidata P264
Muse,Exeter,record_label,wd:Q843402,Warner Bros. Records,Wikidata P264
Led Zeppelin,London,record_label,wd:Q202440,Atlantic Records,Wikidata P264
Led Zeppelin,London,record_label,wd:Q557632,Decca,Wikidata P264
Led Zeppelin,London,record_label,wd:Q632992,Swan Song Records,Wikidata P264
The 1975,Manchester,record_label,wd:Q155152,Polydor Records,Wikidata P264
The 1975,Manchester,record_label,wd:Q231694,Interscope Records,Wikidata P264
The 1975,Manchester,record_label,wd:Q5281021,Dirty Hit,Wikidata P264
The 1975,Manchester,record_label,wd:Q669127,Vagrant Records,Wikidata P264
Black Sabbath,Birmingham,record_label,wd:Q13218788,Virgin EMI Records,Wikidata P264
Black Sabbath,Birmingham,record_label,wd:Q1330417,Vertigo Records,Wikidata P264
Black Sabbath,Birmingham,record_label,wd:Q1347984,Sanctuary Records,Wikidata P264
Black Sabbath,Birmingham,record_label,wd:Q165745,Mercury Records,Wikidata P264
Black Sabbath,Birmingham,record_label,wd:Q21077,Warner Music Group,Wikidata P264
Black Sabbath,Birmingham,record_label,wd:Q2265719,I.R.S. Records,Wikidata P264
Black Sabbath,Birmingham,record_label,wd:Q38903,Universal Music Group,Wikidata P264
Black Sabbath,Birmingham,record_label,wd:Q843402,Warner Bros. Records,Wikidata P264
The Outfield,Manchester,record_label,wd:Q183387,Columbia Records,Wikidata P264
Depeche Mode,London,record_label,wd:Q165711,Sire,Wikidata P264
Depeche Mode,London,record_label,wd:Q183387,Columbia Records,Wikidata P264
Depeche Mode,London,record_label,wd:Q183412,EMI,Wikidata P264
Depeche Mode,London,record_label,wd:Q193023,Capitol Records,Wikidata P264
Depeche Mode,London,record_label,wd:Q203059,Virgin Records,Wikidata P264
Depeche Mode,London,record_label,wd:Q240804,Mute Records,Wikidata P264
Depeche Mode,London,record_label,wd:Q645889,Reprise Records,Wikidata P264
America,London,record_label,wd:Q193023,Capitol Records,Wikidata P264
America,London,record_label,wd:Q64485314,Warner Records,Wikidata P264
America,London,record_label,wd:Q843402,Warner Bros. Records,Wikidata P264
The Verve,Manchester,record_label,wd:Q183412,EMI,Wikidata P264
Duran Duran,Birmingham,record_label,wd:Q193023,Capitol Records,Wikidata P264
Duran Duran,Birmingham,record_label,wd:Q216364,Epic Records,Wikidata P264
Duran Duran,Birmingham,record_label,wd:Q843402,Warner Bros. Records,Wikidata P264
Eurythmics,Sunderland,record_label,wd:Q14192383,19 Recordings,Wikidata P264
Eurythmics,Sunderland,record_label,wd:Q664167,Arista Records,Wikidata P264
Little Mix,London,record_label,wd:Q183387,Columbia Records,Wikidata P264
The Clash,London,record_label,wd:Q183387,Columbia Records,Wikidata P264
The Clash,London,record_label,wd:Q330629,Sony Music,Wikidata P264
Mumford & Sons,London,record_label,wd:Q190585,Island Records,Wikidata P264
Mumford & Sons,London,record_label,wd:Q3771894,Glassnote Records,Wikidata P264
Mumford & Sons,London,record_label,wd:Q38903,Universal Music Group,Wikidata P264
Blur,London,record_label,wd:Q183412,EMI,Wikidata P264
Blur,London,record_label,wd:Q203059,Virgin Records,Wikidata P264
Blur,London,record_label,wd:Q208909,Parlophone,Wikidata P264
Blur,London,record_label,wd:Q2511544,SBK Records,Wikidata P264
Blur,London,record_label,wd:Q5465369,Food Records,Wikidata P264
Blur,London,record_label,wd:Q64485314,Warner Records,Wikidata P264
Bring Me The Horizon,Sheffield,record_label,wd:Q183387,Columbia Records,Wikidata P264
Bring Me The Horizon,Sheffield,record_label,wd:Q202585,RCA Records,Wikidata P264
Bring Me The Horizon,Sheffield,record_label,wd:Q2093972,Visible Noise,Wikidata P264
Bring Me The Horizon,Sheffield,record_label,wd:Q56760250,Sony Music,Wikidata P264
Bring Me The Horizon,Sheffield,record_label,wd:Q726153,Epitaph Records,Wikidata P264
Bring Me The Horizon,Sheffield,record_label,wd:Q796316,BMG Rights Management,Wikidata P264
Bring Me The Horizon,Sheffield,record_label,wd:Q838544,Earache Records,Wikidata P264
Snow Patrol,Dundee City,record_label,wd:Q2481499,Fiction Records,Wikidata P264
Spice Girls,London,record_label,wd:Q183412,EMI,Wikidata P264
Spice Girls,London,record_label,wd:Q203059,Virgin Records,Wikidata P264
The Animals,Newcastle,record_label,wd:Q183387,Columbia Records,Wikidata P264
The Animals,Newcastle,record_label,wd:Q1881437,MGM Records,Wikidata P264
The Animals,Newcastle,record_label,wd:Q202440,Atlantic Records,Wikidata P264
The Animals,Newcastle,record_label,wd:Q2265719,I.R.S. Records,Wikidata P264
The Animals,Newcastle,record_label,wd:Q3177785,Jet Records,Wikidata P264
The Animals,Newcastle,record_label,wd:Q5086379,Charly Records,Wikidata P264
The Animals,Newcastle,record_label,wd:Q557632,Decca,Wikidata P264
The Animals,Newcastle,record_label,wd:Q585643,Atco Records,Wikidata P264
Rudimental,London,record_label,wd:Q17985937,Black Butter Records,Wikidata P264
Rudimental,London,record_label,wd:Q1998195,Asylum Records,Wikidata P264
Rudimental,London,record_label,wd:Q202440,Atlantic Records,Wikidata P264
Faithless,London,record_label,wd:Q56760250,Sony Music,Wikidata P264
Disciples,London,record_label,wd:Q208909,Parlophone,Wikidata P264
Jungle,London,record_label,wd:Q1123947,XL Recordings,Wikidata P264
bôa,London,record_label,wd:Q3395828,Polystar,Wikidata P264
Cutting Crew,London,record_label,wd:Q203059,Virgin Records,Wikidata P264
Franz Ferdinand,Glasgow,record_label,wd:Q1238400,Domino Recording Company,Wikidata P264
Def Leppard,Sheffield,record_label,wd:Q165745,Mercury Records,Wikidata P264
Def Leppard,Sheffield,record_label,wd:Q190585,Island Records,Wikidata P264
Def Leppard,Sheffield,record_label,wd:Q27037164,earMUSIC,Wikidata P264
Pet Shop Boys,London,record_label,wd:Q208909,Parlophone,Wikidata P264
Pet Shop Boys,London,record_label,wd:Q56404384,Rhino,Wikidata P264
The Hollies,Manchester,record_label,wd:Q193023,Capitol Records,Wikidata P264
The Hollies,Manchester,record_label,wd:Q208909,Parlophone,Wikidata P264
The Hollies,Manchester,record_label,wd:Q216364,Epic Records,Wikidata P264
Wham!,London,record_label,wd:Q183387,Columbia Records,Wikidata P264
Wham!,London,record_label,wd:Q216364,Epic Records,Wikidata P264
Two Door Cinema Club,Belfast,record_label,wd:Q917561,Kitsuné,Wikidata P264
The Stranglers,Guildford,record_label,wd:Q1542119,United Artists Records,Wikidata P264
The Stranglers,Guildford,record_label,wd:Q183412,EMI,Wikidata P264
The Stranglers,Guildford,record_label,wd:Q216364,Epic Records,Wikidata P264
The Stranglers,Guildford,record_label,wd:Q603117,Castle Communications,Wikidata P264
Simple Minds,Glasgow,record_label,wd:Q1088453,Chrysalis Records,Wikidata P264
Simple Minds,Glasgow,record_label,wd:Q203059,Virgin Records,Wikidata P264
Simple Minds,Glasgow,record_label,wd:Q277626,A&M Records,Wikidata P264
Simple Minds,Glasgow,record_label,wd:Q8074157,Zoom Records,Wikidata P264
Bronski Beat,London,record_label,wd:Q935090,London Records,Wikidata P264
Seafret,Hull,record_label,wd:Q183387,Columbia Records,Wikidata P264
Genesis,Guildford,record_label,wd:Q1063242,Charisma,Wikidata P264
Genesis,Guildford,record_label,wd:Q202440,Atlantic Records,Wikidata P264
Genesis,Guildford,record_label,wd:Q287177,ABC Records,Wikidata P264
Genesis,Guildford,record_label,wd:Q557632,Decca,Wikidata P264
Genesis,Guildford,record_label,wd:Q585643,Atco Records,Wikidata P264
Spandau Ballet,London,record_label,wd:Q1088453,Chrysalis Records,Wikidata P264
Spandau Ballet,London,record_label,wd:Q216364,Epic Records,Wikidata P264
UB40,Birmingham,record_label,wd:Q277626,A&M Records,Wikidata P264
UB40,Birmingham,record_label,wd:Q5204852,DEP International,Wikidata P264
The Chemical Brothers,Manchester,record_label,wd:Q1200368,Astralwerks,Wikidata P264
The Chemical Brothers,Manchester,record_label,wd:Q2879885,Freestyle Dust,Wikidata P264
The Chemical Brothers,Manchester,record_label,wd:Q6313173,Junior Boy's Own,Wikidata P264
Simply Red,Manchester,record_label,wd:Q2576206,East West Records,Wikidata P264
Simply Red,Manchester,record_label,wd:Q726251,Elektra,Wikidata P264
Jamiroquai,London,record_label,wd:Q165745,Mercury Records,Wikidata P264
Jamiroquai,London,record_label,wd:Q183387,Columbia Records,Wikidata P264
Jamiroquai,London,record_label,wd:Q216364,Epic Records,Wikidata P264
Jamiroquai,London,record_label,wd:Q3001888,"Sony BMG Music Entertainment, Inc.",Wikidata P264
Jamiroquai,London,record_label,wd:Q330629,Sony Music,Wikidata P264
Iron Maiden,London,record_label,wd:Q193023,Capitol Records,Wikidata P264
Iron Maiden,London,record_label,wd:Q216364,Epic Records,Wikidata P264
Iron Maiden,London,record_label,wd:Q55965015,EMI,Wikidata P264
Toploader,Eastbourne,record_label,wd:Q7388256,Sony Soho Square,Wikidata P264
New Order,Manchester,record_label,wd:Q2400027,Factory Benelux,Wikidata P264
New Order,Manchester,record_label,wd:Q240804,Mute Records,Wikidata P264
New Order,Manchester,record_label,wd:Q3414893,Qwest Records,Wikidata P264
New Order,Manchester,record_label,wd:Q578943,Factory Records,Wikidata P264
New Order,Manchester,record_label,wd:Q645889,Reprise Records,Wikidata P264
New Order,Manchester,record_label,wd:Q843402,Warner Bros. Records,Wikidata P264
New Order,Manchester,record_label,wd:Q935090,London Records,Wikidata P264
Massive Attack,Bristol,record_label,wd:Q183412,EMI,Wikidata P264
The Who,London,record_label,wd:Q155152,Polydor Records,Wikidata P264
The Who,London,record_label,wd:Q557632,Decca,Wikidata P264
The Who,London,record_label,wd:Q585643,Atco Records,Wikidata P264
The Who,London,record_label,wd:Q843402,Warner Bros. Records,Wikidata P264
The Who,London,record_label,wd:Q994175,Brunswick Records,Wikidata P264
alt-J,Leeds,record_label,wd:Q1253168,Infectious Music,Wikidata P264
alt-J,Leeds,record_label,wd:Q202440,Atlantic Records,Wikidata P264
Dexys Midnight Runners,Birmingham,record_label,wd:Q55965015,EMI,Wikidata P264
The Kinks,London,record_label,wd:Q202585,RCA Records,Wikidata P264
The Kinks,London,record_label,wd:Q2117397,Pye Records,Wikidata P264
The Kinks,London,record_label,wd:Q2338889,MCA Records,Wikidata P264
The Kinks,London,record_label,wd:Q330629,Sony Music,Wikidata P264
The Kinks,London,record_label,wd:Q38903,Universal Music Group,Wikidata P264
The Kinks,London,record_label,wd:Q6429478,Konk,Wikidata P264
The Kinks,London,record_label,wd:Q645889,Reprise Records,Wikidata P264
The Kinks,London,record_label,wd:Q664167,Arista Records,Wikidata P264
The Kinks,London,record_label,wd:Q935090,London Records,Wikidata P264
Supertramp,London,record_label,wd:Q1088453,Chrysalis Records,Wikidata P264
Supertramp,London,record_label,wd:Q277626,A&M Records,Wikidata P264
Oh Wonder,London,record_label,wd:Q190585,Island Records,Wikidata P264
Oh Wonder,London,record_label,wd:Q5045044,Virgin Music,Wikidata P264
Goodboys,London,record_label,wd:Q50133002,Virgin,Wikidata P264
The Wanted,London,record_label,wd:Q212699,Geffen Records,Wikidata P264
Culture Club,London,record_label,wd:Q203059,Virgin Records,Wikidata P264
Culture Club,London,record_label,wd:Q216364,Epic Records,Wikidata P264
Deep Purple,London,record_label,wd:Q1324712,Harvest,Wikidata P264
Deep Purple,London,record_label,wd:Q155152,Polydor Records,Wikidata P264
Deep Purple,London,record_label,wd:Q183412,EMI,Wikidata P264
Deep Purple,London,record_label,wd:Q21077,Warner Music Group,Wikidata P264
Deep Purple,London,record_label,wd:Q2859201,Aquarius Records,Wikidata P264
Deep Purple,London,record_label,wd:Q3519170,Tetragrammaton Records,Wikidata P264
Deep Purple,London,record_label,wd:Q3629023,EMI Records,Wikidata P264
Deep Purple,London,record_label,wd:Q523563,Edel Records,Wikidata P264
Deep Purple,London,record_label,wd:Q770103,Bertelsmann Music Group,Wikidata P264
Deep Purple,London,record_label,wd:Q796316,BMG Rights Management,Wikidata P264
Deep Purple,London,record_label,wd:Q843402,Warner Bros. Records,Wikidata P264
The Kooks,Brighton and Hove,record_label,wd:Q203059,Virgin Records,Wikidata P264
The Kooks,Brighton and Hove,record_label,wd:Q3629023,EMI Records,Wikidata P264
La Roux,London,record_label,wd:Q155152,Polydor Records,Wikidata P264
La Roux,London,record_label,wd:Q917561,Kitsuné,Wikidata P264
10cc,Manchester,record_label,wd:Q2467208,UK Records,Wikidata P264
CamelPhat,Liverpool,record_label,wd:Q2743409,Xploded Music,Wikidata P264
Take That,Manchester,record_label,wd:Q3233924,CBS Records,Wikidata P264
Take That,Manchester,record_label,wd:Q796316,BMG Rights Management,Wikidata P264
Whitesnake,Middlesbrough,record_label,wd:Q212699,Geffen Records,Wikidata P264
The Vamps,London,record_label,wd:Q13218788,Virgin EMI Records,Wikidata P264
The Vamps,London,record_label,wd:Q165745,Mercury Records,Wikidata P264
The Vamps,London,record_label,wd:Q55965015,EMI,Wikidata P264
The Human League,Sheffield,record_label,wd:Q183412,EMI,Wikidata P264
The Human League,Sheffield,record_label,wd:Q203059,Virgin Records,Wikidata P264
The Human League,Sheffield,record_label,wd:Q2310327,Fast Product,Wikidata P264
The Human League,Sheffield,record_label,wd:Q2576206,East West Records,Wikidata P264
The Human League,Sheffield,record_label,wd:Q264137,Caroline Records,Wikidata P264
The Human League,Sheffield,record_label,wd:Q277626,A&M Records,Wikidata P264
The Human League,Sheffield,record_label,wd:Q7133008,Papillon Records,Wikidata P264
The Human League,Sheffield,record_label,wd:Q976267,Wall of Sound,Wikidata P264
AlunaGeorge,London,record_label,wd:Q18155323,Tri Angle,Wikidata P264
AlunaGeorge,London,record_label,wd:Q190585,Island Records,Wikidata P264
AlunaGeorge,London,record_label,wd:Q38903,Universal Music Group,Wikidata P264
Portishead,Bristol,record_label,wd:Q1533331,Go! Discs,Wikidata P264
Portishead,Bristol,record_label,wd:Q190585,Island Records,Wikidata P264
Frou Frou,London,record_label,wd:Q190585,Island Records,Wikidata P264
Soft Cell,Leeds,record_label,wd:Q3489789,Some Bizzare,Wikidata P264
Stealers Wheel,Glasgow,record_label,wd:Q277626,A&M Records,Wikidata P264
Katrina & The Waves,Cambridge,record_label,wd:Q183412,EMI,Wikidata P264
Katrina & The Waves,Cambridge,record_label,wd:Q193023,Capitol Records,Wikidata P264
Katrina & The Waves,Cambridge,record_label,wd:Q21077,Warner Music Group,Wikidata P264
Katrina & The Waves,Cambridge,record_label,wd:Q2511544,SBK Records,Wikidata P264
Katrina & The Waves,Cambridge,record_label,wd:Q4818321,Attic,Wikidata P264
LF SYSTEM,Edinburgh,record_label,wd:Q21077,Warner Music Group,Wikidata P264
Everything But The Girl,Hull,record_label,wd:Q165711,Sire,Wikidata P264
Everything But The Girl,Hull,record_label,wd:Q202440,Atlantic Records,Wikidata P264
The La's,Liverpool,record_label,wd:Q1533331,Go! Discs,Wikidata P264
The xx,London,record_label,wd:Q1123947,XL Recordings,Wikidata P264
Fine Young Cannibals,Birmingham,record_label,wd:Q2265719,I.R.S. Records,Wikidata P264
Fine Young Cannibals,Birmingham,record_label,wd:Q935090,London Records,Wikidata P264
Stereophonics,Cardiff,record_label,wd:Q6753829,MapleMusic Recordings,Wikidata P264
Bush,London,record_label,wd:Q1273666,MNRK Music Group,Wikidata P264
Bush,London,record_label,wd:Q202440,Atlantic Records,Wikidata P264
Cocteau Twins,Falkirk,record_label,wd:Q238095,4AD,Wikidata P264
The Zombies,London,record_label,wd:Q183387,Columbia Records,Wikidata P264
The Zombies,London,record_label,wd:Q2413622,The End Records,Wikidata P264
The Zombies,London,record_label,wd:Q2630076,Tower Records,Wikidata P264
The Zombies,London,record_label,wd:Q2792712,Parrot,Wikidata P264
The Zombies,London,record_label,wd:Q5227548,Date Records,Wikidata P264
The Zombies,London,record_label,wd:Q557632,Decca,Wikidata P264
The Zombies,London,record_label,wd:Q7304384,Red House Records,Wikidata P264
Hot Chocolate,London,record_label,wd:Q213710,Apple Records,Wikidata P264
Hot Chocolate,London,record_label,wd:Q3844913,Manticore Records,Wikidata P264
Hot Chocolate,London,record_label,wd:Q478062,RAK,Wikidata P264
Hot Chocolate,London,record_label,wd:Q4906603,Big Tree Records,Wikidata P264
The Alan Parsons Project,Glasgow,record_label,wd:Q1063242,Charisma,Wikidata P264
The Alan Parsons Project,Glasgow,record_label,wd:Q664167,Arista Records,Wikidata P264
Chase & Status,London,record_label,wd:Q1194456,Roc Nation,Wikidata P264
Chase & Status,London,record_label,wd:Q1330417,Vertigo Records,Wikidata P264
Chase & Status,London,record_label,wd:Q165745,Mercury Records,Wikidata P264
Chase & Status,London,record_label,wd:Q4048005,RAM Records,Wikidata P264
Hurts,Manchester,record_label,wd:Q202585,RCA Records,Wikidata P264
Chumbawamba,Burnley,record_label,wd:Q1273666,MNRK Music Group,Wikidata P264
Chumbawamba,Burnley,record_label,wd:Q183412,EMI,Wikidata P264
Chumbawamba,Burnley,record_label,wd:Q1848933,One Little Independent Records,Wikidata P264
Chumbawamba,Burnley,record_label,wd:Q7044444,No Masters,Wikidata P264
A Flock Of Seagulls,Liverpool,record_label,wd:Q27184,Jive Records,Wikidata P264
Slowdive,Reading,record_label,wd:Q1139341,Creation Records,Wikidata P264
Slowdive,Reading,record_label,wd:Q5245342,Dead Oceans,Wikidata P264
Supergrass,Oxford,record_label,wd:Q183412,EMI,Wikidata P264
Supergrass,Oxford,record_label,wd:Q193023,Capitol Records,Wikidata P264
Supergrass,Oxford,record_label,wd:Q208909,Parlophone,Wikidata P264
Supergrass,Oxford,record_label,wd:Q2996526,Cooking Vinyl,Wikidata P264
Supergrass,Oxford,record_label,wd:Q7068342,Nude Records,Wikidata P264
Cream,London,record_label,wd:Q155152,Polydor Records,Wikidata P264
Cream,London,record_label,wd:Q3421539,Reaction,Wikidata P264
Cream,London,record_label,wd:Q585643,Atco Records,Wikidata P264
Motörhead,London,record_label,wd:Q1093518,GWR Records,Wikidata P264
Motörhead,London,record_label,wd:Q1347984,Sanctuary Records,Wikidata P264
Motörhead,London,record_label,wd:Q216364,Epic Records,Wikidata P264
Motörhead,London,record_label,wd:Q4818321,Attic,Wikidata P264
Motörhead,London,record_label,wd:Q671229,Bronze,Wikidata P264
Motörhead,London,record_label,wd:Q694052,SPV GmbH,Wikidata P264
Yes,London,record_label,wd:Q202440,Atlantic Records,Wikidata P264
Yes,London,record_label,wd:Q585643,Atco Records,Wikidata P264
Yes,London,record_label,wd:Q726251,Elektra,Wikidata P264
Nazareth,Edinburgh,record_label,wd:Q6907678,Mooncrest,Wikidata P264
Foals,Oxford,record_label,wd:Q126399,Warner Bros. Entertainment,Wikidata P264
Foals,Oxford,record_label,wd:Q4051704,Transgressive Records,Wikidata P264
Foals,Oxford,record_label,wd:Q778673,Sub Pop,Wikidata P264
Foals,Oxford,record_label,wd:Q843402,Warner Bros. Records,Wikidata P264
The Foundations,London,record_label,wd:Q2117397,Pye Records,Wikidata P264
CHVRCHES,Glasgow,record_label,wd:Q203059,Virgin Records,Wikidata P264
CHVRCHES,Glasgow,record_label,wd:Q3771894,Glassnote Records,Wikidata P264
Joy Division,Manchester,record_label,wd:Q578943,Factory Records,Wikidata P264
The Fratellis,Glasgow,record_label,wd:Q190585,Island Records,Wikidata P264
The Fratellis,Glasgow,record_label,wd:Q231694,Interscope Records,Wikidata P264
The Fratellis,Glasgow,record_label,wd:Q3001888,"Sony BMG Music Entertainment, Inc.",Wikidata P264
Judas Priest,Birmingham,record_label,wd:Q216364,Epic Records,Wikidata P264
Judas Priest,Birmingham,record_label,wd:Q330629,Sony Music,Wikidata P264
Judas Priest,Birmingham,record_label,wd:Q56760250,Sony Music,Wikidata P264
T. Rex,London,record_label,wd:Q111031086,IL,Wikidata P264
T. Rex,London,record_label,wd:Q1397914,Fat Possum Records,Wikidata P264
T. Rex,London,record_label,wd:Q2137237,Regal Zonophone,Wikidata P264
T. Rex,London,record_label,wd:Q5463202,Fly Records,Wikidata P264
T. Rex,London,record_label,wd:Q645889,Reprise Records,Wikidata P264
Metronomy,Plymouth,record_label,wd:Q2740367,Because Music,Wikidata P264
Talk Talk,London,record_label,wd:Q1124849,Verve Records,Wikidata P264
Talk Talk,London,record_label,wd:Q155152,Polydor Records,Wikidata P264
Talk Talk,London,record_label,wd:Q183412,EMI,Wikidata P264
Talk Talk,London,record_label,wd:Q208909,Parlophone,Wikidata P264
Bananarama,London,record_label,wd:Q136549,ZYX Music,Wikidata P264
Bananarama,London,record_label,wd:Q2733913,Deram,Wikidata P264
Bananarama,London,record_label,wd:Q627091,Rhino Entertainment Company,Wikidata P264
Bananarama,London,record_label,wd:Q69529331,M6 Music Label,Wikidata P264
Bananarama,London,record_label,wd:Q935090,London Records,Wikidata P264
Underworld,London,record_label,wd:Q2996526,Cooking Vinyl,Wikidata P264
Blue,London,record_label,wd:Q16254300,Innocent,Wikidata P264
Kasabian,Leicester,record_label,wd:Q202585,RCA Records,Wikidata P264
Bad Company,London,record_label,wd:Q190585,Island Records,Wikidata P264
Bad Company,London,record_label,wd:Q202440,Atlantic Records,Wikidata P264
Bad Company,London,record_label,wd:Q585643,Atco Records,Wikidata P264
Madness,London,record_label,wd:Q1124849,Verve Records,Wikidata P264
Madness,London,record_label,wd:Q1750746,Stiff Records,Wikidata P264
Madness,London,record_label,wd:Q203059,Virgin Records,Wikidata P264
Madness,London,record_label,wd:Q222885,2 Tone Records,Wikidata P264
Nothing But Thieves,London,record_label,wd:Q202585,RCA Records,Wikidata P264
The Stone Roses,Manchester,record_label,wd:Q5954223,Silvertone Records,Wikidata P264
The Buggles,London,record_label,wd:Q190585,Island Records,Wikidata P264
Placebo,London,record_label,wd:Q1200368,Astralwerks,Wikidata P264
Placebo,London,record_label,wd:Q183412,EMI,Wikidata P264
Placebo,London,record_label,wd:Q203059,Virgin Records,Wikidata P264
Placebo,London,record_label,wd:Q264137,Caroline Records,Wikidata P264
Placebo,London,record_label,wd:Q3113687,Hut Records,Wikidata P264
The Sundays,London,record_label,wd:Q385558,Rough Trade,Wikidata P264
Orchestral Manoeuvres In The Dark,Liverpool,record_label,wd:Q203059,Virgin Records,Wikidata P264
Orchestral Manoeuvres In The Dark,Liverpool,record_label,wd:Q578943,Factory Records,Wikidata P264
Dead Or Alive,Liverpool,record_label,wd:Q1397901,Cleopatra Records,Wikidata P264
Dead Or Alive,Liverpool,record_label,wd:Q1988428,Avex Trax,Wikidata P264
Dead Or Alive,Liverpool,record_label,wd:Q216364,Epic Records,Wikidata P264
Dead Or Alive,Liverpool,record_label,wd:Q732503,Sony Music Entertainment Japan,Wikidata P264
Groove Armada,London,record_label,wd:Q183387,Columbia Records,Wikidata P264
Generation X,London,record_label,wd:Q1088453,Chrysalis Records,Wikidata P264
Yazoo,London,record_label,wd:Q240804,Mute Records,Wikidata P264
Bloc Party,London,record_label,wd:Q202440,Atlantic Records,Wikidata P264
Bloc Party,London,record_label,wd:Q796316,BMG Rights Management,Wikidata P264
Gorgon City,London,record_label,wd:Q17985937,Black Butter Records,Wikidata P264
Gorgon City,London,record_label,wd:Q522618,Priority Records,Wikidata P264
Sugababes,London,record_label,wd:Q190585,Island Records,Wikidata P264
Sugababes,London,record_label,wd:Q202585,RCA Records,Wikidata P264
Sugababes,London,record_label,wd:Q231694,Interscope Records,Wikidata P264
Sugababes,London,record_label,wd:Q935090,London Records,Wikidata P264
Architects,Brighton and Hove,record_label,wd:Q158867,Century Media Records,Wikidata P264
Architects,Brighton and Hove,record_label,wd:Q22087173,In at the Deep End Records,Wikidata P264
Architects,Brighton and Hove,record_label,wd:Q726153,Epitaph Records,Wikidata P264
Kaiser Chiefs,Leeds,record_label,wd:Q128280,ATO Records,Wikidata P264
Kaiser Chiefs,Leeds,record_label,wd:Q155152,Polydor Records,Wikidata P264
Kaiser Chiefs,Leeds,record_label,wd:Q2481499,Fiction Records,Wikidata P264
Kaiser Chiefs,Leeds,record_label,wd:Q38903,Universal Music Group,Wikidata P264
Kaiser Chiefs,Leeds,record_label,wd:Q4833713,B-Unique Records,Wikidata P264
Kaiser Chiefs,Leeds,record_label,wd:Q6541005,Liberation Music,Wikidata P264
Kaiser Chiefs,Leeds,record_label,wd:Q77308970,Caroline International,Wikidata P264
Basement Jaxx,London,record_label,wd:Q1123947,XL Recordings,Wikidata P264
Basement Jaxx,London,record_label,wd:Q1200368,Astralwerks,Wikidata P264
Basement Jaxx,London,record_label,wd:Q1973834,Play It Again Sam,Wikidata P264
Basement Jaxx,London,record_label,wd:Q231694,Interscope Records,Wikidata P264
Basement Jaxx,London,record_label,wd:Q2573393,Ultra Records,Wikidata P264
Basement Jaxx,London,record_label,wd:Q4816467,Atlantic Jaxx,Wikidata P264
Lighthouse Family,Newcastle,record_label,wd:Q38903,Universal Music Group,Wikidata P264
The Struts,Derby,record_label,wd:Q231694,Interscope Records,Wikidata P264
The Wombats,Liverpool,record_label,wd:Q2807950,14th Floor Records,Wikidata P264
Travis,Glasgow,record_label,wd:Q216364,Epic Records,Wikidata P264
Mattafix,London,record_label,wd:Q203059,Virgin Records,Wikidata P264
Royal Blood,Brighton and Hove,record_label,wd:Q843402,Warner Bros. Records,Wikidata P264
Free,London,record_label,wd:Q190585,Island Records,Wikidata P264
Free,London,record_label,wd:Q277626,A&M Records,Wikidata P264
London Grammar,Nottingham,record_label,wd:Q183387,Columbia Records,Wikidata P264
London Grammar,Nottingham,record_label,wd:Q23087,Ministry of Sound,Wikidata P264
Pulp,Sheffield,record_label,wd:Q190585,Island Records,Wikidata P264
Pulp,Sheffield,record_label,wd:Q5451422,Fire Records,Wikidata P264
The Heavy,Bath and North East Somerset,record_label,wd:Q796316,BMG Rights Management,Wikidata P264
Neck Deep,Wrexham,record_label,wd:Q28374380,We Are Triumphant,Wikidata P264
Neck Deep,Wrexham,record_label,wd:Q28374388,Pinky Swear Records,Wikidata P264
Neck Deep,Wrexham,record_label,wd:Q942820,Hopeless Records,Wikidata P264
Frankie Goes To Hollywood,Liverpool,record_label,wd:Q136485,ZTT Records,Wikidata P264
Atomic Kitten,Liverpool,record_label,wd:Q55965015,EMI,Wikidata P264
Still Corners,London,record_label,wd:Q778673,Sub Pop,Wikidata P264
Asking Alexandria,York,record_label,wd:Q2117925,Sumerian Records,Wikidata P264
All Saints,London,record_label,wd:Q136485,ZTT Records,Wikidata P264
Sigma,Leeds,record_label,wd:Q1630451,Hospital Records,Wikidata P264
Sigma,Leeds,record_label,wd:Q2484080,3 Beat Records,Wikidata P264
Sigma,Leeds,record_label,wd:Q2743409,Xploded Music,Wikidata P264
Sigma,Leeds,record_label,wd:Q850546,Breakbeat Kaos,Wikidata P264
Moloko,Sheffield,record_label,wd:Q7731485,Echo,Wikidata P264
Status Quo,London,record_label,wd:Q2117397,Pye Records,Wikidata P264
The Darkness,Ipswich,record_label,wd:Q202440,Atlantic Records,Wikidata P264
The Darkness,Ipswich,record_label,wd:Q6943170,Must Destroy,Wikidata P264
Texas,Glasgow,record_label,wd:Q1330417,Vertigo Records,Wikidata P264
Texas,Glasgow,record_label,wd:Q165745,Mercury Records,Wikidata P264
Texas,Glasgow,record_label,wd:Q796316,BMG Rights Management,Wikidata P264
Edison Lighthouse,London,record_label,wd:Q4883239,,Wikidata P264
Wang Chung,London,record_label,wd:Q664167,Arista Records,Wikidata P264
The Cult,Leeds,record_label,wd:Q126039,Beggars Banquet Records,Wikidata P264
The Cult,Leeds,record_label,wd:Q7532146,Situation Two,Wikidata P264
Rainbow,London,record_label,wd:Q155152,Polydor Records,Wikidata P264
Rainbow,London,record_label,wd:Q165745,Mercury Records,Wikidata P264
Rainbow,London,record_label,wd:Q770103,Bertelsmann Music Group,Wikidata P264
Echo & the Bunnymen,Liverpool,record_label,wd:Q6432589,Korova,Wikidata P264
Echo & the Bunnymen,Liverpool,record_label,wd:Q843402,Warner Bros. Records,Wikidata P264
The Shapeshifters,London,record_label,wd:Q183412,EMI,Wikidata P264
Above & Beyond,London,record_label,wd:Q551566,Anjunabeats,Wikidata P264
Daughter,London,record_label,wd:Q238095,4AD,Wikidata P264
Daughter,London,record_label,wd:Q3771894,Glassnote Records,Wikidata P264
The Moody Blues,Birmingham,record_label,wd:Q155152,Polydor Records,Wikidata P264
The Moody Blues,Birmingham,record_label,wd:Q2733913,Deram,Wikidata P264
The Moody Blues,Birmingham,record_label,wd:Q38903,Universal Music Group,Wikidata P264
The Moody Blues,Birmingham,record_label,wd:Q3939773,The Rocket Record Company,Wikidata P264
The Moody Blues,Birmingham,record_label,wd:Q557632,Decca,Wikidata P264
The Moody Blues,Birmingham,record_label,wd:Q935090,London Records,Wikidata P264
Ten Years After,Nottingham,record_label,wd:Q1088453,Chrysalis Records,Wikidata P264
Ten Years After,Nottingham,record_label,wd:Q183387,Columbia Records,Wikidata P264
Ten Years After,Nottingham,record_label,wd:Q2733913,Deram,Wikidata P264
Ten Years After,Nottingham,record_label,wd:Q557632,Decca,Wikidata P264
Ten Years After,Nottingham,record_label,wd:Q700359,PolyGram,Wikidata P264
Morcheeba,London,record_label,wd:Q1073478,China Records,Wikidata P264
Morcheeba,London,record_label,wd:Q1973834,Play It Again Sam,Wikidata P264
Morcheeba,London,record_label,wd:Q585626,Discovery Records,Wikidata P264
Thompson Twins,Sheffield,record_label,wd:Q664167,Arista Records,Wikidata P264
Thompson Twins,Sheffield,record_label,wd:Q7672671,T Records,Wikidata P264
Thompson Twins,Sheffield,record_label,wd:Q843402,Warner Bros. Records,Wikidata P264
Wet Wet Wet,Glasgow,record_label,wd:Q510092,Uni,Wikidata P264
Loathe,Liverpool,record_label,wd:Q24884453,SharpTone Records,Wikidata P264
Steel Pulse,Birmingham,record_label,wd:Q190585,Island Records,Wikidata P264
The Psychedelic Furs,London,record_label,wd:Q183387,Columbia Records,Wikidata P264
Siouxsie and the Banshees,London,record_label,wd:Q1347984,Sanctuary Records,Wikidata P264
Siouxsie and the Banshees,London,record_label,wd:Q155152,Polydor Records,Wikidata P264
Siouxsie and the Banshees,London,record_label,wd:Q212699,Geffen Records,Wikidata P264
DragonForce,London,record_label,wd:Q18628,Roadrunner Records,Wikidata P264
Zero 7,London,record_label,wd:Q202440,Atlantic Records,Wikidata P264
Zero 7,London,record_label,wd:Q3361558,Palm Pictures,Wikidata P264
The Streets,Birmingham,record_label,wd:Q202440,Atlantic Records,Wikidata P264
The Streets,Birmingham,record_label,wd:Q2818028,679 Artists,Wikidata P264
The Streets,Birmingham,record_label,wd:Q6665396,Locked On Records,Wikidata P264
Starsailor,Manchester,record_label,wd:Q183412,EMI,Wikidata P264
Starsailor,Manchester,record_label,wd:Q203059,Virgin Records,Wikidata P264
Smokie,Leeds,record_label,wd:Q478062,RAK,Wikidata P264
The Jam,London,record_label,wd:Q155152,Polydor Records,Wikidata P264
Jethro Tull,Luton,record_label,wd:Q1088453,Chrysalis Records,Wikidata P264
Jethro Tull,Luton,record_label,wd:Q183412,EMI,Wikidata P264
Jethro Tull,Luton,record_label,wd:Q190585,Island Records,Wikidata P264
Jethro Tull,Luton,record_label,wd:Q1958630,Fuel 2000,Wikidata P264
Jethro Tull,Luton,record_label,wd:Q373246,Eagle Records,Wikidata P264
Jethro Tull,Luton,record_label,wd:Q645889,Reprise Records,Wikidata P264
Saint Etienne,London,record_label,wd:Q1139341,Creation Records,Wikidata P264
Saint Etienne,London,record_label,wd:Q375229,Heavenly Recordings,Wikidata P264
Skindred,Newport,record_label,wd:Q4035084,Bieler Bros. Records,Wikidata P264
Skindred,Newport,record_label,wd:Q693194,Napalm Records,Wikidata P264
NERO,London,record_label,wd:Q16953936,MTA Records,Wikidata P264
NERO,London,record_label,wd:Q21091,Cherrytree Records,Wikidata P264
NERO,London,record_label,wd:Q231694,Interscope Records,Wikidata P264
Manfred Mann's Earth Band,London,record_label,wd:Q1536003,Philips Records,Wikidata P264
Manfred Mann's Earth Band,London,record_label,wd:Q664167,Arista Records,Wikidata P264
Manfred Mann's Earth Band,London,record_label,wd:Q671229,Bronze,Wikidata P264
Manfred Mann's Earth Band,London,record_label,wd:Q843402,Warner Bros. Records,Wikidata P264
Five,London,record_label,wd:Q770103,Bertelsmann Music Group,Wikidata P264
The Specials,Coventry,record_label,wd:Q1088453,Chrysalis Records,Wikidata P264
The Specials,Coventry,record_label,wd:Q203059,Virgin Records,Wikidata P264
The Specials,Coventry,record_label,wd:Q222885,2 Tone Records,Wikidata P264
The Real Thing,Liverpool,record_label,wd:Q2117397,Pye Records,Wikidata P264
Sneaker Pimps,Middlesbrough,record_label,wd:Q1848933,One Little Independent Records,Wikidata P264
Johnny Hates Jazz,London,record_label,wd:Q478062,RAK,Wikidata P264
Procol Harum,London,record_label,wd:Q1088453,Chrysalis Records,Wikidata P264
Procol Harum,London,record_label,wd:Q111031086,IL,Wikidata P264
Procol Harum,London,record_label,wd:Q190585,Island Records,Wikidata P264
Procol Harum,London,record_label,wd:Q2137237,Regal Zonophone,Wikidata P264
Procol Harum,London,record_label,wd:Q2733913,Deram,Wikidata P264
Procol Harum,London,record_label,wd:Q277626,A&M Records,Wikidata P264
Procol Harum,London,record_label,wd:Q543391,DJM Records,Wikidata P264
Procol Harum,London,record_label,wd:Q5463202,Fly Records,Wikidata P264
Procol Harum,London,record_label,wd:Q645889,Reprise Records,Wikidata P264
A1,London,record_label,wd:Q38903,Universal Music Group,Wikidata P264
The Last Shadow Puppets,Sheffield,record_label,wd:Q1238400,Domino Recording Company,Wikidata P264
KNEECAP,Belfast,record_label,wd:Q375229,Heavenly Recordings,Wikidata P264
The Ting Tings,Manchester,record_label,wd:Q1194456,Roc Nation,Wikidata P264
The Ting Tings,Manchester,record_label,wd:Q183387,Columbia Records,Wikidata P264
Sex Pistols,London,record_label,wd:Q183412,EMI,Wikidata P264
Sex Pistols,London,record_label,wd:Q203059,Virgin Records,Wikidata P264
Sex Pistols,London,record_label,wd:Q277626,A&M Records,Wikidata P264
Sex Pistols,London,record_label,wd:Q3629023,EMI Records,Wikidata P264
Sex Pistols,London,record_label,wd:Q38903,Universal Music Group,Wikidata P264
Sex Pistols,London,record_label,wd:Q843402,Warner Bros. Records,Wikidata P264
Kero Kero Bonito,London,record_label,wd:Q5299723,Double Denim Records,Wikidata P264
Pilot,Edinburgh,record_label,wd:Q3629023,EMI Records,Wikidata P264
Skunk Anansie,London,record_label,wd:Q1848933,One Little Independent Records,Wikidata P264
Skunk Anansie,London,record_label,wd:Q216364,Epic Records,Wikidata P264
Boards of Canada,Edinburgh,record_label,wd:Q475607,Skam Records,Wikidata P264
Boards of Canada,Edinburgh,record_label,wd:Q543707,Warp,Wikidata P264
Primal Scream,Glasgow,record_label,wd:Q1139341,Creation Records,Wikidata P264
Primal Scream,Glasgow,record_label,wd:Q1200368,Astralwerks,Wikidata P264
Primal Scream,Glasgow,record_label,wd:Q3050801,Elevation Records,Wikidata P264
Ultravox,London,record_label,wd:Q190585,Island Records,Wikidata P264
N-Trance,Manchester,record_label,wd:Q836202,PWL,Wikidata P264
Belle and Sebastian,Glasgow,record_label,wd:Q385558,Rough Trade,Wikidata P264
Badfinger,Swansea,record_label,wd:Q1542119,United Artists Records,Wikidata P264
Badfinger,Swansea,record_label,wd:Q213710,Apple Records,Wikidata P264
Badfinger,Swansea,record_label,wd:Q3844913,Manticore Records,Wikidata P264
Badfinger,Swansea,record_label,wd:Q64485314,Warner Records,Wikidata P264
Badfinger,Swansea,record_label,wd:Q7077570,Ode Records,Wikidata P264
Badfinger,Swansea,record_label,wd:Q726251,Elektra,Wikidata P264
The Spencer Davis Group,Birmingham,record_label,wd:Q1542119,United Artists Records,Wikidata P264
The Spencer Davis Group,Birmingham,record_label,wd:Q190585,Island Records,Wikidata P264
The Spencer Davis Group,Birmingham,record_label,wd:Q585643,Atco Records,Wikidata P264
The Spencer Davis Group,Birmingham,record_label,wd:Q729590,Fontana Records,Wikidata P264
Imagination,London,record_label,wd:Q7273216,R&B Records,Wikidata P264
The Beautiful South,Hull,record_label,wd:Q2482872,Universal Records,Wikidata P264
IDLES,Bristol,record_label,wd:Q7140619,Partisan Records,Wikidata P264
Mis-Teeq,London,record_label,wd:Q7697852,Telstar,Wikidata P264
UFO,London,record_label,wd:Q1088453,Chrysalis Records,Wikidata P264
White Lies,London,record_label,wd:Q2481499,Fiction Records,Wikidata P264
The Vaccines,London,record_label,wd:Q183387,Columbia Records,Wikidata P264
Modern English,Colchester,record_label,wd:Q238095,4AD,Wikidata P264
The Lightning Seeds,Liverpool,record_label,wd:Q203059,Virgin Records,Wikidata P264
Squeeze,London,record_label,wd:Q2265719,I.R.S. Records,Wikidata P264
Squeeze,London,record_label,wd:Q277626,A&M Records,Wikidata P264
ABC,Sheffield,record_label,wd:Q55965015,EMI,Wikidata P264
Ace,Sheffield,record_label,wd:Q4752698,Anchor Records,Wikidata P264
Busted,London,record_label,wd:Q190585,Island Records,Wikidata P264
Busted,London,record_label,wd:Q2576206,East West Records,Wikidata P264
Girls Aloud,London,record_label,wd:Q155152,Polydor Records,Wikidata P264
Girls Aloud,London,record_label,wd:Q2604329,Fascination Records,Wikidata P264
Bear's Den,London,record_label,wd:Q5154244,Communion Music,Wikidata P264
Noah And The Whale,London,record_label,wd:Q165745,Mercury Records,Wikidata P264
The Jesus and Mary Chain,Glasgow,record_label,wd:Q1139341,Creation Records,Wikidata P264
Bombay Bicycle Club,London,record_label,wd:Q190585,Island Records,Wikidata P264
You Me At Six,London,record_label,wd:Q203059,Virgin Records,Wikidata P264
You Me At Six,London,record_label,wd:Q726153,Epitaph Records,Wikidata P264
You Me At Six,London,record_label,wd:Q7538571,Slam Dunk Records,Wikidata P264
Go West,London,record_label,wd:Q1088453,Chrysalis Records,Wikidata P264
Traffic,Birmingham,record_label,wd:Q190585,Island Records,Wikidata P264
Cornershop,Leicester,record_label,wd:Q3568013,Wiiija,Wikidata P264
Hot Chip,London,record_label,wd:Q1153070,DFA Records,Wikidata P264
Hot Chip,London,record_label,wd:Q1200368,Astralwerks,Wikidata P264
Hot Chip,London,record_label,wd:Q1238400,Domino Recording Company,Wikidata P264
Hot Chip,London,record_label,wd:Q55965015,EMI,Wikidata P264
The Libertines,London,record_label,wd:Q385558,Rough Trade,Wikidata P264
Heatwave,London,record_label,wd:Q2153168,GTO Records,Wikidata P264
Manic Street Preachers,Cardiff,record_label,wd:Q183387,Columbia Records,Wikidata P264
Elbow,Manchester,record_label,wd:Q1191537,V2 Records,Wikidata P264
The Troggs,Southampton,record_label,wd:Q585643,Atco Records,Wikidata P264
The Troggs,Southampton,record_label,wd:Q729590,Fontana Records,Wikidata P264
Orbital,London,record_label,wd:Q5425430,FFRR,Wikidata P264
Crystal Fighters,London,record_label,wd:Q202440,Atlantic Records,Wikidata P264
Crystal Fighters,London,record_label,wd:Q5275295,Different Recordings,Wikidata P264
Herman's Hermits,Manchester,record_label,wd:Q183387,Columbia Records,Wikidata P264
Floetry,Liverpool,record_label,wd:Q155152,Polydor Records,Wikidata P264
Floetry,Liverpool,record_label,wd:Q1899781,DreamWorks Records,Wikidata P264
Average White Band,Dundee City,record_label,wd:Q202440,Atlantic Records,Wikidata P264
Del Amitri,Glasgow,record_label,wd:Q1088453,Chrysalis Records,Wikidata P264
Courteeners,Manchester,record_label,wd:Q155152,Polydor Records,Wikidata P264
Climie Fisher,London,record_label,wd:Q183412,EMI,Wikidata P264
Climie Fisher,London,record_label,wd:Q193023,Capitol Records,Wikidata P264
Kokoroko,London,record_label,wd:Q3204724,Brownswood Recordings,Wikidata P264
Bauhaus,Northampton,record_label,wd:Q126039,Beggars Banquet Records,Wikidata P264
Bauhaus,Northampton,record_label,wd:Q238095,4AD,Wikidata P264
Bauhaus,Northampton,record_label,wd:Q781847,Small Wonder Records,Wikidata P264
Steps,London,record_label,wd:Q27184,Jive Records,Wikidata P264
Klaxons,London,record_label,wd:Q1306283,Modular Recordings,Wikidata P264
Klaxons,London,record_label,wd:Q155152,Polydor Records,Wikidata P264
Klaxons,London,record_label,wd:Q212699,Geffen Records,Wikidata P264
Klaxons,London,record_label,wd:Q4764019,Angular Recording Corporation,Wikidata P264
Klaxons,London,record_label,wd:Q616975,Ed Banger Records,Wikidata P264
Ultrabeat,Liverpool,record_label,wd:Q2743409,Xploded Music,Wikidata P264
M People,Manchester,record_label,wd:Q2891955,Deconstruction Records,Wikidata P264
The Dream Academy,London,record_label,wd:Q843402,Warner Bros. Records,Wikidata P264
Suede,London,record_label,wd:Q183387,Columbia Records,Wikidata P264
Suede,London,record_label,wd:Q7068342,Nude Records,Wikidata P264
Circa Waves,Liverpool,record_label,wd:Q4051704,Transgressive Records,Wikidata P264
The Coral,Liverpool,record_label,wd:Q5254811,Deltasonic,Wikidata P264
XTC,Swindon,record_label,wd:Q203059,Virgin Records,Wikidata P264
XTC,Swindon,record_label,wd:Q212699,Geffen Records,Wikidata P264
XTC,Swindon,record_label,wd:Q264137,Caroline Records,Wikidata P264
XTC,Swindon,record_label,wd:Q2996526,Cooking Vinyl,Wikidata P264
Audio Bullys,London,record_label,wd:Q1200368,Astralwerks,Wikidata P264
The Saturdays,London,record_label,wd:Q155152,Polydor Records,Wikidata P264
The Saturdays,London,record_label,wd:Q2604329,Fascination Records,Wikidata P264
Feeder,Newport,record_label,wd:Q1202628,Victor Entertainment,Wikidata P264
Feeder,Newport,record_label,wd:Q18628,Roadrunner Records,Wikidata P264
Feeder,Newport,record_label,wd:Q2996526,Cooking Vinyl,Wikidata P264
Feeder,Newport,record_label,wd:Q7731485,Echo,Wikidata P264
Uriah Heep,London,record_label,wd:Q1088453,Chrysalis Records,Wikidata P264
Uriah Heep,London,record_label,wd:Q1330417,Vertigo Records,Wikidata P264
Uriah Heep,London,record_label,wd:Q671229,Bronze,Wikidata P264
Uriah Heep,London,record_label,wd:Q843402,Warner Bros. Records,Wikidata P264
Happy Mondays,Manchester,record_label,wd:Q578943,Factory Records,Wikidata P264
Buzzcocks,Manchester,record_label,wd:Q219400,United Artists,Wikidata P264
Buzzcocks,Manchester,record_label,wd:Q2265719,I.R.S. Records,Wikidata P264
Ladytron,Liverpool,record_label,wd:Q1029135,Nettwerk,Wikidata P264
The Style Council,London,record_label,wd:Q155152,Polydor Records,Wikidata P264
The Style Council,London,record_label,wd:Q212699,Geffen Records,Wikidata P264
Big Country,Edinburgh,record_label,wd:Q165745,Mercury Records,Wikidata P264
New Hope Club,Manchester,record_label,wd:Q28677826,Steady Records,Wikidata P264
New Hope Club,Manchester,record_label,wd:Q387539,Hollywood Records,Wikidata P264
Deacon Blue,Glasgow,record_label,wd:Q1088453,Chrysalis Records,Wikidata P264
Deacon Blue,Glasgow,record_label,wd:Q183387,Columbia Records,Wikidata P264
Slade,Birmingham,record_label,wd:Q155152,Polydor Records,Wikidata P264
Slade,Birmingham,record_label,wd:Q216364,Epic Records,Wikidata P264
Slade,Birmingham,record_label,wd:Q729590,Fontana Records,Wikidata P264
Freemasons,Brighton and Hove,record_label,wd:Q6663351,Loaded Records,Wikidata P264
Ocean Colour Scene,Birmingham,record_label,wd:Q729590,Fontana Records,Wikidata P264
Them,Belfast,record_label,wd:Q2733913,Deram,Wikidata P264
Them,Belfast,record_label,wd:Q557632,Decca,Wikidata P264
UNKLE,London,record_label,wd:Q1744506,Mo' Wax,Wikidata P264
JLS,London,record_label,wd:Q216364,Epic Records,Wikidata P264
JLS,London,record_label,wd:Q27184,Jive Records,Wikidata P264
JLS,London,record_label,wd:Q330629,Sony Music,Wikidata P264
JLS,London,record_label,wd:Q50074604,RCA,Wikidata P264
Steve Harley & Cockney Rebel,London,record_label,wd:Q55965015,EMI,Wikidata P264
The Fixx,London,record_label,wd:Q2338889,MCA Records,Wikidata P264
N-Dubz,London,record_label,wd:Q155152,Polydor Records,Wikidata P264
Aztec Camera,Glasgow,record_label,wd:Q843402,Warner Bros. Records,Wikidata P264
Aztec Camera,Glasgow,record_label,wd:Q935553,Postcard Records,Wikidata P264
The Undertones,Derry & Strabane Local Government District,record_label,wd:Q165711,Sire,Wikidata P264
The Undertones,Derry & Strabane Local Government District,record_label,wd:Q5583051,Good Vibrations,Wikidata P264
The Yardbirds,London,record_label,wd:Q183387,Columbia Records,Wikidata P264
The Yardbirds,London,record_label,wd:Q5086379,Charly Records,Wikidata P264
The Yardbirds,London,record_label,wd:Q66717800,Fruits de Mer Records,Wikidata P264
Stereolab,London,record_label,wd:Q1254522,Drag City,Wikidata P264
Stereolab,London,record_label,wd:Q17085321,Duophonic Records,Wikidata P264
Stereolab,London,record_label,wd:Q238095,4AD,Wikidata P264
Stereolab,London,record_label,wd:Q3074625,Flying Nun Records,Wikidata P264
Stereolab,London,record_label,wd:Q726251,Elektra,Wikidata P264
The Staves,London,record_label,wd:Q202440,Atlantic Records,Wikidata P264
Killing Joke,London,record_label,wd:Q1124153,Spinefarm Records,Wikidata P264
Killing Joke,London,record_label,wd:Q1611073,E.G. Records,Wikidata P264
Killing Joke,London,record_label,wd:Q190585,Island Records,Wikidata P264
Doves,Manchester,record_label,wd:Q375229,Heavenly Recordings,Wikidata P264
Blind Faith,Guildford,record_label,wd:Q155152,Polydor Records,Wikidata P264
Blind Faith,Guildford,record_label,wd:Q190585,Island Records,Wikidata P264
Blind Faith,Guildford,record_label,wd:Q585643,Atco Records,Wikidata P264
Porcupine Tree,Dacorum,record_label,wd:Q202440,Atlantic Records,Wikidata P264
Porcupine Tree,Dacorum,record_label,wd:Q5253631,Delerium Records,Wikidata P264
Hard-Fi,London,record_label,wd:Q16955482,Necessary Records,Wikidata P264
Hard-Fi,London,record_label,wd:Q202440,Atlantic Records,Wikidata P264
Los Campesinos!,Cardiff,record_label,wd:Q1810123,Wichita Recordings,Wikidata P264
Los Campesinos!,Cardiff,record_label,wd:Q4034425,Arts & Crafts Productions,Wikidata P264
Swing Out Sister,Manchester,record_label,wd:Q165745,Mercury Records,Wikidata P264
Bay City Rollers,Edinburgh,record_label,wd:Q216364,Epic Records,Wikidata P264
Bay City Rollers,Edinburgh,record_label,wd:Q4883239,,Wikidata P264
Bay City Rollers,Edinburgh,record_label,wd:Q664167,Arista Records,Wikidata P264
Bury Tomorrow,Southampton,record_label,wd:Q158886,Nuclear Blast,Wikidata P264
Bury Tomorrow,Southampton,record_label,wd:Q262530,Artery Recordings,Wikidata P264
Bury Tomorrow,Southampton,record_label,wd:Q4027098,Basick Records,Wikidata P264
Olive,London,record_label,wd:Q202585,RCA Records,Wikidata P264
Gang Of Four,Leeds,record_label,wd:Q183412,EMI,Wikidata P264
Gang Of Four,Leeds,record_label,wd:Q3629023,EMI Records,Wikidata P264
Gang Of Four,Leeds,record_label,wd:Q843402,Warner Bros. Records,Wikidata P264
The Subways,London,record_label,wd:Q2996526,Cooking Vinyl,Wikidata P264
Saxon,Sheffield,record_label,wd:Q55965015,EMI,Wikidata P264
Saxon,Sheffield,record_label,wd:Q694052,SPV GmbH,Wikidata P264
The Damned,London,record_label,wd:Q1750746,Stiff Records,Wikidata P264
The Damned,London,record_label,wd:Q1980456,Chiswick Records,Wikidata P264
The Damned,London,record_label,wd:Q2265719,I.R.S. Records,Wikidata P264
The Damned,London,record_label,wd:Q2338889,MCA Records,Wikidata P264
The Damned,London,record_label,wd:Q265169,Nitro Records,Wikidata P264
The Damned,London,record_label,wd:Q4905064,Big Beat Records,Wikidata P264
The Damned,London,record_label,wd:Q671229,Bronze,Wikidata P264
Eternal,London,record_label,wd:Q55965015,EMI,Wikidata P264
Bleed From Within,Glasgow,record_label,wd:Q158867,Century Media Records,Wikidata P264
X-Press 2,London,record_label,wd:Q7535619,Skint Records,Wikidata P264
Band Of Skulls,Southampton,record_label,wd:Q38903,Universal Music Group,Wikidata P264
The Hoosiers,Bracknell Forest,record_label,wd:Q202585,RCA Records,Wikidata P264
East 17,London,record_label,wd:Q935090,London Records,Wikidata P264
Small Faces,London,record_label,wd:Q1431331,Immediate Records,Wikidata P264
Small Faces,London,record_label,wd:Q202440,Atlantic Records,Wikidata P264
Small Faces,London,record_label,wd:Q5086379,Charly Records,Wikidata P264
Small Faces,London,record_label,wd:Q557632,Decca,Wikidata P264
Yard Act,Leeds,record_label,wd:Q18355170,Turntable Kitchen,Wikidata P264
Yard Act,Leeds,record_label,wd:Q76434634,Island Records Group,Wikidata P264
The Herbaliser,London,record_label,wd:Q1358555,Ninja Tune,Wikidata P264
Apollo 440,Liverpool,record_label,wd:Q216364,Epic Records,Wikidata P264
Apollo 440,Liverpool,record_label,wd:Q3001888,"Sony BMG Music Entertainment, Inc.",Wikidata P264
Apollo 440,Liverpool,record_label,wd:Q4352944,550 Music,Wikidata P264
Anathema,Liverpool,record_label,wd:Q1465200,Peaceville Records,Wikidata P264
Embrace,Leeds,record_label,wd:Q5447280,Fierce Panda Records,Wikidata P264
Maximo Park,Newcastle,record_label,wd:Q543707,Warp,Wikidata P264
The Farm,Liverpool,record_label,wd:Q165711,Sire,Wikidata P264
Superorganism,London,record_label,wd:Q1238400,Domino Recording Company,Wikidata P264
Incognito,London,record_label,wd:Q1124849,Verve Records,Wikidata P264
Incognito,London,record_label,wd:Q115570,P-Vine Records,Wikidata P264
Young Fathers,Edinburgh,record_label,wd:Q1358555,Ninja Tune,Wikidata P264
Young Fathers,Edinburgh,record_label,wd:Q858728,Big Dada,Wikidata P264
Public Image Ltd.,London,record_label,wd:Q203059,Virgin Records,Wikidata P264
Public Image Ltd.,London,record_label,wd:Q726251,Elektra,Wikidata P264
The Maccabees,London,record_label,wd:Q2481499,Fiction Records,Wikidata P264
Pale Waves,Manchester,record_label,wd:Q231694,Interscope Records,Wikidata P264
Pale Waves,Manchester,record_label,wd:Q5281021,Dirty Hit,Wikidata P264
Leftfield,London,record_label,wd:Q1253168,Infectious Music,Wikidata P264
Kula Shaker,London,record_label,wd:Q183387,Columbia Records,Wikidata P264
The Durutti Column,Manchester,record_label,wd:Q2400027,Factory Benelux,Wikidata P264
The Durutti Column,Manchester,record_label,wd:Q578943,Factory Records,Wikidata P264
Lush,London,record_label,wd:Q238095,4AD,Wikidata P264
Cast,Liverpool,record_label,wd:Q155152,Polydor Records,Wikidata P264
Mogwai,Glasgow,record_label,wd:Q1327994,Matador Records,Wikidata P264
Mogwai,Glasgow,record_label,wd:Q1973834,Play It Again Sam,Wikidata P264
Mogwai,Glasgow,record_label,wd:Q2371991,Chemikal Underground,Wikidata P264
Mogwai,Glasgow,record_label,wd:Q3939671,Rock Action Records,Wikidata P264
Mogwai,Glasgow,record_label,wd:Q7355113,Rocket Girl,Wikidata P264
Mogwai,Glasgow,record_label,wd:Q778673,Sub Pop,Wikidata P264
Electronic,Manchester,record_label,wd:Q578943,Factory Records,Wikidata P264
The Searchers,Liverpool,record_label,wd:Q2117397,Pye Records,Wikidata P264
Django Django,London,record_label,wd:Q2740367,Because Music,Wikidata P264
The KLF,London,record_label,wd:Q664167,Arista Records,Wikidata P264
Heaven 17,Sheffield,record_label,wd:Q183412,EMI,Wikidata P264
Paradise Lost,Leeds,record_label,wd:Q158867,Century Media Records,Wikidata P264
Lamb,Manchester,record_label,wd:Q165745,Mercury Records,Wikidata P264
Shakespears Sister,London,record_label,wd:Q935090,London Records,Wikidata P264
Shed Seven,York,record_label,wd:Q155152,Polydor Records,Wikidata P264
The Beta Band,Edinburgh,record_label,wd:Q909310,Regal Recordings,Wikidata P264
Archive,London,record_label,wd:Q190585,Island Records,Wikidata P264
Archive,London,record_label,wd:Q21077,Warner Music Group,Wikidata P264
Archive,London,record_label,wd:Q2576206,East West Records,Wikidata P264
Dodgy,London,record_label,wd:Q277626,A&M Records,Wikidata P264
Everything Everything,Manchester,record_label,wd:Q212699,Geffen Records,Wikidata P264
Liberty X,London,record_label,wd:Q1191537,V2 Records,Wikidata P264
Love and Rockets,Northampton,record_label,wd:Q126039,Beggars Banquet Records,Wikidata P264
China Crisis,Liverpool,record_label,wd:Q277626,A&M Records,Wikidata P264
China Crisis,Liverpool,record_label,wd:Q50133002,Virgin,Wikidata P264
Sundara Karma,Reading,record_label,wd:Q202585,RCA Records,Wikidata P264
Camel,Guildford,record_label,wd:Q1063242,Charisma,Wikidata P264
Camel,Guildford,record_label,wd:Q2338889,MCA Records,Wikidata P264
Camel,Guildford,record_label,wd:Q2733913,Deram,Wikidata P264
Camel,Guildford,record_label,wd:Q557632,Decca,Wikidata P264
Carcass,Liverpool,record_label,wd:Q158886,Nuclear Blast,Wikidata P264
Carcass,Liverpool,record_label,wd:Q838544,Earache Records,Wikidata P264
Barclay James Harvest,Manchester,record_label,wd:Q1324712,Harvest,Wikidata P264
Barclay James Harvest,Manchester,record_label,wd:Q208909,Parlophone,Wikidata P264
Catatonia,Cardiff,record_label,wd:Q881469,Blanco y Negro,Wikidata P264
Johnny Kidd & The Pirates,London,record_label,wd:Q56762278,His Master's Voice,Wikidata P264
Ride,Oxford,record_label,wd:Q1139341,Creation Records,Wikidata P264
Camera Obscura,Glasgow,record_label,wd:Q1464351,Elefant Records,Wikidata P264
Camera Obscura,Glasgow,record_label,wd:Q1921640,Merge Records,Wikidata P264
Camera Obscura,Glasgow,record_label,wd:Q238095,4AD,Wikidata P264
Camera Obscura,Glasgow,record_label,wd:Q4754512,Andmoresound,Wikidata P264
Fairport Convention,London,record_label,wd:Q155152,Polydor Records,Wikidata P264
Fairport Convention,London,record_label,wd:Q190585,Island Records,Wikidata P264
Fairport Convention,London,record_label,wd:Q277626,A&M Records,Wikidata P264
Jive Bunny and the Mastermixers,Sheffield,record_label,wd:Q15693889,Music Factory,Wikidata P264
Mystery Jets,London,record_label,wd:Q264137,Caroline Records,Wikidata P264
GoGo Penguin,Manchester,record_label,wd:Q56248515,Gondwana Records,Wikidata P264
GoGo Penguin,Manchester,record_label,wd:Q885833,Blue Note,Wikidata P264
Inspiral Carpets,Manchester,record_label,wd:Q240804,Mute Records,Wikidata P264
The Vapors,Guildford,record_label,wd:Q1542119,United Artists Records,Wikidata P264
Bad Manners,London,record_label,wd:Q16997189,Magnet,Wikidata P264
Simian Mobile Disco,London,record_label,wd:Q1810123,Wichita Recordings,Wikidata P264
Simian Mobile Disco,London,record_label,wd:Q295794,Anti-,Wikidata P264
Simian Mobile Disco,London,record_label,wd:Q917561,Kitsuné,Wikidata P264
The Blue Nile,Glasgow,record_label,wd:Q843402,Warner Bros. Records,Wikidata P264
The Dave Clark Five,London,record_label,wd:Q183387,Columbia Records,Wikidata P264
The Dave Clark Five,London,record_label,wd:Q193023,Capitol Records,Wikidata P264
The Dave Clark Five,London,record_label,wd:Q216364,Epic Records,Wikidata P264
OceanLab,London,record_label,wd:Q160732,Armada,Wikidata P264
OceanLab,London,record_label,wd:Q551566,Anjunabeats,Wikidata P264
The Cribs,Leeds,record_label,wd:Q1810123,Wichita Recordings,Wikidata P264
Wire,London,record_label,wd:Q240804,Mute Records,Wikidata P264
Reverend And The Makers,Sheffield,record_label,wd:Q2996526,Cooking Vinyl,Wikidata P264
Nu:Logic,Cambridge,record_label,wd:Q1630451,Hospital Records,Wikidata P264
Stiff Little Fingers,Belfast,record_label,wd:Q7204422,PledgeMusic,Wikidata P264
lostprophets,Cardiff,record_label,wd:Q1399294,Fearless Records,Wikidata P264
lostprophets,Cardiff,record_label,wd:Q183387,Columbia Records,Wikidata P264
lostprophets,Cardiff,record_label,wd:Q2093972,Visible Noise,Wikidata P264
lostprophets,Cardiff,record_label,wd:Q216364,Epic Records,Wikidata P264
lostprophets,Cardiff,record_label,wd:Q330629,Sony Music,Wikidata P264
After The Fire,London,record_label,wd:Q183387,Columbia Records,Wikidata P264
Bow Wow Wow,London,record_label,wd:Q3629023,EMI Records,Wikidata P264
Levitation,London,record_label,wd:Q385558,Rough Trade,Wikidata P264
The Orb,London,record_label,wd:Q183387,Columbia Records,Wikidata P264
The Orb,London,record_label,wd:Q190585,Island Records,Wikidata P264
The Orb,London,record_label,wd:Q264137,Caroline Records,Wikidata P264
The Orb,London,record_label,wd:Q4905961,Big Life,Wikidata P264
The Orb,London,record_label,wd:Q564432,Kompakt,Wikidata P264
Mud,London,record_label,wd:Q478062,RAK,Wikidata P264
The Zutons,Liverpool,record_label,wd:Q5254811,Deltasonic,Wikidata P264
Portico Quartet,London,record_label,wd:Q2479745,Babel Label,Wikidata P264
Portico Quartet,London,record_label,wd:Q56248515,Gondwana Records,Wikidata P264
The Horrors,London,record_label,wd:Q1123947,XL Recordings,Wikidata P264
The Horrors,London,record_label,wd:Q2082494,In the Red,Wikidata P264
Uniting Nations,Liverpool,record_label,wd:Q5621680,Gut Records,Wikidata P264
VNV Nation,London,record_label,wd:Q2545760,Wax Trax! Records,Wikidata P264
VNV Nation,London,record_label,wd:Q4439915,Dependent Records,Wikidata P264
Big Audio Dynamite,London,record_label,wd:Q330629,Sony Music,Wikidata P264
Sylosis,Reading,record_label,wd:Q158886,Nuclear Blast,Wikidata P264
Humble Pie,London,record_label,wd:Q1397901,Cleopatra Records,Wikidata P264
Humble Pie,London,record_label,wd:Q1431331,Immediate Records,Wikidata P264
Humble Pie,London,record_label,wd:Q277626,A&M Records,Wikidata P264
Humble Pie,London,record_label,wd:Q585643,Atco Records,Wikidata P264
Levellers,Brighton and Hove,record_label,wd:Q3328555,Musidisc,Wikidata P264
New Model Army,Leeds,record_label,wd:Q118683261,Attack Attack,Wikidata P264
New Model Army,Leeds,record_label,wd:Q216364,Epic Records,Wikidata P264
New Model Army,Leeds,record_label,wd:Q373246,Eagle Records,Wikidata P264
New Model Army,Leeds,record_label,wd:Q55965015,EMI,Wikidata P264
New Model Army,Leeds,record_label,wd:Q56641820,Abstract Sounds,Wikidata P264
We Were Promised Jetpacks,Edinburgh,record_label,wd:Q2589723,FatCat Records,Wikidata P264
Athlete,London,record_label,wd:Q1200368,Astralwerks,Wikidata P264
Athlete,London,record_label,wd:Q208909,Parlophone,Wikidata P264
Living In A Box,Sheffield,record_label,wd:Q1088453,Chrysalis Records,Wikidata P264
Spiritualized,Coventry,record_label,wd:Q13221666,Double Six Records,Wikidata P264
Spiritualized,Coventry,record_label,wd:Q1397914,Fat Possum Records,Wikidata P264
Spiritualized,Coventry,record_label,wd:Q55609269,Dedicated Records,Wikidata P264
Blancmange,London,record_label,wd:Q935090,London Records,Wikidata P264
Friendly Fires,London,record_label,wd:Q1123947,XL Recordings,Wikidata P264
Haken,London,record_label,wd:Q2271353,Sensory Records,Wikidata P264
Haken,London,record_label,wd:Q702361,Inside Out Music,Wikidata P264
Juno Reactor,London,record_label,wd:Q2333358,Metropolis Records,Wikidata P264
The Sound,London,record_label,wd:Q6432589,Korova,Wikidata P264
Paper Lace,Nottingham,record_label,wd:Q155152,Polydor Records,Wikidata P264
Venom,Newcastle,record_label,wd:Q1347984,Sanctuary Records,Wikidata P264
Lemon Jelly,London,record_label,wd:Q1123947,XL Recordings,Wikidata P264
The Go! Team,Brighton and Hove,record_label,wd:Q827077,Memphis Industries,Wikidata P264
Napalm Death,Birmingham,record_label,wd:Q158867,Century Media Records,Wikidata P264
Napalm Death,Birmingham,record_label,wd:Q2533251,Spitfire Records,Wikidata P264
Napalm Death,Birmingham,record_label,wd:Q838544,Earache Records,Wikidata P264
Wishbone Ash,Torbay,record_label,wd:Q2265719,I.R.S. Records,Wikidata P264
Wishbone Ash,Torbay,record_label,wd:Q2338889,MCA Records,Wikidata P264
Wishbone Ash,Torbay,record_label,wd:Q557632,Decca,Wikidata P264
Wishbone Ash,Torbay,record_label,wd:Q6061175,Invisible Hands Music,Wikidata P264
World Party,London,record_label,wd:Q1088453,Chrysalis Records,Wikidata P264
World Party,London,record_label,wd:Q4038090,Ensign Records,Wikidata P264
Diamond Head,Birmingham,record_label,wd:Q1036027,Cargo Records,Wikidata P264
Diamond Head,Birmingham,record_label,wd:Q2338889,MCA Records,Wikidata P264
Diamond Head,Birmingham,record_label,wd:Q30900578,Silver Lining Music,Wikidata P264
Gomez,Liverpool,record_label,wd:Q128280,ATO Records,Wikidata P264
Babyshambles,London,record_label,wd:Q385558,Rough Trade,Wikidata P264
Band Aid,London,record_label,wd:Q330629,Sony Music,Wikidata P264
The View,Dundee City,record_label,wd:Q4571998,1965 Records,Wikidata P264
Thunderclap Newman,London,record_label,wd:Q2142601,Track Record,Wikidata P264
Tommy Lefroy,London,record_label,wd:Q6456938,LAB Records,Wikidata P264
Tommy Lefroy,London,record_label,wd:Q7181469,Pheromone Recordings,Wikidata P264
The Fall,Manchester,record_label,wd:Q1238400,Domino Recording Company,Wikidata P264
The Fall,Manchester,record_label,wd:Q2265719,I.R.S. Records,Wikidata P264
The Fall,Manchester,record_label,wd:Q5998908,Illegal Records,Wikidata P264
The Fall,Manchester,record_label,wd:Q729590,Fontana Records,Wikidata P264
Teenage Fanclub,Glasgow,record_label,wd:Q1139341,Creation Records,Wikidata P264
Teenage Fanclub,Glasgow,record_label,wd:Q7132747,Paperhouse Records,Wikidata P264
The Pigeon Detectives,Leeds,record_label,wd:Q3013340,Dance to the Radio,Wikidata P264
The Qemists,Brighton and Hove,record_label,wd:Q1358555,Ninja Tune,Wikidata P264
Japan,London,record_label,wd:Q180277,Hansa Records,Wikidata P264
The Future Sound Of London,Manchester,record_label,wd:Q1200368,Astralwerks,Wikidata P264
Bolt Thrower,Coventry,record_label,wd:Q756320,Metal Blade Records,Wikidata P264
Bolt Thrower,Coventry,record_label,wd:Q7932936,Vinyl Solution,Wikidata P264
Bolt Thrower,Coventry,record_label,wd:Q838544,Earache Records,Wikidata P264
London Elektricity,London,record_label,wd:Q1630451,Hospital Records,Wikidata P264
The Futureheads,Sunderland,record_label,wd:Q669127,Vagrant Records,Wikidata P264
Until The Ribbon Breaks,Cardiff,record_label,wd:Q16995752,Kobalt Label Services,Wikidata P264
The Seahorses,York,record_label,wd:Q212699,Geffen Records,Wikidata P264
The Soup Dragons,Glasgow,record_label,wd:Q3522912,The Subway Organization,Wikidata P264
Cock Sparrer,London,record_label,wd:Q115104719,Unity Worldwide Records,Wikidata P264
Cock Sparrer,London,record_label,wd:Q557632,Decca,Wikidata P264
Thunder,London,record_label,wd:Q1843637,STC Recordings,Wikidata P264
The Exploited,Edinburgh,record_label,wd:Q158886,Nuclear Blast,Wikidata P264
The Slits,London,record_label,wd:Q190585,Island Records,Wikidata P264
Stateless,Leeds,record_label,wd:Q1358555,Ninja Tune,Wikidata P264
Beady Eye,London,record_label,wd:Q5216047,Dangerbird Records,Wikidata P264
Beady Eye,London,record_label,wd:Q6753829,MapleMusic Recordings,Wikidata P264
Babylon Zoo,Birmingham,record_label,wd:Q183412,EMI,Wikidata P264
Babylon Zoo,Birmingham,record_label,wd:Q58825265,Phonogram International B.V.,Wikidata P264
The Swinging Blue Jeans,Liverpool,record_label,wd:Q301754,His Master's Voice,Wikidata P264
Loadstar,Bristol,record_label,wd:Q4048005,RAM Records,Wikidata P264
The Magic Numbers,London,record_label,wd:Q183412,EMI,Wikidata P264
The Magic Numbers,London,record_label,wd:Q193023,Capitol Records,Wikidata P264
Oxide & Neutrino,London,record_label,wd:Q2576206,East West Records,Wikidata P264
Twin Atlantic,Glasgow,record_label,wd:Q1815691,Red Bull Records,Wikidata P264
Electrelane,Brighton and Hove,record_label,wd:Q1456588,Too Pure,Wikidata P264
TesseracT,Milton Keynes,record_label,wd:Q158867,Century Media Records,Wikidata P264
Dry Cleaning,London,record_label,wd:Q238095,4AD,Wikidata P264
Fickle Friends,Brighton and Hove,record_label,wd:Q155152,Polydor Records,Wikidata P264
Super Furry Animals,Cardiff,record_label,wd:Q1139341,Creation Records,Wikidata P264
Super Furry Animals,Cardiff,record_label,wd:Q216364,Epic Records,Wikidata P264
Lo Fidelity Allstars,London,record_label,wd:Q7535619,Skint Records,Wikidata P264
The Selecter,Coventry,record_label,wd:Q222885,2 Tone Records,Wikidata P264
Sleeper,London,record_label,wd:Q6025743,Indolent Records,Wikidata P264
The Big Moon,London,record_label,wd:Q2481499,Fiction Records,Wikidata P264
Monaco,Manchester,record_label,wd:Q155152,Polydor Records,Wikidata P264
Michael Schenker Group,London,record_label,wd:Q1088453,Chrysalis Records,Wikidata P264
Pop Will Eat Itself,Birmingham,record_label,wd:Q202585,RCA Records,Wikidata P264
Pop Will Eat Itself,Birmingham,record_label,wd:Q50074604,RCA,Wikidata P264
Foreign Beggars,London,record_label,wd:Q3238266,Data Records,Wikidata P264
Foreign Beggars,London,record_label,wd:Q3300067,mau5trap,Wikidata P264
Foreign Beggars,London,record_label,wd:Q5259465,Dented Records,Wikidata P264
Hawkwind,London,record_label,wd:Q1063242,Charisma,Wikidata P264
Hawkwind,London,record_label,wd:Q1392321,Liberty Records,Wikidata P264
Hawkwind,London,record_label,wd:Q1542119,United Artists Records,Wikidata P264
Hawkwind,London,record_label,wd:Q585643,Atco Records,Wikidata P264
Acoustic Alchemy,London,record_label,wd:Q2338889,MCA Records,Wikidata P264
The Joy Formidable,Cheshire West and Chester,record_label,wd:Q202440,Atlantic Records,Wikidata P264
The Escape Club,London,record_label,wd:Q183412,EMI,Wikidata P264
The Icicle Works,Liverpool,record_label,wd:Q664167,Arista Records,Wikidata P264
The Icicle Works,Liverpool,record_label,wd:Q7532146,Situation Two,Wikidata P264
shame,London,record_label,wd:Q5245342,Dead Oceans,Wikidata P264
Five Star,London,record_label,wd:Q216364,Epic Records,Wikidata P264
Teleman,London,record_label,wd:Q784001,Moshi Moshi Records,Wikidata P264
Altered Images,Glasgow,record_label,wd:Q216364,Epic Records,Wikidata P264
Space,Liverpool,record_label,wd:Q5621680,Gut Records,Wikidata P264
The Boo Radleys,Liverpool,record_label,wd:Q1139341,Creation Records,Wikidata P264
The Boo Radleys,Liverpool,record_label,wd:Q4677148,Action Records,Wikidata P264
Savoy Brown,London,record_label,wd:Q2733913,Deram,Wikidata P264
Savoy Brown,London,record_label,wd:Q557632,Decca,Wikidata P264
Honeyz,London,record_label,wd:Q165745,Mercury Records,Wikidata P264
Catherine Wheel,Great Yarmouth,record_label,wd:Q1088453,Chrysalis Records,Wikidata P264
Catherine Wheel,Great Yarmouth,record_label,wd:Q183387,Columbia Records,Wikidata P264
Catherine Wheel,Great Yarmouth,record_label,wd:Q729590,Fontana Records,Wikidata P264
Sweet Sensation,Manchester,record_label,wd:Q1542119,United Artists Records,Wikidata P264
Sweet Sensation,Manchester,record_label,wd:Q2117397,Pye Records,Wikidata P264
Sweet Sensation,Manchester,record_label,wd:Q301754,His Master's Voice,Wikidata P264
Rak-Su,London,record_label,wd:Q7659636,Syco Music,Wikidata P264
Gentle Giant,London,record_label,wd:Q1088453,Chrysalis Records,Wikidata P264
Gentle Giant,London,record_label,wd:Q183387,Columbia Records,Wikidata P264
Felt,Birmingham,record_label,wd:Q1139341,Creation Records,Wikidata P264
Felt,Birmingham,record_label,wd:Q2494570,Cherry Red,Wikidata P264
Godley & Creme,Manchester,record_label,wd:Q165745,Mercury Records,Wikidata P264
The Pretty Things,London,record_label,wd:Q66717800,Fruits de Mer Records,Wikidata P264
The Pretty Things,London,record_label,wd:Q729590,Fontana Records,Wikidata P264
The Pretty Things,London,record_label,wd:Q843402,Warner Bros. Records,Wikidata P264
Mumm-ra,Hastings,record_label,wd:Q183387,Columbia Records,Wikidata P264
Budgie,Cardiff,record_label,wd:Q304509,MCA Inc.,Wikidata P264
King Hannah,Liverpool,record_label,wd:Q319166,City Slang,Wikidata P264
The Ordinary Boys,Worthing,record_label,wd:Q38903,Universal Music Group,Wikidata P264
The Overtones,London,record_label,wd:Q843402,Warner Bros. Records,Wikidata P264
New Young Pony Club,London,record_label,wd:Q190585,Island Records,Wikidata P264
Evile,Leeds,record_label,wd:Q838544,Earache Records,Wikidata P264
Black Grape,Manchester,record_label,wd:Q2301434,Radioactive Records,Wikidata P264
The Wonder Stuff,Birmingham,record_label,wd:Q155152,Polydor Records,Wikidata P264
My Dying Bride,Leeds,record_label,wd:Q1465200,Peaceville Records,Wikidata P264
Argent,London,record_label,wd:Q216364,Epic Records,Wikidata P264
The Rezillos,Edinburgh,record_label,wd:Q124651071,Sensible Records,Wikidata P264
The Rezillos,Edinburgh,record_label,wd:Q165711,Sire,Wikidata P264
Stealing Sheep,Liverpool,record_label,wd:Q375229,Heavenly Recordings,Wikidata P264
２８１４,London,record_label,wd:Q111568640,Dream Catalogue,Wikidata P264
Magnum,Birmingham,record_label,wd:Q5009264,CBS Records International,Wikidata P264
The Vaselines,Glasgow,record_label,wd:Q778673,Sub Pop,Wikidata P264
Cook da Books,Liverpool,record_label,wd:Q203059,Virgin Records,Wikidata P264
The Quireboys,London,record_label,wd:Q183412,EMI,Wikidata P264
Longpigs,Sheffield,record_label,wd:Q6917412,Mother Records,Wikidata P264
U.K. Subs,London,record_label,wd:Q1157099,New Red Archives,Wikidata P264
Tygers Of Pan Tang,Newcastle,record_label,wd:Q1973164,Neat Records,Wikidata P264
Idlewild,Edinburgh,record_label,wd:Q208909,Parlophone,Wikidata P264
Idlewild,Edinburgh,record_label,wd:Q2996526,Cooking Vinyl,Wikidata P264
KOAN Sound,Bristol,record_label,wd:Q108645806,Inspected,Wikidata P264
KOAN Sound,Bristol,record_label,wd:Q21090,OWSLA,Wikidata P264
The Slow Show,Manchester,record_label,wd:Q130497261,[PIAS] Recordings,Wikidata P264
The Slow Show,Manchester,record_label,wd:Q15819048,Haldern Pop Recordings,Wikidata P264
Glasvegas,Glasgow,record_label,wd:Q183387,Columbia Records,Wikidata P264
Glasvegas,Glasgow,record_label,wd:Q796316,BMG Rights Management,Wikidata P264
Gun,Glasgow,record_label,wd:Q277626,A&M Records,Wikidata P264
The Rumble Strips,Plymouth,record_label,wd:Q190585,Island Records,Wikidata P264
The Rumble Strips,Plymouth,record_label,wd:Q4732512,Allido Records,Wikidata P264
Magnetic Man,London,record_label,wd:Q183387,Columbia Records,Wikidata P264
Oi Va Voi,London,record_label,wd:Q1191537,V2 Records,Wikidata P264
Let's Eat Grandma,Norwich,record_label,wd:Q4051704,Transgressive Records,Wikidata P264
Babe Ruth,London,record_label,wd:Q1324712,Harvest,Wikidata P264
Arab Strap,Falkirk,record_label,wd:Q2371991,Chemikal Underground,Wikidata P264
Arab Strap,Falkirk,record_label,wd:Q3939671,Rock Action Records,Wikidata P264
Alien Sex Fiend,London,record_label,wd:Q5459098,Flicknife Records,Wikidata P264
Geordie,Newcastle,record_label,wd:Q2137237,Regal Zonophone,Wikidata P264
Discharge,Stoke-on-Trent,record_label,wd:Q1347984,Sanctuary Records,Wikidata P264
LFO,Leeds,record_label,wd:Q1644016,Tommy Boy Records,Wikidata P264
LFO,Leeds,record_label,wd:Q543707,Warp,Wikidata P264
Fightstar,London,record_label,wd:Q190585,Island Records,Wikidata P264
Fightstar,London,record_label,wd:Q1973834,Play It Again Sam,Wikidata P264
Wizzard,Birmingham,record_label,wd:Q183412,EMI,Wikidata P264
Wizzard,Birmingham,record_label,wd:Q3177785,Jet Records,Wikidata P264
Wizzard,Birmingham,record_label,wd:Q843402,Warner Bros. Records,Wikidata P264
999,London,record_label,wd:Q1542119,United Artists Records,Wikidata P264
Nitzer Ebb,London,record_label,wd:Q240804,Mute Records,Wikidata P264
Fields Of The Nephilim,Stevenage,record_label,wd:Q126039,Beggars Banquet Records,Wikidata P264
Fields Of The Nephilim,Stevenage,record_label,wd:Q183412,EMI,Wikidata P264
Fields Of The Nephilim,Stevenage,record_label,wd:Q6312892,Jungle Records,Wikidata P264
Fields Of The Nephilim,Stevenage,record_label,wd:Q694052,SPV GmbH,Wikidata P264
Fields Of The Nephilim,Stevenage,record_label,wd:Q7532146,Situation Two,Wikidata P264
Spector,London,record_label,wd:Q2481499,Fiction Records,Wikidata P264
Red Box,London,record_label,wd:Q843402,Warner Bros. Records,Wikidata P264
Nine Black Alps,Manchester,record_label,wd:Q190585,Island Records,Wikidata P264
Delta 5,Leeds,record_label,wd:Q385558,Rough Trade,Wikidata P264
Gene,London,record_label,wd:Q155152,Polydor Records,Wikidata P264
B-Movie,Mansfield,record_label,wd:Q2733913,Deram,Wikidata P264
B-Movie,Mansfield,record_label,wd:Q3489789,Some Bizzare,Wikidata P264
Stornoway,Oxford,record_label,wd:Q238095,4AD,Wikidata P264
Stornoway,Oxford,record_label,wd:Q2996526,Cooking Vinyl,Wikidata P264
Fat White Family,London,record_label,wd:Q1397914,Fat Possum Records,Wikidata P264
Steeleye Span,London,record_label,wd:Q1088453,Chrysalis Records,Wikidata P264
Steeleye Span,London,record_label,wd:Q7137957,Park Records,Wikidata P264
Shampoo,London,record_label,wd:Q5465369,Food Records,Wikidata P264
Clinic,Liverpool,record_label,wd:Q1238400,Domino Recording Company,Wikidata P264
Clinic,Liverpool,record_label,wd:Q3416359,Radar Records,Wikidata P264
Monarchy,London,record_label,wd:Q3338199,Neon Gold Records,Wikidata P264
Blazin' Squad,London,record_label,wd:Q2576206,East West Records,Wikidata P264
Cockney Rejects,London,record_label,wd:Q183412,EMI,Wikidata P264
Tones On Tail,Northampton,record_label,wd:Q126039,Beggars Banquet Records,Wikidata P264
Tones On Tail,Northampton,record_label,wd:Q238095,4AD,Wikidata P264
Psychic TV,London,record_label,wd:Q3489789,Some Bizzare,Wikidata P264
Orange Goblin,London,record_label,wd:Q549624,Rise Above Records,Wikidata P264
Pentangle,London,record_label,wd:Q12339705,Transatlantic Records,Wikidata P264
Pentangle,London,record_label,wd:Q645889,Reprise Records,Wikidata P264
Pentangle,London,record_label,wd:Q843402,Warner Bros. Records,Wikidata P264
Yuck,London,record_label,wd:Q1397914,Fat Possum Records,Wikidata P264
Yuck,London,record_label,wd:Q165745,Mercury Records,Wikidata P264
The Move,Birmingham,record_label,wd:Q111031086,IL,Wikidata P264
The Move,Birmingham,record_label,wd:Q2733913,Deram,Wikidata P264
The Move,Birmingham,record_label,wd:Q5463202,Fly Records,Wikidata P264
Coil,London,record_label,wd:Q3489789,Some Bizzare,Wikidata P264
Coil,London,record_label,wd:Q5068751,Chalice,Wikidata P264
Coil,London,record_label,wd:Q5398030,Eskaton,Wikidata P264
Coil,London,record_label,wd:Q684875,Threshold House,Wikidata P264
DJ Food,London,record_label,wd:Q1358555,Ninja Tune,Wikidata P264
Carter The Unstoppable Sex Machine,London,record_label,wd:Q385558,Rough Trade,Wikidata P264
Anaal Nathrakh,Birmingham,record_label,wd:Q118686717,Back on Black Records,Wikidata P264
Anaal Nathrakh,Birmingham,record_label,wd:Q1548644,Season of Mist,Wikidata P264
Anaal Nathrakh,Birmingham,record_label,wd:Q3736804,FETO Records,Wikidata P264
Anaal Nathrakh,Birmingham,record_label,wd:Q838544,Earache Records,Wikidata P264
Anaal Nathrakh,Birmingham,record_label,wd:Q852900,Candlelight Records,Wikidata P264
Wolf Gang,London,record_label,wd:Q3338199,Neon Gold Records,Wikidata P264
Gallows,London,record_label,wd:Q100744910,Venn Records,Wikidata P264
Gallows,London,record_label,wd:Q780097,Holy Roar Records,Wikidata P264
Demon,Stoke-on-Trent,record_label,wd:Q5129967,Clay Records,Wikidata P264
Benediction,Birmingham,record_label,wd:Q158886,Nuclear Blast,Wikidata P264
Antimatter,Liverpool,record_label,wd:Q317774,Prophecy Productions,Wikidata P264
Throbbing Gristle,Hull,record_label,wd:Q682784,Industrial Records,Wikidata P264
Godflesh,Birmingham,record_label,wd:Q15517759,Avalanche Recordings,Wikidata P264
Godflesh,Birmingham,record_label,wd:Q838544,Earache Records,Wikidata P264
The Colourfield,Coventry,record_label,wd:Q1088453,Chrysalis Records,Wikidata P264
Swervedriver,Oxford,record_label,wd:Q1139341,Creation Records,Wikidata P264
The Whip,Manchester,record_label,wd:Q145540,Southern Fried Records,Wikidata P264
The Whip,Manchester,record_label,wd:Q7299616,Razor & Tie,Wikidata P264
The Whip,Manchester,record_label,wd:Q917561,Kitsuné,Wikidata P264
Skeletal Family,Leeds,record_label,wd:Q7304788,Red Rhino Records,Wikidata P264
Terrorvision,Leeds,record_label,wd:Q183412,EMI,Wikidata P264
Anavae,London,record_label,wd:Q4038001,Eleven Seven Music,Wikidata P264
Mclusky,Cardiff,record_label,wd:Q1456588,Too Pure,Wikidata P264
Goldie Lookin Chain,Newport,record_label,wd:Q202440,Atlantic Records,Wikidata P264
Flesh For Lulu,London,record_label,wd:Q155152,Polydor Records,Wikidata P264
Van Der Graaf Generator,Manchester,record_label,wd:Q1063242,Charisma,Wikidata P264
Van Der Graaf Generator,Manchester,record_label,wd:Q165745,Mercury Records,Wikidata P264
Angel Witch,London,record_label,wd:Q118686717,Back on Black Records,Wikidata P264
Angel Witch,London,record_label,wd:Q55965015,EMI,Wikidata P264
Osibisa,London,record_label,wd:Q671229,Bronze,Wikidata P264
The Vibrators,London,record_label,wd:Q1397901,Cleopatra Records,Wikidata P264
The Vibrators,London,record_label,wd:Q216364,Epic Records,Wikidata P264
The Vibrators,London,record_label,wd:Q478062,RAK,Wikidata P264
The Wedding Present,Leeds,record_label,wd:Q190585,Island Records,Wikidata P264
The Big Pink,London,record_label,wd:Q238095,4AD,Wikidata P264
Pitchshifter,Nottingham,record_label,wd:Q438628,Alternative Tentacles,Wikidata P264
Pitchshifter,Nottingham,record_label,wd:Q7120665,PSI Records,Wikidata P264
Pitchshifter,Nottingham,record_label,wd:Q838544,Earache Records,Wikidata P264
Lanterns on the Lake,Newcastle,record_label,wd:Q815776,Bella Union,Wikidata P264
The Crazy World Of Arthur Brown,London,record_label,wd:Q1476147,Voiceprint Records,Wikidata P264
The Crazy World Of Arthur Brown,London,record_label,wd:Q202440,Atlantic Records,Wikidata P264
Alisha's Attic,London,record_label,wd:Q165745,Mercury Records,Wikidata P264
Alisha's Attic,London,record_label,wd:Q2482872,Universal Records,Wikidata P264
A Certain Ratio,Manchester,record_label,wd:Q1139341,Creation Records,Wikidata P264
A Certain Ratio,Manchester,record_label,wd:Q2400027,Factory Benelux,Wikidata P264
A Certain Ratio,Manchester,record_label,wd:Q578943,Factory Records,Wikidata P264
The Rifles,London,record_label,wd:Q2818028,679 Artists,Wikidata P264
Young Marble Giants,Cardiff,record_label,wd:Q1238400,Domino Recording Company,Wikidata P264
Young Marble Giants,Cardiff,record_label,wd:Q385558,Rough Trade,Wikidata P264
Cathedral,Coventry,record_label,wd:Q158886,Nuclear Blast,Wikidata P264
Cathedral,Coventry,record_label,wd:Q183387,Columbia Records,Wikidata P264
Cathedral,Coventry,record_label,wd:Q838544,Earache Records,Wikidata P264
Onslaught,Bristol,record_label,wd:Q935090,London Records,Wikidata P264
The Associates,Dundee City,record_label,wd:Q2481499,Fiction Records,Wikidata P264
Rolo Tomassi,Sheffield,record_label,wd:Q10294040,Hassle Records,Wikidata P264
Lonely The Brave,Cambridge,record_label,wd:Q10294040,Hassle Records,Wikidata P264
bis,Glasgow,record_label,wd:Q2371991,Chemikal Underground,Wikidata P264
bis,Glasgow,record_label,wd:Q3568013,Wiiija,Wikidata P264
Morning Runner,Reading,record_label,wd:Q208909,Parlophone,Wikidata P264
The Rakes,London,record_label,wd:Q1191537,V2 Records,Wikidata P264
Red Lorry Yellow Lorry,Leeds,record_label,wd:Q126039,Beggars Banquet Records,Wikidata P264
Red Lorry Yellow Lorry,Leeds,record_label,wd:Q7304788,Red Rhino Records,Wikidata P264
Slow Club,Sheffield,record_label,wd:Q784001,Moshi Moshi Records,Wikidata P264
Angelic Upstarts,Newcastle,record_label,wd:Q1035129,Captain Oi! Records,Wikidata P264
Angelic Upstarts,Newcastle,record_label,wd:Q112175682,Demons Run Amok Entertainment,Wikidata P264
Angelic Upstarts,Newcastle,record_label,wd:Q183412,EMI,Wikidata P264
Angelic Upstarts,Newcastle,record_label,wd:Q843402,Warner Bros. Records,Wikidata P264
The Sweet,London,record_label,wd:Q155152,Polydor Records,Wikidata P264
The Sweet,London,record_label,wd:Q193023,Capitol Records,Wikidata P264
The Sweet,London,record_label,wd:Q202585,RCA Records,Wikidata P264
Peter and the Test Tube Babies,Brighton and Hove,record_label,wd:Q1035129,Captain Oi! Records,Wikidata P264
Puressence,Manchester,record_label,wd:Q190585,Island Records,Wikidata P264
Sky,London,record_label,wd:Q165745,Mercury Records,Wikidata P264
Sky,London,record_label,wd:Q216364,Epic Records,Wikidata P264
Sky,London,record_label,wd:Q662575,Ariola,Wikidata P264
One Eskimo,London,record_label,wd:Q7488590,Shangri-La Music,Wikidata P264
Dubstar,Newcastle,record_label,wd:Q5465369,Food Records,Wikidata P264
Goat Girl,London,record_label,wd:Q385558,Rough Trade,Wikidata P264
The Wild Swans,Liverpool,record_label,wd:Q8074062,Zoo Records,Wikidata P264
Ambrosian Singers,London,record_label,wd:Q1536003,Philips Records,Wikidata P264
Ambrosian Singers,London,record_label,wd:Q183412,EMI,Wikidata P264
Ambrosian Singers,London,record_label,wd:Q557632,Decca,Wikidata P264
The Wake,Glasgow,record_label,wd:Q2400027,Factory Benelux,Wikidata P264
The Wake,Glasgow,record_label,wd:Q578943,Factory Records,Wikidata P264
Current 93,London,record_label,wd:Q5316786,Durtro,Wikidata P264
Cleopatra,Manchester,record_label,wd:Q6794165,Maverick,Wikidata P264
The Incredible String Band,Edinburgh,record_label,wd:Q190585,Island Records,Wikidata P264
The Incredible String Band,Edinburgh,record_label,wd:Q726251,Elektra,Wikidata P264
The Field Mice,London,record_label,wd:Q3473424,Sarah Records,Wikidata P264
Rudimentary Peni,London,record_label,wd:Q2835318,Crass Records,Wikidata P264
Tigertailz,Cardiff,record_label,wd:Q1347984,Sanctuary Records,Wikidata P264
FM,London,record_label,wd:Q1110777,Portrait,Wikidata P264
Treetop Flyers,London,record_label,wd:Q6675957,Loose,Wikidata P264
Demented Are Go,Cardiff,record_label,wd:Q1543877,People Like You Records,Wikidata P264
Demented Are Go,Cardiff,record_label,wd:Q28372134,Crazy Love Records,Wikidata P264
Demented Are Go,Cardiff,record_label,wd:Q28372174,Link Records,Wikidata P264
Demented Are Go,Cardiff,record_label,wd:Q28372213,ID Records,Wikidata P264
Snuff,London,record_label,wd:Q5580601,Golf Records,Wikidata P264
Snuff,London,record_label,wd:Q605388,Fat Wreck Chords,Wikidata P264
Xentrix,Preston,record_label,wd:Q18628,Roadrunner Records,Wikidata P264
Edgar Broughton Band,Coventry,record_label,wd:Q1324712,Harvest,Wikidata P264
Fanfarlo,London,record_label,wd:Q202440,Atlantic Records,Wikidata P264
The Duke Spirit,London,record_label,wd:Q2481499,Fiction Records,Wikidata P264
Oceansize,Manchester,record_label,wd:Q126039,Beggars Banquet Records,Wikidata P264
Close Lobsters,Glasgow,record_label,wd:Q5451422,Fire Records,Wikidata P264
The Delgados,Glasgow,record_label,wd:Q2371991,Chemikal Underground,Wikidata P264
The Wytches,Peterborough,record_label,wd:Q1397914,Fat Possum Records,Wikidata P264
The Wytches,Peterborough,record_label,wd:Q375229,Heavenly Recordings,Wikidata P264
Rialto,London,record_label,wd:Q2576206,East West Records,Wikidata P264
Black Foxxes,Exeter,record_label,wd:Q1124153,Spinefarm Records,Wikidata P264
Black Foxxes,Exeter,record_label,wd:Q1973834,Play It Again Sam,Wikidata P264
Piano Magic,London,record_label,wd:Q1660357,Important Records,Wikidata P264
Piano Magic,London,record_label,wd:Q238095,4AD,Wikidata P264
10cc,Manchester,member,mb:49b4ba82-fb3d-4a03-ad4c-b802b2498d8f,Lol Creme,MusicBrainz member relationship
10cc,Manchester,member,mb:bda14dd0-45a5-47be-8556-cec118ff7a49,Kevin Godley,MusicBrainz member relationship
10cc,Manchester,member,mb:8ddb77ac-3083-4c51-8fc1-ec5e9f35fcfa,Eric Stewart,MusicBrainz member relationship
10cc,Manchester,member,mb:88795ca5-5bef-4253-ae0e-79a5d00e0388,Graham Gouldman,MusicBrainz member relationship
10cc,Manchester,member,mb:78da9bf1-8429-4003-89a2-5c5efa63da7b,Paul Burgess,MusicBrainz member relationship
10cc,Manchester,member,mb:6741e5e7-7baa-4257-92ff-378d7ceec821,Tony O'Malley,MusicBrainz member relationship
10cc,Manchester,member,mb:e3f414ed-55bb-4b18-a4fd-6cc3379e3840,Rick Fenn,MusicBrainz member relationship
10cc,Manchester,member,mb:cb44df12-a954-4494-a17a-9155b93fd684,Stuart Tosh,MusicBrainz member relationship
10cc,Manchester,member,mb:d694be14-ee6e-4a1b-966e-ff9db23cbb5c,Duncan Mackay,MusicBrainz member relationship
10cc,Manchester,member,mb:feeb89b1-de09-4bea-a699-7608dca9c875,Vic Emerson,MusicBrainz member relationship
10cc,Manchester,member,mb:bbda48b6-9111-4f72-9929-0f5398cc4c07,Jamie Lane,MusicBrainz member relationship
10cc,Manchester,member,mb:87d44f69-4e1b-41e3-a901-1115ed99cc62,Steve Piggott,MusicBrainz member relationship
10cc,Manchester,member,mb:ba088587-1cd8-4c5b-8353-753244c8bd66,Gary Wallis,MusicBrainz member relationship
10cc,Manchester,member,mb:5850a97f-f2ad-4f6b-95f0-4b3deaf45187,Geoff Dunn,MusicBrainz member relationship
10cc,Manchester,member,mb:77cca3a3-a5a6-4119-9506-d9376fe7b54b,Alan Park,MusicBrainz member relationship
10cc,Manchester,member,mb:60fb4890-3d3f-445d-99ee-021adc2b84aa,Mick Wilson,MusicBrainz member relationship
10cc,Manchester,member,mb:add96e3b-d07a-4e7d-bd14-2bab358ba521,Mike Stevens,MusicBrainz member relationship
10cc,Manchester,member,mb:1c934052-3907-400e-b69d-724f361aaaf7,Keith Hayman,MusicBrainz member relationship
65daysofstatic,Sheffield,member,mb:742536f7-b248-47dd-946d-6f73f4f89373,Iain Armstrong,MusicBrainz member relationship
65daysofstatic,Sheffield,member,mb:8107d7ae-2daf-47a8-9992-196da28bc2b7,Joe Shrewsbury,MusicBrainz member relationship
65daysofstatic,Sheffield,member,mb:18208037-0685-4e31-b0c9-d99ad9b9f5ca,Paul Wolinski,MusicBrainz member relationship
65daysofstatic,Sheffield,member,mb:445c70f7-f0e6-4ea4-8feb-a6d349c597b1,Feedle,MusicBrainz member relationship
65daysofstatic,Sheffield,member,mb:4d7bb638-8296-45cb-92c2-388529b5adda,Rob Jones,MusicBrainz member relationship
65daysofstatic,Sheffield,member,mb:919308b6-9d36-4f7c-9fd1-d4f5b5e4e04e,Gareth Hughes,MusicBrainz member relationship
65daysofstatic,Sheffield,member,mb:344fc442-8223-4320-9fef-36f2535a0617,Simon Wright,MusicBrainz member relationship
999,London,member,mb:59fd144b-6cb3-48ec-ba97-6f1632991ce3,Jon Watson,MusicBrainz member relationship
999,London,member,mb:78c65518-732b-4055-a2c8-5995955c36e7,Nick Cash,MusicBrainz member relationship
999,London,member,mb:768ea619-41e5-4bd0-b2eb-7bf67c9092f4,Guy Days,MusicBrainz member relationship
999,London,member,mb:551f0354-92f7-4d2c-80f0-fc06577399f5,Pablo Labritain,MusicBrainz member relationship
999,London,member,mb:46db879a-ae47-4854-b42e-d81cedae3eb6,Danny Palmer,MusicBrainz member relationship
999,London,member,mb:f02c7141-0c0f-49e8-9005-b0ebcf2e85a5,Arturo Bassick,MusicBrainz member relationship
A Certain Ratio,Manchester,member,mb:b57d99e1-5149-418b-8194-09db8782edb7,Andy Connell,MusicBrainz member relationship
A Certain Ratio,Manchester,member,mb:105235af-71d6-4ea6-a141-f92d0ac6ae09,Denise Johnson,MusicBrainz member relationship
A Certain Ratio,Manchester,member,mb:49569ee1-aba3-4c08-8ead-9791a7f8c96d,Donald Johnson,MusicBrainz member relationship
A Certain Ratio,Manchester,member,mb:1a552ce2-a69e-4625-b937-af2b6c8d7e3b,Jeremy Kerr,MusicBrainz member relationship
A Certain Ratio,Manchester,member,mb:0966e7ae-08f3-4923-adda-1a220212264d,Martin Moscrop,MusicBrainz member relationship
A Certain Ratio,Manchester,member,mb:ddff3011-733c-4c04-a33e-05cc3a14997d,Liam Mullan,MusicBrainz member relationship
A Certain Ratio,Manchester,member,mb:183ca605-2760-46b6-9098-515918c9d3a3,Tony Quigley,MusicBrainz member relationship
A Certain Ratio,Manchester,member,mb:d6a1837d-aacb-49be-8c64-0bbbea680489,Peter Terrell,MusicBrainz member relationship
A Certain Ratio,Manchester,member,mb:27542a13-2476-4c3e-893e-f20e62d20bb3,Martha Tilson,MusicBrainz member relationship
A Certain Ratio,Manchester,member,mb:6dd95305-7ca6-464d-a9de-93c3a963cda9,Simon Topping,MusicBrainz member relationship
A Flock Of Seagulls,Liverpool,member,mb:f742d326-05a5-406f-935e-08e4e5a13b36,Ali Score,MusicBrainz member relationship
A Flock Of Seagulls,Liverpool,member,mb:d307b741-1ee7-4b2d-b0f4-c24ce2171e83,Mike Score,MusicBrainz member relationship
A Flock Of Seagulls,Liverpool,member,mb:6becb2ca-f45c-4bf7-922d-80f2e3e0af7b,A.J. Mazzetti,MusicBrainz member relationship
A Flock Of Seagulls,Liverpool,member,mb:957dc66b-1014-43af-adf1-e98f58f15b2a,Dean Pichette,MusicBrainz member relationship
A Flock Of Seagulls,Liverpool,member,mb:90fc9d75-18ee-42f3-b539-ae33c8ac2a1f,Frank Maudsley,MusicBrainz member relationship
A Flock Of Seagulls,Liverpool,member,mb:d419efdf-344a-4507-967f-36f071d57bc3,Paul Reynolds,MusicBrainz member relationship
A1,London,member,mb:110d91e0-f052-465d-b694-ceba387a9675,Ben Adams,MusicBrainz member relationship
A1,London,member,mb:02f18d8a-129b-4aac-85cd-a00cdf2dc73b,Christian Ingebrigtsen,MusicBrainz member relationship
A1,London,member,mb:758dd041-d241-4bcf-adc1-e190fc8773ea,Paul Marazzi,MusicBrainz member relationship
A1,London,member,mb:27e5bab6-6872-45cd-8f2c-3ee6dcedb735,Mark Read,MusicBrainz member relationship
ABC,Sheffield,member,mb:24e97d3d-32ba-4835-96be-e5c1cc7fa907,John Wesley Barker,MusicBrainz member relationship
ABC,Sheffield,member,mb:4112bae3-5b79-45c3-9d4a-ad8cf549ba5a,Dave Clayton,MusicBrainz member relationship
ABC,Sheffield,member,mb:bc6f40cf-05da-40c2-9c53-209e48b1f0b7,Martin Fry,MusicBrainz member relationship
ABC,Sheffield,member,mb:6d4c3c0a-9afa-4862-baf7-a29d1025e1fd,Mark Lickley,MusicBrainz member relationship
ABC,Sheffield,member,mb:d19c9b44-ac0e-4548-88d5-da6653ca90c5,David Palmer,MusicBrainz member relationship
ABC,Sheffield,member,mb:d2c42bbd-5d4b-4d7d-acee-9c117cc2675d,Stephen Singleton,MusicBrainz member relationship
ABC,Sheffield,member,mb:cc98b5fe-cb30-4239-b89d-52b34a0546e1,Mark White,MusicBrainz member relationship
Above & Beyond,London,member,mb:450cbb21-9083-4a92-9b5d-b0b9c58dd330,Jono Grant,MusicBrainz member relationship
Above & Beyond,London,member,mb:f486501c-5a60-449e-b113-49e654a9098e,Tony McGuinness,MusicBrainz member relationship
Above & Beyond,London,member,mb:4e1c503c-6791-4ca7-8b5b-805ab048321b,Paavo Siljamäki,MusicBrainz member relationship
Ace,Sheffield,member,mb:cce2d21f-8396-4ee8-9b00-9b58d51863b2,Steve Witherington,MusicBrainz member relationship
Ace,Sheffield,member,mb:c77a48ba-9099-4df0-963b-e99bc470d120,Alan “Bam” King,MusicBrainz member relationship
Ace,Sheffield,member,mb:671560c3-2414-4758-baf6-19c76b1a985b,Phil Harris,MusicBrainz member relationship
Ace,Sheffield,member,mb:fe4658a6-bb37-473d-b6f0-f075dda8d31c,Paul Carrack,MusicBrainz member relationship
Ace,Sheffield,member,mb:aeead87e-2466-41d9-8d8a-bc014340a1f5,Terry “Tex” Comer,MusicBrainz member relationship
Ace,Sheffield,member,mb:7ec691ef-5d03-4053-ae9f-eaedf9a27b66,Fran Byrne,MusicBrainz member relationship
Ace,Sheffield,member,mb:7355a8a1-e62c-4213-a799-8fd28e7eab1a,Steve Kirby,MusicBrainz member relationship
Ace,Sheffield,member,mb:49ade363-0ca7-428d-8d12-887c081e2673,Jon Woodhead,MusicBrainz member relationship
Acoustic Alchemy,London,member,mb:0b493e51-2d2f-45cb-9b21-1201c9ee11b9,Mario Argandoña,MusicBrainz member relationship
Acoustic Alchemy,London,member,mb:68c6f7ae-efcf-4ffc-90dc-80ad52694090,Greg Carmichael,MusicBrainz member relationship
Acoustic Alchemy,London,member,mb:d6e7a391-a08d-49a0-8663-7be4d6f6fa9f,Konrad Mathieu,MusicBrainz member relationship
Acoustic Alchemy,London,member,mb:a9c69389-2830-4130-addf-78f77ad9503f,Klaus Sperber,MusicBrainz member relationship
Acoustic Alchemy,London,member,mb:f24c9eaa-c6c7-4d6b-825f-82fbc08040f7,Abe White,MusicBrainz member relationship
Acoustic Alchemy,London,member,mb:705a7273-e3c5-4c4c-9007-5dc72f96118c,Patrick Bettison,MusicBrainz member relationship
Acoustic Alchemy,London,member,mb:82e09d67-5d46-45fd-bfbf-2231dc2e4951,Terry Disley,MusicBrainz member relationship
Acoustic Alchemy,London,member,mb:9e5346b4-fcd1-4bb1-baf8-d50c160019b1,Jeff Clyne,MusicBrainz member relationship
Acoustic Alchemy,London,member,mb:1bc69d6e-5bfb-4014-8fae-5689c22bb73e,Ron Mathewson,MusicBrainz member relationship
Acoustic Alchemy,London,member,mb:598ce787-40cc-483b-888b-6e14ed929a89,John Parsons,MusicBrainz member relationship
Acoustic Alchemy,London,member,mb:7854c9bc-6263-4b54-849b-7ea72773341a,Dennis Murphy,MusicBrainz member relationship
Acoustic Alchemy,London,member,mb:7bb49ef9-92c3-438a-8c2c-8c36241434c9,Miles Gilderdale,MusicBrainz member relationship
Acoustic Alchemy,London,member,mb:543878c5-de10-4331-9a43-1dc6266400a3,Frank Felix,MusicBrainz member relationship
Acoustic Alchemy,London,member,mb:d9f99b4a-fd78-4324-ab14-56cb8fafa3f5,Anthony “Fred” White,MusicBrainz member relationship
Acoustic Alchemy,London,member,mb:ba8b5630-a746-4c92-99a6-b220e901b536,Jamie Norton,MusicBrainz member relationship
Acoustic Alchemy,London,member,mb:a3bd5f5e-67ef-413c-b707-b8a64d5ffff0,Greg Grainger,MusicBrainz member relationship
Acoustic Alchemy,London,member,mb:079cabca-d998-4c43-bf60-9b583e24942f,Julian Crampton,MusicBrainz member relationship
Acoustic Alchemy,London,member,mb:dd8911b4-491a-4ced-99d0-a445d78f33d9,Werner Kopal,MusicBrainz member relationship
Acoustic Alchemy,London,member,mb:c0f635ac-6eb8-4635-b244-82b26b615bdb,Nick Webb,MusicBrainz member relationship
Acoustic Alchemy,London,member,mb:a9195057-4ae5-4123-856f-d9e2f6db32f7,Rainer Brüninghaus,MusicBrainz member relationship
Acoustic Alchemy,London,member,mb:cb43bf22-0dd1-4d2d-96f1-3ae321b099ea,Conny Mathieu,MusicBrainz member relationship
Acoustic Alchemy,London,member,mb:4087a8bb-01b3-490d-8b74-dab3de3b7967,Bert Smaak,MusicBrainz member relationship
Acoustic Alchemy,London,member,mb:c490d579-b609-4c58-91c7-c063f35fc5d6,Simon James,MusicBrainz member relationship
After The Fire,London,member,mb:5fef31b1-7927-49db-9c13-66e62e977393,Ian Adamson,MusicBrainz member relationship
After The Fire,London,member,mb:72c6e45c-7220-4354-8b9a-eb65cf74fba5,Peter Banks,MusicBrainz member relationship
After The Fire,London,member,mb:5fd3330e-dae7-4b9e-9862-38c3e746b3b2,Andy Piercy,MusicBrainz member relationship
After The Fire,London,member,mb:24f51a2e-878c-4714-ace1-8af445380f81,Ivor Twidell,MusicBrainz member relationship
After The Fire,London,member,mb:35449ee4-1a28-4830-b6e3-a8818986d5c8,Pete King,MusicBrainz member relationship
After The Fire,London,member,mb:4017f330-a6ef-4683-8693-7d416e4a4587,John Russell,MusicBrainz member relationship
After The Fire,London,member,mb:cbcfc977-5e45-434d-b9ce-6266d9a3450e,Rob Halligan,MusicBrainz member relationship
Alien Sex Fiend,London,member,mb:720a8ccc-1678-4a02-9901-75ea1c530c0c,Mrs Fiend,MusicBrainz member relationship
Alien Sex Fiend,London,member,mb:344f1dec-dc4b-4d3a-947b-e713954b903c,Nik Fiend,MusicBrainz member relationship
Alien Sex Fiend,London,member,mb:e546fc54-05f8-47bd-b65d-7ac369cc568d,Rat Fink,MusicBrainz member relationship
Alien Sex Fiend,London,member,mb:72412712-6c76-4a14-b339-92ba90b18aae,Johnnie Ha Ha,MusicBrainz member relationship
Alien Sex Fiend,London,member,mb:37f843ea-35e3-4170-8efa-8fdfb9a78542,Yaxi Highriser,MusicBrainz member relationship
Alien Sex Fiend,London,member,mb:df5596a3-6c34-48dc-84c5-83951d9e6d25,Doc Milton,MusicBrainz member relationship
Alien Sex Fiend,London,member,mb:52ff300a-4062-4c1e-abd7-32881d637219,Matt Rowlands,MusicBrainz member relationship
Alisha's Attic,London,member,mb:5ef3c97b-bf6f-4dbb-822f-91327df60ca6,Karen Poole,MusicBrainz member relationship
Alisha's Attic,London,member,mb:1d38bbea-5aef-4e25-a02e-6143e1796232,Shelly Poole,MusicBrainz member relationship
All Saints,London,member,mb:e4988d47-51f0-4084-b380-f5df27ddecd3,Natalie Appleton,MusicBrainz member relationship
All Saints,London,member,mb:ac683c6a-062a-4f53-91e5-46701aa6f104,Nicole Appleton,MusicBrainz member relationship
All Saints,London,member,mb:7b766b89-28d7-4f30-9538-1f3b0d7937fe,Melanie Blatt,MusicBrainz member relationship
All Saints,London,member,mb:a9693ac9-0535-4b50-9fcb-011e391a8abc,Shaznay Lewis,MusicBrainz member relationship
Altered Images,Glasgow,member,mb:6062be65-dbd3-4c91-9d0e-8b2471980404,Stephen Lironi,MusicBrainz member relationship
Altered Images,Glasgow,member,mb:9224e756-0e68-47da-8740-22175cc853bc,Tich Anderson,MusicBrainz member relationship
Altered Images,Glasgow,member,mb:72187274-c91c-4d10-9b7c-ad11868f53c2,Clare Grogan,MusicBrainz member relationship
Altered Images,Glasgow,member,mb:f25c9f47-a707-409a-8bd0-d2e05be8014f,Tony McDaid,MusicBrainz member relationship
Altered Images,Glasgow,member,mb:4525f0ca-0670-45fe-85b5-9ad94243c32c,Johnny McElhone,MusicBrainz member relationship
AlunaGeorge,London,member,mb:4d937f0c-1248-4b0d-93f5-427059092c33,Aluna,MusicBrainz member relationship
AlunaGeorge,London,member,mb:02512f89-9a55-418e-a3e9-1b58247940e2,George Reid,MusicBrainz member relationship
Ambrosian Singers,London,member,mb:ba89e012-efbd-4b25-ac6c-7ea28ceb9d9c,The Strictly Unreasonable Zang Tuum Tumb Big Beat Colossus,MusicBrainz member relationship
America,London,member,mb:f5e0554a-1a1e-43ab-b00b-903a4d6cf7b8,Dan Peek,MusicBrainz member relationship
America,London,member,mb:c5e47fa7-f995-4ab2-bfc6-aa89c4db4570,Gerry Beckley,MusicBrainz member relationship
America,London,member,mb:e6151252-396c-4acb-b0d6-b421e8b478aa,Dewey Bunnell,MusicBrainz member relationship
America,London,member,mb:49f28cb6-9099-4454-a2db-542022f70e5c,David Dickey,MusicBrainz member relationship
America,London,member,mb:01c262ad-26cc-4674-8191-d3478a492f6f,Jimmy Calire,MusicBrainz member relationship
America,London,member,mb:64fb30b3-09b6-455c-970a-37a8a573a206,Brad Palmer,MusicBrainz member relationship
America,London,member,mb:e79ec73a-7982-4590-91b4-1546fd823cc5,Willie Leacox,MusicBrainz member relationship
America,London,member,mb:5011a692-8e1b-463e-a85f-a1a84af203a2,Bryan Garofalo,MusicBrainz member relationship
Anaal Nathrakh,Birmingham,member,mb:df0f273b-2e06-4b7f-95dc-0e4d63d582af,Irrumator,MusicBrainz member relationship
Anaal Nathrakh,Birmingham,member,mb:3a3db868-e429-44c9-be5f-1ef144a32aac,V.I.T.R.I.O.L.,MusicBrainz member relationship
Anathema,Liverpool,member,mb:a481751e-0522-4e30-b7f3-e75cedea1e3a,Jamie Cavanagh,MusicBrainz member relationship
Anathema,Liverpool,member,mb:a3b1a1b9-91eb-42f5-8bd5-c94a63feec25,Darren White,MusicBrainz member relationship
Anathema,Liverpool,member,mb:aabfd3b0-6659-4c84-a398-20da93e949cc,John Douglas,MusicBrainz member relationship
Anathema,Liverpool,member,mb:f4709d99-be19-42e4-b92d-99db48ded93f,Daniel Cavanagh,MusicBrainz member relationship
Anathema,Liverpool,member,mb:6da24d3b-846a-4c7d-9a53-0da9992415ae,Vincent Cavanagh,MusicBrainz member relationship
Anathema,Liverpool,member,mb:8ff73826-59ea-453f-a2d0-1265b6bd99ad,Duncan Patterson,MusicBrainz member relationship
Anathema,Liverpool,member,mb:52a56493-db12-4370-865d-1af5e5d1975a,Shaun Taylor‐Steels,MusicBrainz member relationship
Anathema,Liverpool,member,mb:512399d3-875b-4b38-bf84-d34e4d6aec2f,Dave Pybus,MusicBrainz member relationship
Anathema,Liverpool,member,mb:1a0b5c8c-4b52-4206-8e47-85b61311cee7,Lee Douglas,MusicBrainz member relationship
Anathema,Liverpool,member,mb:fc954c0e-0a53-46c2-828c-ff9cf0b4e672,Les Smith,MusicBrainz member relationship
Anathema,Liverpool,member,mb:bd162fc7-945e-4c01-af37-35a15141b4ab,Daniel Cardoso,MusicBrainz member relationship
Anavae,London,member,mb:cd25bd3f-9f9a-4b8a-a316-2913c0f627fa,Jamie Finch,MusicBrainz member relationship
Anavae,London,member,mb:f19b7041-1268-4f46-b875-8fe1bde80c36,Rebecca Need-Menear,MusicBrainz member relationship
Angel Witch,London,member,mb:fc95cb06-00d6-4a68-8257-29621ea8cda4,Dave Dufort,MusicBrainz member relationship
Angel Witch,London,member,mb:84fc2061-44c3-4726-91ab-91302f487bc1,Darren Minter,MusicBrainz member relationship
Angel Witch,London,member,mb:cb178563-7069-400c-b6f1-70c27cc84363,Rob Downing,MusicBrainz member relationship
Angel Witch,London,member,mb:8fc3371f-07f5-403d-a43d-c42a496c4f65,Kevin Heybourne,MusicBrainz member relationship
Angel Witch,London,member,mb:e465970f-278a-41ab-81b4-261cb7f15e81,Dave Hogg,MusicBrainz member relationship
Angel Witch,London,member,mb:9ef41442-43a9-49b6-8177-44a7fb0854e0,Will Palmer,MusicBrainz member relationship
Angel Witch,London,member,mb:47e4f4d7-8402-4091-b1b6-5d21d7ac0dc2,Kevin Riddles,MusicBrainz member relationship
Angel Witch,London,member,mb:e6fdb1db-4e4f-45a8-8760-bcb35149520b,Richie Wicks,MusicBrainz member relationship
Angelic Upstarts,Newcastle,member,mb:2a701063-09a8-4817-862b-3cbade61d9c9,Dave Brewis,MusicBrainz member relationship
Angelic Upstarts,Newcastle,member,mb:42b5e327-9d73-49c9-9698-633283d2a211,Raymond Cowie,MusicBrainz member relationship
Angelic Upstarts,Newcastle,member,mb:d147cbbf-93f2-4b21-8d77-bd53dc671a78,Steve Forsten,MusicBrainz member relationship
Angelic Upstarts,Newcastle,member,mb:ac6fae99-e711-4196-a1c7-d1d6679ff556,Tony Frater,MusicBrainz member relationship
Angelic Upstarts,Newcastle,member,mb:0db5d81f-1452-4eb9-b9f9-33db5cc8824c,Dickie Hammond,MusicBrainz member relationship
Angelic Upstarts,Newcastle,member,mb:2ac81ce4-5a33-47d6-94c8-6745ef526fc1,Brian Hayes,MusicBrainz member relationship
Angelic Upstarts,Newcastle,member,mb:951a2b3a-ceab-4a87-bbcd-886c6317f9f4,Derwent Jaconelli,MusicBrainz member relationship
Angelic Upstarts,Newcastle,member,mb:57662e0f-8dca-4811-91f3-0ff598f27c4f,John the Boy,MusicBrainz member relationship
Angelic Upstarts,Newcastle,member,mb:126bed47-f464-462d-92c2-650ae7a24bc1,Andrew Laing,MusicBrainz member relationship
Angelic Upstarts,Newcastle,member,mb:f9e18a14-33fa-4eb3-8e5f-c959eaad24bf,Graham Lant,MusicBrainz member relationship
Angelic Upstarts,Newcastle,member,mb:2138e55f-ed21-4299-bfc7-6b36e38bded7,Thomas Mensforth,MusicBrainz member relationship
Angelic Upstarts,Newcastle,member,mb:bad87b1a-ad35-4933-b2b0-b03dbeb1701e,Tony Morrison,MusicBrainz member relationship
Angelic Upstarts,Newcastle,member,mb:50127849-61bf-44ec-b184-678062b18aca,Neil Newton,MusicBrainz member relationship
Angelic Upstarts,Newcastle,member,mb:c430fde3-e477-447a-964c-ac001006f83b,Nick the Blonde,MusicBrainz member relationship
Angelic Upstarts,Newcastle,member,mb:676d5141-2396-4129-82ce-4107e9390ae5,Ronnie Rocker,MusicBrainz member relationship
Angelic Upstarts,Newcastle,member,mb:5ea228cb-5f3b-4e3b-88a0-8f9e88880f23,Gaz Stuart,MusicBrainz member relationship
Angelic Upstarts,Newcastle,member,mb:d08e24f9-d333-4788-b612-1420d4138a9b,Decca Wade,MusicBrainz member relationship
Angelic Upstarts,Newcastle,member,mb:e16be5c8-55e5-49c1-b457-3b915c0b4b6a,Glyn Warren,MusicBrainz member relationship
Angelic Upstarts,Newcastle,member,mb:62dad14c-25ce-49f6-8eb3-f88ae243a375,Keith Warrington,MusicBrainz member relationship
Antimatter,Liverpool,member,mb:8ff73826-59ea-453f-a2d0-1265b6bd99ad,Duncan Patterson,MusicBrainz member relationship
Antimatter,Liverpool,member,mb:bb509993-218f-4b36-b890-f5efdc9923bc,Mick Moss,MusicBrainz member relationship
Apollo 440,Liverpool,member,mb:c33feada-e1a2-45a2-ae40-8b69410661fd,Norman Fisher-Jones,MusicBrainz member relationship
Apollo 440,Liverpool,member,mb:f48da62f-4102-43d7-9285-2b0c6dee731d,James Gardner,MusicBrainz member relationship
Apollo 440,Liverpool,member,mb:90e0158e-4152-463e-8a76-212dd48cbcf1,Howard Gray,MusicBrainz member relationship
Apollo 440,Liverpool,member,mb:9ccaf9f7-3ff6-469a-bdf6-f36f16c4b01a,Trevor Gray,MusicBrainz member relationship
Apollo 440,Liverpool,member,mb:50052ba1-21df-4589-91cd-bc8eaa4a5213,Rej Ap Gwynedd,MusicBrainz member relationship
Apollo 440,Liverpool,member,mb:62014d5a-1939-4485-b71b-7d0f9ca45715,Cliff Hewitt,MusicBrainz member relationship
Apollo 440,Liverpool,member,mb:3786c3db-183b-4371-92fe-1e81a24d7827,Noko,MusicBrainz member relationship
Arab Strap,Falkirk,member,mb:d7ab5dd4-9923-4e3f-b8ac-ae028cdfb167,Malcolm Middleton,MusicBrainz member relationship
Arab Strap,Falkirk,member,mb:253c2b80-9b4f-4fb9-9c09-9185bccf6cf0,Aidan Moffat,MusicBrainz member relationship
Architects,Brighton and Hove,member,mb:529a7dba-48f1-4ad7-b087-f17364108f61,Tim Lucas,MusicBrainz member relationship
Architects,Brighton and Hove,member,mb:389f136a-527d-43c8-b583-e39b10e0c4be,Matt Johnson,MusicBrainz member relationship
Architects,Brighton and Hove,member,mb:4874742d-8555-4c8e-8ad7-256ec089fc5a,Tim Hillier-Brook,MusicBrainz member relationship
Architects,Brighton and Hove,member,mb:196da901-1ecb-4650-8bb8-5da792ece5fd,Tom Searle,MusicBrainz member relationship
Architects,Brighton and Hove,member,mb:ef7183de-8d71-4227-b995-e53351e4c00b,Dan Searle,MusicBrainz member relationship
Architects,Brighton and Hove,member,mb:8d9108b5-70d3-4e62-a08e-d6d011d05cc8,Ali Dean,MusicBrainz member relationship
Architects,Brighton and Hove,member,mb:6b24a6fa-c731-4806-bae8-017485fd1cd7,Sam Carter,MusicBrainz member relationship
Architects,Brighton and Hove,member,mb:f810e075-cbd2-4488-8439-348bba594db9,Casey Lagos,MusicBrainz member relationship
Architects,Brighton and Hove,member,mb:dd06403e-09a5-4c2f-93e9-29e4a5998567,Josh Middleton,MusicBrainz member relationship
Architects,Brighton and Hove,member,mb:4b930aac-6149-4b29-8ce1-a9acb0270268,Adam Christianson,MusicBrainz member relationship
Architects,Brighton and Hove,member,mb:e95077e4-7f70-4bb4-b867-e4f98346be0b,Morgan Sinclair,MusicBrainz member relationship
Architects,Brighton and Hove,member,mb:dba7a93a-13a8-4eb7-8536-32cc09812168,Sean Delander,MusicBrainz member relationship
Archive,London,member,mb:f5ffe7a5-d8b2-47e8-9e6a-3c532a3f0f9e,Danny Griffiths,MusicBrainz member relationship
Archive,London,member,mb:d523f78b-9652-4683-891e-7dcc7fc081e3,Darius Keeler,MusicBrainz member relationship
Archive,London,member,mb:cdb85ec3-c71e-4627-bacd-a2f09fd1c48a,Craig Walker,MusicBrainz member relationship
Archive,London,member,mb:5974410b-6f32-4eed-b502-3b9027da8640,Lee Pomeroy,MusicBrainz member relationship
Archive,London,member,mb:69751b2d-bfa1-47e7-8b54-df54907fbfc9,Dave Pen,MusicBrainz member relationship
Archive,London,member,mb:70a49466-482e-49a5-a26d-70a3625b454e,Roya Arab,MusicBrainz member relationship
Archive,London,member,mb:e39a4a8b-1293-4e02-8dc0-4e85e25e666d,Pollard Berrier,MusicBrainz member relationship
Archive,London,member,mb:e83f6fcd-0c55-404b-b586-fba6c7a8ffe3,Steve Davis,MusicBrainz member relationship
Archive,London,member,mb:3159e000-6a71-46b7-8e70-300e4678ffdb,Steve Harris,MusicBrainz member relationship
Archive,London,member,mb:0d419462-3137-4f52-922a-28bf94985fa2,Maria Q,MusicBrainz member relationship
Archive,London,member,mb:8468dad7-2ca2-4b2e-9ca9-318c39d7699c,Holly Martin,MusicBrainz member relationship
Archive,London,member,mb:d1b05469-8012-4030-b47f-f5653d624ca9,Jonathan Noyce,MusicBrainz member relationship
Archive,London,member,mb:0abe169a-3b1b-4706-a3f7-f31ce36486b2,Smiley,MusicBrainz member relationship
Arctic Monkeys,Sheffield,member,mb:d9a51c90-1315-41f7-932f-ed084449e3ed,Andy Nicholson,MusicBrainz member relationship
Arctic Monkeys,Sheffield,member,mb:ee953029-6de8-4c50-8d0f-215a1e4e8dd6,Alex Turner,MusicBrainz member relationship
Arctic Monkeys,Sheffield,member,mb:bce3d50f-714d-4dd7-ba7b-3179830fdbd3,Jamie Cook,MusicBrainz member relationship
Arctic Monkeys,Sheffield,member,mb:e7ae3e08-43f5-4c19-81e9-34f16b00fbc2,Matt Helders,MusicBrainz member relationship
Arctic Monkeys,Sheffield,member,mb:c24c68b3-abcd-4fd3-9173-296c46a699bd,Nick O’Malley,MusicBrainz member relationship
Argent,London,member,mb:f0bea941-5c7e-4253-ad43-5ba3c5a5f14d,Russ Ballard,MusicBrainz member relationship
Argent,London,member,mb:114a352b-98ac-44f8-943d-691765997cdc,John Verity,MusicBrainz member relationship
Argent,London,member,mb:ef2c4a66-3521-4ee6-9db8-afca1fcf2e79,Bob Henrit,MusicBrainz member relationship
Asking Alexandria,York,member,mb:30e19d49-dd60-4e44-bc32-8528ac2933a9,Ben Bruce,MusicBrainz member relationship
Asking Alexandria,York,member,mb:f42e7e1f-5956-4f4f-bc38-32ff8548ff43,Ryan Binns,MusicBrainz member relationship
Asking Alexandria,York,member,mb:6c30acdf-424c-44a3-88e6-ccd5e8413e7f,Joe Lancaster,MusicBrainz member relationship
Asking Alexandria,York,member,mb:af591c1b-4dfe-4708-993e-f6ac6aa6d2ac,Danny Worsnop,MusicBrainz member relationship
Asking Alexandria,York,member,mb:7e95b4f1-4f3a-4f1a-9af1-9f17a0371b76,James Cassells,MusicBrainz member relationship
Asking Alexandria,York,member,mb:2799d4e3-37e3-4e82-921f-3076d8b53b5d,Cameron Liddell,MusicBrainz member relationship
Asking Alexandria,York,member,mb:343426bc-9520-41b8-97c7-c3b661f6a78b,Sam Bettley,MusicBrainz member relationship
Asking Alexandria,York,member,mb:dd28a1a0-1980-4860-a1ff-4712e2c0c3fd,Denis Stoff,MusicBrainz member relationship
Athlete,London,member,mb:4382982f-8c4e-44da-996a-125522cd3911,Joel Pott,MusicBrainz member relationship
Athlete,London,member,mb:24a72c56-bdc2-4815-9c4e-64d63100b024,Steve Roberts,MusicBrainz member relationship
Athlete,London,member,mb:5e98c8c2-147e-4fc9-ab63-3e6769f747af,Tim Wanstall,MusicBrainz member relationship
Athlete,London,member,mb:1626c137-fca2-495d-89b4-dd4df895148b,Carey Willets,MusicBrainz member relationship
Atomic Kitten,Liverpool,member,mb:f1423239-3856-46ae-b254-808e987a07ec,Heidi Range,MusicBrainz member relationship
Atomic Kitten,Liverpool,member,mb:7b6b9185-4736-4451-9d84-f9916e361ff7,Natasha Hamilton,MusicBrainz member relationship
Atomic Kitten,Liverpool,member,mb:343015a7-6d21-4665-9a14-49fbe6a02ac2,Kerry Katona,MusicBrainz member relationship
Atomic Kitten,Liverpool,member,mb:9a834f20-91aa-4bf7-bde6-74866fbe9b3f,Liz McClarnon,MusicBrainz member relationship
Atomic Kitten,Liverpool,member,mb:8a032ac5-4d93-4353-bbf8-a3c43fd008c6,Jenny Frost,MusicBrainz member relationship
Au Pairs,Birmingham,member,mb:55ae2c4a-5aab-494e-9d3a-32993c4c5b85,Paul Foad,MusicBrainz member relationship
Au Pairs,Birmingham,member,mb:5e743d95-8c77-4d2c-8010-b745674749b3,Pete Hammond,MusicBrainz member relationship
Au Pairs,Birmingham,member,mb:6959d581-775e-4de4-b08b-124984ab22fd,Jane Munro,MusicBrainz member relationship
Au Pairs,Birmingham,member,mb:0d18e5e0-2f52-460c-960e-9d7a34f098e7,Lesley Woods,MusicBrainz member relationship
Audio Bullys,London,member,mb:250fce27-3894-4c8e-854e-55a4d7bd02f2,Tom Dinsdale,MusicBrainz member relationship
Audio Bullys,London,member,mb:6b892f3a-5711-4050-9ebf-b6330d099a71,Simon Franks,MusicBrainz member relationship
Average White Band,Dundee City,member,mb:3b106f97-02df-460c-9d5d-a7b41e933f70,Hamish Stuart,MusicBrainz member relationship
Average White Band,Dundee City,member,mb:a550d8b5-fca6-480a-acba-2ea18aec7981,Steve Ferrone,MusicBrainz member relationship
Average White Band,Dundee City,member,mb:cde05af9-065c-455f-beb3-a7bde78c646b,Alex Ligertwood,MusicBrainz member relationship
Average White Band,Dundee City,member,mb:e2c820a8-d68a-4796-a7ef-f1317543bb87,Fred Vigdor,MusicBrainz member relationship
Average White Band,Dundee City,member,mb:ce0d8f43-f928-4bff-9a64-d0f1cc88ae2c,Adam Deitch,MusicBrainz member relationship
Average White Band,Dundee City,member,mb:7526f32e-0711-4a4c-a5f1-96ca45a5d811,Klyde Jones,MusicBrainz member relationship
Average White Band,Dundee City,member,mb:4388f36d-76b9-407c-9f9f-a60a1ddf8851,Robbie McIntosh,MusicBrainz member relationship
Average White Band,Dundee City,member,mb:27f7a97b-3c08-4121-83fd-ca876db0dbd3,Roger Ball,MusicBrainz member relationship
Average White Band,Dundee City,member,mb:7abffe0d-c0d6-4316-a78b-7d2403e8f722,Molly Duncan,MusicBrainz member relationship
Average White Band,Dundee City,member,mb:ba42218e-c081-4b97-9f53-63f25efea3f0,Alan Gorrie,MusicBrainz member relationship
Average White Band,Dundee City,member,mb:4b19a25c-c717-40a1-8dd0-c3595b978dc8,Owen McIntyre,MusicBrainz member relationship
Average White Band,Dundee City,member,mb:b6224d62-8276-46f9-ab8f-34bbe9b1baad,John Wilson,MusicBrainz member relationship
Aztec Camera,Glasgow,member,mb:f3e19b5d-7e9d-4b81-965f-340962ee2c94,Bernie Clarke,MusicBrainz member relationship
Aztec Camera,Glasgow,member,mb:66a25dad-5d09-4c09-8463-1dc74534500a,Campbell Owens,MusicBrainz member relationship
Aztec Camera,Glasgow,member,mb:37fc19c2-055d-4e3b-97b8-ae130a49566e,Roddy Frame,MusicBrainz member relationship
Aztec Camera,Glasgow,member,mb:856ee0fb-8378-4f59-9e42-365e8c7f7425,Craig Gannon,MusicBrainz member relationship
Aztec Camera,Glasgow,member,mb:649b6c50-f7da-4739-aa5e-e1c672474e84,Malcolm Ross,MusicBrainz member relationship
Aztec Camera,Glasgow,member,mb:8b5cf309-3a53-4f6a-aa72-5460d077e4db,Dave Ruffy,MusicBrainz member relationship
B-Movie,Mansfield,member,mb:e180e92b-634b-4fbc-b14d-0183391be8aa,Graham Boffey,MusicBrainz member relationship
B-Movie,Mansfield,member,mb:9ac63b89-345c-43bd-a0f4-7bd4b8d0a965,Steve Hovington,MusicBrainz member relationship
B-Movie,Mansfield,member,mb:1a1ebc2f-a37e-4bfc-b72a-b910756c4fd4,Paul Statham,MusicBrainz member relationship
B-Movie,Mansfield,member,mb:654437a9-1745-4331-b392-8f819576f5da,Rick Holliday,MusicBrainz member relationship
Babe Ruth,London,member,mb:ee99216f-f23e-4225-b4c2-7b955fac02a6,Janita Haan,MusicBrainz member relationship
Babe Ruth,London,member,mb:e509ea98-b5e2-40e7-a02e-c9afd2174273,Dave Hewitt,MusicBrainz member relationship
Babe Ruth,London,member,mb:8b57275b-4eed-4cc8-bee1-45560350f35b,Bernie Marsden,MusicBrainz member relationship
Babe Ruth,London,member,mb:8dd593f8-d4a9-4e66-b830-2abebf0661f7,Dick Powell,MusicBrainz member relationship
Babe Ruth,London,member,mb:10d400a9-5706-4137-aaa6-1de2c34bedc0,Dave Punshon,MusicBrainz member relationship
Babe Ruth,London,member,mb:9c00fef0-49ea-486f-abf8-e83ec46e4855,Alan Shacklock,MusicBrainz member relationship
Babe Ruth,London,member,mb:7782d453-03da-4859-b198-4f8d89889aeb,Steve Gurl,MusicBrainz member relationship
Babybird,Sheffield,member,mb:b72d0ffa-31dc-457d-b344-416e36b1aa79,Stephen Jones,MusicBrainz member relationship
Babylon Zoo,Birmingham,member,mb:81bd8bc6-41c8-455c-af5e-81f26d22fb8d,Jas Mann,MusicBrainz member relationship
Babylon Zoo,Birmingham,member,mb:6022105f-eee6-4782-8841-5519fac650d3,David Goodes,MusicBrainz member relationship
Babyshambles,London,member,mb:adade42c-f816-4b5a-90f3-6de9be6c4de8,Gemma Clarke,MusicBrainz member relationship
Babyshambles,London,member,mb:94f6def3-dbfe-403b-bb40-d324c8c13fbb,Peter Doherty,MusicBrainz member relationship
Babyshambles,London,member,mb:8d1f22da-dd1c-4c17-9b3c-3ed9fcd2997c,Adam Ficek,MusicBrainz member relationship
Babyshambles,London,member,mb:62be0380-f431-4588-873f-b0a12369bb23,Drew McConnell,MusicBrainz member relationship
Babyshambles,London,member,mb:2f0437da-45e8-4ffe-9e75-12f835d5d563,Mick Whitnall,MusicBrainz member relationship
Babyshambles,London,member,mb:a289805c-4754-4c2b-942e-b3adc66149cb,Patrick Walden,MusicBrainz member relationship
Bad Company,London,member,mb:1d78f61c-8f8d-4b3b-9ec2-83f40b1602f7,Mick Ralphs,MusicBrainz member relationship
Bad Company,London,member,mb:f52d6e9a-7c75-4e42-8848-8b12658e5994,Simon Kirke,MusicBrainz member relationship
Bad Company,London,member,mb:eb6ae21a-46ab-4a77-950c-a01d5612bbbd,Steve Price,MusicBrainz member relationship
Bad Company,London,member,mb:0780728d-ce4b-49cb-8ad5-9e001629c287,Brian Howe,MusicBrainz member relationship
Bad Company,London,member,mb:513f7dd3-1987-4c8d-a44e-9f770a526ba9,Rick Wills,MusicBrainz member relationship
Bad Company,London,member,mb:c7dca8df-383a-4d46-ad4d-f6fdd3b21c7c,Robert Hart,MusicBrainz member relationship
Bad Company,London,member,mb:cb475c61-3e5e-44eb-bcc1-047be797e883,Howard Leese,MusicBrainz member relationship
Bad Company,London,member,mb:256ec98d-e14e-4ea5-a478-7f9a69106917,Todd Ronning,MusicBrainz member relationship
Bad Company,London,member,mb:8a051afa-9a05-402e-a2bb-32c877c812ee,Boz Burrell,MusicBrainz member relationship
Bad Company,London,member,mb:723f72bc-b000-42cb-a20d-9f43fee17456,Paul Rodgers,MusicBrainz member relationship
Bad Company,London,member,mb:49085d1b-4234-4f7c-ab62-53e29b98eab2,Paul Rodgers and Company,MusicBrainz member relationship
Bad Company,London,member,mb:9e810703-db31-4c61-a5c6-e9ec4d46d478,Jaz Lochrie,MusicBrainz member relationship
Bad Manners,London,member,mb:ac3dfc7a-c9cb-45ff-8fb6-86b2e7553896,Buster Bloodvessel,MusicBrainz member relationship
Bad Manners,London,member,mb:1c8c0160-a747-4e47-b896-f2ea7eccbfc0,Louis Cook,MusicBrainz member relationship
Bad Manners,London,member,mb:3319c97a-1a15-4a16-8f7a-2efd7cbe3b02,Justin Dodsworth,MusicBrainz member relationship
Bad Manners,London,member,mb:72981700-e2d0-46f7-82f2-1f5d02e92265,David Farren,MusicBrainz member relationship
Bad Manners,London,member,mb:936b9033-2df3-41ea-909f-03455f7f359f,Mark Harrison,MusicBrainz member relationship
Bad Manners,London,member,mb:1fc7b204-14b9-4e07-a545-e7266e04c3de,Paul Hyman,MusicBrainz member relationship
Bad Manners,London,member,mb:69d97b6d-8f39-4a89-ad60-e0fe8bf1ff9e,Chris Kane,MusicBrainz member relationship
Bad Manners,London,member,mb:07537467-82a3-49db-aaa0-a7e4f1935bd2,Andrew Marson,MusicBrainz member relationship
Bad Manners,London,member,mb:b5c8191f-44ca-4aea-b1f9-6c1cc24d2979,Tramper Price,MusicBrainz member relationship
Bad Manners,London,member,mb:5109701b-f524-45d6-857d-d192080f40b8,Alan Sayag,MusicBrainz member relationship
Bad Manners,London,member,mb:8336c5bb-faac-43a7-ba1b-58d34fb661de,Martin Stewart,MusicBrainz member relationship
Bad Manners,London,member,mb:c45faf46-e87d-4eec-a995-d7b98e47055a,Johnny T,MusicBrainz member relationship
Bad Manners,London,member,mb:36d951ff-643d-4a7f-a067-8bc364f2f75e,Brian Tuitt,MusicBrainz member relationship
Badfinger,Swansea,member,mb:e05f382d-f99c-49dd-b9d6-700a7d6a6384,Joey Molland,MusicBrainz member relationship
Badfinger,Swansea,member,mb:56afb708-1f0f-4629-a5fc-0c4b4ee6f50c,Pete Ham,MusicBrainz member relationship
Badfinger,Swansea,member,mb:619df971-930d-4ae8-b7ae-f5e00dea97cc,Tom Evans,MusicBrainz member relationship
Badfinger,Swansea,member,mb:f2b2f0d2-a17b-45bb-8bf2-092e15c67e9c,Mike Gibbins,MusicBrainz member relationship
Badfinger,Swansea,member,mb:bef7aea1-4cb1-42d7-9c35-98de13293774,Ron Griffiths,MusicBrainz member relationship
Bananarama,London,member,mb:ae4c248e-856e-4c65-95e7-9751e667b715,Jacquie O'Sullivan,MusicBrainz member relationship
Bananarama,London,member,mb:1c446355-9afe-4af7-b7a6-c4e66d6d1722,Siobhan Fahey,MusicBrainz member relationship
Bananarama,London,member,mb:619215ba-23f8-49f8-9b78-08bd680e4611,Sara Dallin,MusicBrainz member relationship
Bananarama,London,member,mb:56b0505c-3cfc-4338-aba0-05182d8d2bd4,Keren Woodward,MusicBrainz member relationship
Band Of Skulls,Southampton,member,mb:24d77e1a-f976-4132-afb9-e57951a05fb4,Matthew Hayward,MusicBrainz member relationship
Band Of Skulls,Southampton,member,mb:4e1ce7ec-7659-45bd-9da4-46514c32bf8d,Russell Marsden,MusicBrainz member relationship
Band Of Skulls,Southampton,member,mb:2b188648-083b-49c1-b702-a9f129df0135,Emma Richardson,MusicBrainz member relationship
Barclay James Harvest,Manchester,member,mb:71ebb76a-d019-4a60-8b9d-edfa7635d919,Les Holyrod,MusicBrainz member relationship
Barclay James Harvest,Manchester,member,mb:0993d1f6-043b-4f14-ad40-cd54bf0001f5,Les Holroyd,MusicBrainz member relationship
Barclay James Harvest,Manchester,member,mb:28eae8c7-a32f-4ec9-80d9-bf6600b13259,Stuart “Woolly” Wolstenholme,MusicBrainz member relationship
Barclay James Harvest,Manchester,member,mb:a329134f-ec05-4e8a-8f59-be855929ba6b,John Lees,MusicBrainz member relationship
Barclay James Harvest,Manchester,member,mb:dfcdafc6-1677-41fb-a6b2-e8839554d900,Mel Pritchard,MusicBrainz member relationship
Barclay James Harvest,Manchester,member,mb:13513ef0-8347-408a-83af-4195afb8fe38,Barclay James Harvest featuring Les Holroyd,MusicBrainz member relationship
Barclay James Harvest,Manchester,member,mb:919d36f6-87db-4b83-bda1-032ac5774734,John Lees’ Barclay James Harvest,MusicBrainz member relationship
Basement Jaxx,London,member,mb:a93b7ae9-2e8f-4418-9d3d-da3910e0313f,Felix Buxton,MusicBrainz member relationship
Basement Jaxx,London,member,mb:1c8ccfb1-8ea2-48a5-87ee-31d2284fbd1f,Simon Ratcliffe,MusicBrainz member relationship
Bastille,London,member,mb:a3c1211b-9422-43be-a75c-5b6778e7c0b6,Band Aid 30,MusicBrainz member relationship
Bastille,London,member,mb:719ed7de-f0f2-4098-8b6c-ece4084a8d9a,William Farquarson,MusicBrainz member relationship
Bastille,London,member,mb:24d2cf79-6171-4c46-862d-7f26ad32e7fc,Kyle Simmons,MusicBrainz member relationship
Bastille,London,member,mb:3221b871-46ff-4ad1-b0a4-251260f20d48,Dan Smith,MusicBrainz member relationship
Bastille,London,member,mb:013f51fa-dd68-4f5a-ae11-8f3442a398fb,Chris “Woody” Wood,MusicBrainz member relationship
Bauhaus,Northampton,member,mb:d4aa1162-78ac-437f-9900-97460e4e2f34,Daniel Ash,MusicBrainz member relationship
Bauhaus,Northampton,member,mb:41225e9f-3b4c-4287-a778-165c65f04be9,David J,MusicBrainz member relationship
Bauhaus,Northampton,member,mb:476cc87e-9665-43bb-80ea-7e123390ac64,Kevin Haskins,MusicBrainz member relationship
Bauhaus,Northampton,member,mb:b78346af-e3ce-4b36-a0d5-032414de8a27,Peter Murphy,MusicBrainz member relationship
Bay City Rollers,Edinburgh,member,mb:69223d21-7d2d-4c63-9233-5f482a3fcb5d,Alan Longmuir,MusicBrainz member relationship
Bay City Rollers,Edinburgh,member,mb:6e087185-0f0e-4b9d-a924-1b13fb58f9b8,Ian Mitchell,MusicBrainz member relationship
Bay City Rollers,Edinburgh,member,mb:b625f714-1b17-4f59-bd29-dc70a304d589,Billy Lyall,MusicBrainz member relationship
Bay City Rollers,Edinburgh,member,mb:3ce1ad08-6b4e-46b0-a6c9-414102aae956,Pat McGlynn,MusicBrainz member relationship
Bay City Rollers,Edinburgh,member,mb:8eb430da-b920-4a98-b89a-eae6ca06dcfa,Les McKeown,MusicBrainz member relationship
Bay City Rollers,Edinburgh,member,mb:a2930d99-e1c9-4ec8-a0f6-3c27136c4744,David Paton,MusicBrainz member relationship
Bay City Rollers,Edinburgh,member,mb:a7ddb582-a477-48a4-b7d6-5ed7be067aa9,Stuart Wood,MusicBrainz member relationship
Bay City Rollers,Edinburgh,member,mb:6fd49d71-5bda-441c-be68-7d7ea83ddeb8,Derek Longmuir,MusicBrainz member relationship
Beady Eye,London,member,mb:7ac9c157-960e-43bb-880d-da1f13fcc5c4,Gem Archer,MusicBrainz member relationship
Beady Eye,London,member,mb:5946e805-9ab4-4fd9-9c19-21a8f7dfef98,Andy Bell,MusicBrainz member relationship
Beady Eye,London,member,mb:1f2345fa-344e-4863-a1d7-3958d57f4301,Liam Gallagher,MusicBrainz member relationship
Beady Eye,London,member,mb:3bb8485e-eea9-4db7-9027-141ee4a85b83,Chris Sharrock,MusicBrainz member relationship
Bear's Den,London,member,mb:2c293ff2-afd5-4026-8218-637a91901a66,Joey Haynes,MusicBrainz member relationship
Bear's Den,London,member,mb:0ec44e3f-5faf-4084-9236-1ebf5bcf9303,Andrew Davie,MusicBrainz member relationship
Bear's Den,London,member,mb:921f1cc6-f69d-4062-a2a8-102a4bf31622,Kevin Jones,MusicBrainz member relationship
Belle and Sebastian,Glasgow,member,mb:2854838c-9119-4d95-9a44-394d05481bf5,Stuart David,MusicBrainz member relationship
Belle and Sebastian,Glasgow,member,mb:d51f3a15-12a2-41a0-acfa-33b5eae71164,Isobel Campbell,MusicBrainz member relationship
Belle and Sebastian,Glasgow,member,mb:b6291b68-d71b-4dae-99c8-0e279dff82b5,Mick Cooke,MusicBrainz member relationship
Belle and Sebastian,Glasgow,member,mb:02807e7c-66a4-4d8c-8abc-7b94d089bd85,Bobby Kildea,MusicBrainz member relationship
Belle and Sebastian,Glasgow,member,mb:e7528aba-c5e2-4917-9a52-9b61d56f9a13,Richard Colburn,MusicBrainz member relationship
Belle and Sebastian,Glasgow,member,mb:6cd0aebf-b60e-46a3-8052-9976d9900127,Chris Geddes,MusicBrainz member relationship
Belle and Sebastian,Glasgow,member,mb:32afcb9a-787b-44ed-b5db-c6ea8ffb5ab1,Stevie Jackson,MusicBrainz member relationship
Belle and Sebastian,Glasgow,member,mb:b97377be-453d-4a1b-b40e-72cff3cfefd4,Sarah Martin,MusicBrainz member relationship
Belle and Sebastian,Glasgow,member,mb:ef9e4f94-8718-47c6-9165-9f2cc4656b32,Stuart Murdoch,MusicBrainz member relationship
Benediction,Birmingham,member,mb:3f090593-ca6d-42d1-ad6e-9efa63252bbe,Barney Greenway,MusicBrainz member relationship
Benediction,Birmingham,member,mb:5f9ffd2d-3635-499d-b6e8-e55335552dba,Darren Brookes,MusicBrainz member relationship
Benediction,Birmingham,member,mb:f504adfb-9862-4658-b7b2-0cff41c42a20,Peter Rew,MusicBrainz member relationship
Benediction,Birmingham,member,mb:0f7e30fb-98f3-4d4c-b9ba-9896924b6e12,Dave Ingram,MusicBrainz member relationship
Benediction,Birmingham,member,mb:0e2e5258-59d8-421d-988f-3aa57c0a997a,Frank Healy,MusicBrainz member relationship
Benediction,Birmingham,member,mb:3f43df2a-4fc8-457e-92ef-406d0bed2b2b,Neil Hutton,MusicBrainz member relationship
Benediction,Birmingham,member,mb:a37fba69-4d74-4f6f-88ad-4b397c3b419f,Dave Hunt,MusicBrainz member relationship
Big Audio Dynamite,London,member,mb:a4d29964-0aac-4d68-babc-7ce43ddf2e3f,Dan Donovan,MusicBrainz member relationship
Big Audio Dynamite,London,member,mb:d21b6598-b010-43f6-bc84-b2160f003a0f,Don Letts,MusicBrainz member relationship
Big Audio Dynamite,London,member,mb:5a4b760b-3273-4237-86c9-51c75799f88e,Greg Roberts,MusicBrainz member relationship
Big Audio Dynamite,London,member,mb:58861e61-8e81-411c-bea2-a5c2e8e65e19,Leo Williams,MusicBrainz member relationship
Big Audio Dynamite,London,member,mb:01f8343c-06e2-4f05-a137-f8ea7efa85c4,Mick Jones,MusicBrainz member relationship
Big Audio Dynamite,London,member,mb:9745e62a-fbfa-4b17-8bde-96a372abdf62,Chris Kavanagh,MusicBrainz member relationship
Big Audio Dynamite,London,member,mb:b5ef4078-2b50-4629-8707-442e836ebdc0,Gary Stonadge,MusicBrainz member relationship
Big Audio Dynamite,London,member,mb:31239558-edda-49c8-a34e-b363e2a46f78,Nick Hawkins,MusicBrainz member relationship
Big Audio Dynamite,London,member,mb:bd16a991-0b8c-4273-9756-6cdba1cb9bf5,Michael Custance,MusicBrainz member relationship
Big Audio Dynamite,London,member,mb:10b404a3-4769-449f-b5bd-44a67f15064b,Andre Shapps,MusicBrainz member relationship
Big Audio Dynamite,London,member,mb:7bdc0973-aab8-44ab-a547-f457dd79a3d1,Joe Attard,MusicBrainz member relationship
Big Audio Dynamite,London,member,mb:9ae4dfd5-dd9f-4299-b7c4-aebca5a362e8,Darryl Fulstow,MusicBrainz member relationship
Big Audio Dynamite,London,member,mb:ebd6c658-2347-452f-921f-c14fc0d4675a,Ranking Roger,MusicBrainz member relationship
Big Audio Dynamite,London,member,mb:82e758b6-3dce-478b-a2c0-1f293465e2b4,Bob Wond,MusicBrainz member relationship
Big Country,Edinburgh,member,mb:1eb19e9d-b53f-4f76-8ac5-2d75b8b82240,Peter Wishart,MusicBrainz member relationship
Big Country,Edinburgh,member,mb:eeb57304-1e23-49ee-8d55-b459d081843a,Stuart Adamson,MusicBrainz member relationship
Big Country,Edinburgh,member,mb:a7daeda0-3a0f-47a1-9a5d-0b83523c4c91,Tony Butler,MusicBrainz member relationship
Big Country,Edinburgh,member,mb:1e709b2d-fdb4-4e04-8eaf-a8aa77cd8154,Mark Brzezicki,MusicBrainz member relationship
Big Country,Edinburgh,member,mb:d51568df-8c63-4a21-8a05-e93834ae778f,Bruce Watson,MusicBrainz member relationship
Big Country,Edinburgh,member,mb:d6388b45-2ddc-44f5-b210-3495beaa5e43,Mike Peters,MusicBrainz member relationship
Big Country,Edinburgh,member,mb:2d78ff99-55f6-4ba2-a090-f6a8811fbd9a,Derek Forbes,MusicBrainz member relationship
Big Country,Edinburgh,member,mb:3169a2ba-8b95-4a60-a077-fe2ec60c45af,Scott Whitley,MusicBrainz member relationship
Big Country,Edinburgh,member,mb:3bd1322e-3d6d-400b-af6a-297c357903cc,Gil Allan,MusicBrainz member relationship
Black Box Recorder,London,member,mb:08bca401-88d5-4de7-b9c3-560a2e4c1abc,Luke Haines,MusicBrainz member relationship
Black Box Recorder,London,member,mb:c543a9ef-f361-4e42-96b1-906cfab39889,John Moore,MusicBrainz member relationship
Black Box Recorder,London,member,mb:19190cd5-78cc-49fe-a1f0-4af3057d90d4,Sarah Nixey,MusicBrainz member relationship
Black Foxxes,Exeter,member,mb:65be6864-dfbb-4604-9746-7f9346fb1df2,Mark Holley,MusicBrainz member relationship
Black Grape,Manchester,member,mb:39429469-abe3-442d-9470-b9a8959e488e,Bez,MusicBrainz member relationship
Black Grape,Manchester,member,mb:1315c4a3-3949-4998-8a5a-7c616aef9669,Paul Leveridge,MusicBrainz member relationship
Black Grape,Manchester,member,mb:74451461-f7ff-42c2-bd09-2f926fd8c7e3,Ged Lynch,MusicBrainz member relationship
Black Grape,Manchester,member,mb:dcee7486-114d-4502-b25c-04ad2e8025bf,Carl ‘Psycho’ McCarthy,MusicBrainz member relationship
Black Grape,Manchester,member,mb:cb72e132-66c1-44c2-986f-eed70d97d29a,Shaun Ryder,MusicBrainz member relationship
Black Grape,Manchester,member,mb:9ceecd3c-6efa-4874-8807-2529375cec99,Danny Saber,MusicBrainz member relationship
Black Grape,Manchester,member,mb:4d47186d-9ae9-4e61-bbce-4fe96e9df60b,Martin Slattery,MusicBrainz member relationship
Black Grape,Manchester,member,mb:552d71e0-c3a4-406b-a8fb-846c93e1b1b9,Paul Wagstaff,MusicBrainz member relationship
Black Honey,Brighton and Hove,member,mb:67481074-fa99-435c-ad10-83b71b4a6243,Alex Woodward,MusicBrainz member relationship
Black Honey,Brighton and Hove,member,mb:ba9fdff7-8b07-4735-aee6-e52f717f3470,Tom Dewhurst,MusicBrainz member relationship
Black Honey,Brighton and Hove,member,mb:c45d143b-0f56-49e0-9991-b81b92a95653,Chris Ostler,MusicBrainz member relationship
Black Honey,Brighton and Hove,member,mb:62559042-cb26-40d7-ab5f-9864bc4ed2ca,Izzy B. Phillips,MusicBrainz member relationship
Black Honey,Brighton and Hove,member,mb:69ac5613-8d59-4c7c-99a2-949e4fe88bba,Tommy Taylor,MusicBrainz member relationship
Black Sabbath,Birmingham,member,mb:123814ce-f7f7-44c9-b84d-0088b1e230a4,Geezer Butler,MusicBrainz member relationship
Black Sabbath,Birmingham,member,mb:e5fa0175-2e93-4ca7-90c3-33f239381252,Tony Iommi,MusicBrainz member relationship
Black Sabbath,Birmingham,member,mb:8aa5b65a-5b3c-4029-92bf-47a544356934,Ozzy Osbourne,MusicBrainz member relationship
Black Sabbath,Birmingham,member,mb:9082aea0-ee30-4175-8795-6540a8fd3605,Bill Ward,MusicBrainz member relationship
Black Sabbath,Birmingham,member,mb:ed02d3d7-5cf5-4c78-a35e-cda9e7b91581,Dave Walker,MusicBrainz member relationship
Black Sabbath,Birmingham,member,mb:fc4953aa-6bf4-4f1f-8e47-5ac79ca428e2,Ronnie James Dio,MusicBrainz member relationship
Black Sabbath,Birmingham,member,mb:9ba762c5-91b7-4f58-bb04-adc26644078b,Geoff Nicholls,MusicBrainz member relationship
Black Sabbath,Birmingham,member,mb:40d1ad2f-e190-4d1e-9f9b-ba88144ac017,Vinny Appice,MusicBrainz member relationship
Black Sabbath,Birmingham,member,mb:ff2a0e30-aec1-44dd-ae06-dc78877f512d,Ian Gillan,MusicBrainz member relationship
Black Sabbath,Birmingham,member,mb:83cf78c3-c802-4d7e-aed6-65a354dbfdb0,Bev Bevan,MusicBrainz member relationship
Black Sabbath,Birmingham,member,mb:8b03861e-468d-4694-a7c3-4d1cf5dfe2d2,Ron Keel,MusicBrainz member relationship
Black Sabbath,Birmingham,member,mb:7acef841-a0f1-408e-967c-37d8a3fa6481,David Donato,MusicBrainz member relationship
Black Sabbath,Birmingham,member,mb:78692212-af57-402a-a291-3938ca356500,Glenn Hughes,MusicBrainz member relationship
Black Sabbath,Birmingham,member,mb:293c8348-b107-4c08-b7f5-eb2448b7610a,Eric Singer,MusicBrainz member relationship
Black Sabbath,Birmingham,member,mb:e5fad3fa-3956-4379-a73e-f7b0daceb587,David Spitz,MusicBrainz member relationship
Black Sabbath,Birmingham,member,mb:43e9db57-4ac3-4979-9234-220ce711628f,Ray Gillen,MusicBrainz member relationship
Black Sabbath,Birmingham,member,mb:af49ecbb-a0b9-4805-9cec-f97eac794c81,Bob Daisley,MusicBrainz member relationship
Black Sabbath,Birmingham,member,mb:899a92fe-7ee5-4bc4-9628-0eff26df09e5,Terry Chimes,MusicBrainz member relationship
Black Sabbath,Birmingham,member,mb:d5bf671c-79e3-4be4-bd2f-61871125d6b8,Jo Burt,MusicBrainz member relationship
Black Sabbath,Birmingham,member,mb:491470ea-797d-4d33-b14c-1a6a72827274,Tony Martin,MusicBrainz member relationship
Black Sabbath,Birmingham,member,mb:0b406e6d-a81b-45ee-bef2-2df2a6c63859,Cozy Powell,MusicBrainz member relationship
Black Sabbath,Birmingham,member,mb:7d0b58b5-88ca-4424-a6e5-21202ac19147,Neil Murray,MusicBrainz member relationship
Black Sabbath,Birmingham,member,mb:a858b8c6-d0f7-413d-8b5e-511ea74013fc,Bob Rondinelli,MusicBrainz member relationship
Black Sabbath,Birmingham,member,mb:9c2c5b32-ca3f-4280-a269-bf2430b5a16b,Mike Bordin,MusicBrainz member relationship
Black Tongue,Hull,member,mb:4edd6573-e64f-401a-9d59-bbfa9ebd47f5,Eddi Pickard,MusicBrainz member relationship
Black Tongue,Hull,member,mb:ebc90491-145f-4cb6-b246-0b9d149f8f88,Aaron Kitcher,MusicBrainz member relationship
Black Tongue,Hull,member,mb:da8e1670-7c58-4ffc-9050-e6e6fdd92cfe,Alex Teyen,MusicBrainz member relationship
Blancmange,London,member,mb:a6e2aeac-64f4-4811-93a2-11ea1e4e06a6,Neil Arthur,MusicBrainz member relationship
Blancmange,London,member,mb:c2467cf8-21db-4800-9ab9-4b22ef537f55,Stephen Luscombe,MusicBrainz member relationship
Blancmange,London,member,mb:00fd084a-87c7-4133-a9be-9b1040cbbd4b,Laurence Stevens,MusicBrainz member relationship
Blazin' Squad,London,member,mb:9e0a3e70-150e-4c31-9f60-efdcbc7d0618,Joe Williams,MusicBrainz member relationship
Blazin' Squad,London,member,mb:f1f58e75-cf3e-4dfc-9519-be572b3a5a63,Lee Bailey,MusicBrainz member relationship
Blazin' Squad,London,member,mb:73f6b600-a9a8-4209-b80e-0ecacae77823,Stuart Baker,MusicBrainz member relationship
Blazin' Squad,London,member,mb:72c0c203-ae2b-424e-9fd7-a4912520bae2,Tom Beasley,MusicBrainz member relationship
Blazin' Squad,London,member,mb:7867427c-1523-45fb-994f-3073053ae51e,Sam Foulkes,MusicBrainz member relationship
Blazin' Squad,London,member,mb:13a2b9ce-010e-4312-a348-eae46ff53621,Freek,MusicBrainz member relationship
Blazin' Squad,London,member,mb:95c4f99e-1b36-4d9f-be62-65e8a195b24f,Kenzie,MusicBrainz member relationship
Blazin' Squad,London,member,mb:f9ff3af6-529a-4492-bd8b-4377e4d94a2a,Marcel Somerville,MusicBrainz member relationship
Blazin' Squad,London,member,mb:2a08c515-001a-4954-b63f-0c3f92a1eaf1,Chris McKeckney,MusicBrainz member relationship
Blazin' Squad,London,member,mb:ab2fc5fc-6f20-4059-97d3-399f120ebdfe,James Murray,MusicBrainz member relationship
Blazin' Squad,London,member,mb:725ac7fa-0324-4a81-95df-393eb9eca1ae,Mustafa Omer,MusicBrainz member relationship
Blazin' Squad,London,member,mb:84dd9b1d-8f8b-4896-a012-d58f0c58c6ef,Chris Tulloh,MusicBrainz member relationship
Blazin' Squad,London,member,mb:444c801e-5564-4b0f-a56f-d6233adb336a,James Mackenzie,MusicBrainz member relationship
Bleed From Within,Glasgow,member,mb:5a5189f5-4b32-49f6-8844-c60d38198a3e,Craig Gowans,MusicBrainz member relationship
Bleed From Within,Glasgow,member,mb:a89da158-0f38-4753-b03f-af999d419621,Steven Jones,MusicBrainz member relationship
Bleed From Within,Glasgow,member,mb:abe0d4ca-aff7-47cf-ab37-8e3e7514f00a,Scott Kennedy,MusicBrainz member relationship
Bleed From Within,Glasgow,member,mb:552a1535-6ae4-46b1-9de8-3973e7c15806,Davie Provan,MusicBrainz member relationship
Bleed From Within,Glasgow,member,mb:7ad0fd69-34b9-40dc-bdaa-e94f0ee7faca,Ali Richardson,MusicBrainz member relationship
Blind Faith,Guildford,member,mb:e01d1aff-9cc2-4606-83d7-56445515c6e6,Ginger Baker,MusicBrainz member relationship
Blind Faith,Guildford,member,mb:618b6900-0618-4f1e-b835-bccb17f84294,Eric Clapton,MusicBrainz member relationship
Blind Faith,Guildford,member,mb:3b9a2ea7-1f31-4fc3-8fb4-ca6027e34193,Ric Grech,MusicBrainz member relationship
Blind Faith,Guildford,member,mb:885f90ef-6bd9-409a-b2df-e165e553c68e,Steve Winwood,MusicBrainz member relationship
Bloc Party,London,member,mb:eef77e66-fedd-4b14-adea-fa3419af40ee,Russell Lissack,MusicBrainz member relationship
Bloc Party,London,member,mb:20b93f37-ab3c-4ed0-bf70-b61978f00e99,Kele Okereke,MusicBrainz member relationship
Bloc Party,London,member,mb:11777c56-c578-48dc-8377-91ed8b918f87,Gordon Moakes,MusicBrainz member relationship
Bloc Party,London,member,mb:1449f04c-5d12-4c58-9cb3-99141c372b5f,Matt Tong,MusicBrainz member relationship
Bloc Party,London,member,mb:059b7e2c-d808-4375-af06-55775f23db05,Sarah Jones,MusicBrainz member relationship
Bloc Party,London,member,mb:bd66e9bf-a0ec-48fe-a332-83b92bb5884d,Louise Bartle,MusicBrainz member relationship
Bloc Party,London,member,mb:88934323-2b8c-4064-a2b2-9d2b914d3658,Justin Harris,MusicBrainz member relationship
Blossoms,Manchester,member,mb:0acd5858-d3d1-4afe-b199-ceb44f52a736,Josh Dewhurst,MusicBrainz member relationship
Blossoms,Manchester,member,mb:f1285454-904d-4315-b012-28b9d7258c11,Joe Donovan,MusicBrainz member relationship
Blossoms,Manchester,member,mb:d58d74c8-6e82-4a49-bd99-af27fcc97609,Myles Kellock,MusicBrainz member relationship
Blossoms,Manchester,member,mb:d22dbfcb-97be-4b9a-a8d2-ec52158db63f,Tom Ogden,MusicBrainz member relationship
Blossoms,Manchester,member,mb:3f036789-ffcc-47e5-9051-86eba6f0ca83,Charlie Salt,MusicBrainz member relationship
Blue,London,member,mb:2abf050c-8296-4f9d-a5c1-c7ba92e7b1ad,Antony Costa,MusicBrainz member relationship
Blue,London,member,mb:be173053-581b-4b0a-aa78-571435f2dddc,Duncan James,MusicBrainz member relationship
Blue,London,member,mb:c6e07b54-f788-437f-9a80-8e46d21aeb77,Lee Ryan,MusicBrainz member relationship
Blue,London,member,mb:65414866-f572-4636-a19e-45a47739f334,Simon Webbe,MusicBrainz member relationship
Blur,London,member,mb:7d7a5fdd-0d04-4c36-8bee-906feeae239c,Damon Albarn,MusicBrainz member relationship
Blur,London,member,mb:fb56cc34-2ab1-4621-ac18-9bf2895e5f4f,Graham Coxon,MusicBrainz member relationship
Blur,London,member,mb:03f8ade0-201a-43ee-90b4-96c36dc591b0,Alex James,MusicBrainz member relationship
Blur,London,member,mb:6fca9aa3-8e72-40c0-bac9-7c4b73c9786e,Dave Rowntree,MusicBrainz member relationship
Boards of Canada,Edinburgh,member,mb:e586991d-65d4-432d-948e-9f1ff6cff42a,christ.,MusicBrainz member relationship
Boards of Canada,Edinburgh,member,mb:74edfdf2-4e76-4031-ae9b-16f1c7b4ba06,Marcus Eoin,MusicBrainz member relationship
Boards of Canada,Edinburgh,member,mb:d35d0684-42bd-4344-b8a4-f18eb806801a,Michael Sandison,MusicBrainz member relationship
Bob Vylan,London,member,mb:323d8981-56e6-4e81-a782-57de1e11dcf3,Bobbie Vylan,MusicBrainz member relationship
Bob Vylan,London,member,mb:ec5d574e-7b56-4a02-98b0-8e87614f4818,Bobby Vylan,MusicBrainz member relationship
Bolt Thrower,Coventry,member,mb:33172120-2c63-4ad8-b161-52dbe28e7d9b,Gavin Ward,MusicBrainz member relationship
Bolt Thrower,Coventry,member,mb:4577d2dd-3d0e-49a0-a47d-4c795edd2f5d,Alan West,MusicBrainz member relationship
Bolt Thrower,Coventry,member,mb:c1472b32-0a3c-473b-ac45-3bdc259d5624,Andrew Whale,MusicBrainz member relationship
Bolt Thrower,Coventry,member,mb:4d4e89aa-f319-480d-bb43-a93e3acb338a,Barry Thomson,MusicBrainz member relationship
Bolt Thrower,Coventry,member,mb:3c44f5d2-7f1f-4a52-bb4e-5bed2e8d935e,Alex Tweedy,MusicBrainz member relationship
Bolt Thrower,Coventry,member,mb:067c16e0-74cd-4215-929c-e197cb5dcf67,Karl Willetts,MusicBrainz member relationship
Bolt Thrower,Coventry,member,mb:5cc463d9-0491-4a38-b601-83e409718c08,Jo Bench,MusicBrainz member relationship
Bolt Thrower,Coventry,member,mb:3865517f-56ab-4fc0-a6a8-7996fb97b64a,Martin van Drunen,MusicBrainz member relationship
Bolt Thrower,Coventry,member,mb:5e1a2e54-ff43-4d30-a17b-b3d92c753935,Martin Kearns,MusicBrainz member relationship
Bolt Thrower,Coventry,member,mb:dc8e3192-f3a8-48c2-b080-ddb41f0e66f4,Alex Thomas,MusicBrainz member relationship
Bolt Thrower,Coventry,member,mb:0f7e30fb-98f3-4d4c-b9ba-9896924b6e12,Dave Ingram,MusicBrainz member relationship
Bombay Bicycle Club,London,member,mb:7615e43a-d75c-4e4b-a4cd-ea4985f4e5d0,Jamie MacColl,MusicBrainz member relationship
Bombay Bicycle Club,London,member,mb:0e2d9259-bcec-4ec2-83c5-ee01014b183a,Suren de Saram,MusicBrainz member relationship
Bombay Bicycle Club,London,member,mb:733f5167-bd99-4b61-a41c-0c9b7e02dc9a,Jack Steadman,MusicBrainz member relationship
Bombay Bicycle Club,London,member,mb:dc6d16e0-cb2f-4b1e-94fe-b243a8f2c621,Ed Nash,MusicBrainz member relationship
Boston Manor,Blackpool,member,mb:aedc1301-1832-492e-8e19-27062ee31d05,Henry Cox,MusicBrainz member relationship
Boston Manor,Blackpool,member,mb:ead3c913-81c4-472a-8971-e5911ca3f646,Dan Cunniff,MusicBrainz member relationship
Boston Manor,Blackpool,member,mb:570e144b-d1e3-470e-b4d0-18dd75c7535f,Mike Cunniff,MusicBrainz member relationship
Boston Manor,Blackpool,member,mb:0721dc01-1ec7-45e7-94f8-17df9844c0cd,Jordan Pugh,MusicBrainz member relationship
Boston Manor,Blackpool,member,mb:a69affdc-3746-43fc-90b1-37590226e490,Ash Wilson,MusicBrainz member relationship
Bow Wow Wow,London,member,mb:d788b11b-6e94-4e95-a9bd-2be93ebdaca9,Matthew Ashman,MusicBrainz member relationship
Bow Wow Wow,London,member,mb:d6afe681-89a7-4ece-82f2-7997ed4d8367,Dave Barbarossa,MusicBrainz member relationship
Bow Wow Wow,London,member,mb:096927bc-21d0-4ce4-9077-4da06ba88519,Annabella Lwin,MusicBrainz member relationship
Bow Wow Wow,London,member,mb:3e55c6e5-e494-4c7d-8472-9ec1fc06cc37,Leigh Gorman,MusicBrainz member relationship
Bring Me The Horizon,Sheffield,member,mb:68949557-5722-4269-833d-55e10dd67867,Curtis Ward,MusicBrainz member relationship
Bring Me The Horizon,Sheffield,member,mb:f9af1209-0b96-406e-853c-86192304d66d,Matt Kean,MusicBrainz member relationship
Bring Me The Horizon,Sheffield,member,mb:d8da8c5b-8eec-4514-a50a-788a3896dcd5,Lee Malia,MusicBrainz member relationship
Bring Me The Horizon,Sheffield,member,mb:39e3dbcb-fbb2-4967-8831-4df893d027bc,Matt Nicholls,MusicBrainz member relationship
Bring Me The Horizon,Sheffield,member,mb:dda04dd2-d815-4516-a640-949848f90d6e,Oliver Sykes,MusicBrainz member relationship
Bring Me The Horizon,Sheffield,member,mb:b1d230d7-aa7b-4634-93d2-3981a6f26ef9,Jona Weinhofen,MusicBrainz member relationship
Bring Me The Horizon,Sheffield,member,mb:fb2d281c-7081-42fe-a95a-3830f902ad6f,Jordan Fish,MusicBrainz member relationship
Bronski Beat,London,member,mb:318bb99e-d943-4e12-91e2-4fbfd8cd8344,Steve Bronski,MusicBrainz member relationship
Bronski Beat,London,member,mb:09bc57df-6fc7-40f7-b7e6-2261481f801e,Jimmy Somerville,MusicBrainz member relationship
Bronski Beat,London,member,mb:91a2f70a-deec-4d48-bb3b-1186e14e067b,Sordid Soundz,MusicBrainz member relationship
Bronski Beat,London,member,mb:680601e5-2fc8-4f73-9fdf-fc6be6e0fc12,Larry Steinbachek,MusicBrainz member relationship
Bronski Beat,London,member,mb:088b47a7-3d9b-449a-9635-238f35ae81c8,John Foster,MusicBrainz member relationship
Budgie,Cardiff,member,mb:783d0cbf-e8e9-4833-9845-c87f17bdd2e6,Ray Phillips,MusicBrainz member relationship
Budgie,Cardiff,member,mb:bdad361f-3a99-4c0d-8237-66afe1d117a0,Burke Shelley,MusicBrainz member relationship
Budgie,Cardiff,member,mb:d1fdace4-30a8-404a-a237-360f60927557,Tony Bourge,MusicBrainz member relationship
Budgie,Cardiff,member,mb:9b092c99-5947-44f4-9bb9-2f8a2af730d5,Rob Kendrick,MusicBrainz member relationship
Budgie,Cardiff,member,mb:2a405f96-926b-4bec-ab98-a5bbae774b92,John Thomas,MusicBrainz member relationship
Budgie,Cardiff,member,mb:ae339c98-869a-4c8d-bfd7-0cefdc15cd96,Craig Goldy,MusicBrainz member relationship
Bury Tomorrow,Southampton,member,mb:6180b5d1-47e5-48b0-a9b0-bc2ffc91b2a1,Jason Cameron,MusicBrainz member relationship
Bury Tomorrow,Southampton,member,mb:d7af239c-4727-486b-84a7-dbe2a2494ff3,Ed Hartwell,MusicBrainz member relationship
Bury Tomorrow,Southampton,member,mb:3aac0265-561d-49e1-9a21-5ae9b5a9d0b9,Kristan Dawson,MusicBrainz member relationship
Bury Tomorrow,Southampton,member,mb:a68b58f6-ff7b-44b9-a5c5-b370cc47544f,Adam Jackson,MusicBrainz member relationship
Bury Tomorrow,Southampton,member,mb:5e4d2d93-7aee-408e-8880-0955f7ca1049,Tom Prendergast,MusicBrainz member relationship
Bury Tomorrow,Southampton,member,mb:38f20ba8-bc56-4a5a-a658-34dcbbb99513,Davyd Winter-Bates,MusicBrainz member relationship
Bury Tomorrow,Southampton,member,mb:7c5188e6-d1df-4633-bcd8-961b5c00edd9,Daniel Winter‐Bates,MusicBrainz member relationship
Bush,London,member,mb:434af527-fa89-4706-8a60-c79bdce70eb5,Dave Parsons,MusicBrainz member relationship
Bush,London,member,mb:96a0d497-3e6f-415b-b760-2de4abaa03a8,Nigel Pulsford,MusicBrainz member relationship
Bush,London,member,mb:d530dad4-81e5-4874-808a-d708039289fb,Gavin Rossdale,MusicBrainz member relationship
Bush,London,member,mb:6c39a1a7-24ab-4b82-aa21-cd3f7d67cb7a,Robin Goodridge,MusicBrainz member relationship
Bush,London,member,mb:80f36457-d56f-4444-a750-cc52bfb77f00,Chris Traynor,MusicBrainz member relationship
Bush,London,member,mb:1af702cb-6051-4561-94b4-4611dac6f53c,Corey Britz,MusicBrainz member relationship
Bush,London,member,mb:c2118931-891e-43a6-95a9-87d7eb3dfed1,Sacha Puttnam,MusicBrainz member relationship
Bush,London,member,mb:f34bc259-a69a-4f29-a835-9cf0cf900347,Joshy Soul,MusicBrainz member relationship
Busted,London,member,mb:2009525c-c784-4b35-a00e-a188560ed678,James Bourne,MusicBrainz member relationship
Busted,London,member,mb:db68f3a4-fc5c-45a9-b87c-fec96163880b,Charlie Simpson,MusicBrainz member relationship
Busted,London,member,mb:3409d032-39ff-4043-818a-47e90a0abff2,Matt Willis,MusicBrainz member relationship
Buzzcocks,Manchester,member,mb:72c324f5-0d4a-4ca5-bc92-02236c65308b,Howard Devoto,MusicBrainz member relationship
Buzzcocks,Manchester,member,mb:b607692b-8219-4394-bcd6-57bd02607bbe,John Maher,MusicBrainz member relationship
Buzzcocks,Manchester,member,mb:6a64eec6-39a7-4ba4-9939-cdee01fb4c5b,Pete Shelley,MusicBrainz member relationship
Buzzcocks,Manchester,member,mb:6dccc600-7a30-45a6-8c05-6e495306758f,Steve Diggle,MusicBrainz member relationship
Buzzcocks,Manchester,member,mb:6f7fcfaa-cb02-48a1-bada-e0ca502b2f21,Garth Smith,MusicBrainz member relationship
Buzzcocks,Manchester,member,mb:871eb71d-e0ad-4c4b-80ae-6b06dee6cabe,Mike Joyce,MusicBrainz member relationship
Buzzcocks,Manchester,member,mb:77c4b783-4d0f-498e-9be8-121a1d9b600e,Tony Barber,MusicBrainz member relationship
Buzzcocks,Manchester,member,mb:abc2a9cf-f228-42e2-a460-b95479d4996c,Chris Remington,MusicBrainz member relationship
CHVRCHES,Glasgow,member,mb:f77262ce-b391-4200-b5a5-f15ed170b81d,Iain Cook,MusicBrainz member relationship
CHVRCHES,Glasgow,member,mb:9439ff8e-140b-4b5c-8c1f-9a7b740ef8df,Martin Doherty,MusicBrainz member relationship
CHVRCHES,Glasgow,member,mb:a3de3425-e96b-4857-a35c-e949fab8d80b,Lauren Mayberry,MusicBrainz member relationship
Camel,Guildford,member,mb:9e536582-4311-49c6-8620-2c3c72a6a398,Doug Ferguson,MusicBrainz member relationship
Camel,Guildford,member,mb:9acc6f40-2e31-412c-b1ca-a09a10d5047a,Peter Bardens,MusicBrainz member relationship
Camel,Guildford,member,mb:ed832760-86aa-4e28-9e1c-a9c947f5fbff,Andy Ward,MusicBrainz member relationship
Camel,Guildford,member,mb:40a85fd4-497d-4c44-97e6-e3be777bb8ec,Andrew Latimer,MusicBrainz member relationship
Camel,Guildford,member,mb:67b08fdc-ee07-4f93-957e-8ade23cf6ac8,Mel Collins,MusicBrainz member relationship
Camel,Guildford,member,mb:cdc2328b-626c-46ec-89fe-d6dd265f458b,Richard Sinclair,MusicBrainz member relationship
Camel,Guildford,member,mb:ca9efe5b-8d2b-4bd5-a350-8b35943effc0,Jan Schelhaas,MusicBrainz member relationship
Camel,Guildford,member,mb:c9c01dec-8f02-4311-83a6-642f2069bc64,Kit Watkins,MusicBrainz member relationship
Camel,Guildford,member,mb:9416da8b-faa9-4050-8782-bd431a51c38f,Colin Bass,MusicBrainz member relationship
Camel,Guildford,member,mb:78da9bf1-8429-4003-89a2-5c5efa63da7b,Paul Burgess,MusicBrainz member relationship
Camel,Guildford,member,mb:10a09092-97d7-41aa-b495-c81689de1a14,Ton Scherpenzeel,MusicBrainz member relationship
Camel,Guildford,member,mb:f34f9c19-3253-4ecc-9493-bb6ad6ee7d66,Guy LeBlanc,MusicBrainz member relationship
Camel,Guildford,member,mb:a37342d1-0405-4457-a7a8-ff9ce6473780,Peter Jones,MusicBrainz member relationship
Camel,Guildford,member,mb:e1307663-4c3b-4ebd-9061-adba53c0fb47,Denis Clement,MusicBrainz member relationship
Camel,Guildford,member,mb:a2930d99-e1c9-4ec8-a0f6-3c27136c4744,David Paton,MusicBrainz member relationship
Camel,Guildford,member,mb:8557005a-6846-4820-930a-610e6b65d4df,Chris Rainbow,MusicBrainz member relationship
Camel,Guildford,member,mb:cb44df12-a954-4494-a17a-9155b93fd684,Stuart Tosh,MusicBrainz member relationship
CamelPhat,Liverpool,member,mb:0cc6dec7-ac0a-4cc0-88d8-c7f0a483ce88,Mike Di Scala,MusicBrainz member relationship
CamelPhat,Liverpool,member,mb:92adfa70-055b-474b-9a9c-f50da907d4cf,Dave Whelan,MusicBrainz member relationship
Camera Obscura,Glasgow,member,mb:5aa573c8-20a8-4a47-92fb-145b973fb2b4,John Henderson,MusicBrainz member relationship
Camera Obscura,Glasgow,member,mb:4b10d405-48cb-4bf3-b7d0-98b509428f41,Tracyanne Campbell,MusicBrainz member relationship
Camera Obscura,Glasgow,member,mb:45deaccc-9633-4d81-9ada-bd205c5cd580,Gavin Dunbar,MusicBrainz member relationship
Camera Obscura,Glasgow,member,mb:e7528aba-c5e2-4917-9a52-9b61d56f9a13,Richard Colburn,MusicBrainz member relationship
Camera Obscura,Glasgow,member,mb:5f27ca9c-2b61-4537-a74c-384e0e79a023,David Skirving,MusicBrainz member relationship
Camera Obscura,Glasgow,member,mb:537fa000-7b34-4528-8f58-a95a11220fcc,Lindsay Boyd,MusicBrainz member relationship
Camera Obscura,Glasgow,member,mb:9c38dcaf-bf4e-4de8-89c0-32b7d0a59deb,Lee Thomson,MusicBrainz member relationship
Camera Obscura,Glasgow,member,mb:20dfa37b-8af1-4d46-a8ec-13c384adc47c,Kenny McKeeve,MusicBrainz member relationship
Camera Obscura,Glasgow,member,mb:8b8493a9-fbcc-4e56-8965-cd2c3465a991,Nigel Baillie,MusicBrainz member relationship
Camera Obscura,Glasgow,member,mb:fe72a9ff-9a06-4979-9cad-b5caf2190d80,Carey Lander,MusicBrainz member relationship
Carcass,Liverpool,member,mb:963abe08-0eb7-4cf1-b1e8-335ccc87ba99,Sanjiv,MusicBrainz member relationship
Carcass,Liverpool,member,mb:e8d1a65c-3a11-48e5-9886-0c0644506213,Ken Owen,MusicBrainz member relationship
Carcass,Liverpool,member,mb:cd7cef7b-3049-4738-9ac3-29bc274fdcfc,Bill Steer,MusicBrainz member relationship
Carcass,Liverpool,member,mb:3f5f837e-924f-470a-b8a9-ff70ac96a12c,Jeff Walker,MusicBrainz member relationship
Carcass,Liverpool,member,mb:94e6c1ed-3ad3-4ac9-8fe9-7dc07283ddc5,Michael Amott,MusicBrainz member relationship
Carcass,Liverpool,member,mb:9fff2af8-e320-4eb1-bef3-a9afe125beb9,Carlo Regadas,MusicBrainz member relationship
Carcass,Liverpool,member,mb:5da40185-15bb-43e2-9dee-3125d990f7f5,Daniel Wilding,MusicBrainz member relationship
Carcass,Liverpool,member,mb:55d82469-0ef0-4bcc-b2d3-75665ad0041a,Ben Ash,MusicBrainz member relationship
Carcass,Liverpool,member,mb:0e76eeaa-9580-40d7-82a9-fa4a047748ee,Tom Draper,MusicBrainz member relationship
Carter The Unstoppable Sex Machine,London,member,mb:ac115dd3-3849-4800-89ce-005e3a94c97f,Wez,MusicBrainz member relationship
Carter The Unstoppable Sex Machine,London,member,mb:a387e2e9-a4ff-40b4-8f5d-3598fd645d7a,Salvador Alessi,MusicBrainz member relationship
Carter The Unstoppable Sex Machine,London,member,mb:c679ae33-8c7a-412a-aecd-26781f2d715a,Steve,MusicBrainz member relationship
Carter The Unstoppable Sex Machine,London,member,mb:dd54fb07-4393-44bd-97da-777bbcd18353,Fruitbat,MusicBrainz member relationship
Carter The Unstoppable Sex Machine,London,member,mb:4e6e6785-a809-468f-80fb-e01eb356af6c,Jim Bob,MusicBrainz member relationship
Cassia,Manchester,member,mb:161445b5-fafb-459b-a271-d5aefc55aa03,Louis Cotterill,MusicBrainz member relationship
Cassia,Manchester,member,mb:f9332989-b95d-439a-a3c4-ef719f22f1c2,Rob Ellis,MusicBrainz member relationship
Cassia,Manchester,member,mb:c15751c6-bf3f-4388-b973-937dece27304,Jacob Leff,MusicBrainz member relationship
Cast,Liverpool,member,mb:b3728729-c8df-49f9-be36-731b8c6d54b8,John Power,MusicBrainz member relationship
Cast,Liverpool,member,mb:a0324733-8192-4c01-941e-777cf6e7114b,Pete Wilkinson,MusicBrainz member relationship
Cast,Liverpool,member,mb:ccb65711-da3d-40d7-98f4-29a5ebbcee99,Keith O'Neill,MusicBrainz member relationship
Cast,Liverpool,member,mb:4e15dbeb-88ca-4478-974c-2f70f6bee182,Liam Tyson,MusicBrainz member relationship
Cast,Liverpool,member,mb:106bfcea-85d2-4381-b70a-1f3ff3f21079,Peter Wilkinson,MusicBrainz member relationship
Catatonia,Cardiff,member,mb:abed13cb-594b-4e92-8f46-1ccd0ea9014c,Guto Pryce,MusicBrainz member relationship
Catatonia,Cardiff,member,mb:eae1dc26-f366-4b1a-916a-3d0a6723549f,Cerys Matthews,MusicBrainz member relationship
Catatonia,Cardiff,member,mb:ccc4868d-f425-4969-9bb6-a4df66507889,Mark Roberts,MusicBrainz member relationship
Catatonia,Cardiff,member,mb:36863ac6-7b2f-4e07-bb18-cb233061cd1b,Clancy Pegg,MusicBrainz member relationship
Catatonia,Cardiff,member,mb:0af7c149-7887-4bf7-813c-7fd9f091661e,Dafydd Ieuan,MusicBrainz member relationship
Catatonia,Cardiff,member,mb:ac3d540d-67a7-4cb6-8998-e3d4bb2a343b,Paul Jones,MusicBrainz member relationship
Catatonia,Cardiff,member,mb:6d9dd854-e8aa-4c50-8bfd-7c1277fb7df1,Owen Powell,MusicBrainz member relationship
Catatonia,Cardiff,member,mb:d91534d5-4bb0-46c5-af4e-d253a95745c1,Aled Richards,MusicBrainz member relationship
Catatonia,Cardiff,member,mb:a3937f2e-c3cd-4814-b83a-348337516aaa,Chris Jenkins,MusicBrainz member relationship
Cathedral,Coventry,member,mb:58a12c59-fb42-46b0-a0e7-e0e6cf09b343,Andy Baker,MusicBrainz member relationship
Cathedral,Coventry,member,mb:95efcca8-78f1-43b8-a95e-d5857a20f2c1,Mark Griffiths,MusicBrainz member relationship
Cathedral,Coventry,member,mb:62dd102e-5341-4020-8757-89a5d1ab572a,Ben Mochrie,MusicBrainz member relationship
Cathedral,Coventry,member,mb:a7873e4f-ec28-4eb4-8290-054b33fdbbb7,Adam Lehan,MusicBrainz member relationship
Cathedral,Coventry,member,mb:52fbc5b3-2f46-415d-80d7-e83ca1c9751e,Lee Dorrian,MusicBrainz member relationship
Cathedral,Coventry,member,mb:5beda726-48f3-4ad0-bed2-bc534a0d6a2c,Garry Jennings,MusicBrainz member relationship
Cathedral,Coventry,member,mb:86311cf2-ed1f-4827-a8c6-df4c3e735601,Mike Smail,MusicBrainz member relationship
Cathedral,Coventry,member,mb:b10be82d-b3ec-4d50-93ba-a221f4d4fe1b,Mark Ramsey Wharton,MusicBrainz member relationship
Cathedral,Coventry,member,mb:b784e0d4-5824-4546-a89a-8d6343b3701a,Leo Smee,MusicBrainz member relationship
Cathedral,Coventry,member,mb:2a915044-a29c-485b-90fc-90d7748b7b75,Brian Dixon,MusicBrainz member relationship
Cathedral,Coventry,member,mb:62877ee9-2470-49a2-af40-05b8214efe4f,Scott Carlson,MusicBrainz member relationship
Cathedral,Coventry,member,mb:2a0d98e6-2b26-4a13-b9f0-fd8e212020c0,Mike Hickey,MusicBrainz member relationship
Catherine Wheel,Great Yarmouth,member,mb:0cd8acc6-59b7-450b-a202-661092391a79,Rob Dickinson,MusicBrainz member relationship
Catherine Wheel,Great Yarmouth,member,mb:4052047f-679d-414b-b516-4b396ffc131f,Brian Futter,MusicBrainz member relationship
Catherine Wheel,Great Yarmouth,member,mb:80d39dee-0f93-45d5-a9fa-3108acb4d5b1,Dave Hawes,MusicBrainz member relationship
Catherine Wheel,Great Yarmouth,member,mb:14dc171b-874a-40be-a8db-c92653a5273a,Neil Sims,MusicBrainz member relationship
Chase & Status,London,member,mb:fb9b4a46-ffbb-4688-b178-f6f7f07676c3,Chase,MusicBrainz member relationship
Chase & Status,London,member,mb:8eaabb17-c046-4899-80ab-37b4058ca773,Status,MusicBrainz member relationship
China Crisis,Liverpool,member,mb:792aafe3-7986-4033-9145-3c96383aff55,Dave Reilly,MusicBrainz member relationship
China Crisis,Liverpool,member,mb:a22a1b9f-e12c-40aa-8989-d9cd96b87abf,Gazza Johnson,MusicBrainz member relationship
China Crisis,Liverpool,member,mb:b7748409-4764-48d3-a6b1-7c9be1c0c648,Kevin Wilkinson,MusicBrainz member relationship
China Crisis,Liverpool,member,mb:33bb7ffd-af50-449c-8594-cd5f00d1a2d7,Gary Daly,MusicBrainz member relationship
China Crisis,Liverpool,member,mb:c426eef8-2004-45d1-886c-a86d6ff4c732,Eddie Lundon,MusicBrainz member relationship
China Crisis,Liverpool,member,mb:97717fed-3edf-446c-86a7-fe555475e311,Brian McNeill,MusicBrainz member relationship
China Crisis,Liverpool,member,mb:1595cbdd-b724-442e-b96c-80cea5c363bc,Derek Lovelady,MusicBrainz member relationship
Chumbawamba,Burnley,member,mb:5dae4d28-b43a-43d8-9942-c7a9bd24b5ef,Dunstan Bruce,MusicBrainz member relationship
Chumbawamba,Burnley,member,mb:3357ae2e-27ba-4bd5-a0a1-a25fc3ca3844,Harry “Daz” Hamer,MusicBrainz member relationship
Chumbawamba,Burnley,member,mb:14aac18a-9884-4bac-a20f-4f8c3be8967e,Danbert Nobacon,MusicBrainz member relationship
Chumbawamba,Burnley,member,mb:14fbe08b-d6de-4395-9467-3c1082be5cba,Alice Nutter,MusicBrainz member relationship
Chumbawamba,Burnley,member,mb:cdc37b29-70ea-403a-86b1-9fec2d622df1,Lou Watts,MusicBrainz member relationship
Chumbawamba,Burnley,member,mb:b5179ebf-37cd-4a35-b03b-d19090b9565d,Boff Whalley,MusicBrainz member relationship
Chumbawamba,Burnley,member,mb:1d91ae57-6bea-4271-94a8-68b489e846ce,Mavis Dillon,MusicBrainz member relationship
Chumbawamba,Burnley,member,mb:026029f3-2664-4288-afca-06f8ad49e8a2,Paul Greco,MusicBrainz member relationship
Chumbawamba,Burnley,member,mb:9ac9605b-7661-4804-9392-7179e5bea9a4,Jude Abbott,MusicBrainz member relationship
Chumbawamba,Burnley,member,mb:32e22c96-7436-4c3d-aa5b-0e53f1f6049a,Neil Ferguson,MusicBrainz member relationship
Chumbawamba,Burnley,member,mb:c69394b8-0eeb-47ee-b260-ecbbbcb5c4db,Michelle Plum,MusicBrainz member relationship
Chumbawamba,Burnley,member,mb:f2b2b6b0-1cf3-4b69-888a-272dd1f368f2,Phil Moody,MusicBrainz member relationship
Chumbawamba,Burnley,member,mb:43164794-82cf-4945-9b93-05bcda617521,No Masters Co-operative,MusicBrainz member relationship
Chumbawamba,Burnley,member,mb:da7c3f16-1fd3-44d1-a2e0-118d94b90306,Cobie Laan,MusicBrainz member relationship
Chumbawamba,Burnley,member,mb:8982a02d-ba8f-4bcb-9122-39f28e2e4f99,Simon Lanzon,MusicBrainz member relationship
Church of the Cosmic Skull,Nottingham,member,mb:691cac02-11a2-4a5f-b6fb-c73e71ba8084,Caroline Cawley,MusicBrainz member relationship
Church of the Cosmic Skull,Nottingham,member,mb:45719df5-00ce-4729-8cae-1d96e15e0aef,Bill Fisher,MusicBrainz member relationship
Church of the Cosmic Skull,Nottingham,member,mb:49664fe5-14d1-4b85-a78e-db365f4d14aa,Jo Joyce,MusicBrainz member relationship
Church of the Cosmic Skull,Nottingham,member,mb:a2be1357-0ad0-4645-8067-b5e14de73913,Sam Lloyd,MusicBrainz member relationship
Church of the Cosmic Skull,Nottingham,member,mb:5642c1b9-cc48-4cdd-a6fe-ab41bcd427a5,Amy Nicholson,MusicBrainz member relationship
Church of the Cosmic Skull,Nottingham,member,mb:24e9e038-d49f-428a-b194-e42102a26990,Loz Stone,MusicBrainz member relationship
Circa Waves,Liverpool,member,mb:fdee1531-e341-46e8-aeba-cdc784154a1a,Joe Falconer,MusicBrainz member relationship
Circa Waves,Liverpool,member,mb:57107be1-21eb-48bd-80e3-e5f3f0ad647c,Colin Jones,MusicBrainz member relationship
Circa Waves,Liverpool,member,mb:cfc92343-bcd4-478b-8007-cf44c798d92c,Sam Rourke,MusicBrainz member relationship
Circa Waves,Liverpool,member,mb:1dc6591d-5cab-4f47-ab0a-c0dec3f57fc5,Kieran Shudall,MusicBrainz member relationship
Clean Bandit,Cambridge,member,mb:ec31aa43-ccf4-4a2a-8392-c2782232061d,Neil Amin-Smith,MusicBrainz member relationship
Clean Bandit,Cambridge,member,mb:678f6664-93cc-4bf1-ad14-9025d1b23b7f,Grace Chatto,MusicBrainz member relationship
Clean Bandit,Cambridge,member,mb:452b1e7d-9a64-408b-8c13-f29d25534662,Jack Patterson,MusicBrainz member relationship
Clean Bandit,Cambridge,member,mb:398abf03-9d98-4095-91bb-341ecb8bd1af,Luke Patterson,MusicBrainz member relationship
Clean Bandit,Cambridge,member,mb:87d0014d-299a-49d2-a0e0-51784fd5280b,Stephanie Benedetti,MusicBrainz member relationship
Clean Bandit,Cambridge,member,mb:a3c1211b-9422-43be-a75c-5b6778e7c0b6,Band Aid 30,MusicBrainz member relationship
Cleopatra,Manchester,member,mb:79a6ddfa-9ba3-4650-b837-f8fd99d631c5,Cleopatra Higgins,MusicBrainz member relationship
Cleopatra,Manchester,member,mb:fa28e014-0b46-4e70-9f90-2d2ff84af23e,Yonah Higgins,MusicBrainz member relationship
Cleopatra,Manchester,member,mb:b8cf3516-b373-4ab5-a99d-deb17b56f283,Zainam Higgins,MusicBrainz member relationship
Climie Fisher,London,member,mb:881a3dca-7c80-487e-8360-3427d2ad18bd,Simon Climie,MusicBrainz member relationship
Climie Fisher,London,member,mb:31136191-f76f-4465-96b5-f2812237ce33,Rob Fisher,MusicBrainz member relationship
Clinic,Liverpool,member,mb:b755e241-0feb-4813-825c-f520f23509a7,Brian Campbell,MusicBrainz member relationship
Clinic,Liverpool,member,mb:4a46b793-ae5a-474c-b3c1-e26bc001113b,Carl Turney,MusicBrainz member relationship
Clinic,Liverpool,member,mb:8bf65f63-38d5-4052-92cc-5f54250d1a40,Ade Blackburn,MusicBrainz member relationship
Clinic,Liverpool,member,mb:7976fd4a-ac88-487e-9fc2-cf70a48bbf6e,Jonathan Hartley,MusicBrainz member relationship
Cock Sparrer,London,member,mb:ccd3879e-7591-4947-ab56-ea38929b14fd,Mick Beaufoy,MusicBrainz member relationship
Cock Sparrer,London,member,mb:c503b678-a710-407c-ae68-26af01b37a62,Steve Bruce,MusicBrainz member relationship
Cock Sparrer,London,member,mb:37a5e5fe-31bb-41bf-ad22-0745e64633cb,Steve Burgess,MusicBrainz member relationship
Cock Sparrer,London,member,mb:5f9ca13b-4abd-4d6f-9a69-000d415b82d1,Garrie Lammin,MusicBrainz member relationship
Cock Sparrer,London,member,mb:3145e494-9983-4c8f-8218-7b1548cb0779,Colin McFaull,MusicBrainz member relationship
Cock Sparrer,London,member,mb:2cf494e7-19c2-461c-b3a9-3a4a043227a3,Daryl Smith,MusicBrainz member relationship
Cockney Rejects,London,member,mb:0500e9e8-9ba5-4676-a480-36f1b8d2c9a6,Mick Geggus,MusicBrainz member relationship
Cockney Rejects,London,member,mb:08b3e88d-9063-4f9d-ac3f-a0aea3b0801b,Jeff Turner,MusicBrainz member relationship
Cockney Rejects,London,member,mb:aa170126-63aa-4179-aee9-86bfe7381941,Andy Scott,MusicBrainz member relationship
Cockney Rejects,London,member,mb:66afabe4-e9b1-4b30-8c64-6fd4fb279419,Vince Riordan,MusicBrainz member relationship
Cockney Rejects,London,member,mb:fa1bbe12-8116-471b-a317-7881a9160030,Nigel Wolfe,MusicBrainz member relationship
Cockney Rejects,London,member,mb:62dad14c-25ce-49f6-8eb3-f88ae243a375,Keith Warrington,MusicBrainz member relationship
Cockney Rejects,London,member,mb:c3b39321-931e-4f61-aa35-dd20c6c4308e,Ian Campbell,MusicBrainz member relationship
Cockney Rejects,London,member,mb:126bed47-f464-462d-92c2-650ae7a24bc1,Andrew Laing,MusicBrainz member relationship
Cockney Rejects,London,member,mb:ac6fae99-e711-4196-a1c7-d1d6679ff556,Tony Frater,MusicBrainz member relationship
Cockney Rejects,London,member,mb:cc0acff4-7f38-4734-b269-0872b998910d,Les Cobb,MusicBrainz member relationship
Cockney Rejects,London,member,mb:4cb5f7be-4863-424a-a1cd-92f3ee3fdcf1,Michael Algar,MusicBrainz member relationship
Cockney Rejects,London,member,mb:c3ec83f5-47e9-4969-a9de-07f861abda29,Ray Bussey,MusicBrainz member relationship
Cockney Rejects,London,member,mb:0a5f32aa-466e-4cfc-956e-8ae10e11aefa,John Pearce,MusicBrainz member relationship
Cocteau Twins,Falkirk,member,mb:d8a0b557-1ec1-45be-a763-cced099f5629,Will Heggie,MusicBrainz member relationship
Cocteau Twins,Falkirk,member,mb:0bf0cabe-def2-4113-8dc5-6e721b9c3a92,Elizabeth Fraser,MusicBrainz member relationship
Cocteau Twins,Falkirk,member,mb:47d7b25e-585b-4c97-b98b-411b21a53379,Robin Guthrie,MusicBrainz member relationship
Cocteau Twins,Falkirk,member,mb:54cf21b1-9a02-4a75-a029-3a66db21c545,Simon Raymonde,MusicBrainz member relationship
Cocteau Twins,Falkirk,member,mb:108b1628-b8bb-4698-bdda-714a70ee40bb,Lincoln Fong,MusicBrainz member relationship
Coil,London,member,mb:d3bcf54e-56f3-497e-b3ac-6f89ae1e7201,John Balance,MusicBrainz member relationship
Coil,London,member,mb:1148b5e1-1007-4350-9adc-38e209094be5,John Gosling,MusicBrainz member relationship
Coil,London,member,mb:c0880c7c-52e8-4e9f-abad-b7970aa05179,Peter Christopherson,MusicBrainz member relationship
Coil,London,member,mb:d8f606c8-5da3-4e23-b8da-884f8ba23a30,Stephen Thrower,MusicBrainz member relationship
Coil,London,member,mb:e79b8fcd-4329-46c8-a726-71dc7c3436b4,Danny Hyde,MusicBrainz member relationship
Coil,London,member,mb:aa1cbb28-e76d-4cfc-b567-dc507226386d,Drew McDowall,MusicBrainz member relationship
Coil,London,member,mb:9e8d787e-64d9-48e3-95ea-b4ed71cc28c3,William Breeze,MusicBrainz member relationship
Coil,London,member,mb:d6b78704-e16c-412e-b964-595de4ad05d9,Thighpaulsandra,MusicBrainz member relationship
Coil,London,member,mb:a39f2724-8541-4fda-9322-9f70c049a547,Tom Edwards,MusicBrainz member relationship
Coil,London,member,mb:e9c97398-f07c-4d2d-8977-961ce7980063,Ossian Brown,MusicBrainz member relationship
Coil,London,member,mb:b4d3e771-39f3-47ac-9adb-ab1efdeeab12,Cliff Stapleton,MusicBrainz member relationship
Coil,London,member,mb:81a471d6-00bf-40d5-a06e-c23431d4c920,Michael J York,MusicBrainz member relationship
Coldplay,London,member,mb:d156ceb2-fd90-4e82-baea-829bbdf1c127,Jonny Buckland,MusicBrainz member relationship
Coldplay,London,member,mb:98d1ec5a-dd97-4c0b-9c83-7928aac89bca,Chris Martin,MusicBrainz member relationship
Coldplay,London,member,mb:18690715-59fa-4e4d-bcf3-8025cf1c23e0,Guy Berryman,MusicBrainz member relationship
Coldplay,London,member,mb:6953c4db-7214-4724-a140-e87550bde420,Will Champion,MusicBrainz member relationship
Coldplay,London,member,mb:08027883-0849-49d9-8b2f-95314de9e032,Phil Harvey,MusicBrainz member relationship
Conan,Liverpool,member,mb:e054d760-b57e-47e8-967c-68545afd1745,John McNulty,MusicBrainz member relationship
Conan,Liverpool,member,mb:dc300787-1d9d-416f-8db3-cc1f86511979,Phil Coumbe,MusicBrainz member relationship
Conan,Liverpool,member,mb:1f0721da-382e-4f9a-ae2e-37084b9b0819,Rich Lewis,MusicBrainz member relationship
Conan,Liverpool,member,mb:05664f2a-5c15-40ad-8a7e-9f3f0fc01b32,Chris Fielding,MusicBrainz member relationship
Conan,Liverpool,member,mb:557cef52-9508-479c-971e-12a86768d1d2,Johnny King,MusicBrainz member relationship
Conan,Liverpool,member,mb:4239d6b5-ae8f-4070-bd21-64f03f98736e,David Ryley,MusicBrainz member relationship
Conan,Liverpool,member,mb:ad972a59-b9f1-41d2-87b1-615c43e18646,Paul O’Neill,MusicBrainz member relationship
Conan,Liverpool,member,mb:344a978d-5a79-4252-a46f-55922d9a72ce,Jon Davis,MusicBrainz member relationship
Cook da Books,Liverpool,member,mb:3e093495-504d-4c8f-8fc1-ee2b205caaf5,Peter Deary,MusicBrainz member relationship
Cornershop,Leicester,member,mb:1a94e1b7-2916-4eee-92b6-c9dd0669e857,David Chambers,MusicBrainz member relationship
Cornershop,Leicester,member,mb:57805a61-f2ef-409b-8a54-64375c8126de,Avtar Singh,MusicBrainz member relationship
Cornershop,Leicester,member,mb:5822f388-d1ee-45ff-bf94-955c5162d207,Ben Ayres,MusicBrainz member relationship
Cornershop,Leicester,member,mb:41297457-8d52-4d83-8640-480ca1d56c57,Tjinder Singh,MusicBrainz member relationship
Cornershop,Leicester,member,mb:ed517ff3-2c9b-43bb-9d0a-a0559d7488a6,Wallis Healey,MusicBrainz member relationship
Cornershop,Leicester,member,mb:02be7c2e-dbdb-4e66-a4c9-c2c5fe23ca31,Anthony Saffery,MusicBrainz member relationship
Cornershop,Leicester,member,mb:46a332ae-7317-410c-afa5-06bf17105ec4,Pete Hall,MusicBrainz member relationship
Cornershop,Leicester,member,mb:e62dc168-08cf-4373-b539-dbe2bad40e9b,Peter Bengry,MusicBrainz member relationship
Cornershop,Leicester,member,mb:960f5e89-1f94-49b4-90b3-453635affcaa,Nick Simms,MusicBrainz member relationship
Cornershop,Leicester,member,mb:e0a12f6d-1c89-467c-856a-e0d547c6c46f,Paul McGuigan,MusicBrainz member relationship
Courteeners,Manchester,member,mb:6b5d375d-3433-4541-9f35-aee7dfa5aaf1,Daniel Moores,MusicBrainz member relationship
Courteeners,Manchester,member,mb:8e7e1cfc-c1ed-4246-b392-88a2222b2aff,Joe Cross,MusicBrainz member relationship
Courteeners,Manchester,member,mb:20bbbfa5-b0e2-42cb-a728-9c1f7207f2ba,Elina Lin,MusicBrainz member relationship
Courteeners,Manchester,member,mb:534bc3d3-9869-4716-baa9-c5373a0c56ab,Mark Cuppello,MusicBrainz member relationship
Courteeners,Manchester,member,mb:9cc5f4a2-fa6e-4d20-8bb7-7fc8a31ccd95,Michael Campbell,MusicBrainz member relationship
Courteeners,Manchester,member,mb:925e77ea-2384-46bc-a9fa-79c707ecde18,Liam Fray,MusicBrainz member relationship
Cream,London,member,mb:e01d1aff-9cc2-4606-83d7-56445515c6e6,Ginger Baker,MusicBrainz member relationship
Cream,London,member,mb:94a24504-3548-4bde-a89b-273d277d194e,Jack Bruce,MusicBrainz member relationship
Cream,London,member,mb:618b6900-0618-4f1e-b835-bccb17f84294,Eric Clapton,MusicBrainz member relationship
Creeper,Southampton,member,mb:47515fc1-8a38-401f-9a50-16b86bee3bc5,Ian Miles,MusicBrainz member relationship
Creeper,Southampton,member,mb:5085901f-0d74-438d-a81e-6d9a6758ef5e,Hannah Hermione Greenwood,MusicBrainz member relationship
Crystal Fighters,London,member,mb:055d1c58-17aa-4ff3-af5e-56ddac359641,Andrea Marongiu,MusicBrainz member relationship
Crystal Fighters,London,member,mb:410a99da-d89a-4879-8e49-c05fc3e04145,Graham Dickson,MusicBrainz member relationship
Crystal Fighters,London,member,mb:584b5932-8ac9-462a-90b1-0682dbb706d3,Sebastian Pringle,MusicBrainz member relationship
Crystal Fighters,London,member,mb:682cead6-f56f-4424-8a0e-9df3c5d14fd6,Gilbert Vierich,MusicBrainz member relationship
Crystal Fighters,London,member,mb:5a40c7f5-d32a-472a-b28e-ca1143176fbc,Dr. Witchdoctor,MusicBrainz member relationship
Culture Club,London,member,mb:a9dd53bd-bdfb-4941-a527-d98f699378c1,John Suede,MusicBrainz member relationship
Culture Club,London,member,mb:2787bddf-6439-4c73-8162-5f4a1e5fa030,Boy George,MusicBrainz member relationship
Culture Club,London,member,mb:cf3d597b-5232-427b-bf4d-f385517ad8b5,Mikey Craig,MusicBrainz member relationship
Culture Club,London,member,mb:eb6b6cd2-ca1b-43c0-88e8-d7f675c1db20,Roy Hay,MusicBrainz member relationship
Culture Club,London,member,mb:575fb159-f2b1-41d8-983b-c7e85fe917fd,Jon Moss,MusicBrainz member relationship
Current 93,London,member,mb:d3bcf54e-56f3-497e-b3ac-6f89ae1e7201,John Balance,MusicBrainz member relationship
Current 93,London,member,mb:ab68c388-23f0-43fd-bc3e-4c17516051d6,David Tibet,MusicBrainz member relationship
Current 93,London,member,mb:1ad39ddd-b4fd-49b7-8137-d5569c0eb2e5,John Murphy,MusicBrainz member relationship
Current 93,London,member,mb:3fcd4cc6-1de4-49d6-88e3-2b15421a35d0,Steven Stapleton,MusicBrainz member relationship
Current 93,London,member,mb:2356514d-4c75-4bfc-b90f-be51a419d805,Steve Ignorant,MusicBrainz member relationship
Current 93,London,member,mb:55d2019c-bd28-4408-9397-aa09343de247,Douglas P,MusicBrainz member relationship
Current 93,London,member,mb:2228ff44-0804-4c53-b66c-f1f4c4a7490a,Michael Cashmore,MusicBrainz member relationship
Current 93,London,member,mb:ef2d4a1c-195e-41f4-839e-bdfd3f85adc3,Andrew W.K.,MusicBrainz member relationship
Current 93,London,member,mb:a7f9eb1c-2d42-49c5-a998-822804a99839,Freya Aswynn,MusicBrainz member relationship
Current 93,London,member,mb:bff75706-d1c4-4615-8595-8e22a61c9b2c,James Blackshaw,MusicBrainz member relationship
Current 93,London,member,mb:c94c73d6-a672-4610-9ec2-a97b23a865df,Ben Chasny,MusicBrainz member relationship
Current 93,London,member,mb:36615bf2-052f-4958-9140-c90f57350bc4,Maja Elliott,MusicBrainz member relationship
Current 93,London,member,mb:bb067ece-fb48-4b53-ab43-cccac92ab08c,David Kenny,MusicBrainz member relationship
Current 93,London,member,mb:d8fd59ec-bd64-4eb4-acaf-f3b18a55618f,James Malindaine-Lafayette,MusicBrainz member relationship
Current 93,London,member,mb:aad85c3e-48d8-43e9-876e-49bafba607b2,Rose McDowall,MusicBrainz member relationship
Current 93,London,member,mb:bfd95b65-f6e1-4394-867a-9558fdb4fdbb,Boyd Rice,MusicBrainz member relationship
Current 93,London,member,mb:154769a8-fcfa-46f4-8ad9-85712e469c81,Nick Saloman,MusicBrainz member relationship
Current 93,London,member,mb:c4da23b3-25ca-49d1-95fb-ecd76760f99f,Jon Seagroatt,MusicBrainz member relationship
Current 93,London,member,mb:8e02dc92-a1df-4baa-8cee-d8c8d844a7ad,Tony Wakeford,MusicBrainz member relationship
Current 93,London,member,mb:715afc35-803f-4bae-ae0c-4bed82eaeaa9,Joolie Wood,MusicBrainz member relationship
Cutting Crew,London,member,mb:2fb52a22-146a-43bc-97f9-56f1e1134d5f,Nick Van Eede,MusicBrainz member relationship
Cutting Crew,London,member,mb:67c16a77-8209-44bb-bd70-0cf6737a23c8,Kevin MacMichael,MusicBrainz member relationship
Cutting Crew,London,member,mb:d6c7c134-7d63-469d-a787-cbcce7b90f87,Tony Moore,MusicBrainz member relationship
Cutting Crew,London,member,mb:7d9763f8-b8f8-40a7-b599-a167f91d18d5,Martin Beedle,MusicBrainz member relationship
Cutting Crew,London,member,mb:6710d875-81ef-4866-9dd7-e1a5048fada8,Colin Farley,MusicBrainz member relationship
Cutting Crew,London,member,mb:f9390653-33d6-43cc-9d0c-db1302802c7c,Tom Arnold,MusicBrainz member relationship
Cutting Crew,London,member,mb:04113a2f-00d0-4063-9818-187b4052def6,Dominic Finley,MusicBrainz member relationship
Cutting Crew,London,member,mb:cef000c3-9b4b-464f-8bd2-1cb3dac6640a,Sam Flynn,MusicBrainz member relationship
Cutting Crew,London,member,mb:f6476966-7bc2-45d5-972f-7923df8ddd81,Gareth Moulton,MusicBrainz member relationship
D-Block Europe,London,member,mb:a4afd2fa-9891-4983-b6bd-0aa40ad17c6f,Young Adz,MusicBrainz member relationship
D-Block Europe,London,member,mb:43df2418-ea1d-4f1c-ab3a-c8105432adf8,Dirtbike LB,MusicBrainz member relationship
DJ Food,London,member,mb:a2ee3fa9-b22d-4303-b49c-bc8b14c420ae,Strictly Kev,MusicBrainz member relationship
DJ Food,London,member,mb:067cadf8-5207-471f-b50d-709528be0c23,Matt Black,MusicBrainz member relationship
DJ Food,London,member,mb:3a8328a3-8db8-4a70-8e09-5ed4f02e715a,Jonathan More,MusicBrainz member relationship
DJ Food,London,member,mb:1eaa27b3-90b0-4de9-8c55-0034c9fe6fbc,PC,MusicBrainz member relationship
DNA,Bath and North East Somerset,member,mb:afed1bfc-c992-4442-ae75-282f2920dad0,Nick Batt,MusicBrainz member relationship
DNA,Bath and North East Somerset,member,mb:c2479200-5547-49c5-a0da-e06870340676,Neal Slateford,MusicBrainz member relationship
DON BROCO,Bedford,member,mb:5aac648e-64df-49e1-beda-43c723373180,Luke Rayner,MusicBrainz member relationship
DON BROCO,Bedford,member,mb:13b39b3a-94f7-4676-9d11-f47fc640e17d,Matthew Donnelly,MusicBrainz member relationship
DON BROCO,Bedford,member,mb:088f5f08-45f6-45d1-9560-6d9aa0965ebd,Robert Damiani,MusicBrainz member relationship
DON BROCO,Bedford,member,mb:00a1ef75-9b4e-4123-8fff-d24022f906e0,Simon Delaney,MusicBrainz member relationship
DON BROCO,Bedford,member,mb:b21dc838-8ccf-47b8-b777-b4e84c9316ad,Tom Doyle,MusicBrainz member relationship
Daughter,London,member,mb:aadd87cc-6a58-4724-b1e3-d164fa330346,Remi Aguilella,MusicBrainz member relationship
Daughter,London,member,mb:3048fc78-9387-4d1b-b51a-0031f72b0734,Igor Haefeli,MusicBrainz member relationship
Daughter,London,member,mb:09363c26-fb6b-43c5-b277-627eb531aa07,Elena Tonra,MusicBrainz member relationship
Deacon Blue,Glasgow,member,mb:62404151-5cba-4656-8d5f-881894bf8f82,James Prime,MusicBrainz member relationship
Deacon Blue,Glasgow,member,mb:bc78c6f4-206a-4528-a84d-a8fbf5d84b8b,Ricky Ross,MusicBrainz member relationship
Deacon Blue,Glasgow,member,mb:450313cf-e016-4513-b20f-169a6266fd9b,Graeme Kelling,MusicBrainz member relationship
Deacon Blue,Glasgow,member,mb:081c9ed5-9273-4f47-86a1-09d0ac021e54,Lorraine McIntosh,MusicBrainz member relationship
Deacon Blue,Glasgow,member,mb:f318706b-e056-4f41-9680-54a37cdb48f9,Ewen Vernal,MusicBrainz member relationship
Deacon Blue,Glasgow,member,mb:b02333f7-d654-41db-bf27-6c964e376732,Dougie Vipond,MusicBrainz member relationship
Dead Or Alive,Liverpool,member,mb:53e0290c-3d9d-46f5-b70d-61ea7809a751,Ming,MusicBrainz member relationship
Dead Or Alive,Liverpool,member,mb:1fea995f-947e-4519-bf1a-0359750c2783,Sue James,MusicBrainz member relationship
Dead Or Alive,Liverpool,member,mb:3502a4ea-416c-4559-96c6-0b9ab03ab37d,Adrian Mitchley,MusicBrainz member relationship
Dead Or Alive,Liverpool,member,mb:0e6464e6-f256-4798-ab6b-902f645e1f0c,Joe Musker,MusicBrainz member relationship
Dead Or Alive,Liverpool,member,mb:8af819a0-89a9-4a45-a53b-45edf2c8157e,Martin Healy,MusicBrainz member relationship
Dead Or Alive,Liverpool,member,mb:2076fa16-0ad9-4552-8536-e41b628b0a78,Mike Percy,MusicBrainz member relationship
Dead Or Alive,Liverpool,member,mb:89220c39-88ae-4066-a168-52119bd1eca3,Pete Burns,MusicBrainz member relationship
Dead Or Alive,Liverpool,member,mb:f2afadf3-f222-4272-b7ff-3c89855a4708,Steve Coy,MusicBrainz member relationship
Dead Or Alive,Liverpool,member,mb:29af4d9c-101f-4fa6-9cba-d5318bb4b360,Wayne Hussey,MusicBrainz member relationship
Dead Or Alive,Liverpool,member,mb:9d0b82be-3a6d-42db-bae7-90dcfcb11c1f,Tim Lever,MusicBrainz member relationship
Dead Or Alive,Liverpool,member,mb:9fed0655-96ea-46f0-b6ee-ac1046e6e3e0,Jason Alburey,MusicBrainz member relationship
Deep Purple,London,member,mb:ed031718-b94c-403d-8a89-438e355db488,Rod Evans,MusicBrainz member relationship
Deep Purple,London,member,mb:00929331-8a98-4651-9052-6feaf0458b81,Nick Simper,MusicBrainz member relationship
Deep Purple,London,member,mb:fc5f555c-dfa2-4f16-9da5-98342105c23a,Ritchie Blackmore,MusicBrainz member relationship
Deep Purple,London,member,mb:6bf692e0-baac-4428-94c3-423d52508cf0,Jon Lord,MusicBrainz member relationship
Deep Purple,London,member,mb:29c11f6b-df9f-454f-964e-75eedadb4a1e,Ian Paice,MusicBrainz member relationship
Deep Purple,London,member,mb:ff2a0e30-aec1-44dd-ae06-dc78877f512d,Ian Gillan,MusicBrainz member relationship
Deep Purple,London,member,mb:583944a8-d43b-42e9-8e3c-29eb89f53587,Roger Glover,MusicBrainz member relationship
Deep Purple,London,member,mb:78692212-af57-402a-a291-3938ca356500,Glenn Hughes,MusicBrainz member relationship
Deep Purple,London,member,mb:8b26558a-1073-45cf-b9a2-233703654ffb,David Coverdale,MusicBrainz member relationship
Deep Purple,London,member,mb:1edd8e9a-0deb-4548-a2a3-679af784f6c6,Tommy Bolin,MusicBrainz member relationship
Deep Purple,London,member,mb:47cd459b-06c1-462f-8fdd-27721a03ef68,Joe Lynn Turner,MusicBrainz member relationship
Deep Purple,London,member,mb:29762c82-bb92-4acd-b1fb-09cc4da250d2,Joe Satriani,MusicBrainz member relationship
Deep Purple,London,member,mb:6f0d1ab4-a0b8-4d59-acda-5fe3b63058f0,Steve Morse,MusicBrainz member relationship
Deep Purple,London,member,mb:7bec6cd1-9602-400c-ab05-47e2d83bdf3d,Don Airey,MusicBrainz member relationship
Deep Purple,London,member,mb:cfa59bd9-af11-4dc3-8204-00c58bd009ba,Simon McBride,MusicBrainz member relationship
Def Leppard,Sheffield,member,mb:544eb865-b376-43ed-991b-863044ee5267,Pete Willis,MusicBrainz member relationship
Def Leppard,Sheffield,member,mb:7bc12c8f-8022-4942-af94-a83c7cd8af55,Joe Elliott,MusicBrainz member relationship
Def Leppard,Sheffield,member,mb:aa85e56c-856d-4381-91f2-074c426d93a8,Rick Savage,MusicBrainz member relationship
Def Leppard,Sheffield,member,mb:fc555fbc-a441-47e5-8ee4-21af15c454dd,Rick Allen,MusicBrainz member relationship
Def Leppard,Sheffield,member,mb:bf9249e1-cc5d-4154-866e-afb99c6a09cf,Steve Clark,MusicBrainz member relationship
Def Leppard,Sheffield,member,mb:1999f41e-058f-4221-8c4b-d7379b00cceb,Phil Collen,MusicBrainz member relationship
Def Leppard,Sheffield,member,mb:0832f927-9bc6-4bb2-b538-343b29bde2e9,Vivian Campbell,MusicBrainz member relationship
Del Amitri,Glasgow,member,mb:075653e7-fab9-44ba-b490-0bd3d0be92d4,Donald Bentley,MusicBrainz member relationship
Del Amitri,Glasgow,member,mb:83b0a18c-85c1-4e11-960e-f7cf342a993b,James M. Scobbie,MusicBrainz member relationship
Del Amitri,Glasgow,member,mb:043fac0c-5e97-443d-b39b-2df54ee619d2,Justin Currie,MusicBrainz member relationship
Del Amitri,Glasgow,member,mb:fb55bdce-a94c-41b2-80cd-3f5fd8b1c7e5,Paul Tyagi,MusicBrainz member relationship
Del Amitri,Glasgow,member,mb:b2f7e9d0-6225-47e2-ae75-a836cbfcfee5,Bryan Tolland,MusicBrainz member relationship
Del Amitri,Glasgow,member,mb:454f66c5-e789-42ef-84e6-a8ddbe78e58c,Iain Harvie,MusicBrainz member relationship
Del Amitri,Glasgow,member,mb:c434141e-ed1c-45b3-95eb-28bd870c7198,Mick Slaven,MusicBrainz member relationship
Del Amitri,Glasgow,member,mb:1f00ad5f-bf83-4b15-99db-a3083720f42d,Brian McDermott,MusicBrainz member relationship
Del Amitri,Glasgow,member,mb:15a87d08-62fb-4238-ad20-e51e36614723,David Cummings,MusicBrainz member relationship
Del Amitri,Glasgow,member,mb:200d53f4-c387-4894-88fd-e2319bd4bcdc,Andy Alston,MusicBrainz member relationship
Del Amitri,Glasgow,member,mb:96bbec11-f28b-4e8d-b962-a2430b8b0b2a,Ashley “Stixman” Soan,MusicBrainz member relationship
Del Amitri,Glasgow,member,mb:5d26cf02-3278-4c6d-a813-590a3cadea31,Jon McLoughlin,MusicBrainz member relationship
Del Amitri,Glasgow,member,mb:84e8d7bf-63e5-4112-8752-2eccf8d61ef9,Kris Dollimore,MusicBrainz member relationship
Del Amitri,Glasgow,member,mb:4a94eb6c-9e88-4f8d-b8c7-3dcce23eca4c,Mark Price,MusicBrainz member relationship
Delta 5,Leeds,member,mb:8eb8214c-8375-4bd6-8d79-da95751d988a,Ros Allen,MusicBrainz member relationship
Delta 5,Leeds,member,mb:0837faf9-12e5-4458-9464-3d4c1a22ef2d,Kelvin Knight,MusicBrainz member relationship
Delta 5,Leeds,member,mb:3a114df4-9538-4368-8b5d-178cf03817a4,Bethan Peters,MusicBrainz member relationship
Delta 5,Leeds,member,mb:adeda622-4231-4544-a20a-d2105d11798c,Alan Riggs,MusicBrainz member relationship
Delta 5,Leeds,member,mb:91c6ad60-b45b-4763-ba0f-a6546068136a,Julz Sale,MusicBrainz member relationship
Demented Are Go,Cardiff,member,mb:100ec088-dc16-4aa0-8333-68b80e151b9e,Dick Thomas,MusicBrainz member relationship
Demented Are Go,Cardiff,member,mb:3a06c1db-8fb4-459f-93d7-9efa91760d81,Ant Thomas,MusicBrainz member relationship
Demented Are Go,Cardiff,member,mb:228c345e-001d-4374-9bc0-800be8ab6324,Mark Phillips,MusicBrainz member relationship
Demented Are Go,Cardiff,member,mb:a39464cd-7c23-435c-8897-84d123b2a3b3,Graeme Grant,MusicBrainz member relationship
Demented Are Go,Cardiff,member,mb:a44cef0c-74fc-4f2d-90a2-b01b0190d3d2,Lex Luther,MusicBrainz member relationship
Demented Are Go,Cardiff,member,mb:8c6c1618-bc5c-4cd4-a5bd-13e1f55d57ad,Criss Damage,MusicBrainz member relationship
Demented Are Go,Cardiff,member,mb:5c7c86c4-d67c-46c2-9a62-60cb6b41af60,Philip Doyle,MusicBrainz member relationship
Demented Are Go,Cardiff,member,mb:d23da90c-640e-4a71-86b5-beb6b06ab570,Holger Grothe,MusicBrainz member relationship
Demented Are Go,Cardiff,member,mb:906f5afb-30c1-4185-844f-0c868267c29f,Stan Standen,MusicBrainz member relationship
Demon,Stoke-on-Trent,member,mb:5763a10c-8e2f-446a-b875-209e54bd4960,Les Hunt,MusicBrainz member relationship
Demon,Stoke-on-Trent,member,mb:7415b799-695b-436c-a53e-b31deaa6eada,Steve Brookes,MusicBrainz member relationship
Demon,Stoke-on-Trent,member,mb:5ae71798-77e1-4abe-b7d6-2385547c96fb,Nick Bushell,MusicBrainz member relationship
Demon,Stoke-on-Trent,member,mb:d6618a2e-2e51-4a1b-b931-de0e282ac05c,David Cotterill,MusicBrainz member relationship
Demon,Stoke-on-Trent,member,mb:0ae3aaf5-5f65-49b4-8aca-fe7a76108f09,Paul Johnson,MusicBrainz member relationship
Demon,Stoke-on-Trent,member,mb:bbf653dd-fa9e-475f-83ce-3f257c194e73,Dave Hill,MusicBrainz member relationship
Demon,Stoke-on-Trent,member,mb:1d710f31-a984-40e5-bbc8-6e43567181c4,Mal Spooner,MusicBrainz member relationship
Depeche Mode,London,member,mb:6ef12fc1-40f4-41ea-ac52-f487840255bd,Vince Clarke,MusicBrainz member relationship
Depeche Mode,London,member,mb:0042aa4d-a972-4a2a-b7cf-8044d09bbc67,Andrew Fletcher,MusicBrainz member relationship
Depeche Mode,London,member,mb:d547b148-cf1f-421b-9464-ce7411ba44b8,Dave Gahan,MusicBrainz member relationship
Depeche Mode,London,member,mb:e08ac443-f1d2-4666-abd1-fa5859592981,Martin L. Gore,MusicBrainz member relationship
Depeche Mode,London,member,mb:9785d4c6-0922-408b-9ca7-bf46c0548f71,Alan Wilder,MusicBrainz member relationship
Dexys Midnight Runners,Birmingham,member,mb:935b93ed-71b0-4e26-bf1a-b86a69d26756,Seb Shelton,MusicBrainz member relationship
Dexys Midnight Runners,Birmingham,member,mb:e9a47835-5bd5-4227-a07d-3e50d357aaba,Billy Adams,MusicBrainz member relationship
Dexys Midnight Runners,Birmingham,member,mb:afde13b0-7a16-4565-93bc-2aa8818ef96a,Al Archer,MusicBrainz member relationship
Dexys Midnight Runners,Birmingham,member,mb:220d49ac-cc27-431f-988f-0b5629cda6b1,Micky Billingham,MusicBrainz member relationship
Dexys Midnight Runners,Birmingham,member,mb:8dccbb5e-f640-429d-819a-3a6ce5f96651,Geoff Blythe,MusicBrainz member relationship
Dexys Midnight Runners,Birmingham,member,mb:1d5bd973-7a08-4274-a95c-c9ce83948687,Vincent Crane,MusicBrainz member relationship
Dexys Midnight Runners,Birmingham,member,mb:0210ce21-fce4-419f-9475-4f834c9f9234,Tim Dancy,MusicBrainz member relationship
Dexys Midnight Runners,Birmingham,member,mb:d5140dd2-3280-4c02-ac5e-779ac89d4f09,John Edwards,MusicBrainz member relationship
Dexys Midnight Runners,Birmingham,member,mb:50d82bad-cef2-4d17-b086-87f472f4332d,Tommy Evans,MusicBrainz member relationship
Dexys Midnight Runners,Birmingham,member,mb:e0767941-2874-40ca-92e0-44a19ecf5d39,Nicky Gatfield,MusicBrainz member relationship
Dexys Midnight Runners,Birmingham,member,mb:1a8cf615-67f1-416f-931a-1458f1bc4a0e,Andy Growcott,MusicBrainz member relationship
Dexys Midnight Runners,Birmingham,member,mb:37726cd0-4b58-4230-bf14-4821b92f05f4,Giorgio Kilkenny,MusicBrainz member relationship
Dexys Midnight Runners,Birmingham,member,mb:6ae686b1-6ce7-4e4f-8537-1a4acb164bcc,Julian Littman,MusicBrainz member relationship
Dexys Midnight Runners,Birmingham,member,mb:3c81bb53-2b49-4087-87e9-a44edcbfc67f,Roger MacDuff,MusicBrainz member relationship
Dexys Midnight Runners,Birmingham,member,mb:96353adb-fe39-4131-bd84-0bbf8f6cd278,Brian Maurice,MusicBrainz member relationship
Dexys Midnight Runners,Birmingham,member,mb:c60c6480-0196-4453-9f99-e857d04ffd1e,Lucy Morgan,MusicBrainz member relationship
Dexys Midnight Runners,Birmingham,member,mb:5644110a-9998-476f-bc24-b73c9bee8a5d,Helen O'Hara,MusicBrainz member relationship
Dexys Midnight Runners,Birmingham,member,mb:3728997e-e29b-41f7-ab19-b6f1b1e09f21,Jimmy Paterson,MusicBrainz member relationship
Dexys Midnight Runners,Birmingham,member,mb:d80cf5fe-3135-4315-8f04-78ff87da525c,Kevin Rowland,MusicBrainz member relationship
Dexys Midnight Runners,Birmingham,member,mb:a94c433e-c71b-4eb4-8773-7fd0048d05f0,Pete Saunders,MusicBrainz member relationship
Dexys Midnight Runners,Birmingham,member,mb:370aa3aa-9da9-40e7-8932-777a2b6dddd9,Steve Shaw,MusicBrainz member relationship
Dexys Midnight Runners,Birmingham,member,mb:71d6e311-23a5-42bc-bd49-bfef62a0d70a,Paul Speare,MusicBrainz member relationship
Dexys Midnight Runners,Birmingham,member,mb:64a11514-21fd-42e6-a4ee-b6b3028ad821,Steve Spooner,MusicBrainz member relationship
Dexys Midnight Runners,Birmingham,member,mb:3f2370fc-280a-4951-824f-7bf4f02ce2d3,Mick Talbot,MusicBrainz member relationship
Dexys Midnight Runners,Birmingham,member,mb:b3ef7770-aede-4660-95b9-9b21967a2cb6,Bobby Ward,MusicBrainz member relationship
Dexys Midnight Runners,Birmingham,member,mb:dc0397a0-78fb-4871-861b-28374c6eab62,Pete Williams,MusicBrainz member relationship
Dexys Midnight Runners,Birmingham,member,mb:22054bf6-1f0e-4e64-b5b9-5e2bbd8454ab,Steve Wynne,MusicBrainz member relationship
Dexys Midnight Runners,Birmingham,member,mb:d3c03967-3ef2-45ad-baac-40dd977f5da0,Andy Leek,MusicBrainz member relationship
Diamond Head,Birmingham,member,mb:223a6907-090f-4d80-bb17-64d2a3764d25,Colin Kimberley,MusicBrainz member relationship
Diamond Head,Birmingham,member,mb:dda61fa7-021d-4904-be7c-e9ba7dbe4b86,Duncan Scott,MusicBrainz member relationship
Diamond Head,Birmingham,member,mb:ef0a6439-01da-4f3b-a947-6154377ba37b,Sean Harris,MusicBrainz member relationship
Diamond Head,Birmingham,member,mb:3fdd7979-0898-4687-adaf-895b178bceaa,Brian Tatler,MusicBrainz member relationship
Diamond Head,Birmingham,member,mb:dec9bff6-c96e-4727-a486-9e825d63bb9c,Merv Goldsworthy,MusicBrainz member relationship
Diamond Head,Birmingham,member,mb:c5bbe0a7-a7d2-437a-9e10-367203578061,Eddie Moohan,MusicBrainz member relationship
Diamond Head,Birmingham,member,mb:e26d17d2-0da7-4630-b79a-53e764c49130,Karl Wilcox,MusicBrainz member relationship
Diamond Head,Birmingham,member,mb:88d7669e-4d48-4f11-a435-a1846a631ece,Pete Vuckovic,MusicBrainz member relationship
Diamond Head,Birmingham,member,mb:24b97924-39eb-4e1d-a817-b2622fdeb339,Adrian Mills,MusicBrainz member relationship
Diamond Head,Birmingham,member,mb:29d41621-087d-491b-a388-a4b84ba48aa8,Nick Tart,MusicBrainz member relationship
Diamond Head,Birmingham,member,mb:9a74f210-1ac5-4acb-a319-8e690c32a6c9,Andy Abberley,MusicBrainz member relationship
Diamond Head,Birmingham,member,mb:30bd212f-df1f-4646-aed2-4bc6cef8206d,Rasmus Bom Andersen,MusicBrainz member relationship
Diamond Head,Birmingham,member,mb:4b1e9605-0edc-415f-9ee7-083473765545,Dean Ashton,MusicBrainz member relationship
Dire Straits,London,member,mb:0fab169b-cd60-42e7-9fcd-d54ec37a9b46,David Knopfler,MusicBrainz member relationship
Dire Straits,London,member,mb:0ae785f0-c3ee-4fa2-babb-22d0d0443905,Pick Withers,MusicBrainz member relationship
Dire Straits,London,member,mb:041df3c5-6e9c-4906-8e9e-0b39949ad8c8,John Illsley,MusicBrainz member relationship
Dire Straits,London,member,mb:e49f69da-17d5-4c5c-bac0-dadcb0e588f5,Mark Knopfler,MusicBrainz member relationship
Dire Straits,London,member,mb:86c82763-e707-4aab-8380-2b8735dd8ae3,Hal Lindes,MusicBrainz member relationship
Dire Straits,London,member,mb:fc8d0271-a1a0-4013-aef6-fee8504fbc13,Alan Clark,MusicBrainz member relationship
Dire Straits,London,member,mb:e5a52820-f5b7-4d01-8b6c-0c4a16768564,Terry Williams,MusicBrainz member relationship
Dire Straits,London,member,mb:3bad5694-6143-4eab-9655-fa49f39905f8,Guy Fletcher,MusicBrainz member relationship
Dire Straits,London,member,mb:c27fd92b-366d-4812-b13b-99b7b19a92f0,Chris White,MusicBrainz member relationship
Discharge,Stoke-on-Trent,member,mb:40dd5f93-9efa-4935-b061-0c7fe9f32c0c,Tony Atkinson,MusicBrainz member relationship
Discharge,Stoke-on-Trent,member,mb:b0672e2e-a3f2-46ff-847c-6dba767a898c,Nigel Bamford,MusicBrainz member relationship
Discharge,Stoke-on-Trent,member,mb:8e087d07-bb72-45d0-b7ab-d9a589691e5a,Rainy,MusicBrainz member relationship
Discharge,Stoke-on-Trent,member,mb:177355b4-0da4-4a8a-ad4b-35b6327f05aa,Ivan Rivera,MusicBrainz member relationship
Discharge,Stoke-on-Trent,member,mb:6e784a4c-2880-47e7-af93-0d9a75eaffdf,Tezz,MusicBrainz member relationship
Discharge,Stoke-on-Trent,member,mb:f23d81b7-aff0-4d54-ba40-6b30dba3fde7,Bones,MusicBrainz member relationship
Discharge,Stoke-on-Trent,member,mb:f0982365-c953-48bb-9283-299f7264d554,Cal,MusicBrainz member relationship
Discharge,Stoke-on-Trent,member,mb:4fe7f6e0-efc6-4294-b182-71275d3e0b64,Bambi,MusicBrainz member relationship
Discharge,Stoke-on-Trent,member,mb:249ae509-b786-4344-88e4-3320ac23cd23,Keith Haynes,MusicBrainz member relationship
Discharge,Stoke-on-Trent,member,mb:e239dd27-ec33-47ae-b57e-cfef255a7b02,Garry Maloney,MusicBrainz member relationship
Discharge,Stoke-on-Trent,member,mb:1cbae5a8-e0ad-455a-b45c-53d9bc5f0595,Pooch,MusicBrainz member relationship
Discharge,Stoke-on-Trent,member,mb:d9399c37-f71d-494f-b7d6-efea9531f3ce,Michael Gibson,MusicBrainz member relationship
Discharge,Stoke-on-Trent,member,mb:7415b799-695b-436c-a53e-b31deaa6eada,Steve Brookes,MusicBrainz member relationship
Discharge,Stoke-on-Trent,member,mb:3e819b1d-2ae8-4c78-a38e-4312d09b48f4,Rocky Shades,MusicBrainz member relationship
Discharge,Stoke-on-Trent,member,mb:f7d9ee75-fe6f-487e-ad26-876fccc49cb6,Andrew Green,MusicBrainz member relationship
Discharge,Stoke-on-Trent,member,mb:7982e3ec-bdd4-4119-9dae-1aa8762ab79f,Anthony Morgan,MusicBrainz member relationship
Discharge,Stoke-on-Trent,member,mb:5ae71798-77e1-4abe-b7d6-2385547c96fb,Nick Bushell,MusicBrainz member relationship
Discharge,Stoke-on-Trent,member,mb:6739223d-e828-402b-b589-f372b3dda91a,Labanthorsen Ekeroth,MusicBrainz member relationship
Discharge,Stoke-on-Trent,member,mb:a40b35a5-6373-435b-9de4-8a78f7a32c20,Rat,MusicBrainz member relationship
Discharge,Stoke-on-Trent,member,mb:c2b5e30a-45a5-4f1c-a41d-42ea47341ecf,Dave Bridgwood,MusicBrainz member relationship
Discharge,Stoke-on-Trent,member,mb:700ae669-af7f-496f-b79c-a2bee99dc837,Jeff Janiak,MusicBrainz member relationship
Disciples,London,member,mb:c317dd05-a6da-4659-9cce-f57866ed408e,Duvall,MusicBrainz member relationship
Disciples,London,member,mb:0f0c7aac-415a-40d3-bcae-4f01f2d32426,Gavin Koolman,MusicBrainz member relationship
Disciples,London,member,mb:eb9e4c07-1bf9-476c-8f6a-da9075736040,Luke Mac,MusicBrainz member relationship
Disclosure,London,member,mb:2d973513-8faa-48c0-b30d-6bd59d6918ca,Guy Lawrence,MusicBrainz member relationship
Disclosure,London,member,mb:7679f4a7-6fa7-4980-9d0d-bb906efd0418,Howard Lawrence,MusicBrainz member relationship
Django Django,London,member,mb:84b39c3b-7849-4cbe-af3a-b8d290cf6d38,Jimmy Dixon,MusicBrainz member relationship
Django Django,London,member,mb:a4b0afb8-5778-417b-8d92-dcb18605d278,Tommy Grace,MusicBrainz member relationship
Django Django,London,member,mb:1da7abf7-2c26-4712-8db3-29e9c3e6f2df,David Maclean,MusicBrainz member relationship
Django Django,London,member,mb:e1e2cc32-0cc3-4265-9824-ceffb308da27,Vincent Neff,MusicBrainz member relationship
Dodgy,London,member,mb:76e821ee-9300-4ae5-a35d-e3379c926887,Nick Abnett,MusicBrainz member relationship
Dodgy,London,member,mb:ade8d668-b3c4-4170-b867-24de1e3d3024,David Bassey,MusicBrainz member relationship
Dodgy,London,member,mb:7e1acf19-28a3-488e-8d3e-f7514935184e,Nigel Clark,MusicBrainz member relationship
Dodgy,London,member,mb:87ae34e6-cebc-491f-9fab-5b6e64f83e2f,Chris Hallam,MusicBrainz member relationship
Dodgy,London,member,mb:646b8921-d3d9-4df8-a2c6-7dd8500b22f3,Andy Miller,MusicBrainz member relationship
Dodgy,London,member,mb:758a7887-7580-40c4-83c7-5f0125ac9b3b,Richard Payne,MusicBrainz member relationship
Dodgy,London,member,mb:5ce1e9d0-c223-4dbc-8412-77ad21173faa,Mathew Priest,MusicBrainz member relationship
Doves,Manchester,member,mb:75a0db19-d163-4981-83a9-cfb147619235,Jimi Goodwin,MusicBrainz member relationship
Doves,Manchester,member,mb:7924f0b1-8a8c-4cee-a4c9-7f63a822496a,Andy Williams,MusicBrainz member relationship
Doves,Manchester,member,mb:950a51a5-fcb9-4efa-b163-e79d5e4b85bb,Jez Williams,MusicBrainz member relationship
DragonForce,London,member,mb:749062b9-81bb-455d-ba0d-fce828bf7513,Matej,MusicBrainz member relationship
DragonForce,London,member,mb:65257ec4-1b39-4f1b-b633-2127edd48323,Steve Scott,MusicBrainz member relationship
DragonForce,London,member,mb:bb205e2f-d490-489b-bd9a-aa2c0662cd4a,Steve Williams,MusicBrainz member relationship
DragonForce,London,member,mb:39322c22-b75a-4c28-83c7-d67f2ae7eda7,Didier Almouzni,MusicBrainz member relationship
DragonForce,London,member,mb:7f97247b-54dc-4be5-900e-962c0fd08fee,Herman Li,MusicBrainz member relationship
DragonForce,London,member,mb:d38955a8-ef1a-4040-a787-c7392b7b9e4a,Sam Totman,MusicBrainz member relationship
DragonForce,London,member,mb:648de9fc-1367-4242-9a7c-f6a2b8f700bf,Diccon Harper,MusicBrainz member relationship
DragonForce,London,member,mb:9eb21700-baf3-4ef7-8e47-1397ffa5f356,ZP Theart,MusicBrainz member relationship
DragonForce,London,member,mb:9dd75d53-19ba-423c-8460-f96d9be53682,Vadim Pruzhanov,MusicBrainz member relationship
DragonForce,London,member,mb:a68d176f-b07d-49a5-9200-320a2c7324c3,Adrian Lambert,MusicBrainz member relationship
DragonForce,London,member,mb:e7946142-69ce-453b-a2fe-2bc530257f74,Dave Mackintosh,MusicBrainz member relationship
DragonForce,London,member,mb:0c661789-31c4-44fa-97fa-2ae8a059a1dd,Frédéric Leclercq,MusicBrainz member relationship
DragonForce,London,member,mb:e46cf0e7-cf31-4f3b-bfe6-1a0d181d5432,Marc Hudson,MusicBrainz member relationship
DragonForce,London,member,mb:eef62ff5-40bd-4824-a474-5c63eb8ab783,Gee Anzalone,MusicBrainz member relationship
DragonForce,London,member,mb:ccda3677-744e-462e-8b5d-af97eb0032ff,Alicia Vigil,MusicBrainz member relationship
DragonForce,London,member,mb:d6228c97-5b2e-47d1-8d99-06bf7484be54,Alissa White‐Gluz,MusicBrainz member relationship
Dry Cleaning,London,member,mb:07f165bb-2dfa-4773-9b26-b5b05cad1920,Nick Buxton,MusicBrainz member relationship
Dry Cleaning,London,member,mb:5551bf6f-b5f9-4783-abd9-5a7cfbb26e7c,Tom Dowse,MusicBrainz member relationship
Dry Cleaning,London,member,mb:c28ccb7b-7768-4575-b1e0-80376ec07741,Lewis Maynard,MusicBrainz member relationship
Dry Cleaning,London,member,mb:26c1a759-502c-45f7-a05f-1b850c625fd3,Florence Shaw,MusicBrainz member relationship
Dubstar,Newcastle,member,mb:395c22c3-de8e-488a-ada2-c66eec97883a,Steve Hillier,MusicBrainz member relationship
Dubstar,Newcastle,member,mb:e3178409-8756-4964-902f-79eddd2b1907,Chris Wilkie,MusicBrainz member relationship
Dubstar,Newcastle,member,mb:588e1531-6d5c-461f-91db-a3865929080a,Sarah Blackwood,MusicBrainz member relationship
Duran Duran,Birmingham,member,mb:a7226dc0-1cf3-4025-9c7a-11c279f52307,Andy Wickett,MusicBrainz member relationship
Duran Duran,Birmingham,member,mb:bcdcfdc7-0b3c-4f95-9224-f4a8cd71bb61,Andy Taylor,MusicBrainz member relationship
Duran Duran,Birmingham,member,mb:d96968ed-5487-43ea-8318-bfccd58b34c9,Sterling Campbell,MusicBrainz member relationship
Duran Duran,Birmingham,member,mb:a49a9a95-33fb-4d21-9139-9ced074feb58,Warren Cuccurullo,MusicBrainz member relationship
Duran Duran,Birmingham,member,mb:11433f50-a7da-4dc2-8ca8-84b5d160e20e,John Taylor,MusicBrainz member relationship
Duran Duran,Birmingham,member,mb:f2b7fc94-1e8d-4f4d-9a3f-620c1a5ac564,Roger Taylor,MusicBrainz member relationship
Duran Duran,Birmingham,member,mb:a0580131-73f3-49c8-aac5-2c478f64a363,Stephen Duffy,MusicBrainz member relationship
Duran Duran,Birmingham,member,mb:c53f2749-4c19-48fa-b99b-5f4c11297b2c,Simon Le Bon,MusicBrainz member relationship
Duran Duran,Birmingham,member,mb:72935855-cfc9-4e02-a6cc-249fc9d09044,Nick Rhodes,MusicBrainz member relationship
East 17,London,member,mb:a463ae02-88b6-43c6-8e54-c9fd471f3e6f,Brian Harvey,MusicBrainz member relationship
East 17,London,member,mb:cfa9db14-a4ce-400b-a627-9b2ca2d5c9c4,John Hendy,MusicBrainz member relationship
East 17,London,member,mb:2c0560c1-c891-44b8-9978-e5499e18dd1f,Tony Mortimer,MusicBrainz member relationship
East 17,London,member,mb:8fae894d-569b-44a1-bb46-b841e5ebecf3,Terry Coldwell,MusicBrainz member relationship
East 17,London,member,mb:70844e41-98d0-44bf-bc4e-c73115be4a4a,Blair Dreelan,MusicBrainz member relationship
East 17,London,member,mb:799d3b2b-cfa9-4c85-bd09-da3c400b1596,Robbie Craig,MusicBrainz member relationship
Echo & the Bunnymen,Liverpool,member,mb:6c755df9-7960-4e8b-a269-062a5c2a7c97,Jake Brockman,MusicBrainz member relationship
Echo & the Bunnymen,Liverpool,member,mb:9a0fe101-f7a4-47fc-a3a2-1606588cec6c,Pete de Freitas,MusicBrainz member relationship
Echo & the Bunnymen,Liverpool,member,mb:5d280c24-cb28-4d97-9511-ca05a2236fb7,Gordon Goudie,MusicBrainz member relationship
Echo & the Bunnymen,Liverpool,member,mb:4071e367-ccf8-484e-a269-bc80ba61e4ce,Ian McCulloch,MusicBrainz member relationship
Echo & the Bunnymen,Liverpool,member,mb:39352b9b-e3f0-46f4-8c69-ef17d541e603,Les Pattinson,MusicBrainz member relationship
Echo & the Bunnymen,Liverpool,member,mb:5fab583d-7b67-4b1b-a108-8397c983032e,Will Sergeant,MusicBrainz member relationship
Echo & the Bunnymen,Liverpool,member,mb:ebd7e97d-ea86-42d8-98ee-9d7f243f9030,Damon Reece,MusicBrainz member relationship
Echo & the Bunnymen,Liverpool,member,mb:106bfcea-85d2-4381-b70a-1f3ff3f21079,Peter Wilkinson,MusicBrainz member relationship
Edgar Broughton Band,Coventry,member,mb:be8a5b15-4f40-4468-ac7e-934084bdae0d,John Thomas,MusicBrainz member relationship
Edgar Broughton Band,Coventry,member,mb:24e97d3d-32ba-4835-96be-e5c1cc7fa907,John Wesley Barker,MusicBrainz member relationship
Edgar Broughton Band,Coventry,member,mb:a991f609-3e91-4394-9256-e0d3b8271eac,Edgar Broughton,MusicBrainz member relationship
Edgar Broughton Band,Coventry,member,mb:c42b928e-7a2d-4562-b040-8f5f4284fb0d,Steve Broughton,MusicBrainz member relationship
Edgar Broughton Band,Coventry,member,mb:b324c502-64b5-4d35-842c-bd61d638086e,Terry Cottam,MusicBrainz member relationship
Edgar Broughton Band,Coventry,member,mb:7a2599dc-c934-4ce0-81d3-0e6ba1b14c46,Arthur Grant,MusicBrainz member relationship
Edgar Broughton Band,Coventry,member,mb:4c5c4dba-16ef-433e-a52d-e4607ea060ec,Kris Gray,MusicBrainz member relationship
Edgar Broughton Band,Coventry,member,mb:ab0220ee-0168-432b-ad20-713f5ef4b89d,Ian Hammond,MusicBrainz member relationship
Edgar Broughton Band,Coventry,member,mb:75d22a1c-1acd-498e-9641-fb168b8f5f98,Tom Nordon,MusicBrainz member relationship
Edgar Broughton Band,Coventry,member,mb:c69a9fe1-c0e4-4dc1-a344-a3019b07224f,Andrew Lewis Taylor,MusicBrainz member relationship
Edgar Broughton Band,Coventry,member,mb:3c92d34e-e8d9-472a-8f60-9ac1c11162f3,Victor Unitt,MusicBrainz member relationship
Edgar Broughton Band,Coventry,member,mb:e533f89d-48d5-4ff4-97e6-32f63bead278,Luke Broughton,MusicBrainz member relationship
Edison Lighthouse,London,member,mb:b52698a2-bb12-40c3-9245-2db699f15833,Ray Dorey,MusicBrainz member relationship
Edison Lighthouse,London,member,mb:ff11ad63-1285-49d1-9d4d-da9db4b56dc0,Stuart Edwards,MusicBrainz member relationship
Edison Lighthouse,London,member,mb:e3b36903-1378-4875-800d-29692cbad157,Dave Taylor,MusicBrainz member relationship
Edison Lighthouse,London,member,mb:2a193a05-d0fe-46d3-bb51-e205346d0d4f,Alan Warner,MusicBrainz member relationship
Edison Lighthouse,London,member,mb:d21f3131-7626-48c1-b4b7-f41b85b26b89,George Weyman,MusicBrainz member relationship
Edison Lighthouse,London,member,mb:090d91b6-0a63-4db0-8e3c-6b3d5e8abab2,Tony Burrows,MusicBrainz member relationship
Elbow,Manchester,member,mb:a3c1211b-9422-43be-a75c-5b6778e7c0b6,Band Aid 30,MusicBrainz member relationship
Elbow,Manchester,member,mb:5bcdd1e3-9339-4915-bbbd-765bc1a4839b,Guy Garvey,MusicBrainz member relationship
Elbow,Manchester,member,mb:a4d84582-4db3-46f3-99d9-b046907704b7,Richard Jupp,MusicBrainz member relationship
Elbow,Manchester,member,mb:4d6672e5-3a5d-43cc-b64a-08cfee8a1017,Craig Potter,MusicBrainz member relationship
Elbow,Manchester,member,mb:4418190d-99db-493a-83a4-6fc9cb23eb5c,Mark Potter,MusicBrainz member relationship
Elbow,Manchester,member,mb:74c533ed-44f8-47c1-8f29-7eefa1efe221,Pete Turner,MusicBrainz member relationship
Electrelane,Brighton and Hove,member,mb:defedb56-8ac0-4224-9280-65edb8cbbfbd,Ros Murray,MusicBrainz member relationship
Electrelane,Brighton and Hove,member,mb:2eb9566d-0e5a-42b8-87e3-8b909c12c1de,Mia Clarke,MusicBrainz member relationship
Electrelane,Brighton and Hove,member,mb:038fb293-cfb0-4a04-bb4e-11107739c572,Emma Gaze,MusicBrainz member relationship
Electrelane,Brighton and Hove,member,mb:8ef981f6-3cca-49d8-95fc-393147ecbc66,Verity Susman,MusicBrainz member relationship
Electrelane,Brighton and Hove,member,mb:205741cd-2e6c-4b56-aa99-b100fd2737d7,Rachel Dalley,MusicBrainz member relationship
Electronic,Manchester,member,mb:ff621094-2a76-401f-8398-b75b5fd2be24,Johnny Marr,MusicBrainz member relationship
Electronic,Manchester,member,mb:6fa2e161-200e-475a-8492-3755594581f9,Bernard Sumner,MusicBrainz member relationship
Embrace,Leeds,member,mb:30b969e6-a621-476d-b3f3-6a9a3da6e9d7,Mickey Dale,MusicBrainz member relationship
Embrace,Leeds,member,mb:6ee30be9-289a-43f6-8a7c-1bbf767ace03,Steve Firth,MusicBrainz member relationship
Embrace,Leeds,member,mb:d754e4c5-0ca1-4f0a-8cde-3001243d5e30,Mike Heaton,MusicBrainz member relationship
Embrace,Leeds,member,mb:69207c2e-d2f9-4dc4-953c-60d665982fbd,Danny McNamara,MusicBrainz member relationship
Embrace,Leeds,member,mb:67c180f2-516e-4024-bf27-ad60c58a4788,Richard McNamara,MusicBrainz member relationship
Empathy Test,London,member,mb:b2c69aa5-d9af-482d-8623-e0b380145060,Isaac Howlett,MusicBrainz member relationship
Empathy Test,London,member,mb:93f1b3e7-f44b-4690-993f-b561aa0591ae,Adam Relf,MusicBrainz member relationship
Empathy Test,London,member,mb:6709af49-fee9-4629-b5fc-3658832e2757,Lóbo,MusicBrainz member relationship
Empathy Test,London,member,mb:358c27f8-0912-46fd-be55-f409dd295272,Christina Lopez,MusicBrainz member relationship
Empathy Test,London,member,mb:76f33e1b-8529-46cb-8ebb-31c15cff7efc,Samuel Winter-Quick,MusicBrainz member relationship
Empathy Test,London,member,mb:3744074a-d968-4735-bc10-4100073a7d88,Oliver Marson,MusicBrainz member relationship
Enter Shikari,London,member,mb:6e2e4417-589e-4099-a6b6-1226c05ffbba,Chris Batten,MusicBrainz member relationship
Enter Shikari,London,member,mb:517b1430-0b83-4130-ab66-e82c2ef81f43,Rou Reynolds,MusicBrainz member relationship
Enter Shikari,London,member,mb:30dbdbed-d60b-481a-aad2-cf5bc5c44f97,Rob Rolfe,MusicBrainz member relationship
Enter Shikari,London,member,mb:cf1b5fec-04ba-4fb4-b44e-063336cd1bfc,Rory Clewlow,MusicBrainz member relationship
Eternal,London,member,mb:61fb53dd-80e0-437a-88c0-72dd3bc52567,Louise,MusicBrainz member relationship
Eternal,London,member,mb:7d26fc7f-6753-42b1-9a3e-48be61748852,Kéllé Bryan,MusicBrainz member relationship
Eternal,London,member,mb:763ddf08-e61f-4d0b-b92a-bd003d9458a2,Easther Bennett,MusicBrainz member relationship
Eternal,London,member,mb:2118b7f6-6c08-4b7e-8ac6-9e221036fe45,Vernie Bennett,MusicBrainz member relationship
Eurythmics,Sunderland,member,mb:3e30aebd-0557-4cfd-8fb9-3945afa5d72b,Annie Lennox,MusicBrainz member relationship
Eurythmics,Sunderland,member,mb:159f268d-7025-4469-b612-57d89f298b39,Roger Pomphrey,MusicBrainz member relationship
Eurythmics,Sunderland,member,mb:f5b5b8ca-73a5-44ff-9d51-05477fb01896,Olle Romo,MusicBrainz member relationship
Eurythmics,Sunderland,member,mb:183da50a-b033-408e-862b-cab1c2425cff,Dave Stewart,MusicBrainz member relationship
Eurythmics,Sunderland,member,mb:c1d48517-3d3d-47e3-8813-43fdf1f3c997,Sarah Fisher,MusicBrainz member relationship
Everything But The Girl,Hull,member,mb:6dbd7f8b-20ac-4287-8dd3-b4cae5c5f82f,Tracey Thorn,MusicBrainz member relationship
Everything But The Girl,Hull,member,mb:9030ae90-4db2-4a9c-aa08-01cf17a86b58,Ben Watt,MusicBrainz member relationship
Everything Everything,Manchester,member,mb:0e74a4c3-badd-4837-8e9e-4da4fc46e762,Alex Niven,MusicBrainz member relationship
Everything Everything,Manchester,member,mb:23454c73-83a7-4a17-a24b-a7a3fc74ad86,Alex Robertshaw,MusicBrainz member relationship
Everything Everything,Manchester,member,mb:33b337c3-a844-404c-8f4b-b88133bf6d24,Jonathan Higgs,MusicBrainz member relationship
Everything Everything,Manchester,member,mb:ac25f3b3-bb36-4835-b31d-1340424dbd17,Jeremy Pritchard,MusicBrainz member relationship
Everything Everything,Manchester,member,mb:de51308f-b6b1-4109-8551-3a1e8fdaa6fb,Michael Spearman,MusicBrainz member relationship
Evile,Leeds,member,mb:0a8901b4-aadb-49a4-bc74-06dbb3912775,Mike Alexander,MusicBrainz member relationship
Evile,Leeds,member,mb:7c793ad3-b873-4a4a-a96b-a34d7edb66d0,Ol Drake,MusicBrainz member relationship
Evile,Leeds,member,mb:368aebdf-dc23-450a-98a5-4e023926020f,Adam Smith,MusicBrainz member relationship
FM,London,member,mb:1389170b-9117-4e5f-9007-cedd909c5cd3,Chris Overland,MusicBrainz member relationship
FM,London,member,mb:c26d0b16-f13a-485c-9712-d7e89bb97f6c,Didge Digital,MusicBrainz member relationship
FM,London,member,mb:dec9bff6-c96e-4727-a486-9e825d63bb9c,Merv Goldsworthy,MusicBrainz member relationship
FM,London,member,mb:5e33ddb0-3c36-413a-a7dd-69b6d91ba9e2,Pete Jupp,MusicBrainz member relationship
FM,London,member,mb:dc40fa23-70bc-44a8-8254-7e43e53d8019,Steve Overland,MusicBrainz member relationship
FM,London,member,mb:434e02e2-7ae2-40a0-826c-a85912743aad,Andy Barnett,MusicBrainz member relationship
FM,London,member,mb:9774bd74-7777-42fb-9f07-2f2e1fc2523c,Tony Mittman,MusicBrainz member relationship
FM,London,member,mb:932f44a4-b86b-4faf-8428-ae13d54f0aae,Jem Davis,MusicBrainz member relationship
FM,London,member,mb:86c786f8-d399-42e0-b256-c4af36d31710,Jim Kirkpatrick,MusicBrainz member relationship
Fairport Convention,London,member,mb:fee8c95b-e3f7-4949-8b36-5705e874cbd6,Judy Dyble,MusicBrainz member relationship
Fairport Convention,London,member,mb:d88f0a73-5fdf-486c-b9c5-5c5be627371f,Martin Lamble,MusicBrainz member relationship
Fairport Convention,London,member,mb:17c3cfb3-0f55-4734-b9c8-1ee5683cca19,Iain Matthews,MusicBrainz member relationship
Fairport Convention,London,member,mb:41b79e6f-9621-45c9-836c-9f08bedba4eb,Ashley Hutchings,MusicBrainz member relationship
Fairport Convention,London,member,mb:8c775df2-15b5-449d-b669-2754229129af,Simon Nicol,MusicBrainz member relationship
Fairport Convention,London,member,mb:ecfeacaf-0399-470f-8207-d1c646569fd0,Richard Thompson,MusicBrainz member relationship
Fairport Convention,London,member,mb:08d86aab-8e58-4d9f-90e4-cfc3d2f0b867,Sandy Denny,MusicBrainz member relationship
Fairport Convention,London,member,mb:88eedc67-59e4-4054-ba12-823542088a9e,Dave Mattacks,MusicBrainz member relationship
Fairport Convention,London,member,mb:db2776d1-a0f7-43c0-b332-a717859673b5,Dave Swarbrick,MusicBrainz member relationship
Fairport Convention,London,member,mb:58a6aa14-9c27-42d1-8667-859892cb3a29,Dave Pegg,MusicBrainz member relationship
Fairport Convention,London,member,mb:0d2e4d0b-ca38-4bc2-940b-7dd7c2726feb,Tom Farnell,MusicBrainz member relationship
Fairport Convention,London,member,mb:fc1ef2d0-2f41-4ab3-b341-b9b351e90bd0,Roger Hill,MusicBrainz member relationship
Fairport Convention,London,member,mb:5c6e3420-b6ec-49f3-8971-dc2a2b302a5d,David Rea,MusicBrainz member relationship
Fairport Convention,London,member,mb:9bf5a1ff-bb1c-409f-a938-ebc4f19c5fd2,Paul Warren,MusicBrainz member relationship
Fairport Convention,London,member,mb:f4935252-8d4d-4af8-ae96-4b95df8c601e,Jerry Donahue,MusicBrainz member relationship
Fairport Convention,London,member,mb:6cdf7f59-3b70-4df4-8076-8ff46bfba2b3,Trevor Lucas,MusicBrainz member relationship
Fairport Convention,London,member,mb:02c42f93-769d-47b3-95b4-bebe235eecb4,Bruce Rowland,MusicBrainz member relationship
Fairport Convention,London,member,mb:e8cf2e66-2952-4006-a1ce-538a28062c70,Dan Ar Braz,MusicBrainz member relationship
Fairport Convention,London,member,mb:c1052b00-0afd-4f75-a564-decf530a36fa,Bob Brady,MusicBrainz member relationship
Fairport Convention,London,member,mb:a2a97f3a-e293-44af-bfd6-537810174f99,Roger Burridge,MusicBrainz member relationship
Fairport Convention,London,member,mb:035b180f-0a7c-4454-b862-8d68bd2178c5,Maartin Allcock,MusicBrainz member relationship
Fairport Convention,London,member,mb:bf8176d7-48e8-4cc0-adde-ccc0a4cac757,Ric Sanders,MusicBrainz member relationship
Fairport Convention,London,member,mb:e9d6c577-1b45-4163-a5a1-0a78dc52ee12,Chris Leslie,MusicBrainz member relationship
Fairport Convention,London,member,mb:cf0fe6db-86a8-48c9-89c1-b8dd26f712f0,Gerry Conway,MusicBrainz member relationship
Faithless,London,member,mb:debd408d-72b3-4c14-a0eb-dd4fe526e240,Maxi Jazz,MusicBrainz member relationship
Faithless,London,member,mb:5509e5eb-67a4-49e9-992a-07d895500deb,Zoë Johnston,MusicBrainz member relationship
Faithless,London,member,mb:dba03629-7ad5-4d6f-92af-d3e3e3d1faca,LSK,MusicBrainz member relationship
Faithless,London,member,mb:f751b364-0690-4942-8e7b-3e5050f9eacd,Jamie Catto,MusicBrainz member relationship
Faithless,London,member,mb:5fe6277c-839b-41ef-975f-6144e7cdc24f,Aubrey Nunn,MusicBrainz member relationship
Faithless,London,member,mb:799afce3-2056-4e51-8c15-c17b4239d00d,Dave Randall,MusicBrainz member relationship
Faithless,London,member,mb:5bdb71fc-d841-4fa7-a83a-e1af16739b98,Rollo,MusicBrainz member relationship
Faithless,London,member,mb:68480d3a-4929-4098-b26a-84b7d88a33fe,Sister Bliss,MusicBrainz member relationship
Faithless,London,member,mb:324a7cf4-b1d8-4868-9fc6-45de8dc50e09,Sudha,MusicBrainz member relationship
Fanfarlo,London,member,mb:5ec6c80e-1bbe-424c-bba3-2923c01ed0cb,Justin Finch,MusicBrainz member relationship
Fanfarlo,London,member,mb:c773bebb-c766-47c4-b247-5200a1135066,Cathy Lucas,MusicBrainz member relationship
Fanfarlo,London,member,mb:a671672e-fe7e-45cf-a62c-df6a8754aa5d,Mark West,MusicBrainz member relationship
Fanfarlo,London,member,mb:dd5c9b2f-c943-46a9-a3a8-a74b6b53fbff,Amos Memon,MusicBrainz member relationship
Fat White Family,London,member,mb:60ea82e4-5a98-451c-8660-7540b54f704d,Dan Lyons,MusicBrainz member relationship
Fat White Family,London,member,mb:5afb8a7f-b88d-4bed-a3b2-9b5bafea9e3f,Lias Saoudi,MusicBrainz member relationship
Fat White Family,London,member,mb:5a596320-6a7b-4e6d-8755-91493672d785,Nathan Saoudi,MusicBrainz member relationship
Fat White Family,London,member,mb:06216ddf-167f-439c-8fb9-77861e25dfc0,Alex White,MusicBrainz member relationship
Feeder,Newport,member,mb:81b24fa1-f134-4ece-8c78-d05c34cbe496,Mark Bullock,MusicBrainz member relationship
Feeder,Newport,member,mb:248c3b55-681e-4aa7-87cf-e7d210f22d70,Mark Richardson,MusicBrainz member relationship
Feeder,Newport,member,mb:513faf1f-22b1-462b-80d6-fc5f17b79080,Jon Lee,MusicBrainz member relationship
Feeder,Newport,member,mb:edee2b0f-f0cd-4aed-97f9-2d9547b08223,Karl Brazil,MusicBrainz member relationship
Feeder,Newport,member,mb:d6cf872e-3435-483e-b32a-761f54f3ca7a,Taka Hirose,MusicBrainz member relationship
Feeder,Newport,member,mb:e10992bf-959c-44ee-8772-db30bdbf917d,Grant Nicholas,MusicBrainz member relationship
Felt,Birmingham,member,mb:3a710794-a462-4c31-8e93-40ec7ee47dc0,Nick Gilbert,MusicBrainz member relationship
Felt,Birmingham,member,mb:1201e15c-3d8a-48a5-9e3c-d4275b7ed1fc,Maurice Deebank,MusicBrainz member relationship
Felt,Birmingham,member,mb:326a8cec-a352-4812-8fe8-f26efa713f56,Gary Ainge,MusicBrainz member relationship
Felt,Birmingham,member,mb:9705f0f4-dc93-4d58-895b-597237ffe510,Mick Lloyd,MusicBrainz member relationship
Felt,Birmingham,member,mb:00d21293-62c1-4c43-a394-b8fd9fa49853,Martin Duffy,MusicBrainz member relationship
Felt,Birmingham,member,mb:e1a0bbf2-ab13-4edf-8a56-c7ca76338375,Lawrence,MusicBrainz member relationship
Felt,Birmingham,member,mb:e1753ce8-8aac-4d87-864d-6f9ec70bde58,Marco Thomas,MusicBrainz member relationship
Fickle Friends,Brighton and Hove,member,mb:c7dbf8a7-0264-462d-8c64-c2b9e41a06f8,Chris Hall,MusicBrainz member relationship
Fickle Friends,Brighton and Hove,member,mb:6f3a9834-98ae-4d8f-b64d-2d2e3e0c59b2,Sam Morris,MusicBrainz member relationship
Fickle Friends,Brighton and Hove,member,mb:a0fe3acc-7c83-4040-aa5d-da1f8e96c193,Natassja Shiner,MusicBrainz member relationship
Fields Of The Nephilim,Stevenage,member,mb:baa65e26-1503-453f-bfc0-3fe30e939b95,Gary Whisker,MusicBrainz member relationship
Fields Of The Nephilim,Stevenage,member,mb:ea87d0ee-dba4-4ab5-92ae-f2e286179a12,Carl McCoy,MusicBrainz member relationship
Fields Of The Nephilim,Stevenage,member,mb:1b241e8a-a74a-4c9c-aca4-f677f47cf10e,Tony Pettitt,MusicBrainz member relationship
Fields Of The Nephilim,Stevenage,member,mb:e9b53f76-7326-4a32-a5db-516861c10c70,Nod Wright,MusicBrainz member relationship
Fields Of The Nephilim,Stevenage,member,mb:5c4d301a-f941-40e5-865c-23bae9e8efec,Paul Wright,MusicBrainz member relationship
Fields Of The Nephilim,Stevenage,member,mb:e1fddd83-3c83-432f-a01a-d5eb92b7ce3e,Peter Yates,MusicBrainz member relationship
Fields Of The Nephilim,Stevenage,member,mb:73d24b61-9bb3-417a-bc23-0de16c2ae37c,Tom Edwards,MusicBrainz member relationship
Fightstar,London,member,mb:660604f7-af08-402f-a337-e45bac5fd657,Omar Abidi,MusicBrainz member relationship
Fightstar,London,member,mb:088e1c09-5b57-4631-a812-ab0bb78666ce,Dan Haigh,MusicBrainz member relationship
Fightstar,London,member,mb:db68f3a4-fc5c-45a9-b87c-fec96163880b,Charlie Simpson,MusicBrainz member relationship
Fightstar,London,member,mb:63eabca1-6ce1-483d-9048-46440e659396,Alex Westaway,MusicBrainz member relationship
Fine Young Cannibals,Birmingham,member,mb:85990bba-e011-4f52-bed1-d279761edd35,Andy Cox,MusicBrainz member relationship
Fine Young Cannibals,Birmingham,member,mb:8c110d0c-17a5-4192-83eb-e6e9ad446765,Roland Gift,MusicBrainz member relationship
Fine Young Cannibals,Birmingham,member,mb:3d6e9a6f-b94a-4243-adb4-450fdd1d5f38,David Steele,MusicBrainz member relationship
Five,London,member,mb:7d3727c1-9219-4047-b4f4-aa903bef2a7c,Richard Breen,MusicBrainz member relationship
Five,London,member,mb:ea0faf41-7d2c-4fc4-accf-8c3e6c155b33,Jason Paul Brown,MusicBrainz member relationship
Five,London,member,mb:f8c93e42-4db4-405a-b7bf-a37b19053d68,Richard Neville,MusicBrainz member relationship
Five,London,member,mb:33bea262-8b10-4932-9571-5f855b4a0591,Scott Robinson,MusicBrainz member relationship
Five,London,member,mb:5f787169-80fc-4501-9670-ec523a385c4d,Sean Conlon,MusicBrainz member relationship
Five Star,London,member,mb:3bfc59dd-a4b0-4f7c-9713-242c921bb6bd,Delroy Pearson,MusicBrainz member relationship
Five Star,London,member,mb:3cfd3c68-0d81-4bc1-b534-c9a734e98a05,Denise Pearson,MusicBrainz member relationship
Five Star,London,member,mb:29a46853-6572-4ceb-8ea8-d7408937331e,Doris Pearson,MusicBrainz member relationship
Five Star,London,member,mb:19fd04ce-3c25-4905-b7e6-54a26eb17a7e,Lorraine Pearson,MusicBrainz member relationship
Five Star,London,member,mb:73c774fb-8ee1-4c40-bb49-625bf0fae062,Stedman Pearson,MusicBrainz member relationship
Fleetwood Mac,London,member,mb:ec166c16-75f7-4312-8308-135c4b6b9e5a,Bob Brunning,MusicBrainz member relationship
Fleetwood Mac,London,member,mb:9a6adb63-10a9-417a-8cd9-3b0fcf5475c5,Peter Green,MusicBrainz member relationship
Fleetwood Mac,London,member,mb:6e82e5d9-c7ae-4de1-8691-be6e870b294c,Jeremy Spencer,MusicBrainz member relationship
Fleetwood Mac,London,member,mb:5191f332-8c44-4775-a070-d517cf7e5ecb,Mick Fleetwood,MusicBrainz member relationship
Fleetwood Mac,London,member,mb:c78f0746-ea5d-44c0-92ee-f32745951345,John McVie,MusicBrainz member relationship
Fleetwood Mac,London,member,mb:2dd16885-93df-4893-85ad-18dca165be6b,Danny Kirwan,MusicBrainz member relationship
Fleetwood Mac,London,member,mb:21551f7d-93f2-4cb7-ba71-7f260058e923,Christine McVie,MusicBrainz member relationship
Fleetwood Mac,London,member,mb:c7c6fc3e-4e50-4c43-b0c4-f18a66a1b3c0,Bob Welch,MusicBrainz member relationship
Fleetwood Mac,London,member,mb:ed02d3d7-5cf5-4c78-a35e-cda9e7b91581,Dave Walker,MusicBrainz member relationship
Fleetwood Mac,London,member,mb:24a89258-b86d-47be-9309-a066ee84a419,Bob Weston,MusicBrainz member relationship
Fleetwood Mac,London,member,mb:5d12875c-a197-43b2-8f29-41dc0ad895c3,Lindsey Buckingham,MusicBrainz member relationship
Fleetwood Mac,London,member,mb:b7f2cca2-72c6-41fb-ae33-53370fc62fe7,Stevie Nicks,MusicBrainz member relationship
Fleetwood Mac,London,member,mb:b17dafcb-d0cf-49b2-9fc8-42ed33bba355,Rick Vito,MusicBrainz member relationship
Fleetwood Mac,London,member,mb:45d9abda-e6db-4c4c-9f39-a3c8e48957ef,Billy Burnette,MusicBrainz member relationship
Fleetwood Mac,London,member,mb:fa41ce1d-f3ef-4bda-ad5a-a3c60eb60633,Bekka Bramlett,MusicBrainz member relationship
Fleetwood Mac,London,member,mb:d70c2ae1-911a-4bea-8ef4-63564a150ff2,Dave Mason,MusicBrainz member relationship
Fleetwood Mac,London,member,mb:8e4dde79-0025-4d06-bb41-39e660a1bca7,Taku Hirano,MusicBrainz member relationship
Fleetwood Mac,London,member,mb:37ed89f2-c1e4-4836-8f68-190014a48034,Mike Campbell,MusicBrainz member relationship
Fleetwood Mac,London,member,mb:3b7c93ab-40a5-4745-ab6b-eaafed2308bb,Neil Finn,MusicBrainz member relationship
Flesh For Lulu,London,member,mb:d0c85c3c-4cda-4a9c-8f32-45ebdda4b29d,James Mitchell,MusicBrainz member relationship
Flesh For Lulu,London,member,mb:6bae12ee-6fc5-402f-871a-fc34c1e1063a,Rocco Barker,MusicBrainz member relationship
Flesh For Lulu,London,member,mb:dcce0b0a-97aa-456e-b01c-bcc028e65a0b,Derek Greening,MusicBrainz member relationship
Flesh For Lulu,London,member,mb:5db2a57b-6ac6-4767-94c9-93b00d55df85,Nick Marsh,MusicBrainz member relationship
Flesh For Lulu,London,member,mb:668e644d-440b-4a47-b247-35efb2087260,Kev Mills,MusicBrainz member relationship
Floetry,Liverpool,member,mb:24285231-f192-42f1-baea-0f467dd1d8aa,Marsha Ambrosius,MusicBrainz member relationship
Floetry,Liverpool,member,mb:188b8e84-21c6-4f08-998c-4fe9b340c1b9,The Floacist,MusicBrainz member relationship
Florence + The Machine,London,member,mb:da93733b-4c70-4661-99d2-a8136c677398,Tom Moth,MusicBrainz member relationship
Florence + The Machine,London,member,mb:62b2beae-9f46-48a9-9147-01ac8fa7094f,Christopher Lloyd Hayden,MusicBrainz member relationship
Florence + The Machine,London,member,mb:fcf5bd69-90df-4fcd-bef7-44acdbdc5499,Robert Ackroyd,MusicBrainz member relationship
Florence + The Machine,London,member,mb:49266626-4297-41a5-80e0-251df9a2cfe4,Rusty Bradshaw,MusicBrainz member relationship
Florence + The Machine,London,member,mb:27b7dcd5-f281-419e-96ab-38495a5efd1b,Mark Saunders,MusicBrainz member relationship
Florence + The Machine,London,member,mb:bfee5228-9657-4dea-898c-e46fe87e40ae,Isabella Summers,MusicBrainz member relationship
Florence + The Machine,London,member,mb:88798869-338b-418e-9c47-97365444b734,Florence Welch,MusicBrainz member relationship
Foals,Oxford,member,mb:da0cf03f-de82-4a69-b693-228ac5163709,Andrew Mears,MusicBrainz member relationship
Foals,Oxford,member,mb:25309937-2515-4089-af40-b37ce81c7700,Edwin Congreave,MusicBrainz member relationship
Foals,Oxford,member,mb:fe796d3b-b401-439e-996a-f2474fc910be,Jack Freeman,MusicBrainz member relationship
Foals,Oxford,member,mb:94502c8e-5025-4f35-a071-f64c2a4bfc0c,Walter Gervers,MusicBrainz member relationship
Foals,Oxford,member,mb:b97e4e3e-8aae-470e-ad81-1f156f2e5fb9,Jack Bevan,MusicBrainz member relationship
Foals,Oxford,member,mb:15f442f6-5a5a-4269-9512-da0b270d9650,Yannis Philippakis,MusicBrainz member relationship
Foals,Oxford,member,mb:814dabc5-de62-4ac2-bd0d-c60ffa08daaa,Jimmy Smith,MusicBrainz member relationship
Foreign Beggars,London,member,mb:efcfa835-7a37-4409-b83b-1eb60df654a1,Metropolis,MusicBrainz member relationship
Foreign Beggars,London,member,mb:3a6c4560-507a-44ab-bf7c-d9d1d306c324,Dag Nabbit,MusicBrainz member relationship
Foreign Beggars,London,member,mb:7016e6d4-50ab-43d9-915e-7e48e9953091,DJ Nonames,MusicBrainz member relationship
Foreign Beggars,London,member,mb:743c0fe1-ea3c-420f-b986-fe369e2b4b00,Vulgatron,MusicBrainz member relationship
Foreign Beggars,London,member,mb:d05ad516-f7d9-4d6f-9f71-e09f7dec2f10,SK Shlomo,MusicBrainz member relationship
Frankie Goes To Hollywood,Liverpool,member,mb:5512d8a9-02df-487f-9b82-3f25c65c1482,Ryan Molloy,MusicBrainz member relationship
Frankie Goes To Hollywood,Liverpool,member,mb:f26a58ea-c9c9-4bcd-8bc7-1f5f8014b9eb,Peter Gill,MusicBrainz member relationship
Frankie Goes To Hollywood,Liverpool,member,mb:a2ead4a9-26ed-4ca3-bee2-6e08c829c3a3,Holly Johnson,MusicBrainz member relationship
Frankie Goes To Hollywood,Liverpool,member,mb:3c854765-f35b-432b-9802-6b3e461729a5,Brian Nash,MusicBrainz member relationship
Frankie Goes To Hollywood,Liverpool,member,mb:51e13a91-e93a-4393-b3db-3c617d6e22b2,Mark O’Toole,MusicBrainz member relationship
Frankie Goes To Hollywood,Liverpool,member,mb:dde53106-31e8-4814-96ca-663e41fb9bfe,Paul Rutherford,MusicBrainz member relationship
Franz Ferdinand,Glasgow,member,mb:deaf2729-cc2b-4a84-8acb-0cea2e5fee49,Nick McCarthy,MusicBrainz member relationship
Franz Ferdinand,Glasgow,member,mb:6797e740-b6a5-4019-9369-dd49e1381ff6,Bob Hardy,MusicBrainz member relationship
Franz Ferdinand,Glasgow,member,mb:262b08bd-539c-43b4-9dbf-1d85d25e79b8,Alex Kapranos,MusicBrainz member relationship
Franz Ferdinand,Glasgow,member,mb:005bff5c-7424-4577-b2f7-2de4aeaed8fd,Andy Knowles,MusicBrainz member relationship
Franz Ferdinand,Glasgow,member,mb:91ce8154-2ac7-4c2e-89c6-a8fc855c5747,Dino Bardot,MusicBrainz member relationship
Franz Ferdinand,Glasgow,member,mb:439b101d-e3a2-45fc-a5cd-585c2dd45ae8,Miaoux Miaoux,MusicBrainz member relationship
Franz Ferdinand,Glasgow,member,mb:9dcdac4b-e3ae-4d1f-af5c-bd4c38d7e158,Audrey Tait,MusicBrainz member relationship
Franz Ferdinand,Glasgow,member,mb:72ee22fc-938b-45f8-8e9f-8870d7639805,Paul Thomson,MusicBrainz member relationship
Free,London,member,mb:80d52dce-c242-4367-8ccb-0d3abb7b956c,Andy Fraser,MusicBrainz member relationship
Free,London,member,mb:f52d6e9a-7c75-4e42-8848-8b12658e5994,Simon Kirke,MusicBrainz member relationship
Free,London,member,mb:9d69fcb9-b891-47b3-933b-342fd27bf4c3,Paul Kossoff,MusicBrainz member relationship
Free,London,member,mb:723f72bc-b000-42cb-a20d-9f43fee17456,Paul Rodgers,MusicBrainz member relationship
Free,London,member,mb:f3329a19-7c51-48df-9e38-8dec999db949,John “Rabbit” Bundrick,MusicBrainz member relationship
Free,London,member,mb:ba79a959-743f-4173-8e70-5e9127b1e778,山内テツ,MusicBrainz member relationship
Free,London,member,mb:49085d1b-4234-4f7c-ab62-53e29b98eab2,Paul Rodgers and Company,MusicBrainz member relationship
Freemasons,Brighton and Hove,member,mb:6399d01d-afa4-4462-9570-9e5fc254c324,Russell Small,MusicBrainz member relationship
Freemasons,Brighton and Hove,member,mb:7dbf6699-cce7-412e-aac0-5869c0e160b3,James Wiltshire,MusicBrainz member relationship
Friendly Fires,London,member,mb:c89549eb-2dbf-447b-91dd-010164cf375b,Edward Gibson,MusicBrainz member relationship
Friendly Fires,London,member,mb:d12be11b-265b-4786-96ed-87af455efaa5,Ed MacFarlane,MusicBrainz member relationship
Friendly Fires,London,member,mb:27f8ff96-a5c5-4fbc-bdaf-3e9036e74631,Jack Savidge,MusicBrainz member relationship
Frou Frou,London,member,mb:328d146c-79f1-4eb6-9e40-8ee5710c14e5,Imogen Heap,MusicBrainz member relationship
Frou Frou,London,member,mb:79d1e9ca-d396-44ac-8a4a-ff5dbe9e44f9,Guy Sigsworth,MusicBrainz member relationship
Gallows,London,member,mb:554f6587-d2d6-4486-9c91-eb7e4f19adae,Frank Carter,MusicBrainz member relationship
Gallows,London,member,mb:b9a0581d-4908-479b-8f0c-1fe0edde59fd,Laurent Barnard,MusicBrainz member relationship
Gallows,London,member,mb:175bd542-00fc-4315-8a16-50587d30c1cf,Lee Barratt,MusicBrainz member relationship
Gallows,London,member,mb:cce93c4f-965c-40d8-ab37-bc283f3336f3,Steph Carter,MusicBrainz member relationship
Gallows,London,member,mb:77042d83-05ec-453b-9be5-7c7c8dc3d409,Stuart Gili-Ross,MusicBrainz member relationship
Gallows,London,member,mb:19b1e1f2-8b40-457e-bdbe-51c201348dbf,Wade MacNeil,MusicBrainz member relationship
Gang Of Four,Leeds,member,mb:829dc2aa-99d2-44ad-ad1e-76533b14d512,Dave Allen,MusicBrainz member relationship
Gang Of Four,Leeds,member,mb:9c965e30-7658-4658-b5f2-08fff1874bd2,Hugo Burnham,MusicBrainz member relationship
Gang Of Four,Leeds,member,mb:eb3f978d-272a-460d-bc3e-a1a82ecb8147,Andy Gill,MusicBrainz member relationship
Gang Of Four,Leeds,member,mb:e2472ddb-f53f-4853-b839-2ed07e2d4064,Jon King,MusicBrainz member relationship
Gang Of Four,Leeds,member,mb:aeef5144-86d2-41d8-8aeb-dfeeb1e4be2c,Busta Jones,MusicBrainz member relationship
Gang Of Four,Leeds,member,mb:2ab1734f-72ca-4756-8ad4-f2aeec972168,Sara Lee,MusicBrainz member relationship
Gang Of Four,Leeds,member,mb:ea81223e-cf85-45c3-80e0-3c6fd8200a83,Steve Goulding,MusicBrainz member relationship
Gang Of Four,Leeds,member,mb:3363921c-9099-40af-93cc-1b15d0e46fc5,Gail Ann Dorsey,MusicBrainz member relationship
Gang Of Four,Leeds,member,mb:0fc59ffb-a83d-423d-ab59-8f813a786634,Mark Heaney,MusicBrainz member relationship
Gang Of Four,Leeds,member,mb:fead9dcd-cfa6-4c5a-8ae5-233ffe2c15da,Thomas McNeice,MusicBrainz member relationship
Gang Of Four,Leeds,member,mb:e5f6a3bb-b40e-43a3-bfa4-12d7c7f79d15,John Sterry,MusicBrainz member relationship
Gang Of Four,Leeds,member,mb:03aa2d83-048c-47c4-94e7-e0316a7c1266,Jonny Finnigan,MusicBrainz member relationship
Gang Of Four,Leeds,member,mb:2103ea98-0d7b-420e-98de-5f1ec5d31668,Tobias Humble,MusicBrainz member relationship
Gang Of Four,Leeds,member,mb:85188c46-d3ed-4517-ba78-5d06ec764f1c,David Pajo,MusicBrainz member relationship
Gang Of Four,Leeds,member,mb:f0d2f113-2041-487a-949a-f883be70d220,Linda Pardee,MusicBrainz member relationship
Gang Of Four,Leeds,member,mb:d86b84e3-6c11-4499-a453-82e8744bc08e,Gail Greenwood,MusicBrainz member relationship
Gang Of Four,Leeds,member,mb:3b7051df-c423-4d90-a6ca-aa10c363445d,Ted Leo,MusicBrainz member relationship
Gene,London,member,mb:c5d1b1a4-bf94-4b12-96cb-9346cea83e46,Matt James,MusicBrainz member relationship
Gene,London,member,mb:e9607c8b-7e87-4c1e-91ae-13918e6525db,Steve Mason,MusicBrainz member relationship
Gene,London,member,mb:d02cd3ac-e8f6-4906-8e6d-7fd01be49285,Kevin Miles,MusicBrainz member relationship
Gene,London,member,mb:1d8d8e54-2f32-4663-b5c7-d1ebddb1d0a7,Martin Rossiter,MusicBrainz member relationship
Generation X,London,member,mb:f6052781-6d20-42cd-92d7-f41252a6a86a,John Towe,MusicBrainz member relationship
Generation X,London,member,mb:47c8f88b-987a-4b64-9175-2b1b57809727,Billy Idol,MusicBrainz member relationship
Generation X,London,member,mb:fe502742-cc0d-491f-a364-ce1cc8dedb98,Tony James,MusicBrainz member relationship
Generation X,London,member,mb:fc8529bb-1b7e-424a-adf5-7d4f6e9dfad3,Bob Derwood Andrews,MusicBrainz member relationship
Generation X,London,member,mb:624f72b8-796d-4362-a0bb-9ac86861c2c4,Mark Laff,MusicBrainz member relationship
Generation X,London,member,mb:899a92fe-7ee5-4bc4-9628-0eff26df09e5,Terry Chimes,MusicBrainz member relationship
Generation X,London,member,mb:05368179-b400-430a-9e79-86af610d5d4f,James Stevenson,MusicBrainz member relationship
Genesis,Guildford,member,mb:c4a9eeb1-ed23-4833-92c7-01841288a220,Chris Stewart,MusicBrainz member relationship
Genesis,Guildford,member,mb:e62f6374-7e6f-4492-bb4a-3a1c62366e61,Anthony Phillips,MusicBrainz member relationship
Genesis,Guildford,member,mb:8e66ea2b-b57b-47d9-8df0-df4630aeb8e5,Peter Gabriel,MusicBrainz member relationship
Genesis,Guildford,member,mb:8b96b0d8-9c36-42d1-b525-627db897d82f,Tony Banks,MusicBrainz member relationship
Genesis,Guildford,member,mb:661288a1-6d34-46aa-900b-77d18aa82d21,Mike Rutherford,MusicBrainz member relationship
Genesis,Guildford,member,mb:027e99d1-a00c-429c-979b-e40627eed41d,Jonathan Silver,MusicBrainz member relationship
Genesis,Guildford,member,mb:264f8a09-186e-43f4-b9eb-0c48e27ae1f8,John Mayhew,MusicBrainz member relationship
Genesis,Guildford,member,mb:401c3991-b76b-499d-8082-9f2df958ef78,Phil Collins,MusicBrainz member relationship
Genesis,Guildford,member,mb:f4eb8346-052d-4a5c-8393-cba3aeadb4d9,Steve Hackett,MusicBrainz member relationship
Genesis,Guildford,member,mb:35c41318-9438-42a4-a50b-f75336cfef71,Mick Barnard,MusicBrainz member relationship
Genesis,Guildford,member,mb:4e7ee52e-adbb-4410-a338-35d5615136c8,Ray Wilson,MusicBrainz member relationship
Gentle Giant,London,member,mb:e8278349-9600-4b2f-8faf-a6db1f4bab54,Martin Smith,MusicBrainz member relationship
Gentle Giant,London,member,mb:3ca26019-3996-420b-9eea-34b2179c58b1,Phil Shulman,MusicBrainz member relationship
Gentle Giant,London,member,mb:26209e9e-18ca-481f-8f68-70e1115ef1b8,Gary Green,MusicBrainz member relationship
Gentle Giant,London,member,mb:3a517116-3323-4db6-a4c7-d2049c9112b9,Kerry Minnear,MusicBrainz member relationship
Gentle Giant,London,member,mb:c675b1cf-0a24-4daf-9e51-c7f1ce9310f0,Derek Shulman,MusicBrainz member relationship
Gentle Giant,London,member,mb:59b1f8ee-0a84-4590-8156-eede6f6349f3,Ray Shulman,MusicBrainz member relationship
Gentle Giant,London,member,mb:86b20931-69df-4521-8bea-2f9efa362f69,Malcolm Mortimore,MusicBrainz member relationship
Gentle Giant,London,member,mb:742c1ce7-050a-40c0-9f59-e33776171ca8,John Weathers,MusicBrainz member relationship
Geordie,Newcastle,member,mb:49acbee5-5fb5-4cf1-868f-67bc01de2d84,Brian Johnson,MusicBrainz member relationship
Geordie,Newcastle,member,mb:6f793c8e-4153-4069-9946-9c809bf20d02,Tom Hill,MusicBrainz member relationship
Geordie,Newcastle,member,mb:215fe0b4-7446-428e-813c-09844e17d6d6,Vic Malcolm,MusicBrainz member relationship
Girls Aloud,London,member,mb:becf7661-ff77-4dd1-9580-fe8dc823dada,Sarah Harding,MusicBrainz member relationship
Girls Aloud,London,member,mb:2d499150-1c42-4ffb-a90c-1cc635519d33,Cheryl,MusicBrainz member relationship
Girls Aloud,London,member,mb:98fcdfe5-fa66-46e1-9aa3-4bf27733744f,Nadine Coyle,MusicBrainz member relationship
Girls Aloud,London,member,mb:24845bf0-2140-4ca2-92bb-de817ac96268,Nicola Roberts,MusicBrainz member relationship
Girls Aloud,London,member,mb:8e0ec0e8-e248-40f3-8296-0190c1b1afc8,Kimberley Walsh,MusicBrainz member relationship
Girlschool,London,member,mb:e90c6776-30d8-407e-9d1c-0cc926063668,Enid Williams,MusicBrainz member relationship
Girlschool,London,member,mb:fdcae0be-7889-4384-8687-d2287a7b4b90,Kelly Johnson,MusicBrainz member relationship
Girlschool,London,member,mb:6c097ac8-4223-410a-9fb2-ca1f5880839f,Denise Dufort,MusicBrainz member relationship
Girlschool,London,member,mb:b354d4d8-4c56-42bd-b96c-2d5723359544,Kim McAuliffe,MusicBrainz member relationship
Girlschool,London,member,mb:7f1bd2c4-e668-46a5-8f6e-dd9873ad3d31,Gil Weston,MusicBrainz member relationship
Girlschool,London,member,mb:b1a536f0-e621-4b1f-90a6-fed8a2b5a27b,Jackie Bodimead,MusicBrainz member relationship
Girlschool,London,member,mb:2e2267be-ee61-44b2-8c55-cd2f48761263,Cris Bonacci,MusicBrainz member relationship
Girlschool,London,member,mb:d8e7c846-16f6-4c0d-bfa5-46f26e96ceb8,Tracey Lamb,MusicBrainz member relationship
Girlschool,London,member,mb:273875e1-e7f8-4868-8c76-fb3f03514847,Jackie Carrera,MusicBrainz member relationship
Girlschool,London,member,mb:2bb03ebc-17ae-41ff-a110-296f9022268f,Jackie Chambers,MusicBrainz member relationship
Glass Animals,Oxford,member,mb:52d9c6a4-40ef-42ef-86a1-8e07cb4e0de1,Dave Bayley,MusicBrainz member relationship
Glass Animals,Oxford,member,mb:470391d6-0bc6-4a05-8441-206d701a88ab,Edmund Irwin-Singer,MusicBrainz member relationship
Glass Animals,Oxford,member,mb:a77a8436-aca2-4d73-bfc7-47e198405169,Drew MacFarlane,MusicBrainz member relationship
Glass Animals,Oxford,member,mb:2e032319-79cd-4662-8c8c-fcfebc92b01a,Joe Seaward,MusicBrainz member relationship
Glasvegas,Glasgow,member,mb:d33b99ea-3b09-4ed1-a908-e89bd79a5035,Caroline McKay,MusicBrainz member relationship
Glasvegas,Glasgow,member,mb:fce21763-dcaa-4519-8dfb-0cef1427bf80,Jonna Löfgren,MusicBrainz member relationship
Glasvegas,Glasgow,member,mb:fd534dd7-5422-4bb0-8aad-f1af4a22bd62,James Allan,MusicBrainz member relationship
Glasvegas,Glasgow,member,mb:b49878c4-71a8-453f-af61-d728c4019da6,Rab Allan,MusicBrainz member relationship
Glasvegas,Glasgow,member,mb:f0281121-f2f0-4c55-9709-1d7b01385c99,Paul Donoghue,MusicBrainz member relationship
Go West,London,member,mb:449ed320-f24b-4496-aefb-47dcf0a316fe,Tony Beard,MusicBrainz member relationship
Go West,London,member,mb:93858e66-713b-4dca-98db-c7d8c509a0bb,Peter Cox,MusicBrainz member relationship
Go West,London,member,mb:0e44524b-05ba-4fbd-8f51-0e512c75ecd9,Richard Drummie,MusicBrainz member relationship
Go West,London,member,mb:6629e55a-308a-4be6-a906-1e13c91f954f,Alan Murphy,MusicBrainz member relationship
GoGo Penguin,Manchester,member,mb:af18b912-9f0a-4d04-9567-11875eeed6cc,Nick Blacka,MusicBrainz member relationship
GoGo Penguin,Manchester,member,mb:bc51f876-f9ec-4081-b5cd-8904f5aeb2ef,Jon Scott,MusicBrainz member relationship
GoGo Penguin,Manchester,member,mb:9b31fd17-07c9-4083-9b5c-bf76ccd1c4ae,Grant Russell,MusicBrainz member relationship
GoGo Penguin,Manchester,member,mb:74a44f8f-6177-42a3-8288-18516d814da4,Rob Turner,MusicBrainz member relationship
GoGo Penguin,Manchester,member,mb:64330449-7841-476b-88c1-c05ff9ab10bd,Chris Illingworth,MusicBrainz member relationship
Goat Girl,London,member,mb:313b1c5b-ab84-4f6d-97fb-f589b9d16db6,Holly Mullineaux,MusicBrainz member relationship
Goat Girl,London,member,mb:e9613311-8017-40d0-a4f9-d27e3a90c2bc,Naima Bock,MusicBrainz member relationship
Goat Girl,London,member,mb:9dd9c0b6-07d5-4130-9336-0004aa4ece0c,Ellie Rose Davies,MusicBrainz member relationship
Goat Girl,London,member,mb:06c4ee6a-e0ac-4ebc-b52b-476763abc141,Rosy Jones,MusicBrainz member relationship
Goat Girl,London,member,mb:4674fcb8-0ba7-47d4-89c0-2e424acd1e64,Lottie Pendlebury,MusicBrainz member relationship
Godflesh,Birmingham,member,mb:d547a180-6445-42e8-96d6-aabdb6425ab1,Justin Broadrick,MusicBrainz member relationship
Godflesh,Birmingham,member,mb:fa64a62c-a34a-47f5-88c1-3d1e7d66b9ea,G.C. Green,MusicBrainz member relationship
Godflesh,Birmingham,member,mb:ededd2f8-a2e4-4ed3-95c1-5fd45b5e7eab,Paul Neville,MusicBrainz member relationship
Godflesh,Birmingham,member,mb:aa1329f5-d312-4b69-a5d2-8b1dbe33960a,Robert Hampson,MusicBrainz member relationship
Godflesh,Birmingham,member,mb:ab3a2a1f-640a-4fa8-8544-fbbd5b25ed7e,Bryan “Brain” Mantia,MusicBrainz member relationship
Godflesh,Birmingham,member,mb:579dbbfe-100d-41b6-9ab7-4f7146c5d598,Ted Parsons,MusicBrainz member relationship
Godflesh,Birmingham,member,mb:3a8877b2-c922-43fa-956f-61b240727280,Dermot Dalton,MusicBrainz member relationship
Godflesh,Birmingham,member,mb:ec5f36d7-ebe5-461e-afd6-c2839f0f3325,Paul Raven,MusicBrainz member relationship
Godley & Creme,Manchester,member,mb:49b4ba82-fb3d-4a03-ad4c-b802b2498d8f,Lol Creme,MusicBrainz member relationship
Godley & Creme,Manchester,member,mb:bda14dd0-45a5-47be-8556-cec118ff7a49,Kevin Godley,MusicBrainz member relationship
Goldie Lookin Chain,Newport,member,mb:46aa3f64-8b3f-4d0a-b96a-e8da393bbe6e,Adam Hussain,MusicBrainz member relationship
Goldie Lookin Chain,Newport,member,mb:9a7ec430-c229-43d2-a437-47d6c7ecaea1,Rhys Hutchings,MusicBrainz member relationship
Gomez,Liverpool,member,mb:4713719d-be49-4f39-86c2-8dd022fd92ac,Ian Ball,MusicBrainz member relationship
Gomez,Liverpool,member,mb:e7bdbc73-8bf5-4893-b099-d93f95aea94b,Paul Blackburn,MusicBrainz member relationship
Gomez,Liverpool,member,mb:9379b5c8-0d28-4e7f-ba05-0f00fa971db6,Tom Gray,MusicBrainz member relationship
Gomez,Liverpool,member,mb:d8a84e4f-c79d-4469-a699-c654d1e00090,Ben Ottewell,MusicBrainz member relationship
Gomez,Liverpool,member,mb:53fce681-be1d-4923-9379-7bd8c2e4abf7,Olly Peacock,MusicBrainz member relationship
Gorgon City,London,member,mb:e4d901a0-a646-44f8-a0e2-565d4b067133,Foamo,MusicBrainz member relationship
Gorgon City,London,member,mb:0b9be644-24df-4be4-9865-51b9e260314d,Matt Robson-Scott,MusicBrainz member relationship
Gorillaz,London,member,mb:11d42122-a4b8-4b0f-a7b1-5811032e008c,Paula Cracker,MusicBrainz member relationship
Gorillaz,London,member,mb:583f2f7b-a29d-4378-9e7c-454d114be30d,2D,MusicBrainz member relationship
Gorillaz,London,member,mb:ddc1ff36-41f7-4681-95be-3fe34c8dd53c,Russel Hobbs,MusicBrainz member relationship
Gorillaz,London,member,mb:6ff7e6e2-f4bb-406a-aa4b-7afa615a389f,Murdoc Niccals,MusicBrainz member relationship
Gorillaz,London,member,mb:b88e3a88-3e87-4e83-8a70-6300b9fe15f1,Noodle,MusicBrainz member relationship
Gorillaz,London,member,mb:1637b0db-7253-45a2-b16f-6445c8959243,Del Tha Ghost Rapper,MusicBrainz member relationship
Gorillaz,London,member,mb:a45fc2f8-4a32-4be9-9d4a-894eda9be537,DJ D-Zire,MusicBrainz member relationship
Gorillaz,London,member,mb:679c4c44-588c-4f3e-b393-c52e6cc1c391,Cyborg Noodle,MusicBrainz member relationship
Gorillaz,London,member,mb:7d882cef-3747-4a29-b14f-c3a2851e7de4,Ace,MusicBrainz member relationship
Groove Armada,London,member,mb:15649f44-ae4f-40d6-857e-820db654f1ea,Andy Cato,MusicBrainz member relationship
Groove Armada,London,member,mb:80576589-05e4-4019-ad93-e968749b318c,Tom Findlay,MusicBrainz member relationship
Gun,Glasgow,member,mb:3edd2b61-bf16-40fa-a673-b57f8aaae4dd,Mark Rankin,MusicBrainz member relationship
Gun,Glasgow,member,mb:ae81ed3a-2239-4a55-aaed-71b25d5fd495,Dante Gizzi,MusicBrainz member relationship
Gun,Glasgow,member,mb:5206d62d-0a35-40ef-a6e8-3f0aa3e0338d,Giuliano Gizzi,MusicBrainz member relationship
Gun,Glasgow,member,mb:9e4ec472-048f-412b-b39f-5f245ce9b17a,Toby Jepson,MusicBrainz member relationship
Gun,Glasgow,member,mb:fb3f213a-3045-44aa-9634-2d5f15de8469,Ruaraidh MacFarlane,MusicBrainz member relationship
Gun,Glasgow,member,mb:b5280d41-e3b0-4093-b582-6e2ab4deca63,Andy D Carr,MusicBrainz member relationship
Gun,Glasgow,member,mb:6242f093-90de-4a3e-a74a-1dd5074ad91b,Paul McManus,MusicBrainz member relationship
Gun,Glasgow,member,mb:d00d88b1-51c8-4d50-8fbf-1f9d37fa5c5a,Mark Kerr,MusicBrainz member relationship
Gun,Glasgow,member,mb:e4a39eb7-4111-4b22-8406-03eac6c3d7dd,Scott Shields,MusicBrainz member relationship
Hacktivist,Milton Keynes,member,mb:34220976-1000-44a5-8877-f1d7fee43c27,Ben Marvin,MusicBrainz member relationship
Hacktivist,Milton Keynes,member,mb:89217f9a-538b-4b83-a5f8-c150b9d6056c,Timfy James,MusicBrainz member relationship
Hacktivist,Milton Keynes,member,mb:35330395-cfec-4fdf-a3e5-48f4a84e5893,J Hurley,MusicBrainz member relationship
Hacktivist,Milton Keynes,member,mb:c48d2633-79e5-49e5-87e8-b0bb328ad031,Josh Gurner,MusicBrainz member relationship
Hacktivist,Milton Keynes,member,mb:01b59350-90d5-4281-ab17-50590183dfb3,Jot Maxi,MusicBrainz member relationship
Hacktivist,Milton Keynes,member,mb:28f1bdfc-9dc6-4980-8490-a27e25047e2d,James Hewitt,MusicBrainz member relationship
Hacktivist,Milton Keynes,member,mb:60000185-a775-4298-b43c-a07b91a72659,JJ Olifent,MusicBrainz member relationship
Haken,London,member,mb:3a0e37ad-806d-4fb0-ba9b-b39f7beeff18,Tom MacLean,MusicBrainz member relationship
Haken,London,member,mb:661a5b8a-fbec-4fba-9665-29bd111ca37c,Raymond Hearne,MusicBrainz member relationship
Haken,London,member,mb:4ca80d6d-1a84-4462-ab3b-1bff9f30779c,Richard Henshall,MusicBrainz member relationship
Haken,London,member,mb:6ab904a4-f4e3-4878-bb4f-d2b7dcc4736d,Ross Jennings,MusicBrainz member relationship
Haken,London,member,mb:d3c75878-930a-4749-a14f-d6137b1b5d27,Peter Jones,MusicBrainz member relationship
Haken,London,member,mb:c23f0401-4a53-4df2-9aef-e78e592a02eb,Diego Tejeida,MusicBrainz member relationship
Haken,London,member,mb:5f83c586-1a12-43aa-952b-cc4632136d17,Charlie Griffiths,MusicBrainz member relationship
Haken,London,member,mb:cb924cfa-d2c2-40d2-bcf5-1c8c076499db,Conner Green,MusicBrainz member relationship
Happy Mondays,Manchester,member,mb:2fbc1566-4df2-4f54-99aa-d98a43a6c600,Rowetta,MusicBrainz member relationship
Happy Mondays,Manchester,member,mb:39429469-abe3-442d-9470-b9a8959e488e,Bez,MusicBrainz member relationship
Happy Mondays,Manchester,member,mb:a2b4fe08-3b6c-4e9b-bf26-602ab626f98a,Paul Davis,MusicBrainz member relationship
Happy Mondays,Manchester,member,mb:3c052e7b-5451-4545-896b-be4cc92ef754,Mark Day,MusicBrainz member relationship
Happy Mondays,Manchester,member,mb:cb72e132-66c1-44c2-986f-eed70d97d29a,Shaun Ryder,MusicBrainz member relationship
Happy Mondays,Manchester,member,mb:ddd000cc-9616-43b3-9686-226f024ec103,Gary Whelan,MusicBrainz member relationship
Happy Mondays,Manchester,member,mb:3e8f064e-d352-4334-8ec2-8d18eab8541b,Gaz Whelan,MusicBrainz member relationship
Happy Mondays,Manchester,member,mb:8bead127-8711-4baf-a8e6-790885f58bdc,Paul Ryder,MusicBrainz member relationship
Hard-Fi,London,member,mb:f5641c34-72e3-41b2-9a4e-8bd265e5bb27,Kai Stephens,MusicBrainz member relationship
Hard-Fi,London,member,mb:54517488-953a-4ca1-80b7-5f443ae14b99,Richard Archer,MusicBrainz member relationship
Hard-Fi,London,member,mb:733e8555-f99e-4313-bbeb-e74564ab2638,Steve Kemp,MusicBrainz member relationship
Hard-Fi,London,member,mb:387f318b-1a71-4fa2-86ae-4a761fd0ecd0,Ross Phillips,MusicBrainz member relationship
Hawkwind,London,member,mb:f82a2991-4279-497d-a40f-2c50a182fa37,Dave Brock,MusicBrainz member relationship
Hawkwind,London,member,mb:dbb774a4-75c6-4f47-b1d2-bbc176bf39b1,Dik Mik Davies,MusicBrainz member relationship
Hawkwind,London,member,mb:57f98ec0-0ec8-4517-916c-f92bfca023b2,John Harrison,MusicBrainz member relationship
Hawkwind,London,member,mb:7bc376c6-0ad7-4931-9d58-11cfedbd8c2c,Terry Ollis,MusicBrainz member relationship
Hawkwind,London,member,mb:5cddd878-5569-4859-9316-8cd68c02dda3,Mick Slattery,MusicBrainz member relationship
Hawkwind,London,member,mb:14fcc498-17c7-41b0-aaec-25f14d679bd5,Nik Turner,MusicBrainz member relationship
Hawkwind,London,member,mb:e6a68b2c-0e35-47f7-8992-9a2babb2ad1b,Huw Lloyd‐Langton,MusicBrainz member relationship
Hawkwind,London,member,mb:b37a07f5-5cfb-45f5-b58a-bfbce00a476f,Thomas Crimble,MusicBrainz member relationship
Hawkwind,London,member,mb:cd6b6dbc-04a9-4c74-a8d2-42b2bac72067,Dave Anderson,MusicBrainz member relationship
Hawkwind,London,member,mb:efba1810-c936-4a18-b94b-83c6c2261f25,Del Dettmar,MusicBrainz member relationship
Hawkwind,London,member,mb:e3ea6186-7523-48de-8437-bac91bc47829,Lemmy Kilmister,MusicBrainz member relationship
Hawkwind,London,member,mb:6253d563-08a8-404e-9336-d3312825827e,Robert Calvert,MusicBrainz member relationship
Hawkwind,London,member,mb:e88c49cc-0c4a-4766-8f5e-f833168dd451,Simon King,MusicBrainz member relationship
Hawkwind,London,member,mb:fea1bbbf-f2f9-4a6d-ac3d-af8efaa58316,Simon House,MusicBrainz member relationship
Hawkwind,London,member,mb:4f5e8391-91ba-4766-8821-2b17e83b380b,Alan Powell,MusicBrainz member relationship
Hawkwind,London,member,mb:14e61660-b047-4e69-9f93-9e418c59b742,Paul Rudolph,MusicBrainz member relationship
Hawkwind,London,member,mb:941a5cdf-7388-4c7f-b12b-36bbeceb8823,Adrian Shaw,MusicBrainz member relationship
Hawkwind,London,member,mb:52c4999e-8b6a-4bfd-9f90-0834db1f4351,Paul Hayles,MusicBrainz member relationship
Hawkwind,London,member,mb:bad0d7c8-75f3-48c2-94e8-f906ad11d8e3,Mick Smith,MusicBrainz member relationship
Hawkwind,London,member,mb:812c802a-9491-4006-8d21-a0e54e506c1c,Martin Griffin,MusicBrainz member relationship
Hawkwind,London,member,mb:03600097-66b9-4186-b9f1-e9d403d63b6b,Steve Swindells,MusicBrainz member relationship
Hawkwind,London,member,mb:39a9c8ec-ffb4-45b0-aeeb-cceec3b9f9de,Harvey Bainbridge,MusicBrainz member relationship
Hawkwind,London,member,mb:953dfeff-94a2-44e4-a037-379ded98a6da,Tim Blake,MusicBrainz member relationship
Hawkwind,London,member,mb:e01d1aff-9cc2-4606-83d7-56445515c6e6,Ginger Baker,MusicBrainz member relationship
Hawkwind,London,member,mb:a17d36dd-b791-40a2-b201-dfe6abb208b1,Keith Hale,MusicBrainz member relationship
Hawkwind,London,member,mb:9d09af2f-8fd6-4e5f-af0d-d8cc9e27eb7a,Andy Anderson,MusicBrainz member relationship
Hawkwind,London,member,mb:47f395ee-150f-4111-8e11-a1321c033838,Robert Heaton,MusicBrainz member relationship
Hawkwind,London,member,mb:20ddff45-a1c3-4fb7-8c9c-5a4016ecdf37,Rik Martinez,MusicBrainz member relationship
Hawkwind,London,member,mb:b273c535-cde4-491c-9094-e314d478df2e,Dead Fred,MusicBrainz member relationship
Hawkwind,London,member,mb:d576e6be-03d1-489c-8c3e-692c6fbfb7ca,Clive Deamer,MusicBrainz member relationship
Hawkwind,London,member,mb:b3930bde-72d8-4e87-9f75-ef330b5c83e2,Danny Thompson,MusicBrainz member relationship
Hawkwind,London,member,mb:fe362298-24e5-4f4e-9762-e7df393d2e81,Alan Davey,MusicBrainz member relationship
Hawkwind,London,member,mb:9a8c119b-0d82-47f2-bf3f-c9294012a266,Richard Chadwick,MusicBrainz member relationship
Hawkwind,London,member,mb:1cc0acb3-5d58-422e-bbb9-9837e4ca029d,Bridget Wishart,MusicBrainz member relationship
Hawkwind,London,member,mb:1186c2b7-76ad-4bc2-99ea-6c120d2ce3b5,Steve Bemand,MusicBrainz member relationship
Hawkwind,London,member,mb:8a466643-f64b-4ae5-9a71-2f5ba9d9851d,Jerry Richards,MusicBrainz member relationship
Hawkwind,London,member,mb:bce683c3-5af3-4ef4-a5f4-9e050dc97c8d,Ronald Tree,MusicBrainz member relationship
Hawkwind,London,member,mb:cf6fd339-981b-45cc-a1f4-e9213818c985,Jason Stuart,MusicBrainz member relationship
Hawkwind,London,member,mb:68d4b795-81e5-40d1-97b2-c5e9a1005651,Mr Dibs,MusicBrainz member relationship
Hawkwind,London,member,mb:d8d13c44-b55f-4d2a-9a32-cf8d1b5b66b6,Niall Hone,MusicBrainz member relationship
Hawkwind,London,member,mb:f44b67ab-1b8b-409d-8a5c-b8361e74a671,Magnus Martin,MusicBrainz member relationship
Hawkwind,London,member,mb:e91fe668-a323-4389-9e25-3b41f6f63b62,Doug MacKinnon,MusicBrainz member relationship
Hawkwind,London,member,mb:d6b78704-e16c-412e-b964-595de4ad05d9,Thighpaulsandra,MusicBrainz member relationship
Hawkwind,London,member,mb:b27333d4-c580-41d2-89e2-47509348f8c4,Julian Crimmins,MusicBrainz member relationship
Hawkwind,London,member,mb:502c9e70-4810-4968-b801-eabaf186295d,Chris Purdon,MusicBrainz member relationship
Heatwave,London,member,mb:296950bc-deb3-49fb-a401-e52251cc96ed,Ernest Berger,MusicBrainz member relationship
Heatwave,London,member,mb:f87fa6e4-3e12-46d8-80a4-0efb3f659952,Derek Bramble,MusicBrainz member relationship
Heatwave,London,member,mb:f1eabb3a-6c7c-40b7-bc3c-938acd2442ea,Roy Carter,MusicBrainz member relationship
Heatwave,London,member,mb:d177a926-80ec-40b7-b1de-339d87a2013d,Calvin Duke,MusicBrainz member relationship
Heatwave,London,member,mb:eb47dbe7-04a8-409b-befe-951c2be99b5f,Keith Harrison,MusicBrainz member relationship
Heatwave,London,member,mb:5a98de0a-b4c6-4445-b04f-420999868f6c,Eric Johns,MusicBrainz member relationship
Heatwave,London,member,mb:39d5a256-7ff6-4e52-a9d9-fce468f5326d,William Jones,MusicBrainz member relationship
Heatwave,London,member,mb:e5cffc61-2d60-416f-838c-0d24c3415dd8,Mario Mantese,MusicBrainz member relationship
Heatwave,London,member,mb:b5860314-abf6-4455-9c20-aa85df789a70,J.D. Nicholas,MusicBrainz member relationship
Heatwave,London,member,mb:ac6cc156-eb47-4c98-9b04-b57ece512950,Rod Temperton,MusicBrainz member relationship
Heatwave,London,member,mb:4081489a-c7f2-406d-8aa3-1ff00595f433,"Johnnie Wilder, Jr.",MusicBrainz member relationship
Heatwave,London,member,mb:762cab8e-cbee-4ea5-8cdf-01075ebc0c09,Keith Wilder,MusicBrainz member relationship
Heaven 17,Sheffield,member,mb:24e97d3d-32ba-4835-96be-e5c1cc7fa907,John Wesley Barker,MusicBrainz member relationship
Heaven 17,Sheffield,member,mb:59b17cf8-149a-4358-b080-cd606a4c84fe,Glenn Gregory,MusicBrainz member relationship
Heaven 17,Sheffield,member,mb:ee3a1766-93e4-43cf-a397-2b32e7b984b5,Ian Craig Marsh,MusicBrainz member relationship
Heaven 17,Sheffield,member,mb:76dc89a8-ab82-450a-a062-1ccb6209e348,Martyn Ware,MusicBrainz member relationship
Heaven 17,Sheffield,member,mb:361f4d9f-96cf-4ec8-b805-03b6dce026cc,John Wilson,MusicBrainz member relationship
Herman's Hermits,Manchester,member,mb:932f6e8f-cf32-4884-b30f-502071fe28ec,Karl Green,MusicBrainz member relationship
Herman's Hermits,Manchester,member,mb:538adf26-eada-4cd9-b20c-b556161eaaac,Barry Whitwam,MusicBrainz member relationship
Herman's Hermits,Manchester,member,mb:f60f1c23-e299-4782-b0a1-445774a9eff2,Frank Renshaw,MusicBrainz member relationship
Herman's Hermits,Manchester,member,mb:db46887a-d077-41a4-aa47-1b2da1e1d943,Eddy Carter,MusicBrainz member relationship
Herman's Hermits,Manchester,member,mb:c4c6a509-493f-4e48-97f6-d7f404d3a7ea,Peter Noone,MusicBrainz member relationship
Herman's Hermits,Manchester,member,mb:5c89d887-f56a-4d2b-822e-caafcb7d2865,Graham Lee,MusicBrainz member relationship
Herman's Hermits,Manchester,member,mb:6675b0cf-344c-498c-959f-85eaaadea559,Robert Birrell,MusicBrainz member relationship
Herman's Hermits,Manchester,member,mb:38339afc-6c35-43fd-b0eb-80be31983d9b,Peter Cowap,MusicBrainz member relationship
Herman's Hermits,Manchester,member,mb:b6f030b4-3814-4242-9768-79206bdca0f5,Geoff Foot,MusicBrainz member relationship
Herman's Hermits,Manchester,member,mb:636ae780-8351-47d0-9c13-308626dce595,Keith Hopwood,MusicBrainz member relationship
Herman's Hermits,Manchester,member,mb:b5cffc9f-20ef-459b-932c-d3f4dfbc85fc,Derek Leckenby,MusicBrainz member relationship
Herman's Hermits,Manchester,member,mb:952318a3-1365-4943-bd62-34b5d0069d3a,Rod Gerrard,MusicBrainz member relationship
Herman's Hermits,Manchester,member,mb:6c170d3d-2538-46fd-aa26-0bb2ad7d768a,Geoff Kerry,MusicBrainz member relationship
Honeyz,London,member,mb:5e098efd-e411-48bb-85ae-34f80a24d10d,Heavenli Denton,MusicBrainz member relationship
Honeyz,London,member,mb:60c9e530-19c1-4f2e-8bbd-fec3265a1abf,Naima Belkhiati,MusicBrainz member relationship
Honeyz,London,member,mb:e95f9853-a86f-4741-ad06-1bfa9ea6ae36,Célena Cherry,MusicBrainz member relationship
Honeyz,London,member,mb:0a3b4eac-8995-4952-b937-fc3a5b59d810,Mariama Goodman,MusicBrainz member relationship
Hot Chip,London,member,mb:a5ac5696-10f8-411a-a677-57664828aa61,Emma Smith,MusicBrainz member relationship
Hot Chip,London,member,mb:a8cda662-6917-442b-bf7d-a37ea5f843aa,Owen Clarke,MusicBrainz member relationship
Hot Chip,London,member,mb:c928568a-a888-497f-92ef-2fbb01003551,Al Doyle,MusicBrainz member relationship
Hot Chip,London,member,mb:cfe625e1-a5ce-4c48-a4a4-d781c44fb64f,Joe Goddard,MusicBrainz member relationship
Hot Chip,London,member,mb:43047c31-2d21-42ae-9853-867280cca0e8,Felix Martin,MusicBrainz member relationship
Hot Chip,London,member,mb:38673970-569c-44f1-a4a2-b1927931ca5c,Rob Smoughton,MusicBrainz member relationship
Hot Chip,London,member,mb:afb5e512-7382-452f-81c3-bc0549a3d4db,Alexis Taylor,MusicBrainz member relationship
Hot Chocolate,London,member,mb:a11ea90c-b169-46bd-a72a-3a352a2f038c,Franklyn De Allie,MusicBrainz member relationship
Hot Chocolate,London,member,mb:033c7eae-5312-47b0-b509-7f7b5b6cb9a1,Jim King,MusicBrainz member relationship
Hot Chocolate,London,member,mb:124a6f5d-b2e0-4a75-95ad-db4c38063e02,Tony Wilson,MusicBrainz member relationship
Hot Chocolate,London,member,mb:aa66e39c-0d92-4639-be11-8f44ba25a297,Patrick Olive,MusicBrainz member relationship
Hot Chocolate,London,member,mb:eb2f8c3f-8c4c-408a-8944-917283e3bc70,Errol Brown,MusicBrainz member relationship
Hot Chocolate,London,member,mb:292e0d38-a1f9-443f-9f0d-d55afa3e9a80,Larry Ferguson,MusicBrainz member relationship
Hot Chocolate,London,member,mb:9d6a840b-bbd2-46cb-b52e-43b3b46e39fc,Tony Connor,MusicBrainz member relationship
Hot Chocolate,London,member,mb:7874ec3d-e891-45e1-b1e3-b433a6ef7dcc,Harvey Hinsley,MusicBrainz member relationship
Hot Chocolate,London,member,mb:0f2dc39a-8d22-422e-9022-1b6c268f33ee,Rick Green,MusicBrainz member relationship
Hot Chocolate,London,member,mb:779149c4-8ec3-4c03-b749-77a33e3cf988,Derek Lewis,MusicBrainz member relationship
Hot Chocolate,London,member,mb:def96b77-e5ab-475a-a22f-a7cb12e6675a,Brian Satterwhite,MusicBrainz member relationship
Hot Chocolate,London,member,mb:182c9cb1-360e-4866-8784-c3066b2fefbc,Grant Evelyn,MusicBrainz member relationship
Hot Chocolate,London,member,mb:8ef829de-45ab-4af3-9f4b-0bc57e4bae10,Willy Dowling,MusicBrainz member relationship
Hot Chocolate,London,member,mb:97cf7b59-fcd7-48b3-8a50-b86e3573705f,Steve Matthews,MusicBrainz member relationship
Hot Chocolate,London,member,mb:8c629b81-a2c2-4161-bebe-11571256ffdf,Greg Bannis,MusicBrainz member relationship
Hot Chocolate,London,member,mb:41fd92ea-382a-44db-baad-5a728a69dcac,Steven Ansell,MusicBrainz member relationship
Hot Chocolate,London,member,mb:cf843c8b-d04f-4dfc-bed4-92f41ae87304,Andy Smith,MusicBrainz member relationship
Hot Chocolate,London,member,mb:b60a31dd-cf20-4fb0-9762-fc3686f6e827,Kennie Simon,MusicBrainz member relationship
Humble Pie,London,member,mb:638206ee-0e3d-47cf-9769-d73330b15a87,Peter Frampton,MusicBrainz member relationship
Humble Pie,London,member,mb:380181bc-9bcf-4933-97ac-38aee6940445,Steve Marriott,MusicBrainz member relationship
Humble Pie,London,member,mb:b1ea08fc-74b2-4c60-8597-ce406a2344fa,Greg Ridley,MusicBrainz member relationship
Humble Pie,London,member,mb:e8ee275e-8ce8-4963-95da-56385036e1ec,Jerry Shirley,MusicBrainz member relationship
Humble Pie,London,member,mb:e5729b68-b423-4b39-ab37-59921bad10e8,Clem Clempson,MusicBrainz member relationship
Humble Pie,London,member,mb:00e90ad4-9cde-4e86-af92-749e2475ad24,Bobby Tench,MusicBrainz member relationship
Hurts,Manchester,member,mb:64eb5f83-1df9-42df-8b84-225e1aab18ac,Adam Anderson,MusicBrainz member relationship
Hurts,Manchester,member,mb:290fe0ed-764a-4251-ae76-0c247c740dea,Theo Hutchcraft,MusicBrainz member relationship
IDLES,Bristol,member,mb:16e6e77a-41cf-4480-a783-6884191ee351,Jon Beavis,MusicBrainz member relationship
IDLES,Bristol,member,mb:7487408e-0616-496c-91b2-b109a39f7550,Mark Bowen,MusicBrainz member relationship
IDLES,Bristol,member,mb:8359f786-9f39-4e26-97d0-df37beb375be,Adam Devonshire,MusicBrainz member relationship
IDLES,Bristol,member,mb:bb40e23d-00fd-4eae-b784-538b0ab0f636,Lee Kiernan,MusicBrainz member relationship
IDLES,Bristol,member,mb:e8e1c875-7368-4c0b-bc21-e474ccb04157,Joe Talbot,MusicBrainz member relationship
Idlewild,Edinburgh,member,mb:0197a5c9-f9a8-48f7-90cb-452987bc1fb3,Phil Scanlon,MusicBrainz member relationship
Idlewild,Edinburgh,member,mb:a20687da-9925-40d1-ab38-36815aa18fb8,Rod Jones,MusicBrainz member relationship
Idlewild,Edinburgh,member,mb:522a006b-7190-4482-938b-5581d51db6fd,Colin Newton,MusicBrainz member relationship
Idlewild,Edinburgh,member,mb:c0f2bc61-05d6-4255-9c8b-18ff87cfd1d5,Roddy Woomble,MusicBrainz member relationship
Idlewild,Edinburgh,member,mb:aa27062f-2886-4076-a2e7-b76ff0364498,Bob Fairfoull,MusicBrainz member relationship
Idlewild,Edinburgh,member,mb:c082d324-f3c1-4973-b1de-7b51b9316164,Jeremy Mills,MusicBrainz member relationship
Idlewild,Edinburgh,member,mb:7191e6d9-0b1a-45db-a69d-e5bd8dde0612,Allan Stewart,MusicBrainz member relationship
Idlewild,Edinburgh,member,mb:55ff93c8-7555-4f76-aa83-b140524c1b6f,Alex Grant,MusicBrainz member relationship
Idlewild,Edinburgh,member,mb:91b86cb8-42e7-4d2d-b466-c4e9732dab21,Gavin Fox,MusicBrainz member relationship
Idlewild,Edinburgh,member,mb:93ecde4f-091c-476a-b93c-5fb98e10a7d0,Gareth Russell,MusicBrainz member relationship
Imagination,London,member,mb:0393e163-1a50-4720-8bee-376b32ac6f48,Ashley Ingram,MusicBrainz member relationship
Imagination,London,member,mb:2d6dfa6f-5ef6-479e-9bda-c62d6983dedb,Leee John,MusicBrainz member relationship
Imagination,London,member,mb:aff97f83-9265-4095-b585-cf3e0714f8ae,Errol Kennedy,MusicBrainz member relationship
Incognito,London,member,mb:22d4b1fc-8bbf-41c2-9d0c-705ff8dd8d58,Bluey,MusicBrainz member relationship
Incognito,London,member,mb:65058dc1-fa06-47d8-bb9a-4d2f9f8bc3d3,Francis Hylton,MusicBrainz member relationship
Incognito,London,member,mb:3564bffa-7105-460c-9b76-a496772cf69a,João Caetano,MusicBrainz member relationship
Incognito,London,member,mb:e38f42d2-23b6-4525-a2df-1876cc56850b,Pamela Anderson,MusicBrainz member relationship
Incognito,London,member,mb:9a8fa5f7-eadc-4900-911b-e54758c1d2ca,Mark Anthoni,MusicBrainz member relationship
Incognito,London,member,mb:a853f944-2d58-40b4-af2a-66563c5774e0,Richard Bailey,MusicBrainz member relationship
Incognito,London,member,mb:15fc7853-5241-4b1c-98c4-015d4a7cc780,Bud Beadle,MusicBrainz member relationship
Incognito,London,member,mb:6a628a50-1c5c-4d29-a13a-79a73eb012d9,Jocelyn Brown,MusicBrainz member relationship
Incognito,London,member,mb:4d24e243-8b04-4f7d-8bed-3754adaf5add,Richard Bull,MusicBrainz member relationship
Incognito,London,member,mb:21311c94-ecf9-47f7-8c05-5a3385971303,Matt Cooper,MusicBrainz member relationship
Incognito,London,member,mb:f76ae7fb-177f-4e97-a07a-705834e9947f,Thomas Dyani,MusicBrainz member relationship
Incognito,London,member,mb:91a1e4d7-276c-4c65-b501-45609e43f6b8,Sid Gauld,MusicBrainz member relationship
Incognito,London,member,mb:0f720a4a-abaf-4472-a7be-9b5dd957ae06,Dominic Glover,MusicBrainz member relationship
Incognito,London,member,mb:55ae2ca7-5b5e-4e76-8c93-16544ef77d77,Graham Harvey,MusicBrainz member relationship
Incognito,London,member,mb:eb9385dc-8abc-4650-98b2-0b9c46bd5c0a,Randy Hope-Taylor,MusicBrainz member relationship
Incognito,London,member,mb:84272ef6-82b7-4c89-a41c-89efa0a8fbfe,Imaani,MusicBrainz member relationship
Incognito,London,member,mb:e3ddc990-f61f-4ba7-a296-9bfad3c12c3c,Maysa,MusicBrainz member relationship
Incognito,London,member,mb:d86cafc4-ab59-4403-803e-43f9c51203b5,Trevor Mires,MusicBrainz member relationship
Incognito,London,member,mb:4f022e75-bbdb-40f7-826d-ae0ec2c2a7e6,Tony Momrelle,MusicBrainz member relationship
Incognito,London,member,mb:b71afa3f-0d4f-46b1-9572-986de9f217c0,Ski Oakenfull,MusicBrainz member relationship
Incognito,London,member,mb:b795817c-5e2b-471d-affc-66a040d3f71b,Kevin Robinson,MusicBrainz member relationship
Incognito,London,member,mb:6d1f5fea-955a-441d-a7d5-c9b84e9dd861,Joy Rose,MusicBrainz member relationship
Incognito,London,member,mb:d4b11879-c53a-4564-89d6-98e9929ec011,Andy Ross,MusicBrainz member relationship
Incognito,London,member,mb:131c6b49-f30d-4856-9b68-eb8202e959db,Francisco Sales,MusicBrainz member relationship
Incognito,London,member,mb:d14211f1-527c-4d7b-9d35-902e0abf04b1,Nichol Thomson,MusicBrainz member relationship
Incognito,London,member,mb:394530ab-0f43-46f0-a684-d7ab81bb3a2d,"Paul ""Tubbs"" Williams",MusicBrainz member relationship
Incognito,London,member,mb:476a948d-4f07-4cc4-af96-821a39deb865,Joy Malcolm,MusicBrainz member relationship
Incognito,London,member,mb:4d909e99-570d-4238-9b82-67d5895a93f9,Tony Rémy,MusicBrainz member relationship
Incognito,London,member,mb:36a89577-369a-4904-b724-00feaaa32ff9,Kelli Sae,MusicBrainz member relationship
Inspiral Carpets,Manchester,member,mb:78acfd25-19e9-49dd-beec-9cdcbab4359a,Clint Boon,MusicBrainz member relationship
Inspiral Carpets,Manchester,member,mb:77833bff-f19b-4504-ab10-2b94ba1a0d66,Craig Gill,MusicBrainz member relationship
Inspiral Carpets,Manchester,member,mb:9f3fab07-99e2-4b3e-aec2-d0ad4b3940d7,Tom Hingley,MusicBrainz member relationship
Inspiral Carpets,Manchester,member,mb:9a9082ec-9d9a-467b-8319-8f8dd967cc3d,Stephen Holt,MusicBrainz member relationship
Inspiral Carpets,Manchester,member,mb:faf1bdac-2400-4604-b1c8-010ab74ab2ad,Graham Lambert,MusicBrainz member relationship
Inspiral Carpets,Manchester,member,mb:add0113c-451e-45aa-b350-9258844d214f,David Swift,MusicBrainz member relationship
Inspiral Carpets,Manchester,member,mb:bab55e0c-6c5e-4ece-9d2f-f97e22a11fff,Martyn Walsh,MusicBrainz member relationship
Iron Maiden,London,member,mb:9e65a32f-734a-4d2b-9c22-636f8b8d67c5,Paul Day,MusicBrainz member relationship
Iron Maiden,London,member,mb:581e9d4a-b514-42d0-86b8-de37136f6ab3,Terry Rance,MusicBrainz member relationship
Iron Maiden,London,member,mb:decad17c-6450-4d15-aed1-4e90010aac7f,Dave Sullivan,MusicBrainz member relationship
Iron Maiden,London,member,mb:5c2a207b-8511-4ebf-82e1-bec74bc07384,"Ron ""Rebel"" Matthews",MusicBrainz member relationship
Iron Maiden,London,member,mb:995a37a5-17a5-4cf8-a497-88e3beb2edc1,Steve Harris,MusicBrainz member relationship
Iron Maiden,London,member,mb:621428e2-892f-4a4e-8254-80312b79913c,Dave Murray,MusicBrainz member relationship
Iron Maiden,London,member,mb:f6dfa534-8851-4c92-ade5-48d5f8fe17cf,Dennis Wilcock,MusicBrainz member relationship
Iron Maiden,London,member,mb:d6c7c134-7d63-469d-a787-cbcce7b90f87,Tony Moore,MusicBrainz member relationship
Iron Maiden,London,member,mb:a247aa5a-253f-433d-bee8-463891d523e0,Bob Sawyer,MusicBrainz member relationship
Iron Maiden,London,member,mb:9b7b7805-3e65-4418-aebf-08454a828acd,Thunderstick,MusicBrainz member relationship
Iron Maiden,London,member,mb:3511cd2a-f947-4422-afba-e88f0744eac9,Terry Wapram,MusicBrainz member relationship
Iron Maiden,London,member,mb:851b92a6-23be-41ef-af70-dd3af3b93be5,Doug Sampson,MusicBrainz member relationship
Iron Maiden,London,member,mb:85994c53-062f-462e-95fd-3a521dd1fcd2,Paul Di’Anno,MusicBrainz member relationship
Iron Maiden,London,member,mb:efd56085-d74b-4375-8637-03458d38fd89,Dennis Stratton,MusicBrainz member relationship
Iron Maiden,London,member,mb:08a4077f-ae0c-4454-928b-15e0c472f4c4,Clive Burr,MusicBrainz member relationship
Iron Maiden,London,member,mb:e29aa8b3-e4a2-46a7-8f83-ee71153fa904,Paul Cairns,MusicBrainz member relationship
Iron Maiden,London,member,mb:19fee2f3-333f-47b2-961e-4b590c3e03df,Tony Parsons,MusicBrainz member relationship
Iron Maiden,London,member,mb:33e97ee6-2dde-409c-a87e-0500ec66d213,Paul Todd,MusicBrainz member relationship
Iron Maiden,London,member,mb:400cc081-5ebd-4571-afa9-7c993fb56ac4,Adrian Smith,MusicBrainz member relationship
Iron Maiden,London,member,mb:50698127-f6f4-4c0c-8010-db98c21100e1,Bruce Dickinson,MusicBrainz member relationship
Iron Maiden,London,member,mb:2b08cca8-5ace-4aba-a04c-b4bb02867dcf,Nicko McBrain,MusicBrainz member relationship
Iron Maiden,London,member,mb:d883f57b-9696-4273-9272-150a8df82360,Janick Gers,MusicBrainz member relationship
Iron Maiden,London,member,mb:fa7dae50-95f8-434b-af06-c8cdb3c9471a,Blaze Bayley,MusicBrainz member relationship
Iron Maiden,London,member,mb:b908a86d-c49d-4200-a204-56e8881843b9,Simon Dawson,MusicBrainz member relationship
JLS,London,member,mb:ed4fc53b-17cf-4e02-8f37-1281623f4371,Oritsé,MusicBrainz member relationship
JLS,London,member,mb:8e1dcff6-3e82-49ef-966d-2ea2bb30897f,Jonathan ‘JB’ Gill,MusicBrainz member relationship
JLS,London,member,mb:4bd9ea4e-7c90-43f4-8ebe-da4b65e0895c,Marvin Humes,MusicBrainz member relationship
JLS,London,member,mb:5496818a-6498-42e6-83df-a56287ff6236,Aston Merrygold,MusicBrainz member relationship
JLS,London,member,mb:959eb9ef-e77d-42c7-acf1-91ba5f68bd98,Oritsé Williams,MusicBrainz member relationship
Jack Beats,London,member,mb:5734c05f-8d4f-4e3a-a046-b63d6754d9a5,Beni G,MusicBrainz member relationship
Jack Beats,London,member,mb:3b3df13d-c4fb-4b92-9485-55320ed0ac5f,DJ Plus One,MusicBrainz member relationship
Jamiroquai,London,member,mb:f7b742b1-77df-48ae-acfb-45d053940714,Wallis Buchanan,MusicBrainz member relationship
Jamiroquai,London,member,mb:d5b9db1d-7856-49d5-9780-459ab9366c2f,Toby Smith,MusicBrainz member relationship
Jamiroquai,London,member,mb:0eec027c-6a95-4229-97b3-422f1888b35d,Jay Kay,MusicBrainz member relationship
Jamiroquai,London,member,mb:53401115-f7a6-4fb1-b7f7-d072691ebef4,Nick Van Gelder,MusicBrainz member relationship
Jamiroquai,London,member,mb:95374407-3685-4ad3-a2d7-edb4b13d0b21,Maurizio Ravalico,MusicBrainz member relationship
Jamiroquai,London,member,mb:5d67effa-ea4e-4638-a801-b7d415362117,Gavin Dodds,MusicBrainz member relationship
Jamiroquai,London,member,mb:b7b10721-a4e1-4e3f-afdf-3bf20df73f76,John Thirkell,MusicBrainz member relationship
Jamiroquai,London,member,mb:651bf54f-1ffb-41e3-8cb9-9e48f1418019,Stuart Zender,MusicBrainz member relationship
Jamiroquai,London,member,mb:a45fc2f8-4a32-4be9-9d4a-894eda9be537,DJ D-Zire,MusicBrainz member relationship
Jamiroquai,London,member,mb:3ea9bbe7-8777-434a-9538-1ca771706dc2,Derrick McKenzie,MusicBrainz member relationship
Jamiroquai,London,member,mb:960dec84-1f90-4a80-bd9b-6e3d66f77692,Simon Katz,MusicBrainz member relationship
Jamiroquai,London,member,mb:aaba2457-1869-4282-8431-2806f0b66be5,Sola Akingbola,MusicBrainz member relationship
Jamiroquai,London,member,mb:51b44fd5-a6d7-4b60-a72b-12c382b4d3da,Nick Fyffe,MusicBrainz member relationship
Jamiroquai,London,member,mb:b9b34901-8d0a-4bc9-b295-a204b39c8d85,Simon Carter,MusicBrainz member relationship
Jamiroquai,London,member,mb:92f54c08-1304-4b12-a1b3-8b1cffb2395a,Samantha Smith,MusicBrainz member relationship
Jamiroquai,London,member,mb:a6a34094-d9cf-468b-96cb-0ca7b51bffe2,Rob Harris,MusicBrainz member relationship
Jamiroquai,London,member,mb:9e2ba9e2-3cb0-44b7-9f20-77565c663133,Matt Johnson,MusicBrainz member relationship
Jamiroquai,London,member,mb:d9c4282b-87ef-482d-a9b7-0660cadc1c37,Paul Turner,MusicBrainz member relationship
Jamiroquai,London,member,mb:e5b0dc65-a067-4fd3-8ff5-b5808f62f94f,Howard Anderson,MusicBrainz member relationship
Jamiroquai,London,member,mb:95169dc9-0837-4034-a3cd-4fd88293fe19,Hazel Fernandes,MusicBrainz member relationship
Jamiroquai,London,member,mb:6f987c2e-d1a5-42ee-b41d-1be174e5ddda,Dee Lewis,MusicBrainz member relationship
Jamiroquai,London,member,mb:b683ae92-a339-4756-8f0e-7944aaebb45e,Lorraine McIntosh,MusicBrainz member relationship
Jamiroquai,London,member,mb:8f972f6d-4769-48e1-a51d-67a2da539b23,Adrian Revell,MusicBrainz member relationship
Jamiroquai,London,member,mb:682fca86-c1b3-49f0-b4e1-fda6d1787f6a,Winston Rollins,MusicBrainz member relationship
Japan,London,member,mb:855190fc-d119-4168-9317-30031a3c6362,Rob Dean,MusicBrainz member relationship
Japan,London,member,mb:4bbc567d-8d09-4dac-8a81-98a117088378,Richard Barbieri,MusicBrainz member relationship
Japan,London,member,mb:0b05fe28-8c92-479f-81f4-39ec41806af2,Steve Jansen,MusicBrainz member relationship
Japan,London,member,mb:0cc52b63-c9bc-4130-81d3-1ca0c31804a7,Mick Karn,MusicBrainz member relationship
Japan,London,member,mb:719db6b1-0d91-458c-8d18-875ec44105bf,David Sylvian,MusicBrainz member relationship
Jethro Tull,Luton,member,mb:88503676-d31b-458f-80a7-c38d758688b2,Mick Abrahams,MusicBrainz member relationship
Jethro Tull,Luton,member,mb:d7546c3b-8e41-41bf-a046-d2c366d3568c,Glenn Cornick,MusicBrainz member relationship
Jethro Tull,Luton,member,mb:727640ec-95f5-4d0e-82c0-ab334c20a3ac,Clive Bunker,MusicBrainz member relationship
Jethro Tull,Luton,member,mb:12fffb1f-39af-4efe-9426-92e05bb651d1,Ian Anderson,MusicBrainz member relationship
Jethro Tull,Luton,member,mb:6c68bf5a-88cb-4b46-ac06-306b327b03e1,Martin Barre,MusicBrainz member relationship
Jethro Tull,Luton,member,mb:e5fa0175-2e93-4ca7-90c3-33f239381252,Tony Iommi,MusicBrainz member relationship
Jethro Tull,Luton,member,mb:16d9683a-6e64-4163-a56a-fa351d56b13d,John Evan,MusicBrainz member relationship
Jethro Tull,Luton,member,mb:bf2fdd63-37ff-4263-a32c-2833dc43a780,Jeffrey Hammond Hammond,MusicBrainz member relationship
Jethro Tull,Luton,member,mb:ab99a5a7-26cb-42e8-abbd-9eebb6c2d40a,Barriemore Barlow,MusicBrainz member relationship
Jethro Tull,Luton,member,mb:301986e2-cfb6-436a-8178-124b13c11d8e,John Glascock,MusicBrainz member relationship
Jethro Tull,Luton,member,mb:e54203ac-f4ee-4970-a54f-78993f8b91a1,Dee Palmer,MusicBrainz member relationship
Jethro Tull,Luton,member,mb:58a6aa14-9c27-42d1-8667-859892cb3a29,Dave Pegg,MusicBrainz member relationship
Jethro Tull,Luton,member,mb:8006ec85-aed2-499a-b3d8-1b02cac9782b,Mark Craney,MusicBrainz member relationship
Jethro Tull,Luton,member,mb:824dcca4-d658-41b3-95c5-07d0d183b5c6,Eddie Jobson,MusicBrainz member relationship
Jethro Tull,Luton,member,mb:cf0fe6db-86a8-48c9-89c1-b8dd26f712f0,Gerry Conway,MusicBrainz member relationship
Jethro Tull,Luton,member,mb:33c63780-77b2-47dd-9098-9432b1e9ea66,Peter-John Vettese,MusicBrainz member relationship
Jethro Tull,Luton,member,mb:78da9bf1-8429-4003-89a2-5c5efa63da7b,Paul Burgess,MusicBrainz member relationship
Jethro Tull,Luton,member,mb:de28c0d5-12c9-42c2-a392-49a556e0c888,Doane Perry,MusicBrainz member relationship
Jethro Tull,Luton,member,mb:035b180f-0a7c-4454-b862-8d68bd2178c5,Maartin Allcock,MusicBrainz member relationship
Jethro Tull,Luton,member,mb:88eedc67-59e4-4054-ba12-823542088a9e,Dave Mattacks,MusicBrainz member relationship
Jethro Tull,Luton,member,mb:e167a5fc-778e-44ec-a4dd-d3f1b5d61558,Andrew Giddings,MusicBrainz member relationship
Jethro Tull,Luton,member,mb:d1b05469-8012-4030-b47f-f5653d624ca9,Jonathan Noyce,MusicBrainz member relationship
Jethro Tull,Luton,member,mb:da425855-131b-4034-9bbc-99c92bbd8331,David Goodier,MusicBrainz member relationship
Jethro Tull,Luton,member,mb:7d53fcb9-4189-4bb1-a8cb-9fd29d1b87c1,John O’Hara,MusicBrainz member relationship
Jethro Tull,Luton,member,mb:1dd8ad82-84f7-4e24-98b7-8d9db2a0f76d,Anna Phoebe,MusicBrainz member relationship
Jethro Tull,Luton,member,mb:ef43b433-5f3b-4478-adc7-fa5dad5a81e8,Scott Hammond,MusicBrainz member relationship
Jethro Tull,Luton,member,mb:e6c537dc-0776-47e9-8e52-38a30d515f04,Tony Williams,MusicBrainz member relationship
Jockstrap,London,member,mb:8994432f-57d9-4fe6-adc1-db6674a5fff4,Georgia Ellery,MusicBrainz member relationship
Jockstrap,London,member,mb:8f9e08b1-545d-499b-b48b-dc8c5a5f037a,Taylor Skye,MusicBrainz member relationship
Johnny Hates Jazz,London,member,mb:7bab9275-c661-4b9b-b1fe-4ed9fd8cffe6,Phil Thornalley,MusicBrainz member relationship
Johnny Hates Jazz,London,member,mb:67be79b8-7de1-44a1-9832-423aee92a7a7,Clark Datchler,MusicBrainz member relationship
Johnny Hates Jazz,London,member,mb:ce7c49c0-625a-4830-84ee-24e58b47d254,Mike Nocito,MusicBrainz member relationship
Johnny Hates Jazz,London,member,mb:4c03bfec-437a-4029-b984-0401dff98147,Calvin Hayes,MusicBrainz member relationship
Johnny Kidd & The Pirates,London,member,mb:6f4b7111-8aa4-4a6f-8fdc-14c13413e713,Johnny Kidd,MusicBrainz member relationship
Johnny Kidd & The Pirates,London,member,mb:4ffa6948-0e67-4514-9ad5-214087291a22,Alan Caddy,MusicBrainz member relationship
Johnny Kidd & The Pirates,London,member,mb:d2e6c9fe-57ad-45ce-8ecc-a0de972742bc,Clem Cattini,MusicBrainz member relationship
Johnny Kidd & The Pirates,London,member,mb:9857587a-10f3-44c9-a158-68095c433426,Vic Cooper,MusicBrainz member relationship
Johnny Kidd & The Pirates,London,member,mb:90082ad5-a4bc-42cd-860b-0cc3f149c840,Frank Farley,MusicBrainz member relationship
Johnny Kidd & The Pirates,London,member,mb:6bfa5f7c-c93f-49bb-a4c5-d815f48ce0e1,Mick Green,MusicBrainz member relationship
Johnny Kidd & The Pirates,London,member,mb:26d21329-38c1-4819-b49b-dcaa21aea5b3,Brian Gregg,MusicBrainz member relationship
Johnny Kidd & The Pirates,London,member,mb:b794ad96-fadf-42c2-8a99-da8e853135a9,Frederick Heath,MusicBrainz member relationship
Johnny Kidd & The Pirates,London,member,mb:946f4490-a9f0-45be-9471-5b4bf34fb0a8,John Moorshead,MusicBrainz member relationship
Johnny Kidd & The Pirates,London,member,mb:4b00b11f-de37-4295-aa73-67468fd671af,Johnny Patto,MusicBrainz member relationship
Johnny Kidd & The Pirates,London,member,mb:00929331-8a98-4651-9052-6feaf0458b81,Nick Simper,MusicBrainz member relationship
Johnny Kidd & The Pirates,London,member,mb:0acf53c5-083d-43b4-b9ae-9e9918326186,Johnny Spence,MusicBrainz member relationship
Johnny Kidd & The Pirates,London,member,mb:6d030c80-6f93-467c-b502-929e4044b1a8,Roger Truth,MusicBrainz member relationship
Johnny Kidd & The Pirates,London,member,mb:c1f89672-36a4-4943-b6e0-275cd4838cc4,John Weider,MusicBrainz member relationship
Joy Division,Manchester,member,mb:10ae1bf6-88b2-4fb4-8fbe-8227a49803d3,Ian Curtis,MusicBrainz member relationship
Joy Division,Manchester,member,mb:73e7c483-9f3e-4a72-a359-582452fbaeac,Peter Hook,MusicBrainz member relationship
Joy Division,Manchester,member,mb:b3036249-8b39-4d02-a312-d31a63497bbc,Stephen Morris,MusicBrainz member relationship
Joy Division,Manchester,member,mb:6fa2e161-200e-475a-8492-3755594581f9,Bernard Sumner,MusicBrainz member relationship
Judas Priest,Birmingham,member,mb:3651334d-6513-40e1-adbb-423acf0ad3d6,Ernie Chataway,MusicBrainz member relationship
Judas Priest,Birmingham,member,mb:6bfe5aa2-ef88-4001-8be0-c844cf5eb106,John Partridge,MusicBrainz member relationship
Judas Priest,Birmingham,member,mb:f5db7c1a-9c46-464d-b067-5bd2113d0515,Bruno Stapenhill,MusicBrainz member relationship
Judas Priest,Birmingham,member,mb:852de41a-ae22-4cdd-b6e3-49c9ddef6df2,Al Atkins,MusicBrainz member relationship
Judas Priest,Birmingham,member,mb:e6fbb8f7-9545-4f3f-b835-2fed39022f89,Kenneth Downing,MusicBrainz member relationship
Judas Priest,Birmingham,member,mb:c245dbe9-46e9-4ade-beee-38eb478adc09,Ian Hill,MusicBrainz member relationship
Judas Priest,Birmingham,member,mb:2d6566f2-08ca-482c-b3d9-d654a9190b19,John Ellis,MusicBrainz member relationship
Judas Priest,Birmingham,member,mb:df630e0a-c966-4f50-b7e5-c19ec20138f7,Chris Campbell,MusicBrainz member relationship
Judas Priest,Birmingham,member,mb:bfc2cbfb-8660-467d-acdd-0fe7f6904547,Alan Moore,MusicBrainz member relationship
Judas Priest,Birmingham,member,mb:71b5852c-a359-4ca6-bcb1-219a2b3e68ea,John Hinch,MusicBrainz member relationship
Judas Priest,Birmingham,member,mb:9f0d5967-5b88-44d6-9fa1-7d4bb8b61ed0,Rob Halford,MusicBrainz member relationship
Judas Priest,Birmingham,member,mb:13b14a2e-470c-434c-8f89-c8763f849e2c,Glenn Tipton,MusicBrainz member relationship
Judas Priest,Birmingham,member,mb:cc8a09ef-bd78-41dc-af3e-22a51cd0d09a,Simon Phillips,MusicBrainz member relationship
Judas Priest,Birmingham,member,mb:1bd61509-828b-4dff-9193-46bd20bf65ed,Les Binks,MusicBrainz member relationship
Judas Priest,Birmingham,member,mb:f6aa5c4a-38d8-4967-b983-52bd039bce33,Dave Holland,MusicBrainz member relationship
Judas Priest,Birmingham,member,mb:1a6624a1-324f-4b0e-98f2-6ff8e9c12310,Scott Travis,MusicBrainz member relationship
Judas Priest,Birmingham,member,mb:5d61bd85-d2d1-4945-8982-6f85cb206dbc,Tim “Ripper” Owens,MusicBrainz member relationship
Judas Priest,Birmingham,member,mb:49f4d882-cbeb-4e72-9b42-a043a64151ee,Richie Faulkner,MusicBrainz member relationship
Jungle,London,member,mb:b6e5874e-eebb-40b1-a5c8-813669884d6a,J Lloyd,MusicBrainz member relationship
Jungle,London,member,mb:4d95e278-255e-4fdc-9403-a0ab60763577,Tom McFarland,MusicBrainz member relationship
Juno Reactor,London,member,mb:607aef02-6fe5-4d3d-8d78-6926fdd3c111,Johann Bley,MusicBrainz member relationship
Juno Reactor,London,member,mb:0a921c39-dc03-4334-b8e6-063a8e156f14,Nick Burton,MusicBrainz member relationship
Juno Reactor,London,member,mb:459d0816-ee68-4b60-9b11-2f48d3890b9b,Stephane Holweck,MusicBrainz member relationship
Juno Reactor,London,member,mb:041686eb-318e-4fd9-b4cf-b4a61e7935fc,Paul Jackson,MusicBrainz member relationship
Juno Reactor,London,member,mb:bb9aa2d3-b3a3-464c-a0de-ef453ccda635,Kris Kylven,MusicBrainz member relationship
Juno Reactor,London,member,mb:9d49ecae-054b-41f9-9fb7-6946f34bd7d3,Mike Maguire,MusicBrainz member relationship
Juno Reactor,London,member,mb:868d0762-7355-4ffd-b247-c89e57e992b5,Jens Waldebäck,MusicBrainz member relationship
Juno Reactor,London,member,mb:e321ce48-3fd8-4a00-aec8-7abadb467943,Ben Watkins,MusicBrainz member relationship
KNEECAP,Belfast,member,mb:a03f336e-d596-4e7d-9474-496efd12093d,DJ Próvaí,MusicBrainz member relationship
KNEECAP,Belfast,member,mb:3c65db26-82c5-420d-bcce-5b9a79fcf27b,Mo Chara,MusicBrainz member relationship
KNEECAP,Belfast,member,mb:9e1147dd-3e44-4297-81ed-1696c1fa36df,Moglaí Bap,MusicBrainz member relationship
KOAN Sound,Bristol,member,mb:5e659e76-5dff-4541-99bd-fe4549532fa6,James Felix Bastow,MusicBrainz member relationship
KOAN Sound,Bristol,member,mb:b3d8c400-1d3c-4a72-b28b-1fd14997e575,William Jose Weeks,MusicBrainz member relationship
Kaiser Chiefs,Leeds,member,mb:15866627-9277-4a9e-810d-c0552d90299d,Nick J.D. Hodgson,MusicBrainz member relationship
Kaiser Chiefs,Leeds,member,mb:907614f0-7856-4e3a-8a49-40b63131ba39,Nick Baines,MusicBrainz member relationship
Kaiser Chiefs,Leeds,member,mb:7083540d-ff3e-4245-b167-0c6661609b15,Simon Rix,MusicBrainz member relationship
Kaiser Chiefs,Leeds,member,mb:910668b8-04f6-419b-90f4-70b6e45bc6d8,Andrew White,MusicBrainz member relationship
Kaiser Chiefs,Leeds,member,mb:0a554e0a-f0c6-48c1-90d8-4da4ef6c8c7d,Ricky Wilson,MusicBrainz member relationship
Kaiser Chiefs,Leeds,member,mb:f4e2328f-096b-40d1-b5bf-903b1ad4c809,Vijay Mistry,MusicBrainz member relationship
Kasabian,Leicester,member,mb:dd417bf4-dde5-4472-a0ce-78ef903b7eba,Christopher Karloff,MusicBrainz member relationship
Kasabian,Leicester,member,mb:09f9a80b-bddb-41b5-8d87-995ccb072f4a,Tom Meighan,MusicBrainz member relationship
Kasabian,Leicester,member,mb:9376d05e-75f1-4550-9baf-bc342d93db26,Chris Edwards,MusicBrainz member relationship
Kasabian,Leicester,member,mb:e0f76da1-4b75-4ade-b581-e52a9b3f9e41,Sergio Pizzorno,MusicBrainz member relationship
Kasabian,Leicester,member,mb:eb1d8527-9833-4777-be41-b6e96c1ae2f1,Ian Matthews,MusicBrainz member relationship
Kasabian,Leicester,member,mb:7df26b2c-d443-4415-b624-1fffc165da54,Tim Carter,MusicBrainz member relationship
Katrina & The Waves,Cambridge,member,mb:e99a340c-dc77-4087-9d76-4475809e008b,Alex Cooper,MusicBrainz member relationship
Katrina & The Waves,Cambridge,member,mb:87da0559-c7fe-4ea3-aad8-29609c0e60a4,Vince de la Cruz,MusicBrainz member relationship
Katrina & The Waves,Cambridge,member,mb:a7737ee3-1762-4bca-9026-da6aa7d1a499,Katrina Leskanich,MusicBrainz member relationship
Katrina & The Waves,Cambridge,member,mb:bd69f9fb-4213-4646-a5f8-57f60f7d9be4,Kimberley Rew,MusicBrainz member relationship
Keane,Hastings,member,mb:9b413a13-f621-4ab0-ba95-7ddb066360c9,Dominic Scott,MusicBrainz member relationship
Keane,Hastings,member,mb:cd4d2dd3-f142-4d3a-b185-eac7ea8d020f,Richard Hughes,MusicBrainz member relationship
Keane,Hastings,member,mb:8756fffc-b91a-4e3e-9a14-12efcc8a94b5,Tim Rice‐Oxley,MusicBrainz member relationship
Keane,Hastings,member,mb:f68af171-56ab-49cb-a8c2-977738f1860e,Tom Chaplin,MusicBrainz member relationship
Keane,Hastings,member,mb:89db792f-891e-40a5-8a7a-560af2c1a97f,Jesse Quin,MusicBrainz member relationship
Kero Kero Bonito,London,member,mb:3a2bd9a3-8dca-467e-b5e6-a8c1c93f60e3,Gus Lobban,MusicBrainz member relationship
Kero Kero Bonito,London,member,mb:329ef27a-0555-4698-babc-f69c0814a097,Sarah Bonito,MusicBrainz member relationship
Kero Kero Bonito,London,member,mb:d5de521c-8262-4a84-a448-377ac48285ad,Jamie Bulled,MusicBrainz member relationship
Killing Joke,London,member,mb:0a1811e9-4251-4669-b5ab-0534c145806f,Youth,MusicBrainz member relationship
Killing Joke,London,member,mb:beffec12-3c55-4a31-a666-2726c1f173c1,Paul Ferguson,MusicBrainz member relationship
Killing Joke,London,member,mb:282de6ac-ba23-41f3-9fef-67c531b56167,Jaz Coleman,MusicBrainz member relationship
Killing Joke,London,member,mb:ec5f36d7-ebe5-461e-afd6-c2839f0f3325,Paul Raven,MusicBrainz member relationship
Killing Joke,London,member,mb:4fdcc071-4125-433c-9b57-de2084d8d48f,Martin Atkins,MusicBrainz member relationship
Killing Joke,London,member,mb:24a3a217-7405-4fed-9d76-6f7d708b6dcf,Reza Udhin,MusicBrainz member relationship
Killing Joke,London,member,mb:f8cec1ac-ade6-46af-96c8-b600b10374eb,Geordie Walker,MusicBrainz member relationship
Killing Joke,London,member,mb:136b2664-686f-4ae4-acf9-6f34446636d4,Danny Lohner,MusicBrainz member relationship
King Hannah,Liverpool,member,mb:3ae48fb7-b612-4bf4-ac60-3149502b6bd4,Hannah Merrick,MusicBrainz member relationship
King Hannah,Liverpool,member,mb:b7aa0e54-c398-4e5d-b7e7-c3a1ccd91341,Craig Whittle,MusicBrainz member relationship
Klaxons,London,member,mb:f0e5e676-ee8e-4f84-b345-2e5d7a7dd557,Simon Taylor-Davis,MusicBrainz member relationship
Klaxons,London,member,mb:6a9a52a2-14d2-43c7-abdf-c90b949db792,James Righton,MusicBrainz member relationship
Klaxons,London,member,mb:c514a7f5-6107-4ff5-a1fd-988e8f164b95,Steffan Halperin,MusicBrainz member relationship
Klaxons,London,member,mb:0335d8a4-4628-421c-89ef-aa7f691ab990,Jamie Reynolds,MusicBrainz member relationship
Kokoroko,London,member,mb:e689891b-febc-4d94-9f46-7b97031f0c68,Tobi Adenaike,MusicBrainz member relationship
Kokoroko,London,member,mb:c08b17d6-a4ce-4ec0-925c-43b5c07a96d8,Mutale Chashi,MusicBrainz member relationship
Kokoroko,London,member,mb:5b9984a8-44a5-4662-83be-a79b6b07c510,Onome Edgeworth,MusicBrainz member relationship
Kokoroko,London,member,mb:3285c8ad-90c5-4641-afde-9a4b20d1d8ef,Yohan Kebede,MusicBrainz member relationship
Kokoroko,London,member,mb:f6ea2c73-df9c-408a-bb4a-78ecf683d877,Cassie Kinoshi,MusicBrainz member relationship
Kokoroko,London,member,mb:2e358555-415c-478b-a0b5-b0b329170028,Sheila Maurice‐Grey,MusicBrainz member relationship
Kokoroko,London,member,mb:bfb336a7-1c03-48b1-975c-3d37c7488724,Ms MAURICE,MusicBrainz member relationship
Kokoroko,London,member,mb:28c4b85c-113b-4871-95ad-52ebc9704bd0,Oscar Jerome,MusicBrainz member relationship
Kokoroko,London,member,mb:bd6d20f8-7284-4af0-baeb-c8b67dfd5086,Ayo Salawu,MusicBrainz member relationship
Kokoroko,London,member,mb:f28865c0-f071-4919-9c8a-3801c552fb06,Richie Seivwright,MusicBrainz member relationship
Kula Shaker,London,member,mb:360ee138-a635-4121-8e27-a6c34189aeb8,Alonza Bevan,MusicBrainz member relationship
Kula Shaker,London,member,mb:d691ad3c-eb92-48eb-b5b8-4fa1202a6c8d,Harry Broadbent,MusicBrainz member relationship
Kula Shaker,London,member,mb:41f53a13-b9c7-4ec2-ab7a-bcf6d36ee7ec,Jay Darlington,MusicBrainz member relationship
Kula Shaker,London,member,mb:a82ace67-17f6-49f1-9845-eb49801c4a1d,Crispian Mills,MusicBrainz member relationship
Kula Shaker,London,member,mb:40182e9b-0a08-40be-b0e5-03d67c6488b6,Paul Winter-Hart,MusicBrainz member relationship
LF SYSTEM,Edinburgh,member,mb:428278a9-e322-4db7-a1a3-20213ef69686,Seán Finnigan,MusicBrainz member relationship
LF SYSTEM,Edinburgh,member,mb:50e481a3-4fdd-4416-9580-5657e7a8540e,Steve Larkman,MusicBrainz member relationship
LFO,Leeds,member,mb:db2521dc-726b-4bd1-8a45-cf0b43b7069a,Gez Varley,MusicBrainz member relationship
LFO,Leeds,member,mb:22600474-07c1-4557-9d1a-1c919a2d085e,Mark Bell,MusicBrainz member relationship
La Roux,London,member,mb:c9cf84ad-e900-40f3-9e1e-e51f39b367e0,Ben Langmaid,MusicBrainz member relationship
La Roux,London,member,mb:eb7fd13f-5239-4751-bc1f-665f0f1f9dd7,Elly Jackson,MusicBrainz member relationship
Ladytron,Liverpool,member,mb:1d4e98a1-d79c-4348-be8d-bf3b60383aec,Reuben Wu,MusicBrainz member relationship
Ladytron,Liverpool,member,mb:d2d7b1ef-17af-4b8f-8607-22544a821cef,Mira Aroyo,MusicBrainz member relationship
Ladytron,Liverpool,member,mb:6509f5ae-ebd6-451d-93d3-5b928ef857d4,Daniel Hunt,MusicBrainz member relationship
Ladytron,Liverpool,member,mb:8666e4c8-0926-420e-9d00-70c694e2ac8d,Helen Marnie,MusicBrainz member relationship
Ladytron,Liverpool,member,mb:ad9f40c8-6e7e-40eb-89b2-22c455305824,Pop Levi,MusicBrainz member relationship
Lamb,Manchester,member,mb:355c08df-ff85-4210-a99c-2a81d8afbe3b,Andrew Barlow,MusicBrainz member relationship
Lamb,Manchester,member,mb:41b2f0f1-9142-49e9-a830-5291fe1a7b93,Lou Rhodes,MusicBrainz member relationship
Lanterns on the Lake,Newcastle,member,mb:ef04d80e-1a13-42f7-9f0f-f7dc34b5a135,Sarah Kemp,MusicBrainz member relationship
Lanterns on the Lake,Newcastle,member,mb:4e965c69-c8fc-4764-b24e-dddff4af2cf9,Hazel Wilde,MusicBrainz member relationship
Led Zeppelin,London,member,mb:9c2b375c-ce68-44a8-90ac-e06b177f43f9,John Bonham,MusicBrainz member relationship
Led Zeppelin,London,member,mb:4490113a-3880-4f5b-a39b-105bfceaed04,John Paul Jones,MusicBrainz member relationship
Led Zeppelin,London,member,mb:519774a4-3b18-4042-b8c0-927845a616c9,Jimmy Page,MusicBrainz member relationship
Led Zeppelin,London,member,mb:bd53f9a7-8be9-46b0-bf7d-1deea3cb57bc,Robert Plant,MusicBrainz member relationship
Leftfield,London,member,mb:c0e73898-fbe2-4d9f-b18c-ad7c6ac17f70,Paul Daley,MusicBrainz member relationship
Leftfield,London,member,mb:e085f2f8-f37f-44ac-bca3-30ea298beb6c,Neil Barnes,MusicBrainz member relationship
Leftfield,London,member,mb:60f93368-470f-4f34-9efb-2bfa9f2d043a,Cheshire Cat,MusicBrainz member relationship
Lemon Jelly,London,member,mb:a3de3387-0eed-413b-8996-af5b75c215bc,Fred Deakin,MusicBrainz member relationship
Lemon Jelly,London,member,mb:39cf59a3-c6cc-42eb-9fd8-4dbb4b627289,Nick Franglen,MusicBrainz member relationship
Let's Eat Grandma,Norwich,member,mb:45838906-6466-4227-b343-d44925673494,Jenny Louise Hollingworth,MusicBrainz member relationship
Let's Eat Grandma,Norwich,member,mb:9a6273b2-72fa-47a4-a48b-073d6cbe037d,Rosa Walton,MusicBrainz member relationship
Levellers,Brighton and Hove,member,mb:7a2aa6d3-333f-4ae6-bad5-ecfd1b52b2ae,Alan Miles,MusicBrainz member relationship
Levellers,Brighton and Hove,member,mb:6b77c5b6-c465-4bcd-9ee2-b855255ef483,Mark Chadwick,MusicBrainz member relationship
Levellers,Brighton and Hove,member,mb:e98ee996-096e-41de-894a-691af4a9be80,Jeremy Cunningham,MusicBrainz member relationship
Levellers,Brighton and Hove,member,mb:c23aaba8-fdc5-4277-bd2c-810029cb7152,Charlie Heather,MusicBrainz member relationship
Levellers,Brighton and Hove,member,mb:dee18767-ef8f-4a8e-854a-3c70c743f6aa,Jon Sevink,MusicBrainz member relationship
Levellers,Brighton and Hove,member,mb:73e105ba-fd2c-4e9a-a38d-a880a31db23a,Simon Friend,MusicBrainz member relationship
Levellers,Brighton and Hove,member,mb:68f367bc-bf6c-412c-9bbf-37a4d1c5036d,Freeborn John Theatre Company,MusicBrainz member relationship
Levellers,Brighton and Hove,member,mb:bcbe46d7-28d6-46dd-869a-d30a20e19cc9,Dan Donnelly,MusicBrainz member relationship
Levellers,Brighton and Hove,member,mb:9483d02c-73e4-4bad-9fee-4350436c5e27,Stephen Boakes,MusicBrainz member relationship
Levellers,Brighton and Hove,member,mb:b4410bbb-b111-4b25-8e72-f5a9f45bcef7,Matt Savage,MusicBrainz member relationship
Levitation,London,member,mb:82cc2139-0458-4ab0-8b3d-ed6d5f6b1163,Laurence O'Keefe,MusicBrainz member relationship
Levitation,London,member,mb:e5df3ca6-9180-46c9-902a-cf4a70c8640c,Terry Bickers,MusicBrainz member relationship
Levitation,London,member,mb:65ab74cc-8ca5-4972-8cd4-4e370250c0cd,David Francolini,MusicBrainz member relationship
Levitation,London,member,mb:79b70d13-9e8d-4cc6-8614-f1c94b08a7df,Christian Hayes,MusicBrainz member relationship
Levitation,London,member,mb:c45faf46-e87d-4eec-a995-d7b98e47055a,Johnny T,MusicBrainz member relationship
Levitation,London,member,mb:858f926b-92a1-4cc0-8c7f-7e46ad0b25a8,Robert White,MusicBrainz member relationship
Liberty X,London,member,mb:c48277ca-ff85-47ff-9e28-634036fa8ec3,Michelle Heaton,MusicBrainz member relationship
Liberty X,London,member,mb:d03f49bc-f1ec-48b5-8f42-ef940543a6dc,Tony Lundon,MusicBrainz member relationship
Liberty X,London,member,mb:897aad4b-074a-4ae1-93b5-2d65268e9551,Kevin Simm,MusicBrainz member relationship
Liberty X,London,member,mb:9c49f393-4d7a-4db4-9a31-6c73abbe33f6,Jessica Taylor,MusicBrainz member relationship
Liberty X,London,member,mb:32a6290f-e0de-4780-b46f-f9f80d8bb032,Kelli Young,MusicBrainz member relationship
Lighthouse Family,Newcastle,member,mb:1449f90d-f26f-4363-9eec-b2b828a979f0,Tunde Baiyewu,MusicBrainz member relationship
Lighthouse Family,Newcastle,member,mb:28850182-43a8-4afd-9be2-79e563132b8b,Paul Tucker,MusicBrainz member relationship
Little Mix,London,member,mb:e3b812c9-96ca-4ecc-86e1-f019a494d399,Jesy Nelson,MusicBrainz member relationship
Little Mix,London,member,mb:f4108df8-cf1f-4279-a840-599b2a291127,JADE,MusicBrainz member relationship
Little Mix,London,member,mb:7ca99f66-9cb3-4e2c-acfc-d66e9f7b67f4,Leigh‐Anne,MusicBrainz member relationship
Little Mix,London,member,mb:8c95b354-a580-4778-86bd-c2834d6144d3,Perrie,MusicBrainz member relationship
Little Mix,London,member,mb:b04f3ce8-425a-4e3e-9654-023bb88a7e90,The X Factor Finalists 2011,MusicBrainz member relationship
Living In A Box,Sheffield,member,mb:71ab064e-741d-4b3f-91ad-3fb7de7749a6,Anthony Critchlow,MusicBrainz member relationship
Living In A Box,Sheffield,member,mb:def22d30-b05a-4497-bd53-f92a9c10987c,Marcus Vere,MusicBrainz member relationship
Living In A Box,Sheffield,member,mb:8856f4db-68b6-4ad7-93df-60b76727b713,Richard Darbyshire,MusicBrainz member relationship
Lo Fidelity Allstars,London,member,mb:bc9cedb4-01bb-46fc-b8f5-70111fd736b5,Andy Dickinson,MusicBrainz member relationship
Lo Fidelity Allstars,London,member,mb:c388309b-41a1-4912-8472-9972d59cc5e9,Johnny Machin,MusicBrainz member relationship
Lo Fidelity Allstars,London,member,mb:03d6d355-44f1-489d-a2e2-9d403dc55ca8,Sheriff John Stone,MusicBrainz member relationship
Lo Fidelity Allstars,London,member,mb:e293d06f-effa-4691-ae93-c73f8f619183,Phil Ward,MusicBrainz member relationship
Lo Fidelity Allstars,London,member,mb:632228cc-b4c3-49c4-8303-c5248284be8c,Martin Whiteman,MusicBrainz member relationship
Loadstar,Bristol,member,mb:ed08aed0-56f4-4f30-a780-da3a06545b1b,Lomax,MusicBrainz member relationship
Loadstar,Bristol,member,mb:2ce88f30-86ed-4ed6-b177-010d0e239a72,Opposition,MusicBrainz member relationship
Loadstar,Bristol,member,mb:ccd17bf1-ef6f-4ff8-8c66-d830f1c5d9fd,Xample,MusicBrainz member relationship
Loathe,Liverpool,member,mb:32989c4d-3d13-4db2-8cc5-3b08138189f8,Erik Bickerstaffe,MusicBrainz member relationship
Loathe,Liverpool,member,mb:71e63ef3-24f3-4337-930c-57a7a86622ec,Kadeem France,MusicBrainz member relationship
Loathe,Liverpool,member,mb:0d89b0a5-edbe-44ad-84b4-4e096d92e4b5,Sean Radcliffe,MusicBrainz member relationship
Loathe,Liverpool,member,mb:99c64f3d-c063-48a2-990a-ba64f8acb0ac,Feisal El-Khazragi,MusicBrainz member relationship
London Elektricity,London,member,mb:ec0072f3-67f0-40b9-9245-40ad874e7fe5,Tony Colman,MusicBrainz member relationship
London Elektricity,London,member,mb:d8c8e0c0-d1b5-4b2f-a935-e0ba71fa4737,Chris Goss,MusicBrainz member relationship
London Grammar,Nottingham,member,mb:69a9484c-7f7f-4914-b216-0aa745dcfab4,Hannah Reid,MusicBrainz member relationship
London Grammar,Nottingham,member,mb:122108d4-92ca-4ed7-adb6-0e3e2c3fd102,Dot Major,MusicBrainz member relationship
London Grammar,Nottingham,member,mb:62f158f0-9645-4bcd-a985-bff07f87a5cd,Dominic Major,MusicBrainz member relationship
London Grammar,Nottingham,member,mb:c6f7e381-ca03-461c-86cf-7e73de592fb7,Daniel Rothman,MusicBrainz member relationship
Lonely The Brave,Cambridge,member,mb:b62721e0-4710-432e-8b75-56e80c4c2499,Dave Jakes,MusicBrainz member relationship
Lonely The Brave,Cambridge,member,mb:2cedb1a6-bcac-44b8-8a81-5e319c46864e,Mark Trotter,MusicBrainz member relationship
Longpigs,Sheffield,member,mb:006f0783-c5a0-458b-a9da-f8551f7ebe77,Richard Hawley,MusicBrainz member relationship
Longpigs,Sheffield,member,mb:08307130-2c86-4ac6-abbc-8434aaf8d4e5,Diarmuid Boyle,MusicBrainz member relationship
Longpigs,Sheffield,member,mb:857cc95b-7968-40ec-ab10-9517f4d97638,Crispin Hunt,MusicBrainz member relationship
Longpigs,Sheffield,member,mb:ea7be4c5-8656-4473-8502-44ead81e9a8e,Simon Stafford,MusicBrainz member relationship
Los Campesinos!,Cardiff,member,mb:69969814-7aef-4055-a6c4-7e1bf8b555f6,Aleksandra Berditchevskaia,MusicBrainz member relationship
Los Campesinos!,Cardiff,member,mb:6ae404d2-302c-4670-8295-2bc6dab78cfc,Ollie Briggs,MusicBrainz member relationship
Los Campesinos!,Cardiff,member,mb:b38c3da5-cc2f-45d5-a78f-5972b6dd9599,Harriet Coleman,MusicBrainz member relationship
Los Campesinos!,Cardiff,member,mb:a7497151-c2f3-4be7-97df-d1e223110182,Ellen Waddell,MusicBrainz member relationship
Los Campesinos!,Cardiff,member,mb:eba5a1f2-11d0-40a6-af8e-a86e8ac6ac7c,Tom Bromley,MusicBrainz member relationship
Los Campesinos!,Cardiff,member,mb:26089630-bea4-49e0-875a-131fb134e4a3,Gareth David,MusicBrainz member relationship
Los Campesinos!,Cardiff,member,mb:32c6c541-7ebb-459f-bba4-ef1ce13c5697,Neil Turner,MusicBrainz member relationship
Los Campesinos!,Cardiff,member,mb:2abd0ccb-79bf-432f-bedb-95a8094d0569,Kim Paisey,MusicBrainz member relationship
Los Campesinos!,Cardiff,member,mb:d1b441ff-2a8f-436a-a9a1-238d87107ff8,Jason Adelinia,MusicBrainz member relationship
Los Campesinos!,Cardiff,member,mb:9456959f-c759-446b-9f47-b24d86dcc0af,Rob Taylor,MusicBrainz member relationship
Los Campesinos!,Cardiff,member,mb:444b3d15-55bc-4f1e-a68d-b259204f41e5,Matt Fidler,MusicBrainz member relationship
Love and Rockets,Northampton,member,mb:d4aa1162-78ac-437f-9900-97460e4e2f34,Daniel Ash,MusicBrainz member relationship
Love and Rockets,Northampton,member,mb:41225e9f-3b4c-4287-a778-165c65f04be9,David J,MusicBrainz member relationship
Love and Rockets,Northampton,member,mb:476cc87e-9665-43bb-80ea-7e123390ac64,Kevin Haskins,MusicBrainz member relationship
Lower Than Atlantis,London,member,mb:620470e2-de31-479f-bfb1-b510bac7a961,Lee Beaumont,MusicBrainz member relationship
Lower Than Atlantis,London,member,mb:916172e7-55ad-4edc-88a4-2f1ed6c61c0e,Mike Duce,MusicBrainz member relationship
Lower Than Atlantis,London,member,mb:964871ed-3e87-4e1f-bcf4-6e47744b8b8f,Luke Sansom,MusicBrainz member relationship
Lower Than Atlantis,London,member,mb:85b2eeef-efc9-4d44-a28a-d9c02e163f66,Matt Britz,MusicBrainz member relationship
Lower Than Atlantis,London,member,mb:cfcad9a4-4b94-4ba4-bb6f-a2e022cb53b3,Rich Wilkinson,MusicBrainz member relationship
Lower Than Atlantis,London,member,mb:65b30507-4ef1-4d69-8005-36b10bc61e03,HEADACHE,MusicBrainz member relationship
Lower Than Atlantis,London,member,mb:e0302861-ba68-445a-8ea8-67f061112647,Ben Sansom,MusicBrainz member relationship
Lower Than Atlantis,London,member,mb:b1477fc2-c272-48cd-9d94-2a759fbea564,Joshua Pickett,MusicBrainz member relationship
Lower Than Atlantis,London,member,mb:adf76f0d-16dd-4d41-ae05-69ee198a9fbe,Stephen Minter,MusicBrainz member relationship
Lower Than Atlantis,London,member,mb:bc88a764-80a0-4c09-8522-12c9798d3d7c,Ben Jennings,MusicBrainz member relationship
Lower Than Atlantis,London,member,mb:345d8de1-ff97-4b12-8816-077250c003fc,Eddy Thrower,MusicBrainz member relationship
Lower Than Atlantis,London,member,mb:b4d510e1-bf1c-4bf1-9a00-a948b1a71942,Dec Hart,MusicBrainz member relationship
Lush,London,member,mb:91fe4ce1-c4ca-49b9-9527-8b703421469a,Meriel Barham,MusicBrainz member relationship
Lush,London,member,mb:5dd6afb6-f108-4d83-a075-3a1526a22184,Steve Rippon,MusicBrainz member relationship
Lush,London,member,mb:82fb4666-5a8d-4327-a387-2aebe5e4aa7a,Chris Acland,MusicBrainz member relationship
Lush,London,member,mb:e081e59f-78b8-4f16-8f7b-de06ee155d8f,Emma Anderson,MusicBrainz member relationship
Lush,London,member,mb:00f7467f-462e-408c-8d57-ac10f33d8139,Miki Berenyi,MusicBrainz member relationship
Lush,London,member,mb:bee38d85-fe86-4ff7-b430-7d63edf9d3e6,Philip King,MusicBrainz member relationship
Lush,London,member,mb:14386518-62f5-411e-94f4-195eda69a50e,Justin Welch,MusicBrainz member relationship
M People,Manchester,member,mb:34895ebd-1bcf-4a26-9fa6-90f0de85c600,Heather Small,MusicBrainz member relationship
M People,Manchester,member,mb:8d2a0859-a371-47d0-8fb6-6029cb1cabc4,Mark Bell,MusicBrainz member relationship
M People,Manchester,member,mb:0e8dae44-2c07-422d-bc59-12fa933f8d9e,Paul Heard,MusicBrainz member relationship
M People,Manchester,member,mb:5da7585b-4ac0-420f-8c58-9bb8522b459c,Mike Pickering,MusicBrainz member relationship
M People,Manchester,member,mb:c9c730a6-1924-4cb6-b08b-5de73af21df2,Shovell,MusicBrainz member relationship
Madness,London,member,mb:93a66d57-aa4c-4e40-98d4-64f76a34932e,Chas Smash,MusicBrainz member relationship
Madness,London,member,mb:38d14e20-72f4-49d9-9ff0-c1257eec2836,Lee “Kix” Thompson,MusicBrainz member relationship
Madness,London,member,mb:dd9bb9ef-a559-4f52-ab27-c711de96bcfe,Dikron Tulane,MusicBrainz member relationship
Madness,London,member,mb:e312102c-e0a2-4893-9809-f4a5d1b9dd7a,Chris Foreman,MusicBrainz member relationship
Madness,London,member,mb:352b5fbd-1926-4817-9006-2ba4b4046adc,John Hasler,MusicBrainz member relationship
Madness,London,member,mb:42adb8ca-8484-4901-a429-fc8ecd3a4327,Mike Barson,MusicBrainz member relationship
Madness,London,member,mb:ff84e1f5-258c-45a3-8da5-11b3eeddcb7a,Suggs,MusicBrainz member relationship
Madness,London,member,mb:50f2046e-eb82-47c3-9820-f7705f5d7e2b,Garry Dovey,MusicBrainz member relationship
Madness,London,member,mb:88bd07d1-f760-49aa-9990-1fb3ce34a35e,Gavin Rodgers,MusicBrainz member relationship
Madness,London,member,mb:bf00865a-5e2e-4568-9eca-750695502ab7,Mark Bedford,MusicBrainz member relationship
Madness,London,member,mb:18c62d4c-0ac5-4312-9312-783c14c619fc,Daniel Woodgate,MusicBrainz member relationship
Madness,London,member,mb:c304ac23-276d-4137-8b2c-ae38f624acaa,Steve Nieve,MusicBrainz member relationship
Madness,London,member,mb:2220f842-2b3f-4de8-a871-ece04c548a6c,Seamus Beaghen,MusicBrainz member relationship
Madness,London,member,mb:62767f8e-a33b-45da-bb20-b1ccf1f11452,Kevin Burdette,MusicBrainz member relationship
Madness,London,member,mb:69bf8866-4bca-4677-ba89-39562987e08a,Graham Bush,MusicBrainz member relationship
Magnetic Man,London,member,mb:2a3dd42d-4451-4d20-b71d-964f32d86462,Artwork,MusicBrainz member relationship
Magnetic Man,London,member,mb:d3ba1c50-d403-40df-8eac-80d74551a7e3,Benga,MusicBrainz member relationship
Magnetic Man,London,member,mb:fb5ee67e-e31a-40cf-8b06-5f1a0f53529a,Skream,MusicBrainz member relationship
Magnum,Birmingham,member,mb:1fca0602-0aac-4960-b6a6-6b44a69918ea,Les Kitcheridge,MusicBrainz member relationship
Magnum,Birmingham,member,mb:cdd84c1f-ca48-4b6a-af53-6425e9d0c839,Tony Clarkin,MusicBrainz member relationship
Magnum,Birmingham,member,mb:6eb23a88-18f9-4eae-bf4d-0effc475e26b,Bob Catley,MusicBrainz member relationship
Magnum,Birmingham,member,mb:911b3d02-661c-496a-bb25-13b7bf63456b,Wally Lowe,MusicBrainz member relationship
Magnum,Birmingham,member,mb:36f6bb5e-f7f7-44c0-a1f6-23aa1db25f46,Richard Bailey,MusicBrainz member relationship
Magnum,Birmingham,member,mb:794db959-4c7e-4c57-8b60-46662276ab60,Grenville Harding,MusicBrainz member relationship
Magnum,Birmingham,member,mb:6e4377f5-ae54-43a1-a428-0627f219f726,Mark Stanway,MusicBrainz member relationship
Magnum,Birmingham,member,mb:023d2f4d-91e2-4cde-b98c-19b1aa55115d,Robin George,MusicBrainz member relationship
Magnum,Birmingham,member,mb:b3820d9b-3be6-412c-874d-8ce754666f2a,Laurence Archer,MusicBrainz member relationship
Magnum,Birmingham,member,mb:a70bed30-871e-4957-aaa0-bfc12fe5fb96,Eddie George,MusicBrainz member relationship
Magnum,Birmingham,member,mb:d7c880e1-4ce2-428c-89c9-cff555d9c33f,Jim Simpson,MusicBrainz member relationship
Magnum,Birmingham,member,mb:1172dac0-0487-4e15-a846-70e69282cbe4,Mickey Barker,MusicBrainz member relationship
Magnum,Birmingham,member,mb:1ef81d6e-6eab-4588-a908-d5ed40561773,Al Barrow,MusicBrainz member relationship
Magnum,Birmingham,member,mb:72369836-824b-4811-8ddb-1fa56300ba61,Jimmy Copley,MusicBrainz member relationship
Magnum,Birmingham,member,mb:cbea4175-d7d8-4528-ac1f-65ea9a022b05,Rick Benton,MusicBrainz member relationship
Magnum,Birmingham,member,mb:0802fc11-9a28-4b8c-aad4-682ef773e8b5,Dennis Ward,MusicBrainz member relationship
Magnum,Birmingham,member,mb:55127649-55c2-440c-8685-b42d903db26f,Dave Morgan,MusicBrainz member relationship
Magnum,Birmingham,member,mb:0f334c44-00ef-4c93-90ff-c9616c8a2610,Kex Gorin,MusicBrainz member relationship
Magnum,Birmingham,member,mb:c63feaf5-967c-41fb-879e-05658653e1cb,Gary 'Harry' James,MusicBrainz member relationship
Manfred Mann's Earth Band,London,member,mb:cb319d9a-f5ab-45a1-9845-2172b3df1896,Mick Rogers,MusicBrainz member relationship
Manfred Mann's Earth Band,London,member,mb:b4069cc7-b8e2-49a2-a7f9-0c8fc8d36b13,Colin Pattenden,MusicBrainz member relationship
Manfred Mann's Earth Band,London,member,mb:9c6d95f9-5101-49d9-ae1c-cff73b9e3317,Manfred Mann,MusicBrainz member relationship
Manfred Mann's Earth Band,London,member,mb:e3d0737a-b011-4d14-948a-81ee0a55f098,Chris Slade,MusicBrainz member relationship
Manfred Mann's Earth Band,London,member,mb:e5fcfcb6-45d2-438a-90f6-9fa9f7784697,Chris Thompson,MusicBrainz member relationship
Manfred Mann's Earth Band,London,member,mb:052317b5-e03f-4eed-ae45-fc02fb3dd06f,Steve Waller,MusicBrainz member relationship
Manfred Mann's Earth Band,London,member,mb:f2f6d209-ed7b-432f-ae93-946bd4526037,John Lingwood,MusicBrainz member relationship
Manfred Mann's Earth Band,London,member,mb:cbd6586b-fdd5-4939-a816-2c9cfff7e226,Shona Laing,MusicBrainz member relationship
Manfred Mann's Earth Band,London,member,mb:a8c63d21-213f-4684-a0a3-2c63f327b965,Matt Irving,MusicBrainz member relationship
Manfred Mann's Earth Band,London,member,mb:d07b229e-d5f0-4118-b203-b3d6c8c33322,Maggie Ryder,MusicBrainz member relationship
Manfred Mann's Earth Band,London,member,mb:727640ec-95f5-4d0e-82c0-ab334c20a3ac,Clive Bunker,MusicBrainz member relationship
Manfred Mann's Earth Band,London,member,mb:5cd991a3-57d9-4b8b-b005-027c637e03ad,Noel McCalla,MusicBrainz member relationship
Manfred Mann's Earth Band,London,member,mb:bcdb0517-dbe2-4421-9856-24d9781fe4b4,John Trotter,MusicBrainz member relationship
Manfred Mann's Earth Band,London,member,mb:5850a97f-f2ad-4f6b-95f0-4b3deaf45187,Geoff Dunn,MusicBrainz member relationship
Manfred Mann's Earth Band,London,member,mb:72369836-824b-4811-8ddb-1fa56300ba61,Jimmy Copley,MusicBrainz member relationship
Manfred Mann's Earth Band,London,member,mb:93858e66-713b-4dca-98db-c7d8c509a0bb,Peter Cox,MusicBrainz member relationship
Manfred Mann's Earth Band,London,member,mb:c7dca8df-383a-4d46-ad4d-f6fdd3b21c7c,Robert Hart,MusicBrainz member relationship
Manfred Mann's Earth Band,London,member,mb:db289962-54c6-4d71-9a3b-d71f4b847460,Steve Kinch,MusicBrainz member relationship
Manfred Mann's Earth Band,London,member,mb:86f27875-e514-4a28-91e4-02d0a2af0bb0,Peter May,MusicBrainz member relationship
Manic Street Preachers,Cardiff,member,mb:6d87f816-c13c-494d-8f32-6e216a3a5931,Jenny Watkins-Isnardi,MusicBrainz member relationship
Manic Street Preachers,Cardiff,member,mb:1f2daad7-c88f-4c4c-b011-7b8ff892a074,Flicker,MusicBrainz member relationship
Manic Street Preachers,Cardiff,member,mb:cf384395-7989-4d78-8fb1-8e9e1b6a712e,James Dean Bradfield,MusicBrainz member relationship
Manic Street Preachers,Cardiff,member,mb:53a3be67-6afb-4314-ac65-3947cf57667e,Sean Moore,MusicBrainz member relationship
Manic Street Preachers,Cardiff,member,mb:a9efbdd9-8839-4a92-948b-433c708d5eb4,Nicky Wire,MusicBrainz member relationship
Manic Street Preachers,Cardiff,member,mb:2b249e2f-e65e-4e30-a5cc-5a27d56623f2,Richey James Edwards,MusicBrainz member relationship
Massive Attack,Bristol,member,mb:5bf64d94-efd9-4334-96fd-e6197b0b02b8,Tricky,MusicBrainz member relationship
Massive Attack,Bristol,member,mb:54912e02-166c-49fe-ba95-cd77ef182390,Mushroom,MusicBrainz member relationship
Massive Attack,Bristol,member,mb:57070ee8-e44c-48c7-9519-6c985adfe6b2,Daddy G,MusicBrainz member relationship
Massive Attack,Bristol,member,mb:f6564fc9-488d-47e8-9406-69c25fd75c16,3D,MusicBrainz member relationship
Mattafix,London,member,mb:6acdb423-cc7c-40c7-b67a-44d9d3291b0f,Preetesh Hirji,MusicBrainz member relationship
Mattafix,London,member,mb:a1ac5cd2-d23f-4735-8cbb-fdb42eab2b70,Marlon Roudette,MusicBrainz member relationship
Maximo Park,Newcastle,member,mb:3f2bce61-4f9d-4028-87bd-ded6ba0b2cb8,Archis Tiku,MusicBrainz member relationship
Maximo Park,Newcastle,member,mb:ca2ab1ba-1acb-4680-a069-446a02962fd0,Duncan Lloyd,MusicBrainz member relationship
Maximo Park,Newcastle,member,mb:2f727018-1e83-4797-8433-32c8b99dd057,Paul Smith,MusicBrainz member relationship
Maximo Park,Newcastle,member,mb:b715473c-106e-4a06-bdcc-e38d81051d35,Tom English,MusicBrainz member relationship
Maximo Park,Newcastle,member,mb:c6ed8b8f-a486-4e15-a019-89583deaed67,Lukas Wooller,MusicBrainz member relationship
Maximo Park,Newcastle,member,mb:194b7b89-c4e5-43b5-bd31-8d12100392b2,Paul Rafferty,MusicBrainz member relationship
Mclusky,Cardiff,member,mb:e5b63151-caa9-4df1-a0f6-d903d7ceaf32,Jon Chapple,MusicBrainz member relationship
Mclusky,Cardiff,member,mb:49033c86-9d5a-454b-a69d-2a9f438b4365,Jack Egglestone,MusicBrainz member relationship
Mclusky,Cardiff,member,mb:92a3ffc3-fa0f-435b-833c-754eabddc90a,Andy Falkous,MusicBrainz member relationship
Mclusky,Cardiff,member,mb:f22769ab-611a-4245-b7a3-847b32b394b3,Matthew Harding,MusicBrainz member relationship
Metronomy,Plymouth,member,mb:310ecb59-2f36-49bb-8ad3-56c270459e22,Oscar Cash,MusicBrainz member relationship
Metronomy,Plymouth,member,mb:adf77387-20bd-4e9a-939e-e2561bcf026a,Michael Lovett,MusicBrainz member relationship
Metronomy,Plymouth,member,mb:7f510ecf-43fe-4805-880d-1e523beaf6a9,Joseph Mount,MusicBrainz member relationship
Metronomy,Plymouth,member,mb:941a3e0f-06ea-4e7d-a59c-8f72e93850b9,Anna Prior,MusicBrainz member relationship
Michael Schenker Group,London,member,mb:3fea812c-c628-46c3-a415-303c2d548e4c,Denny Carmassi,MusicBrainz member relationship
Michael Schenker Group,London,member,mb:60d6f69b-5845-4d46-80eb-f6d923361172,Billy Sheehan,MusicBrainz member relationship
Michael Schenker Group,London,member,mb:f2ad94ef-e41c-4624-8a34-e908e79379e0,Gary John Barden,MusicBrainz member relationship
Michael Schenker Group,London,member,mb:2bc078c7-bf5c-4d01-b255-6588f82f2ccf,Michael Schenker,MusicBrainz member relationship
Michael Schenker Group,London,member,mb:7bec6cd1-9602-400c-ab05-47e2d83bdf3d,Don Airey,MusicBrainz member relationship
Michael Schenker Group,London,member,mb:052c7ae0-e7e7-41e9-8987-13dc8d77d4d1,Mo Foster,MusicBrainz member relationship
Michael Schenker Group,London,member,mb:cc8a09ef-bd78-41dc-af3e-22a51cd0d09a,Simon Phillips,MusicBrainz member relationship
Michael Schenker Group,London,member,mb:0b406e6d-a81b-45ee-bef2-2df2a6c63859,Cozy Powell,MusicBrainz member relationship
Michael Schenker Group,London,member,mb:7789ecc1-bd8c-414a-b8dc-1fd8056528fd,Paul Raymond,MusicBrainz member relationship
Michael Schenker Group,London,member,mb:ae315071-804b-4ec9-9255-01c245f1dc6c,Chris Glen,MusicBrainz member relationship
Michael Schenker Group,London,member,mb:e09e91de-c19f-4e7e-b431-8e9e0af1fc57,Graham Bonnet,MusicBrainz member relationship
Michael Schenker Group,London,member,mb:47a8919a-67ac-4836-a5c0-4b84112e26dc,Tommy Eyre,MusicBrainz member relationship
Michael Schenker Group,London,member,mb:34d9f3da-7663-4d60-b46d-a845f030d825,Ted McKenna,MusicBrainz member relationship
Michael Schenker Group,London,member,mb:7b4c607d-6c79-4be9-9e69-65316af3df0e,Andy Nye,MusicBrainz member relationship
Michael Schenker Group,London,member,mb:e5128ffa-61bc-4c81-b02c-65b5a0d0955a,Derek St. Holmes,MusicBrainz member relationship
Michael Schenker Group,London,member,mb:c512893c-5278-4b26-bdc9-f531394575ab,Shane Gaalaas,MusicBrainz member relationship
Michael Schenker Group,London,member,mb:82029072-5edf-4097-846f-4099bc9e238e,Barry Sparks,MusicBrainz member relationship
Michael Schenker Group,London,member,mb:c5cf3b48-dc8e-49a5-bf19-3bee083aece4,Leif Sundin,MusicBrainz member relationship
Michael Schenker Group,London,member,mb:43e90374-2d89-473c-bf7f-926bfcedd575,Seth Bernstein,MusicBrainz member relationship
Michael Schenker Group,London,member,mb:cdb1fd86-e990-41ee-a5e1-72296a823773,Kelly Keeling,MusicBrainz member relationship
Michael Schenker Group,London,member,mb:bb74abb9-af0c-452d-8b1a-e10dc1492aa4,John Onder,MusicBrainz member relationship
Michael Schenker Group,London,member,mb:db47b311-9990-4ae7-9fed-ee40cb73aab1,David VanLanding,MusicBrainz member relationship
Michael Schenker Group,London,member,mb:42d5b3e6-2c07-4e51-81c2-cc991fb0d25c,Keith Slack,MusicBrainz member relationship
Michael Schenker Group,London,member,mb:ad589c37-abe7-42b6-bc61-33e2d1b87288,Wayne Findlay,MusicBrainz member relationship
Michael Schenker Group,London,member,mb:1067fb3a-8f36-4e6d-8328-3f4b3cf20a18,Rev Jones,MusicBrainz member relationship
Michael Schenker Group,London,member,mb:50ae8559-3371-40b6-ba34-601c93f8bf1f,Jeff Martin,MusicBrainz member relationship
Michael Schenker Group,London,member,mb:3c778687-1998-44d7-a709-f235148dbb80,Jeremy Colson,MusicBrainz member relationship
Michael Schenker Group,London,member,mb:2c2eced6-ea9d-4809-93e7-db462ea1dcbe,Stuart Hamm,MusicBrainz member relationship
Michael Schenker Group,London,member,mb:f5981944-80dd-4248-848e-c7f7173bc33e,Pete Holmes,MusicBrainz member relationship
Michael Schenker Group,London,member,mb:1039c561-3cbe-4eaf-be41-fb60160bfd3d,Jari Tiura,MusicBrainz member relationship
Michael Schenker Group,London,member,mb:2dfeb576-f04f-4687-aafc-76f28b7457b3,Pete Way,MusicBrainz member relationship
Michael Schenker Group,London,member,mb:e3d0737a-b011-4d14-948a-81ee0a55f098,Chris Slade,MusicBrainz member relationship
Michael Schenker Group,London,member,mb:7d0b58b5-88ca-4424-a6e5-21202ac19147,Neil Murray,MusicBrainz member relationship
Michael Schenker Group,London,member,mb:d2d4a192-cb47-4033-8847-83ab7935e18c,Ronnie Romero,MusicBrainz member relationship
Michael Schenker Group,London,member,mb:436dacc1-04d4-480e-9a3a-3f2dba509151,Erik Grönwall,MusicBrainz member relationship
Mis-Teeq,London,member,mb:79d8b7fe-2ee2-4e6f-af45-b80e8c586790,Zena McNally,MusicBrainz member relationship
Mis-Teeq,London,member,mb:b54a3b47-8f52-46fd-85f2-49165ea437b8,Alesha Dixon,MusicBrainz member relationship
Mis-Teeq,London,member,mb:1fb0f9c9-b614-4d69-99d0-0e228eb73c03,Su-Elise Nash,MusicBrainz member relationship
Mis-Teeq,London,member,mb:91df068d-4d27-400e-b1d8-14389089cdc0,Sabrina Washington,MusicBrainz member relationship
Modern English,Colchester,member,mb:1e534d09-bcf9-4ddd-9004-9cc507fb3004,Richard Brown,MusicBrainz member relationship
Modern English,Colchester,member,mb:b27d86eb-0879-44ae-98e3-6ac8a2569758,Michael Conroy,MusicBrainz member relationship
Modern English,Colchester,member,mb:fff7f14d-aa5c-4bbd-a51a-f310701d6486,Aaron Davidson,MusicBrainz member relationship
Modern English,Colchester,member,mb:cc9b1753-e063-4df1-ad47-27aca18cb301,Robbie Grey,MusicBrainz member relationship
Modern English,Colchester,member,mb:b3d84676-3489-4460-b620-9ff648bf05ca,Gary McDowell,MusicBrainz member relationship
Modern English,Colchester,member,mb:e5d44d3a-04ee-4395-ab32-b9dcd6926639,Stephen Walker,MusicBrainz member relationship
Mogwai,Glasgow,member,mb:fd117624-657b-4c34-ad44-00346f01890e,Dominic Aitchison,MusicBrainz member relationship
Mogwai,Glasgow,member,mb:02739636-18fe-484f-8ef3-63b145125297,Stuart Braithwaite,MusicBrainz member relationship
Mogwai,Glasgow,member,mb:bff3155d-2034-4e12-8ef1-3d53b41e5015,Martin Bulloch,MusicBrainz member relationship
Mogwai,Glasgow,member,mb:5308c966-923e-41c9-acd8-03afb1bc1b30,John Cummings,MusicBrainz member relationship
Mogwai,Glasgow,member,mb:9f1ead0a-9176-48fd-8c05-ecdbf28ca5ce,Brendan O’Hare,MusicBrainz member relationship
Mogwai,Glasgow,member,mb:caf09b25-6fe3-4a24-9c10-7b038210c6f9,Barry Burns,MusicBrainz member relationship
Moloko,Sheffield,member,mb:d39758d8-dc39-416a-9e49-84c37c97c57f,Mark Brydon,MusicBrainz member relationship
Moloko,Sheffield,member,mb:4c56405d-ba8e-4283-99c3-1dc95bdd50e7,Róisín Murphy,MusicBrainz member relationship
Monaco,Manchester,member,mb:73e7c483-9f3e-4a72-a359-582452fbaeac,Peter Hook,MusicBrainz member relationship
Monaco,Manchester,member,mb:55a9826f-180e-4c53-898e-ec0d85128c2e,David Potts,MusicBrainz member relationship
Monarchy,London,member,mb:e359e908-b34f-4ff9-840a-36e2cd1751a1,Andrew Armstrong,MusicBrainz member relationship
Monarchy,London,member,mb:700d94f0-917b-4a8e-9c46-840ca3211925,Ra Black,MusicBrainz member relationship
Morcheeba,London,member,mb:bd263d69-4eba-4c68-a071-38539891abae,Skye,MusicBrainz member relationship
Morcheeba,London,member,mb:6c230e5a-dcf1-454b-8348-b71a0baf7f73,Paul Godfrey,MusicBrainz member relationship
Morcheeba,London,member,mb:e1cf599b-d9de-4e33-9cb8-e3a52e92d072,Ross Godfrey,MusicBrainz member relationship
Morcheeba,London,member,mb:71637da2-8cf1-4817-9832-e9f118bc8acd,Daisy Martey,MusicBrainz member relationship
Motörhead,London,member,mb:940b46a8-8a37-419f-bb62-c7276151d28c,Lucas Fox,MusicBrainz member relationship
Motörhead,London,member,mb:9814dd73-5352-4bd3-9567-c132c6aba1ee,Larry Wallis,MusicBrainz member relationship
Motörhead,London,member,mb:e3ea6186-7523-48de-8437-bac91bc47829,Lemmy Kilmister,MusicBrainz member relationship
Motörhead,London,member,mb:d9b5ba88-b57b-43d6-9ff1-51f53cbbf815,Phil “Philthy Animal” Taylor,MusicBrainz member relationship
Motörhead,London,member,mb:28f344b7-2261-4bbe-8ce9-a8a31b7fd635,Eddie Clarke,MusicBrainz member relationship
Motörhead,London,member,mb:ee9ad960-090f-4918-8147-72ba9061e217,Brian Robertson,MusicBrainz member relationship
Motörhead,London,member,mb:fe051ca9-4ec9-4aeb-bc90-6266496ef8f3,Pete Gill,MusicBrainz member relationship
Motörhead,London,member,mb:55b6e7f5-41cd-49a3-891a-8c7089b445ed,Würzel,MusicBrainz member relationship
Motörhead,London,member,mb:9886202d-1197-408c-9edf-581a9531e71d,Phil Campbell,MusicBrainz member relationship
Motörhead,London,member,mb:243e6b41-4aa5-40eb-85f3-db4030befd4a,Mikkey Dee,MusicBrainz member relationship
Mud,London,member,mb:8a184178-86df-4b86-ab58-78c440c313c4,Rob Davis,MusicBrainz member relationship
Mud,London,member,mb:e9d4f96e-890c-4911-8906-9c71c27897e5,Les Gray,MusicBrainz member relationship
Mud,London,member,mb:2ea560fb-1d21-4a8d-b40f-fd9767fb09dd,Dave Mount,MusicBrainz member relationship
Mud,London,member,mb:e0819bfe-1410-4344-a33c-2408a5506f2e,Ray Stiles,MusicBrainz member relationship
Mumford & Sons,London,member,mb:29fc6868-79d0-4760-8b13-024d1915c95e,Winston Marshall,MusicBrainz member relationship
Mumford & Sons,London,member,mb:62c80a8f-9589-436e-b04f-f2cfa539ba97,Ted Dwane,MusicBrainz member relationship
Mumford & Sons,London,member,mb:df35e40f-3b50-4251-b70a-40984f1e91fb,Ben Lovett,MusicBrainz member relationship
Mumford & Sons,London,member,mb:30415593-f831-42a1-ba3f-fbaef1272815,Marcus Mumford,MusicBrainz member relationship
Mumm-ra,Hastings,member,mb:74cc366e-f864-48d7-9710-47244618fd87,James Arguile,MusicBrainz member relationship
Mumm-ra,Hastings,member,mb:1ab88371-be89-44c8-ad3d-228e1f56e256,James New,MusicBrainz member relationship
Muse,Exeter,member,mb:00fc124e-6645-4530-8d0b-7def83c5ee25,Matt Bellamy,MusicBrainz member relationship
Muse,Exeter,member,mb:3144bf1e-4033-4de0-900f-a59726a9681f,Dominic Howard,MusicBrainz member relationship
Muse,Exeter,member,mb:a9e11992-57f5-4a9b-b59f-a6f5e2a2060c,Christopher Wolstenholme,MusicBrainz member relationship
My Dying Bride,Leeds,member,mb:9996a9a3-d107-48cc-9a7d-4713becf2740,Rick Miah,MusicBrainz member relationship
My Dying Bride,Leeds,member,mb:6dbbd6dd-5f38-447e-b5a1-e925627d6261,Calvin Robertshaw,MusicBrainz member relationship
My Dying Bride,Leeds,member,mb:33e1d8d2-c832-4f55-847a-b0173f368ac5,Aaron Stainthorpe,MusicBrainz member relationship
My Dying Bride,Leeds,member,mb:795ea37d-cc2c-4be0-823b-6b706a41314b,Andrew Craighan,MusicBrainz member relationship
My Dying Bride,Leeds,member,mb:2e773fa2-375a-4972-9b82-cefe4ad16797,Martin Powell,MusicBrainz member relationship
My Dying Bride,Leeds,member,mb:8e053842-e767-4be7-a126-4b780a87fa6b,Adrian Jackson,MusicBrainz member relationship
My Dying Bride,Leeds,member,mb:552c83c0-a55b-4001-a8be-cc1f8d9b9aaf,Bill Law,MusicBrainz member relationship
My Dying Bride,Leeds,member,mb:52a56493-db12-4370-865d-1af5e5d1975a,Shaun Taylor‐Steels,MusicBrainz member relationship
My Dying Bride,Leeds,member,mb:37ac996e-4329-425e-a33b-31cd76693c18,Hamish Glencross,MusicBrainz member relationship
My Dying Bride,Leeds,member,mb:358f93fc-58ae-4740-85dc-5971be4a25a0,Sarah Stanton,MusicBrainz member relationship
My Dying Bride,Leeds,member,mb:a4363c76-0fea-4696-98e9-c29c308f5978,Dan Mullins,MusicBrainz member relationship
My Dying Bride,Leeds,member,mb:8b4b1d0c-f4f3-414d-aa28-fc4085d25a29,Lena Abé,MusicBrainz member relationship
My Dying Bride,Leeds,member,mb:149b8f54-5c83-47e6-85db-19d598261e6c,Katie Stone,MusicBrainz member relationship
My Dying Bride,Leeds,member,mb:3f953200-b31b-4936-92a4-905c6516f79e,Shaun MacGowan,MusicBrainz member relationship
My Dying Bride,Leeds,member,mb:60fffeb4-dea0-466a-a348-ee214d998815,Jeff Singer,MusicBrainz member relationship
My Dying Bride,Leeds,member,mb:43692db4-fed9-4234-8004-fe2f83b77c6a,Neil Blanchett,MusicBrainz member relationship
Mystery Jets,London,member,mb:81b3c741-816d-4e6d-8378-30ecc4d8f206,Tamara Pearce-Higgins,MusicBrainz member relationship
Mystery Jets,London,member,mb:4b84a84f-a2f9-4c84-82b0-0925a5b14fa3,Pete Cochrane,MusicBrainz member relationship
Mystery Jets,London,member,mb:8a1cc1f2-20eb-48d9-9fa7-abf6c90fce49,Jack Flanagan,MusicBrainz member relationship
Mystery Jets,London,member,mb:4f5dcb85-63c7-4e87-8ec4-7f1c606652a6,Henry Harrison,MusicBrainz member relationship
Mystery Jets,London,member,mb:3d7b50e4-f0d1-4832-bc5f-fce93014a1fd,Kai Fish,MusicBrainz member relationship
Mystery Jets,London,member,mb:e923c912-eebe-402b-942d-dc4f43c86f99,Blaine Harrison,MusicBrainz member relationship
Mystery Jets,London,member,mb:5dbec703-0154-46df-bb6b-b9cadba8cd98,William Rees,MusicBrainz member relationship
Mystery Jets,London,member,mb:2535fea6-7165-4c1c-8645-c7794cdcb567,Kapil Trivedi,MusicBrainz member relationship
N-Dubz,London,member,mb:9eae7149-852d-49e9-8c44-e5469fed242b,Dappy,MusicBrainz member relationship
N-Dubz,London,member,mb:f488f7a2-effb-4da6-89fb-be43e86a1084,Fazer,MusicBrainz member relationship
N-Dubz,London,member,mb:31864059-98ff-4346-9c84-87be963f4dc3,Tulisa,MusicBrainz member relationship
N-Trance,Manchester,member,mb:0e7c3af9-4b24-487c-abc3-361a9b088ab2,Mike Lewis,MusicBrainz member relationship
N-Trance,Manchester,member,mb:98b539c1-aa1a-474a-ba55-8b092abcac3a,Dale Longworth,MusicBrainz member relationship
N-Trance,Manchester,member,mb:f3eb41d1-c31a-44aa-b976-44fda54b6a4b,Kevin O’Toole,MusicBrainz member relationship
NERO,London,member,mb:16d5a92d-b550-442e-bff5-9bc89a4976c5,Joseph Ray,MusicBrainz member relationship
NERO,London,member,mb:b6bb3968-652f-4914-ba74-53ba836176ba,Daniel Stephens,MusicBrainz member relationship
NERO,London,member,mb:0de452f6-a4d7-44a2-aded-fa9ae241fc7c,Alana Watson,MusicBrainz member relationship
Napalm Death,Birmingham,member,mb:24e7fadf-65b3-42cd-b52b-7d182446b1d1,Miles “The Rat” Ratledge,MusicBrainz member relationship
Napalm Death,Birmingham,member,mb:4ba40bd2-c94c-46c3-b32c-f27f59e7d09d,Nik Bullen,MusicBrainz member relationship
Napalm Death,Birmingham,member,mb:3e52449a-fa44-4fbc-918d-5d6b27e96d94,Mick Harris,MusicBrainz member relationship
Napalm Death,Birmingham,member,mb:d547a180-6445-42e8-96d6-aabdb6425ab1,Justin Broadrick,MusicBrainz member relationship
Napalm Death,Birmingham,member,mb:f41f3975-26eb-41f1-b8ea-a8c3ed5c1eff,Jim Whitely,MusicBrainz member relationship
Napalm Death,Birmingham,member,mb:cd7cef7b-3049-4738-9ac3-29bc274fdcfc,Bill Steer,MusicBrainz member relationship
Napalm Death,Birmingham,member,mb:0e2e5258-59d8-421d-988f-3aa57c0a997a,Frank Healy,MusicBrainz member relationship
Napalm Death,Birmingham,member,mb:52fbc5b3-2f46-415d-80d7-e83ca1c9751e,Lee Dorrian,MusicBrainz member relationship
Napalm Death,Birmingham,member,mb:40645e24-7fe5-494a-b1be-159752023d07,Shane Embury,MusicBrainz member relationship
Napalm Death,Birmingham,member,mb:3f090593-ca6d-42d1-ad6e-9efa63252bbe,Barney Greenway,MusicBrainz member relationship
Napalm Death,Birmingham,member,mb:fc275934-1369-474f-acab-50a24394cb40,Jesse Pintado,MusicBrainz member relationship
Napalm Death,Birmingham,member,mb:c14b8217-8305-4827-b06c-48bf2f933a88,Mitch Harris,MusicBrainz member relationship
Napalm Death,Birmingham,member,mb:5e2749bc-5403-4b48-affa-5287a9d81031,Danny Herrera,MusicBrainz member relationship
Napalm Death,Birmingham,member,mb:f4809311-3af6-4c56-a7d8-899a3dae6029,Phil Vane,MusicBrainz member relationship
Nazareth,Edinburgh,member,mb:1e4f7ae2-8b82-4a65-bee8-60e7c96bb2c9,Manny Charlton,MusicBrainz member relationship
Nazareth,Edinburgh,member,mb:54b9c410-c0a9-49c9-8acf-c89f4286891c,Dan McCafferty,MusicBrainz member relationship
Nazareth,Edinburgh,member,mb:a32ab0ef-3847-4cf4-9d3b-1f4ea7f1e317,Pete Agnew,MusicBrainz member relationship
Nazareth,Edinburgh,member,mb:b76ee216-bd6d-4408-9203-602bbc3b6e33,Lee Agnew,MusicBrainz member relationship
Nazareth,Edinburgh,member,mb:0110c685-9895-41e7-838e-2bb4f882d8d4,John Locke,MusicBrainz member relationship
Nazareth,Edinburgh,member,mb:02e22e68-f1c9-4314-ab43-ce3562a7dbf9,Jimmy Murrison,MusicBrainz member relationship
Nazareth,Edinburgh,member,mb:77ae62d5-01d3-4f88-b624-b314c51add90,Darrell Sweet,MusicBrainz member relationship
Neck Deep,Wrexham,member,mb:33a0bbd9-c5c0-40e6-8ae3-e946d308b3bd,Ben Barlow,MusicBrainz member relationship
New Hope Club,Manchester,member,mb:482a85ea-a4a5-44ae-a58d-42f2ef81695e,Blake Richardson,MusicBrainz member relationship
New Hope Club,Manchester,member,mb:ac8974c7-54ea-4384-9029-e0c2eab85c7f,George Smith,MusicBrainz member relationship
New Hope Club,Manchester,member,mb:8f4f40b5-52ca-4ba7-99a8-85c8ed5b2dcd,Reece Bibby,MusicBrainz member relationship
New Model Army,Leeds,member,mb:d33bc5f6-b690-46cf-ba5e-89dd835042cd,Phil Tompkins,MusicBrainz member relationship
New Model Army,Leeds,member,mb:0ddc1cc3-2a1c-4654-9689-8525c0c6440a,Rob Waddington,MusicBrainz member relationship
New Model Army,Leeds,member,mb:8dd734b0-55af-4043-9d6d-ba235c0c4751,Stuart Morrow,MusicBrainz member relationship
New Model Army,Leeds,member,mb:8d79ade1-5952-421e-a533-4b330f4e4f36,Justin Sullivan,MusicBrainz member relationship
New Model Army,Leeds,member,mb:47f395ee-150f-4111-8e11-a1321c033838,Robert Heaton,MusicBrainz member relationship
New Model Army,Leeds,member,mb:b04ce64f-e3be-433c-8353-f3b3cb452e66,Moose Harris,MusicBrainz member relationship
New Model Army,Leeds,member,mb:e7e157c9-bef5-4aba-b8b8-cb05d5b651cf,Ed Alleyne‐Johnson,MusicBrainz member relationship
New Model Army,Leeds,member,mb:1c0c9124-aae2-4d1b-af55-2f10572b5837,Adrian Portas,MusicBrainz member relationship
New Model Army,Leeds,member,mb:ad1ac60d-b98e-4eeb-afeb-b50de5591c79,Nelson,MusicBrainz member relationship
New Model Army,Leeds,member,mb:965bf345-b854-427b-96d5-0e09ea6245ef,Dave Blomberg,MusicBrainz member relationship
New Model Army,Leeds,member,mb:b86a0bcd-7371-470c-a5a1-5055d9108010,Dean White,MusicBrainz member relationship
New Model Army,Leeds,member,mb:2843fd43-72a7-4e3b-95c3-f038ee470dd6,Michael Dean,MusicBrainz member relationship
New Model Army,Leeds,member,mb:1b9ed00c-a6af-4ad0-b5e5-b7ce03b5f484,Marshall Gill,MusicBrainz member relationship
New Model Army,Leeds,member,mb:ebc22bbc-5e4a-4190-88fd-c70e8c6dca27,Ceri Monger,MusicBrainz member relationship
New Model Army,Leeds,member,mb:d290c315-ac30-4da7-8108-dcd5ad4d83ca,Ricky Warwick,MusicBrainz member relationship
New Order,Manchester,member,mb:c970c5cd-facf-4c49-babf-a5b688c1ec40,Gillian Gilbert,MusicBrainz member relationship
New Order,Manchester,member,mb:73e7c483-9f3e-4a72-a359-582452fbaeac,Peter Hook,MusicBrainz member relationship
New Order,Manchester,member,mb:b3036249-8b39-4d02-a312-d31a63497bbc,Stephen Morris,MusicBrainz member relationship
New Order,Manchester,member,mb:6fa2e161-200e-475a-8492-3755594581f9,Bernard Sumner,MusicBrainz member relationship
New Order,Manchester,member,mb:31408ce7-9f36-4c16-9b61-fe55c927e206,Phil Cunningham,MusicBrainz member relationship
New Order,Manchester,member,mb:8db4f238-3f18-4b08-aa69-d348fa630ce0,Tom Chapman,MusicBrainz member relationship
New Young Pony Club,London,member,mb:35c72702-389d-442c-908c-ba2c1b532a61,Igor Volk,MusicBrainz member relationship
New Young Pony Club,London,member,mb:b30276d7-e1f5-46dc-b77c-d952906bcc2c,Tahita Bulmer,MusicBrainz member relationship
New Young Pony Club,London,member,mb:d805a932-0928-48c8-92d0-9efd17747f37,Lou Hayter,MusicBrainz member relationship
New Young Pony Club,London,member,mb:059b7e2c-d808-4375-af06-55775f23db05,Sarah Jones,MusicBrainz member relationship
New Young Pony Club,London,member,mb:dc6f0986-8a59-4894-8fdc-b07ef88dce08,Andy Spence,MusicBrainz member relationship
Nine Black Alps,Manchester,member,mb:92dd083f-be62-4585-ae98-0800ba3c0370,Martin Cohen,MusicBrainz member relationship
Nine Black Alps,Manchester,member,mb:918f7885-dfab-44b8-8cd9-52abd7a5d23f,Sam Forrest,MusicBrainz member relationship
Nine Black Alps,Manchester,member,mb:dcc27f3e-d5e1-4b8a-9607-e17df307f130,James Galley,MusicBrainz member relationship
Nine Black Alps,Manchester,member,mb:12914844-7cdd-4ec2-8c5d-440b75e9a545,David Jones,MusicBrainz member relationship
Nitzer Ebb,London,member,mb:867b0349-9360-4d2c-b46b-c319cd15b476,David Gooday,MusicBrainz member relationship
Nitzer Ebb,London,member,mb:190f4766-d636-475e-9a25-a420a213f34c,Douglas J. McCarthy,MusicBrainz member relationship
Nitzer Ebb,London,member,mb:22f9a6d8-8290-4244-bbb7-f8fb7e0ecbbe,Bon Harris,MusicBrainz member relationship
Nitzer Ebb,London,member,mb:a8ec768d-14b5-4585-9ea3-8f24744d308a,Simon Granger,MusicBrainz member relationship
Noah And The Whale,London,member,mb:48649185-d206-4447-9705-ef89d44fa4cc,Jon Carvell,MusicBrainz member relationship
Noah And The Whale,London,member,mb:2567fdc3-afcb-4ffd-8250-736855c92e4b,Sam Kinrade,MusicBrainz member relationship
Noah And The Whale,London,member,mb:cd9713d6-6e5f-4143-9412-4d12b7bd47f2,Laura Marling,MusicBrainz member relationship
Noah And The Whale,London,member,mb:4925176e-e1d1-405a-ab2e-dadfcd34dc14,Doug Fink,MusicBrainz member relationship
Noah And The Whale,London,member,mb:a6f2917d-9d14-4734-b38c-ac5cc91750f9,Matt Owens,MusicBrainz member relationship
Noah And The Whale,London,member,mb:c6538c84-7c1c-4d0f-9afd-9dcb5242e391,Charlie Fink,MusicBrainz member relationship
Noah And The Whale,London,member,mb:b2b9fdbf-4cc1-4bae-ad8b-a67062c1702e,Tom Hobden,MusicBrainz member relationship
Noah And The Whale,London,member,mb:7e9a9bf1-cdf7-4015-96b7-3dd82f58c972,Fred Abbott,MusicBrainz member relationship
Noah And The Whale,London,member,mb:2e7f4684-5643-4d05-9d93-02a3d0a28d9a,Michael Petulla,MusicBrainz member relationship
Noel Gallagher's High Flying Birds,Manchester,member,mb:6493ed80-8b44-49fa-91de-e7b0a0b57d6d,Noel Gallagher,MusicBrainz member relationship
Nothing But Thieves,London,member,mb:9b956dd4-2619-4cb5-8cc3-ae12352d8e0c,Phil Blake,MusicBrainz member relationship
Nothing But Thieves,London,member,mb:c7172f2d-dfa5-4db3-bcb2-ec2694a6a96c,Dominic Craik,MusicBrainz member relationship
Nothing But Thieves,London,member,mb:8878cc98-7d44-4ed1-acea-39fb87cf2fcb,Joe Langridge-Brown,MusicBrainz member relationship
Nothing But Thieves,London,member,mb:0861935f-590b-4e82-992f-a0ac1efdb6d7,Conor Mason,MusicBrainz member relationship
Nothing But Thieves,London,member,mb:9f1c51e8-6155-4bb9-bdd9-14986e5d5eb4,James Price,MusicBrainz member relationship
Nothing But Thieves,London,member,mb:1bbcc49b-8165-492e-8ce8-5a18a4964d58,Dave Dickinson,MusicBrainz member relationship
Nu:Logic,Cambridge,member,mb:49dca5fc-30b2-46be-93bd-033c53425e07,Logistics,MusicBrainz member relationship
Nu:Logic,Cambridge,member,mb:380e2880-567d-4991-a9b5-93a07e428652,Nu:Tone,MusicBrainz member relationship
O. Children,London,member,mb:8125668f-4c8f-4986-8abb-15f77280be12,Tobi O'Kandi,MusicBrainz member relationship
Oasis,Manchester,member,mb:ea493a66-97ee-4c93-8af9-111b683b6ad0,Tony McCarroll,MusicBrainz member relationship
Oasis,Manchester,member,mb:17aa0ede-a4bc-4a18-a347-0ee843a38d84,Paul Arthurs,MusicBrainz member relationship
Oasis,Manchester,member,mb:e0a12f6d-1c89-467c-856a-e0d547c6c46f,Paul McGuigan,MusicBrainz member relationship
Oasis,Manchester,member,mb:1f2345fa-344e-4863-a1d7-3958d57f4301,Liam Gallagher,MusicBrainz member relationship
Oasis,Manchester,member,mb:6493ed80-8b44-49fa-91de-e7b0a0b57d6d,Noel Gallagher,MusicBrainz member relationship
Oasis,Manchester,member,mb:03ee5b9c-6a28-4266-a773-83d6997ef4c4,Alan White,MusicBrainz member relationship
Oasis,Manchester,member,mb:5946e805-9ab4-4fd9-9c19-21a8f7dfef98,Andy Bell,MusicBrainz member relationship
Oasis,Manchester,member,mb:7ac9c157-960e-43bb-880d-da1f13fcc5c4,Gem Archer,MusicBrainz member relationship
Oasis,Manchester,member,mb:ff08216b-98f6-4cb8-9c0b-6fd16855f2d0,Joey Waronker,MusicBrainz member relationship
Ocean Colour Scene,Birmingham,member,mb:548ff82c-ed04-4e75-9278-98020873c5ec,Steve Cradock,MusicBrainz member relationship
Ocean Colour Scene,Birmingham,member,mb:0c93ab28-9d5a-4096-b8ac-9f8c279deb9c,Simon Fowler,MusicBrainz member relationship
Ocean Colour Scene,Birmingham,member,mb:673964b1-7169-44bd-ac04-52466c653606,Oscar Harrison,MusicBrainz member relationship
Ocean Colour Scene,Birmingham,member,mb:86f39f2e-e39d-486a-b15c-c004113c3dde,Damon Minchella,MusicBrainz member relationship
Ocean Colour Scene,Birmingham,member,mb:856e846d-aae5-4203-a4e5-0d18f606bc47,Steve White,MusicBrainz member relationship
OceanLab,London,member,mb:450cbb21-9083-4a92-9b5d-b0b9c58dd330,Jono Grant,MusicBrainz member relationship
OceanLab,London,member,mb:f486501c-5a60-449e-b113-49e654a9098e,Tony McGuinness,MusicBrainz member relationship
OceanLab,London,member,mb:4e1c503c-6791-4ca7-8b5b-805ab048321b,Paavo Siljamäki,MusicBrainz member relationship
OceanLab,London,member,mb:d7bf93e8-0bad-4c4d-801d-f0aa58940244,Justine Suissa,MusicBrainz member relationship
Oceansize,Manchester,member,mb:613a0a30-49f1-4e09-9461-e8fc031a466b,Jon Ellis,MusicBrainz member relationship
Oceansize,Manchester,member,mb:3ee9cae2-37b2-43f5-8252-374e10b4efba,Steve Durose,MusicBrainz member relationship
Oceansize,Manchester,member,mb:bf1a5281-fa36-4baf-89c0-7ca3bfa9533c,Mark Heron,MusicBrainz member relationship
Oceansize,Manchester,member,mb:f860caaa-ffe4-4266-ab69-ef6040d0836f,Richard A Ingram,MusicBrainz member relationship
Oceansize,Manchester,member,mb:78405d9f-efd9-4468-9f32-a41899d2927e,Mike Vennart,MusicBrainz member relationship
Oceansize,Manchester,member,mb:ed7edeac-1cc7-45e2-9659-08e2b897d36a,Steve Hodson,MusicBrainz member relationship
Oh Wonder,London,member,mb:511f308e-05e6-4634-869e-9307ca942262,Anthony Vander West,MusicBrainz member relationship
Oh Wonder,London,member,mb:d0d56849-9f19-4c37-b5ef-50856e1f9abe,That Woman,MusicBrainz member relationship
Oi Va Voi,London,member,mb:3452aaaa-a5a0-46f1-9af7-6404ead80a1e,Sophie Solomon,MusicBrainz member relationship
Oi Va Voi,London,member,mb:b2741c02-f2ac-4334-818b-fc1329d14200,Lemez Lovas,MusicBrainz member relationship
Oi Va Voi,London,member,mb:34ee9ef9-3890-4e46-a5b7-c1d3a45b1a6c,Nik Ammar,MusicBrainz member relationship
Oi Va Voi,London,member,mb:4a1a9411-f99a-4ea1-91a1-6746758562af,Bridgette Amofah,MusicBrainz member relationship
Oi Va Voi,London,member,mb:ba088103-ad62-47dd-bb1a-27fc365f34e7,Josh Breslaw,MusicBrainz member relationship
Oi Va Voi,London,member,mb:76a3dbaf-b315-400a-a4ba-5e415de61fea,Leo Bryant,MusicBrainz member relationship
Olive,London,member,mb:8a5db6aa-5add-492c-ae56-fecbe473dd44,Ruth‐Ann Boyle,MusicBrainz member relationship
Olive,London,member,mb:4aa88324-f928-42d5-af0f-b105d6882693,Tim Kellett,MusicBrainz member relationship
Olive,London,member,mb:b4567cbc-6615-48fe-ab78-23f8f370db99,Robin Taylor-Firth,MusicBrainz member relationship
One Direction,London,member,mb:985f7e6f-0a7e-4de7-b9ec-a5dac63cb2f7,ZAYN,MusicBrainz member relationship
One Direction,London,member,mb:55e6074f-ef78-4ec3-8fff-bd1b8cc8c14a,Niall Horan,MusicBrainz member relationship
One Direction,London,member,mb:93ae8651-24ee-406c-b927-eb7cd773ae38,Liam Payne,MusicBrainz member relationship
One Direction,London,member,mb:7eb1ce54-a355-41f9-8d68-e018b096d427,Harry Styles,MusicBrainz member relationship
One Direction,London,member,mb:6d390061-b3cd-4db3-b905-e56b7f5357fd,Louis Tomlinson,MusicBrainz member relationship
One Direction,London,member,mb:473c8b1c-5865-44c9-9725-56355308dc28,The X Factor Finalists 2010,MusicBrainz member relationship
One Direction,London,member,mb:a3c1211b-9422-43be-a75c-5b6778e7c0b6,Band Aid 30,MusicBrainz member relationship
One Eskimo,London,member,mb:5da9c8a8-2730-4d32-bca7-4ec6b642d49e,Kristian Leontiou,MusicBrainz member relationship
One Eskimo,London,member,mb:d9beb95c-eed5-45af-8dcd-3c04a624b925,Craigie Dodds,MusicBrainz member relationship
One Eskimo,London,member,mb:05bcf69f-daea-4f9f-bc14-ca16bc0a9042,Adam Falkner,MusicBrainz member relationship
One Eskimo,London,member,mb:2fb7e688-793f-44db-ba11-52b73e044505,Jamie Sefton,MusicBrainz member relationship
One Eskimo,London,member,mb:e1b3543e-c922-4404-bbdd-00bca7b49914,Martin Waugh,MusicBrainz member relationship
Onslaught,Bristol,member,mb:74292614-2846-497f-8fae-c304cd43b73e,Steve Grice,MusicBrainz member relationship
Onslaught,Bristol,member,mb:fa43c6fb-21ac-4875-a71d-4f21c2290031,Nige Rockett,MusicBrainz member relationship
Onslaught,Bristol,member,mb:3479c89b-7e45-4863-8d93-c1314365e4c8,Jase Stallard,MusicBrainz member relationship
Onslaught,Bristol,member,mb:d8f4ac6b-f7a3-41ed-b081-88a4a6699a0b,Jason Stallard,MusicBrainz member relationship
Onslaught,Bristol,member,mb:a0aebbce-6116-4153-bc44-417b13a5d5ca,Sy Keeler,MusicBrainz member relationship
Onslaught,Bristol,member,mb:50f5d623-6c5a-4ba3-b949-2086b43998fa,Jim Hinder,MusicBrainz member relationship
Onslaught,Bristol,member,mb:78780dbf-3735-4dae-a658-5f39ca531d66,Rob Trotman,MusicBrainz member relationship
Onslaught,Bristol,member,mb:f0e9be08-dd36-4aac-b770-824b4d352f65,Steve Grimmett,MusicBrainz member relationship
Onslaught,Bristol,member,mb:0481d26e-f8ee-4e4d-ae76-cbfa3693a061,Alan Jordan,MusicBrainz member relationship
Onslaught,Bristol,member,mb:99956650-c5b7-485d-9ddc-697f98eaba75,Jeff Williams,MusicBrainz member relationship
Onslaught,Bristol,member,mb:e4d61da2-4041-4703-a372-d1c0a3f7b827,Michael Hourihan,MusicBrainz member relationship
Onslaught,Bristol,member,mb:7fbe3807-6f6b-4ea1-a27a-3b37a3f3d0df,Iain Davies,MusicBrainz member relationship
Onslaught,Bristol,member,mb:49d46474-6898-497e-ae1e-c63320059862,Tony O'Hora,MusicBrainz member relationship
Orange Goblin,London,member,mb:26bafaf2-f20a-4450-b03d-b3e790083b5f,Joe Hoare,MusicBrainz member relationship
Orange Goblin,London,member,mb:854d27b5-dd29-4f82-8a6e-8ea7c85e451a,Martyn Millard,MusicBrainz member relationship
Orange Goblin,London,member,mb:ead3bc56-7e1a-4605-80c3-1c88fa0b7f2d,Chris Turner,MusicBrainz member relationship
Orange Goblin,London,member,mb:8301f3df-76b6-4fd4-9394-bccf5b3c4ea9,Ben Ward,MusicBrainz member relationship
Orange Goblin,London,member,mb:8bfa084d-64fa-415b-b200-7c715b87bdf5,Pete O'Malley,MusicBrainz member relationship
Orbital,London,member,mb:2c7c8ec1-b18e-40a2-8ce9-53c3fc4f70fd,Paul Hartnoll,MusicBrainz member relationship
Orbital,London,member,mb:c991293d-30db-4036-9bf3-2cd5a6b8102e,Phil Hartnoll,MusicBrainz member relationship
Orchestral Manoeuvres In The Dark,Liverpool,member,mb:ec2be47b-3221-421f-97a2-d3c8de92da55,Malcolm Holmes,MusicBrainz member relationship
Orchestral Manoeuvres In The Dark,Liverpool,member,mb:5fac3164-64ff-41da-b5fb-9b7d7128780a,David Hughes,MusicBrainz member relationship
Orchestral Manoeuvres In The Dark,Liverpool,member,mb:b5b128ca-fbf4-486a-bfb3-43888408ae16,Martin Cooper,MusicBrainz member relationship
Orchestral Manoeuvres In The Dark,Liverpool,member,mb:bcdcb33c-2d0d-447d-abb7-cb7ef73556e5,Michael Douglas,MusicBrainz member relationship
Orchestral Manoeuvres In The Dark,Liverpool,member,mb:33e755c2-a3a4-434c-a0c5-a2d5caa54a9b,Graham Weir,MusicBrainz member relationship
Orchestral Manoeuvres In The Dark,Liverpool,member,mb:899418a9-d121-4728-bf58-156322c2c82c,Neil Weir,MusicBrainz member relationship
Orchestral Manoeuvres In The Dark,Liverpool,member,mb:1bb792fd-3c74-4ff3-933b-e44b6017819e,Stuart Kershaw,MusicBrainz member relationship
Orchestral Manoeuvres In The Dark,Liverpool,member,mb:547f5c72-edd4-4189-ac2b-34fa8f4d7da0,Phil Coxon,MusicBrainz member relationship
Orchestral Manoeuvres In The Dark,Liverpool,member,mb:b1d4c213-3e16-471a-a830-2b7efb961599,Paul Humphreys,MusicBrainz member relationship
Orchestral Manoeuvres In The Dark,Liverpool,member,mb:9d47ebac-1e6e-405b-be39-9885e48a3611,Andy McCluskey,MusicBrainz member relationship
Osibisa,London,member,mb:bf0bc374-d76c-49e4-b398-65f91df2d18c,Loughty Amao,MusicBrainz member relationship
Osibisa,London,member,mb:5752da9e-b909-4ab1-aa83-61981d871345,Kofi Ayivor,MusicBrainz member relationship
Osibisa,London,member,mb:06e1ea87-e69c-47f2-b343-bb17b3325747,Roy Bedeau,MusicBrainz member relationship
Osibisa,London,member,mb:05eebc5d-df30-491c-a684-4d9fd167a557,Jean Mandengue,MusicBrainz member relationship
Osibisa,London,member,mb:91f08ceb-3624-4508-82c5-bb049e68ff93,Emmanuel Rentzos,MusicBrainz member relationship
Osibisa,London,member,mb:467c98e5-df27-4066-987c-587e86de7b65,Del Richardson,MusicBrainz member relationship
Osibisa,London,member,mb:28184c0e-12fb-4def-ba8c-8e56ce0e13ac,Bessa Simons,MusicBrainz member relationship
Osibisa,London,member,mb:a74a159f-de9e-4132-a280-a6800e4b4549,Sol Amarfio,MusicBrainz member relationship
Osibisa,London,member,mb:a673bef0-63d1-403b-ac20-474dbfc38d86,Kiki Gyan,MusicBrainz member relationship
Osibisa,London,member,mb:0ec3d6a3-6a07-4fe3-b7de-395dc9e68e4a,Teddy Osei,MusicBrainz member relationship
Oxide & Neutrino,London,member,mb:a1770bea-08a9-46ed-b292-a9ff794ea11e,Neutrino,MusicBrainz member relationship
Oxide & Neutrino,London,member,mb:030e3e72-e3b7-4707-957a-b5ed835b7e15,DJ Oxide,MusicBrainz member relationship
Pale Waves,Manchester,member,mb:abd182c6-e59d-4c5e-af09-fcc5dc323de5,Heather Baron-Gracie,MusicBrainz member relationship
Pale Waves,Manchester,member,mb:72b710be-eabc-4ff7-b68d-9c922bbf5489,Ciara Doran,MusicBrainz member relationship
Pale Waves,Manchester,member,mb:5afbe270-43f5-4589-809a-cf1924f769a1,Hugo Silvani,MusicBrainz member relationship
Paper Lace,Nottingham,member,mb:1e615057-4f8d-4420-8371-779c19d0ab5c,Dave Manders,MusicBrainz member relationship
Paper Lace,Nottingham,member,mb:7076dec9-e702-4366-a9d9-f1dfb9cb733a,Roy White,MusicBrainz member relationship
Paper Lace,Nottingham,member,mb:d8ac74b2-86f8-436e-aad3-b189f56f0907,Cliff Fish,MusicBrainz member relationship
Paper Lace,Nottingham,member,mb:16ed9452-8bb0-47c7-b694-45736b25c6bd,Phil Wright,MusicBrainz member relationship
Paper Lace,Nottingham,member,mb:86c87c8c-f609-4d7e-a341-71c2fddbbf7d,Mike Harper,MusicBrainz member relationship
Paper Lace,Nottingham,member,mb:3a42b17f-2bcc-4364-b188-759a7ef44362,Mick Vaughan,MusicBrainz member relationship
Paper Lace,Nottingham,member,mb:25292573-2583-4707-87f4-811c03a85f44,Chris Morris,MusicBrainz member relationship
Paper Lace,Nottingham,member,mb:b0834b09-9c28-471a-9273-e633417b8a8d,Carlo Santanna,MusicBrainz member relationship
Paper Lace,Nottingham,member,mb:2c30bd7d-f7a5-406c-8c8a-fa20ab026234,Jamie Moses,MusicBrainz member relationship
Paper Lace,Nottingham,member,mb:a2a2c4ae-3401-4cde-bed9-76e9c649064d,Peter Oliver,MusicBrainz member relationship
Paradise Lost,Leeds,member,mb:f054c183-e15c-4dde-9467-aedeee710871,Matthew Archer,MusicBrainz member relationship
Paradise Lost,Leeds,member,mb:b230aee4-918f-4fa1-9f8a-8b453518f32e,Aaron Aedy,MusicBrainz member relationship
Paradise Lost,Leeds,member,mb:4c7bc660-cd35-4b3c-a8da-5eabfd9a4d3f,Steve Edmondson,MusicBrainz member relationship
Paradise Lost,Leeds,member,mb:c77bf917-f24d-4e91-a140-12d1707f4428,Nick Holmes,MusicBrainz member relationship
Paradise Lost,Leeds,member,mb:1d82791c-f3b0-4695-985a-35a3f6c7a014,Gregor Mackintosh,MusicBrainz member relationship
Paradise Lost,Leeds,member,mb:94420ca3-0dc6-4c65-8a63-ee759b78134d,Lee Morris,MusicBrainz member relationship
Paradise Lost,Leeds,member,mb:60fffeb4-dea0-466a-a348-ee214d998815,Jeff Singer,MusicBrainz member relationship
Paradise Lost,Leeds,member,mb:904c7eba-fca9-4399-906c-c0389db5a320,Adrian Erlandsson,MusicBrainz member relationship
Paradise Lost,Leeds,member,mb:7afdd143-46c0-49de-931b-fbacc9691a20,Waltteri Väyrynen,MusicBrainz member relationship
Paradise Lost,Leeds,member,mb:7d72197d-9c92-4ca4-bd60-2334c96d1f49,Guido Zima,MusicBrainz member relationship
Pentangle,London,member,mb:247888cb-c965-4dab-850f-b0629cba3391,Gary Foote,MusicBrainz member relationship
Pentangle,London,member,mb:d7f95537-2b48-403d-9ac2-f1fc7aad0960,Bert Jansch,MusicBrainz member relationship
Pentangle,London,member,mb:a92a7b0c-4737-45f7-9d80-cce5f2f2d34d,Peter Kirtley,MusicBrainz member relationship
Pentangle,London,member,mb:478370bc-e897-4d51-96ee-76822b555321,Jacqui McShee,MusicBrainz member relationship
Pentangle,London,member,mb:4e64ce27-3326-49ac-abf0-494c63979c96,John Renbourn,MusicBrainz member relationship
Pentangle,London,member,mb:0cd5e16e-a6ab-43af-8d75-158b3b561f6e,Danny Thompson,MusicBrainz member relationship
Pentangle,London,member,mb:e3113f8a-2d08-47e5-ba3e-fcfb90727a39,Terry Cox,MusicBrainz member relationship
Pet Shop Boys,London,member,mb:456163ba-4f9a-489a-bc14-ff7b3616dc9b,Chris Lowe,MusicBrainz member relationship
Pet Shop Boys,London,member,mb:8dac8c65-bcb3-4730-b82a-58727ea44e41,Neil Tennant,MusicBrainz member relationship
Peter and the Test Tube Babies,Brighton and Hove,member,mb:d03fecf9-62da-49ef-a9ed-2db52b619f3b,Peter Bywaters,MusicBrainz member relationship
Peter and the Test Tube Babies,Brighton and Hove,member,mb:dcce0b0a-97aa-456e-b01c-bcc028e65a0b,Derek Greening,MusicBrainz member relationship
Peter and the Test Tube Babies,Brighton and Hove,member,mb:bd809714-80fc-4561-b181-73a8fe998041,Mark Hoggins,MusicBrainz member relationship
Peter and the Test Tube Babies,Brighton and Hove,member,mb:3f86be9e-0412-4f75-b706-7ea4f64b9ece,Trapper,MusicBrainz member relationship
Piano Magic,London,member,mb:c8ea4d58-c068-4792-8572-8c4a6be4229f,Angèle David-Guillou,MusicBrainz member relationship
Piano Magic,London,member,mb:acd26283-125c-46e7-b1f1-6f6fa2deed26,Ezra Feinberg,MusicBrainz member relationship
Piano Magic,London,member,mb:095b62a4-e6be-4cbf-8b12-2e221ce4d1c4,Glen Johnson,MusicBrainz member relationship
Piano Magic,London,member,mb:2c6b226f-7fa3-4864-beb2-e2e7efa9d039,Suzy Mangion,MusicBrainz member relationship
Piano Magic,London,member,mb:5f5841a2-0b74-4bb9-b912-39693b457d88,Gabe McDonough,MusicBrainz member relationship
Piano Magic,London,member,mb:7e932266-2662-4b30-9f18-0863f987cddb,Jerome Tcherneyan,MusicBrainz member relationship
Pigs Pigs Pigs Pigs Pigs Pigs Pigs,Newcastle,member,mb:4cbd8cfb-7ea3-47ce-8717-10cf2e39b4f6,Ewan Mackenzie,MusicBrainz member relationship
Pigs Pigs Pigs Pigs Pigs Pigs Pigs,Newcastle,member,mb:baacafb8-fa2d-4477-a3e2-3e1affffc83b,Matthew Baty,MusicBrainz member relationship
Pigs Pigs Pigs Pigs Pigs Pigs Pigs,Newcastle,member,mb:7385006b-663b-40bf-86b8-ffb0a386bbe9,Sam Grant,MusicBrainz member relationship
Pigs Pigs Pigs Pigs Pigs Pigs Pigs,Newcastle,member,mb:732d9485-4009-4a8d-b8fc-ea7b2b389591,John-Michael Hedley,MusicBrainz member relationship
Pigs Pigs Pigs Pigs Pigs Pigs Pigs,Newcastle,member,mb:f671d45a-0ee9-455d-9b4c-e3d1ed9874ba,Adam Ian Sykes,MusicBrainz member relationship
Pigs Pigs Pigs Pigs Pigs Pigs Pigs,Newcastle,member,mb:1c27f6d9-e016-48d5-91e0-03c270fe5cd6,Chris Morley,MusicBrainz member relationship
Pilot,Edinburgh,member,mb:cd5a063f-2fd2-4271-956c-56678df04db5,Ian Bairnson,MusicBrainz member relationship
Pilot,Edinburgh,member,mb:b625f714-1b17-4f59-bd29-dc70a304d589,Billy Lyall,MusicBrainz member relationship
Pilot,Edinburgh,member,mb:a2930d99-e1c9-4ec8-a0f6-3c27136c4744,David Paton,MusicBrainz member relationship
Pilot,Edinburgh,member,mb:cb44df12-a954-4494-a17a-9155b93fd684,Stuart Tosh,MusicBrainz member relationship
Pink Floyd,London,member,mb:12327d75-47d5-45d9-84c2-3760b9210c17,Syd Barrett,MusicBrainz member relationship
Pink Floyd,London,member,mb:6f7e36da-79d8-4219-990d-8e9224d04ebc,Richard Wright,MusicBrainz member relationship
Pink Floyd,London,member,mb:0f50beab-d77d-4f0f-ac26-0b87d3e9b11b,Roger Waters,MusicBrainz member relationship
Pink Floyd,London,member,mb:d6c37074-0155-46a3-8af2-338a4f625afc,Nick Mason,MusicBrainz member relationship
Pink Floyd,London,member,mb:1dce970e-34bc-48b2-ab51-48d87544a4c2,David Gilmour,MusicBrainz member relationship
Pitchshifter,Nottingham,member,mb:7976cad8-eefb-4089-a088-aa70d0882def,Stuart Toolin,MusicBrainz member relationship
Pitchshifter,Nottingham,member,mb:7b27a050-7df2-4acb-90da-1ec1b1a05018,Jim Davies,MusicBrainz member relationship
Pitchshifter,Nottingham,member,mb:9a3e453e-ff45-4499-81b3-1b223661ad83,Jason Bowld,MusicBrainz member relationship
Pitchshifter,Nottingham,member,mb:cb6dcc34-74c9-4bf7-9069-17509e8906fd,Jon S. Clayden,MusicBrainz member relationship
Pitchshifter,Nottingham,member,mb:7813e1d9-2767-4c78-b191-441dcfd8aa57,Mark D. Clayden,MusicBrainz member relationship
Pitchshifter,Nottingham,member,mb:3b7f8a52-9f97-40d6-a07d-1ed4addd03cf,Dan Rayner,MusicBrainz member relationship
Pitchshifter,Nottingham,member,mb:2f9dc10f-40d5-4980-a421-fe90c874003b,Tim Rayner,MusicBrainz member relationship
Placebo,London,member,mb:5976af3a-ab6a-4725-a9cc-72cdffc6b932,Steve Hewitt,MusicBrainz member relationship
Placebo,London,member,mb:8caa0df7-5493-4eaa-946f-a05b9b716a0c,Robert Schultzberg,MusicBrainz member relationship
Placebo,London,member,mb:ef7d7e16-e0e2-426c-812b-911c346e8c3c,Brian Molko,MusicBrainz member relationship
Placebo,London,member,mb:d9a4caf6-9b71-4be1-901f-017f4b40b905,Stefan Olsdal,MusicBrainz member relationship
Placebo,London,member,mb:6a1d90cb-c9f8-4e20-a417-f96fc11af17f,Steve Forrest,MusicBrainz member relationship
Plump DJs,London,member,mb:1ae0928a-060d-4db6-9a03-4f20c56437a8,Andy Gardner,MusicBrainz member relationship
Plump DJs,London,member,mb:2578f6f2-3295-421a-97a3-3f11e117b382,King of the Beats,MusicBrainz member relationship
Plump DJs,London,member,mb:1bb604e3-f759-4fe9-91a7-db778d2910fd,Lee Rous,MusicBrainz member relationship
Pop Will Eat Itself,Birmingham,member,mb:22a061d3-05ad-4181-9afd-3fcc3d53ee79,Kerry Hammond,MusicBrainz member relationship
Pop Will Eat Itself,Birmingham,member,mb:33fc98ef-fde9-4158-8de4-74265964ed84,Graham Crabb,MusicBrainz member relationship
Pop Will Eat Itself,Birmingham,member,mb:fc015f11-be38-4b7d-b3e8-5d809242ecec,Clint Mansell,MusicBrainz member relationship
Pop Will Eat Itself,Birmingham,member,mb:20f52270-2406-40e8-8704-44067a1acdd0,Richard March,MusicBrainz member relationship
Pop Will Eat Itself,Birmingham,member,mb:cc8cb895-ec60-4206-bbd3-1c34cf671999,Adam Mole,MusicBrainz member relationship
Pop Will Eat Itself,Birmingham,member,mb:d536a734-a2f0-47c0-8135-2e637f392ae8,Fuzz Townshend,MusicBrainz member relationship
Porcupine Tree,Dacorum,member,mb:3a51b862-0144-40f6-aa17-6aaeefea29d9,Steven Wilson,MusicBrainz member relationship
Porcupine Tree,Dacorum,member,mb:326aca4c-961e-4bb1-9926-391cd7871b3f,Chris Maitland,MusicBrainz member relationship
Porcupine Tree,Dacorum,member,mb:3db03b5f-99c5-45b3-bbdb-6876784911a5,Colin Edwin,MusicBrainz member relationship
Porcupine Tree,Dacorum,member,mb:4bbc567d-8d09-4dac-8a81-98a117088378,Richard Barbieri,MusicBrainz member relationship
Porcupine Tree,Dacorum,member,mb:60ac8ed5-bff9-41ed-bc5e-b889fd5cbd1d,Gavin Harrison,MusicBrainz member relationship
Portico Quartet,London,member,mb:ee910c7a-56df-4df3-bef8-aa94a3adef8b,Nick Mulvey,MusicBrainz member relationship
Portico Quartet,London,member,mb:bbbb5b27-5d02-43d9-a99c-798319160ea3,Keir Vine,MusicBrainz member relationship
Portico Quartet,London,member,mb:b57d0f24-770a-48e3-94d7-93ab19bdd74e,Duncan Bellamy,MusicBrainz member relationship
Portico Quartet,London,member,mb:d71d052b-0041-47dc-a017-2af19e42dcab,Milo Fitzpatrick,MusicBrainz member relationship
Portico Quartet,London,member,mb:4b8efcab-499d-42fc-9506-886c8122a301,Jack Wyllie,MusicBrainz member relationship
Portishead,Bristol,member,mb:5082a11f-7203-4ff3-ae04-2a0150d3bbb6,Geoff Barrow,MusicBrainz member relationship
Portishead,Bristol,member,mb:5adcb9d9-5ea2-428d-af46-ef626966e106,Beth Gibbons,MusicBrainz member relationship
Portishead,Bristol,member,mb:619b1116-740e-42e0-bdfe-96af274f79f7,Adrian Utley,MusicBrainz member relationship
Portishead,Bristol,member,mb:d576e6be-03d1-489c-8c3e-692c6fbfb7ca,Clive Deamer,MusicBrainz member relationship
Portishead,Bristol,member,mb:0944a9f5-65be-44b6-9e8e-33732fdfe923,Dave McDonald,MusicBrainz member relationship
Primal Scream,Glasgow,member,mb:ba6ee258-c128-42f9-adaa-53c9fed29fe1,Jim Beattie,MusicBrainz member relationship
Primal Scream,Glasgow,member,mb:23bb4a17-70b1-4ae8-9f46-fbbfcb868b24,Bobby Gillespie,MusicBrainz member relationship
Primal Scream,Glasgow,member,mb:447d9deb-9c22-4f71-ab87-fdcaa820fea6,Robert Young,MusicBrainz member relationship
Primal Scream,Glasgow,member,mb:213b0443-e41c-40d7-b8c2-0bcb4f2b6e57,Andrew Innes,MusicBrainz member relationship
Primal Scream,Glasgow,member,mb:8bf5454f-6540-47b9-bb2d-33391dab2567,Gavin Skinner,MusicBrainz member relationship
Primal Scream,Glasgow,member,mb:00d21293-62c1-4c43-a394-b8fd9fa49853,Martin Duffy,MusicBrainz member relationship
Primal Scream,Glasgow,member,mb:105235af-71d6-4ea6-a141-f92d0ac6ae09,Denise Johnson,MusicBrainz member relationship
Primal Scream,Glasgow,member,mb:beeba97d-13da-4f78-98e0-a810f169e11a,Mani,MusicBrainz member relationship
Primal Scream,Glasgow,member,mb:96fde896-9a51-494e-9e59-0a0f046f8bfc,Darrin Mooney,MusicBrainz member relationship
Primal Scream,Glasgow,member,mb:49b34ba3-46a2-40af-b6c0-6f1fab93af8b,Kevin Shields,MusicBrainz member relationship
Primal Scream,Glasgow,member,mb:e914b678-ef09-47ab-b933-0e84cb5ca860,Simone Marie Butler,MusicBrainz member relationship
Primal Scream,Glasgow,member,mb:9def8855-b498-4294-9fe0-95e0d4a91bb0,Paul Harte,MusicBrainz member relationship
Primal Scream,Glasgow,member,mb:6143f82d-2af3-4b32-927b-0a536ed7c270,Jim Hunt,MusicBrainz member relationship
Primal Scream,Glasgow,member,mb:62eb24fe-a9cf-46bf-adf9-a2b53e623257,Duncan McKay,MusicBrainz member relationship
Primal Scream,Glasgow,member,mb:6a21ac54-b38e-4c89-be1c-ebf15fb7d19d,Paul Mulreany,MusicBrainz member relationship
Primal Scream,Glasgow,member,mb:803cd61c-c010-47b5-8982-efdb5beb63fb,Henry Olsen,MusicBrainz member relationship
Primal Scream,Glasgow,member,mb:327e6e21-7da3-4a75-a9d3-f8b2157caa9d,Toby Tomanov,MusicBrainz member relationship
Procol Harum,London,member,mb:2a9adc7a-b441-49ec-a38c-fb09a6398f4d,Ray Royer,MusicBrainz member relationship
Procol Harum,London,member,mb:a1b23e2e-9f94-405d-a2d2-32be49580eb2,Matthew Fisher,MusicBrainz member relationship
Procol Harum,London,member,mb:a186e747-74dd-4ba9-be6b-74cd055026f9,David Knights,MusicBrainz member relationship
Procol Harum,London,member,mb:6605c2c6-f115-486c-8b1a-b786882de463,Robin Trower,MusicBrainz member relationship
Procol Harum,London,member,mb:3ec4f676-9f3a-4ecd-8d5c-8c80afbb9a79,Barrie James Wilson,MusicBrainz member relationship
Procol Harum,London,member,mb:3e18ad2b-ee0e-4668-ab01-969e534902f0,Dave Ball,MusicBrainz member relationship
Procol Harum,London,member,mb:6e8d82ae-2bd8-4fdf-b4c2-1ba0bbb510f9,Alan Cartwright,MusicBrainz member relationship
Procol Harum,London,member,mb:ec06012c-32fb-4d59-b56b-aa9ac8b142c9,Matt Pegg,MusicBrainz member relationship
Procol Harum,London,member,mb:18327047-fbcf-4836-8e32-32b40bc1682c,Dave Bronze,MusicBrainz member relationship
Procol Harum,London,member,mb:160eff18-7d6e-4000-a1d4-fe4c2e7a66ca,Gary Brooker,MusicBrainz member relationship
Procol Harum,London,member,mb:ce73b26f-8541-4077-83af-ae8e9f551386,Chris Copping,MusicBrainz member relationship
Procol Harum,London,member,mb:8de79c04-0f36-436e-be42-e42c5c2efd78,Mick Grabham,MusicBrainz member relationship
Procol Harum,London,member,mb:962b21ee-72ea-4ada-b506-7bb541b91225,Tim Renwick,MusicBrainz member relationship
Procol Harum,London,member,mb:5ba24696-7699-4a7c-a0a9-622fe83b1c53,Peter Solley,MusicBrainz member relationship
Psychic TV,London,member,mb:c0880c7c-52e8-4e9f-abad-b7970aa05179,Peter Christopherson,MusicBrainz member relationship
Psychic TV,London,member,mb:08c9a65d-5d7c-49a2-b4c1-366ff41e881a,Alex Fergusson,MusicBrainz member relationship
Psychic TV,London,member,mb:ff22d292-3fc0-483f-8a87-0f6c97993d4b,Genesis Breyer P-Orridge,MusicBrainz member relationship
Psychic TV,London,member,mb:a8fa58d8-f60b-4b83-be7c-aea1af11596b,Fred Giannelli,MusicBrainz member relationship
Psychic TV,London,member,mb:7cad4c09-8c9f-497c-9c61-5cc950c846b7,DJ Kraig,MusicBrainz member relationship
Psychic TV,London,member,mb:d3bcf54e-56f3-497e-b3ac-6f89ae1e7201,John Balance,MusicBrainz member relationship
Psychic TV,London,member,mb:b482d1c7-de0c-449a-a8ff-c6e9203daa47,Gini Ball,MusicBrainz member relationship
Psychic TV,London,member,mb:c12fe123-e91f-4722-891f-fc9669d8aeaa,Matthew Best,MusicBrainz member relationship
Psychic TV,London,member,mb:6ae6c995-7e8f-4ab9-babd-76fd991a28f4,Michael Campagna,MusicBrainz member relationship
Psychic TV,London,member,mb:6c7304bc-412c-4961-97c5-7e4bd3c47a66,Andy Chatterley,MusicBrainz member relationship
Psychic TV,London,member,mb:6f35900a-dfef-435b-af7b-d61439c126ef,Philipp Erb,MusicBrainz member relationship
Psychic TV,London,member,mb:e79b8fcd-4329-46c8-a726-71dc7c3436b4,Danny Hyde,MusicBrainz member relationship
Psychic TV,London,member,mb:8544bf88-94c4-4451-b8aa-22b23a887a3c,Hugo Longden,MusicBrainz member relationship
Psychic TV,London,member,mb:391929cd-4e08-4a32-9c6b-bd8a5b8987fe,Sean Maher,MusicBrainz member relationship
Psychic TV,London,member,mb:6cf3f507-1076-4315-b85d-c8b463576143,Dave Martin,MusicBrainz member relationship
Psychic TV,London,member,mb:a5ae404e-9165-470f-bf35-7b887ccacbe2,David Max,MusicBrainz member relationship
Psychic TV,London,member,mb:aa1cbb28-e76d-4cfc-b567-dc507226386d,Drew McDowall,MusicBrainz member relationship
Psychic TV,London,member,mb:f032ac46-5587-4f1a-a9ff-137ce27f6b88,Richard Norris,MusicBrainz member relationship
Psychic TV,London,member,mb:f334147f-2a0d-460a-aef7-9b0512be8725,Richard Schiessl,MusicBrainz member relationship
Psychic TV,London,member,mb:439b4b4b-d59d-450f-9a44-488f7992ce51,Ken Thomas,MusicBrainz member relationship
Psychic TV,London,member,mb:cecfc486-daa8-49f7-8eda-7d726dd26d94,Larry Thrasher,MusicBrainz member relationship
Psychic TV,London,member,mb:ab68c388-23f0-43fd-bc3e-4c17516051d6,David Tibet,MusicBrainz member relationship
Psychic TV,London,member,mb:7321aaae-3b51-4a31-85f4-8d5c903bb1fb,Jordi Valls,MusicBrainz member relationship
Psychic TV,London,member,mb:8e1b3b24-8a87-4a00-ab02-aad300d5895d,Dave Ball,MusicBrainz member relationship
Psychic TV,London,member,mb:1148b5e1-1007-4350-9adc-38e209094be5,John Gosling,MusicBrainz member relationship
Psychic TV,London,member,mb:14422c17-6473-4da4-9173-1578d42a06fb,Alex Russell,MusicBrainz member relationship
Public Image Ltd.,London,member,mb:552aa214-b1a1-4112-a15c-863d1833d29e,Jim Walker,MusicBrainz member relationship
Public Image Ltd.,London,member,mb:904cc1c8-021e-45ac-bbe9-95c01a1f8099,Jah Wobble,MusicBrainz member relationship
Public Image Ltd.,London,member,mb:23076ae4-ac76-4468-95fc-d8bae9e70f0a,Keith Levene,MusicBrainz member relationship
Public Image Ltd.,London,member,mb:1b389bc0-68d2-4e2e-af22-6be1075b907d,John Lydon,MusicBrainz member relationship
Public Image Ltd.,London,member,mb:9304c467-0450-4c16-b7d1-118cd8f7a2c5,Richard Dudanski,MusicBrainz member relationship
Public Image Ltd.,London,member,mb:4c79d249-fed7-4d8f-a05a-eeb96a6bdd02,Karl Burns,MusicBrainz member relationship
Public Image Ltd.,London,member,mb:4fdcc071-4125-433c-9b57-de2084d8d48f,Martin Atkins,MusicBrainz member relationship
Public Image Ltd.,London,member,mb:e73e5d67-ab76-45e4-b852-5533c464ec97,Steve New,MusicBrainz member relationship
Public Image Ltd.,London,member,mb:6f0327f2-2fc5-41fa-931e-80d29ab2a525,Pete Jones,MusicBrainz member relationship
Public Image Ltd.,London,member,mb:7fdc11d6-a846-4e93-8545-687b0daf2253,Arthur Stead,MusicBrainz member relationship
Public Image Ltd.,London,member,mb:06dd9453-0d4a-4a81-9efe-b6d7f2207706,Tommy Zvoncheck,MusicBrainz member relationship
Public Image Ltd.,London,member,mb:7d2c9520-40c4-4377-aef9-166635679200,Jebin Bruni,MusicBrainz member relationship
Public Image Ltd.,London,member,mb:8b7a121c-5b50-4912-ab4c-e49a631a2db0,Bill Laswell,MusicBrainz member relationship
Public Image Ltd.,London,member,mb:257ba073-a7c1-4455-9a9e-d2da30c7fa02,Lu Edmonds,MusicBrainz member relationship
Public Image Ltd.,London,member,mb:bb92f697-681a-409f-a5c2-1e5e52520e07,Bruce Smith,MusicBrainz member relationship
Public Image Ltd.,London,member,mb:ddcb075c-d23e-446b-ace8-3f914ffb10da,Allan Dias,MusicBrainz member relationship
Public Image Ltd.,London,member,mb:482abb8f-ef8f-4d20-a1b1-84033cf559d7,John McGeoch,MusicBrainz member relationship
Public Image Ltd.,London,member,mb:871eb71d-e0ad-4c4b-80ae-6b06dee6cabe,Mike Joyce,MusicBrainz member relationship
Public Image Ltd.,London,member,mb:ec5138bd-755a-43df-ada5-11ac25cc7b79,Russell Webb,MusicBrainz member relationship
Public Image Ltd.,London,member,mb:0c20fc93-6204-45e5-91db-488f9ee627ed,Scott Firth,MusicBrainz member relationship
Public Service Broadcasting,London,member,mb:9abae7a2-f9ee-45a9-b8c4-e530fbce6e7b,JFAbraham,MusicBrainz member relationship
Public Service Broadcasting,London,member,mb:2b4352ac-8c45-4039-968b-a9595bf457f7,"J. Willgoose, Esq.",MusicBrainz member relationship
Public Service Broadcasting,London,member,mb:05635f50-5beb-492c-817a-29505fd08c24,Wrigglesworth,MusicBrainz member relationship
Pulp,Sheffield,member,mb:38550441-d437-4aff-867e-e79bf0c04142,Jarvis Cocker,MusicBrainz member relationship
Pulp,Sheffield,member,mb:71d0f95e-9a66-451f-bbdf-5e80bf7336df,Peter Boam,MusicBrainz member relationship
Pulp,Sheffield,member,mb:617a676d-fe89-41fb-88f8-834e016fb9da,Russell Senior,MusicBrainz member relationship
Pulp,Sheffield,member,mb:532d36f7-ef35-463a-9d3e-b2f81130efb2,Peter Mansell,MusicBrainz member relationship
Pulp,Sheffield,member,mb:547a6747-af3c-431c-99a9-c8cc1aa36f4b,Tim Allcard,MusicBrainz member relationship
Pulp,Sheffield,member,mb:ed19ed82-eb04-406b-b8fc-aab0e185b9db,Candida Doyle,MusicBrainz member relationship
Pulp,Sheffield,member,mb:3df53a27-ba02-4109-97ee-b938191f52d4,Magnus Doyle,MusicBrainz member relationship
Pulp,Sheffield,member,mb:fca56c41-2d7a-46fd-877a-cb20baa04869,Captain Sleep,MusicBrainz member relationship
Pulp,Sheffield,member,mb:64d297cd-3710-4653-b668-c88b730afbd7,Steven Havenhand,MusicBrainz member relationship
Pulp,Sheffield,member,mb:69d4eca0-1332-435c-92d5-8e4c786a77f5,Nick Banks,MusicBrainz member relationship
Pulp,Sheffield,member,mb:be1f62d6-d032-4053-aab0-7ff8b7e972f8,Steve Mackey,MusicBrainz member relationship
Pulp,Sheffield,member,mb:17efe77f-7a1c-4d00-85e1-cb89b80a7e87,Mark Andrew Webber,MusicBrainz member relationship
Pulp,Sheffield,member,mb:8dce9ad6-9415-4373-9747-dcac5ef43aef,Leo Abrahams,MusicBrainz member relationship
Pulp,Sheffield,member,mb:c2cf1ecc-cfc6-4eaa-bd49-9c33e54650f6,Saskia Cocker,MusicBrainz member relationship
Pulp,Sheffield,member,mb:9bf31f44-3977-4c12-9636-9acd79e30b5b,Jean Cook,MusicBrainz member relationship
Pulp,Sheffield,member,mb:53504d38-4ad7-46b1-b2d9-44afb033d117,Ian Dalton,MusicBrainz member relationship
Pulp,Sheffield,member,mb:389fa9ad-e103-4f70-878d-5e641638d432,Peter Dalton,MusicBrainz member relationship
Pulp,Sheffield,member,mb:a1a6acec-fa12-4179-8c4e-2eaad15b95ec,Wayne Furniss,MusicBrainz member relationship
Pulp,Sheffield,member,mb:1a24d805-3285-455f-9a2f-f1c6355b9798,Antony Genn,MusicBrainz member relationship
Pulp,Sheffield,member,mb:006f0783-c5a0-458b-a9da-f8551f7ebe77,Richard Hawley,MusicBrainz member relationship
Pulp,Sheffield,member,mb:3ad55341-6e56-42e9-ae46-7d37f0a4b137,David Hinkler,MusicBrainz member relationship
Pulp,Sheffield,member,mb:83b1f7d9-05ee-4753-a768-0e3c7a5de133,Simon Hinkler,MusicBrainz member relationship
Pulp,Sheffield,member,mb:dff97058-96ae-414d-be28-9c292bf92424,David Lockwood,MusicBrainz member relationship
Pulp,Sheffield,member,mb:f82091fb-b9be-48ec-bd06-04ac9c1b5775,Michael Paramore,MusicBrainz member relationship
Pulp,Sheffield,member,mb:c6492dcd-03c5-4732-a497-d09b2c0c030a,Jamie Pinchbeck,MusicBrainz member relationship
Pulp,Sheffield,member,mb:df4525f8-712d-4a0e-8025-8590ef30068e,Jimmy Sellars,MusicBrainz member relationship
Pulp,Sheffield,member,mb:c4dcc0a4-6526-4ea4-b5ca-63375aea6c06,Mark Swift,MusicBrainz member relationship
Pulp,Sheffield,member,mb:265a3e89-94a6-426c-9ed1-dacd458d358a,Jill Taylor,MusicBrainz member relationship
Pulp,Sheffield,member,mb:54e5d0fd-17e4-431f-8bac-f413de3e291d,Philip Thompson,MusicBrainz member relationship
Pulp,Sheffield,member,mb:9e391313-9045-4439-910e-6f3ccc7f17f2,Garry Wilson,MusicBrainz member relationship
Puressence,Manchester,member,mb:3a4842fc-fb80-493a-a983-707090a6313b,Neil McDonald,MusicBrainz member relationship
Puressence,Manchester,member,mb:988505e4-e8f8-4acb-ab04-10044f7b65de,Kevin Matthews,MusicBrainz member relationship
Puressence,Manchester,member,mb:c4a6b5b1-5dd1-4583-b16b-cde3eb889347,James Mudriczki,MusicBrainz member relationship
Puressence,Manchester,member,mb:79aa1a68-8b90-499b-bd4e-487bd8451f84,Tony Szuminski,MusicBrainz member relationship
Puressence,Manchester,member,mb:2e249372-8f0c-49d0-8c3d-91498a86d330,Lowell Killen,MusicBrainz member relationship
Queen,London,member,mb:8d1a38a7-7e7b-4673-ad32-b4833f88842f,Mike Grose,MusicBrainz member relationship
Queen,London,member,mb:ad040bd7-b175-4c3a-ab93-d27f4d541235,Barry Mitchell,MusicBrainz member relationship
Queen,London,member,mb:022589ac-7177-460d-a178-9976cf70e29f,Freddie Mercury,MusicBrainz member relationship
Queen,London,member,mb:6d24f102-5c43-453a-8664-4ee092f441cf,Brian May,MusicBrainz member relationship
Queen,London,member,mb:558302b1-07ae-4be1-9edb-2a2b1f036313,Roger Taylor,MusicBrainz member relationship
Queen,London,member,mb:8201ee6e-a7d8-4e10-aebd-60699d7e91cf,Doug Bogie,MusicBrainz member relationship
Queen,London,member,mb:a0b77a10-ecff-4b84-b1f3-008391038d67,John Deacon,MusicBrainz member relationship
Racey,Bristol,member,mb:2dd9ba46-a17b-47f7-b1ba-289a02489a80,Richard Gower,MusicBrainz member relationship
Radiohead,Oxford,member,mb:f23074f4-2c06-477a-bf1d-12fa66e087ee,Colin Greenwood,MusicBrainz member relationship
Radiohead,Oxford,member,mb:e9fcfbbf-1743-4f73-8744-ada8da7394ea,Jonny Greenwood,MusicBrainz member relationship
Radiohead,Oxford,member,mb:309d9809-cf74-493a-b56b-1378258f20fd,Ed O’Brien,MusicBrainz member relationship
Radiohead,Oxford,member,mb:4ab74d13-d1eb-4895-b874-6da5d8b1aac3,Philip Selway,MusicBrainz member relationship
Radiohead,Oxford,member,mb:8ed2e0b3-aa4c-4e13-bec3-dc7393ed4d6b,Thom Yorke,MusicBrainz member relationship
Rainbow,London,member,mb:6d4cade7-2769-4d54-ba81-3f875f0bcd8c,Gary Driscoll,MusicBrainz member relationship
Rainbow,London,member,mb:969e350a-03eb-4c4a-b049-919ff5ba5a28,Craig Gruber,MusicBrainz member relationship
Rainbow,London,member,mb:1dd059a6-4c93-4ec4-bd96-7f08617dfee0,Mickey Lee Soule,MusicBrainz member relationship
Rainbow,London,member,mb:20aa5449-0dd8-43d7-b7c1-86de3a9864d4,Jimmy Bain,MusicBrainz member relationship
Rainbow,London,member,mb:6030ced0-1ada-49ae-a81f-16463f37461e,Tony Carey,MusicBrainz member relationship
Rainbow,London,member,mb:fc4953aa-6bf4-4f1f-8e47-5ac79ca428e2,Ronnie James Dio,MusicBrainz member relationship
Rainbow,London,member,mb:0b406e6d-a81b-45ee-bef2-2df2a6c63859,Cozy Powell,MusicBrainz member relationship
Rainbow,London,member,mb:fc5f555c-dfa2-4f16-9da5-98342105c23a,Ritchie Blackmore,MusicBrainz member relationship
Rainbow,London,member,mb:af49ecbb-a0b9-4805-9cec-f97eac794c81,Bob Daisley,MusicBrainz member relationship
Rainbow,London,member,mb:583944a8-d43b-42e9-8e3c-29eb89f53587,Roger Glover,MusicBrainz member relationship
Rainbow,London,member,mb:e09e91de-c19f-4e7e-b431-8e9e0af1fc57,Graham Bonnet,MusicBrainz member relationship
Rainbow,London,member,mb:7bec6cd1-9602-400c-ab05-47e2d83bdf3d,Don Airey,MusicBrainz member relationship
Rainbow,London,member,mb:a858b8c6-d0f7-413d-8b5e-511ea74013fc,Bob Rondinelli,MusicBrainz member relationship
Rainbow,London,member,mb:47cd459b-06c1-462f-8fdd-27721a03ef68,Joe Lynn Turner,MusicBrainz member relationship
Rainbow,London,member,mb:5635436d-9938-42fe-a8bb-2db9efc662e4,David Rosenthal,MusicBrainz member relationship
Rainbow,London,member,mb:03973bc6-84fb-4fed-8195-300e41d67809,Paul Morris,MusicBrainz member relationship
Rainbow,London,member,mb:3748dbfc-5e2d-4846-b626-2af2df245b25,Doogie White,MusicBrainz member relationship
Rainbow,London,member,mb:d2d4a192-cb47-4033-8847-83ab7935e18c,Ronnie Romero,MusicBrainz member relationship
Rainbow,London,member,mb:563327b3-a04a-46df-8f3c-8f581b578775,David Keith,MusicBrainz member relationship
Rainbow,London,member,mb:9b8f62a5-ffce-44bc-ba16-625873144fb9,Bob Nouveau,MusicBrainz member relationship
Rainbow,London,member,mb:1bcc19f4-3565-4b93-90d4-50fd481a035b,David Stone,MusicBrainz member relationship
Rainbow,London,member,mb:ff0039bf-317d-4ecb-9825-f1277b17aa3a,John O. Reilly,MusicBrainz member relationship
Rak-Su,London,member,mb:c7414a9d-f68c-478e-94e3-1da73195651b,Myles Stephenson,MusicBrainz member relationship
Red Box,London,member,mb:8c03609b-b763-4434-89af-d7bcfdc267ae,Julian Close,MusicBrainz member relationship
Red Box,London,member,mb:ce8e2d55-d4be-4643-8c74-10da71ebf29e,Rob Legge,MusicBrainz member relationship
Red Box,London,member,mb:cfea78a5-6b22-4803-98cf-82141fda8bc2,Martin Nickson,MusicBrainz member relationship
Red Box,London,member,mb:8f46d664-1706-4c98-9111-ffe7f9f93e45,Paddy Talbot,MusicBrainz member relationship
Red Box,London,member,mb:1948b524-9308-477d-86e1-f31361e3858e,Simon Toulson-Clarke,MusicBrainz member relationship
Red Lorry Yellow Lorry,Leeds,member,mb:7913e27b-f5e1-4000-91c4-53b0ca5e9f90,Simon Archer,MusicBrainz member relationship
Red Lorry Yellow Lorry,Leeds,member,mb:522a231c-2133-4f6b-982b-8d38320bcd15,Mick Brown,MusicBrainz member relationship
Red Lorry Yellow Lorry,Leeds,member,mb:96c3ebaf-21ac-46d4-acd6-1d484e3d35c1,Mark Chillington,MusicBrainz member relationship
Red Lorry Yellow Lorry,Leeds,member,mb:9d50eb8a-c026-485f-84bc-be39d0dc0964,Martin Fagan,MusicBrainz member relationship
Red Lorry Yellow Lorry,Leeds,member,mb:b60db6ae-c55b-4997-bd0b-7d1f0f2def8e,Mark Hubbard,MusicBrainz member relationship
Red Lorry Yellow Lorry,Leeds,member,mb:2ae8cb91-53ca-4c0e-8099-668729005900,Chris Oldroyd,MusicBrainz member relationship
Red Lorry Yellow Lorry,Leeds,member,mb:2bb4a716-47fa-4903-a0e8-b4bd7e245b85,Leon Phillips,MusicBrainz member relationship
Red Lorry Yellow Lorry,Leeds,member,mb:fccdc9ce-339b-4469-98ff-53778a3f75b6,Chris Reed,MusicBrainz member relationship
Red Lorry Yellow Lorry,Leeds,member,mb:916a61c0-6e93-4832-9baa-9406f7f8c0f6,George Schultz,MusicBrainz member relationship
Red Lorry Yellow Lorry,Leeds,member,mb:04bc9213-c76d-4a3f-aa9a-b8551b9421f6,Martin Scott,MusicBrainz member relationship
Red Lorry Yellow Lorry,Leeds,member,mb:f1103a21-6f1e-4252-96e3-d64f69d1a5ad,Steve Smith,MusicBrainz member relationship
Red Lorry Yellow Lorry,Leeds,member,mb:3cd20416-a8e4-4d53-9ae7-e6a42ef6075f,Paul Southern,MusicBrainz member relationship
Red Lorry Yellow Lorry,Leeds,member,mb:f7d17f0e-5f27-4ecf-983d-dd70165c6afb,Mark Sweeney,MusicBrainz member relationship
Red Lorry Yellow Lorry,Leeds,member,mb:b0230f8b-2445-49b5-a9dd-25f1a729dbfa,Gary Weight,MusicBrainz member relationship
Red Lorry Yellow Lorry,Leeds,member,mb:0448bf5e-fe7b-44fe-a1a2-b4b8f6199171,David Wolfenden,MusicBrainz member relationship
Reverend And The Makers,Sheffield,member,mb:3ee722c5-628f-4cc7-855f-85ed297a4080,Tom Jarvis,MusicBrainz member relationship
Reverend And The Makers,Sheffield,member,mb:dc37d771-0bbf-4aac-bbf0-e6b57c3fdd25,Stuart Doughty,MusicBrainz member relationship
Reverend And The Makers,Sheffield,member,mb:09627985-79e0-409b-b84e-0b49a027edbe,Tom Rowley,MusicBrainz member relationship
Reverend And The Makers,Sheffield,member,mb:660fc882-a97e-4678-a59a-c4cd6ce7a3f1,Dave Sanderson,MusicBrainz member relationship
Reverend And The Makers,Sheffield,member,mb:7b5debf9-a5e9-4f4e-867c-a7475f446a77,Ed Cosens,MusicBrainz member relationship
Reverend And The Makers,Sheffield,member,mb:b59f7c88-2baf-46a1-86f3-d6c3420ed457,Laura Manuel,MusicBrainz member relationship
Reverend And The Makers,Sheffield,member,mb:31b366dd-c278-4543-8979-5a91c80ec5b8,Jon McClure,MusicBrainz member relationship
Reverend And The Makers,Sheffield,member,mb:fc6b93b4-b483-418c-898c-d72ec37e0ac4,Joe Moskow,MusicBrainz member relationship
Reverend And The Makers,Sheffield,member,mb:d9a51c90-1315-41f7-932f-ed084449e3ed,Andy Nicholson,MusicBrainz member relationship
Rialto,London,member,mb:ade0e82c-2454-4f95-b5bd-2f802d544908,Jonny Bull,MusicBrainz member relationship
Rialto,London,member,mb:1beb634a-3ead-4338-95b4-cdf67a3f97c5,Anthony Christmas,MusicBrainz member relationship
Rialto,London,member,mb:9e45d84b-e081-43a2-9480-862f4db01340,Pete Cuthbert,MusicBrainz member relationship
Rialto,London,member,mb:51f986b2-c0c8-460f-ba87-a79f1b3c4307,Louis Eliot,MusicBrainz member relationship
Rialto,London,member,mb:c0a7936b-e9e5-4334-82c3-f48171fdd516,Toby Hounsham,MusicBrainz member relationship
Rialto,London,member,mb:6ba3b93f-4256-4b67-ba36-e23bd488e01e,Julian Taylor,MusicBrainz member relationship
Ride,Oxford,member,mb:5946e805-9ab4-4fd9-9c19-21a8f7dfef98,Andy Bell,MusicBrainz member relationship
Ride,Oxford,member,mb:8db48677-6834-4243-8808-ecf7970bea25,Loz Colbert,MusicBrainz member relationship
Ride,Oxford,member,mb:57f73c2e-ee2f-49d9-b3c6-839259bc7eba,Mark Gardener,MusicBrainz member relationship
Ride,Oxford,member,mb:9613f15b-aee1-4017-b9d6-490c1e5d3ca3,Steve Queralt,MusicBrainz member relationship
Rolo Tomassi,Sheffield,member,mb:434b9955-75ce-40ed-911e-1af99f3fff8c,Joe Nicholson,MusicBrainz member relationship
Rolo Tomassi,Sheffield,member,mb:e4fd0429-b6bf-4ead-a63b-8f45553a7ae6,Joseph Thorpe,MusicBrainz member relationship
Rolo Tomassi,Sheffield,member,mb:dc7fa16f-e65f-4bf3-826f-8ef480abf822,Edward Dutton,MusicBrainz member relationship
Rolo Tomassi,Sheffield,member,mb:a5a46a9c-2c71-4b2b-85cc-71ab3b54dfaf,Eva Korman,MusicBrainz member relationship
Rolo Tomassi,Sheffield,member,mb:c762d516-ea98-402b-a370-78ea5f559164,James Spence,MusicBrainz member relationship
Rolo Tomassi,Sheffield,member,mb:4a397962-708e-4175-9586-5d85920943c0,Chris Cayford,MusicBrainz member relationship
Rolo Tomassi,Sheffield,member,mb:f7d9ebe6-699a-4ee9-ba90-0447e4eda487,Nathan Fairweather,MusicBrainz member relationship
Rolo Tomassi,Sheffield,member,mb:89e840b6-3307-4155-8d8d-4f18d82271de,Tom Pitts,MusicBrainz member relationship
Rolo Tomassi,Sheffield,member,mb:63772797-9a38-4e97-b3dd-7aae9f6b368f,Al Pott,MusicBrainz member relationship
Royal Blood,Brighton and Hove,member,mb:d1e41d31-84e5-41ac-afd6-ea52553eb06b,Joe Dennis,MusicBrainz member relationship
Royal Blood,Brighton and Hove,member,mb:9b5d9158-b99c-402e-81ce-2253c70b35aa,Matt Swan,MusicBrainz member relationship
Royal Blood,Brighton and Hove,member,mb:4c829576-6fc1-4a1d-ac27-7ff2b362c713,Mike Kerr,MusicBrainz member relationship
Royal Blood,Brighton and Hove,member,mb:f8d40579-2d3d-4d29-b05c-3e2a09e3775d,Ben Thatcher,MusicBrainz member relationship
Rudimental,London,member,mb:b301026a-00c7-441e-aca7-8b01f6c88d96,Piers Aggett,MusicBrainz member relationship
Rudimental,London,member,mb:6fda57e7-57ca-4d18-a0a0-2be85e56ec72,Amir Amor,MusicBrainz member relationship
Rudimental,London,member,mb:47cd0173-2278-40b1-9e74-9bd87971cf69,Kesi Dryden,MusicBrainz member relationship
Rudimental,London,member,mb:8385ae48-812d-4bae-a240-74ecdbaf6dce,DJ Locksmith,MusicBrainz member relationship
Rudimentary Peni,London,member,mb:2c90f43a-bace-4ef5-ba10-5af179a2cad4,Nick Blinko,MusicBrainz member relationship
Rudimentary Peni,London,member,mb:6bad9681-e40c-491c-98ae-8981e2301ffb,Jon Greville,MusicBrainz member relationship
Rudimentary Peni,London,member,mb:787505dd-81c9-4b02-ae66-7ad4c5df8ff1,Grant Matthews,MusicBrainz member relationship
SOFT PLAY,London,member,mb:1d6d95ac-cdbd-45b5-a197-3dfbc61969e3,Baby Dave,MusicBrainz member relationship
SOFT PLAY,London,member,mb:40fb260f-7dca-4aa9-87c5-ffaa714ffd90,Laurie Vincent,MusicBrainz member relationship
Sade,London,member,mb:ec0c72f2-5d48-4510-8fa3-2841c9f89701,Paul Cooke,MusicBrainz member relationship
Sade,London,member,mb:3c6a1239-9858-4ec6-8bf2-208fd2659c68,Sade Adu,MusicBrainz member relationship
Sade,London,member,mb:eb28cee9-090d-4f96-8490-5504180caa45,Paul S. Denman,MusicBrainz member relationship
Sade,London,member,mb:83cf2a60-3970-445a-bfef-3fdbe2a75f8a,Stuart Matthewman,MusicBrainz member relationship
Sade,London,member,mb:ccccc434-290b-434b-9ff1-0c9e32a1ac8f,Andrew Hale,MusicBrainz member relationship
Saint Etienne,London,member,mb:331fb5f2-5330-4e46-b5ef-e39c8fa6bbd0,Sarah Cracknell,MusicBrainz member relationship
Saint Etienne,London,member,mb:17f1d425-7282-4034-8c31-d50cb8ccbb5b,Bob Stanley,MusicBrainz member relationship
Saint Etienne,London,member,mb:5b8f0092-e90b-4af5-8821-8ee8e10b4e27,Pete Wiggs,MusicBrainz member relationship
Savages,London,member,mb:fdac609a-63d0-49b9-823a-daec52a0db97,Jehnny Beth,MusicBrainz member relationship
Savages,London,member,mb:06ca9d95-7641-4777-894e-8a80b97c274e,Ayşe Hassan,MusicBrainz member relationship
Savages,London,member,mb:9435f707-f682-4f24-96ed-58dc2b37d980,Fay Milton,MusicBrainz member relationship
Savages,London,member,mb:a30fc91e-3b23-4c1b-ba3e-cdc55890e0c0,Gemma Thompson,MusicBrainz member relationship
Savoy Brown,London,member,mb:a2a1adcd-ac4b-4285-a175-70ae118a5f4c,Kim Simmonds,MusicBrainz member relationship
Savoy Brown,London,member,mb:44d1db84-4eeb-42b3-a6ef-7fd005a89c70,Martin Stone,MusicBrainz member relationship
Savoy Brown,London,member,mb:ec166c16-75f7-4312-8308-135c4b6b9e5a,Bob Brunning,MusicBrainz member relationship
Savoy Brown,London,member,mb:6054cc11-67d6-4c13-8a92-6da7679aa303,Chris Youlden,MusicBrainz member relationship
Savoy Brown,London,member,mb:c54a6c76-cfbd-42cd-8267-a30f4e17a99b,Rivers Jobe,MusicBrainz member relationship
Savoy Brown,London,member,mb:ed5c7479-2b40-4c82-807d-5537eb570b32,Andy Silvester,MusicBrainz member relationship
Savoy Brown,London,member,mb:ed02d3d7-5cf5-4c78-a35e-cda9e7b91581,Dave Walker,MusicBrainz member relationship
Savoy Brown,London,member,mb:fc0f23a7-01e6-4f43-a152-2cb06ad006e3,Jackie Lynton,MusicBrainz member relationship
Savoy Brown,London,member,mb:3530fe9e-2b6a-4402-9af7-f21dd0d9e1a7,Ian Ellis,MusicBrainz member relationship
Savoy Brown,London,member,mb:4273e3de-511e-4602-9878-845caa9fafda,Garnet Grimm,MusicBrainz member relationship
Saxon,Sheffield,member,mb:509257a9-c5b0-43ff-b097-372d609d5515,Biff Byford,MusicBrainz member relationship
Saxon,Sheffield,member,mb:fe051ca9-4ec9-4aeb-bc90-6266496ef8f3,Pete Gill,MusicBrainz member relationship
Saxon,Sheffield,member,mb:e904ba83-6432-40d3-9921-005eeb596b1c,Steve Dawson,MusicBrainz member relationship
Saxon,Sheffield,member,mb:71a38c03-2bfc-4dda-be85-8ba4966ad603,Graham Oliver,MusicBrainz member relationship
Saxon,Sheffield,member,mb:b4c7eade-40ed-40ac-b76d-1aebc34af7b5,Paul Quinn,MusicBrainz member relationship
Saxon,Sheffield,member,mb:78c24641-296e-4bf5-ad07-cea767a4edf1,Nigel Glockler,MusicBrainz member relationship
Saxon,Sheffield,member,mb:0ae3aaf5-5f65-49b4-8aca-fe7a76108f09,Paul Johnson,MusicBrainz member relationship
Saxon,Sheffield,member,mb:4d57d2ea-6e0a-4228-b301-f464baf99e9f,Nigel Durham,MusicBrainz member relationship
Saxon,Sheffield,member,mb:50471685-b5b3-4686-b16a-60ad1c13c4a3,Nibbs Carter,MusicBrainz member relationship
Saxon,Sheffield,member,mb:bc032a6b-c612-4145-affd-682d78b8db11,Doug Scarratt,MusicBrainz member relationship
Saxon,Sheffield,member,mb:c031cd73-4411-4034-a23a-4652d40093b4,Fritz Randow,MusicBrainz member relationship
Saxon,Sheffield,member,mb:12c62fd5-dfbb-4355-883e-d4a448473358,Jörg Michael,MusicBrainz member relationship
Sea Girls,London,member,mb:aa084bcb-c39e-48b6-a969-0241005bf8de,Henry Camamile,MusicBrainz member relationship
Sea Girls,London,member,mb:10198a21-1239-46fe-925c-2941b7703572,Andrew Dawson,MusicBrainz member relationship
Sea Girls,London,member,mb:af9e03f2-4674-405e-b2a0-b8027d53da1d,Oliver Khan,MusicBrainz member relationship
Sea Girls,London,member,mb:ed95677b-f77d-44bc-8e29-8d9a66f17f1f,Rory Young,MusicBrainz member relationship
Seafret,Hull,member,mb:f57bac70-761a-4567-ad1e-f70ce283124f,Harry Draper,MusicBrainz member relationship
Seafret,Hull,member,mb:8b6b2426-4fb7-4466-8386-1f4d6567c141,Jack Sedman,MusicBrainz member relationship
Sex Pistols,London,member,mb:804088ed-13ef-45c5-994f-a811371b3f4a,Glen Matlock,MusicBrainz member relationship
Sex Pistols,London,member,mb:0d352490-3cc7-43fc-b824-8aa8c9c855e1,Paul Cook,MusicBrainz member relationship
Sex Pistols,London,member,mb:0719f327-24e8-468e-bed0-44214a55a19c,Steve Jones,MusicBrainz member relationship
Sex Pistols,London,member,mb:1b389bc0-68d2-4e2e-af22-6be1075b907d,John Lydon,MusicBrainz member relationship
Sex Pistols,London,member,mb:637504e3-be95-4005-83ee-3ebb91f9fcf9,Sid Vicious,MusicBrainz member relationship
Sex Pistols,London,member,mb:94d516bd-a1ea-431f-abe1-d3dc0a639d02,Sex Pistols feat. Frank Carter,MusicBrainz member relationship
Shakespears Sister,London,member,mb:22186d73-ca56-47a8-81e6-11d56e46462b,Marcella Detroit,MusicBrainz member relationship
Shakespears Sister,London,member,mb:1c446355-9afe-4af7-b7a6-c4e66d6d1722,Siobhan Fahey,MusicBrainz member relationship
Shakespears Sister,London,member,mb:3cae3e68-fcbe-4062-816e-95d5c323e0a8,Katherine Prado,MusicBrainz member relationship
Shed Seven,York,member,mb:e115a651-11d0-477b-bd5b-30f30b376208,Paul Banks,MusicBrainz member relationship
Shed Seven,York,member,mb:90e52ac4-6624-4d9c-bf89-8566e255c5c3,Fraser Smith,MusicBrainz member relationship
Shed Seven,York,member,mb:28f83957-8951-4498-aa46-61eff80f240a,Tom Gladwin,MusicBrainz member relationship
Shed Seven,York,member,mb:cdd2c73b-c587-4423-9a28-fc21cec2308c,Joe Johnson,MusicBrainz member relationship
Shed Seven,York,member,mb:46b500b8-b4c1-4df7-863c-0d926ee5daf4,Alan Leach,MusicBrainz member relationship
Shed Seven,York,member,mb:cc30f997-0a44-4612-bb58-30a1947c9c67,Rick Witter,MusicBrainz member relationship
Sigma,Leeds,member,mb:3fed4fc0-61d3-4394-983f-4fc30ddb747e,Cameron Edwards,MusicBrainz member relationship
Sigma,Leeds,member,mb:b69e8f70-60ad-42f4-a7af-b71ebdecf22e,Joe Lenzie,MusicBrainz member relationship
Simian Mobile Disco,London,member,mb:aada989a-7ece-4198-8565-4d2f87d1ab4c,James Ellis Ford,MusicBrainz member relationship
Simian Mobile Disco,London,member,mb:862ccc32-abad-4e43-a9b1-778dcb5d9171,Jas Shaw,MusicBrainz member relationship
Simple Minds,Glasgow,member,mb:3cc8f34a-490e-429a-97a3-f389be86c97c,Tony Donald,MusicBrainz member relationship
Simple Minds,Glasgow,member,mb:d20d5b81-3faf-4164-8b7f-ee8664dc3415,Brian McGee,MusicBrainz member relationship
Simple Minds,Glasgow,member,mb:49c93701-412f-49fa-b24a-d6124bc635d5,Charlie Burchill,MusicBrainz member relationship
Simple Minds,Glasgow,member,mb:a0710c82-08af-45b7-a269-508581aaa2d3,Jim Kerr,MusicBrainz member relationship
Simple Minds,Glasgow,member,mb:4c2f6d88-f144-4094-a584-d9d0dea47bbc,Duncan Barnwell,MusicBrainz member relationship
Simple Minds,Glasgow,member,mb:bc4bfe93-c481-4d4b-9dbd-b9a03ad14e35,Michael MacNeil,MusicBrainz member relationship
Simple Minds,Glasgow,member,mb:2d78ff99-55f6-4ba2-a090-f6a8811fbd9a,Derek Forbes,MusicBrainz member relationship
Simple Minds,Glasgow,member,mb:13b2f421-039b-40f3-a7f6-3caf66515ccf,Kenny Hyslop,MusicBrainz member relationship
Simple Minds,Glasgow,member,mb:b0451a83-7fc9-4c2f-9419-9ef69cd4e5fb,Mike Ogletree,MusicBrainz member relationship
Simple Minds,Glasgow,member,mb:ce80f6f7-0ee2-43db-a4ae-c586bc681ea1,Mel Gaynor,MusicBrainz member relationship
Simple Minds,Glasgow,member,mb:1d763c63-292f-44f1-9864-464d4eb67d6c,Robin Clark,MusicBrainz member relationship
Simple Minds,Glasgow,member,mb:2bd348b8-1fce-41a9-a2fb-dbf45cba9df1,John Giblin,MusicBrainz member relationship
Simple Minds,Glasgow,member,mb:8b3932de-42b6-41f3-885d-e6aafe7980d5,Malcolm Foster,MusicBrainz member relationship
Simple Minds,Glasgow,member,mb:cd367803-bf64-464f-8521-7c7f73b23b2b,Mark Taylor,MusicBrainz member relationship
Simple Minds,Glasgow,member,mb:0b5312ef-c356-4341-9b1d-103cd481b548,Mark Schulman,MusicBrainz member relationship
Simple Minds,Glasgow,member,mb:47c2e635-2555-4d26-a944-be7edfc52b99,Jim McDermott,MusicBrainz member relationship
Simple Minds,Glasgow,member,mb:dd1c3916-48eb-4f16-9074-9beb0ee31ff4,Eddie Duffy,MusicBrainz member relationship
Simple Minds,Glasgow,member,mb:d00d88b1-51c8-4d50-8fbf-1f9d37fa5c5a,Mark Kerr,MusicBrainz member relationship
Simple Minds,Glasgow,member,mb:9f99d5a7-e581-4be5-aebf-d3e38a7eeada,Andy Gillespie,MusicBrainz member relationship
Simple Minds,Glasgow,member,mb:d63e1f1d-774d-4338-af64-d7e5cf383acc,Ged Grimes,MusicBrainz member relationship
Simple Minds,Glasgow,member,mb:7921f3a7-f3e3-4077-b31d-0a2e6669d3ba,Catherine Anne Davies,MusicBrainz member relationship
Simple Minds,Glasgow,member,mb:9f7025b2-c6a4-4c61-b521-c6c11b66192a,Sarah Brown,MusicBrainz member relationship
Simple Minds,Glasgow,member,mb:5d280c24-cb28-4d97-9511-ca05a2236fb7,Gordon Goudie,MusicBrainz member relationship
Simple Minds,Glasgow,member,mb:38cf9bff-440c-4856-84fa-d930c91fe6d8,Cherisse Osei,MusicBrainz member relationship
Simple Minds,Glasgow,member,mb:9ca32aee-509d-44b9-a4fc-0d74a962e6fc,Berenice Scott,MusicBrainz member relationship
Simply Red,Manchester,member,mb:4ed9caff-eba3-4176-9cc5-66a8c550ab4a,David Fryman,MusicBrainz member relationship
Simply Red,Manchester,member,mb:71f12b3d-4363-4d88-86fd-f3f0d0415600,Sylvan Richardson,MusicBrainz member relationship
Simply Red,Manchester,member,mb:a6d2ce99-64e6-4f62-acf7-3f771122266f,Tony Bowers,MusicBrainz member relationship
Simply Red,Manchester,member,mb:4465828c-8ee8-424c-879b-cb3ed86d201c,Chris Joyce,MusicBrainz member relationship
Simply Red,Manchester,member,mb:4aa88324-f928-42d5-af0f-b105d6882693,Tim Kellett,MusicBrainz member relationship
Simply Red,Manchester,member,mb:4b527965-1141-4bc7-9a21-a1e268c0835d,Fritz McIntyre,MusicBrainz member relationship
Simply Red,Manchester,member,mb:a837db0d-fbeb-4a68-a1e0-7803ab259085,Mick Hucknall,MusicBrainz member relationship
Simply Red,Manchester,member,mb:1c3794b7-4ab1-4d3c-aa71-434c3ec13889,Ian Kirkham,MusicBrainz member relationship
Simply Red,Manchester,member,mb:6f78f4f2-1c23-4d03-9b05-87a9e433bc4e,Aziz Ibrahim,MusicBrainz member relationship
Simply Red,Manchester,member,mb:00a1afe3-79c6-44a5-a666-c77e281ee7fe,Heitor Pereira,MusicBrainz member relationship
Simply Red,Manchester,member,mb:2cfe81fa-181e-481c-82a9-b818de206e97,Shaun Ward,MusicBrainz member relationship
Simply Red,Manchester,member,mb:0b54ef5b-1066-4bcb-883d-34f06c273728,屋敷豪太,MusicBrainz member relationship
Simply Red,Manchester,member,mb:dfba0ac6-0468-4d14-ba0f-352d0fdc1032,Dee Johnson,MusicBrainz member relationship
Simply Red,Manchester,member,mb:806d2338-626d-4828-bb7a-6771ce9e021b,Andy Wright,MusicBrainz member relationship
Simply Red,Manchester,member,mb:dec292ca-e25a-4a17-88bd-1bb62131b9b4,Velroy Bailey,MusicBrainz member relationship
Simply Red,Manchester,member,mb:ab65b719-856b-45f5-8c0b-0f722c43f02c,Steve Lewinson,MusicBrainz member relationship
Simply Red,Manchester,member,mb:9f7025b2-c6a4-4c61-b521-c6c11b66192a,Sarah Brown,MusicBrainz member relationship
Simply Red,Manchester,member,mb:eb768ffe-b0c5-4161-9568-9a892d8370a5,Colin Graham,MusicBrainz member relationship
Simply Red,Manchester,member,mb:9d22d145-45d2-4db5-9c8e-22b6ac0a9d72,Tim Vine,MusicBrainz member relationship
Simply Red,Manchester,member,mb:68be3b38-c933-4965-8403-0b062edf49f8,Mark Jaimes,MusicBrainz member relationship
Simply Red,Manchester,member,mb:7935d553-1b4b-4f2b-90dd-12baa25b2cdf,John Johnson,MusicBrainz member relationship
Simply Red,Manchester,member,mb:5553b113-c4fb-4452-b409-261df6f5de0e,Chris de Margary,MusicBrainz member relationship
Simply Red,Manchester,member,mb:b720c11a-1db5-43d5-bf31-1140bd993f94,鈴木賢司,MusicBrainz member relationship
Simply Red,Manchester,member,mb:b795817c-5e2b-471d-affc-66a040d3f71b,Kevin Robinson,MusicBrainz member relationship
Simply Red,Manchester,member,mb:4112bae3-5b79-45c3-9d4a-ad8cf549ba5a,Dave Clayton,MusicBrainz member relationship
Simply Red,Manchester,member,mb:0e708abd-4add-4083-b4eb-5ba37d676de4,Pete Lewinson,MusicBrainz member relationship
Simply Red,Manchester,member,mb:04220ad3-a6eb-4cdb-bce1-30aba4c03579,Roman Roth,MusicBrainz member relationship
Simply Red,Manchester,member,mb:c9c991f6-bfc6-43d2-a03d-1abaeaf9760e,Gary Sanctuary,MusicBrainz member relationship
Siouxsie and the Banshees,London,member,mb:2cba1c72-bc67-4e53-b4d7-f8b7fe83aa54,Marco Pirroni,MusicBrainz member relationship
Siouxsie and the Banshees,London,member,mb:637504e3-be95-4005-83ee-3ebb91f9fcf9,Sid Vicious,MusicBrainz member relationship
Siouxsie and the Banshees,London,member,mb:fa1d0fe7-2a64-418c-a54e-1937abe08469,Peter Fenton,MusicBrainz member relationship
Siouxsie and the Banshees,London,member,mb:c6d3b8aa-40c3-4f6a-9f2d-f10eb4434436,Steven Severin,MusicBrainz member relationship
Siouxsie and the Banshees,London,member,mb:4de9aada-a5fa-4899-8914-cfcf8dd19066,Siouxsie Sioux,MusicBrainz member relationship
Siouxsie and the Banshees,London,member,mb:a696a8ff-736b-459f-9f2a-197c56bf96a2,John McKay,MusicBrainz member relationship
Siouxsie and the Banshees,London,member,mb:54ea8039-1fcc-4234-ad17-71b1804ae0d4,Kenny Morris,MusicBrainz member relationship
Siouxsie and the Banshees,London,member,mb:7d1a1624-784b-4f89-8ff9-b9b493cd059d,Robert Smith,MusicBrainz member relationship
Siouxsie and the Banshees,London,member,mb:e5e714af-bf47-4569-868d-f7530e93fa9c,Budgie,MusicBrainz member relationship
Siouxsie and the Banshees,London,member,mb:482abb8f-ef8f-4d20-a1b1-84033cf559d7,John McGeoch,MusicBrainz member relationship
Siouxsie and the Banshees,London,member,mb:ba92e49b-07fc-4f68-af4d-870fa78fe79d,John Valentine Carruthers,MusicBrainz member relationship
Siouxsie and the Banshees,London,member,mb:3fcd633e-0ed5-42ef-8068-b441e47f9367,Jon Klein,MusicBrainz member relationship
Siouxsie and the Banshees,London,member,mb:e64f02dd-fe91-479d-b0e9-4a5a866762a5,Martin McCarrick,MusicBrainz member relationship
Siouxsie and the Banshees,London,member,mb:2023232b-5a6d-4622-8851-8cbfb32da522,Knox Chandler,MusicBrainz member relationship
Skeletal Family,Leeds,member,mb:6bd834c1-77d9-4576-84f4-d3b1c3b29dbf,Kevin Hunter,MusicBrainz member relationship
Skeletal Family,Leeds,member,mb:8f1095f8-679c-47bf-a23c-5fe81c7f1db5,Stan Greenwood,MusicBrainz member relationship
Skeletal Family,Leeds,member,mb:cf58408d-2262-4d8b-a27a-35152687514b,Anne Marie Hurst,MusicBrainz member relationship
Skeletal Family,Leeds,member,mb:3d033540-c110-4a4e-8abc-3cb89884cfc6,Roger “Trotwood” Nowell,MusicBrainz member relationship
Skeletal Family,Leeds,member,mb:49235908-7498-4b0f-ae93-8d6f4589e4ae,Martin Henderson,MusicBrainz member relationship
Skids,Edinburgh,member,mb:513859ab-176d-4ee4-a8b9-09bcbf7450f7,Thomas Kellichan,MusicBrainz member relationship
Skids,Edinburgh,member,mb:f5637ea7-b798-4cf9-b914-b1b959a11bfc,William Simpson,MusicBrainz member relationship
Skids,Edinburgh,member,mb:eeb57304-1e23-49ee-8d55-b459d081843a,Stuart Adamson,MusicBrainz member relationship
Skids,Edinburgh,member,mb:402264b1-972e-4196-ae86-e53be140620c,Richard Jobson,MusicBrainz member relationship
Skids,Edinburgh,member,mb:7bff50d3-6b69-4db2-9326-7212cef056d9,Rusty Egan,MusicBrainz member relationship
Skids,Edinburgh,member,mb:ec5138bd-755a-43df-ada5-11ac25cc7b79,Russell Webb,MusicBrainz member relationship
Skids,Edinburgh,member,mb:06d74ed1-2ac2-48c3-95cd-8ab46edda550,Bruce Watson,MusicBrainz member relationship
Skids,Edinburgh,member,mb:33adc52e-661f-4d9a-a52a-f3b2399b93b8,Sunstinger,MusicBrainz member relationship
Skindred,Newport,member,mb:7a5e89ba-d580-41e1-9dd1-f1d8dcecdcc9,Benji Webbe,MusicBrainz member relationship
Skindred,Newport,member,mb:f435e6fd-c0d5-405d-8bcb-64cea59f83bf,Mikey Demus,MusicBrainz member relationship
Skindred,Newport,member,mb:8030810d-f6eb-46d0-9c5b-f40d4045f3ed,Martyn Ford,MusicBrainz member relationship
Skindred,Newport,member,mb:929613d6-a2aa-4cc1-b229-763c7c89cb29,Jeff Rose,MusicBrainz member relationship
Skindred,Newport,member,mb:fce939ab-c34c-4a3e-84c9-378601babe69,Arya Goggin,MusicBrainz member relationship
Skindred,Newport,member,mb:5319a5f5-e952-4822-8c86-3209f5d66e6d,Daniel Pugsley,MusicBrainz member relationship
Skunk Anansie,London,member,mb:cad68f40-9962-4b98-a0a4-b6503da69157,Robbie France,MusicBrainz member relationship
Skunk Anansie,London,member,mb:88335674-d612-449b-b6a0-0c271c355d2b,Ace,MusicBrainz member relationship
Skunk Anansie,London,member,mb:2a0e6f68-dc33-4d52-9395-4df045075288,Cass Lewis,MusicBrainz member relationship
Skunk Anansie,London,member,mb:91f3e61e-dec2-4b73-b195-a42251fd72b5,Skin,MusicBrainz member relationship
Skunk Anansie,London,member,mb:248c3b55-681e-4aa7-87cf-e7d210f22d70,Mark Richardson,MusicBrainz member relationship
Sky,London,member,mb:6a0dd112-ff5f-488b-a6ac-398eb3b6c860,Francis Monkman,MusicBrainz member relationship
Sky,London,member,mb:dded86e1-6f42-4094-9018-e2418b0900c7,Tristan Fry,MusicBrainz member relationship
Sky,London,member,mb:c78fcfcb-8a33-49a4-9758-47bc2b107d3b,Steve Gray,MusicBrainz member relationship
Sky,London,member,mb:c84ea75d-a000-4080-a05d-15929ea3a49b,Paul Hart,MusicBrainz member relationship
Sky,London,member,mb:52ee642f-cd33-4cdb-8831-06977e36680a,Richard Durrant,MusicBrainz member relationship
Sky,London,member,mb:8b8a38a9-a290-4560-84f6-3d4466e8d791,John Williams,MusicBrainz member relationship
Sky,London,member,mb:8b8cd047-3fec-4373-b4ce-53a71d3314f1,Kevin Peek,MusicBrainz member relationship
Sky,London,member,mb:92282ff6-5750-41a7-8427-f38f1b863b1a,Herbie Flowers,MusicBrainz member relationship
Slade,Birmingham,member,mb:57d003be-9392-4976-bbaa-464e22cef2ea,Mal McNulty,MusicBrainz member relationship
Slade,Birmingham,member,mb:d005c992-23bd-4313-9495-b7d6a998b3d2,Don Powell,MusicBrainz member relationship
Slade,Birmingham,member,mb:f5748a45-0e0e-47ae-8e16-617ffda2e3d8,Dave Hill,MusicBrainz member relationship
Slade,Birmingham,member,mb:f80f697c-823a-4f23-901e-90769c660ee3,Noddy Holder,MusicBrainz member relationship
Slade,Birmingham,member,mb:36d1c657-7b0e-4578-a4ce-916ec61307ba,Jim Lea,MusicBrainz member relationship
Sleeper,London,member,mb:7c63d5cf-516e-4a20-b001-9e9b25203a5e,Andy MacLure,MusicBrainz member relationship
Sleeper,London,member,mb:30b2c49e-3e60-4410-a49e-ce50180d0057,Diid Osman,MusicBrainz member relationship
Sleeper,London,member,mb:aacd3aaa-d9f2-4e8e-acb9-23a066a2139a,Jon Stewart,MusicBrainz member relationship
Sleeper,London,member,mb:9857fa95-de40-4beb-a4c6-bc74ba79c974,Louise Wener,MusicBrainz member relationship
Slow Club,Sheffield,member,mb:69eb7f43-c5b7-419d-be42-bba70f4b6bf3,Rebecca Taylor,MusicBrainz member relationship
Slow Club,Sheffield,member,mb:72b45259-add7-41e5-a639-0bb9746c6505,Charles Watson,MusicBrainz member relationship
Slowdive,Reading,member,mb:6ac7e8df-f501-4a11-b84c-808dcb77f0fe,Adrian Sell,MusicBrainz member relationship
Slowdive,Reading,member,mb:4eac8629-0b4d-4793-be60-69ddd592afdc,Nick Chaplin,MusicBrainz member relationship
Slowdive,Reading,member,mb:80e91439-21f6-4a0a-84f8-23be4cd48549,Rachel Goswell,MusicBrainz member relationship
Slowdive,Reading,member,mb:184699cd-f489-463a-95c3-f2f72d6fd92a,Neil Halstead,MusicBrainz member relationship
Slowdive,Reading,member,mb:e9b893d4-c2b4-40ec-b485-d7605f838d5a,Christian Savill,MusicBrainz member relationship
Slowdive,Reading,member,mb:0a4c84d9-2e67-4413-8135-df0e21b578bc,Neil Carter,MusicBrainz member relationship
Slowdive,Reading,member,mb:67e98cbd-a16c-498e-b556-0e8ca30a1352,Simon Scott,MusicBrainz member relationship
Slowdive,Reading,member,mb:1d54d158-0f51-4247-a674-e8ea24c6dd03,Ian McCutcheon,MusicBrainz member relationship
Small Faces,London,member,mb:7e73c148-8c12-4499-8f35-4f69293a9154,Jimmy Winston,MusicBrainz member relationship
Small Faces,London,member,mb:de4e47e4-d92e-4d50-b429-9423d53d8456,Kenney Jones,MusicBrainz member relationship
Small Faces,London,member,mb:a84b016e-4c02-44ac-ba3f-fa8290a10e4d,Ronnie Lane,MusicBrainz member relationship
Small Faces,London,member,mb:380181bc-9bcf-4933-97ac-38aee6940445,Steve Marriott,MusicBrainz member relationship
Small Faces,London,member,mb:a2a3529b-6425-417e-b7e7-29255b7acd90,Ian McLagan,MusicBrainz member relationship
Small Faces,London,member,mb:513f7dd3-1987-4c8d-a44e-9f770a526ba9,Rick Wills,MusicBrainz member relationship
Small Faces,London,member,mb:c8a57c9b-f09c-47f4-89e4-751bf6a19166,Jimmy McCulloch,MusicBrainz member relationship
Smokie,Leeds,member,mb:a811bac3-2209-4ea9-bafc-cc0c75f68361,Terry Uttley,MusicBrainz member relationship
Smokie,Leeds,member,mb:f496a9d9-5493-4731-8a5d-80d43b6d3a72,Ron Kelly,MusicBrainz member relationship
Smokie,Leeds,member,mb:197889a0-15b6-40bc-89b1-8859137bf823,Chris Norman,MusicBrainz member relationship
Smokie,Leeds,member,mb:9db57161-dd7a-430a-8da1-5acabc7808cb,Alan Silson,MusicBrainz member relationship
Smokie,Leeds,member,mb:46094457-387f-4f44-bba2-3b2c9793f7c7,Arthur Higgins,MusicBrainz member relationship
Smokie,Leeds,member,mb:00d3bb66-6bb1-45ba-af43-d3b5facf9967,Pete Spencer,MusicBrainz member relationship
Smokie,Leeds,member,mb:577a6662-27e6-460f-8086-cf142b1c5fa0,Martin Bullard,MusicBrainz member relationship
Smokie,Leeds,member,mb:bd8ffa3e-b33b-41cc-ad37-15330eadf5f1,Steve Pinnell,MusicBrainz member relationship
Smokie,Leeds,member,mb:29edc4fb-1657-49bd-961f-9f8975ce51d6,Alan Barton,MusicBrainz member relationship
Smokie,Leeds,member,mb:5e8e7bd7-1c1c-4233-bbeb-557e8b371013,Mike Craft,MusicBrainz member relationship
Smokie,Leeds,member,mb:1c2bff36-30f4-4c77-afe2-6846cd08be2e,Mick McConnell,MusicBrainz member relationship
Snapped Ankles,London,member,mb:596b7826-74dc-43f8-821d-0dec1c64e2de,Paddy Austin,MusicBrainz member relationship
Snapped Ankles,London,member,mb:6550dba2-1dc3-4274-897b-4015a35a25e0,Mikey Chestnutt,MusicBrainz member relationship
Sneaker Pimps,Middlesbrough,member,mb:916ae87b-7e5a-478f-83c7-6aef0c5d0a5d,Chris Corner,MusicBrainz member relationship
Sneaker Pimps,Middlesbrough,member,mb:6f37eb85-4ee0-41bb-8fe3-56aea645f93d,Liam Howe,MusicBrainz member relationship
Sneaker Pimps,Middlesbrough,member,mb:50cacb82-9a99-45df-afae-cb5baa01678b,Ian Pickering,MusicBrainz member relationship
Sneaker Pimps,Middlesbrough,member,mb:d29c23a0-7edf-4734-abf4-4399c50ec499,Simonne Jones,MusicBrainz member relationship
Sneaker Pimps,Middlesbrough,member,mb:8c272f92-095f-422f-82a1-ad32535bccf7,Kelli Dayton,MusicBrainz member relationship
Sneaker Pimps,Middlesbrough,member,mb:2f83df67-bc59-480b-80f6-ddc224bc3a8a,David Westlake,MusicBrainz member relationship
Sneaker Pimps,Middlesbrough,member,mb:194d025d-a423-4076-b1ac-38ebe58cf01e,Joe Wilson,MusicBrainz member relationship
Snow Patrol,Dundee City,member,mb:da11f83c-9d78-4c2a-93dc-d25ce3ff28e3,Mark McClelland,MusicBrainz member relationship
Snow Patrol,Dundee City,member,mb:4365b045-388b-42a5-91b5-b860dbcbf9f7,Gary Lightbody,MusicBrainz member relationship
Snow Patrol,Dundee City,member,mb:6d7d320c-4026-4c25-a5a0-fe63caac4864,Jonny Quinn,MusicBrainz member relationship
Snow Patrol,Dundee City,member,mb:a586b28a-b1f3-4c20-964a-6a8501ee4aa8,Iain Archer,MusicBrainz member relationship
Snow Patrol,Dundee City,member,mb:d50c67c7-c135-4100-929f-0903c668fb9c,Nathan Connolly,MusicBrainz member relationship
Snow Patrol,Dundee City,member,mb:2e155c49-bbd2-4c91-9e69-832615e300da,Paul Wilson,MusicBrainz member relationship
Snow Patrol,Dundee City,member,mb:b9bc680c-13ee-4e24-93cd-428a38225ce7,Tom Simpson,MusicBrainz member relationship
Snow Patrol,Dundee City,member,mb:7c9c8018-bae6-4d06-b201-643f5eb1c39f,Johnny McDaid,MusicBrainz member relationship
Snuff,London,member,mb:cdc478cc-aa1e-4de2-85fd-aebb870f6bac,Andy Crighton,MusicBrainz member relationship
Snuff,London,member,mb:29619283-e788-4bc0-b10c-8f67eb5ce92b,Duncan Redmonds,MusicBrainz member relationship
Snuff,London,member,mb:cb4fc1c5-4978-403b-b8a9-da88d4865219,Paul Thomson,MusicBrainz member relationship
Snuff,London,member,mb:d5e51c1d-402a-4952-91e0-881385e15cc0,Simon Wells,MusicBrainz member relationship
Soft Cell,Leeds,member,mb:d67e6b0a-d2c6-4e4a-ba30-7834701535a1,Marc Almond,MusicBrainz member relationship
Soft Cell,Leeds,member,mb:8e1b3b24-8a87-4a00-ab02-aad300d5895d,Dave Ball,MusicBrainz member relationship
Sohodolls,London,member,mb:36bf7506-35fe-4287-bda8-22096a48064c,Maya von Doll,MusicBrainz member relationship
Sons Of Kemet,London,member,mb:5b0f26cc-1203-49d8-abe2-90bec87a2e71,Shabaka Hutchings,MusicBrainz member relationship
Sons Of Kemet,London,member,mb:f51c2b07-542f-4922-926c-8d7f5bc5d493,Oren Marshall,MusicBrainz member relationship
Sons Of Kemet,London,member,mb:5b95ab1f-9560-4e81-b3e4-bd1610b25b96,Sebastian Rochford,MusicBrainz member relationship
Sons Of Kemet,London,member,mb:1d68b69c-ad5e-46c2-bede-4999dada10dd,Tom Skinner,MusicBrainz member relationship
Space,Liverpool,member,mb:7e919a62-7008-4fe5-8282-11d66cc44483,Jamie Murphy,MusicBrainz member relationship
Space,Liverpool,member,mb:575d1260-41a5-44a8-bf0b-750be5a26731,Tommy Scott,MusicBrainz member relationship
Space,Liverpool,member,mb:6e7fcf58-ea2d-463c-96db-c0300a6f910e,Andy Parle,MusicBrainz member relationship
Space,Liverpool,member,mb:fbbfba67-16e2-4eb1-9515-f8c282f265ec,Franny Griffiths,MusicBrainz member relationship
Space,Liverpool,member,mb:6867daeb-14c8-45d0-af7f-c960ff93f01f,Yorkie,MusicBrainz member relationship
Space,Liverpool,member,mb:0549f320-c8f8-4fa0-b8f5-1a13ce6c0689,Leon Caffrey,MusicBrainz member relationship
Space,Liverpool,member,mb:861d65ad-ed6c-42be-9a5d-20666c5eca25,Ryan Clarke,MusicBrainz member relationship
Space,Liverpool,member,mb:58755796-9b02-446d-803b-08e2628b0d71,Phil Hartley,MusicBrainz member relationship
Space,Liverpool,member,mb:847b2590-24a4-4479-be15-9b50bdb21f08,Allan Jones,MusicBrainz member relationship
Spandau Ballet,London,member,mb:a3476db0-053e-4b26-a042-74977af6bd8c,Tony Hadley,MusicBrainz member relationship
Spandau Ballet,London,member,mb:4f93b88d-72c7-49f6-a172-887ca0fe623d,John Keeble,MusicBrainz member relationship
Spandau Ballet,London,member,mb:3c9f47c2-f2ad-43fd-83ce-edf70d4be72b,Gary Kemp,MusicBrainz member relationship
Spandau Ballet,London,member,mb:b791986d-05c5-465a-bdf3-aff571bf86e6,Martin Kemp,MusicBrainz member relationship
Spandau Ballet,London,member,mb:5c33b2cf-3eeb-4551-ac8b-123e15b916f5,Steve Norman,MusicBrainz member relationship
Spector,London,member,mb:0752a139-da75-4e00-a302-01a7ecc1c17e,Fred Macpherson,MusicBrainz member relationship
Spice Girls,London,member,mb:25b509ef-48ad-461b-a0bc-94cdddb8c919,Melanie C,MusicBrainz member relationship
Spice Girls,London,member,mb:23207c32-6743-4982-9f46-e297b2e4eb14,Geri Halliwell,MusicBrainz member relationship
Spice Girls,London,member,mb:ce8dbfe4-3ce7-41e9-9bb3-13e35c053318,Victoria Beckham,MusicBrainz member relationship
Spice Girls,London,member,mb:9a6f7310-87f0-4fe0-baf1-a58f719b1f3b,Melanie Brown,MusicBrainz member relationship
Spice Girls,London,member,mb:71b03238-e53d-4e1e-9b3a-6ce1dcdf2894,Emma Bunton,MusicBrainz member relationship
Spiritualized,Coventry,member,mb:75cdedd6-3cce-429e-a274-df110d6f4180,Tim Lewis,MusicBrainz member relationship
Spiritualized,Coventry,member,mb:052f3466-2809-41a5-8ff9-68937b87e815,Martin Schellard,MusicBrainz member relationship
Spiritualized,Coventry,member,mb:82b1acab-2ed3-4c62-9aec-88b7f1682837,Kevin Bales,MusicBrainz member relationship
Spiritualized,Coventry,member,mb:7823d9fa-6171-4e4a-a963-aa4283b9e410,"Tony ""Doggen"" Foster",MusicBrainz member relationship
Spiritualized,Coventry,member,mb:8fac85b3-2e75-4233-be16-27bb521bc2c9,Sean Cook,MusicBrainz member relationship
Spiritualized,Coventry,member,mb:a888935f-c0d9-4773-a310-4a795368c1f4,Mike Mooney,MusicBrainz member relationship
Spiritualized,Coventry,member,mb:3fa0dc13-7a47-45a8-9f87-ec5196482f31,John Coxon,MusicBrainz member relationship
Spiritualized,Coventry,member,mb:a39f2724-8541-4fda-9322-9f70c049a547,Tom Edwards,MusicBrainz member relationship
Spiritualized,Coventry,member,mb:0d1a5489-8855-4b34-9f10-feffbc715b2a,Jonny Mattock,MusicBrainz member relationship
Spiritualized,Coventry,member,mb:a02a8855-0202-46c9-a8fe-89b0b9bb901b,Jason Pierce,MusicBrainz member relationship
Spiritualized,Coventry,member,mb:54a2b35a-e383-413b-9acc-38cedcf6e83a,Kate Radley,MusicBrainz member relationship
Spiritualized,Coventry,member,mb:6f083842-9210-4b91-b050-0e6ff6965b9d,Mark Refoy,MusicBrainz member relationship
Spiritualized,Coventry,member,mb:97806627-77b7-4a52-95f9-f7fc0a5a6b3a,Steve Evans,MusicBrainz member relationship
Spiritualized,Coventry,member,mb:ebd7e97d-ea86-42d8-98ee-9d7f243f9030,Damon Reece,MusicBrainz member relationship
Squeeze,London,member,mb:8729229a-08a7-440d-9f31-3f2264fe512f,Gilson Lavis,MusicBrainz member relationship
Squeeze,London,member,mb:e3b7c8f1-d13e-4e63-b547-b4a712b9c91e,Yolanda Charles,MusicBrainz member relationship
Squeeze,London,member,mb:7c988d43-57de-4f04-82db-9c78f8340fab,Deptford Delinquents Club,MusicBrainz member relationship
Squeeze,London,member,mb:29a6f210-8c16-404a-9c0f-c26e26ecb29c,Jools Holland,MusicBrainz member relationship
Squeeze,London,member,mb:cbb0be59-563d-459f-86a6-87df39d7563e,John Bentley,MusicBrainz member relationship
Squeeze,London,member,mb:fe4658a6-bb37-473d-b6f0-f075dda8d31c,Paul Carrack,MusicBrainz member relationship
Squeeze,London,member,mb:2873a95b-75c7-4bb8-9add-beb41d41e57c,Chris Difford,MusicBrainz member relationship
Squeeze,London,member,mb:4723899c-3546-4e3e-b2e4-e24d2a2ddf87,Glenn Tilbrook,MusicBrainz member relationship
Squid,Brighton and Hove,member,mb:ed611e47-4dba-4c7b-80c9-be43c3a72724,Louis Borlase,MusicBrainz member relationship
Squid,Brighton and Hove,member,mb:4132414b-47ec-454c-b04a-90298fd868ef,Ollie Judge,MusicBrainz member relationship
Squid,Brighton and Hove,member,mb:97bf65af-bd18-4c48-9124-5169fbcc9c8d,Arthur Leadbetter,MusicBrainz member relationship
Squid,Brighton and Hove,member,mb:21817235-ae35-4f31-8c5f-2f764faf6e46,Laurie Nankivell,MusicBrainz member relationship
Squid,Brighton and Hove,member,mb:4d69e272-bc7d-4680-9d54-2520b61d8e8d,Anton Pearson,MusicBrainz member relationship
Starsailor,Manchester,member,mb:16016b14-174c-45b2-a82e-73f1d11694e1,Ben Byrne,MusicBrainz member relationship
Starsailor,Manchester,member,mb:e02f457e-c5a9-4208-86a7-4f524ae7070d,James Stelfox,MusicBrainz member relationship
Starsailor,Manchester,member,mb:0eed8db5-bf45-41c0-a990-057f1a773451,James Walsh,MusicBrainz member relationship
Starsailor,Manchester,member,mb:e70b433a-ea32-475d-856d-30ab649a73a3,Barry Westhead,MusicBrainz member relationship
Stateless,Leeds,member,mb:7495d271-2078-4ebd-9dad-933879684a1c,Rod Buchanan Dunlop,MusicBrainz member relationship
Stateless,Leeds,member,mb:7983dffc-cdb3-4b3b-8795-ddd8b1083088,Chris James,MusicBrainz member relationship
Stateless,Leeds,member,mb:3fb6c372-bd47-4e14-9424-271bda1923b4,kidkanevil,MusicBrainz member relationship
Stateless,Leeds,member,mb:9d5cb79c-5311-4d0b-a3cb-1bcff9893271,Justin Percival,MusicBrainz member relationship
Stateless,Leeds,member,mb:acc868ec-415a-4442-8c0d-77b9e2be1bcb,Jimmy Sturdy,MusicBrainz member relationship
Stateless,Leeds,member,mb:549f851d-c725-450d-8387-07413d3a0d4f,Jon Taylor,MusicBrainz member relationship
Status Quo,London,member,mb:419be43e-3d5c-49bf-aff7-5c657ab1bc5c,Alan Lancaster,MusicBrainz member relationship
Status Quo,London,member,mb:1b558654-5935-4b47-99c9-3162e7534c53,Francis Rossi,MusicBrainz member relationship
Status Quo,London,member,mb:0ee5228f-cdad-4f2b-8a11-ab7081972ad1,Roy Lynes,MusicBrainz member relationship
Status Quo,London,member,mb:28f441f4-a563-4b11-9564-4b6d7a03aa84,John Coghlan,MusicBrainz member relationship
Status Quo,London,member,mb:d31c63ca-1311-4e36-a33c-2186c9004e15,Rick Parfitt,MusicBrainz member relationship
Status Quo,London,member,mb:b630a0bb-4541-4a98-9491-6d7f9954779c,Peter Kircher,MusicBrainz member relationship
Status Quo,London,member,mb:7e4e90ce-37dc-496e-bbf3-4bd924830279,Andy Bown,MusicBrainz member relationship
Status Quo,London,member,mb:ff44d999-d57e-498e-82b2-7a741adf3c42,Jeff Rich,MusicBrainz member relationship
Status Quo,London,member,mb:d5140dd2-3280-4c02-ac5e-779ac89d4f09,John Edwards,MusicBrainz member relationship
Status Quo,London,member,mb:a8ec1a78-a743-42a8-9a48-7f01af753085,Matthew Letley,MusicBrainz member relationship
Status Quo,London,member,mb:c6ee94e6-7c60-4190-9b82-c871415f5280,Richie Malone,MusicBrainz member relationship
Stealers Wheel,Glasgow,member,mb:ac0199d5-6a42-490d-8981-e57c15b51113,Iain Campbell,MusicBrainz member relationship
Stealers Wheel,Glasgow,member,mb:b51b19b5-d17c-46a0-a431-50b6e20855e0,Paul Pilnick,MusicBrainz member relationship
Stealers Wheel,Glasgow,member,mb:563201cb-721c-4cfb-acca-c1ba69e3d1fb,Gerry Rafferty,MusicBrainz member relationship
Stealers Wheel,Glasgow,member,mb:b82635e0-b55c-4151-af19-df89f5b610e8,Andrew Steele,MusicBrainz member relationship
Stealers Wheel,Glasgow,member,mb:c5c4a24e-3e7f-471a-a015-ecc4bf1dc309,Gary Taylor,MusicBrainz member relationship
Stealers Wheel,Glasgow,member,mb:e6c537dc-0776-47e9-8e52-38a30d515f04,Tony Williams,MusicBrainz member relationship
Stealers Wheel,Glasgow,member,mb:3e1ccd6e-86f4-4489-b426-473c03c58946,Joe Egan,MusicBrainz member relationship
Steel Pulse,Birmingham,member,mb:1745c33c-72ab-4f0a-a507-4c6d6f5947f1,Conrad Kelly,MusicBrainz member relationship
Steel Pulse,Birmingham,member,mb:d29233e5-07d8-493b-9d0e-aa64f0df31fc,Selwyn Brown,MusicBrainz member relationship
Steel Pulse,Birmingham,member,mb:c634e662-b2a5-4d4b-9e6b-63c91295f826,Alvin Ewen,MusicBrainz member relationship
Steel Pulse,Birmingham,member,mb:a41ea6f2-6faa-4aa0-8bda-2e4cac383ca4,Basil Gabbidon,MusicBrainz member relationship
Steel Pulse,Birmingham,member,mb:596b21da-d010-4c7a-9762-2b2e737156a1,David Hinds,MusicBrainz member relationship
Steel Pulse,Birmingham,member,mb:1dfe899c-723f-4e6d-aad6-914c86bd6781,Jerry Johnson,MusicBrainz member relationship
Steel Pulse,Birmingham,member,mb:14ca7017-e80a-441c-96aa-55e2c45e2d81,Alphonso Martin,MusicBrainz member relationship
Steel Pulse,Birmingham,member,mb:7e8c83e7-80bd-4e3d-98bd-dbe6f9d0fe7f,Ronald McQueen,MusicBrainz member relationship
Steel Pulse,Birmingham,member,mb:44509c16-56b8-4f68-9c01-e07695859bbb,Sidney Mills,MusicBrainz member relationship
Steel Pulse,Birmingham,member,mb:5b334ed1-d3e8-4edd-b880-fba1b9e2d27a,Steve Nisbett,MusicBrainz member relationship
Steel Pulse,Birmingham,member,mb:10e27e15-903e-4803-a15c-b1e671299f83,Errol Reid,MusicBrainz member relationship
Steel Pulse,Birmingham,member,mb:db0c538e-bc67-4473-a3f7-e4614e3ef718,Mykaell Riley,MusicBrainz member relationship
Steeleye Span,London,member,mb:1abc1ad0-ac04-4c5c-9407-3d3d38774b69,Gay Woods,MusicBrainz member relationship
Steeleye Span,London,member,mb:cd243535-5af3-41cf-a389-3c900707019f,Terry Woods,MusicBrainz member relationship
Steeleye Span,London,member,mb:41b79e6f-9621-45c9-836c-9f08bedba4eb,Ashley Hutchings,MusicBrainz member relationship
Steeleye Span,London,member,mb:6a155da7-237c-49d8-afb6-095306dbbc22,Tim Hart,MusicBrainz member relationship
Steeleye Span,London,member,mb:49bbd690-3520-4d6e-b0af-1fcdc12d8062,Maddy Prior,MusicBrainz member relationship
Steeleye Span,London,member,mb:3d74e58e-3994-409d-99b4-417e871144de,Bob Johnson,MusicBrainz member relationship
Steeleye Span,London,member,mb:1769ab37-7859-4971-bba8-4d1736651aab,Tim Harries,MusicBrainz member relationship
Steeleye Span,London,member,mb:16bf7aa1-7b25-427c-8d5b-aeb5b5da4896,Martin Carthy,MusicBrainz member relationship
Steeleye Span,London,member,mb:78d26269-e505-46b4-b240-6f5f69dd383f,Rick Kemp,MusicBrainz member relationship
Steeleye Span,London,member,mb:cce8cdcc-294d-4f83-8f38-5e1b10573910,John Kirkpatrick,MusicBrainz member relationship
Steeleye Span,London,member,mb:8d8f8845-abb8-4b98-8712-62ab7b67276c,Peter Knight,MusicBrainz member relationship
Steeleye Span,London,member,mb:fd6d7c75-3967-429a-ae4b-1fd5d965af5d,Nigel Pegrum,MusicBrainz member relationship
Steeleye Span,London,member,mb:653d0921-13da-4faa-bbb8-41e588d1c804,Andrew Sinclair,MusicBrainz member relationship
Steps,London,member,mb:986b679a-a450-405b-ac74-c0e98db353b8,Ian “H” Watkins,MusicBrainz member relationship
Steps,London,member,mb:f8ec02eb-1b44-4422-a772-db82d3aa93e4,Lee Latchford-Evans,MusicBrainz member relationship
Steps,London,member,mb:479db195-eb26-4059-ad98-d80d8988e4f6,Claire Richards,MusicBrainz member relationship
Steps,London,member,mb:79f79c7d-c33d-4309-92d0-4be7b22add27,Lisa Scott‐Lee,MusicBrainz member relationship
Steps,London,member,mb:ca367ec1-a9f4-4f9b-825f-822e1111cd32,Faye Tozer,MusicBrainz member relationship
Stereolab,London,member,mb:88badcce-fa1a-457e-814c-c1f3c44206bb,Tim Gane,MusicBrainz member relationship
Stereolab,London,member,mb:9710d91f-bfbd-4f84-9c54-cb04f2a464b1,Lætitia Sadier,MusicBrainz member relationship
Stereolab,London,member,mb:b0214beb-fbb9-4f37-9f6a-3de2497f61eb,Gina Morris,MusicBrainz member relationship
Stereolab,London,member,mb:2829a4cd-73e2-4eec-9479-c37920bc7d6e,Duncan Brown,MusicBrainz member relationship
Stereolab,London,member,mb:5b867388-63c1-4bd7-acf7-02dee8a9c7b5,Joe Dilworth,MusicBrainz member relationship
Stereolab,London,member,mb:c92ed046-8f44-4618-84c0-f07ad2e330d4,Katharine Gifford,MusicBrainz member relationship
Stereolab,London,member,mb:5488ad16-f1df-48af-9835-36fde3fc7c53,Mary Hansen,MusicBrainz member relationship
Stereolab,London,member,mb:e649708b-da73-4d02-b6b3-544aa51afd98,Richard Harrison,MusicBrainz member relationship
Stereolab,London,member,mb:a00e19c0-eb4a-4369-b077-5c59f454ba9f,Simon Johns,MusicBrainz member relationship
Stereolab,London,member,mb:105b8afe-a2e5-4259-b1ea-83c804772271,Martin Kean,MusicBrainz member relationship
Stereolab,London,member,mb:b458b533-b777-45d7-815b-eb665e72bdff,Morgane Lhote,MusicBrainz member relationship
Stereolab,London,member,mb:62b38d85-b2b9-4c59-8b86-9336c6e58491,Sean O’Hagan,MusicBrainz member relationship
Stereolab,London,member,mb:b61f5ffa-62fd-47f6-86a2-3542ba073615,Andy Ramsay,MusicBrainz member relationship
Stereolab,London,member,mb:4b5af5ef-1d43-4582-beb3-d68f692e649d,Joe Walters,MusicBrainz member relationship
Stereolab,London,member,mb:e50f5ca5-b132-42f3-9254-8f15525dc2cd,Joe Watson,MusicBrainz member relationship
Stereophonics,Cardiff,member,mb:47568d4f-5263-4e65-a5d4-1b76a596295d,Stuart Cable,MusicBrainz member relationship
Stereophonics,Cardiff,member,mb:74b142d4-0cf9-41d5-9a7f-588760d24433,Kelly Jones,MusicBrainz member relationship
Stereophonics,Cardiff,member,mb:66cfee31-01d9-4ad2-925b-f3fd7669e365,Richard Jones,MusicBrainz member relationship
Stereophonics,Cardiff,member,mb:c4a6ee8a-9e19-4fb7-8a11-b46192741588,Javier Weyler,MusicBrainz member relationship
Stereophonics,Cardiff,member,mb:3b5977df-8e96-4b04-a2fd-2ed8067d35ff,Adam Zindani,MusicBrainz member relationship
Stereophonics,Cardiff,member,mb:791c4f37-5588-4721-b27e-2b1e3f147a86,Jamie Morrison,MusicBrainz member relationship
Steve Harley & Cockney Rebel,London,member,mb:418329af-01fa-4c6d-9114-ac8b28f7a49f,Stuart Elliott,MusicBrainz member relationship
Steve Harley & Cockney Rebel,London,member,mb:81733731-0c4e-4619-abe6-6f0fe24978b2,Barry Wickens,MusicBrainz member relationship
Steve Harley & Cockney Rebel,London,member,mb:488d4f6c-1a9b-4f83-9752-566e1905855a,Paul Jeffreys,MusicBrainz member relationship
Steve Harley & Cockney Rebel,London,member,mb:6e1df9f2-2189-402e-b79e-05a61425d417,Milton Reame-James,MusicBrainz member relationship
Steve Harley & Cockney Rebel,London,member,mb:7507be1d-6f4b-4e9a-95ec-808f664f117d,Jean-Paul Crocker,MusicBrainz member relationship
Steve Harley & Cockney Rebel,London,member,mb:58177b75-d725-45e1-9b35-df18f1fd15c2,Steve Harley,MusicBrainz member relationship
Steve Harley & Cockney Rebel,London,member,mb:d694be14-ee6e-4a1b-966e-ff9db23cbb5c,Duncan Mackay,MusicBrainz member relationship
Stiff Little Fingers,Belfast,member,mb:7f5a6a57-6a99-499d-a05e-864a3aa989be,Henry Cluney,MusicBrainz member relationship
Stiff Little Fingers,Belfast,member,mb:f71e28b6-57e1-47c8-b398-5602514a130d,Jake Burns,MusicBrainz member relationship
Stiff Little Fingers,Belfast,member,mb:486776ba-6487-4814-8173-1cbf8a302e61,Ali McMordie,MusicBrainz member relationship
Stiff Little Fingers,Belfast,member,mb:97c96834-bc37-458d-94d7-9a17e1a31cc4,Jim Reilly,MusicBrainz member relationship
Stiff Little Fingers,Belfast,member,mb:d4344b98-0c24-4ac6-be91-f3c21e24fd56,Dolphin Taylor,MusicBrainz member relationship
Stiff Little Fingers,Belfast,member,mb:18f3b19a-eeee-4c02-a856-0a4639a693dd,Bruce Foxton,MusicBrainz member relationship
Stiff Little Fingers,Belfast,member,mb:d516b6ac-9237-46f3-8aa8-d53ddb2ba75f,Steve Grantley,MusicBrainz member relationship
Stiff Little Fingers,Belfast,member,mb:4d110b57-1539-40e6-bf5c-61b1aa68fe72,Ian McCallum,MusicBrainz member relationship
Stiff Little Fingers,Belfast,member,mb:562beb6d-d243-4560-b95b-fd50a5ad385e,Gordon Blair,MusicBrainz member relationship
Stiff Little Fingers,Belfast,member,mb:f5bbbeee-2e1f-4184-b256-137811d1bffc,Brian Faloon,MusicBrainz member relationship
Still Corners,London,member,mb:738fcd88-3cf9-4575-8b6b-25de1e957fbe,Greg Hughes,MusicBrainz member relationship
Still Corners,London,member,mb:cf0a5ad9-83e3-4c9a-9672-79341bccd815,Tessa Murray,MusicBrainz member relationship
Stooshe,London,member,mb:e8192bf8-ee85-48f4-8e13-a0c6ee9623f5,Karis Anderson,MusicBrainz member relationship
Suede,London,member,mb:eab76697-ffed-4276-9ca4-08a29a2c7f2f,Justine Frischmann,MusicBrainz member relationship
Suede,London,member,mb:a42d2c52-e224-4903-8c6e-fffb2f682fb7,Brett Anderson,MusicBrainz member relationship
Suede,London,member,mb:74672159-926f-4ed9-b927-7fd0c7fb8e30,Mat Osman,MusicBrainz member relationship
Suede,London,member,mb:14386518-62f5-411e-94f4-195eda69a50e,Justin Welch,MusicBrainz member relationship
Suede,London,member,mb:a256c917-8a0d-4231-80df-3d80c5fc445f,Simon Gilbert,MusicBrainz member relationship
Suede,London,member,mb:532ffba2-a772-47e7-a2e3-7f837bcf1f68,Richard Oakes,MusicBrainz member relationship
Suede,London,member,mb:0c110e23-7db0-4976-be45-fde2d860aab8,Neil Codling,MusicBrainz member relationship
Suede,London,member,mb:0c7a9301-21bd-46a2-92c7-0272dbfb8900,Alex Lee,MusicBrainz member relationship
Suede,London,member,mb:315d8368-f294-4911-967e-a96a7c2172af,Bernard Butler,MusicBrainz member relationship
Sugababes,London,member,mb:3bdf5095-d3a7-4652-aedc-313132174f44,Siobhán Donaghy,MusicBrainz member relationship
Sugababes,London,member,mb:4d37c490-4b81-4cfc-995e-ed6605510baf,Mutya Buena,MusicBrainz member relationship
Sugababes,London,member,mb:625491ed-5a7c-46c1-a6f9-6638a42e62dd,Keisha Buchanan,MusicBrainz member relationship
Sugababes,London,member,mb:f1423239-3856-46ae-b254-808e987a07ec,Heidi Range,MusicBrainz member relationship
Sugababes,London,member,mb:54811509-26cf-4bcb-8e2b-76282c3b5516,Amelle Berrabah,MusicBrainz member relationship
Sugababes,London,member,mb:fa04dbda-2b62-42d5-a054-0a309170a594,Jade Ewen,MusicBrainz member relationship
Sundara Karma,Reading,member,mb:25bd1731-9244-465b-8a33-c2f344e93215,Oscar Pollock,MusicBrainz member relationship
Super Furry Animals,Cardiff,member,mb:eb7900ee-95a2-43fc-8ff5-963aa5709558,Rhys Ifans,MusicBrainz member relationship
Super Furry Animals,Cardiff,member,mb:d9dab2ca-5f55-48cc-8bd9-24142693dc66,Huw Bunford,MusicBrainz member relationship
Super Furry Animals,Cardiff,member,mb:abed13cb-594b-4e92-8f46-1ccd0ea9014c,Guto Pryce,MusicBrainz member relationship
Super Furry Animals,Cardiff,member,mb:254caf14-7b63-47d1-aa9f-acc7cb541814,Gruff Rhys,MusicBrainz member relationship
Super Furry Animals,Cardiff,member,mb:7adbe63b-2576-41da-ab03-05373a67e632,Cian Ciaran,MusicBrainz member relationship
Super Furry Animals,Cardiff,member,mb:0af7c149-7887-4bf7-813c-7fd9f091661e,Dafydd Ieuan,MusicBrainz member relationship
Supergrass,Oxford,member,mb:c05a93d1-c9c4-41f4-8493-f55858c8212d,Gaz Coombes,MusicBrainz member relationship
Supergrass,Oxford,member,mb:27c1daa6-3bd0-4460-9a1a-ed5927d311eb,Danny Goffey,MusicBrainz member relationship
Supergrass,Oxford,member,mb:9f910885-f6f1-4b40-9b3c-104d339ae7f6,Mick Quinn,MusicBrainz member relationship
Supergrass,Oxford,member,mb:212d0c26-a437-4b4b-b324-a650ffcf5b94,Rob Coombes,MusicBrainz member relationship
Superorganism,London,member,mb:8e902b55-9751-46b8-a6fc-89866dc7b63a,B,MusicBrainz member relationship
Superorganism,London,member,mb:630bb722-6980-46c9-b39e-c8fca092da40,Harry,MusicBrainz member relationship
Superorganism,London,member,mb:56483e16-bb04-4130-a3a2-43c5386180b8,Soul,MusicBrainz member relationship
Superorganism,London,member,mb:f816d483-55cb-4f74-825f-ecc1869e0c86,Orono Noguchi,MusicBrainz member relationship
Superorganism,London,member,mb:6a96ec37-4937-4c69-ba7e-30411389ff74,Timothy Shann,MusicBrainz member relationship
Superorganism,London,member,mb:b24561fe-086e-4ad4-a705-fe4f2e448002,Tucan,MusicBrainz member relationship
Superorganism,London,member,mb:384eedcf-b07f-44d9-a5e5-52dec0723bc1,Mark David Turner,MusicBrainz member relationship
Superorganism,London,member,mb:59d64b31-877b-44e4-92e1-7a314600dec5,Chris Young,MusicBrainz member relationship
Supertramp,London,member,mb:abf2ca9f-c09d-462c-9551-bae8eea95052,Keith Baker,MusicBrainz member relationship
Supertramp,London,member,mb:c7673c66-c984-450d-8d04-10e9fb2e91ed,Richard Palmer‐James,MusicBrainz member relationship
Supertramp,London,member,mb:210bf857-3387-4a7e-9301-7eb9c66800d6,Roger Hodgson,MusicBrainz member relationship
Supertramp,London,member,mb:886b3be4-c93b-4085-85b0-b73ce2817246,Rick Davies,MusicBrainz member relationship
Supertramp,London,member,mb:1fc31d99-1848-44e5-b1ed-c7f3745225a8,Robert Millar,MusicBrainz member relationship
Supertramp,London,member,mb:ef87f549-5dc6-4e5a-9c59-3763f0d9ca0a,Dave Winthrop,MusicBrainz member relationship
Supertramp,London,member,mb:fe3f1bac-e7dd-483b-8255-7ede18e66cfc,Frank Farrell,MusicBrainz member relationship
Supertramp,London,member,mb:9dd30aa4-28da-4547-8ee4-4507790b4804,Kevin Currie,MusicBrainz member relationship
Supertramp,London,member,mb:f608b2e9-5527-4a3d-aafc-5a5f3e9694b7,Dougie Thomson,MusicBrainz member relationship
Supertramp,London,member,mb:5dfc4ce9-2405-43c4-8480-9e73451d47e7,John Helliwell,MusicBrainz member relationship
Supertramp,London,member,mb:8437ae1b-ca42-4540-9020-0ce8e0bceb6e,Bob Siebenberg,MusicBrainz member relationship
Supertramp,London,member,mb:ceebabd7-e51b-4cee-8204-89fefc8584ed,Fred Mandel,MusicBrainz member relationship
Supertramp,London,member,mb:30932250-dca2-47bf-a8b3-a2b8aa05c4d9,Scott Page,MusicBrainz member relationship
Supertramp,London,member,mb:c4e0ae4a-cd41-491d-98ff-6ee924ec5fbf,Marty Walsh,MusicBrainz member relationship
Supertramp,London,member,mb:904ed1e9-4e2c-4d26-a819-3f138fec16ad,Carl Verheyen,MusicBrainz member relationship
Supertramp,London,member,mb:96977b08-ffea-4500-b6e9-718e38f426ce,Mark Hart,MusicBrainz member relationship
Supertramp,London,member,mb:ed0cd2d5-a936-4234-99be-3c64033bd20a,Brad Cole,MusicBrainz member relationship
Supertramp,London,member,mb:e5b1ead1-f259-4189-b332-02ba5dd14598,Steve Reid,MusicBrainz member relationship
Supertramp,London,member,mb:94381904-cf9d-4475-a7e0-cfd0618ea795,Tom Walsh,MusicBrainz member relationship
Supertramp,London,member,mb:20674f5f-3c5d-4fb7-857a-adc1d8fe25f6,Cliff Hugo,MusicBrainz member relationship
Supertramp,London,member,mb:67ef517a-a83e-4aa9-9848-140b2de3025a,Lee Thornburg,MusicBrainz member relationship
Supertramp,London,member,mb:59b7d001-e6e5-4fcf-b755-dfb3e6bac4c4,Jesse Siebenberg,MusicBrainz member relationship
Supertramp,London,member,mb:eea7f2c0-2d3c-427e-b97e-7ae952aeb271,Gabe Dixon,MusicBrainz member relationship
Supertramp,London,member,mb:4aebcf1e-e9e0-4571-8b37-c5c456dd1066,Cassie Miller,MusicBrainz member relationship
Supertramp,London,member,mb:d452f826-1b13-4d2a-8f2a-4dbba87572dc,Pablo Padilla,MusicBrainz member relationship
Sweet Female Attitude,Manchester,member,mb:0611feb8-162d-4ec4-a04b-1d4b8d1e2604,Leanne Brown,MusicBrainz member relationship
Sweet Female Attitude,Manchester,member,mb:45b4c16b-bb3c-45a9-96b4-0b0e4b831078,Catherine Cassidy,MusicBrainz member relationship
Sweet Female Attitude,Manchester,member,mb:32c1bccd-068e-4dc2-bcbd-5be1f08583e5,Nekstman,MusicBrainz member relationship
Sweet Sensation,Manchester,member,mb:07165178-804d-433f-a82d-94327044a402,Roy Flowers,MusicBrainz member relationship
Sweet Sensation,Manchester,member,mb:ed122ece-858b-4b59-98b5-3deabb444d6e,Junior Daye,MusicBrainz member relationship
Sweet Sensation,Manchester,member,mb:c9f08cc6-9f25-49e5-a737-19a59e14691b,Vincent James,MusicBrainz member relationship
Sweet Sensation,Manchester,member,mb:ca292283-8f62-4731-8eb3-fd047fd761c4,Barry Johnson,MusicBrainz member relationship
Sweet Sensation,Manchester,member,mb:4013230f-4e82-4b4a-b8f8-accd8f00b806,Marcel King,MusicBrainz member relationship
Sweet Sensation,Manchester,member,mb:c55e97dd-48b2-4c3c-a236-dccba1ab8a4b,St Clair Palmer,MusicBrainz member relationship
Sweet Sensation,Manchester,member,mb:7e65f5e0-2767-4f99-9106-21549bbf4789,Leroy Smith,MusicBrainz member relationship
Swervedriver,Oxford,member,mb:5ddb1d07-0d62-4967-8c01-1a6f4e748560,Graham Bonnar,MusicBrainz member relationship
Swervedriver,Oxford,member,mb:30ec31e4-3374-4774-a9a6-691b81942eed,Adam Franklin,MusicBrainz member relationship
Swervedriver,Oxford,member,mb:d22f2c0d-a2b5-4cea-b147-a77e0de65d49,Graham Franklin,MusicBrainz member relationship
Swervedriver,Oxford,member,mb:312d2a78-6d6a-4e57-adb2-4316db6d222a,Steve George,MusicBrainz member relationship
Swervedriver,Oxford,member,mb:4a8affe1-1047-4cab-835f-0452a4d1906d,Jim Hartridge,MusicBrainz member relationship
Swervedriver,Oxford,member,mb:f1ca2d9c-efca-4049-9ad3-c1a2d77ca77d,Jez Hindmarsh,MusicBrainz member relationship
Swervedriver,Oxford,member,mb:da6790ba-3de8-48bd-9adb-e0e73c477d40,Paddy Pulzer,MusicBrainz member relationship
Swervedriver,Oxford,member,mb:61cdae6d-36a4-4a37-89a8-df3bd481525d,Adi Vines,MusicBrainz member relationship
Swim Deep,Birmingham,member,mb:b85a2857-31d7-4ed8-8a32-5fe74071f3e2,Austin Williams,MusicBrainz member relationship
Swing Out Sister,Manchester,member,mb:1727d771-5bde-473b-87fd-400233923219,Martin Jackson,MusicBrainz member relationship
Swing Out Sister,Manchester,member,mb:b57d99e1-5149-418b-8194-09db8782edb7,Andy Connell,MusicBrainz member relationship
Swing Out Sister,Manchester,member,mb:0ebc1221-9142-4b06-ac62-30f52f75a351,Corinne Drewery,MusicBrainz member relationship
Sylosis,Reading,member,mb:65981464-79fe-4dc1-a746-aa1e8615ffc7,Carl Parnell,MusicBrainz member relationship
Sylosis,Reading,member,mb:dd06403e-09a5-4c2f-93e9-29e4a5998567,Josh Middleton,MusicBrainz member relationship
Sylosis,Reading,member,mb:8f53fd42-89bf-4733-98d1-2cde92f1d372,ATTLAES,MusicBrainz member relationship
Sylosis,Reading,member,mb:aaf7abd6-01e0-4e78-b296-2240403e58f4,Alex Bailey,MusicBrainz member relationship
Sylosis,Reading,member,mb:7ad0fd69-34b9-40dc-bdaa-e94f0ee7faca,Ali Richardson,MusicBrainz member relationship
Sylosis,Reading,member,mb:1434d9a0-13b1-4229-9133-4c8e96fd9e23,Conor Marshall,MusicBrainz member relationship
T. Rex,London,member,mb:ce0630f0-3f89-49c1-b5f0-acd88dfc9353,Marc Bolan,MusicBrainz member relationship
T. Rex,London,member,mb:3c0ac1f8-1fea-49e4-bdb0-b42c4327b4d0,Steve Currie,MusicBrainz member relationship
T. Rex,London,member,mb:0c866d96-a3a0-45dc-8280-5b9f071ddd7e,Bill Legend,MusicBrainz member relationship
T. Rex,London,member,mb:ada2b416-890a-4c12-a4a9-b47447dec780,Jack Green,MusicBrainz member relationship
T. Rex,London,member,mb:ac909f16-013f-4d71-b35e-7a8396149506,Miller Anderson,MusicBrainz member relationship
T. Rex,London,member,mb:b895ad13-9729-43ab-9b23-4657376a7644,Peter Dines,MusicBrainz member relationship
T. Rex,London,member,mb:2433c2c6-704b-4802-8fe9-08d6de75346f,Paul Fenton,MusicBrainz member relationship
T. Rex,London,member,mb:3a1d04c2-961a-44b4-a4aa-b8c59e8f4bc8,Mickey Finn,MusicBrainz member relationship
T. Rex,London,member,mb:92282ff6-5750-41a7-8427-f38f1b863b1a,Herbie Flowers,MusicBrainz member relationship
T. Rex,London,member,mb:1fb910ff-917b-409e-a787-6143fd7b1387,Gloria Jones,MusicBrainz member relationship
T. Rex,London,member,mb:63f7d40f-e373-4c71-9d33-0711fa0e5a2a,Tony Newman,MusicBrainz member relationship
T. Rex,London,member,mb:97449164-8c41-4c73-981c-0fcec5da2350,Steve Peregrine Took,MusicBrainz member relationship
Take That,Manchester,member,mb:b874cac5-a751-4b4b-a526-087a7626e709,Jason Orange,MusicBrainz member relationship
Take That,Manchester,member,mb:c999fc02-ab9a-4f4c-a0e7-98ff8325ffb5,Gary Barlow,MusicBrainz member relationship
Take That,Manchester,member,mb:98349926-ae9c-4efb-90bd-26774de037c8,Howard Donald,MusicBrainz member relationship
Take That,Manchester,member,mb:dd623af1-5e1d-4dd3-b480-98ce8d4f5178,Mark Owen,MusicBrainz member relationship
Take That,Manchester,member,mb:db4624cf-0e44-481e-a9dc-2142b833ec2f,Robbie Williams,MusicBrainz member relationship
Talk Talk,London,member,mb:bbae1d2b-4c8e-4124-9d61-82edb92040bb,Paul Webb,MusicBrainz member relationship
Talk Talk,London,member,mb:8539cf66-e8e2-41a0-a984-77ba4dcffbc7,Mark Hollis,MusicBrainz member relationship
Talk Talk,London,member,mb:f7ccb0a1-8d4e-4391-b21e-22db2a30a614,Simon Brenner,MusicBrainz member relationship
Talk Talk,London,member,mb:50baacc2-d37c-46c4-8cfa-68d9dee48381,Tim Friese‐Greene,MusicBrainz member relationship
Talk Talk,London,member,mb:ef0581e6-6966-413b-899e-4022b4743440,Lee Harris,MusicBrainz member relationship
Tears For Fears,Bath and North East Somerset,member,mb:336c04a8-5f76-4a5b-9f41-cc9009b4933a,Manny Elias,MusicBrainz member relationship
Tears For Fears,Bath and North East Somerset,member,mb:94b72cd2-c09c-4d9e-9673-275f89b78687,Ian Stanley,MusicBrainz member relationship
Tears For Fears,Bath and North East Somerset,member,mb:98c0eed5-5a33-4cc8-b785-9fa26db868ab,Curt Smith,MusicBrainz member relationship
Tears For Fears,Bath and North East Somerset,member,mb:7c5b8865-d23c-4abf-884d-c68be0020991,Roland Orzabal,MusicBrainz member relationship
Tears For Fears,Bath and North East Somerset,member,mb:d3ffeb64-9d7b-4911-98e5-91ee26005ee9,Oleta Adams,MusicBrainz member relationship
Teenage Fanclub,Glasgow,member,mb:466340c2-f987-402f-a8af-cbec45fe15b7,Francis MacDonald,MusicBrainz member relationship
Teenage Fanclub,Glasgow,member,mb:9f1ead0a-9176-48fd-8c05-ecdbf28ca5ce,Brendan O’Hare,MusicBrainz member relationship
Teenage Fanclub,Glasgow,member,mb:05e9b21b-da4e-4dbf-8362-4ceedd501f80,Gerard Love,MusicBrainz member relationship
Teenage Fanclub,Glasgow,member,mb:164066ec-7360-4a94-9937-2b48fc5f7298,Norman Blake,MusicBrainz member relationship
Teenage Fanclub,Glasgow,member,mb:4ae9b451-904c-48ac-9305-ceccac9dce70,Raymond McGinley,MusicBrainz member relationship
Teenage Fanclub,Glasgow,member,mb:ec558ca2-811c-47b8-b671-b23a826d6f5e,Paul Quinn,MusicBrainz member relationship
Teenage Fanclub,Glasgow,member,mb:8e6e5ce7-78fe-4204-9b43-34e67dae0399,Finlay MacDonald,MusicBrainz member relationship
Teenage Fanclub,Glasgow,member,mb:e5db37e7-fe3f-40d8-b73f-352caccea842,Dave McGowan,MusicBrainz member relationship
Teenage Fanclub,Glasgow,member,mb:7c4905d1-ba4f-4d73-886f-0df3b0831dc3,Euros Childs,MusicBrainz member relationship
Teleman,London,member,mb:bcc838c5-0173-446f-a359-5aba3aa6b868,Tom Sanders,MusicBrainz member relationship
Teleman,London,member,mb:832013a0-a548-4943-9f36-3087e4d26ff1,Hiro Ama,MusicBrainz member relationship
Teleman,London,member,mb:a02fd305-1481-4501-a04c-0c8fadc6415e,Pete Catt,MusicBrainz member relationship
Teleman,London,member,mb:cc9961e6-ca56-4c73-9567-d604952d514b,Jonny Sanders,MusicBrainz member relationship
Ten Years After,Nottingham,member,mb:9f0bda7d-7e23-440b-b985-440ce3a9e777,Joe Gooch,MusicBrainz member relationship
Ten Years After,Nottingham,member,mb:e21a5452-bf93-435e-a8c3-583d55924c3b,Colin Hodgkinson,MusicBrainz member relationship
Ten Years After,Nottingham,member,mb:4e9d67e8-93d1-44dd-a71e-151f797f1728,Leo Lyons,MusicBrainz member relationship
Ten Years After,Nottingham,member,mb:d6ad2c36-9ea8-4293-aea7-1ca287f8c322,Marcus Bonfanti,MusicBrainz member relationship
Ten Years After,Nottingham,member,mb:5d43c7b7-9e20-45c6-bf5c-b569fd507079,Chick Churchill,MusicBrainz member relationship
Ten Years After,Nottingham,member,mb:37aee02f-2069-42f2-9ad6-63f61d2d93fc,Ric Lee,MusicBrainz member relationship
Ten Years After,Nottingham,member,mb:0ddd15e3-d39f-475e-a91f-2e82377d3804,Alvin Lee,MusicBrainz member relationship
Ten Years After,Nottingham,member,mb:8923ac9a-5b4c-44c0-91a3-6928d44014c9,Dave Potts,MusicBrainz member relationship
Terrorvision,Leeds,member,mb:6c666e4a-6384-487b-8779-54b2b9ff8182,Milton Evans,MusicBrainz member relationship
Terrorvision,Leeds,member,mb:1c5a14a2-364f-457f-a488-5b3b930e1218,Leigh Marklew,MusicBrainz member relationship
Terrorvision,Leeds,member,mb:283662f2-cacc-4a17-8d80-ee6c4a2a2f1c,Ian Shuttleworth,MusicBrainz member relationship
Terrorvision,Leeds,member,mb:7dc8476c-de11-46b6-84ad-c08b4f4a2ba6,Tony Wright,MusicBrainz member relationship
Terrorvision,Leeds,member,mb:d5a02a15-dd5d-4022-a2fb-1db8b177a066,Mark Yates,MusicBrainz member relationship
TesseracT,Milton Keynes,member,mb:66d7cd70-553c-4d9a-b301-b3369acbfd0d,Acle Kahney,MusicBrainz member relationship
TesseracT,Milton Keynes,member,mb:8db7898b-aaf3-4780-9d95-65dc847a83ac,Julien Perier,MusicBrainz member relationship
TesseracT,Milton Keynes,member,mb:d42e27b8-c53d-4568-b27b-420de3b9a5b1,Jamie Postones,MusicBrainz member relationship
TesseracT,Milton Keynes,member,mb:275a5a18-c7b5-455b-bfee-9f8b905aa1b5,Abisola Obasanya,MusicBrainz member relationship
TesseracT,Milton Keynes,member,mb:b3c5298c-4d99-4a41-b84a-ac124692d7e5,James Monteith,MusicBrainz member relationship
TesseracT,Milton Keynes,member,mb:faedb2a6-75bd-440f-894f-3c47eef95e51,Amos Williams,MusicBrainz member relationship
TesseracT,Milton Keynes,member,mb:158c2869-8645-42ba-81ea-0ae594bde7b2,Daniel Tompkins,MusicBrainz member relationship
TesseracT,Milton Keynes,member,mb:dd445fe7-b541-48b8-8b17-b12f35145c06,Elliot Coleman,MusicBrainz member relationship
TesseracT,Milton Keynes,member,mb:8832dc60-3910-4806-83f7-333637d07ded,Ashe O’Hara,MusicBrainz member relationship
Texas,Glasgow,member,mb:487ea54f-3ced-4232-9c77-d60ef196e382,Eddie Campbell,MusicBrainz member relationship
Texas,Glasgow,member,mb:11332010-bf3b-4762-8379-9541537793c6,Robert Hodgens,MusicBrainz member relationship
Texas,Glasgow,member,mb:37dce47d-6c5f-4881-b404-8d98e1ae4659,Richard Hynd,MusicBrainz member relationship
Texas,Glasgow,member,mb:5dd960dc-b8a5-4dce-a217-2af894bb04f4,Stuart Kerr,MusicBrainz member relationship
Texas,Glasgow,member,mb:4525f0ca-0670-45fe-85b5-9ad94243c32c,Johnny McElhone,MusicBrainz member relationship
Texas,Glasgow,member,mb:d7902d42-15de-44f6-8571-c792d9a19c2b,Ally McErlaine,MusicBrainz member relationship
Texas,Glasgow,member,mb:7a27f410-7d7c-466b-a868-c3d2763ff066,Sharleen Spiteri,MusicBrainz member relationship
The 1975,Manchester,member,mb:22bb3c13-87b5-46ac-8dc9-553b6579c2e6,George Daniel,MusicBrainz member relationship
The 1975,Manchester,member,mb:46e35005-303b-48f8-bf30-f477fbd6936e,Adam Hann,MusicBrainz member relationship
The 1975,Manchester,member,mb:48878cad-3a64-42cd-998b-72d37631c9f6,Matthew Healy,MusicBrainz member relationship
The 1975,Manchester,member,mb:e16bd03f-a317-4e84-923c-086f51ee8b4b,Ross MacDonald,MusicBrainz member relationship
The Alan Parsons Project,Glasgow,member,mb:9774cfd1-8862-42bd-919e-156c31f079b4,Alan Parsons,MusicBrainz member relationship
The Alan Parsons Project,Glasgow,member,mb:8557005a-6846-4820-930a-610e6b65d4df,Chris Rainbow,MusicBrainz member relationship
The Alan Parsons Project,Glasgow,member,mb:ec86bda4-d460-4b54-be6e-94ae45e0dfab,Eric Woolfson,MusicBrainz member relationship
The Animals,Newcastle,member,mb:a300ad3a-4438-4cbf-abaf-a9a687d01d73,Mick Gallagher,MusicBrainz member relationship
The Animals,Newcastle,member,mb:41020e7d-1aa5-4f1c-8a05-57c500d1ae02,Dave Rowberry,MusicBrainz member relationship
The Animals,Newcastle,member,mb:1f561c87-9781-4c4c-b750-72a377e7de57,Barry Jenkins,MusicBrainz member relationship
The Animals,Newcastle,member,mb:0b195cb6-0f06-4aff-a7aa-b2cbffc3c5e8,Alan Price,MusicBrainz member relationship
The Animals,Newcastle,member,mb:20f5967c-8b9e-4686-b2dc-e6cfcd163ee2,John Steel,MusicBrainz member relationship
The Animals,Newcastle,member,mb:70ac2314-d7d8-4435-b56c-9bad9a516642,Eric Burdon,MusicBrainz member relationship
The Animals,Newcastle,member,mb:4bae2acf-d7ca-4250-899c-39ea7e3f939a,Bryan “Chas” Chandler,MusicBrainz member relationship
The Animals,Newcastle,member,mb:0ca28074-a983-4724-8560-81ac7106e009,Hilton Valentine,MusicBrainz member relationship
The Associates,Dundee City,member,mb:9e8a2828-33ac-4622-9041-dfef405c28f4,Alan Rankine,MusicBrainz member relationship
The Associates,Dundee City,member,mb:376abe26-e7a4-4ddb-b257-d7eeed79c5ee,Billy MacKenzie,MusicBrainz member relationship
The Associates,Dundee City,member,mb:f7696782-63d2-48a9-a99a-b1b1a369ebe4,Steve Reid,MusicBrainz member relationship
The Associates,Dundee City,member,mb:e1fcd5e6-99e8-43f5-badc-4001cd299872,Michael Dempsey,MusicBrainz member relationship
The Associates,Dundee City,member,mb:6f169a6e-3afd-4a19-ad72-7d8fcf44bac6,Roberto Soave,MusicBrainz member relationship
The Associates,Dundee City,member,mb:df12ddd4-26c0-496a-a008-55426c59698c,Martha Ladly,MusicBrainz member relationship
The Beatles,Liverpool,member,mb:49a51491-650e-44b3-8085-2f07ac2986dd,Stuart Sutcliffe,MusicBrainz member relationship
The Beatles,Liverpool,member,mb:f7d30d7d-9976-4d31-9907-19f3c30a206d,Tommy Moore,MusicBrainz member relationship
The Beatles,Liverpool,member,mb:6a0e143b-61bb-414f-99c8-96681be286a1,Norman Chapman,MusicBrainz member relationship
The Beatles,Liverpool,member,mb:0d4ab0f9-bbda-4ab1-ae2c-f772ffcfbea9,Pete Best,MusicBrainz member relationship
The Beatles,Liverpool,member,mb:2629082c-19b4-42ae-b2e1-d6025ead67a0,Chas Newby,MusicBrainz member relationship
The Beatles,Liverpool,member,mb:4d5447d7-c61c-4120-ba1b-d7f471d385b9,John Lennon,MusicBrainz member relationship
The Beatles,Liverpool,member,mb:42a8f507-8412-4611-854f-926571049fa0,George Harrison,MusicBrainz member relationship
The Beatles,Liverpool,member,mb:ba550d0e-adac-4864-b88b-407cab5e76af,Paul McCartney,MusicBrainz member relationship
The Beatles,Liverpool,member,mb:300c4c73-33ac-4255-9d57-4e32627f5e13,Ringo Starr,MusicBrainz member relationship
The Beautiful South,Hull,member,mb:e372d4a9-1665-413a-9050-968ec8f1763d,Jacqui Abbott,MusicBrainz member relationship
The Beautiful South,Hull,member,mb:d76ae55b-022c-4880-ad9f-1ddca5d5890a,Alison Wheeler,MusicBrainz member relationship
The Beautiful South,Hull,member,mb:47384d6e-8e09-4714-9752-ae3a56988da1,Briana Corrigan,MusicBrainz member relationship
The Beautiful South,Hull,member,mb:ed652e25-7d55-42b3-a81c-cf31c6138d88,Paul Heaton,MusicBrainz member relationship
The Beautiful South,Hull,member,mb:4c0b3c6f-9c91-4d1f-847d-10dc223d3318,Dave Hemingway,MusicBrainz member relationship
The Beautiful South,Hull,member,mb:e7bd608c-02f5-46ba-81d9-db54750e8cc3,Dave Rotheray,MusicBrainz member relationship
The Beautiful South,Hull,member,mb:3359d812-ce6c-499a-9fd1-a397cc1ade64,David Stead,MusicBrainz member relationship
The Beautiful South,Hull,member,mb:09380eb1-e95c-4642-acd9-da5faf0af96c,Sean Welch,MusicBrainz member relationship
The Beta Band,Edinburgh,member,mb:29154803-c428-4313-b6d8-96b861e5c5f3,Gordon Anderson,MusicBrainz member relationship
The Beta Band,Edinburgh,member,mb:c47d0c6c-3ba3-4786-8a52-5aa90d24eaf4,Steve Duffield,MusicBrainz member relationship
The Beta Band,Edinburgh,member,mb:7d75ba25-a100-414c-bce8-140357480f79,Richard Greentree,MusicBrainz member relationship
The Beta Band,Edinburgh,member,mb:666496a6-750b-4ec5-971e-c92346bb80a6,Robin Jones,MusicBrainz member relationship
The Beta Band,Edinburgh,member,mb:a94b033a-cb16-4f76-b9de-203fb892e2f4,John Maclean,MusicBrainz member relationship
The Beta Band,Edinburgh,member,mb:8784d2c2-7cfe-430a-96d9-fa77a59b3bf6,Steve Mason,MusicBrainz member relationship
The Big Moon,London,member,mb:3be0956d-9744-455f-b6de-72784ee6233b,Celia Archer,MusicBrainz member relationship
The Big Moon,London,member,mb:da9ae8b2-4a75-4503-87bf-3cc5baa801cc,Fern Ford,MusicBrainz member relationship
The Big Moon,London,member,mb:3f6d36f2-d0ee-473a-bf16-388b1cd53dc0,Juliette Jackson,MusicBrainz member relationship
The Big Moon,London,member,mb:b57fc694-c7f6-4907-bde7-b9333c3b0433,Soph Nathan,MusicBrainz member relationship
The Big Pink,London,member,mb:84b45f59-9e2e-4aa9-ada2-268e56bfb409,Milo Cordell,MusicBrainz member relationship
The Big Pink,London,member,mb:4d071e66-3b23-4583-ad9a-49aff5a1771e,Robbie Furze,MusicBrainz member relationship
The Big Pink,London,member,mb:b3dc761e-47b8-4ccf-bfda-8ddbe9ae10b0,Akiko Matsuura,MusicBrainz member relationship
The Big Push,Brighton and Hove,member,mb:02be5360-fae6-4ce1-b724-74b103232e48,Romain Axisa,MusicBrainz member relationship
The Big Push,Brighton and Hove,member,mb:1846777d-18cb-4064-b6cd-b9c999c72c9e,Glenn Chambers,MusicBrainz member relationship
The Big Push,Brighton and Hove,member,mb:234fc8e8-15bd-4344-a903-302356644f1f,Gorran Kendall,MusicBrainz member relationship
The Big Push,Brighton and Hove,member,mb:81250ee6-a008-4007-8cfd-dddc22176cac,Ren,MusicBrainz member relationship
The Blue Nile,Glasgow,member,mb:f1574c7f-2db5-4b80-aab1-c0e70cadb19e,Robert Bell,MusicBrainz member relationship
The Blue Nile,Glasgow,member,mb:be196a00-8fd5-4fca-933c-6d65d88e56ce,Paul Buchanan,MusicBrainz member relationship
The Blue Nile,Glasgow,member,mb:0ca8a2aa-8d39-4d40-bfed-b33bedd72f2e,Paul Joseph Moore,MusicBrainz member relationship
The Boo Radleys,Liverpool,member,mb:5976af3a-ab6a-4725-a9cc-72cdffc6b932,Steve Hewitt,MusicBrainz member relationship
The Boo Radleys,Liverpool,member,mb:d225c1fe-f70d-4520-a9b0-72e565523ec0,Tim Brown,MusicBrainz member relationship
The Boo Radleys,Liverpool,member,mb:bb16bec8-9846-4852-baf2-da39e835817b,Martin Carr,MusicBrainz member relationship
The Boo Radleys,Liverpool,member,mb:a1f3bcf6-6e2e-40d0-8085-d3a1d2ea7e82,Sice,MusicBrainz member relationship
The Boo Radleys,Liverpool,member,mb:b2ebb4de-002b-4750-9d78-6f6ad9415fa0,Rob Cieka,MusicBrainz member relationship
The Boxer Rebellion,London,member,mb:62549107-8346-47bb-9cfe-1ed7aeb0f958,Todd Howe,MusicBrainz member relationship
The Boxer Rebellion,London,member,mb:d52022b6-4713-4190-ac2b-92d25480cabd,Adam Harrison,MusicBrainz member relationship
The Boxer Rebellion,London,member,mb:394498d6-3dec-4ce2-835d-940a42d44849,Piers Hewitt,MusicBrainz member relationship
The Boxer Rebellion,London,member,mb:e86f4fbe-5e81-4932-8ded-b38457f35c46,Nathan Nicholson,MusicBrainz member relationship
The Boxer Rebellion,London,member,mb:85962768-3af2-4f00-8263-e1f25dba998e,Andrew Smith,MusicBrainz member relationship
The Buggles,London,member,mb:d04001e7-1d67-45a3-9da7-b7c6018e6c65,Geoff Downes,MusicBrainz member relationship
The Buggles,London,member,mb:b81c06a5-341f-4d04-a72e-7738030f792b,Trevor Horn,MusicBrainz member relationship
The Chemical Brothers,Manchester,member,mb:40a1354c-206c-40db-a599-cfb94a1db71a,Tom Rowlands,MusicBrainz member relationship
The Chemical Brothers,Manchester,member,mb:d4d395f7-33bf-4906-8b31-0868608f2330,Ed Simons,MusicBrainz member relationship
The Chevin,Leeds,member,mb:59a755d0-a244-4771-8142-484a43cc1686,Coyle Girelli,MusicBrainz member relationship
The Clash,London,member,mb:899a92fe-7ee5-4bc4-9628-0eff26df09e5,Terry Chimes,MusicBrainz member relationship
The Clash,London,member,mb:01f8343c-06e2-4f05-a137-f8ea7efa85c4,Mick Jones,MusicBrainz member relationship
The Clash,London,member,mb:64c43453-f396-42b1-bff5-01644d710d94,Paul Simonon,MusicBrainz member relationship
The Clash,London,member,mb:af4ea2a3-c54d-40b4-8120-a1f0b838ad54,Joe Strummer,MusicBrainz member relationship
The Clash,London,member,mb:19237b9f-2457-4eec-99f5-3166fc73fb4d,Topper Headon,MusicBrainz member relationship
The Clash,London,member,mb:2d2d9c00-2e78-4ead-857a-ecbb9e765d6e,Pete Howard,MusicBrainz member relationship
The Clash,London,member,mb:0af4c74b-ed09-4845-bb84-293695130bbf,Nick Sheppard,MusicBrainz member relationship
The Clash,London,member,mb:23076ae4-ac76-4468-95fc-d8bae9e70f0a,Keith Levene,MusicBrainz member relationship
The Clash,London,member,mb:eecb415e-ac2a-4f86-b060-d47727277b21,Vince White,MusicBrainz member relationship
The Colourfield,Coventry,member,mb:04aaa585-363f-410e-84e7-29b6ea41685a,Gary Dwyer,MusicBrainz member relationship
The Colourfield,Coventry,member,mb:831a9925-d580-445b-a982-808aa925da31,Terry Hall,MusicBrainz member relationship
The Colourfield,Coventry,member,mb:313c1542-3a0d-47ca-bdab-6def75c0ed53,Toby Lyons,MusicBrainz member relationship
The Colourfield,Coventry,member,mb:5ec98e42-df70-47b4-a42a-30cd522e15c8,Karl Shale,MusicBrainz member relationship
The Coral,Liverpool,member,mb:1d58d218-e1bb-469c-bfa6-91d85755c6de,Bill Ryder-Jones,MusicBrainz member relationship
The Coral,Liverpool,member,mb:84998328-1893-4424-833a-a0ff0c6c2652,Lee Southall,MusicBrainz member relationship
The Coral,Liverpool,member,mb:411112c6-017f-4ef6-a79d-515007769a3c,Paul Duffy,MusicBrainz member relationship
The Coral,Liverpool,member,mb:2d421a42-fe1c-4b43-9e45-4487390b37ae,Ian Skelly,MusicBrainz member relationship
The Coral,Liverpool,member,mb:9c88896b-0b5b-48f4-a71d-e679fc131887,James Skelly,MusicBrainz member relationship
The Coral,Liverpool,member,mb:ffbf8a26-7d88-44d6-9aa3-9f55759a79c2,Nick Power,MusicBrainz member relationship
The Corries,Edinburgh,member,mb:c38e605f-67f4-4d19-b337-cee06197f2c4,Bill Smith,MusicBrainz member relationship
The Corries,Edinburgh,member,mb:9cbc0f6c-8647-45f8-bc33-5ffc4c8ee784,Roy Williamson,MusicBrainz member relationship
The Corries,Edinburgh,member,mb:17afe124-d86a-4200-a958-43c7dfd326e5,Ron Cruikshank,MusicBrainz member relationship
The Corries,Edinburgh,member,mb:2ef4991f-7ac9-44c6-9b68-eec4d032e24a,Paddie Bell,MusicBrainz member relationship
The Corries,Edinburgh,member,mb:eae250a5-7db1-46f8-950d-ac0d0a38080e,Ronnie Browne,MusicBrainz member relationship
The Crazy World Of Arthur Brown,London,member,mb:987581a1-7dc6-4175-925c-b6e96bdc9a59,Carter Arrington,MusicBrainz member relationship
The Crazy World Of Arthur Brown,London,member,mb:8373c711-1043-42bd-bf7d-b17ab26de5c7,Arthur Brown,MusicBrainz member relationship
The Crazy World Of Arthur Brown,London,member,mb:1d5bd973-7a08-4274-a95c-c9ce83948687,Vincent Crane,MusicBrainz member relationship
The Crazy World Of Arthur Brown,London,member,mb:3bd93b58-d3da-4c3c-a92f-823d8539942b,Carl Palmer,MusicBrainz member relationship
The Crazy World Of Arthur Brown,London,member,mb:efdf5dde-1984-4ddc-a73c-2bd55934ef6d,Drachen Theaker,MusicBrainz member relationship
The Cribs,Leeds,member,mb:4e148a01-0e87-4205-93f9-0f8a9ec76654,Gary Jarman,MusicBrainz member relationship
The Cribs,Leeds,member,mb:d78f6b33-d87b-447a-89ac-e1f7c4ef4b44,Ross Jarman,MusicBrainz member relationship
The Cribs,Leeds,member,mb:4e3445a7-8112-4f53-a072-5b9f8f1be17f,Ryan Jarman,MusicBrainz member relationship
The Cribs,Leeds,member,mb:ff621094-2a76-401f-8398-b75b5fd2be24,Johnny Marr,MusicBrainz member relationship
The Cult,Leeds,member,mb:969f20f9-1d0a-4067-b2a0-25061ebda7b3,Jamie Stewart,MusicBrainz member relationship
The Cult,Leeds,member,mb:f31ae14d-b6a3-41cf-ae98-d46da77f1939,Nigel Preston,MusicBrainz member relationship
The Cult,Leeds,member,mb:5304293c-5b71-48aa-942f-11017f168754,Les Warner,MusicBrainz member relationship
The Cult,Leeds,member,mb:c616f1c6-e64f-4028-b891-7bfc2f70d58c,John Tempesta,MusicBrainz member relationship
The Cult,Leeds,member,mb:9aa4bf7c-12ab-411c-ae0d-6bda5dc5862a,Chris Wyse,MusicBrainz member relationship
The Cult,Leeds,member,mb:93cd035c-ad2e-47e5-87f7-c7e45502d1f5,Craig Adams,MusicBrainz member relationship
The Cult,Leeds,member,mb:084705e4-4cee-4927-bd27-40904a588956,Ian Astbury,MusicBrainz member relationship
The Cult,Leeds,member,mb:9a31cf33-19b7-4bbb-9a0a-a221692c0614,Mickey Curry,MusicBrainz member relationship
The Cult,Leeds,member,mb:da4e80b1-5702-4b3a-b134-c3850ec08d6a,Billy Duffy,MusicBrainz member relationship
The Cult,Leeds,member,mb:0e8c8d56-4adf-450c-bcb9-367940a25a6d,Scott Garrett,MusicBrainz member relationship
The Cult,Leeds,member,mb:e61b7692-7506-4041-9e52-327e210f069c,Martyn LeNoble,MusicBrainz member relationship
The Cult,Leeds,member,mb:21176a1c-bdbf-43d0-aaae-5f2df97b09bd,Matt Sorum,MusicBrainz member relationship
The Cult,Leeds,member,mb:05368179-b400-430a-9e79-86af610d5d4f,James Stevenson,MusicBrainz member relationship
The Cure,Crawley,member,mb:2b2a7e94-fdc6-4c2e-859c-441faa4089cd,Porl Thompson,MusicBrainz member relationship
The Cure,Crawley,member,mb:7d1a1624-784b-4f89-8ff9-b9b493cd059d,Robert Smith,MusicBrainz member relationship
The Cure,Crawley,member,mb:e1fcd5e6-99e8-43f5-badc-4001cd299872,Michael Dempsey,MusicBrainz member relationship
The Cure,Crawley,member,mb:d7557f83-02a4-47c4-b48e-ac9d49f9c92c,Lol Tolhurst,MusicBrainz member relationship
The Cure,Crawley,member,mb:b0bfc991-701a-4a08-a384-8af91aa53c16,Matthieu Hartley,MusicBrainz member relationship
The Cure,Crawley,member,mb:48555d10-ded8-4172-a737-33bffc0125d5,Simon Gallup,MusicBrainz member relationship
The Cure,Crawley,member,mb:9d09af2f-8fd6-4e5f-af0d-d8cc9e27eb7a,Andy Anderson,MusicBrainz member relationship
The Cure,Crawley,member,mb:7bab9275-c661-4b9b-b1fe-4ed9fd8cffe6,Phil Thornalley,MusicBrainz member relationship
The Cure,Crawley,member,mb:e8c7f193-0db6-4175-a469-ebce1c340429,Boris Williams,MusicBrainz member relationship
The Cure,Crawley,member,mb:23ac4aa8-5af1-4890-b7b9-2c6553b75de3,Roger O’Donnell,MusicBrainz member relationship
The Cure,Crawley,member,mb:6202014c-9c05-45a4-a23f-21d27abcb0df,Perry Bamonte,MusicBrainz member relationship
The Cure,Crawley,member,mb:e83e045f-2191-4ccd-b8ba-7d93852b6f9b,Jason Cooper,MusicBrainz member relationship
The Damned,London,member,mb:7bd9e27c-034c-45db-8e6f-2d1ef141ee26,Rat Scabies,MusicBrainz member relationship
The Damned,London,member,mb:c5b9c6e1-3aa2-4ff5-a89a-d4e86b09fcdf,Captain Sensible,MusicBrainz member relationship
The Damned,London,member,mb:d99fc1f6-43c0-498c-b07d-c3bdff4094e4,Dave Vanian,MusicBrainz member relationship
The Damned,London,member,mb:b1a6a5d8-7070-4344-9e57-a3624a981207,Roman Jugg,MusicBrainz member relationship
The Damned,London,member,mb:c579dae2-6f32-48b1-8dd4-bc5a050278aa,Bryn Merrick,MusicBrainz member relationship
The Damned,London,member,mb:69b0df62-e88f-4aea-9add-05bf8d879066,Alan Lee Shaw,MusicBrainz member relationship
The Damned,London,member,mb:a723790e-b7d4-41ac-b839-773745e117e0,Patricia Morrison,MusicBrainz member relationship
The Damned,London,member,mb:dbcea3ce-5380-48d7-a1f3-2afb7c46d4fd,Monty Oxymoron,MusicBrainz member relationship
The Damned,London,member,mb:dc063d03-7cbe-4f45-8c4c-570e619b65c3,Pinch,MusicBrainz member relationship
The Damned,London,member,mb:026a2c65-cd2a-471e-9ec4-6d5a30998924,Stu West,MusicBrainz member relationship
The Damned,London,member,mb:856a0935-2565-4bf6-b0fd-9f6180b3229c,Paul Gray,MusicBrainz member relationship
The Damned,London,member,mb:84e8d7bf-63e5-4112-8752-2eccf8d61ef9,Kris Dollimore,MusicBrainz member relationship
The Damned,London,member,mb:52493124-00e6-4419-8859-f034dac6f02b,Garrie Dreadful,MusicBrainz member relationship
The Damned,London,member,mb:257ba073-a7c1-4455-9a9e-d2da30c7fa02,Lu Edmonds,MusicBrainz member relationship
The Damned,London,member,mb:b04ce64f-e3be-433c-8353-f3b3cb452e66,Moose Harris,MusicBrainz member relationship
The Damned,London,member,mb:575fb159-f2b1-41d8-983b-c7e85fe917fd,Jon Moss,MusicBrainz member relationship
The Damned,London,member,mb:caee7551-709b-4762-96b4-bd6f453a2cd0,Paul Shepley,MusicBrainz member relationship
The Damned,London,member,mb:98ab8bd7-c18b-4b44-8166-64944b59549f,Algy Ward,MusicBrainz member relationship
The Damned,London,member,mb:1f3d9119-9833-41c9-9c3b-f71b066bdf74,Brian James,MusicBrainz member relationship
The Darkness,Ipswich,member,mb:ba558d39-728e-4d15-95b2-57fc68e1c9b5,Frankie Poullain,MusicBrainz member relationship
The Darkness,Ipswich,member,mb:eca728a8-f6d1-4fc9-bdf1-d99cd3f5f3ce,Justin Hawkins,MusicBrainz member relationship
The Darkness,Ipswich,member,mb:33346745-d080-47ae-b6d1-b7b007e867f9,Ed Graham,MusicBrainz member relationship
The Darkness,Ipswich,member,mb:b5effbde-9513-46be-b240-105c315ec288,Dan Hawkins,MusicBrainz member relationship
The Darkness,Ipswich,member,mb:f14317d7-b200-4709-a44f-ae03f52de789,Richie Edwards,MusicBrainz member relationship
The Darkness,Ipswich,member,mb:1eaf2323-6bae-4bf2-82f9-b53fed2c75e8,Rufus Taylor,MusicBrainz member relationship
The Dave Clark Five,London,member,mb:6ce18109-608f-40ad-aff9-164869865de9,Rick Huxley,MusicBrainz member relationship
The Dave Clark Five,London,member,mb:e398c941-3020-4492-9629-19d52fc5d456,Dave Clark,MusicBrainz member relationship
The Dave Clark Five,London,member,mb:998788a7-024a-479e-878e-a0a97a26bbbc,Lenny Davidson,MusicBrainz member relationship
The Dave Clark Five,London,member,mb:f7bb7c15-2669-4107-9259-90a6ebbd07d8,Denis Payton,MusicBrainz member relationship
The Dave Clark Five,London,member,mb:27084aa2-97f1-4bca-9ce7-5df3c5bf160a,Mike Smith,MusicBrainz member relationship
The Delgados,Glasgow,member,mb:967bbdc8-8835-4c18-b694-2f9710a5f7be,Stewart Henderson,MusicBrainz member relationship
The Delgados,Glasgow,member,mb:8ace46fa-e460-4f42-b570-0b0ebd1bbbfb,Emma Pollock,MusicBrainz member relationship
The Delgados,Glasgow,member,mb:59da7b03-9912-4752-acfc-e6cf263bb152,Paul Savage,MusicBrainz member relationship
The Delgados,Glasgow,member,mb:bcbf0513-0df6-4009-b11c-568a6ef6901a,Alun Woodward,MusicBrainz member relationship
The Dream Academy,London,member,mb:b6ea6ae7-f685-420f-868e-4dc1bbbaeab2,Gilbert Gabriel,MusicBrainz member relationship
The Dream Academy,London,member,mb:541d6e3b-a281-4d13-a5f3-b3cf6d042519,Nick Laird-Clowes,MusicBrainz member relationship
The Dream Academy,London,member,mb:df822cc7-4ea9-49db-9811-efe87721212b,Kate St John,MusicBrainz member relationship
The Duke Spirit,London,member,mb:40810c1c-c83e-4ad8-ae2b-496bcd051dd2,Olly Betts,MusicBrainz member relationship
The Duke Spirit,London,member,mb:9723c3ff-6a73-491e-b3f2-f90616ca5984,Toby Butler,MusicBrainz member relationship
The Duke Spirit,London,member,mb:cdea2f3e-88f4-4670-a2ff-cc5ca625fadc,Luke Ford,MusicBrainz member relationship
The Duke Spirit,London,member,mb:8b5919a4-b66c-4184-aa84-0f0acc70abfe,Dan Higgins,MusicBrainz member relationship
The Duke Spirit,London,member,mb:d10029ed-f2eb-4117-a1fa-4f94caa0cbde,Liela Moss,MusicBrainz member relationship
The Duke Spirit,London,member,mb:bca8c8e1-79ce-416e-947f-7f1f97575fe8,Marc Sallis,MusicBrainz member relationship
The Durutti Column,Manchester,member,mb:c9130b9e-20f2-4d51-805f-833c0c6f2a82,Bruce Mitchell,MusicBrainz member relationship
The Durutti Column,Manchester,member,mb:0a7c16ba-4bed-4833-951e-89b35eeefcf1,Keir Stewart,MusicBrainz member relationship
The Durutti Column,Manchester,member,mb:07cf2e3a-bf6a-44b9-9079-842953a671c9,John Metcalfe,MusicBrainz member relationship
The Durutti Column,Manchester,member,mb:4901c32a-c336-43c2-80ab-0b3aba4025f5,Phil Rainford,MusicBrainz member relationship
The Escape Club,London,member,mb:b1d4da0d-716d-4951-89a4-da277626441c,Johnnie Christo,MusicBrainz member relationship
The Escape Club,London,member,mb:fecb367d-d31f-47eb-9254-5d0a0bc1af82,John Holliday,MusicBrainz member relationship
The Escape Club,London,member,mb:446efc15-742f-4317-9c4f-3e3026e0514c,Trevor Steel,MusicBrainz member relationship
The Escape Club,London,member,mb:d15e704e-3595-48ea-8003-7688ba17110e,Milan Zekavica,MusicBrainz member relationship
The Exploited,Edinburgh,member,mb:dc5e77eb-ff2c-4e7c-a1df-18829053e581,Alan Paget,MusicBrainz member relationship
The Exploited,Edinburgh,member,mb:b1deb6fe-c335-454b-9cc8-2df6889ef6be,Andy McNiven,MusicBrainz member relationship
The Exploited,Edinburgh,member,mb:fe980920-7348-4d27-a855-e1e587799a42,Terry Buchan,MusicBrainz member relationship
The Exploited,Edinburgh,member,mb:9f279f51-507d-48b3-a1a6-2c03901bf1cb,Colin Erskine,MusicBrainz member relationship
The Exploited,Edinburgh,member,mb:2256e1f3-9f64-4792-a5f1-11d5248c268b,Stevie Ross,MusicBrainz member relationship
The Exploited,Edinburgh,member,mb:11f9295b-bc47-4438-b56c-7a29967f58d6,Jim Park,MusicBrainz member relationship
The Exploited,Edinburgh,member,mb:573908b7-bb38-4d47-8b6b-5fa69c37f387,Steve Hay,MusicBrainz member relationship
The Exploited,Edinburgh,member,mb:e9f11c98-83a5-427a-83bb-b6f1f1d7a4c6,Mark Patrizio,MusicBrainz member relationship
The Exploited,Edinburgh,member,mb:89a48c1a-1be3-414e-a8b5-31a717712333,Andrew Campbell,MusicBrainz member relationship
The Exploited,Edinburgh,member,mb:c5331cd6-35a9-4e1f-a2f4-4c61112c47d1,Wattie Buchan,MusicBrainz member relationship
The Exploited,Edinburgh,member,mb:258e917c-4cf0-4a1a-a07d-dacfe6b93398,John Duncan,MusicBrainz member relationship
The Exploited,Edinburgh,member,mb:9888343b-0087-4dcb-9771-899ce6b6d1d4,Gary McCormack,MusicBrainz member relationship
The Exploited,Edinburgh,member,mb:a11b573c-b498-4bd7-8969-0c39eff213a1,Danny Heatley,MusicBrainz member relationship
The Exploited,Edinburgh,member,mb:f828f753-836f-41ad-a99c-a2a9c654ee52,Steve Roberts,MusicBrainz member relationship
The Exploited,Edinburgh,member,mb:77bec7e0-cbb2-44a5-85d4-830db9db1f3c,Willie Buchan,MusicBrainz member relationship
The Exploited,Edinburgh,member,mb:80997862-8287-42ba-b5a6-447742418346,Billy Dunn,MusicBrainz member relationship
The Exploited,Edinburgh,member,mb:ba294efb-0367-4227-80ec-32fc82ba9c1b,Karl Morris,MusicBrainz member relationship
The Exploited,Edinburgh,member,mb:e3d4d64a-ac94-4a8d-9bf1-9a138339b75f,Wayne Tyas,MusicBrainz member relationship
The Exploited,Edinburgh,member,mb:95b6847f-8ac8-4e26-9218-4534b98d12b6,Deptford John,MusicBrainz member relationship
The Exploited,Edinburgh,member,mb:7bdc6c4c-9468-4ae8-86c8-245c8b4b0a58,Mad Mick,MusicBrainz member relationship
The Exploited,Edinburgh,member,mb:67d8ca01-d685-4085-a48a-cbffcd36974e,James Antony Thomson Lochiel,MusicBrainz member relationship
The Exploited,Edinburgh,member,mb:f2c7266e-2d5d-4675-83c1-f356ab3d6395,Nigel Swanson,MusicBrainz member relationship
The Exploited,Edinburgh,member,mb:c685db6a-98b9-42df-bdac-3d896bd548b1,Mark Smellie,MusicBrainz member relationship
The Exploited,Edinburgh,member,mb:9d61e7bc-6b27-4941-8de2-c1c36764a148,Rick Heller,MusicBrainz member relationship
The Exploited,Edinburgh,member,mb:055a4090-ef3b-4dd3-9b9b-29f7258545e2,Gordon Balfour,MusicBrainz member relationship
The Exploited,Edinburgh,member,mb:e140b69f-5251-478e-a8c8-e49d537af373,Anthony Warren,MusicBrainz member relationship
The Exploited,Edinburgh,member,mb:1eda2d3b-22d0-4dad-9543-7d250abf1d28,Ian Purdie,MusicBrainz member relationship
The Exploited,Edinburgh,member,mb:1ce9d54e-6aaa-49ce-8df1-433e8c4e28ce,Frasier Runciman,MusicBrainz member relationship
The Exploited,Edinburgh,member,mb:d2eb576a-ef98-45a6-91d4-2df85d1a0217,Jim Gray,MusicBrainz member relationship
The Exploited,Edinburgh,member,mb:7c3851c0-847f-471b-a324-ba3366937931,Arthur Dalrymple,MusicBrainz member relationship
The Exploited,Edinburgh,member,mb:67b95bd8-5ff1-4e6d-85ec-a828ec3d92bf,Reiner,MusicBrainz member relationship
The Exploited,Edinburgh,member,mb:1e019d76-cecb-4a78-9001-f76b64b9258d,Daniel Lynch,MusicBrainz member relationship
The Exploited,Edinburgh,member,mb:87274104-9fb1-40b2-a50e-a4202e815839,Robert Davidson,MusicBrainz member relationship
The Exploited,Edinburgh,member,mb:27d87638-8b99-4396-a442-4ccd176f2e2f,David Peggie,MusicBrainz member relationship
The Exploited,Edinburgh,member,mb:1de97cba-4de8-4c29-8eea-bfe3b1629833,Mikie Jacobs,MusicBrainz member relationship
The Exploited,Edinburgh,member,mb:20e4ad57-8422-4097-83f1-35d8fc4f860f,Robert Halkett,MusicBrainz member relationship
The Exploited,Edinburgh,member,mb:a4cf84e8-fd5e-4ebd-b718-07bf0421aee2,Gav,MusicBrainz member relationship
The Exploited,Edinburgh,member,mb:2c19613f-70cb-43a5-a05c-7b3af875c59a,Matt McGuire,MusicBrainz member relationship
The Exploited,Edinburgh,member,mb:8e4eabfa-1ab1-45cf-a7f7-e40f0282f6f9,Tommy Concrete,MusicBrainz member relationship
The Fall,Manchester,member,mb:8afef734-a652-494e-b25e-0ff895fba38e,Una Baines,MusicBrainz member relationship
The Fall,Manchester,member,mb:d956f22a-27bf-45a0-9362-821eea53ddbb,Martin Bramah,MusicBrainz member relationship
The Fall,Manchester,member,mb:35e5ce55-486d-40a4-9ab5-08de9be70d33,Mark E. Smith,MusicBrainz member relationship
The Fall,Manchester,member,mb:4c79d249-fed7-4d8f-a05a-eeb96a6bdd02,Karl Burns,MusicBrainz member relationship
The Fall,Manchester,member,mb:24a562e4-10b1-4b23-bcc3-bc4dd0bd88e5,Kay Carroll,MusicBrainz member relationship
The Fall,Manchester,member,mb:1d5c5745-1b56-4e92-a1e4-50ca9e5338d5,Jonnie Brown,MusicBrainz member relationship
The Fall,Manchester,member,mb:d3433b42-5b9b-461b-8fb7-cab5c51caa8a,Yvonne Pawlett,MusicBrainz member relationship
The Fall,Manchester,member,mb:9b872fea-1c8e-42f8-878d-c8356de79bba,Marc Riley,MusicBrainz member relationship
The Fall,Manchester,member,mb:1c87746b-8336-42bb-b0f2-3514ba8e2398,Mike Leigh,MusicBrainz member relationship
The Fall,Manchester,member,mb:b753f2bf-6762-4c7b-8543-4a080d90dc35,Craig Scanlon,MusicBrainz member relationship
The Fall,Manchester,member,mb:3f9f7175-2454-44fb-b4fe-9074437d4823,Steve Hanley,MusicBrainz member relationship
The Fall,Manchester,member,mb:a929debb-1405-49b5-83f3-c76729e8dc7d,Paul Hanley,MusicBrainz member relationship
The Fall,Manchester,member,mb:d9333ce8-da19-4e65-ba78-d6ee63addfb2,Brix Smith,MusicBrainz member relationship
The Fall,Manchester,member,mb:e8b16007-91e1-4239-9c28-463df118db71,Simon Rogers,MusicBrainz member relationship
The Fall,Manchester,member,mb:061afc53-ede6-4ad9-86e9-0efb691293fd,Simon Wolstencroft,MusicBrainz member relationship
The Fall,Manchester,member,mb:d9554a0d-e690-4555-8467-9e51fdce13c3,Marcia Schofield,MusicBrainz member relationship
The Fall,Manchester,member,mb:4d595c4e-2083-4cf8-9bc6-a63f0d1e9997,Kenny Brady,MusicBrainz member relationship
The Fall,Manchester,member,mb:33d623fa-cbe8-4bc0-858f-b58fe39ab282,Dave Bush,MusicBrainz member relationship
The Fall,Manchester,member,mb:e4bdd764-5bc8-41ef-9592-d352c205fe3e,Julia Adamson,MusicBrainz member relationship
The Fall,Manchester,member,mb:2248fcd1-1fb7-4cc7-b933-e1c35010d803,Adrian Flanagan,MusicBrainz member relationship
The Fall,Manchester,member,mb:4bc5a367-a0c9-453d-9f40-ecae316e1282,Tommy Crooks,MusicBrainz member relationship
The Fall,Manchester,member,mb:d4046aca-9fdb-4318-af33-234297582e1f,Kate Themen,MusicBrainz member relationship
The Fall,Manchester,member,mb:d820a398-3fb6-4586-9c27-d3ec89c810e6,Karen Leatham,MusicBrainz member relationship
The Fall,Manchester,member,mb:dbba2bfc-dccc-4bd1-9a63-80e9646f81c4,Tom Head,MusicBrainz member relationship
The Fall,Manchester,member,mb:964486c0-8f74-421c-b475-f959785518d9,Neville Wilding,MusicBrainz member relationship
The Fall,Manchester,member,mb:83260607-48d7-4acf-bcf1-4082f41ce630,Adam Helal,MusicBrainz member relationship
The Fall,Manchester,member,mb:579a9f78-f495-4bc2-8458-cb647305e860,Spencer Birtwistle,MusicBrainz member relationship
The Fall,Manchester,member,mb:5c48d8b4-ac7a-4b10-b693-929e864859a4,Ed Blaney,MusicBrainz member relationship
The Fall,Manchester,member,mb:2c71b9e8-94a6-43e6-9207-f81cb876cfd1,Jim Watts,MusicBrainz member relationship
The Fall,Manchester,member,mb:12abc510-1418-4f8c-96eb-358e7c2b42fa,Ben Pritchard,MusicBrainz member relationship
The Fall,Manchester,member,mb:ca790773-b4b2-4058-9f0c-8a48cc46eeae,Dave Milner,MusicBrainz member relationship
The Fall,Manchester,member,mb:3e8756b1-17e7-4a9d-9cda-cb8bf4b1216b,Brian Fanning,MusicBrainz member relationship
The Fall,Manchester,member,mb:d2e7fcdc-7f40-4aca-b23d-a0f9a2dee932,Elena Poulou,MusicBrainz member relationship
The Fall,Manchester,member,mb:7913e27b-f5e1-4000-91c4-53b0ca5e9f90,Simon Archer,MusicBrainz member relationship
The Fall,Manchester,member,mb:23d3062f-2fc4-4b2f-920e-1361dce43c15,Steven Trafford,MusicBrainz member relationship
The Fall,Manchester,member,mb:4259c44e-21c1-4e9f-9bad-a32e8ad19763,David Spurr,MusicBrainz member relationship
The Fall,Manchester,member,mb:fde7f72d-3f7f-4b90-93e3-7d70994da94c,Pete Greenway,MusicBrainz member relationship
The Fall,Manchester,member,mb:f26e76ec-3847-419a-9411-a5059fc749b8,Keiron Melling,MusicBrainz member relationship
The Fall,Manchester,member,mb:3250f1a9-46f9-435b-885d-9255d592e336,Tony Friel,MusicBrainz member relationship
The Fall,Manchester,member,mb:ddbc8dc2-d023-40f5-9be4-9320a76a0fbf,Daren Garratt,MusicBrainz member relationship
The Fall,Manchester,member,mb:f5af3a8f-cd98-43da-a6dd-6e0c51127679,Colin 'Roxy' Rocks,MusicBrainz member relationship
The Fall,Manchester,member,mb:8c4e9233-4f52-4863-9e41-fcd251f21621,Rob Barbato,MusicBrainz member relationship
The Fall,Manchester,member,mb:9a71394c-fcc2-4936-94d8-e3c44f0d1246,Martin Beddington,MusicBrainz member relationship
The Fall,Manchester,member,mb:91886073-b77b-4c11-9ce2-a53c2be78e21,Thomas Murphy,MusicBrainz member relationship
The Farm,Liverpool,member,mb:e5fdeacb-ca37-4b5d-adf4-99e21ebd2952,Steve Grimes,MusicBrainz member relationship
The Farm,Liverpool,member,mb:3b97ba4d-ccc4-4a67-9aa7-c58078d3f7db,Peter Hooton,MusicBrainz member relationship
The Farm,Liverpool,member,mb:1c5fb993-7090-4761-9755-b2ad63b2927a,Carl Hunter,MusicBrainz member relationship
The Farm,Liverpool,member,mb:dda3e9f1-3550-4988-bf9a-972591fa8079,Keith Mullin,MusicBrainz member relationship
The Field Mice,London,member,mb:4eea9738-f8ab-42cf-8d42-42c3eb105653,Michael Hiscock,MusicBrainz member relationship
The Field Mice,London,member,mb:c3bb7b4e-ef4e-4fe1-9b6e-2c7495c99e2c,Robert Wratten,MusicBrainz member relationship
The Field Mice,London,member,mb:9c30ba69-f3b9-480e-82fb-a22ea2972573,Annemari Davies,MusicBrainz member relationship
The Field Mice,London,member,mb:34d7e6b5-a8cd-4d52-a8db-83ffd2cda46b,Mark Dobson,MusicBrainz member relationship
The Field Mice,London,member,mb:b6c12d83-37a6-4d67-8da8-8a11ccfa5d12,Harvey Williams,MusicBrainz member relationship
The Fixx,London,member,mb:8dfa905d-36f2-470b-ad49-0ee40a6bbece,Charles Barrett,MusicBrainz member relationship
The Fixx,London,member,mb:aca1599e-ea4d-4dca-832e-83050eb02af4,Alfie Agius,MusicBrainz member relationship
The Fixx,London,member,mb:5345bd5a-bb17-4217-a2f2-570d9a3a9968,Dan K. Brown,MusicBrainz member relationship
The Fixx,London,member,mb:853dc7b4-5dd0-421c-b508-35be257439e2,Cy Curnin,MusicBrainz member relationship
The Fixx,London,member,mb:4a45b6a8-1965-40ad-adab-ccd6416d62d2,Rupert Greenall,MusicBrainz member relationship
The Fixx,London,member,mb:46e7fdcd-30e2-48e2-b01a-2ec9193db96a,Jamie West‐Oram,MusicBrainz member relationship
The Fixx,London,member,mb:a5b002c5-e3ed-4b35-8288-4223234cfa0e,Adam Woods,MusicBrainz member relationship
The Foundations,London,member,mb:cfe7b11c-6a52-4681-be4d-863bb9be2183,Clem Curtis,MusicBrainz member relationship
The Foundations,London,member,mb:5d717fa1-24fe-41eb-aeb3-79642edcc656,Steve Bingham,MusicBrainz member relationship
The Foundations,London,member,mb:8373c711-1043-42bd-bf7d-b17ab26de5c7,Arthur Brown,MusicBrainz member relationship
The Foundations,London,member,mb:c7d90753-fb17-4242-b719-7305514acdda,Mike Elliott,MusicBrainz member relationship
The Foundations,London,member,mb:0ac8dad2-c4ee-4a6a-83e2-202687f0f3f4,Tim Harris,MusicBrainz member relationship
The Foundations,London,member,mb:1832ecea-62b0-4487-b0ff-94a3aad3f64a,Peter McBeth,MusicBrainz member relationship
The Foundations,London,member,mb:2a193a05-d0fe-46d3-bb51-e205346d0d4f,Alan Warner,MusicBrainz member relationship
The Foundations,London,member,mb:27d58d88-4346-4455-bccc-3ccd22eb8fdf,Colin Young,MusicBrainz member relationship
The Fratellis,Glasgow,member,mb:914e3213-11cc-4c7c-88d9-9b32c89f0c2b,Barry Fratelli,MusicBrainz member relationship
The Fratellis,Glasgow,member,mb:c2190969-53a8-4cab-8762-1abc05cbdb70,Jon Fratelli,MusicBrainz member relationship
The Fratellis,Glasgow,member,mb:7ce2d98d-dfa9-4656-b0a5-6fb88f2b6a1d,Mince Fratelli,MusicBrainz member relationship
The Future Sound Of London,Manchester,member,mb:927bf0ef-744d-4716-8ab4-47414a04e962,Garry Cobain,MusicBrainz member relationship
The Future Sound Of London,Manchester,member,mb:3af0091b-cee4-486d-b74f-4fae59d759d6,Brian Dougans,MusicBrainz member relationship
The Futureheads,Sunderland,member,mb:416e1140-77b0-4e35-b835-1ce487b77fcf,Barry Hyde,MusicBrainz member relationship
The Futureheads,Sunderland,member,mb:5457de00-9b5f-4145-a0ee-34f6e3181f3f,Dave Hyde,MusicBrainz member relationship
The Futureheads,Sunderland,member,mb:7c07d873-fe10-47ac-8a68-fdd5c12f7d3a,Jaff,MusicBrainz member relationship
The Futureheads,Sunderland,member,mb:1f5b9d17-540f-4e81-8406-288da11752f3,Ross Millard,MusicBrainz member relationship
The Go! Team,Brighton and Hove,member,mb:729255b0-7ab6-4efd-8f4b-e2b60147980e,Kaori Tsuchida,MusicBrainz member relationship
The Go! Team,Brighton and Hove,member,mb:f4092995-69f9-4b04-8348-6c9ce6822c31,Silke Stiedinger,MusicBrainz member relationship
The Go! Team,Brighton and Hove,member,mb:856d63ed-866f-4e72-85fd-a611408c77ca,Jamie Bell,MusicBrainz member relationship
The Go! Team,Brighton and Hove,member,mb:cf52c1df-2eb4-4dad-90e5-ce4a095580e9,Sam Dook,MusicBrainz member relationship
The Go! Team,Brighton and Hove,member,mb:695daab7-8642-464d-96c8-38e3b8356831,Chi Fukami Taylor,MusicBrainz member relationship
The Go! Team,Brighton and Hove,member,mb:af58fc94-4979-4cb9-b94a-8e7b243299bf,Ninja,MusicBrainz member relationship
The Go! Team,Brighton and Hove,member,mb:535aa3e5-f9f2-4397-b9f5-4ddfe876af61,Ian Parton,MusicBrainz member relationship
The Go! Team,Brighton and Hove,member,mb:4f9d0e41-06d2-4bda-b6f4-f7afcd22b794,Silke Steidinger,MusicBrainz member relationship
The Heavy,Bath and North East Somerset,member,mb:f9f493b6-86bb-48b9-a96b-afe93a2eec5f,Kelvin Swaby,MusicBrainz member relationship
The Herbaliser,London,member,mb:d4b11879-c53a-4564-89d6-98e9929ec011,Andy Ross,MusicBrainz member relationship
The Herbaliser,London,member,mb:5ad1f25b-3936-4bbf-ad5a-9d0c94443948,Ollie Teeba,MusicBrainz member relationship
The Herbaliser,London,member,mb:cd7d58ae-70d2-4991-9b80-56966b99430b,Jake Wherry,MusicBrainz member relationship
The Hollies,Manchester,member,mb:8b961a54-e6c4-4497-bde1-d07f447b89be,Eric Haydock,MusicBrainz member relationship
The Hollies,Manchester,member,mb:2ed8ecda-5bb9-4d9f-8c99-0bf9b85b3624,Graham Nash,MusicBrainz member relationship
The Hollies,Manchester,member,mb:c0a7cfd5-fbb3-44bc-b348-b21c80c94f37,Tony Hicks,MusicBrainz member relationship
The Hollies,Manchester,member,mb:2e6db507-a1a9-473e-bad7-e1287e5103e1,Don Rathbone,MusicBrainz member relationship
The Hollies,Manchester,member,mb:a2e29e16-e6bb-4797-8456-dab2e7f488cd,Bobby Elliott,MusicBrainz member relationship
The Hollies,Manchester,member,mb:fcc0da8f-a85c-4fac-b503-a694588e4cb4,Allan Clarke,MusicBrainz member relationship
The Hollies,Manchester,member,mb:c0e28f99-cff7-4b3d-b39a-20b894985d53,Bernie Calvert,MusicBrainz member relationship
The Hollies,Manchester,member,mb:ec290c66-9f7e-4c9c-a4e0-1f0ed9f89ca8,Terry Sylvester,MusicBrainz member relationship
The Hollies,Manchester,member,mb:7a38053e-efab-410d-8ea7-d606ebba60c4,Mikael Rickfors,MusicBrainz member relationship
The Hollies,Manchester,member,mb:a104e14c-db8e-48f1-8bd7-15e4fd398f7d,Ian Parker,MusicBrainz member relationship
The Hollies,Manchester,member,mb:76907faf-f81e-45c2-b5ae-4dd92a0802f7,Carl Wayne,MusicBrainz member relationship
The Hollies,Manchester,member,mb:e0819bfe-1410-4344-a33c-2408a5506f2e,Ray Stiles,MusicBrainz member relationship
The Hollies,Manchester,member,mb:9bbb78a8-b5dc-44fe-9457-b979497178d7,Alan Coates,MusicBrainz member relationship
The Hoosiers,Bracknell Forest,member,mb:ce199733-4014-4663-9d15-3aaed5e85569,Alan Sharland,MusicBrainz member relationship
The Hoosiers,Bracknell Forest,member,mb:fc114d15-aabe-47dd-9d9f-b4fd98ce439f,Martin Skarendahl,MusicBrainz member relationship
The Hoosiers,Bracknell Forest,member,mb:19c4414f-aa44-45ce-a82b-b733863bbe0b,Irwin Sparkes,MusicBrainz member relationship
The Horrors,London,member,mb:9da5e52d-b7d8-475a-bb9d-10e359f718b1,Spider Webb,MusicBrainz member relationship
The Horrors,London,member,mb:675f711a-6e12-499b-98c6-fd0557d69e2f,Faris Badwan,MusicBrainz member relationship
The Horrors,London,member,mb:c9e9ee71-75e4-4a61-aa2a-b00585c6b2b3,Coffin Joe,MusicBrainz member relationship
The Horrors,London,member,mb:99168ac1-64e8-4c98-ae2c-60052919c04a,Jordan Cook,MusicBrainz member relationship
The Horrors,London,member,mb:84d2e526-5bb8-4036-a240-b438f9c8ac6d,Tom Cowan,MusicBrainz member relationship
The Horrors,London,member,mb:8d5f956a-bc9b-4aad-a8f7-690836ad6b90,Tom Furse,MusicBrainz member relationship
The Horrors,London,member,mb:aba4bf7e-d051-4ae4-958d-e2b6c098a2ad,Joshua Third,MusicBrainz member relationship
The Horrors,London,member,mb:16a30395-adab-4705-94f6-570ccd6da737,Amelia Kidd,MusicBrainz member relationship
The Human League,Sheffield,member,mb:ee3a1766-93e4-43cf-a397-2b32e7b984b5,Ian Craig Marsh,MusicBrainz member relationship
The Human League,Sheffield,member,mb:76dc89a8-ab82-450a-a062-1ccb6209e348,Martyn Ware,MusicBrainz member relationship
The Human League,Sheffield,member,mb:90df1c5c-0c89-44cd-8552-0273007dfd27,Philip Oakey,MusicBrainz member relationship
The Human League,Sheffield,member,mb:6c7fc9af-07ee-41af-9ef7-2eb9665f2cbb,Philip Adrian Wright,MusicBrainz member relationship
The Human League,Sheffield,member,mb:95a2490e-6579-49aa-ad31-4896f646131e,Ian Burden,MusicBrainz member relationship
The Human League,Sheffield,member,mb:9ba46b46-6ef4-4606-8366-bee751c4103f,Joanne Catherall,MusicBrainz member relationship
The Human League,Sheffield,member,mb:a6e6e7a6-a830-481f-92d2-71114c7aa76b,Susan Ann Sulley,MusicBrainz member relationship
The Human League,Sheffield,member,mb:d45e5fba-2475-4c2a-ad8a-085a53b83f87,Jo Callis,MusicBrainz member relationship
The Human League,Sheffield,member,mb:f45ddedc-8ef1-459e-871d-133b4f5b39a8,Jim Russell,MusicBrainz member relationship
The Hunna,London,member,mb:e24fc79d-7e41-429b-9e77-4949506ff96f,Junate Angin,MusicBrainz member relationship
The Hunna,London,member,mb:0c704e74-0183-4f82-9999-1a66689ecb34,Daniel Dorney,MusicBrainz member relationship
The Hunna,London,member,mb:f860f331-0461-41c2-83de-2bf91f51369b,Jack Metcalfe,MusicBrainz member relationship
The Hunna,London,member,mb:90dca9db-f3e8-478c-93ed-bff54043f84d,Ryan Potter,MusicBrainz member relationship
The Icicle Works,Liverpool,member,mb:b65d6736-e425-4969-a509-441e87cffa1a,Chris Layhe,MusicBrainz member relationship
The Icicle Works,Liverpool,member,mb:3bb8485e-eea9-4db7-9027-141ee4a85b83,Chris Sharrock,MusicBrainz member relationship
The Icicle Works,Liverpool,member,mb:4bd3bc22-3cae-4d34-9b5f-ed2bac7b1102,Ian McNabb,MusicBrainz member relationship
The Icicle Works,Liverpool,member,mb:866b4549-903a-4d3e-8b52-c5e47beb7f96,Dave Green,MusicBrainz member relationship
The Icicle Works,Liverpool,member,mb:fa6d1fab-dc90-4e76-bdf9-28e06d1010ff,Zak Starkey,MusicBrainz member relationship
The Icicle Works,Liverpool,member,mb:c30a39c3-aa12-4d6b-95a9-fe15700d225e,Roy Corkill,MusicBrainz member relationship
The Icicle Works,Liverpool,member,mb:74451461-f7ff-42c2-bd09-2f926fd8c7e3,Ged Lynch,MusicBrainz member relationship
The Icicle Works,Liverpool,member,mb:156bfae5-c594-47a5-88e6-18b488c1bb53,Dave Baldwin,MusicBrainz member relationship
The Icicle Works,Liverpool,member,mb:78da9bf1-8429-4003-89a2-5c5efa63da7b,Paul Burgess,MusicBrainz member relationship
The Icicle Works,Liverpool,member,mb:198ad2a6-3fc5-4443-b587-15a0c56d5cec,Richard Naiff,MusicBrainz member relationship
The Icicle Works,Liverpool,member,mb:5ce1e9d0-c223-4dbc-8412-77ad21173faa,Mathew Priest,MusicBrainz member relationship
The Incredible String Band,Edinburgh,member,mb:fd810834-868e-484e-8812-14f7ff4619ca,Clive Palmer,MusicBrainz member relationship
The Incredible String Band,Edinburgh,member,mb:447d9aee-4362-4029-b9b7-01f8c6e446c2,Mike Heron,MusicBrainz member relationship
The Incredible String Band,Edinburgh,member,mb:b1bdc345-273f-4f58-b653-2eb6ec76ab74,Robin Williamson,MusicBrainz member relationship
The Incredible String Band,Edinburgh,member,mb:72c5041d-623a-4d94-9eaf-505459c9c790,Rose Simpson,MusicBrainz member relationship
The Incredible String Band,Edinburgh,member,mb:b2e767d7-53ed-4e1b-ba25-4baf22f39f0a,Licorice McKechnie,MusicBrainz member relationship
The Incredible String Band,Edinburgh,member,mb:1e2a33fa-d23a-466c-b429-1e2b275f6a6c,Malcolm Le Maistre,MusicBrainz member relationship
The Incredible String Band,Edinburgh,member,mb:629e96fc-4d70-45ee-9649-04e1096a4204,Gerard Dott,MusicBrainz member relationship
The Incredible String Band,Edinburgh,member,mb:a221c33f-f855-4d23-941b-b30307fe392e,Jack Ingram,MusicBrainz member relationship
The Incredible String Band,Edinburgh,member,mb:ba6b4fa6-4181-493e-821e-4191e268497a,Stan Schnier,MusicBrainz member relationship
The Incredible String Band,Edinburgh,member,mb:d02bf718-212c-4e91-8f0f-e57e2eeb7e9f,Graham Forbes,MusicBrainz member relationship
The Incredible String Band,Edinburgh,member,mb:0e236d88-92ca-41aa-bb1f-3be6ad9dbb0f,John Gilston,MusicBrainz member relationship
The Incredible String Band,Edinburgh,member,mb:c29dcff4-ba68-4db1-b05a-46a0f1e0f7ac,Claire Smith,MusicBrainz member relationship
The Irrepressibles,London,member,mb:ba508a64-bb22-4689-8d06-ace0aac52f13,Jamie Irrepressible,MusicBrainz member relationship
The Jam,London,member,mb:6ee98835-24c2-4d5a-acc5-fb898994b544,Steve Brookes,MusicBrainz member relationship
The Jam,London,member,mb:18f3b19a-eeee-4c02-a856-0a4639a693dd,Bruce Foxton,MusicBrainz member relationship
The Jam,London,member,mb:c4406045-e640-4cfe-8b88-4732cce314d4,Paul Weller,MusicBrainz member relationship
The Jam,London,member,mb:4d69e4c6-62d1-45bf-a3cb-58181b0eb4c5,Rick Buckler,MusicBrainz member relationship
The Jesus and Mary Chain,Glasgow,member,mb:23bb4a17-70b1-4ae8-9f46-fbbfcb868b24,Bobby Gillespie,MusicBrainz member relationship
The Jesus and Mary Chain,Glasgow,member,mb:8906eb6c-9e45-4a7d-8025-bdb344a646e6,Douglas Hart,MusicBrainz member relationship
The Jesus and Mary Chain,Glasgow,member,mb:59e8742f-8011-4aa5-84ce-65db3ca1fef1,Jim Reid,MusicBrainz member relationship
The Jesus and Mary Chain,Glasgow,member,mb:1b5a4471-06cd-4d35-8cb6-c7116bbe901b,William Reid,MusicBrainz member relationship
The Jesus and Mary Chain,Glasgow,member,mb:ea3622b2-7164-42f9-ba22-77e8be6462b4,Martin Hewes,MusicBrainz member relationship
The Jesus and Mary Chain,Glasgow,member,mb:c543a9ef-f361-4e42-96b1-906cfab39889,John Moore,MusicBrainz member relationship
The Jesus and Mary Chain,Glasgow,member,mb:7215e505-6b99-4f26-85fe-ed7d77347ae2,David Evans,MusicBrainz member relationship
The Jesus and Mary Chain,Glasgow,member,mb:294a211a-0688-4327-be51-aedb8b185d14,Ben Lurie,MusicBrainz member relationship
The Jesus and Mary Chain,Glasgow,member,mb:a58e244f-814c-491d-8fb3-44f641ad72ce,Steve Monti,MusicBrainz member relationship
The Jesus and Mary Chain,Glasgow,member,mb:bee38d85-fe86-4ff7-b430-7d63edf9d3e6,Philip King,MusicBrainz member relationship
The Jesus and Mary Chain,Glasgow,member,mb:2739b083-3ba4-48cc-b5c1-6cce5fe0eb6f,Scott Von Ryper,MusicBrainz member relationship
The Jesus and Mary Chain,Glasgow,member,mb:8db96513-5e84-4420-8012-39515b782f5c,Nick Sanderson,MusicBrainz member relationship
The Jesus and Mary Chain,Glasgow,member,mb:2bf708d8-a045-4c22-b1df-aaedf9f8435f,Richard Thomas,MusicBrainz member relationship
The Joy Formidable,Cheshire West and Chester,member,mb:713b6199-3975-4a0b-a994-37cac8e6257f,Justin Stahley,MusicBrainz member relationship
The Joy Formidable,Cheshire West and Chester,member,mb:a04861db-fe92-477f-a7f6-4fa49271f8cb,Ritzy Bryan,MusicBrainz member relationship
The Joy Formidable,Cheshire West and Chester,member,mb:0e758f57-1ef1-4084-b943-cbf88b7752b6,Rhydian Dafydd,MusicBrainz member relationship
The Joy Formidable,Cheshire West and Chester,member,mb:beae0cdb-d7be-476c-8034-8b8f48cf4769,Matt Thomas,MusicBrainz member relationship
The Joy Formidable,Cheshire West and Chester,member,mb:fe9f46dc-597b-4c52-9ff1-8b0e963f5a69,Shy Western,MusicBrainz member relationship
The KLF,London,member,mb:2444b25f-7b85-4ab4-ab2e-474624f08bda,Jimmy Cauty,MusicBrainz member relationship
The KLF,London,member,mb:82b792b6-bfe6-43b2-98c7-9c5a71583f76,Children of the Revolution,MusicBrainz member relationship
The KLF,London,member,mb:8b4d89c7-cdc8-4c1f-8438-0e9d7774be4d,Bill Drummond,MusicBrainz member relationship
The Kinks,London,member,mb:777f554a-21ee-413a-8a77-5d5329df7591,Pete Quaife,MusicBrainz member relationship
The Kinks,London,member,mb:65710ace-d0ea-45eb-afb7-291e6b13bee5,Dave Davies,MusicBrainz member relationship
The Kinks,London,member,mb:afac07f5-d4aa-43f4-bad3-6bc2bb474cba,Ray Davies,MusicBrainz member relationship
The Kinks,London,member,mb:6cbe7f39-d487-42e2-8722-23dc2332ea95,Nicky Hopkins,MusicBrainz member relationship
The Kinks,London,member,mb:4b782d7e-fa42-411f-bb5a-a7c4aeea2c2d,Mick Avory,MusicBrainz member relationship
The Kinks,London,member,mb:3896e4dc-3009-4686-88de-0293ed844e35,John Dalton,MusicBrainz member relationship
The Kinks,London,member,mb:830efa52-4c93-45f8-a38d-5051b2c738af,John Gosling,MusicBrainz member relationship
The Kinks,London,member,mb:65b78e4a-dd50-43ac-81a5-0540490d2aec,Andy Pyle,MusicBrainz member relationship
The Kinks,London,member,mb:d1361659-e02e-4318-a62d-dd87381913aa,Gordon John Edwards,MusicBrainz member relationship
The Kinks,London,member,mb:c671df9a-c39a-4d37-80d5-7b9d2d5f0331,Jim Rodford,MusicBrainz member relationship
The Kinks,London,member,mb:e54c0d7b-be13-4ede-8371-8a69be533eb6,Ian Gibbons,MusicBrainz member relationship
The Kinks,London,member,mb:ef2c4a66-3521-4ee6-9db8-afca1fcf2e79,Bob Henrit,MusicBrainz member relationship
The Kinks,London,member,mb:64434de6-2b3e-467e-9c0d-ae6e94f258e6,Mark Haley,MusicBrainz member relationship
The Kinks,London,member,mb:ddac8871-b0f7-4cc1-9d13-4f17d536f924,John Beecham,MusicBrainz member relationship
The Kooks,Brighton and Hove,member,mb:3bb573ed-3b26-474d-b224-fe6793a80e20,Max Rafferty,MusicBrainz member relationship
The Kooks,Brighton and Hove,member,mb:11260a17-1958-4024-917b-cf3d96caf537,Paul Garred,MusicBrainz member relationship
The Kooks,Brighton and Hove,member,mb:4c8c9858-0c0c-41e2-a654-c317da3ab2a0,Hugh Harris,MusicBrainz member relationship
The Kooks,Brighton and Hove,member,mb:c0f0c51e-5fbc-4806-8ddb-d3359e97e2a2,Luke Pritchard,MusicBrainz member relationship
The Kooks,Brighton and Hove,member,mb:775d2a82-505c-4348-b3d4-2fdf966f4afe,Dan Logan,MusicBrainz member relationship
The Kooks,Brighton and Hove,member,mb:fd608f4e-d79a-40eb-b743-61c21aba4975,Peter Denton,MusicBrainz member relationship
The Kooks,Brighton and Hove,member,mb:a1fbe35b-26dd-4c46-b298-a3f34cca0a6d,Alexis Nunez,MusicBrainz member relationship
The La's,Liverpool,member,mb:2f338a80-cae4-40e8-a0f7-9b5468479e3a,Mike Badger,MusicBrainz member relationship
The La's,Liverpool,member,mb:d1102893-a92b-49ea-9e2c-4ba02eda5bdb,Lee Mavers,MusicBrainz member relationship
The La's,Liverpool,member,mb:b3728729-c8df-49f9-be36-731b8c6d54b8,John Power,MusicBrainz member relationship
The La's,Liverpool,member,mb:3bb8485e-eea9-4db7-9027-141ee4a85b83,Chris Sharrock,MusicBrainz member relationship
The La's,Liverpool,member,mb:64c68fd9-ba0c-447e-89f7-c4f46d5990b5,Peter Camell,MusicBrainz member relationship
The La's,Liverpool,member,mb:f8831690-f063-4109-a7ab-40da1bb6de57,Neil Mavers,MusicBrainz member relationship
The Last Shadow Puppets,Sheffield,member,mb:26afaedd-e99c-45b2-b7f9-6c4c2b33d90c,Miles Kane,MusicBrainz member relationship
The Last Shadow Puppets,Sheffield,member,mb:ee953029-6de8-4c50-8d0f-215a1e4e8dd6,Alex Turner,MusicBrainz member relationship
The Libertines,London,member,mb:de750df5-56b6-4e8e-8696-a5ca101531ec,Carl Barât,MusicBrainz member relationship
The Libertines,London,member,mb:94f6def3-dbfe-403b-bb40-d324c8c13fbb,Peter Doherty,MusicBrainz member relationship
The Libertines,London,member,mb:254b6c7a-0112-4565-9642-359928f0f347,Gary Powell,MusicBrainz member relationship
The Libertines,London,member,mb:301fd0ff-c1d6-4e05-b35f-3964294dd806,John Hassall,MusicBrainz member relationship
The Lightning Seeds,Liverpool,member,mb:45154afb-9a09-41bf-a39c-654c3f497c08,Ian Broudie,MusicBrainz member relationship
The Lightning Seeds,Liverpool,member,mb:23331ba3-3a3a-4744-a0de-a3c3651b89a1,Ali Kane,MusicBrainz member relationship
The Lightning Seeds,Liverpool,member,mb:3bb8485e-eea9-4db7-9027-141ee4a85b83,Chris Sharrock,MusicBrainz member relationship
The Lightning Seeds,Liverpool,member,mb:a4e39ab4-149d-4b1b-a43d-0592df79e4eb,Paul Hemmings,MusicBrainz member relationship
The Lightning Seeds,Liverpool,member,mb:b2fbd614-9273-4edb-a987-b56bf96c4e9c,Martyn Cambell,MusicBrainz member relationship
The Lightning Seeds,Liverpool,member,mb:7d15a41e-f9de-4f57-abbf-2073f4620790,Angie Pollock,MusicBrainz member relationship
The Lightning Seeds,Liverpool,member,mb:5ce1e9d0-c223-4dbc-8412-77ad21173faa,Mathew Priest,MusicBrainz member relationship
The Lightning Seeds,Liverpool,member,mb:6228169a-0b1c-462c-afb4-9df5e84df347,Keith York,MusicBrainz member relationship
The Lightning Seeds,Liverpool,member,mb:fa6d1fab-dc90-4e76-bdf9-28e06d1010ff,Zak Starkey,MusicBrainz member relationship
The Lightning Seeds,Liverpool,member,mb:11f19f0c-a9a4-45dd-83b4-97208d5ef2c5,Paolo Ruiu,MusicBrainz member relationship
The Lightning Seeds,Liverpool,member,mb:9187d8c3-3fc6-4176-ba17-063121f4fb4f,Rob Allum,MusicBrainz member relationship
The Lightning Seeds,Liverpool,member,mb:82c1cde3-4fb7-425b-99df-626c235350b6,Riley Broudie,MusicBrainz member relationship
The Lightning Seeds,Liverpool,member,mb:1aa937b4-ae39-4fc1-8d60-9c3c2ea26e0b,James Bagshaw,MusicBrainz member relationship
The Lightning Seeds,Liverpool,member,mb:ed27f397-cba9-400e-be6a-c864007705fb,Raife Burchell,MusicBrainz member relationship
The Lightning Seeds,Liverpool,member,mb:b218fc03-5fec-4f5a-8f2e-dde31637ae66,Adèle Emmas,MusicBrainz member relationship
The Lightning Seeds,Liverpool,member,mb:4f06c14c-5630-4b5b-9e47-098d86186989,"Baddiel, Skinner & Lightning Seeds",MusicBrainz member relationship
The Longest Johns,Bristol,member,mb:49b03b3d-f589-4dc6-8b88-78356e86779d,Joshua Bowker,MusicBrainz member relationship
The Longest Johns,Bristol,member,mb:19f34957-28e5-4d63-884e-940d6f09b876,Dave Robinson,MusicBrainz member relationship
The Longest Johns,Bristol,member,mb:e15e8d13-9b70-454f-ab6f-52f2d1e62a6c,Jonathan Darley,MusicBrainz member relationship
The Longest Johns,Bristol,member,mb:e7a60cff-cfe1-4d2b-b8c8-75b636c33499,Andy Yates,MusicBrainz member relationship
The Longest Johns,Bristol,member,mb:648a463e-631b-41d3-858e-b218a1c067ac,Robbie Sattin,MusicBrainz member relationship
The Longest Johns,Bristol,member,mb:f18336a5-3a3d-4030-9eff-f0874922c9e3,Anna Cornish,MusicBrainz member relationship
The Maccabees,London,member,mb:adfcb8e7-4d3b-4773-9708-0a5db0bca7f4,Robert Dylan Thomas,MusicBrainz member relationship
The Maccabees,London,member,mb:95e29716-0d37-46d8-979a-05ec90be4c7a,Rupert Jarvis,MusicBrainz member relationship
The Maccabees,London,member,mb:7dcdd06f-4927-4855-a4a9-2f2e4991bbec,Orlando Weeks,MusicBrainz member relationship
The Maccabees,London,member,mb:25494573-5939-4635-a144-b9fa3a22d4de,Felix White,MusicBrainz member relationship
The Maccabees,London,member,mb:2bb27f6f-4c49-4335-a71f-18fbd6d6d3f3,Hugo White,MusicBrainz member relationship
The Maccabees,London,member,mb:917f6e3d-e20a-4ac2-9f2c-f66baa919e68,Sam Doyle,MusicBrainz member relationship
The Magic Numbers,London,member,mb:8c43641a-a632-4775-a103-06c5387de63d,Angela Gannon,MusicBrainz member relationship
The Magic Numbers,London,member,mb:0b05e5ec-2528-403d-8fde-71bb81c393cd,Sean Gannon,MusicBrainz member relationship
The Magic Numbers,London,member,mb:4bf9fd11-82c7-48f6-80b7-e6d109d0bf84,Michele Stodart,MusicBrainz member relationship
The Magic Numbers,London,member,mb:609b9ccd-40a9-44fd-a290-9600f2a123ac,Romeo Stodart,MusicBrainz member relationship
The Moody Blues,Birmingham,member,mb:c20b66ee-5f30-4346-b648-23979ddc61f8,Denny Laine,MusicBrainz member relationship
The Moody Blues,Birmingham,member,mb:88755512-6a3e-4053-914e-85bd955d6625,Clint Warwick,MusicBrainz member relationship
The Moody Blues,Birmingham,member,mb:bcbae02d-5df0-4028-9999-8efebf1d0e72,Mike Pinder,MusicBrainz member relationship
The Moody Blues,Birmingham,member,mb:98d71fda-06f5-4127-a660-ccb1b811b1f0,Ray Thomas,MusicBrainz member relationship
The Moody Blues,Birmingham,member,mb:3ed18796-9eb5-40ad-b08a-bdc8972da738,Graeme Edge,MusicBrainz member relationship
The Moody Blues,Birmingham,member,mb:01f64ab7-e117-4986-8547-04754cde433c,Rodney Clark,MusicBrainz member relationship
The Moody Blues,Birmingham,member,mb:c113d7a7-2b22-49dc-886b-366ee68577cb,Justin Hayward,MusicBrainz member relationship
The Moody Blues,Birmingham,member,mb:c02a487f-4800-4fa9-864a-85c548c2498d,John Lodge,MusicBrainz member relationship
The Moody Blues,Birmingham,member,mb:c872ab10-fd12-41cc-a6a0-8d1ac7263125,Patrick Moraz,MusicBrainz member relationship
The Moody Blues,Birmingham,member,mb:7c8bf508-c806-49a4-b5ec-d95919bfc441,Bias Boshell,MusicBrainz member relationship
The Moody Blues,Birmingham,member,mb:c025ce10-9629-4860-b99a-f51e39a9e236,Janis Liebhart,MusicBrainz member relationship
The Moody Blues,Birmingham,member,mb:a38a74d0-d652-4785-afc2-afb4b6162e65,Wendy McKenzie,MusicBrainz member relationship
The Moody Blues,Birmingham,member,mb:3bc26e8d-28d4-4021-a699-3b26645de2db,Guy Allison,MusicBrainz member relationship
The Moody Blues,Birmingham,member,mb:26764053-7e0d-4947-b01d-ac304e0e0223,Shaun Murphy,MusicBrainz member relationship
The Moody Blues,Birmingham,member,mb:48f6e698-93bb-4f17-bcb2-78f193b4c0c4,Naomi Star,MusicBrainz member relationship
The Moody Blues,Birmingham,member,mb:fa41ce1d-f3ef-4bda-ad5a-a3c60eb60633,Bekka Bramlett,MusicBrainz member relationship
The Moody Blues,Birmingham,member,mb:27b5e46d-5c3d-4fac-a66b-360daa133f0d,Terry Wood,MusicBrainz member relationship
The Moody Blues,Birmingham,member,mb:e4175414-e4f6-4b4c-94d4-51304c60ac02,Paul Bliss,MusicBrainz member relationship
The Moody Blues,Birmingham,member,mb:a01e71d2-4642-4270-b1d6-edcd34ddaaa6,Gordon Marshall,MusicBrainz member relationship
The Moody Blues,Birmingham,member,mb:7eb7f0b2-f9d6-4686-acd4-75ce6fc9d619,June Boyce,MusicBrainz member relationship
The Moody Blues,Birmingham,member,mb:d8219fd9-2d29-43d2-a200-e4127ecb97fe,Susan Shattock,MusicBrainz member relationship
The Moody Blues,Birmingham,member,mb:45232bdf-02e1-41e2-98f7-587a444a2c95,Tracy Graham,MusicBrainz member relationship
The Moody Blues,Birmingham,member,mb:bf3ed201-a93b-46dc-8730-bac454a9616d,Bernie Barlow,MusicBrainz member relationship
The Moody Blues,Birmingham,member,mb:ab89125b-1d7e-484a-96b5-4f35ba9fce71,Norda Mullen,MusicBrainz member relationship
The Moody Blues,Birmingham,member,mb:7ff9871d-a98c-4f9e-87c7-8faef2c71bfd,Julie Ragins,MusicBrainz member relationship
The Moody Blues,Birmingham,member,mb:bd3bc8a3-c5f4-47f6-9a64-317f76eb70a9,Alan Hewitt,MusicBrainz member relationship
The Move,Birmingham,member,mb:57b34f77-949f-496d-9930-1b4598ec4af7,Ace Kefford,MusicBrainz member relationship
The Move,Birmingham,member,mb:b754ec2b-0dec-4dc0-887d-4960ef05c6d9,Trevor Burton,MusicBrainz member relationship
The Move,Birmingham,member,mb:76907faf-f81e-45c2-b5ae-4dd92a0802f7,Carl Wayne,MusicBrainz member relationship
The Move,Birmingham,member,mb:83cf78c3-c802-4d7e-aed6-65a354dbfdb0,Bev Bevan,MusicBrainz member relationship
The Move,Birmingham,member,mb:9b39603c-0bdf-4697-86d2-fdd3498b4c0e,Roy Wood,MusicBrainz member relationship
The Move,Birmingham,member,mb:372304d0-5e6a-4030-bc2b-09bdb0ee8abb,Jeff Lynne,MusicBrainz member relationship
The Move,Birmingham,member,mb:47d37e2f-d7ef-4747-8f49-8cac7694fbd0,Rick Price,MusicBrainz member relationship
The Orb,London,member,mb:c8cfef4b-c607-4e24-8d47-5b3fddecad71,Tim Bran,MusicBrainz member relationship
The Orb,London,member,mb:0a921c39-dc03-4334-b8e6-063a8e156f14,Nick Burton,MusicBrainz member relationship
The Orb,London,member,mb:2444b25f-7b85-4ab4-ab2e-474624f08bda,Jimmy Cauty,MusicBrainz member relationship
The Orb,London,member,mb:684deffa-69ef-41a0-9ddf-66ca137a7052,Andy Falconer,MusicBrainz member relationship
The Orb,London,member,mb:3970056e-1c2a-4556-815b-010c3acad220,Thomas Fehlmann,MusicBrainz member relationship
The Orb,London,member,mb:beffec12-3c55-4a31-a666-2726c1f173c1,Paul Ferguson,MusicBrainz member relationship
The Orb,London,member,mb:64972177-88db-4c71-9c7b-46dd4874f3a2,Martin Glover,MusicBrainz member relationship
The Orb,London,member,mb:3b0b5586-d96a-47d3-a299-bd611416aa1c,Andy Hughes,MusicBrainz member relationship
The Orb,London,member,mb:573599b7-6d5e-4bd6-902a-9a3b2baa1509,Lewis Keogh,MusicBrainz member relationship
The Orb,London,member,mb:8f401b67-5407-4537-8afa-7158067f94ce,Fil Le Gonidec,MusicBrainz member relationship
The Orb,London,member,mb:8207564b-d26e-4b60-a952-044d2520ba8a,Dr Alex Paterson,MusicBrainz member relationship
The Orb,London,member,mb:9ff95d9a-a8e1-426a-9229-93100f6bcef6,Simon Phillips,MusicBrainz member relationship
The Orb,London,member,mb:c6e89016-d3cb-4272-9945-de0ec123645e,Guy Pratt,MusicBrainz member relationship
The Orb,London,member,mb:24dc7f4c-13fc-44f0-aac2-fbcb74be5879,John Roome,MusicBrainz member relationship
The Orb,London,member,mb:fa04f759-2ec1-4a8a-b16c-a5c720e7fcd0,Kris Weston,MusicBrainz member relationship
The Orb,London,member,mb:6228169a-0b1c-462c-afb4-9df5e84df347,Keith York,MusicBrainz member relationship
The Ordinary Boys,Worthing,member,mb:05d9104f-ba2d-410d-9ef9-1725ba7f3a4f,Samuel Preston,MusicBrainz member relationship
The Ordinary Boys,Worthing,member,mb:dce49ace-a749-4586-a1b3-21b3d1426a6f,William J. Brown,MusicBrainz member relationship
The Ordinary Boys,Worthing,member,mb:4a0e50e5-9449-4094-acf4-45d389a87b52,James Gregory,MusicBrainz member relationship
The Ordinary Boys,Worthing,member,mb:775d2a82-505c-4348-b3d4-2fdf966f4afe,Dan Logan,MusicBrainz member relationship
The Outfield,Manchester,member,mb:6dba40e1-1856-4df5-b33e-dec5df23b9a0,John Spinks,MusicBrainz member relationship
The Outfield,Manchester,member,mb:be400390-fc05-4906-8e15-1342da0e8e1b,Tony Lewis,MusicBrainz member relationship
The Overtones,London,member,mb:2dc8bcb0-b5f1-49ea-9b4b-41d6e6f41737,Jay James Picton,MusicBrainz member relationship
The Overtones,London,member,mb:e0a4fae7-db13-421d-810a-2ebe5012a12f,Timmy Matley,MusicBrainz member relationship
The Overtones,London,member,mb:f5d87f04-0a13-414b-a71d-dca4ff27b954,Lachie Chapman,MusicBrainz member relationship
The Overtones,London,member,mb:a9f83f06-5925-410a-88bf-ae4731584f29,Mike Crawshaw,MusicBrainz member relationship
The Overtones,London,member,mb:41ef3eff-32af-4120-93b3-4b8a3a29e3c1,Darren Everest,MusicBrainz member relationship
The Overtones,London,member,mb:d6cdd618-6896-4162-a786-c8ecf8ba976d,Mark Franks,MusicBrainz member relationship
The Pigeon Detectives,Leeds,member,mb:1dd96462-70e6-4609-b28d-3820e17c0dc4,David Best,MusicBrainz member relationship
The Pigeon Detectives,Leeds,member,mb:8fe66097-c81e-481b-b69d-47a46f435611,Matt Bowman,MusicBrainz member relationship
The Pigeon Detectives,Leeds,member,mb:c32661ea-1328-4d73-862f-0a4400f537a8,Matthew Bowman,MusicBrainz member relationship
The Pigeon Detectives,Leeds,member,mb:555482bd-b3cb-48fb-aae9-4dfff4270ffe,Oliver Main,MusicBrainz member relationship
The Pigeon Detectives,Leeds,member,mb:ad1e9305-5988-4c15-9705-fe9fdf2648fa,Jimmi Naylor,MusicBrainz member relationship
The Pigeon Detectives,Leeds,member,mb:66d8f4c9-84ac-4c1e-a4c1-cd664a8e5f8d,Ryan Wilson,MusicBrainz member relationship
The Police,London,member,mb:d9ed9990-e259-49b7-9084-e8f84780fc89,Henry Padovani,MusicBrainz member relationship
The Police,London,member,mb:885ae336-ef63-465d-a0e7-bdc0a5b788e8,Stewart Copeland,MusicBrainz member relationship
The Police,London,member,mb:7944ed53-2a58-4035-9b93-140a71e41c34,Sting,MusicBrainz member relationship
The Police,London,member,mb:7d81816f-200c-47d3-a71d-4421b3185d45,Andy Summers,MusicBrainz member relationship
The Pretty Things,London,member,mb:7c69757e-c2ee-439f-bbf9-9422283290f3,Brian Pendleton,MusicBrainz member relationship
The Pretty Things,London,member,mb:84e882b6-3e99-43be-a2bb-ebffd83aa4c8,Phil May,MusicBrainz member relationship
The Pretty Things,London,member,mb:79da3a8c-00c6-4fa7-9578-34e17e06d04d,Dick Taylor,MusicBrainz member relationship
The Pretty Things,London,member,mb:5abad7e3-03aa-4080-894b-7f929f767655,Viv Prince,MusicBrainz member relationship
The Pretty Things,London,member,mb:ebb1fe3f-9c0d-4cee-a146-912a15bb6718,Skip Alan,MusicBrainz member relationship
The Pretty Things,London,member,mb:19dc166a-4da7-49a8-8ebc-97b9d172d37b,Jon Povey,MusicBrainz member relationship
The Pretty Things,London,member,mb:51838f82-8465-4ac6-a8a6-bfbf7f0f4e51,Wally Waller,MusicBrainz member relationship
The Pretty Things,London,member,mb:cecbd407-1062-466c-a1d0-b0e410154e8f,Twink,MusicBrainz member relationship
The Pretty Things,London,member,mb:3c92d34e-e8d9-472a-8f60-9ac1c11162f3,Victor Unitt,MusicBrainz member relationship
The Pretty Things,London,member,mb:80c6e73b-107a-4473-9b82-ca4ea467c6b5,Pete Tolson,MusicBrainz member relationship
The Pretty Things,London,member,mb:d1361659-e02e-4318-a62d-dd87381913aa,Gordon John Edwards,MusicBrainz member relationship
The Pretty Things,London,member,mb:ada2b416-890a-4c12-a4a9-b47447dec780,Jack Green,MusicBrainz member relationship
The Pretty Things,London,member,mb:d284a86e-036e-4f10-9376-c96e2b2f4ada,George Woosey,MusicBrainz member relationship
The Pretty Things,London,member,mb:22c9f639-4f94-485f-ba92-51dfcb12f220,John Stax,MusicBrainz member relationship
The Psychedelic Furs,London,member,mb:edd7b499-5c66-4c5a-aac3-0cd77abc534d,Duncan Kilburn,MusicBrainz member relationship
The Psychedelic Furs,London,member,mb:df26e387-c318-4581-8098-0bec15091069,Vince Ely,MusicBrainz member relationship
The Psychedelic Furs,London,member,mb:b146ee7d-c823-4d68-bd88-ea6e43bd076c,Amanda Kramer,MusicBrainz member relationship
The Psychedelic Furs,London,member,mb:e757023b-82fb-4974-95eb-5d57ebbca659,John Ashton,MusicBrainz member relationship
The Psychedelic Furs,London,member,mb:acd5167c-cd59-488d-908f-32e61109ead5,Ed Buller,MusicBrainz member relationship
The Psychedelic Furs,London,member,mb:ba5c9214-339a-4d76-b266-931bfa42e15b,Richard Butler,MusicBrainz member relationship
The Psychedelic Furs,London,member,mb:e0d00e01-60b0-4e58-ace5-49c1c8d1adf0,Tim Butler,MusicBrainz member relationship
The Psychedelic Furs,London,member,mb:47be0505-503d-40f8-9d9f-13d5402cfc62,Joe McGinty,MusicBrainz member relationship
The Psychedelic Furs,London,member,mb:60e853e1-eb3e-4ce2-91ed-81a57a9e4632,Roger Morris,MusicBrainz member relationship
The Psychedelic Furs,London,member,mb:e17b45fc-24ba-4fb0-ba56-e8301f4a6297,Mars Williams,MusicBrainz member relationship
The Qemists,Brighton and Hove,member,mb:52863aa4-a5ca-4304-b25f-1e6206a5b055,Dan Arnold,MusicBrainz member relationship
The Qemists,Brighton and Hove,member,mb:cdebc1d3-41d5-479a-8ed1-288877fe026c,Liam Black,MusicBrainz member relationship
The Qemists,Brighton and Hove,member,mb:6a280589-54e4-4286-aca9-2ac38703223a,Leon Harris,MusicBrainz member relationship
The Quireboys,London,member,mb:2a818e9d-5a8b-431a-bbca-14d40226811f,Ginger Wildheart,MusicBrainz member relationship
The Quireboys,London,member,mb:29f72544-3c5e-4520-bd1b-f133f40b5cef,Guy Griffin,MusicBrainz member relationship
The Quireboys,London,member,mb:41750d6e-17cc-4028-9d87-44fe85177e59,Paul Guerin,MusicBrainz member relationship
The Quireboys,London,member,mb:6e0598d4-57eb-488d-bed3-3f26e8f812c0,Phil Martini,MusicBrainz member relationship
The Quireboys,London,member,mb:24055426-e1a2-4886-9435-f296c7a8d2eb,Nigel Mogg,MusicBrainz member relationship
The Quireboys,London,member,mb:327fcbfe-d5a9-4955-9bcf-ae8355fe5111,Spike,MusicBrainz member relationship
The Quireboys,London,member,mb:fb6f6af4-a4e4-495c-a930-4f5af991a9fc,Keith Weir,MusicBrainz member relationship
The Quireboys,London,member,mb:697f4362-fc6c-42b1-ace7-c88b64959e44,Guy Bailey,MusicBrainz member relationship
The Rakes,London,member,mb:02d090d9-e27b-49d4-83c1-c09cee0dca9c,Lasse Scheufens Petersen,MusicBrainz member relationship
The Rakes,London,member,mb:12ea1095-4c8c-431f-a7b8-967cc36ebcd1,Alan Donohoe,MusicBrainz member relationship
The Rakes,London,member,mb:b8e9e415-8b16-4f65-a308-ca6e3882dd85,Matthew Swinnerton,MusicBrainz member relationship
The Raven Age,London,member,mb:abf4ef23-6830-4ff8-a585-a724605ed74c,George Harris,MusicBrainz member relationship
The Raven Age,London,member,mb:a79b7003-260a-45b9-8679-9d2a162dac29,Matt Cox,MusicBrainz member relationship
The Raven Age,London,member,mb:e8de3c94-3c11-4b96-8219-1880dce6cac5,Jai Patel,MusicBrainz member relationship
The Raven Age,London,member,mb:d725d375-5ad7-4a35-8186-2d0244a692e3,Matt Polley,MusicBrainz member relationship
The Real Thing,Liverpool,member,mb:3d024aea-7e8b-4539-bd46-b6c8ce34bd7b,Chris Amoo,MusicBrainz member relationship
The Real Thing,Liverpool,member,mb:dc3a4d13-9fa3-4c4a-bc01-a3f3973f221e,Eddie Amoo,MusicBrainz member relationship
The Rezillos,Edinburgh,member,mb:d45e5fba-2475-4c2a-ad8a-085a53b83f87,Jo Callis,MusicBrainz member relationship
The Rezillos,Edinburgh,member,mb:5cd41e93-616d-4663-8438-4adab6e172f0,Fay Fife,MusicBrainz member relationship
The Rezillos,Edinburgh,member,mb:e71f0a4f-08fe-44b7-870a-cd63c2fdd7e1,Mark Harris,MusicBrainz member relationship
The Rezillos,Edinburgh,member,mb:f32b40d8-d3cb-4bf6-866f-76571559a030,Sheila Hynd,MusicBrainz member relationship
The Rezillos,Edinburgh,member,mb:d119244d-bc49-4afa-892a-b7d280991764,Eugene Reynolds,MusicBrainz member relationship
The Rifles,London,member,mb:558a517f-d1f9-495f-a62f-1ec014cba1a0,Joel Stoker,MusicBrainz member relationship
The Rolling Stones,London,member,mb:79da3a8c-00c6-4fa7-9578-34e17e06d04d,Dick Taylor,MusicBrainz member relationship
The Rolling Stones,London,member,mb:0d69ebbe-02bb-43a7-bee2-47d6c098bc6b,Tony Chapman,MusicBrainz member relationship
The Rolling Stones,London,member,mb:a704bc81-1d32-4b21-a1fd-ffaa6a1d86e1,Brian Jones,MusicBrainz member relationship
The Rolling Stones,London,member,mb:c13e1fe3-27e9-480f-b3b3-8bbb594c18ee,Ian Stewart,MusicBrainz member relationship
The Rolling Stones,London,member,mb:b5ffc3aa-b868-4b88-905f-d73d51dbe51c,Mick Jagger,MusicBrainz member relationship
The Rolling Stones,London,member,mb:f0ed72a3-ae8f-4cf7-b51d-2696a2330230,Keith Richards,MusicBrainz member relationship
The Rolling Stones,London,member,mb:4b782d7e-fa42-411f-bb5a-a7c4aeea2c2d,Mick Avory,MusicBrainz member relationship
The Rolling Stones,London,member,mb:2d33fef2-f1c4-4123-af0e-12fd690b3687,Bill Wyman,MusicBrainz member relationship
The Rolling Stones,London,member,mb:f581a3dc-3319-4656-8b97-66d560482f4a,Charlie Watts,MusicBrainz member relationship
The Rolling Stones,London,member,mb:c7a99436-6da3-4190-8ce7-9cd44d62fcd4,Mick Taylor,MusicBrainz member relationship
The Rolling Stones,London,member,mb:92ed8183-8f22-42b2-af4e-d44137610fa0,Ronnie Wood,MusicBrainz member relationship
The Rumble Strips,Plymouth,member,mb:629ed9cc-ce26-44bb-b372-fa278facc991,Sam Mansbridge,MusicBrainz member relationship
The Rumble Strips,Plymouth,member,mb:ef96c0a5-6c55-4340-87d7-86f2f2295630,Henry Clark,MusicBrainz member relationship
The Rumble Strips,Plymouth,member,mb:45232f81-67d9-4614-bec7-cf023f0e9920,Tom Gorbutt,MusicBrainz member relationship
The Rumble Strips,Plymouth,member,mb:58b526f0-7b93-418d-b59d-e32ea8e730dc,Charlie Waller,MusicBrainz member relationship
The Rumble Strips,Plymouth,member,mb:45355bdc-91b6-4749-99fe-ee2477c65868,Matthew Wheeler,MusicBrainz member relationship
The Saturdays,London,member,mb:3daee4b1-76d8-4c31-885d-fad1117f1369,Una Healy,MusicBrainz member relationship
The Saturdays,London,member,mb:536123da-02ef-48a1-afe9-d509396fe758,Mollie King,MusicBrainz member relationship
The Saturdays,London,member,mb:4d4d162c-9e2a-401d-8aaf-fc72f7d4e48a,Frankie Sandford,MusicBrainz member relationship
The Saturdays,London,member,mb:573f9b77-6653-4643-8b0d-08d2ab771def,Vanessa White,MusicBrainz member relationship
The Saturdays,London,member,mb:ed1c6074-623a-46e2-96e3-de9ee5040002,Rochelle Wiseman,MusicBrainz member relationship
The Seahorses,York,member,mb:6bc586c3-90f2-4d6d-a117-5dabfff877d3,Andy Watts,MusicBrainz member relationship
The Seahorses,York,member,mb:9b841c89-97e5-4478-98c4-642ba1a9482c,Stuart Fletcher,MusicBrainz member relationship
The Seahorses,York,member,mb:0fc59ffb-a83d-423d-ab59-8f813a786634,Mark Heaney,MusicBrainz member relationship
The Seahorses,York,member,mb:02be61e3-7a6d-4961-8ecc-f0f8cb91fc43,Chris Helme,MusicBrainz member relationship
The Seahorses,York,member,mb:a5fe0213-6f08-4369-8f16-5d15b329e56d,John Squire,MusicBrainz member relationship
The Searchers,Liverpool,member,mb:c05eae95-d5a9-48a5-8928-792f820d9abb,Johnny Sandon,MusicBrainz member relationship
The Searchers,Liverpool,member,mb:d6893e34-eb6f-4291-9e85-84debd846638,Frank Allen,MusicBrainz member relationship
The Searchers,Liverpool,member,mb:09993f99-027b-4992-ab89-63b05e16d0a6,Chris Curtis,MusicBrainz member relationship
The Searchers,Liverpool,member,mb:4efaf121-50dd-4735-af6e-bc8a2d102647,Tony Jackson,MusicBrainz member relationship
The Searchers,Liverpool,member,mb:ca7408d4-ae6f-404a-afd6-1b510f84662b,John McNally,MusicBrainz member relationship
The Searchers,Liverpool,member,mb:d7c97269-5d2a-4d83-83ac-9c5e0f2f2c1a,Mike Pender,MusicBrainz member relationship
The Searchers,Liverpool,member,mb:f5fed095-ee8d-4d1e-ada3-c71951cf9e16,Shorty Rogers,MusicBrainz member relationship
The Selecter,Coventry,member,mb:e9a6b0b1-cdad-4758-ada7-8454283f611a,Perry Melius,MusicBrainz member relationship
The Selecter,Coventry,member,mb:0d36ad79-1e16-43ad-a972-60bbf88388ad,Charley Anderson,MusicBrainz member relationship
The Selecter,Coventry,member,mb:dd9869b4-1b06-4e09-b033-8d048e0366c6,Charlie Anderson,MusicBrainz member relationship
The Selecter,Coventry,member,mb:b1e56f25-dd0d-47ff-ba80-98207bb99ba3,Charlie 'H' Bembridge,MusicBrainz member relationship
The Selecter,Coventry,member,mb:17ed12c7-a9dc-43e5-81e0-ebee2504c0c9,Pauline Black,MusicBrainz member relationship
The Selecter,Coventry,member,mb:7904284f-67cd-4018-9a90-8696a5c9b01a,John Bradbury,MusicBrainz member relationship
The Selecter,Coventry,member,mb:a6a83a73-c920-4090-a92d-a89435b3f4f9,Desmond Brown,MusicBrainz member relationship
The Selecter,Coventry,member,mb:dac7a8cf-c9a9-43cc-82b7-f1fd420405a8,Greg Coulson,MusicBrainz member relationship
The Selecter,Coventry,member,mb:1c326ebe-9694-4f09-be4b-1fe8e1511d61,Neol Davies,MusicBrainz member relationship
The Selecter,Coventry,member,mb:26adfcd0-5344-44e1-bccd-9e4d7b8612d4,Anthony Harty,MusicBrainz member relationship
The Selecter,Coventry,member,mb:3d483acf-4788-451a-bf62-81652d978efe,Orlando LaRose,MusicBrainz member relationship
The Selecter,Coventry,member,mb:7d50acc8-6112-49ab-9259-d6a3e889459d,Winston Marche,MusicBrainz member relationship
The Selecter,Coventry,member,mb:1f16d47a-4404-4395-886c-27ba5eba594b,Neil Pyzer,MusicBrainz member relationship
The Selecter,Coventry,member,mb:8336c5bb-faac-43a7-ba1b-58d34fb661de,Martin Stewart,MusicBrainz member relationship
The Selecter,Coventry,member,mb:5ae20fac-fee6-478b-b4b0-4e207a32388e,John Thompson,MusicBrainz member relationship
The Selecter,Coventry,member,mb:0fca282f-4b43-4a53-8560-8b2be58cffc4,Nick Welsh,MusicBrainz member relationship
The Selecter,Coventry,member,mb:fa80eb19-01ef-4d0d-b0f4-eb41292a78fd,Arthur 'Gaps' Hendrickson,MusicBrainz member relationship
The Shapeshifters,London,member,mb:8aa2bc81-0a45-4c42-a685-4dd563ef6316,Simon Marlin,MusicBrainz member relationship
The Shapeshifters,London,member,mb:f35f1c27-343b-4eaf-add7-40bc95719b86,Max Reich,MusicBrainz member relationship
The Slits,London,member,mb:806139a2-556b-45d8-bc5e-93e3d898e4ad,Hollie Cook,MusicBrainz member relationship
The Slits,London,member,mb:abb91956-daec-46e2-9a72-115f7e01f461,Viv Albertine,MusicBrainz member relationship
The Slits,London,member,mb:e5e714af-bf47-4569-868d-f7530e93fa9c,Budgie,MusicBrainz member relationship
The Slits,London,member,mb:527c65d1-9fdb-4482-8796-dde2980bd63a,Neneh Cherry,MusicBrainz member relationship
The Slits,London,member,mb:12cab771-7cb5-4dc6-9f07-f622abf75915,Kate Korris,MusicBrainz member relationship
The Slits,London,member,mb:e714dc21-11e0-4205-b114-f3b3018c2c74,Palmolive,MusicBrainz member relationship
The Slits,London,member,mb:cd56cc4e-2793-4f06-9639-db4d2c861c53,Anna Schulte,MusicBrainz member relationship
The Slits,London,member,mb:bb92f697-681a-409f-a5c2-1e5e52520e07,Bruce Smith,MusicBrainz member relationship
The Slits,London,member,mb:e08d8694-5dd0-4aae-864e-86811c6712e9,Ari Up,MusicBrainz member relationship
The Slow Show,Manchester,member,mb:46a44a25-3156-4980-b513-e794247a85fb,GOODWIN,MusicBrainz member relationship
The Slow Show,Manchester,member,mb:d89be1ec-0bd3-407c-a482-926d7b33ea6a,Frederik 't Kindt,MusicBrainz member relationship
The Smiths,Manchester,member,mb:8857d5ee-fd54-46e9-bbc3-33591e11a35b,Dale Hibbert,MusicBrainz member relationship
The Smiths,Manchester,member,mb:871eb71d-e0ad-4c4b-80ae-6b06dee6cabe,Mike Joyce,MusicBrainz member relationship
The Smiths,Manchester,member,mb:ff621094-2a76-401f-8398-b75b5fd2be24,Johnny Marr,MusicBrainz member relationship
The Smiths,Manchester,member,mb:013fa897-86db-41d3-8e9f-386c8a34f4e6,Morrissey,MusicBrainz member relationship
The Smiths,Manchester,member,mb:39ca91ba-e7b9-4e23-b0f0-1bed9d806810,Andy Rourke,MusicBrainz member relationship
The Smiths,Manchester,member,mb:856ee0fb-8378-4f59-9e42-365e8c7f7425,Craig Gannon,MusicBrainz member relationship
The Sound,London,member,mb:aa186a7f-e953-45af-ad87-6a38fe44507b,Graham Bailey,MusicBrainz member relationship
The Sound,London,member,mb:7ba9565d-dc78-4616-b1c2-9c6191d3b5cc,Adrian Borland,MusicBrainz member relationship
The Sound,London,member,mb:4f5b13db-4f6a-4d3e-b4bc-ee869f7ae0ed,Michael Dudley,MusicBrainz member relationship
The Sound,London,member,mb:d29183c6-1987-4872-87d4-a05393c57b5e,Colvin Mayers,MusicBrainz member relationship
The Soup Dragons,Glasgow,member,mb:f51946e6-e785-43be-88b1-c749ebfdbcb7,Sushil K. Dade,MusicBrainz member relationship
The Soup Dragons,Glasgow,member,mb:f2c822a7-9492-4f5c-8f03-a1c5e1528bde,Sean Dickson,MusicBrainz member relationship
The Soup Dragons,Glasgow,member,mb:3a1d04c2-961a-44b4-a4aa-b8c59e8f4bc8,Mickey Finn,MusicBrainz member relationship
The Soup Dragons,Glasgow,member,mb:0eb6bc4b-feca-41ff-8c77-41da03cc758d,Jim McCulloch,MusicBrainz member relationship
The Soup Dragons,Glasgow,member,mb:ec558ca2-811c-47b8-b671-b23a826d6f5e,Paul Quinn,MusicBrainz member relationship
The Soup Dragons,Glasgow,member,mb:9fbfff48-6204-4e76-914c-754f39ce1edd,Ross Sinclair,MusicBrainz member relationship
The Specials,Coventry,member,mb:831a9925-d580-445b-a982-808aa925da31,Terry Hall,MusicBrainz member relationship
The Specials,Coventry,member,mb:7904284f-67cd-4018-9a90-8696a5c9b01a,John Bradbury,MusicBrainz member relationship
The Specials,Coventry,member,mb:e8936d6d-1da4-46d0-ad06-cc7a36731065,Dick Cuthell,MusicBrainz member relationship
The Specials,Coventry,member,mb:a582c67f-106c-4e31-85a1-f7513941c1f0,Jerry Dammers,MusicBrainz member relationship
The Specials,Coventry,member,mb:b1747f37-6100-4d1f-8b52-a090db811979,Lynval Golding,MusicBrainz member relationship
The Specials,Coventry,member,mb:11150295-1e20-4078-bff6-38881e6cf491,Horace Panter,MusicBrainz member relationship
The Specials,Coventry,member,mb:4b77ee87-f413-42cb-860e-854c5e7b3a5a,Roddy Radiation,MusicBrainz member relationship
The Specials,Coventry,member,mb:48910ede-518a-40ee-9df9-3535be4c68d5,Rico Rodriguez,MusicBrainz member relationship
The Specials,Coventry,member,mb:59e4e566-a607-46ea-8522-715d3cb378e3,Neville Staple,MusicBrainz member relationship
The Specials,Coventry,member,mb:929ee655-ab77-4f11-b333-19d4eb6a88df,Mark Adams,MusicBrainz member relationship
The Spencer Davis Group,Birmingham,member,mb:ccd49d2f-1f38-4253-a808-56866a8322be,Jim Blazer,MusicBrainz member relationship
The Spencer Davis Group,Birmingham,member,mb:2736915a-76e6-43fe-af9a-2774c7720786,Spencer Davis,MusicBrainz member relationship
The Spencer Davis Group,Birmingham,member,mb:221c479f-a432-4803-9de2-721a70abc395,Ray Fenwick,MusicBrainz member relationship
The Spencer Davis Group,Birmingham,member,mb:7dca4fb6-6097-4e91-a2dd-f4e2a3ce3c01,John Gustafson,MusicBrainz member relationship
The Spencer Davis Group,Birmingham,member,mb:7c5691d1-2322-4b6e-a8d4-115b93ffceff,Eddie Hardin,MusicBrainz member relationship
The Spencer Davis Group,Birmingham,member,mb:e21a5452-bf93-435e-a8c3-583d55924c3b,Colin Hodgkinson,MusicBrainz member relationship
The Spencer Davis Group,Birmingham,member,mb:f0f8e579-c687-45bb-9cda-38ffcd2aa390,Richard McCracken,MusicBrainz member relationship
The Spencer Davis Group,Birmingham,member,mb:e4bdbd9a-c345-4f4b-9a0e-60dc4b486406,Dee Murray,MusicBrainz member relationship
The Spencer Davis Group,Birmingham,member,mb:cc1c5ad9-1ee0-4f83-bd2f-d7f66a4ebdf0,Nigel Olsson,MusicBrainz member relationship
The Spencer Davis Group,Birmingham,member,mb:c06b98cb-daea-4339-8e48-6f14936f1481,Phil Sawyer,MusicBrainz member relationship
The Spencer Davis Group,Birmingham,member,mb:ebbf3940-233a-4414-9c05-b6cdc42dfc1b,Muff Winwood,MusicBrainz member relationship
The Spencer Davis Group,Birmingham,member,mb:885f90ef-6bd9-409a-b2df-e165e553c68e,Steve Winwood,MusicBrainz member relationship
The Spencer Davis Group,Birmingham,member,mb:7d037c90-1be4-484d-a129-80da9db479fc,Pete York,MusicBrainz member relationship
The Staves,London,member,mb:83498359-6625-409c-b41e-46f4229671c7,Camilla Staveley-Taylor,MusicBrainz member relationship
The Staves,London,member,mb:fc88bb87-05cd-41d7-8a01-a8a8c413c74b,Emily Staveley-Taylor,MusicBrainz member relationship
The Staves,London,member,mb:bc426e1a-2dfb-4f53-9f6d-22d360aeb169,Jessica Staveley-Taylor,MusicBrainz member relationship
The Stone Roses,Manchester,member,mb:2ae810cd-b0eb-4feb-aa60-5d5a1d7c2dbe,The Rub,MusicBrainz member relationship
The Stone Roses,Manchester,member,mb:6f78f4f2-1c23-4d03-9b05-87a9e433bc4e,Aziz Ibrahim,MusicBrainz member relationship
The Stone Roses,Manchester,member,mb:a5fe0213-6f08-4369-8f16-5d15b329e56d,John Squire,MusicBrainz member relationship
The Stone Roses,Manchester,member,mb:182d5d8a-94c7-4ef4-8222-a1838353a37b,Ian Brown,MusicBrainz member relationship
The Stone Roses,Manchester,member,mb:3cc5d43f-4d2d-4eb5-9d60-52a1ab60715d,Reni,MusicBrainz member relationship
The Stone Roses,Manchester,member,mb:beeba97d-13da-4f78-98e0-a810f169e11a,Mani,MusicBrainz member relationship
The Stranglers,Guildford,member,mb:9cc04773-361e-4bd0-88c1-13b624af981b,Hans Wärmling,MusicBrainz member relationship
The Stranglers,Guildford,member,mb:da11a92e-2f8b-466f-8ac6-ccb0f003a209,Hugh Cornwell,MusicBrainz member relationship
The Stranglers,Guildford,member,mb:d8a33d8b-a682-42f7-b15a-633427e7b887,Jet Black,MusicBrainz member relationship
The Stranglers,Guildford,member,mb:cc7471bb-daf5-475e-b583-402dceeae554,Jean‐Jacques Burnel,MusicBrainz member relationship
The Stranglers,Guildford,member,mb:7a1ecf20-9aa0-4cce-b90f-fe9543acc524,Dave Greenfield,MusicBrainz member relationship
The Stranglers,Guildford,member,mb:fe65c1a5-a26b-498a-a820-98361e93b9a1,Paul Roberts,MusicBrainz member relationship
The Stranglers,Guildford,member,mb:9cd5afb4-694d-4477-b009-190d1868809a,Baz Warne,MusicBrainz member relationship
The Stranglers,Guildford,member,mb:ae4943be-b131-40ae-86a8-858b25643518,John Ellis,MusicBrainz member relationship
The Struts,Derby,member,mb:9f9e599c-784d-49fa-995c-cf8ed7a1313b,Jamie Binns,MusicBrainz member relationship
The Struts,Derby,member,mb:afcd9f06-c763-49cb-a7bb-b0c93de74314,Rafe Thomas,MusicBrainz member relationship
The Struts,Derby,member,mb:e27ecf76-f72f-4362-9878-1e4c86f64353,Adam Slack,MusicBrainz member relationship
The Struts,Derby,member,mb:bbce9c58-673f-4905-a052-020fa90af633,Luke Spiller,MusicBrainz member relationship
The Struts,Derby,member,mb:b778f9d1-435b-442c-be0c-f1099369e62a,Gethin Davies,MusicBrainz member relationship
The Struts,Derby,member,mb:9bd1bbfb-499a-4037-a8b2-8a4b0db7a70f,Jed Elliott,MusicBrainz member relationship
The Style Council,London,member,mb:467c79f4-2a6f-413a-abbd-79669f285284,Dee C. Lee,MusicBrainz member relationship
The Style Council,London,member,mb:3f2370fc-280a-4951-824f-7bf4f02ce2d3,Mick Talbot,MusicBrainz member relationship
The Style Council,London,member,mb:c4406045-e640-4cfe-8b88-4732cce314d4,Paul Weller,MusicBrainz member relationship
The Style Council,London,member,mb:856e846d-aae5-4203-a4e5-0d18f606bc47,Steve White,MusicBrainz member relationship
The Subways,London,member,mb:2000b504-249a-4b31-9a9e-3cd06836a8be,Charlotte Cooper,MusicBrainz member relationship
The Subways,London,member,mb:b72d2a93-333c-4982-afcf-b22b06b41d27,Billy Lunn,MusicBrainz member relationship
The Subways,London,member,mb:0889605a-64d4-4867-aef9-26795400e013,Josh Morgan,MusicBrainz member relationship
The Sundays,London,member,mb:7b69cc6a-f72f-4153-ac56-c2ee027045ba,Paul Brindley,MusicBrainz member relationship
The Sundays,London,member,mb:a96c41fe-8a3d-4d3e-bacf-74ad6b567dd7,David Gavurin,MusicBrainz member relationship
The Sundays,London,member,mb:850c8ec6-2083-4eec-a184-c3d0196e76ce,Patch Hannan,MusicBrainz member relationship
The Sundays,London,member,mb:dbbda88b-0464-42d2-b962-d955cb24221f,Harriet Wheeler,MusicBrainz member relationship
The Sweet,London,member,mb:24479322-daa5-4a99-806a-c5557cf9479a,Frank Torpey,MusicBrainz member relationship
The Sweet,London,member,mb:ca4df3d3-60b4-4557-ac24-dd72ad62af88,Brian Connolly,MusicBrainz member relationship
The Sweet,London,member,mb:e44b898d-f218-4e35-aba7-fbc8e548f236,Steve Priest,MusicBrainz member relationship
The Sweet,London,member,mb:e7a5ae2d-800d-49e2-a780-a41ef5d108b6,Mick Tucker,MusicBrainz member relationship
The Sweet,London,member,mb:3137e50a-9899-4dfd-be10-86619c108521,Mick Stewart,MusicBrainz member relationship
The Sweet,London,member,mb:68fc3ab1-ed0c-45ef-8fa4-cdbbfec98c90,Andy Scott,MusicBrainz member relationship
The Sweet,London,member,mb:f07ca986-03f2-4706-93fa-e7b2937e3200,Paul Manzi,MusicBrainz member relationship
The Sweet,London,member,mb:6efa1112-8f51-4929-874b-54bcec1a5b3d,Tom Cory,MusicBrainz member relationship
The Sweet,London,member,mb:362a089c-656f-4f09-af90-7f4b7de9c34f,Lee Small,MusicBrainz member relationship
The Swinging Blue Jeans,Liverpool,member,mb:da2f0553-55e5-4e62-a49f-7f28def87326,Ralph Ellis,MusicBrainz member relationship
The Swinging Blue Jeans,Liverpool,member,mb:ec290c66-9f7e-4c9c-a4e0-1f0ed9f89ca8,Terry Sylvester,MusicBrainz member relationship
The Swinging Blue Jeans,Liverpool,member,mb:2866be77-9b58-4692-b2d8-5ba63d6795e0,Colin Manley,MusicBrainz member relationship
The Swinging Blue Jeans,Liverpool,member,mb:466678f3-c045-45e5-b5c4-a4d9f5eb8d75,Les Braid,MusicBrainz member relationship
The Swinging Blue Jeans,Liverpool,member,mb:b9c49b9b-0196-4451-b8e4-73868ff4deec,Ray Ennis,MusicBrainz member relationship
The Swinging Blue Jeans,Liverpool,member,mb:fe3fe490-4c3d-4393-a464-c9c5ca8f2745,Norman Kuhlke,MusicBrainz member relationship
The Swinging Blue Jeans,Liverpool,member,mb:8cc6a054-c8f5-429e-94e1-3c83ea1473de,Alan Lovell,MusicBrainz member relationship
The Swinging Blue Jeans,Liverpool,member,mb:c671df9a-c39a-4d37-80d5-7b9d2d5f0331,Jim Rodford,MusicBrainz member relationship
The Tiger Lillies,London,member,mb:4d457d49-9e0f-4e55-b9a2-0a902eb09786,Adrian Huge,MusicBrainz member relationship
The Tiger Lillies,London,member,mb:8e40bbbf-9e82-40f7-b391-fa3edab6da8d,Martyn Jacques,MusicBrainz member relationship
The Tiger Lillies,London,member,mb:ba19db22-1f84-415a-8c71-599d1cd789a3,Adrian Stout,MusicBrainz member relationship
The Tiger Lillies,London,member,mb:d41a9317-17a5-44a6-8287-2bcd0fc582fe,Christoph Butenop,MusicBrainz member relationship
The Ting Tings,Manchester,member,mb:b211165b-355f-49b7-840d-07f1ef6fc40e,Jules De Martino,MusicBrainz member relationship
The Ting Tings,Manchester,member,mb:cabb9a9b-7611-4994-a3af-c0a0fa22b524,Katie White,MusicBrainz member relationship
The Troggs,Southampton,member,mb:ca1dbf26-044e-4186-bc20-365f382746aa,Pete Staples,MusicBrainz member relationship
The Troggs,Southampton,member,mb:1b8136ad-31c6-4bea-9862-5cae2f444033,Ronnie Bond,MusicBrainz member relationship
The Troggs,Southampton,member,mb:a08c573e-bb0f-4fdb-b2bf-6ca3cf07cafb,Chris Britton,MusicBrainz member relationship
The Troggs,Southampton,member,mb:78da4fce-a15a-469a-bb94-1cc624b4dae7,Tony Murray,MusicBrainz member relationship
The Troggs,Southampton,member,mb:af03af8a-c8f4-46af-b9fc-501d8732912e,Reg Presley,MusicBrainz member relationship
The Undertones,Derry & Strabane Local Government District,member,mb:5cfcfc9d-9382-451e-ad95-4ec94de72774,Feargal Sharkey,MusicBrainz member relationship
The Undertones,Derry & Strabane Local Government District,member,mb:94b97160-b9e4-412b-adf9-c8b6a3280da4,Michael Bradley,MusicBrainz member relationship
The Undertones,Derry & Strabane Local Government District,member,mb:43c7032b-74ae-4148-bced-c2368fdaea04,Billy Doherty,MusicBrainz member relationship
The Undertones,Derry & Strabane Local Government District,member,mb:ca1f8147-b46b-42d2-b62f-21a9998b3279,Damian O’Neill,MusicBrainz member relationship
The Undertones,Derry & Strabane Local Government District,member,mb:ec536483-3c89-43e0-a415-221efba6ae83,John O’Neill,MusicBrainz member relationship
The Vaccines,London,member,mb:a0542662-1179-4ac1-a783-657f549d51de,Yoann Intonti,MusicBrainz member relationship
The Vaccines,London,member,mb:919fa6ef-9018-4d88-816a-18e7bf707fb2,Timothy Lanham,MusicBrainz member relationship
The Vaccines,London,member,mb:fdc7514e-1ab3-4cd8-a022-0aa3bcc2c8ae,Pete Robertson,MusicBrainz member relationship
The Vaccines,London,member,mb:6e594ea4-ff22-42e3-869f-f6863610c9fc,Freddie Cowan,MusicBrainz member relationship
The Vaccines,London,member,mb:5c3982fc-881b-4827-978c-0ed2580e236f,Arni Arnason,MusicBrainz member relationship
The Vaccines,London,member,mb:7fb43488-6f48-4a3c-ac75-3292eba81784,Justin Hayward-Young,MusicBrainz member relationship
The Vamps,London,member,mb:d9eed5ab-261a-4e6c-8deb-6092a5cbf794,Connor Ball,MusicBrainz member relationship
The Vamps,London,member,mb:6db5e228-905a-4915-8c61-51eff63b34cc,Tristan Evans,MusicBrainz member relationship
The Vamps,London,member,mb:add5c221-1f85-4ccd-9f89-35ac68c91ed9,James McVey,MusicBrainz member relationship
The Vamps,London,member,mb:d071da60-dc78-495b-b0b0-277d743a1513,Bradley Simpson,MusicBrainz member relationship
The Vapors,Guildford,member,mb:dbfc0ff2-9924-4f31-a106-21de67113376,Howard Smith,MusicBrainz member relationship
The Vapors,Guildford,member,mb:5b7f1905-9ea9-4820-9bb5-3b539363735b,Michael Bowes,MusicBrainz member relationship
The Vapors,Guildford,member,mb:fb485c0f-d02c-4dc2-a44b-eed51ac61705,Mike Kelly,MusicBrainz member relationship
The Vapors,Guildford,member,mb:d423dd98-e7dd-46fd-9f77-e3fec5697d41,Edward Bazalgette,MusicBrainz member relationship
The Vapors,Guildford,member,mb:2bc4cc6f-f4fa-4200-a8ba-454c3b409494,Danny Fenton,MusicBrainz member relationship
The Vapors,Guildford,member,mb:4e5aa1fe-aa2c-4f8d-ad03-cf0272ac6523,David Fenton,MusicBrainz member relationship
The Vapors,Guildford,member,mb:23318bc6-7b56-4cd4-9277-b6f258eef277,Steve Smith,MusicBrainz member relationship
The Vaselines,Glasgow,member,mb:4b62de7f-129e-4aed-9f1b-a7ec080a9509,Graeme Smillie,MusicBrainz member relationship
The Vaselines,Glasgow,member,mb:d1779852-7f21-4658-b1fe-fc300faf5a61,Eugene Kelly,MusicBrainz member relationship
The Vaselines,Glasgow,member,mb:539b6bef-28dc-4ae0-9785-a3e90d777079,Frances McKee,MusicBrainz member relationship
The Vaselines,Glasgow,member,mb:1c1ccfd7-baad-4c55-8f11-764b19387297,James Seenan,MusicBrainz member relationship
The Vaselines,Glasgow,member,mb:4eb2a77f-0eea-4651-8846-4c1a14e52dfb,Charles Kelly,MusicBrainz member relationship
The Verve,Manchester,member,mb:ef0d97fa-ac17-4a84-8422-9f20e63b5319,Simon Tong,MusicBrainz member relationship
The Verve,Manchester,member,mb:2d1d8985-47bc-4244-8cc3-577584e411f6,Richard Ashcroft,MusicBrainz member relationship
The Verve,Manchester,member,mb:5d0edef9-f698-4c8f-99bf-c8f92854474c,Simon Jones,MusicBrainz member relationship
The Verve,Manchester,member,mb:d76c8049-454b-4217-9cf7-97fd61f5c28d,Nick McCabe,MusicBrainz member relationship
The Verve,Manchester,member,mb:354de3ae-97bb-4fe3-b3aa-a5560ec59bee,Peter Salisbury,MusicBrainz member relationship
The Vibrators,London,member,mb:21847ba4-f3d4-4191-95a1-453923290148,Phil Ram,MusicBrainz member relationship
The Vibrators,London,member,mb:d2233f2e-e3c3-4fa3-bd48-84e24370ec13,Adrian Wyatt,MusicBrainz member relationship
The Vibrators,London,member,mb:0656d18f-00a4-416e-aaac-bc28efbebfed,Dave Birch,MusicBrainz member relationship
The Vibrators,London,member,mb:b5807540-e79f-4aa2-820f-74b15bf10777,"Jon ""Eddie"" Edwards",MusicBrainz member relationship
The Vibrators,London,member,mb:ae4943be-b131-40ae-86a8-858b25643518,John Ellis,MusicBrainz member relationship
The Vibrators,London,member,mb:80c25977-d9ec-4508-86ea-020de24f7d54,Pete Honkamaki,MusicBrainz member relationship
The Vibrators,London,member,mb:5462e36d-d82d-45e4-8d05-2b6011239723,Knox,MusicBrainz member relationship
The Vibrators,London,member,mb:827680e3-3d11-44ff-a460-896e11dcf82c,Gary Tibbs,MusicBrainz member relationship
The Vibrators,London,member,mb:418a87fc-9c94-4704-bfe3-023e2a29adde,Pat Collier,MusicBrainz member relationship
The View,Dundee City,member,mb:ba4a6925-6cff-4941-8d6d-d5e0164f264d,Pete Reilly,MusicBrainz member relationship
The Wake,Glasgow,member,mb:ff3255cd-48bd-4b77-a33f-d864274122f8,Joe Donnelly,MusicBrainz member relationship
The Wake,Glasgow,member,mb:8cd47299-26ec-4cb7-86e2-cb9ee3153b51,Steven Allen,MusicBrainz member relationship
The Wake,Glasgow,member,mb:73ee978a-e9f2-4928-a34d-909b9079578f,"Gerard ""Caesar"" McNulty",MusicBrainz member relationship
The Wake,Glasgow,member,mb:23bb4a17-70b1-4ae8-9f46-fbbfcb868b24,Bobby Gillespie,MusicBrainz member relationship
The Wake,Glasgow,member,mb:b0dc65d1-7797-4c87-b253-97610da3b2aa,Carolyn Allen,MusicBrainz member relationship
The Wake,Glasgow,member,mb:33c4bc79-7b87-468c-9f8b-53e196cf3c00,"Alex ""Mac"" MacPherson",MusicBrainz member relationship
The Wake,Glasgow,member,mb:48fa7e47-5df0-4353-a28f-239f63c9411b,John Rahim,MusicBrainz member relationship
The Wake,Glasgow,member,mb:75be8910-d14a-4466-bb69-f56168966c8a,Matthew Drummond,MusicBrainz member relationship
The Wake,Glasgow,member,mb:c072f4c8-2839-48da-bc36-fd77ba238cbd,James Moody,MusicBrainz member relationship
The Wanted,London,member,mb:5643d746-8afb-48f7-8e0d-7bd831a7b5b8,Tom Parker,MusicBrainz member relationship
The Wanted,London,member,mb:0d12e49d-8a58-4081-a9a5-13bf2f7d5047,Max George,MusicBrainz member relationship
The Wanted,London,member,mb:6fffed3a-76aa-44d9-a28c-c810913a77d8,Siva Kaneswaran,MusicBrainz member relationship
The Wanted,London,member,mb:8648e7fd-d52a-4127-9fc1-851f0f890741,Jay McGuiness,MusicBrainz member relationship
The Wanted,London,member,mb:292e4a04-ed9b-4963-8075-0576f1dc3487,Nathan Sykes,MusicBrainz member relationship
The Wedding Present,Leeds,member,mb:19785652-dedc-496e-b336-ff5cf370cba8,Shaun Charman,MusicBrainz member relationship
The Wedding Present,Leeds,member,mb:fad50d98-3c6e-4008-94b4-8c5b411ed0da,Peter Solowka,MusicBrainz member relationship
The Wedding Present,Leeds,member,mb:f9a3e907-2123-4134-833d-34c03e2d5b25,Keith Gregory,MusicBrainz member relationship
The Wedding Present,Leeds,member,mb:c6f66e0b-b39a-450c-8e4f-eac3134eadce,Simon Smith,MusicBrainz member relationship
The Wedding Present,Leeds,member,mb:fc98ea32-5bd3-417c-84e2-5c1abcc6ba9d,Paul Dorrington,MusicBrainz member relationship
The Wedding Present,Leeds,member,mb:b38895bd-2b62-45fb-bc96-a387a37329f1,Darren Belk,MusicBrainz member relationship
The Wedding Present,Leeds,member,mb:41995a38-d237-4568-8a56-9f938c6f65fb,Hugh Kelly,MusicBrainz member relationship
The Wedding Present,Leeds,member,mb:5d9cef0b-cbe5-4ee5-9731-115f7c10bb9c,Jayne Lockey,MusicBrainz member relationship
The Wedding Present,Leeds,member,mb:48aecbd9-fcf9-40b5-aec8-2c9731eac33e,Kari Paavola,MusicBrainz member relationship
The Wedding Present,Leeds,member,mb:4796cd74-8fd8-417d-b10e-067792e17443,Simon Cleave,MusicBrainz member relationship
The Wedding Present,Leeds,member,mb:a0f6f83d-7c00-4d42-8b7c-f2dd5d483fe3,Terry de Castro,MusicBrainz member relationship
The Wedding Present,Leeds,member,mb:3a04945c-5339-4f97-afd3-a2aabc2a25c1,David Gedge,MusicBrainz member relationship
The Wedding Present,Leeds,member,mb:b539f6a6-d764-4d85-97d1-7b85f9b5246d,Melanie Howard,MusicBrainz member relationship
The Wedding Present,Leeds,member,mb:0addaab8-5d66-4f94-8fca-0cbf5846d126,The Legendary Len Liggins,MusicBrainz member relationship
The Wedding Present,Leeds,member,mb:66571adc-0630-41c2-b5f3-df9cf4faa7b8,Simon Pearson,MusicBrainz member relationship
The Whip,Manchester,member,mb:f79c053d-b6d2-41df-8c6a-e580db148c56,Bruce Carter,MusicBrainz member relationship
The Whip,Manchester,member,mb:c11e6218-7f06-442e-b6d2-93fd4e92d171,Fiona “Lil Fee” Daniel,MusicBrainz member relationship
The Whip,Manchester,member,mb:0b5b261b-8b03-44dc-95c1-7130b8b73177,Nathan Sudders,MusicBrainz member relationship
The Who,London,member,mb:3896a59d-3058-4797-94b7-864bc58ccd98,Roger Daltrey,MusicBrainz member relationship
The Who,London,member,mb:fb147b8f-0144-4418-acaa-90b2d9779840,Pete Townshend,MusicBrainz member relationship
The Who,London,member,mb:8425adaf-e8d4-4189-839d-a9fdfab55f4b,Doug Sandom,MusicBrainz member relationship
The Who,London,member,mb:e64bf907-c90f-4cf1-bd0c-81593b42d4d9,Keith Moon,MusicBrainz member relationship
The Who,London,member,mb:384d6827-3b17-43bc-acf6-92e618b8ec83,John Entwistle,MusicBrainz member relationship
The Who,London,member,mb:de4e47e4-d92e-4d50-b429-9423d53d8456,Kenney Jones,MusicBrainz member relationship
The Who,London,member,mb:f3329a19-7c51-48df-9e38-8dec999db949,John “Rabbit” Bundrick,MusicBrainz member relationship
The Who,London,member,mb:2efac2d7-e5ad-4e7b-87c9-ef678fbbaaab,Simon Townshend,MusicBrainz member relationship
The Who,London,member,mb:fa6d1fab-dc90-4e76-bdf9-28e06d1010ff,Zak Starkey,MusicBrainz member relationship
The Who,London,member,mb:0dfd6aab-9056-4764-89b0-80bee7c9f998,Pino Palladino,MusicBrainz member relationship
The Who,London,member,mb:eda9fe06-30bc-48cb-ac24-91298cf235f6,Loren Gold,MusicBrainz member relationship
The Who,London,member,mb:eff10f94-f1a7-4114-8955-e2c8c1b16590,Frank Simes,MusicBrainz member relationship
The Who,London,member,mb:1e66dc54-c636-470e-b21b-f997d0b3e20f,Chris Stainton,MusicBrainz member relationship
The Wild Swans,Liverpool,member,mb:ae319b50-9b7e-4377-bab3-540651b14ca6,Jeremy Kelly,MusicBrainz member relationship
The Wild Swans,Liverpool,member,mb:2f0b2351-e911-40cf-8a7e-334a2cbb1030,Ged Quinn,MusicBrainz member relationship
The Wild Swans,Liverpool,member,mb:5f3a0ff2-7632-49bc-9942-fa620da58078,Paul Simpson,MusicBrainz member relationship
The Wild Swans,Liverpool,member,mb:a68611eb-de19-4c0c-8fb3-59f498837d16,Alan Wills,MusicBrainz member relationship
The Wombats,Liverpool,member,mb:de3ec738-2d9a-492c-8eb7-91a124c8739a,Dan Haggis,MusicBrainz member relationship
The Wombats,Liverpool,member,mb:143357f2-5d84-4aa8-8a68-aac95c31697e,Matthew Murphy,MusicBrainz member relationship
The Wombats,Liverpool,member,mb:fb6bd03e-8842-4647-b6e6-85d771d3c3bf,Tord Øverland-Knudsen,MusicBrainz member relationship
The Wonder Stuff,Birmingham,member,mb:d504b3ea-cb17-4ef1-b122-42df9302e0f8,The Bass Thing,MusicBrainz member relationship
The Wonder Stuff,Birmingham,member,mb:2aa6490a-bb9a-486e-af86-7e26d99f78b4,Martin Gilks,MusicBrainz member relationship
The Wonder Stuff,Birmingham,member,mb:d48f3dfd-3939-46bd-a8fa-c33298e40a23,Malcolm Treece,MusicBrainz member relationship
The Wonder Stuff,Birmingham,member,mb:9aab2703-4e8d-4fc6-90d8-067afa86684b,Miles Hunt,MusicBrainz member relationship
The Wonder Stuff,Birmingham,member,mb:5bf99948-fbc0-44b9-9921-54cf87c382b2,Martin Bell,MusicBrainz member relationship
The Wonder Stuff,Birmingham,member,mb:5ea70d41-fd65-46e7-aa29-c3e4948e56ae,Paul Clifford,MusicBrainz member relationship
The Wonder Stuff,Birmingham,member,mb:4ca61bf1-fbab-4d29-8598-dc6d0117f12a,Andres Karu,MusicBrainz member relationship
The Wonder Stuff,Birmingham,member,mb:3b916b7f-9ad7-4005-92d9-87d6cadbe5c3,Mark McCarthy,MusicBrainz member relationship
The Wonder Stuff,Birmingham,member,mb:46238aa4-9168-4f5c-aca8-b4eb3391cda7,Erica Nockalls,MusicBrainz member relationship
The Wonder Stuff,Birmingham,member,mb:d536a734-a2f0-47c0-8135-2e637f392ae8,Fuzz Townshend,MusicBrainz member relationship
The Wonder Stuff,Birmingham,member,mb:bcaabb86-7bad-4d4d-a73c-8082f4771c34,Tony Arthy,MusicBrainz member relationship
The Wonder Stuff,Birmingham,member,mb:bcbe46d7-28d6-46dd-869a-d30a20e19cc9,Dan Donnelly,MusicBrainz member relationship
The Wytches,Peterborough,member,mb:b5f885eb-f2d4-4e2b-a2bf-fd6550222eeb,Gianni Honey,MusicBrainz member relationship
The Wytches,Peterborough,member,mb:9c4d385f-4233-4472-b849-c43f22041c03,Demelza Mather,MusicBrainz member relationship
The Wytches,Peterborough,member,mb:1ee0e009-b977-4a69-9482-033a6ffdf13d,BVU,MusicBrainz member relationship
The Wytches,Peterborough,member,mb:e353f354-e2fe-4afa-b89a-6541710490ba,Kristian Bell,MusicBrainz member relationship
The Yardbirds,London,member,mb:a0114721-2910-4fc0-80c4-68b5969ae0a3,Paul Samwell-Smith,MusicBrainz member relationship
The Yardbirds,London,member,mb:97cc1c6b-d6e2-4fb8-875c-78da893773d1,Chris Dreja,MusicBrainz member relationship
The Yardbirds,London,member,mb:ba900218-68b3-434d-8552-989d8441bba3,Jim McCarty,MusicBrainz member relationship
The Yardbirds,London,member,mb:eb50ad40-3f3e-4a8a-8c59-924079a98d28,Top Topham,MusicBrainz member relationship
The Yardbirds,London,member,mb:618b6900-0618-4f1e-b835-bccb17f84294,Eric Clapton,MusicBrainz member relationship
The Yardbirds,London,member,mb:14a4bc78-1c2d-4ca7-8d1b-9b58076a2a17,Jeff Beck,MusicBrainz member relationship
The Yardbirds,London,member,mb:519774a4-3b18-4042-b8c0-927845a616c9,Jimmy Page,MusicBrainz member relationship
The Yardbirds,London,member,mb:27b734ec-6799-4ba9-81d6-9fd5b2981f9f,Ray Majors,MusicBrainz member relationship
The Yardbirds,London,member,mb:4de2a9e9-81f2-4482-98a9-85b95981741e,John Idan,MusicBrainz member relationship
The Yardbirds,London,member,mb:226e9083-fe45-4588-acbd-ad5df3ec9e59,Alan Glen,MusicBrainz member relationship
The Yardbirds,London,member,mb:d87650ec-2dc4-49a1-846d-9f76f7970f82,Keith Relf,MusicBrainz member relationship
The Zombies,London,member,mb:821e135c-1971-48e3-8227-46e9217b57e7,Tom Toomey,MusicBrainz member relationship
The Zombies,London,member,mb:a477e067-629a-41bc-9878-21a6fb559a57,Rod Argent,MusicBrainz member relationship
The Zombies,London,member,mb:bb02b2ce-5021-459d-8a06-59aff83fcdda,Paul Atkinson,MusicBrainz member relationship
The Zombies,London,member,mb:59cc681e-becf-4df3-992a-24d8ac99e492,Colin Blunstone,MusicBrainz member relationship
The Zombies,London,member,mb:c73d0cde-48d8-47e8-87bc-8c4d5b9f166a,Hugh Grundy,MusicBrainz member relationship
The Zombies,London,member,mb:c671df9a-c39a-4d37-80d5-7b9d2d5f0331,Jim Rodford,MusicBrainz member relationship
The Zombies,London,member,mb:d53aa02c-66a7-42b2-9614-1ffc685a87b8,Chris White,MusicBrainz member relationship
The Zutons,Liverpool,member,mb:b79a3929-4785-4d44-9978-aa05674382c8,Boyan Chowdhury,MusicBrainz member relationship
The Zutons,Liverpool,member,mb:cb504bb1-ba87-44f8-8f57-928874ac602e,Abi Harding,MusicBrainz member relationship
The Zutons,Liverpool,member,mb:1162c7c8-9af7-4b88-ac93-0d3ef6b72d81,Dave McCabe,MusicBrainz member relationship
The Zutons,Liverpool,member,mb:1e7d1996-a841-4442-94c5-e6cbd397971b,Sean Payne,MusicBrainz member relationship
The Zutons,Liverpool,member,mb:79f1c0f4-6583-4ad7-b526-172fbc48deda,Russell Pritchard,MusicBrainz member relationship
The xx,London,member,mb:3f993860-1d75-4703-8908-52d271c0334e,Baria Qureshi,MusicBrainz member relationship
The xx,London,member,mb:b46efb1e-ecd9-4044-9820-14c64c2d657e,Romy,MusicBrainz member relationship
The xx,London,member,mb:040cb119-5d70-4f7f-af34-5d1f1c898030,Oliver Sim,MusicBrainz member relationship
The xx,London,member,mb:d1515727-4a93-4c0d-88cb-d7a9fce01879,Jamie xx,MusicBrainz member relationship
Them,Belfast,member,mb:a41ac10f-0a56-4672-9161-b83f9b223559,Van Morrison,MusicBrainz member relationship
Them,Belfast,member,mb:7e156032-bd52-415b-a0c7-0b0c2b1ebf84,Ronnie Millings,MusicBrainz member relationship
Them,Belfast,member,mb:3974d241-08e2-4450-84e4-397f376794d6,Billy Harrison,MusicBrainz member relationship
Them,Belfast,member,mb:81c6ff7b-8c7c-42f5-8f02-ac8f49187f3e,Eric Wrixon,MusicBrainz member relationship
Them,Belfast,member,mb:b60fd688-70b9-4f75-afb5-a6b4ddc2841f,Jim Armstrong,MusicBrainz member relationship
Them,Belfast,member,mb:e815c4d0-4104-45c7-9054-f7e5ef589adf,Ray Elliott,MusicBrainz member relationship
Them,Belfast,member,mb:41e8f843-f157-4b05-80cb-966676fb05b1,Alan Henderson,MusicBrainz member relationship
Them,Belfast,member,mb:2017b056-3026-4ff3-a0ef-b0c29e792da8,Pat McAuley,MusicBrainz member relationship
Thompson Twins,Sheffield,member,mb:af64b3fc-96d9-47b1-9d1e-578cade7fbe8,Tom Bailey,MusicBrainz member relationship
Thompson Twins,Sheffield,member,mb:c7136eca-afef-4cdd-b3df-5090aed5cede,Chris Bell,MusicBrainz member relationship
Thompson Twins,Sheffield,member,mb:7349f185-91a5-414f-aa88-fec7d8a6c7d3,Alannah Currie,MusicBrainz member relationship
Thompson Twins,Sheffield,member,mb:b4d4debf-5e6e-4daa-90a4-cb5208b8e696,Pete Dodd,MusicBrainz member relationship
Thompson Twins,Sheffield,member,mb:f67a09a5-6b33-4da0-a0db-e85ee914cfdc,Joe Leeway,MusicBrainz member relationship
Thompson Twins,Sheffield,member,mb:9946bff0-cf16-4e22-a015-1ddc9f6927b4,John Roog,MusicBrainz member relationship
Thompson Twins,Sheffield,member,mb:cceba4a1-db5f-41cf-89c5-26f673c82bf6,Matthew Seligman,MusicBrainz member relationship
Thompson Twins,Sheffield,member,mb:bee35fe8-d294-4035-ad7f-4b4cd3c98ebe,Jane Shorter,MusicBrainz member relationship
Throbbing Gristle,Hull,member,mb:8b194f07-66ca-4b11-9cc1-c8cd2cd656b7,Chris Carter,MusicBrainz member relationship
Throbbing Gristle,Hull,member,mb:c0880c7c-52e8-4e9f-abad-b7970aa05179,Peter Christopherson,MusicBrainz member relationship
Throbbing Gristle,Hull,member,mb:3232a8b6-0291-4351-9b82-c865729708ae,Cosey Fanni Tutti,MusicBrainz member relationship
Throbbing Gristle,Hull,member,mb:ff22d292-3fc0-483f-8a87-0f6c97993d4b,Genesis Breyer P-Orridge,MusicBrainz member relationship
Thunder,London,member,mb:40c5f3ce-be60-4c32-823c-8fa87de3a745,Danny Bowes,MusicBrainz member relationship
Thunder,London,member,mb:314d7dbf-7b24-4c3a-b2a5-52b98bfa2144,Chris Childs,MusicBrainz member relationship
Thunder,London,member,mb:c63feaf5-967c-41fb-879e-05658653e1cb,Gary 'Harry' James,MusicBrainz member relationship
Thunder,London,member,mb:79702229-a0e8-4c67-8742-a233771e151e,Ben Matthews,MusicBrainz member relationship
Thunder,London,member,mb:de0917e7-5ab1-4724-9c2d-4100f5fbf0cd,Luke Morley,MusicBrainz member relationship
Thunderclap Newman,London,member,mb:232113dd-1ff2-4a2e-927d-044d9204f4ba,Jim Avery,MusicBrainz member relationship
Thunderclap Newman,London,member,mb:60dae28d-fad0-4f14-b731-7aa887959d4b,John David Keen,MusicBrainz member relationship
Thunderclap Newman,London,member,mb:01b26c1f-bf4a-4d5d-8551-3fee932d424f,Andy “Thunderclap” Newman,MusicBrainz member relationship
Tigertailz,Cardiff,member,mb:2031e56c-e836-4419-9529-5d5ff8a8c0de,Steevi Jaimz,MusicBrainz member relationship
Tigertailz,Cardiff,member,mb:711013c0-52cc-45aa-9280-e9e6a879fab0,Pepsi Tate,MusicBrainz member relationship
Tigertailz,Cardiff,member,mb:ebe2bca8-cc51-435e-9cad-ffd39f775e1f,Steve Pierce,MusicBrainz member relationship
Tommy Lefroy,London,member,mb:315f62c3-ba4d-4220-a950-737bb3b3a7c0,Wynter Bethel,MusicBrainz member relationship
Tommy Lefroy,London,member,mb:6a0c3ad8-7394-48d2-bb56-796b2fea3682,Tessa Mouzourakis,MusicBrainz member relationship
Tones On Tail,Northampton,member,mb:476cc87e-9665-43bb-80ea-7e123390ac64,Kevin Haskins,MusicBrainz member relationship
Tones On Tail,Northampton,member,mb:d4aa1162-78ac-437f-9900-97460e4e2f34,Daniel Ash,MusicBrainz member relationship
Tones On Tail,Northampton,member,mb:a6368885-4daf-4fb9-a234-084902275a12,Glenn Campling,MusicBrainz member relationship
Toploader,Eastbourne,member,mb:89fad744-0a67-4478-bfff-3fe85d07084d,Julian Deane,MusicBrainz member relationship
Toploader,Eastbourne,member,mb:8d8077c5-186d-44ad-a5d3-a61932747b0f,Joseph Washbourn,MusicBrainz member relationship
Traffic,Birmingham,member,mb:7d003695-15bc-43f5-b5f2-c06829c9b8c5,Rebop Kwaku Baah,MusicBrainz member relationship
Traffic,Birmingham,member,mb:3b9a2ea7-1f31-4fc3-8fb4-ca6027e34193,Ric Grech,MusicBrainz member relationship
Traffic,Birmingham,member,mb:34704fc5-1c90-47d6-8b42-ef52b4c0298a,Barry Beckett,MusicBrainz member relationship
Traffic,Birmingham,member,mb:277346a8-e246-48ec-a162-99cda6d350e6,Jim Capaldi,MusicBrainz member relationship
Traffic,Birmingham,member,mb:2b717240-b391-4fd9-805d-0597a346dda3,Rosko Gee,MusicBrainz member relationship
Traffic,Birmingham,member,mb:f5ee63be-2ffa-479e-afb9-a89201c3b1f0,Jim Gordon,MusicBrainz member relationship
Traffic,Birmingham,member,mb:dc5d1d43-4275-43b5-b32d-e0f8702cceb4,Roger Hawkins,MusicBrainz member relationship
Traffic,Birmingham,member,mb:db28c0c1-bed3-4d85-b88f-e5952fd17b36,David Hood,MusicBrainz member relationship
Traffic,Birmingham,member,mb:d70c2ae1-911a-4bea-8ef4-63564a150ff2,Dave Mason,MusicBrainz member relationship
Traffic,Birmingham,member,mb:885f90ef-6bd9-409a-b2df-e165e553c68e,Steve Winwood,MusicBrainz member relationship
Traffic,Birmingham,member,mb:71036784-d80b-41ab-bce9-b87a75ddd729,Chris Wood,MusicBrainz member relationship
Travis,Glasgow,member,mb:5f3c6bc4-97ed-45f9-ac62-be24b0dfaa4f,Andy Dunlop,MusicBrainz member relationship
Travis,Glasgow,member,mb:54c49b97-22bd-4e0e-998f-60ba4b9d7abf,Jason Falkner,MusicBrainz member relationship
Travis,Glasgow,member,mb:6a72b3d2-7da1-4831-b439-6d8fcf7b4800,Fran Healy,MusicBrainz member relationship
Travis,Glasgow,member,mb:e3434b39-34d7-4ab9-87e5-3598aeb2692e,Dougie Payne,MusicBrainz member relationship
Travis,Glasgow,member,mb:ff3cbcd4-e8b4-4d1a-af34-b30392ba8723,Neil Primrose,MusicBrainz member relationship
Twin Atlantic,Glasgow,member,mb:2d996a55-6356-486a-8b35-efaf125cb399,Barry McKenna,MusicBrainz member relationship
Twin Atlantic,Glasgow,member,mb:1198faf8-5f46-4abd-8723-4facc9d72a91,Craig Kneale,MusicBrainz member relationship
Twin Atlantic,Glasgow,member,mb:8ad001d2-ad50-4662-b75e-52ddc5f087c8,Ross McNae,MusicBrainz member relationship
Twin Atlantic,Glasgow,member,mb:258258fc-4ee8-41b4-92e4-bc79b97f792e,Sam McTrusty,MusicBrainz member relationship
Two Door Cinema Club,Belfast,member,mb:f085cc04-1982-479e-98e2-2da1574ac3d4,Kevin Baird,MusicBrainz member relationship
Two Door Cinema Club,Belfast,member,mb:1e15130d-6bba-4045-a265-d196c812cb3b,Sam Halliday,MusicBrainz member relationship
Two Door Cinema Club,Belfast,member,mb:c627c28f-7b8e-44a9-b601-a211808df036,Alex Trimble,MusicBrainz member relationship
Tygers Of Pan Tang,Newcastle,member,mb:98a15d96-1d6f-4d34-b90c-3f2000b28e32,Jess Cox,MusicBrainz member relationship
Tygers Of Pan Tang,Newcastle,member,mb:978ae39b-edb8-449f-b53e-d0e7260f7ac5,John Sykes,MusicBrainz member relationship
Tygers Of Pan Tang,Newcastle,member,mb:2cb0a661-3a75-4875-a3fd-d8ad9e229149,Jon Deverill,MusicBrainz member relationship
Tygers Of Pan Tang,Newcastle,member,mb:27b07840-caa2-4769-8cd5-c9917a902ea1,Fred Purser,MusicBrainz member relationship
Tygers Of Pan Tang,Newcastle,member,mb:83d37e79-b9cf-44a5-a8ed-abdb3fbcf685,Brian Dick,MusicBrainz member relationship
Tygers Of Pan Tang,Newcastle,member,mb:93bd2a5b-b1fc-4345-b9e6-24aa01f89c9f,Robb Weir,MusicBrainz member relationship
Tygers Of Pan Tang,Newcastle,member,mb:e1583fa1-39fc-48e2-86d5-6a076b3b085a,Brian West,MusicBrainz member relationship
Tygers Of Pan Tang,Newcastle,member,mb:748b2aec-8c73-4512-b98b-8e3899a70503,Craig Ellis,MusicBrainz member relationship
Tygers Of Pan Tang,Newcastle,member,mb:e6fdb1db-4e4f-45a8-8760-bcb35149520b,Richie Wicks,MusicBrainz member relationship
Tygers Of Pan Tang,Newcastle,member,mb:ebef7d02-8628-42e6-b526-fdcd1d1dd1d5,Jacopo Meille,MusicBrainz member relationship
Tygers Of Pan Tang,Newcastle,member,mb:6bf060a7-b8cb-4208-bf74-7b0f889c1f50,Richard Laws,MusicBrainz member relationship
Tygers Of Pan Tang,Newcastle,member,mb:5e6c4be6-6f33-4ae7-b92d-99be9d3b9c97,Marc Paganini,MusicBrainz member relationship
U.K. Subs,London,member,mb:3bc15124-5df2-46ce-900d-cf66f614df00,Richard Anderson,MusicBrainz member relationship
U.K. Subs,London,member,mb:40fca6da-a59b-4c81-98cc-1425f30a0b18,Steve S. Jones,MusicBrainz member relationship
U.K. Subs,London,member,mb:bac92ba9-5397-4fb3-8b20-56a0c0853804,Steve Slack,MusicBrainz member relationship
U.K. Subs,London,member,mb:85f3f1b4-1d9a-4667-90fc-07a37487d135,Charlie Harper,MusicBrainz member relationship
U.K. Subs,London,member,mb:17abb656-a6b8-40d3-bc02-d31dc9981dd4,Kevin Nixon,MusicBrainz member relationship
U.K. Subs,London,member,mb:b4d41b8e-3255-47e5-9267-de21644f4953,Jamie Oliver,MusicBrainz member relationship
U.K. Subs,London,member,mb:6a5a6ada-2bcc-47eb-889e-93e64973baed,Jet,MusicBrainz member relationship
U.K. Subs,London,member,mb:eab13a1c-b7f4-4b0e-aaf8-66461e09deff,Dave Ayer,MusicBrainz member relationship
U.K. Subs,London,member,mb:1ed13c3f-db67-47f5-aad2-2e5ff71e6ef0,Gary Baldy,MusicBrainz member relationship
U.K. Subs,London,member,mb:6548ef1e-b4aa-45cc-8e4c-00e801b56dd8,Brian Barnes,MusicBrainz member relationship
U.K. Subs,London,member,mb:85cd1619-0da7-4606-807e-2d6fea137d98,Darrell Bath,MusicBrainz member relationship
U.K. Subs,London,member,mb:1ac23069-ea33-49a6-ad23-73f62387ce20,Rab Fae Beith,MusicBrainz member relationship
U.K. Subs,London,member,mb:8b9f501c-4459-415c-8d3b-2aa1f4b13306,Belvy K,MusicBrainz member relationship
U.K. Subs,London,member,mb:5065daa1-8f36-4961-baaa-f4180086131c,Alan Campbell,MusicBrainz member relationship
U.K. Subs,London,member,mb:ebe3f765-3f51-4393-905e-1b061d8df84e,Captain Scarlet,MusicBrainz member relationship
U.K. Subs,London,member,mb:325ca751-d923-4e9a-8454-295e539e25e8,Peter Davis,MusicBrainz member relationship
U.K. Subs,London,member,mb:95b6847f-8ac8-4e26-9218-4534b98d12b6,Deptford John,MusicBrainz member relationship
U.K. Subs,London,member,mb:5ac1f5e6-e342-4e81-9895-c90e56330e14,Jason Dulldrums,MusicBrainz member relationship
U.K. Subs,London,member,mb:63ece461-9fa5-4e93-9f48-b08be9e34256,Dave 'Flea' Farrelly,MusicBrainz member relationship
U.K. Subs,London,member,mb:e542930c-3e7d-4038-82cb-a1f91adbde78,Andy Frantic,MusicBrainz member relationship
U.K. Subs,London,member,mb:be04e717-683a-46de-a302-33d8ddb47884,Lars Frederiksen,MusicBrainz member relationship
U.K. Subs,London,member,mb:efbc977f-c205-480e-8434-7f8c5035610b,Nicky Garratt,MusicBrainz member relationship
U.K. Subs,London,member,mb:5b3cd7a4-3cda-4bab-a400-bd2ada227d87,Alvin Gibbs,MusicBrainz member relationship
U.K. Subs,London,member,mb:06ec65d2-e505-42cb-8658-e18e9fcb3c90,Gregor Kramer,MusicBrainz member relationship
U.K. Subs,London,member,mb:87d46055-7b8b-466c-9f49-0773f8fef976,Alan Lee,MusicBrainz member relationship
U.K. Subs,London,member,mb:8870f081-941f-4506-9b6b-775f15f8f7f1,Rory Lyons,MusicBrainz member relationship
U.K. Subs,London,member,mb:63aa736e-295c-47aa-a9b4-b74435454ff6,Paul Margolis,MusicBrainz member relationship
U.K. Subs,London,member,mb:d00e9785-fbd7-4ab7-8eb8-0b9c1c74ac89,Matt McCoy,MusicBrainz member relationship
U.K. Subs,London,member,mb:be792974-2c91-4a1c-96d8-6842db91e589,Ricky McGuire,MusicBrainz member relationship
U.K. Subs,London,member,mb:5e516a9e-3893-4022-ac45-6e159299e7da,Jim Moncur,MusicBrainz member relationship
U.K. Subs,London,member,mb:dabc5125-5aae-4708-86ec-683aec0c8f93,Jacek Ostoya,MusicBrainz member relationship
U.K. Subs,London,member,mb:24d9a1a2-4706-4330-b693-cf6e2d4c357b,Simon Rankin,MusicBrainz member relationship
U.K. Subs,London,member,mb:16b4f7aa-ca26-499b-9161-b2cb81fa1bec,Peter Revesz,MusicBrainz member relationship
U.K. Subs,London,member,mb:f828f753-836f-41ad-a99c-a2a9c654ee52,Steve Roberts,MusicBrainz member relationship
U.K. Subs,London,member,mb:333e7855-0092-444f-ae43-10861978e0b1,Paul Slack,MusicBrainz member relationship
U.K. Subs,London,member,mb:433ad0de-a4f4-4c5a-9421-375031a5a1d8,Stephen Straughan,MusicBrainz member relationship
U.K. Subs,London,member,mb:6e784a4c-2880-47e7-af93-0d9a75eaffdf,Tezz,MusicBrainz member relationship
U.K. Subs,London,member,mb:bc9e6385-14af-4d7b-9e2e-b0c5d7059005,Clara Wiseman,MusicBrainz member relationship
U.K. Subs,London,member,mb:f7584c7f-d758-40c4-999b-e1101af1940f,Kim Wylie,MusicBrainz member relationship
UB40,Birmingham,member,mb:d2b59efd-0028-40aa-aaee-9ee2a519a0c0,Ali Campbell,MusicBrainz member relationship
UB40,Birmingham,member,mb:67f1cb34-eaea-4798-b8ee-abae30a77119,Jim Brown,MusicBrainz member relationship
UB40,Birmingham,member,mb:170621b5-37b1-4e77-870c-9f4441898eac,Robin Campbell,MusicBrainz member relationship
UB40,Birmingham,member,mb:9e919795-9ac3-48b2-9bb4-70be6ac372dc,Earl Falconer,MusicBrainz member relationship
UB40,Birmingham,member,mb:fbf42eda-fa80-4f10-b3d0-df236a7088d8,Norman Hassan,MusicBrainz member relationship
UB40,Birmingham,member,mb:9248496c-3f37-4e2c-8a6b-a11689cccb1d,Brian Travers,MusicBrainz member relationship
UB40,Birmingham,member,mb:92a49cb9-8d81-42be-8a81-28a51413a54d,Michael Virtue,MusicBrainz member relationship
UB40,Birmingham,member,mb:dbae1d05-6a57-4559-b436-444ab3779ef5,Astro,MusicBrainz member relationship
UB40,Birmingham,member,mb:2394df86-f4d5-4d90-a217-254b80a3cde4,Tony Mullings,MusicBrainz member relationship
UB40,Birmingham,member,mb:fc6548d9-cc7e-4311-bd6c-6eba9c0cd06f,Maxi Priest,MusicBrainz member relationship
UB40,Birmingham,member,mb:cd7e366f-7cc4-4a77-b41c-f5dc0553cb09,Martin Meredith,MusicBrainz member relationship
UB40,Birmingham,member,mb:c2dfb84a-0622-4774-95ff-14712e888c03,Laurence Parry,MusicBrainz member relationship
UFO,London,member,mb:dfc543ed-06b7-491f-8fad-6232f925d37f,Mick Bolton,MusicBrainz member relationship
UFO,London,member,mb:2dfeb576-f04f-4687-aafc-76f28b7457b3,Pete Way,MusicBrainz member relationship
UFO,London,member,mb:7d65b97a-f42d-4267-90c7-804d335a49f8,Phil Mogg,MusicBrainz member relationship
UFO,London,member,mb:4e6a0fb2-fe29-4081-ae77-97c0ceaff2f3,Andrew Maynard Parker,MusicBrainz member relationship
UFO,London,member,mb:9814dd73-5352-4bd3-9567-c132c6aba1ee,Larry Wallis,MusicBrainz member relationship
UFO,London,member,mb:8b57275b-4eed-4cc8-bee1-45560350f35b,Bernie Marsden,MusicBrainz member relationship
UFO,London,member,mb:2bc078c7-bf5c-4d01-b255-6588f82f2ccf,Michael Schenker,MusicBrainz member relationship
UFO,London,member,mb:a8e94ea9-194d-4684-a8c8-ef03c20a2229,Paul Chapman,MusicBrainz member relationship
UFO,London,member,mb:783483c4-c5ef-457a-9003-8b02a04fe386,Danny Peyronel,MusicBrainz member relationship
UFO,London,member,mb:7789ecc1-bd8c-414a-b8dc-1fd8056528fd,Paul Raymond,MusicBrainz member relationship
UFO,London,member,mb:96729300-4d20-4944-a63b-5e804864d73d,John Sloman,MusicBrainz member relationship
UFO,London,member,mb:b259f919-7033-412f-b729-c7a1d3223a84,Neil Carter,MusicBrainz member relationship
UFO,London,member,mb:856a0935-2565-4bf6-b0fd-9f6180b3229c,Paul Gray,MusicBrainz member relationship
UFO,London,member,mb:cad68f40-9962-4b98-a0a4-b6503da69157,Robbie France,MusicBrainz member relationship
UFO,London,member,mb:ff913088-c595-4a61-b9b3-61d22682a69d,Tommy McClendon,MusicBrainz member relationship
UFO,London,member,mb:d7c880e1-4ce2-428c-89c9-cff555d9c33f,Jim Simpson,MusicBrainz member relationship
UFO,London,member,mb:cf7fd678-8ac0-43fb-8fca-19271cca365e,Myke Gray,MusicBrainz member relationship
UFO,London,member,mb:537a6cfa-4f71-4896-be0c-40b0884561ef,Clive Edwards,MusicBrainz member relationship
UFO,London,member,mb:178fc74c-7fac-4ee7-bdf3-84fc4c804588,Simon Wright,MusicBrainz member relationship
UFO,London,member,mb:ff384c3c-e31c-478e-8de0-44b5400f4854,Aynsley Dunbar,MusicBrainz member relationship
UFO,London,member,mb:6bbc87f8-b778-4e2b-84e8-0d95bd44f254,Jason Bonham,MusicBrainz member relationship
UFO,London,member,mb:097c1b97-8a50-41b2-89c4-f1ec12d497d2,Vinnie Moore,MusicBrainz member relationship
UFO,London,member,mb:ea982a02-4336-4101-bcb5-0b34d39323c4,Rob DeLuca,MusicBrainz member relationship
UNKLE,London,member,mb:b1ce0639-61c8-46f8-9385-98c689a886a9,Richard File,MusicBrainz member relationship
UNKLE,London,member,mb:bf5928eb-8704-4757-a797-6656457c82e1,Pablo Clements,MusicBrainz member relationship
UNKLE,London,member,mb:ef9c1126-9c75-4868-94a8-e880fc6d4a7f,Tim Goldsworthy,MusicBrainz member relationship
UNKLE,London,member,mb:d1d4c4d1-a02c-45ba-8463-20efaadcb3fd,KUDO,MusicBrainz member relationship
UNKLE,London,member,mb:89c95275-8b18-4855-9a7a-a051b5b9c95d,Jimmy Hogarth,MusicBrainz member relationship
UNKLE,London,member,mb:3947b8f1-33ad-49c1-8c77-ec5e226b7dbc,James Lavelle,MusicBrainz member relationship
UNKLE,London,member,mb:efa2c11a-1a35-4b60-bc1b-66d37de88511,DJ Shadow,MusicBrainz member relationship
UNKLE,London,member,mb:e4a39eb7-4111-4b22-8406-03eac6c3d7dd,Scott Shields,MusicBrainz member relationship
UNKLE,London,member,mb:4d47186d-9ae9-4e61-bbce-4fe96e9df60b,Martin Slattery,MusicBrainz member relationship
Ultrabeat,Liverpool,member,mb:0cc6dec7-ac0a-4cc0-88d8-c7f0a483ce88,Mike Di Scala,MusicBrainz member relationship
Ultrabeat,Liverpool,member,mb:f88c84de-d8f8-46bb-964a-ab7529589888,Chris Henry,MusicBrainz member relationship
Ultrabeat,Liverpool,member,mb:83ca349f-ae2d-46ec-9956-0145468b8fef,Ian Redman,MusicBrainz member relationship
Ultravox,London,member,mb:6e913bad-4812-4286-b6cc-18548422f194,John Foxx,MusicBrainz member relationship
Ultravox,London,member,mb:3cf7e3da-e927-4394-84aa-da608fc58ea8,Warren Cann,MusicBrainz member relationship
Ultravox,London,member,mb:24cac374-29bd-499f-a0f8-72165d2f2f43,Midge Ure,MusicBrainz member relationship
Ultravox,London,member,mb:cf0f3b6e-6ecd-4b66-88b4-c93b608aef9a,Tony Fennell,MusicBrainz member relationship
Ultravox,London,member,mb:2c4f088a-8535-4db9-89ee-73e1e97fb4c5,Chris Cross,MusicBrainz member relationship
Ultravox,London,member,mb:820408ab-a3b5-429b-94b2-774693a6ae62,Billy Currie,MusicBrainz member relationship
Ultravox,London,member,mb:9990aa73-ba85-4d33-9299-7becce57ce91,Robin Simon,MusicBrainz member relationship
Ultravox,London,member,mb:9dff829d-f7b7-4de6-99e2-31553b838401,Stevie Shears,MusicBrainz member relationship
Underworld,London,member,mb:56b03d14-93ce-4fd7-816c-8a53c4983b9b,Baz Allen,MusicBrainz member relationship
Underworld,London,member,mb:489217cc-cb13-4ea3-9013-166fa5374aa4,Bryn B. Burrows,MusicBrainz member relationship
Underworld,London,member,mb:09151619-a280-4e43-bfb1-cdc01ef2e286,Alfie Thomas,MusicBrainz member relationship
Underworld,London,member,mb:05de4cde-ba6e-4be8-a8fb-0aa4f6c56df8,Karl Hyde,MusicBrainz member relationship
Underworld,London,member,mb:ad5ed770-c776-42fe-affb-3c462e000f6d,Rick Smith,MusicBrainz member relationship
Underworld,London,member,mb:90cd1311-85df-45fc-9783-c7a23cfba45a,Darren Emerson,MusicBrainz member relationship
Underworld,London,member,mb:f0b1715f-2879-423f-a797-dbbc78db0ca6,Pascal Consoli,MusicBrainz member relationship
Underworld,London,member,mb:a3c1211b-9422-43be-a75c-5b6778e7c0b6,Band Aid 30,MusicBrainz member relationship
Until The Ribbon Breaks,Cardiff,member,mb:8ed0738d-ab34-436e-b221-596ab3459770,Pete Lawrie Winfield,MusicBrainz member relationship
Uriah Heep,London,member,mb:7303e54f-913f-4f35-84eb-d1b8604d66a0,Alex Napier,MusicBrainz member relationship
Uriah Heep,London,member,mb:5e7ddc79-14ba-419c-8af3-ba1f0e116e43,Paul Newton,MusicBrainz member relationship
Uriah Heep,London,member,mb:fbde9c00-b634-4dd7-a97f-4417876b0748,David Byron,MusicBrainz member relationship
Uriah Heep,London,member,mb:10ee6f43-d884-41c7-b0aa-337b54e5dc8a,Ken Hensley,MusicBrainz member relationship
Uriah Heep,London,member,mb:86b0ca1a-0ca6-4f06-b4ef-f5dda64c91a0,Mick Box,MusicBrainz member relationship
Uriah Heep,London,member,mb:abf2ca9f-c09d-462c-9551-bae8eea95052,Keith Baker,MusicBrainz member relationship
Uriah Heep,London,member,mb:cc1c5ad9-1ee0-4f83-bd2f-d7f66a4ebdf0,Nigel Olsson,MusicBrainz member relationship
Uriah Heep,London,member,mb:ed0437c9-f54a-4392-8ccb-e73c2871225c,Iain Clark,MusicBrainz member relationship
Uriah Heep,London,member,mb:9e05e600-91e9-45e1-9823-f5e90faf29a5,Mark Clarke,MusicBrainz member relationship
Uriah Heep,London,member,mb:ad9ec5c1-f84a-42b6-a0c1-9c4606827d05,Lee Kerslake,MusicBrainz member relationship
Uriah Heep,London,member,mb:9ee465b6-ba68-4100-9b04-1df615f70b7c,Gary Thain,MusicBrainz member relationship
Uriah Heep,London,member,mb:50bfd9b9-b5a5-4f25-ad19-b0b129d14267,John Wetton,MusicBrainz member relationship
Uriah Heep,London,member,mb:0bff597b-936e-4a59-9c21-2ade17570c08,John Lawton,MusicBrainz member relationship
Uriah Heep,London,member,mb:64c596f6-45a1-4834-8cff-25eddff998a3,Trevor Bolder,MusicBrainz member relationship
Uriah Heep,London,member,mb:e3d0737a-b011-4d14-948a-81ee0a55f098,Chris Slade,MusicBrainz member relationship
Uriah Heep,London,member,mb:96729300-4d20-4944-a63b-5e804864d73d,John Sloman,MusicBrainz member relationship
Uriah Heep,London,member,mb:77aa3033-d1fb-445a-876d-604cddcf10f1,Gregg Dechert,MusicBrainz member relationship
Uriah Heep,London,member,mb:af49ecbb-a0b9-4805-9cec-f97eac794c81,Bob Daisley,MusicBrainz member relationship
Uriah Heep,London,member,mb:0e1b87d1-ecaf-4d9e-b2f2-d3ba9438ebc2,Peter Goalby,MusicBrainz member relationship
Uriah Heep,London,member,mb:ab92465a-fb88-4196-87a0-81f1e2aa6483,John Sinclair,MusicBrainz member relationship
Uriah Heep,London,member,mb:0715b726-8ed0-4bda-b09f-0e319ce5a6ec,Steff Fontaine,MusicBrainz member relationship
Uriah Heep,London,member,mb:0f81576e-adcb-4bb1-9c63-5741d2b18c45,Phil Lanzon,MusicBrainz member relationship
Uriah Heep,London,member,mb:f7267e3e-aebd-410c-adf1-572e5ee95658,Bernie Shaw,MusicBrainz member relationship
Uriah Heep,London,member,mb:15330c9f-ad7d-4468-8477-077c34771f86,Russell Gilbrook,MusicBrainz member relationship
Uriah Heep,London,member,mb:d291a143-751a-4d6f-bd25-c8e0ed6de24e,Davey Rimmer,MusicBrainz member relationship
VNV Nation,London,member,mb:b2d7715d-899f-4b52-9f60-05cb11bae008,Ronan Harris,MusicBrainz member relationship
VNV Nation,London,member,mb:c18d767c-c1af-4bdb-8fa9-4634b545eb34,Mark Jackson,MusicBrainz member relationship
Van Der Graaf Generator,Manchester,member,mb:6caab8ca-b4d3-42e1-ac37-ae524243d710,Nick Pearne,MusicBrainz member relationship
Van Der Graaf Generator,Manchester,member,mb:81e84159-2d98-4165-87a0-51739438fcc3,Judge Smith,MusicBrainz member relationship
Van Der Graaf Generator,Manchester,member,mb:3b972356-4410-4858-ab9c-6e3c3cf76609,Peter Hammill,MusicBrainz member relationship
Van Der Graaf Generator,Manchester,member,mb:9e908773-f63a-4989-a8f3-0af9dcacd861,Keith Ian Ellis,MusicBrainz member relationship
Van Der Graaf Generator,Manchester,member,mb:a4210337-8d51-496f-a8e3-02bf69fe4c54,Hugh Banton,MusicBrainz member relationship
Van Der Graaf Generator,Manchester,member,mb:b200ab1b-4d89-4c31-8388-5fc1c658d969,Guy Evans,MusicBrainz member relationship
Van Der Graaf Generator,Manchester,member,mb:1331620d-9c52-4c3c-9976-e0e89ebbf3c1,Nic Potter,MusicBrainz member relationship
Van Der Graaf Generator,Manchester,member,mb:a2c4fb6b-0118-4cf3-93ab-3b7a96e5b2c3,David Jackson,MusicBrainz member relationship
Van Der Graaf Generator,Manchester,member,mb:8c892998-0091-40da-8067-db36c2c5a52d,Graham Smith,MusicBrainz member relationship
Van Der Graaf Generator,Manchester,member,mb:69b33d19-62d3-415b-b3d7-0d8ab6412cc3,Chas Dickie,MusicBrainz member relationship
Venom,Newcastle,member,mb:5d6c8997-0760-4969-9a7d-34fdce1b289e,Abaddon,MusicBrainz member relationship
Venom,Newcastle,member,mb:a9753291-d0b5-4396-9a57-d297831543bc,Mantas,MusicBrainz member relationship
Venom,Newcastle,member,mb:8e3d391a-9868-4025-a77c-176a17cca614,Cronos,MusicBrainz member relationship
Venom,Newcastle,member,mb:159c0b45-b940-4fc6-8423-d714977fb158,Mykvs,MusicBrainz member relationship
Venom,Newcastle,member,mb:b8d7c011-d8c8-4437-895c-ccb954736d2c,Al Barnes,MusicBrainz member relationship
Venom,Newcastle,member,mb:7dd0ba74-5efa-4570-8382-b7c4d78fb1ba,Tony “Demolition Man” Dolan,MusicBrainz member relationship
Venom,Newcastle,member,mb:dced071c-87cf-4b1c-87aa-179e4ce21423,Antton,MusicBrainz member relationship
Venom,Newcastle,member,mb:1706f8cd-be55-4d01-b216-24d1079afeda,Stuart “La Rage” Dixon,MusicBrainz member relationship
Venom,Newcastle,member,mb:bf4c8efc-6b06-43e2-93e8-0e0b0e61ed7e,Danny “Dante” Needham,MusicBrainz member relationship
Venom,Newcastle,member,mb:4d1fbb49-bc69-42f1-bb66-ca7c2e8dc914,Dave Young,MusicBrainz member relationship
Venom,Newcastle,member,mb:2a0d98e6-2b26-4a13-b9f0-fd8e212020c0,Mike Hickey,MusicBrainz member relationship
Venom,Newcastle,member,mb:7335b4ed-57a8-4ba6-80fa-a54bf379b958,Steve White,MusicBrainz member relationship
Vessels,Leeds,member,mb:9747c6d7-3be0-49be-8f56-a97050a7b08d,Tom Evans,MusicBrainz member relationship
Vessels,Leeds,member,mb:f503b14c-3fcc-4b37-8aca-ccdd6fa2de23,Lee J. Malcolm,MusicBrainz member relationship
Vessels,Leeds,member,mb:67a38e11-9ce4-4166-aabe-223c5df3551f,Tim Mitchell,MusicBrainz member relationship
Vessels,Leeds,member,mb:23141293-990e-40bb-aa1c-6bdca8aeee39,Martin Teff,MusicBrainz member relationship
Vessels,Leeds,member,mb:3e0125cf-f0ec-4879-839e-e3f6eb07cc2e,Peter Wright,MusicBrainz member relationship
Viola Beach,Warrington,member,mb:afcbe6f6-5b8f-433e-9266-1270be8e474d,Jack Dakin,MusicBrainz member relationship
Viola Beach,Warrington,member,mb:92ad16e9-ddbd-4ac4-9337-17dd73a69d2c,Kris Leonard,MusicBrainz member relationship
Viola Beach,Warrington,member,mb:7745c8c0-6dad-4273-a7a9-aa0fd8ce1aad,Tomas Lowe,MusicBrainz member relationship
Viola Beach,Warrington,member,mb:1a55cad9-7a3e-44a1-8ef6-410b74779a1b,River Reeves,MusicBrainz member relationship
Wang Chung,London,member,mb:34388689-2230-4e92-8d41-dff6a2463eeb,David Burnand,MusicBrainz member relationship
Wang Chung,London,member,mb:f70c521b-7991-4dd5-b7cf-d8d7fe9507cd,Darren Costin,MusicBrainz member relationship
Wang Chung,London,member,mb:8d296da2-c5d5-45d8-bdb6-f82efd0404a4,Nick Feldman,MusicBrainz member relationship
Wang Chung,London,member,mb:b6546fdf-06d3-44ee-9563-e73a6f2791a1,Jack Hues,MusicBrainz member relationship
Warning,London,member,mb:705aa2dc-e49e-4610-90eb-c9d6676f2da8,John Sellings,MusicBrainz member relationship
Warning,London,member,mb:cb9e2f28-1bd1-4306-9e48-ac775d716ca2,Stu Springthorpe,MusicBrainz member relationship
Warning,London,member,mb:050f7730-d9af-417d-8dfb-c34901555c18,Patrick Walker,MusicBrainz member relationship
Warning,London,member,mb:a94d9203-fee6-435a-9fc3-7b7d895309bc,Wayne Taylor,MusicBrainz member relationship
Warning,London,member,mb:a0bad38f-1260-40af-b2f2-97540dd71f01,Christian Leitch,MusicBrainz member relationship
Warning,London,member,mb:43064041-5a87-4373-aae4-85c1b2eafd22,Marcus Hatfield,MusicBrainz member relationship
Warning,London,member,mb:113b216d-0811-42f1-ae9b-4c435bcc9bec,Andrew Prestidge,MusicBrainz member relationship
We Were Promised Jetpacks,Edinburgh,member,mb:bb3ac2a8-31ab-44e7-9ac6-afa7208df258,Michael Palmer,MusicBrainz member relationship
We Were Promised Jetpacks,Edinburgh,member,mb:896744ea-30b1-4152-8295-2851e94cb92c,Darren Lackie,MusicBrainz member relationship
We Were Promised Jetpacks,Edinburgh,member,mb:5d100ea0-2a34-4402-bb12-d84947b45684,Sean Smith,MusicBrainz member relationship
We Were Promised Jetpacks,Edinburgh,member,mb:6a33703a-2bcb-4898-84a8-9d70fd7f401f,Adam Thompson,MusicBrainz member relationship
Wet Wet Wet,Glasgow,member,mb:7dc18699-c051-4a0c-9014-767ee4726d2b,Graeme Clark,MusicBrainz member relationship
Wet Wet Wet,Glasgow,member,mb:974d0253-45a0-41ae-b31f-7acaec20b93e,Tom Cunningham,MusicBrainz member relationship
Wet Wet Wet,Glasgow,member,mb:64c57a3d-443f-4df4-a048-54e8e16154e8,Graeme Duffin,MusicBrainz member relationship
Wet Wet Wet,Glasgow,member,mb:feaecd90-da0c-4445-8bf8-650642355a67,Neil Mitchell,MusicBrainz member relationship
Wet Wet Wet,Glasgow,member,mb:c7472c12-7bd1-4d61-8698-ceb2496f2c70,Marti Pellow,MusicBrainz member relationship
Wet Wet Wet,Glasgow,member,mb:897aad4b-074a-4ae1-93b5-2d65268e9551,Kevin Simm,MusicBrainz member relationship
Wham!,London,member,mb:879d2b62-9c23-4d7d-a45a-aa16563db99d,Hugh Burns,MusicBrainz member relationship
Wham!,London,member,mb:429c1c1a-f211-4dee-8b4d-624db60079d6,Danny Cummings,MusicBrainz member relationship
Wham!,London,member,mb:1209bc25-dcb9-4c96-a1b0-b62a084c1165,Pepsi DeMacque,MusicBrainz member relationship
Wham!,London,member,mb:4b66082d-36a3-4418-a80c-ea7773e46bf6,Deon Estus,MusicBrainz member relationship
Wham!,London,member,mb:2cf63b2a-7265-4634-9eb1-14e4cc0b625d,Mark Fisher,MusicBrainz member relationship
Wham!,London,member,mb:c72e3490-0e41-4c81-8c61-bf8a2c700144,Shirlie Holliman,MusicBrainz member relationship
Wham!,London,member,mb:ccb8f30e-4d71-40c4-8b1d-846dafe73e2c,George Michael,MusicBrainz member relationship
Wham!,London,member,mb:354a632e-878f-4165-8f92-c818df3f2087,Trevor Murrell,MusicBrainz member relationship
Wham!,London,member,mb:6a07c595-3096-43c2-99f2-509c0762b822,Andrew Ridgeley,MusicBrainz member relationship
While She Sleeps,Sheffield,member,mb:4bc76720-ec07-4e9b-9e20-c8249ac8cbc6,Jordan Widdowson,MusicBrainz member relationship
While She Sleeps,Sheffield,member,mb:ae4ef436-0b38-47fb-8434-bd33ce39ebd5,Sean Long,MusicBrainz member relationship
While She Sleeps,Sheffield,member,mb:be4e7a64-86c7-4321-a404-3802f8633b5f,Aaran Mckenzie,MusicBrainz member relationship
While She Sleeps,Sheffield,member,mb:22a294a1-0828-4617-8755-677e07e87515,Adam Savage,MusicBrainz member relationship
While She Sleeps,Sheffield,member,mb:d7c4994e-b5b4-4e47-8464-8d1e69a10377,Lawrence Taylor,MusicBrainz member relationship
While She Sleeps,Sheffield,member,mb:2ddc243b-2c5a-41fa-b5b7-8ce183522159,Mat Welsh,MusicBrainz member relationship
White Lies,London,member,mb:b136602a-573f-42d2-91d4-68f1574fdf27,Charles Cave,MusicBrainz member relationship
White Lies,London,member,mb:f1c2b943-2f51-4b61-a34c-0d59aab847dd,Jack Lawrence-Brown,MusicBrainz member relationship
White Lies,London,member,mb:c9b1bb0b-1f75-4fdf-8721-ef821509dda7,Harry McVeigh,MusicBrainz member relationship
Whitesnake,Middlesbrough,member,mb:5ba24696-7699-4a7c-a0a9-622fe83b1c53,Peter Solley,MusicBrainz member relationship
Whitesnake,Middlesbrough,member,mb:9034a5c6-9541-4aab-9466-5945210a1aac,Dave Dowle,MusicBrainz member relationship
Whitesnake,Middlesbrough,member,mb:8b57275b-4eed-4cc8-bee1-45560350f35b,Bernie Marsden,MusicBrainz member relationship
Whitesnake,Middlesbrough,member,mb:6bf692e0-baac-4428-94c3-423d52508cf0,Jon Lord,MusicBrainz member relationship
Whitesnake,Middlesbrough,member,mb:9b871820-04ac-47fe-ac42-265e963b8fa5,Micky Moody,MusicBrainz member relationship
Whitesnake,Middlesbrough,member,mb:7d0b58b5-88ca-4424-a6e5-21202ac19147,Neil Murray,MusicBrainz member relationship
Whitesnake,Middlesbrough,member,mb:8b26558a-1073-45cf-b9a2-233703654ffb,David Coverdale,MusicBrainz member relationship
Whitesnake,Middlesbrough,member,mb:29c11f6b-df9f-454f-964e-75eedadb4a1e,Ian Paice,MusicBrainz member relationship
Whitesnake,Middlesbrough,member,mb:188c0132-0e8b-461c-a4f6-eeb0c8d45d7d,Mel Galley,MusicBrainz member relationship
Whitesnake,Middlesbrough,member,mb:0b406e6d-a81b-45ee-bef2-2df2a6c63859,Cozy Powell,MusicBrainz member relationship
Whitesnake,Middlesbrough,member,mb:978ae39b-edb8-449f-b53e-d0e7260f7ac5,John Sykes,MusicBrainz member relationship
Whitesnake,Middlesbrough,member,mb:ff384c3c-e31c-478e-8de0-44b5400f4854,Aynsley Dunbar,MusicBrainz member relationship
Whitesnake,Middlesbrough,member,mb:0832f927-9bc6-4bb2-b538-343b29bde2e9,Vivian Campbell,MusicBrainz member relationship
Whitesnake,Middlesbrough,member,mb:a7f32bf1-ed5c-4071-a6c7-1877d2f58924,Tommy Aldridge,MusicBrainz member relationship
Whitesnake,Middlesbrough,member,mb:43bf09ec-467e-4934-8d05-b47f955c2848,Rudy Sarzo,MusicBrainz member relationship
Whitesnake,Middlesbrough,member,mb:a61de5d6-5c37-443d-abee-63a8a18bbd20,Adrian Vandenberg,MusicBrainz member relationship
Whitesnake,Middlesbrough,member,mb:5e7ccd92-6277-451a-aab9-1efd587c50f3,Steve Vai,MusicBrainz member relationship
Whitesnake,Middlesbrough,member,mb:46bbc3d0-9635-48f7-a10e-acdd1d6205b7,Warren DeMartini,MusicBrainz member relationship
Whitesnake,Middlesbrough,member,mb:c3e4536e-f260-45f3-9c42-0b19f2f44bf8,Paul Mirkovich,MusicBrainz member relationship
Whitesnake,Middlesbrough,member,mb:02f8e7b5-3ac4-4295-abb7-de33500befa7,Tony Franklin,MusicBrainz member relationship
Whitesnake,Middlesbrough,member,mb:7d1ebc92-1be4-4d3e-a939-c7a59025ff40,Marco Mendoza,MusicBrainz member relationship
Whitesnake,Middlesbrough,member,mb:3aa2ef6a-bca5-4872-b790-60d9f792ca9b,Timothy Drury,MusicBrainz member relationship
Whitesnake,Middlesbrough,member,mb:9e74d76d-bb5c-4454-9028-9b8f6e241d9b,Doug Aldrich,MusicBrainz member relationship
Whitesnake,Middlesbrough,member,mb:d12e4035-354b-478f-9d8f-5ac5c3a58965,Reb Beach,MusicBrainz member relationship
Whitesnake,Middlesbrough,member,mb:eeb3b35f-75be-4241-b916-5bbc4314798e,Uriah Duffy,MusicBrainz member relationship
Whitesnake,Middlesbrough,member,mb:0faf1e67-486d-49d6-9e63-ab5a0a7dd637,Chris Frazier,MusicBrainz member relationship
Whitesnake,Middlesbrough,member,mb:b2aab415-e6dd-462e-befd-7d017e13872f,Michael Devin,MusicBrainz member relationship
Whitesnake,Middlesbrough,member,mb:1a2ab2e2-2f51-4a8b-97ef-5956cd7e4e69,Brian Tichy,MusicBrainz member relationship
Whitesnake,Middlesbrough,member,mb:c33ea9dd-818c-4935-809e-44194ee3ee29,Joel Hoekstra,MusicBrainz member relationship
Whitesnake,Middlesbrough,member,mb:1456098b-02c9-4e63-851c-f09770645d32,Michele Luppi,MusicBrainz member relationship
Whitesnake,Middlesbrough,member,mb:75952208-c9a5-404b-8dfe-f850f398d32f,Tanya O’Callaghan,MusicBrainz member relationship
Whitesnake,Middlesbrough,member,mb:7bc59d89-a637-4363-87e2-36219cedb01d,Dino Jelusick,MusicBrainz member relationship
Wire,London,member,mb:147d5b31-8ed7-4fbe-9918-c9d6fa26e0a7,Robert Gotobed,MusicBrainz member relationship
Wire,London,member,mb:8c0c14fa-918a-42ff-a8ed-b8211031f828,Bruce Gilbert,MusicBrainz member relationship
Wire,London,member,mb:b164a18b-7de1-46c3-bf61-c015bbfc528f,Graham Lewis,MusicBrainz member relationship
Wire,London,member,mb:7178b24a-4ec0-48bb-b740-deef07deafd8,Colin Newman,MusicBrainz member relationship
Wire,London,member,mb:7b3b5228-d3af-45a5-a978-88bc2b1d3c27,Matthew Simms,MusicBrainz member relationship
Wishbone Ash,Torbay,member,mb:a3dd566f-bae7-4b3d-a55c-38f3f3f2c9c7,Martin Turner,MusicBrainz member relationship
Wishbone Ash,Torbay,member,mb:0e365146-cc9d-4547-9e7c-2efb90ab21be,Steve Upton,MusicBrainz member relationship
Wishbone Ash,Torbay,member,mb:d1d84e61-6fa8-406e-b983-4bab93e43905,Andy Powell,MusicBrainz member relationship
Wishbone Ash,Torbay,member,mb:d6bf0533-792a-4dc6-9c87-58cb54cb8ae8,Laurie Wisefield,MusicBrainz member relationship
Wishbone Ash,Torbay,member,mb:fdde4b0a-dcfe-44d9-83dc-df98d98dac95,Ted Turner,MusicBrainz member relationship
Wishbone Ash,Torbay,member,mb:64c596f6-45a1-4834-8cff-25eddff998a3,Trevor Bolder,MusicBrainz member relationship
Wishbone Ash,Torbay,member,mb:50bfd9b9-b5a5-4f25-ad19-b0b129d14267,John Wetton,MusicBrainz member relationship
Wishbone Ash,Torbay,member,mb:65b78e4a-dd50-43ac-81a5-0540490d2aec,Andy Pyle,MusicBrainz member relationship
Wishbone Ash,Torbay,member,mb:cad68f40-9962-4b98-a0a4-b6503da69157,Robbie France,MusicBrainz member relationship
Wishbone Ash,Torbay,member,mb:27b8c720-ed70-45e5-9a8a-bdf484803331,Tony Kishman,MusicBrainz member relationship
Wishbone Ash,Torbay,member,mb:b13d2197-01bb-412f-a888-106791a99741,Ben Granfelt,MusicBrainz member relationship
Wishbone Ash,Torbay,member,mb:c91a8f45-5219-4a10-b783-65ea863437a0,Bob Skeat,MusicBrainz member relationship
Wishbone Ash,Torbay,member,mb:2d24b202-73dd-49e7-9bad-4634c81f3479,Muddy Manninen,MusicBrainz member relationship
Wishbone Ash,Torbay,member,mb:5ec8098e-5b49-417b-b9c1-aad836bf8a4f,Joe Crabtree,MusicBrainz member relationship
Wishbone Ash,Torbay,member,mb:903e3c39-420a-4121-9f69-c709e0ad64c0,Mark Abrahams,MusicBrainz member relationship
Wishbone Ash,Torbay,member,mb:e3f40d48-8f70-4654-9bdf-4a4ce1c95642,Claire Hamill,MusicBrainz member relationship
Wishbone Ash,Torbay,member,mb:2948c1d6-876e-450c-bcf2-9478780505a9,Ray Weston,MusicBrainz member relationship
Wishbone Ash,Torbay,member,mb:f57724b1-2ef1-4ab2-b21a-5bd52094f7a3,Jamie Crompton,MusicBrainz member relationship
Witchfinder General,Birmingham,member,mb:20ee80ba-2e8c-46eb-b59f-14cd8a720d46,Johnny Fisher,MusicBrainz member relationship
Witchfinder General,Birmingham,member,mb:c828bada-e869-4c17-843b-5f7517df288a,Steve Kinsell,MusicBrainz member relationship
Witchfinder General,Birmingham,member,mb:334e8c50-7860-43db-8afc-00a1ab79a135,Phil Cope,MusicBrainz member relationship
Witchfinder General,Birmingham,member,mb:833cb692-4da2-4cac-b8f4-14566ee692af,Zeeb Parkes,MusicBrainz member relationship
Witchfinder General,Birmingham,member,mb:ff4db713-90be-4477-92dd-914f177779aa,Kevin McCready,MusicBrainz member relationship
Witchfinder General,Birmingham,member,mb:0e9e320d-801b-49ee-9de2-eeae96574772,Graham Ditchfield,MusicBrainz member relationship
Witchfinder General,Birmingham,member,mb:3fcd7e14-3a4a-4eef-89f6-e26ac8e92ccc,Rod Hawkes,MusicBrainz member relationship
Witchfinder General,Birmingham,member,mb:5f3e9447-0f3e-4dab-8252-905cf136f3cc,Dermot Redmond,MusicBrainz member relationship
Witchfinder General,Birmingham,member,mb:39c0961c-e282-43fc-b9d9-ccd8cc330339,Gary Martin,MusicBrainz member relationship
Wizzard,Birmingham,member,mb:f9fd59fa-6f3f-4c07-88c7-7fab476f8932,Bill Hunt,MusicBrainz member relationship
Wizzard,Birmingham,member,mb:36629144-ea7f-4005-8d40-19dd326ce59b,Hugh McDowell,MusicBrainz member relationship
Wizzard,Birmingham,member,mb:c5141b92-0173-4626-9eec-64176e1575f6,Mike Burney,MusicBrainz member relationship
Wizzard,Birmingham,member,mb:218bea41-7827-481c-90a4-cd090d9a22d2,Charlie Grima,MusicBrainz member relationship
Wizzard,Birmingham,member,mb:44edc7cf-d508-4afb-9a1c-9c09af598d17,Nick Pentelow,MusicBrainz member relationship
Wizzard,Birmingham,member,mb:47d37e2f-d7ef-4747-8f49-8cac7694fbd0,Rick Price,MusicBrainz member relationship
Wizzard,Birmingham,member,mb:7e250b30-949f-4e5e-9bc1-6ee13b84c907,Keith Smart,MusicBrainz member relationship
Wizzard,Birmingham,member,mb:9b39603c-0bdf-4697-86d2-fdd3498b4c0e,Roy Wood,MusicBrainz member relationship
Wizzard,Birmingham,member,mb:c1052b00-0afd-4f75-a564-decf530a36fa,Bob Brady,MusicBrainz member relationship
Wolf Alice,London,member,mb:c1dc675b-744d-437b-93eb-58c4d7146bcc,George Barlett,MusicBrainz member relationship
Wolf Alice,London,member,mb:8f56842a-0a62-4496-9642-c58594526b33,Sadie Cleary,MusicBrainz member relationship
Wolf Alice,London,member,mb:b19f4b57-9baf-4717-ae63-5c3d67df8ffa,Ellie Rowsell,MusicBrainz member relationship
Wolf Alice,London,member,mb:28d19aa5-2f90-402d-87bd-00e623660465,Joel Amey,MusicBrainz member relationship
Wolf Alice,London,member,mb:4c6b831a-a106-4b36-9277-5fa621e08acb,Theo Ellis,MusicBrainz member relationship
Wolf Alice,London,member,mb:41e09d7b-bac0-4e16-a4fa-8183ed6dadb8,Joff Oddie,MusicBrainz member relationship
Wolf Gang,London,member,mb:f9af09d8-bf78-4f8d-a4d3-0e5bfcb884bb,Max McElligott,MusicBrainz member relationship
Wolf Gang,London,member,mb:caf43981-d1a0-41a5-8927-16073f45e246,James Wood,MusicBrainz member relationship
Wolf Gang,London,member,mb:02d090d9-e27b-49d4-83c1-c09cee0dca9c,Lasse Scheufens Petersen,MusicBrainz member relationship
Wolf Gang,London,member,mb:9afc132d-175a-476f-8f6d-ceda51979f9a,Gavin John Slater,MusicBrainz member relationship
World Party,London,member,mb:6d37b060-f414-4ef3-bd2e-2e7ca77eca48,David Catlin‐Birch,MusicBrainz member relationship
World Party,London,member,mb:b146ee7d-c823-4d68-bd88-ea6e43bd076c,Amanda Kramer,MusicBrainz member relationship
World Party,London,member,mb:6e861d76-3927-44ee-ade1-cf1717134e96,Jeff Trott,MusicBrainz member relationship
World Party,London,member,mb:0b78c726-cac3-46aa-ba91-2bd5bc83982c,Karl Wallinger,MusicBrainz member relationship
X-Press 2,London,member,mb:e0d6cbe7-60cc-4d3d-b5a7-36db7b8b4931,Ashley Beedle,MusicBrainz member relationship
X-Press 2,London,member,mb:114d409c-2a82-49f1-9df4-e937e50a5da4,Darren House,MusicBrainz member relationship
X-Press 2,London,member,mb:33f8dbe6-9642-4d23-804f-1ed06987e34c,Rocky,MusicBrainz member relationship
XTC,Swindon,member,mb:1e02239b-5961-477e-ae23-d4aa4113954d,Jonathan Perkins,MusicBrainz member relationship
XTC,Swindon,member,mb:1641d08f-b56f-4255-a493-d295ae6c1213,Barry Andrews,MusicBrainz member relationship
XTC,Swindon,member,mb:24d0b158-cac4-4163-a668-eeb69073f25b,Terry Chambers,MusicBrainz member relationship
XTC,Swindon,member,mb:2375c2a4-f94d-43bb-9f7b-d8e3352300a0,Dave Gregory,MusicBrainz member relationship
XTC,Swindon,member,mb:2dd07d00-33a8-478e-8eaa-0cdab0aa2113,Colin Moulding,MusicBrainz member relationship
XTC,Swindon,member,mb:58bf6897-e828-4cd0-9728-c0a3da4d2121,Andy Partridge,MusicBrainz member relationship
Xentrix,Preston,member,mb:4b616632-e051-49ac-b695-cacbe1b7016e,Chris Astley,MusicBrainz member relationship
Xentrix,Preston,member,mb:ec369737-543e-410a-977e-8778f78482a0,Dennis Gasser,MusicBrainz member relationship
Xentrix,Preston,member,mb:7b5d5537-ebdc-4e2d-bee7-f80a81f1cc74,Kristian Havard,MusicBrainz member relationship
Xentrix,Preston,member,mb:9de62241-198a-49aa-b6e8-170b42b332d7,Paul MacKenzie,MusicBrainz member relationship
Yard Act,Leeds,member,mb:516ac353-2dff-4ec0-9bb3-bb07fff143ef,Sammy Robinson,MusicBrainz member relationship
Yard Act,Leeds,member,mb:ad66234a-9d22-47c8-a2c7-458b87c724ef,George Townend,MusicBrainz member relationship
Yard Act,Leeds,member,mb:717e0d65-2019-443c-99cb-073609618df3,Ryan Needham,MusicBrainz member relationship
Yard Act,Leeds,member,mb:2526ba89-6c01-4dd0-8f51-94f69308ecf6,James Smith,MusicBrainz member relationship
Yard Act,Leeds,member,mb:b63e4b30-9a8a-4304-8109-8a5a73cc8afa,Jay Russell,MusicBrainz member relationship
Yard Act,Leeds,member,mb:dc0c6249-3a0e-437c-9992-aabb97618d25,Sam Shipstone,MusicBrainz member relationship
Yazoo,London,member,mb:6ef12fc1-40f4-41ea-ac52-f487840255bd,Vince Clarke,MusicBrainz member relationship
Yazoo,London,member,mb:79feb79b-8f0d-4306-b30a-e28bd88c9323,Alison Moyet,MusicBrainz member relationship
Yes,London,member,mb:f1022919-81ce-4e56-a5e6-d5e7b6434ad5,Peter Banks,MusicBrainz member relationship
Yes,London,member,mb:ed4cbe86-f4df-47c9-9356-271e5709ccb5,Tony Kaye,MusicBrainz member relationship
Yes,London,member,mb:0211756e-139e-4b4c-a721-9ee9db363f12,Bill Bruford,MusicBrainz member relationship
Yes,London,member,mb:24202038-7b02-4444-96c2-cf2fc7b81308,Jon Anderson,MusicBrainz member relationship
Yes,London,member,mb:3765dccd-b659-4298-9211-15c3f73b40bf,Chris Squire,MusicBrainz member relationship
Yes,London,member,mb:9a4f2c10-60d6-4f78-9f8c-c0162424c41f,Steve Howe,MusicBrainz member relationship
Yes,London,member,mb:2ad06109-0a52-4b7b-8b7a-ca7c10baf597,Rick Wakeman,MusicBrainz member relationship
Yes,London,member,mb:eae2acb8-1ee4-476f-923d-36d8fe7b34bf,Alan White,MusicBrainz member relationship
Yes,London,member,mb:c872ab10-fd12-41cc-a6a0-8d1ac7263125,Patrick Moraz,MusicBrainz member relationship
Yes,London,member,mb:d04001e7-1d67-45a3-9da7-b7c6018e6c65,Geoff Downes,MusicBrainz member relationship
Yes,London,member,mb:b81c06a5-341f-4d04-a72e-7738030f792b,Trevor Horn,MusicBrainz member relationship
Yes,London,member,mb:884ee438-f185-4b2c-b23b-f96886bdc91f,Trevor Rabin,MusicBrainz member relationship
Yes,London,member,mb:7782442c-e71e-42b7-8197-fe15f513bb42,Billy Sherwood,MusicBrainz member relationship
Yes,London,member,mb:2571dad7-0a84-42ba-9929-e7046aaf888c,Igor Khoroshev,MusicBrainz member relationship
Yes,London,member,mb:c5ecce0a-1046-4974-9f82-dd7e2b80b571,Oliver Wakeman,MusicBrainz member relationship
Yes,London,member,mb:5f1b7c4c-aac1-4c95-bfd7-273dda0c606e,Benoît David,MusicBrainz member relationship
Yes,London,member,mb:18bdcfcf-022b-41f4-be0e-598112ec0045,Jon Davison,MusicBrainz member relationship
Yes,London,member,mb:94a5fddf-615c-4346-b539-e90a6a92ff8f,Jay Schellen,MusicBrainz member relationship
You Me At Six,London,member,mb:d8e1a8a3-01d6-45e9-8c18-968bedbb45e0,Josh Franceschi,MusicBrainz member relationship
You Me At Six,London,member,mb:da8867ce-8f74-49a6-ae0f-2ce322880fec,Matt Barnes,MusicBrainz member relationship
You Me At Six,London,member,mb:72883bb3-2abc-49d0-b049-ace07fccabc5,Dan Flint,MusicBrainz member relationship
You Me At Six,London,member,mb:e597ef8a-70f6-4950-b334-28a857899e99,Max Helyer,MusicBrainz member relationship
You Me At Six,London,member,mb:f229a47e-25b1-455b-a1f4-aa74decc64ea,Chris Miller,MusicBrainz member relationship
Young Fathers,Edinburgh,member,mb:48a3d441-728d-4da4-9d23-a68657c860ec,Callum Easter,MusicBrainz member relationship
Young Fathers,Edinburgh,member,mb:564bfa66-324c-4f7c-89d1-d012c67a151e,Graham Hastings,MusicBrainz member relationship
Young Marble Giants,Cardiff,member,mb:b65f82d0-444e-41bf-ae1b-12d09aba50df,Philip Moxham,MusicBrainz member relationship
Young Marble Giants,Cardiff,member,mb:78525942-beef-47e8-adbe-cee933e52128,Stuart Moxham,MusicBrainz member relationship
Young Marble Giants,Cardiff,member,mb:d03b561e-c65a-49bb-8edd-926433112e6b,Alison Statton,MusicBrainz member relationship
Yuck,London,member,mb:7bef3816-0354-446e-ad23-e9c1ef3d02fd,Daniel Blumberg,MusicBrainz member relationship
Yuck,London,member,mb:7c250f7b-1910-40c8-98fa-f5f641cab449,Max Bloom,MusicBrainz member relationship
Yuck,London,member,mb:b6937ca7-d8a8-436e-96ac-900797474236,Mariko Doi,MusicBrainz member relationship
Yuck,London,member,mb:5d2232d5-0d0a-44cd-8dd4-2d3c0408ff29,Jonny Rogoff,MusicBrainz member relationship
Yuck,London,member,mb:a2ec853d-56f3-49c9-9284-d834841c0313,Ed Hayes,MusicBrainz member relationship
Zero 7,London,member,mb:4be53eb7-32d7-4d7b-a995-345b90a507f6,Henry Binns,MusicBrainz member relationship
Zero 7,London,member,mb:677787f9-3d5a-40b5-a369-d2617fe6d63e,Sam Hardaker,MusicBrainz member relationship
alt-J,Leeds,member,mb:ca20f703-c454-4c51-aaf2-11599b8711f1,Joe Newman,MusicBrainz member relationship
alt-J,Leeds,member,mb:fcc5ad85-4726-4580-82a3-f721ab13d744,Gwil Sainsbury,MusicBrainz member relationship
alt-J,Leeds,member,mb:c93a6e2a-ed9e-4148-96b3-a49097c2f4d8,Thom Green,MusicBrainz member relationship
alt-J,Leeds,member,mb:9b389776-09a2-410f-8c39-67651a5af206,Gus Unger‐Hamilton,MusicBrainz member relationship
bis,Glasgow,member,mb:3a47e636-b891-4416-b6bb-5fcce198173e,John Disco,MusicBrainz member relationship
bis,Glasgow,member,mb:0b6d04ac-d66d-43d9-b604-3b91b1a780b5,Manda Rin,MusicBrainz member relationship
bis,Glasgow,member,mb:bec1499c-a18a-44c2-98f6-8a38b63e8a8b,Sci‐Fi Steven,MusicBrainz member relationship
black midi,London,member,mb:365d7d30-0d7f-49de-a3a5-fde79261bda6,Matt Kwasniewski‐Kelvin,MusicBrainz member relationship
black midi,London,member,mb:6ca6f49f-41f3-49ae-8403-44d07bc6f564,Geordie Greep,MusicBrainz member relationship
black midi,London,member,mb:924c1d72-abf0-4d27-857e-07ac18a59f1a,Cameron Picton,MusicBrainz member relationship
black midi,London,member,mb:c3136ee8-f5b8-491e-acaa-60dda80e8eb1,Morgan Simpson,MusicBrainz member relationship
black midi,London,member,mb:475fd3bf-93d1-43a5-8d5d-6b684123275b,Kaidi Akinnibi,MusicBrainz member relationship
black midi,London,member,mb:f97a5613-eb6f-44bf-a238-4adf26aa7b06,Seth Evans,MusicBrainz member relationship
black midi,London,member,mb:85de03e1-4aae-4965-aa29-c2942cd4a6c4,"black midi, New Road",MusicBrainz member relationship
bôa,London,member,mb:f445f5c1-b9da-4788-a70e-5fbb183c9c96,Ed Herten,MusicBrainz member relationship
bôa,London,member,mb:fe51329a-f521-452e-b584-877083bbe045,Ben Henderson,MusicBrainz member relationship
bôa,London,member,mb:b83f65c4-2b7f-42dc-9592-652789f3ef2f,Paul Turrell,MusicBrainz member relationship
bôa,London,member,mb:4d09d3b4-e52e-4863-b5bf-f4219cda3573,Alex Caird,MusicBrainz member relationship
bôa,London,member,mb:222eafd8-dffb-4499-a38c-b47476e1535e,Jasmine Rodgers,MusicBrainz member relationship
bôa,London,member,mb:4eebe2eb-3ff0-4051-a590-4b00746e5628,Steve Rodgers,MusicBrainz member relationship
bôa,London,member,mb:a6051125-5682-48a3-9017-66414ae136ca,Lee Sullivan,MusicBrainz member relationship
lostprophets,Cardiff,member,mb:b061a30c-4943-4dba-9116-f57fd90c7871,Mike Chiplin,MusicBrainz member relationship
lostprophets,Cardiff,member,mb:fca51e78-21a0-45fb-ba9c-276d43f69478,Lee Gaze,MusicBrainz member relationship
lostprophets,Cardiff,member,mb:d07c3bb6-ba05-445b-a814-214bcc67368b,Mike Lewis,MusicBrainz member relationship
lostprophets,Cardiff,member,mb:2c1f05d8-987e-4e43-987c-aa9bdc265f8c,Ian Watkins,MusicBrainz member relationship
lostprophets,Cardiff,member,mb:49008c4d-c421-4ccf-86ff-56ba50e74aae,Stuart Richardson,MusicBrainz member relationship
lostprophets,Cardiff,member,mb:1b4353a5-9004-4950-af98-ff5cabdd9bb8,Jamie Oliver,MusicBrainz member relationship
lostprophets,Cardiff,member,mb:6b76ebd2-c44e-4059-b5ff-2854ccef92c1,Ilan Rubin,MusicBrainz member relationship
lostprophets,Cardiff,member,mb:ada309f6-c17f-4204-bedc-864a53dc05b1,Luke Johnson,MusicBrainz member relationship
shame,London,member,mb:929d9e7d-b615-4ab7-a2e8-3bc7dac257e1,Sean Coyle-Smith,MusicBrainz member relationship
shame,London,member,mb:37e3b646-610c-4def-994f-4fba22432a40,Charlie Forbes,MusicBrainz member relationship
shame,London,member,mb:1044db86-4be8-46b6-be86-4e1c9b0840a0,Eddie Green,MusicBrainz member relationship
shame,London,member,mb:47025d01-af64-42ef-877d-cbb9ef659ab0,Charlie Steen,MusicBrainz member relationship
shame,London,member,mb:ca1e6f5a-65da-4907-a751-0292cc6812b0,Josh Finerty,MusicBrainz member relationship
Ímar,Glasgow,member,mb:a3efe5e4-c289-44ba-9ca3-59c968421cd2,Mohsen Amini,MusicBrainz member relationship
Ímar,Glasgow,member,mb:efa4dbcd-67e2-44a0-bc65-0389f85205fb,Adam Brown,MusicBrainz member relationship
Ímar,Glasgow,member,mb:4a0f9de2-f76e-4974-ab18-309d1b69387d,Tomás Callister,MusicBrainz member relationship
Ímar,Glasgow,member,mb:9cd3aff2-a3bf-4fdb-80ef-f65158e0a8ec,Ryan Murphy,MusicBrainz member relationship
Ímar,Glasgow,member,mb:8d2658be-75df-4197-b5d4-d6fd34bc5f56,Adam Rhodes,MusicBrainz member relationship
２８１４,London,member,mb:2be0ee89-43ef-451c-88ac-dfe46fc520c2,HKE,MusicBrainz member relationship
２８１４,London,member,mb:ab838393-92c6-403e-8987-a936b3e934c2,t e l e p a t h テレパシー能力者,MusicBrainz member relationship
