STRUCTURE,STRUCTURE_ID,STRUCTURE_NAME,ACTION,REF_AREA,Reference area,FREQ,Frequency of observation,MEASURE,Measure,UNIT_MEASURE,Unit of measure,AGE,Age,SEX,Sex,ORIGIN,Origin,TERRITORIAL_LEVEL,Territorial level,CITIZENSHIP,Citizenship,TIME_PERIOD,Time period,OBS_VALUE,Observation value,OBS_STATUS,Observation status,UNIT_MULT,Unit multiplier,DECIMALS,Decimals
DATAFLOW,OECD.CFE.EDS:DSD_FUA_DEMO@DF_AGE_SEX(1.2),Population by age and sex - Cities and FUAs,I,AUS01C,Greater Sydney,A,Annual,POP,Population,PS,Persons,_T,Total,_T,Total,_Z,Not applicable,CITY,City,_Z,Not applicable,2021,,4432414,,A,Normal value,0,Units,0,Zero
DATAFLOW,OECD.CFE.EDS:DSD_FUA_DEMO@DF_AGE_SEX(1.2),Population by age and sex - Cities and FUAs,I,AUS20C,Gosford - Springfield,A,Annual,POP,Population,PS,Persons,_T,Total,_T,Total,_Z,Not applicable,CITY,City,_Z,Not applicable,2021,,77945,,A,Normal value,0,Units,0,Zero
DATAFLOW,OECD.CFE.EDS:DSD_FUA_DEMO@DF_AGE_SEX(1.2),Population by age and sex - Cities and FUAs,I,AUS02C,Greater Melbourne,A,Annual,POP,Population,PS,Persons,_T,Total,_T,Total,_Z,Not applicable,CITY,City,_Z,Not applicable,2021,,4226370,,A,Normal value,0,Units,0,Zero
DATAFLOW,OECD.CFE.EDS:DSD_FUA_DEMO@DF_AGE_SEX(1.2),Population by age and sex - Cities and FUAs,I,AUS03C,Greater Brisbane,A,Annual,POP,Population,PS,Persons,_T,Total,_T,Total,_Z,Not applicable,CITY,City,_Z,Not applicable,2021,,1809422,,A,Normal value,0,Units,0,Zero
DATAFLOW,OECD.CFE.EDS:DSD_FUA_DEMO@DF_AGE_SEX(1.2),Population by age and sex - Cities and FUAs,I,AUS04C,Greater Perth,A,Annual,POP,Population,PS,Persons,_T,Total,_T,Total,_Z,Not applicable,CITY,City,_Z,Not applicable,2021,,1470613,,A,Normal value,0,Units,0,Zero
DATAFLOW,OECD.CFE.EDS:DSD_FUA_DEMO@DF_AGE_SEX(1.2),Population by age and sex - Cities and FUAs,I,AUS21C,Rockingham,A,Annual,POP,Population,PS,Persons,_T,Total,_T,Total,_Z,Not applicable,CITY,City,_Z,Not applicable,2021,,76259,,A,Normal value,0,Units,0,Zero
DATAFLOW,OECD.CFE.EDS:DSD_FUA_DEMO@DF_AGE_SEX(1.2),Population by age and sex - Cities and FUAs,I,AUS05C,Greater Adelaide,A,Annual,POP,Population,PS,Persons,_T,Total,_T,Total,_Z,Not applicable,CITY,City,_Z,Not applicable,2021,,1203722,,A,Normal value,0,Units,0,Zero
DATAFLOW,OECD.CFE.EDS:DSD_FUA_DEMO@DF_AGE_SEX(1.2),Population by age and sex - Cities and FUAs,I,AUS06C,Gold Coast,A,Annual,POP,Population,PS,Persons,_T,Total,_T,Total,_Z,Not applicable,CITY,City,_Z,Not applicable,2021,,339206,,A,Normal value,0,Units,0,Zero
DATAFLOW,OECD.CFE.EDS:DSD_FUA_DEMO@DF_AGE_SEX(1.2),Population by age and sex - Cities and FUAs,I,AUS07C,Canberra,A,Annual,POP,Population,PS,Persons,_T,Total,_T,Total,_Z,Not applicable,CITY,City,_Z,Not applicable,2021,,313751,,A,Normal value,0,Units,0,Zero
DATAFLOW,OECD.CFE.EDS:DSD_FUA_DEMO@DF_AGE_SEX(1.2),Population by age and sex - Cities and FUAs,I,AUS08C,Newcastle,A,Annual,POP,Population,PS,Persons,_T,Total,_T,Total,_Z,Not applicable,CITY,City,_Z,Not applicable,2021,,292079,,A,Normal value,0,Units,0,Zero
DATAFLOW,OECD.CFE.EDS:DSD_FUA_DEMO@DF_AGE_SEX(1.2),Population by age and sex - Cities and FUAs,I,AUS10C,Wollongong,A,Annual,POP,Population,PS,Persons,_T,Total,_T,Total,_Z,Not applicable,CITY,City,_Z,Not applicable,2021,,140958,,A,Normal value,0,Units,0,Zero
DATAFLOW,OECD.CFE.EDS:DSD_FUA_DEMO@DF_AGE_SEX(1.2),Population by age and sex - Cities and FUAs,I,AUS11C,Sunshine Coast,A,Annual,POP,Population,PS,Persons,_T,Total,_T,Total,_Z,Not applicable,CITY,City,_Z,Not applicable,2021,,101847,,A,Normal value,0,Units,0,Zero
DATAFLOW,OECD.CFE.EDS:DSD_FUA_DEMO@DF_AGE_SEX(1.2),Population by age and sex - Cities and FUAs,I,AUS12C,Greater Hobart,A,Annual,POP,Population,PS,Persons,_T,Total,_T,Total,_Z,Not applicable,CITY,City,_Z,Not applicable,2021,,76888,,A,Normal value,0,Units,0,Zero
DATAFLOW,OECD.CFE.EDS:DSD_FUA_DEMO@DF_AGE_SEX(1.2),Population by age and sex - Cities and FUAs,I,AUS13C,Townsville,A,Annual,POP,Population,PS,Persons,_T,Total,_T,Total,_Z,Not applicable,CITY,City,_Z,Not applicable,2021,,115903,,A,Normal value,0,Units,0,Zero
DATAFLOW,OECD.CFE.EDS:DSD_FUA_DEMO@DF_AGE_SEX(1.2),Population by age and sex - Cities and FUAs,I,AUS14C,Geelong,A,Annual,POP,Population,PS,Persons,_T,Total,_T,Total,_Z,Not applicable,CITY,City,_Z,Not applicable,2021,,177944,,A,Normal value,0,Units,0,Zero
DATAFLOW,OECD.CFE.EDS:DSD_FUA_DEMO@DF_AGE_SEX(1.2),Population by age and sex - Cities and FUAs,I,AUS15C,Cairns,A,Annual,POP,Population,PS,Persons,_T,Total,_T,Total,_Z,Not applicable,CITY,City,_Z,Not applicable,2021,,97003,,A,Normal value,0,Units,0,Zero
DATAFLOW,OECD.CFE.EDS:DSD_FUA_DEMO@DF_AGE_SEX(1.2),Population by age and sex - Cities and FUAs,I,AUS16C,Greater Darwin,A,Annual,POP,Population,PS,Persons,_T,Total,_T,Total,_Z,Not applicable,CITY,City,_Z,Not applicable,2021,,55794,,A,Normal value,0,Units,0,Zero
DATAFLOW,OECD.CFE.EDS:DSD_FUA_DEMO@DF_AGE_SEX(1.2),Population by age and sex - Cities and FUAs,I,AUS17C,Toowoomba,A,Annual,POP,Population,PS,Persons,_T,Total,_T,Total,_Z,Not applicable,CITY,City,_Z,Not applicable,2021,,97927,,A,Normal value,0,Units,0,Zero
DATAFLOW,OECD.CFE.EDS:DSD_FUA_DEMO@DF_AGE_SEX(1.2),Population by age and sex - Cities and FUAs,I,AUS18C,Ballarat,A,Annual,POP,Population,PS,Persons,_T,Total,_T,Total,_Z,Not applicable,CITY,City,_Z,Not applicable,2021,,87654,,A,Normal value,0,Units,0,Zero
DATAFLOW,OECD.CFE.EDS:DSD_FUA_DEMO@DF_AGE_SEX(1.2),Population by age and sex - Cities and FUAs,I,AUS19C,Bendigo,A,Annual,POP,Population,PS,Persons,_T,Total,_T,Total,_Z,Not applicable,CITY,City,_Z,Not applicable,2021,,72307,,A,Normal value,0,Units,0,Zero
DATAFLOW,OECD.CFE.EDS:DSD_FUA_DEMO@DF_AGE_SEX(1.2),Population by age and sex - Cities and FUAs,I,AT001C,Wien,A,Annual,POP,Population,PS,Persons,_T,Total,_T,Total,_Z,Not applicable,CITY,City,_Z,Not applicable,2021,,1986108,,A,Normal value,0,Units,0,Zero
DATAFLOW,OECD.CFE.EDS:DSD_FUA_DEMO@DF_AGE_SEX(1.2),Population by age and sex - Cities and FUAs,I,AT002C,Graz,A,Annual,POP,Population,PS,Persons,_T,Total,_T,Total,_Z,Not applicable,CITY,City,_Z,Not applicable,2021,,291074,,A,Normal value,0,Units,0,Zero
DATAFLOW,OECD.CFE.EDS:DSD_FUA_DEMO@DF_AGE_SEX(1.2),Population by age and sex - Cities and FUAs,I,AT003C,Linz,A,Annual,POP,Population,PS,Persons,_T,Total,_T,Total,_Z,Not applicable,CITY,City,_Z,Not applicable,2021,,235416,,A,Normal value,0,Units,0,Zero
DATAFLOW,OECD.CFE.EDS:DSD_FUA_DEMO@DF_AGE_SEX(1.2),Population by age and sex - Cities and FUAs,I,AT004C,Salzburg,A,Annual,POP,Population,PS,Persons,_T,Total,_T,Total,_Z,Not applicable,CITY,City,_Z,Not applicable,2021,,155384,,A,Normal value,0,Units,0,Zero
DATAFLOW,OECD.CFE.EDS:DSD_FUA_DEMO@DF_AGE_SEX(1.2),Population by age and sex - Cities and FUAs,I,AT005C,Innsbruck,A,Annual,POP,Population,PS,Persons,_T,Total,_T,Total,_Z,Not applicable,CITY,City,_Z,Not applicable,2021,,131017,,A,Normal value,0,Units,0,Zero
DATAFLOW,OECD.CFE.EDS:DSD_FUA_DEMO@DF_AGE_SEX(1.2),Population by age and sex - Cities and FUAs,I,AT006C,Klagenfurt,A,Annual,POP,Population,PS,Persons,_T,Total,_T,Total,_Z,Not applicable,CITY,City,_Z,Not applicable,2021,,101737,,A,Normal value,0,Units,0,Zero
DATAFLOW,OECD.CFE.EDS:DSD_FUA_DEMO@DF_AGE_SEX(1.2),Population by age and sex - Cities and FUAs,I,BE001C,Bruxelles/Brussel,A,Annual,POP,Population,PS,Persons,_T,Total,_T,Total,_Z,Not applicable,CITY,City,_Z,Not applicable,2021,,1411186,,A,Normal value,0,Units,0,Zero
DATAFLOW,OECD.CFE.EDS:DSD_FUA_DEMO@DF_AGE_SEX(1.2),Population by age and sex - Cities and FUAs,I,BE008C,Leuven,A,Annual,POP,Population,PS,Persons,_T,Total,_T,Total,_Z,Not applicable,CITY,City,_Z,Not applicable,2021,,101032,,A,Normal value,0,Units,0,Zero
DATAFLOW,OECD.CFE.EDS:DSD_FUA_DEMO@DF_AGE_SEX(1.2),Population by age and sex - Cities and FUAs,I,BE012C,Mechelen,A,Annual,POP,Population,PS,Persons,_T,Total,_T,Total,_Z,Not applicable,CITY,City,_Z,Not applicable,2021,,86911,,A,Normal value,0,Units,0,Zero
DATAFLOW,OECD.CFE.EDS:DSD_FUA_DEMO@DF_AGE_SEX(1.2),Population by age and sex - Cities and FUAs,I,BE002C,Antwerpen,A,Annual,POP,Population,PS,Persons,_T,Total,_T,Total,_Z,Not applicable,CITY,City,_Z,Not applicable,2021,,643110,,A,Normal value,0,Units,0,Zero
DATAFLOW,OECD.CFE.EDS:DSD_FUA_DEMO@DF_AGE_SEX(1.2),Population by age and sex - Cities and FUAs,I,BE003C,Gent,A,Annual,POP,Population,PS,Persons,_T,Total,_T,Total,_Z,Not applicable,CITY,City,_Z,Not applicable,2021,,263703,,A,Normal value,0,Units,0,Zero
DATAFLOW,OECD.CFE.EDS:DSD_FUA_DEMO@DF_AGE_SEX(1.2),Population by age and sex - Cities and FUAs,I,BE004C,Charleroi,A,Annual,POP,Population,PS,Persons,_T,Total,_T,Total,_Z,Not applicable,CITY,City,_Z,Not applicable,2021,,248655,,A,Normal value,0,Units,0,Zero
DATAFLOW,OECD.CFE.EDS:DSD_FUA_DEMO@DF_AGE_SEX(1.2),Population by age and sex - Cities and FUAs,I,BE005C,Liège,A,Annual,POP,Population,PS,Persons,_T,Total,_T,Total,_Z,Not applicable,CITY,City,_Z,Not applicable,2021,,404047,,A,Normal value,0,Units,0,Zero
DATAFLOW,OECD.CFE.EDS:DSD_FUA_DEMO@DF_AGE_SEX(1.2),Population by age and sex - Cities and FUAs,I,BE006C,Brugge,A,Annual,POP,Population,PS,Persons,_T,Total,_T,Total,_Z,Not applicable,CITY,City,_Z,Not applicable,2021,,118467,,A,Normal value,0,Units,0,Zero
DATAFLOW,OECD.CFE.EDS:DSD_FUA_DEMO@DF_AGE_SEX(1.2),Population by age and sex - Cities and FUAs,I,BE007C,Namur,A,Annual,POP,Population,PS,Persons,_T,Total,_T,Total,_Z,Not applicable,CITY,City,_Z,Not applicable,2021,,111603,,A,Normal value,0,Units,0,Zero
DATAFLOW,OECD.CFE.EDS:DSD_FUA_DEMO@DF_AGE_SEX(1.2),Population by age and sex - Cities and FUAs,I,BE009C,Mons,A,Annual,POP,Population,PS,Persons,_T,Total,_T,Total,_Z,Not applicable,CITY,City,_Z,Not applicable,2021,,157083,,A,Normal value,0,Units,0,Zero
DATAFLOW,OECD.CFE.EDS:DSD_FUA_DEMO@DF_AGE_SEX(1.2),Population by age and sex - Cities and FUAs,I,BE010C,Kortrijk,A,Annual,POP,Population,PS,Persons,_T,Total,_T,Total,_Z,Not applicable,CITY,City,_Z,Not applicable,2021,,119621,,A,Normal value,0,Units,0,Zero
DATAFLOW,OECD.CFE.EDS:DSD_FUA_DEMO@DF_AGE_SEX(1.2),Population by age and sex - Cities and FUAs,I,BE011C,Oostende,A,Annual,POP,Population,PS,Persons,_T,Total,_T,Total,_Z,Not applicable,CITY,City,_Z,Not applicable,2021,,89841,,A,Normal value,0,Units,0,Zero
DATAFLOW,OECD.CFE.EDS:DSD_FUA_DEMO@DF_AGE_SEX(1.2),Population by age and sex - Cities and FUAs,I,BE013C,Mouscron,A,Annual,POP,Population,PS,Persons,_T,Total,_T,Total,_Z,Not applicable,CITY,City,_Z,Not applicable,2021,,58862,,A,Normal value,0,Units,0,Zero
DATAFLOW,OECD.CFE.EDS:DSD_FUA_DEMO@DF_AGE_SEX(1.2),Population by age and sex - Cities and FUAs,I,BE014C,La Louvière,A,Annual,POP,Population,PS,Persons,_T,Total,_T,Total,_Z,Not applicable,CITY,City,_Z,Not applicable,2021,,104491,,A,Normal value,0,Units,0,Zero
DATAFLOW,OECD.CFE.EDS:DSD_FUA_DEMO@DF_AGE_SEX(1.2),Population by age and sex - Cities and FUAs,I,BE015C,Verviers,A,Annual,POP,Population,PS,Persons,_T,Total,_T,Total,_Z,Not applicable,CITY,City,_Z,Not applicable,2021,,70290,,A,Normal value,0,Units,0,Zero
DATAFLOW,OECD.CFE.EDS:DSD_FUA_DEMO@DF_AGE_SEX(1.2),Population by age and sex - Cities and FUAs,I,BG001C,Sofia,A,Annual,POP,Population,PS,Persons,_T,Total,_T,Total,_Z,Not applicable,CITY,City,_Z,Not applicable,2021,,1308412,,A,Normal value,0,Units,0,Zero
DATAFLOW,OECD.CFE.EDS:DSD_FUA_DEMO@DF_AGE_SEX(1.2),Population by age and sex - Cities and FUAs,I,BG012C,Pernik,A,Annual,POP,Population,PS,Persons,_T,Total,_T,Total,_Z,Not applicable,CITY,City,_Z,Not applicable,2021,,87683,,A,Normal value,0,Units,0,Zero
DATAFLOW,OECD.CFE.EDS:DSD_FUA_DEMO@DF_AGE_SEX(1.2),Population by age and sex - Cities and FUAs,I,BG002C,Plovdiv,A,Annual,POP,Population,PS,Persons,_T,Total,_T,Total,_Z,Not applicable,CITY,City,_Z,Not applicable,2021,,342048,,A,Normal value,0,Units,0,Zero
DATAFLOW,OECD.CFE.EDS:DSD_FUA_DEMO@DF_AGE_SEX(1.2),Population by age and sex - Cities and FUAs,I,BG003C,Varna,A,Annual,POP,Population,PS,Persons,_T,Total,_T,Total,_Z,Not applicable,CITY,City,_Z,Not applicable,2021,,341516,,A,Normal value,0,Units,0,Zero
DATAFLOW,OECD.CFE.EDS:DSD_FUA_DEMO@DF_AGE_SEX(1.2),Population by age and sex - Cities and FUAs,I,BG004C,Burgas,A,Annual,POP,Population,PS,Persons,_T,Total,_T,Total,_Z,Not applicable,CITY,City,_Z,Not applicable,2021,,205329,,A,Normal value,0,Units,0,Zero
DATAFLOW,OECD.CFE.EDS:DSD_FUA_DEMO@DF_AGE_SEX(1.2),Population by age and sex - Cities and FUAs,I,BG005C,Pleven,A,Annual,POP,Population,PS,Persons,_T,Total,_T,Total,_Z,Not applicable,CITY,City,_Z,Not applicable,2021,,115355,,A,Normal value,0,Units,0,Zero
DATAFLOW,OECD.CFE.EDS:DSD_FUA_DEMO@DF_AGE_SEX(1.2),Population by age and sex - Cities and FUAs,I,BG006C,Ruse,A,Annual,POP,Population,PS,Persons,_T,Total,_T,Total,_Z,Not applicable,CITY,City,_Z,Not applicable,2021,,153833,,A,Normal value,0,Units,0,Zero
DATAFLOW,OECD.CFE.EDS:DSD_FUA_DEMO@DF_AGE_SEX(1.2),Population by age and sex - Cities and FUAs,I,BG008C,Stara Zagora,A,Annual,POP,Population,PS,Persons,_T,Total,_T,Total,_Z,Not applicable,CITY,City,_Z,Not applicable,2021,,152956,,A,Normal value,0,Units,0,Zero
DATAFLOW,OECD.CFE.EDS:DSD_FUA_DEMO@DF_AGE_SEX(1.2),Population by age and sex - Cities and FUAs,I,BG009C,Sliven,A,Annual,POP,Population,PS,Persons,_T,Total,_T,Total,_Z,Not applicable,CITY,City,_Z,Not applicable,2021,,116666,,A,Normal value,0,Units,0,Zero
DATAFLOW,OECD.CFE.EDS:DSD_FUA_DEMO@DF_AGE_SEX(1.2),Population by age and sex - Cities and FUAs,I,BG010C,Dobrich,A,Annual,POP,Population,PS,Persons,_T,Total,_T,Total,_Z,Not applicable,CITY,City,_Z,Not applicable,2021,,80936,,A,Normal value,0,Units,0,Zero
DATAFLOW,OECD.CFE.EDS:DSD_FUA_DEMO@DF_AGE_SEX(1.2),Population by age and sex - Cities and FUAs,I,BG011C,Shumen,A,Annual,POP,Population,PS,Persons,_T,Total,_T,Total,_Z,Not applicable,CITY,City,_Z,Not applicable,2021,,86387,,A,Normal value,0,Units,0,Zero
DATAFLOW,OECD.CFE.EDS:DSD_FUA_DEMO@DF_AGE_SEX(1.2),Population by age and sex - Cities and FUAs,I,BG014C,Haskovo,A,Annual,POP,Population,PS,Persons,_T,Total,_T,Total,_Z,Not applicable,CITY,City,_Z,Not applicable,2021,,84862,,A,Normal value,0,Units,0,Zero
DATAFLOW,OECD.CFE.EDS:DSD_FUA_DEMO@DF_AGE_SEX(1.2),Population by age and sex - Cities and FUAs,I,BG015C,Pazardzhik,A,Annual,POP,Population,PS,Persons,_T,Total,_T,Total,_Z,Not applicable,CITY,City,_Z,Not applicable,2021,,105161,,A,Normal value,0,Units,0,Zero
DATAFLOW,OECD.CFE.EDS:DSD_FUA_DEMO@DF_AGE_SEX(1.2),Population by age and sex - Cities and FUAs,I,BG017C,Veliko Tarnovo,A,Annual,POP,Population,PS,Persons,_T,Total,_T,Total,_Z,Not applicable,CITY,City,_Z,Not applicable,2021,,85484,,A,Normal value,0,Units,0,Zero
DATAFLOW,OECD.CFE.EDS:DSD_FUA_DEMO@DF_AGE_SEX(1.2),Population by age and sex - Cities and FUAs,I,CAN01C,Toronto,A,Annual,POP,Population,PS,Persons,_T,Total,_T,Total,_Z,Not applicable,CITY,City,_Z,Not applicable,2021,,6255840,,A,Normal value,0,Units,0,Zero
DATAFLOW,OECD.CFE.EDS:DSD_FUA_DEMO@DF_AGE_SEX(1.2),Population by age and sex - Cities and FUAs,I,CAN27C,Barrie,A,Annual,POP,Population,PS,Persons,_T,Total,_T,Total,_Z,Not applicable,CITY,City,_Z,Not applicable,2021,,147825,,A,Normal value,0,Units,0,Zero
DATAFLOW,OECD.CFE.EDS:DSD_FUA_DEMO@DF_AGE_SEX(1.2),Population by age and sex - Cities and FUAs,I,CAN02C,Montreal,A,Annual,POP,Population,PS,Persons,_T,Total,_T,Total,_Z,Not applicable,CITY,City,_Z,Not applicable,2021,,3417495,,A,Normal value,0,Units,0,Zero
DATAFLOW,OECD.CFE.EDS:DSD_FUA_DEMO@DF_AGE_SEX(1.2),Population by age and sex - Cities and FUAs,I,CAN03C,Vancouver,A,Annual,POP,Population,PS,Persons,_T,Total,_T,Total,_Z,Not applicable,CITY,City,_Z,Not applicable,2021,,2323495,,A,Normal value,0,Units,0,Zero
DATAFLOW,OECD.CFE.EDS:DSD_FUA_DEMO@DF_AGE_SEX(1.2),Population by age and sex - Cities and FUAs,I,CAN04C,Ottawa,A,Annual,POP,Population,PS,Persons,_T,Total,_T,Total,_Z,Not applicable,CITY,City,_Z,Not applicable,2021,,1308490,,A,Normal value,0,Units,0,Zero
DATAFLOW,OECD.CFE.EDS:DSD_FUA_DEMO@DF_AGE_SEX(1.2),Population by age and sex - Cities and FUAs,I,CAN05C,Calgary,A,Annual,POP,Population,PS,Persons,_T,Total,_T,Total,_Z,Not applicable,CITY,City,_Z,Not applicable,2021,,1306780,,A,Normal value,0,Units,0,Zero
DATAFLOW,OECD.CFE.EDS:DSD_FUA_DEMO@DF_AGE_SEX(1.2),Population by age and sex - Cities and FUAs,I,CAN06C,Edmonton,A,Annual,POP,Population,PS,Persons,_T,Total,_T,Total,_Z,Not applicable,CITY,City,_Z,Not applicable,2021,,1178360,,A,Normal value,0,Units,0,Zero
DATAFLOW,OECD.CFE.EDS:DSD_FUA_DEMO@DF_AGE_SEX(1.2),Population by age and sex - Cities and FUAs,I,CAN07C,Quebec,A,Annual,POP,Population,PS,Persons,_T,Total,_T,Total,_Z,Not applicable,CITY,City,_Z,Not applicable,2021,,568875,,A,Normal value,0,Units,0,Zero
DATAFLOW,OECD.CFE.EDS:DSD_FUA_DEMO@DF_AGE_SEX(1.2),Population by age and sex - Cities and FUAs,I,CAN08C,Winnipeg,A,Annual,POP,Population,PS,Persons,_T,Total,_T,Total,_Z,Not applicable,CITY,City,_Z,Not applicable,2021,,749610,,A,Normal value,0,Units,0,Zero
DATAFLOW,OECD.CFE.EDS:DSD_FUA_DEMO@DF_AGE_SEX(1.2),Population by age and sex - Cities and FUAs,I,CAN09C,Hamilton,A,Annual,POP,Population,PS,Persons,_T,Total,_T,Total,_Z,Not applicable,CITY,City,_Z,Not applicable,2021,,569355,,A,Normal value,0,Units,0,Zero
DATAFLOW,OECD.CFE.EDS:DSD_FUA_DEMO@DF_AGE_SEX(1.2),Population by age and sex - Cities and FUAs,I,CAN10C,London,A,Annual,POP,Population,PS,Persons,_T,Total,_T,Total,_Z,Not applicable,CITY,City,_Z,Not applicable,2021,,422325,,A,Normal value,0,Units,0,Zero
DATAFLOW,OECD.CFE.EDS:DSD_FUA_DEMO@DF_AGE_SEX(1.2),Population by age and sex - Cities and FUAs,I,CAN11C,Kitchener,A,Annual,POP,Population,PS,Persons,_T,Total,_T,Total,_Z,Not applicable,CITY,City,_Z,Not applicable,2021,,516800,,A,Normal value,0,Units,0,Zero
DATAFLOW,OECD.CFE.EDS:DSD_FUA_DEMO@DF_AGE_SEX(1.2),Population by age and sex - Cities and FUAs,I,CAN12C,Halifax,A,Annual,POP,Population,PS,Persons,_T,Total,_T,Total,_Z,Not applicable,CITY,City,_Z,Not applicable,2021,,440030,,A,Normal value,0,Units,0,Zero
DATAFLOW,OECD.CFE.EDS:DSD_FUA_DEMO@DF_AGE_SEX(1.2),Population by age and sex - Cities and FUAs,I,CAN13C,Victoria,A,Annual,POP,Population,PS,Persons,_T,Total,_T,Total,_Z,Not applicable,CITY,City,_Z,Not applicable,2021,,245125,,A,Normal value,0,Units,0,Zero
DATAFLOW,OECD.CFE.EDS:DSD_FUA_DEMO@DF_AGE_SEX(1.2),Population by age and sex - Cities and FUAs,I,CAN14C,Windsor,A,Annual,POP,Population,PS,Persons,_T,Total,_T,Total,_Z,Not applicable,CITY,City,_Z,Not applicable,2021,,229660,,A,Normal value,0,Units,0,Zero
DATAFLOW,OECD.CFE.EDS:DSD_FUA_DEMO@DF_AGE_SEX(1.2),Population by age and sex - Cities and FUAs,I,CAN15C,Saskatoon,A,Annual,POP,Population,PS,Persons,_T,Total,_T,Total,_Z,Not applicable,CITY,City,_Z,Not applicable,2021,,266145,,A,Normal value,0,Units,0,Zero
DATAFLOW,OECD.CFE.EDS:DSD_FUA_DEMO@DF_AGE_SEX(1.2),Population by age and sex - Cities and FUAs,I,CAN16C,Sherbrooke,A,Annual,POP,Population,PS,Persons,_T,Total,_T,Total,_Z,Not applicable,CITY,City,_Z,Not applicable,2021,,172950,,A,Normal value,0,Units,0,Zero
DATAFLOW,OECD.CFE.EDS:DSD_FUA_DEMO@DF_AGE_SEX(1.2),Population by age and sex - Cities and FUAs,I,CAN17C,St Catharines,A,Annual,POP,Population,PS,Persons,_T,Total,_T,Total,_Z,Not applicable,CITY,City,_Z,Not applicable,2021,,136800,,A,Normal value,0,Units,0,Zero
DATAFLOW,OECD.CFE.EDS:DSD_FUA_DEMO@DF_AGE_SEX(1.2),Population by age and sex - Cities and FUAs,I,CAN18C,Trois Rivieres,A,Annual,POP,Population,PS,Persons,_T,Total,_T,Total,_Z,Not applicable,CITY,City,_Z,Not applicable,2021,,139165,,A,Normal value,0,Units,0,Zero
DATAFLOW,OECD.CFE.EDS:DSD_FUA_DEMO@DF_AGE_SEX(1.2),Population by age and sex - Cities and FUAs,I,CAN19C,St Johns,A,Annual,POP,Population,PS,Persons,_T,Total,_T,Total,_Z,Not applicable,CITY,City,_Z,Not applicable,2021,,110525,,A,Normal value,0,Units,0,Zero
DATAFLOW,OECD.CFE.EDS:DSD_FUA_DEMO@DF_AGE_SEX(1.2),Population by age and sex - Cities and FUAs,I,CAN20C,Regina,A,Annual,POP,Population,PS,Persons,_T,Total,_T,Total,_Z,Not applicable,CITY,City,_Z,Not applicable,2021,,226405,,A,Normal value,0,Units,0,Zero
DATAFLOW,OECD.CFE.EDS:DSD_FUA_DEMO@DF_AGE_SEX(1.2),Population by age and sex - Cities and FUAs,I,CAN21C,Abbotsford,A,Annual,POP,Population,PS,Persons,_T,Total,_T,Total,_Z,Not applicable,CITY,City,_Z,Not applicable,2021,,153755,,A,Normal value,0,Units,0,Zero
DATAFLOW,OECD.CFE.EDS:DSD_FUA_DEMO@DF_AGE_SEX(1.2),Population by age and sex - Cities and FUAs,I,CAN22C,Guelph,A,Annual,POP,Population,PS,Persons,_T,Total,_T,Total,_Z,Not applicable,CITY,City,_Z,Not applicable,2021,,143740,,A,Normal value,0,Units,0,Zero
DATAFLOW,OECD.CFE.EDS:DSD_FUA_DEMO@DF_AGE_SEX(1.2),Population by age and sex - Cities and FUAs,I,CAN23C,Red Deer,A,Annual,POP,Population,PS,Persons,_T,Total,_T,Total,_Z,Not applicable,CITY,City,_Z,Not applicable,2021,,100845,,A,Normal value,0,Units,0,Zero
DATAFLOW,OECD.CFE.EDS:DSD_FUA_DEMO@DF_AGE_SEX(1.2),Population by age and sex - Cities and FUAs,I,CAN24C,Brantford,A,Annual,POP,Population,PS,Persons,_T,Total,_T,Total,_Z,Not applicable,CITY,City,_Z,Not applicable,2021,,104690,,A,Normal value,0,Units,0,Zero
DATAFLOW,OECD.CFE.EDS:DSD_FUA_DEMO@DF_AGE_SEX(1.2),Population by age and sex - Cities and FUAs,I,CAN25C,Peterborough,A,Annual,POP,Population,PS,Persons,_T,Total,_T,Total,_Z,Not applicable,CITY,City,_Z,Not applicable,2021,,83650,,A,Normal value,0,Units,0,Zero
DATAFLOW,OECD.CFE.EDS:DSD_FUA_DEMO@DF_AGE_SEX(1.2),Population by age and sex - Cities and FUAs,I,CAN26C,Niagara Falls,A,Annual,POP,Population,PS,Persons,_T,Total,_T,Total,_Z,Not applicable,CITY,City,_Z,Not applicable,2021,,94415,,A,Normal value,0,Units,0,Zero
DATAFLOW,OECD.CFE.EDS:DSD_FUA_DEMO@DF_AGE_SEX(1.2),Population by age and sex - Cities and FUAs,I,CH001C,Bern,A,Annual,POP,Population,PS,Persons,_T,Total,_T,Total,_Z,Not applicable,CITY,City,_Z,Not applicable,2021,,229648,,A,Normal value,0,Units,0,Zero
DATAFLOW,OECD.CFE.EDS:DSD_FUA_DEMO@DF_AGE_SEX(1.2),Population by age and sex - Cities and FUAs,I,CH011C,Thun,A,Annual,POP,Population,PS,Persons,_T,Total,_T,Total,_Z,Not applicable,CITY,City,_Z,Not applicable,2021,,73259,,A,Normal value,0,Units,0,Zero
DATAFLOW,OECD.CFE.EDS:DSD_FUA_DEMO@DF_AGE_SEX(1.2),Population by age and sex - Cities and FUAs,I,CH002C,Zurich,A,Annual,POP,Population,PS,Persons,_T,Total,_T,Total,_Z,Not applicable,CITY,City,_Z,Not applicable,2021,,749834,,A,Normal value,0,Units,0,Zero
DATAFLOW,OECD.CFE.EDS:DSD_FUA_DEMO@DF_AGE_SEX(1.2),Population by age and sex - Cities and FUAs,I,CH007C,Winterthur,A,Annual,POP,Population,PS,Persons,_T,Total,_T,Total,_Z,Not applicable,CITY,City,_Z,Not applicable,2021,,115129,,A,Normal value,0,Units,0,Zero
DATAFLOW,OECD.CFE.EDS:DSD_FUA_DEMO@DF_AGE_SEX(1.2),Population by age and sex - Cities and FUAs,I,CH003C,Geneva,A,Annual,POP,Population,PS,Persons,_T,Total,_T,Total,_Z,Not applicable,CITY,City,_Z,Not applicable,2021,,427614,,A,Normal value,0,Units,0,Zero
DATAFLOW,OECD.CFE.EDS:DSD_FUA_DEMO@DF_AGE_SEX(1.2),Population by age and sex - Cities and FUAs,I,CH004C,Basel,A,Annual,POP,Population,PS,Persons,_T,Total,_T,Total,_Z,Not applicable,CITY,City,_Z,Not applicable,2021,,348712,,A,Normal value,0,Units,0,Zero
DATAFLOW,OECD.CFE.EDS:DSD_FUA_DEMO@DF_AGE_SEX(1.2),Population by age and sex - Cities and FUAs,I,CH005C,Lausanne,A,Annual,POP,Population,PS,Persons,_T,Total,_T,Total,_Z,Not applicable,CITY,City,_Z,Not applicable,2021,,303304,,A,Normal value,0,Units,0,Zero
DATAFLOW,OECD.CFE.EDS:DSD_FUA_DEMO@DF_AGE_SEX(1.2),Population by age and sex - Cities and FUAs,I,CH006C,Lucerne,A,Annual,POP,Population,PS,Persons,_T,Total,_T,Total,_Z,Not applicable,CITY,City,_Z,Not applicable,2021,,165306,,A,Normal value,0,Units,0,Zero
DATAFLOW,OECD.CFE.EDS:DSD_FUA_DEMO@DF_AGE_SEX(1.2),Population by age and sex - Cities and FUAs,I,CH008C,Lugano,A,Annual,POP,Population,PS,Persons,_T,Total,_T,Total,_Z,Not applicable,CITY,City,_Z,Not applicable,2021,,88138,,A,Normal value,0,Units,0,Zero
DATAFLOW,OECD.CFE.EDS:DSD_FUA_DEMO@DF_AGE_SEX(1.2),Population by age and sex - Cities and FUAs,I,CH009C,St. Gallen,A,Annual,POP,Population,PS,Persons,_T,Total,_T,Total,_Z,Not applicable,CITY,City,_Z,Not applicable,2021,,86175,,A,Normal value,0,Units,0,Zero
DATAFLOW,OECD.CFE.EDS:DSD_FUA_DEMO@DF_AGE_SEX(1.2),Population by age and sex - Cities and FUAs,I,CH010C,Biel/Bienne,A,Annual,POP,Population,PS,Persons,_T,Total,_T,Total,_Z,Not applicable,CITY,City,_Z,Not applicable,2021,,74335,,A,Normal value,0,Units,0,Zero
DATAFLOW,OECD.CFE.EDS:DSD_FUA_DEMO@DF_AGE_SEX(1.2),Population by age and sex - Cities and FUAs,I,CH012C,Zug,A,Annual,POP,Population,PS,Persons,_T,Total,_T,Total,_Z,Not applicable,CITY,City,_Z,Not applicable,2021,,83412,,A,Normal value,0,Units,0,Zero
DATAFLOW,OECD.CFE.EDS:DSD_FUA_DEMO@DF_AGE_SEX(1.2),Population by age and sex - Cities and FUAs,I,CL001C,Arica,A,Annual,POP,Population,PS,Persons,_T,Total,_T,Total,_Z,Not applicable,CITY,City,_Z,Not applicable,2021,,232586,,A,Normal value,0,Units,0,Zero
DATAFLOW,OECD.CFE.EDS:DSD_FUA_DEMO@DF_AGE_SEX(1.2),Population by age and sex - Cities and FUAs,I,CL002C,Iquique,A,Annual,POP,Population,PS,Persons,_T,Total,_T,Total,_Z,Not applicable,CITY,City,_Z,Not applicable,2021,,194190,,A,Normal value,0,Units,0,Zero
DATAFLOW,OECD.CFE.EDS:DSD_FUA_DEMO@DF_AGE_SEX(1.2),Population by age and sex - Cities and FUAs,I,CL003C,Calama,A,Annual,POP,Population,PS,Persons,_T,Total,_T,Total,_Z,Not applicable,CITY,City,_Z,Not applicable,2021,,168092,,A,Normal value,0,Units,0,Zero
DATAFLOW,OECD.CFE.EDS:DSD_FUA_DEMO@DF_AGE_SEX(1.2),Population by age and sex - Cities and FUAs,I,CL004C,Antofagasta,A,Annual,POP,Population,PS,Persons,_T,Total,_T,Total,_Z,Not applicable,CITY,City,_Z,Not applicable,2021,,383349,,A,Normal value,0,Units,0,Zero
DATAFLOW,OECD.CFE.EDS:DSD_FUA_DEMO@DF_AGE_SEX(1.2),Population by age and sex - Cities and FUAs,I,CL005C,Copiapó,A,Annual,POP,Population,PS,Persons,_T,Total,_T,Total,_Z,Not applicable,CITY,City,_Z,Not applicable,2021,,162117,,A,Normal value,0,Units,0,Zero
DATAFLOW,OECD.CFE.EDS:DSD_FUA_DEMO@DF_AGE_SEX(1.2),Population by age and sex - Cities and FUAs,I,CL006C,Coquimbo-La Serena,A,Annual,POP,Population,PS,Persons,_T,Total,_T,Total,_Z,Not applicable,CITY,City,_Z,Not applicable,2021,,485036,,A,Normal value,0,Units,0,Zero
DATAFLOW,OECD.CFE.EDS:DSD_FUA_DEMO@DF_AGE_SEX(1.2),Population by age and sex - Cities and FUAs,I,CL007C,Ovalle,A,Annual,POP,Population,PS,Persons,_T,Total,_T,Total,_Z,Not applicable,CITY,City,_Z,Not applicable,2021,,115386,,A,Normal value,0,Units,0,Zero
DATAFLOW,OECD.CFE.EDS:DSD_FUA_DEMO@DF_AGE_SEX(1.2),Population by age and sex - Cities and FUAs,I,CL008C,Calera,A,Annual,POP,Population,PS,Persons,_T,Total,_T,Total,_Z,Not applicable,CITY,City,_Z,Not applicable,2021,,50634,,A,Normal value,0,Units,0,Zero
DATAFLOW,OECD.CFE.EDS:DSD_FUA_DEMO@DF_AGE_SEX(1.2),Population by age and sex - Cities and FUAs,I,CL009C,Quillota,A,Annual,POP,Population,PS,Persons,_T,Total,_T,Total,_Z,Not applicable,CITY,City,_Z,Not applicable,2021,,94151,,A,Normal value,0,Units,0,Zero
DATAFLOW,OECD.CFE.EDS:DSD_FUA_DEMO@DF_AGE_SEX(1.2),Population by age and sex - Cities and FUAs,I,CL010C,Valparaíso,A,Annual,POP,Population,PS,Persons,_T,Total,_T,Total,_Z,Not applicable,CITY,City,_Z,Not applicable,2021,,928469,,A,Normal value,0,Units,0,Zero
DATAFLOW,OECD.CFE.EDS:DSD_FUA_DEMO@DF_AGE_SEX(1.2),Population by age and sex - Cities and FUAs,I,CL011C,Santiago,A,Annual,POP,Population,PS,Persons,_T,Total,_T,Total,_Z,Not applicable,CITY,City,_Z,Not applicable,2021,,6598583,,A,Normal value,0,Units,0,Zero
DATAFLOW,OECD.CFE.EDS:DSD_FUA_DEMO@DF_AGE_SEX(1.2),Population by age and sex - Cities and FUAs,I,CL012C,San Antonio,A,Annual,POP,Population,PS,Persons,_T,Total,_T,Total,_Z,Not applicable,CITY,City,_Z,Not applicable,2021,,94042,,A,Normal value,0,Units,0,Zero
DATAFLOW,OECD.CFE.EDS:DSD_FUA_DEMO@DF_AGE_SEX(1.2),Population by age and sex - Cities and FUAs,I,CL013C,Melipilla,A,Annual,POP,Population,PS,Persons,_T,Total,_T,Total,_Z,Not applicable,CITY,City,_Z,Not applicable,2021,,130962,,A,Normal value,0,Units,0,Zero
DATAFLOW,OECD.CFE.EDS:DSD_FUA_DEMO@DF_AGE_SEX(1.2),Population by age and sex - Cities and FUAs,I,CL014C,Rancagua,A,Annual,POP,Population,PS,Persons,_T,Total,_T,Total,_Z,Not applicable,CITY,City,_Z,Not applicable,2021,,250564,,A,Normal value,0,Units,0,Zero
DATAFLOW,OECD.CFE.EDS:DSD_FUA_DEMO@DF_AGE_SEX(1.2),Population by age and sex - Cities and FUAs,I,CL015C,San Fernando,A,Annual,POP,Population,PS,Persons,_T,Total,_T,Total,_Z,Not applicable,CITY,City,_Z,Not applicable,2021,,75413,,A,Normal value,0,Units,0,Zero
DATAFLOW,OECD.CFE.EDS:DSD_FUA_DEMO@DF_AGE_SEX(1.2),Population by age and sex - Cities and FUAs,I,CL016C,Curicó,A,Annual,POP,Population,PS,Persons,_T,Total,_T,Total,_Z,Not applicable,CITY,City,_Z,Not applicable,2021,,155688,,A,Normal value,0,Units,0,Zero
DATAFLOW,OECD.CFE.EDS:DSD_FUA_DEMO@DF_AGE_SEX(1.2),Population by age and sex - Cities and FUAs,I,CL017C,Talca,A,Annual,POP,Population,PS,Persons,_T,Total,_T,Total,_Z,Not applicable,CITY,City,_Z,Not applicable,2021,,226803,,A,Normal value,0,Units,0,Zero
DATAFLOW,OECD.CFE.EDS:DSD_FUA_DEMO@DF_AGE_SEX(1.2),Population by age and sex - Cities and FUAs,I,CL018C,Linares,A,Annual,POP,Population,PS,Persons,_T,Total,_T,Total,_Z,Not applicable,CITY,City,_Z,Not applicable,2021,,95642,,A,Normal value,0,Units,0,Zero
DATAFLOW,OECD.CFE.EDS:DSD_FUA_DEMO@DF_AGE_SEX(1.2),Population by age and sex - Cities and FUAs,I,CL019C,Chillán,A,Annual,POP,Population,PS,Persons,_T,Total,_T,Total,_Z,Not applicable,CITY,City,_Z,Not applicable,2021,,220974,,A,Normal value,0,Units,0,Zero
DATAFLOW,OECD.CFE.EDS:DSD_FUA_DEMO@DF_AGE_SEX(1.2),Population by age and sex - Cities and FUAs,I,CL020C,Concepción,A,Annual,POP,Population,PS,Persons,_T,Total,_T,Total,_Z,Not applicable,CITY,City,_Z,Not applicable,2021,,460282,,A,Normal value,0,Units,0,Zero
DATAFLOW,OECD.CFE.EDS:DSD_FUA_DEMO@DF_AGE_SEX(1.2),Population by age and sex - Cities and FUAs,I,CL021C,Los Angeles,A,Annual,POP,Population,PS,Persons,_T,Total,_T,Total,_Z,Not applicable,CITY,City,_Z,Not applicable,2021,,212070,,A,Normal value,0,Units,0,Zero
DATAFLOW,OECD.CFE.EDS:DSD_FUA_DEMO@DF_AGE_SEX(1.2),Population by age and sex - Cities and FUAs,I,CL022C,Temuco,A,Annual,POP,Population,PS,Persons,_T,Total,_T,Total,_Z,Not applicable,CITY,City,_Z,Not applicable,2021,,368202,,A,Normal value,0,Units,0,Zero
DATAFLOW,OECD.CFE.EDS:DSD_FUA_DEMO@DF_AGE_SEX(1.2),Population by age and sex - Cities and FUAs,I,CL023C,Valdivia,A,Annual,POP,Population,PS,Persons,_T,Total,_T,Total,_Z,Not applicable,CITY,City,_Z,Not applicable,2021,,169697,,A,Normal value,0,Units,0,Zero
DATAFLOW,OECD.CFE.EDS:DSD_FUA_DEMO@DF_AGE_SEX(1.2),Population by age and sex - Cities and FUAs,I,CL024C,Osorno,A,Annual,POP,Population,PS,Persons,_T,Total,_T,Total,_Z,Not applicable,CITY,City,_Z,Not applicable,2021,,164573,,A,Normal value,0,Units,0,Zero
DATAFLOW,OECD.CFE.EDS:DSD_FUA_DEMO@DF_AGE_SEX(1.2),Population by age and sex - Cities and FUAs,I,CL025C,Puerto Montt,A,Annual,POP,Population,PS,Persons,_T,Total,_T,Total,_Z,Not applicable,CITY,City,_Z,Not applicable,2021,,263922,,A,Normal value,0,Units,0,Zero
DATAFLOW,OECD.CFE.EDS:DSD_FUA_DEMO@DF_AGE_SEX(1.2),Population by age and sex - Cities and FUAs,I,CL026C,Punta Arenas,A,Annual,POP,Population,PS,Persons,_T,Total,_T,Total,_Z,Not applicable,CITY,City,_Z,Not applicable,2021,,132761,,A,Normal value,0,Units,0,Zero
DATAFLOW,OECD.CFE.EDS:DSD_FUA_DEMO@DF_AGE_SEX(1.2),Population by age and sex - Cities and FUAs,I,CZ001C,Praha,A,Annual,POP,Population,PS,Persons,_T,Total,_T,Total,_Z,Not applicable,CITY,City,_Z,Not applicable,2021,,1335084,,A,Normal value,0,Units,0,Zero
DATAFLOW,OECD.CFE.EDS:DSD_FUA_DEMO@DF_AGE_SEX(1.2),Population by age and sex - Cities and FUAs,I,CZ012C,Kladno,A,Annual,POP,Population,PS,Persons,_T,Total,_T,Total,_Z,Not applicable,CITY,City,_Z,Not applicable,2021,,68896,,A,Normal value,0,Units,0,Zero
DATAFLOW,OECD.CFE.EDS:DSD_FUA_DEMO@DF_AGE_SEX(1.2),Population by age and sex - Cities and FUAs,I,CZ002C,Brno,A,Annual,POP,Population,PS,Persons,_T,Total,_T,Total,_Z,Not applicable,CITY,City,_Z,Not applicable,2021,,382405,,A,Normal value,0,Units,0,Zero
DATAFLOW,OECD.CFE.EDS:DSD_FUA_DEMO@DF_AGE_SEX(1.2),Population by age and sex - Cities and FUAs,I,CZ003C,Ostrava,A,Annual,POP,Population,PS,Persons,_T,Total,_T,Total,_Z,Not applicable,CITY,City,_Z,Not applicable,2021,,284982,,A,Normal value,0,Units,0,Zero
DATAFLOW,OECD.CFE.EDS:DSD_FUA_DEMO@DF_AGE_SEX(1.2),Population by age and sex - Cities and FUAs,I,CZ015C,Havířov,A,Annual,POP,Population,PS,Persons,_T,Total,_T,Total,_Z,Not applicable,CITY,City,_Z,Not applicable,2021,,70165,,A,Normal value,0,Units,0,Zero
DATAFLOW,OECD.CFE.EDS:DSD_FUA_DEMO@DF_AGE_SEX(1.2),Population by age and sex - Cities and FUAs,I,CZ004C,Plzeň,A,Annual,POP,Population,PS,Persons,_T,Total,_T,Total,_Z,Not applicable,CITY,City,_Z,Not applicable,2021,,175219,,A,Normal value,0,Units,0,Zero
DATAFLOW,OECD.CFE.EDS:DSD_FUA_DEMO@DF_AGE_SEX(1.2),Population by age and sex - Cities and FUAs,I,CZ005C,Ústí nad Labem,A,Annual,POP,Population,PS,Persons,_T,Total,_T,Total,_Z,Not applicable,CITY,City,_Z,Not applicable,2021,,91982,,A,Normal value,0,Units,0,Zero
DATAFLOW,OECD.CFE.EDS:DSD_FUA_DEMO@DF_AGE_SEX(1.2),Population by age and sex - Cities and FUAs,I,CZ006C,Olomouc,A,Annual,POP,Population,PS,Persons,_T,Total,_T,Total,_Z,Not applicable,CITY,City,_Z,Not applicable,2021,,100514,,A,Normal value,0,Units,0,Zero
DATAFLOW,OECD.CFE.EDS:DSD_FUA_DEMO@DF_AGE_SEX(1.2),Population by age and sex - Cities and FUAs,I,CZ007C,Liberec,A,Annual,POP,Population,PS,Persons,_T,Total,_T,Total,_Z,Not applicable,CITY,City,_Z,Not applicable,2021,,106655,,A,Normal value,0,Units,0,Zero
DATAFLOW,OECD.CFE.EDS:DSD_FUA_DEMO@DF_AGE_SEX(1.2),Population by age and sex - Cities and FUAs,I,CZ008C,České Budějovice,A,Annual,POP,Population,PS,Persons,_T,Total,_T,Total,_Z,Not applicable,CITY,City,_Z,Not applicable,2021,,94229,,A,Normal value,0,Units,0,Zero
DATAFLOW,OECD.CFE.EDS:DSD_FUA_DEMO@DF_AGE_SEX(1.2),Population by age and sex - Cities and FUAs,I,CZ009C,Hradec Králové,A,Annual,POP,Population,PS,Persons,_T,Total,_T,Total,_Z,Not applicable,CITY,City,_Z,Not applicable,2021,,92683,,A,Normal value,0,Units,0,Zero
DATAFLOW,OECD.CFE.EDS:DSD_FUA_DEMO@DF_AGE_SEX(1.2),Population by age and sex - Cities and FUAs,I,CZ010C,Pardubice,A,Annual,POP,Population,PS,Persons,_T,Total,_T,Total,_Z,Not applicable,CITY,City,_Z,Not applicable,2021,,91755,,A,Normal value,0,Units,0,Zero
DATAFLOW,OECD.CFE.EDS:DSD_FUA_DEMO@DF_AGE_SEX(1.2),Population by age and sex - Cities and FUAs,I,CZ016C,Most,A,Annual,POP,Population,PS,Persons,_T,Total,_T,Total,_Z,Not applicable,CITY,City,_Z,Not applicable,2021,,65341,,A,Normal value,0,Units,0,Zero
DATAFLOW,OECD.CFE.EDS:DSD_FUA_DEMO@DF_AGE_SEX(1.2),Population by age and sex - Cities and FUAs,I,CZ018C,Chomutov-Jirkov,A,Annual,POP,Population,PS,Persons,_T,Total,_T,Total,_Z,Not applicable,CITY,City,_Z,Not applicable,2021,,68230,,A,Normal value,0,Units,0,Zero
DATAFLOW,OECD.CFE.EDS:DSD_FUA_DEMO@DF_AGE_SEX(1.2),Population by age and sex - Cities and FUAs,I,DE001C,Berlin,A,Annual,POP,Population,PS,Persons,_T,Total,_T,Total,_Z,Not applicable,CITY,City,_Z,Not applicable,2021,,3664088,,A,Normal value,0,Units,0,Zero
DATAFLOW,OECD.CFE.EDS:DSD_FUA_DEMO@DF_AGE_SEX(1.2),Population by age and sex - Cities and FUAs,I,DE038C,Potsdam,A,Annual,POP,Population,PS,Persons,_T,Total,_T,Total,_Z,Not applicable,CITY,City,_Z,Not applicable,2021,,182112,,A,Normal value,0,Units,0,Zero
DATAFLOW,OECD.CFE.EDS:DSD_FUA_DEMO@DF_AGE_SEX(1.2),Population by age and sex - Cities and FUAs,I,DE002C,Hamburg,A,Annual,POP,Population,PS,Persons,_T,Total,_T,Total,_Z,Not applicable,CITY,City,_Z,Not applicable,2021,,1852478,,A,Normal value,0,Units,0,Zero
DATAFLOW,OECD.CFE.EDS:DSD_FUA_DEMO@DF_AGE_SEX(1.2),Population by age and sex - Cities and FUAs,I,DE003C,München,A,Annual,POP,Population,PS,Persons,_T,Total,_T,Total,_Z,Not applicable,CITY,City,_Z,Not applicable,2021,,1488202,,A,Normal value,0,Units,0,Zero
DATAFLOW,OECD.CFE.EDS:DSD_FUA_DEMO@DF_AGE_SEX(1.2),Population by age and sex - Cities and FUAs,I,DE004C,Köln,A,Annual,POP,Population,PS,Persons,_T,Total,_T,Total,_Z,Not applicable,CITY,City,_Z,Not applicable,2021,,1083498,,A,Normal value,0,Units,0,Zero
DATAFLOW,OECD.CFE.EDS:DSD_FUA_DEMO@DF_AGE_SEX(1.2),Population by age and sex - Cities and FUAs,I,DE097C,Leverkusen,A,Annual,POP,Population,PS,Persons,_T,Total,_T,Total,_Z,Not applicable,CITY,City,_Z,Not applicable,2021,,163905,,A,Normal value,0,Units,0,Zero
DATAFLOW,OECD.CFE.EDS:DSD_FUA_DEMO@DF_AGE_SEX(1.2),Population by age and sex - Cities and FUAs,I,DE119C,Bergisch Gladbach,A,Annual,POP,Population,PS,Persons,_T,Total,_T,Total,_Z,Not applicable,CITY,City,_Z,Not applicable,2021,,111636,,A,Normal value,0,Units,0,Zero
DATAFLOW,OECD.CFE.EDS:DSD_FUA_DEMO@DF_AGE_SEX(1.2),Population by age and sex - Cities and FUAs,I,DE005C,Frankfurt am Main,A,Annual,POP,Population,PS,Persons,_T,Total,_T,Total,_Z,Not applicable,CITY,City,_Z,Not applicable,2021,,764104,,A,Normal value,0,Units,0,Zero
DATAFLOW,OECD.CFE.EDS:DSD_FUA_DEMO@DF_AGE_SEX(1.2),Population by age and sex - Cities and FUAs,I,DE044C,Hanau,A,Annual,POP,Population,PS,Persons,_T,Total,_T,Total,_Z,Not applicable,CITY,City,_Z,Not applicable,2021,,97137,,A,Normal value,0,Units,0,Zero
DATAFLOW,OECD.CFE.EDS:DSD_FUA_DEMO@DF_AGE_SEX(1.2),Population by age and sex - Cities and FUAs,I,DE109C,Offenbach am Main,A,Annual,POP,Population,PS,Persons,_T,Total,_T,Total,_Z,Not applicable,CITY,City,_Z,Not applicable,2021,,130892,,A,Normal value,0,Units,0,Zero
DATAFLOW,OECD.CFE.EDS:DSD_FUA_DEMO@DF_AGE_SEX(1.2),Population by age and sex - Cities and FUAs,I,DE006C,Essen,A,Annual,POP,Population,PS,Persons,_T,Total,_T,Total,_Z,Not applicable,CITY,City,_Z,Not applicable,2021,,582415,,A,Normal value,0,Units,0,Zero
DATAFLOW,OECD.CFE.EDS:DSD_FUA_DEMO@DF_AGE_SEX(1.2),Population by age and sex - Cities and FUAs,I,DE021C,Mülheim a.d.Ruhr,A,Annual,POP,Population,PS,Persons,_T,Total,_T,Total,_Z,Not applicable,CITY,City,_Z,Not applicable,2021,,170921,,A,Normal value,0,Units,0,Zero
DATAFLOW,OECD.CFE.EDS:DSD_FUA_DEMO@DF_AGE_SEX(1.2),Population by age and sex - Cities and FUAs,I,DE082C,Gelsenkirchen,A,Annual,POP,Population,PS,Persons,_T,Total,_T,Total,_Z,Not applicable,CITY,City,_Z,Not applicable,2021,,259105,,A,Normal value,0,Units,0,Zero
DATAFLOW,OECD.CFE.EDS:DSD_FUA_DEMO@DF_AGE_SEX(1.2),Population by age and sex - Cities and FUAs,I,DE088C,Oberhausen,A,Annual,POP,Population,PS,Persons,_T,Total,_T,Total,_Z,Not applicable,CITY,City,_Z,Not applicable,2021,,209566,,A,Normal value,0,Units,0,Zero
DATAFLOW,OECD.CFE.EDS:DSD_FUA_DEMO@DF_AGE_SEX(1.2),Population by age and sex - Cities and FUAs,I,DE103C,Recklinghausen,A,Annual,POP,Population,PS,Persons,_T,Total,_T,Total,_Z,Not applicable,CITY,City,_Z,Not applicable,2021,,110705,,A,Normal value,0,Units,0,Zero
DATAFLOW,OECD.CFE.EDS:DSD_FUA_DEMO@DF_AGE_SEX(1.2),Population by age and sex - Cities and FUAs,I,DE106C,Bottrop,A,Annual,POP,Population,PS,Persons,_T,Total,_T,Total,_Z,Not applicable,CITY,City,_Z,Not applicable,2021,,117388,,A,Normal value,0,Units,0,Zero
DATAFLOW,OECD.CFE.EDS:DSD_FUA_DEMO@DF_AGE_SEX(1.2),Population by age and sex - Cities and FUAs,I,DE007C,Stuttgart,A,Annual,POP,Population,PS,Persons,_T,Total,_T,Total,_Z,Not applicable,CITY,City,_Z,Not applicable,2021,,630305,,A,Normal value,0,Units,0,Zero
DATAFLOW,OECD.CFE.EDS:DSD_FUA_DEMO@DF_AGE_SEX(1.2),Population by age and sex - Cities and FUAs,I,DE043C,Esslingen am Neckar,A,Annual,POP,Population,PS,Persons,_T,Total,_T,Total,_Z,Not applicable,CITY,City,_Z,Not applicable,2021,,143360,,A,Normal value,0,Units,0,Zero
DATAFLOW,OECD.CFE.EDS:DSD_FUA_DEMO@DF_AGE_SEX(1.2),Population by age and sex - Cities and FUAs,I,DE046C,Ludwigsburg,A,Annual,POP,Population,PS,Persons,_T,Total,_T,Total,_Z,Not applicable,CITY,City,_Z,Not applicable,2021,,118195,,A,Normal value,0,Units,0,Zero
DATAFLOW,OECD.CFE.EDS:DSD_FUA_DEMO@DF_AGE_SEX(1.2),Population by age and sex - Cities and FUAs,I,DE065C,Sindelfingen,A,Annual,POP,Population,PS,Persons,_T,Total,_T,Total,_Z,Not applicable,CITY,City,_Z,Not applicable,2021,,64595,,A,Normal value,0,Units,0,Zero
DATAFLOW,OECD.CFE.EDS:DSD_FUA_DEMO@DF_AGE_SEX(1.2),Population by age and sex - Cities and FUAs,I,DE008C,Leipzig,A,Annual,POP,Population,PS,Persons,_T,Total,_T,Total,_Z,Not applicable,CITY,City,_Z,Not applicable,2021,,597493,,A,Normal value,0,Units,0,Zero
DATAFLOW,OECD.CFE.EDS:DSD_FUA_DEMO@DF_AGE_SEX(1.2),Population by age and sex - Cities and FUAs,I,DE009C,Dresden,A,Annual,POP,Population,PS,Persons,_T,Total,_T,Total,_Z,Not applicable,CITY,City,_Z,Not applicable,2021,,556227,,A,Normal value,0,Units,0,Zero
DATAFLOW,OECD.CFE.EDS:DSD_FUA_DEMO@DF_AGE_SEX(1.2),Population by age and sex - Cities and FUAs,I,DE010C,Dortmund,A,Annual,POP,Population,PS,Persons,_T,Total,_T,Total,_Z,Not applicable,CITY,City,_Z,Not applicable,2021,,587696,,A,Normal value,0,Units,0,Zero
DATAFLOW,OECD.CFE.EDS:DSD_FUA_DEMO@DF_AGE_SEX(1.2),Population by age and sex - Cities and FUAs,I,DE011C,Düsseldorf,A,Annual,POP,Population,PS,Persons,_T,Total,_T,Total,_Z,Not applicable,CITY,City,_Z,Not applicable,2021,,620523,,A,Normal value,0,Units,0,Zero
DATAFLOW,OECD.CFE.EDS:DSD_FUA_DEMO@DF_AGE_SEX(1.2),Population by age and sex - Cities and FUAs,I,DE094C,Solingen,A,Annual,POP,Population,PS,Persons,_T,Total,_T,Total,_Z,Not applicable,CITY,City,_Z,Not applicable,2021,,159193,,A,Normal value,0,Units,0,Zero
DATAFLOW,OECD.CFE.EDS:DSD_FUA_DEMO@DF_AGE_SEX(1.2),Population by age and sex - Cities and FUAs,I,DE099C,Neuss,A,Annual,POP,Population,PS,Persons,_T,Total,_T,Total,_Z,Not applicable,CITY,City,_Z,Not applicable,2021,,153109,,A,Normal value,0,Units,0,Zero
DATAFLOW,OECD.CFE.EDS:DSD_FUA_DEMO@DF_AGE_SEX(1.2),Population by age and sex - Cities and FUAs,I,DE012C,Bremen,A,Annual,POP,Population,PS,Persons,_T,Total,_T,Total,_Z,Not applicable,CITY,City,_Z,Not applicable,2021,,566573,,A,Normal value,0,Units,0,Zero
DATAFLOW,OECD.CFE.EDS:DSD_FUA_DEMO@DF_AGE_SEX(1.2),Population by age and sex - Cities and FUAs,I,DE013C,Hannover,A,Annual,POP,Population,PS,Persons,_T,Total,_T,Total,_Z,Not applicable,CITY,City,_Z,Not applicable,2021,,534049,,A,Normal value,0,Units,0,Zero
DATAFLOW,OECD.CFE.EDS:DSD_FUA_DEMO@DF_AGE_SEX(1.2),Population by age and sex - Cities and FUAs,I,DE014C,Nürnberg,A,Annual,POP,Population,PS,Persons,_T,Total,_T,Total,_Z,Not applicable,CITY,City,_Z,Not applicable,2021,,515543,,A,Normal value,0,Units,0,Zero
DATAFLOW,OECD.CFE.EDS:DSD_FUA_DEMO@DF_AGE_SEX(1.2),Population by age and sex - Cities and FUAs,I,DE116C,Fürth,A,Annual,POP,Population,PS,Persons,_T,Total,_T,Total,_Z,Not applicable,CITY,City,_Z,Not applicable,2021,,128223,,A,Normal value,0,Units,0,Zero
DATAFLOW,OECD.CFE.EDS:DSD_FUA_DEMO@DF_AGE_SEX(1.2),Population by age and sex - Cities and FUAs,I,DE123C,Erlangen,A,Annual,POP,Population,PS,Persons,_T,Total,_T,Total,_Z,Not applicable,CITY,City,_Z,Not applicable,2021,,112385,,A,Normal value,0,Units,0,Zero
DATAFLOW,OECD.CFE.EDS:DSD_FUA_DEMO@DF_AGE_SEX(1.2),Population by age and sex - Cities and FUAs,I,DE015C,Bochum,A,Annual,POP,Population,PS,Persons,_T,Total,_T,Total,_Z,Not applicable,CITY,City,_Z,Not applicable,2021,,364454,,A,Normal value,0,Units,0,Zero
DATAFLOW,OECD.CFE.EDS:DSD_FUA_DEMO@DF_AGE_SEX(1.2),Population by age and sex - Cities and FUAs,I,DE093C,Herne,A,Annual,POP,Population,PS,Persons,_T,Total,_T,Total,_Z,Not applicable,CITY,City,_Z,Not applicable,2021,,156940,,A,Normal value,0,Units,0,Zero
DATAFLOW,OECD.CFE.EDS:DSD_FUA_DEMO@DF_AGE_SEX(1.2),Population by age and sex - Cities and FUAs,I,DE121C,Witten,A,Annual,POP,Population,PS,Persons,_T,Total,_T,Total,_Z,Not applicable,CITY,City,_Z,Not applicable,2021,,95876,,A,Normal value,0,Units,0,Zero
DATAFLOW,OECD.CFE.EDS:DSD_FUA_DEMO@DF_AGE_SEX(1.2),Population by age and sex - Cities and FUAs,I,DE016C,Bielefeld,A,Annual,POP,Population,PS,Persons,_T,Total,_T,Total,_Z,Not applicable,CITY,City,_Z,Not applicable,2021,,333509,,A,Normal value,0,Units,0,Zero
DATAFLOW,OECD.CFE.EDS:DSD_FUA_DEMO@DF_AGE_SEX(1.2),Population by age and sex - Cities and FUAs,I,DE017C,Halle an der Saale,A,Annual,POP,Population,PS,Persons,_T,Total,_T,Total,_Z,Not applicable,CITY,City,_Z,Not applicable,2021,,237865,,A,Normal value,0,Units,0,Zero
DATAFLOW,OECD.CFE.EDS:DSD_FUA_DEMO@DF_AGE_SEX(1.2),Population by age and sex - Cities and FUAs,I,DE018C,Magdeburg,A,Annual,POP,Population,PS,Persons,_T,Total,_T,Total,_Z,Not applicable,CITY,City,_Z,Not applicable,2021,,235775,,A,Normal value,0,Units,0,Zero
DATAFLOW,OECD.CFE.EDS:DSD_FUA_DEMO@DF_AGE_SEX(1.2),Population by age and sex - Cities and FUAs,I,DE019C,Wiesbaden,A,Annual,POP,Population,PS,Persons,_T,Total,_T,Total,_Z,Not applicable,CITY,City,_Z,Not applicable,2021,,278609,,A,Normal value,0,Units,0,Zero
DATAFLOW,OECD.CFE.EDS:DSD_FUA_DEMO@DF_AGE_SEX(1.2),Population by age and sex - Cities and FUAs,I,DE020C,Göttingen,A,Annual,POP,Population,PS,Persons,_T,Total,_T,Total,_Z,Not applicable,CITY,City,_Z,Not applicable,2021,,116845,,A,Normal value,0,Units,0,Zero
DATAFLOW,OECD.CFE.EDS:DSD_FUA_DEMO@DF_AGE_SEX(1.2),Population by age and sex - Cities and FUAs,I,DE023C,Darmstadt,A,Annual,POP,Population,PS,Persons,_T,Total,_T,Total,_Z,Not applicable,CITY,City,_Z,Not applicable,2021,,159174,,A,Normal value,0,Units,0,Zero
DATAFLOW,OECD.CFE.EDS:DSD_FUA_DEMO@DF_AGE_SEX(1.2),Population by age and sex - Cities and FUAs,I,DE024C,Trier,A,Annual,POP,Population,PS,Persons,_T,Total,_T,Total,_Z,Not applicable,CITY,City,_Z,Not applicable,2021,,110674,,A,Normal value,0,Units,0,Zero
DATAFLOW,OECD.CFE.EDS:DSD_FUA_DEMO@DF_AGE_SEX(1.2),Population by age and sex - Cities and FUAs,I,DE025C,Freiburg im Breisgau,A,Annual,POP,Population,PS,Persons,_T,Total,_T,Total,_Z,Not applicable,CITY,City,_Z,Not applicable,2021,,230940,,A,Normal value,0,Units,0,Zero
DATAFLOW,OECD.CFE.EDS:DSD_FUA_DEMO@DF_AGE_SEX(1.2),Population by age and sex - Cities and FUAs,I,DE026C,Regensburg,A,Annual,POP,Population,PS,Persons,_T,Total,_T,Total,_Z,Not applicable,CITY,City,_Z,Not applicable,2021,,152270,,A,Normal value,0,Units,0,Zero
DATAFLOW,OECD.CFE.EDS:DSD_FUA_DEMO@DF_AGE_SEX(1.2),Population by age and sex - Cities and FUAs,I,DE027C,Frankfurt (Oder),A,Annual,POP,Population,PS,Persons,_T,Total,_T,Total,_Z,Not applicable,CITY,City,_Z,Not applicable,2021,,57015,,A,Normal value,0,Units,0,Zero
DATAFLOW,OECD.CFE.EDS:DSD_FUA_DEMO@DF_AGE_SEX(1.2),Population by age and sex - Cities and FUAs,I,DE029C,Schwerin,A,Annual,POP,Population,PS,Persons,_T,Total,_T,Total,_Z,Not applicable,CITY,City,_Z,Not applicable,2021,,95609,,A,Normal value,0,Units,0,Zero
DATAFLOW,OECD.CFE.EDS:DSD_FUA_DEMO@DF_AGE_SEX(1.2),Population by age and sex - Cities and FUAs,I,DE030C,Erfurt,A,Annual,POP,Population,PS,Persons,_T,Total,_T,Total,_Z,Not applicable,CITY,City,_Z,Not applicable,2021,,213692,,A,Normal value,0,Units,0,Zero
DATAFLOW,OECD.CFE.EDS:DSD_FUA_DEMO@DF_AGE_SEX(1.2),Population by age and sex - Cities and FUAs,I,DE031C,Augsburg,A,Annual,POP,Population,PS,Persons,_T,Total,_T,Total,_Z,Not applicable,CITY,City,_Z,Not applicable,2021,,295830,,A,Normal value,0,Units,0,Zero
DATAFLOW,OECD.CFE.EDS:DSD_FUA_DEMO@DF_AGE_SEX(1.2),Population by age and sex - Cities and FUAs,I,DE032C,Bonn,A,Annual,POP,Population,PS,Persons,_T,Total,_T,Total,_Z,Not applicable,CITY,City,_Z,Not applicable,2021,,330579,,A,Normal value,0,Units,0,Zero
DATAFLOW,OECD.CFE.EDS:DSD_FUA_DEMO@DF_AGE_SEX(1.2),Population by age and sex - Cities and FUAs,I,DE072C,Sankt Augustin,A,Annual,POP,Population,PS,Persons,_T,Total,_T,Total,_Z,Not applicable,CITY,City,_Z,Not applicable,2021,,55590,,A,Normal value,0,Units,0,Zero
DATAFLOW,OECD.CFE.EDS:DSD_FUA_DEMO@DF_AGE_SEX(1.2),Population by age and sex - Cities and FUAs,I,DE033C,Karlsruhe,A,Annual,POP,Population,PS,Persons,_T,Total,_T,Total,_Z,Not applicable,CITY,City,_Z,Not applicable,2021,,308436,,A,Normal value,0,Units,0,Zero
DATAFLOW,OECD.CFE.EDS:DSD_FUA_DEMO@DF_AGE_SEX(1.2),Population by age and sex - Cities and FUAs,I,DE034C,Mönchengladbach,A,Annual,POP,Population,PS,Persons,_T,Total,_T,Total,_Z,Not applicable,CITY,City,_Z,Not applicable,2021,,259665,,A,Normal value,0,Units,0,Zero
DATAFLOW,OECD.CFE.EDS:DSD_FUA_DEMO@DF_AGE_SEX(1.2),Population by age and sex - Cities and FUAs,I,DE035C,Mainz,A,Annual,POP,Population,PS,Persons,_T,Total,_T,Total,_Z,Not applicable,CITY,City,_Z,Not applicable,2021,,217123,,A,Normal value,0,Units,0,Zero
DATAFLOW,OECD.CFE.EDS:DSD_FUA_DEMO@DF_AGE_SEX(1.2),Population by age and sex - Cities and FUAs,I,DE036C,Kiel,A,Annual,POP,Population,PS,Persons,_T,Total,_T,Total,_Z,Not applicable,CITY,City,_Z,Not applicable,2021,,246601,,A,Normal value,0,Units,0,Zero
DATAFLOW,OECD.CFE.EDS:DSD_FUA_DEMO@DF_AGE_SEX(1.2),Population by age and sex - Cities and FUAs,I,DE037C,Saarbrücken,A,Annual,POP,Population,PS,Persons,_T,Total,_T,Total,_Z,Not applicable,CITY,City,_Z,Not applicable,2021,,179349,,A,Normal value,0,Units,0,Zero
DATAFLOW,OECD.CFE.EDS:DSD_FUA_DEMO@DF_AGE_SEX(1.2),Population by age and sex - Cities and FUAs,I,DE039C,Koblenz,A,Annual,POP,Population,PS,Persons,_T,Total,_T,Total,_Z,Not applicable,CITY,City,_Z,Not applicable,2021,,113388,,A,Normal value,0,Units,0,Zero
DATAFLOW,OECD.CFE.EDS:DSD_FUA_DEMO@DF_AGE_SEX(1.2),Population by age and sex - Cities and FUAs,I,DE040C,Rostock,A,Annual,POP,Population,PS,Persons,_T,Total,_T,Total,_Z,Not applicable,CITY,City,_Z,Not applicable,2021,,209061,,A,Normal value,0,Units,0,Zero
DATAFLOW,OECD.CFE.EDS:DSD_FUA_DEMO@DF_AGE_SEX(1.2),Population by age and sex - Cities and FUAs,I,DE041C,Kaiserslautern,A,Annual,POP,Population,PS,Persons,_T,Total,_T,Total,_Z,Not applicable,CITY,City,_Z,Not applicable,2021,,99662,,A,Normal value,0,Units,0,Zero
DATAFLOW,OECD.CFE.EDS:DSD_FUA_DEMO@DF_AGE_SEX(1.2),Population by age and sex - Cities and FUAs,I,DE042C,Iserlohn,A,Annual,POP,Population,PS,Persons,_T,Total,_T,Total,_Z,Not applicable,CITY,City,_Z,Not applicable,2021,,91815,,A,Normal value,0,Units,0,Zero
DATAFLOW,OECD.CFE.EDS:DSD_FUA_DEMO@DF_AGE_SEX(1.2),Population by age and sex - Cities and FUAs,I,DE047C,Tübingen,A,Annual,POP,Population,PS,Persons,_T,Total,_T,Total,_Z,Not applicable,CITY,City,_Z,Not applicable,2021,,91077,,A,Normal value,0,Units,0,Zero
DATAFLOW,OECD.CFE.EDS:DSD_FUA_DEMO@DF_AGE_SEX(1.2),Population by age and sex - Cities and FUAs,I,DE049C,Flensburg,A,Annual,POP,Population,PS,Persons,_T,Total,_T,Total,_Z,Not applicable,CITY,City,_Z,Not applicable,2021,,89934,,A,Normal value,0,Units,0,Zero
DATAFLOW,OECD.CFE.EDS:DSD_FUA_DEMO@DF_AGE_SEX(1.2),Population by age and sex - Cities and FUAs,I,DE051C,Konstanz,A,Annual,POP,Population,PS,Persons,_T,Total,_T,Total,_Z,Not applicable,CITY,City,_Z,Not applicable,2021,,84446,,A,Normal value,0,Units,0,Zero
DATAFLOW,OECD.CFE.EDS:DSD_FUA_DEMO@DF_AGE_SEX(1.2),Population by age and sex - Cities and FUAs,I,DE052C,Neumünster,A,Annual,POP,Population,PS,Persons,_T,Total,_T,Total,_Z,Not applicable,CITY,City,_Z,Not applicable,2021,,79905,,A,Normal value,0,Units,0,Zero
DATAFLOW,OECD.CFE.EDS:DSD_FUA_DEMO@DF_AGE_SEX(1.2),Population by age and sex - Cities and FUAs,I,DE054C,Gießen,A,Annual,POP,Population,PS,Persons,_T,Total,_T,Total,_Z,Not applicable,CITY,City,_Z,Not applicable,2021,,90131,,A,Normal value,0,Units,0,Zero
DATAFLOW,OECD.CFE.EDS:DSD_FUA_DEMO@DF_AGE_SEX(1.2),Population by age and sex - Cities and FUAs,I,DE055C,Lüneburg,A,Annual,POP,Population,PS,Persons,_T,Total,_T,Total,_Z,Not applicable,CITY,City,_Z,Not applicable,2021,,75301,,A,Normal value,0,Units,0,Zero
DATAFLOW,OECD.CFE.EDS:DSD_FUA_DEMO@DF_AGE_SEX(1.2),Population by age and sex - Cities and FUAs,I,DE056C,Bayreuth,A,Annual,POP,Population,PS,Persons,_T,Total,_T,Total,_Z,Not applicable,CITY,City,_Z,Not applicable,2021,,74048,,A,Normal value,0,Units,0,Zero
DATAFLOW,OECD.CFE.EDS:DSD_FUA_DEMO@DF_AGE_SEX(1.2),Population by age and sex - Cities and FUAs,I,DE058C,Aschaffenburg,A,Annual,POP,Population,PS,Persons,_T,Total,_T,Total,_Z,Not applicable,CITY,City,_Z,Not applicable,2021,,70858,,A,Normal value,0,Units,0,Zero
DATAFLOW,OECD.CFE.EDS:DSD_FUA_DEMO@DF_AGE_SEX(1.2),Population by age and sex - Cities and FUAs,I,DE059C,Bamberg,A,Annual,POP,Population,PS,Persons,_T,Total,_T,Total,_Z,Not applicable,CITY,City,_Z,Not applicable,2021,,76674,,A,Normal value,0,Units,0,Zero
DATAFLOW,OECD.CFE.EDS:DSD_FUA_DEMO@DF_AGE_SEX(1.2),Population by age and sex - Cities and FUAs,I,DE060C,Plauen,A,Annual,POP,Population,PS,Persons,_T,Total,_T,Total,_Z,Not applicable,CITY,City,_Z,Not applicable,2021,,64014,,A,Normal value,0,Units,0,Zero
DATAFLOW,OECD.CFE.EDS:DSD_FUA_DEMO@DF_AGE_SEX(1.2),Population by age and sex - Cities and FUAs,I,DE063C,Kempten (Allgäu),A,Annual,POP,Population,PS,Persons,_T,Total,_T,Total,_Z,Not applicable,CITY,City,_Z,Not applicable,2021,,68940,,A,Normal value,0,Units,0,Zero
DATAFLOW,OECD.CFE.EDS:DSD_FUA_DEMO@DF_AGE_SEX(1.2),Population by age and sex - Cities and FUAs,I,DE064C,Landshut,A,Annual,POP,Population,PS,Persons,_T,Total,_T,Total,_Z,Not applicable,CITY,City,_Z,Not applicable,2021,,73065,,A,Normal value,0,Units,0,Zero
DATAFLOW,OECD.CFE.EDS:DSD_FUA_DEMO@DF_AGE_SEX(1.2),Population by age and sex - Cities and FUAs,I,DE066C,Rosenheim,A,Annual,POP,Population,PS,Persons,_T,Total,_T,Total,_Z,Not applicable,CITY,City,_Z,Not applicable,2021,,63962,,A,Normal value,0,Units,0,Zero
DATAFLOW,OECD.CFE.EDS:DSD_FUA_DEMO@DF_AGE_SEX(1.2),Population by age and sex - Cities and FUAs,I,DE071C,Görlitz,A,Annual,POP,Population,PS,Persons,_T,Total,_T,Total,_Z,Not applicable,CITY,City,_Z,Not applicable,2021,,55784,,A,Normal value,0,Units,0,Zero
DATAFLOW,OECD.CFE.EDS:DSD_FUA_DEMO@DF_AGE_SEX(1.2),Population by age and sex - Cities and FUAs,I,DE074C,Schweinfurt,A,Annual,POP,Population,PS,Persons,_T,Total,_T,Total,_Z,Not applicable,CITY,City,_Z,Not applicable,2021,,53319,,A,Normal value,0,Units,0,Zero
DATAFLOW,OECD.CFE.EDS:DSD_FUA_DEMO@DF_AGE_SEX(1.2),Population by age and sex - Cities and FUAs,I,DE022C,Moers,A,Annual,POP,Population,PS,Persons,_T,Total,_T,Total,_Z,Not applicable,CITY,City,_Z,Not applicable,2021,,103487,,A,Normal value,0,Units,0,Zero
DATAFLOW,OECD.CFE.EDS:DSD_FUA_DEMO@DF_AGE_SEX(1.2),Population by age and sex - Cities and FUAs,I,DE080C,Duisburg,A,Annual,POP,Population,PS,Persons,_T,Total,_T,Total,_Z,Not applicable,CITY,City,_Z,Not applicable,2021,,495885,,A,Normal value,0,Units,0,Zero
DATAFLOW,OECD.CFE.EDS:DSD_FUA_DEMO@DF_AGE_SEX(1.2),Population by age and sex - Cities and FUAs,I,DE067C,Frankenthal (Pfalz),A,Annual,POP,Population,PS,Persons,_T,Total,_T,Total,_Z,Not applicable,CITY,City,_Z,Not applicable,2021,,48750,,A,Normal value,0,Units,0,Zero
DATAFLOW,OECD.CFE.EDS:DSD_FUA_DEMO@DF_AGE_SEX(1.2),Population by age and sex - Cities and FUAs,I,DE081C,Mannheim,A,Annual,POP,Population,PS,Persons,_T,Total,_T,Total,_Z,Not applicable,CITY,City,_Z,Not applicable,2021,,309721,,A,Normal value,0,Units,0,Zero
DATAFLOW,OECD.CFE.EDS:DSD_FUA_DEMO@DF_AGE_SEX(1.2),Population by age and sex - Cities and FUAs,I,DE096C,Ludwigshafen am Rhein,A,Annual,POP,Population,PS,Persons,_T,Total,_T,Total,_Z,Not applicable,CITY,City,_Z,Not applicable,2021,,172557,,A,Normal value,0,Units,0,Zero
DATAFLOW,OECD.CFE.EDS:DSD_FUA_DEMO@DF_AGE_SEX(1.2),Population by age and sex - Cities and FUAs,I,DE083C,Münster,A,Annual,POP,Population,PS,Persons,_T,Total,_T,Total,_Z,Not applicable,CITY,City,_Z,Not applicable,2021,,316403,,A,Normal value,0,Units,0,Zero
DATAFLOW,OECD.CFE.EDS:DSD_FUA_DEMO@DF_AGE_SEX(1.2),Population by age and sex - Cities and FUAs,I,DE084C,Chemnitz,A,Annual,POP,Population,PS,Persons,_T,Total,_T,Total,_Z,Not applicable,CITY,City,_Z,Not applicable,2021,,244401,,A,Normal value,0,Units,0,Zero
DATAFLOW,OECD.CFE.EDS:DSD_FUA_DEMO@DF_AGE_SEX(1.2),Population by age and sex - Cities and FUAs,I,DE085C,Braunschweig,A,Annual,POP,Population,PS,Persons,_T,Total,_T,Total,_Z,Not applicable,CITY,City,_Z,Not applicable,2021,,248561,,A,Normal value,0,Units,0,Zero
DATAFLOW,OECD.CFE.EDS:DSD_FUA_DEMO@DF_AGE_SEX(1.2),Population by age and sex - Cities and FUAs,I,DE086C,Aachen,A,Annual,POP,Population,PS,Persons,_T,Total,_T,Total,_Z,Not applicable,CITY,City,_Z,Not applicable,2021,,246389,,A,Normal value,0,Units,0,Zero
DATAFLOW,OECD.CFE.EDS:DSD_FUA_DEMO@DF_AGE_SEX(1.2),Population by age and sex - Cities and FUAs,I,DE087C,Krefeld,A,Annual,POP,Population,PS,Persons,_T,Total,_T,Total,_Z,Not applicable,CITY,City,_Z,Not applicable,2021,,226844,,A,Normal value,0,Units,0,Zero
DATAFLOW,OECD.CFE.EDS:DSD_FUA_DEMO@DF_AGE_SEX(1.2),Population by age and sex - Cities and FUAs,I,DE089C,Lübeck,A,Annual,POP,Population,PS,Persons,_T,Total,_T,Total,_Z,Not applicable,CITY,City,_Z,Not applicable,2021,,215846,,A,Normal value,0,Units,0,Zero
DATAFLOW,OECD.CFE.EDS:DSD_FUA_DEMO@DF_AGE_SEX(1.2),Population by age and sex - Cities and FUAs,I,DE090C,Hagen,A,Annual,POP,Population,PS,Persons,_T,Total,_T,Total,_Z,Not applicable,CITY,City,_Z,Not applicable,2021,,188687,,A,Normal value,0,Units,0,Zero
DATAFLOW,OECD.CFE.EDS:DSD_FUA_DEMO@DF_AGE_SEX(1.2),Population by age and sex - Cities and FUAs,I,DE091C,Kassel,A,Annual,POP,Population,PS,Persons,_T,Total,_T,Total,_Z,Not applicable,CITY,City,_Z,Not applicable,2021,,201498,,A,Normal value,0,Units,0,Zero
DATAFLOW,OECD.CFE.EDS:DSD_FUA_DEMO@DF_AGE_SEX(1.2),Population by age and sex - Cities and FUAs,I,DE092C,Hamm,A,Annual,POP,Population,PS,Persons,_T,Total,_T,Total,_Z,Not applicable,CITY,City,_Z,Not applicable,2021,,178967,,A,Normal value,0,Units,0,Zero
DATAFLOW,OECD.CFE.EDS:DSD_FUA_DEMO@DF_AGE_SEX(1.2),Population by age and sex - Cities and FUAs,I,DE095C,Osnabrück,A,Annual,POP,Population,PS,Persons,_T,Total,_T,Total,_Z,Not applicable,CITY,City,_Z,Not applicable,2021,,164223,,A,Normal value,0,Units,0,Zero
DATAFLOW,OECD.CFE.EDS:DSD_FUA_DEMO@DF_AGE_SEX(1.2),Population by age and sex - Cities and FUAs,I,DE098C,Oldenburg (Oldenburg),A,Annual,POP,Population,PS,Persons,_T,Total,_T,Total,_Z,Not applicable,CITY,City,_Z,Not applicable,2021,,169605,,A,Normal value,0,Units,0,Zero
DATAFLOW,OECD.CFE.EDS:DSD_FUA_DEMO@DF_AGE_SEX(1.2),Population by age and sex - Cities and FUAs,I,DE100C,Heidelberg,A,Annual,POP,Population,PS,Persons,_T,Total,_T,Total,_Z,Not applicable,CITY,City,_Z,Not applicable,2021,,158741,,A,Normal value,0,Units,0,Zero
DATAFLOW,OECD.CFE.EDS:DSD_FUA_DEMO@DF_AGE_SEX(1.2),Population by age and sex - Cities and FUAs,I,DE101C,Paderborn,A,Annual,POP,Population,PS,Persons,_T,Total,_T,Total,_Z,Not applicable,CITY,City,_Z,Not applicable,2021,,151864,,A,Normal value,0,Units,0,Zero
DATAFLOW,OECD.CFE.EDS:DSD_FUA_DEMO@DF_AGE_SEX(1.2),Population by age and sex - Cities and FUAs,I,DE102C,Würzburg,A,Annual,POP,Population,PS,Persons,_T,Total,_T,Total,_Z,Not applicable,CITY,City,_Z,Not applicable,2021,,126954,,A,Normal value,0,Units,0,Zero
DATAFLOW,OECD.CFE.EDS:DSD_FUA_DEMO@DF_AGE_SEX(1.2),Population by age and sex - Cities and FUAs,I,DE104C,Wolfsburg,A,Annual,POP,Population,PS,Persons,_T,Total,_T,Total,_Z,Not applicable,CITY,City,_Z,Not applicable,2021,,123840,,A,Normal value,0,Units,0,Zero
DATAFLOW,OECD.CFE.EDS:DSD_FUA_DEMO@DF_AGE_SEX(1.2),Population by age and sex - Cities and FUAs,I,DE105C,Bremerhaven,A,Annual,POP,Population,PS,Persons,_T,Total,_T,Total,_Z,Not applicable,CITY,City,_Z,Not applicable,2021,,113557,,A,Normal value,0,Units,0,Zero
DATAFLOW,OECD.CFE.EDS:DSD_FUA_DEMO@DF_AGE_SEX(1.2),Population by age and sex - Cities and FUAs,I,DE107C,Heilbronn,A,Annual,POP,Population,PS,Persons,_T,Total,_T,Total,_Z,Not applicable,CITY,City,_Z,Not applicable,2021,,126458,,A,Normal value,0,Units,0,Zero
DATAFLOW,OECD.CFE.EDS:DSD_FUA_DEMO@DF_AGE_SEX(1.2),Population by age and sex - Cities and FUAs,I,DE108C,Remscheid,A,Annual,POP,Population,PS,Persons,_T,Total,_T,Total,_Z,Not applicable,CITY,City,_Z,Not applicable,2021,,111516,,A,Normal value,0,Units,0,Zero
DATAFLOW,OECD.CFE.EDS:DSD_FUA_DEMO@DF_AGE_SEX(1.2),Population by age and sex - Cities and FUAs,I,DE073C,Neu-Ulm,A,Annual,POP,Population,PS,Persons,_T,Total,_T,Total,_Z,Not applicable,CITY,City,_Z,Not applicable,2021,,58841,,A,Normal value,0,Units,0,Zero
DATAFLOW,OECD.CFE.EDS:DSD_FUA_DEMO@DF_AGE_SEX(1.2),Population by age and sex - Cities and FUAs,I,DE110C,Ulm,A,Annual,POP,Population,PS,Persons,_T,Total,_T,Total,_Z,Not applicable,CITY,City,_Z,Not applicable,2021,,126405,,A,Normal value,0,Units,0,Zero
DATAFLOW,OECD.CFE.EDS:DSD_FUA_DEMO@DF_AGE_SEX(1.2),Population by age and sex - Cities and FUAs,I,DE111C,Pforzheim,A,Annual,POP,Population,PS,Persons,_T,Total,_T,Total,_Z,Not applicable,CITY,City,_Z,Not applicable,2021,,126016,,A,Normal value,0,Units,0,Zero
DATAFLOW,OECD.CFE.EDS:DSD_FUA_DEMO@DF_AGE_SEX(1.2),Population by age and sex - Cities and FUAs,I,DE112C,Ingolstadt,A,Annual,POP,Population,PS,Persons,_T,Total,_T,Total,_Z,Not applicable,CITY,City,_Z,Not applicable,2021,,136952,,A,Normal value,0,Units,0,Zero
DATAFLOW,OECD.CFE.EDS:DSD_FUA_DEMO@DF_AGE_SEX(1.2),Population by age and sex - Cities and FUAs,I,DE113C,Gera,A,Annual,POP,Population,PS,Persons,_T,Total,_T,Total,_Z,Not applicable,CITY,City,_Z,Not applicable,2021,,92126,,A,Normal value,0,Units,0,Zero
DATAFLOW,OECD.CFE.EDS:DSD_FUA_DEMO@DF_AGE_SEX(1.2),Population by age and sex - Cities and FUAs,I,DE115C,Reutlingen,A,Annual,POP,Population,PS,Persons,_T,Total,_T,Total,_Z,Not applicable,CITY,City,_Z,Not applicable,2021,,116031,,A,Normal value,0,Units,0,Zero
DATAFLOW,OECD.CFE.EDS:DSD_FUA_DEMO@DF_AGE_SEX(1.2),Population by age and sex - Cities and FUAs,I,DE117C,Cottbus,A,Annual,POP,Population,PS,Persons,_T,Total,_T,Total,_Z,Not applicable,CITY,City,_Z,Not applicable,2021,,98693,,A,Normal value,0,Units,0,Zero
DATAFLOW,OECD.CFE.EDS:DSD_FUA_DEMO@DF_AGE_SEX(1.2),Population by age and sex - Cities and FUAs,I,DE118C,Siegen,A,Annual,POP,Population,PS,Persons,_T,Total,_T,Total,_Z,Not applicable,CITY,City,_Z,Not applicable,2021,,101943,,A,Normal value,0,Units,0,Zero
DATAFLOW,OECD.CFE.EDS:DSD_FUA_DEMO@DF_AGE_SEX(1.2),Population by age and sex - Cities and FUAs,I,DE120C,Hildesheim,A,Annual,POP,Population,PS,Persons,_T,Total,_T,Total,_Z,Not applicable,CITY,City,_Z,Not applicable,2021,,101055,,A,Normal value,0,Units,0,Zero
DATAFLOW,OECD.CFE.EDS:DSD_FUA_DEMO@DF_AGE_SEX(1.2),Population by age and sex - Cities and FUAs,I,DE124C,Wuppertal,A,Annual,POP,Population,PS,Persons,_T,Total,_T,Total,_Z,Not applicable,CITY,City,_Z,Not applicable,2021,,355004,,A,Normal value,0,Units,0,Zero
DATAFLOW,OECD.CFE.EDS:DSD_FUA_DEMO@DF_AGE_SEX(1.2),Population by age and sex - Cities and FUAs,I,DE125C,Jena,A,Annual,POP,Population,PS,Persons,_T,Total,_T,Total,_Z,Not applicable,CITY,City,_Z,Not applicable,2021,,110731,,A,Normal value,0,Units,0,Zero
DATAFLOW,OECD.CFE.EDS:DSD_FUA_DEMO@DF_AGE_SEX(1.2),Population by age and sex - Cities and FUAs,I,DE126C,"Düren, Stadt",A,Annual,POP,Population,PS,Persons,_T,Total,_T,Total,_Z,Not applicable,CITY,City,_Z,Not applicable,2021,,91272,,A,Normal value,0,Units,0,Zero
DATAFLOW,OECD.CFE.EDS:DSD_FUA_DEMO@DF_AGE_SEX(1.2),Population by age and sex - Cities and FUAs,I,DE127C,"Bocholt, Stadt",A,Annual,POP,Population,PS,Persons,_T,Total,_T,Total,_Z,Not applicable,CITY,City,_Z,Not applicable,2021,,71061,,A,Normal value,0,Units,0,Zero
DATAFLOW,OECD.CFE.EDS:DSD_FUA_DEMO@DF_AGE_SEX(1.2),Population by age and sex - Cities and FUAs,I,DK001C,København,A,Annual,POP,Population,PS,Persons,_T,Total,_T,Total,_Z,Not applicable,CITY,City,_Z,Not applicable,2021,,1284290,,A,Normal value,0,Units,0,Zero
DATAFLOW,OECD.CFE.EDS:DSD_FUA_DEMO@DF_AGE_SEX(1.2),Population by age and sex - Cities and FUAs,I,DK002C,Århus,A,Annual,POP,Population,PS,Persons,_T,Total,_T,Total,_Z,Not applicable,CITY,City,_Z,Not applicable,2021,,352722,,A,Normal value,0,Units,0,Zero
DATAFLOW,OECD.CFE.EDS:DSD_FUA_DEMO@DF_AGE_SEX(1.2),Population by age and sex - Cities and FUAs,I,DK003C,Odense,A,Annual,POP,Population,PS,Persons,_T,Total,_T,Total,_Z,Not applicable,CITY,City,_Z,Not applicable,2021,,205487,,A,Normal value,0,Units,0,Zero
DATAFLOW,OECD.CFE.EDS:DSD_FUA_DEMO@DF_AGE_SEX(1.2),Population by age and sex - Cities and FUAs,I,DK004C,Aalborg,A,Annual,POP,Population,PS,Persons,_T,Total,_T,Total,_Z,Not applicable,CITY,City,_Z,Not applicable,2021,,219462,,A,Normal value,0,Units,0,Zero
DATAFLOW,OECD.CFE.EDS:DSD_FUA_DEMO@DF_AGE_SEX(1.2),Population by age and sex - Cities and FUAs,I,ES001C,Madrid,A,Annual,POP,Population,PS,Persons,_T,Total,_T,Total,_Z,Not applicable,CITY,City,_Z,Not applicable,2021,,4351406,,A,Normal value,0,Units,0,Zero
DATAFLOW,OECD.CFE.EDS:DSD_FUA_DEMO@DF_AGE_SEX(1.2),Population by age and sex - Cities and FUAs,I,ES064C,Alcalá de Henares,A,Annual,POP,Population,PS,Persons,_T,Total,_T,Total,_Z,Not applicable,CITY,City,_Z,Not applicable,2021,,195982,,A,Normal value,0,Units,0,Zero
DATAFLOW,OECD.CFE.EDS:DSD_FUA_DEMO@DF_AGE_SEX(1.2),Population by age and sex - Cities and FUAs,I,ES081C,Torrejón de Ardoz,A,Annual,POP,Population,PS,Persons,_T,Total,_T,Total,_Z,Not applicable,CITY,City,_Z,Not applicable,2021,,132771,,A,Normal value,0,Units,0,Zero
DATAFLOW,OECD.CFE.EDS:DSD_FUA_DEMO@DF_AGE_SEX(1.2),Population by age and sex - Cities and FUAs,I,ES087C,Collado Villalba,A,Annual,POP,Population,PS,Persons,_T,Total,_T,Total,_Z,Not applicable,CITY,City,_Z,Not applicable,2021,,63825,,A,Normal value,0,Units,0,Zero
DATAFLOW,OECD.CFE.EDS:DSD_FUA_DEMO@DF_AGE_SEX(1.2),Population by age and sex - Cities and FUAs,I,ES095C,Valdemoro,A,Annual,POP,Population,PS,Persons,_T,Total,_T,Total,_Z,Not applicable,CITY,City,_Z,Not applicable,2021,,77587,,A,Normal value,0,Units,0,Zero
DATAFLOW,OECD.CFE.EDS:DSD_FUA_DEMO@DF_AGE_SEX(1.2),Population by age and sex - Cities and FUAs,I,ES002C,Barcelona,A,Annual,POP,Population,PS,Persons,_T,Total,_T,Total,_Z,Not applicable,CITY,City,_Z,Not applicable,2021,,2577619,,A,Normal value,0,Units,0,Zero
DATAFLOW,OECD.CFE.EDS:DSD_FUA_DEMO@DF_AGE_SEX(1.2),Population by age and sex - Cities and FUAs,I,ES050C,Vilanova i la Geltrú,A,Annual,POP,Population,PS,Persons,_T,Total,_T,Total,_Z,Not applicable,CITY,City,_Z,Not applicable,2021,,67458,,A,Normal value,0,Units,0,Zero
DATAFLOW,OECD.CFE.EDS:DSD_FUA_DEMO@DF_AGE_SEX(1.2),Population by age and sex - Cities and FUAs,I,ES054C,Granollers,A,Annual,POP,Population,PS,Persons,_T,Total,_T,Total,_Z,Not applicable,CITY,City,_Z,Not applicable,2021,,99698,,A,Normal value,0,Units,0,Zero
DATAFLOW,OECD.CFE.EDS:DSD_FUA_DEMO@DF_AGE_SEX(1.2),Population by age and sex - Cities and FUAs,I,ES058C,Mollet del Vallès,A,Annual,POP,Population,PS,Persons,_T,Total,_T,Total,_Z,Not applicable,CITY,City,_Z,Not applicable,2021,,83878,,A,Normal value,0,Units,0,Zero
DATAFLOW,OECD.CFE.EDS:DSD_FUA_DEMO@DF_AGE_SEX(1.2),Population by age and sex - Cities and FUAs,I,ES077C,Mataró,A,Annual,POP,Population,PS,Persons,_T,Total,_T,Total,_Z,Not applicable,CITY,City,_Z,Not applicable,2021,,129120,,A,Normal value,0,Units,0,Zero
DATAFLOW,OECD.CFE.EDS:DSD_FUA_DEMO@DF_AGE_SEX(1.2),Population by age and sex - Cities and FUAs,I,ES097C,Igualada,A,Annual,POP,Population,PS,Persons,_T,Total,_T,Total,_Z,Not applicable,CITY,City,_Z,Not applicable,2021,,63803,,A,Normal value,0,Units,0,Zero
DATAFLOW,OECD.CFE.EDS:DSD_FUA_DEMO@DF_AGE_SEX(1.2),Population by age and sex - Cities and FUAs,I,ES003C,Valencia,A,Annual,POP,Population,PS,Persons,_T,Total,_T,Total,_Z,Not applicable,CITY,City,_Z,Not applicable,2021,,1411481,,A,Normal value,0,Units,0,Zero
DATAFLOW,OECD.CFE.EDS:DSD_FUA_DEMO@DF_AGE_SEX(1.2),Population by age and sex - Cities and FUAs,I,ES040C,Gandia,A,Annual,POP,Population,PS,Persons,_T,Total,_T,Total,_Z,Not applicable,CITY,City,_Z,Not applicable,2021,,82596,,A,Normal value,0,Units,0,Zero
DATAFLOW,OECD.CFE.EDS:DSD_FUA_DEMO@DF_AGE_SEX(1.2),Population by age and sex - Cities and FUAs,I,ES093C,Sagunto,A,Annual,POP,Population,PS,Persons,_T,Total,_T,Total,_Z,Not applicable,CITY,City,_Z,Not applicable,2021,,73855,,A,Normal value,0,Units,0,Zero
DATAFLOW,OECD.CFE.EDS:DSD_FUA_DEMO@DF_AGE_SEX(1.2),Population by age and sex - Cities and FUAs,I,ES004C,Sevilla,A,Annual,POP,Population,PS,Persons,_T,Total,_T,Total,_Z,Not applicable,CITY,City,_Z,Not applicable,2021,,684234,,A,Normal value,0,Units,0,Zero
DATAFLOW,OECD.CFE.EDS:DSD_FUA_DEMO@DF_AGE_SEX(1.2),Population by age and sex - Cities and FUAs,I,ES078C,Dos Hermanas,A,Annual,POP,Population,PS,Persons,_T,Total,_T,Total,_Z,Not applicable,CITY,City,_Z,Not applicable,2021,,136250,,A,Normal value,0,Units,0,Zero
DATAFLOW,OECD.CFE.EDS:DSD_FUA_DEMO@DF_AGE_SEX(1.2),Population by age and sex - Cities and FUAs,I,ES082C,Alcalá de Guadaíra,A,Annual,POP,Population,PS,Persons,_T,Total,_T,Total,_Z,Not applicable,CITY,City,_Z,Not applicable,2021,,75546,,A,Normal value,0,Units,0,Zero
DATAFLOW,OECD.CFE.EDS:DSD_FUA_DEMO@DF_AGE_SEX(1.2),Population by age and sex - Cities and FUAs,I,ES005C,Zaragoza,A,Annual,POP,Population,PS,Persons,_T,Total,_T,Total,_Z,Not applicable,CITY,City,_Z,Not applicable,2021,,675301,,A,Normal value,0,Units,0,Zero
DATAFLOW,OECD.CFE.EDS:DSD_FUA_DEMO@DF_AGE_SEX(1.2),Population by age and sex - Cities and FUAs,I,ES006C,Málaga,A,Annual,POP,Population,PS,Persons,_T,Total,_T,Total,_Z,Not applicable,CITY,City,_Z,Not applicable,2021,,577405,,A,Normal value,0,Units,0,Zero
DATAFLOW,OECD.CFE.EDS:DSD_FUA_DEMO@DF_AGE_SEX(1.2),Population by age and sex - Cities and FUAs,I,ES048C,Fuengirola,A,Annual,POP,Population,PS,Persons,_T,Total,_T,Total,_Z,Not applicable,CITY,City,_Z,Not applicable,2021,,82585,,A,Normal value,0,Units,0,Zero
DATAFLOW,OECD.CFE.EDS:DSD_FUA_DEMO@DF_AGE_SEX(1.2),Population by age and sex - Cities and FUAs,I,ES052C,Torremolinos,A,Annual,POP,Population,PS,Persons,_T,Total,_T,Total,_Z,Not applicable,CITY,City,_Z,Not applicable,2021,,138260,,A,Normal value,0,Units,0,Zero
DATAFLOW,OECD.CFE.EDS:DSD_FUA_DEMO@DF_AGE_SEX(1.2),Population by age and sex - Cities and FUAs,I,ES007C,Murcia,A,Annual,POP,Population,PS,Persons,_T,Total,_T,Total,_Z,Not applicable,CITY,City,_Z,Not applicable,2021,,460349,,A,Normal value,0,Units,0,Zero
DATAFLOW,OECD.CFE.EDS:DSD_FUA_DEMO@DF_AGE_SEX(1.2),Population by age and sex - Cities and FUAs,I,ES061C,Cartagena,A,Annual,POP,Population,PS,Persons,_T,Total,_T,Total,_Z,Not applicable,CITY,City,_Z,Not applicable,2021,,216365,,A,Normal value,0,Units,0,Zero
DATAFLOW,OECD.CFE.EDS:DSD_FUA_DEMO@DF_AGE_SEX(1.2),Population by age and sex - Cities and FUAs,I,ES008C,Las Palmas,A,Annual,POP,Population,PS,Persons,_T,Total,_T,Total,_Z,Not applicable,CITY,City,_Z,Not applicable,2021,,378675,,A,Normal value,0,Units,0,Zero
DATAFLOW,OECD.CFE.EDS:DSD_FUA_DEMO@DF_AGE_SEX(1.2),Population by age and sex - Cities and FUAs,I,ES027C,Telde,A,Annual,POP,Population,PS,Persons,_T,Total,_T,Total,_Z,Not applicable,CITY,City,_Z,Not applicable,2021,,102769,,A,Normal value,0,Units,0,Zero
DATAFLOW,OECD.CFE.EDS:DSD_FUA_DEMO@DF_AGE_SEX(1.2),Population by age and sex - Cities and FUAs,I,ES057C,Santa Lucía de Tirajana,A,Annual,POP,Population,PS,Persons,_T,Total,_T,Total,_Z,Not applicable,CITY,City,_Z,Not applicable,2021,,73573,,A,Normal value,0,Units,0,Zero
DATAFLOW,OECD.CFE.EDS:DSD_FUA_DEMO@DF_AGE_SEX(1.2),Population by age and sex - Cities and FUAs,I,ES009C,Valladolid,A,Annual,POP,Population,PS,Persons,_T,Total,_T,Total,_Z,Not applicable,CITY,City,_Z,Not applicable,2021,,318491,,A,Normal value,0,Units,0,Zero
DATAFLOW,OECD.CFE.EDS:DSD_FUA_DEMO@DF_AGE_SEX(1.2),Population by age and sex - Cities and FUAs,I,ES010C,Palma de Mallorca,A,Annual,POP,Population,PS,Persons,_T,Total,_T,Total,_Z,Not applicable,CITY,City,_Z,Not applicable,2021,,419366,,A,Normal value,0,Units,0,Zero
DATAFLOW,OECD.CFE.EDS:DSD_FUA_DEMO@DF_AGE_SEX(1.2),Population by age and sex - Cities and FUAs,I,ES011C,Santiago de Compostela,A,Annual,POP,Population,PS,Persons,_T,Total,_T,Total,_Z,Not applicable,CITY,City,_Z,Not applicable,2021,,97858,,A,Normal value,0,Units,0,Zero
DATAFLOW,OECD.CFE.EDS:DSD_FUA_DEMO@DF_AGE_SEX(1.2),Population by age and sex - Cities and FUAs,I,ES012C,Vitoria/Gasteiz,A,Annual,POP,Population,PS,Persons,_T,Total,_T,Total,_Z,Not applicable,CITY,City,_Z,Not applicable,2021,,253093,,A,Normal value,0,Units,0,Zero
DATAFLOW,OECD.CFE.EDS:DSD_FUA_DEMO@DF_AGE_SEX(1.2),Population by age and sex - Cities and FUAs,I,ES013C,Oviedo,A,Annual,POP,Population,PS,Persons,_T,Total,_T,Total,_Z,Not applicable,CITY,City,_Z,Not applicable,2021,,217552,,A,Normal value,0,Units,0,Zero
DATAFLOW,OECD.CFE.EDS:DSD_FUA_DEMO@DF_AGE_SEX(1.2),Population by age and sex - Cities and FUAs,I,ES023C,Gijón,A,Annual,POP,Population,PS,Persons,_T,Total,_T,Total,_Z,Not applicable,CITY,City,_Z,Not applicable,2021,,268896,,A,Normal value,0,Units,0,Zero
DATAFLOW,OECD.CFE.EDS:DSD_FUA_DEMO@DF_AGE_SEX(1.2),Population by age and sex - Cities and FUAs,I,ES034C,Avilés,A,Annual,POP,Population,PS,Persons,_T,Total,_T,Total,_Z,Not applicable,CITY,City,_Z,Not applicable,2021,,92444,,A,Normal value,0,Units,0,Zero
DATAFLOW,OECD.CFE.EDS:DSD_FUA_DEMO@DF_AGE_SEX(1.2),Population by age and sex - Cities and FUAs,I,ES014C,Pamplona/Iruña,A,Annual,POP,Population,PS,Persons,_T,Total,_T,Total,_Z,Not applicable,CITY,City,_Z,Not applicable,2021,,334169,,A,Normal value,0,Units,0,Zero
DATAFLOW,OECD.CFE.EDS:DSD_FUA_DEMO@DF_AGE_SEX(1.2),Population by age and sex - Cities and FUAs,I,ES015C,Santander,A,Annual,POP,Population,PS,Persons,_T,Total,_T,Total,_Z,Not applicable,CITY,City,_Z,Not applicable,2021,,172221,,A,Normal value,0,Units,0,Zero
DATAFLOW,OECD.CFE.EDS:DSD_FUA_DEMO@DF_AGE_SEX(1.2),Population by age and sex - Cities and FUAs,I,ES016C,Toledo,A,Annual,POP,Population,PS,Persons,_T,Total,_T,Total,_Z,Not applicable,CITY,City,_Z,Not applicable,2021,,85449,,A,Normal value,0,Units,0,Zero
DATAFLOW,OECD.CFE.EDS:DSD_FUA_DEMO@DF_AGE_SEX(1.2),Population by age and sex - Cities and FUAs,I,ES017C,Badajoz,A,Annual,POP,Population,PS,Persons,_T,Total,_T,Total,_Z,Not applicable,CITY,City,_Z,Not applicable,2021,,150610,,A,Normal value,0,Units,0,Zero
DATAFLOW,OECD.CFE.EDS:DSD_FUA_DEMO@DF_AGE_SEX(1.2),Population by age and sex - Cities and FUAs,I,ES018C,Logroño,A,Annual,POP,Population,PS,Persons,_T,Total,_T,Total,_Z,Not applicable,CITY,City,_Z,Not applicable,2021,,150808,,A,Normal value,0,Units,0,Zero
DATAFLOW,OECD.CFE.EDS:DSD_FUA_DEMO@DF_AGE_SEX(1.2),Population by age and sex - Cities and FUAs,I,ES019C,Bilbao,A,Annual,POP,Population,PS,Persons,_T,Total,_T,Total,_Z,Not applicable,CITY,City,_Z,Not applicable,2021,,779600,,A,Normal value,0,Units,0,Zero
DATAFLOW,OECD.CFE.EDS:DSD_FUA_DEMO@DF_AGE_SEX(1.2),Population by age and sex - Cities and FUAs,I,ES020C,Córdoba,A,Annual,POP,Population,PS,Persons,_T,Total,_T,Total,_Z,Not applicable,CITY,City,_Z,Not applicable,2021,,322071,,A,Normal value,0,Units,0,Zero
DATAFLOW,OECD.CFE.EDS:DSD_FUA_DEMO@DF_AGE_SEX(1.2),Population by age and sex - Cities and FUAs,I,ES021C,Alicante/Alacant,A,Annual,POP,Population,PS,Persons,_T,Total,_T,Total,_Z,Not applicable,CITY,City,_Z,Not applicable,2021,,475271,,A,Normal value,0,Units,0,Zero
DATAFLOW,OECD.CFE.EDS:DSD_FUA_DEMO@DF_AGE_SEX(1.2),Population by age and sex - Cities and FUAs,I,ES060C,Elche/Elx,A,Annual,POP,Population,PS,Persons,_T,Total,_T,Total,_Z,Not applicable,CITY,City,_Z,Not applicable,2021,,234205,,A,Normal value,0,Units,0,Zero
DATAFLOW,OECD.CFE.EDS:DSD_FUA_DEMO@DF_AGE_SEX(1.2),Population by age and sex - Cities and FUAs,I,ES022C,Vigo,A,Annual,POP,Population,PS,Persons,_T,Total,_T,Total,_Z,Not applicable,CITY,City,_Z,Not applicable,2021,,293837,,A,Normal value,0,Units,0,Zero
DATAFLOW,OECD.CFE.EDS:DSD_FUA_DEMO@DF_AGE_SEX(1.2),Population by age and sex - Cities and FUAs,I,ES024C,Santa Cruz de Tenerife,A,Annual,POP,Population,PS,Persons,_T,Total,_T,Total,_Z,Not applicable,CITY,City,_Z,Not applicable,2021,,366573,,A,Normal value,0,Units,0,Zero
DATAFLOW,OECD.CFE.EDS:DSD_FUA_DEMO@DF_AGE_SEX(1.2),Population by age and sex - Cities and FUAs,I,ES096C,Puerto de la Cruz,A,Annual,POP,Population,PS,Persons,_T,Total,_T,Total,_Z,Not applicable,CITY,City,_Z,Not applicable,2021,,67003,,A,Normal value,0,Units,0,Zero
DATAFLOW,OECD.CFE.EDS:DSD_FUA_DEMO@DF_AGE_SEX(1.2),Population by age and sex - Cities and FUAs,I,ES025C,A Coruña,A,Annual,POP,Population,PS,Persons,_T,Total,_T,Total,_Z,Not applicable,CITY,City,_Z,Not applicable,2021,,300842,,A,Normal value,0,Units,0,Zero
DATAFLOW,OECD.CFE.EDS:DSD_FUA_DEMO@DF_AGE_SEX(1.2),Population by age and sex - Cities and FUAs,I,ES028C,Lugo,A,Annual,POP,Population,PS,Persons,_T,Total,_T,Total,_Z,Not applicable,CITY,City,_Z,Not applicable,2021,,97613,,A,Normal value,0,Units,0,Zero
DATAFLOW,OECD.CFE.EDS:DSD_FUA_DEMO@DF_AGE_SEX(1.2),Population by age and sex - Cities and FUAs,I,ES030C,Girona,A,Annual,POP,Population,PS,Persons,_T,Total,_T,Total,_Z,Not applicable,CITY,City,_Z,Not applicable,2021,,142618,,A,Normal value,0,Units,0,Zero
DATAFLOW,OECD.CFE.EDS:DSD_FUA_DEMO@DF_AGE_SEX(1.2),Population by age and sex - Cities and FUAs,I,ES031C,Cáceres,A,Annual,POP,Population,PS,Persons,_T,Total,_T,Total,_Z,Not applicable,CITY,City,_Z,Not applicable,2021,,95418,,A,Normal value,0,Units,0,Zero
DATAFLOW,OECD.CFE.EDS:DSD_FUA_DEMO@DF_AGE_SEX(1.2),Population by age and sex - Cities and FUAs,I,ES032C,Torrevieja,A,Annual,POP,Population,PS,Persons,_T,Total,_T,Total,_Z,Not applicable,CITY,City,_Z,Not applicable,2021,,82842,,A,Normal value,0,Units,0,Zero
DATAFLOW,OECD.CFE.EDS:DSD_FUA_DEMO@DF_AGE_SEX(1.2),Population by age and sex - Cities and FUAs,I,ES033C,"Puerto de Santa María, El",A,Annual,POP,Population,PS,Persons,_T,Total,_T,Total,_Z,Not applicable,CITY,City,_Z,Not applicable,2021,,89060,,A,Normal value,0,Units,0,Zero
DATAFLOW,OECD.CFE.EDS:DSD_FUA_DEMO@DF_AGE_SEX(1.2),Population by age and sex - Cities and FUAs,I,ES035C,Talavera de la Reina,A,Annual,POP,Population,PS,Persons,_T,Total,_T,Total,_Z,Not applicable,CITY,City,_Z,Not applicable,2021,,83477,,A,Normal value,0,Units,0,Zero
DATAFLOW,OECD.CFE.EDS:DSD_FUA_DEMO@DF_AGE_SEX(1.2),Population by age and sex - Cities and FUAs,I,ES036C,Palencia,A,Annual,POP,Population,PS,Persons,_T,Total,_T,Total,_Z,Not applicable,CITY,City,_Z,Not applicable,2021,,77090,,A,Normal value,0,Units,0,Zero
DATAFLOW,OECD.CFE.EDS:DSD_FUA_DEMO@DF_AGE_SEX(1.2),Population by age and sex - Cities and FUAs,I,ES037C,Ferrol,A,Annual,POP,Population,PS,Persons,_T,Total,_T,Total,_Z,Not applicable,CITY,City,_Z,Not applicable,2021,,103698,,A,Normal value,0,Units,0,Zero
DATAFLOW,OECD.CFE.EDS:DSD_FUA_DEMO@DF_AGE_SEX(1.2),Population by age and sex - Cities and FUAs,I,ES038C,Pontevedra,A,Annual,POP,Population,PS,Persons,_T,Total,_T,Total,_Z,Not applicable,CITY,City,_Z,Not applicable,2021,,83114,,A,Normal value,0,Units,0,Zero
DATAFLOW,OECD.CFE.EDS:DSD_FUA_DEMO@DF_AGE_SEX(1.2),Population by age and sex - Cities and FUAs,I,ES039C,Ceuta,A,Annual,POP,Population,PS,Persons,_T,Total,_T,Total,_Z,Not applicable,CITY,City,_Z,Not applicable,2021,,83517,,A,Normal value,0,Units,0,Zero
DATAFLOW,OECD.CFE.EDS:DSD_FUA_DEMO@DF_AGE_SEX(1.2),Population by age and sex - Cities and FUAs,I,ES041C,Guadalajara,A,Annual,POP,Population,PS,Persons,_T,Total,_T,Total,_Z,Not applicable,CITY,City,_Z,Not applicable,2021,,87064,,A,Normal value,0,Units,0,Zero
DATAFLOW,OECD.CFE.EDS:DSD_FUA_DEMO@DF_AGE_SEX(1.2),Population by age and sex - Cities and FUAs,I,ES042C,Manresa,A,Annual,POP,Population,PS,Persons,_T,Total,_T,Total,_Z,Not applicable,CITY,City,_Z,Not applicable,2021,,89063,,A,Normal value,0,Units,0,Zero
DATAFLOW,OECD.CFE.EDS:DSD_FUA_DEMO@DF_AGE_SEX(1.2),Population by age and sex - Cities and FUAs,I,ES043C,Ciudad Real,A,Annual,POP,Population,PS,Persons,_T,Total,_T,Total,_Z,Not applicable,CITY,City,_Z,Not applicable,2021,,75104,,A,Normal value,0,Units,0,Zero
DATAFLOW,OECD.CFE.EDS:DSD_FUA_DEMO@DF_AGE_SEX(1.2),Population by age and sex - Cities and FUAs,I,ES044C,Benidorm,A,Annual,POP,Population,PS,Persons,_T,Total,_T,Total,_Z,Not applicable,CITY,City,_Z,Not applicable,2021,,69118,,A,Normal value,0,Units,0,Zero
DATAFLOW,OECD.CFE.EDS:DSD_FUA_DEMO@DF_AGE_SEX(1.2),Population by age and sex - Cities and FUAs,I,ES045C,Melilla,A,Annual,POP,Population,PS,Persons,_T,Total,_T,Total,_Z,Not applicable,CITY,City,_Z,Not applicable,2021,,86261,,A,Normal value,0,Units,0,Zero
DATAFLOW,OECD.CFE.EDS:DSD_FUA_DEMO@DF_AGE_SEX(1.2),Population by age and sex - Cities and FUAs,I,ES046C,Ponferrada,A,Annual,POP,Population,PS,Persons,_T,Total,_T,Total,_Z,Not applicable,CITY,City,_Z,Not applicable,2021,,63747,,A,Normal value,0,Units,0,Zero
DATAFLOW,OECD.CFE.EDS:DSD_FUA_DEMO@DF_AGE_SEX(1.2),Population by age and sex - Cities and FUAs,I,ES047C,Zamora,A,Annual,POP,Population,PS,Persons,_T,Total,_T,Total,_Z,Not applicable,CITY,City,_Z,Not applicable,2021,,60297,,A,Normal value,0,Units,0,Zero
DATAFLOW,OECD.CFE.EDS:DSD_FUA_DEMO@DF_AGE_SEX(1.2),Population by age and sex - Cities and FUAs,I,ES049C,Sanlúcar de Barrameda,A,Annual,POP,Population,PS,Persons,_T,Total,_T,Total,_Z,Not applicable,CITY,City,_Z,Not applicable,2021,,69507,,A,Normal value,0,Units,0,Zero
DATAFLOW,OECD.CFE.EDS:DSD_FUA_DEMO@DF_AGE_SEX(1.2),Population by age and sex - Cities and FUAs,I,ES051C,"Línea de la Concepción, La",A,Annual,POP,Population,PS,Persons,_T,Total,_T,Total,_Z,Not applicable,CITY,City,_Z,Not applicable,2021,,63365,,A,Normal value,0,Units,0,Zero
DATAFLOW,OECD.CFE.EDS:DSD_FUA_DEMO@DF_AGE_SEX(1.2),Population by age and sex - Cities and FUAs,I,ES055C,Arrecife,A,Annual,POP,Population,PS,Persons,_T,Total,_T,Total,_Z,Not applicable,CITY,City,_Z,Not applicable,2021,,64497,,A,Normal value,0,Units,0,Zero
DATAFLOW,OECD.CFE.EDS:DSD_FUA_DEMO@DF_AGE_SEX(1.2),Population by age and sex - Cities and FUAs,I,ES056C,Elda,A,Annual,POP,Population,PS,Persons,_T,Total,_T,Total,_Z,Not applicable,CITY,City,_Z,Not applicable,2021,,86560,,A,Normal value,0,Units,0,Zero
DATAFLOW,OECD.CFE.EDS:DSD_FUA_DEMO@DF_AGE_SEX(1.2),Population by age and sex - Cities and FUAs,I,ES059C,Granada,A,Annual,POP,Population,PS,Persons,_T,Total,_T,Total,_Z,Not applicable,CITY,City,_Z,Not applicable,2021,,329085,,A,Normal value,0,Units,0,Zero
DATAFLOW,OECD.CFE.EDS:DSD_FUA_DEMO@DF_AGE_SEX(1.2),Population by age and sex - Cities and FUAs,I,ES062C,Jerez de la Frontera,A,Annual,POP,Population,PS,Persons,_T,Total,_T,Total,_Z,Not applicable,CITY,City,_Z,Not applicable,2021,,212801,,A,Normal value,0,Units,0,Zero
DATAFLOW,OECD.CFE.EDS:DSD_FUA_DEMO@DF_AGE_SEX(1.2),Population by age and sex - Cities and FUAs,I,ES053C,Irun,A,Annual,POP,Population,PS,Persons,_T,Total,_T,Total,_Z,Not applicable,CITY,City,_Z,Not applicable,2021,,79785,,A,Normal value,0,Units,0,Zero
DATAFLOW,OECD.CFE.EDS:DSD_FUA_DEMO@DF_AGE_SEX(1.2),Population by age and sex - Cities and FUAs,I,ES063C,San Sebastián/Donostia,A,Annual,POP,Population,PS,Persons,_T,Total,_T,Total,_Z,Not applicable,CITY,City,_Z,Not applicable,2021,,249250,,A,Normal value,0,Units,0,Zero
DATAFLOW,OECD.CFE.EDS:DSD_FUA_DEMO@DF_AGE_SEX(1.2),Population by age and sex - Cities and FUAs,I,ES065C,Almería,A,Annual,POP,Population,PS,Persons,_T,Total,_T,Total,_Z,Not applicable,CITY,City,_Z,Not applicable,2021,,224766,,A,Normal value,0,Units,0,Zero
DATAFLOW,OECD.CFE.EDS:DSD_FUA_DEMO@DF_AGE_SEX(1.2),Population by age and sex - Cities and FUAs,I,ES066C,Burgos,A,Annual,POP,Population,PS,Persons,_T,Total,_T,Total,_Z,Not applicable,CITY,City,_Z,Not applicable,2021,,174051,,A,Normal value,0,Units,0,Zero
DATAFLOW,OECD.CFE.EDS:DSD_FUA_DEMO@DF_AGE_SEX(1.2),Population by age and sex - Cities and FUAs,I,ES067C,Salamanca,A,Annual,POP,Population,PS,Persons,_T,Total,_T,Total,_Z,Not applicable,CITY,City,_Z,Not applicable,2021,,165283,,A,Normal value,0,Units,0,Zero
DATAFLOW,OECD.CFE.EDS:DSD_FUA_DEMO@DF_AGE_SEX(1.2),Population by age and sex - Cities and FUAs,I,ES068C,Albacete,A,Annual,POP,Population,PS,Persons,_T,Total,_T,Total,_Z,Not applicable,CITY,City,_Z,Not applicable,2021,,172722,,A,Normal value,0,Units,0,Zero
DATAFLOW,OECD.CFE.EDS:DSD_FUA_DEMO@DF_AGE_SEX(1.2),Population by age and sex - Cities and FUAs,I,ES069C,Castellón de la Plana/Castelló de la Plana,A,Annual,POP,Population,PS,Persons,_T,Total,_T,Total,_Z,Not applicable,CITY,City,_Z,Not applicable,2021,,172589,,A,Normal value,0,Units,0,Zero
DATAFLOW,OECD.CFE.EDS:DSD_FUA_DEMO@DF_AGE_SEX(1.2),Population by age and sex - Cities and FUAs,I,ES070C,Huelva,A,Annual,POP,Population,PS,Persons,_T,Total,_T,Total,_Z,Not applicable,CITY,City,_Z,Not applicable,2021,,142538,,A,Normal value,0,Units,0,Zero
DATAFLOW,OECD.CFE.EDS:DSD_FUA_DEMO@DF_AGE_SEX(1.2),Population by age and sex - Cities and FUAs,I,ES029C,San Fernando,A,Annual,POP,Population,PS,Persons,_T,Total,_T,Total,_Z,Not applicable,CITY,City,_Z,Not applicable,2021,,94867,,A,Normal value,0,Units,0,Zero
DATAFLOW,OECD.CFE.EDS:DSD_FUA_DEMO@DF_AGE_SEX(1.2),Population by age and sex - Cities and FUAs,I,ES071C,Cádiz,A,Annual,POP,Population,PS,Persons,_T,Total,_T,Total,_Z,Not applicable,CITY,City,_Z,Not applicable,2021,,114244,,A,Normal value,0,Units,0,Zero
DATAFLOW,OECD.CFE.EDS:DSD_FUA_DEMO@DF_AGE_SEX(1.2),Population by age and sex - Cities and FUAs,I,ES072C,León,A,Annual,POP,Population,PS,Persons,_T,Total,_T,Total,_Z,Not applicable,CITY,City,_Z,Not applicable,2021,,152211,,A,Normal value,0,Units,0,Zero
DATAFLOW,OECD.CFE.EDS:DSD_FUA_DEMO@DF_AGE_SEX(1.2),Population by age and sex - Cities and FUAs,I,ES026C,Reus,A,Annual,POP,Population,PS,Persons,_T,Total,_T,Total,_Z,Not applicable,CITY,City,_Z,Not applicable,2021,,106084,,A,Normal value,0,Units,0,Zero
DATAFLOW,OECD.CFE.EDS:DSD_FUA_DEMO@DF_AGE_SEX(1.2),Population by age and sex - Cities and FUAs,I,ES073C,Tarragona,A,Annual,POP,Population,PS,Persons,_T,Total,_T,Total,_Z,Not applicable,CITY,City,_Z,Not applicable,2021,,141369,,A,Normal value,0,Units,0,Zero
DATAFLOW,OECD.CFE.EDS:DSD_FUA_DEMO@DF_AGE_SEX(1.2),Population by age and sex - Cities and FUAs,I,ES074C,Jaén,A,Annual,POP,Population,PS,Persons,_T,Total,_T,Total,_Z,Not applicable,CITY,City,_Z,Not applicable,2021,,111932,,A,Normal value,0,Units,0,Zero
DATAFLOW,OECD.CFE.EDS:DSD_FUA_DEMO@DF_AGE_SEX(1.2),Population by age and sex - Cities and FUAs,I,ES090C,Linares,A,Annual,POP,Population,PS,Persons,_T,Total,_T,Total,_Z,Not applicable,CITY,City,_Z,Not applicable,2021,,56525,,A,Normal value,0,Units,0,Zero
DATAFLOW,OECD.CFE.EDS:DSD_FUA_DEMO@DF_AGE_SEX(1.2),Population by age and sex - Cities and FUAs,I,ES075C,Lleida,A,Annual,POP,Population,PS,Persons,_T,Total,_T,Total,_Z,Not applicable,CITY,City,_Z,Not applicable,2021,,140080,,A,Normal value,0,Units,0,Zero
DATAFLOW,OECD.CFE.EDS:DSD_FUA_DEMO@DF_AGE_SEX(1.2),Population by age and sex - Cities and FUAs,I,ES076C,Ourense,A,Annual,POP,Population,PS,Persons,_T,Total,_T,Total,_Z,Not applicable,CITY,City,_Z,Not applicable,2021,,115618,,A,Normal value,0,Units,0,Zero
DATAFLOW,OECD.CFE.EDS:DSD_FUA_DEMO@DF_AGE_SEX(1.2),Population by age and sex - Cities and FUAs,I,ES079C,Algeciras,A,Annual,POP,Population,PS,Persons,_T,Total,_T,Total,_Z,Not applicable,CITY,City,_Z,Not applicable,2021,,122982,,A,Normal value,0,Units,0,Zero
DATAFLOW,OECD.CFE.EDS:DSD_FUA_DEMO@DF_AGE_SEX(1.2),Population by age and sex - Cities and FUAs,I,ES083C,Alcoy,A,Annual,POP,Population,PS,Persons,_T,Total,_T,Total,_Z,Not applicable,CITY,City,_Z,Not applicable,2021,,59128,,A,Normal value,0,Units,0,Zero
DATAFLOW,OECD.CFE.EDS:DSD_FUA_DEMO@DF_AGE_SEX(1.2),Population by age and sex - Cities and FUAs,I,ES086C,Chiclana de la Frontera,A,Annual,POP,Population,PS,Persons,_T,Total,_T,Total,_Z,Not applicable,CITY,City,_Z,Not applicable,2021,,86306,,A,Normal value,0,Units,0,Zero
DATAFLOW,OECD.CFE.EDS:DSD_FUA_DEMO@DF_AGE_SEX(1.2),Population by age and sex - Cities and FUAs,I,ES089C,Eivissa,A,Annual,POP,Population,PS,Persons,_T,Total,_T,Total,_Z,Not applicable,CITY,City,_Z,Not applicable,2021,,50643,,A,Normal value,0,Units,0,Zero
DATAFLOW,OECD.CFE.EDS:DSD_FUA_DEMO@DF_AGE_SEX(1.2),Population by age and sex - Cities and FUAs,I,ES091C,Lorca,A,Annual,POP,Population,PS,Persons,_T,Total,_T,Total,_Z,Not applicable,CITY,City,_Z,Not applicable,2021,,96238,,A,Normal value,0,Units,0,Zero
DATAFLOW,OECD.CFE.EDS:DSD_FUA_DEMO@DF_AGE_SEX(1.2),Population by age and sex - Cities and FUAs,I,ES092C,Mérida,A,Annual,POP,Population,PS,Persons,_T,Total,_T,Total,_Z,Not applicable,CITY,City,_Z,Not applicable,2021,,59424,,A,Normal value,0,Units,0,Zero
DATAFLOW,OECD.CFE.EDS:DSD_FUA_DEMO@DF_AGE_SEX(1.2),Population by age and sex - Cities and FUAs,I,EE001C,Tallinn,A,Annual,POP,Population,PS,Persons,_T,Total,_T,Total,_Z,Not applicable,CITY,City,_Z,Not applicable,2021,,438341,,A,Normal value,0,Units,0,Zero
DATAFLOW,OECD.CFE.EDS:DSD_FUA_DEMO@DF_AGE_SEX(1.2),Population by age and sex - Cities and FUAs,I,EE002C,Tartu,A,Annual,POP,Population,PS,Persons,_T,Total,_T,Total,_Z,Not applicable,CITY,City,_Z,Not applicable,2021,,95430,,A,Normal value,0,Units,0,Zero
DATAFLOW,OECD.CFE.EDS:DSD_FUA_DEMO@DF_AGE_SEX(1.2),Population by age and sex - Cities and FUAs,I,EE003C,Narva,A,Annual,POP,Population,PS,Persons,_T,Total,_T,Total,_Z,Not applicable,CITY,City,_Z,Not applicable,2021,,53424,,A,Normal value,0,Units,0,Zero
DATAFLOW,OECD.CFE.EDS:DSD_FUA_DEMO@DF_AGE_SEX(1.2),Population by age and sex - Cities and FUAs,I,FI001C,Helsinki/Helsingfors,A,Annual,POP,Population,PS,Persons,_T,Total,_T,Total,_Z,Not applicable,CITY,City,_Z,Not applicable,2021,,658457,,A,Normal value,0,Units,0,Zero
DATAFLOW,OECD.CFE.EDS:DSD_FUA_DEMO@DF_AGE_SEX(1.2),Population by age and sex - Cities and FUAs,I,FI005C,Espoo/Esbo,A,Annual,POP,Population,PS,Persons,_T,Total,_T,Total,_Z,Not applicable,CITY,City,_Z,Not applicable,2021,,307528,,A,Normal value,0,Units,0,Zero
DATAFLOW,OECD.CFE.EDS:DSD_FUA_DEMO@DF_AGE_SEX(1.2),Population by age and sex - Cities and FUAs,I,FI006C,Vantaa/Vanda,A,Annual,POP,Population,PS,Persons,_T,Total,_T,Total,_Z,Not applicable,CITY,City,_Z,Not applicable,2021,,239206,,A,Normal value,0,Units,0,Zero
DATAFLOW,OECD.CFE.EDS:DSD_FUA_DEMO@DF_AGE_SEX(1.2),Population by age and sex - Cities and FUAs,I,FI002C,Tampere/Tammerfors,A,Annual,POP,Population,PS,Persons,_T,Total,_T,Total,_Z,Not applicable,CITY,City,_Z,Not applicable,2021,,244223,,A,Normal value,0,Units,0,Zero
DATAFLOW,OECD.CFE.EDS:DSD_FUA_DEMO@DF_AGE_SEX(1.2),Population by age and sex - Cities and FUAs,I,FI003C,Turku/Åbo,A,Annual,POP,Population,PS,Persons,_T,Total,_T,Total,_Z,Not applicable,CITY,City,_Z,Not applicable,2021,,195137,,A,Normal value,0,Units,0,Zero
DATAFLOW,OECD.CFE.EDS:DSD_FUA_DEMO@DF_AGE_SEX(1.2),Population by age and sex - Cities and FUAs,I,FI004C,Oulu/Uleåborg,A,Annual,POP,Population,PS,Persons,_T,Total,_T,Total,_Z,Not applicable,CITY,City,_Z,Not applicable,2021,,209551,,A,Normal value,0,Units,0,Zero
DATAFLOW,OECD.CFE.EDS:DSD_FUA_DEMO@DF_AGE_SEX(1.2),Population by age and sex - Cities and FUAs,I,FI007C,Lahti/Lahtis,A,Annual,POP,Population,PS,Persons,_T,Total,_T,Total,_Z,Not applicable,CITY,City,_Z,Not applicable,2021,,120027,,A,Normal value,0,Units,0,Zero
DATAFLOW,OECD.CFE.EDS:DSD_FUA_DEMO@DF_AGE_SEX(1.2),Population by age and sex - Cities and FUAs,I,FI008C,Kuopio,A,Annual,POP,Population,PS,Persons,_T,Total,_T,Total,_Z,Not applicable,CITY,City,_Z,Not applicable,2021,,121543,,A,Normal value,0,Units,0,Zero
DATAFLOW,OECD.CFE.EDS:DSD_FUA_DEMO@DF_AGE_SEX(1.2),Population by age and sex - Cities and FUAs,I,FI009C,Jyväskylä,A,Annual,POP,Population,PS,Persons,_T,Total,_T,Total,_Z,Not applicable,CITY,City,_Z,Not applicable,2021,,144473,,A,Normal value,0,Units,0,Zero
DATAFLOW,OECD.CFE.EDS:DSD_FUA_DEMO@DF_AGE_SEX(1.2),Population by age and sex - Cities and FUAs,I,FR001C,Paris,A,Annual,POP,Population,PS,Persons,_T,Total,_T,Total,_Z,Not applicable,CITY,City,_Z,Not applicable,2021,,10058638,,A,Normal value,0,Units,0,Zero
DATAFLOW,OECD.CFE.EDS:DSD_FUA_DEMO@DF_AGE_SEX(1.2),Population by age and sex - Cities and FUAs,I,FR051C,Mantes-la-Jolie,A,Annual,POP,Population,PS,Persons,_T,Total,_T,Total,_Z,Not applicable,CITY,City,_Z,Not applicable,2021,,89696,,A,Normal value,0,Units,0,Zero
DATAFLOW,OECD.CFE.EDS:DSD_FUA_DEMO@DF_AGE_SEX(1.2),Population by age and sex - Cities and FUAs,I,FR053C,Melun,A,Annual,POP,Population,PS,Persons,_T,Total,_T,Total,_Z,Not applicable,CITY,City,_Z,Not applicable,2021,,99866,,A,Normal value,0,Units,0,Zero
DATAFLOW,OECD.CFE.EDS:DSD_FUA_DEMO@DF_AGE_SEX(1.2),Population by age and sex - Cities and FUAs,I,FR059C,Creil,A,Annual,POP,Population,PS,Persons,_T,Total,_T,Total,_Z,Not applicable,CITY,City,_Z,Not applicable,2021,,77710,,A,Normal value,0,Units,0,Zero
DATAFLOW,OECD.CFE.EDS:DSD_FUA_DEMO@DF_AGE_SEX(1.2),Population by age and sex - Cities and FUAs,I,FR067C,Meaux,A,Annual,POP,Population,PS,Persons,_T,Total,_T,Total,_Z,Not applicable,CITY,City,_Z,Not applicable,2021,,65989,,A,Normal value,0,Units,0,Zero
DATAFLOW,OECD.CFE.EDS:DSD_FUA_DEMO@DF_AGE_SEX(1.2),Population by age and sex - Cities and FUAs,I,FR002C,Lyon,A,Annual,POP,Population,PS,Persons,_T,Total,_T,Total,_Z,Not applicable,CITY,City,_Z,Not applicable,2021,,1221427,,A,Normal value,0,Units,0,Zero
DATAFLOW,OECD.CFE.EDS:DSD_FUA_DEMO@DF_AGE_SEX(1.2),Population by age and sex - Cities and FUAs,I,FR003C,Lille,A,Annual,POP,Population,PS,Persons,_T,Total,_T,Total,_Z,Not applicable,CITY,City,_Z,Not applicable,2021,,932845,,A,Normal value,0,Units,0,Zero
DATAFLOW,OECD.CFE.EDS:DSD_FUA_DEMO@DF_AGE_SEX(1.2),Population by age and sex - Cities and FUAs,I,FR004C,Marseille,A,Annual,POP,Population,PS,Persons,_T,Total,_T,Total,_Z,Not applicable,CITY,City,_Z,Not applicable,2021,,959873,,A,Normal value,0,Units,0,Zero
DATAFLOW,OECD.CFE.EDS:DSD_FUA_DEMO@DF_AGE_SEX(1.2),Population by age and sex - Cities and FUAs,I,FR033C,Aix-en-Provence,A,Annual,POP,Population,PS,Persons,_T,Total,_T,Total,_Z,Not applicable,CITY,City,_Z,Not applicable,2021,,147478,,A,Normal value,0,Units,0,Zero
DATAFLOW,OECD.CFE.EDS:DSD_FUA_DEMO@DF_AGE_SEX(1.2),Population by age and sex - Cities and FUAs,I,FR005C,Bordeaux,A,Annual,POP,Population,PS,Persons,_T,Total,_T,Total,_Z,Not applicable,CITY,City,_Z,Not applicable,2021,,727522,,A,Normal value,0,Units,0,Zero
DATAFLOW,OECD.CFE.EDS:DSD_FUA_DEMO@DF_AGE_SEX(1.2),Population by age and sex - Cities and FUAs,I,FR006C,Toulouse,A,Annual,POP,Population,PS,Persons,_T,Total,_T,Total,_Z,Not applicable,CITY,City,_Z,Not applicable,2021,,698983,,A,Normal value,0,Units,0,Zero
DATAFLOW,OECD.CFE.EDS:DSD_FUA_DEMO@DF_AGE_SEX(1.2),Population by age and sex - Cities and FUAs,I,FR007C,Nantes,A,Annual,POP,Population,PS,Persons,_T,Total,_T,Total,_Z,Not applicable,CITY,City,_Z,Not applicable,2021,,471894,,A,Normal value,0,Units,0,Zero
DATAFLOW,OECD.CFE.EDS:DSD_FUA_DEMO@DF_AGE_SEX(1.2),Population by age and sex - Cities and FUAs,I,FR008C,Nice,A,Annual,POP,Population,PS,Persons,_T,Total,_T,Total,_Z,Not applicable,CITY,City,_Z,Not applicable,2021,,469432,,A,Normal value,0,Units,0,Zero
DATAFLOW,OECD.CFE.EDS:DSD_FUA_DEMO@DF_AGE_SEX(1.2),Population by age and sex - Cities and FUAs,I,FR009C,Strasbourg,A,Annual,POP,Population,PS,Persons,_T,Total,_T,Total,_Z,Not applicable,CITY,City,_Z,Not applicable,2021,,426908,,A,Normal value,0,Units,0,Zero
DATAFLOW,OECD.CFE.EDS:DSD_FUA_DEMO@DF_AGE_SEX(1.2),Population by age and sex - Cities and FUAs,I,FR010C,Rouen,A,Annual,POP,Population,PS,Persons,_T,Total,_T,Total,_Z,Not applicable,CITY,City,_Z,Not applicable,2021,,318035,,A,Normal value,0,Units,0,Zero
DATAFLOW,OECD.CFE.EDS:DSD_FUA_DEMO@DF_AGE_SEX(1.2),Population by age and sex - Cities and FUAs,I,FR011C,Montpellier,A,Annual,POP,Population,PS,Persons,_T,Total,_T,Total,_Z,Not applicable,CITY,City,_Z,Not applicable,2021,,363993,,A,Normal value,0,Units,0,Zero
DATAFLOW,OECD.CFE.EDS:DSD_FUA_DEMO@DF_AGE_SEX(1.2),Population by age and sex - Cities and FUAs,I,FR012C,Grenoble,A,Annual,POP,Population,PS,Persons,_T,Total,_T,Total,_Z,Not applicable,CITY,City,_Z,Not applicable,2021,,330527,,A,Normal value,0,Units,0,Zero
DATAFLOW,OECD.CFE.EDS:DSD_FUA_DEMO@DF_AGE_SEX(1.2),Population by age and sex - Cities and FUAs,I,FR013C,Tours,A,Annual,POP,Population,PS,Persons,_T,Total,_T,Total,_Z,Not applicable,CITY,City,_Z,Not applicable,2021,,245668,,A,Normal value,0,Units,0,Zero
DATAFLOW,OECD.CFE.EDS:DSD_FUA_DEMO@DF_AGE_SEX(1.2),Population by age and sex - Cities and FUAs,I,FR014C,Cannes-Antibes,A,Annual,POP,Population,PS,Persons,_T,Total,_T,Total,_Z,Not applicable,CITY,City,_Z,Not applicable,2021,,239568,,A,Normal value,0,Units,0,Zero
DATAFLOW,OECD.CFE.EDS:DSD_FUA_DEMO@DF_AGE_SEX(1.2),Population by age and sex - Cities and FUAs,I,FR015C,Toulon,A,Annual,POP,Population,PS,Persons,_T,Total,_T,Total,_Z,Not applicable,CITY,City,_Z,Not applicable,2021,,230319,,A,Normal value,0,Units,0,Zero
DATAFLOW,OECD.CFE.EDS:DSD_FUA_DEMO@DF_AGE_SEX(1.2),Population by age and sex - Cities and FUAs,I,FR041C,La Seyne-sur-Mer,A,Annual,POP,Population,PS,Persons,_T,Total,_T,Total,_Z,Not applicable,CITY,City,_Z,Not applicable,2021,,116234,,A,Normal value,0,Units,0,Zero
DATAFLOW,OECD.CFE.EDS:DSD_FUA_DEMO@DF_AGE_SEX(1.2),Population by age and sex - Cities and FUAs,I,FR016C,Rennes,A,Annual,POP,Population,PS,Persons,_T,Total,_T,Total,_Z,Not applicable,CITY,City,_Z,Not applicable,2021,,276522,,A,Normal value,0,Units,0,Zero
DATAFLOW,OECD.CFE.EDS:DSD_FUA_DEMO@DF_AGE_SEX(1.2),Population by age and sex - Cities and FUAs,I,FR017C,Reims,A,Annual,POP,Population,PS,Persons,_T,Total,_T,Total,_Z,Not applicable,CITY,City,_Z,Not applicable,2021,,207000,,A,Normal value,0,Units,0,Zero
DATAFLOW,OECD.CFE.EDS:DSD_FUA_DEMO@DF_AGE_SEX(1.2),Population by age and sex - Cities and FUAs,I,FR018C,Orléans,A,Annual,POP,Population,PS,Persons,_T,Total,_T,Total,_Z,Not applicable,CITY,City,_Z,Not applicable,2021,,228197,,A,Normal value,0,Units,0,Zero
DATAFLOW,OECD.CFE.EDS:DSD_FUA_DEMO@DF_AGE_SEX(1.2),Population by age and sex - Cities and FUAs,I,FR019C,Nancy,A,Annual,POP,Population,PS,Persons,_T,Total,_T,Total,_Z,Not applicable,CITY,City,_Z,Not applicable,2021,,218325,,A,Normal value,0,Units,0,Zero
DATAFLOW,OECD.CFE.EDS:DSD_FUA_DEMO@DF_AGE_SEX(1.2),Population by age and sex - Cities and FUAs,I,FR020C,Dijon,A,Annual,POP,Population,PS,Persons,_T,Total,_T,Total,_Z,Not applicable,CITY,City,_Z,Not applicable,2021,,202022,,A,Normal value,0,Units,0,Zero
DATAFLOW,OECD.CFE.EDS:DSD_FUA_DEMO@DF_AGE_SEX(1.2),Population by age and sex - Cities and FUAs,I,FR021C,Clermont-Ferrand,A,Annual,POP,Population,PS,Persons,_T,Total,_T,Total,_Z,Not applicable,CITY,City,_Z,Not applicable,2021,,198991,,A,Normal value,0,Units,0,Zero
DATAFLOW,OECD.CFE.EDS:DSD_FUA_DEMO@DF_AGE_SEX(1.2),Population by age and sex - Cities and FUAs,I,FR022C,Le Havre,A,Annual,POP,Population,PS,Persons,_T,Total,_T,Total,_Z,Not applicable,CITY,City,_Z,Not applicable,2021,,190450,,A,Normal value,0,Units,0,Zero
DATAFLOW,OECD.CFE.EDS:DSD_FUA_DEMO@DF_AGE_SEX(1.2),Population by age and sex - Cities and FUAs,I,FR023C,Saint-Étienne,A,Annual,POP,Population,PS,Persons,_T,Total,_T,Total,_Z,Not applicable,CITY,City,_Z,Not applicable,2021,,189443,,A,Normal value,0,Units,0,Zero
DATAFLOW,OECD.CFE.EDS:DSD_FUA_DEMO@DF_AGE_SEX(1.2),Population by age and sex - Cities and FUAs,I,FR024C,Angers,A,Annual,POP,Population,PS,Persons,_T,Total,_T,Total,_Z,Not applicable,CITY,City,_Z,Not applicable,2021,,209656,,A,Normal value,0,Units,0,Zero
DATAFLOW,OECD.CFE.EDS:DSD_FUA_DEMO@DF_AGE_SEX(1.2),Population by age and sex - Cities and FUAs,I,FR025C,Mulhouse,A,Annual,POP,Population,PS,Persons,_T,Total,_T,Total,_Z,Not applicable,CITY,City,_Z,Not applicable,2021,,178271,,A,Normal value,0,Units,0,Zero
DATAFLOW,OECD.CFE.EDS:DSD_FUA_DEMO@DF_AGE_SEX(1.2),Population by age and sex - Cities and FUAs,I,FR026C,Lens,A,Annual,POP,Population,PS,Persons,_T,Total,_T,Total,_Z,Not applicable,CITY,City,_Z,Not applicable,2021,,180157,,A,Normal value,0,Units,0,Zero
DATAFLOW,OECD.CFE.EDS:DSD_FUA_DEMO@DF_AGE_SEX(1.2),Population by age and sex - Cities and FUAs,I,FR027C,Metz,A,Annual,POP,Population,PS,Persons,_T,Total,_T,Total,_Z,Not applicable,CITY,City,_Z,Not applicable,2021,,169121,,A,Normal value,0,Units,0,Zero
DATAFLOW,OECD.CFE.EDS:DSD_FUA_DEMO@DF_AGE_SEX(1.2),Population by age and sex - Cities and FUAs,I,FR028C,Nîmes,A,Annual,POP,Population,PS,Persons,_T,Total,_T,Total,_Z,Not applicable,CITY,City,_Z,Not applicable,2021,,148104,,A,Normal value,0,Units,0,Zero
DATAFLOW,OECD.CFE.EDS:DSD_FUA_DEMO@DF_AGE_SEX(1.2),Population by age and sex - Cities and FUAs,I,FR029C,Le Mans,A,Annual,POP,Population,PS,Persons,_T,Total,_T,Total,_Z,Not applicable,CITY,City,_Z,Not applicable,2021,,153007,,A,Normal value,0,Units,0,Zero
DATAFLOW,OECD.CFE.EDS:DSD_FUA_DEMO@DF_AGE_SEX(1.2),Population by age and sex - Cities and FUAs,I,FR030C,Saint-Denis,A,Annual,POP,Population,PS,Persons,_T,Total,_T,Total,_Z,Not applicable,CITY,City,_Z,Not applicable,2021,,154765,,A,Normal value,0,Units,0,Zero
DATAFLOW,OECD.CFE.EDS:DSD_FUA_DEMO@DF_AGE_SEX(1.2),Population by age and sex - Cities and FUAs,I,FR031C,Caen,A,Annual,POP,Population,PS,Persons,_T,Total,_T,Total,_Z,Not applicable,CITY,City,_Z,Not applicable,2021,,159325,,A,Normal value,0,Units,0,Zero
DATAFLOW,OECD.CFE.EDS:DSD_FUA_DEMO@DF_AGE_SEX(1.2),Population by age and sex - Cities and FUAs,I,FR032C,Limoges,A,Annual,POP,Population,PS,Persons,_T,Total,_T,Total,_Z,Not applicable,CITY,City,_Z,Not applicable,2021,,140824,,A,Normal value,0,Units,0,Zero
DATAFLOW,OECD.CFE.EDS:DSD_FUA_DEMO@DF_AGE_SEX(1.2),Population by age and sex - Cities and FUAs,I,FR034C,Brest,A,Annual,POP,Population,PS,Persons,_T,Total,_T,Total,_Z,Not applicable,CITY,City,_Z,Not applicable,2021,,139619,,A,Normal value,0,Units,0,Zero
DATAFLOW,OECD.CFE.EDS:DSD_FUA_DEMO@DF_AGE_SEX(1.2),Population by age and sex - Cities and FUAs,I,FR035C,Amiens,A,Annual,POP,Population,PS,Persons,_T,Total,_T,Total,_Z,Not applicable,CITY,City,_Z,Not applicable,2021,,147426,,A,Normal value,0,Units,0,Zero
DATAFLOW,OECD.CFE.EDS:DSD_FUA_DEMO@DF_AGE_SEX(1.2),Population by age and sex - Cities and FUAs,I,FR036C,Dunkerque,A,Annual,POP,Population,PS,Persons,_T,Total,_T,Total,_Z,Not applicable,CITY,City,_Z,Not applicable,2021,,127884,,A,Normal value,0,Units,0,Zero
DATAFLOW,OECD.CFE.EDS:DSD_FUA_DEMO@DF_AGE_SEX(1.2),Population by age and sex - Cities and FUAs,I,FR037C,Perpignan,A,Annual,POP,Population,PS,Persons,_T,Total,_T,Total,_Z,Not applicable,CITY,City,_Z,Not applicable,2021,,129994,,A,Normal value,0,Units,0,Zero
DATAFLOW,OECD.CFE.EDS:DSD_FUA_DEMO@DF_AGE_SEX(1.2),Population by age and sex - Cities and FUAs,I,FR038C,Annecy,A,Annual,POP,Population,PS,Persons,_T,Total,_T,Total,_Z,Not applicable,CITY,City,_Z,Not applicable,2021,,140488,,A,Normal value,0,Units,0,Zero
DATAFLOW,OECD.CFE.EDS:DSD_FUA_DEMO@DF_AGE_SEX(1.2),Population by age and sex - Cities and FUAs,I,FR039C,Besançon,A,Annual,POP,Population,PS,Persons,_T,Total,_T,Total,_Z,Not applicable,CITY,City,_Z,Not applicable,2021,,119198,,A,Normal value,0,Units,0,Zero
DATAFLOW,OECD.CFE.EDS:DSD_FUA_DEMO@DF_AGE_SEX(1.2),Population by age and sex - Cities and FUAs,I,FR040C,Bayonne,A,Annual,POP,Population,PS,Persons,_T,Total,_T,Total,_Z,Not applicable,CITY,City,_Z,Not applicable,2021,,119666,,A,Normal value,0,Units,0,Zero
DATAFLOW,OECD.CFE.EDS:DSD_FUA_DEMO@DF_AGE_SEX(1.2),Population by age and sex - Cities and FUAs,I,FR042C,Pau,A,Annual,POP,Population,PS,Persons,_T,Total,_T,Total,_Z,Not applicable,CITY,City,_Z,Not applicable,2021,,115520,,A,Normal value,0,Units,0,Zero
DATAFLOW,OECD.CFE.EDS:DSD_FUA_DEMO@DF_AGE_SEX(1.2),Population by age and sex - Cities and FUAs,I,FR043C,Avignon,A,Annual,POP,Population,PS,Persons,_T,Total,_T,Total,_Z,Not applicable,CITY,City,_Z,Not applicable,2021,,107881,,A,Normal value,0,Units,0,Zero
DATAFLOW,OECD.CFE.EDS:DSD_FUA_DEMO@DF_AGE_SEX(1.2),Population by age and sex - Cities and FUAs,I,FR044C,Troyes,A,Annual,POP,Population,PS,Persons,_T,Total,_T,Total,_Z,Not applicable,CITY,City,_Z,Not applicable,2021,,108383,,A,Normal value,0,Units,0,Zero
DATAFLOW,OECD.CFE.EDS:DSD_FUA_DEMO@DF_AGE_SEX(1.2),Population by age and sex - Cities and FUAs,I,FR045C,Valenciennes,A,Annual,POP,Population,PS,Persons,_T,Total,_T,Total,_Z,Not applicable,CITY,City,_Z,Not applicable,2021,,105923,,A,Normal value,0,Units,0,Zero
DATAFLOW,OECD.CFE.EDS:DSD_FUA_DEMO@DF_AGE_SEX(1.2),Population by age and sex - Cities and FUAs,I,FR046C,Fort-de-France,A,Annual,POP,Population,PS,Persons,_T,Total,_T,Total,_Z,Not applicable,CITY,City,_Z,Not applicable,2021,,133903,,A,Normal value,0,Units,0,Zero
DATAFLOW,OECD.CFE.EDS:DSD_FUA_DEMO@DF_AGE_SEX(1.2),Population by age and sex - Cities and FUAs,I,FR047C,Poitiers,A,Annual,POP,Population,PS,Persons,_T,Total,_T,Total,_Z,Not applicable,CITY,City,_Z,Not applicable,2021,,107652,,A,Normal value,0,Units,0,Zero
DATAFLOW,OECD.CFE.EDS:DSD_FUA_DEMO@DF_AGE_SEX(1.2),Population by age and sex - Cities and FUAs,I,FR048C,Valence,A,Annual,POP,Population,PS,Persons,_T,Total,_T,Total,_Z,Not applicable,CITY,City,_Z,Not applicable,2021,,95267,,A,Normal value,0,Units,0,Zero
DATAFLOW,OECD.CFE.EDS:DSD_FUA_DEMO@DF_AGE_SEX(1.2),Population by age and sex - Cities and FUAs,I,FR049C,Fréjus,A,Annual,POP,Population,PS,Persons,_T,Total,_T,Total,_Z,Not applicable,CITY,City,_Z,Not applicable,2021,,93032,,A,Normal value,0,Units,0,Zero
DATAFLOW,OECD.CFE.EDS:DSD_FUA_DEMO@DF_AGE_SEX(1.2),Population by age and sex - Cities and FUAs,I,FR050C,Chambéry,A,Annual,POP,Population,PS,Persons,_T,Total,_T,Total,_Z,Not applicable,CITY,City,_Z,Not applicable,2021,,99977,,A,Normal value,0,Units,0,Zero
DATAFLOW,OECD.CFE.EDS:DSD_FUA_DEMO@DF_AGE_SEX(1.2),Population by age and sex - Cities and FUAs,I,FR052C,Douai,A,Annual,POP,Population,PS,Persons,_T,Total,_T,Total,_Z,Not applicable,CITY,City,_Z,Not applicable,2021,,85592,,A,Normal value,0,Units,0,Zero
DATAFLOW,OECD.CFE.EDS:DSD_FUA_DEMO@DF_AGE_SEX(1.2),Population by age and sex - Cities and FUAs,I,FR054C,La Rochelle,A,Annual,POP,Population,PS,Persons,_T,Total,_T,Total,_Z,Not applicable,CITY,City,_Z,Not applicable,2021,,85922,,A,Normal value,0,Units,0,Zero
DATAFLOW,OECD.CFE.EDS:DSD_FUA_DEMO@DF_AGE_SEX(1.2),Population by age and sex - Cities and FUAs,I,FR055C,Lorient,A,Annual,POP,Population,PS,Persons,_T,Total,_T,Total,_Z,Not applicable,CITY,City,_Z,Not applicable,2021,,80872,,A,Normal value,0,Units,0,Zero
DATAFLOW,OECD.CFE.EDS:DSD_FUA_DEMO@DF_AGE_SEX(1.2),Population by age and sex - Cities and FUAs,I,FR056C,Cherbourg-en-Cotentin,A,Annual,POP,Population,PS,Persons,_T,Total,_T,Total,_Z,Not applicable,CITY,City,_Z,Not applicable,2021,,77808,,A,Normal value,0,Units,0,Zero
DATAFLOW,OECD.CFE.EDS:DSD_FUA_DEMO@DF_AGE_SEX(1.2),Population by age and sex - Cities and FUAs,I,FR057C,Béziers,A,Annual,POP,Population,PS,Persons,_T,Total,_T,Total,_Z,Not applicable,CITY,City,_Z,Not applicable,2021,,80341,,A,Normal value,0,Units,0,Zero
DATAFLOW,OECD.CFE.EDS:DSD_FUA_DEMO@DF_AGE_SEX(1.2),Population by age and sex - Cities and FUAs,I,FR058C,Chartres,A,Annual,POP,Population,PS,Persons,_T,Total,_T,Total,_Z,Not applicable,CITY,City,_Z,Not applicable,2021,,75877,,A,Normal value,0,Units,0,Zero
DATAFLOW,OECD.CFE.EDS:DSD_FUA_DEMO@DF_AGE_SEX(1.2),Population by age and sex - Cities and FUAs,I,FR060C,Boulogne-sur-Mer,A,Annual,POP,Population,PS,Persons,_T,Total,_T,Total,_Z,Not applicable,CITY,City,_Z,Not applicable,2021,,74076,,A,Normal value,0,Units,0,Zero
DATAFLOW,OECD.CFE.EDS:DSD_FUA_DEMO@DF_AGE_SEX(1.2),Population by age and sex - Cities and FUAs,I,FR061C,Calais,A,Annual,POP,Population,PS,Persons,_T,Total,_T,Total,_Z,Not applicable,CITY,City,_Z,Not applicable,2021,,72222,,A,Normal value,0,Units,0,Zero
DATAFLOW,OECD.CFE.EDS:DSD_FUA_DEMO@DF_AGE_SEX(1.2),Population by age and sex - Cities and FUAs,I,FR063C,Montbéliard,A,Annual,POP,Population,PS,Persons,_T,Total,_T,Total,_Z,Not applicable,CITY,City,_Z,Not applicable,2021,,72258,,A,Normal value,0,Units,0,Zero
DATAFLOW,OECD.CFE.EDS:DSD_FUA_DEMO@DF_AGE_SEX(1.2),Population by age and sex - Cities and FUAs,I,FR064C,Arras,A,Annual,POP,Population,PS,Persons,_T,Total,_T,Total,_Z,Not applicable,CITY,City,_Z,Not applicable,2021,,70757,,A,Normal value,0,Units,0,Zero
DATAFLOW,OECD.CFE.EDS:DSD_FUA_DEMO@DF_AGE_SEX(1.2),Population by age and sex - Cities and FUAs,I,FR065C,Colmar,A,Annual,POP,Population,PS,Persons,_T,Total,_T,Total,_Z,Not applicable,CITY,City,_Z,Not applicable,2021,,74031,,A,Normal value,0,Units,0,Zero
DATAFLOW,OECD.CFE.EDS:DSD_FUA_DEMO@DF_AGE_SEX(1.2),Population by age and sex - Cities and FUAs,I,FR066C,Martigues,A,Annual,POP,Population,PS,Persons,_T,Total,_T,Total,_Z,Not applicable,CITY,City,_Z,Not applicable,2021,,64704,,A,Normal value,0,Units,0,Zero
DATAFLOW,OECD.CFE.EDS:DSD_FUA_DEMO@DF_AGE_SEX(1.2),Population by age and sex - Cities and FUAs,I,FR068C,Bourges,A,Annual,POP,Population,PS,Persons,_T,Total,_T,Total,_Z,Not applicable,CITY,City,_Z,Not applicable,2021,,63702,,A,Normal value,0,Units,0,Zero
DATAFLOW,OECD.CFE.EDS:DSD_FUA_DEMO@DF_AGE_SEX(1.2),Population by age and sex - Cities and FUAs,I,FR069C,Saint-Brieuc,A,Annual,POP,Population,PS,Persons,_T,Total,_T,Total,_Z,Not applicable,CITY,City,_Z,Not applicable,2021,,71929,,A,Normal value,0,Units,0,Zero
DATAFLOW,OECD.CFE.EDS:DSD_FUA_DEMO@DF_AGE_SEX(1.2),Population by age and sex - Cities and FUAs,I,FR070C,Quimper,A,Annual,POP,Population,PS,Persons,_T,Total,_T,Total,_Z,Not applicable,CITY,City,_Z,Not applicable,2021,,63642,,A,Normal value,0,Units,0,Zero
DATAFLOW,OECD.CFE.EDS:DSD_FUA_DEMO@DF_AGE_SEX(1.2),Population by age and sex - Cities and FUAs,I,FR071C,Belfort,A,Annual,POP,Population,PS,Persons,_T,Total,_T,Total,_Z,Not applicable,CITY,City,_Z,Not applicable,2021,,58334,,A,Normal value,0,Units,0,Zero
DATAFLOW,OECD.CFE.EDS:DSD_FUA_DEMO@DF_AGE_SEX(1.2),Population by age and sex - Cities and FUAs,I,FR072C,Cayenne,A,Annual,POP,Population,PS,Persons,_T,Total,_T,Total,_Z,Not applicable,CITY,City,_Z,Not applicable,2021,,63468,,A,Normal value,0,Units,0,Zero
DATAFLOW,OECD.CFE.EDS:DSD_FUA_DEMO@DF_AGE_SEX(1.2),Population by age and sex - Cities and FUAs,I,FR074C,Saint-Louis,A,Annual,POP,Population,PS,Persons,_T,Total,_T,Total,_Z,Not applicable,CITY,City,_Z,Not applicable,2021,,53935,,A,Normal value,0,Units,0,Zero
DATAFLOW,OECD.CFE.EDS:DSD_FUA_DEMO@DF_AGE_SEX(1.2),Population by age and sex - Cities and FUAs,I,FR075C,Vannes,A,Annual,POP,Population,PS,Persons,_T,Total,_T,Total,_Z,Not applicable,CITY,City,_Z,Not applicable,2021,,54420,,A,Normal value,0,Units,0,Zero
DATAFLOW,OECD.CFE.EDS:DSD_FUA_DEMO@DF_AGE_SEX(1.2),Population by age and sex - Cities and FUAs,I,FR076C,Annemasse-Geneva (French part),A,Annual,POP,Population,PS,Persons,_T,Total,_T,Total,_Z,Not applicable,CITY,City,_Z,Not applicable,2021,,75921,,A,Normal value,0,Units,0,Zero
DATAFLOW,OECD.CFE.EDS:DSD_FUA_DEMO@DF_AGE_SEX(1.2),Population by age and sex - Cities and FUAs,I,FR077C,Saint-Louis-Bâle (French part),A,Annual,POP,Population,PS,Persons,_T,Total,_T,Total,_Z,Not applicable,CITY,City,_Z,Not applicable,2021,,34550,,A,Normal value,0,Units,0,Zero
DATAFLOW,OECD.CFE.EDS:DSD_FUA_DEMO@DF_AGE_SEX(1.2),Population by age and sex - Cities and FUAs,I,UK001C,London,A,Annual,POP,Population,PS,Persons,_T,Total,_T,Total,_Z,Not applicable,CITY,City,_Z,Not applicable,2021,,9457130,,A,Normal value,0,Units,0,Zero
DATAFLOW,OECD.CFE.EDS:DSD_FUA_DEMO@DF_AGE_SEX(1.2),Population by age and sex - Cities and FUAs,I,UK587C,St Albans,A,Annual,POP,Population,PS,Persons,_T,Total,_T,Total,_Z,Not applicable,CITY,City,_Z,Not applicable,2021,,251131,,A,Normal value,0,Units,0,Zero
DATAFLOW,OECD.CFE.EDS:DSD_FUA_DEMO@DF_AGE_SEX(1.2),Population by age and sex - Cities and FUAs,I,UK588C,Harlow,A,Annual,POP,Population,PS,Persons,_T,Total,_T,Total,_Z,Not applicable,CITY,City,_Z,Not applicable,2021,,93428,,A,Normal value,0,Units,0,Zero
DATAFLOW,OECD.CFE.EDS:DSD_FUA_DEMO@DF_AGE_SEX(1.2),Population by age and sex - Cities and FUAs,I,UK589C,Southend-on-Sea,A,Annual,POP,Population,PS,Persons,_T,Total,_T,Total,_Z,Not applicable,CITY,City,_Z,Not applicable,2021,,180655,,A,Normal value,0,Units,0,Zero
DATAFLOW,OECD.CFE.EDS:DSD_FUA_DEMO@DF_AGE_SEX(1.2),Population by age and sex - Cities and FUAs,I,UK590C,Tunbridge Wells,A,Annual,POP,Population,PS,Persons,_T,Total,_T,Total,_Z,Not applicable,CITY,City,_Z,Not applicable,2021,,115650,,A,Normal value,0,Units,0,Zero
DATAFLOW,OECD.CFE.EDS:DSD_FUA_DEMO@DF_AGE_SEX(1.2),Population by age and sex - Cities and FUAs,I,UK591C,Woking,A,Annual,POP,Population,PS,Persons,_T,Total,_T,Total,_Z,Not applicable,CITY,City,_Z,Not applicable,2021,,103900,,A,Normal value,0,Units,0,Zero
DATAFLOW,OECD.CFE.EDS:DSD_FUA_DEMO@DF_AGE_SEX(1.2),Population by age and sex - Cities and FUAs,I,UK002C,West Midlands urban area,A,Annual,POP,Population,PS,Persons,_T,Total,_T,Total,_Z,Not applicable,CITY,City,_Z,Not applicable,2021,,2674695,,A,Normal value,0,Units,0,Zero
DATAFLOW,OECD.CFE.EDS:DSD_FUA_DEMO@DF_AGE_SEX(1.2),Population by age and sex - Cities and FUAs,I,UK592C,Tamworth,A,Annual,POP,Population,PS,Persons,_T,Total,_T,Total,_Z,Not applicable,CITY,City,_Z,Not applicable,2021,,78842,,A,Normal value,0,Units,0,Zero
DATAFLOW,OECD.CFE.EDS:DSD_FUA_DEMO@DF_AGE_SEX(1.2),Population by age and sex - Cities and FUAs,I,UK003C,Leeds,A,Annual,POP,Population,PS,Persons,_T,Total,_T,Total,_Z,Not applicable,CITY,City,_Z,Not applicable,2021,,2143579,,A,Normal value,0,Units,0,Zero
DATAFLOW,OECD.CFE.EDS:DSD_FUA_DEMO@DF_AGE_SEX(1.2),Population by age and sex - Cities and FUAs,I,UK004C,Glasgow,A,Annual,POP,Population,PS,Persons,_T,Total,_T,Total,_Z,Not applicable,CITY,City,_Z,Not applicable,2021,,1212860,,A,Normal value,0,Units,0,Zero
DATAFLOW,OECD.CFE.EDS:DSD_FUA_DEMO@DF_AGE_SEX(1.2),Population by age and sex - Cities and FUAs,I,UK006C,Liverpool,A,Annual,POP,Population,PS,Persons,_T,Total,_T,Total,_Z,Not applicable,CITY,City,_Z,Not applicable,2021,,1085346,,A,Normal value,0,Units,0,Zero
DATAFLOW,OECD.CFE.EDS:DSD_FUA_DEMO@DF_AGE_SEX(1.2),Population by age and sex - Cities and FUAs,I,UK593C,St. Helens,A,Annual,POP,Population,PS,Persons,_T,Total,_T,Total,_Z,Not applicable,CITY,City,_Z,Not applicable,2021,,183394,,A,Normal value,0,Units,0,Zero
DATAFLOW,OECD.CFE.EDS:DSD_FUA_DEMO@DF_AGE_SEX(1.2),Population by age and sex - Cities and FUAs,I,UK007C,Edinburgh,A,Annual,POP,Population,PS,Persons,_T,Total,_T,Total,_Z,Not applicable,CITY,City,_Z,Not applicable,2021,,505750,,A,Normal value,0,Units,0,Zero
DATAFLOW,OECD.CFE.EDS:DSD_FUA_DEMO@DF_AGE_SEX(1.2),Population by age and sex - Cities and FUAs,I,UK008C,Manchester,A,Annual,POP,Population,PS,Persons,_T,Total,_T,Total,_Z,Not applicable,CITY,City,_Z,Not applicable,2021,,2869531,,A,Normal value,0,Units,0,Zero
DATAFLOW,OECD.CFE.EDS:DSD_FUA_DEMO@DF_AGE_SEX(1.2),Population by age and sex - Cities and FUAs,I,UK009C,Cardiff,A,Annual,POP,Population,PS,Persons,_T,Total,_T,Total,_Z,Not applicable,CITY,City,_Z,Not applicable,2021,,359824,,A,Normal value,0,Units,0,Zero
DATAFLOW,OECD.CFE.EDS:DSD_FUA_DEMO@DF_AGE_SEX(1.2),Population by age and sex - Cities and FUAs,I,UK010C,Sheffield,A,Annual,POP,Population,PS,Persons,_T,Total,_T,Total,_Z,Not applicable,CITY,City,_Z,Not applicable,2021,,1066095,,A,Normal value,0,Units,0,Zero
DATAFLOW,OECD.CFE.EDS:DSD_FUA_DEMO@DF_AGE_SEX(1.2),Population by age and sex - Cities and FUAs,I,UK011C,Bristol,A,Annual,POP,Population,PS,Persons,_T,Total,_T,Total,_Z,Not applicable,CITY,City,_Z,Not applicable,2021,,471285,,A,Normal value,0,Units,0,Zero
DATAFLOW,OECD.CFE.EDS:DSD_FUA_DEMO@DF_AGE_SEX(1.2),Population by age and sex - Cities and FUAs,I,UK012C,Belfast,A,Annual,POP,Population,PS,Persons,_T,Total,_T,Total,_Z,Not applicable,CITY,City,_Z,Not applicable,2021,,344992,,A,Normal value,0,Units,0,Zero
DATAFLOW,OECD.CFE.EDS:DSD_FUA_DEMO@DF_AGE_SEX(1.2),Population by age and sex - Cities and FUAs,I,UK013C,Newcastle upon Tyne,A,Annual,POP,Population,PS,Persons,_T,Total,_T,Total,_Z,Not applicable,CITY,City,_Z,Not applicable,2021,,851771,,A,Normal value,0,Units,0,Zero
DATAFLOW,OECD.CFE.EDS:DSD_FUA_DEMO@DF_AGE_SEX(1.2),Population by age and sex - Cities and FUAs,I,UK014C,Leicester,A,Annual,POP,Population,PS,Persons,_T,Total,_T,Total,_Z,Not applicable,CITY,City,_Z,Not applicable,2021,,366940,,A,Normal value,0,Units,0,Zero
DATAFLOW,OECD.CFE.EDS:DSD_FUA_DEMO@DF_AGE_SEX(1.2),Population by age and sex - Cities and FUAs,I,UK016C,Aberdeen,A,Annual,POP,Population,PS,Persons,_T,Total,_T,Total,_Z,Not applicable,CITY,City,_Z,Not applicable,2021,,220630,,A,Normal value,0,Units,0,Zero
DATAFLOW,OECD.CFE.EDS:DSD_FUA_DEMO@DF_AGE_SEX(1.2),Population by age and sex - Cities and FUAs,I,UK017C,Cambridge,A,Annual,POP,Population,PS,Persons,_T,Total,_T,Total,_Z,Not applicable,CITY,City,_Z,Not applicable,2021,,145022,,A,Normal value,0,Units,0,Zero
DATAFLOW,OECD.CFE.EDS:DSD_FUA_DEMO@DF_AGE_SEX(1.2),Population by age and sex - Cities and FUAs,I,UK018C,Exeter,A,Annual,POP,Population,PS,Persons,_T,Total,_T,Total,_Z,Not applicable,CITY,City,_Z,Not applicable,2021,,129527,,A,Normal value,0,Units,0,Zero
DATAFLOW,OECD.CFE.EDS:DSD_FUA_DEMO@DF_AGE_SEX(1.2),Population by age and sex - Cities and FUAs,I,UK019C,Lincoln,A,Annual,POP,Population,PS,Persons,_T,Total,_T,Total,_Z,Not applicable,CITY,City,_Z,Not applicable,2021,,102411,,A,Normal value,0,Units,0,Zero
DATAFLOW,OECD.CFE.EDS:DSD_FUA_DEMO@DF_AGE_SEX(1.2),Population by age and sex - Cities and FUAs,I,UK021C,Stevenage,A,Annual,POP,Population,PS,Persons,_T,Total,_T,Total,_Z,Not applicable,CITY,City,_Z,Not applicable,2021,,89360,,A,Normal value,0,Units,0,Zero
DATAFLOW,OECD.CFE.EDS:DSD_FUA_DEMO@DF_AGE_SEX(1.2),Population by age and sex - Cities and FUAs,I,UK022C,Wrexham,A,Annual,POP,Population,PS,Persons,_T,Total,_T,Total,_Z,Not applicable,CITY,City,_Z,Not applicable,2021,,135152,,A,Normal value,0,Units,0,Zero
DATAFLOW,OECD.CFE.EDS:DSD_FUA_DEMO@DF_AGE_SEX(1.2),Population by age and sex - Cities and FUAs,I,UK023C,Portsmouth,A,Annual,POP,Population,PS,Persons,_T,Total,_T,Total,_Z,Not applicable,CITY,City,_Z,Not applicable,2021,,289288,,A,Normal value,0,Units,0,Zero
DATAFLOW,OECD.CFE.EDS:DSD_FUA_DEMO@DF_AGE_SEX(1.2),Population by age and sex - Cities and FUAs,I,UK024C,Worcester,A,Annual,POP,Population,PS,Persons,_T,Total,_T,Total,_Z,Not applicable,CITY,City,_Z,Not applicable,2021,,103628,,A,Normal value,0,Units,0,Zero
DATAFLOW,OECD.CFE.EDS:DSD_FUA_DEMO@DF_AGE_SEX(1.2),Population by age and sex - Cities and FUAs,I,UK025C,Coventry,A,Annual,POP,Population,PS,Persons,_T,Total,_T,Total,_Z,Not applicable,CITY,City,_Z,Not applicable,2021,,741982,,A,Normal value,0,Units,0,Zero
DATAFLOW,OECD.CFE.EDS:DSD_FUA_DEMO@DF_AGE_SEX(1.2),Population by age and sex - Cities and FUAs,I,UK026C,Kingston upon Hull,A,Annual,POP,Population,PS,Persons,_T,Total,_T,Total,_Z,Not applicable,CITY,City,_Z,Not applicable,2021,,266516,,A,Normal value,0,Units,0,Zero
DATAFLOW,OECD.CFE.EDS:DSD_FUA_DEMO@DF_AGE_SEX(1.2),Population by age and sex - Cities and FUAs,I,UK027C,Stoke-on-Trent,A,Annual,POP,Population,PS,Persons,_T,Total,_T,Total,_Z,Not applicable,CITY,City,_Z,Not applicable,2021,,381141,,A,Normal value,0,Units,0,Zero
DATAFLOW,OECD.CFE.EDS:DSD_FUA_DEMO@DF_AGE_SEX(1.2),Population by age and sex - Cities and FUAs,I,UK029C,Nottingham,A,Annual,POP,Population,PS,Persons,_T,Total,_T,Total,_Z,Not applicable,CITY,City,_Z,Not applicable,2021,,319978,,A,Normal value,0,Units,0,Zero
DATAFLOW,OECD.CFE.EDS:DSD_FUA_DEMO@DF_AGE_SEX(1.2),Population by age and sex - Cities and FUAs,I,UK031C,Bath and North East Somerset,A,Annual,POP,Population,PS,Persons,_T,Total,_T,Total,_Z,Not applicable,CITY,City,_Z,Not applicable,2021,,192419,,A,Normal value,0,Units,0,Zero
DATAFLOW,OECD.CFE.EDS:DSD_FUA_DEMO@DF_AGE_SEX(1.2),Population by age and sex - Cities and FUAs,I,UK033C,Guildford,A,Annual,POP,Population,PS,Persons,_T,Total,_T,Total,_Z,Not applicable,CITY,City,_Z,Not applicable,2021,,144013,,A,Normal value,0,Units,0,Zero
DATAFLOW,OECD.CFE.EDS:DSD_FUA_DEMO@DF_AGE_SEX(1.2),Population by age and sex - Cities and FUAs,I,UK034C,Thanet,A,Annual,POP,Population,PS,Persons,_T,Total,_T,Total,_Z,Not applicable,CITY,City,_Z,Not applicable,2021,,140658,,A,Normal value,0,Units,0,Zero
DATAFLOW,OECD.CFE.EDS:DSD_FUA_DEMO@DF_AGE_SEX(1.2),Population by age and sex - Cities and FUAs,I,UK041C,Ashford,A,Annual,POP,Population,PS,Persons,_T,Total,_T,Total,_Z,Not applicable,CITY,City,_Z,Not applicable,2021,,133221,,A,Normal value,0,Units,0,Zero
DATAFLOW,OECD.CFE.EDS:DSD_FUA_DEMO@DF_AGE_SEX(1.2),Population by age and sex - Cities and FUAs,I,UK043C,East Staffordshire,A,Annual,POP,Population,PS,Persons,_T,Total,_T,Total,_Z,Not applicable,CITY,City,_Z,Not applicable,2021,,124486,,A,Normal value,0,Units,0,Zero
DATAFLOW,OECD.CFE.EDS:DSD_FUA_DEMO@DF_AGE_SEX(1.2),Population by age and sex - Cities and FUAs,I,UK044C,Darlington,A,Annual,POP,Population,PS,Persons,_T,Total,_T,Total,_Z,Not applicable,CITY,City,_Z,Not applicable,2021,,108210,,A,Normal value,0,Units,0,Zero
DATAFLOW,OECD.CFE.EDS:DSD_FUA_DEMO@DF_AGE_SEX(1.2),Population by age and sex - Cities and FUAs,I,UK045C,Worthing,A,Annual,POP,Population,PS,Persons,_T,Total,_T,Total,_Z,Not applicable,CITY,City,_Z,Not applicable,2021,,111654,,A,Normal value,0,Units,0,Zero
DATAFLOW,OECD.CFE.EDS:DSD_FUA_DEMO@DF_AGE_SEX(1.2),Population by age and sex - Cities and FUAs,I,UK046C,Mansfield,A,Annual,POP,Population,PS,Persons,_T,Total,_T,Total,_Z,Not applicable,CITY,City,_Z,Not applicable,2021,,110592,,A,Normal value,0,Units,0,Zero
DATAFLOW,OECD.CFE.EDS:DSD_FUA_DEMO@DF_AGE_SEX(1.2),Population by age and sex - Cities and FUAs,I,UK047C,Chesterfield,A,Annual,POP,Population,PS,Persons,_T,Total,_T,Total,_Z,Not applicable,CITY,City,_Z,Not applicable,2021,,103673,,A,Normal value,0,Units,0,Zero
DATAFLOW,OECD.CFE.EDS:DSD_FUA_DEMO@DF_AGE_SEX(1.2),Population by age and sex - Cities and FUAs,I,UK050C,Burnley,A,Annual,POP,Population,PS,Persons,_T,Total,_T,Total,_Z,Not applicable,CITY,City,_Z,Not applicable,2021,,94734,,A,Normal value,0,Units,0,Zero
DATAFLOW,OECD.CFE.EDS:DSD_FUA_DEMO@DF_AGE_SEX(1.2),Population by age and sex - Cities and FUAs,I,UK051C,Great Yarmouth,A,Annual,POP,Population,PS,Persons,_T,Total,_T,Total,_Z,Not applicable,CITY,City,_Z,Not applicable,2021,,100179,,A,Normal value,0,Units,0,Zero
DATAFLOW,OECD.CFE.EDS:DSD_FUA_DEMO@DF_AGE_SEX(1.2),Population by age and sex - Cities and FUAs,I,UK055C,Eastbourne,A,Annual,POP,Population,PS,Persons,_T,Total,_T,Total,_Z,Not applicable,CITY,City,_Z,Not applicable,2021,,101601,,A,Normal value,0,Units,0,Zero
DATAFLOW,OECD.CFE.EDS:DSD_FUA_DEMO@DF_AGE_SEX(1.2),Population by age and sex - Cities and FUAs,I,UK056C,Hastings,A,Annual,POP,Population,PS,Persons,_T,Total,_T,Total,_Z,Not applicable,CITY,City,_Z,Not applicable,2021,,90974,,A,Normal value,0,Units,0,Zero
DATAFLOW,OECD.CFE.EDS:DSD_FUA_DEMO@DF_AGE_SEX(1.2),Population by age and sex - Cities and FUAs,I,UK059C,Redditch,A,Annual,POP,Population,PS,Persons,_T,Total,_T,Total,_Z,Not applicable,CITY,City,_Z,Not applicable,2021,,86981,,A,Normal value,0,Units,0,Zero
DATAFLOW,OECD.CFE.EDS:DSD_FUA_DEMO@DF_AGE_SEX(1.2),Population by age and sex - Cities and FUAs,I,UK062C,Halton,A,Annual,POP,Population,PS,Persons,_T,Total,_T,Total,_Z,Not applicable,CITY,City,_Z,Not applicable,2021,,128570,,A,Normal value,0,Units,0,Zero
DATAFLOW,OECD.CFE.EDS:DSD_FUA_DEMO@DF_AGE_SEX(1.2),Population by age and sex - Cities and FUAs,I,UK506C,Doncaster,A,Annual,POP,Population,PS,Persons,_T,Total,_T,Total,_Z,Not applicable,CITY,City,_Z,Not applicable,2021,,308697,,A,Normal value,0,Units,0,Zero
DATAFLOW,OECD.CFE.EDS:DSD_FUA_DEMO@DF_AGE_SEX(1.2),Population by age and sex - Cities and FUAs,I,UK510C,Sunderland,A,Annual,POP,Population,PS,Persons,_T,Total,_T,Total,_Z,Not applicable,CITY,City,_Z,Not applicable,2021,,274378,,A,Normal value,0,Units,0,Zero
DATAFLOW,OECD.CFE.EDS:DSD_FUA_DEMO@DF_AGE_SEX(1.2),Population by age and sex - Cities and FUAs,I,UK513C,Medway,A,Annual,POP,Population,PS,Persons,_T,Total,_T,Total,_Z,Not applicable,CITY,City,_Z,Not applicable,2021,,279903,,A,Normal value,0,Units,0,Zero
DATAFLOW,OECD.CFE.EDS:DSD_FUA_DEMO@DF_AGE_SEX(1.2),Population by age and sex - Cities and FUAs,I,UK515C,Brighton and Hove,A,Annual,POP,Population,PS,Persons,_T,Total,_T,Total,_Z,Not applicable,CITY,City,_Z,Not applicable,2021,,276454,,A,Normal value,0,Units,0,Zero
DATAFLOW,OECD.CFE.EDS:DSD_FUA_DEMO@DF_AGE_SEX(1.2),Population by age and sex - Cities and FUAs,I,UK516C,Plymouth,A,Annual,POP,Population,PS,Persons,_T,Total,_T,Total,_Z,Not applicable,CITY,City,_Z,Not applicable,2021,,264768,,A,Normal value,0,Units,0,Zero
DATAFLOW,OECD.CFE.EDS:DSD_FUA_DEMO@DF_AGE_SEX(1.2),Population by age and sex - Cities and FUAs,I,UK517C,Swansea,A,Annual,POP,Population,PS,Persons,_T,Total,_T,Total,_Z,Not applicable,CITY,City,_Z,Not applicable,2021,,237897,,A,Normal value,0,Units,0,Zero
DATAFLOW,OECD.CFE.EDS:DSD_FUA_DEMO@DF_AGE_SEX(1.2),Population by age and sex - Cities and FUAs,I,UK518C,Derby,A,Annual,POP,Population,PS,Persons,_T,Total,_T,Total,_Z,Not applicable,CITY,City,_Z,Not applicable,2021,,261260,,A,Normal value,0,Units,0,Zero
DATAFLOW,OECD.CFE.EDS:DSD_FUA_DEMO@DF_AGE_SEX(1.2),Population by age and sex - Cities and FUAs,I,UK520C,Southampton,A,Annual,POP,Population,PS,Persons,_T,Total,_T,Total,_Z,Not applicable,CITY,City,_Z,Not applicable,2021,,384635,,A,Normal value,0,Units,0,Zero
DATAFLOW,OECD.CFE.EDS:DSD_FUA_DEMO@DF_AGE_SEX(1.2),Population by age and sex - Cities and FUAs,I,UK525C,Milton Keynes,A,Annual,POP,Population,PS,Persons,_T,Total,_T,Total,_Z,Not applicable,CITY,City,_Z,Not applicable,2021,,288312,,A,Normal value,0,Units,0,Zero
DATAFLOW,OECD.CFE.EDS:DSD_FUA_DEMO@DF_AGE_SEX(1.2),Population by age and sex - Cities and FUAs,I,UK528C,Northampton,A,Annual,POP,Population,PS,Persons,_T,Total,_T,Total,_Z,Not applicable,CITY,City,_Z,Not applicable,2021,,426707,,A,Normal value,0,Units,0,Zero
DATAFLOW,OECD.CFE.EDS:DSD_FUA_DEMO@DF_AGE_SEX(1.2),Population by age and sex - Cities and FUAs,I,UK531C,Warrington,A,Annual,POP,Population,PS,Persons,_T,Total,_T,Total,_Z,Not applicable,CITY,City,_Z,Not applicable,2021,,211182,,A,Normal value,0,Units,0,Zero
DATAFLOW,OECD.CFE.EDS:DSD_FUA_DEMO@DF_AGE_SEX(1.2),Population by age and sex - Cities and FUAs,I,UK532C,Luton,A,Annual,POP,Population,PS,Persons,_T,Total,_T,Total,_Z,Not applicable,CITY,City,_Z,Not applicable,2021,,224958,,A,Normal value,0,Units,0,Zero
DATAFLOW,OECD.CFE.EDS:DSD_FUA_DEMO@DF_AGE_SEX(1.2),Population by age and sex - Cities and FUAs,I,UK533C,York,A,Annual,POP,Population,PS,Persons,_T,Total,_T,Total,_Z,Not applicable,CITY,City,_Z,Not applicable,2021,,201851,,A,Normal value,0,Units,0,Zero
DATAFLOW,OECD.CFE.EDS:DSD_FUA_DEMO@DF_AGE_SEX(1.2),Population by age and sex - Cities and FUAs,I,UK535C,Swindon,A,Annual,POP,Population,PS,Persons,_T,Total,_T,Total,_Z,Not applicable,CITY,City,_Z,Not applicable,2021,,233760,,A,Normal value,0,Units,0,Zero
DATAFLOW,OECD.CFE.EDS:DSD_FUA_DEMO@DF_AGE_SEX(1.2),Population by age and sex - Cities and FUAs,I,UK539C,Bournemouth,A,Annual,POP,Population,PS,Persons,_T,Total,_T,Total,_Z,Not applicable,CITY,City,_Z,Not applicable,2021,,400155,,A,Normal value,0,Units,0,Zero
DATAFLOW,OECD.CFE.EDS:DSD_FUA_DEMO@DF_AGE_SEX(1.2),Population by age and sex - Cities and FUAs,I,UK542C,Telford and Wrekin,A,Annual,POP,Population,PS,Persons,_T,Total,_T,Total,_Z,Not applicable,CITY,City,_Z,Not applicable,2021,,185857,,A,Normal value,0,Units,0,Zero
DATAFLOW,OECD.CFE.EDS:DSD_FUA_DEMO@DF_AGE_SEX(1.2),Population by age and sex - Cities and FUAs,I,UK543C,North East Lincolnshire,A,Annual,POP,Population,PS,Persons,_T,Total,_T,Total,_Z,Not applicable,CITY,City,_Z,Not applicable,2021,,157188,,A,Normal value,0,Units,0,Zero
DATAFLOW,OECD.CFE.EDS:DSD_FUA_DEMO@DF_AGE_SEX(1.2),Population by age and sex - Cities and FUAs,I,UK545C,Peterborough,A,Annual,POP,Population,PS,Persons,_T,Total,_T,Total,_Z,Not applicable,CITY,City,_Z,Not applicable,2021,,216470,,A,Normal value,0,Units,0,Zero
DATAFLOW,OECD.CFE.EDS:DSD_FUA_DEMO@DF_AGE_SEX(1.2),Population by age and sex - Cities and FUAs,I,UK546C,Colchester,A,Annual,POP,Population,PS,Persons,_T,Total,_T,Total,_Z,Not applicable,CITY,City,_Z,Not applicable,2021,,192658,,A,Normal value,0,Units,0,Zero
DATAFLOW,OECD.CFE.EDS:DSD_FUA_DEMO@DF_AGE_SEX(1.2),Population by age and sex - Cities and FUAs,I,UK548C,Basingstoke and Deane,A,Annual,POP,Population,PS,Persons,_T,Total,_T,Total,_Z,Not applicable,CITY,City,_Z,Not applicable,2021,,185713,,A,Normal value,0,Units,0,Zero
DATAFLOW,OECD.CFE.EDS:DSD_FUA_DEMO@DF_AGE_SEX(1.2),Population by age and sex - Cities and FUAs,I,UK549C,Bedford,A,Annual,POP,Population,PS,Persons,_T,Total,_T,Total,_Z,Not applicable,CITY,City,_Z,Not applicable,2021,,185796,,A,Normal value,0,Units,0,Zero
DATAFLOW,OECD.CFE.EDS:DSD_FUA_DEMO@DF_AGE_SEX(1.2),Population by age and sex - Cities and FUAs,I,UK550C,Dundee City,A,Annual,POP,Population,PS,Persons,_T,Total,_T,Total,_Z,Not applicable,CITY,City,_Z,Not applicable,2021,,146790,,A,Normal value,0,Units,0,Zero
DATAFLOW,OECD.CFE.EDS:DSD_FUA_DEMO@DF_AGE_SEX(1.2),Population by age and sex - Cities and FUAs,I,UK551C,Falkirk,A,Annual,POP,Population,PS,Persons,_T,Total,_T,Total,_Z,Not applicable,CITY,City,_Z,Not applicable,2021,,158760,,A,Normal value,0,Units,0,Zero
DATAFLOW,OECD.CFE.EDS:DSD_FUA_DEMO@DF_AGE_SEX(1.2),Population by age and sex - Cities and FUAs,I,UK552C,Reading,A,Annual,POP,Population,PS,Persons,_T,Total,_T,Total,_Z,Not applicable,CITY,City,_Z,Not applicable,2021,,173371,,A,Normal value,0,Units,0,Zero
DATAFLOW,OECD.CFE.EDS:DSD_FUA_DEMO@DF_AGE_SEX(1.2),Population by age and sex - Cities and FUAs,I,UK553C,Blackpool,A,Annual,POP,Population,PS,Persons,_T,Total,_T,Total,_Z,Not applicable,CITY,City,_Z,Not applicable,2021,,140976,,A,Normal value,0,Units,0,Zero
DATAFLOW,OECD.CFE.EDS:DSD_FUA_DEMO@DF_AGE_SEX(1.2),Population by age and sex - Cities and FUAs,I,UK554C,Maidstone,A,Annual,POP,Population,PS,Persons,_T,Total,_T,Total,_Z,Not applicable,CITY,City,_Z,Not applicable,2021,,176697,,A,Normal value,0,Units,0,Zero
DATAFLOW,OECD.CFE.EDS:DSD_FUA_DEMO@DF_AGE_SEX(1.2),Population by age and sex - Cities and FUAs,I,UK556C,Dacorum,A,Annual,POP,Population,PS,Persons,_T,Total,_T,Total,_Z,Not applicable,CITY,City,_Z,Not applicable,2021,,155211,,A,Normal value,0,Units,0,Zero
DATAFLOW,OECD.CFE.EDS:DSD_FUA_DEMO@DF_AGE_SEX(1.2),Population by age and sex - Cities and FUAs,I,UK557C,Blackburn with Darwen,A,Annual,POP,Population,PS,Persons,_T,Total,_T,Total,_Z,Not applicable,CITY,City,_Z,Not applicable,2021,,237225,,A,Normal value,0,Units,0,Zero
DATAFLOW,OECD.CFE.EDS:DSD_FUA_DEMO@DF_AGE_SEX(1.2),Population by age and sex - Cities and FUAs,I,UK558C,Newport,A,Annual,POP,Population,PS,Persons,_T,Total,_T,Total,_Z,Not applicable,CITY,City,_Z,Not applicable,2021,,159687,,A,Normal value,0,Units,0,Zero
DATAFLOW,OECD.CFE.EDS:DSD_FUA_DEMO@DF_AGE_SEX(1.2),Population by age and sex - Cities and FUAs,I,UK559C,Middlesbrough,A,Annual,POP,Population,PS,Persons,_T,Total,_T,Total,_Z,Not applicable,CITY,City,_Z,Not applicable,2021,,433550,,A,Normal value,0,Units,0,Zero
DATAFLOW,OECD.CFE.EDS:DSD_FUA_DEMO@DF_AGE_SEX(1.2),Population by age and sex - Cities and FUAs,I,UK560C,Oxford,A,Annual,POP,Population,PS,Persons,_T,Total,_T,Total,_Z,Not applicable,CITY,City,_Z,Not applicable,2021,,160379,,A,Normal value,0,Units,0,Zero
DATAFLOW,OECD.CFE.EDS:DSD_FUA_DEMO@DF_AGE_SEX(1.2),Population by age and sex - Cities and FUAs,I,UK561C,Torbay,A,Annual,POP,Population,PS,Persons,_T,Total,_T,Total,_Z,Not applicable,CITY,City,_Z,Not applicable,2021,,139440,,A,Normal value,0,Units,0,Zero
DATAFLOW,OECD.CFE.EDS:DSD_FUA_DEMO@DF_AGE_SEX(1.2),Population by age and sex - Cities and FUAs,I,UK562C,Preston,A,Annual,POP,Population,PS,Persons,_T,Total,_T,Total,_Z,Not applicable,CITY,City,_Z,Not applicable,2021,,147786,,A,Normal value,0,Units,0,Zero
DATAFLOW,OECD.CFE.EDS:DSD_FUA_DEMO@DF_AGE_SEX(1.2),Population by age and sex - Cities and FUAs,I,UK566C,Norwich,A,Annual,POP,Population,PS,Persons,_T,Total,_T,Total,_Z,Not applicable,CITY,City,_Z,Not applicable,2021,,143217,,A,Normal value,0,Units,0,Zero
DATAFLOW,OECD.CFE.EDS:DSD_FUA_DEMO@DF_AGE_SEX(1.2),Population by age and sex - Cities and FUAs,I,UK567C,Slough,A,Annual,POP,Population,PS,Persons,_T,Total,_T,Total,_Z,Not applicable,CITY,City,_Z,Not applicable,2021,,158448,,A,Normal value,0,Units,0,Zero
DATAFLOW,OECD.CFE.EDS:DSD_FUA_DEMO@DF_AGE_SEX(1.2),Population by age and sex - Cities and FUAs,I,UK568C,Cheshire West and Chester,A,Annual,POP,Population,PS,Persons,_T,Total,_T,Total,_Z,Not applicable,CITY,City,_Z,Not applicable,2021,,357730,,A,Normal value,0,Units,0,Zero
DATAFLOW,OECD.CFE.EDS:DSD_FUA_DEMO@DF_AGE_SEX(1.2),Population by age and sex - Cities and FUAs,I,UK569C,Ipswich,A,Annual,POP,Population,PS,Persons,_T,Total,_T,Total,_Z,Not applicable,CITY,City,_Z,Not applicable,2021,,139638,,A,Normal value,0,Units,0,Zero
DATAFLOW,OECD.CFE.EDS:DSD_FUA_DEMO@DF_AGE_SEX(1.2),Population by age and sex - Cities and FUAs,I,UK571C,Cheltenham,A,Annual,POP,Population,PS,Persons,_T,Total,_T,Total,_Z,Not applicable,CITY,City,_Z,Not applicable,2021,,118838,,A,Normal value,0,Units,0,Zero
DATAFLOW,OECD.CFE.EDS:DSD_FUA_DEMO@DF_AGE_SEX(1.2),Population by age and sex - Cities and FUAs,I,UK572C,Gloucester,A,Annual,POP,Population,PS,Persons,_T,Total,_T,Total,_Z,Not applicable,CITY,City,_Z,Not applicable,2021,,132564,,A,Normal value,0,Units,0,Zero
DATAFLOW,OECD.CFE.EDS:DSD_FUA_DEMO@DF_AGE_SEX(1.2),Population by age and sex - Cities and FUAs,I,UK573C,Bracknell Forest,A,Annual,POP,Population,PS,Persons,_T,Total,_T,Total,_Z,Not applicable,CITY,City,_Z,Not applicable,2021,,125195,,A,Normal value,0,Units,0,Zero
DATAFLOW,OECD.CFE.EDS:DSD_FUA_DEMO@DF_AGE_SEX(1.2),Population by age and sex - Cities and FUAs,I,UK576C,Crawley,A,Annual,POP,Population,PS,Persons,_T,Total,_T,Total,_Z,Not applicable,CITY,City,_Z,Not applicable,2021,,118607,,A,Normal value,0,Units,0,Zero
DATAFLOW,OECD.CFE.EDS:DSD_FUA_DEMO@DF_AGE_SEX(1.2),Population by age and sex - Cities and FUAs,I,UK580C,Rushmoor,A,Annual,POP,Population,PS,Persons,_T,Total,_T,Total,_Z,Not applicable,CITY,City,_Z,Not applicable,2021,,100096,,A,Normal value,0,Units,0,Zero
DATAFLOW,OECD.CFE.EDS:DSD_FUA_DEMO@DF_AGE_SEX(1.2),Population by age and sex - Cities and FUAs,I,UK586C,Derry & Strabane Local Government District,A,Annual,POP,Population,PS,Persons,_T,Total,_T,Total,_Z,Not applicable,CITY,City,_Z,Not applicable,2021,,150834,,A,Normal value,0,Units,0,Zero
DATAFLOW,OECD.CFE.EDS:DSD_FUA_DEMO@DF_AGE_SEX(1.2),Population by age and sex - Cities and FUAs,I,HR001C,Zagreb,A,Annual,POP,Population,PS,Persons,_T,Total,_T,Total,_Z,Not applicable,CITY,City,_Z,Not applicable,2021,,767131,,A,Normal value,0,Units,0,Zero
DATAFLOW,OECD.CFE.EDS:DSD_FUA_DEMO@DF_AGE_SEX(1.2),Population by age and sex - Cities and FUAs,I,HR002C,Rijeka,A,Annual,POP,Population,PS,Persons,_T,Total,_T,Total,_Z,Not applicable,CITY,City,_Z,Not applicable,2021,,107964,,A,Normal value,0,Units,0,Zero
DATAFLOW,OECD.CFE.EDS:DSD_FUA_DEMO@DF_AGE_SEX(1.2),Population by age and sex - Cities and FUAs,I,HR004C,Osijek,A,Annual,POP,Population,PS,Persons,_T,Total,_T,Total,_Z,Not applicable,CITY,City,_Z,Not applicable,2021,,96313,,A,Normal value,0,Units,0,Zero
DATAFLOW,OECD.CFE.EDS:DSD_FUA_DEMO@DF_AGE_SEX(1.2),Population by age and sex - Cities and FUAs,I,HR005C,Split,A,Annual,POP,Population,PS,Persons,_T,Total,_T,Total,_Z,Not applicable,CITY,City,_Z,Not applicable,2021,,185439,,A,Normal value,0,Units,0,Zero
DATAFLOW,OECD.CFE.EDS:DSD_FUA_DEMO@DF_AGE_SEX(1.2),Population by age and sex - Cities and FUAs,I,HR007C,Zadar,A,Annual,POP,Population,PS,Persons,_T,Total,_T,Total,_Z,Not applicable,CITY,City,_Z,Not applicable,2021,,70779,,A,Normal value,0,Units,0,Zero
DATAFLOW,OECD.CFE.EDS:DSD_FUA_DEMO@DF_AGE_SEX(1.2),Population by age and sex - Cities and FUAs,I,HU001C,Budapest,A,Annual,POP,Population,PS,Persons,_T,Total,_T,Total,_Z,Not applicable,CITY,City,_Z,Not applicable,2021,,1934562,,A,Normal value,0,Units,0,Zero
DATAFLOW,OECD.CFE.EDS:DSD_FUA_DEMO@DF_AGE_SEX(1.2),Population by age and sex - Cities and FUAs,I,HU002C,Miskolc,A,Annual,POP,Population,PS,Persons,_T,Total,_T,Total,_Z,Not applicable,CITY,City,_Z,Not applicable,2021,,150695,,A,Normal value,0,Units,0,Zero
DATAFLOW,OECD.CFE.EDS:DSD_FUA_DEMO@DF_AGE_SEX(1.2),Population by age and sex - Cities and FUAs,I,HU003C,Nyíregyháza,A,Annual,POP,Population,PS,Persons,_T,Total,_T,Total,_Z,Not applicable,CITY,City,_Z,Not applicable,2021,,116554,,A,Normal value,0,Units,0,Zero
DATAFLOW,OECD.CFE.EDS:DSD_FUA_DEMO@DF_AGE_SEX(1.2),Population by age and sex - Cities and FUAs,I,HU004C,Pécs,A,Annual,POP,Population,PS,Persons,_T,Total,_T,Total,_Z,Not applicable,CITY,City,_Z,Not applicable,2021,,140237,,A,Normal value,0,Units,0,Zero
DATAFLOW,OECD.CFE.EDS:DSD_FUA_DEMO@DF_AGE_SEX(1.2),Population by age and sex - Cities and FUAs,I,HU005C,Debrecen,A,Annual,POP,Population,PS,Persons,_T,Total,_T,Total,_Z,Not applicable,CITY,City,_Z,Not applicable,2021,,200974,,A,Normal value,0,Units,0,Zero
DATAFLOW,OECD.CFE.EDS:DSD_FUA_DEMO@DF_AGE_SEX(1.2),Population by age and sex - Cities and FUAs,I,HU006C,Szeged,A,Annual,POP,Population,PS,Persons,_T,Total,_T,Total,_Z,Not applicable,CITY,City,_Z,Not applicable,2021,,159074,,A,Normal value,0,Units,0,Zero
DATAFLOW,OECD.CFE.EDS:DSD_FUA_DEMO@DF_AGE_SEX(1.2),Population by age and sex - Cities and FUAs,I,HU007C,Gyõr,A,Annual,POP,Population,PS,Persons,_T,Total,_T,Total,_Z,Not applicable,CITY,City,_Z,Not applicable,2021,,132735,,A,Normal value,0,Units,0,Zero
DATAFLOW,OECD.CFE.EDS:DSD_FUA_DEMO@DF_AGE_SEX(1.2),Population by age and sex - Cities and FUAs,I,HU008C,Kecskemét,A,Annual,POP,Population,PS,Persons,_T,Total,_T,Total,_Z,Not applicable,CITY,City,_Z,Not applicable,2021,,109651,,A,Normal value,0,Units,0,Zero
DATAFLOW,OECD.CFE.EDS:DSD_FUA_DEMO@DF_AGE_SEX(1.2),Population by age and sex - Cities and FUAs,I,HU009C,Székesfehérvár,A,Annual,POP,Population,PS,Persons,_T,Total,_T,Total,_Z,Not applicable,CITY,City,_Z,Not applicable,2021,,95545,,A,Normal value,0,Units,0,Zero
DATAFLOW,OECD.CFE.EDS:DSD_FUA_DEMO@DF_AGE_SEX(1.2),Population by age and sex - Cities and FUAs,I,HU010C,Szombathely,A,Annual,POP,Population,PS,Persons,_T,Total,_T,Total,_Z,Not applicable,CITY,City,_Z,Not applicable,2021,,78324,,A,Normal value,0,Units,0,Zero
DATAFLOW,OECD.CFE.EDS:DSD_FUA_DEMO@DF_AGE_SEX(1.2),Population by age and sex - Cities and FUAs,I,HU012C,Tatabánya,A,Annual,POP,Population,PS,Persons,_T,Total,_T,Total,_Z,Not applicable,CITY,City,_Z,Not applicable,2021,,65145,,A,Normal value,0,Units,0,Zero
DATAFLOW,OECD.CFE.EDS:DSD_FUA_DEMO@DF_AGE_SEX(1.2),Population by age and sex - Cities and FUAs,I,HU019C,Sopron,A,Annual,POP,Population,PS,Persons,_T,Total,_T,Total,_Z,Not applicable,CITY,City,_Z,Not applicable,2021,,62900,,A,Normal value,0,Units,0,Zero
DATAFLOW,OECD.CFE.EDS:DSD_FUA_DEMO@DF_AGE_SEX(1.2),Population by age and sex - Cities and FUAs,I,IS001C,Reykjavík,A,Annual,POP,Population,PS,Persons,_T,Total,_T,Total,_Z,Not applicable,CITY,City,_Z,Not applicable,2021,,229412,,A,Normal value,0,Units,0,Zero
DATAFLOW,OECD.CFE.EDS:DSD_FUA_DEMO@DF_AGE_SEX(1.2),Population by age and sex - Cities and FUAs,I,ISR01C,Nahariyya,A,Annual,POP,Population,PS,Persons,_T,Total,_T,Total,_Z,Not applicable,CITY,City,_Z,Not applicable,2021,,59156,,A,Normal value,0,Units,0,Zero
DATAFLOW,OECD.CFE.EDS:DSD_FUA_DEMO@DF_AGE_SEX(1.2),Population by age and sex - Cities and FUAs,I,ISR05C,Haifa,A,Annual,POP,Population,PS,Persons,_T,Total,_T,Total,_Z,Not applicable,CITY,City,_Z,Not applicable,2021,,567772,,A,Normal value,0,Units,0,Zero
DATAFLOW,OECD.CFE.EDS:DSD_FUA_DEMO@DF_AGE_SEX(1.2),Population by age and sex - Cities and FUAs,I,ISR06C,Nazareth,A,Annual,POP,Population,PS,Persons,_T,Total,_T,Total,_Z,Not applicable,CITY,City,_Z,Not applicable,2021,,218429,,A,Normal value,0,Units,0,Zero
DATAFLOW,OECD.CFE.EDS:DSD_FUA_DEMO@DF_AGE_SEX(1.2),Population by age and sex - Cities and FUAs,I,ISR07C,Umm al-Fahm,A,Annual,POP,Population,PS,Persons,_T,Total,_T,Total,_Z,Not applicable,CITY,City,_Z,Not applicable,2021,,56777,,A,Normal value,0,Units,0,Zero
DATAFLOW,OECD.CFE.EDS:DSD_FUA_DEMO@DF_AGE_SEX(1.2),Population by age and sex - Cities and FUAs,I,ISR08C,Hadera,A,Annual,POP,Population,PS,Persons,_T,Total,_T,Total,_Z,Not applicable,CITY,City,_Z,Not applicable,2021,,98908,,A,Normal value,0,Units,0,Zero
DATAFLOW,OECD.CFE.EDS:DSD_FUA_DEMO@DF_AGE_SEX(1.2),Population by age and sex - Cities and FUAs,I,ISR09C,Netanya,A,Annual,POP,Population,PS,Persons,_T,Total,_T,Total,_Z,Not applicable,CITY,City,_Z,Not applicable,2021,,222129,,A,Normal value,0,Units,0,Zero
DATAFLOW,OECD.CFE.EDS:DSD_FUA_DEMO@DF_AGE_SEX(1.2),Population by age and sex - Cities and FUAs,I,ISR10C,Tel Aviv - Yafo,A,Annual,POP,Population,PS,Persons,_T,Total,_T,Total,_Z,Not applicable,CITY,City,_Z,Not applicable,2021,,2878499,,A,Normal value,0,Units,0,Zero
DATAFLOW,OECD.CFE.EDS:DSD_FUA_DEMO@DF_AGE_SEX(1.2),Population by age and sex - Cities and FUAs,I,ISR15C,Ashdod,A,Annual,POP,Population,PS,Persons,_T,Total,_T,Total,_Z,Not applicable,CITY,City,_Z,Not applicable,2021,,226154,,A,Normal value,0,Units,0,Zero
DATAFLOW,OECD.CFE.EDS:DSD_FUA_DEMO@DF_AGE_SEX(1.2),Population by age and sex - Cities and FUAs,I,ISR16C,Bet Shemesh,A,Annual,POP,Population,PS,Persons,_T,Total,_T,Total,_Z,Not applicable,CITY,City,_Z,Not applicable,2021,,132544,,A,Normal value,0,Units,0,Zero
DATAFLOW,OECD.CFE.EDS:DSD_FUA_DEMO@DF_AGE_SEX(1.2),Population by age and sex - Cities and FUAs,I,ISR17C,Jerusalem,A,Annual,POP,Population,PS,Persons,_T,Total,_T,Total,_Z,Not applicable,CITY,City,_Z,Not applicable,2021,,951149,,A,Normal value,0,Units,0,Zero
DATAFLOW,OECD.CFE.EDS:DSD_FUA_DEMO@DF_AGE_SEX(1.2),Population by age and sex - Cities and FUAs,I,ISR18C,Ashqelon,A,Annual,POP,Population,PS,Persons,_T,Total,_T,Total,_Z,Not applicable,CITY,City,_Z,Not applicable,2021,,146519,,A,Normal value,0,Units,0,Zero
DATAFLOW,OECD.CFE.EDS:DSD_FUA_DEMO@DF_AGE_SEX(1.2),Population by age and sex - Cities and FUAs,I,ISR19C,Qiryat Gat,A,Annual,POP,Population,PS,Persons,_T,Total,_T,Total,_Z,Not applicable,CITY,City,_Z,Not applicable,2021,,58482,,A,Normal value,0,Units,0,Zero
DATAFLOW,OECD.CFE.EDS:DSD_FUA_DEMO@DF_AGE_SEX(1.2),Population by age and sex - Cities and FUAs,I,ISR21C,Be'er Sheva,A,Annual,POP,Population,PS,Persons,_T,Total,_T,Total,_Z,Not applicable,CITY,City,_Z,Not applicable,2021,,284363,,A,Normal value,0,Units,0,Zero
DATAFLOW,OECD.CFE.EDS:DSD_FUA_DEMO@DF_AGE_SEX(1.2),Population by age and sex - Cities and FUAs,I,ISR22C,Elat,A,Annual,POP,Population,PS,Persons,_T,Total,_T,Total,_Z,Not applicable,CITY,City,_Z,Not applicable,2021,,52519,,A,Normal value,0,Units,0,Zero
DATAFLOW,OECD.CFE.EDS:DSD_FUA_DEMO@DF_AGE_SEX(1.2),Population by age and sex - Cities and FUAs,I,IT001C,Roma,A,Annual,POP,Population,PS,Persons,_T,Total,_T,Total,_Z,Not applicable,CITY,City,_Z,Not applicable,2021,,2770226,,A,Normal value,0,Units,0,Zero
DATAFLOW,OECD.CFE.EDS:DSD_FUA_DEMO@DF_AGE_SEX(1.2),Population by age and sex - Cities and FUAs,I,IT062C,Anzio,A,Annual,POP,Population,PS,Persons,_T,Total,_T,Total,_Z,Not applicable,CITY,City,_Z,Not applicable,2021,,106338,,A,Normal value,0,Units,0,Zero
DATAFLOW,OECD.CFE.EDS:DSD_FUA_DEMO@DF_AGE_SEX(1.2),Population by age and sex - Cities and FUAs,I,IT002C,Milano,A,Annual,POP,Population,PS,Persons,_T,Total,_T,Total,_Z,Not applicable,CITY,City,_Z,Not applicable,2021,,3561100,,A,Normal value,0,Units,0,Zero
DATAFLOW,OECD.CFE.EDS:DSD_FUA_DEMO@DF_AGE_SEX(1.2),Population by age and sex - Cities and FUAs,I,IT003C,Napoli,A,Annual,POP,Population,PS,Persons,_T,Total,_T,Total,_Z,Not applicable,CITY,City,_Z,Not applicable,2021,,2993344,,A,Normal value,0,Units,0,Zero
DATAFLOW,OECD.CFE.EDS:DSD_FUA_DEMO@DF_AGE_SEX(1.2),Population by age and sex - Cities and FUAs,I,IT004C,Torino,A,Annual,POP,Population,PS,Persons,_T,Total,_T,Total,_Z,Not applicable,CITY,City,_Z,Not applicable,2021,,858205,,A,Normal value,0,Units,0,Zero
DATAFLOW,OECD.CFE.EDS:DSD_FUA_DEMO@DF_AGE_SEX(1.2),Population by age and sex - Cities and FUAs,I,IT005C,Palermo,A,Annual,POP,Population,PS,Persons,_T,Total,_T,Total,_Z,Not applicable,CITY,City,_Z,Not applicable,2021,,637885,,A,Normal value,0,Units,0,Zero
DATAFLOW,OECD.CFE.EDS:DSD_FUA_DEMO@DF_AGE_SEX(1.2),Population by age and sex - Cities and FUAs,I,IT061C,Bagheria,A,Annual,POP,Population,PS,Persons,_T,Total,_T,Total,_Z,Not applicable,CITY,City,_Z,Not applicable,2021,,53025,,A,Normal value,0,Units,0,Zero
DATAFLOW,OECD.CFE.EDS:DSD_FUA_DEMO@DF_AGE_SEX(1.2),Population by age and sex - Cities and FUAs,I,IT006C,Genova,A,Annual,POP,Population,PS,Persons,_T,Total,_T,Total,_Z,Not applicable,CITY,City,_Z,Not applicable,2021,,566410,,A,Normal value,0,Units,0,Zero
DATAFLOW,OECD.CFE.EDS:DSD_FUA_DEMO@DF_AGE_SEX(1.2),Population by age and sex - Cities and FUAs,I,IT007C,Firenze,A,Annual,POP,Population,PS,Persons,_T,Total,_T,Total,_Z,Not applicable,CITY,City,_Z,Not applicable,2021,,368419,,A,Normal value,0,Units,0,Zero
DATAFLOW,OECD.CFE.EDS:DSD_FUA_DEMO@DF_AGE_SEX(1.2),Population by age and sex - Cities and FUAs,I,IT008C,Bari,A,Annual,POP,Population,PS,Persons,_T,Total,_T,Total,_Z,Not applicable,CITY,City,_Z,Not applicable,2021,,317205,,A,Normal value,0,Units,0,Zero
DATAFLOW,OECD.CFE.EDS:DSD_FUA_DEMO@DF_AGE_SEX(1.2),Population by age and sex - Cities and FUAs,I,IT054C,Bitonto,A,Annual,POP,Population,PS,Persons,_T,Total,_T,Total,_Z,Not applicable,CITY,City,_Z,Not applicable,2021,,53457,,A,Normal value,0,Units,0,Zero
DATAFLOW,OECD.CFE.EDS:DSD_FUA_DEMO@DF_AGE_SEX(1.2),Population by age and sex - Cities and FUAs,I,IT009C,Bologna,A,Annual,POP,Population,PS,Persons,_T,Total,_T,Total,_Z,Not applicable,CITY,City,_Z,Not applicable,2021,,391686,,A,Normal value,0,Units,0,Zero
DATAFLOW,OECD.CFE.EDS:DSD_FUA_DEMO@DF_AGE_SEX(1.2),Population by age and sex - Cities and FUAs,I,IT010C,Catania,A,Annual,POP,Population,PS,Persons,_T,Total,_T,Total,_Z,Not applicable,CITY,City,_Z,Not applicable,2021,,443291,,A,Normal value,0,Units,0,Zero
DATAFLOW,OECD.CFE.EDS:DSD_FUA_DEMO@DF_AGE_SEX(1.2),Population by age and sex - Cities and FUAs,I,IT049C,Acireale,A,Annual,POP,Population,PS,Persons,_T,Total,_T,Total,_Z,Not applicable,CITY,City,_Z,Not applicable,2021,,96654,,A,Normal value,0,Units,0,Zero
DATAFLOW,OECD.CFE.EDS:DSD_FUA_DEMO@DF_AGE_SEX(1.2),Population by age and sex - Cities and FUAs,I,IT011C,Venezia,A,Annual,POP,Population,PS,Persons,_T,Total,_T,Total,_Z,Not applicable,CITY,City,_Z,Not applicable,2021,,256083,,A,Normal value,0,Units,0,Zero
DATAFLOW,OECD.CFE.EDS:DSD_FUA_DEMO@DF_AGE_SEX(1.2),Population by age and sex - Cities and FUAs,I,IT012C,Verona,A,Annual,POP,Population,PS,Persons,_T,Total,_T,Total,_Z,Not applicable,CITY,City,_Z,Not applicable,2021,,258031,,A,Normal value,0,Units,0,Zero
DATAFLOW,OECD.CFE.EDS:DSD_FUA_DEMO@DF_AGE_SEX(1.2),Population by age and sex - Cities and FUAs,I,IT013C,Cremona,A,Annual,POP,Population,PS,Persons,_T,Total,_T,Total,_Z,Not applicable,CITY,City,_Z,Not applicable,2021,,71223,,A,Normal value,0,Units,0,Zero
DATAFLOW,OECD.CFE.EDS:DSD_FUA_DEMO@DF_AGE_SEX(1.2),Population by age and sex - Cities and FUAs,I,IT014C,Trento,A,Annual,POP,Population,PS,Persons,_T,Total,_T,Total,_Z,Not applicable,CITY,City,_Z,Not applicable,2021,,118879,,A,Normal value,0,Units,0,Zero
DATAFLOW,OECD.CFE.EDS:DSD_FUA_DEMO@DF_AGE_SEX(1.2),Population by age and sex - Cities and FUAs,I,IT015C,Trieste,A,Annual,POP,Population,PS,Persons,_T,Total,_T,Total,_Z,Not applicable,CITY,City,_Z,Not applicable,2021,,200609,,A,Normal value,0,Units,0,Zero
DATAFLOW,OECD.CFE.EDS:DSD_FUA_DEMO@DF_AGE_SEX(1.2),Population by age and sex - Cities and FUAs,I,IT016C,Perugia,A,Annual,POP,Population,PS,Persons,_T,Total,_T,Total,_Z,Not applicable,CITY,City,_Z,Not applicable,2021,,164721,,A,Normal value,0,Units,0,Zero
DATAFLOW,OECD.CFE.EDS:DSD_FUA_DEMO@DF_AGE_SEX(1.2),Population by age and sex - Cities and FUAs,I,IT017C,Ancona,A,Annual,POP,Population,PS,Persons,_T,Total,_T,Total,_Z,Not applicable,CITY,City,_Z,Not applicable,2021,,99273,,A,Normal value,0,Units,0,Zero
DATAFLOW,OECD.CFE.EDS:DSD_FUA_DEMO@DF_AGE_SEX(1.2),Population by age and sex - Cities and FUAs,I,IT018C,Pescara,A,Annual,POP,Population,PS,Persons,_T,Total,_T,Total,_Z,Not applicable,CITY,City,_Z,Not applicable,2021,,197787,,A,Normal value,0,Units,0,Zero
DATAFLOW,OECD.CFE.EDS:DSD_FUA_DEMO@DF_AGE_SEX(1.2),Population by age and sex - Cities and FUAs,I,IT019C,Campobasso,A,Annual,POP,Population,PS,Persons,_T,Total,_T,Total,_Z,Not applicable,CITY,City,_Z,Not applicable,2021,,47535,,A,Normal value,0,Units,0,Zero
DATAFLOW,OECD.CFE.EDS:DSD_FUA_DEMO@DF_AGE_SEX(1.2),Population by age and sex - Cities and FUAs,I,IT020C,Caserta,A,Annual,POP,Population,PS,Persons,_T,Total,_T,Total,_Z,Not applicable,CITY,City,_Z,Not applicable,2021,,194766,,A,Normal value,0,Units,0,Zero
DATAFLOW,OECD.CFE.EDS:DSD_FUA_DEMO@DF_AGE_SEX(1.2),Population by age and sex - Cities and FUAs,I,IT021C,Taranto,A,Annual,POP,Population,PS,Persons,_T,Total,_T,Total,_Z,Not applicable,CITY,City,_Z,Not applicable,2021,,190717,,A,Normal value,0,Units,0,Zero
DATAFLOW,OECD.CFE.EDS:DSD_FUA_DEMO@DF_AGE_SEX(1.2),Population by age and sex - Cities and FUAs,I,IT022C,Potenza,A,Annual,POP,Population,PS,Persons,_T,Total,_T,Total,_Z,Not applicable,CITY,City,_Z,Not applicable,2021,,65420,,A,Normal value,0,Units,0,Zero
DATAFLOW,OECD.CFE.EDS:DSD_FUA_DEMO@DF_AGE_SEX(1.2),Population by age and sex - Cities and FUAs,I,IT023C,Catanzaro,A,Annual,POP,Population,PS,Persons,_T,Total,_T,Total,_Z,Not applicable,CITY,City,_Z,Not applicable,2021,,86183,,A,Normal value,0,Units,0,Zero
DATAFLOW,OECD.CFE.EDS:DSD_FUA_DEMO@DF_AGE_SEX(1.2),Population by age and sex - Cities and FUAs,I,IT024C,Reggio di Calabria,A,Annual,POP,Population,PS,Persons,_T,Total,_T,Total,_Z,Not applicable,CITY,City,_Z,Not applicable,2021,,173026,,A,Normal value,0,Units,0,Zero
DATAFLOW,OECD.CFE.EDS:DSD_FUA_DEMO@DF_AGE_SEX(1.2),Population by age and sex - Cities and FUAs,I,IT025C,Sassari,A,Annual,POP,Population,PS,Persons,_T,Total,_T,Total,_Z,Not applicable,CITY,City,_Z,Not applicable,2021,,122506,,A,Normal value,0,Units,0,Zero
DATAFLOW,OECD.CFE.EDS:DSD_FUA_DEMO@DF_AGE_SEX(1.2),Population by age and sex - Cities and FUAs,I,IT026C,Cagliari,A,Annual,POP,Population,PS,Persons,_T,Total,_T,Total,_Z,Not applicable,CITY,City,_Z,Not applicable,2021,,218212,,A,Normal value,0,Units,0,Zero
DATAFLOW,OECD.CFE.EDS:DSD_FUA_DEMO@DF_AGE_SEX(1.2),Population by age and sex - Cities and FUAs,I,IT027C,Padova,A,Annual,POP,Population,PS,Persons,_T,Total,_T,Total,_Z,Not applicable,CITY,City,_Z,Not applicable,2021,,209730,,A,Normal value,0,Units,0,Zero
DATAFLOW,OECD.CFE.EDS:DSD_FUA_DEMO@DF_AGE_SEX(1.2),Population by age and sex - Cities and FUAs,I,IT028C,Brescia,A,Annual,POP,Population,PS,Persons,_T,Total,_T,Total,_Z,Not applicable,CITY,City,_Z,Not applicable,2021,,197304,,A,Normal value,0,Units,0,Zero
DATAFLOW,OECD.CFE.EDS:DSD_FUA_DEMO@DF_AGE_SEX(1.2),Population by age and sex - Cities and FUAs,I,IT029C,Modena,A,Annual,POP,Population,PS,Persons,_T,Total,_T,Total,_Z,Not applicable,CITY,City,_Z,Not applicable,2021,,186414,,A,Normal value,0,Units,0,Zero
DATAFLOW,OECD.CFE.EDS:DSD_FUA_DEMO@DF_AGE_SEX(1.2),Population by age and sex - Cities and FUAs,I,IT030C,Foggia,A,Annual,POP,Population,PS,Persons,_T,Total,_T,Total,_Z,Not applicable,CITY,City,_Z,Not applicable,2021,,147467,,A,Normal value,0,Units,0,Zero
DATAFLOW,OECD.CFE.EDS:DSD_FUA_DEMO@DF_AGE_SEX(1.2),Population by age and sex - Cities and FUAs,I,IT031C,Salerno,A,Annual,POP,Population,PS,Persons,_T,Total,_T,Total,_Z,Not applicable,CITY,City,_Z,Not applicable,2021,,129206,,A,Normal value,0,Units,0,Zero
DATAFLOW,OECD.CFE.EDS:DSD_FUA_DEMO@DF_AGE_SEX(1.2),Population by age and sex - Cities and FUAs,I,IT032C,Piacenza,A,Annual,POP,Population,PS,Persons,_T,Total,_T,Total,_Z,Not applicable,CITY,City,_Z,Not applicable,2021,,102731,,A,Normal value,0,Units,0,Zero
DATAFLOW,OECD.CFE.EDS:DSD_FUA_DEMO@DF_AGE_SEX(1.2),Population by age and sex - Cities and FUAs,I,IT033C,Bolzano,A,Annual,POP,Population,PS,Persons,_T,Total,_T,Total,_Z,Not applicable,CITY,City,_Z,Not applicable,2021,,107467,,A,Normal value,0,Units,0,Zero
DATAFLOW,OECD.CFE.EDS:DSD_FUA_DEMO@DF_AGE_SEX(1.2),Population by age and sex - Cities and FUAs,I,IT034C,Udine,A,Annual,POP,Population,PS,Persons,_T,Total,_T,Total,_Z,Not applicable,CITY,City,_Z,Not applicable,2021,,98156,,A,Normal value,0,Units,0,Zero
DATAFLOW,OECD.CFE.EDS:DSD_FUA_DEMO@DF_AGE_SEX(1.2),Population by age and sex - Cities and FUAs,I,IT035C,La Spezia,A,Annual,POP,Population,PS,Persons,_T,Total,_T,Total,_Z,Not applicable,CITY,City,_Z,Not applicable,2021,,92441,,A,Normal value,0,Units,0,Zero
DATAFLOW,OECD.CFE.EDS:DSD_FUA_DEMO@DF_AGE_SEX(1.2),Population by age and sex - Cities and FUAs,I,IT036C,Lecce,A,Annual,POP,Population,PS,Persons,_T,Total,_T,Total,_Z,Not applicable,CITY,City,_Z,Not applicable,2021,,95037,,A,Normal value,0,Units,0,Zero
DATAFLOW,OECD.CFE.EDS:DSD_FUA_DEMO@DF_AGE_SEX(1.2),Population by age and sex - Cities and FUAs,I,IT037C,Barletta,A,Annual,POP,Population,PS,Persons,_T,Total,_T,Total,_Z,Not applicable,CITY,City,_Z,Not applicable,2021,,92787,,A,Normal value,0,Units,0,Zero
DATAFLOW,OECD.CFE.EDS:DSD_FUA_DEMO@DF_AGE_SEX(1.2),Population by age and sex - Cities and FUAs,I,IT038C,Pesaro,A,Annual,POP,Population,PS,Persons,_T,Total,_T,Total,_Z,Not applicable,CITY,City,_Z,Not applicable,2021,,95950,,A,Normal value,0,Units,0,Zero
DATAFLOW,OECD.CFE.EDS:DSD_FUA_DEMO@DF_AGE_SEX(1.2),Population by age and sex - Cities and FUAs,I,IT039C,Como,A,Annual,POP,Population,PS,Persons,_T,Total,_T,Total,_Z,Not applicable,CITY,City,_Z,Not applicable,2021,,84250,,A,Normal value,0,Units,0,Zero
DATAFLOW,OECD.CFE.EDS:DSD_FUA_DEMO@DF_AGE_SEX(1.2),Population by age and sex - Cities and FUAs,I,IT040C,Pisa,A,Annual,POP,Population,PS,Persons,_T,Total,_T,Total,_Z,Not applicable,CITY,City,_Z,Not applicable,2021,,89969,,A,Normal value,0,Units,0,Zero
DATAFLOW,OECD.CFE.EDS:DSD_FUA_DEMO@DF_AGE_SEX(1.2),Population by age and sex - Cities and FUAs,I,IT041C,Treviso,A,Annual,POP,Population,PS,Persons,_T,Total,_T,Total,_Z,Not applicable,CITY,City,_Z,Not applicable,2021,,83989,,A,Normal value,0,Units,0,Zero
DATAFLOW,OECD.CFE.EDS:DSD_FUA_DEMO@DF_AGE_SEX(1.2),Population by age and sex - Cities and FUAs,I,IT042C,Varese,A,Annual,POP,Population,PS,Persons,_T,Total,_T,Total,_Z,Not applicable,CITY,City,_Z,Not applicable,2021,,79350,,A,Normal value,0,Units,0,Zero
DATAFLOW,OECD.CFE.EDS:DSD_FUA_DEMO@DF_AGE_SEX(1.2),Population by age and sex - Cities and FUAs,I,IT043C,Asti,A,Annual,POP,Population,PS,Persons,_T,Total,_T,Total,_Z,Not applicable,CITY,City,_Z,Not applicable,2021,,74065,,A,Normal value,0,Units,0,Zero
DATAFLOW,OECD.CFE.EDS:DSD_FUA_DEMO@DF_AGE_SEX(1.2),Population by age and sex - Cities and FUAs,I,IT044C,Pavia,A,Annual,POP,Population,PS,Persons,_T,Total,_T,Total,_Z,Not applicable,CITY,City,_Z,Not applicable,2021,,71122,,A,Normal value,0,Units,0,Zero
DATAFLOW,OECD.CFE.EDS:DSD_FUA_DEMO@DF_AGE_SEX(1.2),Population by age and sex - Cities and FUAs,I,IT046C,Cosenza,A,Annual,POP,Population,PS,Persons,_T,Total,_T,Total,_Z,Not applicable,CITY,City,_Z,Not applicable,2021,,99795,,A,Normal value,0,Units,0,Zero
DATAFLOW,OECD.CFE.EDS:DSD_FUA_DEMO@DF_AGE_SEX(1.2),Population by age and sex - Cities and FUAs,I,IT047C,Savona,A,Annual,POP,Population,PS,Persons,_T,Total,_T,Total,_Z,Not applicable,CITY,City,_Z,Not applicable,2021,,58949,,A,Normal value,0,Units,0,Zero
DATAFLOW,OECD.CFE.EDS:DSD_FUA_DEMO@DF_AGE_SEX(1.2),Population by age and sex - Cities and FUAs,I,IT048C,Matera,A,Annual,POP,Population,PS,Persons,_T,Total,_T,Total,_Z,Not applicable,CITY,City,_Z,Not applicable,2021,,59794,,A,Normal value,0,Units,0,Zero
DATAFLOW,OECD.CFE.EDS:DSD_FUA_DEMO@DF_AGE_SEX(1.2),Population by age and sex - Cities and FUAs,I,IT050C,Avellino,A,Annual,POP,Population,PS,Persons,_T,Total,_T,Total,_Z,Not applicable,CITY,City,_Z,Not applicable,2021,,52819,,A,Normal value,0,Units,0,Zero
DATAFLOW,OECD.CFE.EDS:DSD_FUA_DEMO@DF_AGE_SEX(1.2),Population by age and sex - Cities and FUAs,I,IT051C,Pordenone,A,Annual,POP,Population,PS,Persons,_T,Total,_T,Total,_Z,Not applicable,CITY,City,_Z,Not applicable,2021,,51403,,A,Normal value,0,Units,0,Zero
DATAFLOW,OECD.CFE.EDS:DSD_FUA_DEMO@DF_AGE_SEX(1.2),Population by age and sex - Cities and FUAs,I,IT052C,Lecco,A,Annual,POP,Population,PS,Persons,_T,Total,_T,Total,_Z,Not applicable,CITY,City,_Z,Not applicable,2021,,46979,,A,Normal value,0,Units,0,Zero
DATAFLOW,OECD.CFE.EDS:DSD_FUA_DEMO@DF_AGE_SEX(1.2),Population by age and sex - Cities and FUAs,I,IT053C,Altamura,A,Annual,POP,Population,PS,Persons,_T,Total,_T,Total,_Z,Not applicable,CITY,City,_Z,Not applicable,2021,,69911,,A,Normal value,0,Units,0,Zero
DATAFLOW,OECD.CFE.EDS:DSD_FUA_DEMO@DF_AGE_SEX(1.2),Population by age and sex - Cities and FUAs,I,IT055C,Molfetta,A,Annual,POP,Population,PS,Persons,_T,Total,_T,Total,_Z,Not applicable,CITY,City,_Z,Not applicable,2021,,57891,,A,Normal value,0,Units,0,Zero
DATAFLOW,OECD.CFE.EDS:DSD_FUA_DEMO@DF_AGE_SEX(1.2),Population by age and sex - Cities and FUAs,I,IT056C,Battipaglia,A,Annual,POP,Population,PS,Persons,_T,Total,_T,Total,_Z,Not applicable,CITY,City,_Z,Not applicable,2021,,49805,,A,Normal value,0,Units,0,Zero
DATAFLOW,OECD.CFE.EDS:DSD_FUA_DEMO@DF_AGE_SEX(1.2),Population by age and sex - Cities and FUAs,I,IT057C,Bisceglie,A,Annual,POP,Population,PS,Persons,_T,Total,_T,Total,_Z,Not applicable,CITY,City,_Z,Not applicable,2021,,53934,,A,Normal value,0,Units,0,Zero
DATAFLOW,OECD.CFE.EDS:DSD_FUA_DEMO@DF_AGE_SEX(1.2),Population by age and sex - Cities and FUAs,I,IT058C,Carpi,A,Annual,POP,Population,PS,Persons,_T,Total,_T,Total,_Z,Not applicable,CITY,City,_Z,Not applicable,2021,,71730,,A,Normal value,0,Units,0,Zero
DATAFLOW,OECD.CFE.EDS:DSD_FUA_DEMO@DF_AGE_SEX(1.2),Population by age and sex - Cities and FUAs,I,IT059C,Cerignola,A,Annual,POP,Population,PS,Persons,_T,Total,_T,Total,_Z,Not applicable,CITY,City,_Z,Not applicable,2021,,57223,,A,Normal value,0,Units,0,Zero
DATAFLOW,OECD.CFE.EDS:DSD_FUA_DEMO@DF_AGE_SEX(1.2),Population by age and sex - Cities and FUAs,I,IT060C,Gela,A,Annual,POP,Population,PS,Persons,_T,Total,_T,Total,_Z,Not applicable,CITY,City,_Z,Not applicable,2021,,72491,,A,Normal value,0,Units,0,Zero
DATAFLOW,OECD.CFE.EDS:DSD_FUA_DEMO@DF_AGE_SEX(1.2),Population by age and sex - Cities and FUAs,I,IT063C,Sassuolo,A,Annual,POP,Population,PS,Persons,_T,Total,_T,Total,_Z,Not applicable,CITY,City,_Z,Not applicable,2021,,40722,,A,Normal value,0,Units,0,Zero
DATAFLOW,OECD.CFE.EDS:DSD_FUA_DEMO@DF_AGE_SEX(1.2),Population by age and sex - Cities and FUAs,I,IT064C,Messina,A,Annual,POP,Population,PS,Persons,_T,Total,_T,Total,_Z,Not applicable,CITY,City,_Z,Not applicable,2021,,222329,,A,Normal value,0,Units,0,Zero
DATAFLOW,OECD.CFE.EDS:DSD_FUA_DEMO@DF_AGE_SEX(1.2),Population by age and sex - Cities and FUAs,I,IT065C,Prato,A,Annual,POP,Population,PS,Persons,_T,Total,_T,Total,_Z,Not applicable,CITY,City,_Z,Not applicable,2021,,201410,,A,Normal value,0,Units,0,Zero
DATAFLOW,OECD.CFE.EDS:DSD_FUA_DEMO@DF_AGE_SEX(1.2),Population by age and sex - Cities and FUAs,I,IT066C,Parma,A,Annual,POP,Population,PS,Persons,_T,Total,_T,Total,_Z,Not applicable,CITY,City,_Z,Not applicable,2021,,195998,,A,Normal value,0,Units,0,Zero
DATAFLOW,OECD.CFE.EDS:DSD_FUA_DEMO@DF_AGE_SEX(1.2),Population by age and sex - Cities and FUAs,I,IT067C,Livorno,A,Annual,POP,Population,PS,Persons,_T,Total,_T,Total,_Z,Not applicable,CITY,City,_Z,Not applicable,2021,,155370,,A,Normal value,0,Units,0,Zero
DATAFLOW,OECD.CFE.EDS:DSD_FUA_DEMO@DF_AGE_SEX(1.2),Population by age and sex - Cities and FUAs,I,IT068C,Reggio nell'Emilia,A,Annual,POP,Population,PS,Persons,_T,Total,_T,Total,_Z,Not applicable,CITY,City,_Z,Not applicable,2021,,170601,,A,Normal value,0,Units,0,Zero
DATAFLOW,OECD.CFE.EDS:DSD_FUA_DEMO@DF_AGE_SEX(1.2),Population by age and sex - Cities and FUAs,I,IT069C,Ravenna,A,Annual,POP,Population,PS,Persons,_T,Total,_T,Total,_Z,Not applicable,CITY,City,_Z,Not applicable,2021,,156463,,A,Normal value,0,Units,0,Zero
DATAFLOW,OECD.CFE.EDS:DSD_FUA_DEMO@DF_AGE_SEX(1.2),Population by age and sex - Cities and FUAs,I,IT070C,Ferrara,A,Annual,POP,Population,PS,Persons,_T,Total,_T,Total,_Z,Not applicable,CITY,City,_Z,Not applicable,2021,,131669,,A,Normal value,0,Units,0,Zero
DATAFLOW,OECD.CFE.EDS:DSD_FUA_DEMO@DF_AGE_SEX(1.2),Population by age and sex - Cities and FUAs,I,IT071C,Rimini,A,Annual,POP,Population,PS,Persons,_T,Total,_T,Total,_Z,Not applicable,CITY,City,_Z,Not applicable,2021,,150240,,A,Normal value,0,Units,0,Zero
DATAFLOW,OECD.CFE.EDS:DSD_FUA_DEMO@DF_AGE_SEX(1.2),Population by age and sex - Cities and FUAs,I,IT072C,Siracusa,A,Annual,POP,Population,PS,Persons,_T,Total,_T,Total,_Z,Not applicable,CITY,City,_Z,Not applicable,2021,,117053,,A,Normal value,0,Units,0,Zero
DATAFLOW,OECD.CFE.EDS:DSD_FUA_DEMO@DF_AGE_SEX(1.2),Population by age and sex - Cities and FUAs,I,IT073C,Bergamo,A,Annual,POP,Population,PS,Persons,_T,Total,_T,Total,_Z,Not applicable,CITY,City,_Z,Not applicable,2021,,251416,,A,Normal value,0,Units,0,Zero
DATAFLOW,OECD.CFE.EDS:DSD_FUA_DEMO@DF_AGE_SEX(1.2),Population by age and sex - Cities and FUAs,I,IT074C,Forlì,A,Annual,POP,Population,PS,Persons,_T,Total,_T,Total,_Z,Not applicable,CITY,City,_Z,Not applicable,2021,,117407,,A,Normal value,0,Units,0,Zero
DATAFLOW,OECD.CFE.EDS:DSD_FUA_DEMO@DF_AGE_SEX(1.2),Population by age and sex - Cities and FUAs,I,IT075C,Latina,A,Annual,POP,Population,PS,Persons,_T,Total,_T,Total,_Z,Not applicable,CITY,City,_Z,Not applicable,2021,,127560,,A,Normal value,0,Units,0,Zero
DATAFLOW,OECD.CFE.EDS:DSD_FUA_DEMO@DF_AGE_SEX(1.2),Population by age and sex - Cities and FUAs,I,IT076C,Vicenza,A,Annual,POP,Population,PS,Persons,_T,Total,_T,Total,_Z,Not applicable,CITY,City,_Z,Not applicable,2021,,111113,,A,Normal value,0,Units,0,Zero
DATAFLOW,OECD.CFE.EDS:DSD_FUA_DEMO@DF_AGE_SEX(1.2),Population by age and sex - Cities and FUAs,I,IT077C,Terni,A,Annual,POP,Population,PS,Persons,_T,Total,_T,Total,_Z,Not applicable,CITY,City,_Z,Not applicable,2021,,107982,,A,Normal value,0,Units,0,Zero
DATAFLOW,OECD.CFE.EDS:DSD_FUA_DEMO@DF_AGE_SEX(1.2),Population by age and sex - Cities and FUAs,I,IT078C,Novara,A,Annual,POP,Population,PS,Persons,_T,Total,_T,Total,_Z,Not applicable,CITY,City,_Z,Not applicable,2021,,102225,,A,Normal value,0,Units,0,Zero
DATAFLOW,OECD.CFE.EDS:DSD_FUA_DEMO@DF_AGE_SEX(1.2),Population by age and sex - Cities and FUAs,I,IT079C,Alessandria,A,Annual,POP,Population,PS,Persons,_T,Total,_T,Total,_Z,Not applicable,CITY,City,_Z,Not applicable,2021,,91089,,A,Normal value,0,Units,0,Zero
DATAFLOW,OECD.CFE.EDS:DSD_FUA_DEMO@DF_AGE_SEX(1.2),Population by age and sex - Cities and FUAs,I,IT080C,Arezzo,A,Annual,POP,Population,PS,Persons,_T,Total,_T,Total,_Z,Not applicable,CITY,City,_Z,Not applicable,2021,,97373,,A,Normal value,0,Units,0,Zero
DATAFLOW,OECD.CFE.EDS:DSD_FUA_DEMO@DF_AGE_SEX(1.2),Population by age and sex - Cities and FUAs,I,IT081C,Grosseto,A,Annual,POP,Population,PS,Persons,_T,Total,_T,Total,_Z,Not applicable,CITY,City,_Z,Not applicable,2021,,81643,,A,Normal value,0,Units,0,Zero
DATAFLOW,OECD.CFE.EDS:DSD_FUA_DEMO@DF_AGE_SEX(1.2),Population by age and sex - Cities and FUAs,I,IT082C,Brindisi,A,Annual,POP,Population,PS,Persons,_T,Total,_T,Total,_Z,Not applicable,CITY,City,_Z,Not applicable,2021,,83690,,A,Normal value,0,Units,0,Zero
DATAFLOW,OECD.CFE.EDS:DSD_FUA_DEMO@DF_AGE_SEX(1.2),Population by age and sex - Cities and FUAs,I,IT083C,Trapani,A,Annual,POP,Population,PS,Persons,_T,Total,_T,Total,_Z,Not applicable,CITY,City,_Z,Not applicable,2021,,56879,,A,Normal value,0,Units,0,Zero
DATAFLOW,OECD.CFE.EDS:DSD_FUA_DEMO@DF_AGE_SEX(1.2),Population by age and sex - Cities and FUAs,I,IT084C,Ragusa,A,Annual,POP,Population,PS,Persons,_T,Total,_T,Total,_Z,Not applicable,CITY,City,_Z,Not applicable,2021,,72579,,A,Normal value,0,Units,0,Zero
DATAFLOW,OECD.CFE.EDS:DSD_FUA_DEMO@DF_AGE_SEX(1.2),Population by age and sex - Cities and FUAs,I,IT085C,Andria,A,Annual,POP,Population,PS,Persons,_T,Total,_T,Total,_Z,Not applicable,CITY,City,_Z,Not applicable,2021,,97489,,A,Normal value,0,Units,0,Zero
DATAFLOW,OECD.CFE.EDS:DSD_FUA_DEMO@DF_AGE_SEX(1.2),Population by age and sex - Cities and FUAs,I,IT087C,L'Aquila,A,Annual,POP,Population,PS,Persons,_T,Total,_T,Total,_Z,Not applicable,CITY,City,_Z,Not applicable,2021,,69349,,A,Normal value,0,Units,0,Zero
DATAFLOW,OECD.CFE.EDS:DSD_FUA_DEMO@DF_AGE_SEX(1.2),Population by age and sex - Cities and FUAs,I,KOR01C,Seoul,A,Annual,POP,Population,PS,Persons,_T,Total,_T,Total,_Z,Not applicable,CITY,City,_Z,Not applicable,2021,,21057651,,A,Normal value,0,Units,0,Zero
DATAFLOW,OECD.CFE.EDS:DSD_FUA_DEMO@DF_AGE_SEX(1.2),Population by age and sex - Cities and FUAs,I,KOR23C,Osan,A,Annual,POP,Population,PS,Persons,_T,Total,_T,Total,_Z,Not applicable,CITY,City,_Z,Not applicable,2021,,229983,,A,Normal value,0,Units,0,Zero
DATAFLOW,OECD.CFE.EDS:DSD_FUA_DEMO@DF_AGE_SEX(1.2),Population by age and sex - Cities and FUAs,I,KOR02C,Busan,A,Annual,POP,Population,PS,Persons,_T,Total,_T,Total,_Z,Not applicable,CITY,City,_Z,Not applicable,2021,,4065654,,A,Normal value,0,Units,0,Zero
DATAFLOW,OECD.CFE.EDS:DSD_FUA_DEMO@DF_AGE_SEX(1.2),Population by age and sex - Cities and FUAs,I,KOR03C,Daegu,A,Annual,POP,Population,PS,Persons,_T,Total,_T,Total,_Z,Not applicable,CITY,City,_Z,Not applicable,2021,,2385412,,A,Normal value,0,Units,0,Zero
DATAFLOW,OECD.CFE.EDS:DSD_FUA_DEMO@DF_AGE_SEX(1.2),Population by age and sex - Cities and FUAs,I,KOR04C,Gwangju,A,Annual,POP,Population,PS,Persons,_T,Total,_T,Total,_Z,Not applicable,CITY,City,_Z,Not applicable,2021,,1441611,,A,Normal value,0,Units,0,Zero
DATAFLOW,OECD.CFE.EDS:DSD_FUA_DEMO@DF_AGE_SEX(1.2),Population by age and sex - Cities and FUAs,I,KOR05C,Daejeon,A,Annual,POP,Population,PS,Persons,_T,Total,_T,Total,_Z,Not applicable,CITY,City,_Z,Not applicable,2021,,1452251,,A,Normal value,0,Units,0,Zero
DATAFLOW,OECD.CFE.EDS:DSD_FUA_DEMO@DF_AGE_SEX(1.2),Population by age and sex - Cities and FUAs,I,KOR06C,Changwon,A,Annual,POP,Population,PS,Persons,_T,Total,_T,Total,_Z,Not applicable,CITY,City,_Z,Not applicable,2021,,837792,,A,Normal value,0,Units,0,Zero
DATAFLOW,OECD.CFE.EDS:DSD_FUA_DEMO@DF_AGE_SEX(1.2),Population by age and sex - Cities and FUAs,I,KOR07C,Ulsan,A,Annual,POP,Population,PS,Persons,_T,Total,_T,Total,_Z,Not applicable,CITY,City,_Z,Not applicable,2021,,899533,,A,Normal value,0,Units,0,Zero
DATAFLOW,OECD.CFE.EDS:DSD_FUA_DEMO@DF_AGE_SEX(1.2),Population by age and sex - Cities and FUAs,I,KOR08C,Cheongju,A,Annual,POP,Population,PS,Persons,_T,Total,_T,Total,_Z,Not applicable,CITY,City,_Z,Not applicable,2021,,848482,,A,Normal value,0,Units,0,Zero
DATAFLOW,OECD.CFE.EDS:DSD_FUA_DEMO@DF_AGE_SEX(1.2),Population by age and sex - Cities and FUAs,I,KOR09C,Jeonju,A,Annual,POP,Population,PS,Persons,_T,Total,_T,Total,_Z,Not applicable,CITY,City,_Z,Not applicable,2021,,657269,,A,Normal value,0,Units,0,Zero
DATAFLOW,OECD.CFE.EDS:DSD_FUA_DEMO@DF_AGE_SEX(1.2),Population by age and sex - Cities and FUAs,I,KOR10C,Cheonan,A,Annual,POP,Population,PS,Persons,_T,Total,_T,Total,_Z,Not applicable,CITY,City,_Z,Not applicable,2021,,658486,,A,Normal value,0,Units,0,Zero
DATAFLOW,OECD.CFE.EDS:DSD_FUA_DEMO@DF_AGE_SEX(1.2),Population by age and sex - Cities and FUAs,I,KOR11C,Gyeongsan,A,Annual,POP,Population,PS,Persons,_T,Total,_T,Total,_Z,Not applicable,CITY,City,_Z,Not applicable,2021,,268369,,A,Normal value,0,Units,0,Zero
DATAFLOW,OECD.CFE.EDS:DSD_FUA_DEMO@DF_AGE_SEX(1.2),Population by age and sex - Cities and FUAs,I,KOR12C,Pohang,A,Annual,POP,Population,PS,Persons,_T,Total,_T,Total,_Z,Not applicable,CITY,City,_Z,Not applicable,2021,,503852,,A,Normal value,0,Units,0,Zero
DATAFLOW,OECD.CFE.EDS:DSD_FUA_DEMO@DF_AGE_SEX(1.2),Population by age and sex - Cities and FUAs,I,KOR13C,Gumi,A,Annual,POP,Population,PS,Persons,_T,Total,_T,Total,_Z,Not applicable,CITY,City,_Z,Not applicable,2021,,412581,,A,Normal value,0,Units,0,Zero
DATAFLOW,OECD.CFE.EDS:DSD_FUA_DEMO@DF_AGE_SEX(1.2),Population by age and sex - Cities and FUAs,I,KOR14C,Jeju,A,Annual,POP,Population,PS,Persons,_T,Total,_T,Total,_Z,Not applicable,CITY,City,_Z,Not applicable,2021,,493096,,A,Normal value,0,Units,0,Zero
DATAFLOW,OECD.CFE.EDS:DSD_FUA_DEMO@DF_AGE_SEX(1.2),Population by age and sex - Cities and FUAs,I,KOR15C,Jinju,A,Annual,POP,Population,PS,Persons,_T,Total,_T,Total,_Z,Not applicable,CITY,City,_Z,Not applicable,2021,,347097,,A,Normal value,0,Units,0,Zero
DATAFLOW,OECD.CFE.EDS:DSD_FUA_DEMO@DF_AGE_SEX(1.2),Population by age and sex - Cities and FUAs,I,KOR16C,Wonju,A,Annual,POP,Population,PS,Persons,_T,Total,_T,Total,_Z,Not applicable,CITY,City,_Z,Not applicable,2021,,357757,,A,Normal value,0,Units,0,Zero
DATAFLOW,OECD.CFE.EDS:DSD_FUA_DEMO@DF_AGE_SEX(1.2),Population by age and sex - Cities and FUAs,I,KOR17C,Iksan,A,Annual,POP,Population,PS,Persons,_T,Total,_T,Total,_Z,Not applicable,CITY,City,_Z,Not applicable,2021,,278113,,A,Normal value,0,Units,0,Zero
DATAFLOW,OECD.CFE.EDS:DSD_FUA_DEMO@DF_AGE_SEX(1.2),Population by age and sex - Cities and FUAs,I,KOR18C,Chuncheon,A,Annual,POP,Population,PS,Persons,_T,Total,_T,Total,_Z,Not applicable,CITY,City,_Z,Not applicable,2021,,284594,,A,Normal value,0,Units,0,Zero
DATAFLOW,OECD.CFE.EDS:DSD_FUA_DEMO@DF_AGE_SEX(1.2),Population by age and sex - Cities and FUAs,I,KOR19C,Gunsan,A,Annual,POP,Population,PS,Persons,_T,Total,_T,Total,_Z,Not applicable,CITY,City,_Z,Not applicable,2021,,265304,,A,Normal value,0,Units,0,Zero
DATAFLOW,OECD.CFE.EDS:DSD_FUA_DEMO@DF_AGE_SEX(1.2),Population by age and sex - Cities and FUAs,I,KOR20C,Suncheon,A,Annual,POP,Population,PS,Persons,_T,Total,_T,Total,_Z,Not applicable,CITY,City,_Z,Not applicable,2021,,281436,,A,Normal value,0,Units,0,Zero
DATAFLOW,OECD.CFE.EDS:DSD_FUA_DEMO@DF_AGE_SEX(1.2),Population by age and sex - Cities and FUAs,I,KOR21C,Gangneung,A,Annual,POP,Population,PS,Persons,_T,Total,_T,Total,_Z,Not applicable,CITY,City,_Z,Not applicable,2021,,212965,,A,Normal value,0,Units,0,Zero
DATAFLOW,OECD.CFE.EDS:DSD_FUA_DEMO@DF_AGE_SEX(1.2),Population by age and sex - Cities and FUAs,I,KOR22C,Naju,A,Annual,POP,Population,PS,Persons,_T,Total,_T,Total,_Z,Not applicable,CITY,City,_Z,Not applicable,2021,,116726,,A,Normal value,0,Units,0,Zero
DATAFLOW,OECD.CFE.EDS:DSD_FUA_DEMO@DF_AGE_SEX(1.2),Population by age and sex - Cities and FUAs,I,LT001C,Vilnius,A,Annual,POP,Population,PS,Persons,_T,Total,_T,Total,_Z,Not applicable,CITY,City,_Z,Not applicable,2021,,556490,,A,Normal value,0,Units,0,Zero
DATAFLOW,OECD.CFE.EDS:DSD_FUA_DEMO@DF_AGE_SEX(1.2),Population by age and sex - Cities and FUAs,I,LT002C,Kaunas,A,Annual,POP,Population,PS,Persons,_T,Total,_T,Total,_Z,Not applicable,CITY,City,_Z,Not applicable,2021,,298753,,A,Normal value,0,Units,0,Zero
DATAFLOW,OECD.CFE.EDS:DSD_FUA_DEMO@DF_AGE_SEX(1.2),Population by age and sex - Cities and FUAs,I,LT003C,Panevėžys,A,Annual,POP,Population,PS,Persons,_T,Total,_T,Total,_Z,Not applicable,CITY,City,_Z,Not applicable,2021,,89100,,A,Normal value,0,Units,0,Zero
DATAFLOW,OECD.CFE.EDS:DSD_FUA_DEMO@DF_AGE_SEX(1.2),Population by age and sex - Cities and FUAs,I,LT004C,Alytus,A,Annual,POP,Population,PS,Persons,_T,Total,_T,Total,_Z,Not applicable,CITY,City,_Z,Not applicable,2021,,52727,,A,Normal value,0,Units,0,Zero
DATAFLOW,OECD.CFE.EDS:DSD_FUA_DEMO@DF_AGE_SEX(1.2),Population by age and sex - Cities and FUAs,I,LT005C,Klaipėda,A,Annual,POP,Population,PS,Persons,_T,Total,_T,Total,_Z,Not applicable,CITY,City,_Z,Not applicable,2021,,152008,,A,Normal value,0,Units,0,Zero
DATAFLOW,OECD.CFE.EDS:DSD_FUA_DEMO@DF_AGE_SEX(1.2),Population by age and sex - Cities and FUAs,I,LT006C,Šiauliai,A,Annual,POP,Population,PS,Persons,_T,Total,_T,Total,_Z,Not applicable,CITY,City,_Z,Not applicable,2021,,100653,,A,Normal value,0,Units,0,Zero
DATAFLOW,OECD.CFE.EDS:DSD_FUA_DEMO@DF_AGE_SEX(1.2),Population by age and sex - Cities and FUAs,I,LU001C,Luxembourg,A,Annual,POP,Population,PS,Persons,_T,Total,_T,Total,_Z,Not applicable,CITY,City,_Z,Not applicable,2021,,165903,,A,Normal value,0,Units,0,Zero
DATAFLOW,OECD.CFE.EDS:DSD_FUA_DEMO@DF_AGE_SEX(1.2),Population by age and sex - Cities and FUAs,I,LV001C,Riga,A,Annual,POP,Population,PS,Persons,_T,Total,_T,Total,_Z,Not applicable,CITY,City,_Z,Not applicable,2021,,614618,,A,Normal value,0,Units,0,Zero
DATAFLOW,OECD.CFE.EDS:DSD_FUA_DEMO@DF_AGE_SEX(1.2),Population by age and sex - Cities and FUAs,I,LV002C,Liepāja,A,Annual,POP,Population,PS,Persons,_T,Total,_T,Total,_Z,Not applicable,CITY,City,_Z,Not applicable,2021,,67964,,A,Normal value,0,Units,0,Zero
DATAFLOW,OECD.CFE.EDS:DSD_FUA_DEMO@DF_AGE_SEX(1.2),Population by age and sex - Cities and FUAs,I,LV004C,Daugavpils,A,Annual,POP,Population,PS,Persons,_T,Total,_T,Total,_Z,Not applicable,CITY,City,_Z,Not applicable,2021,,80627,,A,Normal value,0,Units,0,Zero
DATAFLOW,OECD.CFE.EDS:DSD_FUA_DEMO@DF_AGE_SEX(1.2),Population by age and sex - Cities and FUAs,I,NL001C,Amsterdam,A,Annual,POP,Population,PS,Persons,_T,Total,_T,Total,_Z,Not applicable,CITY,City,_Z,Not applicable,2021,,1037200,,A,Normal value,0,Units,0,Zero
DATAFLOW,OECD.CFE.EDS:DSD_FUA_DEMO@DF_AGE_SEX(1.2),Population by age and sex - Cities and FUAs,I,NL004C,Almere,A,Annual,POP,Population,PS,Persons,_T,Total,_T,Total,_Z,Not applicable,CITY,City,_Z,Not applicable,2021,,214715,,A,Normal value,0,Units,0,Zero
DATAFLOW,OECD.CFE.EDS:DSD_FUA_DEMO@DF_AGE_SEX(1.2),Population by age and sex - Cities and FUAs,I,NL019C,Haarlem,A,Annual,POP,Population,PS,Persons,_T,Total,_T,Total,_Z,Not applicable,CITY,City,_Z,Not applicable,2021,,213566,,A,Normal value,0,Units,0,Zero
DATAFLOW,OECD.CFE.EDS:DSD_FUA_DEMO@DF_AGE_SEX(1.2),Population by age and sex - Cities and FUAs,I,NL020C,Haarlemmermeer,A,Annual,POP,Population,PS,Persons,_T,Total,_T,Total,_Z,Not applicable,CITY,City,_Z,Not applicable,2021,,157789,,A,Normal value,0,Units,0,Zero
DATAFLOW,OECD.CFE.EDS:DSD_FUA_DEMO@DF_AGE_SEX(1.2),Population by age and sex - Cities and FUAs,I,NL021C,Heemskerk,A,Annual,POP,Population,PS,Persons,_T,Total,_T,Total,_Z,Not applicable,CITY,City,_Z,Not applicable,2021,,94686,,A,Normal value,0,Units,0,Zero
DATAFLOW,OECD.CFE.EDS:DSD_FUA_DEMO@DF_AGE_SEX(1.2),Population by age and sex - Cities and FUAs,I,NL026C,Hilversum,A,Annual,POP,Population,PS,Persons,_T,Total,_T,Total,_Z,Not applicable,CITY,City,_Z,Not applicable,2021,,90323,,A,Normal value,0,Units,0,Zero
DATAFLOW,OECD.CFE.EDS:DSD_FUA_DEMO@DF_AGE_SEX(1.2),Population by age and sex - Cities and FUAs,I,NL027C,Hoorn,A,Annual,POP,Population,PS,Persons,_T,Total,_T,Total,_Z,Not applicable,CITY,City,_Z,Not applicable,2021,,73619,,A,Normal value,0,Units,0,Zero
DATAFLOW,OECD.CFE.EDS:DSD_FUA_DEMO@DF_AGE_SEX(1.2),Population by age and sex - Cities and FUAs,I,NL036C,Purmerend,A,Annual,POP,Population,PS,Persons,_T,Total,_T,Total,_Z,Not applicable,CITY,City,_Z,Not applicable,2021,,91793,,A,Normal value,0,Units,0,Zero
DATAFLOW,OECD.CFE.EDS:DSD_FUA_DEMO@DF_AGE_SEX(1.2),Population by age and sex - Cities and FUAs,I,NL045C,Zaanstad,A,Annual,POP,Population,PS,Persons,_T,Total,_T,Total,_Z,Not applicable,CITY,City,_Z,Not applicable,2021,,173234,,A,Normal value,0,Units,0,Zero
DATAFLOW,OECD.CFE.EDS:DSD_FUA_DEMO@DF_AGE_SEX(1.2),Population by age and sex - Cities and FUAs,I,NL002C,Alkmaar,A,Annual,POP,Population,PS,Persons,_T,Total,_T,Total,_Z,Not applicable,CITY,City,_Z,Not applicable,2021,,196618,,A,Normal value,0,Units,0,Zero
DATAFLOW,OECD.CFE.EDS:DSD_FUA_DEMO@DF_AGE_SEX(1.2),Population by age and sex - Cities and FUAs,I,NL003C,Almelo,A,Annual,POP,Population,PS,Persons,_T,Total,_T,Total,_Z,Not applicable,CITY,City,_Z,Not applicable,2021,,73132,,A,Normal value,0,Units,0,Zero
DATAFLOW,OECD.CFE.EDS:DSD_FUA_DEMO@DF_AGE_SEX(1.2),Population by age and sex - Cities and FUAs,I,NL005C,Alphen aan den Rijn,A,Annual,POP,Population,PS,Persons,_T,Total,_T,Total,_Z,Not applicable,CITY,City,_Z,Not applicable,2021,,112587,,A,Normal value,0,Units,0,Zero
DATAFLOW,OECD.CFE.EDS:DSD_FUA_DEMO@DF_AGE_SEX(1.2),Population by age and sex - Cities and FUAs,I,NL006C,Amersfoort,A,Annual,POP,Population,PS,Persons,_T,Total,_T,Total,_Z,Not applicable,CITY,City,_Z,Not applicable,2021,,157462,,A,Normal value,0,Units,0,Zero
DATAFLOW,OECD.CFE.EDS:DSD_FUA_DEMO@DF_AGE_SEX(1.2),Population by age and sex - Cities and FUAs,I,NL007C,Apeldoorn,A,Annual,POP,Population,PS,Persons,_T,Total,_T,Total,_Z,Not applicable,CITY,City,_Z,Not applicable,2021,,164781,,A,Normal value,0,Units,0,Zero
DATAFLOW,OECD.CFE.EDS:DSD_FUA_DEMO@DF_AGE_SEX(1.2),Population by age and sex - Cities and FUAs,I,NL008C,Arnhem,A,Annual,POP,Population,PS,Persons,_T,Total,_T,Total,_Z,Not applicable,CITY,City,_Z,Not applicable,2021,,162424,,A,Normal value,0,Units,0,Zero
DATAFLOW,OECD.CFE.EDS:DSD_FUA_DEMO@DF_AGE_SEX(1.2),Population by age and sex - Cities and FUAs,I,NL010C,Bergen op Zoom,A,Annual,POP,Population,PS,Persons,_T,Total,_T,Total,_Z,Not applicable,CITY,City,_Z,Not applicable,2021,,67514,,A,Normal value,0,Units,0,Zero
DATAFLOW,OECD.CFE.EDS:DSD_FUA_DEMO@DF_AGE_SEX(1.2),Population by age and sex - Cities and FUAs,I,NL011C,Breda,A,Annual,POP,Population,PS,Persons,_T,Total,_T,Total,_Z,Not applicable,CITY,City,_Z,Not applicable,2021,,184126,,A,Normal value,0,Units,0,Zero
DATAFLOW,OECD.CFE.EDS:DSD_FUA_DEMO@DF_AGE_SEX(1.2),Population by age and sex - Cities and FUAs,I,NL012C,Deventer,A,Annual,POP,Population,PS,Persons,_T,Total,_T,Total,_Z,Not applicable,CITY,City,_Z,Not applicable,2021,,101236,,A,Normal value,0,Units,0,Zero
DATAFLOW,OECD.CFE.EDS:DSD_FUA_DEMO@DF_AGE_SEX(1.2),Population by age and sex - Cities and FUAs,I,NL013C,Ede,A,Annual,POP,Population,PS,Persons,_T,Total,_T,Total,_Z,Not applicable,CITY,City,_Z,Not applicable,2021,,118530,,A,Normal value,0,Units,0,Zero
DATAFLOW,OECD.CFE.EDS:DSD_FUA_DEMO@DF_AGE_SEX(1.2),Population by age and sex - Cities and FUAs,I,NL014C,Eindhoven,A,Annual,POP,Population,PS,Persons,_T,Total,_T,Total,_Z,Not applicable,CITY,City,_Z,Not applicable,2021,,281191,,A,Normal value,0,Units,0,Zero
DATAFLOW,OECD.CFE.EDS:DSD_FUA_DEMO@DF_AGE_SEX(1.2),Population by age and sex - Cities and FUAs,I,NL023C,Helmond,A,Annual,POP,Population,PS,Persons,_T,Total,_T,Total,_Z,Not applicable,CITY,City,_Z,Not applicable,2021,,92627,,A,Normal value,0,Units,0,Zero
DATAFLOW,OECD.CFE.EDS:DSD_FUA_DEMO@DF_AGE_SEX(1.2),Population by age and sex - Cities and FUAs,I,NL015C,Enschede,A,Annual,POP,Population,PS,Persons,_T,Total,_T,Total,_Z,Not applicable,CITY,City,_Z,Not applicable,2021,,159732,,A,Normal value,0,Units,0,Zero
DATAFLOW,OECD.CFE.EDS:DSD_FUA_DEMO@DF_AGE_SEX(1.2),Population by age and sex - Cities and FUAs,I,NL024C,Hengelo,A,Annual,POP,Population,PS,Persons,_T,Total,_T,Total,_Z,Not applicable,CITY,City,_Z,Not applicable,2021,,81049,,A,Normal value,0,Units,0,Zero
DATAFLOW,OECD.CFE.EDS:DSD_FUA_DEMO@DF_AGE_SEX(1.2),Population by age and sex - Cities and FUAs,I,NL016C,Gouda,A,Annual,POP,Population,PS,Persons,_T,Total,_T,Total,_Z,Not applicable,CITY,City,_Z,Not applicable,2021,,73681,,A,Normal value,0,Units,0,Zero
DATAFLOW,OECD.CFE.EDS:DSD_FUA_DEMO@DF_AGE_SEX(1.2),Population by age and sex - Cities and FUAs,I,NL017C,'s-Gravenhage,A,Annual,POP,Population,PS,Persons,_T,Total,_T,Total,_Z,Not applicable,CITY,City,_Z,Not applicable,2021,,802968,,A,Normal value,0,Units,0,Zero
DATAFLOW,OECD.CFE.EDS:DSD_FUA_DEMO@DF_AGE_SEX(1.2),Population by age and sex - Cities and FUAs,I,NL046C,Zoetermeer,A,Annual,POP,Population,PS,Persons,_T,Total,_T,Total,_Z,Not applicable,CITY,City,_Z,Not applicable,2021,,125267,,A,Normal value,0,Units,0,Zero
DATAFLOW,OECD.CFE.EDS:DSD_FUA_DEMO@DF_AGE_SEX(1.2),Population by age and sex - Cities and FUAs,I,NL009C,Assen,A,Annual,POP,Population,PS,Persons,_T,Total,_T,Total,_Z,Not applicable,CITY,City,_Z,Not applicable,2021,,68836,,A,Normal value,0,Units,0,Zero
DATAFLOW,OECD.CFE.EDS:DSD_FUA_DEMO@DF_AGE_SEX(1.2),Population by age and sex - Cities and FUAs,I,NL018C,Groningen,A,Annual,POP,Population,PS,Persons,_T,Total,_T,Total,_Z,Not applicable,CITY,City,_Z,Not applicable,2021,,233273,,A,Normal value,0,Units,0,Zero
DATAFLOW,OECD.CFE.EDS:DSD_FUA_DEMO@DF_AGE_SEX(1.2),Population by age and sex - Cities and FUAs,I,NL022C,Heerlen,A,Annual,POP,Population,PS,Persons,_T,Total,_T,Total,_Z,Not applicable,CITY,City,_Z,Not applicable,2021,,151868,,A,Normal value,0,Units,0,Zero
DATAFLOW,OECD.CFE.EDS:DSD_FUA_DEMO@DF_AGE_SEX(1.2),Population by age and sex - Cities and FUAs,I,NL025C,'s-Hertogenbosch,A,Annual,POP,Population,PS,Persons,_T,Total,_T,Total,_Z,Not applicable,CITY,City,_Z,Not applicable,2021,,155490,,A,Normal value,0,Units,0,Zero
DATAFLOW,OECD.CFE.EDS:DSD_FUA_DEMO@DF_AGE_SEX(1.2),Population by age and sex - Cities and FUAs,I,NL028C,Leeuwarden,A,Annual,POP,Population,PS,Persons,_T,Total,_T,Total,_Z,Not applicable,CITY,City,_Z,Not applicable,2021,,124481,,A,Normal value,0,Units,0,Zero
DATAFLOW,OECD.CFE.EDS:DSD_FUA_DEMO@DF_AGE_SEX(1.2),Population by age and sex - Cities and FUAs,I,NL029C,Leiden,A,Annual,POP,Population,PS,Persons,_T,Total,_T,Total,_Z,Not applicable,CITY,City,_Z,Not applicable,2021,,268179,,A,Normal value,0,Units,0,Zero
DATAFLOW,OECD.CFE.EDS:DSD_FUA_DEMO@DF_AGE_SEX(1.2),Population by age and sex - Cities and FUAs,I,NL030C,Lelystad,A,Annual,POP,Population,PS,Persons,_T,Total,_T,Total,_Z,Not applicable,CITY,City,_Z,Not applicable,2021,,79811,,A,Normal value,0,Units,0,Zero
DATAFLOW,OECD.CFE.EDS:DSD_FUA_DEMO@DF_AGE_SEX(1.2),Population by age and sex - Cities and FUAs,I,NL031C,Maastricht,A,Annual,POP,Population,PS,Persons,_T,Total,_T,Total,_Z,Not applicable,CITY,City,_Z,Not applicable,2021,,120227,,A,Normal value,0,Units,0,Zero
DATAFLOW,OECD.CFE.EDS:DSD_FUA_DEMO@DF_AGE_SEX(1.2),Population by age and sex - Cities and FUAs,I,NL033C,Nijmegen,A,Annual,POP,Population,PS,Persons,_T,Total,_T,Total,_Z,Not applicable,CITY,City,_Z,Not applicable,2021,,177359,,A,Normal value,0,Units,0,Zero
DATAFLOW,OECD.CFE.EDS:DSD_FUA_DEMO@DF_AGE_SEX(1.2),Population by age and sex - Cities and FUAs,I,NL035C,Oss,A,Annual,POP,Population,PS,Persons,_T,Total,_T,Total,_Z,Not applicable,CITY,City,_Z,Not applicable,2021,,92526,,A,Normal value,0,Units,0,Zero
DATAFLOW,OECD.CFE.EDS:DSD_FUA_DEMO@DF_AGE_SEX(1.2),Population by age and sex - Cities and FUAs,I,NL034C,Nissewaard,A,Annual,POP,Population,PS,Persons,_T,Total,_T,Total,_Z,Not applicable,CITY,City,_Z,Not applicable,2021,,111254,,A,Normal value,0,Units,0,Zero
DATAFLOW,OECD.CFE.EDS:DSD_FUA_DEMO@DF_AGE_SEX(1.2),Population by age and sex - Cities and FUAs,I,NL037C,Rotterdam,A,Annual,POP,Population,PS,Persons,_T,Total,_T,Total,_Z,Not applicable,CITY,City,_Z,Not applicable,2021,,1269929,,A,Normal value,0,Units,0,Zero
DATAFLOW,OECD.CFE.EDS:DSD_FUA_DEMO@DF_AGE_SEX(1.2),Population by age and sex - Cities and FUAs,I,NL038C,Roosendaal,A,Annual,POP,Population,PS,Persons,_T,Total,_T,Total,_Z,Not applicable,CITY,City,_Z,Not applicable,2021,,77200,,A,Normal value,0,Units,0,Zero
DATAFLOW,OECD.CFE.EDS:DSD_FUA_DEMO@DF_AGE_SEX(1.2),Population by age and sex - Cities and FUAs,I,NL039C,Sittard-Geleen,A,Annual,POP,Population,PS,Persons,_T,Total,_T,Total,_Z,Not applicable,CITY,City,_Z,Not applicable,2021,,107618,,A,Normal value,0,Units,0,Zero
DATAFLOW,OECD.CFE.EDS:DSD_FUA_DEMO@DF_AGE_SEX(1.2),Population by age and sex - Cities and FUAs,I,NL040C,Soest,A,Annual,POP,Population,PS,Persons,_T,Total,_T,Total,_Z,Not applicable,CITY,City,_Z,Not applicable,2021,,71698,,A,Normal value,0,Units,0,Zero
DATAFLOW,OECD.CFE.EDS:DSD_FUA_DEMO@DF_AGE_SEX(1.2),Population by age and sex - Cities and FUAs,I,NL041C,Tilburg,A,Annual,POP,Population,PS,Persons,_T,Total,_T,Total,_Z,Not applicable,CITY,City,_Z,Not applicable,2021,,245899,,A,Normal value,0,Units,0,Zero
DATAFLOW,OECD.CFE.EDS:DSD_FUA_DEMO@DF_AGE_SEX(1.2),Population by age and sex - Cities and FUAs,I,NL042C,Utrecht,A,Annual,POP,Population,PS,Persons,_T,Total,_T,Total,_Z,Not applicable,CITY,City,_Z,Not applicable,2021,,457055,,A,Normal value,0,Units,0,Zero
DATAFLOW,OECD.CFE.EDS:DSD_FUA_DEMO@DF_AGE_SEX(1.2),Population by age and sex - Cities and FUAs,I,NL043C,Veenendaal,A,Annual,POP,Population,PS,Persons,_T,Total,_T,Total,_Z,Not applicable,CITY,City,_Z,Not applicable,2021,,66912,,A,Normal value,0,Units,0,Zero
DATAFLOW,OECD.CFE.EDS:DSD_FUA_DEMO@DF_AGE_SEX(1.2),Population by age and sex - Cities and FUAs,I,NL044C,Venlo,A,Annual,POP,Population,PS,Persons,_T,Total,_T,Total,_Z,Not applicable,CITY,City,_Z,Not applicable,2021,,101988,,A,Normal value,0,Units,0,Zero
DATAFLOW,OECD.CFE.EDS:DSD_FUA_DEMO@DF_AGE_SEX(1.2),Population by age and sex - Cities and FUAs,I,NL047C,Zwolle,A,Annual,POP,Population,PS,Persons,_T,Total,_T,Total,_Z,Not applicable,CITY,City,_Z,Not applicable,2021,,129840,,A,Normal value,0,Units,0,Zero
DATAFLOW,OECD.CFE.EDS:DSD_FUA_DEMO@DF_AGE_SEX(1.2),Population by age and sex - Cities and FUAs,I,NO001C,Oslo,A,Annual,POP,Population,PS,Persons,_T,Total,_T,Total,_Z,Not applicable,CITY,City,_Z,Not applicable,2021,,807703,,A,Normal value,0,Units,0,Zero
DATAFLOW,OECD.CFE.EDS:DSD_FUA_DEMO@DF_AGE_SEX(1.2),Population by age and sex - Cities and FUAs,I,NO002C,Bergen,A,Annual,POP,Population,PS,Persons,_T,Total,_T,Total,_Z,Not applicable,CITY,City,_Z,Not applicable,2021,,285601,,A,Normal value,0,Units,0,Zero
DATAFLOW,OECD.CFE.EDS:DSD_FUA_DEMO@DF_AGE_SEX(1.2),Population by age and sex - Cities and FUAs,I,NO003C,Trondheim,A,Annual,POP,Population,PS,Persons,_T,Total,_T,Total,_Z,Not applicable,CITY,City,_Z,Not applicable,2021,,206484,,A,Normal value,0,Units,0,Zero
DATAFLOW,OECD.CFE.EDS:DSD_FUA_DEMO@DF_AGE_SEX(1.2),Population by age and sex - Cities and FUAs,I,NO004C,Stavanger,A,Annual,POP,Population,PS,Persons,_T,Total,_T,Total,_Z,Not applicable,CITY,City,_Z,Not applicable,2021,,198519,,A,Normal value,0,Units,0,Zero
DATAFLOW,OECD.CFE.EDS:DSD_FUA_DEMO@DF_AGE_SEX(1.2),Population by age and sex - Cities and FUAs,I,NZL01C,Auckland,A,Annual,POP,Population,PS,Persons,_T,Total,_T,Total,_Z,Not applicable,CITY,City,_Z,Not applicable,2021,,1449770,,A,Normal value,0,Units,0,Zero
DATAFLOW,OECD.CFE.EDS:DSD_FUA_DEMO@DF_AGE_SEX(1.2),Population by age and sex - Cities and FUAs,I,NZL54C,Orewa,A,Annual,POP,Population,PS,Persons,_T,Total,_T,Total,_Z,Not applicable,CITY,City,_Z,Not applicable,2021,,60810,,A,Normal value,0,Units,0,Zero
DATAFLOW,OECD.CFE.EDS:DSD_FUA_DEMO@DF_AGE_SEX(1.2),Population by age and sex - Cities and FUAs,I,NZL55C,Pukekohe,A,Annual,POP,Population,PS,Persons,_T,Total,_T,Total,_Z,Not applicable,CITY,City,_Z,Not applicable,2021,,27450,,A,Normal value,0,Units,0,Zero
DATAFLOW,OECD.CFE.EDS:DSD_FUA_DEMO@DF_AGE_SEX(1.2),Population by age and sex - Cities and FUAs,I,NZL02C,Christchurch,A,Annual,POP,Population,PS,Persons,_T,Total,_T,Total,_Z,Not applicable,CITY,City,_Z,Not applicable,2021,,384980,,A,Normal value,0,Units,0,Zero
DATAFLOW,OECD.CFE.EDS:DSD_FUA_DEMO@DF_AGE_SEX(1.2),Population by age and sex - Cities and FUAs,I,NZL56C,Rangiora,A,Annual,POP,Population,PS,Persons,_T,Total,_T,Total,_Z,Not applicable,CITY,City,_Z,Not applicable,2021,,19240,,A,Normal value,0,Units,0,Zero
DATAFLOW,OECD.CFE.EDS:DSD_FUA_DEMO@DF_AGE_SEX(1.2),Population by age and sex - Cities and FUAs,I,NZL57C,Kaiapoi,A,Annual,POP,Population,PS,Persons,_T,Total,_T,Total,_Z,Not applicable,CITY,City,_Z,Not applicable,2021,,12910,,A,Normal value,0,Units,0,Zero
DATAFLOW,OECD.CFE.EDS:DSD_FUA_DEMO@DF_AGE_SEX(1.2),Population by age and sex - Cities and FUAs,I,NZL58C,Rolleston,A,Annual,POP,Population,PS,Persons,_T,Total,_T,Total,_Z,Not applicable,CITY,City,_Z,Not applicable,2021,,24990,,A,Normal value,0,Units,0,Zero
DATAFLOW,OECD.CFE.EDS:DSD_FUA_DEMO@DF_AGE_SEX(1.2),Population by age and sex - Cities and FUAs,I,NZL03C,Wellington,A,Annual,POP,Population,PS,Persons,_T,Total,_T,Total,_Z,Not applicable,CITY,City,_Z,Not applicable,2021,,424070,,A,Normal value,0,Units,0,Zero
DATAFLOW,OECD.CFE.EDS:DSD_FUA_DEMO@DF_AGE_SEX(1.2),Population by age and sex - Cities and FUAs,I,NZL04C,Hamilton,A,Annual,POP,Population,PS,Persons,_T,Total,_T,Total,_Z,Not applicable,CITY,City,_Z,Not applicable,2021,,177030,,A,Normal value,0,Units,0,Zero
DATAFLOW,OECD.CFE.EDS:DSD_FUA_DEMO@DF_AGE_SEX(1.2),Population by age and sex - Cities and FUAs,I,NZL05C,Tauranga,A,Annual,POP,Population,PS,Persons,_T,Total,_T,Total,_Z,Not applicable,CITY,City,_Z,Not applicable,2021,,154040,,A,Normal value,0,Units,0,Zero
DATAFLOW,OECD.CFE.EDS:DSD_FUA_DEMO@DF_AGE_SEX(1.2),Population by age and sex - Cities and FUAs,I,NZL06C,Dunedin,A,Annual,POP,Population,PS,Persons,_T,Total,_T,Total,_Z,Not applicable,CITY,City,_Z,Not applicable,2021,,104090,,A,Normal value,0,Units,0,Zero
DATAFLOW,OECD.CFE.EDS:DSD_FUA_DEMO@DF_AGE_SEX(1.2),Population by age and sex - Cities and FUAs,I,NZL59C,Mosgiel,A,Annual,POP,Population,PS,Persons,_T,Total,_T,Total,_Z,Not applicable,CITY,City,_Z,Not applicable,2021,,14610,,A,Normal value,0,Units,0,Zero
DATAFLOW,OECD.CFE.EDS:DSD_FUA_DEMO@DF_AGE_SEX(1.2),Population by age and sex - Cities and FUAs,I,NZL07C,Palmerston North,A,Annual,POP,Population,PS,Persons,_T,Total,_T,Total,_Z,Not applicable,CITY,City,_Z,Not applicable,2021,,80590,,A,Normal value,0,Units,0,Zero
DATAFLOW,OECD.CFE.EDS:DSD_FUA_DEMO@DF_AGE_SEX(1.2),Population by age and sex - Cities and FUAs,I,NZL08C,New Plymouth,A,Annual,POP,Population,PS,Persons,_T,Total,_T,Total,_Z,Not applicable,CITY,City,_Z,Not applicable,2021,,58700,,A,Normal value,0,Units,0,Zero
DATAFLOW,OECD.CFE.EDS:DSD_FUA_DEMO@DF_AGE_SEX(1.2),Population by age and sex - Cities and FUAs,I,NZL09C,Nelson,A,Annual,POP,Population,PS,Persons,_T,Total,_T,Total,_Z,Not applicable,CITY,City,_Z,Not applicable,2021,,68630,,A,Normal value,0,Units,0,Zero
DATAFLOW,OECD.CFE.EDS:DSD_FUA_DEMO@DF_AGE_SEX(1.2),Population by age and sex - Cities and FUAs,I,NZL10C,Whangārei,A,Annual,POP,Population,PS,Persons,_T,Total,_T,Total,_Z,Not applicable,CITY,City,_Z,Not applicable,2021,,55070,,A,Normal value,0,Units,0,Zero
DATAFLOW,OECD.CFE.EDS:DSD_FUA_DEMO@DF_AGE_SEX(1.2),Population by age and sex - Cities and FUAs,I,NZL11C,Hastings,A,Annual,POP,Population,PS,Persons,_T,Total,_T,Total,_Z,Not applicable,CITY,City,_Z,Not applicable,2021,,48850,,A,Normal value,0,Units,0,Zero
DATAFLOW,OECD.CFE.EDS:DSD_FUA_DEMO@DF_AGE_SEX(1.2),Population by age and sex - Cities and FUAs,I,NZL60C,Havelock North,A,Annual,POP,Population,PS,Persons,_T,Total,_T,Total,_Z,Not applicable,CITY,City,_Z,Not applicable,2021,,15400,,A,Normal value,0,Units,0,Zero
DATAFLOW,OECD.CFE.EDS:DSD_FUA_DEMO@DF_AGE_SEX(1.2),Population by age and sex - Cities and FUAs,I,NZL12C,Rotorua,A,Annual,POP,Population,PS,Persons,_T,Total,_T,Total,_Z,Not applicable,CITY,City,_Z,Not applicable,2021,,57360,,A,Normal value,0,Units,0,Zero
DATAFLOW,OECD.CFE.EDS:DSD_FUA_DEMO@DF_AGE_SEX(1.2),Population by age and sex - Cities and FUAs,I,NZL13C,Napier,A,Annual,POP,Population,PS,Persons,_T,Total,_T,Total,_Z,Not applicable,CITY,City,_Z,Not applicable,2021,,65980,,A,Normal value,0,Units,0,Zero
DATAFLOW,OECD.CFE.EDS:DSD_FUA_DEMO@DF_AGE_SEX(1.2),Population by age and sex - Cities and FUAs,I,NZL14C,Invercargill,A,Annual,POP,Population,PS,Persons,_T,Total,_T,Total,_Z,Not applicable,CITY,City,_Z,Not applicable,2021,,49670,,A,Normal value,0,Units,0,Zero
DATAFLOW,OECD.CFE.EDS:DSD_FUA_DEMO@DF_AGE_SEX(1.2),Population by age and sex - Cities and FUAs,I,PL001C,Warszawa,A,Annual,POP,Population,PS,Persons,_T,Total,_T,Total,_Z,Not applicable,CITY,City,_Z,Not applicable,2021,,1863056,,A,Normal value,0,Units,0,Zero
DATAFLOW,OECD.CFE.EDS:DSD_FUA_DEMO@DF_AGE_SEX(1.2),Population by age and sex - Cities and FUAs,I,PL002C,Łódź,A,Annual,POP,Population,PS,Persons,_T,Total,_T,Total,_Z,Not applicable,CITY,City,_Z,Not applicable,2021,,664860,,A,Normal value,0,Units,0,Zero
DATAFLOW,OECD.CFE.EDS:DSD_FUA_DEMO@DF_AGE_SEX(1.2),Population by age and sex - Cities and FUAs,I,PL043C,Pabianice,A,Annual,POP,Population,PS,Persons,_T,Total,_T,Total,_Z,Not applicable,CITY,City,_Z,Not applicable,2021,,62238,,A,Normal value,0,Units,0,Zero
DATAFLOW,OECD.CFE.EDS:DSD_FUA_DEMO@DF_AGE_SEX(1.2),Population by age and sex - Cities and FUAs,I,PL003C,Kraków,A,Annual,POP,Population,PS,Persons,_T,Total,_T,Total,_Z,Not applicable,CITY,City,_Z,Not applicable,2021,,802583,,A,Normal value,0,Units,0,Zero
DATAFLOW,OECD.CFE.EDS:DSD_FUA_DEMO@DF_AGE_SEX(1.2),Population by age and sex - Cities and FUAs,I,PL004C,Wrocław,A,Annual,POP,Population,PS,Persons,_T,Total,_T,Total,_Z,Not applicable,CITY,City,_Z,Not applicable,2021,,674312,,A,Normal value,0,Units,0,Zero
DATAFLOW,OECD.CFE.EDS:DSD_FUA_DEMO@DF_AGE_SEX(1.2),Population by age and sex - Cities and FUAs,I,PL005C,Poznań,A,Annual,POP,Population,PS,Persons,_T,Total,_T,Total,_Z,Not applicable,CITY,City,_Z,Not applicable,2021,,545073,,A,Normal value,0,Units,0,Zero
DATAFLOW,OECD.CFE.EDS:DSD_FUA_DEMO@DF_AGE_SEX(1.2),Population by age and sex - Cities and FUAs,I,PL006C,Gdańsk,A,Annual,POP,Population,PS,Persons,_T,Total,_T,Total,_Z,Not applicable,CITY,City,_Z,Not applicable,2021,,486271,,A,Normal value,0,Units,0,Zero
DATAFLOW,OECD.CFE.EDS:DSD_FUA_DEMO@DF_AGE_SEX(1.2),Population by age and sex - Cities and FUAs,I,PL007C,Szczecin,A,Annual,POP,Population,PS,Persons,_T,Total,_T,Total,_Z,Not applicable,CITY,City,_Z,Not applicable,2021,,394482,,A,Normal value,0,Units,0,Zero
DATAFLOW,OECD.CFE.EDS:DSD_FUA_DEMO@DF_AGE_SEX(1.2),Population by age and sex - Cities and FUAs,I,PL008C,Bydgoszcz,A,Annual,POP,Population,PS,Persons,_T,Total,_T,Total,_Z,Not applicable,CITY,City,_Z,Not applicable,2021,,334026,,A,Normal value,0,Units,0,Zero
DATAFLOW,OECD.CFE.EDS:DSD_FUA_DEMO@DF_AGE_SEX(1.2),Population by age and sex - Cities and FUAs,I,PL009C,Lublin,A,Annual,POP,Population,PS,Persons,_T,Total,_T,Total,_Z,Not applicable,CITY,City,_Z,Not applicable,2021,,332852,,A,Normal value,0,Units,0,Zero
DATAFLOW,OECD.CFE.EDS:DSD_FUA_DEMO@DF_AGE_SEX(1.2),Population by age and sex - Cities and FUAs,I,PL010C,Katowice,A,Annual,POP,Population,PS,Persons,_T,Total,_T,Total,_Z,Not applicable,CITY,City,_Z,Not applicable,2021,,282755,,A,Normal value,0,Units,0,Zero
DATAFLOW,OECD.CFE.EDS:DSD_FUA_DEMO@DF_AGE_SEX(1.2),Population by age and sex - Cities and FUAs,I,PL054C,Sosnowiec,A,Annual,POP,Population,PS,Persons,_T,Total,_T,Total,_Z,Not applicable,CITY,City,_Z,Not applicable,2021,,191676,,A,Normal value,0,Units,0,Zero
DATAFLOW,OECD.CFE.EDS:DSD_FUA_DEMO@DF_AGE_SEX(1.2),Population by age and sex - Cities and FUAs,I,PL057C,Bytom,A,Annual,POP,Population,PS,Persons,_T,Total,_T,Total,_Z,Not applicable,CITY,City,_Z,Not applicable,2021,,151691,,A,Normal value,0,Units,0,Zero
DATAFLOW,OECD.CFE.EDS:DSD_FUA_DEMO@DF_AGE_SEX(1.2),Population by age and sex - Cities and FUAs,I,PL059C,Ruda Śląska,A,Annual,POP,Population,PS,Persons,_T,Total,_T,Total,_Z,Not applicable,CITY,City,_Z,Not applicable,2021,,132766,,A,Normal value,0,Units,0,Zero
DATAFLOW,OECD.CFE.EDS:DSD_FUA_DEMO@DF_AGE_SEX(1.2),Population by age and sex - Cities and FUAs,I,PL066C,Chorzów,A,Annual,POP,Population,PS,Persons,_T,Total,_T,Total,_Z,Not applicable,CITY,City,_Z,Not applicable,2021,,103229,,A,Normal value,0,Units,0,Zero
DATAFLOW,OECD.CFE.EDS:DSD_FUA_DEMO@DF_AGE_SEX(1.2),Population by age and sex - Cities and FUAs,I,PL011C,Białystok,A,Annual,POP,Population,PS,Persons,_T,Total,_T,Total,_Z,Not applicable,CITY,City,_Z,Not applicable,2021,,293413,,A,Normal value,0,Units,0,Zero
DATAFLOW,OECD.CFE.EDS:DSD_FUA_DEMO@DF_AGE_SEX(1.2),Population by age and sex - Cities and FUAs,I,PL012C,Kielce,A,Annual,POP,Population,PS,Persons,_T,Total,_T,Total,_Z,Not applicable,CITY,City,_Z,Not applicable,2021,,185478,,A,Normal value,0,Units,0,Zero
DATAFLOW,OECD.CFE.EDS:DSD_FUA_DEMO@DF_AGE_SEX(1.2),Population by age and sex - Cities and FUAs,I,PL013C,Toruń,A,Annual,POP,Population,PS,Persons,_T,Total,_T,Total,_Z,Not applicable,CITY,City,_Z,Not applicable,2021,,197112,,A,Normal value,0,Units,0,Zero
DATAFLOW,OECD.CFE.EDS:DSD_FUA_DEMO@DF_AGE_SEX(1.2),Population by age and sex - Cities and FUAs,I,PL014C,Olsztyn,A,Annual,POP,Population,PS,Persons,_T,Total,_T,Total,_Z,Not applicable,CITY,City,_Z,Not applicable,2021,,169251,,A,Normal value,0,Units,0,Zero
DATAFLOW,OECD.CFE.EDS:DSD_FUA_DEMO@DF_AGE_SEX(1.2),Population by age and sex - Cities and FUAs,I,PL015C,Rzeszów,A,Annual,POP,Population,PS,Persons,_T,Total,_T,Total,_Z,Not applicable,CITY,City,_Z,Not applicable,2021,,196374,,A,Normal value,0,Units,0,Zero
DATAFLOW,OECD.CFE.EDS:DSD_FUA_DEMO@DF_AGE_SEX(1.2),Population by age and sex - Cities and FUAs,I,PL016C,Opole,A,Annual,POP,Population,PS,Persons,_T,Total,_T,Total,_Z,Not applicable,CITY,City,_Z,Not applicable,2021,,126775,,A,Normal value,0,Units,0,Zero
DATAFLOW,OECD.CFE.EDS:DSD_FUA_DEMO@DF_AGE_SEX(1.2),Population by age and sex - Cities and FUAs,I,PL017C,Gorzów Wielkopolski,A,Annual,POP,Population,PS,Persons,_T,Total,_T,Total,_Z,Not applicable,CITY,City,_Z,Not applicable,2021,,118011,,A,Normal value,0,Units,0,Zero
DATAFLOW,OECD.CFE.EDS:DSD_FUA_DEMO@DF_AGE_SEX(1.2),Population by age and sex - Cities and FUAs,I,PL018C,Zielona Góra,A,Annual,POP,Population,PS,Persons,_T,Total,_T,Total,_Z,Not applicable,CITY,City,_Z,Not applicable,2021,,138270,,A,Normal value,0,Units,0,Zero
DATAFLOW,OECD.CFE.EDS:DSD_FUA_DEMO@DF_AGE_SEX(1.2),Population by age and sex - Cities and FUAs,I,PL019C,Jelenia Góra,A,Annual,POP,Population,PS,Persons,_T,Total,_T,Total,_Z,Not applicable,CITY,City,_Z,Not applicable,2021,,76570,,A,Normal value,0,Units,0,Zero
DATAFLOW,OECD.CFE.EDS:DSD_FUA_DEMO@DF_AGE_SEX(1.2),Population by age and sex - Cities and FUAs,I,PL020C,Nowy Sącz,A,Annual,POP,Population,PS,Persons,_T,Total,_T,Total,_Z,Not applicable,CITY,City,_Z,Not applicable,2021,,80979,,A,Normal value,0,Units,0,Zero
DATAFLOW,OECD.CFE.EDS:DSD_FUA_DEMO@DF_AGE_SEX(1.2),Population by age and sex - Cities and FUAs,I,PL021C,Suwałki,A,Annual,POP,Population,PS,Persons,_T,Total,_T,Total,_Z,Not applicable,CITY,City,_Z,Not applicable,2021,,68839,,A,Normal value,0,Units,0,Zero
DATAFLOW,OECD.CFE.EDS:DSD_FUA_DEMO@DF_AGE_SEX(1.2),Population by age and sex - Cities and FUAs,I,PL022C,Konin,A,Annual,POP,Population,PS,Persons,_T,Total,_T,Total,_Z,Not applicable,CITY,City,_Z,Not applicable,2021,,69069,,A,Normal value,0,Units,0,Zero
DATAFLOW,OECD.CFE.EDS:DSD_FUA_DEMO@DF_AGE_SEX(1.2),Population by age and sex - Cities and FUAs,I,PL024C,Częstochowa,A,Annual,POP,Population,PS,Persons,_T,Total,_T,Total,_Z,Not applicable,CITY,City,_Z,Not applicable,2021,,210773,,A,Normal value,0,Units,0,Zero
DATAFLOW,OECD.CFE.EDS:DSD_FUA_DEMO@DF_AGE_SEX(1.2),Population by age and sex - Cities and FUAs,I,PL025C,Radom,A,Annual,POP,Population,PS,Persons,_T,Total,_T,Total,_Z,Not applicable,CITY,City,_Z,Not applicable,2021,,199904,,A,Normal value,0,Units,0,Zero
DATAFLOW,OECD.CFE.EDS:DSD_FUA_DEMO@DF_AGE_SEX(1.2),Population by age and sex - Cities and FUAs,I,PL026C,Płock,A,Annual,POP,Population,PS,Persons,_T,Total,_T,Total,_Z,Not applicable,CITY,City,_Z,Not applicable,2021,,113660,,A,Normal value,0,Units,0,Zero
DATAFLOW,OECD.CFE.EDS:DSD_FUA_DEMO@DF_AGE_SEX(1.2),Population by age and sex - Cities and FUAs,I,PL027C,Kalisz,A,Annual,POP,Population,PS,Persons,_T,Total,_T,Total,_Z,Not applicable,CITY,City,_Z,Not applicable,2021,,95021,,A,Normal value,0,Units,0,Zero
DATAFLOW,OECD.CFE.EDS:DSD_FUA_DEMO@DF_AGE_SEX(1.2),Population by age and sex - Cities and FUAs,I,PL028C,Koszalin,A,Annual,POP,Population,PS,Persons,_T,Total,_T,Total,_Z,Not applicable,CITY,City,_Z,Not applicable,2021,,107330,,A,Normal value,0,Units,0,Zero
DATAFLOW,OECD.CFE.EDS:DSD_FUA_DEMO@DF_AGE_SEX(1.2),Population by age and sex - Cities and FUAs,I,PL029C,Słupsk,A,Annual,POP,Population,PS,Persons,_T,Total,_T,Total,_Z,Not applicable,CITY,City,_Z,Not applicable,2021,,87308,,A,Normal value,0,Units,0,Zero
DATAFLOW,OECD.CFE.EDS:DSD_FUA_DEMO@DF_AGE_SEX(1.2),Population by age and sex - Cities and FUAs,I,PL030C,Jastrzębie-Zdrój,A,Annual,POP,Population,PS,Persons,_T,Total,_T,Total,_Z,Not applicable,CITY,City,_Z,Not applicable,2021,,83987,,A,Normal value,0,Units,0,Zero
DATAFLOW,OECD.CFE.EDS:DSD_FUA_DEMO@DF_AGE_SEX(1.2),Population by age and sex - Cities and FUAs,I,PL031C,Siedlce,A,Annual,POP,Population,PS,Persons,_T,Total,_T,Total,_Z,Not applicable,CITY,City,_Z,Not applicable,2021,,76005,,A,Normal value,0,Units,0,Zero
DATAFLOW,OECD.CFE.EDS:DSD_FUA_DEMO@DF_AGE_SEX(1.2),Population by age and sex - Cities and FUAs,I,PL032C,Piotrków Trybunalski,A,Annual,POP,Population,PS,Persons,_T,Total,_T,Total,_Z,Not applicable,CITY,City,_Z,Not applicable,2021,,68270,,A,Normal value,0,Units,0,Zero
DATAFLOW,OECD.CFE.EDS:DSD_FUA_DEMO@DF_AGE_SEX(1.2),Population by age and sex - Cities and FUAs,I,PL033C,Lubin,A,Annual,POP,Population,PS,Persons,_T,Total,_T,Total,_Z,Not applicable,CITY,City,_Z,Not applicable,2021,,69267,,A,Normal value,0,Units,0,Zero
DATAFLOW,OECD.CFE.EDS:DSD_FUA_DEMO@DF_AGE_SEX(1.2),Population by age and sex - Cities and FUAs,I,PL034C,Piła,A,Annual,POP,Population,PS,Persons,_T,Total,_T,Total,_Z,Not applicable,CITY,City,_Z,Not applicable,2021,,71226,,A,Normal value,0,Units,0,Zero
DATAFLOW,OECD.CFE.EDS:DSD_FUA_DEMO@DF_AGE_SEX(1.2),Population by age and sex - Cities and FUAs,I,PL035C,Inowrocław,A,Annual,POP,Population,PS,Persons,_T,Total,_T,Total,_Z,Not applicable,CITY,City,_Z,Not applicable,2021,,68906,,A,Normal value,0,Units,0,Zero
DATAFLOW,OECD.CFE.EDS:DSD_FUA_DEMO@DF_AGE_SEX(1.2),Population by age and sex - Cities and FUAs,I,PL037C,Gniezno,A,Annual,POP,Population,PS,Persons,_T,Total,_T,Total,_Z,Not applicable,CITY,City,_Z,Not applicable,2021,,64916,,A,Normal value,0,Units,0,Zero
DATAFLOW,OECD.CFE.EDS:DSD_FUA_DEMO@DF_AGE_SEX(1.2),Population by age and sex - Cities and FUAs,I,PL038C,Stargard,A,Annual,POP,Population,PS,Persons,_T,Total,_T,Total,_Z,Not applicable,CITY,City,_Z,Not applicable,2021,,67161,,A,Normal value,0,Units,0,Zero
DATAFLOW,OECD.CFE.EDS:DSD_FUA_DEMO@DF_AGE_SEX(1.2),Population by age and sex - Cities and FUAs,I,PL039C,Ostrów Wielkopolski,A,Annual,POP,Population,PS,Persons,_T,Total,_T,Total,_Z,Not applicable,CITY,City,_Z,Not applicable,2021,,70296,,A,Normal value,0,Units,0,Zero
DATAFLOW,OECD.CFE.EDS:DSD_FUA_DEMO@DF_AGE_SEX(1.2),Population by age and sex - Cities and FUAs,I,PL041C,Zamość,A,Annual,POP,Population,PS,Persons,_T,Total,_T,Total,_Z,Not applicable,CITY,City,_Z,Not applicable,2021,,59603,,A,Normal value,0,Units,0,Zero
DATAFLOW,OECD.CFE.EDS:DSD_FUA_DEMO@DF_AGE_SEX(1.2),Population by age and sex - Cities and FUAs,I,PL042C,Chełm,A,Annual,POP,Population,PS,Persons,_T,Total,_T,Total,_Z,Not applicable,CITY,City,_Z,Not applicable,2021,,59257,,A,Normal value,0,Units,0,Zero
DATAFLOW,OECD.CFE.EDS:DSD_FUA_DEMO@DF_AGE_SEX(1.2),Population by age and sex - Cities and FUAs,I,PL044C,Głogów,A,Annual,POP,Population,PS,Persons,_T,Total,_T,Total,_Z,Not applicable,CITY,City,_Z,Not applicable,2021,,63730,,A,Normal value,0,Units,0,Zero
DATAFLOW,OECD.CFE.EDS:DSD_FUA_DEMO@DF_AGE_SEX(1.2),Population by age and sex - Cities and FUAs,I,PL047C,Łomża,A,Annual,POP,Population,PS,Persons,_T,Total,_T,Total,_Z,Not applicable,CITY,City,_Z,Not applicable,2021,,60468,,A,Normal value,0,Units,0,Zero
DATAFLOW,OECD.CFE.EDS:DSD_FUA_DEMO@DF_AGE_SEX(1.2),Population by age and sex - Cities and FUAs,I,PL051C,Tczew,A,Annual,POP,Population,PS,Persons,_T,Total,_T,Total,_Z,Not applicable,CITY,City,_Z,Not applicable,2021,,57856,,A,Normal value,0,Units,0,Zero
DATAFLOW,OECD.CFE.EDS:DSD_FUA_DEMO@DF_AGE_SEX(1.2),Population by age and sex - Cities and FUAs,I,PL052C,Ełk,A,Annual,POP,Population,PS,Persons,_T,Total,_T,Total,_Z,Not applicable,CITY,City,_Z,Not applicable,2021,,60248,,A,Normal value,0,Units,0,Zero
DATAFLOW,OECD.CFE.EDS:DSD_FUA_DEMO@DF_AGE_SEX(1.2),Population by age and sex - Cities and FUAs,I,PL053C,Gdynia,A,Annual,POP,Population,PS,Persons,_T,Total,_T,Total,_Z,Not applicable,CITY,City,_Z,Not applicable,2021,,244676,,A,Normal value,0,Units,0,Zero
DATAFLOW,OECD.CFE.EDS:DSD_FUA_DEMO@DF_AGE_SEX(1.2),Population by age and sex - Cities and FUAs,I,PL055C,Gliwice,A,Annual,POP,Population,PS,Persons,_T,Total,_T,Total,_Z,Not applicable,CITY,City,_Z,Not applicable,2021,,172628,,A,Normal value,0,Units,0,Zero
DATAFLOW,OECD.CFE.EDS:DSD_FUA_DEMO@DF_AGE_SEX(1.2),Population by age and sex - Cities and FUAs,I,PL056C,Zabrze,A,Annual,POP,Population,PS,Persons,_T,Total,_T,Total,_Z,Not applicable,CITY,City,_Z,Not applicable,2021,,156935,,A,Normal value,0,Units,0,Zero
DATAFLOW,OECD.CFE.EDS:DSD_FUA_DEMO@DF_AGE_SEX(1.2),Population by age and sex - Cities and FUAs,I,PL058C,Bielsko-Biała,A,Annual,POP,Population,PS,Persons,_T,Total,_T,Total,_Z,Not applicable,CITY,City,_Z,Not applicable,2021,,168106,,A,Normal value,0,Units,0,Zero
DATAFLOW,OECD.CFE.EDS:DSD_FUA_DEMO@DF_AGE_SEX(1.2),Population by age and sex - Cities and FUAs,I,PL060C,Rybnik,A,Annual,POP,Population,PS,Persons,_T,Total,_T,Total,_Z,Not applicable,CITY,City,_Z,Not applicable,2021,,132923,,A,Normal value,0,Units,0,Zero
DATAFLOW,OECD.CFE.EDS:DSD_FUA_DEMO@DF_AGE_SEX(1.2),Population by age and sex - Cities and FUAs,I,PL061C,Tychy,A,Annual,POP,Population,PS,Persons,_T,Total,_T,Total,_Z,Not applicable,CITY,City,_Z,Not applicable,2021,,124139,,A,Normal value,0,Units,0,Zero
DATAFLOW,OECD.CFE.EDS:DSD_FUA_DEMO@DF_AGE_SEX(1.2),Population by age and sex - Cities and FUAs,I,PL062C,Wałbrzych,A,Annual,POP,Population,PS,Persons,_T,Total,_T,Total,_Z,Not applicable,CITY,City,_Z,Not applicable,2021,,103263,,A,Normal value,0,Units,0,Zero
DATAFLOW,OECD.CFE.EDS:DSD_FUA_DEMO@DF_AGE_SEX(1.2),Population by age and sex - Cities and FUAs,I,PL063C,Elbląg,A,Annual,POP,Population,PS,Persons,_T,Total,_T,Total,_Z,Not applicable,CITY,City,_Z,Not applicable,2021,,114401,,A,Normal value,0,Units,0,Zero
DATAFLOW,OECD.CFE.EDS:DSD_FUA_DEMO@DF_AGE_SEX(1.2),Population by age and sex - Cities and FUAs,I,PL064C,Włocławek,A,Annual,POP,Population,PS,Persons,_T,Total,_T,Total,_Z,Not applicable,CITY,City,_Z,Not applicable,2021,,103535,,A,Normal value,0,Units,0,Zero
DATAFLOW,OECD.CFE.EDS:DSD_FUA_DEMO@DF_AGE_SEX(1.2),Population by age and sex - Cities and FUAs,I,PL065C,Tarnów,A,Annual,POP,Population,PS,Persons,_T,Total,_T,Total,_Z,Not applicable,CITY,City,_Z,Not applicable,2021,,105014,,A,Normal value,0,Units,0,Zero
DATAFLOW,OECD.CFE.EDS:DSD_FUA_DEMO@DF_AGE_SEX(1.2),Population by age and sex - Cities and FUAs,I,PL067C,Legnica,A,Annual,POP,Population,PS,Persons,_T,Total,_T,Total,_Z,Not applicable,CITY,City,_Z,Not applicable,2021,,93988,,A,Normal value,0,Units,0,Zero
DATAFLOW,OECD.CFE.EDS:DSD_FUA_DEMO@DF_AGE_SEX(1.2),Population by age and sex - Cities and FUAs,I,PL068C,Grudziądz,A,Annual,POP,Population,PS,Persons,_T,Total,_T,Total,_Z,Not applicable,CITY,City,_Z,Not applicable,2021,,90275,,A,Normal value,0,Units,0,Zero
DATAFLOW,OECD.CFE.EDS:DSD_FUA_DEMO@DF_AGE_SEX(1.2),Population by age and sex - Cities and FUAs,I,PT001C,Lisboa,A,Annual,POP,Population,PS,Persons,_T,Total,_T,Total,_Z,Not applicable,CITY,City,_Z,Not applicable,2021,,1880613,,A,Normal value,0,Units,0,Zero
DATAFLOW,OECD.CFE.EDS:DSD_FUA_DEMO@DF_AGE_SEX(1.2),Population by age and sex - Cities and FUAs,I,PT006C,Setúbal,A,Annual,POP,Population,PS,Persons,_T,Total,_T,Total,_Z,Not applicable,CITY,City,_Z,Not applicable,2021,,123128,,A,Normal value,0,Units,0,Zero
DATAFLOW,OECD.CFE.EDS:DSD_FUA_DEMO@DF_AGE_SEX(1.2),Population by age and sex - Cities and FUAs,I,PT014C,Sintra,A,Annual,POP,Population,PS,Persons,_T,Total,_T,Total,_Z,Not applicable,CITY,City,_Z,Not applicable,2021,,387235,,A,Normal value,0,Units,0,Zero
DATAFLOW,OECD.CFE.EDS:DSD_FUA_DEMO@DF_AGE_SEX(1.2),Population by age and sex - Cities and FUAs,I,PT016C,Vila Franca de Xira,A,Annual,POP,Population,PS,Persons,_T,Total,_T,Total,_Z,Not applicable,CITY,City,_Z,Not applicable,2021,,137681,,A,Normal value,0,Units,0,Zero
DATAFLOW,OECD.CFE.EDS:DSD_FUA_DEMO@DF_AGE_SEX(1.2),Population by age and sex - Cities and FUAs,I,PT002C,Porto,A,Annual,POP,Population,PS,Persons,_T,Total,_T,Total,_Z,Not applicable,CITY,City,_Z,Not applicable,2021,,978877,,A,Normal value,0,Units,0,Zero
DATAFLOW,OECD.CFE.EDS:DSD_FUA_DEMO@DF_AGE_SEX(1.2),Population by age and sex - Cities and FUAs,I,PT012C,Paredes,A,Annual,POP,Population,PS,Persons,_T,Total,_T,Total,_Z,Not applicable,CITY,City,_Z,Not applicable,2021,,84972,,A,Normal value,0,Units,0,Zero
DATAFLOW,OECD.CFE.EDS:DSD_FUA_DEMO@DF_AGE_SEX(1.2),Population by age and sex - Cities and FUAs,I,PT003C,Braga,A,Annual,POP,Population,PS,Persons,_T,Total,_T,Total,_Z,Not applicable,CITY,City,_Z,Not applicable,2021,,195274,,A,Normal value,0,Units,0,Zero
DATAFLOW,OECD.CFE.EDS:DSD_FUA_DEMO@DF_AGE_SEX(1.2),Population by age and sex - Cities and FUAs,I,PT004C,Funchal,A,Annual,POP,Population,PS,Persons,_T,Total,_T,Total,_Z,Not applicable,CITY,City,_Z,Not applicable,2021,,106401,,A,Normal value,0,Units,0,Zero
DATAFLOW,OECD.CFE.EDS:DSD_FUA_DEMO@DF_AGE_SEX(1.2),Population by age and sex - Cities and FUAs,I,PT005C,Coimbra,A,Annual,POP,Population,PS,Persons,_T,Total,_T,Total,_Z,Not applicable,CITY,City,_Z,Not applicable,2021,,141889,,A,Normal value,0,Units,0,Zero
DATAFLOW,OECD.CFE.EDS:DSD_FUA_DEMO@DF_AGE_SEX(1.2),Population by age and sex - Cities and FUAs,I,PT007C,Ponta Delgada,A,Annual,POP,Population,PS,Persons,_T,Total,_T,Total,_Z,Not applicable,CITY,City,_Z,Not applicable,2021,,67844,,A,Normal value,0,Units,0,Zero
DATAFLOW,OECD.CFE.EDS:DSD_FUA_DEMO@DF_AGE_SEX(1.2),Population by age and sex - Cities and FUAs,I,PT008C,Aveiro,A,Annual,POP,Population,PS,Persons,_T,Total,_T,Total,_Z,Not applicable,CITY,City,_Z,Not applicable,2021,,82590,,A,Normal value,0,Units,0,Zero
DATAFLOW,OECD.CFE.EDS:DSD_FUA_DEMO@DF_AGE_SEX(1.2),Population by age and sex - Cities and FUAs,I,PT009C,Faro,A,Annual,POP,Population,PS,Persons,_T,Total,_T,Total,_Z,Not applicable,CITY,City,_Z,Not applicable,2021,,67859,,A,Normal value,0,Units,0,Zero
DATAFLOW,OECD.CFE.EDS:DSD_FUA_DEMO@DF_AGE_SEX(1.2),Population by age and sex - Cities and FUAs,I,PT010C,Viseu,A,Annual,POP,Population,PS,Persons,_T,Total,_T,Total,_Z,Not applicable,CITY,City,_Z,Not applicable,2021,,100237,,A,Normal value,0,Units,0,Zero
DATAFLOW,OECD.CFE.EDS:DSD_FUA_DEMO@DF_AGE_SEX(1.2),Population by age and sex - Cities and FUAs,I,PT011C,Viana do Castelo,A,Annual,POP,Population,PS,Persons,_T,Total,_T,Total,_Z,Not applicable,CITY,City,_Z,Not applicable,2021,,86006,,A,Normal value,0,Units,0,Zero
DATAFLOW,OECD.CFE.EDS:DSD_FUA_DEMO@DF_AGE_SEX(1.2),Population by age and sex - Cities and FUAs,I,PT013C,Póvoa de Varzim,A,Annual,POP,Population,PS,Persons,_T,Total,_T,Total,_Z,Not applicable,CITY,City,_Z,Not applicable,2021,,65111,,A,Normal value,0,Units,0,Zero
DATAFLOW,OECD.CFE.EDS:DSD_FUA_DEMO@DF_AGE_SEX(1.2),Population by age and sex - Cities and FUAs,I,PT015C,Guimarães,A,Annual,POP,Population,PS,Persons,_T,Total,_T,Total,_Z,Not applicable,CITY,City,_Z,Not applicable,2021,,156488,,A,Normal value,0,Units,0,Zero
DATAFLOW,OECD.CFE.EDS:DSD_FUA_DEMO@DF_AGE_SEX(1.2),Population by age and sex - Cities and FUAs,I,RO001C,București,A,Annual,POP,Population,PS,Persons,_T,Total,_T,Total,_Z,Not applicable,CITY,City,_Z,Not applicable,2021,,1716961,,A,Normal value,0,Units,0,Zero
DATAFLOW,OECD.CFE.EDS:DSD_FUA_DEMO@DF_AGE_SEX(1.2),Population by age and sex - Cities and FUAs,I,RO002C,Cluj-Napoca,A,Annual,POP,Population,PS,Persons,_T,Total,_T,Total,_Z,Not applicable,CITY,City,_Z,Not applicable,2021,,286598,,A,Normal value,0,Units,0,Zero
DATAFLOW,OECD.CFE.EDS:DSD_FUA_DEMO@DF_AGE_SEX(1.2),Population by age and sex - Cities and FUAs,I,RO003C,Timișoara,A,Annual,POP,Population,PS,Persons,_T,Total,_T,Total,_Z,Not applicable,CITY,City,_Z,Not applicable,2021,,301999,,A,Normal value,0,Units,0,Zero
DATAFLOW,OECD.CFE.EDS:DSD_FUA_DEMO@DF_AGE_SEX(1.2),Population by age and sex - Cities and FUAs,I,RO004C,Craiova,A,Annual,POP,Population,PS,Persons,_T,Total,_T,Total,_Z,Not applicable,CITY,City,_Z,Not applicable,2021,,234140,,A,Normal value,0,Units,0,Zero
DATAFLOW,OECD.CFE.EDS:DSD_FUA_DEMO@DF_AGE_SEX(1.2),Population by age and sex - Cities and FUAs,I,RO005C,Brăila,A,Annual,POP,Population,PS,Persons,_T,Total,_T,Total,_Z,Not applicable,CITY,City,_Z,Not applicable,2021,,154686,,A,Normal value,0,Units,0,Zero
DATAFLOW,OECD.CFE.EDS:DSD_FUA_DEMO@DF_AGE_SEX(1.2),Population by age and sex - Cities and FUAs,I,RO006C,Oradea,A,Annual,POP,Population,PS,Persons,_T,Total,_T,Total,_Z,Not applicable,CITY,City,_Z,Not applicable,2021,,183105,,A,Normal value,0,Units,0,Zero
DATAFLOW,OECD.CFE.EDS:DSD_FUA_DEMO@DF_AGE_SEX(1.2),Population by age and sex - Cities and FUAs,I,RO007C,Bacău,A,Annual,POP,Population,PS,Persons,_T,Total,_T,Total,_Z,Not applicable,CITY,City,_Z,Not applicable,2021,,136087,,A,Normal value,0,Units,0,Zero
DATAFLOW,OECD.CFE.EDS:DSD_FUA_DEMO@DF_AGE_SEX(1.2),Population by age and sex - Cities and FUAs,I,RO008C,Arad,A,Annual,POP,Population,PS,Persons,_T,Total,_T,Total,_Z,Not applicable,CITY,City,_Z,Not applicable,2021,,145078,,A,Normal value,0,Units,0,Zero
DATAFLOW,OECD.CFE.EDS:DSD_FUA_DEMO@DF_AGE_SEX(1.2),Population by age and sex - Cities and FUAs,I,RO009C,Sibiu,A,Annual,POP,Population,PS,Persons,_T,Total,_T,Total,_Z,Not applicable,CITY,City,_Z,Not applicable,2021,,134309,,A,Normal value,0,Units,0,Zero
DATAFLOW,OECD.CFE.EDS:DSD_FUA_DEMO@DF_AGE_SEX(1.2),Population by age and sex - Cities and FUAs,I,RO010C,Târgu Mureș,A,Annual,POP,Population,PS,Persons,_T,Total,_T,Total,_Z,Not applicable,CITY,City,_Z,Not applicable,2021,,116033,,A,Normal value,0,Units,0,Zero
DATAFLOW,OECD.CFE.EDS:DSD_FUA_DEMO@DF_AGE_SEX(1.2),Population by age and sex - Cities and FUAs,I,RO011C,Piatra-Neamț,A,Annual,POP,Population,PS,Persons,_T,Total,_T,Total,_Z,Not applicable,CITY,City,_Z,Not applicable,2021,,79679,,A,Normal value,0,Units,0,Zero
DATAFLOW,OECD.CFE.EDS:DSD_FUA_DEMO@DF_AGE_SEX(1.2),Population by age and sex - Cities and FUAs,I,RO012C,Călărași,A,Annual,POP,Population,PS,Persons,_T,Total,_T,Total,_Z,Not applicable,CITY,City,_Z,Not applicable,2021,,58211,,A,Normal value,0,Units,0,Zero
DATAFLOW,OECD.CFE.EDS:DSD_FUA_DEMO@DF_AGE_SEX(1.2),Population by age and sex - Cities and FUAs,I,RO015C,Focșani,A,Annual,POP,Population,PS,Persons,_T,Total,_T,Total,_Z,Not applicable,CITY,City,_Z,Not applicable,2021,,66648,,A,Normal value,0,Units,0,Zero
DATAFLOW,OECD.CFE.EDS:DSD_FUA_DEMO@DF_AGE_SEX(1.2),Population by age and sex - Cities and FUAs,I,RO016C,Târgu Jiu,A,Annual,POP,Population,PS,Persons,_T,Total,_T,Total,_Z,Not applicable,CITY,City,_Z,Not applicable,2021,,73545,,A,Normal value,0,Units,0,Zero
DATAFLOW,OECD.CFE.EDS:DSD_FUA_DEMO@DF_AGE_SEX(1.2),Population by age and sex - Cities and FUAs,I,RO017C,Tulcea,A,Annual,POP,Population,PS,Persons,_T,Total,_T,Total,_Z,Not applicable,CITY,City,_Z,Not applicable,2021,,65624,,A,Normal value,0,Units,0,Zero
DATAFLOW,OECD.CFE.EDS:DSD_FUA_DEMO@DF_AGE_SEX(1.2),Population by age and sex - Cities and FUAs,I,RO018C,Târgoviște,A,Annual,POP,Population,PS,Persons,_T,Total,_T,Total,_Z,Not applicable,CITY,City,_Z,Not applicable,2021,,66965,,A,Normal value,0,Units,0,Zero
DATAFLOW,OECD.CFE.EDS:DSD_FUA_DEMO@DF_AGE_SEX(1.2),Population by age and sex - Cities and FUAs,I,RO019C,Slatina,A,Annual,POP,Population,PS,Persons,_T,Total,_T,Total,_Z,Not applicable,CITY,City,_Z,Not applicable,2021,,63487,,A,Normal value,0,Units,0,Zero
DATAFLOW,OECD.CFE.EDS:DSD_FUA_DEMO@DF_AGE_SEX(1.2),Population by age and sex - Cities and FUAs,I,RO022C,Bistrița,A,Annual,POP,Population,PS,Persons,_T,Total,_T,Total,_Z,Not applicable,CITY,City,_Z,Not applicable,2021,,78877,,A,Normal value,0,Units,0,Zero
DATAFLOW,OECD.CFE.EDS:DSD_FUA_DEMO@DF_AGE_SEX(1.2),Population by age and sex - Cities and FUAs,I,RO023C,Constanța,A,Annual,POP,Population,PS,Persons,_T,Total,_T,Total,_Z,Not applicable,CITY,City,_Z,Not applicable,2021,,263688,,A,Normal value,0,Units,0,Zero
DATAFLOW,OECD.CFE.EDS:DSD_FUA_DEMO@DF_AGE_SEX(1.2),Population by age and sex - Cities and FUAs,I,RO024C,Iași,A,Annual,POP,Population,PS,Persons,_T,Total,_T,Total,_Z,Not applicable,CITY,City,_Z,Not applicable,2021,,286202,,A,Normal value,0,Units,0,Zero
DATAFLOW,OECD.CFE.EDS:DSD_FUA_DEMO@DF_AGE_SEX(1.2),Population by age and sex - Cities and FUAs,I,RO025C,Galați,A,Annual,POP,Population,PS,Persons,_T,Total,_T,Total,_Z,Not applicable,CITY,City,_Z,Not applicable,2021,,217851,,A,Normal value,0,Units,0,Zero
DATAFLOW,OECD.CFE.EDS:DSD_FUA_DEMO@DF_AGE_SEX(1.2),Population by age and sex - Cities and FUAs,I,RO026C,Brașov,A,Annual,POP,Population,PS,Persons,_T,Total,_T,Total,_Z,Not applicable,CITY,City,_Z,Not applicable,2021,,237589,,A,Normal value,0,Units,0,Zero
DATAFLOW,OECD.CFE.EDS:DSD_FUA_DEMO@DF_AGE_SEX(1.2),Population by age and sex - Cities and FUAs,I,RO027C,Ploiești,A,Annual,POP,Population,PS,Persons,_T,Total,_T,Total,_Z,Not applicable,CITY,City,_Z,Not applicable,2021,,180540,,A,Normal value,0,Units,0,Zero
DATAFLOW,OECD.CFE.EDS:DSD_FUA_DEMO@DF_AGE_SEX(1.2),Population by age and sex - Cities and FUAs,I,RO028C,Pitești,A,Annual,POP,Population,PS,Persons,_T,Total,_T,Total,_Z,Not applicable,CITY,City,_Z,Not applicable,2021,,141275,,A,Normal value,0,Units,0,Zero
DATAFLOW,OECD.CFE.EDS:DSD_FUA_DEMO@DF_AGE_SEX(1.2),Population by age and sex - Cities and FUAs,I,RO029C,Baia Mare,A,Annual,POP,Population,PS,Persons,_T,Total,_T,Total,_Z,Not applicable,CITY,City,_Z,Not applicable,2021,,108759,,A,Normal value,0,Units,0,Zero
DATAFLOW,OECD.CFE.EDS:DSD_FUA_DEMO@DF_AGE_SEX(1.2),Population by age and sex - Cities and FUAs,I,RO030C,Buzău,A,Annual,POP,Population,PS,Persons,_T,Total,_T,Total,_Z,Not applicable,CITY,City,_Z,Not applicable,2021,,103481,,A,Normal value,0,Units,0,Zero
DATAFLOW,OECD.CFE.EDS:DSD_FUA_DEMO@DF_AGE_SEX(1.2),Population by age and sex - Cities and FUAs,I,RO031C,Satu Mare,A,Annual,POP,Population,PS,Persons,_T,Total,_T,Total,_Z,Not applicable,CITY,City,_Z,Not applicable,2021,,91520,,A,Normal value,0,Units,0,Zero
DATAFLOW,OECD.CFE.EDS:DSD_FUA_DEMO@DF_AGE_SEX(1.2),Population by age and sex - Cities and FUAs,I,RO032C,Botoșani,A,Annual,POP,Population,PS,Persons,_T,Total,_T,Total,_Z,Not applicable,CITY,City,_Z,Not applicable,2021,,90010,,A,Normal value,0,Units,0,Zero
DATAFLOW,OECD.CFE.EDS:DSD_FUA_DEMO@DF_AGE_SEX(1.2),Population by age and sex - Cities and FUAs,I,RO033C,Râmnicu Vâlcea,A,Annual,POP,Population,PS,Persons,_T,Total,_T,Total,_Z,Not applicable,CITY,City,_Z,Not applicable,2021,,93151,,A,Normal value,0,Units,0,Zero
DATAFLOW,OECD.CFE.EDS:DSD_FUA_DEMO@DF_AGE_SEX(1.2),Population by age and sex - Cities and FUAs,I,RO035C,Drobeta-Turnu Severin,A,Annual,POP,Population,PS,Persons,_T,Total,_T,Total,_Z,Not applicable,CITY,City,_Z,Not applicable,2021,,79865,,A,Normal value,0,Units,0,Zero
DATAFLOW,OECD.CFE.EDS:DSD_FUA_DEMO@DF_AGE_SEX(1.2),Population by age and sex - Cities and FUAs,I,SK001C,Bratislava,A,Annual,POP,Population,PS,Persons,_T,Total,_T,Total,_Z,Not applicable,CITY,City,_Z,Not applicable,2021,,475540,,A,Normal value,0,Units,0,Zero
DATAFLOW,OECD.CFE.EDS:DSD_FUA_DEMO@DF_AGE_SEX(1.2),Population by age and sex - Cities and FUAs,I,SK007C,Trnava,A,Annual,POP,Population,PS,Persons,_T,Total,_T,Total,_Z,Not applicable,CITY,City,_Z,Not applicable,2021,,63498,,A,Normal value,0,Units,0,Zero
DATAFLOW,OECD.CFE.EDS:DSD_FUA_DEMO@DF_AGE_SEX(1.2),Population by age and sex - Cities and FUAs,I,SK002C,Košice,A,Annual,POP,Population,PS,Persons,_T,Total,_T,Total,_Z,Not applicable,CITY,City,_Z,Not applicable,2021,,228249,,A,Normal value,0,Units,0,Zero
DATAFLOW,OECD.CFE.EDS:DSD_FUA_DEMO@DF_AGE_SEX(1.2),Population by age and sex - Cities and FUAs,I,SK003C,Banská Bystrica,A,Annual,POP,Population,PS,Persons,_T,Total,_T,Total,_Z,Not applicable,CITY,City,_Z,Not applicable,2021,,75668,,A,Normal value,0,Units,0,Zero
DATAFLOW,OECD.CFE.EDS:DSD_FUA_DEMO@DF_AGE_SEX(1.2),Population by age and sex - Cities and FUAs,I,SK004C,Nitra,A,Annual,POP,Population,PS,Persons,_T,Total,_T,Total,_Z,Not applicable,CITY,City,_Z,Not applicable,2021,,78050,,A,Normal value,0,Units,0,Zero
DATAFLOW,OECD.CFE.EDS:DSD_FUA_DEMO@DF_AGE_SEX(1.2),Population by age and sex - Cities and FUAs,I,SK005C,Prešov,A,Annual,POP,Population,PS,Persons,_T,Total,_T,Total,_Z,Not applicable,CITY,City,_Z,Not applicable,2021,,84360,,A,Normal value,0,Units,0,Zero
DATAFLOW,OECD.CFE.EDS:DSD_FUA_DEMO@DF_AGE_SEX(1.2),Population by age and sex - Cities and FUAs,I,SK006C,Žilina,A,Annual,POP,Population,PS,Persons,_T,Total,_T,Total,_Z,Not applicable,CITY,City,_Z,Not applicable,2021,,82298,,A,Normal value,0,Units,0,Zero
DATAFLOW,OECD.CFE.EDS:DSD_FUA_DEMO@DF_AGE_SEX(1.2),Population by age and sex - Cities and FUAs,I,SK008C,Trenčín,A,Annual,POP,Population,PS,Persons,_T,Total,_T,Total,_Z,Not applicable,CITY,City,_Z,Not applicable,2021,,54599,,A,Normal value,0,Units,0,Zero
DATAFLOW,OECD.CFE.EDS:DSD_FUA_DEMO@DF_AGE_SEX(1.2),Population by age and sex - Cities and FUAs,I,SI001C,Ljubljana,A,Annual,POP,Population,PS,Persons,_T,Total,_T,Total,_Z,Not applicable,CITY,City,_Z,Not applicable,2021,,294464,,A,Normal value,0,Units,0,Zero
DATAFLOW,OECD.CFE.EDS:DSD_FUA_DEMO@DF_AGE_SEX(1.2),Population by age and sex - Cities and FUAs,I,SI002C,Maribor,A,Annual,POP,Population,PS,Persons,_T,Total,_T,Total,_Z,Not applicable,CITY,City,_Z,Not applicable,2021,,113778,,A,Normal value,0,Units,0,Zero
DATAFLOW,OECD.CFE.EDS:DSD_FUA_DEMO@DF_AGE_SEX(1.2),Population by age and sex - Cities and FUAs,I,SE001C,Stockholm,A,Annual,POP,Population,PS,Persons,_T,Total,_T,Total,_Z,Not applicable,CITY,City,_Z,Not applicable,2021,,1592732,,A,Normal value,0,Units,0,Zero
DATAFLOW,OECD.CFE.EDS:DSD_FUA_DEMO@DF_AGE_SEX(1.2),Population by age and sex - Cities and FUAs,I,SE009C,Södertälje,A,Annual,POP,Population,PS,Persons,_T,Total,_T,Total,_Z,Not applicable,CITY,City,_Z,Not applicable,2021,,101209,,A,Normal value,0,Units,0,Zero
DATAFLOW,OECD.CFE.EDS:DSD_FUA_DEMO@DF_AGE_SEX(1.2),Population by age and sex - Cities and FUAs,I,SE002C,Göteborg,A,Annual,POP,Population,PS,Persons,_T,Total,_T,Total,_Z,Not applicable,CITY,City,_Z,Not applicable,2021,,697021,,A,Normal value,0,Units,0,Zero
DATAFLOW,OECD.CFE.EDS:DSD_FUA_DEMO@DF_AGE_SEX(1.2),Population by age and sex - Cities and FUAs,I,SE003C,Malmö,A,Annual,POP,Population,PS,Persons,_T,Total,_T,Total,_Z,Not applicable,CITY,City,_Z,Not applicable,2021,,351749,,A,Normal value,0,Units,0,Zero
DATAFLOW,OECD.CFE.EDS:DSD_FUA_DEMO@DF_AGE_SEX(1.2),Population by age and sex - Cities and FUAs,I,SE013C,Lund,A,Annual,POP,Population,PS,Persons,_T,Total,_T,Total,_Z,Not applicable,CITY,City,_Z,Not applicable,2021,,127376,,A,Normal value,0,Units,0,Zero
DATAFLOW,OECD.CFE.EDS:DSD_FUA_DEMO@DF_AGE_SEX(1.2),Population by age and sex - Cities and FUAs,I,SE005C,Umeå,A,Annual,POP,Population,PS,Persons,_T,Total,_T,Total,_Z,Not applicable,CITY,City,_Z,Not applicable,2021,,130997,,A,Normal value,0,Units,0,Zero
DATAFLOW,OECD.CFE.EDS:DSD_FUA_DEMO@DF_AGE_SEX(1.2),Population by age and sex - Cities and FUAs,I,SE006C,Uppsala,A,Annual,POP,Population,PS,Persons,_T,Total,_T,Total,_Z,Not applicable,CITY,City,_Z,Not applicable,2021,,237596,,A,Normal value,0,Units,0,Zero
DATAFLOW,OECD.CFE.EDS:DSD_FUA_DEMO@DF_AGE_SEX(1.2),Population by age and sex - Cities and FUAs,I,SE007C,Linköping,A,Annual,POP,Population,PS,Persons,_T,Total,_T,Total,_Z,Not applicable,CITY,City,_Z,Not applicable,2021,,165527,,A,Normal value,0,Units,0,Zero
DATAFLOW,OECD.CFE.EDS:DSD_FUA_DEMO@DF_AGE_SEX(1.2),Population by age and sex - Cities and FUAs,I,SE008C,Örebro,A,Annual,POP,Population,PS,Persons,_T,Total,_T,Total,_Z,Not applicable,CITY,City,_Z,Not applicable,2021,,156987,,A,Normal value,0,Units,0,Zero
DATAFLOW,OECD.CFE.EDS:DSD_FUA_DEMO@DF_AGE_SEX(1.2),Population by age and sex - Cities and FUAs,I,SE010C,Västerås,A,Annual,POP,Population,PS,Persons,_T,Total,_T,Total,_Z,Not applicable,CITY,City,_Z,Not applicable,2021,,156838,,A,Normal value,0,Units,0,Zero
DATAFLOW,OECD.CFE.EDS:DSD_FUA_DEMO@DF_AGE_SEX(1.2),Population by age and sex - Cities and FUAs,I,SE011C,Norrköping,A,Annual,POP,Population,PS,Persons,_T,Total,_T,Total,_Z,Not applicable,CITY,City,_Z,Not applicable,2021,,144458,,A,Normal value,0,Units,0,Zero
DATAFLOW,OECD.CFE.EDS:DSD_FUA_DEMO@DF_AGE_SEX(1.2),Population by age and sex - Cities and FUAs,I,SE012C,Helsingborg,A,Annual,POP,Population,PS,Persons,_T,Total,_T,Total,_Z,Not applicable,CITY,City,_Z,Not applicable,2021,,150109,,A,Normal value,0,Units,0,Zero
DATAFLOW,OECD.CFE.EDS:DSD_FUA_DEMO@DF_AGE_SEX(1.2),Population by age and sex - Cities and FUAs,I,SE014C,Borås,A,Annual,POP,Population,PS,Persons,_T,Total,_T,Total,_Z,Not applicable,CITY,City,_Z,Not applicable,2021,,114091,,A,Normal value,0,Units,0,Zero
DATAFLOW,OECD.CFE.EDS:DSD_FUA_DEMO@DF_AGE_SEX(1.2),Population by age and sex - Cities and FUAs,I,TR001C,Ankara,A,Annual,POP,Population,PS,Persons,_T,Total,_T,Total,_Z,Not applicable,CITY,City,_Z,Not applicable,2021,,5156573,,A,Normal value,0,Units,0,Zero
DATAFLOW,OECD.CFE.EDS:DSD_FUA_DEMO@DF_AGE_SEX(1.2),Population by age and sex - Cities and FUAs,I,TR002C,Adana,A,Annual,POP,Population,PS,Persons,_T,Total,_T,Total,_Z,Not applicable,CITY,City,_Z,Not applicable,2021,,1797136,,A,Normal value,0,Units,0,Zero
DATAFLOW,OECD.CFE.EDS:DSD_FUA_DEMO@DF_AGE_SEX(1.2),Population by age and sex - Cities and FUAs,I,TR003C,Antalya,A,Annual,POP,Population,PS,Persons,_T,Total,_T,Total,_Z,Not applicable,CITY,City,_Z,Not applicable,2021,,1462129,,A,Normal value,0,Units,0,Zero
DATAFLOW,OECD.CFE.EDS:DSD_FUA_DEMO@DF_AGE_SEX(1.2),Population by age and sex - Cities and FUAs,I,TR004C,Balikesir,A,Annual,POP,Population,PS,Persons,_T,Total,_T,Total,_Z,Not applicable,CITY,City,_Z,Not applicable,2021,,370156,,A,Normal value,0,Units,0,Zero
DATAFLOW,OECD.CFE.EDS:DSD_FUA_DEMO@DF_AGE_SEX(1.2),Population by age and sex - Cities and FUAs,I,TR005C,Bursa,A,Annual,POP,Population,PS,Persons,_T,Total,_T,Total,_Z,Not applicable,CITY,City,_Z,Not applicable,2021,,2056140,,A,Normal value,0,Units,0,Zero
DATAFLOW,OECD.CFE.EDS:DSD_FUA_DEMO@DF_AGE_SEX(1.2),Population by age and sex - Cities and FUAs,I,TR006C,Denizli,A,Annual,POP,Population,PS,Persons,_T,Total,_T,Total,_Z,Not applicable,CITY,City,_Z,Not applicable,2021,,677072,,A,Normal value,0,Units,0,Zero
DATAFLOW,OECD.CFE.EDS:DSD_FUA_DEMO@DF_AGE_SEX(1.2),Population by age and sex - Cities and FUAs,I,TR007C,Diyarbakir,A,Annual,POP,Population,PS,Persons,_T,Total,_T,Total,_Z,Not applicable,CITY,City,_Z,Not applicable,2021,,1129218,,A,Normal value,0,Units,0,Zero
DATAFLOW,OECD.CFE.EDS:DSD_FUA_DEMO@DF_AGE_SEX(1.2),Population by age and sex - Cities and FUAs,I,TR008C,Edirne,A,Annual,POP,Population,PS,Persons,_T,Total,_T,Total,_Z,Not applicable,CITY,City,_Z,Not applicable,2021,,186426,,A,Normal value,0,Units,0,Zero
DATAFLOW,OECD.CFE.EDS:DSD_FUA_DEMO@DF_AGE_SEX(1.2),Population by age and sex - Cities and FUAs,I,TR009C,Erzurum,A,Annual,POP,Population,PS,Persons,_T,Total,_T,Total,_Z,Not applicable,CITY,City,_Z,Not applicable,2021,,428302,,A,Normal value,0,Units,0,Zero
DATAFLOW,OECD.CFE.EDS:DSD_FUA_DEMO@DF_AGE_SEX(1.2),Population by age and sex - Cities and FUAs,I,TR010C,Gaziantep,A,Annual,POP,Population,PS,Persons,_T,Total,_T,Total,_Z,Not applicable,CITY,City,_Z,Not applicable,2021,,1775904,,A,Normal value,0,Units,0,Zero
DATAFLOW,OECD.CFE.EDS:DSD_FUA_DEMO@DF_AGE_SEX(1.2),Population by age and sex - Cities and FUAs,I,TR011C,Hatay,A,Annual,POP,Population,PS,Persons,_T,Total,_T,Total,_Z,Not applicable,CITY,City,_Z,Not applicable,2021,,555833,,A,Normal value,0,Units,0,Zero
DATAFLOW,OECD.CFE.EDS:DSD_FUA_DEMO@DF_AGE_SEX(1.2),Population by age and sex - Cities and FUAs,I,TR012C,Istanbul,A,Annual,POP,Population,PS,Persons,_T,Total,_T,Total,_Z,Not applicable,CITY,City,_Z,Not applicable,2021,,13852985,,A,Normal value,0,Units,0,Zero
DATAFLOW,OECD.CFE.EDS:DSD_FUA_DEMO@DF_AGE_SEX(1.2),Population by age and sex - Cities and FUAs,I,TR013C,Izmir,A,Annual,POP,Population,PS,Persons,_T,Total,_T,Total,_Z,Not applicable,CITY,City,_Z,Not applicable,2021,,2959355,,A,Normal value,0,Units,0,Zero
DATAFLOW,OECD.CFE.EDS:DSD_FUA_DEMO@DF_AGE_SEX(1.2),Population by age and sex - Cities and FUAs,I,TR014C,Kars,A,Annual,POP,Population,PS,Persons,_T,Total,_T,Total,_Z,Not applicable,CITY,City,_Z,Not applicable,2021,,117312,,A,Normal value,0,Units,0,Zero
DATAFLOW,OECD.CFE.EDS:DSD_FUA_DEMO@DF_AGE_SEX(1.2),Population by age and sex - Cities and FUAs,I,TR015C,Kastamonu,A,Annual,POP,Population,PS,Persons,_T,Total,_T,Total,_Z,Not applicable,CITY,City,_Z,Not applicable,2021,,152541,,A,Normal value,0,Units,0,Zero
DATAFLOW,OECD.CFE.EDS:DSD_FUA_DEMO@DF_AGE_SEX(1.2),Population by age and sex - Cities and FUAs,I,TR016C,Kayseri,A,Annual,POP,Population,PS,Persons,_T,Total,_T,Total,_Z,Not applicable,CITY,City,_Z,Not applicable,2021,,1175886,,A,Normal value,0,Units,0,Zero
DATAFLOW,OECD.CFE.EDS:DSD_FUA_DEMO@DF_AGE_SEX(1.2),Population by age and sex - Cities and FUAs,I,TR017C,Kocaeli,A,Annual,POP,Population,PS,Persons,_T,Total,_T,Total,_Z,Not applicable,CITY,City,_Z,Not applicable,2021,,614059,,A,Normal value,0,Units,0,Zero
DATAFLOW,OECD.CFE.EDS:DSD_FUA_DEMO@DF_AGE_SEX(1.2),Population by age and sex - Cities and FUAs,I,TR018C,Konya,A,Annual,POP,Population,PS,Persons,_T,Total,_T,Total,_Z,Not applicable,CITY,City,_Z,Not applicable,2021,,1390051,,A,Normal value,0,Units,0,Zero
DATAFLOW,OECD.CFE.EDS:DSD_FUA_DEMO@DF_AGE_SEX(1.2),Population by age and sex - Cities and FUAs,I,TR019C,Malatya,A,Annual,POP,Population,PS,Persons,_T,Total,_T,Total,_Z,Not applicable,CITY,City,_Z,Not applicable,2021,,641799,,A,Normal value,0,Units,0,Zero
DATAFLOW,OECD.CFE.EDS:DSD_FUA_DEMO@DF_AGE_SEX(1.2),Population by age and sex - Cities and FUAs,I,TR020C,Manisa,A,Annual,POP,Population,PS,Persons,_T,Total,_T,Total,_Z,Not applicable,CITY,City,_Z,Not applicable,2021,,425654,,A,Normal value,0,Units,0,Zero
DATAFLOW,OECD.CFE.EDS:DSD_FUA_DEMO@DF_AGE_SEX(1.2),Population by age and sex - Cities and FUAs,I,TR021C,Nevsehir,A,Annual,POP,Population,PS,Persons,_T,Total,_T,Total,_Z,Not applicable,CITY,City,_Z,Not applicable,2021,,153117,,A,Normal value,0,Units,0,Zero
DATAFLOW,OECD.CFE.EDS:DSD_FUA_DEMO@DF_AGE_SEX(1.2),Population by age and sex - Cities and FUAs,I,TR022C,Samsun,A,Annual,POP,Population,PS,Persons,_T,Total,_T,Total,_Z,Not applicable,CITY,City,_Z,Not applicable,2021,,678492,,A,Normal value,0,Units,0,Zero
DATAFLOW,OECD.CFE.EDS:DSD_FUA_DEMO@DF_AGE_SEX(1.2),Population by age and sex - Cities and FUAs,I,TR023C,Siirt,A,Annual,POP,Population,PS,Persons,_T,Total,_T,Total,_Z,Not applicable,CITY,City,_Z,Not applicable,2021,,172824,,A,Normal value,0,Units,0,Zero
DATAFLOW,OECD.CFE.EDS:DSD_FUA_DEMO@DF_AGE_SEX(1.2),Population by age and sex - Cities and FUAs,I,TR024C,Trabzon,A,Annual,POP,Population,PS,Persons,_T,Total,_T,Total,_Z,Not applicable,CITY,City,_Z,Not applicable,2021,,334228,,A,Normal value,0,Units,0,Zero
DATAFLOW,OECD.CFE.EDS:DSD_FUA_DEMO@DF_AGE_SEX(1.2),Population by age and sex - Cities and FUAs,I,TR025C,Van,A,Annual,POP,Population,PS,Persons,_T,Total,_T,Total,_Z,Not applicable,CITY,City,_Z,Not applicable,2021,,503272,,A,Normal value,0,Units,0,Zero
DATAFLOW,OECD.CFE.EDS:DSD_FUA_DEMO@DF_AGE_SEX(1.2),Population by age and sex - Cities and FUAs,I,TR026C,Zonguldak,A,Annual,POP,Population,PS,Persons,_T,Total,_T,Total,_Z,Not applicable,CITY,City,_Z,Not applicable,2021,,202905,,A,Normal value,0,Units,0,Zero
DATAFLOW,OECD.CFE.EDS:DSD_FUA_DEMO@DF_AGE_SEX(1.2),Population by age and sex - Cities and FUAs,I,USA01C,New York (Greater),A,Annual,POP,Population,PS,Persons,_T,Total,_T,Total,_Z,Not applicable,CITY,City,_Z,Not applicable,2021,,18483676,,A,Normal value,0,Units,0,Zero
DATAFLOW,OECD.CFE.EDS:DSD_FUA_DEMO@DF_AGE_SEX(1.2),Population by age and sex - Cities and FUAs,I,USA02C,Los Angeles (Greater),A,Annual,POP,Population,PS,Persons,_T,Total,_T,Total,_Z,Not applicable,CITY,City,_Z,Not applicable,2021,,17614692,,A,Normal value,0,Units,0,Zero
DATAFLOW,OECD.CFE.EDS:DSD_FUA_DEMO@DF_AGE_SEX(1.2),Population by age and sex - Cities and FUAs,I,USA03C,Chicago,A,Annual,POP,Population,PS,Persons,_T,Total,_T,Total,_Z,Not applicable,CITY,City,_Z,Not applicable,2021,,8708668,,A,Normal value,0,Units,0,Zero
DATAFLOW,OECD.CFE.EDS:DSD_FUA_DEMO@DF_AGE_SEX(1.2),Population by age and sex - Cities and FUAs,I,USA04C,Washington (Greater),A,Annual,POP,Population,PS,Persons,_T,Total,_T,Total,_Z,Not applicable,CITY,City,_Z,Not applicable,2021,,5225934,,A,Normal value,0,Units,0,Zero
DATAFLOW,OECD.CFE.EDS:DSD_FUA_DEMO@DF_AGE_SEX(1.2),Population by age and sex - Cities and FUAs,I,USA212C,Baltimore,A,Annual,POP,Population,PS,Persons,_T,Total,_T,Total,_Z,Not applicable,CITY,City,_Z,Not applicable,2021,,1427245,,A,Normal value,0,Units,0,Zero
DATAFLOW,OECD.CFE.EDS:DSD_FUA_DEMO@DF_AGE_SEX(1.2),Population by age and sex - Cities and FUAs,I,USA05C,San Francisco (Greater),A,Annual,POP,Population,PS,Persons,_T,Total,_T,Total,_Z,Not applicable,CITY,City,_Z,Not applicable,2021,,6240817,,A,Normal value,0,Units,0,Zero
DATAFLOW,OECD.CFE.EDS:DSD_FUA_DEMO@DF_AGE_SEX(1.2),Population by age and sex - Cities and FUAs,I,USA06C,Philadelphia (Greater),A,Annual,POP,Population,PS,Persons,_T,Total,_T,Total,_Z,Not applicable,CITY,City,_Z,Not applicable,2021,,4127588,,A,Normal value,0,Units,0,Zero
DATAFLOW,OECD.CFE.EDS:DSD_FUA_DEMO@DF_AGE_SEX(1.2),Population by age and sex - Cities and FUAs,I,USA213C,Mercer,A,Annual,POP,Population,PS,Persons,_T,Total,_T,Total,_Z,Not applicable,CITY,City,_Z,Not applicable,2021,,382231,,A,Normal value,0,Units,0,Zero
DATAFLOW,OECD.CFE.EDS:DSD_FUA_DEMO@DF_AGE_SEX(1.2),Population by age and sex - Cities and FUAs,I,USA07C,Dallas,A,Annual,POP,Population,PS,Persons,_T,Total,_T,Total,_Z,Not applicable,CITY,City,_Z,Not applicable,2021,,6778294,,A,Normal value,0,Units,0,Zero
DATAFLOW,OECD.CFE.EDS:DSD_FUA_DEMO@DF_AGE_SEX(1.2),Population by age and sex - Cities and FUAs,I,USA08C,Houston,A,Annual,POP,Population,PS,Persons,_T,Total,_T,Total,_Z,Not applicable,CITY,City,_Z,Not applicable,2021,,5597259,,A,Normal value,0,Units,0,Zero
DATAFLOW,OECD.CFE.EDS:DSD_FUA_DEMO@DF_AGE_SEX(1.2),Population by age and sex - Cities and FUAs,I,USA09C,Miami (Greater),A,Annual,POP,Population,PS,Persons,_T,Total,_T,Total,_Z,Not applicable,CITY,City,_Z,Not applicable,2021,,6109257,,A,Normal value,0,Units,0,Zero
DATAFLOW,OECD.CFE.EDS:DSD_FUA_DEMO@DF_AGE_SEX(1.2),Population by age and sex - Cities and FUAs,I,USA100C,Escambia,A,Annual,POP,Population,PS,Persons,_T,Total,_T,Total,_Z,Not applicable,CITY,City,_Z,Not applicable,2021,,323468,,A,Normal value,0,Units,0,Zero
DATAFLOW,OECD.CFE.EDS:DSD_FUA_DEMO@DF_AGE_SEX(1.2),Population by age and sex - Cities and FUAs,I,USA101C,Caddo,A,Annual,POP,Population,PS,Persons,_T,Total,_T,Total,_Z,Not applicable,CITY,City,_Z,Not applicable,2021,,232645,,A,Normal value,0,Units,0,Zero
DATAFLOW,OECD.CFE.EDS:DSD_FUA_DEMO@DF_AGE_SEX(1.2),Population by age and sex - Cities and FUAs,I,USA102C,Tulare,A,Annual,POP,Population,PS,Persons,_T,Total,_T,Total,_Z,Not applicable,CITY,City,_Z,Not applicable,2021,,476939,,A,Normal value,0,Units,0,Zero
DATAFLOW,OECD.CFE.EDS:DSD_FUA_DEMO@DF_AGE_SEX(1.2),Population by age and sex - Cities and FUAs,I,USA103C,Newport News,A,Annual,POP,Population,PS,Persons,_T,Total,_T,Total,_Z,Not applicable,CITY,City,_Z,Not applicable,2021,,322497,,A,Normal value,0,Units,0,Zero
DATAFLOW,OECD.CFE.EDS:DSD_FUA_DEMO@DF_AGE_SEX(1.2),Population by age and sex - Cities and FUAs,I,USA104C,York,A,Annual,POP,Population,PS,Persons,_T,Total,_T,Total,_Z,Not applicable,CITY,City,_Z,Not applicable,2021,,459264,,A,Normal value,0,Units,0,Zero
DATAFLOW,OECD.CFE.EDS:DSD_FUA_DEMO@DF_AGE_SEX(1.2),Population by age and sex - Cities and FUAs,I,USA105C,Genesee,A,Annual,POP,Population,PS,Persons,_T,Total,_T,Total,_Z,Not applicable,CITY,City,_Z,Not applicable,2021,,404713,,A,Normal value,0,Units,0,Zero
DATAFLOW,OECD.CFE.EDS:DSD_FUA_DEMO@DF_AGE_SEX(1.2),Population by age and sex - Cities and FUAs,I,USA106C,Jefferson (TX),A,Annual,POP,Population,PS,Persons,_T,Total,_T,Total,_Z,Not applicable,CITY,City,_Z,Not applicable,2021,,253784,,A,Normal value,0,Units,0,Zero
DATAFLOW,OECD.CFE.EDS:DSD_FUA_DEMO@DF_AGE_SEX(1.2),Population by age and sex - Cities and FUAs,I,USA107C,Santa Barbara,A,Annual,POP,Population,PS,Persons,_T,Total,_T,Total,_Z,Not applicable,CITY,City,_Z,Not applicable,2021,,437117,,A,Normal value,0,Units,0,Zero
DATAFLOW,OECD.CFE.EDS:DSD_FUA_DEMO@DF_AGE_SEX(1.2),Population by age and sex - Cities and FUAs,I,USA108C,Lafayette,A,Annual,POP,Population,PS,Persons,_T,Total,_T,Total,_Z,Not applicable,CITY,City,_Z,Not applicable,2021,,244933,,A,Normal value,0,Units,0,Zero
DATAFLOW,OECD.CFE.EDS:DSD_FUA_DEMO@DF_AGE_SEX(1.2),Population by age and sex - Cities and FUAs,I,USA109C,Monterey,A,Annual,POP,Population,PS,Persons,_T,Total,_T,Total,_Z,Not applicable,CITY,City,_Z,Not applicable,2021,,439245,,A,Normal value,0,Units,0,Zero
DATAFLOW,OECD.CFE.EDS:DSD_FUA_DEMO@DF_AGE_SEX(1.2),Population by age and sex - Cities and FUAs,I,USA10C,Atlanta,A,Annual,POP,Population,PS,Persons,_T,Total,_T,Total,_Z,Not applicable,CITY,City,_Z,Not applicable,2021,,3086601,,A,Normal value,0,Units,0,Zero
DATAFLOW,OECD.CFE.EDS:DSD_FUA_DEMO@DF_AGE_SEX(1.2),Population by age and sex - Cities and FUAs,I,USA110C,Mobile,A,Annual,POP,Population,PS,Persons,_T,Total,_T,Total,_Z,Not applicable,CITY,City,_Z,Not applicable,2021,,413164,,A,Normal value,0,Units,0,Zero
DATAFLOW,OECD.CFE.EDS:DSD_FUA_DEMO@DF_AGE_SEX(1.2),Population by age and sex - Cities and FUAs,I,USA111C,Berks,A,Annual,POP,Population,PS,Persons,_T,Total,_T,Total,_Z,Not applicable,CITY,City,_Z,Not applicable,2021,,429698,,A,Normal value,0,Units,0,Zero
DATAFLOW,OECD.CFE.EDS:DSD_FUA_DEMO@DF_AGE_SEX(1.2),Population by age and sex - Cities and FUAs,I,USA112C,Cameron,A,Annual,POP,Population,PS,Persons,_T,Total,_T,Total,_Z,Not applicable,CITY,City,_Z,Not applicable,2021,,422805,,A,Normal value,0,Units,0,Zero
DATAFLOW,OECD.CFE.EDS:DSD_FUA_DEMO@DF_AGE_SEX(1.2),Population by age and sex - Cities and FUAs,I,USA113C,Bell,A,Annual,POP,Population,PS,Persons,_T,Total,_T,Total,_Z,Not applicable,CITY,City,_Z,Not applicable,2021,,380611,,A,Normal value,0,Units,0,Zero
DATAFLOW,OECD.CFE.EDS:DSD_FUA_DEMO@DF_AGE_SEX(1.2),Population by age and sex - Cities and FUAs,I,USA114C,Nueces,A,Annual,POP,Population,PS,Persons,_T,Total,_T,Total,_Z,Not applicable,CITY,City,_Z,Not applicable,2021,,353552,,A,Normal value,0,Units,0,Zero
DATAFLOW,OECD.CFE.EDS:DSD_FUA_DEMO@DF_AGE_SEX(1.2),Population by age and sex - Cities and FUAs,I,USA115C,Marion (OR),A,Annual,POP,Population,PS,Persons,_T,Total,_T,Total,_Z,Not applicable,CITY,City,_Z,Not applicable,2021,,347784,,A,Normal value,0,Units,0,Zero
DATAFLOW,OECD.CFE.EDS:DSD_FUA_DEMO@DF_AGE_SEX(1.2),Population by age and sex - Cities and FUAs,I,USA116C,Allen,A,Annual,POP,Population,PS,Persons,_T,Total,_T,Total,_Z,Not applicable,CITY,City,_Z,Not applicable,2021,,389220,,A,Normal value,0,Units,0,Zero
DATAFLOW,OECD.CFE.EDS:DSD_FUA_DEMO@DF_AGE_SEX(1.2),Population by age and sex - Cities and FUAs,I,USA117C,Scott,A,Annual,POP,Population,PS,Persons,_T,Total,_T,Total,_Z,Not applicable,CITY,City,_Z,Not applicable,2021,,317193,,A,Normal value,0,Units,0,Zero
DATAFLOW,OECD.CFE.EDS:DSD_FUA_DEMO@DF_AGE_SEX(1.2),Population by age and sex - Cities and FUAs,I,USA118C,Stark,A,Annual,POP,Population,PS,Persons,_T,Total,_T,Total,_Z,Not applicable,CITY,City,_Z,Not applicable,2021,,373861,,A,Normal value,0,Units,0,Zero
DATAFLOW,OECD.CFE.EDS:DSD_FUA_DEMO@DF_AGE_SEX(1.2),Population by age and sex - Cities and FUAs,I,USA119C,Tallahassee,A,Annual,POP,Population,PS,Persons,_T,Total,_T,Total,_Z,Not applicable,CITY,City,_Z,Not applicable,2021,,296057,,A,Normal value,0,Units,0,Zero
DATAFLOW,OECD.CFE.EDS:DSD_FUA_DEMO@DF_AGE_SEX(1.2),Population by age and sex - Cities and FUAs,I,USA11C,Boston,A,Annual,POP,Population,PS,Persons,_T,Total,_T,Total,_Z,Not applicable,CITY,City,_Z,Not applicable,2021,,3929054,,A,Normal value,0,Units,0,Zero
DATAFLOW,OECD.CFE.EDS:DSD_FUA_DEMO@DF_AGE_SEX(1.2),Population by age and sex - Cities and FUAs,I,USA120C,Cumberland (NC),A,Annual,POP,Population,PS,Persons,_T,Total,_T,Total,_Z,Not applicable,CITY,City,_Z,Not applicable,2021,,339623,,A,Normal value,0,Units,0,Zero
DATAFLOW,OECD.CFE.EDS:DSD_FUA_DEMO@DF_AGE_SEX(1.2),Population by age and sex - Cities and FUAs,I,USA121C,Lane,A,Annual,POP,Population,PS,Persons,_T,Total,_T,Total,_Z,Not applicable,CITY,City,_Z,Not applicable,2021,,386082,,A,Normal value,0,Units,0,Zero
DATAFLOW,OECD.CFE.EDS:DSD_FUA_DEMO@DF_AGE_SEX(1.2),Population by age and sex - Cities and FUAs,I,USA122C,Winnebago (IL),A,Annual,POP,Population,PS,Persons,_T,Total,_T,Total,_Z,Not applicable,CITY,City,_Z,Not applicable,2021,,283413,,A,Normal value,0,Units,0,Zero
DATAFLOW,OECD.CFE.EDS:DSD_FUA_DEMO@DF_AGE_SEX(1.2),Population by age and sex - Cities and FUAs,I,USA123C,Chatham,A,Annual,POP,Population,PS,Persons,_T,Total,_T,Total,_Z,Not applicable,CITY,City,_Z,Not applicable,2021,,295714,,A,Normal value,0,Units,0,Zero
DATAFLOW,OECD.CFE.EDS:DSD_FUA_DEMO@DF_AGE_SEX(1.2),Population by age and sex - Cities and FUAs,I,USA124C,Vanderburgh,A,Annual,POP,Population,PS,Persons,_T,Total,_T,Total,_Z,Not applicable,CITY,City,_Z,Not applicable,2021,,180188,,A,Normal value,0,Units,0,Zero
DATAFLOW,OECD.CFE.EDS:DSD_FUA_DEMO@DF_AGE_SEX(1.2),Population by age and sex - Cities and FUAs,I,USA125C,Washtenaw,A,Annual,POP,Population,PS,Persons,_T,Total,_T,Total,_Z,Not applicable,CITY,City,_Z,Not applicable,2021,,365041,,A,Normal value,0,Units,0,Zero
DATAFLOW,OECD.CFE.EDS:DSD_FUA_DEMO@DF_AGE_SEX(1.2),Population by age and sex - Cities and FUAs,I,USA126C,Lubbock,A,Annual,POP,Population,PS,Persons,_T,Total,_T,Total,_Z,Not applicable,CITY,City,_Z,Not applicable,2021,,314677,,A,Normal value,0,Units,0,Zero
DATAFLOW,OECD.CFE.EDS:DSD_FUA_DEMO@DF_AGE_SEX(1.2),Population by age and sex - Cities and FUAs,I,USA127C,Madison,A,Annual,POP,Population,PS,Persons,_T,Total,_T,Total,_Z,Not applicable,CITY,City,_Z,Not applicable,2021,,396663,,A,Normal value,0,Units,0,Zero
DATAFLOW,OECD.CFE.EDS:DSD_FUA_DEMO@DF_AGE_SEX(1.2),Population by age and sex - Cities and FUAs,I,USA128C,Marion (FL),A,Annual,POP,Population,PS,Persons,_T,Total,_T,Total,_Z,Not applicable,CITY,City,_Z,Not applicable,2021,,385024,,A,Normal value,0,Units,0,Zero
DATAFLOW,OECD.CFE.EDS:DSD_FUA_DEMO@DF_AGE_SEX(1.2),Population by age and sex - Cities and FUAs,I,USA129C,Peoria,A,Annual,POP,Population,PS,Persons,_T,Total,_T,Total,_Z,Not applicable,CITY,City,_Z,Not applicable,2021,,179847,,A,Normal value,0,Units,0,Zero
DATAFLOW,OECD.CFE.EDS:DSD_FUA_DEMO@DF_AGE_SEX(1.2),Population by age and sex - Cities and FUAs,I,USA12C,Phoenix,A,Annual,POP,Population,PS,Persons,_T,Total,_T,Total,_Z,Not applicable,CITY,City,_Z,Not applicable,2021,,4500147,,A,Normal value,0,Units,0,Zero
DATAFLOW,OECD.CFE.EDS:DSD_FUA_DEMO@DF_AGE_SEX(1.2),Population by age and sex - Cities and FUAs,I,USA130C,Collier,A,Annual,POP,Population,PS,Persons,_T,Total,_T,Total,_Z,Not applicable,CITY,City,_Z,Not applicable,2021,,387316,,A,Normal value,0,Units,0,Zero
DATAFLOW,OECD.CFE.EDS:DSD_FUA_DEMO@DF_AGE_SEX(1.2),Population by age and sex - Cities and FUAs,I,USA131C,Luzerne,A,Annual,POP,Population,PS,Persons,_T,Total,_T,Total,_Z,Not applicable,CITY,City,_Z,Not applicable,2021,,325975,,A,Normal value,0,Units,0,Zero
DATAFLOW,OECD.CFE.EDS:DSD_FUA_DEMO@DF_AGE_SEX(1.2),Population by age and sex - Cities and FUAs,I,USA132C,Lancaster (NE),A,Annual,POP,Population,PS,Persons,_T,Total,_T,Total,_Z,Not applicable,CITY,City,_Z,Not applicable,2021,,323407,,A,Normal value,0,Units,0,Zero
DATAFLOW,OECD.CFE.EDS:DSD_FUA_DEMO@DF_AGE_SEX(1.2),Population by age and sex - Cities and FUAs,I,USA133C,Thurston,A,Annual,POP,Population,PS,Persons,_T,Total,_T,Total,_Z,Not applicable,CITY,City,_Z,Not applicable,2021,,298241,,A,Normal value,0,Units,0,Zero
DATAFLOW,OECD.CFE.EDS:DSD_FUA_DEMO@DF_AGE_SEX(1.2),Population by age and sex - Cities and FUAs,I,USA134C,Sebastian,A,Annual,POP,Population,PS,Persons,_T,Total,_T,Total,_Z,Not applicable,CITY,City,_Z,Not applicable,2021,,128223,,A,Normal value,0,Units,0,Zero
DATAFLOW,OECD.CFE.EDS:DSD_FUA_DEMO@DF_AGE_SEX(1.2),Population by age and sex - Cities and FUAs,I,USA135C,Roanoke,A,Annual,POP,Population,PS,Persons,_T,Total,_T,Total,_Z,Not applicable,CITY,City,_Z,Not applicable,2021,,98717,,A,Normal value,0,Units,0,Zero
DATAFLOW,OECD.CFE.EDS:DSD_FUA_DEMO@DF_AGE_SEX(1.2),Population by age and sex - Cities and FUAs,I,USA136C,Muscogee,A,Annual,POP,Population,PS,Persons,_T,Total,_T,Total,_Z,Not applicable,CITY,City,_Z,Not applicable,2021,,205094,,A,Normal value,0,Units,0,Zero
DATAFLOW,OECD.CFE.EDS:DSD_FUA_DEMO@DF_AGE_SEX(1.2),Population by age and sex - Cities and FUAs,I,USA137C,Brown,A,Annual,POP,Population,PS,Persons,_T,Total,_T,Total,_Z,Not applicable,CITY,City,_Z,Not applicable,2021,,268948,,A,Normal value,0,Units,0,Zero
DATAFLOW,OECD.CFE.EDS:DSD_FUA_DEMO@DF_AGE_SEX(1.2),Population by age and sex - Cities and FUAs,I,USA138C,Alachua,A,Annual,POP,Population,PS,Persons,_T,Total,_T,Total,_Z,Not applicable,CITY,City,_Z,Not applicable,2021,,281710,,A,Normal value,0,Units,0,Zero
DATAFLOW,OECD.CFE.EDS:DSD_FUA_DEMO@DF_AGE_SEX(1.2),Population by age and sex - Cities and FUAs,I,USA139C,Larimer,A,Annual,POP,Population,PS,Persons,_T,Total,_T,Total,_Z,Not applicable,CITY,City,_Z,Not applicable,2021,,362785,,A,Normal value,0,Units,0,Zero
DATAFLOW,OECD.CFE.EDS:DSD_FUA_DEMO@DF_AGE_SEX(1.2),Population by age and sex - Cities and FUAs,I,USA13C,Detroit (Greater),A,Annual,POP,Population,PS,Persons,_T,Total,_T,Total,_Z,Not applicable,CITY,City,_Z,Not applicable,2021,,3925761,,A,Normal value,0,Units,0,Zero
DATAFLOW,OECD.CFE.EDS:DSD_FUA_DEMO@DF_AGE_SEX(1.2),Population by age and sex - Cities and FUAs,I,USA140C,Boulder,A,Annual,POP,Population,PS,Persons,_T,Total,_T,Total,_Z,Not applicable,CITY,City,_Z,Not applicable,2021,,327133,,A,Normal value,0,Units,0,Zero
DATAFLOW,OECD.CFE.EDS:DSD_FUA_DEMO@DF_AGE_SEX(1.2),Population by age and sex - Cities and FUAs,I,USA141C,Potter,A,Annual,POP,Population,PS,Persons,_T,Total,_T,Total,_Z,Not applicable,CITY,City,_Z,Not applicable,2021,,260567,,A,Normal value,0,Units,0,Zero
DATAFLOW,OECD.CFE.EDS:DSD_FUA_DEMO@DF_AGE_SEX(1.2),Population by age and sex - Cities and FUAs,I,USA142C,Cumberland (ME),A,Annual,POP,Population,PS,Persons,_T,Total,_T,Total,_Z,Not applicable,CITY,City,_Z,Not applicable,2021,,306152,,A,Normal value,0,Units,0,Zero
DATAFLOW,OECD.CFE.EDS:DSD_FUA_DEMO@DF_AGE_SEX(1.2),Population by age and sex - Cities and FUAs,I,USA143C,Erie (PA),A,Annual,POP,Population,PS,Persons,_T,Total,_T,Total,_Z,Not applicable,CITY,City,_Z,Not applicable,2021,,269455,,A,Normal value,0,Units,0,Zero
DATAFLOW,OECD.CFE.EDS:DSD_FUA_DEMO@DF_AGE_SEX(1.2),Population by age and sex - Cities and FUAs,I,USA144C,St. Lucie,A,Annual,POP,Population,PS,Persons,_T,Total,_T,Total,_Z,Not applicable,CITY,City,_Z,Not applicable,2021,,344300,,A,Normal value,0,Units,0,Zero
DATAFLOW,OECD.CFE.EDS:DSD_FUA_DEMO@DF_AGE_SEX(1.2),Population by age and sex - Cities and FUAs,I,USA145C,Nashville,A,Annual,POP,Population,PS,Persons,_T,Total,_T,Total,_Z,Not applicable,CITY,City,_Z,Not applicable,2021,,351241,,A,Normal value,0,Units,0,Zero
DATAFLOW,OECD.CFE.EDS:DSD_FUA_DEMO@DF_AGE_SEX(1.2),Population by age and sex - Cities and FUAs,I,USA146C,Atlantic City,A,Annual,POP,Population,PS,Persons,_T,Total,_T,Total,_Z,Not applicable,CITY,City,_Z,Not applicable,2021,,274991,,A,Normal value,0,Units,0,Zero
DATAFLOW,OECD.CFE.EDS:DSD_FUA_DEMO@DF_AGE_SEX(1.2),Population by age and sex - Cities and FUAs,I,USA147C,McLennan,A,Annual,POP,Population,PS,Persons,_T,Total,_T,Total,_Z,Not applicable,CITY,City,_Z,Not applicable,2021,,263751,,A,Normal value,0,Units,0,Zero
DATAFLOW,OECD.CFE.EDS:DSD_FUA_DEMO@DF_AGE_SEX(1.2),Population by age and sex - Cities and FUAs,I,USA148C,Durham,A,Annual,POP,Population,PS,Persons,_T,Total,_T,Total,_Z,Not applicable,CITY,City,_Z,Not applicable,2021,,326826,,A,Normal value,0,Units,0,Zero
DATAFLOW,OECD.CFE.EDS:DSD_FUA_DEMO@DF_AGE_SEX(1.2),Population by age and sex - Cities and FUAs,I,USA149C,Lackawanna,A,Annual,POP,Population,PS,Persons,_T,Total,_T,Total,_Z,Not applicable,CITY,City,_Z,Not applicable,2021,,216063,,A,Normal value,0,Units,0,Zero
DATAFLOW,OECD.CFE.EDS:DSD_FUA_DEMO@DF_AGE_SEX(1.2),Population by age and sex - Cities and FUAs,I,USA14C,Seattle,A,Annual,POP,Population,PS,Persons,_T,Total,_T,Total,_Z,Not applicable,CITY,City,_Z,Not applicable,2021,,4017215,,A,Normal value,0,Units,0,Zero
DATAFLOW,OECD.CFE.EDS:DSD_FUA_DEMO@DF_AGE_SEX(1.2),Population by age and sex - Cities and FUAs,I,USA150C,St. Joseph,A,Annual,POP,Population,PS,Persons,_T,Total,_T,Total,_Z,Not applicable,CITY,City,_Z,Not applicable,2021,,272315,,A,Normal value,0,Units,0,Zero
DATAFLOW,OECD.CFE.EDS:DSD_FUA_DEMO@DF_AGE_SEX(1.2),Population by age and sex - Cities and FUAs,I,USA151C,Santa Cruz,A,Annual,POP,Population,PS,Persons,_T,Total,_T,Total,_Z,Not applicable,CITY,City,_Z,Not applicable,2021,,260904,,A,Normal value,0,Units,0,Zero
DATAFLOW,OECD.CFE.EDS:DSD_FUA_DEMO@DF_AGE_SEX(1.2),Population by age and sex - Cities and FUAs,I,USA152C,Webb,A,Annual,POP,Population,PS,Persons,_T,Total,_T,Total,_Z,Not applicable,CITY,City,_Z,Not applicable,2021,,267465,,A,Normal value,0,Units,0,Zero
DATAFLOW,OECD.CFE.EDS:DSD_FUA_DEMO@DF_AGE_SEX(1.2),Population by age and sex - Cities and FUAs,I,USA153C,Minnehaha,A,Annual,POP,Population,PS,Persons,_T,Total,_T,Total,_Z,Not applicable,CITY,City,_Z,Not applicable,2021,,199947,,A,Normal value,0,Units,0,Zero
DATAFLOW,OECD.CFE.EDS:DSD_FUA_DEMO@DF_AGE_SEX(1.2),Population by age and sex - Cities and FUAs,I,USA154C,Merced,A,Annual,POP,Population,PS,Persons,_T,Total,_T,Total,_Z,Not applicable,CITY,City,_Z,Not applicable,2021,,284834,,A,Normal value,0,Units,0,Zero
DATAFLOW,OECD.CFE.EDS:DSD_FUA_DEMO@DF_AGE_SEX(1.2),Population by age and sex - Cities and FUAs,I,USA155C,Benton (WA),A,Annual,POP,Population,PS,Persons,_T,Total,_T,Total,_Z,Not applicable,CITY,City,_Z,Not applicable,2021,,210627,,A,Normal value,0,Units,0,Zero
DATAFLOW,OECD.CFE.EDS:DSD_FUA_DEMO@DF_AGE_SEX(1.2),Population by age and sex - Cities and FUAs,I,USA156C,Weld,A,Annual,POP,Population,PS,Persons,_T,Total,_T,Total,_Z,Not applicable,CITY,City,_Z,Not applicable,2021,,339942,,A,Normal value,0,Units,0,Zero
DATAFLOW,OECD.CFE.EDS:DSD_FUA_DEMO@DF_AGE_SEX(1.2),Population by age and sex - Cities and FUAs,I,USA157C,Kalamazoo,A,Annual,POP,Population,PS,Persons,_T,Total,_T,Total,_Z,Not applicable,CITY,City,_Z,Not applicable,2021,,260566,,A,Normal value,0,Units,0,Zero
DATAFLOW,OECD.CFE.EDS:DSD_FUA_DEMO@DF_AGE_SEX(1.2),Population by age and sex - Cities and FUAs,I,USA158C,Butte,A,Annual,POP,Population,PS,Persons,_T,Total,_T,Total,_Z,Not applicable,CITY,City,_Z,Not applicable,2021,,206351,,A,Normal value,0,Units,0,Zero
DATAFLOW,OECD.CFE.EDS:DSD_FUA_DEMO@DF_AGE_SEX(1.2),Population by age and sex - Cities and FUAs,I,USA159C,Sangamon,A,Annual,POP,Population,PS,Persons,_T,Total,_T,Total,_Z,Not applicable,CITY,City,_Z,Not applicable,2021,,195468,,A,Normal value,0,Units,0,Zero
DATAFLOW,OECD.CFE.EDS:DSD_FUA_DEMO@DF_AGE_SEX(1.2),Population by age and sex - Cities and FUAs,I,USA15C,Minneapolis,A,Annual,POP,Population,PS,Persons,_T,Total,_T,Total,_Z,Not applicable,CITY,City,_Z,Not applicable,2021,,2257084,,A,Normal value,0,Units,0,Zero
DATAFLOW,OECD.CFE.EDS:DSD_FUA_DEMO@DF_AGE_SEX(1.2),Population by age and sex - Cities and FUAs,I,USA160C,Yakima,A,Annual,POP,Population,PS,Persons,_T,Total,_T,Total,_Z,Not applicable,CITY,City,_Z,Not applicable,2021,,256743,,A,Normal value,0,Units,0,Zero
DATAFLOW,OECD.CFE.EDS:DSD_FUA_DEMO@DF_AGE_SEX(1.2),Population by age and sex - Cities and FUAs,I,USA161C,Brazos,A,Annual,POP,Population,PS,Persons,_T,Total,_T,Total,_Z,Not applicable,CITY,City,_Z,Not applicable,2021,,237637,,A,Normal value,0,Units,0,Zero
DATAFLOW,OECD.CFE.EDS:DSD_FUA_DEMO@DF_AGE_SEX(1.2),Population by age and sex - Cities and FUAs,I,USA162C,Tuscaloosa,A,Annual,POP,Population,PS,Persons,_T,Total,_T,Total,_Z,Not applicable,CITY,City,_Z,Not applicable,2021,,236699,,A,Normal value,0,Units,0,Zero
DATAFLOW,OECD.CFE.EDS:DSD_FUA_DEMO@DF_AGE_SEX(1.2),Population by age and sex - Cities and FUAs,I,USA163C,Champaign,A,Annual,POP,Population,PS,Persons,_T,Total,_T,Total,_Z,Not applicable,CITY,City,_Z,Not applicable,2021,,207232,,A,Normal value,0,Units,0,Zero
DATAFLOW,OECD.CFE.EDS:DSD_FUA_DEMO@DF_AGE_SEX(1.2),Population by age and sex - Cities and FUAs,I,USA164C,Linn,A,Annual,POP,Population,PS,Persons,_T,Total,_T,Total,_Z,Not applicable,CITY,City,_Z,Not applicable,2021,,229474,,A,Normal value,0,Units,0,Zero
DATAFLOW,OECD.CFE.EDS:DSD_FUA_DEMO@DF_AGE_SEX(1.2),Population by age and sex - Cities and FUAs,I,USA165C,Lafayette (IN),A,Annual,POP,Population,PS,Persons,_T,Total,_T,Total,_Z,Not applicable,CITY,City,_Z,Not applicable,2021,,187428,,A,Normal value,0,Units,0,Zero
DATAFLOW,OECD.CFE.EDS:DSD_FUA_DEMO@DF_AGE_SEX(1.2),Population by age and sex - Cities and FUAs,I,USA166C,Shawnee,A,Annual,POP,Population,PS,Persons,_T,Total,_T,Total,_Z,Not applicable,CITY,City,_Z,Not applicable,2021,,178424,,A,Normal value,0,Units,0,Zero
DATAFLOW,OECD.CFE.EDS:DSD_FUA_DEMO@DF_AGE_SEX(1.2),Population by age and sex - Cities and FUAs,I,USA167C,Weber,A,Annual,POP,Population,PS,Persons,_T,Total,_T,Total,_Z,Not applicable,CITY,City,_Z,Not applicable,2021,,266613,,A,Normal value,0,Units,0,Zero
DATAFLOW,OECD.CFE.EDS:DSD_FUA_DEMO@DF_AGE_SEX(1.2),Population by age and sex - Cities and FUAs,I,USA168C,Outagamie,A,Annual,POP,Population,PS,Persons,_T,Total,_T,Total,_Z,Not applicable,CITY,City,_Z,Not applicable,2021,,191380,,A,Normal value,0,Units,0,Zero
DATAFLOW,OECD.CFE.EDS:DSD_FUA_DEMO@DF_AGE_SEX(1.2),Population by age and sex - Cities and FUAs,I,USA169C,Cass,A,Annual,POP,Population,PS,Persons,_T,Total,_T,Total,_Z,Not applicable,CITY,City,_Z,Not applicable,2021,,189330,,A,Normal value,0,Units,0,Zero
DATAFLOW,OECD.CFE.EDS:DSD_FUA_DEMO@DF_AGE_SEX(1.2),Population by age and sex - Cities and FUAs,I,USA16C,San Diego,A,Annual,POP,Population,PS,Persons,_T,Total,_T,Total,_Z,Not applicable,CITY,City,_Z,Not applicable,2021,,3274244,,A,Normal value,0,Units,0,Zero
DATAFLOW,OECD.CFE.EDS:DSD_FUA_DEMO@DF_AGE_SEX(1.2),Population by age and sex - Cities and FUAs,I,USA170C,Benton (AR),A,Annual,POP,Population,PS,Persons,_T,Total,_T,Total,_Z,Not applicable,CITY,City,_Z,Not applicable,2021,,294168,,A,Normal value,0,Units,0,Zero
DATAFLOW,OECD.CFE.EDS:DSD_FUA_DEMO@DF_AGE_SEX(1.2),Population by age and sex - Cities and FUAs,I,USA171C,Las Cruces,A,Annual,POP,Population,PS,Persons,_T,Total,_T,Total,_Z,Not applicable,CITY,City,_Z,Not applicable,2021,,221756,,A,Normal value,0,Units,0,Zero
DATAFLOW,OECD.CFE.EDS:DSD_FUA_DEMO@DF_AGE_SEX(1.2),Population by age and sex - Cities and FUAs,I,USA172C,Rochester (MN),A,Annual,POP,Population,PS,Persons,_T,Total,_T,Total,_Z,Not applicable,CITY,City,_Z,Not applicable,2021,,163755,,A,Normal value,0,Units,0,Zero
DATAFLOW,OECD.CFE.EDS:DSD_FUA_DEMO@DF_AGE_SEX(1.2),Population by age and sex - Cities and FUAs,I,USA173C,Jackson (OR),A,Annual,POP,Population,PS,Persons,_T,Total,_T,Total,_Z,Not applicable,CITY,City,_Z,Not applicable,2021,,224649,,A,Normal value,0,Units,0,Zero
DATAFLOW,OECD.CFE.EDS:DSD_FUA_DEMO@DF_AGE_SEX(1.2),Population by age and sex - Cities and FUAs,I,USA174C,New Hanover,A,Annual,POP,Population,PS,Persons,_T,Total,_T,Total,_Z,Not applicable,CITY,City,_Z,Not applicable,2021,,230167,,A,Normal value,0,Units,0,Zero
DATAFLOW,OECD.CFE.EDS:DSD_FUA_DEMO@DF_AGE_SEX(1.2),Population by age and sex - Cities and FUAs,I,USA175C,Whatcom,A,Annual,POP,Population,PS,Persons,_T,Total,_T,Total,_Z,Not applicable,CITY,City,_Z,Not applicable,2021,,226725,,A,Normal value,0,Units,0,Zero
DATAFLOW,OECD.CFE.EDS:DSD_FUA_DEMO@DF_AGE_SEX(1.2),Population by age and sex - Cities and FUAs,I,USA176C,Broome,A,Annual,POP,Population,PS,Persons,_T,Total,_T,Total,_Z,Not applicable,CITY,City,_Z,Not applicable,2021,,198596,,A,Normal value,0,Units,0,Zero
DATAFLOW,OECD.CFE.EDS:DSD_FUA_DEMO@DF_AGE_SEX(1.2),Population by age and sex - Cities and FUAs,I,USA177C,Saginaw,A,Annual,POP,Population,PS,Persons,_T,Total,_T,Total,_Z,Not applicable,CITY,City,_Z,Not applicable,2021,,189533,,A,Normal value,0,Units,0,Zero
DATAFLOW,OECD.CFE.EDS:DSD_FUA_DEMO@DF_AGE_SEX(1.2),Population by age and sex - Cities and FUAs,I,USA178C,Yuma,A,Annual,POP,Population,PS,Persons,_T,Total,_T,Total,_Z,Not applicable,CITY,City,_Z,Not applicable,2021,,207743,,A,Normal value,0,Units,0,Zero
DATAFLOW,OECD.CFE.EDS:DSD_FUA_DEMO@DF_AGE_SEX(1.2),Population by age and sex - Cities and FUAs,I,USA179C,Racine,A,Annual,POP,Population,PS,Persons,_T,Total,_T,Total,_Z,Not applicable,CITY,City,_Z,Not applicable,2021,,196829,,A,Normal value,0,Units,0,Zero
DATAFLOW,OECD.CFE.EDS:DSD_FUA_DEMO@DF_AGE_SEX(1.2),Population by age and sex - Cities and FUAs,I,USA17C,St. Louis,A,Annual,POP,Population,PS,Persons,_T,Total,_T,Total,_Z,Not applicable,CITY,City,_Z,Not applicable,2021,,1702784,,A,Normal value,0,Units,0,Zero
DATAFLOW,OECD.CFE.EDS:DSD_FUA_DEMO@DF_AGE_SEX(1.2),Population by age and sex - Cities and FUAs,I,USA180C,Punta Gorda,A,Annual,POP,Population,PS,Persons,_T,Total,_T,Total,_Z,Not applicable,CITY,City,_Z,Not applicable,2021,,194982,,A,Normal value,0,Units,0,Zero
DATAFLOW,OECD.CFE.EDS:DSD_FUA_DEMO@DF_AGE_SEX(1.2),Population by age and sex - Cities and FUAs,I,USA181C,Benton (MN),A,Annual,POP,Population,PS,Persons,_T,Total,_T,Total,_Z,Not applicable,CITY,City,_Z,Not applicable,2021,,41538,,A,Normal value,0,Units,0,Zero
DATAFLOW,OECD.CFE.EDS:DSD_FUA_DEMO@DF_AGE_SEX(1.2),Population by age and sex - Cities and FUAs,I,USA182C,Harrison,A,Annual,POP,Population,PS,Persons,_T,Total,_T,Total,_Z,Not applicable,CITY,City,_Z,Not applicable,2021,,209526,,A,Normal value,0,Units,0,Zero
DATAFLOW,OECD.CFE.EDS:DSD_FUA_DEMO@DF_AGE_SEX(1.2),Population by age and sex - Cities and FUAs,I,USA183C,McLean,A,Annual,POP,Population,PS,Persons,_T,Total,_T,Total,_Z,Not applicable,CITY,City,_Z,Not applicable,2021,,171411,,A,Normal value,0,Units,0,Zero
DATAFLOW,OECD.CFE.EDS:DSD_FUA_DEMO@DF_AGE_SEX(1.2),Population by age and sex - Cities and FUAs,I,USA184C,Woodbury,A,Annual,POP,Population,PS,Persons,_T,Total,_T,Total,_Z,Not applicable,CITY,City,_Z,Not applicable,2021,,127088,,A,Normal value,0,Units,0,Zero
DATAFLOW,OECD.CFE.EDS:DSD_FUA_DEMO@DF_AGE_SEX(1.2),Population by age and sex - Cities and FUAs,I,USA185C,Tampa-Hernando,A,Annual,POP,Population,PS,Persons,_T,Total,_T,Total,_Z,Not applicable,CITY,City,_Z,Not applicable,2021,,200727,,A,Normal value,0,Units,0,Zero
DATAFLOW,OECD.CFE.EDS:DSD_FUA_DEMO@DF_AGE_SEX(1.2),Population by age and sex - Cities and FUAs,I,USA186C,Muskegon,A,Annual,POP,Population,PS,Persons,_T,Total,_T,Total,_Z,Not applicable,CITY,City,_Z,Not applicable,2021,,175581,,A,Normal value,0,Units,0,Zero
DATAFLOW,OECD.CFE.EDS:DSD_FUA_DEMO@DF_AGE_SEX(1.2),Population by age and sex - Cities and FUAs,I,USA187C,Johnson,A,Annual,POP,Population,PS,Persons,_T,Total,_T,Total,_Z,Not applicable,CITY,City,_Z,Not applicable,2021,,155047,,A,Normal value,0,Units,0,Zero
DATAFLOW,OECD.CFE.EDS:DSD_FUA_DEMO@DF_AGE_SEX(1.2),Population by age and sex - Cities and FUAs,I,USA188C,Taylor,A,Annual,POP,Population,PS,Persons,_T,Total,_T,Total,_Z,Not applicable,CITY,City,_Z,Not applicable,2021,,143909,,A,Normal value,0,Units,0,Zero
DATAFLOW,OECD.CFE.EDS:DSD_FUA_DEMO@DF_AGE_SEX(1.2),Population by age and sex - Cities and FUAs,I,USA189C,Pitt,A,Annual,POP,Population,PS,Persons,_T,Total,_T,Total,_Z,Not applicable,CITY,City,_Z,Not applicable,2021,,175491,,A,Normal value,0,Units,0,Zero
DATAFLOW,OECD.CFE.EDS:DSD_FUA_DEMO@DF_AGE_SEX(1.2),Population by age and sex - Cities and FUAs,I,USA18C,Denver,A,Annual,POP,Population,PS,Persons,_T,Total,_T,Total,_Z,Not applicable,CITY,City,_Z,Not applicable,2021,,2918195,,A,Normal value,0,Units,0,Zero
DATAFLOW,OECD.CFE.EDS:DSD_FUA_DEMO@DF_AGE_SEX(1.2),Population by age and sex - Cities and FUAs,I,USA190C,Winnebago (WI),A,Annual,POP,Population,PS,Persons,_T,Total,_T,Total,_Z,Not applicable,CITY,City,_Z,Not applicable,2021,,170590,,A,Normal value,0,Units,0,Zero
DATAFLOW,OECD.CFE.EDS:DSD_FUA_DEMO@DF_AGE_SEX(1.2),Population by age and sex - Cities and FUAs,I,USA191C,Sutter,A,Annual,POP,Population,PS,Persons,_T,Total,_T,Total,_Z,Not applicable,CITY,City,_Z,Not applicable,2021,,99121,,A,Normal value,0,Units,0,Zero
DATAFLOW,OECD.CFE.EDS:DSD_FUA_DEMO@DF_AGE_SEX(1.2),Population by age and sex - Cities and FUAs,I,USA192C,Rock,A,Annual,POP,Population,PS,Persons,_T,Total,_T,Total,_Z,Not applicable,CITY,City,_Z,Not applicable,2021,,164128,,A,Normal value,0,Units,0,Zero
DATAFLOW,OECD.CFE.EDS:DSD_FUA_DEMO@DF_AGE_SEX(1.2),Population by age and sex - Cities and FUAs,I,USA193C,Pueblo,A,Annual,POP,Population,PS,Persons,_T,Total,_T,Total,_Z,Not applicable,CITY,City,_Z,Not applicable,2021,,169354,,A,Normal value,0,Units,0,Zero
DATAFLOW,OECD.CFE.EDS:DSD_FUA_DEMO@DF_AGE_SEX(1.2),Population by age and sex - Cities and FUAs,I,USA194C,Centre,A,Annual,POP,Population,PS,Persons,_T,Total,_T,Total,_Z,Not applicable,CITY,City,_Z,Not applicable,2021,,158008,,A,Normal value,0,Units,0,Zero
DATAFLOW,OECD.CFE.EDS:DSD_FUA_DEMO@DF_AGE_SEX(1.2),Population by age and sex - Cities and FUAs,I,USA195C,Yellowstone,A,Annual,POP,Population,PS,Persons,_T,Total,_T,Total,_Z,Not applicable,CITY,City,_Z,Not applicable,2021,,167448,,A,Normal value,0,Units,0,Zero
DATAFLOW,OECD.CFE.EDS:DSD_FUA_DEMO@DF_AGE_SEX(1.2),Population by age and sex - Cities and FUAs,I,USA196C,Wichita,A,Annual,POP,Population,PS,Persons,_T,Total,_T,Total,_Z,Not applicable,CITY,City,_Z,Not applicable,2021,,130105,,A,Normal value,0,Units,0,Zero
DATAFLOW,OECD.CFE.EDS:DSD_FUA_DEMO@DF_AGE_SEX(1.2),Population by age and sex - Cities and FUAs,I,USA197C,Washington (MD),A,Annual,POP,Population,PS,Persons,_T,Total,_T,Total,_Z,Not applicable,CITY,City,_Z,Not applicable,2021,,155117,,A,Normal value,0,Units,0,Zero
DATAFLOW,OECD.CFE.EDS:DSD_FUA_DEMO@DF_AGE_SEX(1.2),Population by age and sex - Cities and FUAs,I,USA198C,Mesa,A,Annual,POP,Population,PS,Persons,_T,Total,_T,Total,_Z,Not applicable,CITY,City,_Z,Not applicable,2021,,157458,,A,Normal value,0,Units,0,Zero
DATAFLOW,OECD.CFE.EDS:DSD_FUA_DEMO@DF_AGE_SEX(1.2),Population by age and sex - Cities and FUAs,I,USA199C,Midland,A,Annual,POP,Population,PS,Persons,_T,Total,_T,Total,_Z,Not applicable,CITY,City,_Z,Not applicable,2021,,168629,,A,Normal value,0,Units,0,Zero
DATAFLOW,OECD.CFE.EDS:DSD_FUA_DEMO@DF_AGE_SEX(1.2),Population by age and sex - Cities and FUAs,I,USA19C,San Antonio,A,Annual,POP,Population,PS,Persons,_T,Total,_T,Total,_Z,Not applicable,CITY,City,_Z,Not applicable,2021,,2031319,,A,Normal value,0,Units,0,Zero
DATAFLOW,OECD.CFE.EDS:DSD_FUA_DEMO@DF_AGE_SEX(1.2),Population by age and sex - Cities and FUAs,I,USA200C,Ector,A,Annual,POP,Population,PS,Persons,_T,Total,_T,Total,_Z,Not applicable,CITY,City,_Z,Not applicable,2021,,160809,,A,Normal value,0,Units,0,Zero
DATAFLOW,OECD.CFE.EDS:DSD_FUA_DEMO@DF_AGE_SEX(1.2),Population by age and sex - Cities and FUAs,I,USA201C,Comanche,A,Annual,POP,Population,PS,Persons,_T,Total,_T,Total,_Z,Not applicable,CITY,City,_Z,Not applicable,2021,,122325,,A,Normal value,0,Units,0,Zero
DATAFLOW,OECD.CFE.EDS:DSD_FUA_DEMO@DF_AGE_SEX(1.2),Population by age and sex - Cities and FUAs,I,USA202C,Indian River,A,Annual,POP,Population,PS,Persons,_T,Total,_T,Total,_Z,Not applicable,CITY,City,_Z,Not applicable,2021,,163903,,A,Normal value,0,Units,0,Zero
DATAFLOW,OECD.CFE.EDS:DSD_FUA_DEMO@DF_AGE_SEX(1.2),Population by age and sex - Cities and FUAs,I,USA203C,Monroe (IN),A,Annual,POP,Population,PS,Persons,_T,Total,_T,Total,_Z,Not applicable,CITY,City,_Z,Not applicable,2021,,141243,,A,Normal value,0,Units,0,Zero
DATAFLOW,OECD.CFE.EDS:DSD_FUA_DEMO@DF_AGE_SEX(1.2),Population by age and sex - Cities and FUAs,I,USA204C,Napa,A,Annual,POP,Population,PS,Persons,_T,Total,_T,Total,_Z,Not applicable,CITY,City,_Z,Not applicable,2021,,136219,,A,Normal value,0,Units,0,Zero
DATAFLOW,OECD.CFE.EDS:DSD_FUA_DEMO@DF_AGE_SEX(1.2),Population by age and sex - Cities and FUAs,I,USA205C,Delaware,A,Annual,POP,Population,PS,Persons,_T,Total,_T,Total,_Z,Not applicable,CITY,City,_Z,Not applicable,2021,,112059,,A,Normal value,0,Units,0,Zero
DATAFLOW,OECD.CFE.EDS:DSD_FUA_DEMO@DF_AGE_SEX(1.2),Population by age and sex - Cities and FUAs,I,USA206C,Kankakee,A,Annual,POP,Population,PS,Persons,_T,Total,_T,Total,_Z,Not applicable,CITY,City,_Z,Not applicable,2021,,106757,,A,Normal value,0,Units,0,Zero
DATAFLOW,OECD.CFE.EDS:DSD_FUA_DEMO@DF_AGE_SEX(1.2),Population by age and sex - Cities and FUAs,I,USA207C,Terrebonne,A,Annual,POP,Population,PS,Persons,_T,Total,_T,Total,_Z,Not applicable,CITY,City,_Z,Not applicable,2021,,108973,,A,Normal value,0,Units,0,Zero
DATAFLOW,OECD.CFE.EDS:DSD_FUA_DEMO@DF_AGE_SEX(1.2),Population by age and sex - Cities and FUAs,I,USA208C,Douglas (KS),A,Annual,POP,Population,PS,Persons,_T,Total,_T,Total,_Z,Not applicable,CITY,City,_Z,Not applicable,2021,,119503,,A,Normal value,0,Units,0,Zero
DATAFLOW,OECD.CFE.EDS:DSD_FUA_DEMO@DF_AGE_SEX(1.2),Population by age and sex - Cities and FUAs,I,USA209C,Flagler-Daytona Beach,A,Annual,POP,Population,PS,Persons,_T,Total,_T,Total,_Z,Not applicable,CITY,City,_Z,Not applicable,2021,,120996,,A,Normal value,0,Units,0,Zero
DATAFLOW,OECD.CFE.EDS:DSD_FUA_DEMO@DF_AGE_SEX(1.2),Population by age and sex - Cities and FUAs,I,USA20C,Portland,A,Annual,POP,Population,PS,Persons,_T,Total,_T,Total,_Z,Not applicable,CITY,City,_Z,Not applicable,2021,,1919952,,A,Normal value,0,Units,0,Zero
DATAFLOW,OECD.CFE.EDS:DSD_FUA_DEMO@DF_AGE_SEX(1.2),Population by age and sex - Cities and FUAs,I,USA210C,Sumter,A,Annual,POP,Population,PS,Persons,_T,Total,_T,Total,_Z,Not applicable,CITY,City,_Z,Not applicable,2021,,134908,,A,Normal value,0,Units,0,Zero
DATAFLOW,OECD.CFE.EDS:DSD_FUA_DEMO@DF_AGE_SEX(1.2),Population by age and sex - Cities and FUAs,I,USA211C,Maverick,A,Annual,POP,Population,PS,Persons,_T,Total,_T,Total,_Z,Not applicable,CITY,City,_Z,Not applicable,2021,,57690,,A,Normal value,0,Units,0,Zero
DATAFLOW,OECD.CFE.EDS:DSD_FUA_DEMO@DF_AGE_SEX(1.2),Population by age and sex - Cities and FUAs,I,USA21C,Cincinnati,A,Annual,POP,Population,PS,Persons,_T,Total,_T,Total,_Z,Not applicable,CITY,City,_Z,Not applicable,2021,,997205,,A,Normal value,0,Units,0,Zero
DATAFLOW,OECD.CFE.EDS:DSD_FUA_DEMO@DF_AGE_SEX(1.2),Population by age and sex - Cities and FUAs,I,USA22C,Las Vegas,A,Annual,POP,Population,PS,Persons,_T,Total,_T,Total,_Z,Not applicable,CITY,City,_Z,Not applicable,2021,,2296651,,A,Normal value,0,Units,0,Zero
DATAFLOW,OECD.CFE.EDS:DSD_FUA_DEMO@DF_AGE_SEX(1.2),Population by age and sex - Cities and FUAs,I,USA23C,Orange,A,Annual,POP,Population,PS,Persons,_T,Total,_T,Total,_Z,Not applicable,CITY,City,_Z,Not applicable,2021,,1898844,,A,Normal value,0,Units,0,Zero
DATAFLOW,OECD.CFE.EDS:DSD_FUA_DEMO@DF_AGE_SEX(1.2),Population by age and sex - Cities and FUAs,I,USA24C,Jackson (MO),A,Annual,POP,Population,PS,Persons,_T,Total,_T,Total,_Z,Not applicable,CITY,City,_Z,Not applicable,2021,,1500234,,A,Normal value,0,Units,0,Zero
DATAFLOW,OECD.CFE.EDS:DSD_FUA_DEMO@DF_AGE_SEX(1.2),Population by age and sex - Cities and FUAs,I,USA25C,Indianapolis,A,Annual,POP,Population,PS,Persons,_T,Total,_T,Total,_Z,Not applicable,CITY,City,_Z,Not applicable,2021,,1329373,,A,Normal value,0,Units,0,Zero
DATAFLOW,OECD.CFE.EDS:DSD_FUA_DEMO@DF_AGE_SEX(1.2),Population by age and sex - Cities and FUAs,I,USA26C,Cuyahoga,A,Annual,POP,Population,PS,Persons,_T,Total,_T,Total,_Z,Not applicable,CITY,City,_Z,Not applicable,2021,,1479996,,A,Normal value,0,Units,0,Zero
DATAFLOW,OECD.CFE.EDS:DSD_FUA_DEMO@DF_AGE_SEX(1.2),Population by age and sex - Cities and FUAs,I,USA27C,New Haven,A,Annual,POP,Population,PS,Persons,_T,Total,_T,Total,_Z,Not applicable,CITY,City,_Z,Not applicable,2021,,1021056,,A,Normal value,0,Units,0,Zero
DATAFLOW,OECD.CFE.EDS:DSD_FUA_DEMO@DF_AGE_SEX(1.2),Population by age and sex - Cities and FUAs,I,USA28C,Charlotte,A,Annual,POP,Population,PS,Persons,_T,Total,_T,Total,_Z,Not applicable,CITY,City,_Z,Not applicable,2021,,1125279,,A,Normal value,0,Units,0,Zero
DATAFLOW,OECD.CFE.EDS:DSD_FUA_DEMO@DF_AGE_SEX(1.2),Population by age and sex - Cities and FUAs,I,USA29C,Sacramento,A,Annual,POP,Population,PS,Persons,_T,Total,_T,Total,_Z,Not applicable,CITY,City,_Z,Not applicable,2021,,2215337,,A,Normal value,0,Units,0,Zero
DATAFLOW,OECD.CFE.EDS:DSD_FUA_DEMO@DF_AGE_SEX(1.2),Population by age and sex - Cities and FUAs,I,USA30C,Austin,A,Annual,POP,Population,PS,Persons,_T,Total,_T,Total,_Z,Not applicable,CITY,City,_Z,Not applicable,2021,,1953853,,A,Normal value,0,Units,0,Zero
DATAFLOW,OECD.CFE.EDS:DSD_FUA_DEMO@DF_AGE_SEX(1.2),Population by age and sex - Cities and FUAs,I,USA31C,Columbus,A,Annual,POP,Population,PS,Persons,_T,Total,_T,Total,_Z,Not applicable,CITY,City,_Z,Not applicable,2021,,1317840,,A,Normal value,0,Units,0,Zero
DATAFLOW,OECD.CFE.EDS:DSD_FUA_DEMO@DF_AGE_SEX(1.2),Population by age and sex - Cities and FUAs,I,USA32C,Milwaukee,A,Annual,POP,Population,PS,Persons,_T,Total,_T,Total,_Z,Not applicable,CITY,City,_Z,Not applicable,2021,,924469,,A,Normal value,0,Units,0,Zero
DATAFLOW,OECD.CFE.EDS:DSD_FUA_DEMO@DF_AGE_SEX(1.2),Population by age and sex - Cities and FUAs,I,USA33C,Jacksonville,A,Annual,POP,Population,PS,Persons,_T,Total,_T,Total,_Z,Not applicable,CITY,City,_Z,Not applicable,2021,,1002908,,A,Normal value,0,Units,0,Zero
DATAFLOW,OECD.CFE.EDS:DSD_FUA_DEMO@DF_AGE_SEX(1.2),Population by age and sex - Cities and FUAs,I,USA34C,Salt Lake,A,Annual,POP,Population,PS,Persons,_T,Total,_T,Total,_Z,Not applicable,CITY,City,_Z,Not applicable,2021,,1554042,,A,Normal value,0,Units,0,Zero
DATAFLOW,OECD.CFE.EDS:DSD_FUA_DEMO@DF_AGE_SEX(1.2),Population by age and sex - Cities and FUAs,I,USA35C,Tampa-Pinellas,A,Annual,POP,Population,PS,Persons,_T,Total,_T,Total,_Z,Not applicable,CITY,City,_Z,Not applicable,2021,,959703,,A,Normal value,0,Units,0,Zero
DATAFLOW,OECD.CFE.EDS:DSD_FUA_DEMO@DF_AGE_SEX(1.2),Population by age and sex - Cities and FUAs,I,USA36C,Jefferson (KY),A,Annual,POP,Population,PS,Persons,_T,Total,_T,Total,_Z,Not applicable,CITY,City,_Z,Not applicable,2021,,777624,,A,Normal value,0,Units,0,Zero
DATAFLOW,OECD.CFE.EDS:DSD_FUA_DEMO@DF_AGE_SEX(1.2),Population by age and sex - Cities and FUAs,I,USA37C,Memphis,A,Annual,POP,Population,PS,Persons,_T,Total,_T,Total,_Z,Not applicable,CITY,City,_Z,Not applicable,2021,,923255,,A,Normal value,0,Units,0,Zero
DATAFLOW,OECD.CFE.EDS:DSD_FUA_DEMO@DF_AGE_SEX(1.2),Population by age and sex - Cities and FUAs,I,USA38C,Davidson,A,Annual,POP,Population,PS,Persons,_T,Total,_T,Total,_Z,Not applicable,CITY,City,_Z,Not applicable,2021,,700966,,A,Normal value,0,Units,0,Zero
DATAFLOW,OECD.CFE.EDS:DSD_FUA_DEMO@DF_AGE_SEX(1.2),Population by age and sex - Cities and FUAs,I,USA39C,Oklahoma,A,Annual,POP,Population,PS,Persons,_T,Total,_T,Total,_Z,Not applicable,CITY,City,_Z,Not applicable,2021,,1098126,,A,Normal value,0,Units,0,Zero
DATAFLOW,OECD.CFE.EDS:DSD_FUA_DEMO@DF_AGE_SEX(1.2),Population by age and sex - Cities and FUAs,I,USA40C,Hartford,A,Annual,POP,Population,PS,Persons,_T,Total,_T,Total,_Z,Not applicable,CITY,City,_Z,Not applicable,2021,,971938,,A,Normal value,0,Units,0,Zero
DATAFLOW,OECD.CFE.EDS:DSD_FUA_DEMO@DF_AGE_SEX(1.2),Population by age and sex - Cities and FUAs,I,USA41C,Pittsburgh,A,Annual,POP,Population,PS,Persons,_T,Total,_T,Total,_Z,Not applicable,CITY,City,_Z,Not applicable,2021,,1245440,,A,Normal value,0,Units,0,Zero
DATAFLOW,OECD.CFE.EDS:DSD_FUA_DEMO@DF_AGE_SEX(1.2),Population by age and sex - Cities and FUAs,I,USA42C,New Orleans,A,Annual,POP,Population,PS,Persons,_T,Total,_T,Total,_Z,Not applicable,CITY,City,_Z,Not applicable,2021,,856086,,A,Normal value,0,Units,0,Zero
DATAFLOW,OECD.CFE.EDS:DSD_FUA_DEMO@DF_AGE_SEX(1.2),Population by age and sex - Cities and FUAs,I,USA43C,Virginia Beach,A,Annual,POP,Population,PS,Persons,_T,Total,_T,Total,_Z,Not applicable,CITY,City,_Z,Not applicable,2021,,1042951,,A,Normal value,0,Units,0,Zero
DATAFLOW,OECD.CFE.EDS:DSD_FUA_DEMO@DF_AGE_SEX(1.2),Population by age and sex - Cities and FUAs,I,USA44C,Erie (NY),A,Annual,POP,Population,PS,Persons,_T,Total,_T,Total,_Z,Not applicable,CITY,City,_Z,Not applicable,2021,,953023,,A,Normal value,0,Units,0,Zero
DATAFLOW,OECD.CFE.EDS:DSD_FUA_DEMO@DF_AGE_SEX(1.2),Population by age and sex - Cities and FUAs,I,USA45C,Fresno (Greater),A,Annual,POP,Population,PS,Persons,_T,Total,_T,Total,_Z,Not applicable,CITY,City,_Z,Not applicable,2021,,1012879,,A,Normal value,0,Units,0,Zero
DATAFLOW,OECD.CFE.EDS:DSD_FUA_DEMO@DF_AGE_SEX(1.2),Population by age and sex - Cities and FUAs,I,USA46C,Richmond (Greater),A,Annual,POP,Population,PS,Persons,_T,Total,_T,Total,_Z,Not applicable,CITY,City,_Z,Not applicable,2021,,227164,,A,Normal value,0,Units,0,Zero
DATAFLOW,OECD.CFE.EDS:DSD_FUA_DEMO@DF_AGE_SEX(1.2),Population by age and sex - Cities and FUAs,I,USA47C,Wake,A,Annual,POP,Population,PS,Persons,_T,Total,_T,Total,_Z,Not applicable,CITY,City,_Z,Not applicable,2021,,1152626,,A,Normal value,0,Units,0,Zero
DATAFLOW,OECD.CFE.EDS:DSD_FUA_DEMO@DF_AGE_SEX(1.2),Population by age and sex - Cities and FUAs,I,USA48C,Jefferson (AL),A,Annual,POP,Population,PS,Persons,_T,Total,_T,Total,_Z,Not applicable,CITY,City,_Z,Not applicable,2021,,669677,,A,Normal value,0,Units,0,Zero
DATAFLOW,OECD.CFE.EDS:DSD_FUA_DEMO@DF_AGE_SEX(1.2),Population by age and sex - Cities and FUAs,I,USA49C,Tampa-Hillsborough,A,Annual,POP,Population,PS,Persons,_T,Total,_T,Total,_Z,Not applicable,CITY,City,_Z,Not applicable,2021,,1484844,,A,Normal value,0,Units,0,Zero
DATAFLOW,OECD.CFE.EDS:DSD_FUA_DEMO@DF_AGE_SEX(1.2),Population by age and sex - Cities and FUAs,I,USA50C,Pima,A,Annual,POP,Population,PS,Persons,_T,Total,_T,Total,_Z,Not applicable,CITY,City,_Z,Not applicable,2021,,1049083,,A,Normal value,0,Units,0,Zero
DATAFLOW,OECD.CFE.EDS:DSD_FUA_DEMO@DF_AGE_SEX(1.2),Population by age and sex - Cities and FUAs,I,USA51C,Tulsa,A,Annual,POP,Population,PS,Persons,_T,Total,_T,Total,_Z,Not applicable,CITY,City,_Z,Not applicable,2021,,674123,,A,Normal value,0,Units,0,Zero
DATAFLOW,OECD.CFE.EDS:DSD_FUA_DEMO@DF_AGE_SEX(1.2),Population by age and sex - Cities and FUAs,I,USA52C,Albany,A,Annual,POP,Population,PS,Persons,_T,Total,_T,Total,_Z,Not applicable,CITY,City,_Z,Not applicable,2021,,476883,,A,Normal value,0,Units,0,Zero
DATAFLOW,OECD.CFE.EDS:DSD_FUA_DEMO@DF_AGE_SEX(1.2),Population by age and sex - Cities and FUAs,I,USA53C,Providence,A,Annual,POP,Population,PS,Persons,_T,Total,_T,Total,_Z,Not applicable,CITY,City,_Z,Not applicable,2021,,830002,,A,Normal value,0,Units,0,Zero
DATAFLOW,OECD.CFE.EDS:DSD_FUA_DEMO@DF_AGE_SEX(1.2),Population by age and sex - Cities and FUAs,I,USA54C,Albuquerque,A,Annual,POP,Population,PS,Persons,_T,Total,_T,Total,_Z,Not applicable,CITY,City,_Z,Not applicable,2021,,675410,,A,Normal value,0,Units,0,Zero
DATAFLOW,OECD.CFE.EDS:DSD_FUA_DEMO@DF_AGE_SEX(1.2),Population by age and sex - Cities and FUAs,I,USA55C,Douglas (NE),A,Annual,POP,Population,PS,Persons,_T,Total,_T,Total,_Z,Not applicable,CITY,City,_Z,Not applicable,2021,,585534,,A,Normal value,0,Units,0,Zero
DATAFLOW,OECD.CFE.EDS:DSD_FUA_DEMO@DF_AGE_SEX(1.2),Population by age and sex - Cities and FUAs,I,USA56C,Rochester (NY),A,Annual,POP,Population,PS,Persons,_T,Total,_T,Total,_Z,Not applicable,CITY,City,_Z,Not applicable,2021,,756089,,A,Normal value,0,Units,0,Zero
DATAFLOW,OECD.CFE.EDS:DSD_FUA_DEMO@DF_AGE_SEX(1.2),Population by age and sex - Cities and FUAs,I,USA57C,Kern,A,Annual,POP,Population,PS,Persons,_T,Total,_T,Total,_Z,Not applicable,CITY,City,_Z,Not applicable,2021,,912782,,A,Normal value,0,Units,0,Zero
DATAFLOW,OECD.CFE.EDS:DSD_FUA_DEMO@DF_AGE_SEX(1.2),Population by age and sex - Cities and FUAs,I,USA58C,Ventura,A,Annual,POP,Population,PS,Persons,_T,Total,_T,Total,_Z,Not applicable,CITY,City,_Z,Not applicable,2021,,840009,,A,Normal value,0,Units,0,Zero
DATAFLOW,OECD.CFE.EDS:DSD_FUA_DEMO@DF_AGE_SEX(1.2),Population by age and sex - Cities and FUAs,I,USA59C,El Paso (TX),A,Annual,POP,Population,PS,Persons,_T,Total,_T,Total,_Z,Not applicable,CITY,City,_Z,Not applicable,2021,,867700,,A,Normal value,0,Units,0,Zero
DATAFLOW,OECD.CFE.EDS:DSD_FUA_DEMO@DF_AGE_SEX(1.2),Population by age and sex - Cities and FUAs,I,USA60C,East Baton Rouge,A,Annual,POP,Population,PS,Persons,_T,Total,_T,Total,_Z,Not applicable,CITY,City,_Z,Not applicable,2021,,453685,,A,Normal value,0,Units,0,Zero
DATAFLOW,OECD.CFE.EDS:DSD_FUA_DEMO@DF_AGE_SEX(1.2),Population by age and sex - Cities and FUAs,I,USA61C,Worcester,A,Annual,POP,Population,PS,Persons,_T,Total,_T,Total,_Z,Not applicable,CITY,City,_Z,Not applicable,2021,,862052,,A,Normal value,0,Units,0,Zero
DATAFLOW,OECD.CFE.EDS:DSD_FUA_DEMO@DF_AGE_SEX(1.2),Population by age and sex - Cities and FUAs,I,USA62C,Hidalgo,A,Annual,POP,Population,PS,Persons,_T,Total,_T,Total,_Z,Not applicable,CITY,City,_Z,Not applicable,2021,,879929,,A,Normal value,0,Units,0,Zero
DATAFLOW,OECD.CFE.EDS:DSD_FUA_DEMO@DF_AGE_SEX(1.2),Population by age and sex - Cities and FUAs,I,USA63C,Richland,A,Annual,POP,Population,PS,Persons,_T,Total,_T,Total,_Z,Not applicable,CITY,City,_Z,Not applicable,2021,,417306,,A,Normal value,0,Units,0,Zero
DATAFLOW,OECD.CFE.EDS:DSD_FUA_DEMO@DF_AGE_SEX(1.2),Population by age and sex - Cities and FUAs,I,USA64C,Lehigh,A,Annual,POP,Population,PS,Persons,_T,Total,_T,Total,_Z,Not applicable,CITY,City,_Z,Not applicable,2021,,694137,,A,Normal value,0,Units,0,Zero
DATAFLOW,OECD.CFE.EDS:DSD_FUA_DEMO@DF_AGE_SEX(1.2),Population by age and sex - Cities and FUAs,I,USA65C,Sarasota,A,Annual,POP,Population,PS,Persons,_T,Total,_T,Total,_Z,Not applicable,CITY,City,_Z,Not applicable,2021,,862535,,A,Normal value,0,Units,0,Zero
DATAFLOW,OECD.CFE.EDS:DSD_FUA_DEMO@DF_AGE_SEX(1.2),Population by age and sex - Cities and FUAs,I,USA66C,Montgomery (OH),A,Annual,POP,Population,PS,Persons,_T,Total,_T,Total,_Z,Not applicable,CITY,City,_Z,Not applicable,2021,,536229,,A,Normal value,0,Units,0,Zero
DATAFLOW,OECD.CFE.EDS:DSD_FUA_DEMO@DF_AGE_SEX(1.2),Population by age and sex - Cities and FUAs,I,USA67C,San Joaquin,A,Annual,POP,Population,PS,Persons,_T,Total,_T,Total,_Z,Not applicable,CITY,City,_Z,Not applicable,2021,,788096,,A,Normal value,0,Units,0,Zero
DATAFLOW,OECD.CFE.EDS:DSD_FUA_DEMO@DF_AGE_SEX(1.2),Population by age and sex - Cities and FUAs,I,USA68C,Kent,A,Annual,POP,Population,PS,Persons,_T,Total,_T,Total,_Z,Not applicable,CITY,City,_Z,Not applicable,2021,,658979,,A,Normal value,0,Units,0,Zero
DATAFLOW,OECD.CFE.EDS:DSD_FUA_DEMO@DF_AGE_SEX(1.2),Population by age and sex - Cities and FUAs,I,USA69C,Charleston,A,Annual,POP,Population,PS,Persons,_T,Total,_T,Total,_Z,Not applicable,CITY,City,_Z,Not applicable,2021,,414605,,A,Normal value,0,Units,0,Zero
DATAFLOW,OECD.CFE.EDS:DSD_FUA_DEMO@DF_AGE_SEX(1.2),Population by age and sex - Cities and FUAs,I,USA70C,Onondaga,A,Annual,POP,Population,PS,Persons,_T,Total,_T,Total,_Z,Not applicable,CITY,City,_Z,Not applicable,2021,,471959,,A,Normal value,0,Units,0,Zero
DATAFLOW,OECD.CFE.EDS:DSD_FUA_DEMO@DF_AGE_SEX(1.2),Population by age and sex - Cities and FUAs,I,USA71C,El Paso (CO),A,Annual,POP,Population,PS,Persons,_T,Total,_T,Total,_Z,Not applicable,CITY,City,_Z,Not applicable,2021,,738811,,A,Normal value,0,Units,0,Zero
DATAFLOW,OECD.CFE.EDS:DSD_FUA_DEMO@DF_AGE_SEX(1.2),Population by age and sex - Cities and FUAs,I,USA72C,Ada,A,Annual,POP,Population,PS,Persons,_T,Total,_T,Total,_Z,Not applicable,CITY,City,_Z,Not applicable,2021,,513098,,A,Normal value,0,Units,0,Zero
DATAFLOW,OECD.CFE.EDS:DSD_FUA_DEMO@DF_AGE_SEX(1.2),Population by age and sex - Cities and FUAs,I,USA73C,Hampden,A,Annual,POP,Population,PS,Persons,_T,Total,_T,Total,_Z,Not applicable,CITY,City,_Z,Not applicable,2021,,462640,,A,Normal value,0,Units,0,Zero
DATAFLOW,OECD.CFE.EDS:DSD_FUA_DEMO@DF_AGE_SEX(1.2),Population by age and sex - Cities and FUAs,I,USA74C,Lee,A,Annual,POP,Population,PS,Persons,_T,Total,_T,Total,_Z,Not applicable,CITY,City,_Z,Not applicable,2021,,791013,,A,Normal value,0,Units,0,Zero
DATAFLOW,OECD.CFE.EDS:DSD_FUA_DEMO@DF_AGE_SEX(1.2),Population by age and sex - Cities and FUAs,I,USA75C,Sedgwick,A,Annual,POP,Population,PS,Persons,_T,Total,_T,Total,_Z,Not applicable,CITY,City,_Z,Not applicable,2021,,524470,,A,Normal value,0,Units,0,Zero
DATAFLOW,OECD.CFE.EDS:DSD_FUA_DEMO@DF_AGE_SEX(1.2),Population by age and sex - Cities and FUAs,I,USA76C,Polk,A,Annual,POP,Population,PS,Persons,_T,Total,_T,Total,_Z,Not applicable,CITY,City,_Z,Not applicable,2021,,497903,,A,Normal value,0,Units,0,Zero
DATAFLOW,OECD.CFE.EDS:DSD_FUA_DEMO@DF_AGE_SEX(1.2),Population by age and sex - Cities and FUAs,I,USA77C,Dauphin,A,Annual,POP,Population,PS,Persons,_T,Total,_T,Total,_Z,Not applicable,CITY,City,_Z,Not applicable,2021,,288286,,A,Normal value,0,Units,0,Zero
DATAFLOW,OECD.CFE.EDS:DSD_FUA_DEMO@DF_AGE_SEX(1.2),Population by age and sex - Cities and FUAs,I,USA78C,Lucas,A,Annual,POP,Population,PS,Persons,_T,Total,_T,Total,_Z,Not applicable,CITY,City,_Z,Not applicable,2021,,429535,,A,Normal value,0,Units,0,Zero
DATAFLOW,OECD.CFE.EDS:DSD_FUA_DEMO@DF_AGE_SEX(1.2),Population by age and sex - Cities and FUAs,I,USA79C,Pulaski,A,Annual,POP,Population,PS,Persons,_T,Total,_T,Total,_Z,Not applicable,CITY,City,_Z,Not applicable,2021,,398005,,A,Normal value,0,Units,0,Zero
DATAFLOW,OECD.CFE.EDS:DSD_FUA_DEMO@DF_AGE_SEX(1.2),Population by age and sex - Cities and FUAs,I,USA80C,Dane,A,Annual,POP,Population,PS,Persons,_T,Total,_T,Total,_Z,Not applicable,CITY,City,_Z,Not applicable,2021,,561788,,A,Normal value,0,Units,0,Zero
DATAFLOW,OECD.CFE.EDS:DSD_FUA_DEMO@DF_AGE_SEX(1.2),Population by age and sex - Cities and FUAs,I,USA81C,Brevard,A,Annual,POP,Population,PS,Persons,_T,Total,_T,Total,_Z,Not applicable,CITY,City,_Z,Not applicable,2021,,618000,,A,Normal value,0,Units,0,Zero
DATAFLOW,OECD.CFE.EDS:DSD_FUA_DEMO@DF_AGE_SEX(1.2),Population by age and sex - Cities and FUAs,I,USA82C,Summit,A,Annual,POP,Population,PS,Persons,_T,Total,_T,Total,_Z,Not applicable,CITY,City,_Z,Not applicable,2021,,537516,,A,Normal value,0,Units,0,Zero
DATAFLOW,OECD.CFE.EDS:DSD_FUA_DEMO@DF_AGE_SEX(1.2),Population by age and sex - Cities and FUAs,I,USA83C,Hamilton (TN),A,Annual,POP,Population,PS,Persons,_T,Total,_T,Total,_Z,Not applicable,CITY,City,_Z,Not applicable,2021,,369678,,A,Normal value,0,Units,0,Zero
DATAFLOW,OECD.CFE.EDS:DSD_FUA_DEMO@DF_AGE_SEX(1.2),Population by age and sex - Cities and FUAs,I,USA84C,Utah,A,Annual,POP,Population,PS,Persons,_T,Total,_T,Total,_Z,Not applicable,CITY,City,_Z,Not applicable,2021,,686038,,A,Normal value,0,Units,0,Zero
DATAFLOW,OECD.CFE.EDS:DSD_FUA_DEMO@DF_AGE_SEX(1.2),Population by age and sex - Cities and FUAs,I,USA85C,Lancaster (PA),A,Annual,POP,Population,PS,Persons,_T,Total,_T,Total,_Z,Not applicable,CITY,City,_Z,Not applicable,2021,,556364,,A,Normal value,0,Units,0,Zero
DATAFLOW,OECD.CFE.EDS:DSD_FUA_DEMO@DF_AGE_SEX(1.2),Population by age and sex - Cities and FUAs,I,USA86C,Stanislaus,A,Annual,POP,Population,PS,Persons,_T,Total,_T,Total,_Z,Not applicable,CITY,City,_Z,Not applicable,2021,,552939,,A,Normal value,0,Units,0,Zero
DATAFLOW,OECD.CFE.EDS:DSD_FUA_DEMO@DF_AGE_SEX(1.2),Population by age and sex - Cities and FUAs,I,USA87C,Greene,A,Annual,POP,Population,PS,Persons,_T,Total,_T,Total,_Z,Not applicable,CITY,City,_Z,Not applicable,2021,,301137,,A,Normal value,0,Units,0,Zero
DATAFLOW,OECD.CFE.EDS:DSD_FUA_DEMO@DF_AGE_SEX(1.2),Population by age and sex - Cities and FUAs,I,USA88C,Fayette,A,Annual,POP,Population,PS,Persons,_T,Total,_T,Total,_Z,Not applicable,CITY,City,_Z,Not applicable,2021,,320431,,A,Normal value,0,Units,0,Zero
DATAFLOW,OECD.CFE.EDS:DSD_FUA_DEMO@DF_AGE_SEX(1.2),Population by age and sex - Cities and FUAs,I,USA89C,Spokane,A,Annual,POP,Population,PS,Persons,_T,Total,_T,Total,_Z,Not applicable,CITY,City,_Z,Not applicable,2021,,545540,,A,Normal value,0,Units,0,Zero
DATAFLOW,OECD.CFE.EDS:DSD_FUA_DEMO@DF_AGE_SEX(1.2),Population by age and sex - Cities and FUAs,I,USA90C,Volusia-Daytona Beach,A,Annual,POP,Population,PS,Persons,_T,Total,_T,Total,_Z,Not applicable,CITY,City,_Z,Not applicable,2021,,566481,,A,Normal value,0,Units,0,Zero
DATAFLOW,OECD.CFE.EDS:DSD_FUA_DEMO@DF_AGE_SEX(1.2),Population by age and sex - Cities and FUAs,I,USA91C,Guilford,A,Annual,POP,Population,PS,Persons,_T,Total,_T,Total,_Z,Not applicable,CITY,City,_Z,Not applicable,2021,,542050,,A,Normal value,0,Units,0,Zero
DATAFLOW,OECD.CFE.EDS:DSD_FUA_DEMO@DF_AGE_SEX(1.2),Population by age and sex - Cities and FUAs,I,USA92C,Sonoma,A,Annual,POP,Population,PS,Persons,_T,Total,_T,Total,_Z,Not applicable,CITY,City,_Z,Not applicable,2021,,484561,,A,Normal value,0,Units,0,Zero
DATAFLOW,OECD.CFE.EDS:DSD_FUA_DEMO@DF_AGE_SEX(1.2),Population by age and sex - Cities and FUAs,I,USA93C,Forsyth,A,Annual,POP,Population,PS,Persons,_T,Total,_T,Total,_Z,Not applicable,CITY,City,_Z,Not applicable,2021,,385753,,A,Normal value,0,Units,0,Zero
DATAFLOW,OECD.CFE.EDS:DSD_FUA_DEMO@DF_AGE_SEX(1.2),Population by age and sex - Cities and FUAs,I,USA94C,Washoe,A,Annual,POP,Population,PS,Persons,_T,Total,_T,Total,_Z,Not applicable,CITY,City,_Z,Not applicable,2021,,494380,,A,Normal value,0,Units,0,Zero
DATAFLOW,OECD.CFE.EDS:DSD_FUA_DEMO@DF_AGE_SEX(1.2),Population by age and sex - Cities and FUAs,I,USA95C,Ingham,A,Annual,POP,Population,PS,Persons,_T,Total,_T,Total,_Z,Not applicable,CITY,City,_Z,Not applicable,2021,,271662,,A,Normal value,0,Units,0,Zero
DATAFLOW,OECD.CFE.EDS:DSD_FUA_DEMO@DF_AGE_SEX(1.2),Population by age and sex - Cities and FUAs,I,USA96C,Montgomery (AL),A,Annual,POP,Population,PS,Persons,_T,Total,_T,Total,_Z,Not applicable,CITY,City,_Z,Not applicable,2021,,226811,,A,Normal value,0,Units,0,Zero
DATAFLOW,OECD.CFE.EDS:DSD_FUA_DEMO@DF_AGE_SEX(1.2),Population by age and sex - Cities and FUAs,I,USA97C,Knox,A,Annual,POP,Population,PS,Persons,_T,Total,_T,Total,_Z,Not applicable,CITY,City,_Z,Not applicable,2021,,486005,,A,Normal value,0,Units,0,Zero
DATAFLOW,OECD.CFE.EDS:DSD_FUA_DEMO@DF_AGE_SEX(1.2),Population by age and sex - Cities and FUAs,I,USA98C,Greenville,A,Annual,POP,Population,PS,Persons,_T,Total,_T,Total,_Z,Not applicable,CITY,City,_Z,Not applicable,2021,,534675,,A,Normal value,0,Units,0,Zero
DATAFLOW,OECD.CFE.EDS:DSD_FUA_DEMO@DF_AGE_SEX(1.2),Population by age and sex - Cities and FUAs,I,USA99C,Mahoning,A,Annual,POP,Population,PS,Persons,_T,Total,_T,Total,_Z,Not applicable,CITY,City,_Z,Not applicable,2021,,226559,,A,Normal value,0,Units,0,Zero
DATAFLOW,OECD.CFE.EDS:DSD_FUA_DEMO@DF_AGE_SEX(1.2),Population by age and sex - Cities and FUAs,I,AUS01F,Greater Sydney,A,Annual,POP,Population,PS,Persons,_T,Total,_T,Total,_Z,Not applicable,FUA,FUA,_Z,Not applicable,2021,,5261801,,A,Normal value,0,Units,0,Zero
DATAFLOW,OECD.CFE.EDS:DSD_FUA_DEMO@DF_AGE_SEX(1.2),Population by age and sex - Cities and FUAs,I,AUS02F,Greater Melbourne,A,Annual,POP,Population,PS,Persons,_T,Total,_T,Total,_Z,Not applicable,FUA,FUA,_Z,Not applicable,2021,,4975319,,A,Normal value,0,Units,0,Zero
DATAFLOW,OECD.CFE.EDS:DSD_FUA_DEMO@DF_AGE_SEX(1.2),Population by age and sex - Cities and FUAs,I,AUS03F,Greater Brisbane,A,Annual,POP,Population,PS,Persons,_T,Total,_T,Total,_Z,Not applicable,FUA,FUA,_Z,Not applicable,2021,,2567714,,A,Normal value,0,Units,0,Zero
DATAFLOW,OECD.CFE.EDS:DSD_FUA_DEMO@DF_AGE_SEX(1.2),Population by age and sex - Cities and FUAs,I,AUS04F,Greater Perth,A,Annual,POP,Population,PS,Persons,_T,Total,_T,Total,_Z,Not applicable,FUA,FUA,_Z,Not applicable,2021,,2191838,,A,Normal value,0,Units,0,Zero
DATAFLOW,OECD.CFE.EDS:DSD_FUA_DEMO@DF_AGE_SEX(1.2),Population by age and sex - Cities and FUAs,I,AUS05F,Greater Adelaide,A,Annual,POP,Population,PS,Persons,_T,Total,_T,Total,_Z,Not applicable,FUA,FUA,_Z,Not applicable,2021,,1401872,,A,Normal value,0,Units,0,Zero
DATAFLOW,OECD.CFE.EDS:DSD_FUA_DEMO@DF_AGE_SEX(1.2),Population by age and sex - Cities and FUAs,I,AUS06F,Gold Coast,A,Annual,POP,Population,PS,Persons,_T,Total,_T,Total,_Z,Not applicable,FUA,FUA,_Z,Not applicable,2021,,649491,,A,Normal value,0,Units,0,Zero
DATAFLOW,OECD.CFE.EDS:DSD_FUA_DEMO@DF_AGE_SEX(1.2),Population by age and sex - Cities and FUAs,I,AUS07F,Canberra,A,Annual,POP,Population,PS,Persons,_T,Total,_T,Total,_Z,Not applicable,FUA,FUA,_Z,Not applicable,2021,,452508,,A,Normal value,0,Units,0,Zero
DATAFLOW,OECD.CFE.EDS:DSD_FUA_DEMO@DF_AGE_SEX(1.2),Population by age and sex - Cities and FUAs,I,AUS08F,Newcastle,A,Annual,POP,Population,PS,Persons,_T,Total,_T,Total,_Z,Not applicable,FUA,FUA,_Z,Not applicable,2021,,488201,,A,Normal value,0,Units,0,Zero
DATAFLOW,OECD.CFE.EDS:DSD_FUA_DEMO@DF_AGE_SEX(1.2),Population by age and sex - Cities and FUAs,I,AUS10F,Wollongong,A,Annual,POP,Population,PS,Persons,_T,Total,_T,Total,_Z,Not applicable,FUA,FUA,_Z,Not applicable,2021,,296850,,A,Normal value,0,Units,0,Zero
DATAFLOW,OECD.CFE.EDS:DSD_FUA_DEMO@DF_AGE_SEX(1.2),Population by age and sex - Cities and FUAs,I,AUS11F,Sunshine Coast,A,Annual,POP,Population,PS,Persons,_T,Total,_T,Total,_Z,Not applicable,FUA,FUA,_Z,Not applicable,2021,,287431,,A,Normal value,0,Units,0,Zero
DATAFLOW,OECD.CFE.EDS:DSD_FUA_DEMO@DF_AGE_SEX(1.2),Population by age and sex - Cities and FUAs,I,AUS12F,Greater Hobart,A,Annual,POP,Population,PS,Persons,_T,Total,_T,Total,_Z,Not applicable,FUA,FUA,_Z,Not applicable,2021,,250717,,A,Normal value,0,Units,0,Zero
DATAFLOW,OECD.CFE.EDS:DSD_FUA_DEMO@DF_AGE_SEX(1.2),Population by age and sex - Cities and FUAs,I,AUS13F,Townsville,A,Annual,POP,Population,PS,Persons,_T,Total,_T,Total,_Z,Not applicable,FUA,FUA,_Z,Not applicable,2021,,195506,,A,Normal value,0,Units,0,Zero
DATAFLOW,OECD.CFE.EDS:DSD_FUA_DEMO@DF_AGE_SEX(1.2),Population by age and sex - Cities and FUAs,I,AUS14F,Geelong,A,Annual,POP,Population,PS,Persons,_T,Total,_T,Total,_Z,Not applicable,FUA,FUA,_Z,Not applicable,2021,,327615,,A,Normal value,0,Units,0,Zero
DATAFLOW,OECD.CFE.EDS:DSD_FUA_DEMO@DF_AGE_SEX(1.2),Population by age and sex - Cities and FUAs,I,AUS15F,Cairns,A,Annual,POP,Population,PS,Persons,_T,Total,_T,Total,_Z,Not applicable,FUA,FUA,_Z,Not applicable,2021,,170407,,A,Normal value,0,Units,0,Zero
DATAFLOW,OECD.CFE.EDS:DSD_FUA_DEMO@DF_AGE_SEX(1.2),Population by age and sex - Cities and FUAs,I,AUS16F,Greater Darwin,A,Annual,POP,Population,PS,Persons,_T,Total,_T,Total,_Z,Not applicable,FUA,FUA,_Z,Not applicable,2021,,147971,,A,Normal value,0,Units,0,Zero
DATAFLOW,OECD.CFE.EDS:DSD_FUA_DEMO@DF_AGE_SEX(1.2),Population by age and sex - Cities and FUAs,I,AUS17F,Toowoomba,A,Annual,POP,Population,PS,Persons,_T,Total,_T,Total,_Z,Not applicable,FUA,FUA,_Z,Not applicable,2021,,178168,,A,Normal value,0,Units,0,Zero
DATAFLOW,OECD.CFE.EDS:DSD_FUA_DEMO@DF_AGE_SEX(1.2),Population by age and sex - Cities and FUAs,I,AUS18F,Ballarat,A,Annual,POP,Population,PS,Persons,_T,Total,_T,Total,_Z,Not applicable,FUA,FUA,_Z,Not applicable,2021,,139806,,A,Normal value,0,Units,0,Zero
DATAFLOW,OECD.CFE.EDS:DSD_FUA_DEMO@DF_AGE_SEX(1.2),Population by age and sex - Cities and FUAs,I,AUS19F,Bendigo,A,Annual,POP,Population,PS,Persons,_T,Total,_T,Total,_Z,Not applicable,FUA,FUA,_Z,Not applicable,2021,,116159,,A,Normal value,0,Units,0,Zero
DATAFLOW,OECD.CFE.EDS:DSD_FUA_DEMO@DF_AGE_SEX(1.2),Population by age and sex - Cities and FUAs,I,AT001F,Wien,A,Annual,POP,Population,PS,Persons,_T,Total,_T,Total,_Z,Not applicable,FUA,FUA,_Z,Not applicable,2021,,3090082,,A,Normal value,0,Units,0,Zero
DATAFLOW,OECD.CFE.EDS:DSD_FUA_DEMO@DF_AGE_SEX(1.2),Population by age and sex - Cities and FUAs,I,AT002F,Graz,A,Annual,POP,Population,PS,Persons,_T,Total,_T,Total,_Z,Not applicable,FUA,FUA,_Z,Not applicable,2021,,689595,,A,Normal value,0,Units,0,Zero
DATAFLOW,OECD.CFE.EDS:DSD_FUA_DEMO@DF_AGE_SEX(1.2),Population by age and sex - Cities and FUAs,I,AT003F,Linz,A,Annual,POP,Population,PS,Persons,_T,Total,_T,Total,_Z,Not applicable,FUA,FUA,_Z,Not applicable,2021,,655409,,A,Normal value,0,Units,0,Zero
DATAFLOW,OECD.CFE.EDS:DSD_FUA_DEMO@DF_AGE_SEX(1.2),Population by age and sex - Cities and FUAs,I,AT004F,Salzburg,A,Annual,POP,Population,PS,Persons,_T,Total,_T,Total,_Z,Not applicable,FUA,FUA,_Z,Not applicable,2021,,374842,,A,Normal value,0,Units,0,Zero
DATAFLOW,OECD.CFE.EDS:DSD_FUA_DEMO@DF_AGE_SEX(1.2),Population by age and sex - Cities and FUAs,I,AT005F,Innsbruck,A,Annual,POP,Population,PS,Persons,_T,Total,_T,Total,_Z,Not applicable,FUA,FUA,_Z,Not applicable,2021,,341597,,A,Normal value,0,Units,0,Zero
DATAFLOW,OECD.CFE.EDS:DSD_FUA_DEMO@DF_AGE_SEX(1.2),Population by age and sex - Cities and FUAs,I,AT006F,Klagenfurt,A,Annual,POP,Population,PS,Persons,_T,Total,_T,Total,_Z,Not applicable,FUA,FUA,_Z,Not applicable,2021,,267227,,A,Normal value,0,Units,0,Zero
DATAFLOW,OECD.CFE.EDS:DSD_FUA_DEMO@DF_AGE_SEX(1.2),Population by age and sex - Cities and FUAs,I,BE001F,Bruxelles,A,Annual,POP,Population,PS,Persons,_T,Total,_T,Total,_Z,Not applicable,FUA,FUA,_Z,Not applicable,2021,,3542619,,A,Normal value,0,Units,0,Zero
DATAFLOW,OECD.CFE.EDS:DSD_FUA_DEMO@DF_AGE_SEX(1.2),Population by age and sex - Cities and FUAs,I,BE002F,Antwerpen,A,Annual,POP,Population,PS,Persons,_T,Total,_T,Total,_Z,Not applicable,FUA,FUA,_Z,Not applicable,2021,,1215190,,A,Normal value,0,Units,0,Zero
DATAFLOW,OECD.CFE.EDS:DSD_FUA_DEMO@DF_AGE_SEX(1.2),Population by age and sex - Cities and FUAs,I,BE003F,Gent,A,Annual,POP,Population,PS,Persons,_T,Total,_T,Total,_Z,Not applicable,FUA,FUA,_Z,Not applicable,2021,,682863,,A,Normal value,0,Units,0,Zero
DATAFLOW,OECD.CFE.EDS:DSD_FUA_DEMO@DF_AGE_SEX(1.2),Population by age and sex - Cities and FUAs,I,BE004F,Charleroi,A,Annual,POP,Population,PS,Persons,_T,Total,_T,Total,_Z,Not applicable,FUA,FUA,_Z,Not applicable,2021,,452221,,A,Normal value,0,Units,0,Zero
DATAFLOW,OECD.CFE.EDS:DSD_FUA_DEMO@DF_AGE_SEX(1.2),Population by age and sex - Cities and FUAs,I,BE005F,Liège,A,Annual,POP,Population,PS,Persons,_T,Total,_T,Total,_Z,Not applicable,FUA,FUA,_Z,Not applicable,2021,,808273,,A,Normal value,0,Units,0,Zero
DATAFLOW,OECD.CFE.EDS:DSD_FUA_DEMO@DF_AGE_SEX(1.2),Population by age and sex - Cities and FUAs,I,BE006F,Brugge,A,Annual,POP,Population,PS,Persons,_T,Total,_T,Total,_Z,Not applicable,FUA,FUA,_Z,Not applicable,2021,,242117,,A,Normal value,0,Units,0,Zero
DATAFLOW,OECD.CFE.EDS:DSD_FUA_DEMO@DF_AGE_SEX(1.2),Population by age and sex - Cities and FUAs,I,BE007F,Namur,A,Annual,POP,Population,PS,Persons,_T,Total,_T,Total,_Z,Not applicable,FUA,FUA,_Z,Not applicable,2021,,283200,,A,Normal value,0,Units,0,Zero
DATAFLOW,OECD.CFE.EDS:DSD_FUA_DEMO@DF_AGE_SEX(1.2),Population by age and sex - Cities and FUAs,I,BE009F,Mons,A,Annual,POP,Population,PS,Persons,_T,Total,_T,Total,_Z,Not applicable,FUA,FUA,_Z,Not applicable,2021,,254378,,A,Normal value,0,Units,0,Zero
DATAFLOW,OECD.CFE.EDS:DSD_FUA_DEMO@DF_AGE_SEX(1.2),Population by age and sex - Cities and FUAs,I,BE010F,Kortrijk,A,Annual,POP,Population,PS,Persons,_T,Total,_T,Total,_Z,Not applicable,FUA,FUA,_Z,Not applicable,2021,,229709,,A,Normal value,0,Units,0,Zero
DATAFLOW,OECD.CFE.EDS:DSD_FUA_DEMO@DF_AGE_SEX(1.2),Population by age and sex - Cities and FUAs,I,BE011F,Oostende,A,Annual,POP,Population,PS,Persons,_T,Total,_T,Total,_Z,Not applicable,FUA,FUA,_Z,Not applicable,2021,,131296,,A,Normal value,0,Units,0,Zero
DATAFLOW,OECD.CFE.EDS:DSD_FUA_DEMO@DF_AGE_SEX(1.2),Population by age and sex - Cities and FUAs,I,BE013F,Mouscron,A,Annual,POP,Population,PS,Persons,_T,Total,_T,Total,_Z,Not applicable,FUA,FUA,_Z,Not applicable,2021,,69408,,A,Normal value,0,Units,0,Zero
DATAFLOW,OECD.CFE.EDS:DSD_FUA_DEMO@DF_AGE_SEX(1.2),Population by age and sex - Cities and FUAs,I,BE014F,La Louvière,A,Annual,POP,Population,PS,Persons,_T,Total,_T,Total,_Z,Not applicable,FUA,FUA,_Z,Not applicable,2021,,132457,,A,Normal value,0,Units,0,Zero
DATAFLOW,OECD.CFE.EDS:DSD_FUA_DEMO@DF_AGE_SEX(1.2),Population by age and sex - Cities and FUAs,I,BE015F,Verviers,A,Annual,POP,Population,PS,Persons,_T,Total,_T,Total,_Z,Not applicable,FUA,FUA,_Z,Not applicable,2021,,112104,,A,Normal value,0,Units,0,Zero
DATAFLOW,OECD.CFE.EDS:DSD_FUA_DEMO@DF_AGE_SEX(1.2),Population by age and sex - Cities and FUAs,I,BG001F,Sofia,A,Annual,POP,Population,PS,Persons,_T,Total,_T,Total,_Z,Not applicable,FUA,FUA,_Z,Not applicable,2021,,1566746,,A,Normal value,0,Units,0,Zero
DATAFLOW,OECD.CFE.EDS:DSD_FUA_DEMO@DF_AGE_SEX(1.2),Population by age and sex - Cities and FUAs,I,BG002F,Plovdiv,A,Annual,POP,Population,PS,Persons,_T,Total,_T,Total,_Z,Not applicable,FUA,FUA,_Z,Not applicable,2021,,567626,,A,Normal value,0,Units,0,Zero
DATAFLOW,OECD.CFE.EDS:DSD_FUA_DEMO@DF_AGE_SEX(1.2),Population by age and sex - Cities and FUAs,I,BG003F,Varna,A,Annual,POP,Population,PS,Persons,_T,Total,_T,Total,_Z,Not applicable,FUA,FUA,_Z,Not applicable,2021,,457749,,A,Normal value,0,Units,0,Zero
DATAFLOW,OECD.CFE.EDS:DSD_FUA_DEMO@DF_AGE_SEX(1.2),Population by age and sex - Cities and FUAs,I,BG004F,Burgas,A,Annual,POP,Population,PS,Persons,_T,Total,_T,Total,_Z,Not applicable,FUA,FUA,_Z,Not applicable,2021,,272055,,A,Normal value,0,Units,0,Zero
DATAFLOW,OECD.CFE.EDS:DSD_FUA_DEMO@DF_AGE_SEX(1.2),Population by age and sex - Cities and FUAs,I,BG005F,Pleven,A,Annual,POP,Population,PS,Persons,_T,Total,_T,Total,_Z,Not applicable,FUA,FUA,_Z,Not applicable,2021,,165008,,A,Normal value,0,Units,0,Zero
DATAFLOW,OECD.CFE.EDS:DSD_FUA_DEMO@DF_AGE_SEX(1.2),Population by age and sex - Cities and FUAs,I,BG006F,Ruse,A,Annual,POP,Population,PS,Persons,_T,Total,_T,Total,_Z,Not applicable,FUA,FUA,_Z,Not applicable,2021,,191444,,A,Normal value,0,Units,0,Zero
DATAFLOW,OECD.CFE.EDS:DSD_FUA_DEMO@DF_AGE_SEX(1.2),Population by age and sex - Cities and FUAs,I,BG008F,Stara Zagora,A,Annual,POP,Population,PS,Persons,_T,Total,_T,Total,_Z,Not applicable,FUA,FUA,_Z,Not applicable,2021,,155793,,A,Normal value,0,Units,0,Zero
DATAFLOW,OECD.CFE.EDS:DSD_FUA_DEMO@DF_AGE_SEX(1.2),Population by age and sex - Cities and FUAs,I,BG009F,Sliven,A,Annual,POP,Population,PS,Persons,_T,Total,_T,Total,_Z,Not applicable,FUA,FUA,_Z,Not applicable,2021,,116666,,A,Normal value,0,Units,0,Zero
DATAFLOW,OECD.CFE.EDS:DSD_FUA_DEMO@DF_AGE_SEX(1.2),Population by age and sex - Cities and FUAs,I,BG011F,Shumen,A,Annual,POP,Population,PS,Persons,_T,Total,_T,Total,_Z,Not applicable,FUA,FUA,_Z,Not applicable,2021,,139260,,A,Normal value,0,Units,0,Zero
DATAFLOW,OECD.CFE.EDS:DSD_FUA_DEMO@DF_AGE_SEX(1.2),Population by age and sex - Cities and FUAs,I,BG014F,Haskovo,A,Annual,POP,Population,PS,Persons,_T,Total,_T,Total,_Z,Not applicable,FUA,FUA,_Z,Not applicable,2021,,91323,,A,Normal value,0,Units,0,Zero
DATAFLOW,OECD.CFE.EDS:DSD_FUA_DEMO@DF_AGE_SEX(1.2),Population by age and sex - Cities and FUAs,I,BG015F,Pazardzhik,A,Annual,POP,Population,PS,Persons,_T,Total,_T,Total,_Z,Not applicable,FUA,FUA,_Z,Not applicable,2021,,134114,,A,Normal value,0,Units,0,Zero
DATAFLOW,OECD.CFE.EDS:DSD_FUA_DEMO@DF_AGE_SEX(1.2),Population by age and sex - Cities and FUAs,I,BG017F,Veliko Tarnovo,A,Annual,POP,Population,PS,Persons,_T,Total,_T,Total,_Z,Not applicable,FUA,FUA,_Z,Not applicable,2021,,89090,,A,Normal value,0,Units,0,Zero
DATAFLOW,OECD.CFE.EDS:DSD_FUA_DEMO@DF_AGE_SEX(1.2),Population by age and sex - Cities and FUAs,I,CAN01F,Toronto,A,Annual,POP,Population,PS,Persons,_T,Total,_T,Total,_Z,Not applicable,FUA,FUA,_Z,Not applicable,2021,,7236120,,A,Normal value,0,Units,0,Zero
DATAFLOW,OECD.CFE.EDS:DSD_FUA_DEMO@DF_AGE_SEX(1.2),Population by age and sex - Cities and FUAs,I,CAN02F,Montreal,A,Annual,POP,Population,PS,Persons,_T,Total,_T,Total,_Z,Not applicable,FUA,FUA,_Z,Not applicable,2021,,4575140,,A,Normal value,0,Units,0,Zero
DATAFLOW,OECD.CFE.EDS:DSD_FUA_DEMO@DF_AGE_SEX(1.2),Population by age and sex - Cities and FUAs,I,CAN03F,Vancouver,A,Annual,POP,Population,PS,Persons,_T,Total,_T,Total,_Z,Not applicable,FUA,FUA,_Z,Not applicable,2021,,2635715,,A,Normal value,0,Units,0,Zero
DATAFLOW,OECD.CFE.EDS:DSD_FUA_DEMO@DF_AGE_SEX(1.2),Population by age and sex - Cities and FUAs,I,CAN04F,Ottawa,A,Annual,POP,Population,PS,Persons,_T,Total,_T,Total,_Z,Not applicable,FUA,FUA,_Z,Not applicable,2021,,1568985,,A,Normal value,0,Units,0,Zero
DATAFLOW,OECD.CFE.EDS:DSD_FUA_DEMO@DF_AGE_SEX(1.2),Population by age and sex - Cities and FUAs,I,CAN05F,Calgary,A,Annual,POP,Population,PS,Persons,_T,Total,_T,Total,_Z,Not applicable,FUA,FUA,_Z,Not applicable,2021,,1614615,,A,Normal value,0,Units,0,Zero
DATAFLOW,OECD.CFE.EDS:DSD_FUA_DEMO@DF_AGE_SEX(1.2),Population by age and sex - Cities and FUAs,I,CAN06F,Edmonton,A,Annual,POP,Population,PS,Persons,_T,Total,_T,Total,_Z,Not applicable,FUA,FUA,_Z,Not applicable,2021,,1450665,,A,Normal value,0,Units,0,Zero
DATAFLOW,OECD.CFE.EDS:DSD_FUA_DEMO@DF_AGE_SEX(1.2),Population by age and sex - Cities and FUAs,I,CAN07F,Quebec,A,Annual,POP,Population,PS,Persons,_T,Total,_T,Total,_Z,Not applicable,FUA,FUA,_Z,Not applicable,2021,,920490,,A,Normal value,0,Units,0,Zero
DATAFLOW,OECD.CFE.EDS:DSD_FUA_DEMO@DF_AGE_SEX(1.2),Population by age and sex - Cities and FUAs,I,CAN08F,Winnipeg,A,Annual,POP,Population,PS,Persons,_T,Total,_T,Total,_Z,Not applicable,FUA,FUA,_Z,Not applicable,2021,,903630,,A,Normal value,0,Units,0,Zero
DATAFLOW,OECD.CFE.EDS:DSD_FUA_DEMO@DF_AGE_SEX(1.2),Population by age and sex - Cities and FUAs,I,CAN09F,Hamilton,A,Annual,POP,Population,PS,Persons,_T,Total,_T,Total,_Z,Not applicable,FUA,FUA,_Z,Not applicable,2021,,662910,,A,Normal value,0,Units,0,Zero
DATAFLOW,OECD.CFE.EDS:DSD_FUA_DEMO@DF_AGE_SEX(1.2),Population by age and sex - Cities and FUAs,I,CAN10F,London,A,Annual,POP,Population,PS,Persons,_T,Total,_T,Total,_Z,Not applicable,FUA,FUA,_Z,Not applicable,2021,,610555,,A,Normal value,0,Units,0,Zero
DATAFLOW,OECD.CFE.EDS:DSD_FUA_DEMO@DF_AGE_SEX(1.2),Population by age and sex - Cities and FUAs,I,CAN11F,Kitchener,A,Annual,POP,Population,PS,Persons,_T,Total,_T,Total,_Z,Not applicable,FUA,FUA,_Z,Not applicable,2021,,613415,,A,Normal value,0,Units,0,Zero
DATAFLOW,OECD.CFE.EDS:DSD_FUA_DEMO@DF_AGE_SEX(1.2),Population by age and sex - Cities and FUAs,I,CAN12F,Halifax,A,Annual,POP,Population,PS,Persons,_T,Total,_T,Total,_Z,Not applicable,FUA,FUA,_Z,Not applicable,2021,,497505,,A,Normal value,0,Units,0,Zero
DATAFLOW,OECD.CFE.EDS:DSD_FUA_DEMO@DF_AGE_SEX(1.2),Population by age and sex - Cities and FUAs,I,CAN13F,Victoria,A,Annual,POP,Population,PS,Persons,_T,Total,_T,Total,_Z,Not applicable,FUA,FUA,_Z,Not applicable,2021,,415270,,A,Normal value,0,Units,0,Zero
DATAFLOW,OECD.CFE.EDS:DSD_FUA_DEMO@DF_AGE_SEX(1.2),Population by age and sex - Cities and FUAs,I,CAN14F,Windsor,A,Annual,POP,Population,PS,Persons,_T,Total,_T,Total,_Z,Not applicable,FUA,FUA,_Z,Not applicable,2021,,392950,,A,Normal value,0,Units,0,Zero
DATAFLOW,OECD.CFE.EDS:DSD_FUA_DEMO@DF_AGE_SEX(1.2),Population by age and sex - Cities and FUAs,I,CAN15F,Saskatoon,A,Annual,POP,Population,PS,Persons,_T,Total,_T,Total,_Z,Not applicable,FUA,FUA,_Z,Not applicable,2021,,307955,,A,Normal value,0,Units,0,Zero
DATAFLOW,OECD.CFE.EDS:DSD_FUA_DEMO@DF_AGE_SEX(1.2),Population by age and sex - Cities and FUAs,I,CAN16F,Sherbrooke,A,Annual,POP,Population,PS,Persons,_T,Total,_T,Total,_Z,Not applicable,FUA,FUA,_Z,Not applicable,2021,,274380,,A,Normal value,0,Units,0,Zero
DATAFLOW,OECD.CFE.EDS:DSD_FUA_DEMO@DF_AGE_SEX(1.2),Population by age and sex - Cities and FUAs,I,CAN17F,St Catharines,A,Annual,POP,Population,PS,Persons,_T,Total,_T,Total,_Z,Not applicable,FUA,FUA,_Z,Not applicable,2021,,223615,,A,Normal value,0,Units,0,Zero
DATAFLOW,OECD.CFE.EDS:DSD_FUA_DEMO@DF_AGE_SEX(1.2),Population by age and sex - Cities and FUAs,I,CAN18F,Trois Rivieres,A,Annual,POP,Population,PS,Persons,_T,Total,_T,Total,_Z,Not applicable,FUA,FUA,_Z,Not applicable,2021,,207195,,A,Normal value,0,Units,0,Zero
DATAFLOW,OECD.CFE.EDS:DSD_FUA_DEMO@DF_AGE_SEX(1.2),Population by age and sex - Cities and FUAs,I,CAN19F,St Johns,A,Annual,POP,Population,PS,Persons,_T,Total,_T,Total,_Z,Not applicable,FUA,FUA,_Z,Not applicable,2021,,205955,,A,Normal value,0,Units,0,Zero
DATAFLOW,OECD.CFE.EDS:DSD_FUA_DEMO@DF_AGE_SEX(1.2),Population by age and sex - Cities and FUAs,I,CAN20F,Regina,A,Annual,POP,Population,PS,Persons,_T,Total,_T,Total,_Z,Not applicable,FUA,FUA,_Z,Not applicable,2021,,226405,,A,Normal value,0,Units,0,Zero
DATAFLOW,OECD.CFE.EDS:DSD_FUA_DEMO@DF_AGE_SEX(1.2),Population by age and sex - Cities and FUAs,I,CAN21F,Abbotsford,A,Annual,POP,Population,PS,Persons,_T,Total,_T,Total,_Z,Not applicable,FUA,FUA,_Z,Not applicable,2021,,201140,,A,Normal value,0,Units,0,Zero
DATAFLOW,OECD.CFE.EDS:DSD_FUA_DEMO@DF_AGE_SEX(1.2),Population by age and sex - Cities and FUAs,I,CAN22F,Guelph,A,Annual,POP,Population,PS,Persons,_T,Total,_T,Total,_Z,Not applicable,FUA,FUA,_Z,Not applicable,2021,,196680,,A,Normal value,0,Units,0,Zero
DATAFLOW,OECD.CFE.EDS:DSD_FUA_DEMO@DF_AGE_SEX(1.2),Population by age and sex - Cities and FUAs,I,CAN23F,Red Deer,A,Annual,POP,Population,PS,Persons,_T,Total,_T,Total,_Z,Not applicable,FUA,FUA,_Z,Not applicable,2021,,189635,,A,Normal value,0,Units,0,Zero
DATAFLOW,OECD.CFE.EDS:DSD_FUA_DEMO@DF_AGE_SEX(1.2),Population by age and sex - Cities and FUAs,I,CAN24F,Brantford,A,Annual,POP,Population,PS,Persons,_T,Total,_T,Total,_Z,Not applicable,FUA,FUA,_Z,Not applicable,2021,,144165,,A,Normal value,0,Units,0,Zero
DATAFLOW,OECD.CFE.EDS:DSD_FUA_DEMO@DF_AGE_SEX(1.2),Population by age and sex - Cities and FUAs,I,CAN25F,Peterborough,A,Annual,POP,Population,PS,Persons,_T,Total,_T,Total,_Z,Not applicable,FUA,FUA,_Z,Not applicable,2021,,123260,,A,Normal value,0,Units,0,Zero
DATAFLOW,OECD.CFE.EDS:DSD_FUA_DEMO@DF_AGE_SEX(1.2),Population by age and sex - Cities and FUAs,I,CAN26F,Niagara Falls,A,Annual,POP,Population,PS,Persons,_T,Total,_T,Total,_Z,Not applicable,FUA,FUA,_Z,Not applicable,2021,,94415,,A,Normal value,0,Units,0,Zero
DATAFLOW,OECD.CFE.EDS:DSD_FUA_DEMO@DF_AGE_SEX(1.2),Population by age and sex - Cities and FUAs,I,CH001F,Bern,A,Annual,POP,Population,PS,Persons,_T,Total,_T,Total,_Z,Not applicable,FUA,FUA,_Z,Not applicable,2021,,746103,,A,Normal value,0,Units,0,Zero
DATAFLOW,OECD.CFE.EDS:DSD_FUA_DEMO@DF_AGE_SEX(1.2),Population by age and sex - Cities and FUAs,I,CH002F,Zurich,A,Annual,POP,Population,PS,Persons,_T,Total,_T,Total,_Z,Not applicable,FUA,FUA,_Z,Not applicable,2021,,2073918,,A,Normal value,0,Units,0,Zero
DATAFLOW,OECD.CFE.EDS:DSD_FUA_DEMO@DF_AGE_SEX(1.2),Population by age and sex - Cities and FUAs,I,CH003F,Geneva,A,Annual,POP,Population,PS,Persons,_T,Total,_T,Total,_Z,Not applicable,FUA,FUA,_Z,Not applicable,2021,,612029,,A,Normal value,0,Units,0,Zero
DATAFLOW,OECD.CFE.EDS:DSD_FUA_DEMO@DF_AGE_SEX(1.2),Population by age and sex - Cities and FUAs,I,CH004F,Basel,A,Annual,POP,Population,PS,Persons,_T,Total,_T,Total,_Z,Not applicable,FUA,FUA,_Z,Not applicable,2021,,578680,,A,Normal value,0,Units,0,Zero
DATAFLOW,OECD.CFE.EDS:DSD_FUA_DEMO@DF_AGE_SEX(1.2),Population by age and sex - Cities and FUAs,I,CH005F,Lausanne,A,Annual,POP,Population,PS,Persons,_T,Total,_T,Total,_Z,Not applicable,FUA,FUA,_Z,Not applicable,2021,,657872,,A,Normal value,0,Units,0,Zero
DATAFLOW,OECD.CFE.EDS:DSD_FUA_DEMO@DF_AGE_SEX(1.2),Population by age and sex - Cities and FUAs,I,CH006F,Lucerne,A,Annual,POP,Population,PS,Persons,_T,Total,_T,Total,_Z,Not applicable,FUA,FUA,_Z,Not applicable,2021,,328846,,A,Normal value,0,Units,0,Zero
DATAFLOW,OECD.CFE.EDS:DSD_FUA_DEMO@DF_AGE_SEX(1.2),Population by age and sex - Cities and FUAs,I,CH008F,Lugano,A,Annual,POP,Population,PS,Persons,_T,Total,_T,Total,_Z,Not applicable,FUA,FUA,_Z,Not applicable,2021,,168219,,A,Normal value,0,Units,0,Zero
DATAFLOW,OECD.CFE.EDS:DSD_FUA_DEMO@DF_AGE_SEX(1.2),Population by age and sex - Cities and FUAs,I,CH009F,St. Gallen,A,Annual,POP,Population,PS,Persons,_T,Total,_T,Total,_Z,Not applicable,FUA,FUA,_Z,Not applicable,2021,,294838,,A,Normal value,0,Units,0,Zero
DATAFLOW,OECD.CFE.EDS:DSD_FUA_DEMO@DF_AGE_SEX(1.2),Population by age and sex - Cities and FUAs,I,CH010F,Biel/Bienne,A,Annual,POP,Population,PS,Persons,_T,Total,_T,Total,_Z,Not applicable,FUA,FUA,_Z,Not applicable,2021,,140346,,A,Normal value,0,Units,0,Zero
DATAFLOW,OECD.CFE.EDS:DSD_FUA_DEMO@DF_AGE_SEX(1.2),Population by age and sex - Cities and FUAs,I,CH012F,Zug,A,Annual,POP,Population,PS,Persons,_T,Total,_T,Total,_Z,Not applicable,FUA,FUA,_Z,Not applicable,2021,,160654,,A,Normal value,0,Units,0,Zero
DATAFLOW,OECD.CFE.EDS:DSD_FUA_DEMO@DF_AGE_SEX(1.2),Population by age and sex - Cities and FUAs,I,CL001F,Arica,A,Annual,POP,Population,PS,Persons,_T,Total,_T,Total,_Z,Not applicable,FUA,FUA,_Z,Not applicable,2021,,232586,,A,Normal value,0,Units,0,Zero
DATAFLOW,OECD.CFE.EDS:DSD_FUA_DEMO@DF_AGE_SEX(1.2),Population by age and sex - Cities and FUAs,I,CL002F,Iquique,A,Annual,POP,Population,PS,Persons,_T,Total,_T,Total,_Z,Not applicable,FUA,FUA,_Z,Not applicable,2021,,194190,,A,Normal value,0,Units,0,Zero
DATAFLOW,OECD.CFE.EDS:DSD_FUA_DEMO@DF_AGE_SEX(1.2),Population by age and sex - Cities and FUAs,I,CL003F,Calama,A,Annual,POP,Population,PS,Persons,_T,Total,_T,Total,_Z,Not applicable,FUA,FUA,_Z,Not applicable,2021,,168092,,A,Normal value,0,Units,0,Zero
DATAFLOW,OECD.CFE.EDS:DSD_FUA_DEMO@DF_AGE_SEX(1.2),Population by age and sex - Cities and FUAs,I,CL004F,Antofagasta,A,Annual,POP,Population,PS,Persons,_T,Total,_T,Total,_Z,Not applicable,FUA,FUA,_Z,Not applicable,2021,,383349,,A,Normal value,0,Units,0,Zero
DATAFLOW,OECD.CFE.EDS:DSD_FUA_DEMO@DF_AGE_SEX(1.2),Population by age and sex - Cities and FUAs,I,CL005F,Copiapó,A,Annual,POP,Population,PS,Persons,_T,Total,_T,Total,_Z,Not applicable,FUA,FUA,_Z,Not applicable,2021,,162117,,A,Normal value,0,Units,0,Zero
DATAFLOW,OECD.CFE.EDS:DSD_FUA_DEMO@DF_AGE_SEX(1.2),Population by age and sex - Cities and FUAs,I,CL006F,Coquimbo-La Serena,A,Annual,POP,Population,PS,Persons,_T,Total,_T,Total,_Z,Not applicable,FUA,FUA,_Z,Not applicable,2021,,496365,,A,Normal value,0,Units,0,Zero
DATAFLOW,OECD.CFE.EDS:DSD_FUA_DEMO@DF_AGE_SEX(1.2),Population by age and sex - Cities and FUAs,I,CL007F,Ovalle,A,Annual,POP,Population,PS,Persons,_T,Total,_T,Total,_Z,Not applicable,FUA,FUA,_Z,Not applicable,2021,,115386,,A,Normal value,0,Units,0,Zero
DATAFLOW,OECD.CFE.EDS:DSD_FUA_DEMO@DF_AGE_SEX(1.2),Population by age and sex - Cities and FUAs,I,CL008F,Calera,A,Annual,POP,Population,PS,Persons,_T,Total,_T,Total,_Z,Not applicable,FUA,FUA,_Z,Not applicable,2021,,50634,,A,Normal value,0,Units,0,Zero
DATAFLOW,OECD.CFE.EDS:DSD_FUA_DEMO@DF_AGE_SEX(1.2),Population by age and sex - Cities and FUAs,I,CL009F,Quillota,A,Annual,POP,Population,PS,Persons,_T,Total,_T,Total,_Z,Not applicable,FUA,FUA,_Z,Not applicable,2021,,118028,,A,Normal value,0,Units,0,Zero
DATAFLOW,OECD.CFE.EDS:DSD_FUA_DEMO@DF_AGE_SEX(1.2),Population by age and sex - Cities and FUAs,I,CL010F,Valparaíso,A,Annual,POP,Population,PS,Persons,_T,Total,_T,Total,_Z,Not applicable,FUA,FUA,_Z,Not applicable,2021,,1024656,,A,Normal value,0,Units,0,Zero
DATAFLOW,OECD.CFE.EDS:DSD_FUA_DEMO@DF_AGE_SEX(1.2),Population by age and sex - Cities and FUAs,I,CL011F,Santiago,A,Annual,POP,Population,PS,Persons,_T,Total,_T,Total,_Z,Not applicable,FUA,FUA,_Z,Not applicable,2021,,7118813,,A,Normal value,0,Units,0,Zero
DATAFLOW,OECD.CFE.EDS:DSD_FUA_DEMO@DF_AGE_SEX(1.2),Population by age and sex - Cities and FUAs,I,CL012F,San Antonio,A,Annual,POP,Population,PS,Persons,_T,Total,_T,Total,_Z,Not applicable,FUA,FUA,_Z,Not applicable,2021,,130076,,A,Normal value,0,Units,0,Zero
DATAFLOW,OECD.CFE.EDS:DSD_FUA_DEMO@DF_AGE_SEX(1.2),Population by age and sex - Cities and FUAs,I,CL013F,Melipilla,A,Annual,POP,Population,PS,Persons,_T,Total,_T,Total,_Z,Not applicable,FUA,FUA,_Z,Not applicable,2021,,130962,,A,Normal value,0,Units,0,Zero
DATAFLOW,OECD.CFE.EDS:DSD_FUA_DEMO@DF_AGE_SEX(1.2),Population by age and sex - Cities and FUAs,I,CL014F,Rancagua,A,Annual,POP,Population,PS,Persons,_T,Total,_T,Total,_Z,Not applicable,FUA,FUA,_Z,Not applicable,2021,,378532,,A,Normal value,0,Units,0,Zero
DATAFLOW,OECD.CFE.EDS:DSD_FUA_DEMO@DF_AGE_SEX(1.2),Population by age and sex - Cities and FUAs,I,CL015F,San Fernando,A,Annual,POP,Population,PS,Persons,_T,Total,_T,Total,_Z,Not applicable,FUA,FUA,_Z,Not applicable,2021,,75413,,A,Normal value,0,Units,0,Zero
DATAFLOW,OECD.CFE.EDS:DSD_FUA_DEMO@DF_AGE_SEX(1.2),Population by age and sex - Cities and FUAs,I,CL016F,Curicó,A,Annual,POP,Population,PS,Persons,_T,Total,_T,Total,_Z,Not applicable,FUA,FUA,_Z,Not applicable,2021,,166629,,A,Normal value,0,Units,0,Zero
DATAFLOW,OECD.CFE.EDS:DSD_FUA_DEMO@DF_AGE_SEX(1.2),Population by age and sex - Cities and FUAs,I,CL017F,Talca,A,Annual,POP,Population,PS,Persons,_T,Total,_T,Total,_Z,Not applicable,FUA,FUA,_Z,Not applicable,2021,,283391,,A,Normal value,0,Units,0,Zero
DATAFLOW,OECD.CFE.EDS:DSD_FUA_DEMO@DF_AGE_SEX(1.2),Population by age and sex - Cities and FUAs,I,CL018F,Linares,A,Annual,POP,Population,PS,Persons,_T,Total,_T,Total,_Z,Not applicable,FUA,FUA,_Z,Not applicable,2021,,95642,,A,Normal value,0,Units,0,Zero
DATAFLOW,OECD.CFE.EDS:DSD_FUA_DEMO@DF_AGE_SEX(1.2),Population by age and sex - Cities and FUAs,I,CL019F,Chillán,A,Annual,POP,Population,PS,Persons,_T,Total,_T,Total,_Z,Not applicable,FUA,FUA,_Z,Not applicable,2021,,234191,,A,Normal value,0,Units,0,Zero
DATAFLOW,OECD.CFE.EDS:DSD_FUA_DEMO@DF_AGE_SEX(1.2),Population by age and sex - Cities and FUAs,I,CL020F,Concepción,A,Annual,POP,Population,PS,Persons,_T,Total,_T,Total,_Z,Not applicable,FUA,FUA,_Z,Not applicable,2021,,939857,,A,Normal value,0,Units,0,Zero
DATAFLOW,OECD.CFE.EDS:DSD_FUA_DEMO@DF_AGE_SEX(1.2),Population by age and sex - Cities and FUAs,I,CL021F,Los Angeles,A,Annual,POP,Population,PS,Persons,_T,Total,_T,Total,_Z,Not applicable,FUA,FUA,_Z,Not applicable,2021,,212070,,A,Normal value,0,Units,0,Zero
DATAFLOW,OECD.CFE.EDS:DSD_FUA_DEMO@DF_AGE_SEX(1.2),Population by age and sex - Cities and FUAs,I,CL022F,Temuco,A,Annual,POP,Population,PS,Persons,_T,Total,_T,Total,_Z,Not applicable,FUA,FUA,_Z,Not applicable,2021,,438291,,A,Normal value,0,Units,0,Zero
DATAFLOW,OECD.CFE.EDS:DSD_FUA_DEMO@DF_AGE_SEX(1.2),Population by age and sex - Cities and FUAs,I,CL023F,Valdivia,A,Annual,POP,Population,PS,Persons,_T,Total,_T,Total,_Z,Not applicable,FUA,FUA,_Z,Not applicable,2021,,169697,,A,Normal value,0,Units,0,Zero
DATAFLOW,OECD.CFE.EDS:DSD_FUA_DEMO@DF_AGE_SEX(1.2),Population by age and sex - Cities and FUAs,I,CL024F,Osorno,A,Annual,POP,Population,PS,Persons,_T,Total,_T,Total,_Z,Not applicable,FUA,FUA,_Z,Not applicable,2021,,164573,,A,Normal value,0,Units,0,Zero
DATAFLOW,OECD.CFE.EDS:DSD_FUA_DEMO@DF_AGE_SEX(1.2),Population by age and sex - Cities and FUAs,I,CL025F,Puerto Montt,A,Annual,POP,Population,PS,Persons,_T,Total,_T,Total,_Z,Not applicable,FUA,FUA,_Z,Not applicable,2021,,263922,,A,Normal value,0,Units,0,Zero
DATAFLOW,OECD.CFE.EDS:DSD_FUA_DEMO@DF_AGE_SEX(1.2),Population by age and sex - Cities and FUAs,I,CL026F,Punta Arenas,A,Annual,POP,Population,PS,Persons,_T,Total,_T,Total,_Z,Not applicable,FUA,FUA,_Z,Not applicable,2021,,132761,,A,Normal value,0,Units,0,Zero
DATAFLOW,OECD.CFE.EDS:DSD_FUA_DEMO@DF_AGE_SEX(1.2),Population by age and sex - Cities and FUAs,I,CZ001F,Praha,A,Annual,POP,Population,PS,Persons,_T,Total,_T,Total,_Z,Not applicable,FUA,FUA,_Z,Not applicable,2021,,2174368,,A,Normal value,0,Units,0,Zero
DATAFLOW,OECD.CFE.EDS:DSD_FUA_DEMO@DF_AGE_SEX(1.2),Population by age and sex - Cities and FUAs,I,CZ002F,Brno,A,Annual,POP,Population,PS,Persons,_T,Total,_T,Total,_Z,Not applicable,FUA,FUA,_Z,Not applicable,2021,,748694,,A,Normal value,0,Units,0,Zero
DATAFLOW,OECD.CFE.EDS:DSD_FUA_DEMO@DF_AGE_SEX(1.2),Population by age and sex - Cities and FUAs,I,CZ003F,Ostrava,A,Annual,POP,Population,PS,Persons,_T,Total,_T,Total,_Z,Not applicable,FUA,FUA,_Z,Not applicable,2021,,607980,,A,Normal value,0,Units,0,Zero
DATAFLOW,OECD.CFE.EDS:DSD_FUA_DEMO@DF_AGE_SEX(1.2),Population by age and sex - Cities and FUAs,I,CZ004F,Plzeň,A,Annual,POP,Population,PS,Persons,_T,Total,_T,Total,_Z,Not applicable,FUA,FUA,_Z,Not applicable,2021,,352433,,A,Normal value,0,Units,0,Zero
DATAFLOW,OECD.CFE.EDS:DSD_FUA_DEMO@DF_AGE_SEX(1.2),Population by age and sex - Cities and FUAs,I,CZ005F,Ústí nad Labem,A,Annual,POP,Population,PS,Persons,_T,Total,_T,Total,_Z,Not applicable,FUA,FUA,_Z,Not applicable,2021,,121332,,A,Normal value,0,Units,0,Zero
DATAFLOW,OECD.CFE.EDS:DSD_FUA_DEMO@DF_AGE_SEX(1.2),Population by age and sex - Cities and FUAs,I,CZ006F,Olomouc,A,Annual,POP,Population,PS,Persons,_T,Total,_T,Total,_Z,Not applicable,FUA,FUA,_Z,Not applicable,2021,,219561,,A,Normal value,0,Units,0,Zero
DATAFLOW,OECD.CFE.EDS:DSD_FUA_DEMO@DF_AGE_SEX(1.2),Population by age and sex - Cities and FUAs,I,CZ007F,Liberec,A,Annual,POP,Population,PS,Persons,_T,Total,_T,Total,_Z,Not applicable,FUA,FUA,_Z,Not applicable,2021,,221562,,A,Normal value,0,Units,0,Zero
DATAFLOW,OECD.CFE.EDS:DSD_FUA_DEMO@DF_AGE_SEX(1.2),Population by age and sex - Cities and FUAs,I,CZ008F,České Budějovice,A,Annual,POP,Population,PS,Persons,_T,Total,_T,Total,_Z,Not applicable,FUA,FUA,_Z,Not applicable,2021,,200270,,A,Normal value,0,Units,0,Zero
DATAFLOW,OECD.CFE.EDS:DSD_FUA_DEMO@DF_AGE_SEX(1.2),Population by age and sex - Cities and FUAs,I,CZ009F,Hradec Králové,A,Annual,POP,Population,PS,Persons,_T,Total,_T,Total,_Z,Not applicable,FUA,FUA,_Z,Not applicable,2021,,165915,,A,Normal value,0,Units,0,Zero
DATAFLOW,OECD.CFE.EDS:DSD_FUA_DEMO@DF_AGE_SEX(1.2),Population by age and sex - Cities and FUAs,I,CZ010F,Pardubice,A,Annual,POP,Population,PS,Persons,_T,Total,_T,Total,_Z,Not applicable,FUA,FUA,_Z,Not applicable,2021,,189850,,A,Normal value,0,Units,0,Zero
DATAFLOW,OECD.CFE.EDS:DSD_FUA_DEMO@DF_AGE_SEX(1.2),Population by age and sex - Cities and FUAs,I,CZ016F,Most,A,Annual,POP,Population,PS,Persons,_T,Total,_T,Total,_Z,Not applicable,FUA,FUA,_Z,Not applicable,2021,,77487,,A,Normal value,0,Units,0,Zero
DATAFLOW,OECD.CFE.EDS:DSD_FUA_DEMO@DF_AGE_SEX(1.2),Population by age and sex - Cities and FUAs,I,CZ018F,Chomutov-Jirkov,A,Annual,POP,Population,PS,Persons,_T,Total,_T,Total,_Z,Not applicable,FUA,FUA,_Z,Not applicable,2021,,81553,,A,Normal value,0,Units,0,Zero
DATAFLOW,OECD.CFE.EDS:DSD_FUA_DEMO@DF_AGE_SEX(1.2),Population by age and sex - Cities and FUAs,I,DE001F,Berlin,A,Annual,POP,Population,PS,Persons,_T,Total,_T,Total,_Z,Not applicable,FUA,FUA,_Z,Not applicable,2021,,5022203,,A,Normal value,0,Units,0,Zero
DATAFLOW,OECD.CFE.EDS:DSD_FUA_DEMO@DF_AGE_SEX(1.2),Population by age and sex - Cities and FUAs,I,DE002F,Hamburg,A,Annual,POP,Population,PS,Persons,_T,Total,_T,Total,_Z,Not applicable,FUA,FUA,_Z,Not applicable,2021,,3241659,,A,Normal value,0,Units,0,Zero
DATAFLOW,OECD.CFE.EDS:DSD_FUA_DEMO@DF_AGE_SEX(1.2),Population by age and sex - Cities and FUAs,I,DE003F,München,A,Annual,POP,Population,PS,Persons,_T,Total,_T,Total,_Z,Not applicable,FUA,FUA,_Z,Not applicable,2021,,2974100,,A,Normal value,0,Units,0,Zero
DATAFLOW,OECD.CFE.EDS:DSD_FUA_DEMO@DF_AGE_SEX(1.2),Population by age and sex - Cities and FUAs,I,DE004F,Köln,A,Annual,POP,Population,PS,Persons,_T,Total,_T,Total,_Z,Not applicable,FUA,FUA,_Z,Not applicable,2021,,2352803,,A,Normal value,0,Units,0,Zero
DATAFLOW,OECD.CFE.EDS:DSD_FUA_DEMO@DF_AGE_SEX(1.2),Population by age and sex - Cities and FUAs,I,DE005F,Frankfurt am Main,A,Annual,POP,Population,PS,Persons,_T,Total,_T,Total,_Z,Not applicable,FUA,FUA,_Z,Not applicable,2021,,2671718,,A,Normal value,0,Units,0,Zero
DATAFLOW,OECD.CFE.EDS:DSD_FUA_DEMO@DF_AGE_SEX(1.2),Population by age and sex - Cities and FUAs,I,DE006F,Essen,A,Annual,POP,Population,PS,Persons,_T,Total,_T,Total,_Z,Not applicable,FUA,FUA,_Z,Not applicable,2021,,1863937,,A,Normal value,0,Units,0,Zero
DATAFLOW,OECD.CFE.EDS:DSD_FUA_DEMO@DF_AGE_SEX(1.2),Population by age and sex - Cities and FUAs,I,DE007F,Stuttgart,A,Annual,POP,Population,PS,Persons,_T,Total,_T,Total,_Z,Not applicable,FUA,FUA,_Z,Not applicable,2021,,2553952,,A,Normal value,0,Units,0,Zero
DATAFLOW,OECD.CFE.EDS:DSD_FUA_DEMO@DF_AGE_SEX(1.2),Population by age and sex - Cities and FUAs,I,DE008F,Leipzig,A,Annual,POP,Population,PS,Persons,_T,Total,_T,Total,_Z,Not applicable,FUA,FUA,_Z,Not applicable,2021,,945584,,A,Normal value,0,Units,0,Zero
DATAFLOW,OECD.CFE.EDS:DSD_FUA_DEMO@DF_AGE_SEX(1.2),Population by age and sex - Cities and FUAs,I,DE009F,Dresden,A,Annual,POP,Population,PS,Persons,_T,Total,_T,Total,_Z,Not applicable,FUA,FUA,_Z,Not applicable,2021,,966326,,A,Normal value,0,Units,0,Zero
DATAFLOW,OECD.CFE.EDS:DSD_FUA_DEMO@DF_AGE_SEX(1.2),Population by age and sex - Cities and FUAs,I,DE011F,Düsseldorf,A,Annual,POP,Population,PS,Persons,_T,Total,_T,Total,_Z,Not applicable,FUA,FUA,_Z,Not applicable,2021,,1671401,,A,Normal value,0,Units,0,Zero
DATAFLOW,OECD.CFE.EDS:DSD_FUA_DEMO@DF_AGE_SEX(1.2),Population by age and sex - Cities and FUAs,I,DE012F,Bremen,A,Annual,POP,Population,PS,Persons,_T,Total,_T,Total,_Z,Not applicable,FUA,FUA,_Z,Not applicable,2021,,1043429,,A,Normal value,0,Units,0,Zero
DATAFLOW,OECD.CFE.EDS:DSD_FUA_DEMO@DF_AGE_SEX(1.2),Population by age and sex - Cities and FUAs,I,DE013F,Hannover,A,Annual,POP,Population,PS,Persons,_T,Total,_T,Total,_Z,Not applicable,FUA,FUA,_Z,Not applicable,2021,,1291389,,A,Normal value,0,Units,0,Zero
DATAFLOW,OECD.CFE.EDS:DSD_FUA_DEMO@DF_AGE_SEX(1.2),Population by age and sex - Cities and FUAs,I,DE014F,Nürnberg,A,Annual,POP,Population,PS,Persons,_T,Total,_T,Total,_Z,Not applicable,FUA,FUA,_Z,Not applicable,2021,,1507711,,A,Normal value,0,Units,0,Zero
DATAFLOW,OECD.CFE.EDS:DSD_FUA_DEMO@DF_AGE_SEX(1.2),Population by age and sex - Cities and FUAs,I,DE016F,Bielefeld,A,Annual,POP,Population,PS,Persons,_T,Total,_T,Total,_Z,Not applicable,FUA,FUA,_Z,Not applicable,2021,,548316,,A,Normal value,0,Units,0,Zero
DATAFLOW,OECD.CFE.EDS:DSD_FUA_DEMO@DF_AGE_SEX(1.2),Population by age and sex - Cities and FUAs,I,DE017F,Halle an der Saale,A,Annual,POP,Population,PS,Persons,_T,Total,_T,Total,_Z,Not applicable,FUA,FUA,_Z,Not applicable,2021,,368736,,A,Normal value,0,Units,0,Zero
DATAFLOW,OECD.CFE.EDS:DSD_FUA_DEMO@DF_AGE_SEX(1.2),Population by age and sex - Cities and FUAs,I,DE018F,Magdeburg,A,Annual,POP,Population,PS,Persons,_T,Total,_T,Total,_Z,Not applicable,FUA,FUA,_Z,Not applicable,2021,,418140,,A,Normal value,0,Units,0,Zero
DATAFLOW,OECD.CFE.EDS:DSD_FUA_DEMO@DF_AGE_SEX(1.2),Population by age and sex - Cities and FUAs,I,DE019F,Wiesbaden,A,Annual,POP,Population,PS,Persons,_T,Total,_T,Total,_Z,Not applicable,FUA,FUA,_Z,Not applicable,2021,,422014,,A,Normal value,0,Units,0,Zero
DATAFLOW,OECD.CFE.EDS:DSD_FUA_DEMO@DF_AGE_SEX(1.2),Population by age and sex - Cities and FUAs,I,DE020F,Göttingen,A,Annual,POP,Population,PS,Persons,_T,Total,_T,Total,_Z,Not applicable,FUA,FUA,_Z,Not applicable,2021,,260387,,A,Normal value,0,Units,0,Zero
DATAFLOW,OECD.CFE.EDS:DSD_FUA_DEMO@DF_AGE_SEX(1.2),Population by age and sex - Cities and FUAs,I,DE023F,Darmstadt,A,Annual,POP,Population,PS,Persons,_T,Total,_T,Total,_Z,Not applicable,FUA,FUA,_Z,Not applicable,2021,,416876,,A,Normal value,0,Units,0,Zero
DATAFLOW,OECD.CFE.EDS:DSD_FUA_DEMO@DF_AGE_SEX(1.2),Population by age and sex - Cities and FUAs,I,DE024F,Trier,A,Annual,POP,Population,PS,Persons,_T,Total,_T,Total,_Z,Not applicable,FUA,FUA,_Z,Not applicable,2021,,276080,,A,Normal value,0,Units,0,Zero
DATAFLOW,OECD.CFE.EDS:DSD_FUA_DEMO@DF_AGE_SEX(1.2),Population by age and sex - Cities and FUAs,I,DE025F,Freiburg im Breisgau,A,Annual,POP,Population,PS,Persons,_T,Total,_T,Total,_Z,Not applicable,FUA,FUA,_Z,Not applicable,2021,,584348,,A,Normal value,0,Units,0,Zero
DATAFLOW,OECD.CFE.EDS:DSD_FUA_DEMO@DF_AGE_SEX(1.2),Population by age and sex - Cities and FUAs,I,DE026F,Regensburg,A,Annual,POP,Population,PS,Persons,_T,Total,_T,Total,_Z,Not applicable,FUA,FUA,_Z,Not applicable,2021,,446073,,A,Normal value,0,Units,0,Zero
DATAFLOW,OECD.CFE.EDS:DSD_FUA_DEMO@DF_AGE_SEX(1.2),Population by age and sex - Cities and FUAs,I,DE027F,Frankfurt (Oder),A,Annual,POP,Population,PS,Persons,_T,Total,_T,Total,_Z,Not applicable,FUA,FUA,_Z,Not applicable,2021,,90592,,A,Normal value,0,Units,0,Zero
DATAFLOW,OECD.CFE.EDS:DSD_FUA_DEMO@DF_AGE_SEX(1.2),Population by age and sex - Cities and FUAs,I,DE029F,Schwerin,A,Annual,POP,Population,PS,Persons,_T,Total,_T,Total,_Z,Not applicable,FUA,FUA,_Z,Not applicable,2021,,163022,,A,Normal value,0,Units,0,Zero
DATAFLOW,OECD.CFE.EDS:DSD_FUA_DEMO@DF_AGE_SEX(1.2),Population by age and sex - Cities and FUAs,I,DE030F,Erfurt,A,Annual,POP,Population,PS,Persons,_T,Total,_T,Total,_Z,Not applicable,FUA,FUA,_Z,Not applicable,2021,,350796,,A,Normal value,0,Units,0,Zero
DATAFLOW,OECD.CFE.EDS:DSD_FUA_DEMO@DF_AGE_SEX(1.2),Population by age and sex - Cities and FUAs,I,DE031F,Augsburg,A,Annual,POP,Population,PS,Persons,_T,Total,_T,Total,_Z,Not applicable,FUA,FUA,_Z,Not applicable,2021,,619165,,A,Normal value,0,Units,0,Zero
DATAFLOW,OECD.CFE.EDS:DSD_FUA_DEMO@DF_AGE_SEX(1.2),Population by age and sex - Cities and FUAs,I,DE032F,Bonn,A,Annual,POP,Population,PS,Persons,_T,Total,_T,Total,_Z,Not applicable,FUA,FUA,_Z,Not applicable,2021,,676143,,A,Normal value,0,Units,0,Zero
DATAFLOW,OECD.CFE.EDS:DSD_FUA_DEMO@DF_AGE_SEX(1.2),Population by age and sex - Cities and FUAs,I,DE033F,Karlsruhe,A,Annual,POP,Population,PS,Persons,_T,Total,_T,Total,_Z,Not applicable,FUA,FUA,_Z,Not applicable,2021,,694367,,A,Normal value,0,Units,0,Zero
DATAFLOW,OECD.CFE.EDS:DSD_FUA_DEMO@DF_AGE_SEX(1.2),Population by age and sex - Cities and FUAs,I,DE034F,Mönchengladbach,A,Annual,POP,Population,PS,Persons,_T,Total,_T,Total,_Z,Not applicable,FUA,FUA,_Z,Not applicable,2021,,384183,,A,Normal value,0,Units,0,Zero
DATAFLOW,OECD.CFE.EDS:DSD_FUA_DEMO@DF_AGE_SEX(1.2),Population by age and sex - Cities and FUAs,I,DE035F,Mainz,A,Annual,POP,Population,PS,Persons,_T,Total,_T,Total,_Z,Not applicable,FUA,FUA,_Z,Not applicable,2021,,402362,,A,Normal value,0,Units,0,Zero
DATAFLOW,OECD.CFE.EDS:DSD_FUA_DEMO@DF_AGE_SEX(1.2),Population by age and sex - Cities and FUAs,I,DE036F,Kiel,A,Annual,POP,Population,PS,Persons,_T,Total,_T,Total,_Z,Not applicable,FUA,FUA,_Z,Not applicable,2021,,472180,,A,Normal value,0,Units,0,Zero
DATAFLOW,OECD.CFE.EDS:DSD_FUA_DEMO@DF_AGE_SEX(1.2),Population by age and sex - Cities and FUAs,I,DE037F,Saarbrücken,A,Annual,POP,Population,PS,Persons,_T,Total,_T,Total,_Z,Not applicable,FUA,FUA,_Z,Not applicable,2021,,541570,,A,Normal value,0,Units,0,Zero
DATAFLOW,OECD.CFE.EDS:DSD_FUA_DEMO@DF_AGE_SEX(1.2),Population by age and sex - Cities and FUAs,I,DE039F,Koblenz,A,Annual,POP,Population,PS,Persons,_T,Total,_T,Total,_Z,Not applicable,FUA,FUA,_Z,Not applicable,2021,,295672,,A,Normal value,0,Units,0,Zero
DATAFLOW,OECD.CFE.EDS:DSD_FUA_DEMO@DF_AGE_SEX(1.2),Population by age and sex - Cities and FUAs,I,DE040F,Rostock,A,Annual,POP,Population,PS,Persons,_T,Total,_T,Total,_Z,Not applicable,FUA,FUA,_Z,Not applicable,2021,,326274,,A,Normal value,0,Units,0,Zero
DATAFLOW,OECD.CFE.EDS:DSD_FUA_DEMO@DF_AGE_SEX(1.2),Population by age and sex - Cities and FUAs,I,DE041F,Kaiserslautern,A,Annual,POP,Population,PS,Persons,_T,Total,_T,Total,_Z,Not applicable,FUA,FUA,_Z,Not applicable,2021,,210346,,A,Normal value,0,Units,0,Zero
DATAFLOW,OECD.CFE.EDS:DSD_FUA_DEMO@DF_AGE_SEX(1.2),Population by age and sex - Cities and FUAs,I,DE042F,Iserlohn,A,Annual,POP,Population,PS,Persons,_T,Total,_T,Total,_Z,Not applicable,FUA,FUA,_Z,Not applicable,2021,,132144,,A,Normal value,0,Units,0,Zero
DATAFLOW,OECD.CFE.EDS:DSD_FUA_DEMO@DF_AGE_SEX(1.2),Population by age and sex - Cities and FUAs,I,DE047F,Tübingen,A,Annual,POP,Population,PS,Persons,_T,Total,_T,Total,_Z,Not applicable,FUA,FUA,_Z,Not applicable,2021,,218634,,A,Normal value,0,Units,0,Zero
DATAFLOW,OECD.CFE.EDS:DSD_FUA_DEMO@DF_AGE_SEX(1.2),Population by age and sex - Cities and FUAs,I,DE049F,Flensburg,A,Annual,POP,Population,PS,Persons,_T,Total,_T,Total,_Z,Not applicable,FUA,FUA,_Z,Not applicable,2021,,177881,,A,Normal value,0,Units,0,Zero
DATAFLOW,OECD.CFE.EDS:DSD_FUA_DEMO@DF_AGE_SEX(1.2),Population by age and sex - Cities and FUAs,I,DE051F,Konstanz,A,Annual,POP,Population,PS,Persons,_T,Total,_T,Total,_Z,Not applicable,FUA,FUA,_Z,Not applicable,2021,,96968,,A,Normal value,0,Units,0,Zero
DATAFLOW,OECD.CFE.EDS:DSD_FUA_DEMO@DF_AGE_SEX(1.2),Population by age and sex - Cities and FUAs,I,DE052F,Neumünster,A,Annual,POP,Population,PS,Persons,_T,Total,_T,Total,_Z,Not applicable,FUA,FUA,_Z,Not applicable,2021,,111575,,A,Normal value,0,Units,0,Zero
DATAFLOW,OECD.CFE.EDS:DSD_FUA_DEMO@DF_AGE_SEX(1.2),Population by age and sex - Cities and FUAs,I,DE054F,Gießen,A,Annual,POP,Population,PS,Persons,_T,Total,_T,Total,_Z,Not applicable,FUA,FUA,_Z,Not applicable,2021,,257637,,A,Normal value,0,Units,0,Zero
DATAFLOW,OECD.CFE.EDS:DSD_FUA_DEMO@DF_AGE_SEX(1.2),Population by age and sex - Cities and FUAs,I,DE056F,Bayreuth,A,Annual,POP,Population,PS,Persons,_T,Total,_T,Total,_Z,Not applicable,FUA,FUA,_Z,Not applicable,2021,,187967,,A,Normal value,0,Units,0,Zero
DATAFLOW,OECD.CFE.EDS:DSD_FUA_DEMO@DF_AGE_SEX(1.2),Population by age and sex - Cities and FUAs,I,DE058F,Aschaffenburg,A,Annual,POP,Population,PS,Persons,_T,Total,_T,Total,_Z,Not applicable,FUA,FUA,_Z,Not applicable,2021,,232161,,A,Normal value,0,Units,0,Zero
DATAFLOW,OECD.CFE.EDS:DSD_FUA_DEMO@DF_AGE_SEX(1.2),Population by age and sex - Cities and FUAs,I,DE059F,Bamberg,A,Annual,POP,Population,PS,Persons,_T,Total,_T,Total,_Z,Not applicable,FUA,FUA,_Z,Not applicable,2021,,235679,,A,Normal value,0,Units,0,Zero
DATAFLOW,OECD.CFE.EDS:DSD_FUA_DEMO@DF_AGE_SEX(1.2),Population by age and sex - Cities and FUAs,I,DE060F,Plauen,A,Annual,POP,Population,PS,Persons,_T,Total,_T,Total,_Z,Not applicable,FUA,FUA,_Z,Not applicable,2021,,94467,,A,Normal value,0,Units,0,Zero
DATAFLOW,OECD.CFE.EDS:DSD_FUA_DEMO@DF_AGE_SEX(1.2),Population by age and sex - Cities and FUAs,I,DE063F,Kempten (Allgäu),A,Annual,POP,Population,PS,Persons,_T,Total,_T,Total,_Z,Not applicable,FUA,FUA,_Z,Not applicable,2021,,143976,,A,Normal value,0,Units,0,Zero
DATAFLOW,OECD.CFE.EDS:DSD_FUA_DEMO@DF_AGE_SEX(1.2),Population by age and sex - Cities and FUAs,I,DE064F,Landshut,A,Annual,POP,Population,PS,Persons,_T,Total,_T,Total,_Z,Not applicable,FUA,FUA,_Z,Not applicable,2021,,177340,,A,Normal value,0,Units,0,Zero
DATAFLOW,OECD.CFE.EDS:DSD_FUA_DEMO@DF_AGE_SEX(1.2),Population by age and sex - Cities and FUAs,I,DE066F,Rosenheim,A,Annual,POP,Population,PS,Persons,_T,Total,_T,Total,_Z,Not applicable,FUA,FUA,_Z,Not applicable,2021,,168362,,A,Normal value,0,Units,0,Zero
DATAFLOW,OECD.CFE.EDS:DSD_FUA_DEMO@DF_AGE_SEX(1.2),Population by age and sex - Cities and FUAs,I,DE071F,Görlitz,A,Annual,POP,Population,PS,Persons,_T,Total,_T,Total,_Z,Not applicable,FUA,FUA,_Z,Not applicable,2021,,81643,,A,Normal value,0,Units,0,Zero
DATAFLOW,OECD.CFE.EDS:DSD_FUA_DEMO@DF_AGE_SEX(1.2),Population by age and sex - Cities and FUAs,I,DE074F,Schweinfurt,A,Annual,POP,Population,PS,Persons,_T,Total,_T,Total,_Z,Not applicable,FUA,FUA,_Z,Not applicable,2021,,191881,,A,Normal value,0,Units,0,Zero
DATAFLOW,OECD.CFE.EDS:DSD_FUA_DEMO@DF_AGE_SEX(1.2),Population by age and sex - Cities and FUAs,I,DE081F,Mannheim,A,Annual,POP,Population,PS,Persons,_T,Total,_T,Total,_Z,Not applicable,FUA,FUA,_Z,Not applicable,2021,,1331723,,A,Normal value,0,Units,0,Zero
DATAFLOW,OECD.CFE.EDS:DSD_FUA_DEMO@DF_AGE_SEX(1.2),Population by age and sex - Cities and FUAs,I,DE083F,Münster,A,Annual,POP,Population,PS,Persons,_T,Total,_T,Total,_Z,Not applicable,FUA,FUA,_Z,Not applicable,2021,,577667,,A,Normal value,0,Units,0,Zero
DATAFLOW,OECD.CFE.EDS:DSD_FUA_DEMO@DF_AGE_SEX(1.2),Population by age and sex - Cities and FUAs,I,DE084F,Chemnitz,A,Annual,POP,Population,PS,Persons,_T,Total,_T,Total,_Z,Not applicable,FUA,FUA,_Z,Not applicable,2021,,442855,,A,Normal value,0,Units,0,Zero
DATAFLOW,OECD.CFE.EDS:DSD_FUA_DEMO@DF_AGE_SEX(1.2),Population by age and sex - Cities and FUAs,I,DE085F,Braunschweig,A,Annual,POP,Population,PS,Persons,_T,Total,_T,Total,_Z,Not applicable,FUA,FUA,_Z,Not applicable,2021,,528702,,A,Normal value,0,Units,0,Zero
DATAFLOW,OECD.CFE.EDS:DSD_FUA_DEMO@DF_AGE_SEX(1.2),Population by age and sex - Cities and FUAs,I,DE086F,Aachen,A,Annual,POP,Population,PS,Persons,_T,Total,_T,Total,_Z,Not applicable,FUA,FUA,_Z,Not applicable,2021,,591835,,A,Normal value,0,Units,0,Zero
DATAFLOW,OECD.CFE.EDS:DSD_FUA_DEMO@DF_AGE_SEX(1.2),Population by age and sex - Cities and FUAs,I,DE087F,Krefeld,A,Annual,POP,Population,PS,Persons,_T,Total,_T,Total,_Z,Not applicable,FUA,FUA,_Z,Not applicable,2021,,290630,,A,Normal value,0,Units,0,Zero
DATAFLOW,OECD.CFE.EDS:DSD_FUA_DEMO@DF_AGE_SEX(1.2),Population by age and sex - Cities and FUAs,I,DE089F,Lübeck,A,Annual,POP,Population,PS,Persons,_T,Total,_T,Total,_Z,Not applicable,FUA,FUA,_Z,Not applicable,2021,,383120,,A,Normal value,0,Units,0,Zero
DATAFLOW,OECD.CFE.EDS:DSD_FUA_DEMO@DF_AGE_SEX(1.2),Population by age and sex - Cities and FUAs,I,DE091F,Kassel,A,Annual,POP,Population,PS,Persons,_T,Total,_T,Total,_Z,Not applicable,FUA,FUA,_Z,Not applicable,2021,,497325,,A,Normal value,0,Units,0,Zero
DATAFLOW,OECD.CFE.EDS:DSD_FUA_DEMO@DF_AGE_SEX(1.2),Population by age and sex - Cities and FUAs,I,DE095F,Osnabrück,A,Annual,POP,Population,PS,Persons,_T,Total,_T,Total,_Z,Not applicable,FUA,FUA,_Z,Not applicable,2021,,359317,,A,Normal value,0,Units,0,Zero
DATAFLOW,OECD.CFE.EDS:DSD_FUA_DEMO@DF_AGE_SEX(1.2),Population by age and sex - Cities and FUAs,I,DE098F,Oldenburg (Oldenburg),A,Annual,POP,Population,PS,Persons,_T,Total,_T,Total,_Z,Not applicable,FUA,FUA,_Z,Not applicable,2021,,311900,,A,Normal value,0,Units,0,Zero
DATAFLOW,OECD.CFE.EDS:DSD_FUA_DEMO@DF_AGE_SEX(1.2),Population by age and sex - Cities and FUAs,I,DE100F,Heidelberg,A,Annual,POP,Population,PS,Persons,_T,Total,_T,Total,_Z,Not applicable,FUA,FUA,_Z,Not applicable,2021,,311572,,A,Normal value,0,Units,0,Zero
DATAFLOW,OECD.CFE.EDS:DSD_FUA_DEMO@DF_AGE_SEX(1.2),Population by age and sex - Cities and FUAs,I,DE101F,Paderborn,A,Annual,POP,Population,PS,Persons,_T,Total,_T,Total,_Z,Not applicable,FUA,FUA,_Z,Not applicable,2021,,336491,,A,Normal value,0,Units,0,Zero
DATAFLOW,OECD.CFE.EDS:DSD_FUA_DEMO@DF_AGE_SEX(1.2),Population by age and sex - Cities and FUAs,I,DE102F,Würzburg,A,Annual,POP,Population,PS,Persons,_T,Total,_T,Total,_Z,Not applicable,FUA,FUA,_Z,Not applicable,2021,,380390,,A,Normal value,0,Units,0,Zero
DATAFLOW,OECD.CFE.EDS:DSD_FUA_DEMO@DF_AGE_SEX(1.2),Population by age and sex - Cities and FUAs,I,DE104F,Wolfsburg,A,Annual,POP,Population,PS,Persons,_T,Total,_T,Total,_Z,Not applicable,FUA,FUA,_Z,Not applicable,2021,,367322,,A,Normal value,0,Units,0,Zero
DATAFLOW,OECD.CFE.EDS:DSD_FUA_DEMO@DF_AGE_SEX(1.2),Population by age and sex - Cities and FUAs,I,DE105F,Bremerhaven,A,Annual,POP,Population,PS,Persons,_T,Total,_T,Total,_Z,Not applicable,FUA,FUA,_Z,Not applicable,2021,,206054,,A,Normal value,0,Units,0,Zero
DATAFLOW,OECD.CFE.EDS:DSD_FUA_DEMO@DF_AGE_SEX(1.2),Population by age and sex - Cities and FUAs,I,DE107F,Heilbronn,A,Annual,POP,Population,PS,Persons,_T,Total,_T,Total,_Z,Not applicable,FUA,FUA,_Z,Not applicable,2021,,381516,,A,Normal value,0,Units,0,Zero
DATAFLOW,OECD.CFE.EDS:DSD_FUA_DEMO@DF_AGE_SEX(1.2),Population by age and sex - Cities and FUAs,I,DE108F,Remscheid,A,Annual,POP,Population,PS,Persons,_T,Total,_T,Total,_Z,Not applicable,FUA,FUA,_Z,Not applicable,2021,,182886,,A,Normal value,0,Units,0,Zero
DATAFLOW,OECD.CFE.EDS:DSD_FUA_DEMO@DF_AGE_SEX(1.2),Population by age and sex - Cities and FUAs,I,DE110F,Ulm,A,Annual,POP,Population,PS,Persons,_T,Total,_T,Total,_Z,Not applicable,FUA,FUA,_Z,Not applicable,2021,,468618,,A,Normal value,0,Units,0,Zero
DATAFLOW,OECD.CFE.EDS:DSD_FUA_DEMO@DF_AGE_SEX(1.2),Population by age and sex - Cities and FUAs,I,DE111F,Pforzheim,A,Annual,POP,Population,PS,Persons,_T,Total,_T,Total,_Z,Not applicable,FUA,FUA,_Z,Not applicable,2021,,254470,,A,Normal value,0,Units,0,Zero
DATAFLOW,OECD.CFE.EDS:DSD_FUA_DEMO@DF_AGE_SEX(1.2),Population by age and sex - Cities and FUAs,I,DE112F,Ingolstadt,A,Annual,POP,Population,PS,Persons,_T,Total,_T,Total,_Z,Not applicable,FUA,FUA,_Z,Not applicable,2021,,381967,,A,Normal value,0,Units,0,Zero
DATAFLOW,OECD.CFE.EDS:DSD_FUA_DEMO@DF_AGE_SEX(1.2),Population by age and sex - Cities and FUAs,I,DE113F,Gera,A,Annual,POP,Population,PS,Persons,_T,Total,_T,Total,_Z,Not applicable,FUA,FUA,_Z,Not applicable,2021,,138621,,A,Normal value,0,Units,0,Zero
DATAFLOW,OECD.CFE.EDS:DSD_FUA_DEMO@DF_AGE_SEX(1.2),Population by age and sex - Cities and FUAs,I,DE115F,Reutlingen,A,Annual,POP,Population,PS,Persons,_T,Total,_T,Total,_Z,Not applicable,FUA,FUA,_Z,Not applicable,2021,,195753,,A,Normal value,0,Units,0,Zero
DATAFLOW,OECD.CFE.EDS:DSD_FUA_DEMO@DF_AGE_SEX(1.2),Population by age and sex - Cities and FUAs,I,DE117F,Cottbus,A,Annual,POP,Population,PS,Persons,_T,Total,_T,Total,_Z,Not applicable,FUA,FUA,_Z,Not applicable,2021,,196927,,A,Normal value,0,Units,0,Zero
DATAFLOW,OECD.CFE.EDS:DSD_FUA_DEMO@DF_AGE_SEX(1.2),Population by age and sex - Cities and FUAs,I,DE118F,Siegen,A,Annual,POP,Population,PS,Persons,_T,Total,_T,Total,_Z,Not applicable,FUA,FUA,_Z,Not applicable,2021,,244172,,A,Normal value,0,Units,0,Zero
DATAFLOW,OECD.CFE.EDS:DSD_FUA_DEMO@DF_AGE_SEX(1.2),Population by age and sex - Cities and FUAs,I,DE120F,Hildesheim,A,Annual,POP,Population,PS,Persons,_T,Total,_T,Total,_Z,Not applicable,FUA,FUA,_Z,Not applicable,2021,,192165,,A,Normal value,0,Units,0,Zero
DATAFLOW,OECD.CFE.EDS:DSD_FUA_DEMO@DF_AGE_SEX(1.2),Population by age and sex - Cities and FUAs,I,DE124F,Wuppertal,A,Annual,POP,Population,PS,Persons,_T,Total,_T,Total,_Z,Not applicable,FUA,FUA,_Z,Not applicable,2021,,383594,,A,Normal value,0,Units,0,Zero
DATAFLOW,OECD.CFE.EDS:DSD_FUA_DEMO@DF_AGE_SEX(1.2),Population by age and sex - Cities and FUAs,I,DE125F,Jena,A,Annual,POP,Population,PS,Persons,_T,Total,_T,Total,_Z,Not applicable,FUA,FUA,_Z,Not applicable,2021,,183390,,A,Normal value,0,Units,0,Zero
DATAFLOW,OECD.CFE.EDS:DSD_FUA_DEMO@DF_AGE_SEX(1.2),Population by age and sex - Cities and FUAs,I,DE126F,"Düren, Stadt",A,Annual,POP,Population,PS,Persons,_T,Total,_T,Total,_Z,Not applicable,FUA,FUA,_Z,Not applicable,2021,,193391,,A,Normal value,0,Units,0,Zero
DATAFLOW,OECD.CFE.EDS:DSD_FUA_DEMO@DF_AGE_SEX(1.2),Population by age and sex - Cities and FUAs,I,DE127F,"Bocholt, Stadt",A,Annual,POP,Population,PS,Persons,_T,Total,_T,Total,_Z,Not applicable,FUA,FUA,_Z,Not applicable,2021,,101138,,A,Normal value,0,Units,0,Zero
DATAFLOW,OECD.CFE.EDS:DSD_FUA_DEMO@DF_AGE_SEX(1.2),Population by age and sex - Cities and FUAs,I,DK001F,København,A,Annual,POP,Population,PS,Persons,_T,Total,_T,Total,_Z,Not applicable,FUA,FUA,_Z,Not applicable,2021,,2202722,,A,Normal value,0,Units,0,Zero
DATAFLOW,OECD.CFE.EDS:DSD_FUA_DEMO@DF_AGE_SEX(1.2),Population by age and sex - Cities and FUAs,I,DK002F,Århus,A,Annual,POP,Population,PS,Persons,_T,Total,_T,Total,_Z,Not applicable,FUA,FUA,_Z,Not applicable,2021,,530626,,A,Normal value,0,Units,0,Zero
DATAFLOW,OECD.CFE.EDS:DSD_FUA_DEMO@DF_AGE_SEX(1.2),Population by age and sex - Cities and FUAs,I,DK003F,Odense,A,Annual,POP,Population,PS,Persons,_T,Total,_T,Total,_Z,Not applicable,FUA,FUA,_Z,Not applicable,2021,,383353,,A,Normal value,0,Units,0,Zero
DATAFLOW,OECD.CFE.EDS:DSD_FUA_DEMO@DF_AGE_SEX(1.2),Population by age and sex - Cities and FUAs,I,DK004F,Aalborg,A,Annual,POP,Population,PS,Persons,_T,Total,_T,Total,_Z,Not applicable,FUA,FUA,_Z,Not applicable,2021,,324327,,A,Normal value,0,Units,0,Zero
DATAFLOW,OECD.CFE.EDS:DSD_FUA_DEMO@DF_AGE_SEX(1.2),Population by age and sex - Cities and FUAs,I,ES001F,Madrid,A,Annual,POP,Population,PS,Persons,_T,Total,_T,Total,_Z,Not applicable,FUA,FUA,_Z,Not applicable,2021,,7120109,,A,Normal value,0,Units,0,Zero
DATAFLOW,OECD.CFE.EDS:DSD_FUA_DEMO@DF_AGE_SEX(1.2),Population by age and sex - Cities and FUAs,I,ES002F,Barcelona,A,Annual,POP,Population,PS,Persons,_T,Total,_T,Total,_Z,Not applicable,FUA,FUA,_Z,Not applicable,2021,,5484790,,A,Normal value,0,Units,0,Zero
DATAFLOW,OECD.CFE.EDS:DSD_FUA_DEMO@DF_AGE_SEX(1.2),Population by age and sex - Cities and FUAs,I,ES003F,Valencia,A,Annual,POP,Population,PS,Persons,_T,Total,_T,Total,_Z,Not applicable,FUA,FUA,_Z,Not applicable,2021,,2383638,,A,Normal value,0,Units,0,Zero
DATAFLOW,OECD.CFE.EDS:DSD_FUA_DEMO@DF_AGE_SEX(1.2),Population by age and sex - Cities and FUAs,I,ES004F,Sevilla,A,Annual,POP,Population,PS,Persons,_T,Total,_T,Total,_Z,Not applicable,FUA,FUA,_Z,Not applicable,2021,,1782245,,A,Normal value,0,Units,0,Zero
DATAFLOW,OECD.CFE.EDS:DSD_FUA_DEMO@DF_AGE_SEX(1.2),Population by age and sex - Cities and FUAs,I,ES005F,Zaragoza,A,Annual,POP,Population,PS,Persons,_T,Total,_T,Total,_Z,Not applicable,FUA,FUA,_Z,Not applicable,2021,,789941,,A,Normal value,0,Units,0,Zero
DATAFLOW,OECD.CFE.EDS:DSD_FUA_DEMO@DF_AGE_SEX(1.2),Population by age and sex - Cities and FUAs,I,ES006F,Málaga,A,Annual,POP,Population,PS,Persons,_T,Total,_T,Total,_Z,Not applicable,FUA,FUA,_Z,Not applicable,2021,,1307974,,A,Normal value,0,Units,0,Zero
DATAFLOW,OECD.CFE.EDS:DSD_FUA_DEMO@DF_AGE_SEX(1.2),Population by age and sex - Cities and FUAs,I,ES007F,Murcia,A,Annual,POP,Population,PS,Persons,_T,Total,_T,Total,_Z,Not applicable,FUA,FUA,_Z,Not applicable,2021,,1236389,,A,Normal value,0,Units,0,Zero
DATAFLOW,OECD.CFE.EDS:DSD_FUA_DEMO@DF_AGE_SEX(1.2),Population by age and sex - Cities and FUAs,I,ES008F,Las Palmas,A,Annual,POP,Population,PS,Persons,_T,Total,_T,Total,_Z,Not applicable,FUA,FUA,_Z,Not applicable,2021,,832116,,A,Normal value,0,Units,0,Zero
DATAFLOW,OECD.CFE.EDS:DSD_FUA_DEMO@DF_AGE_SEX(1.2),Population by age and sex - Cities and FUAs,I,ES009F,Valladolid,A,Annual,POP,Population,PS,Persons,_T,Total,_T,Total,_Z,Not applicable,FUA,FUA,_Z,Not applicable,2021,,438511,,A,Normal value,0,Units,0,Zero
DATAFLOW,OECD.CFE.EDS:DSD_FUA_DEMO@DF_AGE_SEX(1.2),Population by age and sex - Cities and FUAs,I,ES010F,Palma de Mallorca,A,Annual,POP,Population,PS,Persons,_T,Total,_T,Total,_Z,Not applicable,FUA,FUA,_Z,Not applicable,2021,,778655,,A,Normal value,0,Units,0,Zero
DATAFLOW,OECD.CFE.EDS:DSD_FUA_DEMO@DF_AGE_SEX(1.2),Population by age and sex - Cities and FUAs,I,ES011F,Santiago de Compostela,A,Annual,POP,Population,PS,Persons,_T,Total,_T,Total,_Z,Not applicable,FUA,FUA,_Z,Not applicable,2021,,211317,,A,Normal value,0,Units,0,Zero
DATAFLOW,OECD.CFE.EDS:DSD_FUA_DEMO@DF_AGE_SEX(1.2),Population by age and sex - Cities and FUAs,I,ES012F,Vitoria/Gasteiz,A,Annual,POP,Population,PS,Persons,_T,Total,_T,Total,_Z,Not applicable,FUA,FUA,_Z,Not applicable,2021,,296861,,A,Normal value,0,Units,0,Zero
DATAFLOW,OECD.CFE.EDS:DSD_FUA_DEMO@DF_AGE_SEX(1.2),Population by age and sex - Cities and FUAs,I,ES013F,Oviedo,A,Annual,POP,Population,PS,Persons,_T,Total,_T,Total,_Z,Not applicable,FUA,FUA,_Z,Not applicable,2021,,967306,,A,Normal value,0,Units,0,Zero
DATAFLOW,OECD.CFE.EDS:DSD_FUA_DEMO@DF_AGE_SEX(1.2),Population by age and sex - Cities and FUAs,I,ES014F,Pamplona/Iruña,A,Annual,POP,Population,PS,Persons,_T,Total,_T,Total,_Z,Not applicable,FUA,FUA,_Z,Not applicable,2021,,426461,,A,Normal value,0,Units,0,Zero
DATAFLOW,OECD.CFE.EDS:DSD_FUA_DEMO@DF_AGE_SEX(1.2),Population by age and sex - Cities and FUAs,I,ES015F,Santander,A,Annual,POP,Population,PS,Persons,_T,Total,_T,Total,_Z,Not applicable,FUA,FUA,_Z,Not applicable,2021,,428196,,A,Normal value,0,Units,0,Zero
DATAFLOW,OECD.CFE.EDS:DSD_FUA_DEMO@DF_AGE_SEX(1.2),Population by age and sex - Cities and FUAs,I,ES016F,Toledo,A,Annual,POP,Population,PS,Persons,_T,Total,_T,Total,_Z,Not applicable,FUA,FUA,_Z,Not applicable,2021,,168854,,A,Normal value,0,Units,0,Zero
DATAFLOW,OECD.CFE.EDS:DSD_FUA_DEMO@DF_AGE_SEX(1.2),Population by age and sex - Cities and FUAs,I,ES017F,Badajoz,A,Annual,POP,Population,PS,Persons,_T,Total,_T,Total,_Z,Not applicable,FUA,FUA,_Z,Not applicable,2021,,190963,,A,Normal value,0,Units,0,Zero
DATAFLOW,OECD.CFE.EDS:DSD_FUA_DEMO@DF_AGE_SEX(1.2),Population by age and sex - Cities and FUAs,I,ES018F,Logroño,A,Annual,POP,Population,PS,Persons,_T,Total,_T,Total,_Z,Not applicable,FUA,FUA,_Z,Not applicable,2021,,200492,,A,Normal value,0,Units,0,Zero
DATAFLOW,OECD.CFE.EDS:DSD_FUA_DEMO@DF_AGE_SEX(1.2),Population by age and sex - Cities and FUAs,I,ES019F,Bilbao,A,Annual,POP,Population,PS,Persons,_T,Total,_T,Total,_Z,Not applicable,FUA,FUA,_Z,Not applicable,2021,,1153195,,A,Normal value,0,Units,0,Zero
DATAFLOW,OECD.CFE.EDS:DSD_FUA_DEMO@DF_AGE_SEX(1.2),Population by age and sex - Cities and FUAs,I,ES020F,Córdoba,A,Annual,POP,Population,PS,Persons,_T,Total,_T,Total,_Z,Not applicable,FUA,FUA,_Z,Not applicable,2021,,448146,,A,Normal value,0,Units,0,Zero
DATAFLOW,OECD.CFE.EDS:DSD_FUA_DEMO@DF_AGE_SEX(1.2),Population by age and sex - Cities and FUAs,I,ES021F,Alicante/Alacant,A,Annual,POP,Population,PS,Persons,_T,Total,_T,Total,_Z,Not applicable,FUA,FUA,_Z,Not applicable,2021,,955265,,A,Normal value,0,Units,0,Zero
DATAFLOW,OECD.CFE.EDS:DSD_FUA_DEMO@DF_AGE_SEX(1.2),Population by age and sex - Cities and FUAs,I,ES022F,Vigo,A,Annual,POP,Population,PS,Persons,_T,Total,_T,Total,_Z,Not applicable,FUA,FUA,_Z,Not applicable,2021,,585730,,A,Normal value,0,Units,0,Zero
DATAFLOW,OECD.CFE.EDS:DSD_FUA_DEMO@DF_AGE_SEX(1.2),Population by age and sex - Cities and FUAs,I,ES024F,Santa Cruz de Tenerife,A,Annual,POP,Population,PS,Persons,_T,Total,_T,Total,_Z,Not applicable,FUA,FUA,_Z,Not applicable,2021,,761966,,A,Normal value,0,Units,0,Zero
DATAFLOW,OECD.CFE.EDS:DSD_FUA_DEMO@DF_AGE_SEX(1.2),Population by age and sex - Cities and FUAs,I,ES025F,A Coruña,A,Annual,POP,Population,PS,Persons,_T,Total,_T,Total,_Z,Not applicable,FUA,FUA,_Z,Not applicable,2021,,518369,,A,Normal value,0,Units,0,Zero
DATAFLOW,OECD.CFE.EDS:DSD_FUA_DEMO@DF_AGE_SEX(1.2),Population by age and sex - Cities and FUAs,I,ES028F,Lugo,A,Annual,POP,Population,PS,Persons,_T,Total,_T,Total,_Z,Not applicable,FUA,FUA,_Z,Not applicable,2021,,158985,,A,Normal value,0,Units,0,Zero
DATAFLOW,OECD.CFE.EDS:DSD_FUA_DEMO@DF_AGE_SEX(1.2),Population by age and sex - Cities and FUAs,I,ES030F,Girona,A,Annual,POP,Population,PS,Persons,_T,Total,_T,Total,_Z,Not applicable,FUA,FUA,_Z,Not applicable,2021,,272306,,A,Normal value,0,Units,0,Zero
DATAFLOW,OECD.CFE.EDS:DSD_FUA_DEMO@DF_AGE_SEX(1.2),Population by age and sex - Cities and FUAs,I,ES031F,Cáceres,A,Annual,POP,Population,PS,Persons,_T,Total,_T,Total,_Z,Not applicable,FUA,FUA,_Z,Not applicable,2021,,133198,,A,Normal value,0,Units,0,Zero
DATAFLOW,OECD.CFE.EDS:DSD_FUA_DEMO@DF_AGE_SEX(1.2),Population by age and sex - Cities and FUAs,I,ES032F,Torrevieja,A,Annual,POP,Population,PS,Persons,_T,Total,_T,Total,_Z,Not applicable,FUA,FUA,_Z,Not applicable,2021,,82842,,A,Normal value,0,Units,0,Zero
DATAFLOW,OECD.CFE.EDS:DSD_FUA_DEMO@DF_AGE_SEX(1.2),Population by age and sex - Cities and FUAs,I,ES033F,"Puerto de Santa María, El",A,Annual,POP,Population,PS,Persons,_T,Total,_T,Total,_Z,Not applicable,FUA,FUA,_Z,Not applicable,2021,,89060,,A,Normal value,0,Units,0,Zero
DATAFLOW,OECD.CFE.EDS:DSD_FUA_DEMO@DF_AGE_SEX(1.2),Population by age and sex - Cities and FUAs,I,ES035F,Talavera de la Reina,A,Annual,POP,Population,PS,Persons,_T,Total,_T,Total,_Z,Not applicable,FUA,FUA,_Z,Not applicable,2021,,99433,,A,Normal value,0,Units,0,Zero
DATAFLOW,OECD.CFE.EDS:DSD_FUA_DEMO@DF_AGE_SEX(1.2),Population by age and sex - Cities and FUAs,I,ES036F,Palencia,A,Annual,POP,Population,PS,Persons,_T,Total,_T,Total,_Z,Not applicable,FUA,FUA,_Z,Not applicable,2021,,98989,,A,Normal value,0,Units,0,Zero
DATAFLOW,OECD.CFE.EDS:DSD_FUA_DEMO@DF_AGE_SEX(1.2),Population by age and sex - Cities and FUAs,I,ES037F,Ferrol,A,Annual,POP,Population,PS,Persons,_T,Total,_T,Total,_Z,Not applicable,FUA,FUA,_Z,Not applicable,2021,,145828,,A,Normal value,0,Units,0,Zero
DATAFLOW,OECD.CFE.EDS:DSD_FUA_DEMO@DF_AGE_SEX(1.2),Population by age and sex - Cities and FUAs,I,ES038F,Pontevedra,A,Annual,POP,Population,PS,Persons,_T,Total,_T,Total,_Z,Not applicable,FUA,FUA,_Z,Not applicable,2021,,152475,,A,Normal value,0,Units,0,Zero
DATAFLOW,OECD.CFE.EDS:DSD_FUA_DEMO@DF_AGE_SEX(1.2),Population by age and sex - Cities and FUAs,I,ES039F,Ceuta,A,Annual,POP,Population,PS,Persons,_T,Total,_T,Total,_Z,Not applicable,FUA,FUA,_Z,Not applicable,2021,,83517,,A,Normal value,0,Units,0,Zero
DATAFLOW,OECD.CFE.EDS:DSD_FUA_DEMO@DF_AGE_SEX(1.2),Population by age and sex - Cities and FUAs,I,ES041F,Guadalajara,A,Annual,POP,Population,PS,Persons,_T,Total,_T,Total,_Z,Not applicable,FUA,FUA,_Z,Not applicable,2021,,122183,,A,Normal value,0,Units,0,Zero
DATAFLOW,OECD.CFE.EDS:DSD_FUA_DEMO@DF_AGE_SEX(1.2),Population by age and sex - Cities and FUAs,I,ES042F,Manresa,A,Annual,POP,Population,PS,Persons,_T,Total,_T,Total,_Z,Not applicable,FUA,FUA,_Z,Not applicable,2021,,135666,,A,Normal value,0,Units,0,Zero
DATAFLOW,OECD.CFE.EDS:DSD_FUA_DEMO@DF_AGE_SEX(1.2),Population by age and sex - Cities and FUAs,I,ES043F,Ciudad Real,A,Annual,POP,Population,PS,Persons,_T,Total,_T,Total,_Z,Not applicable,FUA,FUA,_Z,Not applicable,2021,,109690,,A,Normal value,0,Units,0,Zero
DATAFLOW,OECD.CFE.EDS:DSD_FUA_DEMO@DF_AGE_SEX(1.2),Population by age and sex - Cities and FUAs,I,ES044F,Benidorm,A,Annual,POP,Population,PS,Persons,_T,Total,_T,Total,_Z,Not applicable,FUA,FUA,_Z,Not applicable,2021,,120192,,A,Normal value,0,Units,0,Zero
DATAFLOW,OECD.CFE.EDS:DSD_FUA_DEMO@DF_AGE_SEX(1.2),Population by age and sex - Cities and FUAs,I,ES045F,Melilla,A,Annual,POP,Population,PS,Persons,_T,Total,_T,Total,_Z,Not applicable,FUA,FUA,_Z,Not applicable,2021,,86261,,A,Normal value,0,Units,0,Zero
DATAFLOW,OECD.CFE.EDS:DSD_FUA_DEMO@DF_AGE_SEX(1.2),Population by age and sex - Cities and FUAs,I,ES046F,Ponferrada,A,Annual,POP,Population,PS,Persons,_T,Total,_T,Total,_Z,Not applicable,FUA,FUA,_Z,Not applicable,2021,,105177,,A,Normal value,0,Units,0,Zero
DATAFLOW,OECD.CFE.EDS:DSD_FUA_DEMO@DF_AGE_SEX(1.2),Population by age and sex - Cities and FUAs,I,ES047F,Zamora,A,Annual,POP,Population,PS,Persons,_T,Total,_T,Total,_Z,Not applicable,FUA,FUA,_Z,Not applicable,2021,,71718,,A,Normal value,0,Units,0,Zero
DATAFLOW,OECD.CFE.EDS:DSD_FUA_DEMO@DF_AGE_SEX(1.2),Population by age and sex - Cities and FUAs,I,ES049F,Sanlúcar de Barrameda,A,Annual,POP,Population,PS,Persons,_T,Total,_T,Total,_Z,Not applicable,FUA,FUA,_Z,Not applicable,2021,,69507,,A,Normal value,0,Units,0,Zero
DATAFLOW,OECD.CFE.EDS:DSD_FUA_DEMO@DF_AGE_SEX(1.2),Population by age and sex - Cities and FUAs,I,ES051F,La Línea de la Concepción,A,Annual,POP,Population,PS,Persons,_T,Total,_T,Total,_Z,Not applicable,FUA,FUA,_Z,Not applicable,2021,,63365,,A,Normal value,0,Units,0,Zero
DATAFLOW,OECD.CFE.EDS:DSD_FUA_DEMO@DF_AGE_SEX(1.2),Population by age and sex - Cities and FUAs,I,ES055F,Arrecife,A,Annual,POP,Population,PS,Persons,_T,Total,_T,Total,_Z,Not applicable,FUA,FUA,_Z,Not applicable,2021,,118411,,A,Normal value,0,Units,0,Zero
DATAFLOW,OECD.CFE.EDS:DSD_FUA_DEMO@DF_AGE_SEX(1.2),Population by age and sex - Cities and FUAs,I,ES056F,Elda,A,Annual,POP,Population,PS,Persons,_T,Total,_T,Total,_Z,Not applicable,FUA,FUA,_Z,Not applicable,2021,,86560,,A,Normal value,0,Units,0,Zero
DATAFLOW,OECD.CFE.EDS:DSD_FUA_DEMO@DF_AGE_SEX(1.2),Population by age and sex - Cities and FUAs,I,ES059F,Granada,A,Annual,POP,Population,PS,Persons,_T,Total,_T,Total,_Z,Not applicable,FUA,FUA,_Z,Not applicable,2021,,584032,,A,Normal value,0,Units,0,Zero
DATAFLOW,OECD.CFE.EDS:DSD_FUA_DEMO@DF_AGE_SEX(1.2),Population by age and sex - Cities and FUAs,I,ES062F,Jerez de la Frontera,A,Annual,POP,Population,PS,Persons,_T,Total,_T,Total,_Z,Not applicable,FUA,FUA,_Z,Not applicable,2021,,217233,,A,Normal value,0,Units,0,Zero
DATAFLOW,OECD.CFE.EDS:DSD_FUA_DEMO@DF_AGE_SEX(1.2),Population by age and sex - Cities and FUAs,I,ES063F,San Sebastián/Donostia,A,Annual,POP,Population,PS,Persons,_T,Total,_T,Total,_Z,Not applicable,FUA,FUA,_Z,Not applicable,2021,,504050,,A,Normal value,0,Units,0,Zero
DATAFLOW,OECD.CFE.EDS:DSD_FUA_DEMO@DF_AGE_SEX(1.2),Population by age and sex - Cities and FUAs,I,ES065F,Almería,A,Annual,POP,Population,PS,Persons,_T,Total,_T,Total,_Z,Not applicable,FUA,FUA,_Z,Not applicable,2021,,247780,,A,Normal value,0,Units,0,Zero
DATAFLOW,OECD.CFE.EDS:DSD_FUA_DEMO@DF_AGE_SEX(1.2),Population by age and sex - Cities and FUAs,I,ES066F,Burgos,A,Annual,POP,Population,PS,Persons,_T,Total,_T,Total,_Z,Not applicable,FUA,FUA,_Z,Not applicable,2021,,213043,,A,Normal value,0,Units,0,Zero
DATAFLOW,OECD.CFE.EDS:DSD_FUA_DEMO@DF_AGE_SEX(1.2),Population by age and sex - Cities and FUAs,I,ES067F,Salamanca,A,Annual,POP,Population,PS,Persons,_T,Total,_T,Total,_Z,Not applicable,FUA,FUA,_Z,Not applicable,2021,,213032,,A,Normal value,0,Units,0,Zero
DATAFLOW,OECD.CFE.EDS:DSD_FUA_DEMO@DF_AGE_SEX(1.2),Population by age and sex - Cities and FUAs,I,ES068F,Albacete,A,Annual,POP,Population,PS,Persons,_T,Total,_T,Total,_Z,Not applicable,FUA,FUA,_Z,Not applicable,2021,,207193,,A,Normal value,0,Units,0,Zero
DATAFLOW,OECD.CFE.EDS:DSD_FUA_DEMO@DF_AGE_SEX(1.2),Population by age and sex - Cities and FUAs,I,ES069F,Castellón de la Plana/Castelló de la Plana,A,Annual,POP,Population,PS,Persons,_T,Total,_T,Total,_Z,Not applicable,FUA,FUA,_Z,Not applicable,2021,,351220,,A,Normal value,0,Units,0,Zero
DATAFLOW,OECD.CFE.EDS:DSD_FUA_DEMO@DF_AGE_SEX(1.2),Population by age and sex - Cities and FUAs,I,ES070F,Huelva,A,Annual,POP,Population,PS,Persons,_T,Total,_T,Total,_Z,Not applicable,FUA,FUA,_Z,Not applicable,2021,,256280,,A,Normal value,0,Units,0,Zero
DATAFLOW,OECD.CFE.EDS:DSD_FUA_DEMO@DF_AGE_SEX(1.2),Population by age and sex - Cities and FUAs,I,ES071F,Cádiz,A,Annual,POP,Population,PS,Persons,_T,Total,_T,Total,_Z,Not applicable,FUA,FUA,_Z,Not applicable,2021,,250882,,A,Normal value,0,Units,0,Zero
DATAFLOW,OECD.CFE.EDS:DSD_FUA_DEMO@DF_AGE_SEX(1.2),Population by age and sex - Cities and FUAs,I,ES072F,León,A,Annual,POP,Population,PS,Persons,_T,Total,_T,Total,_Z,Not applicable,FUA,FUA,_Z,Not applicable,2021,,217471,,A,Normal value,0,Units,0,Zero
DATAFLOW,OECD.CFE.EDS:DSD_FUA_DEMO@DF_AGE_SEX(1.2),Population by age and sex - Cities and FUAs,I,ES073F,Tarragona,A,Annual,POP,Population,PS,Persons,_T,Total,_T,Total,_Z,Not applicable,FUA,FUA,_Z,Not applicable,2021,,475380,,A,Normal value,0,Units,0,Zero
DATAFLOW,OECD.CFE.EDS:DSD_FUA_DEMO@DF_AGE_SEX(1.2),Population by age and sex - Cities and FUAs,I,ES074F,Jaén,A,Annual,POP,Population,PS,Persons,_T,Total,_T,Total,_Z,Not applicable,FUA,FUA,_Z,Not applicable,2021,,250067,,A,Normal value,0,Units,0,Zero
DATAFLOW,OECD.CFE.EDS:DSD_FUA_DEMO@DF_AGE_SEX(1.2),Population by age and sex - Cities and FUAs,I,ES075F,Lleida,A,Annual,POP,Population,PS,Persons,_T,Total,_T,Total,_Z,Not applicable,FUA,FUA,_Z,Not applicable,2021,,216862,,A,Normal value,0,Units,0,Zero
DATAFLOW,OECD.CFE.EDS:DSD_FUA_DEMO@DF_AGE_SEX(1.2),Population by age and sex - Cities and FUAs,I,ES076F,Ourense,A,Annual,POP,Population,PS,Persons,_T,Total,_T,Total,_Z,Not applicable,FUA,FUA,_Z,Not applicable,2021,,195620,,A,Normal value,0,Units,0,Zero
DATAFLOW,OECD.CFE.EDS:DSD_FUA_DEMO@DF_AGE_SEX(1.2),Population by age and sex - Cities and FUAs,I,ES079F,Algeciras,A,Annual,POP,Population,PS,Persons,_T,Total,_T,Total,_Z,Not applicable,FUA,FUA,_Z,Not applicable,2021,,146965,,A,Normal value,0,Units,0,Zero
DATAFLOW,OECD.CFE.EDS:DSD_FUA_DEMO@DF_AGE_SEX(1.2),Population by age and sex - Cities and FUAs,I,ES083F,Alcoy,A,Annual,POP,Population,PS,Persons,_T,Total,_T,Total,_Z,Not applicable,FUA,FUA,_Z,Not applicable,2021,,70579,,A,Normal value,0,Units,0,Zero
DATAFLOW,OECD.CFE.EDS:DSD_FUA_DEMO@DF_AGE_SEX(1.2),Population by age and sex - Cities and FUAs,I,ES086F,Chiclana de la Frontera,A,Annual,POP,Population,PS,Persons,_T,Total,_T,Total,_Z,Not applicable,FUA,FUA,_Z,Not applicable,2021,,86306,,A,Normal value,0,Units,0,Zero
DATAFLOW,OECD.CFE.EDS:DSD_FUA_DEMO@DF_AGE_SEX(1.2),Population by age and sex - Cities and FUAs,I,ES089F,Eivissa,A,Annual,POP,Population,PS,Persons,_T,Total,_T,Total,_Z,Not applicable,FUA,FUA,_Z,Not applicable,2021,,152820,,A,Normal value,0,Units,0,Zero
DATAFLOW,OECD.CFE.EDS:DSD_FUA_DEMO@DF_AGE_SEX(1.2),Population by age and sex - Cities and FUAs,I,ES091F,Lorca,A,Annual,POP,Population,PS,Persons,_T,Total,_T,Total,_Z,Not applicable,FUA,FUA,_Z,Not applicable,2021,,112298,,A,Normal value,0,Units,0,Zero
DATAFLOW,OECD.CFE.EDS:DSD_FUA_DEMO@DF_AGE_SEX(1.2),Population by age and sex - Cities and FUAs,I,ES092F,Mérida,A,Annual,POP,Population,PS,Persons,_T,Total,_T,Total,_Z,Not applicable,FUA,FUA,_Z,Not applicable,2021,,84823,,A,Normal value,0,Units,0,Zero
DATAFLOW,OECD.CFE.EDS:DSD_FUA_DEMO@DF_AGE_SEX(1.2),Population by age and sex - Cities and FUAs,I,EE001F,Tallinn,A,Annual,POP,Population,PS,Persons,_T,Total,_T,Total,_Z,Not applicable,FUA,FUA,_Z,Not applicable,2021,,692913,,A,Normal value,0,Units,0,Zero
DATAFLOW,OECD.CFE.EDS:DSD_FUA_DEMO@DF_AGE_SEX(1.2),Population by age and sex - Cities and FUAs,I,EE002F,Tartu,A,Annual,POP,Population,PS,Persons,_T,Total,_T,Total,_Z,Not applicable,FUA,FUA,_Z,Not applicable,2021,,178618,,A,Normal value,0,Units,0,Zero
DATAFLOW,OECD.CFE.EDS:DSD_FUA_DEMO@DF_AGE_SEX(1.2),Population by age and sex - Cities and FUAs,I,EE003F,Narva,A,Annual,POP,Population,PS,Persons,_T,Total,_T,Total,_Z,Not applicable,FUA,FUA,_Z,Not applicable,2021,,57903,,A,Normal value,0,Units,0,Zero
DATAFLOW,OECD.CFE.EDS:DSD_FUA_DEMO@DF_AGE_SEX(1.2),Population by age and sex - Cities and FUAs,I,FI001F,Helsinki,A,Annual,POP,Population,PS,Persons,_T,Total,_T,Total,_Z,Not applicable,FUA,FUA,_Z,Not applicable,2021,,1704702,,A,Normal value,0,Units,0,Zero
DATAFLOW,OECD.CFE.EDS:DSD_FUA_DEMO@DF_AGE_SEX(1.2),Population by age and sex - Cities and FUAs,I,FI002F,Tampere,A,Annual,POP,Population,PS,Persons,_T,Total,_T,Total,_Z,Not applicable,FUA,FUA,_Z,Not applicable,2021,,456992,,A,Normal value,0,Units,0,Zero
DATAFLOW,OECD.CFE.EDS:DSD_FUA_DEMO@DF_AGE_SEX(1.2),Population by age and sex - Cities and FUAs,I,FI003F,Turku,A,Annual,POP,Population,PS,Persons,_T,Total,_T,Total,_Z,Not applicable,FUA,FUA,_Z,Not applicable,2021,,368518,,A,Normal value,0,Units,0,Zero
DATAFLOW,OECD.CFE.EDS:DSD_FUA_DEMO@DF_AGE_SEX(1.2),Population by age and sex - Cities and FUAs,I,FI004F,Oulu,A,Annual,POP,Population,PS,Persons,_T,Total,_T,Total,_Z,Not applicable,FUA,FUA,_Z,Not applicable,2021,,269835,,A,Normal value,0,Units,0,Zero
DATAFLOW,OECD.CFE.EDS:DSD_FUA_DEMO@DF_AGE_SEX(1.2),Population by age and sex - Cities and FUAs,I,FI007F,Lahti,A,Annual,POP,Population,PS,Persons,_T,Total,_T,Total,_Z,Not applicable,FUA,FUA,_Z,Not applicable,2021,,189547,,A,Normal value,0,Units,0,Zero
DATAFLOW,OECD.CFE.EDS:DSD_FUA_DEMO@DF_AGE_SEX(1.2),Population by age and sex - Cities and FUAs,I,FI008F,Kuopio,A,Annual,POP,Population,PS,Persons,_T,Total,_T,Total,_Z,Not applicable,FUA,FUA,_Z,Not applicable,2021,,165684,,A,Normal value,0,Units,0,Zero
DATAFLOW,OECD.CFE.EDS:DSD_FUA_DEMO@DF_AGE_SEX(1.2),Population by age and sex - Cities and FUAs,I,FI009F,Jyväskylä,A,Annual,POP,Population,PS,Persons,_T,Total,_T,Total,_Z,Not applicable,FUA,FUA,_Z,Not applicable,2021,,188069,,A,Normal value,0,Units,0,Zero
DATAFLOW,OECD.CFE.EDS:DSD_FUA_DEMO@DF_AGE_SEX(1.2),Population by age and sex - Cities and FUAs,I,FR001F,Paris,A,Annual,POP,Population,PS,Persons,_T,Total,_T,Total,_Z,Not applicable,FUA,FUA,_Z,Not applicable,2021,,13127446,,A,Normal value,0,Units,0,Zero
DATAFLOW,OECD.CFE.EDS:DSD_FUA_DEMO@DF_AGE_SEX(1.2),Population by age and sex - Cities and FUAs,I,FR002F,Lyon,A,Annual,POP,Population,PS,Persons,_T,Total,_T,Total,_Z,Not applicable,FUA,FUA,_Z,Not applicable,2021,,2260740,,A,Normal value,0,Units,0,Zero
DATAFLOW,OECD.CFE.EDS:DSD_FUA_DEMO@DF_AGE_SEX(1.2),Population by age and sex - Cities and FUAs,I,FR003F,Lille,A,Annual,POP,Population,PS,Persons,_T,Total,_T,Total,_Z,Not applicable,FUA,FUA,_Z,Not applicable,2021,,1577213,,A,Normal value,0,Units,0,Zero
DATAFLOW,OECD.CFE.EDS:DSD_FUA_DEMO@DF_AGE_SEX(1.2),Population by age and sex - Cities and FUAs,I,FR004F,Marseille,A,Annual,POP,Population,PS,Persons,_T,Total,_T,Total,_Z,Not applicable,FUA,FUA,_Z,Not applicable,2021,,1750660,,A,Normal value,0,Units,0,Zero
DATAFLOW,OECD.CFE.EDS:DSD_FUA_DEMO@DF_AGE_SEX(1.2),Population by age and sex - Cities and FUAs,I,FR005F,Bordeaux,A,Annual,POP,Population,PS,Persons,_T,Total,_T,Total,_Z,Not applicable,FUA,FUA,_Z,Not applicable,2021,,1414498,,A,Normal value,0,Units,0,Zero
DATAFLOW,OECD.CFE.EDS:DSD_FUA_DEMO@DF_AGE_SEX(1.2),Population by age and sex - Cities and FUAs,I,FR006F,Toulouse,A,Annual,POP,Population,PS,Persons,_T,Total,_T,Total,_Z,Not applicable,FUA,FUA,_Z,Not applicable,2021,,1482247,,A,Normal value,0,Units,0,Zero
DATAFLOW,OECD.CFE.EDS:DSD_FUA_DEMO@DF_AGE_SEX(1.2),Population by age and sex - Cities and FUAs,I,FR007F,Nantes,A,Annual,POP,Population,PS,Persons,_T,Total,_T,Total,_Z,Not applicable,FUA,FUA,_Z,Not applicable,2021,,1029335,,A,Normal value,0,Units,0,Zero
DATAFLOW,OECD.CFE.EDS:DSD_FUA_DEMO@DF_AGE_SEX(1.2),Population by age and sex - Cities and FUAs,I,FR008F,Nice,A,Annual,POP,Population,PS,Persons,_T,Total,_T,Total,_Z,Not applicable,FUA,FUA,_Z,Not applicable,2021,,623739,,A,Normal value,0,Units,0,Zero
DATAFLOW,OECD.CFE.EDS:DSD_FUA_DEMO@DF_AGE_SEX(1.2),Population by age and sex - Cities and FUAs,I,FR009F,Strasbourg,A,Annual,POP,Population,PS,Persons,_T,Total,_T,Total,_Z,Not applicable,FUA,FUA,_Z,Not applicable,2021,,852382,,A,Normal value,0,Units,0,Zero
DATAFLOW,OECD.CFE.EDS:DSD_FUA_DEMO@DF_AGE_SEX(1.2),Population by age and sex - Cities and FUAs,I,FR010F,Rouen,A,Annual,POP,Population,PS,Persons,_T,Total,_T,Total,_Z,Not applicable,FUA,FUA,_Z,Not applicable,2021,,708994,,A,Normal value,0,Units,0,Zero
DATAFLOW,OECD.CFE.EDS:DSD_FUA_DEMO@DF_AGE_SEX(1.2),Population by age and sex - Cities and FUAs,I,FR011F,Montpellier,A,Annual,POP,Population,PS,Persons,_T,Total,_T,Total,_Z,Not applicable,FUA,FUA,_Z,Not applicable,2021,,796687,,A,Normal value,0,Units,0,Zero
DATAFLOW,OECD.CFE.EDS:DSD_FUA_DEMO@DF_AGE_SEX(1.2),Population by age and sex - Cities and FUAs,I,FR012F,Grenoble,A,Annual,POP,Population,PS,Persons,_T,Total,_T,Total,_Z,Not applicable,FUA,FUA,_Z,Not applicable,2021,,693310,,A,Normal value,0,Units,0,Zero
DATAFLOW,OECD.CFE.EDS:DSD_FUA_DEMO@DF_AGE_SEX(1.2),Population by age and sex - Cities and FUAs,I,FR013F,Tours,A,Annual,POP,Population,PS,Persons,_T,Total,_T,Total,_Z,Not applicable,FUA,FUA,_Z,Not applicable,2021,,528976,,A,Normal value,0,Units,0,Zero
DATAFLOW,OECD.CFE.EDS:DSD_FUA_DEMO@DF_AGE_SEX(1.2),Population by age and sex - Cities and FUAs,I,FR014F,Cannes-Antibes,A,Annual,POP,Population,PS,Persons,_T,Total,_T,Total,_Z,Not applicable,FUA,FUA,_Z,Not applicable,2021,,390314,,A,Normal value,0,Units,0,Zero
DATAFLOW,OECD.CFE.EDS:DSD_FUA_DEMO@DF_AGE_SEX(1.2),Population by age and sex - Cities and FUAs,I,FR015F,Toulon,A,Annual,POP,Population,PS,Persons,_T,Total,_T,Total,_Z,Not applicable,FUA,FUA,_Z,Not applicable,2021,,585358,,A,Normal value,0,Units,0,Zero
DATAFLOW,OECD.CFE.EDS:DSD_FUA_DEMO@DF_AGE_SEX(1.2),Population by age and sex - Cities and FUAs,I,FR016F,Rennes,A,Annual,POP,Population,PS,Persons,_T,Total,_T,Total,_Z,Not applicable,FUA,FUA,_Z,Not applicable,2021,,778197,,A,Normal value,0,Units,0,Zero
DATAFLOW,OECD.CFE.EDS:DSD_FUA_DEMO@DF_AGE_SEX(1.2),Population by age and sex - Cities and FUAs,I,FR017F,Reims,A,Annual,POP,Population,PS,Persons,_T,Total,_T,Total,_Z,Not applicable,FUA,FUA,_Z,Not applicable,2021,,358693,,A,Normal value,0,Units,0,Zero
DATAFLOW,OECD.CFE.EDS:DSD_FUA_DEMO@DF_AGE_SEX(1.2),Population by age and sex - Cities and FUAs,I,FR018F,Orléans,A,Annual,POP,Population,PS,Persons,_T,Total,_T,Total,_Z,Not applicable,FUA,FUA,_Z,Not applicable,2021,,457728,,A,Normal value,0,Units,0,Zero
DATAFLOW,OECD.CFE.EDS:DSD_FUA_DEMO@DF_AGE_SEX(1.2),Population by age and sex - Cities and FUAs,I,FR019F,Nancy,A,Annual,POP,Population,PS,Persons,_T,Total,_T,Total,_Z,Not applicable,FUA,FUA,_Z,Not applicable,2021,,510847,,A,Normal value,0,Units,0,Zero
DATAFLOW,OECD.CFE.EDS:DSD_FUA_DEMO@DF_AGE_SEX(1.2),Population by age and sex - Cities and FUAs,I,FR020F,Dijon,A,Annual,POP,Population,PS,Persons,_T,Total,_T,Total,_Z,Not applicable,FUA,FUA,_Z,Not applicable,2021,,409864,,A,Normal value,0,Units,0,Zero
DATAFLOW,OECD.CFE.EDS:DSD_FUA_DEMO@DF_AGE_SEX(1.2),Population by age and sex - Cities and FUAs,I,FR021F,Clermont-Ferrand,A,Annual,POP,Population,PS,Persons,_T,Total,_T,Total,_Z,Not applicable,FUA,FUA,_Z,Not applicable,2021,,514400,,A,Normal value,0,Units,0,Zero
DATAFLOW,OECD.CFE.EDS:DSD_FUA_DEMO@DF_AGE_SEX(1.2),Population by age and sex - Cities and FUAs,I,FR022F,Le Havre,A,Annual,POP,Population,PS,Persons,_T,Total,_T,Total,_Z,Not applicable,FUA,FUA,_Z,Not applicable,2021,,344688,,A,Normal value,0,Units,0,Zero
DATAFLOW,OECD.CFE.EDS:DSD_FUA_DEMO@DF_AGE_SEX(1.2),Population by age and sex - Cities and FUAs,I,FR023F,Saint-Étienne,A,Annual,POP,Population,PS,Persons,_T,Total,_T,Total,_Z,Not applicable,FUA,FUA,_Z,Not applicable,2021,,504323,,A,Normal value,0,Units,0,Zero
DATAFLOW,OECD.CFE.EDS:DSD_FUA_DEMO@DF_AGE_SEX(1.2),Population by age and sex - Cities and FUAs,I,FR024F,Angers,A,Annual,POP,Population,PS,Persons,_T,Total,_T,Total,_Z,Not applicable,FUA,FUA,_Z,Not applicable,2021,,449006,,A,Normal value,0,Units,0,Zero
DATAFLOW,OECD.CFE.EDS:DSD_FUA_DEMO@DF_AGE_SEX(1.2),Population by age and sex - Cities and FUAs,I,FR025F,Mulhouse,A,Annual,POP,Population,PS,Persons,_T,Total,_T,Total,_Z,Not applicable,FUA,FUA,_Z,Not applicable,2021,,395231,,A,Normal value,0,Units,0,Zero
DATAFLOW,OECD.CFE.EDS:DSD_FUA_DEMO@DF_AGE_SEX(1.2),Population by age and sex - Cities and FUAs,I,FR026F,Lens,A,Annual,POP,Population,PS,Persons,_T,Total,_T,Total,_Z,Not applicable,FUA,FUA,_Z,Not applicable,2021,,302690,,A,Normal value,0,Units,0,Zero
DATAFLOW,OECD.CFE.EDS:DSD_FUA_DEMO@DF_AGE_SEX(1.2),Population by age and sex - Cities and FUAs,I,FR027F,Metz,A,Annual,POP,Population,PS,Persons,_T,Total,_T,Total,_Z,Not applicable,FUA,FUA,_Z,Not applicable,2021,,373348,,A,Normal value,0,Units,0,Zero
DATAFLOW,OECD.CFE.EDS:DSD_FUA_DEMO@DF_AGE_SEX(1.2),Population by age and sex - Cities and FUAs,I,FR028F,Nîmes,A,Annual,POP,Population,PS,Persons,_T,Total,_T,Total,_Z,Not applicable,FUA,FUA,_Z,Not applicable,2021,,354495,,A,Normal value,0,Units,0,Zero
DATAFLOW,OECD.CFE.EDS:DSD_FUA_DEMO@DF_AGE_SEX(1.2),Population by age and sex - Cities and FUAs,I,FR029F,Le Mans,A,Annual,POP,Population,PS,Persons,_T,Total,_T,Total,_Z,Not applicable,FUA,FUA,_Z,Not applicable,2021,,379689,,A,Normal value,0,Units,0,Zero
DATAFLOW,OECD.CFE.EDS:DSD_FUA_DEMO@DF_AGE_SEX(1.2),Population by age and sex - Cities and FUAs,I,FR030F,Saint-Denis,A,Annual,POP,Population,PS,Persons,_T,Total,_T,Total,_Z,Not applicable,FUA,FUA,_Z,Not applicable,2021,,319141,,A,Normal value,0,Units,0,Zero
DATAFLOW,OECD.CFE.EDS:DSD_FUA_DEMO@DF_AGE_SEX(1.2),Population by age and sex - Cities and FUAs,I,FR031F,Caen,A,Annual,POP,Population,PS,Persons,_T,Total,_T,Total,_Z,Not applicable,FUA,FUA,_Z,Not applicable,2021,,477370,,A,Normal value,0,Units,0,Zero
DATAFLOW,OECD.CFE.EDS:DSD_FUA_DEMO@DF_AGE_SEX(1.2),Population by age and sex - Cities and FUAs,I,FR032F,Limoges,A,Annual,POP,Population,PS,Persons,_T,Total,_T,Total,_Z,Not applicable,FUA,FUA,_Z,Not applicable,2021,,325045,,A,Normal value,0,Units,0,Zero
DATAFLOW,OECD.CFE.EDS:DSD_FUA_DEMO@DF_AGE_SEX(1.2),Population by age and sex - Cities and FUAs,I,FR034F,Brest,A,Annual,POP,Population,PS,Persons,_T,Total,_T,Total,_Z,Not applicable,FUA,FUA,_Z,Not applicable,2021,,370262,,A,Normal value,0,Units,0,Zero
DATAFLOW,OECD.CFE.EDS:DSD_FUA_DEMO@DF_AGE_SEX(1.2),Population by age and sex - Cities and FUAs,I,FR035F,Amiens,A,Annual,POP,Population,PS,Persons,_T,Total,_T,Total,_Z,Not applicable,FUA,FUA,_Z,Not applicable,2021,,353466,,A,Normal value,0,Units,0,Zero
DATAFLOW,OECD.CFE.EDS:DSD_FUA_DEMO@DF_AGE_SEX(1.2),Population by age and sex - Cities and FUAs,I,FR036F,Dunkerque,A,Annual,POP,Population,PS,Persons,_T,Total,_T,Total,_Z,Not applicable,FUA,FUA,_Z,Not applicable,2021,,252739,,A,Normal value,0,Units,0,Zero
DATAFLOW,OECD.CFE.EDS:DSD_FUA_DEMO@DF_AGE_SEX(1.2),Population by age and sex - Cities and FUAs,I,FR037F,Perpignan,A,Annual,POP,Population,PS,Persons,_T,Total,_T,Total,_Z,Not applicable,FUA,FUA,_Z,Not applicable,2021,,420202,,A,Normal value,0,Units,0,Zero
DATAFLOW,OECD.CFE.EDS:DSD_FUA_DEMO@DF_AGE_SEX(1.2),Population by age and sex - Cities and FUAs,I,FR038F,Annecy,A,Annual,POP,Population,PS,Persons,_T,Total,_T,Total,_Z,Not applicable,FUA,FUA,_Z,Not applicable,2021,,301798,,A,Normal value,0,Units,0,Zero
DATAFLOW,OECD.CFE.EDS:DSD_FUA_DEMO@DF_AGE_SEX(1.2),Population by age and sex - Cities and FUAs,I,FR039F,Besançon,A,Annual,POP,Population,PS,Persons,_T,Total,_T,Total,_Z,Not applicable,FUA,FUA,_Z,Not applicable,2021,,276752,,A,Normal value,0,Units,0,Zero
DATAFLOW,OECD.CFE.EDS:DSD_FUA_DEMO@DF_AGE_SEX(1.2),Population by age and sex - Cities and FUAs,I,FR040F,Bayonne,A,Annual,POP,Population,PS,Persons,_T,Total,_T,Total,_Z,Not applicable,FUA,FUA,_Z,Not applicable,2021,,270803,,A,Normal value,0,Units,0,Zero
DATAFLOW,OECD.CFE.EDS:DSD_FUA_DEMO@DF_AGE_SEX(1.2),Population by age and sex - Cities and FUAs,I,FR042F,Pau,A,Annual,POP,Population,PS,Persons,_T,Total,_T,Total,_Z,Not applicable,FUA,FUA,_Z,Not applicable,2021,,287541,,A,Normal value,0,Units,0,Zero
DATAFLOW,OECD.CFE.EDS:DSD_FUA_DEMO@DF_AGE_SEX(1.2),Population by age and sex - Cities and FUAs,I,FR043F,Avignon,A,Annual,POP,Population,PS,Persons,_T,Total,_T,Total,_Z,Not applicable,FUA,FUA,_Z,Not applicable,2021,,327065,,A,Normal value,0,Units,0,Zero
DATAFLOW,OECD.CFE.EDS:DSD_FUA_DEMO@DF_AGE_SEX(1.2),Population by age and sex - Cities and FUAs,I,FR044F,Troyes,A,Annual,POP,Population,PS,Persons,_T,Total,_T,Total,_Z,Not applicable,FUA,FUA,_Z,Not applicable,2021,,217170,,A,Normal value,0,Units,0,Zero
DATAFLOW,OECD.CFE.EDS:DSD_FUA_DEMO@DF_AGE_SEX(1.2),Population by age and sex - Cities and FUAs,I,FR045F,Valenciennes,A,Annual,POP,Population,PS,Persons,_T,Total,_T,Total,_Z,Not applicable,FUA,FUA,_Z,Not applicable,2021,,306097,,A,Normal value,0,Units,0,Zero
DATAFLOW,OECD.CFE.EDS:DSD_FUA_DEMO@DF_AGE_SEX(1.2),Population by age and sex - Cities and FUAs,I,FR046F,Fort-de-France,A,Annual,POP,Population,PS,Persons,_T,Total,_T,Total,_Z,Not applicable,FUA,FUA,_Z,Not applicable,2021,,346693,,A,Normal value,0,Units,0,Zero
DATAFLOW,OECD.CFE.EDS:DSD_FUA_DEMO@DF_AGE_SEX(1.2),Population by age and sex - Cities and FUAs,I,FR047F,Poitiers,A,Annual,POP,Population,PS,Persons,_T,Total,_T,Total,_Z,Not applicable,FUA,FUA,_Z,Not applicable,2021,,287963,,A,Normal value,0,Units,0,Zero
DATAFLOW,OECD.CFE.EDS:DSD_FUA_DEMO@DF_AGE_SEX(1.2),Population by age and sex - Cities and FUAs,I,FR048F,Valence,A,Annual,POP,Population,PS,Persons,_T,Total,_T,Total,_Z,Not applicable,FUA,FUA,_Z,Not applicable,2021,,251992,,A,Normal value,0,Units,0,Zero
DATAFLOW,OECD.CFE.EDS:DSD_FUA_DEMO@DF_AGE_SEX(1.2),Population by age and sex - Cities and FUAs,I,FR049F,Fréjus,A,Annual,POP,Population,PS,Persons,_T,Total,_T,Total,_Z,Not applicable,FUA,FUA,_Z,Not applicable,2021,,128230,,A,Normal value,0,Units,0,Zero
DATAFLOW,OECD.CFE.EDS:DSD_FUA_DEMO@DF_AGE_SEX(1.2),Population by age and sex - Cities and FUAs,I,FR050F,Chambéry,A,Annual,POP,Population,PS,Persons,_T,Total,_T,Total,_Z,Not applicable,FUA,FUA,_Z,Not applicable,2021,,217994,,A,Normal value,0,Units,0,Zero
DATAFLOW,OECD.CFE.EDS:DSD_FUA_DEMO@DF_AGE_SEX(1.2),Population by age and sex - Cities and FUAs,I,FR052F,Douai,A,Annual,POP,Population,PS,Persons,_T,Total,_T,Total,_Z,Not applicable,FUA,FUA,_Z,Not applicable,2021,,197335,,A,Normal value,0,Units,0,Zero
DATAFLOW,OECD.CFE.EDS:DSD_FUA_DEMO@DF_AGE_SEX(1.2),Population by age and sex - Cities and FUAs,I,FR054F,La Rochelle,A,Annual,POP,Population,PS,Persons,_T,Total,_T,Total,_Z,Not applicable,FUA,FUA,_Z,Not applicable,2021,,241056,,A,Normal value,0,Units,0,Zero
DATAFLOW,OECD.CFE.EDS:DSD_FUA_DEMO@DF_AGE_SEX(1.2),Population by age and sex - Cities and FUAs,I,FR055F,Lorient,A,Annual,POP,Population,PS,Persons,_T,Total,_T,Total,_Z,Not applicable,FUA,FUA,_Z,Not applicable,2021,,234649,,A,Normal value,0,Units,0,Zero
DATAFLOW,OECD.CFE.EDS:DSD_FUA_DEMO@DF_AGE_SEX(1.2),Population by age and sex - Cities and FUAs,I,FR056F,Cherbourg-en-Cotentin,A,Annual,POP,Population,PS,Persons,_T,Total,_T,Total,_Z,Not applicable,FUA,FUA,_Z,Not applicable,2021,,159039,,A,Normal value,0,Units,0,Zero
DATAFLOW,OECD.CFE.EDS:DSD_FUA_DEMO@DF_AGE_SEX(1.2),Population by age and sex - Cities and FUAs,I,FR057F,Béziers,A,Annual,POP,Population,PS,Persons,_T,Total,_T,Total,_Z,Not applicable,FUA,FUA,_Z,Not applicable,2021,,200380,,A,Normal value,0,Units,0,Zero
DATAFLOW,OECD.CFE.EDS:DSD_FUA_DEMO@DF_AGE_SEX(1.2),Population by age and sex - Cities and FUAs,I,FR058F,Chartres,A,Annual,POP,Population,PS,Persons,_T,Total,_T,Total,_Z,Not applicable,FUA,FUA,_Z,Not applicable,2021,,177026,,A,Normal value,0,Units,0,Zero
DATAFLOW,OECD.CFE.EDS:DSD_FUA_DEMO@DF_AGE_SEX(1.2),Population by age and sex - Cities and FUAs,I,FR060F,Boulogne-sur-Mer,A,Annual,POP,Population,PS,Persons,_T,Total,_T,Total,_Z,Not applicable,FUA,FUA,_Z,Not applicable,2021,,164247,,A,Normal value,0,Units,0,Zero
DATAFLOW,OECD.CFE.EDS:DSD_FUA_DEMO@DF_AGE_SEX(1.2),Population by age and sex - Cities and FUAs,I,FR061F,Calais,A,Annual,POP,Population,PS,Persons,_T,Total,_T,Total,_Z,Not applicable,FUA,FUA,_Z,Not applicable,2021,,143309,,A,Normal value,0,Units,0,Zero
DATAFLOW,OECD.CFE.EDS:DSD_FUA_DEMO@DF_AGE_SEX(1.2),Population by age and sex - Cities and FUAs,I,FR063F,Montbéliard,A,Annual,POP,Population,PS,Persons,_T,Total,_T,Total,_Z,Not applicable,FUA,FUA,_Z,Not applicable,2021,,172325,,A,Normal value,0,Units,0,Zero
DATAFLOW,OECD.CFE.EDS:DSD_FUA_DEMO@DF_AGE_SEX(1.2),Population by age and sex - Cities and FUAs,I,FR064F,Arras,A,Annual,POP,Population,PS,Persons,_T,Total,_T,Total,_Z,Not applicable,FUA,FUA,_Z,Not applicable,2021,,162886,,A,Normal value,0,Units,0,Zero
DATAFLOW,OECD.CFE.EDS:DSD_FUA_DEMO@DF_AGE_SEX(1.2),Population by age and sex - Cities and FUAs,I,FR065F,Colmar,A,Annual,POP,Population,PS,Persons,_T,Total,_T,Total,_Z,Not applicable,FUA,FUA,_Z,Not applicable,2021,,204305,,A,Normal value,0,Units,0,Zero
DATAFLOW,OECD.CFE.EDS:DSD_FUA_DEMO@DF_AGE_SEX(1.2),Population by age and sex - Cities and FUAs,I,FR068F,Bourges,A,Annual,POP,Population,PS,Persons,_T,Total,_T,Total,_Z,Not applicable,FUA,FUA,_Z,Not applicable,2021,,174881,,A,Normal value,0,Units,0,Zero
DATAFLOW,OECD.CFE.EDS:DSD_FUA_DEMO@DF_AGE_SEX(1.2),Population by age and sex - Cities and FUAs,I,FR069F,Saint-Brieuc,A,Annual,POP,Population,PS,Persons,_T,Total,_T,Total,_Z,Not applicable,FUA,FUA,_Z,Not applicable,2021,,210699,,A,Normal value,0,Units,0,Zero
DATAFLOW,OECD.CFE.EDS:DSD_FUA_DEMO@DF_AGE_SEX(1.2),Population by age and sex - Cities and FUAs,I,FR070F,Quimper,A,Annual,POP,Population,PS,Persons,_T,Total,_T,Total,_Z,Not applicable,FUA,FUA,_Z,Not applicable,2021,,243218,,A,Normal value,0,Units,0,Zero
DATAFLOW,OECD.CFE.EDS:DSD_FUA_DEMO@DF_AGE_SEX(1.2),Population by age and sex - Cities and FUAs,I,FR071F,Belfort,A,Annual,POP,Population,PS,Persons,_T,Total,_T,Total,_Z,Not applicable,FUA,FUA,_Z,Not applicable,2021,,120338,,A,Normal value,0,Units,0,Zero
DATAFLOW,OECD.CFE.EDS:DSD_FUA_DEMO@DF_AGE_SEX(1.2),Population by age and sex - Cities and FUAs,I,FR072F,Cayenne,A,Annual,POP,Population,PS,Persons,_T,Total,_T,Total,_Z,Not applicable,FUA,FUA,_Z,Not applicable,2021,,151103,,A,Normal value,0,Units,0,Zero
DATAFLOW,OECD.CFE.EDS:DSD_FUA_DEMO@DF_AGE_SEX(1.2),Population by age and sex - Cities and FUAs,I,FR074F,Saint-Louis,A,Annual,POP,Population,PS,Persons,_T,Total,_T,Total,_Z,Not applicable,FUA,FUA,_Z,Not applicable,2021,,53935,,A,Normal value,0,Units,0,Zero
DATAFLOW,OECD.CFE.EDS:DSD_FUA_DEMO@DF_AGE_SEX(1.2),Population by age and sex - Cities and FUAs,I,FR075F,Vannes,A,Annual,POP,Population,PS,Persons,_T,Total,_T,Total,_Z,Not applicable,FUA,FUA,_Z,Not applicable,2021,,225010,,A,Normal value,0,Units,0,Zero
DATAFLOW,OECD.CFE.EDS:DSD_FUA_DEMO@DF_AGE_SEX(1.2),Population by age and sex - Cities and FUAs,I,FR076F,Annemasse-Geneva (French part),A,Annual,POP,Population,PS,Persons,_T,Total,_T,Total,_Z,Not applicable,FUA,FUA,_Z,Not applicable,2021,,104657,,A,Normal value,0,Units,0,Zero
DATAFLOW,OECD.CFE.EDS:DSD_FUA_DEMO@DF_AGE_SEX(1.2),Population by age and sex - Cities and FUAs,I,FR077F,Saint-Louis-Bâle (French part),A,Annual,POP,Population,PS,Persons,_T,Total,_T,Total,_Z,Not applicable,FUA,FUA,_Z,Not applicable,2021,,51622,,A,Normal value,0,Units,0,Zero
DATAFLOW,OECD.CFE.EDS:DSD_FUA_DEMO@DF_AGE_SEX(1.2),Population by age and sex - Cities and FUAs,I,UK001F,London,A,Annual,POP,Population,PS,Persons,_T,Total,_T,Total,_Z,Not applicable,FUA,FUA,_Z,Not applicable,2021,,12274097,,A,Normal value,0,Units,0,Zero
DATAFLOW,OECD.CFE.EDS:DSD_FUA_DEMO@DF_AGE_SEX(1.2),Population by age and sex - Cities and FUAs,I,UK002F,West Midlands urban area,A,Annual,POP,Population,PS,Persons,_T,Total,_T,Total,_Z,Not applicable,FUA,FUA,_Z,Not applicable,2021,,3135994,,A,Normal value,0,Units,0,Zero
DATAFLOW,OECD.CFE.EDS:DSD_FUA_DEMO@DF_AGE_SEX(1.2),Population by age and sex - Cities and FUAs,I,UK003F,Leeds,A,Annual,POP,Population,PS,Persons,_T,Total,_T,Total,_Z,Not applicable,FUA,FUA,_Z,Not applicable,2021,,2969034,,A,Normal value,0,Units,0,Zero
DATAFLOW,OECD.CFE.EDS:DSD_FUA_DEMO@DF_AGE_SEX(1.2),Population by age and sex - Cities and FUAs,I,UK004F,Glasgow,A,Annual,POP,Population,PS,Persons,_T,Total,_T,Total,_Z,Not applicable,FUA,FUA,_Z,Not applicable,2021,,1831890,,A,Normal value,0,Units,0,Zero
DATAFLOW,OECD.CFE.EDS:DSD_FUA_DEMO@DF_AGE_SEX(1.2),Population by age and sex - Cities and FUAs,I,UK006F,Liverpool,A,Annual,POP,Population,PS,Persons,_T,Total,_T,Total,_Z,Not applicable,FUA,FUA,_Z,Not applicable,2021,,1540817,,A,Normal value,0,Units,0,Zero
DATAFLOW,OECD.CFE.EDS:DSD_FUA_DEMO@DF_AGE_SEX(1.2),Population by age and sex - Cities and FUAs,I,UK007F,Edinburgh,A,Annual,POP,Population,PS,Persons,_T,Total,_T,Total,_Z,Not applicable,FUA,FUA,_Z,Not applicable,2021,,893610,,A,Normal value,0,Units,0,Zero
DATAFLOW,OECD.CFE.EDS:DSD_FUA_DEMO@DF_AGE_SEX(1.2),Population by age and sex - Cities and FUAs,I,UK008F,Manchester,A,Annual,POP,Population,PS,Persons,_T,Total,_T,Total,_Z,Not applicable,FUA,FUA,_Z,Not applicable,2021,,3432092,,A,Normal value,0,Units,0,Zero
DATAFLOW,OECD.CFE.EDS:DSD_FUA_DEMO@DF_AGE_SEX(1.2),Population by age and sex - Cities and FUAs,I,UK009F,Cardiff,A,Annual,POP,Population,PS,Persons,_T,Total,_T,Total,_Z,Not applicable,FUA,FUA,_Z,Not applicable,2021,,905859,,A,Normal value,0,Units,0,Zero
DATAFLOW,OECD.CFE.EDS:DSD_FUA_DEMO@DF_AGE_SEX(1.2),Population by age and sex - Cities and FUAs,I,UK010F,Sheffield,A,Annual,POP,Population,PS,Persons,_T,Total,_T,Total,_Z,Not applicable,FUA,FUA,_Z,Not applicable,2021,,1168389,,A,Normal value,0,Units,0,Zero
DATAFLOW,OECD.CFE.EDS:DSD_FUA_DEMO@DF_AGE_SEX(1.2),Population by age and sex - Cities and FUAs,I,UK011F,Bristol,A,Annual,POP,Population,PS,Persons,_T,Total,_T,Total,_Z,Not applicable,FUA,FUA,_Z,Not applicable,2021,,979556,,A,Normal value,0,Units,0,Zero
DATAFLOW,OECD.CFE.EDS:DSD_FUA_DEMO@DF_AGE_SEX(1.2),Population by age and sex - Cities and FUAs,I,UK012F,Belfast,A,Annual,POP,Population,PS,Persons,_T,Total,_T,Total,_Z,Not applicable,FUA,FUA,_Z,Not applicable,2021,,803943,,A,Normal value,0,Units,0,Zero
DATAFLOW,OECD.CFE.EDS:DSD_FUA_DEMO@DF_AGE_SEX(1.2),Population by age and sex - Cities and FUAs,I,UK013F,Newcastle upon Tyne,A,Annual,POP,Population,PS,Persons,_T,Total,_T,Total,_Z,Not applicable,FUA,FUA,_Z,Not applicable,2021,,1173303,,A,Normal value,0,Units,0,Zero
DATAFLOW,OECD.CFE.EDS:DSD_FUA_DEMO@DF_AGE_SEX(1.2),Population by age and sex - Cities and FUAs,I,UK014F,Leicester,A,Annual,POP,Population,PS,Persons,_T,Total,_T,Total,_Z,Not applicable,FUA,FUA,_Z,Not applicable,2021,,922812,,A,Normal value,0,Units,0,Zero
DATAFLOW,OECD.CFE.EDS:DSD_FUA_DEMO@DF_AGE_SEX(1.2),Population by age and sex - Cities and FUAs,I,UK016F,Aberdeen,A,Annual,POP,Population,PS,Persons,_T,Total,_T,Total,_Z,Not applicable,FUA,FUA,_Z,Not applicable,2021,,483770,,A,Normal value,0,Units,0,Zero
DATAFLOW,OECD.CFE.EDS:DSD_FUA_DEMO@DF_AGE_SEX(1.2),Population by age and sex - Cities and FUAs,I,UK017F,Cambridge,A,Annual,POP,Population,PS,Persons,_T,Total,_T,Total,_Z,Not applicable,FUA,FUA,_Z,Not applicable,2021,,396189,,A,Normal value,0,Units,0,Zero
DATAFLOW,OECD.CFE.EDS:DSD_FUA_DEMO@DF_AGE_SEX(1.2),Population by age and sex - Cities and FUAs,I,UK018F,Exeter,A,Annual,POP,Population,PS,Persons,_T,Total,_T,Total,_Z,Not applicable,FUA,FUA,_Z,Not applicable,2021,,499952,,A,Normal value,0,Units,0,Zero
DATAFLOW,OECD.CFE.EDS:DSD_FUA_DEMO@DF_AGE_SEX(1.2),Population by age and sex - Cities and FUAs,I,UK019F,Lincoln,A,Annual,POP,Population,PS,Persons,_T,Total,_T,Total,_Z,Not applicable,FUA,FUA,_Z,Not applicable,2021,,316468,,A,Normal value,0,Units,0,Zero
DATAFLOW,OECD.CFE.EDS:DSD_FUA_DEMO@DF_AGE_SEX(1.2),Population by age and sex - Cities and FUAs,I,UK021F,Stevenage,A,Annual,POP,Population,PS,Persons,_T,Total,_T,Total,_Z,Not applicable,FUA,FUA,_Z,Not applicable,2021,,89360,,A,Normal value,0,Units,0,Zero
DATAFLOW,OECD.CFE.EDS:DSD_FUA_DEMO@DF_AGE_SEX(1.2),Population by age and sex - Cities and FUAs,I,UK022F,Wrexham,A,Annual,POP,Population,PS,Persons,_T,Total,_T,Total,_Z,Not applicable,FUA,FUA,_Z,Not applicable,2021,,135152,,A,Normal value,0,Units,0,Zero
DATAFLOW,OECD.CFE.EDS:DSD_FUA_DEMO@DF_AGE_SEX(1.2),Population by age and sex - Cities and FUAs,I,UK023F,Portsmouth,A,Annual,POP,Population,PS,Persons,_T,Total,_T,Total,_Z,Not applicable,FUA,FUA,_Z,Not applicable,2021,,528707,,A,Normal value,0,Units,0,Zero
DATAFLOW,OECD.CFE.EDS:DSD_FUA_DEMO@DF_AGE_SEX(1.2),Population by age and sex - Cities and FUAs,I,UK024F,Worcester,A,Annual,POP,Population,PS,Persons,_T,Total,_T,Total,_Z,Not applicable,FUA,FUA,_Z,Not applicable,2021,,183597,,A,Normal value,0,Units,0,Zero
DATAFLOW,OECD.CFE.EDS:DSD_FUA_DEMO@DF_AGE_SEX(1.2),Population by age and sex - Cities and FUAs,I,UK025F,Coventry,A,Annual,POP,Population,PS,Persons,_T,Total,_T,Total,_Z,Not applicable,FUA,FUA,_Z,Not applicable,2021,,741982,,A,Normal value,0,Units,0,Zero
DATAFLOW,OECD.CFE.EDS:DSD_FUA_DEMO@DF_AGE_SEX(1.2),Population by age and sex - Cities and FUAs,I,UK026F,Kingston upon Hull,A,Annual,POP,Population,PS,Persons,_T,Total,_T,Total,_Z,Not applicable,FUA,FUA,_Z,Not applicable,2021,,609661,,A,Normal value,0,Units,0,Zero
DATAFLOW,OECD.CFE.EDS:DSD_FUA_DEMO@DF_AGE_SEX(1.2),Population by age and sex - Cities and FUAs,I,UK027F,Stoke-on-Trent,A,Annual,POP,Population,PS,Persons,_T,Total,_T,Total,_Z,Not applicable,FUA,FUA,_Z,Not applicable,2021,,477116,,A,Normal value,0,Units,0,Zero
DATAFLOW,OECD.CFE.EDS:DSD_FUA_DEMO@DF_AGE_SEX(1.2),Population by age and sex - Cities and FUAs,I,UK029F,Nottingham,A,Annual,POP,Population,PS,Persons,_T,Total,_T,Total,_Z,Not applicable,FUA,FUA,_Z,Not applicable,2021,,906878,,A,Normal value,0,Units,0,Zero
DATAFLOW,OECD.CFE.EDS:DSD_FUA_DEMO@DF_AGE_SEX(1.2),Population by age and sex - Cities and FUAs,I,UK031F,Bath and North East Somerset,A,Annual,POP,Population,PS,Persons,_T,Total,_T,Total,_Z,Not applicable,FUA,FUA,_Z,Not applicable,2021,,192419,,A,Normal value,0,Units,0,Zero
DATAFLOW,OECD.CFE.EDS:DSD_FUA_DEMO@DF_AGE_SEX(1.2),Population by age and sex - Cities and FUAs,I,UK033F,Guildford,A,Annual,POP,Population,PS,Persons,_T,Total,_T,Total,_Z,Not applicable,FUA,FUA,_Z,Not applicable,2021,,272893,,A,Normal value,0,Units,0,Zero
DATAFLOW,OECD.CFE.EDS:DSD_FUA_DEMO@DF_AGE_SEX(1.2),Population by age and sex - Cities and FUAs,I,UK034F,Thanet,A,Annual,POP,Population,PS,Persons,_T,Total,_T,Total,_Z,Not applicable,FUA,FUA,_Z,Not applicable,2021,,140658,,A,Normal value,0,Units,0,Zero
DATAFLOW,OECD.CFE.EDS:DSD_FUA_DEMO@DF_AGE_SEX(1.2),Population by age and sex - Cities and FUAs,I,UK041F,Ashford,A,Annual,POP,Population,PS,Persons,_T,Total,_T,Total,_Z,Not applicable,FUA,FUA,_Z,Not applicable,2021,,133221,,A,Normal value,0,Units,0,Zero
DATAFLOW,OECD.CFE.EDS:DSD_FUA_DEMO@DF_AGE_SEX(1.2),Population by age and sex - Cities and FUAs,I,UK043F,East Staffordshire,A,Annual,POP,Population,PS,Persons,_T,Total,_T,Total,_Z,Not applicable,FUA,FUA,_Z,Not applicable,2021,,124486,,A,Normal value,0,Units,0,Zero
DATAFLOW,OECD.CFE.EDS:DSD_FUA_DEMO@DF_AGE_SEX(1.2),Population by age and sex - Cities and FUAs,I,UK044F,Darlington,A,Annual,POP,Population,PS,Persons,_T,Total,_T,Total,_Z,Not applicable,FUA,FUA,_Z,Not applicable,2021,,108210,,A,Normal value,0,Units,0,Zero
DATAFLOW,OECD.CFE.EDS:DSD_FUA_DEMO@DF_AGE_SEX(1.2),Population by age and sex - Cities and FUAs,I,UK045F,Worthing,A,Annual,POP,Population,PS,Persons,_T,Total,_T,Total,_Z,Not applicable,FUA,FUA,_Z,Not applicable,2021,,111654,,A,Normal value,0,Units,0,Zero
DATAFLOW,OECD.CFE.EDS:DSD_FUA_DEMO@DF_AGE_SEX(1.2),Population by age and sex - Cities and FUAs,I,UK046F,Mansfield,A,Annual,POP,Population,PS,Persons,_T,Total,_T,Total,_Z,Not applicable,FUA,FUA,_Z,Not applicable,2021,,110592,,A,Normal value,0,Units,0,Zero
DATAFLOW,OECD.CFE.EDS:DSD_FUA_DEMO@DF_AGE_SEX(1.2),Population by age and sex - Cities and FUAs,I,UK047F,Chesterfield,A,Annual,POP,Population,PS,Persons,_T,Total,_T,Total,_Z,Not applicable,FUA,FUA,_Z,Not applicable,2021,,103673,,A,Normal value,0,Units,0,Zero
DATAFLOW,OECD.CFE.EDS:DSD_FUA_DEMO@DF_AGE_SEX(1.2),Population by age and sex - Cities and FUAs,I,UK050F,Burnley,A,Annual,POP,Population,PS,Persons,_T,Total,_T,Total,_Z,Not applicable,FUA,FUA,_Z,Not applicable,2021,,190553,,A,Normal value,0,Units,0,Zero
DATAFLOW,OECD.CFE.EDS:DSD_FUA_DEMO@DF_AGE_SEX(1.2),Population by age and sex - Cities and FUAs,I,UK051F,Great Yarmouth,A,Annual,POP,Population,PS,Persons,_T,Total,_T,Total,_Z,Not applicable,FUA,FUA,_Z,Not applicable,2021,,100179,,A,Normal value,0,Units,0,Zero
DATAFLOW,OECD.CFE.EDS:DSD_FUA_DEMO@DF_AGE_SEX(1.2),Population by age and sex - Cities and FUAs,I,UK055F,Eastbourne,A,Annual,POP,Population,PS,Persons,_T,Total,_T,Total,_Z,Not applicable,FUA,FUA,_Z,Not applicable,2021,,101601,,A,Normal value,0,Units,0,Zero
DATAFLOW,OECD.CFE.EDS:DSD_FUA_DEMO@DF_AGE_SEX(1.2),Population by age and sex - Cities and FUAs,I,UK056F,Hastings,A,Annual,POP,Population,PS,Persons,_T,Total,_T,Total,_Z,Not applicable,FUA,FUA,_Z,Not applicable,2021,,184383,,A,Normal value,0,Units,0,Zero
DATAFLOW,OECD.CFE.EDS:DSD_FUA_DEMO@DF_AGE_SEX(1.2),Population by age and sex - Cities and FUAs,I,UK059F,Redditch,A,Annual,POP,Population,PS,Persons,_T,Total,_T,Total,_Z,Not applicable,FUA,FUA,_Z,Not applicable,2021,,86981,,A,Normal value,0,Units,0,Zero
DATAFLOW,OECD.CFE.EDS:DSD_FUA_DEMO@DF_AGE_SEX(1.2),Population by age and sex - Cities and FUAs,I,UK062F,Halton,A,Annual,POP,Population,PS,Persons,_T,Total,_T,Total,_Z,Not applicable,FUA,FUA,_Z,Not applicable,2021,,128570,,A,Normal value,0,Units,0,Zero
DATAFLOW,OECD.CFE.EDS:DSD_FUA_DEMO@DF_AGE_SEX(1.2),Population by age and sex - Cities and FUAs,I,UK506F,Doncaster,A,Annual,POP,Population,PS,Persons,_T,Total,_T,Total,_Z,Not applicable,FUA,FUA,_Z,Not applicable,2021,,308697,,A,Normal value,0,Units,0,Zero
DATAFLOW,OECD.CFE.EDS:DSD_FUA_DEMO@DF_AGE_SEX(1.2),Population by age and sex - Cities and FUAs,I,UK510F,Sunderland,A,Annual,POP,Population,PS,Persons,_T,Total,_T,Total,_Z,Not applicable,FUA,FUA,_Z,Not applicable,2021,,274378,,A,Normal value,0,Units,0,Zero
DATAFLOW,OECD.CFE.EDS:DSD_FUA_DEMO@DF_AGE_SEX(1.2),Population by age and sex - Cities and FUAs,I,UK513F,Medway,A,Annual,POP,Population,PS,Persons,_T,Total,_T,Total,_Z,Not applicable,FUA,FUA,_Z,Not applicable,2021,,279903,,A,Normal value,0,Units,0,Zero
DATAFLOW,OECD.CFE.EDS:DSD_FUA_DEMO@DF_AGE_SEX(1.2),Population by age and sex - Cities and FUAs,I,UK515F,Brighton and Hove,A,Annual,POP,Population,PS,Persons,_T,Total,_T,Total,_Z,Not applicable,FUA,FUA,_Z,Not applicable,2021,,441252,,A,Normal value,0,Units,0,Zero
DATAFLOW,OECD.CFE.EDS:DSD_FUA_DEMO@DF_AGE_SEX(1.2),Population by age and sex - Cities and FUAs,I,UK516F,Plymouth,A,Annual,POP,Population,PS,Persons,_T,Total,_T,Total,_Z,Not applicable,FUA,FUA,_Z,Not applicable,2021,,411409,,A,Normal value,0,Units,0,Zero
DATAFLOW,OECD.CFE.EDS:DSD_FUA_DEMO@DF_AGE_SEX(1.2),Population by age and sex - Cities and FUAs,I,UK517F,Swansea,A,Annual,POP,Population,PS,Persons,_T,Total,_T,Total,_Z,Not applicable,FUA,FUA,_Z,Not applicable,2021,,379831,,A,Normal value,0,Units,0,Zero
DATAFLOW,OECD.CFE.EDS:DSD_FUA_DEMO@DF_AGE_SEX(1.2),Population by age and sex - Cities and FUAs,I,UK518F,Derby,A,Annual,POP,Population,PS,Persons,_T,Total,_T,Total,_Z,Not applicable,FUA,FUA,_Z,Not applicable,2021,,495753,,A,Normal value,0,Units,0,Zero
DATAFLOW,OECD.CFE.EDS:DSD_FUA_DEMO@DF_AGE_SEX(1.2),Population by age and sex - Cities and FUAs,I,UK520F,Southampton,A,Annual,POP,Population,PS,Persons,_T,Total,_T,Total,_Z,Not applicable,FUA,FUA,_Z,Not applicable,2021,,692010,,A,Normal value,0,Units,0,Zero
DATAFLOW,OECD.CFE.EDS:DSD_FUA_DEMO@DF_AGE_SEX(1.2),Population by age and sex - Cities and FUAs,I,UK525F,Milton Keynes,A,Annual,POP,Population,PS,Persons,_T,Total,_T,Total,_Z,Not applicable,FUA,FUA,_Z,Not applicable,2021,,288312,,A,Normal value,0,Units,0,Zero
DATAFLOW,OECD.CFE.EDS:DSD_FUA_DEMO@DF_AGE_SEX(1.2),Population by age and sex - Cities and FUAs,I,UK528F,Northampton,A,Annual,POP,Population,PS,Persons,_T,Total,_T,Total,_Z,Not applicable,FUA,FUA,_Z,Not applicable,2021,,426707,,A,Normal value,0,Units,0,Zero
DATAFLOW,OECD.CFE.EDS:DSD_FUA_DEMO@DF_AGE_SEX(1.2),Population by age and sex - Cities and FUAs,I,UK531F,Warrington,A,Annual,POP,Population,PS,Persons,_T,Total,_T,Total,_Z,Not applicable,FUA,FUA,_Z,Not applicable,2021,,211182,,A,Normal value,0,Units,0,Zero
DATAFLOW,OECD.CFE.EDS:DSD_FUA_DEMO@DF_AGE_SEX(1.2),Population by age and sex - Cities and FUAs,I,UK532F,Luton,A,Annual,POP,Population,PS,Persons,_T,Total,_T,Total,_Z,Not applicable,FUA,FUA,_Z,Not applicable,2021,,224958,,A,Normal value,0,Units,0,Zero
DATAFLOW,OECD.CFE.EDS:DSD_FUA_DEMO@DF_AGE_SEX(1.2),Population by age and sex - Cities and FUAs,I,UK533F,York,A,Annual,POP,Population,PS,Persons,_T,Total,_T,Total,_Z,Not applicable,FUA,FUA,_Z,Not applicable,2021,,201851,,A,Normal value,0,Units,0,Zero
DATAFLOW,OECD.CFE.EDS:DSD_FUA_DEMO@DF_AGE_SEX(1.2),Population by age and sex - Cities and FUAs,I,UK535F,Swindon,A,Annual,POP,Population,PS,Persons,_T,Total,_T,Total,_Z,Not applicable,FUA,FUA,_Z,Not applicable,2021,,233760,,A,Normal value,0,Units,0,Zero
DATAFLOW,OECD.CFE.EDS:DSD_FUA_DEMO@DF_AGE_SEX(1.2),Population by age and sex - Cities and FUAs,I,UK539F,Bournemouth,A,Annual,POP,Population,PS,Persons,_T,Total,_T,Total,_Z,Not applicable,FUA,FUA,_Z,Not applicable,2021,,400155,,A,Normal value,0,Units,0,Zero
DATAFLOW,OECD.CFE.EDS:DSD_FUA_DEMO@DF_AGE_SEX(1.2),Population by age and sex - Cities and FUAs,I,UK542F,Telford and Wrekin,A,Annual,POP,Population,PS,Persons,_T,Total,_T,Total,_Z,Not applicable,FUA,FUA,_Z,Not applicable,2021,,185857,,A,Normal value,0,Units,0,Zero
DATAFLOW,OECD.CFE.EDS:DSD_FUA_DEMO@DF_AGE_SEX(1.2),Population by age and sex - Cities and FUAs,I,UK543F,North East Lincolnshire,A,Annual,POP,Population,PS,Persons,_T,Total,_T,Total,_Z,Not applicable,FUA,FUA,_Z,Not applicable,2021,,157188,,A,Normal value,0,Units,0,Zero
DATAFLOW,OECD.CFE.EDS:DSD_FUA_DEMO@DF_AGE_SEX(1.2),Population by age and sex - Cities and FUAs,I,UK545F,Peterborough,A,Annual,POP,Population,PS,Persons,_T,Total,_T,Total,_Z,Not applicable,FUA,FUA,_Z,Not applicable,2021,,216470,,A,Normal value,0,Units,0,Zero
DATAFLOW,OECD.CFE.EDS:DSD_FUA_DEMO@DF_AGE_SEX(1.2),Population by age and sex - Cities and FUAs,I,UK546F,Colchester,A,Annual,POP,Population,PS,Persons,_T,Total,_T,Total,_Z,Not applicable,FUA,FUA,_Z,Not applicable,2021,,341583,,A,Normal value,0,Units,0,Zero
DATAFLOW,OECD.CFE.EDS:DSD_FUA_DEMO@DF_AGE_SEX(1.2),Population by age and sex - Cities and FUAs,I,UK548F,Basingstoke and Deane,A,Annual,POP,Population,PS,Persons,_T,Total,_T,Total,_Z,Not applicable,FUA,FUA,_Z,Not applicable,2021,,185713,,A,Normal value,0,Units,0,Zero
DATAFLOW,OECD.CFE.EDS:DSD_FUA_DEMO@DF_AGE_SEX(1.2),Population by age and sex - Cities and FUAs,I,UK549F,Bedford,A,Annual,POP,Population,PS,Persons,_T,Total,_T,Total,_Z,Not applicable,FUA,FUA,_Z,Not applicable,2021,,185796,,A,Normal value,0,Units,0,Zero
DATAFLOW,OECD.CFE.EDS:DSD_FUA_DEMO@DF_AGE_SEX(1.2),Population by age and sex - Cities and FUAs,I,UK550F,Dundee City,A,Annual,POP,Population,PS,Persons,_T,Total,_T,Total,_Z,Not applicable,FUA,FUA,_Z,Not applicable,2021,,261740,,A,Normal value,0,Units,0,Zero
DATAFLOW,OECD.CFE.EDS:DSD_FUA_DEMO@DF_AGE_SEX(1.2),Population by age and sex - Cities and FUAs,I,UK551F,Falkirk,A,Annual,POP,Population,PS,Persons,_T,Total,_T,Total,_Z,Not applicable,FUA,FUA,_Z,Not applicable,2021,,158760,,A,Normal value,0,Units,0,Zero
DATAFLOW,OECD.CFE.EDS:DSD_FUA_DEMO@DF_AGE_SEX(1.2),Population by age and sex - Cities and FUAs,I,UK552F,Reading,A,Annual,POP,Population,PS,Persons,_T,Total,_T,Total,_Z,Not applicable,FUA,FUA,_Z,Not applicable,2021,,351602,,A,Normal value,0,Units,0,Zero
DATAFLOW,OECD.CFE.EDS:DSD_FUA_DEMO@DF_AGE_SEX(1.2),Population by age and sex - Cities and FUAs,I,UK553F,Blackpool,A,Annual,POP,Population,PS,Persons,_T,Total,_T,Total,_Z,Not applicable,FUA,FUA,_Z,Not applicable,2021,,335160,,A,Normal value,0,Units,0,Zero
DATAFLOW,OECD.CFE.EDS:DSD_FUA_DEMO@DF_AGE_SEX(1.2),Population by age and sex - Cities and FUAs,I,UK554F,Maidstone,A,Annual,POP,Population,PS,Persons,_T,Total,_T,Total,_Z,Not applicable,FUA,FUA,_Z,Not applicable,2021,,176697,,A,Normal value,0,Units,0,Zero
DATAFLOW,OECD.CFE.EDS:DSD_FUA_DEMO@DF_AGE_SEX(1.2),Population by age and sex - Cities and FUAs,I,UK556F,Dacorum,A,Annual,POP,Population,PS,Persons,_T,Total,_T,Total,_Z,Not applicable,FUA,FUA,_Z,Not applicable,2021,,155211,,A,Normal value,0,Units,0,Zero
DATAFLOW,OECD.CFE.EDS:DSD_FUA_DEMO@DF_AGE_SEX(1.2),Population by age and sex - Cities and FUAs,I,UK557F,Blackburn with Darwen,A,Annual,POP,Population,PS,Persons,_T,Total,_T,Total,_Z,Not applicable,FUA,FUA,_Z,Not applicable,2021,,299090,,A,Normal value,0,Units,0,Zero
DATAFLOW,OECD.CFE.EDS:DSD_FUA_DEMO@DF_AGE_SEX(1.2),Population by age and sex - Cities and FUAs,I,UK558F,Newport,A,Annual,POP,Population,PS,Persons,_T,Total,_T,Total,_Z,Not applicable,FUA,FUA,_Z,Not applicable,2021,,252141,,A,Normal value,0,Units,0,Zero
DATAFLOW,OECD.CFE.EDS:DSD_FUA_DEMO@DF_AGE_SEX(1.2),Population by age and sex - Cities and FUAs,I,UK559F,Middlesbrough,A,Annual,POP,Population,PS,Persons,_T,Total,_T,Total,_Z,Not applicable,FUA,FUA,_Z,Not applicable,2021,,570155,,A,Normal value,0,Units,0,Zero
DATAFLOW,OECD.CFE.EDS:DSD_FUA_DEMO@DF_AGE_SEX(1.2),Population by age and sex - Cities and FUAs,I,UK560F,Oxford,A,Annual,POP,Population,PS,Persons,_T,Total,_T,Total,_Z,Not applicable,FUA,FUA,_Z,Not applicable,2021,,576725,,A,Normal value,0,Units,0,Zero
DATAFLOW,OECD.CFE.EDS:DSD_FUA_DEMO@DF_AGE_SEX(1.2),Population by age and sex - Cities and FUAs,I,UK561F,Torbay,A,Annual,POP,Population,PS,Persons,_T,Total,_T,Total,_Z,Not applicable,FUA,FUA,_Z,Not applicable,2021,,139440,,A,Normal value,0,Units,0,Zero
DATAFLOW,OECD.CFE.EDS:DSD_FUA_DEMO@DF_AGE_SEX(1.2),Population by age and sex - Cities and FUAs,I,UK562F,Preston,A,Annual,POP,Population,PS,Persons,_T,Total,_T,Total,_Z,Not applicable,FUA,FUA,_Z,Not applicable,2021,,258989,,A,Normal value,0,Units,0,Zero
DATAFLOW,OECD.CFE.EDS:DSD_FUA_DEMO@DF_AGE_SEX(1.2),Population by age and sex - Cities and FUAs,I,UK566F,Norwich,A,Annual,POP,Population,PS,Persons,_T,Total,_T,Total,_Z,Not applicable,FUA,FUA,_Z,Not applicable,2021,,417964,,A,Normal value,0,Units,0,Zero
DATAFLOW,OECD.CFE.EDS:DSD_FUA_DEMO@DF_AGE_SEX(1.2),Population by age and sex - Cities and FUAs,I,UK567F,Slough,A,Annual,POP,Population,PS,Persons,_T,Total,_T,Total,_Z,Not applicable,FUA,FUA,_Z,Not applicable,2021,,158448,,A,Normal value,0,Units,0,Zero
DATAFLOW,OECD.CFE.EDS:DSD_FUA_DEMO@DF_AGE_SEX(1.2),Population by age and sex - Cities and FUAs,I,UK568F,Cheshire West and Chester,A,Annual,POP,Population,PS,Persons,_T,Total,_T,Total,_Z,Not applicable,FUA,FUA,_Z,Not applicable,2021,,512775,,A,Normal value,0,Units,0,Zero
DATAFLOW,OECD.CFE.EDS:DSD_FUA_DEMO@DF_AGE_SEX(1.2),Population by age and sex - Cities and FUAs,I,UK569F,Ipswich,A,Annual,POP,Population,PS,Persons,_T,Total,_T,Total,_Z,Not applicable,FUA,FUA,_Z,Not applicable,2021,,479138,,A,Normal value,0,Units,0,Zero
DATAFLOW,OECD.CFE.EDS:DSD_FUA_DEMO@DF_AGE_SEX(1.2),Population by age and sex - Cities and FUAs,I,UK571F,Cheltenham,A,Annual,POP,Population,PS,Persons,_T,Total,_T,Total,_Z,Not applicable,FUA,FUA,_Z,Not applicable,2021,,214238,,A,Normal value,0,Units,0,Zero
DATAFLOW,OECD.CFE.EDS:DSD_FUA_DEMO@DF_AGE_SEX(1.2),Population by age and sex - Cities and FUAs,I,UK572F,Gloucester,A,Annual,POP,Population,PS,Persons,_T,Total,_T,Total,_Z,Not applicable,FUA,FUA,_Z,Not applicable,2021,,132564,,A,Normal value,0,Units,0,Zero
DATAFLOW,OECD.CFE.EDS:DSD_FUA_DEMO@DF_AGE_SEX(1.2),Population by age and sex - Cities and FUAs,I,UK573F,Bracknell Forest,A,Annual,POP,Population,PS,Persons,_T,Total,_T,Total,_Z,Not applicable,FUA,FUA,_Z,Not applicable,2021,,125195,,A,Normal value,0,Units,0,Zero
DATAFLOW,OECD.CFE.EDS:DSD_FUA_DEMO@DF_AGE_SEX(1.2),Population by age and sex - Cities and FUAs,I,UK576F,Crawley,A,Annual,POP,Population,PS,Persons,_T,Total,_T,Total,_Z,Not applicable,FUA,FUA,_Z,Not applicable,2021,,118607,,A,Normal value,0,Units,0,Zero
DATAFLOW,OECD.CFE.EDS:DSD_FUA_DEMO@DF_AGE_SEX(1.2),Population by age and sex - Cities and FUAs,I,UK580F,Rushmoor,A,Annual,POP,Population,PS,Persons,_T,Total,_T,Total,_Z,Not applicable,FUA,FUA,_Z,Not applicable,2021,,100096,,A,Normal value,0,Units,0,Zero
DATAFLOW,OECD.CFE.EDS:DSD_FUA_DEMO@DF_AGE_SEX(1.2),Population by age and sex - Cities and FUAs,I,UK586F,Derry & Strabane Local Government District,A,Annual,POP,Population,PS,Persons,_T,Total,_T,Total,_Z,Not applicable,FUA,FUA,_Z,Not applicable,2021,,150834,,A,Normal value,0,Units,0,Zero
DATAFLOW,OECD.CFE.EDS:DSD_FUA_DEMO@DF_AGE_SEX(1.2),Population by age and sex - Cities and FUAs,I,HR001F,Zagreb,A,Annual,POP,Population,PS,Persons,_T,Total,_T,Total,_Z,Not applicable,FUA,FUA,_Z,Not applicable,2021,,1245546,,A,Normal value,0,Units,0,Zero
DATAFLOW,OECD.CFE.EDS:DSD_FUA_DEMO@DF_AGE_SEX(1.2),Population by age and sex - Cities and FUAs,I,HR002F,Rijeka,A,Annual,POP,Population,PS,Persons,_T,Total,_T,Total,_Z,Not applicable,FUA,FUA,_Z,Not applicable,2021,,194880,,A,Normal value,0,Units,0,Zero
DATAFLOW,OECD.CFE.EDS:DSD_FUA_DEMO@DF_AGE_SEX(1.2),Population by age and sex - Cities and FUAs,I,HR004F,Osijek,A,Annual,POP,Population,PS,Persons,_T,Total,_T,Total,_Z,Not applicable,FUA,FUA,_Z,Not applicable,2021,,161411,,A,Normal value,0,Units,0,Zero
DATAFLOW,OECD.CFE.EDS:DSD_FUA_DEMO@DF_AGE_SEX(1.2),Population by age and sex - Cities and FUAs,I,HR005F,Split,A,Annual,POP,Population,PS,Persons,_T,Total,_T,Total,_Z,Not applicable,FUA,FUA,_Z,Not applicable,2021,,322022,,A,Normal value,0,Units,0,Zero
DATAFLOW,OECD.CFE.EDS:DSD_FUA_DEMO@DF_AGE_SEX(1.2),Population by age and sex - Cities and FUAs,I,HR007F,Zadar,A,Annual,POP,Population,PS,Persons,_T,Total,_T,Total,_Z,Not applicable,FUA,FUA,_Z,Not applicable,2021,,134664,,A,Normal value,0,Units,0,Zero
DATAFLOW,OECD.CFE.EDS:DSD_FUA_DEMO@DF_AGE_SEX(1.2),Population by age and sex - Cities and FUAs,I,HU001F,Budapest,A,Annual,POP,Population,PS,Persons,_T,Total,_T,Total,_Z,Not applicable,FUA,FUA,_Z,Not applicable,2021,,3086522,,A,Normal value,0,Units,0,Zero
DATAFLOW,OECD.CFE.EDS:DSD_FUA_DEMO@DF_AGE_SEX(1.2),Population by age and sex - Cities and FUAs,I,HU002F,Miskolc,A,Annual,POP,Population,PS,Persons,_T,Total,_T,Total,_Z,Not applicable,FUA,FUA,_Z,Not applicable,2021,,342738,,A,Normal value,0,Units,0,Zero
DATAFLOW,OECD.CFE.EDS:DSD_FUA_DEMO@DF_AGE_SEX(1.2),Population by age and sex - Cities and FUAs,I,HU003F,Nyíregyháza,A,Annual,POP,Population,PS,Persons,_T,Total,_T,Total,_Z,Not applicable,FUA,FUA,_Z,Not applicable,2021,,238125,,A,Normal value,0,Units,0,Zero
DATAFLOW,OECD.CFE.EDS:DSD_FUA_DEMO@DF_AGE_SEX(1.2),Population by age and sex - Cities and FUAs,I,HU004F,Pécs,A,Annual,POP,Population,PS,Persons,_T,Total,_T,Total,_Z,Not applicable,FUA,FUA,_Z,Not applicable,2021,,262972,,A,Normal value,0,Units,0,Zero
DATAFLOW,OECD.CFE.EDS:DSD_FUA_DEMO@DF_AGE_SEX(1.2),Population by age and sex - Cities and FUAs,I,HU005F,Debrecen,A,Annual,POP,Population,PS,Persons,_T,Total,_T,Total,_Z,Not applicable,FUA,FUA,_Z,Not applicable,2021,,405761,,A,Normal value,0,Units,0,Zero
DATAFLOW,OECD.CFE.EDS:DSD_FUA_DEMO@DF_AGE_SEX(1.2),Population by age and sex - Cities and FUAs,I,HU006F,Szeged,A,Annual,POP,Population,PS,Persons,_T,Total,_T,Total,_Z,Not applicable,FUA,FUA,_Z,Not applicable,2021,,245311,,A,Normal value,0,Units,0,Zero
DATAFLOW,OECD.CFE.EDS:DSD_FUA_DEMO@DF_AGE_SEX(1.2),Population by age and sex - Cities and FUAs,I,HU007F,Gyõr,A,Annual,POP,Population,PS,Persons,_T,Total,_T,Total,_Z,Not applicable,FUA,FUA,_Z,Not applicable,2021,,262305,,A,Normal value,0,Units,0,Zero
DATAFLOW,OECD.CFE.EDS:DSD_FUA_DEMO@DF_AGE_SEX(1.2),Population by age and sex - Cities and FUAs,I,HU008F,Kecskemét,A,Annual,POP,Population,PS,Persons,_T,Total,_T,Total,_Z,Not applicable,FUA,FUA,_Z,Not applicable,2021,,222725,,A,Normal value,0,Units,0,Zero
DATAFLOW,OECD.CFE.EDS:DSD_FUA_DEMO@DF_AGE_SEX(1.2),Population by age and sex - Cities and FUAs,I,HU009F,Székesfehérvár,A,Annual,POP,Population,PS,Persons,_T,Total,_T,Total,_Z,Not applicable,FUA,FUA,_Z,Not applicable,2021,,256731,,A,Normal value,0,Units,0,Zero
DATAFLOW,OECD.CFE.EDS:DSD_FUA_DEMO@DF_AGE_SEX(1.2),Population by age and sex - Cities and FUAs,I,HU010F,Szombathely,A,Annual,POP,Population,PS,Persons,_T,Total,_T,Total,_Z,Not applicable,FUA,FUA,_Z,Not applicable,2021,,166472,,A,Normal value,0,Units,0,Zero
DATAFLOW,OECD.CFE.EDS:DSD_FUA_DEMO@DF_AGE_SEX(1.2),Population by age and sex - Cities and FUAs,I,HU012F,Tatabánya,A,Annual,POP,Population,PS,Persons,_T,Total,_T,Total,_Z,Not applicable,FUA,FUA,_Z,Not applicable,2021,,138421,,A,Normal value,0,Units,0,Zero
DATAFLOW,OECD.CFE.EDS:DSD_FUA_DEMO@DF_AGE_SEX(1.2),Population by age and sex - Cities and FUAs,I,HU019F,Sopron,A,Annual,POP,Population,PS,Persons,_T,Total,_T,Total,_Z,Not applicable,FUA,FUA,_Z,Not applicable,2021,,101774,,A,Normal value,0,Units,0,Zero
DATAFLOW,OECD.CFE.EDS:DSD_FUA_DEMO@DF_AGE_SEX(1.2),Population by age and sex - Cities and FUAs,I,IS001F,Reykjavík,A,Annual,POP,Population,PS,Persons,_T,Total,_T,Total,_Z,Not applicable,FUA,FUA,_Z,Not applicable,2021,,231577,,A,Normal value,0,Units,0,Zero
DATAFLOW,OECD.CFE.EDS:DSD_FUA_DEMO@DF_AGE_SEX(1.2),Population by age and sex - Cities and FUAs,I,ISR01F,Nahariyya,A,Annual,POP,Population,PS,Persons,_T,Total,_T,Total,_Z,Not applicable,FUA,FUA,_Z,Not applicable,2021,,69908,,A,Normal value,0,Units,0,Zero
DATAFLOW,OECD.CFE.EDS:DSD_FUA_DEMO@DF_AGE_SEX(1.2),Population by age and sex - Cities and FUAs,I,ISR05F,Haifa,A,Annual,POP,Population,PS,Persons,_T,Total,_T,Total,_Z,Not applicable,FUA,FUA,_Z,Not applicable,2021,,796325,,A,Normal value,0,Units,0,Zero
DATAFLOW,OECD.CFE.EDS:DSD_FUA_DEMO@DF_AGE_SEX(1.2),Population by age and sex - Cities and FUAs,I,ISR06F,Nazareth,A,Annual,POP,Population,PS,Persons,_T,Total,_T,Total,_Z,Not applicable,FUA,FUA,_Z,Not applicable,2021,,287383,,A,Normal value,0,Units,0,Zero
DATAFLOW,OECD.CFE.EDS:DSD_FUA_DEMO@DF_AGE_SEX(1.2),Population by age and sex - Cities and FUAs,I,ISR07F,Umm Al-Fahm,A,Annual,POP,Population,PS,Persons,_T,Total,_T,Total,_Z,Not applicable,FUA,FUA,_Z,Not applicable,2021,,72157,,A,Normal value,0,Units,0,Zero
DATAFLOW,OECD.CFE.EDS:DSD_FUA_DEMO@DF_AGE_SEX(1.2),Population by age and sex - Cities and FUAs,I,ISR08F,Hadera,A,Annual,POP,Population,PS,Persons,_T,Total,_T,Total,_Z,Not applicable,FUA,FUA,_Z,Not applicable,2021,,180726,,A,Normal value,0,Units,0,Zero
DATAFLOW,OECD.CFE.EDS:DSD_FUA_DEMO@DF_AGE_SEX(1.2),Population by age and sex - Cities and FUAs,I,ISR09F,Netanya,A,Annual,POP,Population,PS,Persons,_T,Total,_T,Total,_Z,Not applicable,FUA,FUA,_Z,Not applicable,2021,,248311,,A,Normal value,0,Units,0,Zero
DATAFLOW,OECD.CFE.EDS:DSD_FUA_DEMO@DF_AGE_SEX(1.2),Population by age and sex - Cities and FUAs,I,ISR10F,Tel Aviv - Yafo,A,Annual,POP,Population,PS,Persons,_T,Total,_T,Total,_Z,Not applicable,FUA,FUA,_Z,Not applicable,2021,,3232010,,A,Normal value,0,Units,0,Zero
DATAFLOW,OECD.CFE.EDS:DSD_FUA_DEMO@DF_AGE_SEX(1.2),Population by age and sex - Cities and FUAs,I,ISR15F,Ashdod,A,Annual,POP,Population,PS,Persons,_T,Total,_T,Total,_Z,Not applicable,FUA,FUA,_Z,Not applicable,2021,,250079,,A,Normal value,0,Units,0,Zero
DATAFLOW,OECD.CFE.EDS:DSD_FUA_DEMO@DF_AGE_SEX(1.2),Population by age and sex - Cities and FUAs,I,ISR16F,Bet Shemesh,A,Annual,POP,Population,PS,Persons,_T,Total,_T,Total,_Z,Not applicable,FUA,FUA,_Z,Not applicable,2021,,132544,,A,Normal value,0,Units,0,Zero
DATAFLOW,OECD.CFE.EDS:DSD_FUA_DEMO@DF_AGE_SEX(1.2),Population by age and sex - Cities and FUAs,I,ISR17F,Jerusalem,A,Annual,POP,Population,PS,Persons,_T,Total,_T,Total,_Z,Not applicable,FUA,FUA,_Z,Not applicable,2021,,989405,,A,Normal value,0,Units,0,Zero
DATAFLOW,OECD.CFE.EDS:DSD_FUA_DEMO@DF_AGE_SEX(1.2),Population by age and sex - Cities and FUAs,I,ISR18F,Ashqelon,A,Annual,POP,Population,PS,Persons,_T,Total,_T,Total,_Z,Not applicable,FUA,FUA,_Z,Not applicable,2021,,146519,,A,Normal value,0,Units,0,Zero
DATAFLOW,OECD.CFE.EDS:DSD_FUA_DEMO@DF_AGE_SEX(1.2),Population by age and sex - Cities and FUAs,I,ISR21F,Be'Er Sheva,A,Annual,POP,Population,PS,Persons,_T,Total,_T,Total,_Z,Not applicable,FUA,FUA,_Z,Not applicable,2021,,531695,,A,Normal value,0,Units,0,Zero
DATAFLOW,OECD.CFE.EDS:DSD_FUA_DEMO@DF_AGE_SEX(1.2),Population by age and sex - Cities and FUAs,I,ISR22F,Elat,A,Annual,POP,Population,PS,Persons,_T,Total,_T,Total,_Z,Not applicable,FUA,FUA,_Z,Not applicable,2021,,52519,,A,Normal value,0,Units,0,Zero
DATAFLOW,OECD.CFE.EDS:DSD_FUA_DEMO@DF_AGE_SEX(1.2),Population by age and sex - Cities and FUAs,I,IT001F,Roma,A,Annual,POP,Population,PS,Persons,_T,Total,_T,Total,_Z,Not applicable,FUA,FUA,_Z,Not applicable,2021,,4386190,,A,Normal value,0,Units,0,Zero
DATAFLOW,OECD.CFE.EDS:DSD_FUA_DEMO@DF_AGE_SEX(1.2),Population by age and sex - Cities and FUAs,I,IT002F,Milano,A,Annual,POP,Population,PS,Persons,_T,Total,_T,Total,_Z,Not applicable,FUA,FUA,_Z,Not applicable,2021,,5054553,,A,Normal value,0,Units,0,Zero
DATAFLOW,OECD.CFE.EDS:DSD_FUA_DEMO@DF_AGE_SEX(1.2),Population by age and sex - Cities and FUAs,I,IT003F,Napoli,A,Annual,POP,Population,PS,Persons,_T,Total,_T,Total,_Z,Not applicable,FUA,FUA,_Z,Not applicable,2021,,3384691,,A,Normal value,0,Units,0,Zero
DATAFLOW,OECD.CFE.EDS:DSD_FUA_DEMO@DF_AGE_SEX(1.2),Population by age and sex - Cities and FUAs,I,IT004F,Torino,A,Annual,POP,Population,PS,Persons,_T,Total,_T,Total,_Z,Not applicable,FUA,FUA,_Z,Not applicable,2021,,1788029,,A,Normal value,0,Units,0,Zero
DATAFLOW,OECD.CFE.EDS:DSD_FUA_DEMO@DF_AGE_SEX(1.2),Population by age and sex - Cities and FUAs,I,IT005F,Palermo,A,Annual,POP,Population,PS,Persons,_T,Total,_T,Total,_Z,Not applicable,FUA,FUA,_Z,Not applicable,2021,,997565,,A,Normal value,0,Units,0,Zero
DATAFLOW,OECD.CFE.EDS:DSD_FUA_DEMO@DF_AGE_SEX(1.2),Population by age and sex - Cities and FUAs,I,IT006F,Genova,A,Annual,POP,Population,PS,Persons,_T,Total,_T,Total,_Z,Not applicable,FUA,FUA,_Z,Not applicable,2021,,690987,,A,Normal value,0,Units,0,Zero
DATAFLOW,OECD.CFE.EDS:DSD_FUA_DEMO@DF_AGE_SEX(1.2),Population by age and sex - Cities and FUAs,I,IT007F,Firenze,A,Annual,POP,Population,PS,Persons,_T,Total,_T,Total,_Z,Not applicable,FUA,FUA,_Z,Not applicable,2021,,802275,,A,Normal value,0,Units,0,Zero
DATAFLOW,OECD.CFE.EDS:DSD_FUA_DEMO@DF_AGE_SEX(1.2),Population by age and sex - Cities and FUAs,I,IT008F,Bari,A,Annual,POP,Population,PS,Persons,_T,Total,_T,Total,_Z,Not applicable,FUA,FUA,_Z,Not applicable,2021,,688695,,A,Normal value,0,Units,0,Zero
DATAFLOW,OECD.CFE.EDS:DSD_FUA_DEMO@DF_AGE_SEX(1.2),Population by age and sex - Cities and FUAs,I,IT009F,Bologna,A,Annual,POP,Population,PS,Persons,_T,Total,_T,Total,_Z,Not applicable,FUA,FUA,_Z,Not applicable,2021,,865933,,A,Normal value,0,Units,0,Zero
DATAFLOW,OECD.CFE.EDS:DSD_FUA_DEMO@DF_AGE_SEX(1.2),Population by age and sex - Cities and FUAs,I,IT010F,Catania,A,Annual,POP,Population,PS,Persons,_T,Total,_T,Total,_Z,Not applicable,FUA,FUA,_Z,Not applicable,2021,,825220,,A,Normal value,0,Units,0,Zero
DATAFLOW,OECD.CFE.EDS:DSD_FUA_DEMO@DF_AGE_SEX(1.2),Population by age and sex - Cities and FUAs,I,IT011F,Venezia,A,Annual,POP,Population,PS,Persons,_T,Total,_T,Total,_Z,Not applicable,FUA,FUA,_Z,Not applicable,2021,,552414,,A,Normal value,0,Units,0,Zero
DATAFLOW,OECD.CFE.EDS:DSD_FUA_DEMO@DF_AGE_SEX(1.2),Population by age and sex - Cities and FUAs,I,IT012F,Verona,A,Annual,POP,Population,PS,Persons,_T,Total,_T,Total,_Z,Not applicable,FUA,FUA,_Z,Not applicable,2021,,561933,,A,Normal value,0,Units,0,Zero
DATAFLOW,OECD.CFE.EDS:DSD_FUA_DEMO@DF_AGE_SEX(1.2),Population by age and sex - Cities and FUAs,I,IT013F,Cremona,A,Annual,POP,Population,PS,Persons,_T,Total,_T,Total,_Z,Not applicable,FUA,FUA,_Z,Not applicable,2021,,145880,,A,Normal value,0,Units,0,Zero
DATAFLOW,OECD.CFE.EDS:DSD_FUA_DEMO@DF_AGE_SEX(1.2),Population by age and sex - Cities and FUAs,I,IT014F,Trento,A,Annual,POP,Population,PS,Persons,_T,Total,_T,Total,_Z,Not applicable,FUA,FUA,_Z,Not applicable,2021,,329823,,A,Normal value,0,Units,0,Zero
DATAFLOW,OECD.CFE.EDS:DSD_FUA_DEMO@DF_AGE_SEX(1.2),Population by age and sex - Cities and FUAs,I,IT015F,Trieste,A,Annual,POP,Population,PS,Persons,_T,Total,_T,Total,_Z,Not applicable,FUA,FUA,_Z,Not applicable,2021,,230689,,A,Normal value,0,Units,0,Zero
DATAFLOW,OECD.CFE.EDS:DSD_FUA_DEMO@DF_AGE_SEX(1.2),Population by age and sex - Cities and FUAs,I,IT016F,Perugia,A,Annual,POP,Population,PS,Persons,_T,Total,_T,Total,_Z,Not applicable,FUA,FUA,_Z,Not applicable,2021,,281867,,A,Normal value,0,Units,0,Zero
DATAFLOW,OECD.CFE.EDS:DSD_FUA_DEMO@DF_AGE_SEX(1.2),Population by age and sex - Cities and FUAs,I,IT017F,Ancona,A,Annual,POP,Population,PS,Persons,_T,Total,_T,Total,_Z,Not applicable,FUA,FUA,_Z,Not applicable,2021,,219732,,A,Normal value,0,Units,0,Zero
DATAFLOW,OECD.CFE.EDS:DSD_FUA_DEMO@DF_AGE_SEX(1.2),Population by age and sex - Cities and FUAs,I,IT018F,Pescara,A,Annual,POP,Population,PS,Persons,_T,Total,_T,Total,_Z,Not applicable,FUA,FUA,_Z,Not applicable,2021,,314927,,A,Normal value,0,Units,0,Zero
DATAFLOW,OECD.CFE.EDS:DSD_FUA_DEMO@DF_AGE_SEX(1.2),Population by age and sex - Cities and FUAs,I,IT019F,Campobasso,A,Annual,POP,Population,PS,Persons,_T,Total,_T,Total,_Z,Not applicable,FUA,FUA,_Z,Not applicable,2021,,94343,,A,Normal value,0,Units,0,Zero
DATAFLOW,OECD.CFE.EDS:DSD_FUA_DEMO@DF_AGE_SEX(1.2),Population by age and sex - Cities and FUAs,I,IT020F,Caserta,A,Annual,POP,Population,PS,Persons,_T,Total,_T,Total,_Z,Not applicable,FUA,FUA,_Z,Not applicable,2021,,280599,,A,Normal value,0,Units,0,Zero
DATAFLOW,OECD.CFE.EDS:DSD_FUA_DEMO@DF_AGE_SEX(1.2),Population by age and sex - Cities and FUAs,I,IT021F,Taranto,A,Annual,POP,Population,PS,Persons,_T,Total,_T,Total,_Z,Not applicable,FUA,FUA,_Z,Not applicable,2021,,376656,,A,Normal value,0,Units,0,Zero
DATAFLOW,OECD.CFE.EDS:DSD_FUA_DEMO@DF_AGE_SEX(1.2),Population by age and sex - Cities and FUAs,I,IT022F,Potenza,A,Annual,POP,Population,PS,Persons,_T,Total,_T,Total,_Z,Not applicable,FUA,FUA,_Z,Not applicable,2021,,130697,,A,Normal value,0,Units,0,Zero
DATAFLOW,OECD.CFE.EDS:DSD_FUA_DEMO@DF_AGE_SEX(1.2),Population by age and sex - Cities and FUAs,I,IT023F,Catanzaro,A,Annual,POP,Population,PS,Persons,_T,Total,_T,Total,_Z,Not applicable,FUA,FUA,_Z,Not applicable,2021,,167430,,A,Normal value,0,Units,0,Zero
DATAFLOW,OECD.CFE.EDS:DSD_FUA_DEMO@DF_AGE_SEX(1.2),Population by age and sex - Cities and FUAs,I,IT024F,Reggio di Calabria,A,Annual,POP,Population,PS,Persons,_T,Total,_T,Total,_Z,Not applicable,FUA,FUA,_Z,Not applicable,2021,,223622,,A,Normal value,0,Units,0,Zero
DATAFLOW,OECD.CFE.EDS:DSD_FUA_DEMO@DF_AGE_SEX(1.2),Population by age and sex - Cities and FUAs,I,IT025F,Sassari,A,Annual,POP,Population,PS,Persons,_T,Total,_T,Total,_Z,Not applicable,FUA,FUA,_Z,Not applicable,2021,,212876,,A,Normal value,0,Units,0,Zero
DATAFLOW,OECD.CFE.EDS:DSD_FUA_DEMO@DF_AGE_SEX(1.2),Population by age and sex - Cities and FUAs,I,IT026F,Cagliari,A,Annual,POP,Population,PS,Persons,_T,Total,_T,Total,_Z,Not applicable,FUA,FUA,_Z,Not applicable,2021,,496597,,A,Normal value,0,Units,0,Zero
DATAFLOW,OECD.CFE.EDS:DSD_FUA_DEMO@DF_AGE_SEX(1.2),Population by age and sex - Cities and FUAs,I,IT027F,Padova,A,Annual,POP,Population,PS,Persons,_T,Total,_T,Total,_Z,Not applicable,FUA,FUA,_Z,Not applicable,2021,,562134,,A,Normal value,0,Units,0,Zero
DATAFLOW,OECD.CFE.EDS:DSD_FUA_DEMO@DF_AGE_SEX(1.2),Population by age and sex - Cities and FUAs,I,IT028F,Brescia,A,Annual,POP,Population,PS,Persons,_T,Total,_T,Total,_Z,Not applicable,FUA,FUA,_Z,Not applicable,2021,,478719,,A,Normal value,0,Units,0,Zero
DATAFLOW,OECD.CFE.EDS:DSD_FUA_DEMO@DF_AGE_SEX(1.2),Population by age and sex - Cities and FUAs,I,IT029F,Modena,A,Annual,POP,Population,PS,Persons,_T,Total,_T,Total,_Z,Not applicable,FUA,FUA,_Z,Not applicable,2021,,369725,,A,Normal value,0,Units,0,Zero
DATAFLOW,OECD.CFE.EDS:DSD_FUA_DEMO@DF_AGE_SEX(1.2),Population by age and sex - Cities and FUAs,I,IT030F,Foggia,A,Annual,POP,Population,PS,Persons,_T,Total,_T,Total,_Z,Not applicable,FUA,FUA,_Z,Not applicable,2021,,220043,,A,Normal value,0,Units,0,Zero
DATAFLOW,OECD.CFE.EDS:DSD_FUA_DEMO@DF_AGE_SEX(1.2),Population by age and sex - Cities and FUAs,I,IT031F,Salerno,A,Annual,POP,Population,PS,Persons,_T,Total,_T,Total,_Z,Not applicable,FUA,FUA,_Z,Not applicable,2021,,230274,,A,Normal value,0,Units,0,Zero
DATAFLOW,OECD.CFE.EDS:DSD_FUA_DEMO@DF_AGE_SEX(1.2),Population by age and sex - Cities and FUAs,I,IT032F,Piacenza,A,Annual,POP,Population,PS,Persons,_T,Total,_T,Total,_Z,Not applicable,FUA,FUA,_Z,Not applicable,2021,,208138,,A,Normal value,0,Units,0,Zero
DATAFLOW,OECD.CFE.EDS:DSD_FUA_DEMO@DF_AGE_SEX(1.2),Population by age and sex - Cities and FUAs,I,IT033F,Bolzano,A,Annual,POP,Population,PS,Persons,_T,Total,_T,Total,_Z,Not applicable,FUA,FUA,_Z,Not applicable,2021,,215822,,A,Normal value,0,Units,0,Zero
DATAFLOW,OECD.CFE.EDS:DSD_FUA_DEMO@DF_AGE_SEX(1.2),Population by age and sex - Cities and FUAs,I,IT034F,Udine,A,Annual,POP,Population,PS,Persons,_T,Total,_T,Total,_Z,Not applicable,FUA,FUA,_Z,Not applicable,2021,,239531,,A,Normal value,0,Units,0,Zero
DATAFLOW,OECD.CFE.EDS:DSD_FUA_DEMO@DF_AGE_SEX(1.2),Population by age and sex - Cities and FUAs,I,IT035F,La Spezia,A,Annual,POP,Population,PS,Persons,_T,Total,_T,Total,_Z,Not applicable,FUA,FUA,_Z,Not applicable,2021,,197424,,A,Normal value,0,Units,0,Zero
DATAFLOW,OECD.CFE.EDS:DSD_FUA_DEMO@DF_AGE_SEX(1.2),Population by age and sex - Cities and FUAs,I,IT036F,Lecce,A,Annual,POP,Population,PS,Persons,_T,Total,_T,Total,_Z,Not applicable,FUA,FUA,_Z,Not applicable,2021,,266375,,A,Normal value,0,Units,0,Zero
DATAFLOW,OECD.CFE.EDS:DSD_FUA_DEMO@DF_AGE_SEX(1.2),Population by age and sex - Cities and FUAs,I,IT037F,Barletta,A,Annual,POP,Population,PS,Persons,_T,Total,_T,Total,_Z,Not applicable,FUA,FUA,_Z,Not applicable,2021,,92787,,A,Normal value,0,Units,0,Zero
DATAFLOW,OECD.CFE.EDS:DSD_FUA_DEMO@DF_AGE_SEX(1.2),Population by age and sex - Cities and FUAs,I,IT038F,Pesaro,A,Annual,POP,Population,PS,Persons,_T,Total,_T,Total,_Z,Not applicable,FUA,FUA,_Z,Not applicable,2021,,127711,,A,Normal value,0,Units,0,Zero
DATAFLOW,OECD.CFE.EDS:DSD_FUA_DEMO@DF_AGE_SEX(1.2),Population by age and sex - Cities and FUAs,I,IT039F,Como,A,Annual,POP,Population,PS,Persons,_T,Total,_T,Total,_Z,Not applicable,FUA,FUA,_Z,Not applicable,2021,,178571,,A,Normal value,0,Units,0,Zero
DATAFLOW,OECD.CFE.EDS:DSD_FUA_DEMO@DF_AGE_SEX(1.2),Population by age and sex - Cities and FUAs,I,IT040F,Pisa,A,Annual,POP,Population,PS,Persons,_T,Total,_T,Total,_Z,Not applicable,FUA,FUA,_Z,Not applicable,2021,,205435,,A,Normal value,0,Units,0,Zero
DATAFLOW,OECD.CFE.EDS:DSD_FUA_DEMO@DF_AGE_SEX(1.2),Population by age and sex - Cities and FUAs,I,IT041F,Treviso,A,Annual,POP,Population,PS,Persons,_T,Total,_T,Total,_Z,Not applicable,FUA,FUA,_Z,Not applicable,2021,,201230,,A,Normal value,0,Units,0,Zero
DATAFLOW,OECD.CFE.EDS:DSD_FUA_DEMO@DF_AGE_SEX(1.2),Population by age and sex - Cities and FUAs,I,IT042F,Varese,A,Annual,POP,Population,PS,Persons,_T,Total,_T,Total,_Z,Not applicable,FUA,FUA,_Z,Not applicable,2021,,187932,,A,Normal value,0,Units,0,Zero
DATAFLOW,OECD.CFE.EDS:DSD_FUA_DEMO@DF_AGE_SEX(1.2),Population by age and sex - Cities and FUAs,I,IT043F,Asti,A,Annual,POP,Population,PS,Persons,_T,Total,_T,Total,_Z,Not applicable,FUA,FUA,_Z,Not applicable,2021,,112617,,A,Normal value,0,Units,0,Zero
DATAFLOW,OECD.CFE.EDS:DSD_FUA_DEMO@DF_AGE_SEX(1.2),Population by age and sex - Cities and FUAs,I,IT044F,Pavia,A,Annual,POP,Population,PS,Persons,_T,Total,_T,Total,_Z,Not applicable,FUA,FUA,_Z,Not applicable,2021,,137060,,A,Normal value,0,Units,0,Zero
DATAFLOW,OECD.CFE.EDS:DSD_FUA_DEMO@DF_AGE_SEX(1.2),Population by age and sex - Cities and FUAs,I,IT046F,Cosenza,A,Annual,POP,Population,PS,Persons,_T,Total,_T,Total,_Z,Not applicable,FUA,FUA,_Z,Not applicable,2021,,236228,,A,Normal value,0,Units,0,Zero
DATAFLOW,OECD.CFE.EDS:DSD_FUA_DEMO@DF_AGE_SEX(1.2),Population by age and sex - Cities and FUAs,I,IT047F,Savona,A,Annual,POP,Population,PS,Persons,_T,Total,_T,Total,_Z,Not applicable,FUA,FUA,_Z,Not applicable,2021,,101185,,A,Normal value,0,Units,0,Zero
DATAFLOW,OECD.CFE.EDS:DSD_FUA_DEMO@DF_AGE_SEX(1.2),Population by age and sex - Cities and FUAs,I,IT048F,Matera,A,Annual,POP,Population,PS,Persons,_T,Total,_T,Total,_Z,Not applicable,FUA,FUA,_Z,Not applicable,2021,,83302,,A,Normal value,0,Units,0,Zero
DATAFLOW,OECD.CFE.EDS:DSD_FUA_DEMO@DF_AGE_SEX(1.2),Population by age and sex - Cities and FUAs,I,IT050F,Avellino,A,Annual,POP,Population,PS,Persons,_T,Total,_T,Total,_Z,Not applicable,FUA,FUA,_Z,Not applicable,2021,,141221,,A,Normal value,0,Units,0,Zero
DATAFLOW,OECD.CFE.EDS:DSD_FUA_DEMO@DF_AGE_SEX(1.2),Population by age and sex - Cities and FUAs,I,IT051F,Pordenone,A,Annual,POP,Population,PS,Persons,_T,Total,_T,Total,_Z,Not applicable,FUA,FUA,_Z,Not applicable,2021,,152112,,A,Normal value,0,Units,0,Zero
DATAFLOW,OECD.CFE.EDS:DSD_FUA_DEMO@DF_AGE_SEX(1.2),Population by age and sex - Cities and FUAs,I,IT052F,Lecco,A,Annual,POP,Population,PS,Persons,_T,Total,_T,Total,_Z,Not applicable,FUA,FUA,_Z,Not applicable,2021,,132492,,A,Normal value,0,Units,0,Zero
DATAFLOW,OECD.CFE.EDS:DSD_FUA_DEMO@DF_AGE_SEX(1.2),Population by age and sex - Cities and FUAs,I,IT053F,Altamura,A,Annual,POP,Population,PS,Persons,_T,Total,_T,Total,_Z,Not applicable,FUA,FUA,_Z,Not applicable,2021,,69911,,A,Normal value,0,Units,0,Zero
DATAFLOW,OECD.CFE.EDS:DSD_FUA_DEMO@DF_AGE_SEX(1.2),Population by age and sex - Cities and FUAs,I,IT056F,Battipaglia,A,Annual,POP,Population,PS,Persons,_T,Total,_T,Total,_Z,Not applicable,FUA,FUA,_Z,Not applicable,2021,,69654,,A,Normal value,0,Units,0,Zero
DATAFLOW,OECD.CFE.EDS:DSD_FUA_DEMO@DF_AGE_SEX(1.2),Population by age and sex - Cities and FUAs,I,IT057F,Bisceglie,A,Annual,POP,Population,PS,Persons,_T,Total,_T,Total,_Z,Not applicable,FUA,FUA,_Z,Not applicable,2021,,53934,,A,Normal value,0,Units,0,Zero
DATAFLOW,OECD.CFE.EDS:DSD_FUA_DEMO@DF_AGE_SEX(1.2),Population by age and sex - Cities and FUAs,I,IT058F,Carpi,A,Annual,POP,Population,PS,Persons,_T,Total,_T,Total,_Z,Not applicable,FUA,FUA,_Z,Not applicable,2021,,81713,,A,Normal value,0,Units,0,Zero
DATAFLOW,OECD.CFE.EDS:DSD_FUA_DEMO@DF_AGE_SEX(1.2),Population by age and sex - Cities and FUAs,I,IT059F,Cerignola,A,Annual,POP,Population,PS,Persons,_T,Total,_T,Total,_Z,Not applicable,FUA,FUA,_Z,Not applicable,2021,,57223,,A,Normal value,0,Units,0,Zero
DATAFLOW,OECD.CFE.EDS:DSD_FUA_DEMO@DF_AGE_SEX(1.2),Population by age and sex - Cities and FUAs,I,IT060F,Gela,A,Annual,POP,Population,PS,Persons,_T,Total,_T,Total,_Z,Not applicable,FUA,FUA,_Z,Not applicable,2021,,76725,,A,Normal value,0,Units,0,Zero
DATAFLOW,OECD.CFE.EDS:DSD_FUA_DEMO@DF_AGE_SEX(1.2),Population by age and sex - Cities and FUAs,I,IT063F,Sassuolo,A,Annual,POP,Population,PS,Persons,_T,Total,_T,Total,_Z,Not applicable,FUA,FUA,_Z,Not applicable,2021,,78785,,A,Normal value,0,Units,0,Zero
DATAFLOW,OECD.CFE.EDS:DSD_FUA_DEMO@DF_AGE_SEX(1.2),Population by age and sex - Cities and FUAs,I,IT064F,Messina,A,Annual,POP,Population,PS,Persons,_T,Total,_T,Total,_Z,Not applicable,FUA,FUA,_Z,Not applicable,2021,,280570,,A,Normal value,0,Units,0,Zero
DATAFLOW,OECD.CFE.EDS:DSD_FUA_DEMO@DF_AGE_SEX(1.2),Population by age and sex - Cities and FUAs,I,IT065F,Prato,A,Annual,POP,Population,PS,Persons,_T,Total,_T,Total,_Z,Not applicable,FUA,FUA,_Z,Not applicable,2021,,294138,,A,Normal value,0,Units,0,Zero
DATAFLOW,OECD.CFE.EDS:DSD_FUA_DEMO@DF_AGE_SEX(1.2),Population by age and sex - Cities and FUAs,I,IT066F,Parma,A,Annual,POP,Population,PS,Persons,_T,Total,_T,Total,_Z,Not applicable,FUA,FUA,_Z,Not applicable,2021,,364440,,A,Normal value,0,Units,0,Zero
DATAFLOW,OECD.CFE.EDS:DSD_FUA_DEMO@DF_AGE_SEX(1.2),Population by age and sex - Cities and FUAs,I,IT067F,Livorno,A,Annual,POP,Population,PS,Persons,_T,Total,_T,Total,_Z,Not applicable,FUA,FUA,_Z,Not applicable,2021,,175398,,A,Normal value,0,Units,0,Zero
DATAFLOW,OECD.CFE.EDS:DSD_FUA_DEMO@DF_AGE_SEX(1.2),Population by age and sex - Cities and FUAs,I,IT068F,Reggio nell'Emilia,A,Annual,POP,Population,PS,Persons,_T,Total,_T,Total,_Z,Not applicable,FUA,FUA,_Z,Not applicable,2021,,294658,,A,Normal value,0,Units,0,Zero
DATAFLOW,OECD.CFE.EDS:DSD_FUA_DEMO@DF_AGE_SEX(1.2),Population by age and sex - Cities and FUAs,I,IT069F,Ravenna,A,Annual,POP,Population,PS,Persons,_T,Total,_T,Total,_Z,Not applicable,FUA,FUA,_Z,Not applicable,2021,,196627,,A,Normal value,0,Units,0,Zero
DATAFLOW,OECD.CFE.EDS:DSD_FUA_DEMO@DF_AGE_SEX(1.2),Population by age and sex - Cities and FUAs,I,IT070F,Ferrara,A,Annual,POP,Population,PS,Persons,_T,Total,_T,Total,_Z,Not applicable,FUA,FUA,_Z,Not applicable,2021,,228825,,A,Normal value,0,Units,0,Zero
DATAFLOW,OECD.CFE.EDS:DSD_FUA_DEMO@DF_AGE_SEX(1.2),Population by age and sex - Cities and FUAs,I,IT071F,Rimini,A,Annual,POP,Population,PS,Persons,_T,Total,_T,Total,_Z,Not applicable,FUA,FUA,_Z,Not applicable,2021,,260630,,A,Normal value,0,Units,0,Zero
DATAFLOW,OECD.CFE.EDS:DSD_FUA_DEMO@DF_AGE_SEX(1.2),Population by age and sex - Cities and FUAs,I,IT072F,Siracusa,A,Annual,POP,Population,PS,Persons,_T,Total,_T,Total,_Z,Not applicable,FUA,FUA,_Z,Not applicable,2021,,228677,,A,Normal value,0,Units,0,Zero
DATAFLOW,OECD.CFE.EDS:DSD_FUA_DEMO@DF_AGE_SEX(1.2),Population by age and sex - Cities and FUAs,I,IT073F,Bergamo,A,Annual,POP,Population,PS,Persons,_T,Total,_T,Total,_Z,Not applicable,FUA,FUA,_Z,Not applicable,2021,,545998,,A,Normal value,0,Units,0,Zero
DATAFLOW,OECD.CFE.EDS:DSD_FUA_DEMO@DF_AGE_SEX(1.2),Population by age and sex - Cities and FUAs,I,IT074F,Forlì,A,Annual,POP,Population,PS,Persons,_T,Total,_T,Total,_Z,Not applicable,FUA,FUA,_Z,Not applicable,2021,,171658,,A,Normal value,0,Units,0,Zero
DATAFLOW,OECD.CFE.EDS:DSD_FUA_DEMO@DF_AGE_SEX(1.2),Population by age and sex - Cities and FUAs,I,IT075F,Latina,A,Annual,POP,Population,PS,Persons,_T,Total,_T,Total,_Z,Not applicable,FUA,FUA,_Z,Not applicable,2021,,203124,,A,Normal value,0,Units,0,Zero
DATAFLOW,OECD.CFE.EDS:DSD_FUA_DEMO@DF_AGE_SEX(1.2),Population by age and sex - Cities and FUAs,I,IT076F,Vicenza,A,Annual,POP,Population,PS,Persons,_T,Total,_T,Total,_Z,Not applicable,FUA,FUA,_Z,Not applicable,2021,,266403,,A,Normal value,0,Units,0,Zero
DATAFLOW,OECD.CFE.EDS:DSD_FUA_DEMO@DF_AGE_SEX(1.2),Population by age and sex - Cities and FUAs,I,IT077F,Terni,A,Annual,POP,Population,PS,Persons,_T,Total,_T,Total,_Z,Not applicable,FUA,FUA,_Z,Not applicable,2021,,168283,,A,Normal value,0,Units,0,Zero
DATAFLOW,OECD.CFE.EDS:DSD_FUA_DEMO@DF_AGE_SEX(1.2),Population by age and sex - Cities and FUAs,I,IT078F,Novara,A,Annual,POP,Population,PS,Persons,_T,Total,_T,Total,_Z,Not applicable,FUA,FUA,_Z,Not applicable,2021,,196916,,A,Normal value,0,Units,0,Zero
DATAFLOW,OECD.CFE.EDS:DSD_FUA_DEMO@DF_AGE_SEX(1.2),Population by age and sex - Cities and FUAs,I,IT079F,Alessandria,A,Annual,POP,Population,PS,Persons,_T,Total,_T,Total,_Z,Not applicable,FUA,FUA,_Z,Not applicable,2021,,134016,,A,Normal value,0,Units,0,Zero
DATAFLOW,OECD.CFE.EDS:DSD_FUA_DEMO@DF_AGE_SEX(1.2),Population by age and sex - Cities and FUAs,I,IT080F,Arezzo,A,Annual,POP,Population,PS,Persons,_T,Total,_T,Total,_Z,Not applicable,FUA,FUA,_Z,Not applicable,2021,,151348,,A,Normal value,0,Units,0,Zero
DATAFLOW,OECD.CFE.EDS:DSD_FUA_DEMO@DF_AGE_SEX(1.2),Population by age and sex - Cities and FUAs,I,IT081F,Grosseto,A,Annual,POP,Population,PS,Persons,_T,Total,_T,Total,_Z,Not applicable,FUA,FUA,_Z,Not applicable,2021,,108499,,A,Normal value,0,Units,0,Zero
DATAFLOW,OECD.CFE.EDS:DSD_FUA_DEMO@DF_AGE_SEX(1.2),Population by age and sex - Cities and FUAs,I,IT082F,Brindisi,A,Annual,POP,Population,PS,Persons,_T,Total,_T,Total,_Z,Not applicable,FUA,FUA,_Z,Not applicable,2021,,172682,,A,Normal value,0,Units,0,Zero
DATAFLOW,OECD.CFE.EDS:DSD_FUA_DEMO@DF_AGE_SEX(1.2),Population by age and sex - Cities and FUAs,I,IT083F,Trapani,A,Annual,POP,Population,PS,Persons,_T,Total,_T,Total,_Z,Not applicable,FUA,FUA,_Z,Not applicable,2021,,114358,,A,Normal value,0,Units,0,Zero
DATAFLOW,OECD.CFE.EDS:DSD_FUA_DEMO@DF_AGE_SEX(1.2),Population by age and sex - Cities and FUAs,I,IT084F,Ragusa,A,Annual,POP,Population,PS,Persons,_T,Total,_T,Total,_Z,Not applicable,FUA,FUA,_Z,Not applicable,2021,,97002,,A,Normal value,0,Units,0,Zero
DATAFLOW,OECD.CFE.EDS:DSD_FUA_DEMO@DF_AGE_SEX(1.2),Population by age and sex - Cities and FUAs,I,IT085F,Andria,A,Annual,POP,Population,PS,Persons,_T,Total,_T,Total,_Z,Not applicable,FUA,FUA,_Z,Not applicable,2021,,97489,,A,Normal value,0,Units,0,Zero
DATAFLOW,OECD.CFE.EDS:DSD_FUA_DEMO@DF_AGE_SEX(1.2),Population by age and sex - Cities and FUAs,I,IT087F,L'Aquila,A,Annual,POP,Population,PS,Persons,_T,Total,_T,Total,_Z,Not applicable,FUA,FUA,_Z,Not applicable,2021,,97435,,A,Normal value,0,Units,0,Zero
DATAFLOW,OECD.CFE.EDS:DSD_FUA_DEMO@DF_AGE_SEX(1.2),Population by age and sex - Cities and FUAs,I,KOR01F,Seoul,A,Annual,POP,Population,PS,Persons,_T,Total,_T,Total,_Z,Not applicable,FUA,FUA,_Z,Not applicable,2021,,24352950,,A,Normal value,0,Units,0,Zero
DATAFLOW,OECD.CFE.EDS:DSD_FUA_DEMO@DF_AGE_SEX(1.2),Population by age and sex - Cities and FUAs,I,KOR02F,Busan,A,Annual,POP,Population,PS,Persons,_T,Total,_T,Total,_Z,Not applicable,FUA,FUA,_Z,Not applicable,2021,,4464838,,A,Normal value,0,Units,0,Zero
DATAFLOW,OECD.CFE.EDS:DSD_FUA_DEMO@DF_AGE_SEX(1.2),Population by age and sex - Cities and FUAs,I,KOR03F,Daegu,A,Annual,POP,Population,PS,Persons,_T,Total,_T,Total,_Z,Not applicable,FUA,FUA,_Z,Not applicable,2021,,2385412,,A,Normal value,0,Units,0,Zero
DATAFLOW,OECD.CFE.EDS:DSD_FUA_DEMO@DF_AGE_SEX(1.2),Population by age and sex - Cities and FUAs,I,KOR04F,Gwangju,A,Annual,POP,Population,PS,Persons,_T,Total,_T,Total,_Z,Not applicable,FUA,FUA,_Z,Not applicable,2021,,1550415,,A,Normal value,0,Units,0,Zero
DATAFLOW,OECD.CFE.EDS:DSD_FUA_DEMO@DF_AGE_SEX(1.2),Population by age and sex - Cities and FUAs,I,KOR05F,Daejeon,A,Annual,POP,Population,PS,Persons,_T,Total,_T,Total,_Z,Not applicable,FUA,FUA,_Z,Not applicable,2021,,1452251,,A,Normal value,0,Units,0,Zero
DATAFLOW,OECD.CFE.EDS:DSD_FUA_DEMO@DF_AGE_SEX(1.2),Population by age and sex - Cities and FUAs,I,KOR06F,Changwon,A,Annual,POP,Population,PS,Persons,_T,Total,_T,Total,_Z,Not applicable,FUA,FUA,_Z,Not applicable,2021,,1095288,,A,Normal value,0,Units,0,Zero
DATAFLOW,OECD.CFE.EDS:DSD_FUA_DEMO@DF_AGE_SEX(1.2),Population by age and sex - Cities and FUAs,I,KOR07F,Ulsan,A,Annual,POP,Population,PS,Persons,_T,Total,_T,Total,_Z,Not applicable,FUA,FUA,_Z,Not applicable,2021,,899533,,A,Normal value,0,Units,0,Zero
DATAFLOW,OECD.CFE.EDS:DSD_FUA_DEMO@DF_AGE_SEX(1.2),Population by age and sex - Cities and FUAs,I,KOR08F,Cheongju,A,Annual,POP,Population,PS,Persons,_T,Total,_T,Total,_Z,Not applicable,FUA,FUA,_Z,Not applicable,2021,,884908,,A,Normal value,0,Units,0,Zero
DATAFLOW,OECD.CFE.EDS:DSD_FUA_DEMO@DF_AGE_SEX(1.2),Population by age and sex - Cities and FUAs,I,KOR09F,Jeonju,A,Annual,POP,Population,PS,Persons,_T,Total,_T,Total,_Z,Not applicable,FUA,FUA,_Z,Not applicable,2021,,748411,,A,Normal value,0,Units,0,Zero
DATAFLOW,OECD.CFE.EDS:DSD_FUA_DEMO@DF_AGE_SEX(1.2),Population by age and sex - Cities and FUAs,I,KOR10F,Cheonan,A,Annual,POP,Population,PS,Persons,_T,Total,_T,Total,_Z,Not applicable,FUA,FUA,_Z,Not applicable,2021,,658486,,A,Normal value,0,Units,0,Zero
DATAFLOW,OECD.CFE.EDS:DSD_FUA_DEMO@DF_AGE_SEX(1.2),Population by age and sex - Cities and FUAs,I,KOR11F,Gyeongsan,A,Annual,POP,Population,PS,Persons,_T,Total,_T,Total,_Z,Not applicable,FUA,FUA,_Z,Not applicable,2021,,268369,,A,Normal value,0,Units,0,Zero
DATAFLOW,OECD.CFE.EDS:DSD_FUA_DEMO@DF_AGE_SEX(1.2),Population by age and sex - Cities and FUAs,I,KOR12F,Pohang,A,Annual,POP,Population,PS,Persons,_T,Total,_T,Total,_Z,Not applicable,FUA,FUA,_Z,Not applicable,2021,,503852,,A,Normal value,0,Units,0,Zero
DATAFLOW,OECD.CFE.EDS:DSD_FUA_DEMO@DF_AGE_SEX(1.2),Population by age and sex - Cities and FUAs,I,KOR13F,Gumi,A,Annual,POP,Population,PS,Persons,_T,Total,_T,Total,_Z,Not applicable,FUA,FUA,_Z,Not applicable,2021,,526403,,A,Normal value,0,Units,0,Zero
DATAFLOW,OECD.CFE.EDS:DSD_FUA_DEMO@DF_AGE_SEX(1.2),Population by age and sex - Cities and FUAs,I,KOR14F,Jeju,A,Annual,POP,Population,PS,Persons,_T,Total,_T,Total,_Z,Not applicable,FUA,FUA,_Z,Not applicable,2021,,493096,,A,Normal value,0,Units,0,Zero
DATAFLOW,OECD.CFE.EDS:DSD_FUA_DEMO@DF_AGE_SEX(1.2),Population by age and sex - Cities and FUAs,I,KOR15F,Jinju,A,Annual,POP,Population,PS,Persons,_T,Total,_T,Total,_Z,Not applicable,FUA,FUA,_Z,Not applicable,2021,,347097,,A,Normal value,0,Units,0,Zero
DATAFLOW,OECD.CFE.EDS:DSD_FUA_DEMO@DF_AGE_SEX(1.2),Population by age and sex - Cities and FUAs,I,KOR16F,Wonju,A,Annual,POP,Population,PS,Persons,_T,Total,_T,Total,_Z,Not applicable,FUA,FUA,_Z,Not applicable,2021,,357757,,A,Normal value,0,Units,0,Zero
DATAFLOW,OECD.CFE.EDS:DSD_FUA_DEMO@DF_AGE_SEX(1.2),Population by age and sex - Cities and FUAs,I,KOR17F,Iksan,A,Annual,POP,Population,PS,Persons,_T,Total,_T,Total,_Z,Not applicable,FUA,FUA,_Z,Not applicable,2021,,278113,,A,Normal value,0,Units,0,Zero
DATAFLOW,OECD.CFE.EDS:DSD_FUA_DEMO@DF_AGE_SEX(1.2),Population by age and sex - Cities and FUAs,I,KOR18F,Chuncheon,A,Annual,POP,Population,PS,Persons,_T,Total,_T,Total,_Z,Not applicable,FUA,FUA,_Z,Not applicable,2021,,284594,,A,Normal value,0,Units,0,Zero
DATAFLOW,OECD.CFE.EDS:DSD_FUA_DEMO@DF_AGE_SEX(1.2),Population by age and sex - Cities and FUAs,I,KOR19F,Gunsan,A,Annual,POP,Population,PS,Persons,_T,Total,_T,Total,_Z,Not applicable,FUA,FUA,_Z,Not applicable,2021,,265304,,A,Normal value,0,Units,0,Zero
DATAFLOW,OECD.CFE.EDS:DSD_FUA_DEMO@DF_AGE_SEX(1.2),Population by age and sex - Cities and FUAs,I,KOR20F,Suncheon,A,Annual,POP,Population,PS,Persons,_T,Total,_T,Total,_Z,Not applicable,FUA,FUA,_Z,Not applicable,2021,,281436,,A,Normal value,0,Units,0,Zero
DATAFLOW,OECD.CFE.EDS:DSD_FUA_DEMO@DF_AGE_SEX(1.2),Population by age and sex - Cities and FUAs,I,KOR21F,Gangneung,A,Annual,POP,Population,PS,Persons,_T,Total,_T,Total,_Z,Not applicable,FUA,FUA,_Z,Not applicable,2021,,212965,,A,Normal value,0,Units,0,Zero
DATAFLOW,OECD.CFE.EDS:DSD_FUA_DEMO@DF_AGE_SEX(1.2),Population by age and sex - Cities and FUAs,I,KOR22F,Naju,A,Annual,POP,Population,PS,Persons,_T,Total,_T,Total,_Z,Not applicable,FUA,FUA,_Z,Not applicable,2021,,116726,,A,Normal value,0,Units,0,Zero
DATAFLOW,OECD.CFE.EDS:DSD_FUA_DEMO@DF_AGE_SEX(1.2),Population by age and sex - Cities and FUAs,I,LT001F,Vilnius,A,Annual,POP,Population,PS,Persons,_T,Total,_T,Total,_Z,Not applicable,FUA,FUA,_Z,Not applicable,2021,,979564,,A,Normal value,0,Units,0,Zero
DATAFLOW,OECD.CFE.EDS:DSD_FUA_DEMO@DF_AGE_SEX(1.2),Population by age and sex - Cities and FUAs,I,LT002F,Kaunas,A,Annual,POP,Population,PS,Persons,_T,Total,_T,Total,_Z,Not applicable,FUA,FUA,_Z,Not applicable,2021,,498923,,A,Normal value,0,Units,0,Zero
DATAFLOW,OECD.CFE.EDS:DSD_FUA_DEMO@DF_AGE_SEX(1.2),Population by age and sex - Cities and FUAs,I,LT003F,Panevėžys,A,Annual,POP,Population,PS,Persons,_T,Total,_T,Total,_Z,Not applicable,FUA,FUA,_Z,Not applicable,2021,,124526,,A,Normal value,0,Units,0,Zero
DATAFLOW,OECD.CFE.EDS:DSD_FUA_DEMO@DF_AGE_SEX(1.2),Population by age and sex - Cities and FUAs,I,LT004F,Alytus,A,Annual,POP,Population,PS,Persons,_T,Total,_T,Total,_Z,Not applicable,FUA,FUA,_Z,Not applicable,2021,,78308,,A,Normal value,0,Units,0,Zero
DATAFLOW,OECD.CFE.EDS:DSD_FUA_DEMO@DF_AGE_SEX(1.2),Population by age and sex - Cities and FUAs,I,LT005F,Klaipėda,A,Annual,POP,Population,PS,Persons,_T,Total,_T,Total,_Z,Not applicable,FUA,FUA,_Z,Not applicable,2021,,246611,,A,Normal value,0,Units,0,Zero
DATAFLOW,OECD.CFE.EDS:DSD_FUA_DEMO@DF_AGE_SEX(1.2),Population by age and sex - Cities and FUAs,I,LT006F,Šiauliai,A,Annual,POP,Population,PS,Persons,_T,Total,_T,Total,_Z,Not applicable,FUA,FUA,_Z,Not applicable,2021,,141570,,A,Normal value,0,Units,0,Zero
DATAFLOW,OECD.CFE.EDS:DSD_FUA_DEMO@DF_AGE_SEX(1.2),Population by age and sex - Cities and FUAs,I,LU001F,Luxembourg,A,Annual,POP,Population,PS,Persons,_T,Total,_T,Total,_Z,Not applicable,FUA,FUA,_Z,Not applicable,2021,,592889,,A,Normal value,0,Units,0,Zero
DATAFLOW,OECD.CFE.EDS:DSD_FUA_DEMO@DF_AGE_SEX(1.2),Population by age and sex - Cities and FUAs,I,LV001F,Rīga,A,Annual,POP,Population,PS,Persons,_T,Total,_T,Total,_Z,Not applicable,FUA,FUA,_Z,Not applicable,2021,,1152027,,A,Normal value,0,Units,0,Zero
DATAFLOW,OECD.CFE.EDS:DSD_FUA_DEMO@DF_AGE_SEX(1.2),Population by age and sex - Cities and FUAs,I,LV002F,Liepāja,A,Annual,POP,Population,PS,Persons,_T,Total,_T,Total,_Z,Not applicable,FUA,FUA,_Z,Not applicable,2021,,101328,,A,Normal value,0,Units,0,Zero
DATAFLOW,OECD.CFE.EDS:DSD_FUA_DEMO@DF_AGE_SEX(1.2),Population by age and sex - Cities and FUAs,I,LV004F,Daugavpils,A,Annual,POP,Population,PS,Persons,_T,Total,_T,Total,_Z,Not applicable,FUA,FUA,_Z,Not applicable,2021,,106554,,A,Normal value,0,Units,0,Zero
DATAFLOW,OECD.CFE.EDS:DSD_FUA_DEMO@DF_AGE_SEX(1.2),Population by age and sex - Cities and FUAs,I,NL001F,Amsterdam,A,Annual,POP,Population,PS,Persons,_T,Total,_T,Total,_Z,Not applicable,FUA,FUA,_Z,Not applicable,2021,,2865869,,A,Normal value,0,Units,0,Zero
DATAFLOW,OECD.CFE.EDS:DSD_FUA_DEMO@DF_AGE_SEX(1.2),Population by age and sex - Cities and FUAs,I,NL002F,Alkmaar,A,Annual,POP,Population,PS,Persons,_T,Total,_T,Total,_Z,Not applicable,FUA,FUA,_Z,Not applicable,2021,,272865,,A,Normal value,0,Units,0,Zero
DATAFLOW,OECD.CFE.EDS:DSD_FUA_DEMO@DF_AGE_SEX(1.2),Population by age and sex - Cities and FUAs,I,NL003F,Almelo,A,Annual,POP,Population,PS,Persons,_T,Total,_T,Total,_Z,Not applicable,FUA,FUA,_Z,Not applicable,2021,,152684,,A,Normal value,0,Units,0,Zero
DATAFLOW,OECD.CFE.EDS:DSD_FUA_DEMO@DF_AGE_SEX(1.2),Population by age and sex - Cities and FUAs,I,NL005F,Alphen aan den Rijn,A,Annual,POP,Population,PS,Persons,_T,Total,_T,Total,_Z,Not applicable,FUA,FUA,_Z,Not applicable,2021,,112587,,A,Normal value,0,Units,0,Zero
DATAFLOW,OECD.CFE.EDS:DSD_FUA_DEMO@DF_AGE_SEX(1.2),Population by age and sex - Cities and FUAs,I,NL006F,Amersfoort,A,Annual,POP,Population,PS,Persons,_T,Total,_T,Total,_Z,Not applicable,FUA,FUA,_Z,Not applicable,2021,,231606,,A,Normal value,0,Units,0,Zero
DATAFLOW,OECD.CFE.EDS:DSD_FUA_DEMO@DF_AGE_SEX(1.2),Population by age and sex - Cities and FUAs,I,NL007F,Apeldoorn,A,Annual,POP,Population,PS,Persons,_T,Total,_T,Total,_Z,Not applicable,FUA,FUA,_Z,Not applicable,2021,,243653,,A,Normal value,0,Units,0,Zero
DATAFLOW,OECD.CFE.EDS:DSD_FUA_DEMO@DF_AGE_SEX(1.2),Population by age and sex - Cities and FUAs,I,NL008F,Arnhem,A,Annual,POP,Population,PS,Persons,_T,Total,_T,Total,_Z,Not applicable,FUA,FUA,_Z,Not applicable,2021,,418304,,A,Normal value,0,Units,0,Zero
DATAFLOW,OECD.CFE.EDS:DSD_FUA_DEMO@DF_AGE_SEX(1.2),Population by age and sex - Cities and FUAs,I,NL010F,Bergen op Zoom,A,Annual,POP,Population,PS,Persons,_T,Total,_T,Total,_Z,Not applicable,FUA,FUA,_Z,Not applicable,2021,,139937,,A,Normal value,0,Units,0,Zero
DATAFLOW,OECD.CFE.EDS:DSD_FUA_DEMO@DF_AGE_SEX(1.2),Population by age and sex - Cities and FUAs,I,NL011F,Breda,A,Annual,POP,Population,PS,Persons,_T,Total,_T,Total,_Z,Not applicable,FUA,FUA,_Z,Not applicable,2021,,350786,,A,Normal value,0,Units,0,Zero
DATAFLOW,OECD.CFE.EDS:DSD_FUA_DEMO@DF_AGE_SEX(1.2),Population by age and sex - Cities and FUAs,I,NL012F,Deventer,A,Annual,POP,Population,PS,Persons,_T,Total,_T,Total,_Z,Not applicable,FUA,FUA,_Z,Not applicable,2021,,119597,,A,Normal value,0,Units,0,Zero
DATAFLOW,OECD.CFE.EDS:DSD_FUA_DEMO@DF_AGE_SEX(1.2),Population by age and sex - Cities and FUAs,I,NL013F,Ede,A,Annual,POP,Population,PS,Persons,_T,Total,_T,Total,_Z,Not applicable,FUA,FUA,_Z,Not applicable,2021,,124086,,A,Normal value,0,Units,0,Zero
DATAFLOW,OECD.CFE.EDS:DSD_FUA_DEMO@DF_AGE_SEX(1.2),Population by age and sex - Cities and FUAs,I,NL014F,Eindhoven,A,Annual,POP,Population,PS,Persons,_T,Total,_T,Total,_Z,Not applicable,FUA,FUA,_Z,Not applicable,2021,,821274,,A,Normal value,0,Units,0,Zero
DATAFLOW,OECD.CFE.EDS:DSD_FUA_DEMO@DF_AGE_SEX(1.2),Population by age and sex - Cities and FUAs,I,NL015F,Enschede,A,Annual,POP,Population,PS,Persons,_T,Total,_T,Total,_Z,Not applicable,FUA,FUA,_Z,Not applicable,2021,,404913,,A,Normal value,0,Units,0,Zero
DATAFLOW,OECD.CFE.EDS:DSD_FUA_DEMO@DF_AGE_SEX(1.2),Population by age and sex - Cities and FUAs,I,NL016F,Gouda,A,Annual,POP,Population,PS,Persons,_T,Total,_T,Total,_Z,Not applicable,FUA,FUA,_Z,Not applicable,2021,,73681,,A,Normal value,0,Units,0,Zero
DATAFLOW,OECD.CFE.EDS:DSD_FUA_DEMO@DF_AGE_SEX(1.2),Population by age and sex - Cities and FUAs,I,NL017F,s-Gravenhage,A,Annual,POP,Population,PS,Persons,_T,Total,_T,Total,_Z,Not applicable,FUA,FUA,_Z,Not applicable,2021,,1185603,,A,Normal value,0,Units,0,Zero
DATAFLOW,OECD.CFE.EDS:DSD_FUA_DEMO@DF_AGE_SEX(1.2),Population by age and sex - Cities and FUAs,I,NL018F,Groningen,A,Annual,POP,Population,PS,Persons,_T,Total,_T,Total,_Z,Not applicable,FUA,FUA,_Z,Not applicable,2021,,709600,,A,Normal value,0,Units,0,Zero
DATAFLOW,OECD.CFE.EDS:DSD_FUA_DEMO@DF_AGE_SEX(1.2),Population by age and sex - Cities and FUAs,I,NL022F,Heerlen,A,Annual,POP,Population,PS,Persons,_T,Total,_T,Total,_Z,Not applicable,FUA,FUA,_Z,Not applicable,2021,,256318,,A,Normal value,0,Units,0,Zero
DATAFLOW,OECD.CFE.EDS:DSD_FUA_DEMO@DF_AGE_SEX(1.2),Population by age and sex - Cities and FUAs,I,NL025F,s-Hertogenbosch,A,Annual,POP,Population,PS,Persons,_T,Total,_T,Total,_Z,Not applicable,FUA,FUA,_Z,Not applicable,2021,,287114,,A,Normal value,0,Units,0,Zero
DATAFLOW,OECD.CFE.EDS:DSD_FUA_DEMO@DF_AGE_SEX(1.2),Population by age and sex - Cities and FUAs,I,NL028F,Leeuwarden,A,Annual,POP,Population,PS,Persons,_T,Total,_T,Total,_Z,Not applicable,FUA,FUA,_Z,Not applicable,2021,,282921,,A,Normal value,0,Units,0,Zero
DATAFLOW,OECD.CFE.EDS:DSD_FUA_DEMO@DF_AGE_SEX(1.2),Population by age and sex - Cities and FUAs,I,NL029F,Leiden,A,Annual,POP,Population,PS,Persons,_T,Total,_T,Total,_Z,Not applicable,FUA,FUA,_Z,Not applicable,2021,,358875,,A,Normal value,0,Units,0,Zero
DATAFLOW,OECD.CFE.EDS:DSD_FUA_DEMO@DF_AGE_SEX(1.2),Population by age and sex - Cities and FUAs,I,NL030F,Lelystad,A,Annual,POP,Population,PS,Persons,_T,Total,_T,Total,_Z,Not applicable,FUA,FUA,_Z,Not applicable,2021,,121822,,A,Normal value,0,Units,0,Zero
DATAFLOW,OECD.CFE.EDS:DSD_FUA_DEMO@DF_AGE_SEX(1.2),Population by age and sex - Cities and FUAs,I,NL031F,Maastricht,A,Annual,POP,Population,PS,Persons,_T,Total,_T,Total,_Z,Not applicable,FUA,FUA,_Z,Not applicable,2021,,195172,,A,Normal value,0,Units,0,Zero
DATAFLOW,OECD.CFE.EDS:DSD_FUA_DEMO@DF_AGE_SEX(1.2),Population by age and sex - Cities and FUAs,I,NL033F,Nijmegen,A,Annual,POP,Population,PS,Persons,_T,Total,_T,Total,_Z,Not applicable,FUA,FUA,_Z,Not applicable,2021,,323256,,A,Normal value,0,Units,0,Zero
DATAFLOW,OECD.CFE.EDS:DSD_FUA_DEMO@DF_AGE_SEX(1.2),Population by age and sex - Cities and FUAs,I,NL035F,Oss,A,Annual,POP,Population,PS,Persons,_T,Total,_T,Total,_Z,Not applicable,FUA,FUA,_Z,Not applicable,2021,,123981,,A,Normal value,0,Units,0,Zero
DATAFLOW,OECD.CFE.EDS:DSD_FUA_DEMO@DF_AGE_SEX(1.2),Population by age and sex - Cities and FUAs,I,NL037F,Rotterdam,A,Annual,POP,Population,PS,Persons,_T,Total,_T,Total,_Z,Not applicable,FUA,FUA,_Z,Not applicable,2021,,1827451,,A,Normal value,0,Units,0,Zero
DATAFLOW,OECD.CFE.EDS:DSD_FUA_DEMO@DF_AGE_SEX(1.2),Population by age and sex - Cities and FUAs,I,NL038F,Roosendaal,A,Annual,POP,Population,PS,Persons,_T,Total,_T,Total,_Z,Not applicable,FUA,FUA,_Z,Not applicable,2021,,130710,,A,Normal value,0,Units,0,Zero
DATAFLOW,OECD.CFE.EDS:DSD_FUA_DEMO@DF_AGE_SEX(1.2),Population by age and sex - Cities and FUAs,I,NL039F,Sittard-Geleen,A,Annual,POP,Population,PS,Persons,_T,Total,_T,Total,_Z,Not applicable,FUA,FUA,_Z,Not applicable,2021,,164244,,A,Normal value,0,Units,0,Zero
DATAFLOW,OECD.CFE.EDS:DSD_FUA_DEMO@DF_AGE_SEX(1.2),Population by age and sex - Cities and FUAs,I,NL040F,Soest,A,Annual,POP,Population,PS,Persons,_T,Total,_T,Total,_Z,Not applicable,FUA,FUA,_Z,Not applicable,2021,,71698,,A,Normal value,0,Units,0,Zero
DATAFLOW,OECD.CFE.EDS:DSD_FUA_DEMO@DF_AGE_SEX(1.2),Population by age and sex - Cities and FUAs,I,NL041F,Tilburg,A,Annual,POP,Population,PS,Persons,_T,Total,_T,Total,_Z,Not applicable,FUA,FUA,_Z,Not applicable,2021,,419380,,A,Normal value,0,Units,0,Zero
DATAFLOW,OECD.CFE.EDS:DSD_FUA_DEMO@DF_AGE_SEX(1.2),Population by age and sex - Cities and FUAs,I,NL042F,Utrecht,A,Annual,POP,Population,PS,Persons,_T,Total,_T,Total,_Z,Not applicable,FUA,FUA,_Z,Not applicable,2021,,938021,,A,Normal value,0,Units,0,Zero
DATAFLOW,OECD.CFE.EDS:DSD_FUA_DEMO@DF_AGE_SEX(1.2),Population by age and sex - Cities and FUAs,I,NL043F,Veenendaal,A,Annual,POP,Population,PS,Persons,_T,Total,_T,Total,_Z,Not applicable,FUA,FUA,_Z,Not applicable,2021,,87115,,A,Normal value,0,Units,0,Zero
DATAFLOW,OECD.CFE.EDS:DSD_FUA_DEMO@DF_AGE_SEX(1.2),Population by age and sex - Cities and FUAs,I,NL044F,Venlo,A,Annual,POP,Population,PS,Persons,_T,Total,_T,Total,_Z,Not applicable,FUA,FUA,_Z,Not applicable,2021,,201585,,A,Normal value,0,Units,0,Zero
DATAFLOW,OECD.CFE.EDS:DSD_FUA_DEMO@DF_AGE_SEX(1.2),Population by age and sex - Cities and FUAs,I,NL047F,Zwolle,A,Annual,POP,Population,PS,Persons,_T,Total,_T,Total,_Z,Not applicable,FUA,FUA,_Z,Not applicable,2021,,398110,,A,Normal value,0,Units,0,Zero
DATAFLOW,OECD.CFE.EDS:DSD_FUA_DEMO@DF_AGE_SEX(1.2),Population by age and sex - Cities and FUAs,I,NO001F,Oslo,A,Annual,POP,Population,PS,Persons,_T,Total,_T,Total,_Z,Not applicable,FUA,FUA,_Z,Not applicable,2021,,1455520,,A,Normal value,0,Units,0,Zero
DATAFLOW,OECD.CFE.EDS:DSD_FUA_DEMO@DF_AGE_SEX(1.2),Population by age and sex - Cities and FUAs,I,NO002F,Bergen,A,Annual,POP,Population,PS,Persons,_T,Total,_T,Total,_Z,Not applicable,FUA,FUA,_Z,Not applicable,2021,,407209,,A,Normal value,0,Units,0,Zero
DATAFLOW,OECD.CFE.EDS:DSD_FUA_DEMO@DF_AGE_SEX(1.2),Population by age and sex - Cities and FUAs,I,NO003F,Trondheim,A,Annual,POP,Population,PS,Persons,_T,Total,_T,Total,_Z,Not applicable,FUA,FUA,_Z,Not applicable,2021,,269566,,A,Normal value,0,Units,0,Zero
DATAFLOW,OECD.CFE.EDS:DSD_FUA_DEMO@DF_AGE_SEX(1.2),Population by age and sex - Cities and FUAs,I,NO004F,Stavanger,A,Annual,POP,Population,PS,Persons,_T,Total,_T,Total,_Z,Not applicable,FUA,FUA,_Z,Not applicable,2021,,294282,,A,Normal value,0,Units,0,Zero
DATAFLOW,OECD.CFE.EDS:DSD_FUA_DEMO@DF_AGE_SEX(1.2),Population by age and sex - Cities and FUAs,I,NZL01F,Auckland,A,Annual,POP,Population,PS,Persons,_T,Total,_T,Total,_Z,Not applicable,FUA,FUA,_Z,Not applicable,2021,,1678760,,A,Normal value,0,Units,0,Zero
DATAFLOW,OECD.CFE.EDS:DSD_FUA_DEMO@DF_AGE_SEX(1.2),Population by age and sex - Cities and FUAs,I,NZL02F,Christchurch,A,Annual,POP,Population,PS,Persons,_T,Total,_T,Total,_Z,Not applicable,FUA,FUA,_Z,Not applicable,2021,,516990,,A,Normal value,0,Units,0,Zero
DATAFLOW,OECD.CFE.EDS:DSD_FUA_DEMO@DF_AGE_SEX(1.2),Population by age and sex - Cities and FUAs,I,NZL03F,Wellington,A,Annual,POP,Population,PS,Persons,_T,Total,_T,Total,_Z,Not applicable,FUA,FUA,_Z,Not applicable,2021,,438520,,A,Normal value,0,Units,0,Zero
DATAFLOW,OECD.CFE.EDS:DSD_FUA_DEMO@DF_AGE_SEX(1.2),Population by age and sex - Cities and FUAs,I,NZL04F,Hamilton,A,Annual,POP,Population,PS,Persons,_T,Total,_T,Total,_Z,Not applicable,FUA,FUA,_Z,Not applicable,2021,,217930,,A,Normal value,0,Units,0,Zero
DATAFLOW,OECD.CFE.EDS:DSD_FUA_DEMO@DF_AGE_SEX(1.2),Population by age and sex - Cities and FUAs,I,NZL05F,Tauranga,A,Annual,POP,Population,PS,Persons,_T,Total,_T,Total,_Z,Not applicable,FUA,FUA,_Z,Not applicable,2021,,175650,,A,Normal value,0,Units,0,Zero
DATAFLOW,OECD.CFE.EDS:DSD_FUA_DEMO@DF_AGE_SEX(1.2),Population by age and sex - Cities and FUAs,I,NZL06F,Dunedin,A,Annual,POP,Population,PS,Persons,_T,Total,_T,Total,_Z,Not applicable,FUA,FUA,_Z,Not applicable,2021,,131510,,A,Normal value,0,Units,0,Zero
DATAFLOW,OECD.CFE.EDS:DSD_FUA_DEMO@DF_AGE_SEX(1.2),Population by age and sex - Cities and FUAs,I,NZL07F,Palmerston North,A,Annual,POP,Population,PS,Persons,_T,Total,_T,Total,_Z,Not applicable,FUA,FUA,_Z,Not applicable,2021,,97000,,A,Normal value,0,Units,0,Zero
DATAFLOW,OECD.CFE.EDS:DSD_FUA_DEMO@DF_AGE_SEX(1.2),Population by age and sex - Cities and FUAs,I,NZL08F,New Plymouth,A,Annual,POP,Population,PS,Persons,_T,Total,_T,Total,_Z,Not applicable,FUA,FUA,_Z,Not applicable,2021,,85850,,A,Normal value,0,Units,0,Zero
DATAFLOW,OECD.CFE.EDS:DSD_FUA_DEMO@DF_AGE_SEX(1.2),Population by age and sex - Cities and FUAs,I,NZL09F,Nelson,A,Annual,POP,Population,PS,Persons,_T,Total,_T,Total,_Z,Not applicable,FUA,FUA,_Z,Not applicable,2021,,87040,,A,Normal value,0,Units,0,Zero
DATAFLOW,OECD.CFE.EDS:DSD_FUA_DEMO@DF_AGE_SEX(1.2),Population by age and sex - Cities and FUAs,I,NZL10F,Whangārei,A,Annual,POP,Population,PS,Persons,_T,Total,_T,Total,_Z,Not applicable,FUA,FUA,_Z,Not applicable,2021,,92620,,A,Normal value,0,Units,0,Zero
DATAFLOW,OECD.CFE.EDS:DSD_FUA_DEMO@DF_AGE_SEX(1.2),Population by age and sex - Cities and FUAs,I,NZL11F,Hastings,A,Annual,POP,Population,PS,Persons,_T,Total,_T,Total,_Z,Not applicable,FUA,FUA,_Z,Not applicable,2021,,82040,,A,Normal value,0,Units,0,Zero
DATAFLOW,OECD.CFE.EDS:DSD_FUA_DEMO@DF_AGE_SEX(1.2),Population by age and sex - Cities and FUAs,I,NZL12F,Rotorua,A,Annual,POP,Population,PS,Persons,_T,Total,_T,Total,_Z,Not applicable,FUA,FUA,_Z,Not applicable,2021,,70460,,A,Normal value,0,Units,0,Zero
DATAFLOW,OECD.CFE.EDS:DSD_FUA_DEMO@DF_AGE_SEX(1.2),Population by age and sex - Cities and FUAs,I,NZL13F,Napier,A,Annual,POP,Population,PS,Persons,_T,Total,_T,Total,_Z,Not applicable,FUA,FUA,_Z,Not applicable,2021,,68800,,A,Normal value,0,Units,0,Zero
DATAFLOW,OECD.CFE.EDS:DSD_FUA_DEMO@DF_AGE_SEX(1.2),Population by age and sex - Cities and FUAs,I,NZL14F,Invercargill,A,Annual,POP,Population,PS,Persons,_T,Total,_T,Total,_Z,Not applicable,FUA,FUA,_Z,Not applicable,2021,,56960,,A,Normal value,0,Units,0,Zero
DATAFLOW,OECD.CFE.EDS:DSD_FUA_DEMO@DF_AGE_SEX(1.2),Population by age and sex - Cities and FUAs,I,PL001F,Warszawa,A,Annual,POP,Population,PS,Persons,_T,Total,_T,Total,_Z,Not applicable,FUA,FUA,_Z,Not applicable,2021,,3493258,,A,Normal value,0,Units,0,Zero
DATAFLOW,OECD.CFE.EDS:DSD_FUA_DEMO@DF_AGE_SEX(1.2),Population by age and sex - Cities and FUAs,I,PL002F,Łódź,A,Annual,POP,Population,PS,Persons,_T,Total,_T,Total,_Z,Not applicable,FUA,FUA,_Z,Not applicable,2021,,1047643,,A,Normal value,0,Units,0,Zero
DATAFLOW,OECD.CFE.EDS:DSD_FUA_DEMO@DF_AGE_SEX(1.2),Population by age and sex - Cities and FUAs,I,PL003F,Kraków,A,Annual,POP,Population,PS,Persons,_T,Total,_T,Total,_Z,Not applicable,FUA,FUA,_Z,Not applicable,2021,,1438993,,A,Normal value,0,Units,0,Zero
DATAFLOW,OECD.CFE.EDS:DSD_FUA_DEMO@DF_AGE_SEX(1.2),Population by age and sex - Cities and FUAs,I,PL004F,Wrocław,A,Annual,POP,Population,PS,Persons,_T,Total,_T,Total,_Z,Not applicable,FUA,FUA,_Z,Not applicable,2021,,1023783,,A,Normal value,0,Units,0,Zero
DATAFLOW,OECD.CFE.EDS:DSD_FUA_DEMO@DF_AGE_SEX(1.2),Population by age and sex - Cities and FUAs,I,PL005F,Poznań,A,Annual,POP,Population,PS,Persons,_T,Total,_T,Total,_Z,Not applicable,FUA,FUA,_Z,Not applicable,2021,,983588,,A,Normal value,0,Units,0,Zero
DATAFLOW,OECD.CFE.EDS:DSD_FUA_DEMO@DF_AGE_SEX(1.2),Population by age and sex - Cities and FUAs,I,PL006F,Gdańsk,A,Annual,POP,Population,PS,Persons,_T,Total,_T,Total,_Z,Not applicable,FUA,FUA,_Z,Not applicable,2021,,708252,,A,Normal value,0,Units,0,Zero
DATAFLOW,OECD.CFE.EDS:DSD_FUA_DEMO@DF_AGE_SEX(1.2),Population by age and sex - Cities and FUAs,I,PL007F,Szczecin,A,Annual,POP,Population,PS,Persons,_T,Total,_T,Total,_Z,Not applicable,FUA,FUA,_Z,Not applicable,2021,,520309,,A,Normal value,0,Units,0,Zero
DATAFLOW,OECD.CFE.EDS:DSD_FUA_DEMO@DF_AGE_SEX(1.2),Population by age and sex - Cities and FUAs,I,PL008F,Bydgoszcz,A,Annual,POP,Population,PS,Persons,_T,Total,_T,Total,_Z,Not applicable,FUA,FUA,_Z,Not applicable,2021,,551952,,A,Normal value,0,Units,0,Zero
DATAFLOW,OECD.CFE.EDS:DSD_FUA_DEMO@DF_AGE_SEX(1.2),Population by age and sex - Cities and FUAs,I,PL009F,Lublin,A,Annual,POP,Population,PS,Persons,_T,Total,_T,Total,_Z,Not applicable,FUA,FUA,_Z,Not applicable,2021,,682073,,A,Normal value,0,Units,0,Zero
DATAFLOW,OECD.CFE.EDS:DSD_FUA_DEMO@DF_AGE_SEX(1.2),Population by age and sex - Cities and FUAs,I,PL010F,Katowice,A,Annual,POP,Population,PS,Persons,_T,Total,_T,Total,_Z,Not applicable,FUA,FUA,_Z,Not applicable,2021,,1298361,,A,Normal value,0,Units,0,Zero
DATAFLOW,OECD.CFE.EDS:DSD_FUA_DEMO@DF_AGE_SEX(1.2),Population by age and sex - Cities and FUAs,I,PL011F,Białystok,A,Annual,POP,Population,PS,Persons,_T,Total,_T,Total,_Z,Not applicable,FUA,FUA,_Z,Not applicable,2021,,469409,,A,Normal value,0,Units,0,Zero
DATAFLOW,OECD.CFE.EDS:DSD_FUA_DEMO@DF_AGE_SEX(1.2),Population by age and sex - Cities and FUAs,I,PL012F,Kielce,A,Annual,POP,Population,PS,Persons,_T,Total,_T,Total,_Z,Not applicable,FUA,FUA,_Z,Not applicable,2021,,398556,,A,Normal value,0,Units,0,Zero
DATAFLOW,OECD.CFE.EDS:DSD_FUA_DEMO@DF_AGE_SEX(1.2),Population by age and sex - Cities and FUAs,I,PL013F,Toruń,A,Annual,POP,Population,PS,Persons,_T,Total,_T,Total,_Z,Not applicable,FUA,FUA,_Z,Not applicable,2021,,324768,,A,Normal value,0,Units,0,Zero
DATAFLOW,OECD.CFE.EDS:DSD_FUA_DEMO@DF_AGE_SEX(1.2),Population by age and sex - Cities and FUAs,I,PL014F,Olsztyn,A,Annual,POP,Population,PS,Persons,_T,Total,_T,Total,_Z,Not applicable,FUA,FUA,_Z,Not applicable,2021,,269206,,A,Normal value,0,Units,0,Zero
DATAFLOW,OECD.CFE.EDS:DSD_FUA_DEMO@DF_AGE_SEX(1.2),Population by age and sex - Cities and FUAs,I,PL015F,Rzeszów,A,Annual,POP,Population,PS,Persons,_T,Total,_T,Total,_Z,Not applicable,FUA,FUA,_Z,Not applicable,2021,,479056,,A,Normal value,0,Units,0,Zero
DATAFLOW,OECD.CFE.EDS:DSD_FUA_DEMO@DF_AGE_SEX(1.2),Population by age and sex - Cities and FUAs,I,PL016F,Opole,A,Annual,POP,Population,PS,Persons,_T,Total,_T,Total,_Z,Not applicable,FUA,FUA,_Z,Not applicable,2021,,265216,,A,Normal value,0,Units,0,Zero
DATAFLOW,OECD.CFE.EDS:DSD_FUA_DEMO@DF_AGE_SEX(1.2),Population by age and sex - Cities and FUAs,I,PL017F,Gorzów Wielkopolski,A,Annual,POP,Population,PS,Persons,_T,Total,_T,Total,_Z,Not applicable,FUA,FUA,_Z,Not applicable,2021,,165018,,A,Normal value,0,Units,0,Zero
DATAFLOW,OECD.CFE.EDS:DSD_FUA_DEMO@DF_AGE_SEX(1.2),Population by age and sex - Cities and FUAs,I,PL018F,Zielona Góra,A,Annual,POP,Population,PS,Persons,_T,Total,_T,Total,_Z,Not applicable,FUA,FUA,_Z,Not applicable,2021,,184158,,A,Normal value,0,Units,0,Zero
DATAFLOW,OECD.CFE.EDS:DSD_FUA_DEMO@DF_AGE_SEX(1.2),Population by age and sex - Cities and FUAs,I,PL019F,Jelenia Góra,A,Annual,POP,Population,PS,Persons,_T,Total,_T,Total,_Z,Not applicable,FUA,FUA,_Z,Not applicable,2021,,125145,,A,Normal value,0,Units,0,Zero
DATAFLOW,OECD.CFE.EDS:DSD_FUA_DEMO@DF_AGE_SEX(1.2),Population by age and sex - Cities and FUAs,I,PL020F,Nowy Sącz,A,Annual,POP,Population,PS,Persons,_T,Total,_T,Total,_Z,Not applicable,FUA,FUA,_Z,Not applicable,2021,,262474,,A,Normal value,0,Units,0,Zero
DATAFLOW,OECD.CFE.EDS:DSD_FUA_DEMO@DF_AGE_SEX(1.2),Population by age and sex - Cities and FUAs,I,PL021F,Suwałki,A,Annual,POP,Population,PS,Persons,_T,Total,_T,Total,_Z,Not applicable,FUA,FUA,_Z,Not applicable,2021,,114198,,A,Normal value,0,Units,0,Zero
DATAFLOW,OECD.CFE.EDS:DSD_FUA_DEMO@DF_AGE_SEX(1.2),Population by age and sex - Cities and FUAs,I,PL022F,Konin,A,Annual,POP,Population,PS,Persons,_T,Total,_T,Total,_Z,Not applicable,FUA,FUA,_Z,Not applicable,2021,,154406,,A,Normal value,0,Units,0,Zero
DATAFLOW,OECD.CFE.EDS:DSD_FUA_DEMO@DF_AGE_SEX(1.2),Population by age and sex - Cities and FUAs,I,PL024F,Częstochowa,A,Annual,POP,Population,PS,Persons,_T,Total,_T,Total,_Z,Not applicable,FUA,FUA,_Z,Not applicable,2021,,389963,,A,Normal value,0,Units,0,Zero
DATAFLOW,OECD.CFE.EDS:DSD_FUA_DEMO@DF_AGE_SEX(1.2),Population by age and sex - Cities and FUAs,I,PL025F,Radom,A,Annual,POP,Population,PS,Persons,_T,Total,_T,Total,_Z,Not applicable,FUA,FUA,_Z,Not applicable,2021,,326383,,A,Normal value,0,Units,0,Zero
DATAFLOW,OECD.CFE.EDS:DSD_FUA_DEMO@DF_AGE_SEX(1.2),Population by age and sex - Cities and FUAs,I,PL026F,Płock,A,Annual,POP,Population,PS,Persons,_T,Total,_T,Total,_Z,Not applicable,FUA,FUA,_Z,Not applicable,2021,,222352,,A,Normal value,0,Units,0,Zero
DATAFLOW,OECD.CFE.EDS:DSD_FUA_DEMO@DF_AGE_SEX(1.2),Population by age and sex - Cities and FUAs,I,PL027F,Kalisz,A,Annual,POP,Population,PS,Persons,_T,Total,_T,Total,_Z,Not applicable,FUA,FUA,_Z,Not applicable,2021,,204788,,A,Normal value,0,Units,0,Zero
DATAFLOW,OECD.CFE.EDS:DSD_FUA_DEMO@DF_AGE_SEX(1.2),Population by age and sex - Cities and FUAs,I,PL028F,Koszalin,A,Annual,POP,Population,PS,Persons,_T,Total,_T,Total,_Z,Not applicable,FUA,FUA,_Z,Not applicable,2021,,177329,,A,Normal value,0,Units,0,Zero
DATAFLOW,OECD.CFE.EDS:DSD_FUA_DEMO@DF_AGE_SEX(1.2),Population by age and sex - Cities and FUAs,I,PL029F,Słupsk,A,Annual,POP,Population,PS,Persons,_T,Total,_T,Total,_Z,Not applicable,FUA,FUA,_Z,Not applicable,2021,,186988,,A,Normal value,0,Units,0,Zero
DATAFLOW,OECD.CFE.EDS:DSD_FUA_DEMO@DF_AGE_SEX(1.2),Population by age and sex - Cities and FUAs,I,PL030F,Jastrzębie-Zdrój,A,Annual,POP,Population,PS,Persons,_T,Total,_T,Total,_Z,Not applicable,FUA,FUA,_Z,Not applicable,2021,,135752,,A,Normal value,0,Units,0,Zero
DATAFLOW,OECD.CFE.EDS:DSD_FUA_DEMO@DF_AGE_SEX(1.2),Population by age and sex - Cities and FUAs,I,PL031F,Siedlce,A,Annual,POP,Population,PS,Persons,_T,Total,_T,Total,_Z,Not applicable,FUA,FUA,_Z,Not applicable,2021,,148297,,A,Normal value,0,Units,0,Zero
DATAFLOW,OECD.CFE.EDS:DSD_FUA_DEMO@DF_AGE_SEX(1.2),Population by age and sex - Cities and FUAs,I,PL032F,Piotrków Trybunalski,A,Annual,POP,Population,PS,Persons,_T,Total,_T,Total,_Z,Not applicable,FUA,FUA,_Z,Not applicable,2021,,146902,,A,Normal value,0,Units,0,Zero
DATAFLOW,OECD.CFE.EDS:DSD_FUA_DEMO@DF_AGE_SEX(1.2),Population by age and sex - Cities and FUAs,I,PL033F,Lubin,A,Annual,POP,Population,PS,Persons,_T,Total,_T,Total,_Z,Not applicable,FUA,FUA,_Z,Not applicable,2021,,116430,,A,Normal value,0,Units,0,Zero
DATAFLOW,OECD.CFE.EDS:DSD_FUA_DEMO@DF_AGE_SEX(1.2),Population by age and sex - Cities and FUAs,I,PL034F,Piła,A,Annual,POP,Population,PS,Persons,_T,Total,_T,Total,_Z,Not applicable,FUA,FUA,_Z,Not applicable,2021,,110797,,A,Normal value,0,Units,0,Zero
DATAFLOW,OECD.CFE.EDS:DSD_FUA_DEMO@DF_AGE_SEX(1.2),Population by age and sex - Cities and FUAs,I,PL035F,Inowrocław,A,Annual,POP,Population,PS,Persons,_T,Total,_T,Total,_Z,Not applicable,FUA,FUA,_Z,Not applicable,2021,,117783,,A,Normal value,0,Units,0,Zero
DATAFLOW,OECD.CFE.EDS:DSD_FUA_DEMO@DF_AGE_SEX(1.2),Population by age and sex - Cities and FUAs,I,PL037F,Gniezno,A,Annual,POP,Population,PS,Persons,_T,Total,_T,Total,_Z,Not applicable,FUA,FUA,_Z,Not applicable,2021,,102885,,A,Normal value,0,Units,0,Zero
DATAFLOW,OECD.CFE.EDS:DSD_FUA_DEMO@DF_AGE_SEX(1.2),Population by age and sex - Cities and FUAs,I,PL038F,Stargard,A,Annual,POP,Population,PS,Persons,_T,Total,_T,Total,_Z,Not applicable,FUA,FUA,_Z,Not applicable,2021,,102776,,A,Normal value,0,Units,0,Zero
DATAFLOW,OECD.CFE.EDS:DSD_FUA_DEMO@DF_AGE_SEX(1.2),Population by age and sex - Cities and FUAs,I,PL039F,Ostrów Wielkopolski,A,Annual,POP,Population,PS,Persons,_T,Total,_T,Total,_Z,Not applicable,FUA,FUA,_Z,Not applicable,2021,,137063,,A,Normal value,0,Units,0,Zero
DATAFLOW,OECD.CFE.EDS:DSD_FUA_DEMO@DF_AGE_SEX(1.2),Population by age and sex - Cities and FUAs,I,PL041F,Zamość,A,Annual,POP,Population,PS,Persons,_T,Total,_T,Total,_Z,Not applicable,FUA,FUA,_Z,Not applicable,2021,,139446,,A,Normal value,0,Units,0,Zero
DATAFLOW,OECD.CFE.EDS:DSD_FUA_DEMO@DF_AGE_SEX(1.2),Population by age and sex - Cities and FUAs,I,PL042F,Chełm,A,Annual,POP,Population,PS,Persons,_T,Total,_T,Total,_Z,Not applicable,FUA,FUA,_Z,Not applicable,2021,,121225,,A,Normal value,0,Units,0,Zero
DATAFLOW,OECD.CFE.EDS:DSD_FUA_DEMO@DF_AGE_SEX(1.2),Population by age and sex - Cities and FUAs,I,PL044F,Głogów,A,Annual,POP,Population,PS,Persons,_T,Total,_T,Total,_Z,Not applicable,FUA,FUA,_Z,Not applicable,2021,,100275,,A,Normal value,0,Units,0,Zero
DATAFLOW,OECD.CFE.EDS:DSD_FUA_DEMO@DF_AGE_SEX(1.2),Population by age and sex - Cities and FUAs,I,PL047F,Łomża,A,Annual,POP,Population,PS,Persons,_T,Total,_T,Total,_Z,Not applicable,FUA,FUA,_Z,Not applicable,2021,,107906,,A,Normal value,0,Units,0,Zero
DATAFLOW,OECD.CFE.EDS:DSD_FUA_DEMO@DF_AGE_SEX(1.2),Population by age and sex - Cities and FUAs,I,PL051F,Tczew,A,Annual,POP,Population,PS,Persons,_T,Total,_T,Total,_Z,Not applicable,FUA,FUA,_Z,Not applicable,2021,,83176,,A,Normal value,0,Units,0,Zero
DATAFLOW,OECD.CFE.EDS:DSD_FUA_DEMO@DF_AGE_SEX(1.2),Population by age and sex - Cities and FUAs,I,PL052F,Ełk,A,Annual,POP,Population,PS,Persons,_T,Total,_T,Total,_Z,Not applicable,FUA,FUA,_Z,Not applicable,2021,,88771,,A,Normal value,0,Units,0,Zero
DATAFLOW,OECD.CFE.EDS:DSD_FUA_DEMO@DF_AGE_SEX(1.2),Population by age and sex - Cities and FUAs,I,PL058F,Bielsko-Biała,A,Annual,POP,Population,PS,Persons,_T,Total,_T,Total,_Z,Not applicable,FUA,FUA,_Z,Not applicable,2021,,366129,,A,Normal value,0,Units,0,Zero
DATAFLOW,OECD.CFE.EDS:DSD_FUA_DEMO@DF_AGE_SEX(1.2),Population by age and sex - Cities and FUAs,I,PL060F,Rybnik,A,Annual,POP,Population,PS,Persons,_T,Total,_T,Total,_Z,Not applicable,FUA,FUA,_Z,Not applicable,2021,,206820,,A,Normal value,0,Units,0,Zero
DATAFLOW,OECD.CFE.EDS:DSD_FUA_DEMO@DF_AGE_SEX(1.2),Population by age and sex - Cities and FUAs,I,PL062F,Wałbrzych,A,Annual,POP,Population,PS,Persons,_T,Total,_T,Total,_Z,Not applicable,FUA,FUA,_Z,Not applicable,2021,,156797,,A,Normal value,0,Units,0,Zero
DATAFLOW,OECD.CFE.EDS:DSD_FUA_DEMO@DF_AGE_SEX(1.2),Population by age and sex - Cities and FUAs,I,PL063F,Elbląg,A,Annual,POP,Population,PS,Persons,_T,Total,_T,Total,_Z,Not applicable,FUA,FUA,_Z,Not applicable,2021,,147980,,A,Normal value,0,Units,0,Zero
DATAFLOW,OECD.CFE.EDS:DSD_FUA_DEMO@DF_AGE_SEX(1.2),Population by age and sex - Cities and FUAs,I,PL064F,Włocławek,A,Annual,POP,Population,PS,Persons,_T,Total,_T,Total,_Z,Not applicable,FUA,FUA,_Z,Not applicable,2021,,193661,,A,Normal value,0,Units,0,Zero
DATAFLOW,OECD.CFE.EDS:DSD_FUA_DEMO@DF_AGE_SEX(1.2),Population by age and sex - Cities and FUAs,I,PL065F,Tarnów,A,Annual,POP,Population,PS,Persons,_T,Total,_T,Total,_Z,Not applicable,FUA,FUA,_Z,Not applicable,2021,,261619,,A,Normal value,0,Units,0,Zero
DATAFLOW,OECD.CFE.EDS:DSD_FUA_DEMO@DF_AGE_SEX(1.2),Population by age and sex - Cities and FUAs,I,PL067F,Legnica,A,Annual,POP,Population,PS,Persons,_T,Total,_T,Total,_Z,Not applicable,FUA,FUA,_Z,Not applicable,2021,,179400,,A,Normal value,0,Units,0,Zero
DATAFLOW,OECD.CFE.EDS:DSD_FUA_DEMO@DF_AGE_SEX(1.2),Population by age and sex - Cities and FUAs,I,PL068F,Grudziądz,A,Annual,POP,Population,PS,Persons,_T,Total,_T,Total,_Z,Not applicable,FUA,FUA,_Z,Not applicable,2021,,128960,,A,Normal value,0,Units,0,Zero
DATAFLOW,OECD.CFE.EDS:DSD_FUA_DEMO@DF_AGE_SEX(1.2),Population by age and sex - Cities and FUAs,I,PT001F,Lisboa,A,Annual,POP,Population,PS,Persons,_T,Total,_T,Total,_Z,Not applicable,FUA,FUA,_Z,Not applicable,2021,,3031536,,A,Normal value,0,Units,0,Zero
DATAFLOW,OECD.CFE.EDS:DSD_FUA_DEMO@DF_AGE_SEX(1.2),Population by age and sex - Cities and FUAs,I,PT002F,Porto,A,Annual,POP,Population,PS,Persons,_T,Total,_T,Total,_Z,Not applicable,FUA,FUA,_Z,Not applicable,2021,,1522183,,A,Normal value,0,Units,0,Zero
DATAFLOW,OECD.CFE.EDS:DSD_FUA_DEMO@DF_AGE_SEX(1.2),Population by age and sex - Cities and FUAs,I,PT003F,Braga,A,Annual,POP,Population,PS,Persons,_T,Total,_T,Total,_Z,Not applicable,FUA,FUA,_Z,Not applicable,2021,,261084,,A,Normal value,0,Units,0,Zero
DATAFLOW,OECD.CFE.EDS:DSD_FUA_DEMO@DF_AGE_SEX(1.2),Population by age and sex - Cities and FUAs,I,PT004F,Funchal,A,Annual,POP,Population,PS,Persons,_T,Total,_T,Total,_Z,Not applicable,FUA,FUA,_Z,Not applicable,2021,,229160,,A,Normal value,0,Units,0,Zero
DATAFLOW,OECD.CFE.EDS:DSD_FUA_DEMO@DF_AGE_SEX(1.2),Population by age and sex - Cities and FUAs,I,PT005F,Coimbra,A,Annual,POP,Population,PS,Persons,_T,Total,_T,Total,_Z,Not applicable,FUA,FUA,_Z,Not applicable,2021,,269674,,A,Normal value,0,Units,0,Zero
DATAFLOW,OECD.CFE.EDS:DSD_FUA_DEMO@DF_AGE_SEX(1.2),Population by age and sex - Cities and FUAs,I,PT007F,Ponta Delgada,A,Annual,POP,Population,PS,Persons,_T,Total,_T,Total,_Z,Not applicable,FUA,FUA,_Z,Not applicable,2021,,124422,,A,Normal value,0,Units,0,Zero
DATAFLOW,OECD.CFE.EDS:DSD_FUA_DEMO@DF_AGE_SEX(1.2),Population by age and sex - Cities and FUAs,I,PT008F,Aveiro,A,Annual,POP,Population,PS,Persons,_T,Total,_T,Total,_Z,Not applicable,FUA,FUA,_Z,Not applicable,2021,,171425,,A,Normal value,0,Units,0,Zero
DATAFLOW,OECD.CFE.EDS:DSD_FUA_DEMO@DF_AGE_SEX(1.2),Population by age and sex - Cities and FUAs,I,PT009F,Faro,A,Annual,POP,Population,PS,Persons,_T,Total,_T,Total,_Z,Not applicable,FUA,FUA,_Z,Not applicable,2021,,123839,,A,Normal value,0,Units,0,Zero
DATAFLOW,OECD.CFE.EDS:DSD_FUA_DEMO@DF_AGE_SEX(1.2),Population by age and sex - Cities and FUAs,I,PT010F,Viseu,A,Annual,POP,Population,PS,Persons,_T,Total,_T,Total,_Z,Not applicable,FUA,FUA,_Z,Not applicable,2021,,111265,,A,Normal value,0,Units,0,Zero
DATAFLOW,OECD.CFE.EDS:DSD_FUA_DEMO@DF_AGE_SEX(1.2),Population by age and sex - Cities and FUAs,I,PT011F,Viana do Castelo,A,Annual,POP,Population,PS,Persons,_T,Total,_T,Total,_Z,Not applicable,FUA,FUA,_Z,Not applicable,2021,,101956,,A,Normal value,0,Units,0,Zero
DATAFLOW,OECD.CFE.EDS:DSD_FUA_DEMO@DF_AGE_SEX(1.2),Population by age and sex - Cities and FUAs,I,PT013F,Póvoa de Varzim,A,Annual,POP,Population,PS,Persons,_T,Total,_T,Total,_Z,Not applicable,FUA,FUA,_Z,Not applicable,2021,,65111,,A,Normal value,0,Units,0,Zero
DATAFLOW,OECD.CFE.EDS:DSD_FUA_DEMO@DF_AGE_SEX(1.2),Population by age and sex - Cities and FUAs,I,PT015F,Guimarães,A,Annual,POP,Population,PS,Persons,_T,Total,_T,Total,_Z,Not applicable,FUA,FUA,_Z,Not applicable,2021,,180574,,A,Normal value,0,Units,0,Zero
DATAFLOW,OECD.CFE.EDS:DSD_FUA_DEMO@DF_AGE_SEX(1.2),Population by age and sex - Cities and FUAs,I,RO001F,București,A,Annual,POP,Population,PS,Persons,_T,Total,_T,Total,_Z,Not applicable,FUA,FUA,_Z,Not applicable,2021,,3051258,,A,Normal value,0,Units,0,Zero
DATAFLOW,OECD.CFE.EDS:DSD_FUA_DEMO@DF_AGE_SEX(1.2),Population by age and sex - Cities and FUAs,I,RO002F,Cluj-Napoca,A,Annual,POP,Population,PS,Persons,_T,Total,_T,Total,_Z,Not applicable,FUA,FUA,_Z,Not applicable,2021,,486022,,A,Normal value,0,Units,0,Zero
DATAFLOW,OECD.CFE.EDS:DSD_FUA_DEMO@DF_AGE_SEX(1.2),Population by age and sex - Cities and FUAs,I,RO003F,Timișoara,A,Annual,POP,Population,PS,Persons,_T,Total,_T,Total,_Z,Not applicable,FUA,FUA,_Z,Not applicable,2021,,516162,,A,Normal value,0,Units,0,Zero
DATAFLOW,OECD.CFE.EDS:DSD_FUA_DEMO@DF_AGE_SEX(1.2),Population by age and sex - Cities and FUAs,I,RO004F,Craiova,A,Annual,POP,Population,PS,Persons,_T,Total,_T,Total,_Z,Not applicable,FUA,FUA,_Z,Not applicable,2021,,472885,,A,Normal value,0,Units,0,Zero
DATAFLOW,OECD.CFE.EDS:DSD_FUA_DEMO@DF_AGE_SEX(1.2),Population by age and sex - Cities and FUAs,I,RO005F,Brăila,A,Annual,POP,Population,PS,Persons,_T,Total,_T,Total,_Z,Not applicable,FUA,FUA,_Z,Not applicable,2021,,216855,,A,Normal value,0,Units,0,Zero
DATAFLOW,OECD.CFE.EDS:DSD_FUA_DEMO@DF_AGE_SEX(1.2),Population by age and sex - Cities and FUAs,I,RO006F,Oradea,A,Annual,POP,Population,PS,Persons,_T,Total,_T,Total,_Z,Not applicable,FUA,FUA,_Z,Not applicable,2021,,431374,,A,Normal value,0,Units,0,Zero
DATAFLOW,OECD.CFE.EDS:DSD_FUA_DEMO@DF_AGE_SEX(1.2),Population by age and sex - Cities and FUAs,I,RO007F,Bacău,A,Annual,POP,Population,PS,Persons,_T,Total,_T,Total,_Z,Not applicable,FUA,FUA,_Z,Not applicable,2021,,285047,,A,Normal value,0,Units,0,Zero
DATAFLOW,OECD.CFE.EDS:DSD_FUA_DEMO@DF_AGE_SEX(1.2),Population by age and sex - Cities and FUAs,I,RO008F,Arad,A,Annual,POP,Population,PS,Persons,_T,Total,_T,Total,_Z,Not applicable,FUA,FUA,_Z,Not applicable,2021,,309683,,A,Normal value,0,Units,0,Zero
DATAFLOW,OECD.CFE.EDS:DSD_FUA_DEMO@DF_AGE_SEX(1.2),Population by age and sex - Cities and FUAs,I,RO009F,Sibiu,A,Annual,POP,Population,PS,Persons,_T,Total,_T,Total,_Z,Not applicable,FUA,FUA,_Z,Not applicable,2021,,296037,,A,Normal value,0,Units,0,Zero
DATAFLOW,OECD.CFE.EDS:DSD_FUA_DEMO@DF_AGE_SEX(1.2),Population by age and sex - Cities and FUAs,I,RO010F,Târgu Mureș,A,Annual,POP,Population,PS,Persons,_T,Total,_T,Total,_Z,Not applicable,FUA,FUA,_Z,Not applicable,2021,,273386,,A,Normal value,0,Units,0,Zero
DATAFLOW,OECD.CFE.EDS:DSD_FUA_DEMO@DF_AGE_SEX(1.2),Population by age and sex - Cities and FUAs,I,RO011F,Piatra-Neamț,A,Annual,POP,Population,PS,Persons,_T,Total,_T,Total,_Z,Not applicable,FUA,FUA,_Z,Not applicable,2021,,158216,,A,Normal value,0,Units,0,Zero
DATAFLOW,OECD.CFE.EDS:DSD_FUA_DEMO@DF_AGE_SEX(1.2),Population by age and sex - Cities and FUAs,I,RO012F,Călărași,A,Annual,POP,Population,PS,Persons,_T,Total,_T,Total,_Z,Not applicable,FUA,FUA,_Z,Not applicable,2021,,99174,,A,Normal value,0,Units,0,Zero
DATAFLOW,OECD.CFE.EDS:DSD_FUA_DEMO@DF_AGE_SEX(1.2),Population by age and sex - Cities and FUAs,I,RO015F,Focșani,A,Annual,POP,Population,PS,Persons,_T,Total,_T,Total,_Z,Not applicable,FUA,FUA,_Z,Not applicable,2021,,202554,,A,Normal value,0,Units,0,Zero
DATAFLOW,OECD.CFE.EDS:DSD_FUA_DEMO@DF_AGE_SEX(1.2),Population by age and sex - Cities and FUAs,I,RO016F,Târgu Jiu,A,Annual,POP,Population,PS,Persons,_T,Total,_T,Total,_Z,Not applicable,FUA,FUA,_Z,Not applicable,2021,,155537,,A,Normal value,0,Units,0,Zero
DATAFLOW,OECD.CFE.EDS:DSD_FUA_DEMO@DF_AGE_SEX(1.2),Population by age and sex - Cities and FUAs,I,RO017F,Tulcea,A,Annual,POP,Population,PS,Persons,_T,Total,_T,Total,_Z,Not applicable,FUA,FUA,_Z,Not applicable,2021,,100277,,A,Normal value,0,Units,0,Zero
DATAFLOW,OECD.CFE.EDS:DSD_FUA_DEMO@DF_AGE_SEX(1.2),Population by age and sex - Cities and FUAs,I,RO018F,Târgoviște,A,Annual,POP,Population,PS,Persons,_T,Total,_T,Total,_Z,Not applicable,FUA,FUA,_Z,Not applicable,2021,,208817,,A,Normal value,0,Units,0,Zero
DATAFLOW,OECD.CFE.EDS:DSD_FUA_DEMO@DF_AGE_SEX(1.2),Population by age and sex - Cities and FUAs,I,RO019F,Slatina,A,Annual,POP,Population,PS,Persons,_T,Total,_T,Total,_Z,Not applicable,FUA,FUA,_Z,Not applicable,2021,,146520,,A,Normal value,0,Units,0,Zero
DATAFLOW,OECD.CFE.EDS:DSD_FUA_DEMO@DF_AGE_SEX(1.2),Population by age and sex - Cities and FUAs,I,RO022F,Bistrița,A,Annual,POP,Population,PS,Persons,_T,Total,_T,Total,_Z,Not applicable,FUA,FUA,_Z,Not applicable,2021,,165453,,A,Normal value,0,Units,0,Zero
DATAFLOW,OECD.CFE.EDS:DSD_FUA_DEMO@DF_AGE_SEX(1.2),Population by age and sex - Cities and FUAs,I,RO023F,Constanța,A,Annual,POP,Population,PS,Persons,_T,Total,_T,Total,_Z,Not applicable,FUA,FUA,_Z,Not applicable,2021,,553282,,A,Normal value,0,Units,0,Zero
DATAFLOW,OECD.CFE.EDS:DSD_FUA_DEMO@DF_AGE_SEX(1.2),Population by age and sex - Cities and FUAs,I,RO024F,Iași,A,Annual,POP,Population,PS,Persons,_T,Total,_T,Total,_Z,Not applicable,FUA,FUA,_Z,Not applicable,2021,,543752,,A,Normal value,0,Units,0,Zero
DATAFLOW,OECD.CFE.EDS:DSD_FUA_DEMO@DF_AGE_SEX(1.2),Population by age and sex - Cities and FUAs,I,RO025F,Galați,A,Annual,POP,Population,PS,Persons,_T,Total,_T,Total,_Z,Not applicable,FUA,FUA,_Z,Not applicable,2021,,309528,,A,Normal value,0,Units,0,Zero
DATAFLOW,OECD.CFE.EDS:DSD_FUA_DEMO@DF_AGE_SEX(1.2),Population by age and sex - Cities and FUAs,I,RO026F,Brașov,A,Annual,POP,Population,PS,Persons,_T,Total,_T,Total,_Z,Not applicable,FUA,FUA,_Z,Not applicable,2021,,462588,,A,Normal value,0,Units,0,Zero
DATAFLOW,OECD.CFE.EDS:DSD_FUA_DEMO@DF_AGE_SEX(1.2),Population by age and sex - Cities and FUAs,I,RO027F,Ploiești,A,Annual,POP,Population,PS,Persons,_T,Total,_T,Total,_Z,Not applicable,FUA,FUA,_Z,Not applicable,2021,,468879,,A,Normal value,0,Units,0,Zero
DATAFLOW,OECD.CFE.EDS:DSD_FUA_DEMO@DF_AGE_SEX(1.2),Population by age and sex - Cities and FUAs,I,RO028F,Pitești,A,Annual,POP,Population,PS,Persons,_T,Total,_T,Total,_Z,Not applicable,FUA,FUA,_Z,Not applicable,2021,,336546,,A,Normal value,0,Units,0,Zero
DATAFLOW,OECD.CFE.EDS:DSD_FUA_DEMO@DF_AGE_SEX(1.2),Population by age and sex - Cities and FUAs,I,RO029F,Baia Mare,A,Annual,POP,Population,PS,Persons,_T,Total,_T,Total,_Z,Not applicable,FUA,FUA,_Z,Not applicable,2021,,224949,,A,Normal value,0,Units,0,Zero
DATAFLOW,OECD.CFE.EDS:DSD_FUA_DEMO@DF_AGE_SEX(1.2),Population by age and sex - Cities and FUAs,I,RO030F,Buzău,A,Annual,POP,Population,PS,Persons,_T,Total,_T,Total,_Z,Not applicable,FUA,FUA,_Z,Not applicable,2021,,256915,,A,Normal value,0,Units,0,Zero
DATAFLOW,OECD.CFE.EDS:DSD_FUA_DEMO@DF_AGE_SEX(1.2),Population by age and sex - Cities and FUAs,I,RO031F,Satu Mare,A,Annual,POP,Population,PS,Persons,_T,Total,_T,Total,_Z,Not applicable,FUA,FUA,_Z,Not applicable,2021,,171626,,A,Normal value,0,Units,0,Zero
DATAFLOW,OECD.CFE.EDS:DSD_FUA_DEMO@DF_AGE_SEX(1.2),Population by age and sex - Cities and FUAs,I,RO032F,Botoșani,A,Annual,POP,Population,PS,Persons,_T,Total,_T,Total,_Z,Not applicable,FUA,FUA,_Z,Not applicable,2021,,154175,,A,Normal value,0,Units,0,Zero
DATAFLOW,OECD.CFE.EDS:DSD_FUA_DEMO@DF_AGE_SEX(1.2),Population by age and sex - Cities and FUAs,I,RO033F,Râmnicu Vâlcea,A,Annual,POP,Population,PS,Persons,_T,Total,_T,Total,_Z,Not applicable,FUA,FUA,_Z,Not applicable,2021,,208810,,A,Normal value,0,Units,0,Zero
DATAFLOW,OECD.CFE.EDS:DSD_FUA_DEMO@DF_AGE_SEX(1.2),Population by age and sex - Cities and FUAs,I,RO035F,Drobeta-Turnu Severin,A,Annual,POP,Population,PS,Persons,_T,Total,_T,Total,_Z,Not applicable,FUA,FUA,_Z,Not applicable,2021,,119719,,A,Normal value,0,Units,0,Zero
DATAFLOW,OECD.CFE.EDS:DSD_FUA_DEMO@DF_AGE_SEX(1.2),Population by age and sex - Cities and FUAs,I,SK001F,Bratislava,A,Annual,POP,Population,PS,Persons,_T,Total,_T,Total,_Z,Not applicable,FUA,FUA,_Z,Not applicable,2021,,1033562,,A,Normal value,0,Units,0,Zero
DATAFLOW,OECD.CFE.EDS:DSD_FUA_DEMO@DF_AGE_SEX(1.2),Population by age and sex - Cities and FUAs,I,SK002F,Košice,A,Annual,POP,Population,PS,Persons,_T,Total,_T,Total,_Z,Not applicable,FUA,FUA,_Z,Not applicable,2021,,372185,,A,Normal value,0,Units,0,Zero
DATAFLOW,OECD.CFE.EDS:DSD_FUA_DEMO@DF_AGE_SEX(1.2),Population by age and sex - Cities and FUAs,I,SK003F,Banská Bystrica,A,Annual,POP,Population,PS,Persons,_T,Total,_T,Total,_Z,Not applicable,FUA,FUA,_Z,Not applicable,2021,,108425,,A,Normal value,0,Units,0,Zero
DATAFLOW,OECD.CFE.EDS:DSD_FUA_DEMO@DF_AGE_SEX(1.2),Population by age and sex - Cities and FUAs,I,SK004F,Nitra,A,Annual,POP,Population,PS,Persons,_T,Total,_T,Total,_Z,Not applicable,FUA,FUA,_Z,Not applicable,2021,,164684,,A,Normal value,0,Units,0,Zero
DATAFLOW,OECD.CFE.EDS:DSD_FUA_DEMO@DF_AGE_SEX(1.2),Population by age and sex - Cities and FUAs,I,SK005F,Prešov,A,Annual,POP,Population,PS,Persons,_T,Total,_T,Total,_Z,Not applicable,FUA,FUA,_Z,Not applicable,2021,,172996,,A,Normal value,0,Units,0,Zero
DATAFLOW,OECD.CFE.EDS:DSD_FUA_DEMO@DF_AGE_SEX(1.2),Population by age and sex - Cities and FUAs,I,SK006F,Žilina,A,Annual,POP,Population,PS,Persons,_T,Total,_T,Total,_Z,Not applicable,FUA,FUA,_Z,Not applicable,2021,,225050,,A,Normal value,0,Units,0,Zero
DATAFLOW,OECD.CFE.EDS:DSD_FUA_DEMO@DF_AGE_SEX(1.2),Population by age and sex - Cities and FUAs,I,SK008F,Trenčín,A,Annual,POP,Population,PS,Persons,_T,Total,_T,Total,_Z,Not applicable,FUA,FUA,_Z,Not applicable,2021,,113646,,A,Normal value,0,Units,0,Zero
DATAFLOW,OECD.CFE.EDS:DSD_FUA_DEMO@DF_AGE_SEX(1.2),Population by age and sex - Cities and FUAs,I,SI001F,Ljubljana,A,Annual,POP,Population,PS,Persons,_T,Total,_T,Total,_Z,Not applicable,FUA,FUA,_Z,Not applicable,2021,,906532,,A,Normal value,0,Units,0,Zero
DATAFLOW,OECD.CFE.EDS:DSD_FUA_DEMO@DF_AGE_SEX(1.2),Population by age and sex - Cities and FUAs,I,SI002F,Maribor,A,Annual,POP,Population,PS,Persons,_T,Total,_T,Total,_Z,Not applicable,FUA,FUA,_Z,Not applicable,2021,,259110,,A,Normal value,0,Units,0,Zero
DATAFLOW,OECD.CFE.EDS:DSD_FUA_DEMO@DF_AGE_SEX(1.2),Population by age and sex - Cities and FUAs,I,SE001F,Stockholm,A,Annual,POP,Population,PS,Persons,_T,Total,_T,Total,_Z,Not applicable,FUA,FUA,_Z,Not applicable,2021,,2501783,,A,Normal value,0,Units,0,Zero
DATAFLOW,OECD.CFE.EDS:DSD_FUA_DEMO@DF_AGE_SEX(1.2),Population by age and sex - Cities and FUAs,I,SE002F,Göteborg,A,Annual,POP,Population,PS,Persons,_T,Total,_T,Total,_Z,Not applicable,FUA,FUA,_Z,Not applicable,2021,,1067912,,A,Normal value,0,Units,0,Zero
DATAFLOW,OECD.CFE.EDS:DSD_FUA_DEMO@DF_AGE_SEX(1.2),Population by age and sex - Cities and FUAs,I,SE003F,Malmö,A,Annual,POP,Population,PS,Persons,_T,Total,_T,Total,_Z,Not applicable,FUA,FUA,_Z,Not applicable,2021,,853112,,A,Normal value,0,Units,0,Zero
DATAFLOW,OECD.CFE.EDS:DSD_FUA_DEMO@DF_AGE_SEX(1.2),Population by age and sex - Cities and FUAs,I,SE005F,Umeå,A,Annual,POP,Population,PS,Persons,_T,Total,_T,Total,_Z,Not applicable,FUA,FUA,_Z,Not applicable,2021,,161882,,A,Normal value,0,Units,0,Zero
DATAFLOW,OECD.CFE.EDS:DSD_FUA_DEMO@DF_AGE_SEX(1.2),Population by age and sex - Cities and FUAs,I,SE006F,Uppsala,A,Annual,POP,Population,PS,Persons,_T,Total,_T,Total,_Z,Not applicable,FUA,FUA,_Z,Not applicable,2021,,315566,,A,Normal value,0,Units,0,Zero
DATAFLOW,OECD.CFE.EDS:DSD_FUA_DEMO@DF_AGE_SEX(1.2),Population by age and sex - Cities and FUAs,I,SE007F,Linköping,A,Annual,POP,Population,PS,Persons,_T,Total,_T,Total,_Z,Not applicable,FUA,FUA,_Z,Not applicable,2021,,258980,,A,Normal value,0,Units,0,Zero
DATAFLOW,OECD.CFE.EDS:DSD_FUA_DEMO@DF_AGE_SEX(1.2),Population by age and sex - Cities and FUAs,I,SE008F,Örebro,A,Annual,POP,Population,PS,Persons,_T,Total,_T,Total,_Z,Not applicable,FUA,FUA,_Z,Not applicable,2021,,214651,,A,Normal value,0,Units,0,Zero
DATAFLOW,OECD.CFE.EDS:DSD_FUA_DEMO@DF_AGE_SEX(1.2),Population by age and sex - Cities and FUAs,I,SE010F,Västerås,A,Annual,POP,Population,PS,Persons,_T,Total,_T,Total,_Z,Not applicable,FUA,FUA,_Z,Not applicable,2021,,206543,,A,Normal value,0,Units,0,Zero
DATAFLOW,OECD.CFE.EDS:DSD_FUA_DEMO@DF_AGE_SEX(1.2),Population by age and sex - Cities and FUAs,I,SE011F,Norrköping,A,Annual,POP,Population,PS,Persons,_T,Total,_T,Total,_Z,Not applicable,FUA,FUA,_Z,Not applicable,2021,,188680,,A,Normal value,0,Units,0,Zero
DATAFLOW,OECD.CFE.EDS:DSD_FUA_DEMO@DF_AGE_SEX(1.2),Population by age and sex - Cities and FUAs,I,SE012F,Helsingborg,A,Annual,POP,Population,PS,Persons,_T,Total,_T,Total,_Z,Not applicable,FUA,FUA,_Z,Not applicable,2021,,253481,,A,Normal value,0,Units,0,Zero
DATAFLOW,OECD.CFE.EDS:DSD_FUA_DEMO@DF_AGE_SEX(1.2),Population by age and sex - Cities and FUAs,I,SE014F,Borås,A,Annual,POP,Population,PS,Persons,_T,Total,_T,Total,_Z,Not applicable,FUA,FUA,_Z,Not applicable,2021,,149853,,A,Normal value,0,Units,0,Zero
DATAFLOW,OECD.CFE.EDS:DSD_FUA_DEMO@DF_AGE_SEX(1.2),Population by age and sex - Cities and FUAs,I,TR001F,Ankara,A,Annual,POP,Population,PS,Persons,_T,Total,_T,Total,_Z,Not applicable,FUA,FUA,_Z,Not applicable,2021,,5156573,,A,Normal value,0,Units,0,Zero
DATAFLOW,OECD.CFE.EDS:DSD_FUA_DEMO@DF_AGE_SEX(1.2),Population by age and sex - Cities and FUAs,I,TR002F,Adana,A,Annual,POP,Population,PS,Persons,_T,Total,_T,Total,_Z,Not applicable,FUA,FUA,_Z,Not applicable,2021,,1797136,,A,Normal value,0,Units,0,Zero
DATAFLOW,OECD.CFE.EDS:DSD_FUA_DEMO@DF_AGE_SEX(1.2),Population by age and sex - Cities and FUAs,I,TR003F,Antalya,A,Annual,POP,Population,PS,Persons,_T,Total,_T,Total,_Z,Not applicable,FUA,FUA,_Z,Not applicable,2021,,1462129,,A,Normal value,0,Units,0,Zero
DATAFLOW,OECD.CFE.EDS:DSD_FUA_DEMO@DF_AGE_SEX(1.2),Population by age and sex - Cities and FUAs,I,TR004F,Balikesir,A,Annual,POP,Population,PS,Persons,_T,Total,_T,Total,_Z,Not applicable,FUA,FUA,_Z,Not applicable,2021,,370156,,A,Normal value,0,Units,0,Zero
DATAFLOW,OECD.CFE.EDS:DSD_FUA_DEMO@DF_AGE_SEX(1.2),Population by age and sex - Cities and FUAs,I,TR005F,Bursa,A,Annual,POP,Population,PS,Persons,_T,Total,_T,Total,_Z,Not applicable,FUA,FUA,_Z,Not applicable,2021,,2056140,,A,Normal value,0,Units,0,Zero
DATAFLOW,OECD.CFE.EDS:DSD_FUA_DEMO@DF_AGE_SEX(1.2),Population by age and sex - Cities and FUAs,I,TR006F,Denizli,A,Annual,POP,Population,PS,Persons,_T,Total,_T,Total,_Z,Not applicable,FUA,FUA,_Z,Not applicable,2021,,677072,,A,Normal value,0,Units,0,Zero
DATAFLOW,OECD.CFE.EDS:DSD_FUA_DEMO@DF_AGE_SEX(1.2),Population by age and sex - Cities and FUAs,I,TR007F,Diyarbakir,A,Annual,POP,Population,PS,Persons,_T,Total,_T,Total,_Z,Not applicable,FUA,FUA,_Z,Not applicable,2021,,1129218,,A,Normal value,0,Units,0,Zero
DATAFLOW,OECD.CFE.EDS:DSD_FUA_DEMO@DF_AGE_SEX(1.2),Population by age and sex - Cities and FUAs,I,TR008F,Edirne,A,Annual,POP,Population,PS,Persons,_T,Total,_T,Total,_Z,Not applicable,FUA,FUA,_Z,Not applicable,2021,,186426,,A,Normal value,0,Units,0,Zero
DATAFLOW,OECD.CFE.EDS:DSD_FUA_DEMO@DF_AGE_SEX(1.2),Population by age and sex - Cities and FUAs,I,TR009F,Erzurum,A,Annual,POP,Population,PS,Persons,_T,Total,_T,Total,_Z,Not applicable,FUA,FUA,_Z,Not applicable,2021,,428302,,A,Normal value,0,Units,0,Zero
DATAFLOW,OECD.CFE.EDS:DSD_FUA_DEMO@DF_AGE_SEX(1.2),Population by age and sex - Cities and FUAs,I,TR010F,Gaziantep,A,Annual,POP,Population,PS,Persons,_T,Total,_T,Total,_Z,Not applicable,FUA,FUA,_Z,Not applicable,2021,,1775904,,A,Normal value,0,Units,0,Zero
DATAFLOW,OECD.CFE.EDS:DSD_FUA_DEMO@DF_AGE_SEX(1.2),Population by age and sex - Cities and FUAs,I,TR011F,Hatay,A,Annual,POP,Population,PS,Persons,_T,Total,_T,Total,_Z,Not applicable,FUA,FUA,_Z,Not applicable,2021,,555833,,A,Normal value,0,Units,0,Zero
DATAFLOW,OECD.CFE.EDS:DSD_FUA_DEMO@DF_AGE_SEX(1.2),Population by age and sex - Cities and FUAs,I,TR012F,Istanbul,A,Annual,POP,Population,PS,Persons,_T,Total,_T,Total,_Z,Not applicable,FUA,FUA,_Z,Not applicable,2021,,13852985,,A,Normal value,0,Units,0,Zero
DATAFLOW,OECD.CFE.EDS:DSD_FUA_DEMO@DF_AGE_SEX(1.2),Population by age and sex - Cities and FUAs,I,TR013F,Izmir,A,Annual,POP,Population,PS,Persons,_T,Total,_T,Total,_Z,Not applicable,FUA,FUA,_Z,Not applicable,2021,,2959355,,A,Normal value,0,Units,0,Zero
DATAFLOW,OECD.CFE.EDS:DSD_FUA_DEMO@DF_AGE_SEX(1.2),Population by age and sex - Cities and FUAs,I,TR014F,Kars,A,Annual,POP,Population,PS,Persons,_T,Total,_T,Total,_Z,Not applicable,FUA,FUA,_Z,Not applicable,2021,,117312,,A,Normal value,0,Units,0,Zero
DATAFLOW,OECD.CFE.EDS:DSD_FUA_DEMO@DF_AGE_SEX(1.2),Population by age and sex - Cities and FUAs,I,TR015F,Kastamonu,A,Annual,POP,Population,PS,Persons,_T,Total,_T,Total,_Z,Not applicable,FUA,FUA,_Z,Not applicable,2021,,152541,,A,Normal value,0,Units,0,Zero
DATAFLOW,OECD.CFE.EDS:DSD_FUA_DEMO@DF_AGE_SEX(1.2),Population by age and sex - Cities and FUAs,I,TR016F,Kayseri,A,Annual,POP,Population,PS,Persons,_T,Total,_T,Total,_Z,Not applicable,FUA,FUA,_Z,Not applicable,2021,,1175886,,A,Normal value,0,Units,0,Zero
DATAFLOW,OECD.CFE.EDS:DSD_FUA_DEMO@DF_AGE_SEX(1.2),Population by age and sex - Cities and FUAs,I,TR017F,Kocaeli,A,Annual,POP,Population,PS,Persons,_T,Total,_T,Total,_Z,Not applicable,FUA,FUA,_Z,Not applicable,2021,,614059,,A,Normal value,0,Units,0,Zero
DATAFLOW,OECD.CFE.EDS:DSD_FUA_DEMO@DF_AGE_SEX(1.2),Population by age and sex - Cities and FUAs,I,TR018F,Konya,A,Annual,POP,Population,PS,Persons,_T,Total,_T,Total,_Z,Not applicable,FUA,FUA,_Z,Not applicable,2021,,1390051,,A,Normal value,0,Units,0,Zero
DATAFLOW,OECD.CFE.EDS:DSD_FUA_DEMO@DF_AGE_SEX(1.2),Population by age and sex - Cities and FUAs,I,TR019F,Malatya,A,Annual,POP,Population,PS,Persons,_T,Total,_T,Total,_Z,Not applicable,FUA,FUA,_Z,Not applicable,2021,,641799,,A,Normal value,0,Units,0,Zero
DATAFLOW,OECD.CFE.EDS:DSD_FUA_DEMO@DF_AGE_SEX(1.2),Population by age and sex - Cities and FUAs,I,TR020F,Manisa,A,Annual,POP,Population,PS,Persons,_T,Total,_T,Total,_Z,Not applicable,FUA,FUA,_Z,Not applicable,2021,,425654,,A,Normal value,0,Units,0,Zero
DATAFLOW,OECD.CFE.EDS:DSD_FUA_DEMO@DF_AGE_SEX(1.2),Population by age and sex - Cities and FUAs,I,TR021F,Nevsehir,A,Annual,POP,Population,PS,Persons,_T,Total,_T,Total,_Z,Not applicable,FUA,FUA,_Z,Not applicable,2021,,153117,,A,Normal value,0,Units,0,Zero
DATAFLOW,OECD.CFE.EDS:DSD_FUA_DEMO@DF_AGE_SEX(1.2),Population by age and sex - Cities and FUAs,I,TR022F,Samsun,A,Annual,POP,Population,PS,Persons,_T,Total,_T,Total,_Z,Not applicable,FUA,FUA,_Z,Not applicable,2021,,678492,,A,Normal value,0,Units,0,Zero
DATAFLOW,OECD.CFE.EDS:DSD_FUA_DEMO@DF_AGE_SEX(1.2),Population by age and sex - Cities and FUAs,I,TR023F,Siirt,A,Annual,POP,Population,PS,Persons,_T,Total,_T,Total,_Z,Not applicable,FUA,FUA,_Z,Not applicable,2021,,172824,,A,Normal value,0,Units,0,Zero
DATAFLOW,OECD.CFE.EDS:DSD_FUA_DEMO@DF_AGE_SEX(1.2),Population by age and sex - Cities and FUAs,I,TR024F,Trabzon,A,Annual,POP,Population,PS,Persons,_T,Total,_T,Total,_Z,Not applicable,FUA,FUA,_Z,Not applicable,2021,,334228,,A,Normal value,0,Units,0,Zero
DATAFLOW,OECD.CFE.EDS:DSD_FUA_DEMO@DF_AGE_SEX(1.2),Population by age and sex - Cities and FUAs,I,TR025F,Van,A,Annual,POP,Population,PS,Persons,_T,Total,_T,Total,_Z,Not applicable,FUA,FUA,_Z,Not applicable,2021,,503272,,A,Normal value,0,Units,0,Zero
DATAFLOW,OECD.CFE.EDS:DSD_FUA_DEMO@DF_AGE_SEX(1.2),Population by age and sex - Cities and FUAs,I,TR026F,Zonguldak,A,Annual,POP,Population,PS,Persons,_T,Total,_T,Total,_Z,Not applicable,FUA,FUA,_Z,Not applicable,2021,,202905,,A,Normal value,0,Units,0,Zero
DATAFLOW,OECD.CFE.EDS:DSD_FUA_DEMO@DF_AGE_SEX(1.2),Population by age and sex - Cities and FUAs,I,USA01F,New York (Greater),A,Annual,POP,Population,PS,Persons,_T,Total,_T,Total,_Z,Not applicable,FUA,FUA,_Z,Not applicable,2021,,20458991,,A,Normal value,0,Units,0,Zero
DATAFLOW,OECD.CFE.EDS:DSD_FUA_DEMO@DF_AGE_SEX(1.2),Population by age and sex - Cities and FUAs,I,USA02F,Los Angeles (Greater),A,Annual,POP,Population,PS,Persons,_T,Total,_T,Total,_Z,Not applicable,FUA,FUA,_Z,Not applicable,2021,,17614692,,A,Normal value,0,Units,0,Zero
DATAFLOW,OECD.CFE.EDS:DSD_FUA_DEMO@DF_AGE_SEX(1.2),Population by age and sex - Cities and FUAs,I,USA03F,Chicago,A,Annual,POP,Population,PS,Persons,_T,Total,_T,Total,_Z,Not applicable,FUA,FUA,_Z,Not applicable,2021,,9530489,,A,Normal value,0,Units,0,Zero
DATAFLOW,OECD.CFE.EDS:DSD_FUA_DEMO@DF_AGE_SEX(1.2),Population by age and sex - Cities and FUAs,I,USA04F,Washington (Greater),A,Annual,POP,Population,PS,Persons,_T,Total,_T,Total,_Z,Not applicable,FUA,FUA,_Z,Not applicable,2021,,9264760,,A,Normal value,0,Units,0,Zero
DATAFLOW,OECD.CFE.EDS:DSD_FUA_DEMO@DF_AGE_SEX(1.2),Population by age and sex - Cities and FUAs,I,USA05F,San Francisco (Greater),A,Annual,POP,Population,PS,Persons,_T,Total,_T,Total,_Z,Not applicable,FUA,FUA,_Z,Not applicable,2021,,6566774,,A,Normal value,0,Units,0,Zero
DATAFLOW,OECD.CFE.EDS:DSD_FUA_DEMO@DF_AGE_SEX(1.2),Population by age and sex - Cities and FUAs,I,USA06F,Philadelphia (Greater),A,Annual,POP,Population,PS,Persons,_T,Total,_T,Total,_Z,Not applicable,FUA,FUA,_Z,Not applicable,2021,,6636662,,A,Normal value,0,Units,0,Zero
DATAFLOW,OECD.CFE.EDS:DSD_FUA_DEMO@DF_AGE_SEX(1.2),Population by age and sex - Cities and FUAs,I,USA07F,Dallas,A,Annual,POP,Population,PS,Persons,_T,Total,_T,Total,_Z,Not applicable,FUA,FUA,_Z,Not applicable,2021,,8032137,,A,Normal value,0,Units,0,Zero
DATAFLOW,OECD.CFE.EDS:DSD_FUA_DEMO@DF_AGE_SEX(1.2),Population by age and sex - Cities and FUAs,I,USA08F,Houston,A,Annual,POP,Population,PS,Persons,_T,Total,_T,Total,_Z,Not applicable,FUA,FUA,_Z,Not applicable,2021,,7319566,,A,Normal value,0,Units,0,Zero
DATAFLOW,OECD.CFE.EDS:DSD_FUA_DEMO@DF_AGE_SEX(1.2),Population by age and sex - Cities and FUAs,I,USA09F,Miami (Greater),A,Annual,POP,Population,PS,Persons,_T,Total,_T,Total,_Z,Not applicable,FUA,FUA,_Z,Not applicable,2021,,6269182,,A,Normal value,0,Units,0,Zero
DATAFLOW,OECD.CFE.EDS:DSD_FUA_DEMO@DF_AGE_SEX(1.2),Population by age and sex - Cities and FUAs,I,USA100F,Escambia,A,Annual,POP,Population,PS,Persons,_T,Total,_T,Total,_Z,Not applicable,FUA,FUA,_Z,Not applicable,2021,,517219,,A,Normal value,0,Units,0,Zero
DATAFLOW,OECD.CFE.EDS:DSD_FUA_DEMO@DF_AGE_SEX(1.2),Population by age and sex - Cities and FUAs,I,USA101F,Caddo,A,Annual,POP,Population,PS,Persons,_T,Total,_T,Total,_Z,Not applicable,FUA,FUA,_Z,Not applicable,2021,,432445,,A,Normal value,0,Units,0,Zero
DATAFLOW,OECD.CFE.EDS:DSD_FUA_DEMO@DF_AGE_SEX(1.2),Population by age and sex - Cities and FUAs,I,USA102F,Tulare,A,Annual,POP,Population,PS,Persons,_T,Total,_T,Total,_Z,Not applicable,FUA,FUA,_Z,Not applicable,2021,,476939,,A,Normal value,0,Units,0,Zero
DATAFLOW,OECD.CFE.EDS:DSD_FUA_DEMO@DF_AGE_SEX(1.2),Population by age and sex - Cities and FUAs,I,USA103F,Newport News,A,Annual,POP,Population,PS,Persons,_T,Total,_T,Total,_Z,Not applicable,FUA,FUA,_Z,Not applicable,2021,,453978,,A,Normal value,0,Units,0,Zero
DATAFLOW,OECD.CFE.EDS:DSD_FUA_DEMO@DF_AGE_SEX(1.2),Population by age and sex - Cities and FUAs,I,USA104F,York,A,Annual,POP,Population,PS,Persons,_T,Total,_T,Total,_Z,Not applicable,FUA,FUA,_Z,Not applicable,2021,,459264,,A,Normal value,0,Units,0,Zero
DATAFLOW,OECD.CFE.EDS:DSD_FUA_DEMO@DF_AGE_SEX(1.2),Population by age and sex - Cities and FUAs,I,USA105F,Genesee,A,Annual,POP,Population,PS,Persons,_T,Total,_T,Total,_Z,Not applicable,FUA,FUA,_Z,Not applicable,2021,,404713,,A,Normal value,0,Units,0,Zero
DATAFLOW,OECD.CFE.EDS:DSD_FUA_DEMO@DF_AGE_SEX(1.2),Population by age and sex - Cities and FUAs,I,USA106F,Jefferson (TX),A,Annual,POP,Population,PS,Persons,_T,Total,_T,Total,_Z,Not applicable,FUA,FUA,_Z,Not applicable,2021,,427745,,A,Normal value,0,Units,0,Zero
DATAFLOW,OECD.CFE.EDS:DSD_FUA_DEMO@DF_AGE_SEX(1.2),Population by age and sex - Cities and FUAs,I,USA107F,Santa Barbara,A,Annual,POP,Population,PS,Persons,_T,Total,_T,Total,_Z,Not applicable,FUA,FUA,_Z,Not applicable,2021,,437117,,A,Normal value,0,Units,0,Zero
DATAFLOW,OECD.CFE.EDS:DSD_FUA_DEMO@DF_AGE_SEX(1.2),Population by age and sex - Cities and FUAs,I,USA108F,Lafayette,A,Annual,POP,Population,PS,Persons,_T,Total,_T,Total,_Z,Not applicable,FUA,FUA,_Z,Not applicable,2021,,435564,,A,Normal value,0,Units,0,Zero
DATAFLOW,OECD.CFE.EDS:DSD_FUA_DEMO@DF_AGE_SEX(1.2),Population by age and sex - Cities and FUAs,I,USA109F,Monterey,A,Annual,POP,Population,PS,Persons,_T,Total,_T,Total,_Z,Not applicable,FUA,FUA,_Z,Not applicable,2021,,439245,,A,Normal value,0,Units,0,Zero
DATAFLOW,OECD.CFE.EDS:DSD_FUA_DEMO@DF_AGE_SEX(1.2),Population by age and sex - Cities and FUAs,I,USA10F,Atlanta,A,Annual,POP,Population,PS,Persons,_T,Total,_T,Total,_Z,Not applicable,FUA,FUA,_Z,Not applicable,2021,,5786056,,A,Normal value,0,Units,0,Zero
DATAFLOW,OECD.CFE.EDS:DSD_FUA_DEMO@DF_AGE_SEX(1.2),Population by age and sex - Cities and FUAs,I,USA110F,Mobile,A,Annual,POP,Population,PS,Persons,_T,Total,_T,Total,_Z,Not applicable,FUA,FUA,_Z,Not applicable,2021,,413164,,A,Normal value,0,Units,0,Zero
DATAFLOW,OECD.CFE.EDS:DSD_FUA_DEMO@DF_AGE_SEX(1.2),Population by age and sex - Cities and FUAs,I,USA111F,Berks,A,Annual,POP,Population,PS,Persons,_T,Total,_T,Total,_Z,Not applicable,FUA,FUA,_Z,Not applicable,2021,,429698,,A,Normal value,0,Units,0,Zero
DATAFLOW,OECD.CFE.EDS:DSD_FUA_DEMO@DF_AGE_SEX(1.2),Population by age and sex - Cities and FUAs,I,USA112F,Cameron,A,Annual,POP,Population,PS,Persons,_T,Total,_T,Total,_Z,Not applicable,FUA,FUA,_Z,Not applicable,2021,,422805,,A,Normal value,0,Units,0,Zero
DATAFLOW,OECD.CFE.EDS:DSD_FUA_DEMO@DF_AGE_SEX(1.2),Population by age and sex - Cities and FUAs,I,USA113F,Bell,A,Annual,POP,Population,PS,Persons,_T,Total,_T,Total,_Z,Not applicable,FUA,FUA,_Z,Not applicable,2021,,487238,,A,Normal value,0,Units,0,Zero
DATAFLOW,OECD.CFE.EDS:DSD_FUA_DEMO@DF_AGE_SEX(1.2),Population by age and sex - Cities and FUAs,I,USA114F,Nueces,A,Annual,POP,Population,PS,Persons,_T,Total,_T,Total,_Z,Not applicable,FUA,FUA,_Z,Not applicable,2021,,423328,,A,Normal value,0,Units,0,Zero
DATAFLOW,OECD.CFE.EDS:DSD_FUA_DEMO@DF_AGE_SEX(1.2),Population by age and sex - Cities and FUAs,I,USA115F,Marion (OR),A,Annual,POP,Population,PS,Persons,_T,Total,_T,Total,_Z,Not applicable,FUA,FUA,_Z,Not applicable,2021,,437264,,A,Normal value,0,Units,0,Zero
DATAFLOW,OECD.CFE.EDS:DSD_FUA_DEMO@DF_AGE_SEX(1.2),Population by age and sex - Cities and FUAs,I,USA116F,Allen,A,Annual,POP,Population,PS,Persons,_T,Total,_T,Total,_Z,Not applicable,FUA,FUA,_Z,Not applicable,2021,,423701,,A,Normal value,0,Units,0,Zero
DATAFLOW,OECD.CFE.EDS:DSD_FUA_DEMO@DF_AGE_SEX(1.2),Population by age and sex - Cities and FUAs,I,USA117F,Scott,A,Annual,POP,Population,PS,Persons,_T,Total,_T,Total,_Z,Not applicable,FUA,FUA,_Z,Not applicable,2021,,381705,,A,Normal value,0,Units,0,Zero
DATAFLOW,OECD.CFE.EDS:DSD_FUA_DEMO@DF_AGE_SEX(1.2),Population by age and sex - Cities and FUAs,I,USA118F,Stark,A,Annual,POP,Population,PS,Persons,_T,Total,_T,Total,_Z,Not applicable,FUA,FUA,_Z,Not applicable,2021,,373861,,A,Normal value,0,Units,0,Zero
DATAFLOW,OECD.CFE.EDS:DSD_FUA_DEMO@DF_AGE_SEX(1.2),Population by age and sex - Cities and FUAs,I,USA119F,Tallahassee,A,Annual,POP,Population,PS,Persons,_T,Total,_T,Total,_Z,Not applicable,FUA,FUA,_Z,Not applicable,2021,,388343,,A,Normal value,0,Units,0,Zero
DATAFLOW,OECD.CFE.EDS:DSD_FUA_DEMO@DF_AGE_SEX(1.2),Population by age and sex - Cities and FUAs,I,USA11F,Boston,A,Annual,POP,Population,PS,Persons,_T,Total,_T,Total,_Z,Not applicable,FUA,FUA,_Z,Not applicable,2021,,4461780,,A,Normal value,0,Units,0,Zero
DATAFLOW,OECD.CFE.EDS:DSD_FUA_DEMO@DF_AGE_SEX(1.2),Population by age and sex - Cities and FUAs,I,USA120F,Cumberland (NC),A,Annual,POP,Population,PS,Persons,_T,Total,_T,Total,_Z,Not applicable,FUA,FUA,_Z,Not applicable,2021,,392820,,A,Normal value,0,Units,0,Zero
DATAFLOW,OECD.CFE.EDS:DSD_FUA_DEMO@DF_AGE_SEX(1.2),Population by age and sex - Cities and FUAs,I,USA121F,Lane,A,Annual,POP,Population,PS,Persons,_T,Total,_T,Total,_Z,Not applicable,FUA,FUA,_Z,Not applicable,2021,,386082,,A,Normal value,0,Units,0,Zero
DATAFLOW,OECD.CFE.EDS:DSD_FUA_DEMO@DF_AGE_SEX(1.2),Population by age and sex - Cities and FUAs,I,USA122F,Winnebago (IL),A,Annual,POP,Population,PS,Persons,_T,Total,_T,Total,_Z,Not applicable,FUA,FUA,_Z,Not applicable,2021,,336586,,A,Normal value,0,Units,0,Zero
DATAFLOW,OECD.CFE.EDS:DSD_FUA_DEMO@DF_AGE_SEX(1.2),Population by age and sex - Cities and FUAs,I,USA123F,Chatham,A,Annual,POP,Population,PS,Persons,_T,Total,_T,Total,_Z,Not applicable,FUA,FUA,_Z,Not applicable,2021,,409485,,A,Normal value,0,Units,0,Zero
DATAFLOW,OECD.CFE.EDS:DSD_FUA_DEMO@DF_AGE_SEX(1.2),Population by age and sex - Cities and FUAs,I,USA124F,Vanderburgh,A,Annual,POP,Population,PS,Persons,_T,Total,_T,Total,_Z,Not applicable,FUA,FUA,_Z,Not applicable,2021,,347408,,A,Normal value,0,Units,0,Zero
DATAFLOW,OECD.CFE.EDS:DSD_FUA_DEMO@DF_AGE_SEX(1.2),Population by age and sex - Cities and FUAs,I,USA125F,Washtenaw,A,Annual,POP,Population,PS,Persons,_T,Total,_T,Total,_Z,Not applicable,FUA,FUA,_Z,Not applicable,2021,,365041,,A,Normal value,0,Units,0,Zero
DATAFLOW,OECD.CFE.EDS:DSD_FUA_DEMO@DF_AGE_SEX(1.2),Population by age and sex - Cities and FUAs,I,USA126F,Lubbock,A,Annual,POP,Population,PS,Persons,_T,Total,_T,Total,_Z,Not applicable,FUA,FUA,_Z,Not applicable,2021,,371276,,A,Normal value,0,Units,0,Zero
DATAFLOW,OECD.CFE.EDS:DSD_FUA_DEMO@DF_AGE_SEX(1.2),Population by age and sex - Cities and FUAs,I,USA127F,Madison,A,Annual,POP,Population,PS,Persons,_T,Total,_T,Total,_Z,Not applicable,FUA,FUA,_Z,Not applicable,2021,,396663,,A,Normal value,0,Units,0,Zero
DATAFLOW,OECD.CFE.EDS:DSD_FUA_DEMO@DF_AGE_SEX(1.2),Population by age and sex - Cities and FUAs,I,USA128F,Marion (FL),A,Annual,POP,Population,PS,Persons,_T,Total,_T,Total,_Z,Not applicable,FUA,FUA,_Z,Not applicable,2021,,385024,,A,Normal value,0,Units,0,Zero
DATAFLOW,OECD.CFE.EDS:DSD_FUA_DEMO@DF_AGE_SEX(1.2),Population by age and sex - Cities and FUAs,I,USA129F,Peoria,A,Annual,POP,Population,PS,Persons,_T,Total,_T,Total,_Z,Not applicable,FUA,FUA,_Z,Not applicable,2021,,315778,,A,Normal value,0,Units,0,Zero
DATAFLOW,OECD.CFE.EDS:DSD_FUA_DEMO@DF_AGE_SEX(1.2),Population by age and sex - Cities and FUAs,I,USA12F,Phoenix,A,Annual,POP,Population,PS,Persons,_T,Total,_T,Total,_Z,Not applicable,FUA,FUA,_Z,Not applicable,2021,,4949233,,A,Normal value,0,Units,0,Zero
DATAFLOW,OECD.CFE.EDS:DSD_FUA_DEMO@DF_AGE_SEX(1.2),Population by age and sex - Cities and FUAs,I,USA130F,Collier,A,Annual,POP,Population,PS,Persons,_T,Total,_T,Total,_Z,Not applicable,FUA,FUA,_Z,Not applicable,2021,,387316,,A,Normal value,0,Units,0,Zero
DATAFLOW,OECD.CFE.EDS:DSD_FUA_DEMO@DF_AGE_SEX(1.2),Population by age and sex - Cities and FUAs,I,USA131F,Luzerne,A,Annual,POP,Population,PS,Persons,_T,Total,_T,Total,_Z,Not applicable,FUA,FUA,_Z,Not applicable,2021,,325975,,A,Normal value,0,Units,0,Zero
DATAFLOW,OECD.CFE.EDS:DSD_FUA_DEMO@DF_AGE_SEX(1.2),Population by age and sex - Cities and FUAs,I,USA132F,Lancaster (NE),A,Annual,POP,Population,PS,Persons,_T,Total,_T,Total,_Z,Not applicable,FUA,FUA,_Z,Not applicable,2021,,355484,,A,Normal value,0,Units,0,Zero
DATAFLOW,OECD.CFE.EDS:DSD_FUA_DEMO@DF_AGE_SEX(1.2),Population by age and sex - Cities and FUAs,I,USA133F,Thurston,A,Annual,POP,Population,PS,Persons,_T,Total,_T,Total,_Z,Not applicable,FUA,FUA,_Z,Not applicable,2021,,365496,,A,Normal value,0,Units,0,Zero
DATAFLOW,OECD.CFE.EDS:DSD_FUA_DEMO@DF_AGE_SEX(1.2),Population by age and sex - Cities and FUAs,I,USA134F,Sebastian,A,Annual,POP,Population,PS,Persons,_T,Total,_T,Total,_Z,Not applicable,FUA,FUA,_Z,Not applicable,2021,,303659,,A,Normal value,0,Units,0,Zero
DATAFLOW,OECD.CFE.EDS:DSD_FUA_DEMO@DF_AGE_SEX(1.2),Population by age and sex - Cities and FUAs,I,USA135F,Roanoke,A,Annual,POP,Population,PS,Persons,_T,Total,_T,Total,_Z,Not applicable,FUA,FUA,_Z,Not applicable,2021,,314758,,A,Normal value,0,Units,0,Zero
DATAFLOW,OECD.CFE.EDS:DSD_FUA_DEMO@DF_AGE_SEX(1.2),Population by age and sex - Cities and FUAs,I,USA136F,Muscogee,A,Annual,POP,Population,PS,Persons,_T,Total,_T,Total,_Z,Not applicable,FUA,FUA,_Z,Not applicable,2021,,326487,,A,Normal value,0,Units,0,Zero
DATAFLOW,OECD.CFE.EDS:DSD_FUA_DEMO@DF_AGE_SEX(1.2),Population by age and sex - Cities and FUAs,I,USA137F,Brown,A,Annual,POP,Population,PS,Persons,_T,Total,_T,Total,_Z,Not applicable,FUA,FUA,_Z,Not applicable,2021,,328970,,A,Normal value,0,Units,0,Zero
DATAFLOW,OECD.CFE.EDS:DSD_FUA_DEMO@DF_AGE_SEX(1.2),Population by age and sex - Cities and FUAs,I,USA138F,Alachua,A,Annual,POP,Population,PS,Persons,_T,Total,_T,Total,_Z,Not applicable,FUA,FUA,_Z,Not applicable,2021,,344198,,A,Normal value,0,Units,0,Zero
DATAFLOW,OECD.CFE.EDS:DSD_FUA_DEMO@DF_AGE_SEX(1.2),Population by age and sex - Cities and FUAs,I,USA139F,Larimer,A,Annual,POP,Population,PS,Persons,_T,Total,_T,Total,_Z,Not applicable,FUA,FUA,_Z,Not applicable,2021,,362785,,A,Normal value,0,Units,0,Zero
DATAFLOW,OECD.CFE.EDS:DSD_FUA_DEMO@DF_AGE_SEX(1.2),Population by age and sex - Cities and FUAs,I,USA13F,Detroit (Greater),A,Annual,POP,Population,PS,Persons,_T,Total,_T,Total,_Z,Not applicable,FUA,FUA,_Z,Not applicable,2021,,4436917,,A,Normal value,0,Units,0,Zero
DATAFLOW,OECD.CFE.EDS:DSD_FUA_DEMO@DF_AGE_SEX(1.2),Population by age and sex - Cities and FUAs,I,USA140F,Boulder,A,Annual,POP,Population,PS,Persons,_T,Total,_T,Total,_Z,Not applicable,FUA,FUA,_Z,Not applicable,2021,,327133,,A,Normal value,0,Units,0,Zero
DATAFLOW,OECD.CFE.EDS:DSD_FUA_DEMO@DF_AGE_SEX(1.2),Population by age and sex - Cities and FUAs,I,USA141F,Potter,A,Annual,POP,Population,PS,Persons,_T,Total,_T,Total,_Z,Not applicable,FUA,FUA,_Z,Not applicable,2021,,297315,,A,Normal value,0,Units,0,Zero
DATAFLOW,OECD.CFE.EDS:DSD_FUA_DEMO@DF_AGE_SEX(1.2),Population by age and sex - Cities and FUAs,I,USA142F,Cumberland (ME),A,Annual,POP,Population,PS,Persons,_T,Total,_T,Total,_Z,Not applicable,FUA,FUA,_Z,Not applicable,2021,,306152,,A,Normal value,0,Units,0,Zero
DATAFLOW,OECD.CFE.EDS:DSD_FUA_DEMO@DF_AGE_SEX(1.2),Population by age and sex - Cities and FUAs,I,USA143F,Erie (PA),A,Annual,POP,Population,PS,Persons,_T,Total,_T,Total,_Z,Not applicable,FUA,FUA,_Z,Not applicable,2021,,269455,,A,Normal value,0,Units,0,Zero
DATAFLOW,OECD.CFE.EDS:DSD_FUA_DEMO@DF_AGE_SEX(1.2),Population by age and sex - Cities and FUAs,I,USA144F,St. Lucie,A,Annual,POP,Population,PS,Persons,_T,Total,_T,Total,_Z,Not applicable,FUA,FUA,_Z,Not applicable,2021,,344300,,A,Normal value,0,Units,0,Zero
DATAFLOW,OECD.CFE.EDS:DSD_FUA_DEMO@DF_AGE_SEX(1.2),Population by age and sex - Cities and FUAs,I,USA145F,Nashville,A,Annual,POP,Population,PS,Persons,_T,Total,_T,Total,_Z,Not applicable,FUA,FUA,_Z,Not applicable,2021,,365778,,A,Normal value,0,Units,0,Zero
DATAFLOW,OECD.CFE.EDS:DSD_FUA_DEMO@DF_AGE_SEX(1.2),Population by age and sex - Cities and FUAs,I,USA146F,Atlantic City,A,Annual,POP,Population,PS,Persons,_T,Total,_T,Total,_Z,Not applicable,FUA,FUA,_Z,Not applicable,2021,,274991,,A,Normal value,0,Units,0,Zero
DATAFLOW,OECD.CFE.EDS:DSD_FUA_DEMO@DF_AGE_SEX(1.2),Population by age and sex - Cities and FUAs,I,USA147F,McLennan,A,Annual,POP,Population,PS,Persons,_T,Total,_T,Total,_Z,Not applicable,FUA,FUA,_Z,Not applicable,2021,,299356,,A,Normal value,0,Units,0,Zero
DATAFLOW,OECD.CFE.EDS:DSD_FUA_DEMO@DF_AGE_SEX(1.2),Population by age and sex - Cities and FUAs,I,USA148F,Durham,A,Annual,POP,Population,PS,Persons,_T,Total,_T,Total,_Z,Not applicable,FUA,FUA,_Z,Not applicable,2021,,326826,,A,Normal value,0,Units,0,Zero
DATAFLOW,OECD.CFE.EDS:DSD_FUA_DEMO@DF_AGE_SEX(1.2),Population by age and sex - Cities and FUAs,I,USA149F,Lackawanna,A,Annual,POP,Population,PS,Persons,_T,Total,_T,Total,_Z,Not applicable,FUA,FUA,_Z,Not applicable,2021,,267264,,A,Normal value,0,Units,0,Zero
DATAFLOW,OECD.CFE.EDS:DSD_FUA_DEMO@DF_AGE_SEX(1.2),Population by age and sex - Cities and FUAs,I,USA14F,Seattle,A,Annual,POP,Population,PS,Persons,_T,Total,_T,Total,_Z,Not applicable,FUA,FUA,_Z,Not applicable,2021,,4017215,,A,Normal value,0,Units,0,Zero
DATAFLOW,OECD.CFE.EDS:DSD_FUA_DEMO@DF_AGE_SEX(1.2),Population by age and sex - Cities and FUAs,I,USA150F,St. Joseph,A,Annual,POP,Population,PS,Persons,_T,Total,_T,Total,_Z,Not applicable,FUA,FUA,_Z,Not applicable,2021,,272315,,A,Normal value,0,Units,0,Zero
DATAFLOW,OECD.CFE.EDS:DSD_FUA_DEMO@DF_AGE_SEX(1.2),Population by age and sex - Cities and FUAs,I,USA151F,Santa Cruz,A,Annual,POP,Population,PS,Persons,_T,Total,_T,Total,_Z,Not applicable,FUA,FUA,_Z,Not applicable,2021,,260904,,A,Normal value,0,Units,0,Zero
DATAFLOW,OECD.CFE.EDS:DSD_FUA_DEMO@DF_AGE_SEX(1.2),Population by age and sex - Cities and FUAs,I,USA152F,Webb,A,Annual,POP,Population,PS,Persons,_T,Total,_T,Total,_Z,Not applicable,FUA,FUA,_Z,Not applicable,2021,,274163,,A,Normal value,0,Units,0,Zero
DATAFLOW,OECD.CFE.EDS:DSD_FUA_DEMO@DF_AGE_SEX(1.2),Population by age and sex - Cities and FUAs,I,USA153F,Minnehaha,A,Annual,POP,Population,PS,Persons,_T,Total,_T,Total,_Z,Not applicable,FUA,FUA,_Z,Not applicable,2021,,310406,,A,Normal value,0,Units,0,Zero
DATAFLOW,OECD.CFE.EDS:DSD_FUA_DEMO@DF_AGE_SEX(1.2),Population by age and sex - Cities and FUAs,I,USA154F,Merced,A,Annual,POP,Population,PS,Persons,_T,Total,_T,Total,_Z,Not applicable,FUA,FUA,_Z,Not applicable,2021,,284834,,A,Normal value,0,Units,0,Zero
DATAFLOW,OECD.CFE.EDS:DSD_FUA_DEMO@DF_AGE_SEX(1.2),Population by age and sex - Cities and FUAs,I,USA155F,Benton (WA),A,Annual,POP,Population,PS,Persons,_T,Total,_T,Total,_Z,Not applicable,FUA,FUA,_Z,Not applicable,2021,,308734,,A,Normal value,0,Units,0,Zero
DATAFLOW,OECD.CFE.EDS:DSD_FUA_DEMO@DF_AGE_SEX(1.2),Population by age and sex - Cities and FUAs,I,USA156F,Weld,A,Annual,POP,Population,PS,Persons,_T,Total,_T,Total,_Z,Not applicable,FUA,FUA,_Z,Not applicable,2021,,339942,,A,Normal value,0,Units,0,Zero
DATAFLOW,OECD.CFE.EDS:DSD_FUA_DEMO@DF_AGE_SEX(1.2),Population by age and sex - Cities and FUAs,I,USA157F,Kalamazoo,A,Annual,POP,Population,PS,Persons,_T,Total,_T,Total,_Z,Not applicable,FUA,FUA,_Z,Not applicable,2021,,260566,,A,Normal value,0,Units,0,Zero
DATAFLOW,OECD.CFE.EDS:DSD_FUA_DEMO@DF_AGE_SEX(1.2),Population by age and sex - Cities and FUAs,I,USA158F,Butte,A,Annual,POP,Population,PS,Persons,_T,Total,_T,Total,_Z,Not applicable,FUA,FUA,_Z,Not applicable,2021,,235065,,A,Normal value,0,Units,0,Zero
DATAFLOW,OECD.CFE.EDS:DSD_FUA_DEMO@DF_AGE_SEX(1.2),Population by age and sex - Cities and FUAs,I,USA159F,Sangamon,A,Annual,POP,Population,PS,Persons,_T,Total,_T,Total,_Z,Not applicable,FUA,FUA,_Z,Not applicable,2021,,241369,,A,Normal value,0,Units,0,Zero
DATAFLOW,OECD.CFE.EDS:DSD_FUA_DEMO@DF_AGE_SEX(1.2),Population by age and sex - Cities and FUAs,I,USA15F,Minneapolis,A,Annual,POP,Population,PS,Persons,_T,Total,_T,Total,_Z,Not applicable,FUA,FUA,_Z,Not applicable,2021,,3657091,,A,Normal value,0,Units,0,Zero
DATAFLOW,OECD.CFE.EDS:DSD_FUA_DEMO@DF_AGE_SEX(1.2),Population by age and sex - Cities and FUAs,I,USA160F,Yakima,A,Annual,POP,Population,PS,Persons,_T,Total,_T,Total,_Z,Not applicable,FUA,FUA,_Z,Not applicable,2021,,256743,,A,Normal value,0,Units,0,Zero
DATAFLOW,OECD.CFE.EDS:DSD_FUA_DEMO@DF_AGE_SEX(1.2),Population by age and sex - Cities and FUAs,I,USA161F,Brazos,A,Annual,POP,Population,PS,Persons,_T,Total,_T,Total,_Z,Not applicable,FUA,FUA,_Z,Not applicable,2021,,286211,,A,Normal value,0,Units,0,Zero
DATAFLOW,OECD.CFE.EDS:DSD_FUA_DEMO@DF_AGE_SEX(1.2),Population by age and sex - Cities and FUAs,I,USA162F,Tuscaloosa,A,Annual,POP,Population,PS,Persons,_T,Total,_T,Total,_Z,Not applicable,FUA,FUA,_Z,Not applicable,2021,,277612,,A,Normal value,0,Units,0,Zero
DATAFLOW,OECD.CFE.EDS:DSD_FUA_DEMO@DF_AGE_SEX(1.2),Population by age and sex - Cities and FUAs,I,USA163F,Champaign,A,Annual,POP,Population,PS,Persons,_T,Total,_T,Total,_Z,Not applicable,FUA,FUA,_Z,Not applicable,2021,,243710,,A,Normal value,0,Units,0,Zero
DATAFLOW,OECD.CFE.EDS:DSD_FUA_DEMO@DF_AGE_SEX(1.2),Population by age and sex - Cities and FUAs,I,USA164F,Linn,A,Annual,POP,Population,PS,Persons,_T,Total,_T,Total,_Z,Not applicable,FUA,FUA,_Z,Not applicable,2021,,255219,,A,Normal value,0,Units,0,Zero
DATAFLOW,OECD.CFE.EDS:DSD_FUA_DEMO@DF_AGE_SEX(1.2),Population by age and sex - Cities and FUAs,I,USA165F,Lafayette (IN),A,Annual,POP,Population,PS,Persons,_T,Total,_T,Total,_Z,Not applicable,FUA,FUA,_Z,Not applicable,2021,,249726,,A,Normal value,0,Units,0,Zero
DATAFLOW,OECD.CFE.EDS:DSD_FUA_DEMO@DF_AGE_SEX(1.2),Population by age and sex - Cities and FUAs,I,USA166F,Shawnee,A,Annual,POP,Population,PS,Persons,_T,Total,_T,Total,_Z,Not applicable,FUA,FUA,_Z,Not applicable,2021,,232847,,A,Normal value,0,Units,0,Zero
DATAFLOW,OECD.CFE.EDS:DSD_FUA_DEMO@DF_AGE_SEX(1.2),Population by age and sex - Cities and FUAs,I,USA167F,Weber,A,Annual,POP,Population,PS,Persons,_T,Total,_T,Total,_Z,Not applicable,FUA,FUA,_Z,Not applicable,2021,,266613,,A,Normal value,0,Units,0,Zero
DATAFLOW,OECD.CFE.EDS:DSD_FUA_DEMO@DF_AGE_SEX(1.2),Population by age and sex - Cities and FUAs,I,USA168F,Outagamie,A,Annual,POP,Population,PS,Persons,_T,Total,_T,Total,_Z,Not applicable,FUA,FUA,_Z,Not applicable,2021,,243961,,A,Normal value,0,Units,0,Zero
DATAFLOW,OECD.CFE.EDS:DSD_FUA_DEMO@DF_AGE_SEX(1.2),Population by age and sex - Cities and FUAs,I,USA169F,Cass,A,Annual,POP,Population,PS,Persons,_T,Total,_T,Total,_Z,Not applicable,FUA,FUA,_Z,Not applicable,2021,,267860,,A,Normal value,0,Units,0,Zero
DATAFLOW,OECD.CFE.EDS:DSD_FUA_DEMO@DF_AGE_SEX(1.2),Population by age and sex - Cities and FUAs,I,USA16F,San Diego,A,Annual,POP,Population,PS,Persons,_T,Total,_T,Total,_Z,Not applicable,FUA,FUA,_Z,Not applicable,2021,,3274244,,A,Normal value,0,Units,0,Zero
DATAFLOW,OECD.CFE.EDS:DSD_FUA_DEMO@DF_AGE_SEX(1.2),Population by age and sex - Cities and FUAs,I,USA170F,Benton (AR),A,Annual,POP,Population,PS,Persons,_T,Total,_T,Total,_Z,Not applicable,FUA,FUA,_Z,Not applicable,2021,,294168,,A,Normal value,0,Units,0,Zero
DATAFLOW,OECD.CFE.EDS:DSD_FUA_DEMO@DF_AGE_SEX(1.2),Population by age and sex - Cities and FUAs,I,USA171F,Las Cruces,A,Annual,POP,Population,PS,Persons,_T,Total,_T,Total,_Z,Not applicable,FUA,FUA,_Z,Not applicable,2021,,221756,,A,Normal value,0,Units,0,Zero
DATAFLOW,OECD.CFE.EDS:DSD_FUA_DEMO@DF_AGE_SEX(1.2),Population by age and sex - Cities and FUAs,I,USA172F,Rochester (MN),A,Annual,POP,Population,PS,Persons,_T,Total,_T,Total,_Z,Not applicable,FUA,FUA,_Z,Not applicable,2021,,227556,,A,Normal value,0,Units,0,Zero
DATAFLOW,OECD.CFE.EDS:DSD_FUA_DEMO@DF_AGE_SEX(1.2),Population by age and sex - Cities and FUAs,I,USA173F,Jackson (OR),A,Annual,POP,Population,PS,Persons,_T,Total,_T,Total,_Z,Not applicable,FUA,FUA,_Z,Not applicable,2021,,224649,,A,Normal value,0,Units,0,Zero
DATAFLOW,OECD.CFE.EDS:DSD_FUA_DEMO@DF_AGE_SEX(1.2),Population by age and sex - Cities and FUAs,I,USA174F,New Hanover,A,Annual,POP,Population,PS,Persons,_T,Total,_T,Total,_Z,Not applicable,FUA,FUA,_Z,Not applicable,2021,,230167,,A,Normal value,0,Units,0,Zero
DATAFLOW,OECD.CFE.EDS:DSD_FUA_DEMO@DF_AGE_SEX(1.2),Population by age and sex - Cities and FUAs,I,USA175F,Whatcom,A,Annual,POP,Population,PS,Persons,_T,Total,_T,Total,_Z,Not applicable,FUA,FUA,_Z,Not applicable,2021,,226725,,A,Normal value,0,Units,0,Zero
DATAFLOW,OECD.CFE.EDS:DSD_FUA_DEMO@DF_AGE_SEX(1.2),Population by age and sex - Cities and FUAs,I,USA176F,Broome,A,Annual,POP,Population,PS,Persons,_T,Total,_T,Total,_Z,Not applicable,FUA,FUA,_Z,Not applicable,2021,,198596,,A,Normal value,0,Units,0,Zero
DATAFLOW,OECD.CFE.EDS:DSD_FUA_DEMO@DF_AGE_SEX(1.2),Population by age and sex - Cities and FUAs,I,USA177F,Saginaw,A,Annual,POP,Population,PS,Persons,_T,Total,_T,Total,_Z,Not applicable,FUA,FUA,_Z,Not applicable,2021,,189533,,A,Normal value,0,Units,0,Zero
DATAFLOW,OECD.CFE.EDS:DSD_FUA_DEMO@DF_AGE_SEX(1.2),Population by age and sex - Cities and FUAs,I,USA178F,Yuma,A,Annual,POP,Population,PS,Persons,_T,Total,_T,Total,_Z,Not applicable,FUA,FUA,_Z,Not applicable,2021,,207743,,A,Normal value,0,Units,0,Zero
DATAFLOW,OECD.CFE.EDS:DSD_FUA_DEMO@DF_AGE_SEX(1.2),Population by age and sex - Cities and FUAs,I,USA179F,Racine,A,Annual,POP,Population,PS,Persons,_T,Total,_T,Total,_Z,Not applicable,FUA,FUA,_Z,Not applicable,2021,,196829,,A,Normal value,0,Units,0,Zero
DATAFLOW,OECD.CFE.EDS:DSD_FUA_DEMO@DF_AGE_SEX(1.2),Population by age and sex - Cities and FUAs,I,USA17F,St. Louis,A,Annual,POP,Population,PS,Persons,_T,Total,_T,Total,_Z,Not applicable,FUA,FUA,_Z,Not applicable,2021,,2609987,,A,Normal value,0,Units,0,Zero
DATAFLOW,OECD.CFE.EDS:DSD_FUA_DEMO@DF_AGE_SEX(1.2),Population by age and sex - Cities and FUAs,I,USA180F,Punta Gorda,A,Annual,POP,Population,PS,Persons,_T,Total,_T,Total,_Z,Not applicable,FUA,FUA,_Z,Not applicable,2021,,229323,,A,Normal value,0,Units,0,Zero
DATAFLOW,OECD.CFE.EDS:DSD_FUA_DEMO@DF_AGE_SEX(1.2),Population by age and sex - Cities and FUAs,I,USA181F,Benton (MN),A,Annual,POP,Population,PS,Persons,_T,Total,_T,Total,_Z,Not applicable,FUA,FUA,_Z,Not applicable,2021,,200760,,A,Normal value,0,Units,0,Zero
DATAFLOW,OECD.CFE.EDS:DSD_FUA_DEMO@DF_AGE_SEX(1.2),Population by age and sex - Cities and FUAs,I,USA182F,Harrison,A,Annual,POP,Population,PS,Persons,_T,Total,_T,Total,_Z,Not applicable,FUA,FUA,_Z,Not applicable,2021,,209526,,A,Normal value,0,Units,0,Zero
DATAFLOW,OECD.CFE.EDS:DSD_FUA_DEMO@DF_AGE_SEX(1.2),Population by age and sex - Cities and FUAs,I,USA183F,McLean,A,Annual,POP,Population,PS,Persons,_T,Total,_T,Total,_Z,Not applicable,FUA,FUA,_Z,Not applicable,2021,,186821,,A,Normal value,0,Units,0,Zero
DATAFLOW,OECD.CFE.EDS:DSD_FUA_DEMO@DF_AGE_SEX(1.2),Population by age and sex - Cities and FUAs,I,USA184F,Woodbury,A,Annual,POP,Population,PS,Persons,_T,Total,_T,Total,_Z,Not applicable,FUA,FUA,_Z,Not applicable,2021,,190484,,A,Normal value,0,Units,0,Zero
DATAFLOW,OECD.CFE.EDS:DSD_FUA_DEMO@DF_AGE_SEX(1.2),Population by age and sex - Cities and FUAs,I,USA185F,Tampa-Hernando,A,Annual,POP,Population,PS,Persons,_T,Total,_T,Total,_Z,Not applicable,FUA,FUA,_Z,Not applicable,2021,,200727,,A,Normal value,0,Units,0,Zero
DATAFLOW,OECD.CFE.EDS:DSD_FUA_DEMO@DF_AGE_SEX(1.2),Population by age and sex - Cities and FUAs,I,USA186F,Muskegon,A,Annual,POP,Population,PS,Persons,_T,Total,_T,Total,_Z,Not applicable,FUA,FUA,_Z,Not applicable,2021,,175581,,A,Normal value,0,Units,0,Zero
DATAFLOW,OECD.CFE.EDS:DSD_FUA_DEMO@DF_AGE_SEX(1.2),Population by age and sex - Cities and FUAs,I,USA187F,Johnson,A,Annual,POP,Population,PS,Persons,_T,Total,_T,Total,_Z,Not applicable,FUA,FUA,_Z,Not applicable,2021,,194156,,A,Normal value,0,Units,0,Zero
DATAFLOW,OECD.CFE.EDS:DSD_FUA_DEMO@DF_AGE_SEX(1.2),Population by age and sex - Cities and FUAs,I,USA188F,Taylor,A,Annual,POP,Population,PS,Persons,_T,Total,_T,Total,_Z,Not applicable,FUA,FUA,_Z,Not applicable,2021,,181109,,A,Normal value,0,Units,0,Zero
DATAFLOW,OECD.CFE.EDS:DSD_FUA_DEMO@DF_AGE_SEX(1.2),Population by age and sex - Cities and FUAs,I,USA189F,Pitt,A,Annual,POP,Population,PS,Persons,_T,Total,_T,Total,_Z,Not applicable,FUA,FUA,_Z,Not applicable,2021,,175491,,A,Normal value,0,Units,0,Zero
DATAFLOW,OECD.CFE.EDS:DSD_FUA_DEMO@DF_AGE_SEX(1.2),Population by age and sex - Cities and FUAs,I,USA18F,Denver,A,Annual,POP,Population,PS,Persons,_T,Total,_T,Total,_Z,Not applicable,FUA,FUA,_Z,Not applicable,2021,,2978410,,A,Normal value,0,Units,0,Zero
DATAFLOW,OECD.CFE.EDS:DSD_FUA_DEMO@DF_AGE_SEX(1.2),Population by age and sex - Cities and FUAs,I,USA190F,Winnebago (WI),A,Annual,POP,Population,PS,Persons,_T,Total,_T,Total,_Z,Not applicable,FUA,FUA,_Z,Not applicable,2021,,170590,,A,Normal value,0,Units,0,Zero
DATAFLOW,OECD.CFE.EDS:DSD_FUA_DEMO@DF_AGE_SEX(1.2),Population by age and sex - Cities and FUAs,I,USA191F,Sutter,A,Annual,POP,Population,PS,Persons,_T,Total,_T,Total,_Z,Not applicable,FUA,FUA,_Z,Not applicable,2021,,182156,,A,Normal value,0,Units,0,Zero
DATAFLOW,OECD.CFE.EDS:DSD_FUA_DEMO@DF_AGE_SEX(1.2),Population by age and sex - Cities and FUAs,I,USA192F,Rock,A,Annual,POP,Population,PS,Persons,_T,Total,_T,Total,_Z,Not applicable,FUA,FUA,_Z,Not applicable,2021,,164128,,A,Normal value,0,Units,0,Zero
DATAFLOW,OECD.CFE.EDS:DSD_FUA_DEMO@DF_AGE_SEX(1.2),Population by age and sex - Cities and FUAs,I,USA193F,Pueblo,A,Annual,POP,Population,PS,Persons,_T,Total,_T,Total,_Z,Not applicable,FUA,FUA,_Z,Not applicable,2021,,169354,,A,Normal value,0,Units,0,Zero
DATAFLOW,OECD.CFE.EDS:DSD_FUA_DEMO@DF_AGE_SEX(1.2),Population by age and sex - Cities and FUAs,I,USA194F,Centre,A,Annual,POP,Population,PS,Persons,_T,Total,_T,Total,_Z,Not applicable,FUA,FUA,_Z,Not applicable,2021,,158008,,A,Normal value,0,Units,0,Zero
DATAFLOW,OECD.CFE.EDS:DSD_FUA_DEMO@DF_AGE_SEX(1.2),Population by age and sex - Cities and FUAs,I,USA195F,Yellowstone,A,Annual,POP,Population,PS,Persons,_T,Total,_T,Total,_Z,Not applicable,FUA,FUA,_Z,Not applicable,2021,,173174,,A,Normal value,0,Units,0,Zero
DATAFLOW,OECD.CFE.EDS:DSD_FUA_DEMO@DF_AGE_SEX(1.2),Population by age and sex - Cities and FUAs,I,USA196F,Wichita,A,Annual,POP,Population,PS,Persons,_T,Total,_T,Total,_Z,Not applicable,FUA,FUA,_Z,Not applicable,2021,,149118,,A,Normal value,0,Units,0,Zero
DATAFLOW,OECD.CFE.EDS:DSD_FUA_DEMO@DF_AGE_SEX(1.2),Population by age and sex - Cities and FUAs,I,USA197F,Washington (MD),A,Annual,POP,Population,PS,Persons,_T,Total,_T,Total,_Z,Not applicable,FUA,FUA,_Z,Not applicable,2021,,155117,,A,Normal value,0,Units,0,Zero
DATAFLOW,OECD.CFE.EDS:DSD_FUA_DEMO@DF_AGE_SEX(1.2),Population by age and sex - Cities and FUAs,I,USA198F,Mesa,A,Annual,POP,Population,PS,Persons,_T,Total,_T,Total,_Z,Not applicable,FUA,FUA,_Z,Not applicable,2021,,157458,,A,Normal value,0,Units,0,Zero
DATAFLOW,OECD.CFE.EDS:DSD_FUA_DEMO@DF_AGE_SEX(1.2),Population by age and sex - Cities and FUAs,I,USA199F,Midland,A,Annual,POP,Population,PS,Persons,_T,Total,_T,Total,_Z,Not applicable,FUA,FUA,_Z,Not applicable,2021,,174991,,A,Normal value,0,Units,0,Zero
DATAFLOW,OECD.CFE.EDS:DSD_FUA_DEMO@DF_AGE_SEX(1.2),Population by age and sex - Cities and FUAs,I,USA19F,San Antonio,A,Annual,POP,Population,PS,Persons,_T,Total,_T,Total,_Z,Not applicable,FUA,FUA,_Z,Not applicable,2021,,2623727,,A,Normal value,0,Units,0,Zero
DATAFLOW,OECD.CFE.EDS:DSD_FUA_DEMO@DF_AGE_SEX(1.2),Population by age and sex - Cities and FUAs,I,USA200F,Ector,A,Annual,POP,Population,PS,Persons,_T,Total,_T,Total,_Z,Not applicable,FUA,FUA,_Z,Not applicable,2021,,165445,,A,Normal value,0,Units,0,Zero
DATAFLOW,OECD.CFE.EDS:DSD_FUA_DEMO@DF_AGE_SEX(1.2),Population by age and sex - Cities and FUAs,I,USA201F,Comanche,A,Annual,POP,Population,PS,Persons,_T,Total,_T,Total,_Z,Not applicable,FUA,FUA,_Z,Not applicable,2021,,136172,,A,Normal value,0,Units,0,Zero
DATAFLOW,OECD.CFE.EDS:DSD_FUA_DEMO@DF_AGE_SEX(1.2),Population by age and sex - Cities and FUAs,I,USA202F,Indian River,A,Annual,POP,Population,PS,Persons,_T,Total,_T,Total,_Z,Not applicable,FUA,FUA,_Z,Not applicable,2021,,163903,,A,Normal value,0,Units,0,Zero
DATAFLOW,OECD.CFE.EDS:DSD_FUA_DEMO@DF_AGE_SEX(1.2),Population by age and sex - Cities and FUAs,I,USA203F,Monroe (IN),A,Annual,POP,Population,PS,Persons,_T,Total,_T,Total,_Z,Not applicable,FUA,FUA,_Z,Not applicable,2021,,141243,,A,Normal value,0,Units,0,Zero
DATAFLOW,OECD.CFE.EDS:DSD_FUA_DEMO@DF_AGE_SEX(1.2),Population by age and sex - Cities and FUAs,I,USA204F,Napa,A,Annual,POP,Population,PS,Persons,_T,Total,_T,Total,_Z,Not applicable,FUA,FUA,_Z,Not applicable,2021,,136219,,A,Normal value,0,Units,0,Zero
DATAFLOW,OECD.CFE.EDS:DSD_FUA_DEMO@DF_AGE_SEX(1.2),Population by age and sex - Cities and FUAs,I,USA205F,Delaware,A,Annual,POP,Population,PS,Persons,_T,Total,_T,Total,_Z,Not applicable,FUA,FUA,_Z,Not applicable,2021,,112059,,A,Normal value,0,Units,0,Zero
DATAFLOW,OECD.CFE.EDS:DSD_FUA_DEMO@DF_AGE_SEX(1.2),Population by age and sex - Cities and FUAs,I,USA206F,Kankakee,A,Annual,POP,Population,PS,Persons,_T,Total,_T,Total,_Z,Not applicable,FUA,FUA,_Z,Not applicable,2021,,106757,,A,Normal value,0,Units,0,Zero
DATAFLOW,OECD.CFE.EDS:DSD_FUA_DEMO@DF_AGE_SEX(1.2),Population by age and sex - Cities and FUAs,I,USA207F,Terrebonne,A,Annual,POP,Population,PS,Persons,_T,Total,_T,Total,_Z,Not applicable,FUA,FUA,_Z,Not applicable,2021,,108973,,A,Normal value,0,Units,0,Zero
DATAFLOW,OECD.CFE.EDS:DSD_FUA_DEMO@DF_AGE_SEX(1.2),Population by age and sex - Cities and FUAs,I,USA208F,Douglas (KS),A,Annual,POP,Population,PS,Persons,_T,Total,_T,Total,_Z,Not applicable,FUA,FUA,_Z,Not applicable,2021,,119503,,A,Normal value,0,Units,0,Zero
DATAFLOW,OECD.CFE.EDS:DSD_FUA_DEMO@DF_AGE_SEX(1.2),Population by age and sex - Cities and FUAs,I,USA209F,Flagler-Daytona Beach,A,Annual,POP,Population,PS,Persons,_T,Total,_T,Total,_Z,Not applicable,FUA,FUA,_Z,Not applicable,2021,,120996,,A,Normal value,0,Units,0,Zero
DATAFLOW,OECD.CFE.EDS:DSD_FUA_DEMO@DF_AGE_SEX(1.2),Population by age and sex - Cities and FUAs,I,USA20F,Portland,A,Annual,POP,Population,PS,Persons,_T,Total,_T,Total,_Z,Not applicable,FUA,FUA,_Z,Not applicable,2021,,2409235,,A,Normal value,0,Units,0,Zero
DATAFLOW,OECD.CFE.EDS:DSD_FUA_DEMO@DF_AGE_SEX(1.2),Population by age and sex - Cities and FUAs,I,USA210F,Sumter,A,Annual,POP,Population,PS,Persons,_T,Total,_T,Total,_Z,Not applicable,FUA,FUA,_Z,Not applicable,2021,,134908,,A,Normal value,0,Units,0,Zero
DATAFLOW,OECD.CFE.EDS:DSD_FUA_DEMO@DF_AGE_SEX(1.2),Population by age and sex - Cities and FUAs,I,USA211F,Maverick,A,Annual,POP,Population,PS,Persons,_T,Total,_T,Total,_Z,Not applicable,FUA,FUA,_Z,Not applicable,2021,,57690,,A,Normal value,0,Units,0,Zero
DATAFLOW,OECD.CFE.EDS:DSD_FUA_DEMO@DF_AGE_SEX(1.2),Population by age and sex - Cities and FUAs,I,USA21F,Cincinnati,A,Annual,POP,Population,PS,Persons,_T,Total,_T,Total,_Z,Not applicable,FUA,FUA,_Z,Not applicable,2021,,2186200,,A,Normal value,0,Units,0,Zero
DATAFLOW,OECD.CFE.EDS:DSD_FUA_DEMO@DF_AGE_SEX(1.2),Population by age and sex - Cities and FUAs,I,USA22F,Las Vegas,A,Annual,POP,Population,PS,Persons,_T,Total,_T,Total,_Z,Not applicable,FUA,FUA,_Z,Not applicable,2021,,2354386,,A,Normal value,0,Units,0,Zero
DATAFLOW,OECD.CFE.EDS:DSD_FUA_DEMO@DF_AGE_SEX(1.2),Population by age and sex - Cities and FUAs,I,USA23F,Orange,A,Annual,POP,Population,PS,Persons,_T,Total,_T,Total,_Z,Not applicable,FUA,FUA,_Z,Not applicable,2021,,2699313,,A,Normal value,0,Units,0,Zero
DATAFLOW,OECD.CFE.EDS:DSD_FUA_DEMO@DF_AGE_SEX(1.2),Population by age and sex - Cities and FUAs,I,USA24F,Jackson (MO),A,Annual,POP,Population,PS,Persons,_T,Total,_T,Total,_Z,Not applicable,FUA,FUA,_Z,Not applicable,2021,,2122816,,A,Normal value,0,Units,0,Zero
DATAFLOW,OECD.CFE.EDS:DSD_FUA_DEMO@DF_AGE_SEX(1.2),Population by age and sex - Cities and FUAs,I,USA25F,Indianapolis,A,Annual,POP,Population,PS,Persons,_T,Total,_T,Total,_Z,Not applicable,FUA,FUA,_Z,Not applicable,2021,,2113913,,A,Normal value,0,Units,0,Zero
DATAFLOW,OECD.CFE.EDS:DSD_FUA_DEMO@DF_AGE_SEX(1.2),Population by age and sex - Cities and FUAs,I,USA26F,Cuyahoga,A,Annual,POP,Population,PS,Persons,_T,Total,_T,Total,_Z,Not applicable,FUA,FUA,_Z,Not applicable,2021,,2073416,,A,Normal value,0,Units,0,Zero
DATAFLOW,OECD.CFE.EDS:DSD_FUA_DEMO@DF_AGE_SEX(1.2),Population by age and sex - Cities and FUAs,I,USA27F,New Haven,A,Annual,POP,Population,PS,Persons,_T,Total,_T,Total,_Z,Not applicable,FUA,FUA,_Z,Not applicable,2021,,1971782,,A,Normal value,0,Units,0,Zero
DATAFLOW,OECD.CFE.EDS:DSD_FUA_DEMO@DF_AGE_SEX(1.2),Population by age and sex - Cities and FUAs,I,USA28F,Charlotte,A,Annual,POP,Population,PS,Persons,_T,Total,_T,Total,_Z,Not applicable,FUA,FUA,_Z,Not applicable,2021,,2122071,,A,Normal value,0,Units,0,Zero
DATAFLOW,OECD.CFE.EDS:DSD_FUA_DEMO@DF_AGE_SEX(1.2),Population by age and sex - Cities and FUAs,I,USA29F,Sacramento,A,Annual,POP,Population,PS,Persons,_T,Total,_T,Total,_Z,Not applicable,FUA,FUA,_Z,Not applicable,2021,,2409061,,A,Normal value,0,Units,0,Zero
DATAFLOW,OECD.CFE.EDS:DSD_FUA_DEMO@DF_AGE_SEX(1.2),Population by age and sex - Cities and FUAs,I,USA30F,Austin,A,Annual,POP,Population,PS,Persons,_T,Total,_T,Total,_Z,Not applicable,FUA,FUA,_Z,Not applicable,2021,,2370975,,A,Normal value,0,Units,0,Zero
DATAFLOW,OECD.CFE.EDS:DSD_FUA_DEMO@DF_AGE_SEX(1.2),Population by age and sex - Cities and FUAs,I,USA31F,Columbus,A,Annual,POP,Population,PS,Persons,_T,Total,_T,Total,_Z,Not applicable,FUA,FUA,_Z,Not applicable,2021,,2112107,,A,Normal value,0,Units,0,Zero
DATAFLOW,OECD.CFE.EDS:DSD_FUA_DEMO@DF_AGE_SEX(1.2),Population by age and sex - Cities and FUAs,I,USA32F,Milwaukee,A,Annual,POP,Population,PS,Persons,_T,Total,_T,Total,_Z,Not applicable,FUA,FUA,_Z,Not applicable,2021,,1563631,,A,Normal value,0,Units,0,Zero
DATAFLOW,OECD.CFE.EDS:DSD_FUA_DEMO@DF_AGE_SEX(1.2),Population by age and sex - Cities and FUAs,I,USA33F,Jacksonville,A,Annual,POP,Population,PS,Persons,_T,Total,_T,Total,_Z,Not applicable,FUA,FUA,_Z,Not applicable,2021,,1738342,,A,Normal value,0,Units,0,Zero
DATAFLOW,OECD.CFE.EDS:DSD_FUA_DEMO@DF_AGE_SEX(1.2),Population by age and sex - Cities and FUAs,I,USA34F,Salt Lake,A,Annual,POP,Population,PS,Persons,_T,Total,_T,Total,_Z,Not applicable,FUA,FUA,_Z,Not applicable,2021,,1722926,,A,Normal value,0,Units,0,Zero
DATAFLOW,OECD.CFE.EDS:DSD_FUA_DEMO@DF_AGE_SEX(1.2),Population by age and sex - Cities and FUAs,I,USA35F,Tampa-Pinellas,A,Annual,POP,Population,PS,Persons,_T,Total,_T,Total,_Z,Not applicable,FUA,FUA,_Z,Not applicable,2021,,1544993,,A,Normal value,0,Units,0,Zero
DATAFLOW,OECD.CFE.EDS:DSD_FUA_DEMO@DF_AGE_SEX(1.2),Population by age and sex - Cities and FUAs,I,USA36F,Jefferson (KY),A,Annual,POP,Population,PS,Persons,_T,Total,_T,Total,_Z,Not applicable,FUA,FUA,_Z,Not applicable,2021,,1425999,,A,Normal value,0,Units,0,Zero
DATAFLOW,OECD.CFE.EDS:DSD_FUA_DEMO@DF_AGE_SEX(1.2),Population by age and sex - Cities and FUAs,I,USA37F,Memphis,A,Annual,POP,Population,PS,Persons,_T,Total,_T,Total,_Z,Not applicable,FUA,FUA,_Z,Not applicable,2021,,1304608,,A,Normal value,0,Units,0,Zero
DATAFLOW,OECD.CFE.EDS:DSD_FUA_DEMO@DF_AGE_SEX(1.2),Population by age and sex - Cities and FUAs,I,USA38F,Davidson,A,Annual,POP,Population,PS,Persons,_T,Total,_T,Total,_Z,Not applicable,FUA,FUA,_Z,Not applicable,2021,,1505491,,A,Normal value,0,Units,0,Zero
DATAFLOW,OECD.CFE.EDS:DSD_FUA_DEMO@DF_AGE_SEX(1.2),Population by age and sex - Cities and FUAs,I,USA39F,Oklahoma,A,Annual,POP,Population,PS,Persons,_T,Total,_T,Total,_Z,Not applicable,FUA,FUA,_Z,Not applicable,2021,,1403704,,A,Normal value,0,Units,0,Zero
DATAFLOW,OECD.CFE.EDS:DSD_FUA_DEMO@DF_AGE_SEX(1.2),Population by age and sex - Cities and FUAs,I,USA40F,Hartford,A,Annual,POP,Population,PS,Persons,_T,Total,_T,Total,_Z,Not applicable,FUA,FUA,_Z,Not applicable,2021,,1147394,,A,Normal value,0,Units,0,Zero
DATAFLOW,OECD.CFE.EDS:DSD_FUA_DEMO@DF_AGE_SEX(1.2),Population by age and sex - Cities and FUAs,I,USA41F,Pittsburgh,A,Annual,POP,Population,PS,Persons,_T,Total,_T,Total,_Z,Not applicable,FUA,FUA,_Z,Not applicable,2021,,1455497,,A,Normal value,0,Units,0,Zero
DATAFLOW,OECD.CFE.EDS:DSD_FUA_DEMO@DF_AGE_SEX(1.2),Population by age and sex - Cities and FUAs,I,USA42F,New Orleans,A,Annual,POP,Population,PS,Persons,_T,Total,_T,Total,_Z,Not applicable,FUA,FUA,_Z,Not applicable,2021,,1244173,,A,Normal value,0,Units,0,Zero
DATAFLOW,OECD.CFE.EDS:DSD_FUA_DEMO@DF_AGE_SEX(1.2),Population by age and sex - Cities and FUAs,I,USA43F,Virginia Beach,A,Annual,POP,Population,PS,Persons,_T,Total,_T,Total,_Z,Not applicable,FUA,FUA,_Z,Not applicable,2021,,1203405,,A,Normal value,0,Units,0,Zero
DATAFLOW,OECD.CFE.EDS:DSD_FUA_DEMO@DF_AGE_SEX(1.2),Population by age and sex - Cities and FUAs,I,USA44F,Erie (NY),A,Annual,POP,Population,PS,Persons,_T,Total,_T,Total,_Z,Not applicable,FUA,FUA,_Z,Not applicable,2021,,1164777,,A,Normal value,0,Units,0,Zero
DATAFLOW,OECD.CFE.EDS:DSD_FUA_DEMO@DF_AGE_SEX(1.2),Population by age and sex - Cities and FUAs,I,USA45F,Fresno (Greater),A,Annual,POP,Population,PS,Persons,_T,Total,_T,Total,_Z,Not applicable,FUA,FUA,_Z,Not applicable,2021,,1171898,,A,Normal value,0,Units,0,Zero
DATAFLOW,OECD.CFE.EDS:DSD_FUA_DEMO@DF_AGE_SEX(1.2),Population by age and sex - Cities and FUAs,I,USA46F,Richmond (Greater),A,Annual,POP,Population,PS,Persons,_T,Total,_T,Total,_Z,Not applicable,FUA,FUA,_Z,Not applicable,2021,,1207341,,A,Normal value,0,Units,0,Zero
DATAFLOW,OECD.CFE.EDS:DSD_FUA_DEMO@DF_AGE_SEX(1.2),Population by age and sex - Cities and FUAs,I,USA47F,Wake,A,Annual,POP,Population,PS,Persons,_T,Total,_T,Total,_Z,Not applicable,FUA,FUA,_Z,Not applicable,2021,,1379602,,A,Normal value,0,Units,0,Zero
DATAFLOW,OECD.CFE.EDS:DSD_FUA_DEMO@DF_AGE_SEX(1.2),Population by age and sex - Cities and FUAs,I,USA48F,Jefferson (AL),A,Annual,POP,Population,PS,Persons,_T,Total,_T,Total,_Z,Not applicable,FUA,FUA,_Z,Not applicable,2021,,1113565,,A,Normal value,0,Units,0,Zero
DATAFLOW,OECD.CFE.EDS:DSD_FUA_DEMO@DF_AGE_SEX(1.2),Population by age and sex - Cities and FUAs,I,USA49F,Tampa-Hillsborough,A,Annual,POP,Population,PS,Persons,_T,Total,_T,Total,_Z,Not applicable,FUA,FUA,_Z,Not applicable,2021,,1484844,,A,Normal value,0,Units,0,Zero
DATAFLOW,OECD.CFE.EDS:DSD_FUA_DEMO@DF_AGE_SEX(1.2),Population by age and sex - Cities and FUAs,I,USA50F,Pima,A,Annual,POP,Population,PS,Persons,_T,Total,_T,Total,_Z,Not applicable,FUA,FUA,_Z,Not applicable,2021,,1049083,,A,Normal value,0,Units,0,Zero
DATAFLOW,OECD.CFE.EDS:DSD_FUA_DEMO@DF_AGE_SEX(1.2),Population by age and sex - Cities and FUAs,I,USA51F,Tulsa,A,Annual,POP,Population,PS,Persons,_T,Total,_T,Total,_Z,Not applicable,FUA,FUA,_Z,Not applicable,2021,,1065238,,A,Normal value,0,Units,0,Zero
DATAFLOW,OECD.CFE.EDS:DSD_FUA_DEMO@DF_AGE_SEX(1.2),Population by age and sex - Cities and FUAs,I,USA52F,Albany,A,Annual,POP,Population,PS,Persons,_T,Total,_T,Total,_Z,Not applicable,FUA,FUA,_Z,Not applicable,2021,,1002945,,A,Normal value,0,Units,0,Zero
DATAFLOW,OECD.CFE.EDS:DSD_FUA_DEMO@DF_AGE_SEX(1.2),Population by age and sex - Cities and FUAs,I,USA53F,Providence,A,Annual,POP,Population,PS,Persons,_T,Total,_T,Total,_Z,Not applicable,FUA,FUA,_Z,Not applicable,2021,,1011633,,A,Normal value,0,Units,0,Zero
DATAFLOW,OECD.CFE.EDS:DSD_FUA_DEMO@DF_AGE_SEX(1.2),Population by age and sex - Cities and FUAs,I,USA54F,Albuquerque,A,Annual,POP,Population,PS,Persons,_T,Total,_T,Total,_Z,Not applicable,FUA,FUA,_Z,Not applicable,2021,,946742,,A,Normal value,0,Units,0,Zero
DATAFLOW,OECD.CFE.EDS:DSD_FUA_DEMO@DF_AGE_SEX(1.2),Population by age and sex - Cities and FUAs,I,USA55F,Douglas (NE),A,Annual,POP,Population,PS,Persons,_T,Total,_T,Total,_Z,Not applicable,FUA,FUA,_Z,Not applicable,2021,,979459,,A,Normal value,0,Units,0,Zero
DATAFLOW,OECD.CFE.EDS:DSD_FUA_DEMO@DF_AGE_SEX(1.2),Population by age and sex - Cities and FUAs,I,USA56F,Rochester (NY),A,Annual,POP,Population,PS,Persons,_T,Total,_T,Total,_Z,Not applicable,FUA,FUA,_Z,Not applicable,2021,,857353,,A,Normal value,0,Units,0,Zero
DATAFLOW,OECD.CFE.EDS:DSD_FUA_DEMO@DF_AGE_SEX(1.2),Population by age and sex - Cities and FUAs,I,USA57F,Kern,A,Annual,POP,Population,PS,Persons,_T,Total,_T,Total,_Z,Not applicable,FUA,FUA,_Z,Not applicable,2021,,912782,,A,Normal value,0,Units,0,Zero
DATAFLOW,OECD.CFE.EDS:DSD_FUA_DEMO@DF_AGE_SEX(1.2),Population by age and sex - Cities and FUAs,I,USA58F,Ventura,A,Annual,POP,Population,PS,Persons,_T,Total,_T,Total,_Z,Not applicable,FUA,FUA,_Z,Not applicable,2021,,840009,,A,Normal value,0,Units,0,Zero
DATAFLOW,OECD.CFE.EDS:DSD_FUA_DEMO@DF_AGE_SEX(1.2),Population by age and sex - Cities and FUAs,I,USA59F,El Paso (TX),A,Annual,POP,Population,PS,Persons,_T,Total,_T,Total,_Z,Not applicable,FUA,FUA,_Z,Not applicable,2021,,870978,,A,Normal value,0,Units,0,Zero
DATAFLOW,OECD.CFE.EDS:DSD_FUA_DEMO@DF_AGE_SEX(1.2),Population by age and sex - Cities and FUAs,I,USA60F,East Baton Rouge,A,Annual,POP,Population,PS,Persons,_T,Total,_T,Total,_Z,Not applicable,FUA,FUA,_Z,Not applicable,2021,,852093,,A,Normal value,0,Units,0,Zero
DATAFLOW,OECD.CFE.EDS:DSD_FUA_DEMO@DF_AGE_SEX(1.2),Population by age and sex - Cities and FUAs,I,USA61F,Worcester,A,Annual,POP,Population,PS,Persons,_T,Total,_T,Total,_Z,Not applicable,FUA,FUA,_Z,Not applicable,2021,,862052,,A,Normal value,0,Units,0,Zero
DATAFLOW,OECD.CFE.EDS:DSD_FUA_DEMO@DF_AGE_SEX(1.2),Population by age and sex - Cities and FUAs,I,USA62F,Hidalgo,A,Annual,POP,Population,PS,Persons,_T,Total,_T,Total,_Z,Not applicable,FUA,FUA,_Z,Not applicable,2021,,879929,,A,Normal value,0,Units,0,Zero
DATAFLOW,OECD.CFE.EDS:DSD_FUA_DEMO@DF_AGE_SEX(1.2),Population by age and sex - Cities and FUAs,I,USA63F,Richland,A,Annual,POP,Population,PS,Persons,_T,Total,_T,Total,_Z,Not applicable,FUA,FUA,_Z,Not applicable,2021,,818992,,A,Normal value,0,Units,0,Zero
DATAFLOW,OECD.CFE.EDS:DSD_FUA_DEMO@DF_AGE_SEX(1.2),Population by age and sex - Cities and FUAs,I,USA64F,Lehigh,A,Annual,POP,Population,PS,Persons,_T,Total,_T,Total,_Z,Not applicable,FUA,FUA,_Z,Not applicable,2021,,759660,,A,Normal value,0,Units,0,Zero
DATAFLOW,OECD.CFE.EDS:DSD_FUA_DEMO@DF_AGE_SEX(1.2),Population by age and sex - Cities and FUAs,I,USA65F,Sarasota,A,Annual,POP,Population,PS,Persons,_T,Total,_T,Total,_Z,Not applicable,FUA,FUA,_Z,Not applicable,2021,,862535,,A,Normal value,0,Units,0,Zero
DATAFLOW,OECD.CFE.EDS:DSD_FUA_DEMO@DF_AGE_SEX(1.2),Population by age and sex - Cities and FUAs,I,USA66F,Montgomery (OH),A,Annual,POP,Population,PS,Persons,_T,Total,_T,Total,_Z,Not applicable,FUA,FUA,_Z,Not applicable,2021,,704479,,A,Normal value,0,Units,0,Zero
DATAFLOW,OECD.CFE.EDS:DSD_FUA_DEMO@DF_AGE_SEX(1.2),Population by age and sex - Cities and FUAs,I,USA67F,San Joaquin,A,Annual,POP,Population,PS,Persons,_T,Total,_T,Total,_Z,Not applicable,FUA,FUA,_Z,Not applicable,2021,,788096,,A,Normal value,0,Units,0,Zero
DATAFLOW,OECD.CFE.EDS:DSD_FUA_DEMO@DF_AGE_SEX(1.2),Population by age and sex - Cities and FUAs,I,USA68F,Kent,A,Annual,POP,Population,PS,Persons,_T,Total,_T,Total,_Z,Not applicable,FUA,FUA,_Z,Not applicable,2021,,726340,,A,Normal value,0,Units,0,Zero
DATAFLOW,OECD.CFE.EDS:DSD_FUA_DEMO@DF_AGE_SEX(1.2),Population by age and sex - Cities and FUAs,I,USA69F,Charleston,A,Annual,POP,Population,PS,Persons,_T,Total,_T,Total,_Z,Not applicable,FUA,FUA,_Z,Not applicable,2021,,814941,,A,Normal value,0,Units,0,Zero
DATAFLOW,OECD.CFE.EDS:DSD_FUA_DEMO@DF_AGE_SEX(1.2),Population by age and sex - Cities and FUAs,I,USA70F,Onondaga,A,Annual,POP,Population,PS,Persons,_T,Total,_T,Total,_Z,Not applicable,FUA,FUA,_Z,Not applicable,2021,,657371,,A,Normal value,0,Units,0,Zero
DATAFLOW,OECD.CFE.EDS:DSD_FUA_DEMO@DF_AGE_SEX(1.2),Population by age and sex - Cities and FUAs,I,USA71F,El Paso (CO),A,Annual,POP,Population,PS,Persons,_T,Total,_T,Total,_Z,Not applicable,FUA,FUA,_Z,Not applicable,2021,,763762,,A,Normal value,0,Units,0,Zero
DATAFLOW,OECD.CFE.EDS:DSD_FUA_DEMO@DF_AGE_SEX(1.2),Population by age and sex - Cities and FUAs,I,USA72F,Ada,A,Annual,POP,Population,PS,Persons,_T,Total,_T,Total,_Z,Not applicable,FUA,FUA,_Z,Not applicable,2021,,826152,,A,Normal value,0,Units,0,Zero
DATAFLOW,OECD.CFE.EDS:DSD_FUA_DEMO@DF_AGE_SEX(1.2),Population by age and sex - Cities and FUAs,I,USA73F,Hampden,A,Annual,POP,Population,PS,Persons,_T,Total,_T,Total,_Z,Not applicable,FUA,FUA,_Z,Not applicable,2021,,627709,,A,Normal value,0,Units,0,Zero
DATAFLOW,OECD.CFE.EDS:DSD_FUA_DEMO@DF_AGE_SEX(1.2),Population by age and sex - Cities and FUAs,I,USA74F,Lee,A,Annual,POP,Population,PS,Persons,_T,Total,_T,Total,_Z,Not applicable,FUA,FUA,_Z,Not applicable,2021,,791013,,A,Normal value,0,Units,0,Zero
DATAFLOW,OECD.CFE.EDS:DSD_FUA_DEMO@DF_AGE_SEX(1.2),Population by age and sex - Cities and FUAs,I,USA75F,Sedgwick,A,Annual,POP,Population,PS,Persons,_T,Total,_T,Total,_Z,Not applicable,FUA,FUA,_Z,Not applicable,2021,,614781,,A,Normal value,0,Units,0,Zero
DATAFLOW,OECD.CFE.EDS:DSD_FUA_DEMO@DF_AGE_SEX(1.2),Population by age and sex - Cities and FUAs,I,USA76F,Polk,A,Annual,POP,Population,PS,Persons,_T,Total,_T,Total,_Z,Not applicable,FUA,FUA,_Z,Not applicable,2021,,692725,,A,Normal value,0,Units,0,Zero
DATAFLOW,OECD.CFE.EDS:DSD_FUA_DEMO@DF_AGE_SEX(1.2),Population by age and sex - Cities and FUAs,I,USA77F,Dauphin,A,Annual,POP,Population,PS,Persons,_T,Total,_T,Total,_Z,Not applicable,FUA,FUA,_Z,Not applicable,2021,,623156,,A,Normal value,0,Units,0,Zero
DATAFLOW,OECD.CFE.EDS:DSD_FUA_DEMO@DF_AGE_SEX(1.2),Population by age and sex - Cities and FUAs,I,USA78F,Lucas,A,Annual,POP,Population,PS,Persons,_T,Total,_T,Total,_Z,Not applicable,FUA,FUA,_Z,Not applicable,2021,,559875,,A,Normal value,0,Units,0,Zero
DATAFLOW,OECD.CFE.EDS:DSD_FUA_DEMO@DF_AGE_SEX(1.2),Population by age and sex - Cities and FUAs,I,USA79F,Pulaski,A,Annual,POP,Population,PS,Persons,_T,Total,_T,Total,_Z,Not applicable,FUA,FUA,_Z,Not applicable,2021,,598098,,A,Normal value,0,Units,0,Zero
DATAFLOW,OECD.CFE.EDS:DSD_FUA_DEMO@DF_AGE_SEX(1.2),Population by age and sex - Cities and FUAs,I,USA80F,Dane,A,Annual,POP,Population,PS,Persons,_T,Total,_T,Total,_Z,Not applicable,FUA,FUA,_Z,Not applicable,2021,,620228,,A,Normal value,0,Units,0,Zero
DATAFLOW,OECD.CFE.EDS:DSD_FUA_DEMO@DF_AGE_SEX(1.2),Population by age and sex - Cities and FUAs,I,USA81F,Brevard,A,Annual,POP,Population,PS,Persons,_T,Total,_T,Total,_Z,Not applicable,FUA,FUA,_Z,Not applicable,2021,,618000,,A,Normal value,0,Units,0,Zero
DATAFLOW,OECD.CFE.EDS:DSD_FUA_DEMO@DF_AGE_SEX(1.2),Population by age and sex - Cities and FUAs,I,USA82F,Summit,A,Annual,POP,Population,PS,Persons,_T,Total,_T,Total,_Z,Not applicable,FUA,FUA,_Z,Not applicable,2021,,537516,,A,Normal value,0,Units,0,Zero
DATAFLOW,OECD.CFE.EDS:DSD_FUA_DEMO@DF_AGE_SEX(1.2),Population by age and sex - Cities and FUAs,I,USA83F,Hamilton (TN),A,Annual,POP,Population,PS,Persons,_T,Total,_T,Total,_Z,Not applicable,FUA,FUA,_Z,Not applicable,2021,,568177,,A,Normal value,0,Units,0,Zero
DATAFLOW,OECD.CFE.EDS:DSD_FUA_DEMO@DF_AGE_SEX(1.2),Population by age and sex - Cities and FUAs,I,USA84F,Utah,A,Annual,POP,Population,PS,Persons,_T,Total,_T,Total,_Z,Not applicable,FUA,FUA,_Z,Not applicable,2021,,698252,,A,Normal value,0,Units,0,Zero
DATAFLOW,OECD.CFE.EDS:DSD_FUA_DEMO@DF_AGE_SEX(1.2),Population by age and sex - Cities and FUAs,I,USA85F,Lancaster (PA),A,Annual,POP,Population,PS,Persons,_T,Total,_T,Total,_Z,Not applicable,FUA,FUA,_Z,Not applicable,2021,,556364,,A,Normal value,0,Units,0,Zero
DATAFLOW,OECD.CFE.EDS:DSD_FUA_DEMO@DF_AGE_SEX(1.2),Population by age and sex - Cities and FUAs,I,USA86F,Stanislaus,A,Annual,POP,Population,PS,Persons,_T,Total,_T,Total,_Z,Not applicable,FUA,FUA,_Z,Not applicable,2021,,552939,,A,Normal value,0,Units,0,Zero
DATAFLOW,OECD.CFE.EDS:DSD_FUA_DEMO@DF_AGE_SEX(1.2),Population by age and sex - Cities and FUAs,I,USA87F,Greene,A,Annual,POP,Population,PS,Persons,_T,Total,_T,Total,_Z,Not applicable,FUA,FUA,_Z,Not applicable,2021,,547945,,A,Normal value,0,Units,0,Zero
DATAFLOW,OECD.CFE.EDS:DSD_FUA_DEMO@DF_AGE_SEX(1.2),Population by age and sex - Cities and FUAs,I,USA88F,Fayette,A,Annual,POP,Population,PS,Persons,_T,Total,_T,Total,_Z,Not applicable,FUA,FUA,_Z,Not applicable,2021,,547109,,A,Normal value,0,Units,0,Zero
DATAFLOW,OECD.CFE.EDS:DSD_FUA_DEMO@DF_AGE_SEX(1.2),Population by age and sex - Cities and FUAs,I,USA89F,Spokane,A,Annual,POP,Population,PS,Persons,_T,Total,_T,Total,_Z,Not applicable,FUA,FUA,_Z,Not applicable,2021,,570722,,A,Normal value,0,Units,0,Zero
DATAFLOW,OECD.CFE.EDS:DSD_FUA_DEMO@DF_AGE_SEX(1.2),Population by age and sex - Cities and FUAs,I,USA90F,Volusia-Daytona Beach,A,Annual,POP,Population,PS,Persons,_T,Total,_T,Total,_Z,Not applicable,FUA,FUA,_Z,Not applicable,2021,,566481,,A,Normal value,0,Units,0,Zero
DATAFLOW,OECD.CFE.EDS:DSD_FUA_DEMO@DF_AGE_SEX(1.2),Population by age and sex - Cities and FUAs,I,USA91F,Guilford,A,Annual,POP,Population,PS,Persons,_T,Total,_T,Total,_Z,Not applicable,FUA,FUA,_Z,Not applicable,2021,,542050,,A,Normal value,0,Units,0,Zero
DATAFLOW,OECD.CFE.EDS:DSD_FUA_DEMO@DF_AGE_SEX(1.2),Population by age and sex - Cities and FUAs,I,USA92F,Sonoma,A,Annual,POP,Population,PS,Persons,_T,Total,_T,Total,_Z,Not applicable,FUA,FUA,_Z,Not applicable,2021,,484561,,A,Normal value,0,Units,0,Zero
DATAFLOW,OECD.CFE.EDS:DSD_FUA_DEMO@DF_AGE_SEX(1.2),Population by age and sex - Cities and FUAs,I,USA93F,Forsyth,A,Annual,POP,Population,PS,Persons,_T,Total,_T,Total,_Z,Not applicable,FUA,FUA,_Z,Not applicable,2021,,511320,,A,Normal value,0,Units,0,Zero
DATAFLOW,OECD.CFE.EDS:DSD_FUA_DEMO@DF_AGE_SEX(1.2),Population by age and sex - Cities and FUAs,I,USA94F,Washoe,A,Annual,POP,Population,PS,Persons,_T,Total,_T,Total,_Z,Not applicable,FUA,FUA,_Z,Not applicable,2021,,559494,,A,Normal value,0,Units,0,Zero
DATAFLOW,OECD.CFE.EDS:DSD_FUA_DEMO@DF_AGE_SEX(1.2),Population by age and sex - Cities and FUAs,I,USA95F,Ingham,A,Annual,POP,Population,PS,Persons,_T,Total,_T,Total,_Z,Not applicable,FUA,FUA,_Z,Not applicable,2021,,460015,,A,Normal value,0,Units,0,Zero
DATAFLOW,OECD.CFE.EDS:DSD_FUA_DEMO@DF_AGE_SEX(1.2),Population by age and sex - Cities and FUAs,I,USA96F,Montgomery (AL),A,Annual,POP,Population,PS,Persons,_T,Total,_T,Total,_Z,Not applicable,FUA,FUA,_Z,Not applicable,2021,,459525,,A,Normal value,0,Units,0,Zero
DATAFLOW,OECD.CFE.EDS:DSD_FUA_DEMO@DF_AGE_SEX(1.2),Population by age and sex - Cities and FUAs,I,USA97F,Knox,A,Annual,POP,Population,PS,Persons,_T,Total,_T,Total,_Z,Not applicable,FUA,FUA,_Z,Not applicable,2021,,506023,,A,Normal value,0,Units,0,Zero
DATAFLOW,OECD.CFE.EDS:DSD_FUA_DEMO@DF_AGE_SEX(1.2),Population by age and sex - Cities and FUAs,I,USA98F,Greenville,A,Annual,POP,Population,PS,Persons,_T,Total,_T,Total,_Z,Not applicable,FUA,FUA,_Z,Not applicable,2021,,534675,,A,Normal value,0,Units,0,Zero
DATAFLOW,OECD.CFE.EDS:DSD_FUA_DEMO@DF_AGE_SEX(1.2),Population by age and sex - Cities and FUAs,I,USA99F,Mahoning,A,Annual,POP,Population,PS,Persons,_T,Total,_T,Total,_Z,Not applicable,FUA,FUA,_Z,Not applicable,2021,,428153,,A,Normal value,0,Units,0,Zero
