capture_key,city,returned_spotify_id,spotify_name,monthly_listeners,followers,world_rank,stats_extracted_at_utc,source,source_access,requested_spotify_id,wikidata_qid,band_name,spotify_expected_name,formation_qid,formation_label,instance_label,country_label,identity_decision,origin_override,reason,source_url,identity_name_match,identity_status,identity_accepted,band_eligible,eligibility_status,requested_is_returned,redirect_duplicate
Coldplay [4gzpq5DPGxSnKTe4SA8HAU],,4gzpq5DPGxSnKTe4SA8HAU,Coldplay,92034104,64732379,11,2026-07-18T20:45:22.974241+00:00,Spotify web-player queryArtistOverview,undocumented read-only web-client endpoint,4gzpq5DPGxSnKTe4SA8HAU,Q45188,Coldplay,Coldplay,Q84,London,musical group,United Kingdom,,,,,True,accepted_exact_name,True,True,eligible_group_or_duo,True,False
Arctic Monkeys [7Ln80lUS6He07XvHI8qqHH],,7Ln80lUS6He07XvHI8qqHH,Arctic Monkeys,52301870,35028298,61,2026-07-18T20:45:22.974241+00:00,Spotify web-player queryArtistOverview,undocumented read-only web-client endpoint,7Ln80lUS6He07XvHI8qqHH,Q170599,Arctic Monkeys,Arctic Monkeys,Q42448,Sheffield,musical group,United Kingdom,,,,,True,accepted_exact_name,True,True,eligible_group_or_duo,True,False
Queen [1dfeR4HaWDbWqFHLkxsg1d],,1dfeR4HaWDbWqFHLkxsg1d,Queen,51601234,58004701,64,2026-07-18T20:45:22.974241+00:00,Spotify web-player queryArtistOverview,undocumented read-only web-client endpoint,1dfeR4HaWDbWqFHLkxsg1d,Q15862,Queen,Queen,Q84,London,musical group,United Kingdom,,,,,True,accepted_exact_name,True,True,eligible_group_or_duo,True,False
Fleetwood Mac [08GQAI4eElDnROBrJRGE0X],,08GQAI4eElDnROBrJRGE0X,Fleetwood Mac,50959935,15546243,66,2026-07-18T20:45:22.974241+00:00,Spotify web-player queryArtistOverview,undocumented read-only web-client endpoint,08GQAI4eElDnROBrJRGE0X,Q106648,Fleetwood Mac,Fleetwood Mac,Q84,London,musical group,United Kingdom,,,,,True,accepted_exact_name,True,True,eligible_group_or_duo,True,False
One Direction [4AK6F7OLvEQ5QYCBNiQWHq],,4AK6F7OLvEQ5QYCBNiQWHq,One Direction,45724043,41728665,86,2026-07-18T20:45:22.974241+00:00,Spotify web-player queryArtistOverview,undocumented read-only web-client endpoint,4AK6F7OLvEQ5QYCBNiQWHq,Q146027,One Direction,One Direction,Q84,London,musical group,United Kingdom,,,,,True,accepted_exact_name,True,True,eligible_group_or_duo,True,False
Radiohead [4Z8W4fKeB5YxbusRsdQVPb],,4Z8W4fKeB5YxbusRsdQVPb,Radiohead,43168156,16613975,100,2026-07-18T20:45:22.974241+00:00,Spotify web-player queryArtistOverview,undocumented read-only web-client endpoint,4Z8W4fKeB5YxbusRsdQVPb,Q44190,Radiohead,Radiohead,Q321381,Abingdon-on-Thames,musical group,United Kingdom,,,,,True,accepted_exact_name,True,True,eligible_group_or_duo,True,False
The Police [5NGO30tJxFlKixkPSgXcFE],,5NGO30tJxFlKixkPSgXcFE,The Police,39887109,8458469,121,2026-07-18T20:45:22.974241+00:00,Spotify web-player queryArtistOverview,undocumented read-only web-client endpoint,5NGO30tJxFlKixkPSgXcFE,Q178095,The Police,The Police,Q84,London,rock band,United Kingdom,,,,,True,accepted_exact_name,True,True,eligible_group_or_duo,True,False
Oasis [2DaxqgrOhkeH0fpeiQq2f4],,2DaxqgrOhkeH0fpeiQq2f4,Oasis,39676473,13941515,124,2026-07-18T20:45:22.974241+00:00,Spotify web-player queryArtistOverview,undocumented read-only web-client endpoint,2DaxqgrOhkeH0fpeiQq2f4,Q382890,Oasis,Oasis,Q18125,Manchester,rock band,United Kingdom,,,,,True,accepted_exact_name,True,True,eligible_group_or_duo,True,False
Gorillaz [3AA28KZvwAUcZuOKwyblJQ],,3AA28KZvwAUcZuOKwyblJQ,Gorillaz,38173160,16369649,134,2026-07-18T20:45:22.974241+00:00,Spotify web-player queryArtistOverview,undocumented read-only web-client endpoint,3AA28KZvwAUcZuOKwyblJQ,Q189991,Gorillaz,Gorillaz,Q84,London,musical group|virtual band,United Kingdom,,,,,True,accepted_exact_name,True,True,eligible_group_or_duo,True,False
The Beatles [3WrFJ7ztbogyGnTHbHJFl2],,3WrFJ7ztbogyGnTHbHJFl2,The Beatles,37927636,32385954,137,2026-07-18T20:45:22.974241+00:00,Spotify web-player queryArtistOverview,undocumented read-only web-client endpoint,3WrFJ7ztbogyGnTHbHJFl2,Q1299,The Beatles,The Beatles,Q24826,Liverpool,musical group,United Kingdom,,,,,True,accepted_exact_name,True,True,eligible_group_or_duo,True,False
Clean Bandit [6MDME20pz9RveH9rEXvrOM],,6MDME20pz9RveH9rEXvrOM,Clean Bandit,35453400,6321202,156,2026-07-18T20:45:22.974241+00:00,Spotify web-player queryArtistOverview,undocumented read-only web-client endpoint,6MDME20pz9RveH9rEXvrOM,Q11838808,Clean Bandit,Clean Bandit,Q350,Cambridge,musical group,United Kingdom,,,,,True,accepted_exact_name,True,True,eligible_group_or_duo,True,False
The Rolling Stones [22bE4uQ6baNwSHPVcDxLCe],,22bE4uQ6baNwSHPVcDxLCe,The Rolling Stones,30690194,16651560,204,2026-07-18T20:45:22.974241+00:00,Spotify web-player queryArtistOverview,undocumented read-only web-client endpoint,22bE4uQ6baNwSHPVcDxLCe,Q11036,The Rolling Stones,The Rolling Stones,Q84,London,band|musical group,United Kingdom,,,,,True,accepted_exact_name,True,True,eligible_group_or_duo,True,False
Bee Gees [1LZEQNv7sE11VDY3SdxQeN],,1LZEQNv7sE11VDY3SdxQeN,Bee Gees,29286539,10121737,226,2026-07-18T20:45:22.974241+00:00,Spotify web-player queryArtistOverview,undocumented read-only web-client endpoint,1LZEQNv7sE11VDY3SdxQeN,Q133405,Bee Gees,Bee Gees,Q1995031,Los Hornos,musical group|musical trio|sibling musical trio|sibling trio,United Kingdom,,,,,True,accepted_exact_name,True,True,eligible_group_or_duo,True,False
Glass Animals [4yvcSjfu4PC0CYQyLy4wSq],,4yvcSjfu4PC0CYQyLy4wSq,Glass Animals,27093208,4804844,271,2026-07-18T20:45:22.974241+00:00,Spotify web-player queryArtistOverview,undocumented read-only web-client endpoint,4yvcSjfu4PC0CYQyLy4wSq,Q16839267,Glass Animals,Glass Animals,Q34217,Oxford,musical group,United Kingdom,,,,,True,accepted_exact_name,True,True,eligible_group_or_duo,True,False
Pink Floyd [0k17h0D3J5VfsdmQ1iZtE9],,0k17h0D3J5VfsdmQ1iZtE9,Pink Floyd,26546155,24145634,282,2026-07-18T20:45:22.974241+00:00,Spotify web-player queryArtistOverview,undocumented read-only web-client endpoint,0k17h0D3J5VfsdmQ1iZtE9,Q2306,Pink Floyd,Pink Floyd,Q84,London,rock band,United Kingdom,,,,,True,accepted_exact_name,True,True,eligible_group_or_duo,True,False
Dire Straits [0WwSkZ7LtFUFjGjMZBMt6T],,0WwSkZ7LtFUFjGjMZBMt6T,Dire Straits,26242776,9643393,290,2026-07-18T20:45:22.974241+00:00,Spotify web-player queryArtistOverview,undocumented read-only web-client endpoint,0WwSkZ7LtFUFjGjMZBMt6T,Q50040,Dire Straits,Dire Straits,Q2308650,Deptford,musical group,United Kingdom,,,,,True,accepted_exact_name,True,True,eligible_group_or_duo,True,False
Florence + the Machine [1moxjboGR7GNWYIMWsRjgG],,1moxjboGR7GNWYIMWsRjgG,Florence + The Machine,25836943,7587105,296,2026-07-18T20:45:22.974241+00:00,Spotify web-player queryArtistOverview,undocumented read-only web-client endpoint,1moxjboGR7GNWYIMWsRjgG,Q217360,Florence + the Machine,Florence + the Machine,Q84,London,rock band,United Kingdom,,,,,True,accepted_exact_name,True,True,eligible_group_or_duo,True,False
The Cure [7bu3H8JO7d0UbMoVzbo70s],,7bu3H8JO7d0UbMoVzbo70s,The Cure,25827890,7492117,297,2026-07-18T20:45:22.974241+00:00,Spotify web-player queryArtistOverview,undocumented read-only web-client endpoint,7bu3H8JO7d0UbMoVzbo70s,Q484427,The Cure,The Cure,Q844908,Crawley,musical group,United Kingdom,,,,,True,accepted_exact_name,True,True,eligible_group_or_duo,True,False
Sade [47zz7sob9NUcODy0BTDvKx],,47zz7sob9NUcODy0BTDvKx,Sade,25528819,6060389,309,2026-07-18T20:45:22.974241+00:00,Spotify web-player queryArtistOverview,undocumented read-only web-client endpoint,47zz7sob9NUcODy0BTDvKx,Q658182,Sade,Sade,Q84,London,musical group,United Kingdom,,,,,True,accepted_exact_name,True,True,eligible_group_or_duo,True,False
Disclosure [6nS5roXSAGhTGr34W6n7Et],,6nS5roXSAGhTGr34W6n7Et,Disclosure,25360907,2482964,314,2026-07-18T20:45:22.974241+00:00,Spotify web-player queryArtistOverview,undocumented read-only web-client endpoint,6nS5roXSAGhTGr34W6n7Et,Q1228440,Disclosure,Disclosure,Q1018418,Reigate,musical duo,United Kingdom,,,,,True,accepted_exact_name,True,True,eligible_group_or_duo,True,False
Tears for Fears [4bthk9UfsYUYdcFyqxmSUU],,4bthk9UfsYUYdcFyqxmSUU,Tears For Fears,23781006,4593372,338,2026-07-18T20:45:22.974241+00:00,Spotify web-player queryArtistOverview,undocumented read-only web-client endpoint,4bthk9UfsYUYdcFyqxmSUU,Q269091,Tears for Fears,Tears for Fears,Q22889,Bath,musical duo,United Kingdom,,,,,True,accepted_exact_name,True,True,eligible_group_or_duo,True,False
Keane [53A0W3U0s8diEn9RhXQhVz],,53A0W3U0s8diEn9RhXQhVz,Keane,23259577,4211743,348,2026-07-18T20:45:22.974241+00:00,Spotify web-player queryArtistOverview,undocumented read-only web-client endpoint,53A0W3U0s8diEn9RhXQhVz,Q484311,Keane,Keane,Q737593,Battle,musical group,United Kingdom,,,,,True,accepted_exact_name,True,True,eligible_group_or_duo,True,False
The Smiths [3yY2gUcIsjMr8hjo51PoJ8],,3yY2gUcIsjMr8hjo51PoJ8,The Smiths,22515532,8767855,367,2026-07-18T20:45:22.974241+00:00,Spotify web-player queryArtistOverview,undocumented read-only web-client endpoint,3yY2gUcIsjMr8hjo51PoJ8,Q180598,The Smiths,The Smiths,Q18125,Manchester,rock band,United Kingdom,,,,,True,accepted_exact_name,True,True,eligible_group_or_duo,True,False
Bastille [7EQ0qTo7fWT7DPxmxtSYEc],,7EQ0qTo7fWT7DPxmxtSYEc,Bastille,22166012,5786448,374,2026-07-18T20:45:22.974241+00:00,Spotify web-player queryArtistOverview,undocumented read-only web-client endpoint,7EQ0qTo7fWT7DPxmxtSYEc,Q689,Bastille,Bastille,Q84,London,musical group,United Kingdom,,,,,True,accepted_exact_name,True,True,eligible_group_or_duo,True,False
Muse [12Chz98pHFMPJEknJQMWvI],,12Chz98pHFMPJEknJQMWvI,Muse,20942571,8949427,412,2026-07-18T20:45:22.974241+00:00,Spotify web-player queryArtistOverview,undocumented read-only web-client endpoint,12Chz98pHFMPJEknJQMWvI,Q22151,Muse,Muse,Q531311,Teignmouth,rock band,United Kingdom,,,,,True,accepted_exact_name,True,True,eligible_group_or_duo,True,False
Led Zeppelin [36QJpDe2go2KgaRleHCDTp],,36QJpDe2go2KgaRleHCDTp,Led Zeppelin,20605707,16927470,426,2026-07-18T20:45:22.974241+00:00,Spotify web-player queryArtistOverview,undocumented read-only web-client endpoint,36QJpDe2go2KgaRleHCDTp,Q2331,Led Zeppelin,Led Zeppelin,Q84,London,musical group|rock band,England,,,,,True,accepted_exact_name,True,True,eligible_group_or_duo,True,False
The 1975 [3mIj9lX2MWuHmhNCA7LSCW],,3mIj9lX2MWuHmhNCA7LSCW,The 1975,18915018,8582651,493,2026-07-18T20:45:22.974241+00:00,Spotify web-player queryArtistOverview,undocumented read-only web-client endpoint,3mIj9lX2MWuHmhNCA7LSCW,Q2811247,The 1975,The 1975,Q2011497,Wilmslow,musical group,United Kingdom,,,,,True,accepted_exact_name,True,True,eligible_group_or_duo,True,False
Electric Light Orchestra [7jefIIksOi1EazgRTfW2Pk],,7jefIIksOi1EazgRTfW2Pk,Electric Light Orchestra,18330664,4748870,0,2026-07-18T20:45:22.974241+00:00,Spotify web-player queryArtistOverview,undocumented read-only web-client endpoint,7jefIIksOi1EazgRTfW2Pk,Q218255,Electric Light Orchestra,Electric Light Orchestra,Q2256,Birmingham,musical group,United Kingdom,,,,,True,accepted_exact_name,True,False,excluded_orchestra,True,False
Black Sabbath [5M52tdBnJaKSvOpJGz8mfZ],,5M52tdBnJaKSvOpJGz8mfZ,Black Sabbath,18288641,10711277,0,2026-07-18T20:45:22.974241+00:00,Spotify web-player queryArtistOverview,undocumented read-only web-client endpoint,5M52tdBnJaKSvOpJGz8mfZ,Q47670,Black Sabbath,Black Sabbath,Q2256,Birmingham,heavy metal band,United Kingdom,,,,,True,accepted_exact_name,True,True,eligible_group_or_duo,True,False
The Outfield [1zxDewzd2j1ZdSBGaYcr0y],,1zxDewzd2j1ZdSBGaYcr0y,The Outfield,17941634,893650,0,2026-07-18T20:45:22.974241+00:00,Spotify web-player queryArtistOverview,undocumented read-only web-client endpoint,1zxDewzd2j1ZdSBGaYcr0y,Q2093178,The Outfield,The Outfield,Q18125,Manchester,musical group,United Kingdom,,,,,True,accepted_exact_name,True,True,eligible_group_or_duo,True,False
Depeche Mode [762310PdDnwsDxAQxzQkfX],,762310PdDnwsDxAQxzQkfX,Depeche Mode,17667155,7949283,0,2026-07-18T20:45:22.974241+00:00,Spotify web-player queryArtistOverview,undocumented read-only web-client endpoint,762310PdDnwsDxAQxzQkfX,Q482964,Depeche Mode,Depeche Mode,Q216649,Basildon,musical group,United Kingdom,,,,,True,accepted_exact_name,True,True,eligible_group_or_duo,True,False
America [35U9lQaRWSQISxQAB94Meo],,35U9lQaRWSQISxQAB94Meo,America,17384987,2286400,0,2026-07-18T20:45:22.974241+00:00,Spotify web-player queryArtistOverview,undocumented read-only web-client endpoint,35U9lQaRWSQISxQAB94Meo,Q126852,America,America,Q84,London,musical group,United Kingdom,,,,,True,accepted_exact_name,True,True,eligible_group_or_duo,True,False
The Verve [2cGwlqi3k18jFpUyTrsR84],,2cGwlqi3k18jFpUyTrsR84,The Verve,16374768,3001478,0,2026-07-18T20:45:22.974241+00:00,Spotify web-player queryArtistOverview,undocumented read-only web-client endpoint,2cGwlqi3k18jFpUyTrsR84,Q488916,The Verve,The Verve,Q208143,Wigan,musical group,United Kingdom,,,,,True,accepted_exact_name,True,True,eligible_group_or_duo,True,False
Years & Years [5vBSrE1xujD2FXYRarbAXc],,5vBSrE1xujD2FXYRarbAXc,Olly Alexander (Years & Years),15856316,2068124,0,2026-07-18T20:45:22.974241+00:00,Spotify web-player queryArtistOverview,undocumented read-only web-client endpoint,5vBSrE1xujD2FXYRarbAXc,Q18608591,Years & Years,Years & Years,Q84,London,musical group|solo musical project,United Kingdom,reject,,Current Spotify page is branded Olly Alexander (Years & Years); exclude rather than treating a changed solo page as the original group,https://open.spotify.com/artist/5vBSrE1xujD2FXYRarbAXc,False,rejected_reviewed,False,True,eligible_group_or_duo,True,False
Duran Duran [0lZoBs4Pzo7R89JM9lxwoT],,0lZoBs4Pzo7R89JM9lxwoT,Duran Duran,15134650,3958344,0,2026-07-18T20:45:22.974241+00:00,Spotify web-player queryArtistOverview,undocumented read-only web-client endpoint,0lZoBs4Pzo7R89JM9lxwoT,Q58381,Duran Duran,Duran Duran,Q2256,Birmingham,musical group,United Kingdom,,,,,True,accepted_exact_name,True,True,eligible_group_or_duo,True,False
Eurythmics [0NKDgy9j66h3DLnN8qu1bB],,0NKDgy9j66h3DLnN8qu1bB,Eurythmics,14843560,2546395,0,2026-07-18T20:45:22.974241+00:00,Spotify web-player queryArtistOverview,undocumented read-only web-client endpoint,0NKDgy9j66h3DLnN8qu1bB,Q207706,Eurythmics,Eurythmics,Q188304,Sunderland,musical group,United Kingdom,,,,,True,accepted_exact_name,True,True,eligible_group_or_duo,True,False
Little Mix [3e7awlrlDSwF3iM0WBjGMp],,3e7awlrlDSwF3iM0WBjGMp,Little Mix,14779473,12405563,0,2026-07-18T20:45:22.974241+00:00,Spotify web-player queryArtistOverview,undocumented read-only web-client endpoint,3e7awlrlDSwF3iM0WBjGMp,Q158419,Little Mix,Little Mix,Q21,England,girl group,United Kingdom,,London,Wikidata records only England; Apple Music records London as the formation place,https://music.apple.com/gb/artist/little-mix/477515548,True,accepted_exact_name,True,True,eligible_group_or_duo,True,False
The Clash [3RGLhK1IP9jnYFH4BRFJBS],,3RGLhK1IP9jnYFH4BRFJBS,The Clash,14589467,3508323,0,2026-07-18T20:45:22.974241+00:00,Spotify web-player queryArtistOverview,undocumented read-only web-client endpoint,3RGLhK1IP9jnYFH4BRFJBS,Q125603,The Clash,The Clash,Q84,London,musical group|rock band,United Kingdom,,,,,True,accepted_exact_name,True,True,eligible_group_or_duo,True,False
Mumford & Sons [3gd8FJtBJtkRxdfbTu19U2],,3gd8FJtBJtkRxdfbTu19U2,Mumford & Sons,14381934,6882187,0,2026-07-18T20:45:22.974241+00:00,Spotify web-player queryArtistOverview,undocumented read-only web-client endpoint,3gd8FJtBJtkRxdfbTu19U2,Q953918,Mumford & Sons,Mumford & Sons,Q84,London,musical group,United Kingdom,,,,,True,accepted_exact_name,True,True,eligible_group_or_duo,True,False
Blur [7MhMgCo0Bl0Kukl93PZbYS],,7MhMgCo0Bl0Kukl93PZbYS,Blur,14009757,4274924,0,2026-07-18T20:45:22.974241+00:00,Spotify web-player queryArtistOverview,undocumented read-only web-client endpoint,7MhMgCo0Bl0Kukl93PZbYS,Q485820,Blur,Blur,Q84,London,musical group,United Kingdom,,,,,True,accepted_exact_name,True,True,eligible_group_or_duo,True,False
Bring Me the Horizon [1Ffb6ejR6Fe5IamqA5oRUF],,1Ffb6ejR6Fe5IamqA5oRUF,Bring Me The Horizon,13707032,7131475,0,2026-07-18T20:45:22.974241+00:00,Spotify web-player queryArtistOverview,undocumented read-only web-client endpoint,1Ffb6ejR6Fe5IamqA5oRUF,Q494784,Bring Me the Horizon,Bring Me the Horizon,Q42448,Sheffield,musical group,United Kingdom,,,,,True,accepted_exact_name,True,True,eligible_group_or_duo,True,False
Snow Patrol [3rIZMv9rysU7JkLzEaC5Jp],,3rIZMv9rysU7JkLzEaC5Jp,Snow Patrol,13274460,3465980,0,2026-07-18T20:45:22.974241+00:00,Spotify web-player queryArtistOverview,undocumented read-only web-client endpoint,3rIZMv9rysU7JkLzEaC5Jp,Q188407,Snow Patrol,Snow Patrol,Q123709,Dundee,musical group,Scotland,,,,,True,accepted_exact_name,True,True,eligible_group_or_duo,True,False
Spice Girls [0uq5PttqEjj3IH1bzwcrXF],,0uq5PttqEjj3IH1bzwcrXF,Spice Girls,12877807,4560204,0,2026-07-18T20:45:22.974241+00:00,Spotify web-player queryArtistOverview,undocumented read-only web-client endpoint,0uq5PttqEjj3IH1bzwcrXF,Q55641,Spice Girls,Spice Girls,Q84,London,girl group,United Kingdom,,,,,True,accepted_exact_name,True,True,eligible_group_or_duo,True,False
The Animals [3ICflSq6ZgYAIrm2CTkfVP],,3ICflSq6ZgYAIrm2CTkfVP,The Animals,12324330,2812173,0,2026-07-18T20:45:22.974241+00:00,Spotify web-player queryArtistOverview,undocumented read-only web-client endpoint,3ICflSq6ZgYAIrm2CTkfVP,Q131422,The Animals,The Animals,Q1425428,Newcastle upon Tyne,musical group,United Kingdom,,,,,True,accepted_exact_name,True,True,eligible_group_or_duo,True,False
Rudimental [4WN5naL3ofxrVBgFpguzKo],,4WN5naL3ofxrVBgFpguzKo,Rudimental,11737472,1462225,0,2026-07-18T20:45:22.974241+00:00,Spotify web-player queryArtistOverview,undocumented read-only web-client endpoint,4WN5naL3ofxrVBgFpguzKo,Q50971,Rudimental,Rudimental,Q205679,London Borough of Hackney,musical group,United Kingdom,,,,,True,accepted_exact_name,True,True,eligible_group_or_duo,True,False
Faithless [5T4UKHhr4HGIC0VzdZQtAE],,5T4UKHhr4HGIC0VzdZQtAE,Faithless,11726956,796754,0,2026-07-18T20:45:22.974241+00:00,Spotify web-player queryArtistOverview,undocumented read-only web-client endpoint,5T4UKHhr4HGIC0VzdZQtAE,Q542071,Faithless,Faithless,Q84,London,musical group,United Kingdom,,,,,True,accepted_exact_name,True,True,eligible_group_or_duo,True,False
Disciples [5EehXjjMktLuJmbRsM7YfB],,5EehXjjMktLuJmbRsM7YfB,Disciples,11691137,299331,0,2026-07-18T20:45:22.974241+00:00,Spotify web-player queryArtistOverview,undocumented read-only web-client endpoint,5EehXjjMktLuJmbRsM7YfB,Q24025201,Disciples,Disciples,Q84,London,musical ensemble,United Kingdom,,,,,True,accepted_exact_name,True,True,eligible_group_or_duo,True,False
Jungle [59oA5WbbQvomJz2BuRG071],,59oA5WbbQvomJz2BuRG071,Jungle,11614048,1886516,0,2026-07-18T20:45:22.974241+00:00,Spotify web-player queryArtistOverview,undocumented read-only web-client endpoint,59oA5WbbQvomJz2BuRG071,Q17405943,Jungle,Jungle,Q84,London,rock band,United Kingdom,,,,,True,accepted_exact_name,True,True,eligible_group_or_duo,True,False
Bôa [5jTtGLk1mGFMY5lQOvJYUj],,5jTtGLk1mGFMY5lQOvJYUj,bôa,11444869,1380058,0,2026-07-18T20:45:22.974241+00:00,Spotify web-player queryArtistOverview,undocumented read-only web-client endpoint,5jTtGLk1mGFMY5lQOvJYUj,Q285481,Bôa,Bôa,Q84,London,rock band,United Kingdom,,,,,True,accepted_exact_name,True,True,eligible_group_or_duo,True,False
Cutting Crew [3cniTumSiUysiPWXapGx1i],,3cniTumSiUysiPWXapGx1i,Cutting Crew,10972839,628518,0,2026-07-18T20:45:22.974241+00:00,Spotify web-player queryArtistOverview,undocumented read-only web-client endpoint,3cniTumSiUysiPWXapGx1i,Q977526,Cutting Crew,Cutting Crew,Q84,London,musical group,United Kingdom,,,,,True,accepted_exact_name,True,True,eligible_group_or_duo,True,False
Franz Ferdinand [0XNa1vTidXlvJ2gHSsRi4A],,0XNa1vTidXlvJ2gHSsRi4A,Franz Ferdinand,10807735,3218082,0,2026-07-18T20:45:22.974241+00:00,Spotify web-player queryArtistOverview,undocumented read-only web-client endpoint,0XNa1vTidXlvJ2gHSsRi4A,Q173180,Franz Ferdinand,Franz Ferdinand,Q4093,Glasgow,musical group,United Kingdom,,,,,True,accepted_exact_name,True,True,eligible_group_or_duo,True,False
Def Leppard [6H1RjVyNruCmrBEWRbD0VZ],,6H1RjVyNruCmrBEWRbD0VZ,Def Leppard,10792689,6056540,0,2026-07-18T20:45:22.974241+00:00,Spotify web-player queryArtistOverview,undocumented read-only web-client endpoint,6H1RjVyNruCmrBEWRbD0VZ,Q182890,Def Leppard,Def Leppard,Q42448,Sheffield,musical group,United Kingdom,,,,,True,accepted_exact_name,True,True,eligible_group_or_duo,True,False
Pet Shop Boys [2ycnb8Er79LoH2AsR5ldjh],,2ycnb8Er79LoH2AsR5ldjh,Pet Shop Boys,10634217,2426999,0,2026-07-18T20:45:22.974241+00:00,Spotify web-player queryArtistOverview,undocumented read-only web-client endpoint,2ycnb8Er79LoH2AsR5ldjh,Q485625,Pet Shop Boys,Pet Shop Boys,Q84,London,male duo|musical duo,United Kingdom,,,,,True,accepted_exact_name,True,True,eligible_group_or_duo,True,False
The Hollies [6waa8mKu91GjzD4NlONlNJ],,6waa8mKu91GjzD4NlONlNJ,The Hollies,10112715,1450461,0,2026-07-18T20:45:22.974241+00:00,Spotify web-player queryArtistOverview,undocumented read-only web-client endpoint,6waa8mKu91GjzD4NlONlNJ,Q282925,The Hollies,The Hollies,Q18125,Manchester,musical group,United Kingdom,,,,,True,accepted_exact_name,True,True,eligible_group_or_duo,True,False
Wham! [5lpH0xAS4fVfLkACg9DAuM],,5lpH0xAS4fVfLkACg9DAuM,Wham!,10018855,3400543,0,2026-07-18T20:45:22.974241+00:00,Spotify web-player queryArtistOverview,undocumented read-only web-client endpoint,5lpH0xAS4fVfLkACg9DAuM,Q744087,Wham!,Wham!,Q10996,Bushey,male duo|musical duo,United Kingdom,,,,,True,accepted_exact_name,True,True,eligible_group_or_duo,True,False
Two Door Cinema Club [536BYVgOnRky0xjsPT96zl],,536BYVgOnRky0xjsPT96zl,Two Door Cinema Club,9884423,2655723,0,2026-07-18T20:45:22.974241+00:00,Spotify web-player queryArtistOverview,undocumented read-only web-client endpoint,536BYVgOnRky0xjsPT96zl,Q777302,Two Door Cinema Club,Two Door Cinema Club,Q806551,Bangor,musical group,United Kingdom,,,,,True,accepted_exact_name,True,True,eligible_group_or_duo,True,False
The Stranglers [0RUEHcBiENFEqxgicqS2ig],,0RUEHcBiENFEqxgicqS2ig,The Stranglers,9836875,862339,0,2026-07-18T20:45:22.974241+00:00,Spotify web-player queryArtistOverview,undocumented read-only web-client endpoint,0RUEHcBiENFEqxgicqS2ig,Q1532854,The Stranglers,The Stranglers,Q213465,Guildford,musical group,United Kingdom,,,,,True,accepted_exact_name,True,True,eligible_group_or_duo,True,False
Simple Minds [6hN9F0iuULZYWXppob22Aj],,6hN9F0iuULZYWXppob22Aj,Simple Minds,9628717,2504682,0,2026-07-18T20:45:22.974241+00:00,Spotify web-player queryArtistOverview,undocumented read-only web-client endpoint,6hN9F0iuULZYWXppob22Aj,Q748836,Simple Minds,Simple Minds,Q4093,Glasgow,musical group,Scotland,,,,,True,accepted_exact_name,True,True,eligible_group_or_duo,True,False
Bronski Beat [2wpWOzQE5TpA0dVnh5YD08],,2wpWOzQE5TpA0dVnh5YD08,Bronski Beat,9566679,730877,0,2026-07-18T20:45:22.974241+00:00,Spotify web-player queryArtistOverview,undocumented read-only web-client endpoint,2wpWOzQE5TpA0dVnh5YD08,Q927927,Bronski Beat,Bronski Beat,Q84,London,musical group,United Kingdom,,,,,True,accepted_exact_name,True,True,eligible_group_or_duo,True,False
Seafret [4Ly0KABsxlx4fNj63zJTrF],,4Ly0KABsxlx4fNj63zJTrF,Seafret,9520023,1149369,0,2026-07-18T20:45:22.974241+00:00,Spotify web-player queryArtistOverview,undocumented read-only web-client endpoint,4Ly0KABsxlx4fNj63zJTrF,Q28109766,Seafret,Seafret,Q527391,Bridlington,musical group,United Kingdom,,,,,True,accepted_exact_name,True,True,eligible_group_or_duo,True,False
Genesis [3CkvROUTQ6nRi9yQOcsB50],,3CkvROUTQ6nRi9yQOcsB50,Genesis,9434858,3958098,0,2026-07-18T20:45:22.974241+00:00,Spotify web-player queryArtistOverview,undocumented read-only web-client endpoint,3CkvROUTQ6nRi9yQOcsB50,Q151012,Genesis,Genesis,Q23276|Q909146,Godalming|Surrey,musical group,United Kingdom,,,,,True,accepted_exact_name,True,True,eligible_group_or_duo,True,False
Spandau Ballet [2urZrEdsq72kx0UzfYN8Yv],,2urZrEdsq72kx0UzfYN8Yv,Spandau Ballet,9335819,1587103,0,2026-07-18T20:45:22.974241+00:00,Spotify web-player queryArtistOverview,undocumented read-only web-client endpoint,2urZrEdsq72kx0UzfYN8Yv,Q16011,Spandau Ballet,Spandau Ballet,Q205817,London Borough of Islington,musical group,United Kingdom,,,,,True,accepted_exact_name,True,True,eligible_group_or_duo,True,False
UB40 [69MEO1AADKg1IZrq2XLzo5],,69MEO1AADKg1IZrq2XLzo5,UB40,9327767,2783787,0,2026-07-18T20:45:22.974241+00:00,Spotify web-player queryArtistOverview,undocumented read-only web-client endpoint,69MEO1AADKg1IZrq2XLzo5,Q560153,UB40,UB40,Q2256,Birmingham,musical group,United Kingdom,,,,,True,accepted_exact_name,True,True,eligible_group_or_duo,True,False
The Chemical Brothers [1GhPHrq36VKCY3ucVaZCfo],,1GhPHrq36VKCY3ucVaZCfo,The Chemical Brothers,9143502,2435363,0,2026-07-18T20:45:22.974241+00:00,Spotify web-player queryArtistOverview,undocumented read-only web-client endpoint,1GhPHrq36VKCY3ucVaZCfo,Q208507,The Chemical Brothers,The Chemical Brothers,Q18125,Manchester,musical group,United Kingdom,,,,,True,accepted_exact_name,True,True,eligible_group_or_duo,True,False
Simply Red [1fa0cOhromAZdq2xRA4vv8],,1fa0cOhromAZdq2xRA4vv8,Simply Red,9097250,2960800,0,2026-07-18T20:45:22.974241+00:00,Spotify web-player queryArtistOverview,undocumented read-only web-client endpoint,1fa0cOhromAZdq2xRA4vv8,Q339430,Simply Red,Simply Red,Q18125,Manchester,musical group,United Kingdom,,,,,True,accepted_exact_name,True,True,eligible_group_or_duo,True,False
Jamiroquai [6J7biCazzYhU3gM9j1wfid],,6J7biCazzYhU3gM9j1wfid,Jamiroquai,9068742,3053662,0,2026-07-18T20:45:22.974241+00:00,Spotify web-player queryArtistOverview,undocumented read-only web-client endpoint,6J7biCazzYhU3gM9j1wfid,Q202041,Jamiroquai,Jamiroquai,Q84,London,musical group,United Kingdom,,,,,True,accepted_exact_name,True,True,eligible_group_or_duo,True,False
Iron Maiden [6mdiAmATAx73kdxrNrnlao],,6mdiAmATAx73kdxrNrnlao,Iron Maiden,9029433,10931269,0,2026-07-18T20:45:22.974241+00:00,Spotify web-player queryArtistOverview,undocumented read-only web-client endpoint,6mdiAmATAx73kdxrNrnlao,Q42482,Iron Maiden,Iron Maiden,Q2750829,Leyton,musical group,United Kingdom,,,,,True,accepted_exact_name,True,True,eligible_group_or_duo,True,False
Toploader [6xeFne1rkxMhKSW3ipvkdV],,6xeFne1rkxMhKSW3ipvkdV,Toploader,8829850,146489,0,2026-07-18T20:45:22.974241+00:00,Spotify web-player queryArtistOverview,undocumented read-only web-client endpoint,6xeFne1rkxMhKSW3ipvkdV,Q1742953,Toploader,Toploader,Q208262,Eastbourne,musical group,United Kingdom,,,,,True,accepted_exact_name,True,True,eligible_group_or_duo,True,False
New Order [0yNLKJebCb8Aueb54LYya3],,0yNLKJebCb8Aueb54LYya3,New Order,8786188,2651294,0,2026-07-18T20:45:22.974241+00:00,Spotify web-player queryArtistOverview,undocumented read-only web-client endpoint,0yNLKJebCb8Aueb54LYya3,Q214990,New Order,New Order,Q47952,Salford,rock band,United Kingdom,,,,,True,accepted_exact_name,True,True,eligible_group_or_duo,True,False
Massive Attack [6FXMGgJwohJLUSr5nVlf9X],,6FXMGgJwohJLUSr5nVlf9X,Massive Attack,8692931,2943616,0,2026-07-18T20:45:22.974241+00:00,Spotify web-player queryArtistOverview,undocumented read-only web-client endpoint,6FXMGgJwohJLUSr5nVlf9X,Q357418,Massive Attack,Massive Attack,Q23154,Bristol,musical group,United Kingdom,,,,,True,accepted_exact_name,True,True,eligible_group_or_duo,True,False
The Who [67ea9eGLXYMsO2eYQRui3w],,67ea9eGLXYMsO2eYQRui3w,The Who,8659112,6100346,0,2026-07-18T20:45:22.974241+00:00,Spotify web-player queryArtistOverview,undocumented read-only web-client endpoint,67ea9eGLXYMsO2eYQRui3w,Q93346,The Who,The Who,Q84,London,musical group,United Kingdom,,,,,True,accepted_exact_name,True,True,eligible_group_or_duo,True,False
D-Block Europe [5VadK1havLhK1OpKYsXv9y],,5VadK1havLhK1OpKYsXv9y,D-Block Europe,8351560,1930307,0,2026-07-18T20:45:22.974241+00:00,Spotify web-player queryArtistOverview,undocumented read-only web-client endpoint,5VadK1havLhK1OpKYsXv9y,Q63313993,D-Block Europe,D-Block Europe,Q6537297,Lewisham,male duo|musical collective|musical duo,United Kingdom,,,,,True,accepted_exact_name,True,True,eligible_group_or_duo,True,False
alt-J [3XHO7cRUPCLOr6jwp8vsx5],,3XHO7cRUPCLOr6jwp8vsx5,alt-J,8110938,3499216,0,2026-07-18T20:45:22.974241+00:00,Spotify web-player queryArtistOverview,undocumented read-only web-client endpoint,3XHO7cRUPCLOr6jwp8vsx5,Q47996,alt-J,alt-J,Q39121,Leeds,musical group,United Kingdom,,,,,True,accepted_exact_name,True,True,eligible_group_or_duo,True,False
The Proclaimers [1A92IAcd7A6npCA33oGM5i],,1A92IAcd7A6npCA33oGM5i,The Proclaimers,8100195,438174,0,2026-07-18T20:45:22.974241+00:00,Spotify web-player queryArtistOverview,undocumented read-only web-client endpoint,1A92IAcd7A6npCA33oGM5i,Q289622,The Proclaimers,The Proclaimers,Q758624,Auchtermuchty,musical duo|twin brother duo,United Kingdom,,,,,True,accepted_exact_name,True,True,eligible_group_or_duo,True,False
Dexys Midnight Runners [4QTVePrFu1xuGM9K0kNXkk],,4QTVePrFu1xuGM9K0kNXkk,Dexys Midnight Runners,7999321,384886,0,2026-07-18T20:45:22.974241+00:00,Spotify web-player queryArtistOverview,undocumented read-only web-client endpoint,4QTVePrFu1xuGM9K0kNXkk,Q247259,Dexys Midnight Runners,Dexys Midnight Runners,Q2256,Birmingham,musical group,United Kingdom,,,,,True,accepted_exact_name,True,True,eligible_group_or_duo,True,False
The Kinks [1SQRv42e4PjEYfPhS0Tk9E],,1SQRv42e4PjEYfPhS0Tk9E,The Kinks,7864488,2958309,0,2026-07-18T20:45:22.974241+00:00,Spotify web-player queryArtistOverview,undocumented read-only web-client endpoint,1SQRv42e4PjEYfPhS0Tk9E,Q188713,The Kinks,The Kinks,Q84,London,musical group,United Kingdom,,,,,True,accepted_exact_name,True,True,eligible_group_or_duo,True,False
Supertramp [3JsMj0DEzyWc0VDlHuy9Bx],,3JsMj0DEzyWc0VDlHuy9Bx,Supertramp,7695790,4214119,0,2026-07-18T20:45:22.974241+00:00,Spotify web-player queryArtistOverview,undocumented read-only web-client endpoint,3JsMj0DEzyWc0VDlHuy9Bx,Q176457,Supertramp,Supertramp,Q84,London,musical group,United Kingdom,,,,,True,accepted_exact_name,True,True,eligible_group_or_duo,True,False
Oh Wonder [5cIc3SBFuBLVxJz58W2tU9],,5cIc3SBFuBLVxJz58W2tU9,Oh Wonder,7552797,1128715,0,2026-07-18T20:45:22.974241+00:00,Spotify web-player queryArtistOverview,undocumented read-only web-client endpoint,5cIc3SBFuBLVxJz58W2tU9,Q21452721,Oh Wonder,Oh Wonder,Q84,London,musical duo,United Kingdom,,,,,True,accepted_exact_name,True,True,eligible_group_or_duo,True,False
London Symphony Orchestra [5yxyJsFanEAuwSM5kOuZKc],,5yxyJsFanEAuwSM5kOuZKc,London Symphony Orchestra,7321828,397071,0,2026-07-18T20:45:22.974241+00:00,Spotify web-player queryArtistOverview,undocumented read-only web-client endpoint,5yxyJsFanEAuwSM5kOuZKc,Q155805,London Symphony Orchestra,London Symphony Orchestra,Q21,England,exempt charity|nonprofit organization|symphony orchestra,United Kingdom,,,,,True,accepted_exact_name,True,False,excluded_orchestra,True,False
Goodboys [2nm38smINjms1LtczR0Cei],,2nm38smINjms1LtczR0Cei,Goodboys,7292613,130149,0,2026-07-18T20:45:22.974241+00:00,Spotify web-player queryArtistOverview,undocumented read-only web-client endpoint,2nm38smINjms1LtczR0Cei,Q65052503,Goodboys,Goodboys,Q84,London,musical group,United Kingdom,,,,,True,accepted_exact_name,True,True,eligible_group_or_duo,True,False
The Wanted [2NhdGz9EDv2FeUw6udu2g1],,2NhdGz9EDv2FeUw6udu2g1,The Wanted,7143333,2480552,0,2026-07-18T20:45:22.974241+00:00,Spotify web-player queryArtistOverview,undocumented read-only web-client endpoint,2NhdGz9EDv2FeUw6udu2g1,Q34918,The Wanted,The Wanted,Q21,England,boy band|musical group,United Kingdom,,London,Wikidata records only England; Apple Music records London as the formation place,https://music.apple.com/us/artist/the-wanted/3445978,True,accepted_exact_name,True,True,eligible_group_or_duo,True,False
Culture Club [6kz53iCdBSqhQCZ21CoLcc],,6kz53iCdBSqhQCZ21CoLcc,Culture Club,7076755,1913999,0,2026-07-18T20:45:22.974241+00:00,Spotify web-player queryArtistOverview,undocumented read-only web-client endpoint,6kz53iCdBSqhQCZ21CoLcc,Q50037,Culture Club,Culture Club,Q84,London,musical group,United Kingdom,,,,,True,accepted_exact_name,True,True,eligible_group_or_duo,True,False
Deep Purple [568ZhdwyaiCyOGJRtNYhWf],,568ZhdwyaiCyOGJRtNYhWf,Deep Purple,6998809,6229490,0,2026-07-18T20:45:22.974241+00:00,Spotify web-player queryArtistOverview,undocumented read-only web-client endpoint,568ZhdwyaiCyOGJRtNYhWf,Q101505,Deep Purple,Deep Purple,Q21|Q84|Q9681,England|Hertford|London,rock band,United Kingdom,,,,,True,accepted_exact_name,True,True,eligible_group_or_duo,True,False
The Kooks [1GLtl8uqKmnyCWxHmw9tL4],,1GLtl8uqKmnyCWxHmw9tL4,The Kooks,6950019,2737101,0,2026-07-18T20:45:22.974241+00:00,Spotify web-player queryArtistOverview,undocumented read-only web-client endpoint,1GLtl8uqKmnyCWxHmw9tL4,Q211768,The Kooks,The Kooks,Q131491,Brighton,musical group,United Kingdom,,,,,True,accepted_exact_name,True,True,eligible_group_or_duo,True,False
La Roux [3K2zB87GZv1krx031en5VA],,3K2zB87GZv1krx031en5VA,La Roux,6858904,712440,0,2026-07-18T20:45:22.974241+00:00,Spotify web-player queryArtistOverview,undocumented read-only web-client endpoint,3K2zB87GZv1krx031en5VA,Q200002,La Roux,La Roux,Q84,London,musical group,United Kingdom,,,,,True,accepted_exact_name,True,True,eligible_group_or_duo,True,False
10cc [6i6WlGzQtXtz7GcC5H5st5],,6i6WlGzQtXtz7GcC5H5st5,10cc,6808182,952868,0,2026-07-18T20:45:22.974241+00:00,Spotify web-player queryArtistOverview,undocumented read-only web-client endpoint,6i6WlGzQtXtz7GcC5H5st5,Q169145,10cc,10cc,Q18655,Stockport,musical group,United Kingdom,,,,,True,accepted_exact_name,True,True,eligible_group_or_duo,True,False
CamelPhat [240wlM8vDrf6S4zCyzGj2W],,240wlM8vDrf6S4zCyzGj2W,CamelPhat,6543464,572358,0,2026-07-18T20:45:22.974241+00:00,Spotify web-player queryArtistOverview,undocumented read-only web-client endpoint,240wlM8vDrf6S4zCyzGj2W,Q21008079,CamelPhat,CamelPhat,Q24826,Liverpool,disc jockey|musical group,United Kingdom,,,,,True,accepted_exact_name,True,True,eligible_group_or_duo,True,False
Take That [1XgFuvRd7r5g0h844A5ZUQ],,1XgFuvRd7r5g0h844A5ZUQ,Take That,6539015,1517488,0,2026-07-18T20:45:22.974241+00:00,Spotify web-player queryArtistOverview,undocumented read-only web-client endpoint,1XgFuvRd7r5g0h844A5ZUQ,Q152066,Take That,Take That,Q18125,Manchester,boy band,United Kingdom,,,,,True,accepted_exact_name,True,True,eligible_group_or_duo,True,False
Whitesnake [3UbyYnvNIT5DFXU4WgiGpP],,3UbyYnvNIT5DFXU4WgiGpP,Whitesnake,6249726,3532823,0,2026-07-18T20:45:22.974241+00:00,Spotify web-player queryArtistOverview,undocumented read-only web-client endpoint,3UbyYnvNIT5DFXU4WgiGpP,Q189965,Whitesnake,Whitesnake,Q171866,Middlesbrough,musical group,United Kingdom,,,,,True,accepted_exact_name,True,True,eligible_group_or_duo,True,False
The Vamps [7gAppWoH7pcYmphCVTXkzs],,7gAppWoH7pcYmphCVTXkzs,The Vamps,6167219,5952843,0,2026-07-18T20:45:22.974241+00:00,Spotify web-player queryArtistOverview,undocumented read-only web-client endpoint,7gAppWoH7pcYmphCVTXkzs,Q15042553,The Vamps,The Vamps,Q21|Q84,England|London,musical group,United Kingdom,,,,,True,accepted_exact_name,True,True,eligible_group_or_duo,True,False
The Human League [1aX2dmV8XoHYCOQRxjPESG],,1aX2dmV8XoHYCOQRxjPESG,The Human League,6085844,1370364,0,2026-07-18T20:45:22.974241+00:00,Spotify web-player queryArtistOverview,undocumented read-only web-client endpoint,1aX2dmV8XoHYCOQRxjPESG,Q730158,The Human League,The Human League,Q42448,Sheffield,musical group,United Kingdom,,,,,True,accepted_exact_name,True,True,eligible_group_or_duo,True,False
The Pretenders [0GByy3DcfbQwDvXGCWmzv9],,0GByy3DcfbQwDvXGCWmzv9,Pretenders,6044974,1771319,0,2026-07-18T20:45:22.974241+00:00,Spotify web-player queryArtistOverview,undocumented read-only web-client endpoint,0GByy3DcfbQwDvXGCWmzv9,Q667389,The Pretenders,The Pretenders,Q204720,Hereford,musical group,United Kingdom,approve,,Spotify differs only by the leading article: The Pretenders / Pretenders,https://open.spotify.com/artist/0GByy3DcfbQwDvXGCWmzv9,False,accepted_reviewed_alias,True,True,eligible_group_or_duo,True,False
AlunaGeorge [2VAnyOxzJuSAj7XIuEOT38],,2VAnyOxzJuSAj7XIuEOT38,AlunaGeorge,6010368,456793,0,2026-07-18T20:45:22.974241+00:00,Spotify web-player queryArtistOverview,undocumented read-only web-client endpoint,2VAnyOxzJuSAj7XIuEOT38,Q10353,AlunaGeorge,AlunaGeorge,Q84,London,musical duo,United Kingdom,,,,,True,accepted_exact_name,True,True,eligible_group_or_duo,True,False
Portishead [6liAMWkVf5LH7YR9yfFy1Y],,6liAMWkVf5LH7YR9yfFy1Y,Portishead,5958911,2540792,0,2026-07-18T20:45:22.974241+00:00,Spotify web-player queryArtistOverview,undocumented read-only web-client endpoint,6liAMWkVf5LH7YR9yfFy1Y,Q191352,Portishead,Portishead,Q23154,Bristol,musical group,United Kingdom,,,,,True,accepted_exact_name,True,True,eligible_group_or_duo,True,False
Frou Frou [6MUyqmIQ35inLjch0YzIEG],,6MUyqmIQ35inLjch0YzIEG,Frou Frou,5930276,419619,0,2026-07-18T20:45:22.974241+00:00,Spotify web-player queryArtistOverview,undocumented read-only web-client endpoint,6MUyqmIQ35inLjch0YzIEG,Q2629330,Frou Frou,Frou Frou,Q84,London,musical duo,United Kingdom,,,,,True,accepted_exact_name,True,True,eligible_group_or_duo,True,False
Royal Philharmonic Orchestra [0MvSBMGRQJY3mRwIbJsqF1],,0MvSBMGRQJY3mRwIbJsqF1,Royal Philharmonic Orchestra,5838561,232814,0,2026-07-18T20:45:22.974241+00:00,Spotify web-player queryArtistOverview,undocumented read-only web-client endpoint,0MvSBMGRQJY3mRwIbJsqF1,Q856125,Royal Philharmonic Orchestra,Royal Philharmonic Orchestra,Q84,London,musical group,United Kingdom,,,,,True,accepted_exact_name,True,False,excluded_orchestra,True,False
Royal Philharmonic Orchestra [7Ah35lhlp7p3HOVmmzJh2I],,0MvSBMGRQJY3mRwIbJsqF1,Royal Philharmonic Orchestra,5838561,232814,0,2026-07-18T20:45:22.974241+00:00,Spotify web-player queryArtistOverview,undocumented read-only web-client endpoint,7Ah35lhlp7p3HOVmmzJh2I,Q856125,Royal Philharmonic Orchestra,Royal Philharmonic Orchestra,Q84,London,musical group,United Kingdom,,,,,True,accepted_exact_name,True,False,excluded_orchestra,False,True
Soft Cell [6aq8T2RcspxVOGgMrTzjWc],,6aq8T2RcspxVOGgMrTzjWc,Soft Cell,5766246,869007,0,2026-07-18T20:45:22.974241+00:00,Spotify web-player queryArtistOverview,undocumented read-only web-client endpoint,6aq8T2RcspxVOGgMrTzjWc,Q1329303,Soft Cell,Soft Cell,Q39121,Leeds,musical duo,United Kingdom,,,,,True,accepted_exact_name,True,True,eligible_group_or_duo,True,False
Stealers Wheel [7bPU7cvfoD20ixGD9Qnqki],,7bPU7cvfoD20ixGD9Qnqki,Stealers Wheel,5726001,253056,0,2026-07-18T20:45:22.974241+00:00,Spotify web-player queryArtistOverview,undocumented read-only web-client endpoint,7bPU7cvfoD20ixGD9Qnqki,Q283638,Stealers Wheel,Stealers Wheel,Q211870,Paisley,musical group,Scotland,,,,,True,accepted_exact_name,True,True,eligible_group_or_duo,True,False
Katrina and the Waves [2TzHIUhVpeeDxyJPpQfnV3],,2TzHIUhVpeeDxyJPpQfnV3,Katrina & The Waves,5671000,171867,0,2026-07-18T20:45:22.974241+00:00,Spotify web-player queryArtistOverview,undocumented read-only web-client endpoint,2TzHIUhVpeeDxyJPpQfnV3,Q934582,Katrina and the Waves,Katrina and the Waves,Q350,Cambridge,musical group,United Kingdom,approve,,Spotify uses an ampersand where Wikidata spells out and,https://open.spotify.com/artist/2TzHIUhVpeeDxyJPpQfnV3,False,accepted_reviewed_alias,True,True,eligible_group_or_duo,True,False
LF System [0HxX6imltnNXJyQhu4nsiO],,0HxX6imltnNXJyQhu4nsiO,LF SYSTEM,5611864,113693,0,2026-07-18T20:45:22.974241+00:00,Spotify web-player queryArtistOverview,undocumented read-only web-client endpoint,0HxX6imltnNXJyQhu4nsiO,Q113022702,LF System,LF System,,,musical duo,Scotland|United Kingdom,,West Lothian,Wikidata formation place is missing; the artist's official biography describes both members as West Lothian natives,https://lfsystemmusic.com/about,True,accepted_exact_name,True,True,eligible_group_or_duo,True,False
Everything but the Girl [13ccXrK7AmXb4TddMkE7jy],,13ccXrK7AmXb4TddMkE7jy,Everything But The Girl,5607393,480010,0,2026-07-18T20:45:22.974241+00:00,Spotify web-player queryArtistOverview,undocumented read-only web-client endpoint,13ccXrK7AmXb4TddMkE7jy,Q313779,Everything but the Girl,Everything but the Girl,Q128147,Kingston upon Hull,married couple|musical duo,United Kingdom,,,,,True,accepted_exact_name,True,True,eligible_group_or_duo,True,False
The La's [47Z8LEl3LnQkcpva0xSthT],,47Z8LEl3LnQkcpva0xSthT,The La's,5581915,320009,0,2026-07-18T20:45:22.974241+00:00,Spotify web-player queryArtistOverview,undocumented read-only web-client endpoint,47Z8LEl3LnQkcpva0xSthT,Q1860769,The La's,The La's,Q24826,Liverpool,musical group,United Kingdom,,,,,True,accepted_exact_name,True,True,eligible_group_or_duo,True,False
The xx [3iOvXCl6edW5Um0fXEBRXy],,3iOvXCl6edW5Um0fXEBRXy,The xx,5459918,3911861,0,2026-07-18T20:45:22.974241+00:00,Spotify web-player queryArtistOverview,undocumented read-only web-client endpoint,3iOvXCl6edW5Um0fXEBRXy,Q869367,The xx,The xx,Q84,London,musical group,United Kingdom,,,,,True,accepted_exact_name,True,True,eligible_group_or_duo,True,False
The Cinematic Orchestra [32ogthv0BdaSMPml02X9YB],,32ogthv0BdaSMPml02X9YB,The Cinematic Orchestra,5329785,811495,0,2026-07-18T20:45:22.974241+00:00,Spotify web-player queryArtistOverview,undocumented read-only web-client endpoint,32ogthv0BdaSMPml02X9YB,Q1087300,The Cinematic Orchestra,The Cinematic Orchestra,Q84,London,musical group,United Kingdom,,,,,True,accepted_exact_name,True,False,excluded_orchestra,True,False
Fine Young Cannibals [20p5D2KrE8CGuOjHtxsyTp],,20p5D2KrE8CGuOjHtxsyTp,Fine Young Cannibals,5309505,1018624,0,2026-07-18T20:45:22.974241+00:00,Spotify web-player queryArtistOverview,undocumented read-only web-client endpoint,20p5D2KrE8CGuOjHtxsyTp,Q14528,Fine Young Cannibals,Fine Young Cannibals,Q2256,Birmingham,musical group,United Kingdom,,,,,True,accepted_exact_name,True,True,eligible_group_or_duo,True,False
Stereophonics [21UJ7PRWb3Etgsu99f8yo8],,21UJ7PRWb3Etgsu99f8yo8,Stereophonics,5187258,1843050,0,2026-07-18T20:45:22.974241+00:00,Spotify web-player queryArtistOverview,undocumented read-only web-client endpoint,21UJ7PRWb3Etgsu99f8yo8,Q28963,Stereophonics,Stereophonics,Q3365170,Cwmaman,musical group,Wales,,,,,True,accepted_exact_name,True,True,eligible_group_or_duo,True,False
Bush [78SHxLdtysAXgywQ4vE0Oa],,78SHxLdtysAXgywQ4vE0Oa,Bush,5127264,2264067,0,2026-07-18T20:45:22.974241+00:00,Spotify web-player queryArtistOverview,undocumented read-only web-client endpoint,78SHxLdtysAXgywQ4vE0Oa,Q247949,Bush,Bush,Q84,London,musical group,United Kingdom,,,,,True,accepted_exact_name,True,True,eligible_group_or_duo,True,False
Cocteau Twins [5Wabl1lPdNOeIn0SQ5A1mp],,5Wabl1lPdNOeIn0SQ5A1mp,Cocteau Twins,5124023,1683661,0,2026-07-18T20:45:22.974241+00:00,Spotify web-player queryArtistOverview,undocumented read-only web-client endpoint,5Wabl1lPdNOeIn0SQ5A1mp,Q588820,Cocteau Twins,Cocteau Twins,Q617845,Grangemouth,musical group,United Kingdom,,,,,True,accepted_exact_name,True,True,eligible_group_or_duo,True,False
Bullet for My Valentine [7iWiAD5LLKyiox2grgfmUT],,7iWiAD5LLKyiox2grgfmUT,Bullet For My Valentine,5036374,3716305,0,2026-07-18T20:45:22.974241+00:00,Spotify web-player queryArtistOverview,undocumented read-only web-client endpoint,7iWiAD5LLKyiox2grgfmUT,Q485385,Bullet for My Valentine,Bullet for My Valentine,Q6497774,Bridgend,musical group,United Kingdom,,,,,True,accepted_exact_name,True,True,eligible_group_or_duo,True,False
The Prodigy [4k1ELeJKT1ISyDv8JivPpB],,4k1ELeJKT1ISyDv8JivPpB,The Prodigy,5031555,3074898,0,2026-07-18T20:45:22.974241+00:00,Spotify web-player queryArtistOverview,undocumented read-only web-client endpoint,4k1ELeJKT1ISyDv8JivPpB,Q7256860,The Prodigy,The Prodigy,Q23240|Q676067,Braintree|Essex,musical group,United Kingdom,,,,,True,accepted_exact_name,True,True,eligible_group_or_duo,True,False
The Zombies [2jgPkn6LuUazBoBk6vvjh5],,2jgPkn6LuUazBoBk6vvjh5,The Zombies,5025277,1164571,0,2026-07-18T20:45:22.974241+00:00,Spotify web-player queryArtistOverview,undocumented read-only web-client endpoint,2jgPkn6LuUazBoBk6vvjh5,Q1163207,The Zombies,The Zombies,Q6226,St Albans,musical group,United Kingdom,,,,,True,accepted_exact_name,True,True,eligible_group_or_duo,True,False
Hot Chocolate [72VzFto8DYvKHocaHYNWSi],,72VzFto8DYvKHocaHYNWSi,Hot Chocolate,5017699,393132,0,2026-07-18T20:45:22.974241+00:00,Spotify web-player queryArtistOverview,undocumented read-only web-client endpoint,72VzFto8DYvKHocaHYNWSi,Q1368881,Hot Chocolate,Hot Chocolate,Q149556,West Hampstead,musical group,United Kingdom,,,,,True,accepted_exact_name,True,True,eligible_group_or_duo,True,False
The Alan Parsons Project [2m62cc253Xvd9qYQ8d2X3d],,2m62cc253Xvd9qYQ8d2X3d,The Alan Parsons Project,4991688,1804870,0,2026-07-18T20:45:22.974241+00:00,Spotify web-player queryArtistOverview,undocumented read-only web-client endpoint,2m62cc253Xvd9qYQ8d2X3d,Q533478,The Alan Parsons Project,The Alan Parsons Project,Q4093,Glasgow,musical group,United Kingdom,,,,,True,accepted_exact_name,True,True,eligible_group_or_duo,True,False
Philharmonia Orchestra [09KZU0NsS7jRa5p0SflmGY],,09KZU0NsS7jRa5p0SflmGY,Philharmonia Orchestra,4970488,116396,0,2026-07-18T20:45:22.974241+00:00,Spotify web-player queryArtistOverview,undocumented read-only web-client endpoint,09KZU0NsS7jRa5p0SflmGY,Q1046309,Philharmonia Orchestra,Philharmonia Orchestra,,,orchestra,United Kingdom,,,,,True,accepted_exact_name,True,False,excluded_orchestra,True,False
Chase & Status [3jNkaOXasoc7RsxdchvEVq],,3jNkaOXasoc7RsxdchvEVq,Chase & Status,4913546,1285130,0,2026-07-18T20:45:22.974241+00:00,Spotify web-player queryArtistOverview,undocumented read-only web-client endpoint,3jNkaOXasoc7RsxdchvEVq,Q1067983,Chase & Status,Chase & Status,Q84,London,musical group,United Kingdom,,,,,True,accepted_exact_name,True,True,eligible_group_or_duo,True,False
Wings [3sFhA6G1N0gG1pszb6kk1m],,3sFhA6G1N0gG1pszb6kk1m,Wings,4863252,1356305,0,2026-07-18T20:45:22.974241+00:00,Spotify web-player queryArtistOverview,undocumented read-only web-client endpoint,3sFhA6G1N0gG1pszb6kk1m,Q622988,Wings,Wings,Q21,England,musical group,United Kingdom,,,,,True,accepted_exact_name,True,True,eligible_group_or_duo,True,False
Hurts [3w4VAlllkAWI6m0AV0Gn6a],,3w4VAlllkAWI6m0AV0Gn6a,Hurts,4854547,380397,0,2026-07-18T20:45:22.974241+00:00,Spotify web-player queryArtistOverview,undocumented read-only web-client endpoint,3w4VAlllkAWI6m0AV0Gn6a,Q493042,Hurts,Hurts,Q18125,Manchester,male duo|musical duo|musical group,United Kingdom,,,,,True,accepted_exact_name,True,True,eligible_group_or_duo,True,False
Erasure [0z5DFXmhT4ZNzWElsM7V89],,0z5DFXmhT4ZNzWElsM7V89,Erasure,4832016,1261829,0,2026-07-18T20:45:22.974241+00:00,Spotify web-player queryArtistOverview,undocumented read-only web-client endpoint,0z5DFXmhT4ZNzWElsM7V89,Q484885,Erasure,Erasure,Q21,England,male duo|musical duo,United Kingdom,,,,,True,accepted_exact_name,True,True,eligible_group_or_duo,True,False
Chumbawamba [0TcYeHEK9sBtv7xPbKhzHz],,0TcYeHEK9sBtv7xPbKhzHz,Chumbawamba,4700579,225650,0,2026-07-18T20:45:22.974241+00:00,Spotify web-player queryArtistOverview,undocumented read-only web-client endpoint,0TcYeHEK9sBtv7xPbKhzHz,Q1089523,Chumbawamba,Chumbawamba,Q209096,Burnley,rock band,United Kingdom,,,,,True,accepted_exact_name,True,True,eligible_group_or_duo,True,False
A Flock of Seagulls [0uAjBatvB4ubpd4kCfjmNt],,0uAjBatvB4ubpd4kCfjmNt,A Flock Of Seagulls,4670482,774464,0,2026-07-18T20:45:22.974241+00:00,Spotify web-player queryArtistOverview,undocumented read-only web-client endpoint,0uAjBatvB4ubpd4kCfjmNt,Q300409,A Flock of Seagulls,A Flock of Seagulls,Q24826,Liverpool,musical group,United Kingdom,,,,,True,accepted_exact_name,True,True,eligible_group_or_duo,True,False
Slowdive [72X6FHxaShda0XeQw3vbeF],,72X6FHxaShda0XeQw3vbeF,Slowdive,4658345,1560399,0,2026-07-18T20:45:22.974241+00:00,Spotify web-player queryArtistOverview,undocumented read-only web-client endpoint,72X6FHxaShda0XeQw3vbeF,Q1502037,Slowdive,Slowdive,Q161491,Reading,musical group,United Kingdom,,,,,True,accepted_exact_name,True,True,eligible_group_or_duo,True,False
Supergrass [0sHeX8oQ6o7xic3wMf4NBU],,0sHeX8oQ6o7xic3wMf4NBU,Supergrass,4645328,719253,0,2026-07-18T20:45:22.974241+00:00,Spotify web-player queryArtistOverview,undocumented read-only web-client endpoint,0sHeX8oQ6o7xic3wMf4NBU,Q1120684,Supergrass,Supergrass,Q1997905,Wheatley,musical group,United Kingdom,,,,,True,accepted_exact_name,True,True,eligible_group_or_duo,True,False
Cream [74oJ4qxwOZvX6oSsu1DGnw],,74oJ4qxwOZvX6oSsu1DGnw,Cream,4518268,2788886,0,2026-07-18T20:45:22.974241+00:00,Spotify web-player queryArtistOverview,undocumented read-only web-client endpoint,74oJ4qxwOZvX6oSsu1DGnw,Q203736,Cream,Cream,Q84,London,musical group,United Kingdom,,,,,True,accepted_exact_name,True,True,eligible_group_or_duo,True,False
Motörhead [1DFr97A9HnbV3SKTJFu62M],,1DFr97A9HnbV3SKTJFu62M,Motörhead,4453633,4680274,0,2026-07-18T20:45:22.974241+00:00,Spotify web-player queryArtistOverview,undocumented read-only web-client endpoint,1DFr97A9HnbV3SKTJFu62M,Q19697,Motörhead,Motörhead,Q84,London,rock band,United Kingdom,,,,,True,accepted_exact_name,True,True,eligible_group_or_duo,True,False
Yes [7AC976RDJzL2asmZuz7qil],,7AC976RDJzL2asmZuz7qil,Yes,4447983,2203167,0,2026-07-18T20:45:22.974241+00:00,Spotify web-player queryArtistOverview,undocumented read-only web-client endpoint,7AC976RDJzL2asmZuz7qil,Q184386,Yes,Yes,Q84,London,musical group,United Kingdom,,,,,True,accepted_exact_name,True,True,eligible_group_or_duo,True,False
Nazareth [6fvN9GmMCVKb5LY0WsnjFP],,6fvN9GmMCVKb5LY0WsnjFP,Nazareth,4341186,1724966,0,2026-07-18T20:45:22.974241+00:00,Spotify web-player queryArtistOverview,undocumented read-only web-client endpoint,6fvN9GmMCVKb5LY0WsnjFP,Q683695,Nazareth,Nazareth,Q211950,Dunfermline,rock band,United Kingdom,,,,,True,accepted_exact_name,True,True,eligible_group_or_duo,True,False
Foals [6FQqZYVfTNQ1pCqfkwVFEa],,6FQqZYVfTNQ1pCqfkwVFEa,Foals,4201622,1504353,0,2026-07-18T20:45:22.974241+00:00,Spotify web-player queryArtistOverview,undocumented read-only web-client endpoint,6FQqZYVfTNQ1pCqfkwVFEa,Q728958,Foals,Foals,Q34217,Oxford,musical group,United Kingdom,,,,,True,accepted_exact_name,True,True,eligible_group_or_duo,True,False
SIDEWALKS AND SKELETONS [48nHO1cuTbpx4ELhChsxX1],,48nHO1cuTbpx4ELhChsxX1,Sidewalks and Skeletons,4198181,530960,0,2026-07-18T20:45:22.974241+00:00,Spotify web-player queryArtistOverview,undocumented read-only web-client endpoint,48nHO1cuTbpx4ELhChsxX1,Q58884625,SIDEWALKS AND SKELETONS,SIDEWALKS AND SKELETONS,,,musical group,United Kingdom,,,,,True,accepted_exact_name,True,True,eligible_group_or_duo,True,False
LSD [6IZ4ctovY9dl7bgHClAvKJ],,6IZ4ctovY9dl7bgHClAvKJ,LSD,4191261,387536,0,2026-07-18T20:45:22.974241+00:00,Spotify web-player queryArtistOverview,undocumented read-only web-client endpoint,6IZ4ctovY9dl7bgHClAvKJ,Q52397902,LSD,LSD,,,musical group,United Kingdom,,,,,True,accepted_exact_name,True,True,eligible_group_or_duo,True,False
Flo [0s4kXsjYeH0S1xRyVGN4NO],,0s4kXsjYeH0S1xRyVGN4NO,FLO,4183163,626883,0,2026-07-18T20:45:22.974241+00:00,Spotify web-player queryArtistOverview,undocumented read-only web-client endpoint,0s4kXsjYeH0S1xRyVGN4NO,Q111548374,Flo,Flo,,,musical group,United Kingdom,,,,,True,accepted_exact_name,True,True,eligible_group_or_duo,True,False
The Foundations [4GITZM5LCR2KcdlgEOrNLD],,4GITZM5LCR2KcdlgEOrNLD,The Foundations,4165829,169026,0,2026-07-18T20:45:22.974241+00:00,Spotify web-player queryArtistOverview,undocumented read-only web-client endpoint,4GITZM5LCR2KcdlgEOrNLD,Q1421054,The Foundations,The Foundations,Q84,London,musical group,United Kingdom,,,,,True,accepted_exact_name,True,True,eligible_group_or_duo,True,False
Chvrches [3CjlHNtplJyTf9npxaPl5w],,3CjlHNtplJyTf9npxaPl5w,CHVRCHES,4152413,1434807,0,2026-07-18T20:45:22.974241+00:00,Spotify web-player queryArtistOverview,undocumented read-only web-client endpoint,3CjlHNtplJyTf9npxaPl5w,Q5118436,Chvrches,Chvrches,Q4093,Glasgow,musical group,United Kingdom,,,,,True,accepted_exact_name,True,True,eligible_group_or_duo,True,False
Maribou State [7zrkALJ9ayRjzysp4QYoEg],,7zrkALJ9ayRjzysp4QYoEg,Maribou State,4147945,527128,0,2026-07-18T20:45:22.974241+00:00,Spotify web-player queryArtistOverview,undocumented read-only web-client endpoint,7zrkALJ9ayRjzysp4QYoEg,Q20711766,Maribou State,Maribou State,,,musical duo,United Kingdom,,,,,True,accepted_exact_name,True,True,eligible_group_or_duo,True,False
Joy Division [432R46LaYsJZV2Gmc4jUV5],,432R46LaYsJZV2Gmc4jUV5,Joy Division,4140711,2965374,0,2026-07-18T20:45:22.974241+00:00,Spotify web-player queryArtistOverview,undocumented read-only web-client endpoint,432R46LaYsJZV2Gmc4jUV5,Q172763,Joy Division,Joy Division,Q47952,Salford,musical group,United Kingdom,,,,,True,accepted_exact_name,True,True,eligible_group_or_duo,True,False
Studio Killers [7avo0PmlW8O1YLEt9DnWQT],,7avo0PmlW8O1YLEt9DnWQT,Studio Killers,4136257,305458,0,2026-07-18T20:45:22.974241+00:00,Spotify web-player queryArtistOverview,undocumented read-only web-client endpoint,7avo0PmlW8O1YLEt9DnWQT,Q860988,Studio Killers,Studio Killers,Q145,United Kingdom,musical group|virtual band,United Kingdom,,,,,True,accepted_exact_name,True,True,eligible_group_or_duo,True,False
The Fratellis [3M4ThdJR28z9eSMcQHAZ5G],,3M4ThdJR28z9eSMcQHAZ5G,The Fratellis,4131358,958629,0,2026-07-18T20:45:22.974241+00:00,Spotify web-player queryArtistOverview,undocumented read-only web-client endpoint,3M4ThdJR28z9eSMcQHAZ5G,Q1127565,The Fratellis,The Fratellis,Q4093,Glasgow,musical group,United Kingdom,,,,,True,accepted_exact_name,True,True,eligible_group_or_duo,True,False
Judas Priest [2tRsMl4eGxwoNabM08Dm4I],,2tRsMl4eGxwoNabM08Dm4I,Judas Priest,4112763,4744039,0,2026-07-18T20:45:22.974241+00:00,Spotify web-player queryArtistOverview,undocumented read-only web-client endpoint,2tRsMl4eGxwoNabM08Dm4I,Q83468,Judas Priest,Judas Priest,Q2256,Birmingham,heavy metal band,United Kingdom,,,,,True,accepted_exact_name,True,True,eligible_group_or_duo,True,False
T. Rex [3dBVyJ7JuOMt4GE9607Qin],,3dBVyJ7JuOMt4GE9607Qin,T. Rex,4010971,1266989,0,2026-07-18T20:45:22.974241+00:00,Spotify web-player queryArtistOverview,undocumented read-only web-client endpoint,3dBVyJ7JuOMt4GE9607Qin,Q211770,T. Rex,T. Rex,Q84,London,rock band,United Kingdom,,,,,True,accepted_exact_name,True,True,eligible_group_or_duo,True,False
Metronomy [54QMjE4toDfiCryzYWCpXX],,54QMjE4toDfiCryzYWCpXX,Metronomy,3971668,1135985,0,2026-07-18T20:45:22.974241+00:00,Spotify web-player queryArtistOverview,undocumented read-only web-client endpoint,54QMjE4toDfiCryzYWCpXX,Q151783,Metronomy,Metronomy,Q1007106,Totnes,musical group,United Kingdom,,,,,True,accepted_exact_name,True,True,eligible_group_or_duo,True,False
Talk Talk [7Fo8TAyGJr4VmhE68QamMf],,7Fo8TAyGJr4VmhE68QamMf,Talk Talk,3944807,712227,0,2026-07-18T20:45:22.974241+00:00,Spotify web-player queryArtistOverview,undocumented read-only web-client endpoint,7Fo8TAyGJr4VmhE68QamMf,Q595705,Talk Talk,Talk Talk,Q84,London,rock band,United Kingdom,,,,,True,accepted_exact_name,True,True,eligible_group_or_duo,True,False
HONNE [0Vw76uk7P8yVtTClWyOhac],,0Vw76uk7P8yVtTClWyOhac,HONNE,3880260,1667711,0,2026-07-18T20:45:22.974241+00:00,Spotify web-player queryArtistOverview,undocumented read-only web-client endpoint,0Vw76uk7P8yVtTClWyOhac,Q20740961,HONNE,HONNE,,,musical duo,United Kingdom,,,,,True,accepted_exact_name,True,True,eligible_group_or_duo,True,False
Bananarama [3sc7iUG1Wwpwx7bHeZolgx],,3sc7iUG1Wwpwx7bHeZolgx,Bananarama,3805410,929042,0,2026-07-18T20:45:22.974241+00:00,Spotify web-player queryArtistOverview,undocumented read-only web-client endpoint,3sc7iUG1Wwpwx7bHeZolgx,Q725926,Bananarama,Bananarama,Q84,London,musical group,United Kingdom,,,,,True,accepted_exact_name,True,True,eligible_group_or_duo,True,False
Underworld [1PXHzxRDiLnjqNrRn2Xbsa],,1PXHzxRDiLnjqNrRn2Xbsa,Underworld,3783264,827351,0,2026-07-18T20:45:22.974241+00:00,Spotify web-player queryArtistOverview,undocumented read-only web-client endpoint,1PXHzxRDiLnjqNrRn2Xbsa,Q849429,Underworld,Underworld,Q1339305,Romford,musical group,United Kingdom,,,,,True,accepted_exact_name,True,True,eligible_group_or_duo,True,False
Blue [2yEkZBBjhzKzt6LF5XMaFi],,2yEkZBBjhzKzt6LF5XMaFi,Blue,3677775,822804,0,2026-07-18T20:45:22.974241+00:00,Spotify web-player queryArtistOverview,undocumented read-only web-client endpoint,2yEkZBBjhzKzt6LF5XMaFi,Q32825,Blue,Blue,Q84,London,musical group|organization,United Kingdom,,,,,True,accepted_exact_name,True,True,eligible_group_or_duo,True,False
Kasabian [11wRdbnoYqRddKBrpHt4Ue],,11wRdbnoYqRddKBrpHt4Ue,Kasabian,3649101,1926968,0,2026-07-18T20:45:22.974241+00:00,Spotify web-player queryArtistOverview,undocumented read-only web-client endpoint,11wRdbnoYqRddKBrpHt4Ue,Q272517,Kasabian,Kasabian,Q83065,Leicester,musical group,United Kingdom,,,,,True,accepted_exact_name,True,True,eligible_group_or_duo,True,False
Sault [1uRxRKC7d9zwYGSRflTKDR],,1uRxRKC7d9zwYGSRflTKDR,SAULT,3625737,653952,0,2026-07-18T20:45:22.974241+00:00,Spotify web-player queryArtistOverview,undocumented read-only web-client endpoint,1uRxRKC7d9zwYGSRflTKDR,Q104771175,Sault,Sault,,,musical group,United Kingdom,,,,,True,accepted_exact_name,True,True,eligible_group_or_duo,True,False
Bad Company [5AEG63ajney2BoDXi0Vb84],,5AEG63ajney2BoDXi0Vb84,Bad Company,3616192,1458078,0,2026-07-18T20:45:22.974241+00:00,Spotify web-player queryArtistOverview,undocumented read-only web-client endpoint,5AEG63ajney2BoDXi0Vb84,Q745517,Bad Company,Bad Company,Q189960,Westminster,musical group,United Kingdom,,,,,True,accepted_exact_name,True,True,eligible_group_or_duo,True,False
Madness [4AYkFtEBnNnGuoo8HaHErd],,4AYkFtEBnNnGuoo8HaHErd,Madness,3611935,912052,0,2026-07-18T20:45:22.974241+00:00,Spotify web-player queryArtistOverview,undocumented read-only web-client endpoint,4AYkFtEBnNnGuoo8HaHErd,Q745741,Madness,Madness,Q84,London,ska band,United Kingdom,,,,,True,accepted_exact_name,True,True,eligible_group_or_duo,True,False
Push Baby [0kkxsdcaWmWU2yWAqclDh4],,0kkxsdcaWmWU2yWAqclDh4,Rixton,3592716,784995,0,2026-07-18T20:45:22.974241+00:00,Spotify web-player queryArtistOverview,undocumented read-only web-client endpoint,0kkxsdcaWmWU2yWAqclDh4,Q16672928,Push Baby,Push Baby,Q18125,Manchester,musical group,United Kingdom,,,,,False,rejected_name_mismatch,False,True,eligible_group_or_duo,True,False
Nothing but Thieves [1kDGbuxWknIKx4FlgWxiSp],,1kDGbuxWknIKx4FlgWxiSp,Nothing But Thieves,3587725,1421470,0,2026-07-18T20:45:22.974241+00:00,Spotify web-player queryArtistOverview,undocumented read-only web-client endpoint,1kDGbuxWknIKx4FlgWxiSp,Q20684996,Nothing but Thieves,Nothing but Thieves,Q203995,Southend-on-Sea,rock band,United Kingdom,,,,,True,accepted_exact_name,True,True,eligible_group_or_duo,True,False
Wet Leg [2TwOrUcYnAlIiKmVQkkoSZ],,2TwOrUcYnAlIiKmVQkkoSZ,Wet Leg,3584069,989381,0,2026-07-18T20:45:22.974241+00:00,Spotify web-player queryArtistOverview,undocumented read-only web-client endpoint,2TwOrUcYnAlIiKmVQkkoSZ,Q107475751,Wet Leg,Wet Leg,Q9679,Q9679,musical duo,England|United Kingdom,,,,,True,accepted_exact_name,True,True,eligible_group_or_duo,True,False
Wolf Alice [3btzEQD6sugImIHPMRgkwV],,3btzEQD6sugImIHPMRgkwV,Wolf Alice,3575621,973763,0,2026-07-18T20:45:22.974241+00:00,Spotify web-player queryArtistOverview,undocumented read-only web-client endpoint,3btzEQD6sugImIHPMRgkwV,Q8029799,Wolf Alice,Wolf Alice,Q84,London,musical group,United Kingdom,,,,,True,accepted_exact_name,True,True,eligible_group_or_duo,True,False
The Irrepressibles [1v5bOzXbhrQ57qSvRwGA6s],,1v5bOzXbhrQ57qSvRwGA6s,The Irrepressibles,3531545,266977,0,2026-07-18T20:45:22.974241+00:00,Spotify web-player queryArtistOverview,undocumented read-only web-client endpoint,1v5bOzXbhrQ57qSvRwGA6s,Q3020511,The Irrepressibles,The Irrepressibles,Q84,London,musical ensemble,United Kingdom,,,,,True,accepted_exact_name,True,True,eligible_group_or_duo,True,False
Sophie and the Giants [4FrXHrpbDLNyO3pbVv8RmF],,4FrXHrpbDLNyO3pbVv8RmF,Sophie and the Giants,3507868,90162,0,2026-07-18T20:45:22.974241+00:00,Spotify web-player queryArtistOverview,undocumented read-only web-client endpoint,4FrXHrpbDLNyO3pbVv8RmF,Q100595483,Sophie and the Giants,Sophie and the Giants,,,human|musical group,United Kingdom,,,,,True,accepted_exact_name,True,True,eligible_group_or_duo,True,False
The Stone Roses [1lYT0A0LV5DUfxr6doRP3d],,1lYT0A0LV5DUfxr6doRP3d,The Stone Roses,3488308,1863145,0,2026-07-18T20:45:22.974241+00:00,Spotify web-player queryArtistOverview,undocumented read-only web-client endpoint,1lYT0A0LV5DUfxr6doRP3d,Q29606,The Stone Roses,The Stone Roses,Q18125,Manchester,rock band,United Kingdom,,,,,True,accepted_exact_name,True,True,eligible_group_or_duo,True,False
The Buggles [057gc1fxmJ2vkctjQJ7Tal],,057gc1fxmJ2vkctjQJ7Tal,The Buggles,3487007,190767,0,2026-07-18T20:45:22.974241+00:00,Spotify web-player queryArtistOverview,undocumented read-only web-client endpoint,057gc1fxmJ2vkctjQJ7Tal,Q201568,The Buggles,The Buggles,Q736742,Wimbledon,musical group,United Kingdom,,,,,True,accepted_exact_name,True,True,eligible_group_or_duo,True,False
Placebo [6RZUqkomCmb8zCRqc9eznB],,6RZUqkomCmb8zCRqc9eznB,Placebo,3460472,2201483,0,2026-07-18T20:45:22.974241+00:00,Spotify web-player queryArtistOverview,undocumented read-only web-client endpoint,6RZUqkomCmb8zCRqc9eznB,Q484839,Placebo,Placebo,Q84,London,musical group,United Kingdom,,,,,True,accepted_exact_name,True,True,eligible_group_or_duo,True,False
The Sundays [4nlqDmbzFzbNITaqjJv7D7],,4nlqDmbzFzbNITaqjJv7D7,The Sundays,3421091,684291,0,2026-07-18T20:45:22.974241+00:00,Spotify web-player queryArtistOverview,undocumented read-only web-client endpoint,4nlqDmbzFzbNITaqjJv7D7,Q3122789,The Sundays,The Sundays,Q84,London,musical group,United Kingdom,,,,,True,accepted_exact_name,True,True,eligible_group_or_duo,True,False
Orchestral Manoeuvres in the Dark [7wJ9NwdRWtN92NunmXuwBk],,7wJ9NwdRWtN92NunmXuwBk,Orchestral Manoeuvres In The Dark,3287803,949812,0,2026-07-18T20:45:22.974241+00:00,Spotify web-player queryArtistOverview,undocumented read-only web-client endpoint,7wJ9NwdRWtN92NunmXuwBk,Q956500,Orchestral Manoeuvres in the Dark,Orchestral Manoeuvres in the Dark,Q1616766,Meols,musical group,United Kingdom,,,,,True,accepted_exact_name,True,True,eligible_group_or_duo,True,False
Dead or Alive [5WWSL6rElJeUk3Uc1S2RyD],,5WWSL6rElJeUk3Uc1S2RyD,Dead Or Alive,3275455,490402,0,2026-07-18T20:45:22.974241+00:00,Spotify web-player queryArtistOverview,undocumented read-only web-client endpoint,5WWSL6rElJeUk3Uc1S2RyD,Q368961,Dead or Alive,Dead or Alive,Q24826,Liverpool,musical group,United Kingdom,,,,,True,accepted_exact_name,True,True,eligible_group_or_duo,True,False
Groove Armada [67tgMwUfnmqzYsNAtnP6YJ],,67tgMwUfnmqzYsNAtnP6YJ,Groove Armada,3267951,783480,0,2026-07-18T20:45:22.974241+00:00,Spotify web-player queryArtistOverview,undocumented read-only web-client endpoint,67tgMwUfnmqzYsNAtnP6YJ,Q117522,Groove Armada,Groove Armada,Q84,London,musical group,United Kingdom,,,,,True,accepted_exact_name,True,True,eligible_group_or_duo,True,False
Snakehips [2FwJwEswyIUAljqgjNSHgP],,2FwJwEswyIUAljqgjNSHgP,Snakehips,3159265,392037,0,2026-07-18T20:45:22.974241+00:00,Spotify web-player queryArtistOverview,undocumented read-only web-client endpoint,2FwJwEswyIUAljqgjNSHgP,Q22116844,Snakehips,Snakehips,Q145,United Kingdom,musical group,United Kingdom,,,,,True,accepted_exact_name,True,True,eligible_group_or_duo,True,False
Generation X [1inWec2E2UgfzMAhwjgTXe],,1inWec2E2UgfzMAhwjgTXe,Generation X,3158701,181331,0,2026-07-18T20:45:22.974241+00:00,Spotify web-player queryArtistOverview,undocumented read-only web-client endpoint,1inWec2E2UgfzMAhwjgTXe,Q1157004,Generation X,Generation X,Q743535,Chelsea,rock band,United Kingdom,,,,,True,accepted_exact_name,True,True,eligible_group_or_duo,True,False
Bicep [73A3bLnfnz5BoQjb4gNCga],,73A3bLnfnz5BoQjb4gNCga,BICEP,3141387,673233,0,2026-07-18T20:45:22.974241+00:00,Spotify web-player queryArtistOverview,undocumented read-only web-client endpoint,73A3bLnfnz5BoQjb4gNCga,Q28855240,Bicep,Bicep,,,musical duo,United Kingdom,,,,,True,accepted_exact_name,True,True,eligible_group_or_duo,True,False
Yazoo [1G1mX30GpUJqOr1QU2eBSs],,1G1mX30GpUJqOr1QU2eBSs,Yazoo,3044119,802850,0,2026-07-18T20:45:22.974241+00:00,Spotify web-player queryArtistOverview,undocumented read-only web-client endpoint,1G1mX30GpUJqOr1QU2eBSs,Q1410055,Yazoo,Yazoo,Q216649,Basildon,musical group,United Kingdom,,,,,True,accepted_exact_name,True,True,eligible_group_or_duo,True,False
Yazoo [1XSKLwRyT1GttGP7fqr5o5],,1G1mX30GpUJqOr1QU2eBSs,Yazoo,3044119,802850,0,2026-07-18T20:45:22.974241+00:00,Spotify web-player queryArtistOverview,undocumented read-only web-client endpoint,1XSKLwRyT1GttGP7fqr5o5,Q1410055,Yazoo,Yazoo,Q216649,Basildon,musical group,United Kingdom,,,,,True,accepted_exact_name,True,True,eligible_group_or_duo,False,True
Bloc Party [3MM8mtgFzaEJsqbjZBSsHJ],,3MM8mtgFzaEJsqbjZBSsHJ,Bloc Party,3039480,1261856,0,2026-07-18T20:45:22.974241+00:00,Spotify web-player queryArtistOverview,undocumented read-only web-client endpoint,3MM8mtgFzaEJsqbjZBSsHJ,Q205838,Bloc Party,Bloc Party,Q84,London,rock band,United Kingdom,,,,,True,accepted_exact_name,True,True,eligible_group_or_duo,True,False
Gorgon City [4VNQWV2y1E97Eqo2D5UTjx],,4VNQWV2y1E97Eqo2D5UTjx,Gorgon City,3028602,552337,0,2026-07-18T20:45:22.974241+00:00,Spotify web-player queryArtistOverview,undocumented read-only web-client endpoint,4VNQWV2y1E97Eqo2D5UTjx,Q16839700,Gorgon City,Gorgon City,Q734547,North London,musical duo,United Kingdom,,,,,True,accepted_exact_name,True,True,eligible_group_or_duo,True,False
Sugababes [7rZNSLWMjTbwdLNskFbzFf],,7rZNSLWMjTbwdLNskFbzFf,Sugababes,3027300,758443,0,2026-07-18T20:45:22.974241+00:00,Spotify web-player queryArtistOverview,undocumented read-only web-client endpoint,7rZNSLWMjTbwdLNskFbzFf,Q193697,Sugababes,Sugababes,Q84,London,musical group,United Kingdom,,,,,True,accepted_exact_name,True,True,eligible_group_or_duo,True,False
Architects [3ZztVuWxHzNpl0THurTFCv],,3ZztVuWxHzNpl0THurTFCv,Architects,3025569,1369211,0,2026-07-18T20:45:22.974241+00:00,Spotify web-player queryArtistOverview,undocumented read-only web-client endpoint,3ZztVuWxHzNpl0THurTFCv,Q620454,Architects,Architects,Q131491,Brighton,musical group,United Kingdom,,,,,True,accepted_exact_name,True,True,eligible_group_or_duo,True,False
Kaiser Chiefs [0LbLWjaweRbO4FDKYlbfNt],,0LbLWjaweRbO4FDKYlbfNt,Kaiser Chiefs,2999896,1422089,0,2026-07-18T20:45:22.974241+00:00,Spotify web-player queryArtistOverview,undocumented read-only web-client endpoint,0LbLWjaweRbO4FDKYlbfNt,Q192308,Kaiser Chiefs,Kaiser Chiefs,Q39121,Leeds,musical group,United Kingdom,,,,,True,accepted_exact_name,True,True,eligible_group_or_duo,True,False
Third Party [2J80qXI4NHKpq5RT3xUF7V],,2J80qXI4NHKpq5RT3xUF7V,Third Party,2971418,151080,0,2026-07-18T20:45:22.974241+00:00,Spotify web-player queryArtistOverview,undocumented read-only web-client endpoint,2J80qXI4NHKpq5RT3xUF7V,Q30597951,Third Party,Third Party,,,male duo|musical duo,United Kingdom,,,,,True,accepted_exact_name,True,True,eligible_group_or_duo,True,False
Basement Jaxx [4YrKBkKSVeqDamzBPWVnSJ],,4YrKBkKSVeqDamzBPWVnSJ,Basement Jaxx,2938717,623916,0,2026-07-18T20:45:22.974241+00:00,Spotify web-player queryArtistOverview,undocumented read-only web-client endpoint,4YrKBkKSVeqDamzBPWVnSJ,Q544018,Basement Jaxx,Basement Jaxx,Q84,London,musical group,United Kingdom,,,,,True,accepted_exact_name,True,True,eligible_group_or_duo,True,False
Q334648 [3fhOTtm0LBJ3Ojn4hIljLo],,3fhOTtm0LBJ3Ojn4hIljLo,Roxy Music,2932733,1153536,0,2026-07-18T20:45:22.974241+00:00,Spotify web-player queryArtistOverview,undocumented read-only web-client endpoint,3fhOTtm0LBJ3Ojn4hIljLo,Q334648,Q334648,Q334648,Q84,London,musical group,United Kingdom,,,,,False,rejected_name_mismatch,False,True,eligible_group_or_duo,True,False
London Philharmonic Orchestra [3PfJE6ebCbCHeuqO4BfNeA],,3PfJE6ebCbCHeuqO4BfNeA,London Philharmonic Orchestra,2930933,265359,0,2026-07-18T20:45:22.974241+00:00,Spotify web-player queryArtistOverview,undocumented read-only web-client endpoint,3PfJE6ebCbCHeuqO4BfNeA,Q863397,London Philharmonic Orchestra,London Philharmonic Orchestra,Q21,England,musical group,United Kingdom,,,,,True,accepted_exact_name,True,False,excluded_orchestra,True,False
Lighthouse Family [6edGSAX5dVpeJVwu1Q0NwJ],,6edGSAX5dVpeJVwu1Q0NwJ,Lighthouse Family,2921952,660194,0,2026-07-18T20:45:22.974241+00:00,Spotify web-player queryArtistOverview,undocumented read-only web-client endpoint,6edGSAX5dVpeJVwu1Q0NwJ,Q707351,Lighthouse Family,Lighthouse Family,Q1425428,Newcastle upon Tyne,male duo|musical duo,United Kingdom,,,,,True,accepted_exact_name,True,True,eligible_group_or_duo,True,False
The Struts [3lDpdwM8KILepMHqBWUhIA],,3lDpdwM8KILepMHqBWUhIA,The Struts,2895181,468353,0,2026-07-18T20:45:22.974241+00:00,Spotify web-player queryArtistOverview,undocumented read-only web-client endpoint,3lDpdwM8KILepMHqBWUhIA,Q17587679,The Struts,The Struts,Q43475,Derby,rock band,United Kingdom,,,,,True,accepted_exact_name,True,True,eligible_group_or_duo,True,False
The Wombats [0Ya43ZKWHTKkAbkoJJkwIB],,0Ya43ZKWHTKkAbkoJJkwIB,The Wombats,2884656,1143548,0,2026-07-18T20:45:22.974241+00:00,Spotify web-player queryArtistOverview,undocumented read-only web-client endpoint,0Ya43ZKWHTKkAbkoJJkwIB,Q1347289,The Wombats,The Wombats,Q24826,Liverpool,musical group,United Kingdom,,,,,True,accepted_exact_name,True,True,eligible_group_or_duo,True,False
Travis [3bUwxJgNakzYKkqAVgZLlh],,3bUwxJgNakzYKkqAVgZLlh,Travis,2884486,1176704,0,2026-07-18T20:45:22.974241+00:00,Spotify web-player queryArtistOverview,undocumented read-only web-client endpoint,3bUwxJgNakzYKkqAVgZLlh,Q160103,Travis,Travis,Q4093,Glasgow,rock band,United Kingdom,,,,,True,accepted_exact_name,True,True,eligible_group_or_duo,True,False
Mattafix [5KORW1YGiERJqfuYjXMCyz],,5KORW1YGiERJqfuYjXMCyz,Mattafix,2878488,113982,0,2026-07-18T20:45:22.974241+00:00,Spotify web-player queryArtistOverview,undocumented read-only web-client endpoint,5KORW1YGiERJqfuYjXMCyz,Q21075,Mattafix,Mattafix,Q84,London,male duo|musical duo,United Kingdom,,,,,True,accepted_exact_name,True,True,eligible_group_or_duo,True,False
Royal Blood [2S5hlvw4CMtMGswFtfdK15],,2S5hlvw4CMtMGswFtfdK15,Royal Blood,2873864,1759451,0,2026-07-18T20:45:22.974241+00:00,Spotify web-player queryArtistOverview,undocumented read-only web-client endpoint,2S5hlvw4CMtMGswFtfdK15,Q16632343,Royal Blood,Royal Blood,Q131491,Brighton,male duo|musical duo,United Kingdom,,,,,True,accepted_exact_name,True,True,eligible_group_or_duo,True,False
Free [2e53aHBQdCMKWqHDuyJsjC],,2e53aHBQdCMKWqHDuyJsjC,Free,2860415,631085,0,2026-07-18T20:45:22.974241+00:00,Spotify web-player queryArtistOverview,undocumented read-only web-client endpoint,2e53aHBQdCMKWqHDuyJsjC,Q45650,Free,Free,Q84,London,rock band,United Kingdom,,,,,True,accepted_exact_name,True,True,eligible_group_or_duo,True,False
London Grammar [3Bd1cgCjtCI32PYvDC3ynO],,3Bd1cgCjtCI32PYvDC3ynO,London Grammar,2832139,1695264,0,2026-07-18T20:45:22.974241+00:00,Spotify web-player queryArtistOverview,undocumented read-only web-client endpoint,3Bd1cgCjtCI32PYvDC3ynO,Q14557360,London Grammar,London Grammar,Q41262,Nottingham,musical group,United Kingdom,,,,,True,accepted_exact_name,True,True,eligible_group_or_duo,True,False
Pulp [36E7oYfz3LLRto6l2WmDcD],,36E7oYfz3LLRto6l2WmDcD,Pulp,2830863,1164307,0,2026-07-18T20:45:22.974241+00:00,Spotify web-player queryArtistOverview,undocumented read-only web-client endpoint,36E7oYfz3LLRto6l2WmDcD,Q504464,Pulp,Pulp,Q42448,Sheffield,musical group,United Kingdom,,,,,True,accepted_exact_name,True,True,eligible_group_or_duo,True,False
The Heavy [0bZCak2tcRMY1dzEIuwF42],,0bZCak2tcRMY1dzEIuwF42,The Heavy,2796068,516287,0,2026-07-18T20:45:22.974241+00:00,Spotify web-player queryArtistOverview,undocumented read-only web-client endpoint,0bZCak2tcRMY1dzEIuwF42,Q181241,The Heavy,The Heavy,Q22889,Bath,musical group,United Kingdom,,,,,True,accepted_exact_name,True,True,eligible_group_or_duo,True,False
Neck Deep [2TM0qnbJH4QPhGMCdPt7fH],,2TM0qnbJH4QPhGMCdPt7fH,Neck Deep,2790501,1843051,0,2026-07-18T20:45:22.974241+00:00,Spotify web-player queryArtistOverview,undocumented read-only web-client endpoint,2TM0qnbJH4QPhGMCdPt7fH,Q16955493,Neck Deep,Neck Deep,Q496368,Wrexham,musical group,Wales,,,,,True,accepted_exact_name,True,True,eligible_group_or_duo,True,False
DNA [2rGm8R7YDTbqDCVlNssQyL],,2rGm8R7YDTbqDCVlNssQyL,DNA,2774617,18304,0,2026-07-18T20:45:22.974241+00:00,Spotify web-player queryArtistOverview,undocumented read-only web-client endpoint,2rGm8R7YDTbqDCVlNssQyL,Q1154629,DNA,DNA,Q22889,Bath,musical duo,England,,,,,True,accepted_exact_name,True,True,eligible_group_or_duo,True,False
Frankie Goes to Hollywood [1mZu3rO7qSD09GdDpePHhY],,1mZu3rO7qSD09GdDpePHhY,Frankie Goes To Hollywood,2758706,960764,0,2026-07-18T20:45:22.974241+00:00,Spotify web-player queryArtistOverview,undocumented read-only web-client endpoint,1mZu3rO7qSD09GdDpePHhY,Q73597,Frankie Goes to Hollywood,Frankie Goes to Hollywood,Q24826,Liverpool,musical group,United Kingdom,,,,,True,accepted_exact_name,True,True,eligible_group_or_duo,True,False
Atomic Kitten [6JMHws5haIO6V35YNYDnDw],,6JMHws5haIO6V35YNYDnDw,Atomic Kitten,2751716,525204,0,2026-07-18T20:45:22.974241+00:00,Spotify web-player queryArtistOverview,undocumented read-only web-client endpoint,6JMHws5haIO6V35YNYDnDw,Q208392,Atomic Kitten,Atomic Kitten,Q24826,Liverpool,musical group,United Kingdom,,,,,True,accepted_exact_name,True,True,eligible_group_or_duo,True,False
Faces [3v4feUQnU3VEUqFrjmtekL],,3v4feUQnU3VEUqFrjmtekL,Faces,2718313,468654,0,2026-07-18T20:45:22.974241+00:00,Spotify web-player queryArtistOverview,undocumented read-only web-client endpoint,3v4feUQnU3VEUqFrjmtekL,Q1136388,Faces,Faces,Q21,England,musical group,United Kingdom,,,,,True,accepted_exact_name,True,True,eligible_group_or_duo,True,False
Asia [1bdytLV3FPjyhfrb6BhMej],,1bdytLV3FPjyhfrb6BhMej,Asia,2716602,774209,0,2026-07-18T20:45:22.974241+00:00,Spotify web-player queryArtistOverview,undocumented read-only web-client endpoint,1bdytLV3FPjyhfrb6BhMej,Q726891,Asia,Asia,Q21,England,musical group,United Kingdom,,,,,True,accepted_exact_name,True,True,eligible_group_or_duo,True,False
The Waterboys [5TnuP42pw475UrjjeabtwZ],,5TnuP42pw475UrjjeabtwZ,The Waterboys,2670888,371425,0,2026-07-18T20:45:22.974241+00:00,Spotify web-player queryArtistOverview,undocumented read-only web-client endpoint,5TnuP42pw475UrjjeabtwZ,Q1422720,The Waterboys,The Waterboys,Q145,United Kingdom,musical group,United Kingdom,,,,,True,accepted_exact_name,True,True,eligible_group_or_duo,True,False
S Club 7 [1kM5rgJvkiDMOoKX56H6pX],,0HNGrIbq1ZNO2mTp3tMW4L,S Club,2628603,692814,0,2026-07-18T20:45:22.974241+00:00,Spotify web-player queryArtistOverview,undocumented read-only web-client endpoint,1kM5rgJvkiDMOoKX56H6pX,Q500759,S Club 7,S Club 7,Q84,London,musical group,United Kingdom,,,,,False,rejected_name_mismatch,False,True,eligible_group_or_duo,False,False
Still Corners [4zKYrXs8iN4AeHmO8ZxNqp],,4zKYrXs8iN4AeHmO8ZxNqp,Still Corners,2608941,415092,0,2026-07-18T20:45:22.974241+00:00,Spotify web-player queryArtistOverview,undocumented read-only web-client endpoint,4zKYrXs8iN4AeHmO8ZxNqp,Q7617018,Still Corners,Still Corners,Q84,London,musical group,United Kingdom,,,,,True,accepted_exact_name,True,True,eligible_group_or_duo,True,False
Asking Alexandria [1caBfBEapzw8z2Qz9q0OaQ],,1caBfBEapzw8z2Qz9q0OaQ,Asking Alexandria,2592556,2530673,0,2026-07-18T20:45:22.974241+00:00,Spotify web-player queryArtistOverview,undocumented read-only web-client endpoint,1caBfBEapzw8z2Qz9q0OaQ,Q731642,Asking Alexandria,Asking Alexandria,Q42462,York,musical group,United Kingdom,,,,,True,accepted_exact_name,True,True,eligible_group_or_duo,True,False
Mike and the Mechanics [2yTUYhIf8fxptTIy3KLuJD],,2yTUYhIf8fxptTIy3KLuJD,Mike + The Mechanics,2591206,794443,0,2026-07-18T20:45:22.974241+00:00,Spotify web-player queryArtistOverview,undocumented read-only web-client endpoint,2yTUYhIf8fxptTIy3KLuJD,Q653632,Mike and the Mechanics,Mike and the Mechanics,Q179224,Dover,musical group,United Kingdom,,,,,False,rejected_name_mismatch,False,True,eligible_group_or_duo,True,False
All Saints [5TDVKqW9uhqGjwwwKGuma4],,5TDVKqW9uhqGjwwwKGuma4,All Saints,2567281,609132,0,2026-07-18T20:45:22.974241+00:00,Spotify web-player queryArtistOverview,undocumented read-only web-client endpoint,5TDVKqW9uhqGjwwwKGuma4,Q165386,All Saints,All Saints,Q84,London,all-female band|girl group,United Kingdom,,,,,True,accepted_exact_name,True,True,eligible_group_or_duo,True,False
Sigma [01pKrlgPJhm5dB4lneYAqS],,01pKrlgPJhm5dB4lneYAqS,Sigma,2550591,360513,0,2026-07-18T20:45:22.974241+00:00,Spotify web-player queryArtistOverview,undocumented read-only web-client endpoint,01pKrlgPJhm5dB4lneYAqS,Q16333772,Sigma,Sigma,Q503424,University of Leeds,musical duo,United Kingdom,,,,,True,accepted_exact_name,True,True,eligible_group_or_duo,True,False
Mungo Jerry [2mbvqMGpwLsakeH45p1Jrb],,2mbvqMGpwLsakeH45p1Jrb,Mungo Jerry,2528248,142677,0,2026-07-18T20:45:22.974241+00:00,Spotify web-player queryArtistOverview,undocumented read-only web-client endpoint,2mbvqMGpwLsakeH45p1Jrb,Q1427200,Mungo Jerry,Mungo Jerry,Q725270,Ashford,musical group,United Kingdom,,,,,True,accepted_exact_name,True,True,eligible_group_or_duo,True,False
Moloko [4aaBjq7VqqQvpSF69GglvO],,4aaBjq7VqqQvpSF69GglvO,Moloko,2507932,516418,0,2026-07-18T20:45:22.974241+00:00,Spotify web-player queryArtistOverview,undocumented read-only web-client endpoint,4aaBjq7VqqQvpSF69GglvO,Q1121732,Moloko,Moloko,Q42448,Sheffield,musical duo,United Kingdom,,,,,True,accepted_exact_name,True,True,eligible_group_or_duo,True,False
Status Quo [4gIdjgLlvgEOz7MexDZzpM],,4gIdjgLlvgEOz7MexDZzpM,Status Quo,2503249,872142,0,2026-07-18T20:45:22.974241+00:00,Spotify web-player queryArtistOverview,undocumented read-only web-client endpoint,4gIdjgLlvgEOz7MexDZzpM,Q322265,Status Quo,Status Quo,Q84,London,musical group,United Kingdom,,,,,True,accepted_exact_name,True,True,eligible_group_or_duo,True,False
The Darkness [5r1bdqzhgRoHC3YcCV6N5a],,5r1bdqzhgRoHC3YcCV6N5a,The Darkness,2453090,510654,0,2026-07-18T20:45:22.974241+00:00,Spotify web-player queryArtistOverview,undocumented read-only web-client endpoint,5r1bdqzhgRoHC3YcCV6N5a,Q421794,The Darkness,The Darkness,Q986007,Lowestoft,musical group,United Kingdom,,,,,True,accepted_exact_name,True,True,eligible_group_or_duo,True,False
Texas [5JsdVATHNPE0XdMFMRoSuf],,5JsdVATHNPE0XdMFMRoSuf,Texas,2420479,572024,0,2026-07-18T20:45:22.974241+00:00,Spotify web-player queryArtistOverview,undocumented read-only web-client endpoint,5JsdVATHNPE0XdMFMRoSuf,Q916484,Texas,Texas,Q4093,Glasgow,musical group,United Kingdom,,,,,True,accepted_exact_name,True,True,eligible_group_or_duo,True,False
Edison Lighthouse [1NRzxuPpdGushT8YmF5NAa],,1NRzxuPpdGushT8YmF5NAa,Edison Lighthouse,2393214,80780,0,2026-07-18T20:45:22.974241+00:00,Spotify web-player queryArtistOverview,undocumented read-only web-client endpoint,1NRzxuPpdGushT8YmF5NAa,Q1116554,Edison Lighthouse,Edison Lighthouse,Q84,London,musical group,United Kingdom,,,,,True,accepted_exact_name,True,True,eligible_group_or_duo,True,False
Wang Chung [6Zh3xrWlA0SA9Fsfj9AVwm],,6Zh3xrWlA0SA9Fsfj9AVwm,Wang Chung,2358411,413141,0,2026-07-18T20:45:22.974241+00:00,Spotify web-player queryArtistOverview,undocumented read-only web-client endpoint,6Zh3xrWlA0SA9Fsfj9AVwm,Q2030370,Wang Chung,Wang Chung,Q84,London,musical group,United Kingdom,,,,,True,accepted_exact_name,True,True,eligible_group_or_duo,True,False
The Cult [49DW3KvkyjHO35mK1JnSyS],,49DW3KvkyjHO35mK1JnSyS,The Cult,2277310,852449,0,2026-07-18T20:45:22.974241+00:00,Spotify web-player queryArtistOverview,undocumented read-only web-client endpoint,49DW3KvkyjHO35mK1JnSyS,Q887376,The Cult,The Cult,Q22905,Q22905,musical group,United Kingdom,,,,,True,accepted_exact_name,True,True,eligible_group_or_duo,True,False
Rainbow [6SLAMfhOi7UJI0fMztaK0m],,6SLAMfhOi7UJI0fMztaK0m,Rainbow,2270623,1739107,0,2026-07-18T20:45:22.974241+00:00,Spotify web-player queryArtistOverview,undocumented read-only web-client endpoint,6SLAMfhOi7UJI0fMztaK0m,Q16005,Rainbow,Rainbow,Q9681,Hertford,musical group,United Kingdom,,,,,True,accepted_exact_name,True,True,eligible_group_or_duo,True,False
Sohodolls [1KNXft7nnRQj82sENi7WGN],,1KNXft7nnRQj82sENi7WGN,Sohodolls,2252106,321285,0,2026-07-18T20:45:22.974241+00:00,Spotify web-player queryArtistOverview,undocumented read-only web-client endpoint,1KNXft7nnRQj82sENi7WGN,Q527586,Sohodolls,Sohodolls,Q84,London,musical group,United Kingdom,,,,,True,accepted_exact_name,True,True,eligible_group_or_duo,True,False
Echo & the Bunnymen [0fgYKF9Avljex0L9Wt5b8Z],,0fgYKF9Avljex0L9Wt5b8Z,Echo & the Bunnymen,2210172,1120606,0,2026-07-18T20:45:22.974241+00:00,Spotify web-player queryArtistOverview,undocumented read-only web-client endpoint,0fgYKF9Avljex0L9Wt5b8Z,Q925641,Echo & the Bunnymen,Echo & the Bunnymen,Q24826,Liverpool,rock band,United Kingdom,,,,,True,accepted_exact_name,True,True,eligible_group_or_duo,True,False
James [0qLNsNKm8bQcMoRFkR8Hmh],,0qLNsNKm8bQcMoRFkR8Hmh,James,2205349,661228,0,2026-07-18T20:45:22.974241+00:00,Spotify web-player queryArtistOverview,undocumented read-only web-client endpoint,0qLNsNKm8bQcMoRFkR8Hmh,Q1277864,James,James,Q18125|Q7990577,Manchester|Whalley Range,musical group,United Kingdom,,,,,True,accepted_exact_name,True,True,eligible_group_or_duo,True,False
The Shapeshifters [60FV7KyxIH9FH1uq7u8inP],,60FV7KyxIH9FH1uq7u8inP,The Shapeshifters,2179710,99295,0,2026-07-18T20:45:22.974241+00:00,Spotify web-player queryArtistOverview,undocumented read-only web-client endpoint,60FV7KyxIH9FH1uq7u8inP,Q664467,The Shapeshifters,The Shapeshifters,Q84,London,musical group,United Kingdom,,,,,True,accepted_exact_name,True,True,eligible_group_or_duo,True,False
Amber Run [0MmnmsAuQKRFpo6vJElcaU],,0MmnmsAuQKRFpo6vJElcaU,Amber Run,2165390,590700,0,2026-07-18T20:45:22.974241+00:00,Spotify web-player queryArtistOverview,undocumented read-only web-client endpoint,0MmnmsAuQKRFpo6vJElcaU,Q16821378,Amber Run,Amber Run,,,musical group,United Kingdom,,,,,True,accepted_exact_name,True,True,eligible_group_or_duo,True,False
Catfish and the Bottlemen [2xaAOVImG2O6lURwqperlD],,2xaAOVImG2O6lURwqperlD,Catfish and the Bottlemen,2164420,1222331,0,2026-07-18T20:45:22.974241+00:00,Spotify web-player queryArtistOverview,undocumented read-only web-client endpoint,2xaAOVImG2O6lURwqperlD,Q16825909,Catfish and the Bottlemen,Catfish and the Bottlemen,Q25|Q996492,Q996492|Wales,musical group,United Kingdom,,,,,True,accepted_exact_name,True,True,eligible_group_or_duo,True,False
Above & Beyond [10gzBoINW3cLJfZUka8Zoe],,10gzBoINW3cLJfZUka8Zoe,Above & Beyond,2160062,889088,0,2026-07-18T20:45:22.974241+00:00,Spotify web-player queryArtistOverview,undocumented read-only web-client endpoint,10gzBoINW3cLJfZUka8Zoe,Q323187,Above & Beyond,Above & Beyond,Q84,London,musical group,United Kingdom,,,,,True,accepted_exact_name,True,True,eligible_group_or_duo,True,False
Daughter [46CitWgnWrvF9t70C2p1Me],,46CitWgnWrvF9t70C2p1Me,Daughter,2134237,1446477,0,2026-07-18T20:45:22.974241+00:00,Spotify web-player queryArtistOverview,undocumented read-only web-client endpoint,46CitWgnWrvF9t70C2p1Me,Q5227901,Daughter,Daughter,Q84,London,musical group,United Kingdom,,,,,True,accepted_exact_name,True,True,eligible_group_or_duo,True,False
The Moody Blues [5BcZ22XONcRoLhTbZRuME1],,5BcZ22XONcRoLhTbZRuME1,The Moody Blues,2129836,1500809,0,2026-07-18T20:45:22.974241+00:00,Spotify web-player queryArtistOverview,undocumented read-only web-client endpoint,5BcZ22XONcRoLhTbZRuME1,Q211965,The Moody Blues,The Moody Blues,Q2256,Birmingham,musical group,United Kingdom,,,,,True,accepted_exact_name,True,True,eligible_group_or_duo,True,False
The Sweet [3JaAGmSTpJK35DqWrDUzBz],,3JaAGmSTpJK35DqWrDUzBz,Sweet,2128725,555143,0,2026-07-18T20:45:22.974241+00:00,Spotify web-player queryArtistOverview,undocumented read-only web-client endpoint,3JaAGmSTpJK35DqWrDUzBz,Q487919,The Sweet,The Sweet,Q84,London,musical group,United Kingdom,,,,,False,rejected_name_mismatch,False,True,eligible_group_or_duo,True,False
Ten Years After [7nkLRaWHImCvWGHdNGnhVE],,7nkLRaWHImCvWGHdNGnhVE,Ten Years After,2124380,656932,0,2026-07-18T20:45:22.974241+00:00,Spotify web-player queryArtistOverview,undocumented read-only web-client endpoint,7nkLRaWHImCvWGHdNGnhVE,Q630808,Ten Years After,Ten Years After,Q41262,Nottingham,rock band,United Kingdom,,,,,True,accepted_exact_name,True,True,eligible_group_or_duo,True,False
Level 42 [0L9xkvBPcEp1nrhDrodxc5],,0L9xkvBPcEp1nrhDrodxc5,Level 42,2112387,788876,0,2026-07-18T20:45:22.974241+00:00,Spotify web-player queryArtistOverview,undocumented read-only web-client endpoint,0L9xkvBPcEp1nrhDrodxc5,Q123025,Level 42,Level 42,Q9679,Q9679,musical group,England|United Kingdom,,,,,True,accepted_exact_name,True,True,eligible_group_or_duo,True,False
Foghat [6x33CmZWo2Ve4hxYl2Craq],,6x33CmZWo2Ve4hxYl2Craq,Foghat,2100357,1001735,0,2026-07-18T20:45:22.974241+00:00,Spotify web-player queryArtistOverview,undocumented read-only web-client endpoint,6x33CmZWo2Ve4hxYl2Craq,Q114651,Foghat,Foghat,,,musical group,United Kingdom,,,,,True,accepted_exact_name,True,True,eligible_group_or_duo,True,False
Morcheeba [6bWxFw65IEJzBYjx3SxUXd],,6bWxFw65IEJzBYjx3SxUXd,Morcheeba,2099112,988331,0,2026-07-18T20:45:22.974241+00:00,Spotify web-player queryArtistOverview,undocumented read-only web-client endpoint,6bWxFw65IEJzBYjx3SxUXd,Q749019,Morcheeba,Morcheeba,Q84,London,musical group,United Kingdom,,,,,True,accepted_exact_name,True,True,eligible_group_or_duo,True,False
Soul II Soul [2sIx6SmAMw9IBySG3Uj0jf],,2sIx6SmAMw9IBySG3Uj0jf,Soul II Soul,2087009,374840,0,2026-07-18T20:45:22.974241+00:00,Spotify web-player queryArtistOverview,undocumented read-only web-client endpoint,2sIx6SmAMw9IBySG3Uj0jf,Q977786,Soul II Soul,Soul II Soul,,,musical group,United Kingdom,,,,,True,accepted_exact_name,True,True,eligible_group_or_duo,True,False
Thompson Twins [5jVeqi3PNaTOajfvBa4uFn],,5jVeqi3PNaTOajfvBa4uFn,Thompson Twins,2069490,750750,0,2026-07-18T20:45:22.974241+00:00,Spotify web-player queryArtistOverview,undocumented read-only web-client endpoint,5jVeqi3PNaTOajfvBa4uFn,Q1500069,Thompson Twins,Thompson Twins,Q42448,Sheffield,musical group,United Kingdom,,,,,True,accepted_exact_name,True,True,eligible_group_or_duo,True,False
Wet Wet Wet [2u0gw0uCWBMiqV7h0N8kai],,2u0gw0uCWBMiqV7h0N8kai,Wet Wet Wet,2057236,614358,0,2026-07-18T20:45:22.974241+00:00,Spotify web-player queryArtistOverview,undocumented read-only web-client endpoint,2u0gw0uCWBMiqV7h0N8kai,Q49871,Wet Wet Wet,Wet Wet Wet,Q996502,Clydebank,musical group,United Kingdom,,,,,True,accepted_exact_name,True,True,eligible_group_or_duo,True,False
Academy of St Martin in the Fields [77CaCn32H4mOMQA7UElzfF],,77CaCn32H4mOMQA7UElzfF,Academy of St. Martin in the Fields,2017864,81803,0,2026-07-18T20:45:22.974241+00:00,Spotify web-player queryArtistOverview,undocumented read-only web-client endpoint,77CaCn32H4mOMQA7UElzfF,Q337362,Academy of St Martin in the Fields,Academy of St Martin in the Fields,,,chamber orchestra|musical group,United Kingdom,,,,,True,accepted_exact_name,True,False,excluded_orchestra,True,False
Loathe [4G9wSdX0klmoHfjm9i6DLd],,4G9wSdX0klmoHfjm9i6DLd,Loathe,1996442,613049,0,2026-07-18T20:45:22.974241+00:00,Spotify web-player queryArtistOverview,undocumented read-only web-client endpoint,4G9wSdX0klmoHfjm9i6DLd,Q30610109,Loathe,Loathe,Q24826,Liverpool,musical group,United Kingdom,,,,,True,accepted_exact_name,True,True,eligible_group_or_duo,True,False
Steel Pulse [6UL7BodGc5iVmQGlMwHR0g],,6UL7BodGc5iVmQGlMwHR0g,Steel Pulse,1883347,736715,0,2026-07-18T20:45:22.974241+00:00,Spotify web-player queryArtistOverview,undocumented read-only web-client endpoint,6UL7BodGc5iVmQGlMwHR0g,Q1542680,Steel Pulse,Steel Pulse,Q2256,Birmingham,musical group,United Kingdom,,,,,True,accepted_exact_name,True,True,eligible_group_or_duo,True,False
The Psychedelic Furs [0O0lrN34wrcuBenkqlEDZe],,0O0lrN34wrcuBenkqlEDZe,The Psychedelic Furs,1846381,722130,0,2026-07-18T20:45:22.974241+00:00,Spotify web-player queryArtistOverview,undocumented read-only web-client endpoint,0O0lrN34wrcuBenkqlEDZe,Q276463,The Psychedelic Furs,The Psychedelic Furs,Q84,London,musical group,United Kingdom,,,,,True,accepted_exact_name,True,True,eligible_group_or_duo,True,False
Siouxsie and the Banshees [1n65zfwYIj5kKEtNgxUlWb],,1n65zfwYIj5kKEtNgxUlWb,Siouxsie and the Banshees,1823237,1457428,0,2026-07-18T20:45:22.974241+00:00,Spotify web-player queryArtistOverview,undocumented read-only web-client endpoint,1n65zfwYIj5kKEtNgxUlWb,Q323834,Siouxsie and the Banshees,Siouxsie and the Banshees,Q84,London,musical group,United Kingdom,,,,,True,accepted_exact_name,True,True,eligible_group_or_duo,True,False
DragonForce [2pH3wEn4eYlMMIIQyKPbVR],,2pH3wEn4eYlMMIIQyKPbVR,DragonForce,1802181,1321799,0,2026-07-18T20:45:22.974241+00:00,Spotify web-player queryArtistOverview,undocumented read-only web-client endpoint,2pH3wEn4eYlMMIIQyKPbVR,Q212715,DragonForce,DragonForce,Q84,London,rock band,United Kingdom,,,,,True,accepted_exact_name,True,True,eligible_group_or_duo,True,False
Noel Gallagher's High Flying Birds [7sjttK1WcZeyLPn3IsQ62L],,7sjttK1WcZeyLPn3IsQ62L,Noel Gallagher's High Flying Birds,1799845,1117710,0,2026-07-18T20:45:22.974241+00:00,Spotify web-player queryArtistOverview,undocumented read-only web-client endpoint,7sjttK1WcZeyLPn3IsQ62L,Q194227,Noel Gallagher's High Flying Birds,Noel Gallagher's High Flying Birds,Q18125,Manchester,musical group,United Kingdom,,,,,True,accepted_exact_name,True,True,eligible_group_or_duo,True,False
Night Tapes [5APEQlUaQ5K70LgPqAdTuU],,5APEQlUaQ5K70LgPqAdTuU,Night Tapes,1719979,135032,0,2026-07-18T20:45:22.974241+00:00,Spotify web-player queryArtistOverview,undocumented read-only web-client endpoint,5APEQlUaQ5K70LgPqAdTuU,Q122918147,Night Tapes,Night Tapes,,,musical group,United Kingdom,,,,,True,accepted_exact_name,True,True,eligible_group_or_duo,True,False
Zero 7 [14H7ag1wpQOsPPQJOD6Dqr],,14H7ag1wpQOsPPQJOD6Dqr,Zero 7,1686407,592881,0,2026-07-18T20:45:22.974241+00:00,Spotify web-player queryArtistOverview,undocumented read-only web-client endpoint,14H7ag1wpQOsPPQJOD6Dqr,Q191915,Zero 7,Zero 7,Q84,London,electronica duo,United Kingdom,,,,,True,accepted_exact_name,True,True,eligible_group_or_duo,True,False
The Streets [4GvOygVQquMaPm8oAc0vXi],,4GvOygVQquMaPm8oAc0vXi,The Streets,1675316,601898,0,2026-07-18T20:45:22.974241+00:00,Spotify web-player queryArtistOverview,undocumented read-only web-client endpoint,4GvOygVQquMaPm8oAc0vXi,Q316029,The Streets,The Streets,Q2256,Birmingham,musical group,United Kingdom,,,,,True,accepted_exact_name,True,True,eligible_group_or_duo,True,False
Starsailor [0G8zjE6SsFTlbglCkU8pm3],,0G8zjE6SsFTlbglCkU8pm3,Starsailor,1655319,247718,0,2026-07-18T20:45:22.974241+00:00,Spotify web-player queryArtistOverview,undocumented read-only web-client endpoint,0G8zjE6SsFTlbglCkU8pm3,Q1051417,Starsailor,Starsailor,Q208143,Wigan,musical group,United Kingdom,,,,,True,accepted_exact_name,True,True,eligible_group_or_duo,True,False
Black Box Recorder [6Hd3xhv1sj3rlojjvGLkGR],,6Hd3xhv1sj3rlojjvGLkGR,Black Box Recorder,1619909,243011,0,2026-07-18T20:45:22.974241+00:00,Spotify web-player queryArtistOverview,undocumented read-only web-client endpoint,6Hd3xhv1sj3rlojjvGLkGR,Q442456,Black Box Recorder,Black Box Recorder,Q84,London,musical group,United Kingdom,,,,,True,accepted_exact_name,True,True,eligible_group_or_duo,True,False
Smokie [5rIqOJspxDq89aBBCUda1X],,5rIqOJspxDq89aBBCUda1X,Smokie,1611813,728999,0,2026-07-18T20:45:22.974241+00:00,Spotify web-player queryArtistOverview,undocumented read-only web-client endpoint,5rIqOJspxDq89aBBCUda1X,Q815849,Smokie,Smokie,Q22905,Q22905,rock band,United Kingdom,,,,,True,accepted_exact_name,True,True,eligible_group_or_duo,True,False
The Jam [2P560DaOMNDUACoH8ZhOCR],,2P560DaOMNDUACoH8ZhOCR,The Jam,1609992,862279,0,2026-07-18T20:45:22.974241+00:00,Spotify web-player queryArtistOverview,undocumented read-only web-client endpoint,2P560DaOMNDUACoH8ZhOCR,Q916461,The Jam,The Jam,Q646225,Woking,rock band,United Kingdom,,,,,True,accepted_exact_name,True,True,eligible_group_or_duo,True,False
Londonbeat [0gcMPgunYh4rX1UOdvZKBn],,0gcMPgunYh4rX1UOdvZKBn,Londonbeat,1590343,72136,0,2026-07-18T20:45:22.974241+00:00,Spotify web-player queryArtistOverview,undocumented read-only web-client endpoint,0gcMPgunYh4rX1UOdvZKBn,Q1869183,Londonbeat,Londonbeat,Q30,United States,musical group,United Kingdom,,,,,True,accepted_exact_name,True,True,eligible_group_or_duo,True,False
Jethro Tull [6w6z8m4WXX7Tub4Rb6Lu7R],,6w6z8m4WXX7Tub4Rb6Lu7R,Jethro Tull,1535908,2025126,0,2026-07-18T20:45:22.974241+00:00,Spotify web-player queryArtistOverview,undocumented read-only web-client endpoint,6w6z8m4WXX7Tub4Rb6Lu7R,Q192353,Jethro Tull,Jethro Tull,Q203889,Luton,rock band,United Kingdom,,,,,True,accepted_exact_name,True,True,eligible_group_or_duo,True,False
Kidz Bop [1Vvvx45Apu6dQqwuZQxtgW],,1Vvvx45Apu6dQqwuZQxtgW,Kidz Bop Kids,1532899,1397922,0,2026-07-18T20:45:22.974241+00:00,Spotify web-player queryArtistOverview,undocumented read-only web-client endpoint,1Vvvx45Apu6dQqwuZQxtgW,Q6405079,Kidz Bop,Kidz Bop,,,brand|musical group,United Kingdom,,,,,False,rejected_name_mismatch,False,True,eligible_group_or_duo,True,False
Saint Etienne [1N2FgBLehaq77UEdJhCt7f],,1N2FgBLehaq77UEdJhCt7f,Saint Etienne,1513825,195555,0,2026-07-18T20:45:22.974241+00:00,Spotify web-player queryArtistOverview,undocumented read-only web-client endpoint,1N2FgBLehaq77UEdJhCt7f,Q1430158,Saint Etienne,Saint Etienne,Q2213391,Croydon,musical group,United Kingdom,,,,,True,accepted_exact_name,True,True,eligible_group_or_duo,True,False
Skindred [3jTlKw98Ql1jGRPYqhqHap],,3jTlKw98Ql1jGRPYqhqHap,Skindred,1507719,681458,0,2026-07-18T20:45:22.974241+00:00,Spotify web-player queryArtistOverview,undocumented read-only web-client endpoint,3jTlKw98Ql1jGRPYqhqHap,Q973760,Skindred,Skindred,Q101254,Newport,musical group,United Kingdom,,,,,True,accepted_exact_name,True,True,eligible_group_or_duo,True,False
Nero [4uRYpUQZrNrY5t8tAv3XrD],,4uRYpUQZrNrY5t8tAv3XrD,NERO,1501385,808732,0,2026-07-18T20:45:22.974241+00:00,Spotify web-player queryArtistOverview,undocumented read-only web-client endpoint,4uRYpUQZrNrY5t8tAv3XrD,Q1066310,Nero,Nero,Q84,London,musical group,United Kingdom,,,,,True,accepted_exact_name,True,True,eligible_group_or_duo,True,False
Manfred Mann's Earth Band [2utNxkLhreF1oIfO8kQT3q],,2utNxkLhreF1oIfO8kQT3q,Manfred Mann's Earth Band,1497096,487796,0,2026-07-18T20:45:22.974241+00:00,Spotify web-player queryArtistOverview,undocumented read-only web-client endpoint,2utNxkLhreF1oIfO8kQT3q,Q1926913,Manfred Mann's Earth Band,Manfred Mann's Earth Band,Q84,London,musical group,United Kingdom,,,,,True,accepted_exact_name,True,True,eligible_group_or_duo,True,False
Five [6rEzedK7cKWjeQWdAYvWVG],,6rEzedK7cKWjeQWdAYvWVG,Five,1473171,551020,0,2026-07-18T20:45:22.974241+00:00,Spotify web-player queryArtistOverview,undocumented read-only web-client endpoint,6rEzedK7cKWjeQWdAYvWVG,Q24791,Five,Five,Q84,London,musical group,United Kingdom,,,,,True,accepted_exact_name,True,True,eligible_group_or_duo,True,False
WSTRN [5nSAh3wlH7VaqpnkiMjzDs],,5nSAh3wlH7VaqpnkiMjzDs,WSTRN,1459546,335397,0,2026-07-18T20:45:22.974241+00:00,Spotify web-player queryArtistOverview,undocumented read-only web-client endpoint,5nSAh3wlH7VaqpnkiMjzDs,Q21475095,WSTRN,WSTRN,,,musical group,United Kingdom,,,,,True,accepted_exact_name,True,True,eligible_group_or_duo,True,False
Dario G [3Eo78i1MPfle0XVjMvia8A],,3Eo78i1MPfle0XVjMvia8A,Dario G,1447823,37747,0,2026-07-18T20:45:22.974241+00:00,Spotify web-player queryArtistOverview,undocumented read-only web-client endpoint,3Eo78i1MPfle0XVjMvia8A,Q1165942,Dario G,Dario G,,,musical group,United Kingdom,,,,,True,accepted_exact_name,True,True,eligible_group_or_duo,True,False
The Specials [6xnvNmSzmeOE1bLKnYXKW3],,6xnvNmSzmeOE1bLKnYXKW3,The Specials,1432373,741585,0,2026-07-18T20:45:22.974241+00:00,Spotify web-player queryArtistOverview,undocumented read-only web-client endpoint,6xnvNmSzmeOE1bLKnYXKW3,Q19057,The Specials,The Specials,Q6225,Coventry,ska band,United Kingdom,,,,,True,accepted_exact_name,True,True,eligible_group_or_duo,True,False
The Real Thing [1NUD5By34MFynmuUynCfSj],,1NUD5By34MFynmuUynCfSj,The Real Thing,1425692,112151,0,2026-07-18T20:45:22.974241+00:00,Spotify web-player queryArtistOverview,undocumented read-only web-client endpoint,1NUD5By34MFynmuUynCfSj,Q458284,The Real Thing,The Real Thing,Q24826,Liverpool,musical group,United Kingdom,,,,,True,accepted_exact_name,True,True,eligible_group_or_duo,True,False
Sneaker Pimps [1EJWNhiYbOyeUHbsS7Kp1P],,1EJWNhiYbOyeUHbsS7Kp1P,Sneaker Pimps,1412387,342340,0,2026-07-18T20:45:22.974241+00:00,Spotify web-player queryArtistOverview,undocumented read-only web-client endpoint,1EJWNhiYbOyeUHbsS7Kp1P,Q1754009,Sneaker Pimps,Sneaker Pimps,Q215752,Hartlepool,musical group,England|United Kingdom,,,,,True,accepted_exact_name,True,True,eligible_group_or_duo,True,False
Johnny Hates Jazz [6zpPKMhpOoG646kJgZ7RKf],,6zpPKMhpOoG646kJgZ7RKf,Johnny Hates Jazz,1399373,249325,0,2026-07-18T20:45:22.974241+00:00,Spotify web-player queryArtistOverview,undocumented read-only web-client endpoint,6zpPKMhpOoG646kJgZ7RKf,Q1294961,Johnny Hates Jazz,Johnny Hates Jazz,Q84,London,musical group,United Kingdom,,,,,True,accepted_exact_name,True,True,eligible_group_or_duo,True,False
Procol Harum [0GbqW5TJr7n4is453VOY4C],,0GbqW5TJr7n4is453VOY4C,Procol Harum,1385101,564567,0,2026-07-18T20:45:22.974241+00:00,Spotify web-player queryArtistOverview,undocumented read-only web-client endpoint,0GbqW5TJr7n4is453VOY4C,Q214486,Procol Harum,Procol Harum,Q203995,Southend-on-Sea,musical group,United Kingdom,,,,,True,accepted_exact_name,True,True,eligible_group_or_duo,True,False
Marillion [7ai5TWiOG8g9Hds5AATS28],,7ai5TWiOG8g9Hds5AATS28,Marillion,1370532,554699,0,2026-07-18T20:45:22.974241+00:00,Spotify web-player queryArtistOverview,undocumented read-only web-client endpoint,7ai5TWiOG8g9Hds5AATS28,Q678410,Marillion,Marillion,Q213474,Aylesbury,musical group,United Kingdom,,,,,True,accepted_exact_name,True,True,eligible_group_or_duo,True,False
Krept and Konan [31lnFZEM6ysvjOx59VyxRE],,31lnFZEM6ysvjOx59VyxRE,Krept & Konan,1367407,506547,0,2026-07-18T20:45:22.974241+00:00,Spotify web-player queryArtistOverview,undocumented read-only web-client endpoint,31lnFZEM6ysvjOx59VyxRE,Q15637787,Krept and Konan,Krept and Konan,Q1394500,South London,musical group,United Kingdom,,,,,False,rejected_name_mismatch,False,True,eligible_group_or_duo,True,False
EMF [39oSLGo3HkaeYXzUEGgAGQ],,39oSLGo3HkaeYXzUEGgAGQ,EMF,1351005,106882,0,2026-07-18T20:45:22.974241+00:00,Spotify web-player queryArtistOverview,undocumented read-only web-client endpoint,39oSLGo3HkaeYXzUEGgAGQ,Q503037,EMF,EMF,Q1242795,Cinderford,musical group,United Kingdom,,,,,True,accepted_exact_name,True,True,eligible_group_or_duo,True,False
Biffy Clyro [1km0R7wy712AzLkA1WjKET],,1km0R7wy712AzLkA1WjKET,Biffy Clyro,1330864,792584,0,2026-07-18T20:45:22.974241+00:00,Spotify web-player queryArtistOverview,undocumented read-only web-client endpoint,1km0R7wy712AzLkA1WjKET,Q858365,Biffy Clyro,Biffy Clyro,Q576562,Kilmarnock,musical group,United Kingdom,,,,,True,accepted_exact_name,True,True,eligible_group_or_duo,True,False
Blossoms [22RISwgVJyZu9lpqAcv1F5],,22RISwgVJyZu9lpqAcv1F5,Blossoms,1329106,515545,0,2026-07-18T20:45:22.974241+00:00,Spotify web-player queryArtistOverview,undocumented read-only web-client endpoint,22RISwgVJyZu9lpqAcv1F5,Q23057702,Blossoms,Blossoms,Q18655,Stockport,musical group,United Kingdom,,,,,True,accepted_exact_name,True,True,eligible_group_or_duo,True,False
a1 [5lPsVvHVDr6R5mDxRUXdOs],,5lPsVvHVDr6R5mDxRUXdOs,A1,1308390,574084,0,2026-07-18T20:45:22.974241+00:00,Spotify web-player queryArtistOverview,undocumented read-only web-client endpoint,5lPsVvHVDr6R5mDxRUXdOs,Q279634,a1,a1,Q84,London,musical group|quartet,United Kingdom,,,,,True,accepted_exact_name,True,True,eligible_group_or_duo,True,False
The Last Shadow Puppets [2Z7UcsdweVlRbAk5wH5fsf],,2Z7UcsdweVlRbAk5wH5fsf,The Last Shadow Puppets,1305891,1251280,0,2026-07-18T20:45:22.974241+00:00,Spotify web-player queryArtistOverview,undocumented read-only web-client endpoint,2Z7UcsdweVlRbAk5wH5fsf,Q862520,The Last Shadow Puppets,The Last Shadow Puppets,Q42448,Sheffield,musical group|supergroup,United Kingdom,,,,,True,accepted_exact_name,True,True,eligible_group_or_duo,True,False
Right Said Fred [15ajdFAi5bjj5pS9laBfBL],,15ajdFAi5bjj5pS9laBfBL,Right Said Fred,1289669,75075,0,2026-07-18T20:45:22.974241+00:00,Spotify web-player queryArtistOverview,undocumented read-only web-client endpoint,15ajdFAi5bjj5pS9laBfBL,Q427469,Right Said Fred,Right Said Fred,Q1277887,East Grinstead,male duo|musical duo,United Kingdom,,,,,True,accepted_exact_name,True,True,eligible_group_or_duo,True,False
Jadu Heart [7vjRpVXoecwKTEsrb9iscj],,7vjRpVXoecwKTEsrb9iscj,Jadu Heart,1279776,169564,0,2026-07-18T20:45:22.974241+00:00,Spotify web-player queryArtistOverview,undocumented read-only web-client endpoint,7vjRpVXoecwKTEsrb9iscj,Q110863918,Jadu Heart,Jadu Heart,,,musical duo,United Kingdom,,,,,True,accepted_exact_name,True,True,eligible_group_or_duo,True,False
Kneecap [1ZVACPeq7ccGCoUXwtafUU],,1ZVACPeq7ccGCoUXwtafUU,KNEECAP,1263438,558490,0,2026-07-18T20:45:22.974241+00:00,Spotify web-player queryArtistOverview,undocumented read-only web-client endpoint,1ZVACPeq7ccGCoUXwtafUU,Q65327538,Kneecap,Kneecap,Q10686,Belfast,musical group,Northern Ireland|United Kingdom,,,,,True,accepted_exact_name,True,True,eligible_group_or_duo,True,False
Editors [6e9wIFWhBPHLE9bXK8gtBI],,6e9wIFWhBPHLE9bXK8gtBI,Editors,1241937,786142,0,2026-07-18T20:45:22.974241+00:00,Spotify web-player queryArtistOverview,undocumented read-only web-client endpoint,6e9wIFWhBPHLE9bXK8gtBI,Q570393,Editors,Editors,Q2256|Q826782,Birmingham|Stafford,musical group,United Kingdom,,,,,True,accepted_exact_name,True,True,eligible_group_or_duo,True,False
The Ting Tings [2wvUfjKGoXvcnDHq7GgMOa],,2wvUfjKGoXvcnDHq7GgMOa,The Ting Tings,1233876,445083,0,2026-07-18T20:45:22.974241+00:00,Spotify web-player queryArtistOverview,undocumented read-only web-client endpoint,2wvUfjKGoXvcnDHq7GgMOa,Q219939,The Ting Tings,The Ting Tings,Q47952,Salford,musical group,United Kingdom,,,,,True,accepted_exact_name,True,True,eligible_group_or_duo,True,False
Sex Pistols [1u7kkVrr14iBvrpYnZILJR],,1u7kkVrr14iBvrpYnZILJR,Sex Pistols,1231532,2087179,0,2026-07-18T20:45:22.974241+00:00,Spotify web-player queryArtistOverview,undocumented read-only web-client endpoint,1u7kkVrr14iBvrpYnZILJR,Q82545,Sex Pistols,Sex Pistols,Q84,London,rock band,United Kingdom,,,,,True,accepted_exact_name,True,True,eligible_group_or_duo,True,False
English Chamber Orchestra [2DO4p3CPDnInsJfg0jFfaF],,2DO4p3CPDnInsJfg0jFfaF,English Chamber Orchestra,1222916,24949,0,2026-07-18T20:45:22.974241+00:00,Spotify web-player queryArtistOverview,undocumented read-only web-client endpoint,2DO4p3CPDnInsJfg0jFfaF,Q1146465,English Chamber Orchestra,English Chamber Orchestra,Q84,London,musical group|orchestra,United Kingdom,,,,,True,accepted_exact_name,True,False,excluded_orchestra,True,False
Kero Kero Bonito [6OqhFYFJDnBBHas02HopPT],,6OqhFYFJDnBBHas02HopPT,Kero Kero Bonito,1201107,611925,0,2026-07-18T20:45:22.974241+00:00,Spotify web-player queryArtistOverview,undocumented read-only web-client endpoint,6OqhFYFJDnBBHas02HopPT,Q19370850,Kero Kero Bonito,Kero Kero Bonito,Q84,London,musical group,United Kingdom,,,,,True,accepted_exact_name,True,True,eligible_group_or_duo,True,False
Pilot [6PwcexHTG0qJWQQwp05Bpm],,6PwcexHTG0qJWQQwp05Bpm,Pilot,1181505,78328,0,2026-07-18T20:45:22.974241+00:00,Spotify web-player queryArtistOverview,undocumented read-only web-client endpoint,6PwcexHTG0qJWQQwp05Bpm,Q1753527,Pilot,Pilot,Q23436,Edinburgh,musical group,United Kingdom,,,,,True,accepted_exact_name,True,True,eligible_group_or_duo,True,False
Skunk Anansie [5HlXA01kcjssYDT7EoqUJF],,5HlXA01kcjssYDT7EoqUJF,Skunk Anansie,1179800,449680,0,2026-07-18T20:45:22.974241+00:00,Spotify web-player queryArtistOverview,undocumented read-only web-client endpoint,5HlXA01kcjssYDT7EoqUJF,Q167977,Skunk Anansie,Skunk Anansie,Q84,London,musical group,United Kingdom,,,,,True,accepted_exact_name,True,True,eligible_group_or_duo,True,False
Boards of Canada [2VAvhf61GgLYmC6C8anyX1],,2VAvhf61GgLYmC6C8anyX1,Boards of Canada,1177186,844402,0,2026-07-18T20:45:22.974241+00:00,Spotify web-player queryArtistOverview,undocumented read-only web-client endpoint,2VAvhf61GgLYmC6C8anyX1,Q722778,Boards of Canada,Boards of Canada,Q23436,Edinburgh,musical duo|musical group,United Kingdom,,,,,True,accepted_exact_name,True,True,eligible_group_or_duo,True,False
Primal Scream [3wury2nd8idV4GecUg5xze],,3wury2nd8idV4GecUg5xze,Primal Scream,1165795,590819,0,2026-07-18T20:45:22.974241+00:00,Spotify web-player queryArtistOverview,undocumented read-only web-client endpoint,3wury2nd8idV4GecUg5xze,Q666697,Primal Scream,Primal Scream,Q4093,Glasgow,musical group,United Kingdom,,,,,True,accepted_exact_name,True,True,eligible_group_or_duo,True,False
Gerry and the Pacemakers [3UmBeGyNwr4iDWi1vTxWi8],,3UmBeGyNwr4iDWi1vTxWi8,Gerry & The Pacemakers,1163214,313722,0,2026-07-18T20:45:22.974241+00:00,Spotify web-player queryArtistOverview,undocumented read-only web-client endpoint,3UmBeGyNwr4iDWi1vTxWi8,Q733400,Gerry and the Pacemakers,Gerry and the Pacemakers,Q24826,Liverpool,musical group,United Kingdom,,,,,False,rejected_name_mismatch,False,True,eligible_group_or_duo,True,False
Ultravox [3iUjRVvYCsMfz7tuAQtBDI],,3iUjRVvYCsMfz7tuAQtBDI,Ultravox,1162862,609815,0,2026-07-18T20:45:22.974241+00:00,Spotify web-player queryArtistOverview,undocumented read-only web-client endpoint,3iUjRVvYCsMfz7tuAQtBDI,Q316485,Ultravox,Ultravox,Q84,London,musical group,United Kingdom,,,,,True,accepted_exact_name,True,True,eligible_group_or_duo,True,False
N-Trance [45InkbGypoMk5nVX6dsHkt],,45InkbGypoMk5nVX6dsHkt,N-Trance,1162155,82658,0,2026-07-18T20:45:22.974241+00:00,Spotify web-player queryArtistOverview,undocumented read-only web-client endpoint,45InkbGypoMk5nVX6dsHkt,Q1959629,N-Trance,N-Trance,Q202628,Oldham,musical group,United Kingdom,,,,,True,accepted_exact_name,True,True,eligible_group_or_duo,True,False
South Arcade [3vEL65ycUboLH76pgdtqlF],,3vEL65ycUboLH76pgdtqlF,South Arcade,1151351,332563,0,2026-07-18T20:45:22.974241+00:00,Spotify web-player queryArtistOverview,undocumented read-only web-client endpoint,3vEL65ycUboLH76pgdtqlF,Q131762147,South Arcade,South Arcade,,,musical group,England,,,,,True,accepted_exact_name,True,True,eligible_group_or_duo,True,False
Belle and Sebastian [4I2BJf80C0skQpp1sQmA0h],,4I2BJf80C0skQpp1sQmA0h,Belle and Sebastian,1141204,747098,0,2026-07-18T20:45:22.974241+00:00,Spotify web-player queryArtistOverview,undocumented read-only web-client endpoint,4I2BJf80C0skQpp1sQmA0h,Q691568,Belle and Sebastian,Belle and Sebastian,Q4093,Glasgow,musical group,United Kingdom,,,,,True,accepted_exact_name,True,True,eligible_group_or_duo,True,False
"Emerson, Lake & Palmer [0nCiidE5GgDrc5kWN3NZgZ]",,0nCiidE5GgDrc5kWN3NZgZ,"Emerson, Lake & Palmer",1139758,1194686,0,2026-07-18T20:45:22.974241+00:00,Spotify web-player queryArtistOverview,undocumented read-only web-client endpoint,0nCiidE5GgDrc5kWN3NZgZ,Q273171,"Emerson, Lake & Palmer","Emerson, Lake & Palmer",Q2213391|Q84,Croydon|London,rock band|supergroup,England|United Kingdom,,,,,True,accepted_exact_name,True,True,eligible_group_or_duo,True,False
Badfinger [4pJCawaKSZ40EnxN0YEYw3],,4pJCawaKSZ40EnxN0YEYw3,Badfinger,1128068,471790,0,2026-07-18T20:45:22.974241+00:00,Spotify web-player queryArtistOverview,undocumented read-only web-client endpoint,4pJCawaKSZ40EnxN0YEYw3,Q798993,Badfinger,Badfinger,Q23051,Swansea,musical group,United Kingdom,,,,,True,accepted_exact_name,True,True,eligible_group_or_duo,True,False
President [40nPYop0FOD9Syyu5y4dAU],,40nPYop0FOD9Syyu5y4dAU,PRESIDENT,1108071,247203,0,2026-07-18T20:45:22.974241+00:00,Spotify web-player queryArtistOverview,undocumented read-only web-client endpoint,40nPYop0FOD9Syyu5y4dAU,Q135218611,President,President,,,musical group,United Kingdom,,,,,True,accepted_exact_name,True,True,eligible_group_or_duo,True,False
The Spencer Davis Group [3i9hP422d2KMjaupTzBNVS],,3i9hP422d2KMjaupTzBNVS,The Spencer Davis Group,1087690,317136,0,2026-07-18T20:45:22.974241+00:00,Spotify web-player queryArtistOverview,undocumented read-only web-client endpoint,3i9hP422d2KMjaupTzBNVS,Q1049145,The Spencer Davis Group,The Spencer Davis Group,Q2256,Birmingham,musical group,United Kingdom,,,,,True,accepted_exact_name,True,True,eligible_group_or_duo,True,False
Imagination [2CkhxuagMCG9uvlbKm5G3m],,2CkhxuagMCG9uvlbKm5G3m,Imagination,1083676,139019,0,2026-07-18T20:45:22.974241+00:00,Spotify web-player queryArtistOverview,undocumented read-only web-client endpoint,2CkhxuagMCG9uvlbKm5G3m,Q142904,Imagination,Imagination,Q84,London,musical group,United Kingdom,,,,,True,accepted_exact_name,True,True,eligible_group_or_duo,True,False
The Beautiful South [4fomCZiFUMX73KJ0YQ0V90],,4fomCZiFUMX73KJ0YQ0V90,The Beautiful South,1074612,498337,0,2026-07-18T20:45:22.974241+00:00,Spotify web-player queryArtistOverview,undocumented read-only web-client endpoint,4fomCZiFUMX73KJ0YQ0V90,Q1757677,The Beautiful South,The Beautiful South,Q128147,Kingston upon Hull,musical group,United Kingdom,,,,,True,accepted_exact_name,True,True,eligible_group_or_duo,True,False
Spacehog [3NZE8jDD2cCzd4vUyZ5CQQ],,3NZE8jDD2cCzd4vUyZ5CQQ,Spacehog,1073095,164649,0,2026-07-18T20:45:22.974241+00:00,Spotify web-player queryArtistOverview,undocumented read-only web-client endpoint,3NZE8jDD2cCzd4vUyZ5CQQ,Q339626,Spacehog,Spacehog,Q60,New York City,rock band,United Kingdom,,,,,True,accepted_exact_name,True,True,eligible_group_or_duo,True,False
Manfred Mann [5670CyWrIOA7702gNjsGMZ],,5670CyWrIOA7702gNjsGMZ,Manfred Mann,1070103,421269,0,2026-07-18T20:45:22.974241+00:00,Spotify web-player queryArtistOverview,undocumented read-only web-client endpoint,5670CyWrIOA7702gNjsGMZ,Q319265,Manfred Mann,Manfred Mann,,,musical group,United Kingdom,,,,,True,accepted_exact_name,True,True,eligible_group_or_duo,True,False
Caskets [2XIbOWDT5vZPW7jNyzdfcK],,2XIbOWDT5vZPW7jNyzdfcK,Caskets,1063882,255906,0,2026-07-18T20:45:22.974241+00:00,Spotify web-player queryArtistOverview,undocumented read-only web-client endpoint,2XIbOWDT5vZPW7jNyzdfcK,Q107981908,Caskets,Caskets,,,musical group,United Kingdom,,,,,True,accepted_exact_name,True,True,eligible_group_or_duo,True,False
Idles [75mafsNqNE1WSEVxIKuY5C],,75mafsNqNE1WSEVxIKuY5C,IDLES,1060008,893225,0,2026-07-18T20:45:22.974241+00:00,Spotify web-player queryArtistOverview,undocumented read-only web-client endpoint,75mafsNqNE1WSEVxIKuY5C,Q39070668,Idles,Idles,Q23154,Bristol,rock band,United Kingdom,,,,,True,accepted_exact_name,True,True,eligible_group_or_duo,True,False
Koven [3UCbp6D1lvILlxRJT9LnFa],,3UCbp6D1lvILlxRJT9LnFa,Koven,1057644,149136,0,2026-07-18T20:45:22.974241+00:00,Spotify web-player queryArtistOverview,undocumented read-only web-client endpoint,3UCbp6D1lvILlxRJT9LnFa,Q106091172,Koven,Koven,,,musical duo,United Kingdom,,,,,True,accepted_exact_name,True,True,eligible_group_or_duo,True,False
Mis-Teeq [6csA2rxNLkQJXeEa7lyGXn],,6csA2rxNLkQJXeEa7lyGXn,Mis-Teeq,1053166,147133,0,2026-07-18T20:45:22.974241+00:00,Spotify web-player queryArtistOverview,undocumented read-only web-client endpoint,6csA2rxNLkQJXeEa7lyGXn,Q1303048,Mis-Teeq,Mis-Teeq,Q84,London,musical group,United Kingdom,,,,,True,accepted_exact_name,True,True,eligible_group_or_duo,True,False
UFO [2Omy3P5hFZym7FKum1JA1s],,2Omy3P5hFZym7FKum1JA1s,UFO,1051240,669681,0,2026-07-18T20:45:22.974241+00:00,Spotify web-player queryArtistOverview,undocumented read-only web-client endpoint,2Omy3P5hFZym7FKum1JA1s,Q251657,UFO,UFO,Q84,London,musical group,United Kingdom,,,,,True,accepted_exact_name,True,True,eligible_group_or_duo,True,False
White Lies [6ssXMmc5EOUrauZxirM910],,6ssXMmc5EOUrauZxirM910,White Lies,1046821,560678,0,2026-07-18T20:45:22.974241+00:00,Spotify web-player queryArtistOverview,undocumented read-only web-client endpoint,6ssXMmc5EOUrauZxirM910,Q1331605,White Lies,White Lies,Q83726,Ealing,musical group,United Kingdom,,,,,True,accepted_exact_name,True,True,eligible_group_or_duo,True,False
The Vaccines [0Ak6DLKHtpR6TEEnmcorKA],,0Ak6DLKHtpR6TEEnmcorKA,The Vaccines,1042137,807443,0,2026-07-18T20:45:22.974241+00:00,Spotify web-player queryArtistOverview,undocumented read-only web-client endpoint,0Ak6DLKHtpR6TEEnmcorKA,Q1458872,The Vaccines,The Vaccines,Q84,London,musical group,United Kingdom,,,,,True,accepted_exact_name,True,True,eligible_group_or_duo,True,False
Modern English [0fYPQBOx0vsRMmjUba9HgF],,0fYPQBOx0vsRMmjUba9HgF,Modern English,1039829,242915,0,2026-07-18T20:45:22.974241+00:00,Spotify web-player queryArtistOverview,undocumented read-only web-client endpoint,0fYPQBOx0vsRMmjUba9HgF,Q1691644,Modern English,Modern English,Q184163,Colchester,musical group,United Kingdom,,,,,True,accepted_exact_name,True,True,eligible_group_or_duo,True,False
The Lightning Seeds [67YNiSqhrx1P8oPvIIvbP5],,67YNiSqhrx1P8oPvIIvbP5,The Lightning Seeds,1037603,189073,0,2026-07-18T20:45:22.974241+00:00,Spotify web-player queryArtistOverview,undocumented read-only web-client endpoint,67YNiSqhrx1P8oPvIIvbP5,Q1973228,The Lightning Seeds,The Lightning Seeds,Q24826,Liverpool,musical group,United Kingdom,,,,,True,accepted_exact_name,True,True,eligible_group_or_duo,True,False
King Crimson [7M1FPw29m5FbicYzS2xdpi],,7M1FPw29m5FbicYzS2xdpi,King Crimson,1036506,1414122,0,2026-07-18T20:45:22.974241+00:00,Spotify web-player queryArtistOverview,undocumented read-only web-client endpoint,7M1FPw29m5FbicYzS2xdpi,Q189382,King Crimson,King Crimson,Q21,England,rock band,United Kingdom,,,,,True,accepted_exact_name,True,True,eligible_group_or_duo,True,False
Squeeze [6Jrj26oAY96EEC2lqC6fua],,6Jrj26oAY96EEC2lqC6fua,Squeeze,1034511,369318,0,2026-07-18T20:45:22.974241+00:00,Spotify web-player queryArtistOverview,undocumented read-only web-client endpoint,6Jrj26oAY96EEC2lqC6fua,Q591279,Squeeze,Squeeze,Q84,London,musical group,United Kingdom,,,,,True,accepted_exact_name,True,True,eligible_group_or_duo,True,False
ABC [2s79xe5F6eUQkjwjww27Fh],,2s79xe5F6eUQkjwjww27Fh,ABC,1028147,431631,0,2026-07-18T20:45:22.974241+00:00,Spotify web-player queryArtistOverview,undocumented read-only web-client endpoint,2s79xe5F6eUQkjwjww27Fh,Q287078,ABC,ABC,Q42448,Sheffield,musical group,United Kingdom,,,,,True,accepted_exact_name,True,True,eligible_group_or_duo,True,False
Ace [6QNkSI0c63lCTNXpHDBiqP],,6QNkSI0c63lCTNXpHDBiqP,Ace,1026309,40060,0,2026-07-18T20:45:22.974241+00:00,Spotify web-player queryArtistOverview,undocumented read-only web-client endpoint,6QNkSI0c63lCTNXpHDBiqP,Q339889,Ace,Ace,Q42448,Sheffield,musical group,United Kingdom,,,,,True,accepted_exact_name,True,True,eligible_group_or_duo,True,False
Busted [3Z6IRCo7umuk8K2XQy0ZDj],,3Z6IRCo7umuk8K2XQy0ZDj,Busted,1009124,307292,0,2026-07-18T20:45:22.974241+00:00,Spotify web-player queryArtistOverview,undocumented read-only web-client endpoint,3Z6IRCo7umuk8K2XQy0ZDj,Q826185,Busted,Busted,Q203995,Southend-on-Sea,musical group,United Kingdom,,,,,True,accepted_exact_name,True,True,eligible_group_or_duo,True,False
Girls Aloud [12EtLdLfJ41vUOoVzPZIUy],,12EtLdLfJ41vUOoVzPZIUy,Girls Aloud,996906,552875,0,2026-07-18T20:45:22.974241+00:00,Spotify web-player queryArtistOverview,undocumented read-only web-client endpoint,12EtLdLfJ41vUOoVzPZIUy,Q205473,Girls Aloud,Girls Aloud,Q84,London,girl group,United Kingdom,,,,,True,accepted_exact_name,True,True,eligible_group_or_duo,True,False
Bear's Den [0nJaMZM8paoA5HEUTUXPqi],,0nJaMZM8paoA5HEUTUXPqi,Bear's Den,996827,345964,0,2026-07-18T20:45:22.974241+00:00,Spotify web-player queryArtistOverview,undocumented read-only web-client endpoint,0nJaMZM8paoA5HEUTUXPqi,Q18357134,Bear's Den,Bear's Den,Q84,London,rock band,United Kingdom,,,,,True,accepted_exact_name,True,True,eligible_group_or_duo,True,False
Noah and the Whale [0aeLcja6hKzb7Uz2ou7ulP],,0aeLcja6hKzb7Uz2ou7ulP,Noah And The Whale,995813,469876,0,2026-07-18T20:45:22.974241+00:00,Spotify web-player queryArtistOverview,undocumented read-only web-client endpoint,0aeLcja6hKzb7Uz2ou7ulP,Q1811037,Noah and the Whale,Noah and the Whale,Q84,London,musical group,United Kingdom,,,,,True,accepted_exact_name,True,True,eligible_group_or_duo,True,False
The Sisters of Mercy [4HxBVyHaUa60eCSsJWxwWR],,4HxBVyHaUa60eCSsJWxwWR,Sisters of Mercy,994856,771147,0,2026-07-18T20:45:22.974241+00:00,Spotify web-player queryArtistOverview,undocumented read-only web-client endpoint,4HxBVyHaUa60eCSsJWxwWR,Q751814,The Sisters of Mercy,The Sisters of Mercy,Q39121,Leeds,musical group,United Kingdom,,,,,False,rejected_name_mismatch,False,True,eligible_group_or_duo,True,False
Il Divo [3KNZ9AOjBajjmr6ZR2VGfl],,3KNZ9AOjBajjmr6ZR2VGfl,Il Divo,977922,966587,0,2026-07-18T20:45:22.974241+00:00,Spotify web-player queryArtistOverview,undocumented read-only web-client endpoint,3KNZ9AOjBajjmr6ZR2VGfl,Q269813,Il Divo,Il Divo,Q145,United Kingdom,musical group,United Kingdom,,,,,True,accepted_exact_name,True,True,eligible_group_or_duo,True,False
The Jesus and Mary Chain [4rjlerN21ygkIhmUv55irs],,4rjlerN21ygkIhmUv55irs,The Jesus and Mary Chain,975001,578109,0,2026-07-18T20:45:22.974241+00:00,Spotify web-player queryArtistOverview,undocumented read-only web-client endpoint,4rjlerN21ygkIhmUv55irs,Q1126301,The Jesus and Mary Chain,The Jesus and Mary Chain,Q654226,East Kilbride,musical group,United Kingdom,,,,,True,accepted_exact_name,True,True,eligible_group_or_duo,True,False
Bombay Bicycle Club [3pTE9iaJTkWns3mxpNQlJV],,3pTE9iaJTkWns3mxpNQlJV,Bombay Bicycle Club,970928,881071,0,2026-07-18T20:45:22.974241+00:00,Spotify web-player queryArtistOverview,undocumented read-only web-client endpoint,3pTE9iaJTkWns3mxpNQlJV,Q891829,Bombay Bicycle Club,Bombay Bicycle Club,Q24502,Crouch End,musical group,United Kingdom,,,,,True,accepted_exact_name,True,True,eligible_group_or_duo,True,False
You Me at Six [1kNQXvepPjaPgUfeDAF2h6],,1kNQXvepPjaPgUfeDAF2h6,You Me At Six,967721,698799,0,2026-07-18T20:45:22.974241+00:00,Spotify web-player queryArtistOverview,undocumented read-only web-client endpoint,1kNQXvepPjaPgUfeDAF2h6,Q1512507,You Me at Six,You Me at Six,Q1754096,Weybridge,rock band,United Kingdom,,,,,True,accepted_exact_name,True,True,eligible_group_or_duo,True,False
National Philharmonic Orchestra [2Ek1WGW7WeyDoxsZiu0AAd],,2Ek1WGW7WeyDoxsZiu0AAd,National Philharmonic Orchestra,964762,21890,0,2026-07-18T20:45:22.974241+00:00,Spotify web-player queryArtistOverview,undocumented read-only web-client endpoint,2Ek1WGW7WeyDoxsZiu0AAd,Q2394269,National Philharmonic Orchestra,National Philharmonic Orchestra,,,orchestra,United Kingdom,,,,,True,accepted_exact_name,True,False,excluded_orchestra,True,False
McFly [47izDDvtOxxz3FzHYuUptd],,47izDDvtOxxz3FzHYuUptd,McFly,964171,515965,0,2026-07-18T20:45:22.974241+00:00,Spotify web-player queryArtistOverview,undocumented read-only web-client endpoint,47izDDvtOxxz3FzHYuUptd,Q223768,McFly,McFly,Q21,England,musical group,United Kingdom,,,,,True,accepted_exact_name,True,True,eligible_group_or_duo,True,False
Go West [7bKupnlF7XOfR1En3K8oAL],,7bKupnlF7XOfR1En3K8oAL,Go West,925778,281420,0,2026-07-18T20:45:22.974241+00:00,Spotify web-player queryArtistOverview,undocumented read-only web-client endpoint,7bKupnlF7XOfR1En3K8oAL,Q1533399,Go West,Go West,Q84,London,male duo|musical duo,United Kingdom,,,,,True,accepted_exact_name,True,True,eligible_group_or_duo,True,False
Traffic [1CD77o9fbdyQFrHnUPUEsF],,1CD77o9fbdyQFrHnUPUEsF,Traffic,924163,664568,0,2026-07-18T20:45:22.974241+00:00,Spotify web-player queryArtistOverview,undocumented read-only web-client endpoint,1CD77o9fbdyQFrHnUPUEsF,Q1048439,Traffic,Traffic,Q2256,Birmingham,rock band,United Kingdom,,,,,True,accepted_exact_name,True,True,eligible_group_or_duo,True,False
Cornershop [3Kf7VEIRWquxrNIuyJZnfF],,3Kf7VEIRWquxrNIuyJZnfF,Cornershop,920853,85161,0,2026-07-18T20:45:22.974241+00:00,Spotify web-player queryArtistOverview,undocumented read-only web-client endpoint,3Kf7VEIRWquxrNIuyJZnfF,Q1134101,Cornershop,Cornershop,Q83065,Leicester,musical group,United Kingdom,,,,,True,accepted_exact_name,True,True,eligible_group_or_duo,True,False
Hot Chip [37uLId6Z5ZXCx19vuruvv5],,37uLId6Z5ZXCx19vuruvv5,Hot Chip,912686,723814,0,2026-07-18T20:45:22.974241+00:00,Spotify web-player queryArtistOverview,undocumented read-only web-client endpoint,37uLId6Z5ZXCx19vuruvv5,Q877512,Hot Chip,Hot Chip,Q84,London,musical group,United Kingdom,,,,,True,accepted_exact_name,True,True,eligible_group_or_duo,True,False
The Libertines [4fSPtBgFPZzygkY6MehwQ7],,4fSPtBgFPZzygkY6MehwQ7,The Libertines,911120,943427,0,2026-07-18T20:45:22.974241+00:00,Spotify web-player queryArtistOverview,undocumented read-only web-client endpoint,4fSPtBgFPZzygkY6MehwQ7,Q214350,The Libertines,The Libertines,Q84,London,musical group,United Kingdom,,,,,True,accepted_exact_name,True,True,eligible_group_or_duo,True,False
Heatwave [6D7h7R79IZjqJC2GM2wzyY],,6D7h7R79IZjqJC2GM2wzyY,Heatwave,907968,515706,0,2026-07-18T20:45:22.974241+00:00,Spotify web-player queryArtistOverview,undocumented read-only web-client endpoint,6D7h7R79IZjqJC2GM2wzyY,Q1592619,Heatwave,Heatwave,Q84,London,musical group,United Kingdom,,,,,True,accepted_exact_name,True,True,eligible_group_or_duo,True,False
Manic Street Preachers [2uH0RyPcX7fnCcT90HFDQX],,2uH0RyPcX7fnCcT90HFDQX,Manic Street Preachers,893282,751312,0,2026-07-18T20:45:22.974241+00:00,Spotify web-player queryArtistOverview,undocumented read-only web-client endpoint,2uH0RyPcX7fnCcT90HFDQX,Q217025,Manic Street Preachers,Manic Street Preachers,Q880986,Blackwood,musical group,United Kingdom,,,,,True,accepted_exact_name,True,True,eligible_group_or_duo,True,False
Elbow [0TJB3EE2efClsYIDQ8V2Jk],,0TJB3EE2efClsYIDQ8V2Jk,Elbow,891884,578182,0,2026-07-18T20:45:22.974241+00:00,Spotify web-player queryArtistOverview,undocumented read-only web-client endpoint,0TJB3EE2efClsYIDQ8V2Jk,Q665798,Elbow,Elbow,Q2736093,Ramsbottom,musical group,United Kingdom,,,,,True,accepted_exact_name,True,True,eligible_group_or_duo,True,False
Jaded [6tCJN1fQNdFCEaOa8Da9Wf],,6tCJN1fQNdFCEaOa8Da9Wf,JADED,891067,55678,0,2026-07-18T20:45:22.974241+00:00,Spotify web-player queryArtistOverview,undocumented read-only web-client endpoint,6tCJN1fQNdFCEaOa8Da9Wf,Q47006918,Jaded,Jaded,,,musical group,United Kingdom,,,,,True,accepted_exact_name,True,True,eligible_group_or_duo,True,False
The Troggs [57xdnSVt4ahJCIXYLieQ25],,57xdnSVt4ahJCIXYLieQ25,The Troggs,883780,337104,0,2026-07-18T20:45:22.974241+00:00,Spotify web-player queryArtistOverview,undocumented read-only web-client endpoint,57xdnSVt4ahJCIXYLieQ25,Q943253,The Troggs,The Troggs,Q492805,Andover,musical group,United Kingdom,,,,,True,accepted_exact_name,True,True,eligible_group_or_duo,True,False
Breathe [1MNeXu0284O7mQWgF1YRc0],,1MNeXu0284O7mQWgF1YRc0,Breathe,876466,38500,0,2026-07-18T20:45:22.974241+00:00,Spotify web-player queryArtistOverview,undocumented read-only web-client endpoint,1MNeXu0284O7mQWgF1YRc0,Q2307431,Breathe,Breathe,,,musical group,United Kingdom,,,,,True,accepted_exact_name,True,True,eligible_group_or_duo,True,False
Orbital [3csPCeXsj2wezyvkRFzvmV],,3csPCeXsj2wezyvkRFzvmV,Orbital,874037,416016,0,2026-07-18T20:45:22.974241+00:00,Spotify web-player queryArtistOverview,undocumented read-only web-client endpoint,3csPCeXsj2wezyvkRFzvmV,Q515942,Orbital,Orbital,Q939838,Sevenoaks,musical group,United Kingdom,,,,,True,accepted_exact_name,True,True,eligible_group_or_duo,True,False
Royal Liverpool Philharmonic [6I6fmQU7HGrUsCm4B5Nlk3],,6I6fmQU7HGrUsCm4B5Nlk3,Royal Liverpool Philharmonic Orchestra,867232,21078,0,2026-07-18T20:45:22.974241+00:00,Spotify web-player queryArtistOverview,undocumented read-only web-client endpoint,6I6fmQU7HGrUsCm4B5Nlk3,Q1818979,Royal Liverpool Philharmonic,Royal Liverpool Philharmonic,,,symphony orchestra,United Kingdom,,,,,False,rejected_name_mismatch,False,False,excluded_orchestra,True,False
Q606250 [5BKsn7SCN2XmbF7apdCpRS],,5BKsn7SCN2XmbF7apdCpRS,Goldfrapp,864148,618403,0,2026-07-18T20:45:22.974241+00:00,Spotify web-player queryArtistOverview,undocumented read-only web-client endpoint,5BKsn7SCN2XmbF7apdCpRS,Q606250,Q606250,Q606250,Q84,London,musical duo,United Kingdom,,,,,False,rejected_name_mismatch,False,True,eligible_group_or_duo,True,False
Academy of Ancient Music [60adCptqwRkANTtVja0bvf],,60adCptqwRkANTtVja0bvf,Academy of Ancient Music,863103,46459,0,2026-07-18T20:45:22.974241+00:00,Spotify web-player queryArtistOverview,undocumented read-only web-client endpoint,60adCptqwRkANTtVja0bvf,Q337310,Academy of Ancient Music,Academy of Ancient Music,,,charitable organization|musical group,United Kingdom,,,,,True,accepted_exact_name,True,True,eligible_group_or_duo,True,False
Crystal Fighters [75EZuo5MHV2572NRpMWotC],,75EZuo5MHV2572NRpMWotC,Crystal Fighters,846287,356161,0,2026-07-18T20:45:22.974241+00:00,Spotify web-player queryArtistOverview,undocumented read-only web-client endpoint,75EZuo5MHV2572NRpMWotC,Q526130,Crystal Fighters,Crystal Fighters,Q84,London,musical group,United Kingdom,,,,,True,accepted_exact_name,True,True,eligible_group_or_duo,True,False
Herman's Hermits [48YxSlb23RAaCd4RyHcV9V],,48YxSlb23RAaCd4RyHcV9V,Herman's Hermits,843685,542791,0,2026-07-18T20:45:22.974241+00:00,Spotify web-player queryArtistOverview,undocumented read-only web-client endpoint,48YxSlb23RAaCd4RyHcV9V,Q693597,Herman's Hermits,Herman's Hermits,Q18125,Manchester,musical group,United Kingdom,,,,,True,accepted_exact_name,True,True,eligible_group_or_duo,True,False
La Serenissima [15PIcAgtP1zCipRK3sniUN],,15PIcAgtP1zCipRK3sniUN,La Serenissima,840773,10706,0,2026-07-18T20:45:22.974241+00:00,Spotify web-player queryArtistOverview,undocumented read-only web-client endpoint,15PIcAgtP1zCipRK3sniUN,Q6465241,La Serenissima,La Serenissima,,,musical group,United Kingdom,,,,,True,accepted_exact_name,True,True,eligible_group_or_duo,True,False
Floetry [0un6YenPxWZ2VW4aFGMupM],,0un6YenPxWZ2VW4aFGMupM,Floetry,834779,827023,0,2026-07-18T20:45:22.974241+00:00,Spotify web-player queryArtistOverview,undocumented read-only web-client endpoint,0un6YenPxWZ2VW4aFGMupM,Q3937955,Floetry,Floetry,Q24826,Liverpool,musical group,United Kingdom,,,,,True,accepted_exact_name,True,True,eligible_group_or_duo,True,False
Average White Band [3tx8fyu3c4OBP5nejYtUOb],,3tx8fyu3c4OBP5nejYtUOb,Average White Band,830950,473616,0,2026-07-18T20:45:22.974241+00:00,Spotify web-player queryArtistOverview,undocumented read-only web-client endpoint,3tx8fyu3c4OBP5nejYtUOb,Q583556,Average White Band,Average White Band,Q123709,Dundee,musical group,United Kingdom,,,,,True,accepted_exact_name,True,True,eligible_group_or_duo,True,False
Elvis Costello & the Attractions [4qmHkMxr6pTWh5Zo74odpH],,4qmHkMxr6pTWh5Zo74odpH,Elvis Costello & The Attractions,830368,329467,0,2026-07-18T20:45:22.974241+00:00,Spotify web-player queryArtistOverview,undocumented read-only web-client endpoint,4qmHkMxr6pTWh5Zo74odpH,Q7714866,Elvis Costello & the Attractions,Elvis Costello & the Attractions,Q21,England,musical group,United Kingdom,,,,,True,accepted_exact_name,True,True,eligible_group_or_duo,True,False
Del Amitri [2Q4FnG5T6NTUcAAZwuMV5K],,2Q4FnG5T6NTUcAAZwuMV5K,Del Amitri,827530,117032,0,2026-07-18T20:45:22.974241+00:00,Spotify web-player queryArtistOverview,undocumented read-only web-client endpoint,2Q4FnG5T6NTUcAAZwuMV5K,Q1183784,Del Amitri,Del Amitri,Q4093,Glasgow,musical group,United Kingdom,,,,,True,accepted_exact_name,True,True,eligible_group_or_duo,True,False
Courteeners [1NfJU4hy56Z4UM4iyIa1B2],,1NfJU4hy56Z4UM4iyIa1B2,Courteeners,819255,366021,0,2026-07-18T20:45:22.974241+00:00,Spotify web-player queryArtistOverview,undocumented read-only web-client endpoint,1NfJU4hy56Z4UM4iyIa1B2,Q1352997,Courteeners,Courteeners,Q2560244,Middleton,musical group,United Kingdom,,,,,True,accepted_exact_name,True,True,eligible_group_or_duo,True,False
Wasia Project [7poQNrOwZoUcoqihg4Xex0],,7poQNrOwZoUcoqihg4Xex0,Wasia Project,815222,394807,0,2026-07-18T20:45:22.974241+00:00,Spotify web-player queryArtistOverview,undocumented read-only web-client endpoint,7poQNrOwZoUcoqihg4Xex0,Q111865044,Wasia Project,Wasia Project,,,musical duo|sibling duo,United Kingdom,,,,,True,accepted_exact_name,True,True,eligible_group_or_duo,True,False
Climie Fisher [3bpvhFSIErguVNQUiutctF],,3bpvhFSIErguVNQUiutctF,Climie Fisher,814321,91736,0,2026-07-18T20:45:22.974241+00:00,Spotify web-player queryArtistOverview,undocumented read-only web-client endpoint,3bpvhFSIErguVNQUiutctF,Q1101485,Climie Fisher,Climie Fisher,Q84,London,musical group,United Kingdom,,,,,True,accepted_exact_name,True,True,eligible_group_or_duo,True,False
Kokoroko [3u9rbdcmA6CxjxOAkjaeFr],,3u9rbdcmA6CxjxOAkjaeFr,Kokoroko,813289,405946,0,2026-07-18T20:45:22.974241+00:00,Spotify web-player queryArtistOverview,undocumented read-only web-client endpoint,3u9rbdcmA6CxjxOAkjaeFr,Q104870323,Kokoroko,Kokoroko,Q84,London,musical group,United Kingdom,,,,,True,accepted_exact_name,True,True,eligible_group_or_duo,True,False
Bauhaus [5N5tQ9Dx1h8Od7aRmGj7Fi],,5N5tQ9Dx1h8Od7aRmGj7Fi,Bauhaus,808555,1137691,0,2026-07-18T20:45:22.974241+00:00,Spotify web-player queryArtistOverview,undocumented read-only web-client endpoint,5N5tQ9Dx1h8Od7aRmGj7Fi,Q180582,Bauhaus,Bauhaus,Q192240,Northampton,musical group,United Kingdom,,,,,True,accepted_exact_name,True,True,eligible_group_or_duo,True,False
Kajagoogoo [0f3kLT4wvi2mFHlHJgV8Hl],,0f3kLT4wvi2mFHlHJgV8Hl,Kajagoogoo,797085,292881,0,2026-07-18T20:45:22.974241+00:00,Spotify web-player queryArtistOverview,undocumented read-only web-client endpoint,0f3kLT4wvi2mFHlHJgV8Hl,Q608271,Kajagoogoo,Kajagoogoo,Q2462645,Leighton Buzzard,musical group,United Kingdom,,,,,True,accepted_exact_name,True,True,eligible_group_or_duo,True,False
London Mozart Players [1sylrdKARMDYTJbs8IPWGy],,1sylrdKARMDYTJbs8IPWGy,London Mozart Players,796509,11123,0,2026-07-18T20:45:22.974241+00:00,Spotify web-player queryArtistOverview,undocumented read-only web-client endpoint,1sylrdKARMDYTJbs8IPWGy,Q1784934,London Mozart Players,London Mozart Players,,,chamber orchestra,United Kingdom,,,,,True,accepted_exact_name,True,False,excluded_orchestra,True,False
Steps [17UkABEasVRlCcIFZ3wHb7],,17UkABEasVRlCcIFZ3wHb7,Steps,796161,446647,0,2026-07-18T20:45:22.974241+00:00,Spotify web-player queryArtistOverview,undocumented read-only web-client endpoint,17UkABEasVRlCcIFZ3wHb7,Q1457831,Steps,Steps,Q84,London,musical group,United Kingdom,,,,,True,accepted_exact_name,True,True,eligible_group_or_duo,True,False
Klaxons [2qlAMLpUyBjZgnzuFXXZXI],,2qlAMLpUyBjZgnzuFXXZXI,Klaxons,791164,327144,0,2026-07-18T20:45:22.974241+00:00,Spotify web-player queryArtistOverview,undocumented read-only web-client endpoint,2qlAMLpUyBjZgnzuFXXZXI,Q840882,Klaxons,Klaxons,Q84,London,musical group,United Kingdom,,,,,True,accepted_exact_name,True,True,eligible_group_or_duo,True,False
Ultrabeat [596ByjVYnslGJIHxEBGjF8],,596ByjVYnslGJIHxEBGjF8,Ultrabeat,767735,60158,0,2026-07-18T20:45:22.974241+00:00,Spotify web-player queryArtistOverview,undocumented read-only web-client endpoint,596ByjVYnslGJIHxEBGjF8,Q4356488,Ultrabeat,Ultrabeat,Q24826,Liverpool,musical group,United Kingdom,,,,,True,accepted_exact_name,True,True,eligible_group_or_duo,True,False
Enter Shikari [31jvzuB4ikftPQZJwrYfCF],,31jvzuB4ikftPQZJwrYfCF,Enter Shikari,764839,522047,0,2026-07-18T20:45:22.974241+00:00,Spotify web-player queryArtistOverview,undocumented read-only web-client endpoint,31jvzuB4ikftPQZJwrYfCF,Q912581,Enter Shikari,Enter Shikari,Q6226,St Albans,musical group,United Kingdom,,,,,True,accepted_exact_name,True,True,eligible_group_or_duo,True,False
M People [3lcbKPLl0ci2mKRdcP5Etf],,3lcbKPLl0ci2mKRdcP5Etf,M People,762770,281163,0,2026-07-18T20:45:22.974241+00:00,Spotify web-player queryArtistOverview,undocumented read-only web-client endpoint,3lcbKPLl0ci2mKRdcP5Etf,Q1882185,M People,M People,Q18125,Manchester,musical group,United Kingdom,,,,,True,accepted_exact_name,True,True,eligible_group_or_duo,True,False
IAMX [223iUzG0kb5V166FJP9ovD],,223iUzG0kb5V166FJP9ovD,IAMX,750077,246831,0,2026-07-18T20:45:22.974241+00:00,Spotify web-player queryArtistOverview,undocumented read-only web-client endpoint,223iUzG0kb5V166FJP9ovD,Q1990235,IAMX,IAMX,Q145,United Kingdom,musical group,United Kingdom,,,,,True,accepted_exact_name,True,True,eligible_group_or_duo,True,False
"Black Country, New Road [3PP6ghmOlDl2jaKaH0avUN]",,3PP6ghmOlDl2jaKaH0avUN,"Black Country, New Road",741988,492540,0,2026-07-18T20:45:22.974241+00:00,Spotify web-player queryArtistOverview,undocumented read-only web-client endpoint,3PP6ghmOlDl2jaKaH0avUN,Q66759333,"Black Country, New Road","Black Country, New Road",Q23112,Cambridgeshire,musical group,United Kingdom,,,,,True,accepted_exact_name,True,True,eligible_group_or_duo,True,False
While She Sleeps [38LdIuxB548zgHoEY2AN7a],,38LdIuxB548zgHoEY2AN7a,While She Sleeps,740851,528146,0,2026-07-18T20:45:22.974241+00:00,Spotify web-player queryArtistOverview,undocumented read-only web-client endpoint,38LdIuxB548zgHoEY2AN7a,Q2543938,While She Sleeps,While She Sleeps,Q42448,Sheffield,musical group,United Kingdom,,,,,True,accepted_exact_name,True,True,eligible_group_or_duo,True,False
The Dream Academy [1JVoO5bwfU8GNuAZLpBoHe],,1JVoO5bwfU8GNuAZLpBoHe,The Dream Academy,735488,81792,0,2026-07-18T20:45:22.974241+00:00,Spotify web-player queryArtistOverview,undocumented read-only web-client endpoint,1JVoO5bwfU8GNuAZLpBoHe,Q2002188,The Dream Academy,The Dream Academy,Q84,London,musical group,United Kingdom,,,,,True,accepted_exact_name,True,True,eligible_group_or_duo,True,False
Suede [6PHIK3kjWggLtVygsOtpqS],,6PHIK3kjWggLtVygsOtpqS,Suede,713390,569692,0,2026-07-18T20:45:22.974241+00:00,Spotify web-player queryArtistOverview,undocumented read-only web-client endpoint,6PHIK3kjWggLtVygsOtpqS,Q826255,Suede,Suede,Q84,London,rock band|tuna,United Kingdom,,,,,True,accepted_exact_name,True,True,eligible_group_or_duo,True,False
Circa Waves [6hl5k4gLl1p3sjhHcb57t2],,6hl5k4gLl1p3sjhHcb57t2,Circa Waves,708315,319278,0,2026-07-18T20:45:22.974241+00:00,Spotify web-player queryArtistOverview,undocumented read-only web-client endpoint,6hl5k4gLl1p3sjhHcb57t2,Q18205953,Circa Waves,Circa Waves,Q24826,Liverpool,rock band,United Kingdom,,,,,True,accepted_exact_name,True,True,eligible_group_or_duo,True,False
The Coral [6OiHleP2bHM18dXq4aZQWt],,6OiHleP2bHM18dXq4aZQWt,The Coral,707737,287640,0,2026-07-18T20:45:22.974241+00:00,Spotify web-player queryArtistOverview,undocumented read-only web-client endpoint,6OiHleP2bHM18dXq4aZQWt,Q1777045,The Coral,The Coral,Q2024069,Hoylake,musical group,United Kingdom,,,,,True,accepted_exact_name,True,True,eligible_group_or_duo,True,False
XTC [2qT62DYO8Ajb276vUJmvhz],,2qT62DYO8Ajb276vUJmvhz,XTC,705276,391755,0,2026-07-18T20:45:22.974241+00:00,Spotify web-player queryArtistOverview,undocumented read-only web-client endpoint,2qT62DYO8Ajb276vUJmvhz,Q1413926,XTC,XTC,Q200942,Swindon,musical group,United Kingdom,,,,,True,accepted_exact_name,True,True,eligible_group_or_duo,True,False
Audio Bullys [5kwHgbzNHq1iHkUSrAmjjQ],,5kwHgbzNHq1iHkUSrAmjjQ,Audio Bullys,701846,83213,0,2026-07-18T20:45:22.974241+00:00,Spotify web-player queryArtistOverview,undocumented read-only web-client endpoint,5kwHgbzNHq1iHkUSrAmjjQ,Q758846,Audio Bullys,Audio Bullys,Q84,London,musical group,United Kingdom,,,,,True,accepted_exact_name,True,True,eligible_group_or_duo,True,False
The Saturdays [15qI5w4XJFLRMwOp2VrlD5],,15qI5w4XJFLRMwOp2VrlD5,The Saturdays,701836,736766,0,2026-07-18T20:45:22.974241+00:00,Spotify web-player queryArtistOverview,undocumented read-only web-client endpoint,15qI5w4XJFLRMwOp2VrlD5,Q756220,The Saturdays,The Saturdays,Q84,London,musical group,United Kingdom,,,,,True,accepted_exact_name,True,True,eligible_group_or_duo,True,False
piri & tommy [2U6J9Q89i1TNhesKreFD65],,2U6J9Q89i1TNhesKreFD65,piri & tommy,690910,45851,0,2026-07-18T20:45:22.974241+00:00,Spotify web-player queryArtistOverview,undocumented read-only web-client endpoint,2U6J9Q89i1TNhesKreFD65,Q115816501,piri & tommy,piri & tommy,,,dance troupe|musical duo,United Kingdom,,,,,True,accepted_exact_name,True,True,eligible_group_or_duo,True,False
Alestorm [3OpqU68JpZlzvjAJj3B2Da],,3OpqU68JpZlzvjAJj3B2Da,Alestorm,684120,746082,0,2026-07-18T20:45:22.974241+00:00,Spotify web-player queryArtistOverview,undocumented read-only web-client endpoint,3OpqU68JpZlzvjAJj3B2Da,Q758934,Alestorm,Alestorm,Q203000,Perth,musical group,United Kingdom,,,,,True,accepted_exact_name,True,True,eligible_group_or_duo,True,False
Feeder [0ZZr6Y49NZWRJc0uCwqpMR],,0ZZr6Y49NZWRJc0uCwqpMR,Feeder,679131,262471,0,2026-07-18T20:45:22.974241+00:00,Spotify web-player queryArtistOverview,undocumented read-only web-client endpoint,0ZZr6Y49NZWRJc0uCwqpMR,Q1049555,Feeder,Feeder,Q101254,Newport,musical group,United Kingdom,,,,,True,accepted_exact_name,True,True,eligible_group_or_duo,True,False
Dusky [5gqoUf9vKKv96b1c0GBKwu],,5gqoUf9vKKv96b1c0GBKwu,Dusky,666537,133667,0,2026-07-18T20:45:22.974241+00:00,Spotify web-player queryArtistOverview,undocumented read-only web-client endpoint,5gqoUf9vKKv96b1c0GBKwu,Q16249370,Dusky,Dusky,,,musical group,United Kingdom,,,,,True,accepted_exact_name,True,True,eligible_group_or_duo,True,False
Easy Life [7uwY65fDg3FVJ8MkJ5QuZK],,7uwY65fDg3FVJ8MkJ5QuZK,hard life,664952,342751,0,2026-07-18T20:45:22.974241+00:00,Spotify web-player queryArtistOverview,undocumented read-only web-client endpoint,7uwY65fDg3FVJ8MkJ5QuZK,Q85684673,Easy Life,Easy Life,,,musical group,United Kingdom,,,,,False,rejected_name_mismatch,False,True,eligible_group_or_duo,True,False
Uriah Heep [45O9BwPMyywM755SYUK0sP],,45O9BwPMyywM755SYUK0sP,Uriah Heep,659174,860808,0,2026-07-18T20:45:22.974241+00:00,Spotify web-player queryArtistOverview,undocumented read-only web-client endpoint,45O9BwPMyywM755SYUK0sP,Q108666,Uriah Heep,Uriah Heep,Q84,London,rock band,United Kingdom,,,,,True,accepted_exact_name,True,True,eligible_group_or_duo,True,False
The Longest Johns [5k979N1TnPncUyqlXlaRSv],,5k979N1TnPncUyqlXlaRSv,The Longest Johns,653167,272973,0,2026-07-18T20:45:22.974241+00:00,Spotify web-player queryArtistOverview,undocumented read-only web-client endpoint,5k979N1TnPncUyqlXlaRSv,Q104759060,The Longest Johns,The Longest Johns,Q23154,Bristol,musical group,United Kingdom,,,,,True,accepted_exact_name,True,True,eligible_group_or_duo,True,False
Happy Mondays [339DNkQkuhHKEcHw6oK8f0],,339DNkQkuhHKEcHw6oK8f0,Happy Mondays,652616,462546,0,2026-07-18T20:45:22.974241+00:00,Spotify web-player queryArtistOverview,undocumented read-only web-client endpoint,339DNkQkuhHKEcHw6oK8f0,Q1141495,Happy Mondays,Happy Mondays,Q6650377,Little Hulton,musical group,United Kingdom,,,,,True,accepted_exact_name,True,True,eligible_group_or_duo,True,False
Gunship [3PALZKWkpwjRvBsRmhlVSS],,3PALZKWkpwjRvBsRmhlVSS,Gunship,646183,298392,0,2026-07-18T20:45:22.974241+00:00,Spotify web-player queryArtistOverview,undocumented read-only web-client endpoint,3PALZKWkpwjRvBsRmhlVSS,Q28146294,Gunship,Gunship,,,musical group,United Kingdom,,,,,True,accepted_exact_name,True,True,eligible_group_or_duo,True,False
Magoo [7pv3MRGkgkXa9Qn8sMctxT],,7pv3MRGkgkXa9Qn8sMctxT,Magoo,639865,22094,0,2026-07-18T20:45:22.974241+00:00,Spotify web-player queryArtistOverview,undocumented read-only web-client endpoint,7pv3MRGkgkXa9Qn8sMctxT,Q6732352,Magoo,Magoo,Q23109,Norfolk,musical group,United Kingdom,,,,,True,accepted_exact_name,True,True,eligible_group_or_duo,True,False
Buzzcocks [2DxlS3lTLFIq70S7ap5H3y],,2DxlS3lTLFIq70S7ap5H3y,Buzzcocks,638182,490422,0,2026-07-18T20:45:22.974241+00:00,Spotify web-player queryArtistOverview,undocumented read-only web-client endpoint,2DxlS3lTLFIq70S7ap5H3y,Q939329,Buzzcocks,Buzzcocks,Q184579,Bolton,musical group,United Kingdom,,,,,True,accepted_exact_name,True,True,eligible_group_or_duo,True,False
Arctic Lake [0IEPb9ily3E5IAYMSkwtQ6],,0IEPb9ily3E5IAYMSkwtQ6,Arctic Lake,637713,65681,0,2026-07-18T20:45:22.974241+00:00,Spotify web-player queryArtistOverview,undocumented read-only web-client endpoint,0IEPb9ily3E5IAYMSkwtQ6,Q93890774,Arctic Lake,Arctic Lake,,,musical group,United Kingdom,,,,,True,accepted_exact_name,True,True,eligible_group_or_duo,True,False
Ladytron [0ucLPotcQNI7AViFytdhBz],,0ucLPotcQNI7AViFytdhBz,Ladytron,637497,333134,0,2026-07-18T20:45:22.974241+00:00,Spotify web-player queryArtistOverview,undocumented read-only web-client endpoint,0ucLPotcQNI7AViFytdhBz,Q831841,Ladytron,Ladytron,Q24826,Liverpool,musical group,United Kingdom,,,,,True,accepted_exact_name,True,True,eligible_group_or_duo,True,False
Tin Tin Out [1a5l3fWnzmaK7gDD2IkbHq],,1a5l3fWnzmaK7gDD2IkbHq,Tin Tin Out,633305,5681,0,2026-07-18T20:45:22.974241+00:00,Spotify web-player queryArtistOverview,undocumented read-only web-client endpoint,1a5l3fWnzmaK7gDD2IkbHq,Q1749463,Tin Tin Out,Tin Tin Out,,,musical group,United Kingdom,,,,,True,accepted_exact_name,True,True,eligible_group_or_duo,True,False
Delta Heavy [7GvVTb8yFV0ZrdI30Qce6T],,7GvVTb8yFV0ZrdI30Qce6T,Delta Heavy,632637,190365,0,2026-07-18T20:45:22.974241+00:00,Spotify web-player queryArtistOverview,undocumented read-only web-client endpoint,7GvVTb8yFV0ZrdI30Qce6T,Q16864855,Delta Heavy,Delta Heavy,,,musical duo,United Kingdom,,,,,True,accepted_exact_name,True,True,eligible_group_or_duo,True,False
The Style Council [3loflELg7MzgrOyNqERolN],,3loflELg7MzgrOyNqERolN,The Style Council,626814,368853,0,2026-07-18T20:45:22.974241+00:00,Spotify web-player queryArtistOverview,undocumented read-only web-client endpoint,3loflELg7MzgrOyNqERolN,Q676522,The Style Council,The Style Council,Q84,London,musical group,United Kingdom,,,,,True,accepted_exact_name,True,True,eligible_group_or_duo,True,False
Big Country [1h8YIw9HLr6E8gdXVDRbVJ],,1h8YIw9HLr6E8gdXVDRbVJ,Big Country,622663,271022,0,2026-07-18T20:45:22.974241+00:00,Spotify web-player queryArtistOverview,undocumented read-only web-client endpoint,1h8YIw9HLr6E8gdXVDRbVJ,Q858738,Big Country,Big Country,Q211950,Dunfermline,musical group,United Kingdom,,,,,True,accepted_exact_name,True,True,eligible_group_or_duo,True,False
New Hope Club [2WuKU0SYZOQyY3MmE4vtez],,2WuKU0SYZOQyY3MmE4vtez,New Hope Club,617401,986109,0,2026-07-18T20:45:22.974241+00:00,Spotify web-player queryArtistOverview,undocumented read-only web-client endpoint,2WuKU0SYZOQyY3MmE4vtez,Q28677824,New Hope Club,New Hope Club,Q18125,Manchester,musical group,United Kingdom,,,,,True,accepted_exact_name,True,True,eligible_group_or_duo,True,False
Lovejoy [33tFkBLsl6f8TjKkV0uF0C],,33tFkBLsl6f8TjKkV0uF0C,Lovejoy,617221,1099469,0,2026-07-18T20:45:22.974241+00:00,Spotify web-player queryArtistOverview,undocumented read-only web-client endpoint,33tFkBLsl6f8TjKkV0uF0C,Q109558113,Lovejoy,Lovejoy,,,musical group,United Kingdom,,,,,True,accepted_exact_name,True,True,eligible_group_or_duo,True,False
Deacon Blue [5jqKIZLB5WA5KquEihB3ND],,5jqKIZLB5WA5KquEihB3ND,Deacon Blue,612759,256096,0,2026-07-18T20:45:22.974241+00:00,Spotify web-player queryArtistOverview,undocumented read-only web-client endpoint,5jqKIZLB5WA5KquEihB3ND,Q1180767,Deacon Blue,Deacon Blue,Q4093,Glasgow,musical group,United Kingdom,,,,,True,accepted_exact_name,True,True,eligible_group_or_duo,True,False
Slade [10n5lhNDoSMUHWLlnST1yw],,10n5lhNDoSMUHWLlnST1yw,Slade,612385,473230,0,2026-07-18T20:45:22.974241+00:00,Spotify web-player queryArtistOverview,undocumented read-only web-client endpoint,10n5lhNDoSMUHWLlnST1yw,Q156872,Slade,Slade,Q126269,Wolverhampton,musical group,United Kingdom,,,,,True,accepted_exact_name,True,True,eligible_group_or_duo,True,False
Freemasons [49H2dQUNhIlso7VNkS8nFR],,49H2dQUNhIlso7VNkS8nFR,Freemasons,607845,65062,0,2026-07-18T20:45:22.974241+00:00,Spotify web-player queryArtistOverview,undocumented read-only web-client endpoint,49H2dQUNhIlso7VNkS8nFR,Q1453598,Freemasons,Freemasons,Q131491,Brighton,musical duo,United Kingdom,,,,,True,accepted_exact_name,True,True,eligible_group_or_duo,True,False
Ocean Colour Scene [5vIOGcdmx1eIkq3ZtuS12U],,5vIOGcdmx1eIkq3ZtuS12U,Ocean Colour Scene,606956,454701,0,2026-07-18T20:45:22.974241+00:00,Spotify web-player queryArtistOverview,undocumented read-only web-client endpoint,5vIOGcdmx1eIkq3ZtuS12U,Q1332158,Ocean Colour Scene,Ocean Colour Scene,Q2256,Birmingham,rock band,United Kingdom,,,,,True,accepted_exact_name,True,True,eligible_group_or_duo,True,False
Aquilo [26GHRG8x1F4AzbCKzUaIbw],,26GHRG8x1F4AzbCKzUaIbw,Aquilo,602693,328001,0,2026-07-18T20:45:22.974241+00:00,Spotify web-player queryArtistOverview,undocumented read-only web-client endpoint,26GHRG8x1F4AzbCKzUaIbw,Q17279149,Aquilo,Aquilo,,,musical group,United Kingdom,,,,,True,accepted_exact_name,True,True,eligible_group_or_duo,True,False
Fiction Factory [6T6T5RCps6bHzTSDq8pyFj],,6T6T5RCps6bHzTSDq8pyFj,Fiction Factory,601160,34517,0,2026-07-18T20:45:22.974241+00:00,Spotify web-player queryArtistOverview,undocumented read-only web-client endpoint,6T6T5RCps6bHzTSDq8pyFj,Q664789,Fiction Factory,Fiction Factory,Q203000,Perth,musical group,United Kingdom,,,,,True,accepted_exact_name,True,True,eligible_group_or_duo,True,False
Mount Kimbie [3NUtpWpGDoffm3RCGhSHtl],,3NUtpWpGDoffm3RCGhSHtl,Mount Kimbie,601000,362804,0,2026-07-18T20:45:22.974241+00:00,Spotify web-player queryArtistOverview,undocumented read-only web-client endpoint,3NUtpWpGDoffm3RCGhSHtl,Q1359424,Mount Kimbie,Mount Kimbie,,,musical group,United Kingdom,,,,,True,accepted_exact_name,True,True,eligible_group_or_duo,True,False
Them [5BaHqGtf6UAZnHfqdPaTDA],,5BaHqGtf6UAZnHfqdPaTDA,Them,598923,155177,0,2026-07-18T20:45:22.974241+00:00,Spotify web-player queryArtistOverview,undocumented read-only web-client endpoint,5BaHqGtf6UAZnHfqdPaTDA,Q1338638,Them,Them,Q10686,Belfast,musical group,Northern Ireland,,,,,True,accepted_exact_name,True,True,eligible_group_or_duo,True,False
Unkle [2nszamLjZFgu3Yx77mKxuC],,2nszamLjZFgu3Yx77mKxuC,UNKLE,596520,420500,0,2026-07-18T20:45:22.974241+00:00,Spotify web-player queryArtistOverview,undocumented read-only web-client endpoint,2nszamLjZFgu3Yx77mKxuC,Q2032426,Unkle,Unkle,Q84,London,musical group,United Kingdom,,,,,True,accepted_exact_name,True,True,eligible_group_or_duo,True,False
LMC [69QKcDt724e93ZYkBSjsYP],,69QKcDt724e93ZYkBSjsYP,LMC,593636,10262,0,2026-07-18T20:45:22.974241+00:00,Spotify web-player queryArtistOverview,undocumented read-only web-client endpoint,69QKcDt724e93ZYkBSjsYP,Q514541,LMC,LMC,,,musical group,United Kingdom,,,,,True,accepted_exact_name,True,True,eligible_group_or_duo,True,False
JLS [5xi3SZpllRPAkoPVbjB6nc],,5xi3SZpllRPAkoPVbjB6nc,JLS,591899,520107,0,2026-07-18T20:45:22.974241+00:00,Spotify web-player queryArtistOverview,undocumented read-only web-client endpoint,5xi3SZpllRPAkoPVbjB6nc,Q1165439,JLS,JLS,Q84,London,boy band|musical group,United Kingdom,,,,,True,accepted_exact_name,True,True,eligible_group_or_duo,True,False
The Heritage Orchestra [6r2opkx0McCgqlKKiTxGKx],,6r2opkx0McCgqlKKiTxGKx,The Heritage Orchestra,589852,16146,0,2026-07-18T20:45:22.974241+00:00,Spotify web-player queryArtistOverview,undocumented read-only web-client endpoint,6r2opkx0McCgqlKKiTxGKx,Q1610031,The Heritage Orchestra,The Heritage Orchestra,,,orchestra,United Kingdom,,,,,True,accepted_exact_name,True,False,excluded_orchestra,True,False
Peppa Pig [2gJLanGIV9JqQuKBCWy9ZG],,2gJLanGIV9JqQuKBCWy9ZG,Peppa Pig,585566,199475,0,2026-07-18T20:45:22.974241+00:00,Spotify web-player queryArtistOverview,undocumented read-only web-client endpoint,2gJLanGIV9JqQuKBCWy9ZG,Q938985,Peppa Pig,Peppa Pig,,,animated television series,United Kingdom,,,,,True,accepted_exact_name,True,True,eligible_group_or_duo,True,False
Don Broco [1aOt6LvXOV6I8dv1A5Diia],,1aOt6LvXOV6I8dv1A5Diia,DON BROCO,584790,285868,0,2026-07-18T20:45:22.974241+00:00,Spotify web-player queryArtistOverview,undocumented read-only web-client endpoint,1aOt6LvXOV6I8dv1A5Diia,Q5292322,Don Broco,Don Broco,Q208257,Bedford,musical group,United Kingdom,,,,,True,accepted_exact_name,True,True,eligible_group_or_duo,True,False
Steve Harley & Cockney Rebel [6EL5GD53kaaVgJCHgdtdLz],,6EL5GD53kaaVgJCHgdtdLz,Steve Harley & Cockney Rebel,584745,66094,0,2026-07-18T20:45:22.974241+00:00,Spotify web-player queryArtistOverview,undocumented read-only web-client endpoint,6EL5GD53kaaVgJCHgdtdLz,Q1431236,Steve Harley & Cockney Rebel,Steve Harley & Cockney Rebel,Q84,London,musical group,United Kingdom,,,,,True,accepted_exact_name,True,True,eligible_group_or_duo,True,False
Sweet Female Attitude [1054JdBVMCPm9VpvkUcOYX],,1054JdBVMCPm9VpvkUcOYX,Sweet Female Attitude,582178,31030,0,2026-07-18T20:45:22.974241+00:00,Spotify web-player queryArtistOverview,undocumented read-only web-client endpoint,1054JdBVMCPm9VpvkUcOYX,Q1377724,Sweet Female Attitude,Sweet Female Attitude,Q18125,Manchester,musical duo,United Kingdom,,,,,True,accepted_exact_name,True,True,eligible_group_or_duo,True,False
The Fixx [53RkHTcl0SJZjpzqogkBf4],,53RkHTcl0SJZjpzqogkBf4,The Fixx,569663,284550,0,2026-07-18T20:45:22.974241+00:00,Spotify web-player queryArtistOverview,undocumented read-only web-client endpoint,53RkHTcl0SJZjpzqogkBf4,Q1460975,The Fixx,The Fixx,Q84,London,musical group,United Kingdom,,,,,True,accepted_exact_name,True,True,eligible_group_or_duo,True,False
N-Dubz [52Syw7gkGRePCAYvEY2X9D],,52Syw7gkGRePCAYvEY2X9D,N-Dubz,569050,307419,0,2026-07-18T20:45:22.974241+00:00,Spotify web-player queryArtistOverview,undocumented read-only web-client endpoint,52Syw7gkGRePCAYvEY2X9D,Q1140107,N-Dubz,N-Dubz,Q84,London,musical group,United Kingdom,,,,,True,accepted_exact_name,True,True,eligible_group_or_duo,True,False
Aztec Camera [7sbwBqdkynNUDgiWU3TQ5J],,7sbwBqdkynNUDgiWU3TQ5J,Aztec Camera,568826,155418,0,2026-07-18T20:45:22.974241+00:00,Spotify web-player queryArtistOverview,undocumented read-only web-client endpoint,7sbwBqdkynNUDgiWU3TQ5J,Q794148,Aztec Camera,Aztec Camera,Q654226,East Kilbride,musical group,United Kingdom,,,,,True,accepted_exact_name,True,True,eligible_group_or_duo,True,False
Bones [16kd5X3pBMOtXdLlX5LcAw],,16kd5X3pBMOtXdLlX5LcAw,BONES UK,568133,106452,0,2026-07-18T20:45:22.974241+00:00,Spotify web-player queryArtistOverview,undocumented read-only web-client endpoint,16kd5X3pBMOtXdLlX5LcAw,Q28340958,Bones,Bones,,,musical group,United Kingdom,,,,,False,rejected_name_mismatch,False,True,eligible_group_or_duo,True,False
The Undertones [2WRStKp4ihGVUzlzWfv1Qt],,2WRStKp4ihGVUzlzWfv1Qt,The Undertones,562915,274928,0,2026-07-18T20:45:22.974241+00:00,Spotify web-player queryArtistOverview,undocumented read-only web-client endpoint,2WRStKp4ihGVUzlzWfv1Qt,Q1501348,The Undertones,The Undertones,Q163584,Derry,musical group,Northern Ireland,,,,,True,accepted_exact_name,True,True,eligible_group_or_duo,True,False
Binary Finary [5suoHSdDiYsjikHNVdYYKe],,5suoHSdDiYsjikHNVdYYKe,Binary Finary,556404,45535,0,2026-07-18T20:45:22.974241+00:00,Spotify web-player queryArtistOverview,undocumented read-only web-client endpoint,5suoHSdDiYsjikHNVdYYKe,Q863504,Binary Finary,Binary Finary,,,musical group,United Kingdom,,,,,True,accepted_exact_name,True,True,eligible_group_or_duo,True,False
Greazy Puzzy Fuckerz [4OoHneMX97SjUXKWgsyrP4],,4OoHneMX97SjUXKWgsyrP4,GPF,547879,111016,0,2026-07-18T20:45:22.974241+00:00,Spotify web-player queryArtistOverview,undocumented read-only web-client endpoint,4OoHneMX97SjUXKWgsyrP4,Q100414305,Greazy Puzzy Fuckerz,Greazy Puzzy Fuckerz,,,musical group,Scotland,,,,,False,rejected_name_mismatch,False,True,eligible_group_or_duo,True,False
The Marmalade [1tttI1iC4FsS6BM5l38oe5],,1tttI1iC4FsS6BM5l38oe5,Marmalade,545335,89242,0,2026-07-18T20:45:22.974241+00:00,Spotify web-player queryArtistOverview,undocumented read-only web-client endpoint,1tttI1iC4FsS6BM5l38oe5,Q1281029,The Marmalade,The Marmalade,Q4093,Glasgow,musical group,United Kingdom,,,,,False,rejected_name_mismatch,False,True,eligible_group_or_duo,True,False
Climax Blues Band [4eeRviM714mXXeILmKHxh2],,4eeRviM714mXXeILmKHxh2,Climax Blues Band,545160,127118,0,2026-07-18T20:45:22.974241+00:00,Spotify web-player queryArtistOverview,undocumented read-only web-client endpoint,4eeRviM714mXXeILmKHxh2,Q490339,Climax Blues Band,Climax Blues Band,Q826782,Stafford,musical group,United Kingdom,,,,,True,accepted_exact_name,True,True,eligible_group_or_duo,True,False
The Yardbirds [2lxX1ivRYp26soIavdG9bX],,2lxX1ivRYp26soIavdG9bX,The Yardbirds,543254,1006505,0,2026-07-18T20:45:22.974241+00:00,Spotify web-player queryArtistOverview,undocumented read-only web-client endpoint,2lxX1ivRYp26soIavdG9bX,Q192725,The Yardbirds,The Yardbirds,Q84,London,musical group,United Kingdom,,,,,True,accepted_exact_name,True,True,eligible_group_or_duo,True,False
Stereolab [3Rj0tDHoX7C5NFq5DKIpHt],,3Rj0tDHoX7C5NFq5DKIpHt,Stereolab,542759,428315,0,2026-07-18T20:45:22.974241+00:00,Spotify web-player queryArtistOverview,undocumented read-only web-client endpoint,3Rj0tDHoX7C5NFq5DKIpHt,Q334652,Stereolab,Stereolab,Q84,London,musical group,United Kingdom,,,,,True,accepted_exact_name,True,True,eligible_group_or_duo,True,False
The Staves [5G49Sq5mMzAkGL4ZP6eVPY],,5G49Sq5mMzAkGL4ZP6eVPY,The Staves,540680,235928,0,2026-07-18T20:45:22.974241+00:00,Spotify web-player queryArtistOverview,undocumented read-only web-client endpoint,5G49Sq5mMzAkGL4ZP6eVPY,Q7766423,The Staves,The Staves,Q2598,Watford,musical group,United Kingdom,,,,,True,accepted_exact_name,True,True,eligible_group_or_duo,True,False
Killing Joke [0Zy4ncr8h1jd7Nzr9946fD],,0Zy4ncr8h1jd7Nzr9946fD,Killing Joke,538563,397648,0,2026-07-18T20:45:22.974241+00:00,Spotify web-player queryArtistOverview,undocumented read-only web-client endpoint,0Zy4ncr8h1jd7Nzr9946fD,Q250421,Killing Joke,Killing Joke,Q215354,Notting Hill,rock band,United Kingdom,,,,,True,accepted_exact_name,True,True,eligible_group_or_duo,True,False
Doves [0LVrQUinPUBFvVD5pLqmWY],,0LVrQUinPUBFvVD5pLqmWY,Doves,533297,299777,0,2026-07-18T20:45:22.974241+00:00,Spotify web-player queryArtistOverview,undocumented read-only web-client endpoint,0LVrQUinPUBFvVD5pLqmWY,Q126128,Doves,Doves,Q2011497,Wilmslow,musical group,United Kingdom,,,,,True,accepted_exact_name,True,True,eligible_group_or_duo,True,False
BBC Symphony Orchestra [23BiSNXm5UaRFuusoWisYO],,23BiSNXm5UaRFuusoWisYO,BBC Symphony Orchestra,532247,48200,0,2026-07-18T20:45:22.974241+00:00,Spotify web-player queryArtistOverview,undocumented read-only web-client endpoint,23BiSNXm5UaRFuusoWisYO,Q795630,BBC Symphony Orchestra,BBC Symphony Orchestra,Q21,England,orchestra,United Kingdom,,,,,True,accepted_exact_name,True,False,excluded_orchestra,True,False
Precious [0ZhPS80sMbmVgzOkMPKNpn],,0ZhPS80sMbmVgzOkMPKNpn,Precious,530748,9402,0,2026-07-18T20:45:22.974241+00:00,Spotify web-player queryArtistOverview,undocumented read-only web-client endpoint,0ZhPS80sMbmVgzOkMPKNpn,Q2094985,Precious,Precious,Q145,United Kingdom,musical group,United Kingdom,,,,,True,accepted_exact_name,True,True,eligible_group_or_duo,True,False
Blind Faith [5GUVj2b1lJ4DolQyHlzyaO],,5GUVj2b1lJ4DolQyHlzyaO,Blind Faith,529325,474336,0,2026-07-18T20:45:22.974241+00:00,Spotify web-player queryArtistOverview,undocumented read-only web-client endpoint,5GUVj2b1lJ4DolQyHlzyaO,Q548656,Blind Faith,Blind Faith,Q2337139,Ripley,musical group,United Kingdom,,,,,True,accepted_exact_name,True,True,eligible_group_or_duo,True,False
T'Pau [47qTcvYlqJGAEsCI7BcENC],,47qTcvYlqJGAEsCI7BcENC,T'Pau,525174,223072,0,2026-07-18T20:45:22.974241+00:00,Spotify web-player queryArtistOverview,undocumented read-only web-client endpoint,47qTcvYlqJGAEsCI7BcENC,Q398101,T'Pau,T'Pau,Q23103,Shropshire,musical group,United Kingdom,,,,,True,accepted_exact_name,True,True,eligible_group_or_duo,True,False
Porcupine Tree [5NXHXK6hOCotCF8lvGM1I0],,5NXHXK6hOCotCF8lvGM1I0,Porcupine Tree,514183,808818,0,2026-07-18T20:45:22.974241+00:00,Spotify web-player queryArtistOverview,undocumented read-only web-client endpoint,5NXHXK6hOCotCF8lvGM1I0,Q213923,Porcupine Tree,Porcupine Tree,Q3532,Hemel Hempstead,musical group,United Kingdom,,,,,True,accepted_exact_name,True,True,eligible_group_or_duo,True,False
London Sinfonietta [68kuKZp7yrgzZpoh5m6dWA],,68kuKZp7yrgzZpoh5m6dWA,London Sinfonietta,511109,9271,0,2026-07-18T20:45:22.974241+00:00,Spotify web-player queryArtistOverview,undocumented read-only web-client endpoint,68kuKZp7yrgzZpoh5m6dWA,Q775490,London Sinfonietta,London Sinfonietta,,,sinfonietta,United Kingdom,,,,,True,accepted_exact_name,True,True,eligible_group_or_duo,True,False
Hard-Fi [14Gi3Uph96lpNB3utkoVAD],,14Gi3Uph96lpNB3utkoVAD,Hard-Fi,508027,200592,0,2026-07-18T20:45:22.974241+00:00,Spotify web-player queryArtistOverview,undocumented read-only web-client endpoint,14Gi3Uph96lpNB3utkoVAD,Q1123510,Hard-Fi,Hard-Fi,Q285323,Staines-upon-Thames,musical group,United Kingdom,,,,,True,accepted_exact_name,True,True,eligible_group_or_duo,True,False
Los Campesinos! [6FlOCziOXI157pvUREAh3E],,6FlOCziOXI157pvUREAh3E,Los Campesinos!,507510,209086,0,2026-07-18T20:45:22.974241+00:00,Spotify web-player queryArtistOverview,undocumented read-only web-client endpoint,6FlOCziOXI157pvUREAh3E,Q1856023,Los Campesinos!,Los Campesinos!,Q10690,Cardiff,musical group,United Kingdom,,,,,True,accepted_exact_name,True,True,eligible_group_or_duo,True,False
The Hunna [7jZycSvTyx0W9poD4PjEIG],,7jZycSvTyx0W9poD4PjEIG,The Hunna,506302,268983,0,2026-07-18T20:45:22.974241+00:00,Spotify web-player queryArtistOverview,undocumented read-only web-client endpoint,7jZycSvTyx0W9poD4PjEIG,Q27792569,The Hunna,The Hunna,Q2598,Watford,musical group,England,,,,,True,accepted_exact_name,True,True,eligible_group_or_duo,True,False
Art of Noise [77zrvBORXcnTyysjjKRfBU],,77zrvBORXcnTyysjjKRfBU,The Art Of Noise,506277,199618,0,2026-07-18T20:45:22.974241+00:00,Spotify web-player queryArtistOverview,undocumented read-only web-client endpoint,77zrvBORXcnTyysjjKRfBU,Q502967,Art of Noise,Art of Noise,,,musical group,United Kingdom,,,,,False,rejected_name_mismatch,False,True,eligible_group_or_duo,True,False
Swing Out Sister [4phr5rAgWhcZtWJu8w8lKv],,4phr5rAgWhcZtWJu8w8lKv,Swing Out Sister,502370,183037,0,2026-07-18T20:45:22.974241+00:00,Spotify web-player queryArtistOverview,undocumented read-only web-client endpoint,4phr5rAgWhcZtWJu8w8lKv,Q955863,Swing Out Sister,Swing Out Sister,Q18125,Manchester,musical duo,United Kingdom,,,,,True,accepted_exact_name,True,True,eligible_group_or_duo,True,False
The English Concert [2Oz3z7PPQUMU2KNYgcO1sA],,2Oz3z7PPQUMU2KNYgcO1sA,The English Concert,500270,26984,0,2026-07-18T20:45:22.974241+00:00,Spotify web-player queryArtistOverview,undocumented read-only web-client endpoint,2Oz3z7PPQUMU2KNYgcO1sA,Q926326,The English Concert,The English Concert,,,chamber orchestra,United Kingdom,,,,,True,accepted_exact_name,True,False,excluded_orchestra,True,False
Bay City Rollers [3r9TXuXfOUxXjgYgAR0fP8],,3r9TXuXfOUxXjgYgAR0fP8,Bay City Rollers,499865,225644,0,2026-07-18T20:45:22.974241+00:00,Spotify web-player queryArtistOverview,undocumented read-only web-client endpoint,3r9TXuXfOUxXjgYgAR0fP8,Q812073,Bay City Rollers,Bay City Rollers,Q23436,Edinburgh,musical group,Scotland,,,,,True,accepted_exact_name,True,True,eligible_group_or_duo,True,False
The Charlatans [5fScAXreYFnuqwOgBsJgSd],,5fScAXreYFnuqwOgBsJgSd,The Charlatans,498770,412618,0,2026-07-18T20:45:22.974241+00:00,Spotify web-player queryArtistOverview,undocumented read-only web-client endpoint,5fScAXreYFnuqwOgBsJgSd,Q1542958,The Charlatans,The Charlatans,Q23124,West Midlands,musical group,United Kingdom,,,,,True,accepted_exact_name,True,True,eligible_group_or_duo,True,False
Bury Tomorrow [6BD4lgmnh4vy6kkCaZRDWt],,6BD4lgmnh4vy6kkCaZRDWt,Bury Tomorrow,497979,357588,0,2026-07-18T20:45:22.974241+00:00,Spotify web-player queryArtistOverview,undocumented read-only web-client endpoint,6BD4lgmnh4vy6kkCaZRDWt,Q1017202,Bury Tomorrow,Bury Tomorrow,Q79848,Southampton,musical group,United Kingdom,,,,,True,accepted_exact_name,True,True,eligible_group_or_duo,True,False
Olive [0r2TmTSwK6XAhAxNxTDOb4],,0r2TmTSwK6XAhAxNxTDOb4,Olive,491693,31488,0,2026-07-18T20:45:22.974241+00:00,Spotify web-player queryArtistOverview,undocumented read-only web-client endpoint,0r2TmTSwK6XAhAxNxTDOb4,Q2019953,Olive,Olive,Q84,London,musical group,United Kingdom,,,,,True,accepted_exact_name,True,True,eligible_group_or_duo,True,False
K-Klass [4O1s9iVG46lSn1mD9ek1ES],,4O1s9iVG46lSn1mD9ek1ES,K-Klass,486338,26378,0,2026-07-18T20:45:22.974241+00:00,Spotify web-player queryArtistOverview,undocumented read-only web-client endpoint,4O1s9iVG46lSn1mD9ek1ES,Q10313519,K-Klass,K-Klass,,,musical group,England|Wales,,,,,True,accepted_exact_name,True,True,eligible_group_or_duo,True,False
Cradle of Filth [0NTSMFFapnyZfvmCwzcYPd],,0NTSMFFapnyZfvmCwzcYPd,Cradle Of Filth,484589,676119,0,2026-07-18T20:45:22.974241+00:00,Spotify web-player queryArtistOverview,undocumented read-only web-client endpoint,0NTSMFFapnyZfvmCwzcYPd,Q487479,Cradle of Filth,Cradle of Filth,Q23111,Suffolk,musical group,United Kingdom,,,,,True,accepted_exact_name,True,True,eligible_group_or_duo,True,False
The Beat [1eVEVL20zNLcGrPDOR691N],,1eVEVL20zNLcGrPDOR691N,The English Beat,483379,170891,0,2026-07-18T20:45:22.974241+00:00,Spotify web-player queryArtistOverview,undocumented read-only web-client endpoint,1eVEVL20zNLcGrPDOR691N,Q2165980,The Beat,The Beat,Q2256,Birmingham,musical group|ska band,United Kingdom,,,,,False,rejected_name_mismatch,False,True,eligible_group_or_duo,True,False
December 10 [3QvfzWcCo67s7bhOYEz5Tr],,3QvfzWcCo67s7bhOYEz5Tr,December 10,474904,104735,0,2026-07-18T20:45:22.974241+00:00,Spotify web-player queryArtistOverview,undocumented read-only web-client endpoint,3QvfzWcCo67s7bhOYEz5Tr,Q137673339,December 10,December 10,,,musical group,United Kingdom,,,,,True,accepted_exact_name,True,True,eligible_group_or_duo,True,False
TENDER [1I9HNoVK6kOQGVZfulXVnm],,1I9HNoVK6kOQGVZfulXVnm,TENDER,469691,164082,0,2026-07-18T20:45:22.974241+00:00,Spotify web-player queryArtistOverview,undocumented read-only web-client endpoint,1I9HNoVK6kOQGVZfulXVnm,Q60751165,TENDER,TENDER,,,musical group,United Kingdom,,,,,True,accepted_exact_name,True,True,eligible_group_or_duo,True,False
Gang of Four [3AmWjMXXtBJOmNGpUFSOAl],,3AmWjMXXtBJOmNGpUFSOAl,Gang Of Four,469462,292732,0,2026-07-18T20:45:22.974241+00:00,Spotify web-player queryArtistOverview,undocumented read-only web-client endpoint,3AmWjMXXtBJOmNGpUFSOAl,Q1130624,Gang of Four,Gang of Four,Q39121,Leeds,musical group,United Kingdom,,,,,True,accepted_exact_name,True,True,eligible_group_or_duo,True,False
The Subways [4BntNFyiN3VGG4hhRRZt9d],,4BntNFyiN3VGG4hhRRZt9d,The Subways,467832,220739,0,2026-07-18T20:45:22.974241+00:00,Spotify web-player queryArtistOverview,undocumented read-only web-client endpoint,4BntNFyiN3VGG4hhRRZt9d,Q1470472,The Subways,The Subways,Q19789,Welwyn Garden City,musical group,United Kingdom,,,,,True,accepted_exact_name,True,True,eligible_group_or_duo,True,False
The Big Push [4AOiNpcmfXTiWDB3uFszgn],,4AOiNpcmfXTiWDB3uFszgn,The Big Push,466052,233766,0,2026-07-18T20:45:22.974241+00:00,Spotify web-player queryArtistOverview,undocumented read-only web-client endpoint,4AOiNpcmfXTiWDB3uFszgn,Q135854861,The Big Push,The Big Push,Q131491,Brighton,musical group,United Kingdom,,,,,True,accepted_exact_name,True,True,eligible_group_or_duo,True,False
Wargasm [1NRudBLaT84LXxfsYdFMhB],,1NRudBLaT84LXxfsYdFMhB,WARGASM (UK),465557,153921,0,2026-07-18T20:45:22.974241+00:00,Spotify web-player queryArtistOverview,undocumented read-only web-client endpoint,1NRudBLaT84LXxfsYdFMhB,Q108696271,Wargasm,Wargasm,,,musical group,United Kingdom,,,,,False,rejected_name_mismatch,False,True,eligible_group_or_duo,True,False
The Shadows [03hfAxVdAWj7kxDnSG0fLD],,03hfAxVdAWj7kxDnSG0fLD,The Shadows,463312,265554,0,2026-07-18T20:45:22.974241+00:00,Spotify web-player queryArtistOverview,undocumented read-only web-client endpoint,03hfAxVdAWj7kxDnSG0fLD,Q212168,The Shadows,The Shadows,Q21,England,musical group,United Kingdom,,,,,True,accepted_exact_name,True,True,eligible_group_or_duo,True,False
Saxon [71vVmHeNgCVSa5SVmfvscU],,71vVmHeNgCVSa5SVmfvscU,Saxon,460256,685716,0,2026-07-18T20:45:22.974241+00:00,Spotify web-player queryArtistOverview,undocumented read-only web-client endpoint,71vVmHeNgCVSa5SVmfvscU,Q504090,Saxon,Saxon,Q54212,Barnsley,musical group,United Kingdom,,,,,True,accepted_exact_name,True,True,eligible_group_or_duo,True,False
The Damned [6VeL8VhaMjHTPc5uovFl3h],,6VeL8VhaMjHTPc5uovFl3h,The Damned,459791,442692,0,2026-07-18T20:45:22.974241+00:00,Spotify web-player queryArtistOverview,undocumented read-only web-client endpoint,6VeL8VhaMjHTPc5uovFl3h,Q940536,The Damned,The Damned,Q84,London,musical group,United Kingdom,,,,,True,accepted_exact_name,True,True,eligible_group_or_duo,True,False
Eternal [7zYGAXxAaq15C9eM29M8Fj],,7zYGAXxAaq15C9eM29M8Fj,Eternal,453940,128019,0,2026-07-18T20:45:22.974241+00:00,Spotify web-player queryArtistOverview,undocumented read-only web-client endpoint,7zYGAXxAaq15C9eM29M8Fj,Q540500,Eternal,Eternal,Q84,London,musical group,United Kingdom,,,,,True,accepted_exact_name,True,True,eligible_group_or_duo,True,False
Mott the Hoople [6ysQi6NI88X627t2srsWz6],,6ysQi6NI88X627t2srsWz6,Mott The Hoople,453631,262051,0,2026-07-18T20:45:22.974241+00:00,Spotify web-player queryArtistOverview,undocumented read-only web-client endpoint,6ysQi6NI88X627t2srsWz6,Q1126287,Mott the Hoople,Mott the Hoople,Q23129,Herefordshire,musical group,United Kingdom,,,,,True,accepted_exact_name,True,True,eligible_group_or_duo,True,False
Bleed From Within [5ZvwJikDgdP1PFU4PkAPVG],,5ZvwJikDgdP1PFU4PkAPVG,Bleed From Within,451660,289069,0,2026-07-18T20:45:22.974241+00:00,Spotify web-player queryArtistOverview,undocumented read-only web-client endpoint,5ZvwJikDgdP1PFU4PkAPVG,Q883441,Bleed From Within,Bleed From Within,Q4093,Glasgow,musical group,United Kingdom,,,,,True,accepted_exact_name,True,True,eligible_group_or_duo,True,False
X-Press 2 [1mlZXof4sEGLFspPzlQdFL],,1mlZXof4sEGLFspPzlQdFL,X-Press 2,450693,21792,0,2026-07-18T20:45:22.974241+00:00,Spotify web-player queryArtistOverview,undocumented read-only web-client endpoint,1mlZXof4sEGLFspPzlQdFL,Q8041505,X-Press 2,X-Press 2,Q84,London,musical group,United Kingdom,,,,,True,accepted_exact_name,True,True,eligible_group_or_duo,True,False
Band of Skulls [4ddt8PPvmWrI9mJQy1VrIG],,4ddt8PPvmWrI9mJQy1VrIG,Band Of Skulls,446823,272436,0,2026-07-18T20:45:22.974241+00:00,Spotify web-player queryArtistOverview,undocumented read-only web-client endpoint,4ddt8PPvmWrI9mJQy1VrIG,Q2413479,Band of Skulls,Band of Skulls,Q79848,Southampton,musical group,United Kingdom,,,,,True,accepted_exact_name,True,True,eligible_group_or_duo,True,False
The Hoosiers [4LlDtNr8qFwhrT8eL2wzH4],,4LlDtNr8qFwhrT8eL2wzH4,The Hoosiers,438135,219418,0,2026-07-18T20:45:22.974241+00:00,Spotify web-player queryArtistOverview,undocumented read-only web-client endpoint,4LlDtNr8qFwhrT8eL2wzH4,Q634158,The Hoosiers,The Hoosiers,Q783210,Bracknell,musical group,United Kingdom,,,,,True,accepted_exact_name,True,True,eligible_group_or_duo,True,False
Mungo's Hi Fi [0Ism1B2cF9NxpXAwdUCkxK],,0Ism1B2cF9NxpXAwdUCkxK,Mungo's Hi Fi,436483,140154,0,2026-07-18T20:45:22.974241+00:00,Spotify web-player queryArtistOverview,undocumented read-only web-client endpoint,0Ism1B2cF9NxpXAwdUCkxK,Q6936028,Mungo's Hi Fi,Mungo's Hi Fi,,,musical ensemble,United Kingdom,,,,,True,accepted_exact_name,True,True,eligible_group_or_duo,True,False
East 17 [6lOC7lwSO1ql4Gc2Y3QObY],,6lOC7lwSO1ql4Gc2Y3QObY,East 17,434704,135562,0,2026-07-18T20:45:22.974241+00:00,Spotify web-player queryArtistOverview,undocumented read-only web-client endpoint,6lOC7lwSO1ql4Gc2Y3QObY,Q1277715,East 17,East 17,Q2321784,Walthamstow,musical group,United Kingdom,,,,,True,accepted_exact_name,True,True,eligible_group_or_duo,True,False
Ash [2evydP72Z45DouM4uMGsIE],,2evydP72Z45DouM4uMGsIE,Ash,433333,204152,0,2026-07-18T20:45:22.974241+00:00,Spotify web-player queryArtistOverview,undocumented read-only web-client endpoint,2evydP72Z45DouM4uMGsIE,Q724582,Ash,Ash,Q1024917,Downpatrick,musical group,Northern Ireland,,,,,True,accepted_exact_name,True,True,eligible_group_or_duo,True,False
Soft Play [3xByNj8XW17oW0wsJhgzYL],,3xByNj8XW17oW0wsJhgzYL,SOFT PLAY,433170,288282,0,2026-07-18T20:45:22.974241+00:00,Spotify web-player queryArtistOverview,undocumented read-only web-client endpoint,3xByNj8XW17oW0wsJhgzYL,Q19604547,Soft Play,Soft Play,Q665489,Royal Tunbridge Wells,musical group,United Kingdom,,,,,True,accepted_exact_name,True,True,eligible_group_or_duo,True,False
Small Faces [1YqGsKpdixxSVgpfaL2AEQ],,1YqGsKpdixxSVgpfaL2AEQ,Small Faces,431362,358793,0,2026-07-18T20:45:22.974241+00:00,Spotify web-player queryArtistOverview,undocumented read-only web-client endpoint,1YqGsKpdixxSVgpfaL2AEQ,Q222628,Small Faces,Small Faces,Q84,London,rock band,United Kingdom,,,,,True,accepted_exact_name,True,True,eligible_group_or_duo,True,False
Lambrini Girls [6VR4TJ20WGiho2xZWMuuWb],,6VR4TJ20WGiho2xZWMuuWb,Lambrini Girls,420857,159689,0,2026-07-18T20:45:22.974241+00:00,Spotify web-player queryArtistOverview,undocumented read-only web-client endpoint,6VR4TJ20WGiho2xZWMuuWb,Q112123144,Lambrini Girls,Lambrini Girls,,,musical group,United Kingdom,,,,,True,accepted_exact_name,True,True,eligible_group_or_duo,True,False
Baby D [33ZOI0WTjYkLh5WuwucLhc],,33ZOI0WTjYkLh5WuwucLhc,Baby D,418514,20248,0,2026-07-18T20:45:22.974241+00:00,Spotify web-player queryArtistOverview,undocumented read-only web-client endpoint,33ZOI0WTjYkLh5WuwucLhc,Q797832,Baby D,Baby D,,,musical group,United Kingdom,,,,,True,accepted_exact_name,True,True,eligible_group_or_duo,True,False
Yard Act [2h3ooJn8m8X8cL2g1BZ1Rd],,2h3ooJn8m8X8cL2g1BZ1Rd,Yard Act,416371,155450,0,2026-07-18T20:45:22.974241+00:00,Spotify web-player queryArtistOverview,undocumented read-only web-client endpoint,2h3ooJn8m8X8cL2g1BZ1Rd,Q110269845,Yard Act,Yard Act,Q39121,Leeds,rock band,United Kingdom,,,,,True,accepted_exact_name,True,True,eligible_group_or_duo,True,False
The Herbaliser [1O7aMVbDeSXY2LiVBhb13w],,1O7aMVbDeSXY2LiVBhb13w,The Herbaliser,415029,165562,0,2026-07-18T20:45:22.974241+00:00,Spotify web-player queryArtistOverview,undocumented read-only web-client endpoint,1O7aMVbDeSXY2LiVBhb13w,Q2499301,The Herbaliser,The Herbaliser,Q84,London,musical group,United Kingdom,,,,,True,accepted_exact_name,True,True,eligible_group_or_duo,True,False
Apollo 440 [37f9cjf8Ic4t7vYNRYAzI7],,37f9cjf8Ic4t7vYNRYAzI7,Apollo 440,414420,160231,0,2026-07-18T20:45:22.974241+00:00,Spotify web-player queryArtistOverview,undocumented read-only web-client endpoint,37f9cjf8Ic4t7vYNRYAzI7,Q619067,Apollo 440,Apollo 440,Q24826,Liverpool,musical group,United Kingdom,,,,,True,accepted_exact_name,True,True,eligible_group_or_duo,True,False
Anathema [0ZXKT0FCsLWkSLCjoBJgBX],,0ZXKT0FCsLWkSLCjoBJgBX,Anathema,413525,447557,0,2026-07-18T20:45:22.974241+00:00,Spotify web-player queryArtistOverview,undocumented read-only web-client endpoint,0ZXKT0FCsLWkSLCjoBJgBX,Q487396,Anathema,Anathema,Q24826,Liverpool,musical group,United Kingdom,,,,,True,accepted_exact_name,True,True,eligible_group_or_duo,True,False
Freestylers [0zg9mF9dX2knvdTKnL22T1],,0zg9mF9dX2knvdTKnL22T1,Freestylers,411981,84251,0,2026-07-18T20:45:22.974241+00:00,Spotify web-player queryArtistOverview,undocumented read-only web-client endpoint,0zg9mF9dX2knvdTKnL22T1,Q2384799,Freestylers,Freestylers,,,musical group,United Kingdom,,,,,True,accepted_exact_name,True,True,eligible_group_or_duo,True,False
Embrace [74K7bX12L8GBAWvPuyIgJ7],,74K7bX12L8GBAWvPuyIgJ7,Embrace,411812,181930,0,2026-07-18T20:45:22.974241+00:00,Spotify web-player queryArtistOverview,undocumented read-only web-client endpoint,74K7bX12L8GBAWvPuyIgJ7,Q1335100,Embrace,Embrace,Q4848439,Bailiff Bridge,musical group,United Kingdom,,,,,True,accepted_exact_name,True,True,eligible_group_or_duo,True,False
Maxïmo Park [048FBwXjFYBWxSggPDipic],,048FBwXjFYBWxSggPDipic,Maximo Park,411159,259584,0,2026-07-18T20:45:22.974241+00:00,Spotify web-player queryArtistOverview,undocumented read-only web-client endpoint,048FBwXjFYBWxSggPDipic,Q833332,Maxïmo Park,Maxïmo Park,Q1425428,Newcastle upon Tyne,musical group,United Kingdom,,,,,True,accepted_exact_name,True,True,eligible_group_or_duo,True,False
Prefab Sprout [4w3QqrcmBv8dasemwBXmxf],,4w3QqrcmBv8dasemwBXmxf,Prefab Sprout,410644,238201,0,2026-07-18T20:45:22.974241+00:00,Spotify web-player queryArtistOverview,undocumented read-only web-client endpoint,4w3QqrcmBv8dasemwBXmxf,Q1506813,Prefab Sprout,Prefab Sprout,Q778444,Witton Gilbert,musical group,United Kingdom,,,,,True,accepted_exact_name,True,True,eligible_group_or_duo,True,False
Boston Manor [4WjeQi9wm84lYTIWZ95QoM],,4WjeQi9wm84lYTIWZ95QoM,Boston Manor,410364,192021,0,2026-07-18T20:45:22.974241+00:00,Spotify web-player queryArtistOverview,undocumented read-only web-client endpoint,4WjeQi9wm84lYTIWZ95QoM,Q48700689,Boston Manor,Boston Manor,Q170377,Blackpool,musical group,United Kingdom,,,,,True,accepted_exact_name,True,True,eligible_group_or_duo,True,False
The Farm [3lN1TG4RIoaJCff6Ck9KUR],,3lN1TG4RIoaJCff6Ck9KUR,The Farm,408875,76908,0,2026-07-18T20:45:22.974241+00:00,Spotify web-player queryArtistOverview,undocumented read-only web-client endpoint,3lN1TG4RIoaJCff6Ck9KUR,Q1428876,The Farm,The Farm,Q24826,Liverpool,musical group,United Kingdom,,,,,True,accepted_exact_name,True,True,eligible_group_or_duo,True,False
Q113361759 [2UyOnfaE8nWXKPwYQyp2La],,2UyOnfaE8nWXKPwYQyp2La,Goreshit,402546,228207,0,2026-07-18T20:45:22.974241+00:00,Spotify web-player queryArtistOverview,undocumented read-only web-client endpoint,2UyOnfaE8nWXKPwYQyp2La,Q113361759,Q113361759,Q113361759,,,musical group,United Kingdom,,,,,False,rejected_name_mismatch,False,True,eligible_group_or_duo,True,False
Superorganism [0Wkm45quqfx3NepJpXDvwE],,0Wkm45quqfx3NepJpXDvwE,Superorganism,402523,263802,0,2026-07-18T20:45:22.974241+00:00,Spotify web-player queryArtistOverview,undocumented read-only web-client endpoint,0Wkm45quqfx3NepJpXDvwE,Q47137654,Superorganism,Superorganism,Q84,London,musical group,United Kingdom,,,,,True,accepted_exact_name,True,True,eligible_group_or_duo,True,False
Runrig [0ddfjKqJfbSiddqOvpZRWu],,0ddfjKqJfbSiddqOvpZRWu,Runrig,402383,98336,0,2026-07-18T20:45:22.974241+00:00,Spotify web-player queryArtistOverview,undocumented read-only web-client endpoint,0ddfjKqJfbSiddqOvpZRWu,Q839817,Runrig,Runrig,Q22,Scotland,rock band,United Kingdom,,,,,True,accepted_exact_name,True,True,eligible_group_or_duo,True,False
Incognito [5moJNCJeiNwuQAhDLJXULs],,5moJNCJeiNwuQAhDLJXULs,Incognito,401799,231010,0,2026-07-18T20:45:22.974241+00:00,Spotify web-player queryArtistOverview,undocumented read-only web-client endpoint,5moJNCJeiNwuQAhDLJXULs,Q615207,Incognito,Incognito,Q84,London,musical group,United Kingdom,,,,,True,accepted_exact_name,True,True,eligible_group_or_duo,True,False
Electric Wizard [4htjQW3lgIwL6fEJlTOez4],,4htjQW3lgIwL6fEJlTOez4,Electric Wizard,401179,459777,0,2026-07-18T20:45:22.974241+00:00,Spotify web-player queryArtistOverview,undocumented read-only web-client endpoint,4htjQW3lgIwL6fEJlTOez4,Q1325974,Electric Wizard,Electric Wizard,Q23159,Dorset,musical group,United Kingdom,,,,,True,accepted_exact_name,True,True,eligible_group_or_duo,True,False
Racey [1W4SfNO5hb1tdX0wQ87zxl],,1W4SfNO5hb1tdX0wQ87zxl,Racey,401016,50878,0,2026-07-18T20:45:22.974241+00:00,Spotify web-player queryArtistOverview,undocumented read-only web-client endpoint,1W4SfNO5hb1tdX0wQ87zxl,Q922363,Racey,Racey,Q845623,Weston-super-Mare,musical group,United Kingdom,,,,,True,accepted_exact_name,True,True,eligible_group_or_duo,True,False
Gloryhammer [7dkEByOe0oHqc54qU4hwzV],,7dkEByOe0oHqc54qU4hwzV,Gloryhammer,399088,302272,0,2026-07-18T20:45:22.974241+00:00,Spotify web-player queryArtistOverview,undocumented read-only web-client endpoint,7dkEByOe0oHqc54qU4hwzV,Q11838832,Gloryhammer,Gloryhammer,Q22,Scotland,musical group,United Kingdom,,,,,True,accepted_exact_name,True,True,eligible_group_or_duo,True,False
Young Fathers [5mZC7ndY6oGMxJentRwsuV],,5mZC7ndY6oGMxJentRwsuV,Young Fathers,397759,272197,0,2026-07-18T20:45:22.974241+00:00,Spotify web-player queryArtistOverview,undocumented read-only web-client endpoint,5mZC7ndY6oGMxJentRwsuV,Q8058113,Young Fathers,Young Fathers,Q23436,Edinburgh,musical group,United Kingdom,,,,,True,accepted_exact_name,True,True,eligible_group_or_duo,True,False
Public Image Ltd. [70MMkLXtue3Edj3RJhJkYp],,70MMkLXtue3Edj3RJhJkYp,Public Image Ltd.,397001,359205,0,2026-07-18T20:45:22.974241+00:00,Spotify web-player queryArtistOverview,undocumented read-only web-client endpoint,70MMkLXtue3Edj3RJhJkYp,Q845265,Public Image Ltd.,Public Image Ltd.,Q84,London,musical group,United Kingdom,,,,,True,accepted_exact_name,True,True,eligible_group_or_duo,True,False
The Maccabees [0vW8z9pZMGCcRtGPGtyqiB],,0vW8z9pZMGCcRtGPGtyqiB,The Maccabees,394513,379450,0,2026-07-18T20:45:22.974241+00:00,Spotify web-player queryArtistOverview,undocumented read-only web-client endpoint,0vW8z9pZMGCcRtGPGtyqiB,Q174627,The Maccabees,The Maccabees,Q84,London,rock band,United Kingdom,,,,,True,accepted_exact_name,True,True,eligible_group_or_duo,True,False
London Voices [7y3ULlnKKpeZ4JOKMAJQzK],,7y3ULlnKKpeZ4JOKMAJQzK,London Voices,394129,6325,0,2026-07-18T20:45:22.974241+00:00,Spotify web-player queryArtistOverview,undocumented read-only web-client endpoint,7y3ULlnKKpeZ4JOKMAJQzK,Q9023617,London Voices,London Voices,,,choir,United Kingdom,,,,,True,accepted_exact_name,True,True,eligible_group_or_duo,True,False
Pale Waves [0wOej91SVqB1zcYkW6xUtA],,0wOej91SVqB1zcYkW6xUtA,Pale Waves,390813,387390,0,2026-07-18T20:45:22.974241+00:00,Spotify web-player queryArtistOverview,undocumented read-only web-client endpoint,0wOej91SVqB1zcYkW6xUtA,Q45964015,Pale Waves,Pale Waves,Q18125,Manchester,musical group,United Kingdom,,,,,True,accepted_exact_name,True,True,eligible_group_or_duo,True,False
Leftfield [72hqBMsw7x5jnfxxwkii8L],,72hqBMsw7x5jnfxxwkii8L,Leftfield,390024,258734,0,2026-07-18T20:45:22.974241+00:00,Spotify web-player queryArtistOverview,undocumented read-only web-client endpoint,72hqBMsw7x5jnfxxwkii8L,Q277479,Leftfield,Leftfield,Q84,London,musical group,United Kingdom,,,,,True,accepted_exact_name,True,True,eligible_group_or_duo,True,False
Kula Shaker [6bGcpvHbRHg8s0wiNyIZK1],,6bGcpvHbRHg8s0wiNyIZK1,Kula Shaker,387963,266533,0,2026-07-18T20:45:22.974241+00:00,Spotify web-player queryArtistOverview,undocumented read-only web-client endpoint,6bGcpvHbRHg8s0wiNyIZK1,Q611878,Kula Shaker,Kula Shaker,Q84,London,musical group,United Kingdom,,,,,True,accepted_exact_name,True,True,eligible_group_or_duo,True,False
The Durutti Column [7fh7bwX9qV60tLxxsp9bTe],,7fh7bwX9qV60tLxxsp9bTe,The Durutti Column,384367,141887,0,2026-07-18T20:45:22.974241+00:00,Spotify web-player queryArtistOverview,undocumented read-only web-client endpoint,7fh7bwX9qV60tLxxsp9bTe,Q1724658,The Durutti Column,The Durutti Column,Q18125,Manchester,musical group,United Kingdom,,,,,True,accepted_exact_name,True,True,eligible_group_or_duo,True,False
Ant & Dec [2gmeFH5Iz8UEA7K0OHDePQ],,2gmeFH5Iz8UEA7K0OHDePQ,Ant & Dec,382816,21248,0,2026-07-18T20:45:22.974241+00:00,Spotify web-player queryArtistOverview,undocumented read-only web-client endpoint,2gmeFH5Iz8UEA7K0OHDePQ,Q3596068,Ant & Dec,Ant & Dec,,,male duo,United Kingdom,,,,,True,accepted_exact_name,True,True,eligible_group_or_duo,True,False
Lush [3ysp8GwsheDcBxP9q65lBg],,3ysp8GwsheDcBxP9q65lBg,Lush,382347,315449,0,2026-07-18T20:45:22.974241+00:00,Spotify web-player queryArtistOverview,undocumented read-only web-client endpoint,3ysp8GwsheDcBxP9q65lBg,Q1668512,Lush,Lush,Q84,London,musical group,United Kingdom,,,,,True,accepted_exact_name,True,True,eligible_group_or_duo,True,False
Republica [06YQ6XwCdPUn8rAXV70gge],,06YQ6XwCdPUn8rAXV70gge,Republica,382250,84002,0,2026-07-18T20:45:22.974241+00:00,Spotify web-player queryArtistOverview,undocumented read-only web-client endpoint,06YQ6XwCdPUn8rAXV70gge,Q2139991,Republica,Republica,Q464955,Windsor,musical group,United Kingdom,,,,,True,accepted_exact_name,True,True,eligible_group_or_duo,True,False
Cast [0vBDEQ1aLZpe4zgn2fPH6Z],,0vBDEQ1aLZpe4zgn2fPH6Z,Cast,381917,183638,0,2026-07-18T20:45:22.974241+00:00,Spotify web-player queryArtistOverview,undocumented read-only web-client endpoint,0vBDEQ1aLZpe4zgn2fPH6Z,Q780072,Cast,Cast,Q24826,Liverpool,musical group,United Kingdom,,,,,True,accepted_exact_name,True,True,eligible_group_or_duo,True,False
Mojave 3 [4jSYHcSo85heWskYvAULio],,4jSYHcSo85heWskYvAULio,Mojave 3,381875,206333,0,2026-07-18T20:45:22.974241+00:00,Spotify web-player queryArtistOverview,undocumented read-only web-client endpoint,4jSYHcSo85heWskYvAULio,Q656978,Mojave 3,Mojave 3,Q145,United Kingdom,musical group,United Kingdom,,,,,True,accepted_exact_name,True,True,eligible_group_or_duo,True,False
Cassia [2413I9w4sRbBz4zi5zgwjX],,2413I9w4sRbBz4zi5zgwjX,Cassia,377418,69239,0,2026-07-18T20:45:22.974241+00:00,Spotify web-player queryArtistOverview,undocumented read-only web-client endpoint,2413I9w4sRbBz4zi5zgwjX,Q123148190,Cassia,Cassia,Q868637,Macclesfield,musical group,United Kingdom,,,,,True,accepted_exact_name,True,True,eligible_group_or_duo,True,False
Mogwai [34UhPkLbtFKRq3nmfFgejG],,34UhPkLbtFKRq3nmfFgejG,Mogwai,370209,647271,0,2026-07-18T20:45:22.974241+00:00,Spotify web-player queryArtistOverview,undocumented read-only web-client endpoint,34UhPkLbtFKRq3nmfFgejG,Q645980,Mogwai,Mogwai,Q4093,Glasgow,musical group,United Kingdom,,,,,True,accepted_exact_name,True,True,eligible_group_or_duo,True,False
Electronic [3xYNGCooNIzKMAtJYKSOyq],,3xYNGCooNIzKMAtJYKSOyq,Electronic,367540,164721,0,2026-07-18T20:45:22.974241+00:00,Spotify web-player queryArtistOverview,undocumented read-only web-client endpoint,3xYNGCooNIzKMAtJYKSOyq,Q624661,Electronic,Electronic,Q18125,Manchester,musical group|supergroup,United Kingdom,,,,,True,accepted_exact_name,True,True,eligible_group_or_duo,True,False
Modestep [5zYJziKktyqWwmoAWXrShP],,5zYJziKktyqWwmoAWXrShP,Modestep,363041,344694,0,2026-07-18T20:45:22.974241+00:00,Spotify web-player queryArtistOverview,undocumented read-only web-client endpoint,5zYJziKktyqWwmoAWXrShP,Q1860033,Modestep,Modestep,,,musical group,United Kingdom,,,,,True,accepted_exact_name,True,True,eligible_group_or_duo,True,False
Fluke [2YzUXecwzcOdlJsnpnJfkJ],,2YzUXecwzcOdlJsnpnJfkJ,Fluke,358816,104332,0,2026-07-18T20:45:22.974241+00:00,Spotify web-player queryArtistOverview,undocumented read-only web-client endpoint,2YzUXecwzcOdlJsnpnJfkJ,Q631226,Fluke,Fluke,Q23229,Buckinghamshire,musical group,United Kingdom,,,,,True,accepted_exact_name,True,True,eligible_group_or_duo,True,False
Temples [4ogwGU9VPWrnVBs1GEwZVV],,4ogwGU9VPWrnVBs1GEwZVV,Temples,356937,279903,0,2026-07-18T20:45:22.974241+00:00,Spotify web-player queryArtistOverview,undocumented read-only web-client endpoint,4ogwGU9VPWrnVBs1GEwZVV,Q14832136,Temples,Temples,Q984613,Kettering,musical group,United Kingdom,,,,,True,accepted_exact_name,True,True,eligible_group_or_duo,True,False
The Searchers [4QmkLL9JOqM9dusHS1Hghe],,4QmkLL9JOqM9dusHS1Hghe,The Searchers,355906,216702,0,2026-07-18T20:45:22.974241+00:00,Spotify web-player queryArtistOverview,undocumented read-only web-client endpoint,4QmkLL9JOqM9dusHS1Hghe,Q1132434,The Searchers,The Searchers,Q24826,Liverpool,musical group,United Kingdom,,,,,True,accepted_exact_name,True,True,eligible_group_or_duo,True,False
Hot Milk [1koutXdSFq2PHqtxSWj9tK],,1koutXdSFq2PHqtxSWj9tK,Hot Milk,353065,170694,0,2026-07-18T20:45:22.974241+00:00,Spotify web-player queryArtistOverview,undocumented read-only web-client endpoint,1koutXdSFq2PHqtxSWj9tK,Q115247043,Hot Milk,Hot Milk,,,musical group,United Kingdom,,,,,True,accepted_exact_name,True,True,eligible_group_or_duo,True,False
Django Django [2ARO60gI5do88ho6azmzab],,2ARO60gI5do88ho6azmzab,Django Django,347616,252535,0,2026-07-18T20:45:22.974241+00:00,Spotify web-player queryArtistOverview,undocumented read-only web-client endpoint,2ARO60gI5do88ho6azmzab,Q328221,Django Django,Django Django,Q84,London,musical group,United Kingdom,,,,,True,accepted_exact_name,True,True,eligible_group_or_duo,True,False
The KLF [6dYrdRlNZSKaVxYg5IrvCH],,6dYrdRlNZSKaVxYg5IrvCH,The KLF,343591,144352,0,2026-07-18T20:45:22.974241+00:00,Spotify web-player queryArtistOverview,undocumented read-only web-client endpoint,6dYrdRlNZSKaVxYg5IrvCH,Q741316,The KLF,The KLF,Q84,London,musical group,United Kingdom,,,,,True,accepted_exact_name,True,True,eligible_group_or_duo,True,False
Heaven 17 [5PYuBRQMHh7nWmdV076sH9],,5PYuBRQMHh7nWmdV076sH9,Heaven 17,342911,273309,0,2026-07-18T20:45:22.974241+00:00,Spotify web-player queryArtistOverview,undocumented read-only web-client endpoint,5PYuBRQMHh7nWmdV076sH9,Q741663,Heaven 17,Heaven 17,Q42448,Sheffield,musical group,United Kingdom,,,,,True,accepted_exact_name,True,True,eligible_group_or_duo,True,False
Babybird [1QCANeffsBIHjzhMqUIxBh],,1QCANeffsBIHjzhMqUIxBh,Babybird,342115,21473,0,2026-07-18T20:45:22.974241+00:00,Spotify web-player queryArtistOverview,undocumented read-only web-client endpoint,1QCANeffsBIHjzhMqUIxBh,Q116385,Babybird,Babybird,Q42448,Sheffield,musical group,United Kingdom,,,,,True,accepted_exact_name,True,True,eligible_group_or_duo,True,False
The Hallé [0VzwesVsEMjYDaMrrdukam],,0VzwesVsEMjYDaMrrdukam,Hallé,340866,5654,0,2026-07-18T20:45:22.974241+00:00,Spotify web-player queryArtistOverview,undocumented read-only web-client endpoint,0VzwesVsEMjYDaMrrdukam,Q262431,The Hallé,The Hallé,Q18125,Manchester,orchestra,United Kingdom,,,,,False,rejected_name_mismatch,False,False,excluded_orchestra,True,False
Fred V & Grafix [1wzBqAvtFexgKHjt7i3ena],,1wzBqAvtFexgKHjt7i3ena,Fred V & Grafix,340452,83743,0,2026-07-18T20:45:22.974241+00:00,Spotify web-player queryArtistOverview,undocumented read-only web-client endpoint,1wzBqAvtFexgKHjt7i3ena,Q13431488,Fred V & Grafix,Fred V & Grafix,,,male duo|musical duo|musical group,United Kingdom,,,,,True,accepted_exact_name,True,True,eligible_group_or_duo,True,False
Sleaford Mods [0otAqZw8htTsGHfqR491Yh],,0otAqZw8htTsGHfqR491Yh,Sleaford Mods,336962,304620,0,2026-07-18T20:45:22.974241+00:00,Spotify web-player queryArtistOverview,undocumented read-only web-client endpoint,0otAqZw8htTsGHfqR491Yh,Q18162306,Sleaford Mods,Sleaford Mods,,,musical duo,United Kingdom,,,,,True,accepted_exact_name,True,True,eligible_group_or_duo,True,False
Paradise Lost [0gIo6kGl4KsCeIbqtZVHYp],,0gIo6kGl4KsCeIbqtZVHYp,Paradise Lost,336657,395901,0,2026-07-18T20:45:22.974241+00:00,Spotify web-player queryArtistOverview,undocumented read-only web-client endpoint,0gIo6kGl4KsCeIbqtZVHYp,Q750593,Paradise Lost,Paradise Lost,Q826561,Halifax,musical group,United Kingdom,,,,,True,accepted_exact_name,True,True,eligible_group_or_duo,True,False
The Real Tuesday Weld [12KsgeavNVg66cW2frw3j2],,12KsgeavNVg66cW2frw3j2,The Real Tuesday Weld,334907,34267,0,2026-07-18T20:45:22.974241+00:00,Spotify web-player queryArtistOverview,undocumented read-only web-client endpoint,12KsgeavNVg66cW2frw3j2,Q3522451,The Real Tuesday Weld,The Real Tuesday Weld,,,musical ensemble,United Kingdom,,,,,True,accepted_exact_name,True,True,eligible_group_or_duo,True,False
Lamb [08YvZ2qzFrDSITfHLbPKMP],,08YvZ2qzFrDSITfHLbPKMP,Lamb,332261,269420,0,2026-07-18T20:45:22.974241+00:00,Spotify web-player queryArtistOverview,undocumented read-only web-client endpoint,08YvZ2qzFrDSITfHLbPKMP,Q1259392,Lamb,Lamb,Q18125,Manchester,musical group,United Kingdom,,,,,True,accepted_exact_name,True,True,eligible_group_or_duo,True,False
Shakespears Sister [7ooOn6bokl4mGV4CEaUz6A],,7ooOn6bokl4mGV4CEaUz6A,Shakespears Sister,331052,126106,0,2026-07-18T20:45:22.974241+00:00,Spotify web-player queryArtistOverview,undocumented read-only web-client endpoint,7ooOn6bokl4mGV4CEaUz6A,Q527789,Shakespears Sister,Shakespears Sister,Q84,London,musical group,United Kingdom,,,,,True,accepted_exact_name,True,True,eligible_group_or_duo,True,False
BBC Concert Orchestra [3dIPaddbWppnquuPkcYVDg],,3dIPaddbWppnquuPkcYVDg,BBC Concert Orchestra,329553,14395,0,2026-07-18T20:45:22.974241+00:00,Spotify web-player queryArtistOverview,undocumented read-only web-client endpoint,3dIPaddbWppnquuPkcYVDg,Q2217163,BBC Concert Orchestra,BBC Concert Orchestra,,,musical group|orchestra,United Kingdom,,,,,True,accepted_exact_name,True,False,excluded_orchestra,True,False
Bournemouth Symphony Orchestra [2KuPDJp7FCpmaUy4jKcjfB],,2KuPDJp7FCpmaUy4jKcjfB,Bournemouth Symphony Orchestra,328954,10972,0,2026-07-18T20:45:22.974241+00:00,Spotify web-player queryArtistOverview,undocumented read-only web-client endpoint,2KuPDJp7FCpmaUy4jKcjfB,Q2776794,Bournemouth Symphony Orchestra,Bournemouth Symphony Orchestra,Q170478,Bournemouth,charitable organization|symphony orchestra,United Kingdom,,,,,True,accepted_exact_name,True,False,excluded_orchestra,True,False
Bournemouth Symphony Orchestra [0kH3qHYdrKMy2LWAYSZOtz],,2KuPDJp7FCpmaUy4jKcjfB,Bournemouth Symphony Orchestra,328954,10972,0,2026-07-18T20:45:22.974241+00:00,Spotify web-player queryArtistOverview,undocumented read-only web-client endpoint,0kH3qHYdrKMy2LWAYSZOtz,Q2776794,Bournemouth Symphony Orchestra,Bournemouth Symphony Orchestra,Q170478,Bournemouth,charitable organization|symphony orchestra,United Kingdom,,,,,True,accepted_exact_name,True,False,excluded_orchestra,False,True
Adam and the Ants [2DppeCnNtvrLfEobq9Pw5r],,2DppeCnNtvrLfEobq9Pw5r,Adam & The Ants,328644,352561,0,2026-07-18T20:45:22.974241+00:00,Spotify web-player queryArtistOverview,undocumented read-only web-client endpoint,2DppeCnNtvrLfEobq9Pw5r,Q1798554,Adam and the Ants,Adam and the Ants,Q84,London,musical group,United Kingdom,,,,,False,rejected_name_mismatch,False,True,eligible_group_or_duo,True,False
Shed Seven [3iejrAcqxYoVgyxp6zkWgs],,3iejrAcqxYoVgyxp6zkWgs,Shed Seven,327277,175249,0,2026-07-18T20:45:22.974241+00:00,Spotify web-player queryArtistOverview,undocumented read-only web-client endpoint,3iejrAcqxYoVgyxp6zkWgs,Q2277663,Shed Seven,Shed Seven,Q42462,York,rock band,United Kingdom,,,,,True,accepted_exact_name,True,True,eligible_group_or_duo,True,False
The Beta Band [2LMR8u7DOMF0FBseDpTsRa],,2LMR8u7DOMF0FBseDpTsRa,The Beta Band,325029,135396,0,2026-07-18T20:45:22.974241+00:00,Spotify web-player queryArtistOverview,undocumented read-only web-client endpoint,2LMR8u7DOMF0FBseDpTsRa,Q1775665,The Beta Band,The Beta Band,Q23436,Edinburgh,musical group,United Kingdom,,,,,True,accepted_exact_name,True,True,eligible_group_or_duo,True,False
The Honeydrippers [7J7YRBSoiXpdTmcbkKZL2C],,7J7YRBSoiXpdTmcbkKZL2C,The Honeydrippers,321812,57290,0,2026-07-18T20:45:22.974241+00:00,Spotify web-player queryArtistOverview,undocumented read-only web-client endpoint,7J7YRBSoiXpdTmcbkKZL2C,Q648841,The Honeydrippers,The Honeydrippers,Q23135,Worcestershire,rock band,United Kingdom,,,,,True,accepted_exact_name,True,True,eligible_group_or_duo,True,False
Archive [1Q776wzj2mrtXrNu3iH6nk],,1Q776wzj2mrtXrNu3iH6nk,Archive,318451,330186,0,2026-07-18T20:45:22.974241+00:00,Spotify web-player queryArtistOverview,undocumented read-only web-client endpoint,1Q776wzj2mrtXrNu3iH6nk,Q635772,Archive,Archive,Q84,London,rock band,United Kingdom,,,,,True,accepted_exact_name,True,True,eligible_group_or_duo,True,False
Dodgy [1dekSPU23UC5hw5b8Uxk9W],,1dekSPU23UC5hw5b8Uxk9W,Dodgy,318066,70095,0,2026-07-18T20:45:22.974241+00:00,Spotify web-player queryArtistOverview,undocumented read-only web-client endpoint,1dekSPU23UC5hw5b8Uxk9W,Q1234401,Dodgy,Dodgy,Q2022317,Hounslow,musical group,United Kingdom,,,,,True,accepted_exact_name,True,True,eligible_group_or_duo,True,False
Everything Everything [1HOeqtP7tHkKNJNLzQ2tnr],,1HOeqtP7tHkKNJNLzQ2tnr,Everything Everything,317529,310570,0,2026-07-18T20:45:22.974241+00:00,Spotify web-player queryArtistOverview,undocumented read-only web-client endpoint,1HOeqtP7tHkKNJNLzQ2tnr,Q1382296,Everything Everything,Everything Everything,Q18125,Manchester,musical group,United Kingdom,,,,,True,accepted_exact_name,True,True,eligible_group_or_duo,True,False
Liberty X [6htUPs3clIStnkvg5jimKZ],,6htUPs3clIStnkvg5jimKZ,Liberty X,317064,157028,0,2026-07-18T20:45:22.974241+00:00,Spotify web-player queryArtistOverview,undocumented read-only web-client endpoint,6htUPs3clIStnkvg5jimKZ,Q1823053,Liberty X,Liberty X,Q84,London,musical group,United Kingdom,,,,,True,accepted_exact_name,True,True,eligible_group_or_duo,True,False
John Mayall & the Bluesbreakers [2ScuQMRWThcifBRIvNDFDC],,2ScuQMRWThcifBRIvNDFDC,John Mayall & The Bluesbreakers,316818,446310,0,2026-07-18T20:45:22.974241+00:00,Spotify web-player queryArtistOverview,undocumented read-only web-client endpoint,2ScuQMRWThcifBRIvNDFDC,Q886072,John Mayall & the Bluesbreakers,John Mayall & the Bluesbreakers,,,musical group,United Kingdom,,,,,True,accepted_exact_name,True,True,eligible_group_or_duo,True,False
Love and Rockets [09mvgMBvJkxarNIDGdwPWg],,09mvgMBvJkxarNIDGdwPWg,Love and Rockets,313702,235396,0,2026-07-18T20:45:22.974241+00:00,Spotify web-player queryArtistOverview,undocumented read-only web-client endpoint,09mvgMBvJkxarNIDGdwPWg,Q643299,Love and Rockets,Love and Rockets,Q192240,Northampton,musical group,United Kingdom,,,,,True,accepted_exact_name,True,True,eligible_group_or_duo,True,False
Layo & Bushwacka! [4XO18kRHLT6F5RhomZGrpc],,4XO18kRHLT6F5RhomZGrpc,Layo & Bushwacka!,313503,36386,0,2026-07-18T20:45:22.974241+00:00,Spotify web-player queryArtistOverview,undocumented read-only web-client endpoint,4XO18kRHLT6F5RhomZGrpc,Q3219976,Layo & Bushwacka!,Layo & Bushwacka!,,,musical group,United Kingdom,,,,,True,accepted_exact_name,True,True,eligible_group_or_duo,True,False
Matt Bianco [1WQky50vkzSvSCUl0ejWqb],,1WQky50vkzSvSCUl0ejWqb,Matt Bianco,312847,107297,0,2026-07-18T20:45:22.974241+00:00,Spotify web-player queryArtistOverview,undocumented read-only web-client endpoint,1WQky50vkzSvSCUl0ejWqb,Q1758107,Matt Bianco,Matt Bianco,,,musical group,United Kingdom,,,,,True,accepted_exact_name,True,True,eligible_group_or_duo,True,False
China Crisis [0WUphJOGHE5i95IeR87hsO],,0WUphJOGHE5i95IeR87hsO,China Crisis,306242,149310,0,2026-07-18T20:45:22.974241+00:00,Spotify web-player queryArtistOverview,undocumented read-only web-client endpoint,0WUphJOGHE5i95IeR87hsO,Q1073261,China Crisis,China Crisis,Q2469070,Kirkby,musical group,United Kingdom,,,,,True,accepted_exact_name,True,True,eligible_group_or_duo,True,False
Sundara Karma [4fgXfJCQnK6c44u4KzAtQP],,4fgXfJCQnK6c44u4KzAtQP,Sundara Karma,305536,206350,0,2026-07-18T20:45:22.974241+00:00,Spotify web-player queryArtistOverview,undocumented read-only web-client endpoint,4fgXfJCQnK6c44u4KzAtQP,Q29862757,Sundara Karma,Sundara Karma,Q161491,Reading,musical group,United Kingdom,,,,,True,accepted_exact_name,True,True,eligible_group_or_duo,True,False
Camel [3Uz6jx81OY2J5K8Z4wmy2P],,3Uz6jx81OY2J5K8Z4wmy2P,Camel,305476,441790,0,2026-07-18T20:45:22.974241+00:00,Spotify web-player queryArtistOverview,undocumented read-only web-client endpoint,3Uz6jx81OY2J5K8Z4wmy2P,Q612471,Camel,Camel,Q213465,Guildford,musical group,United Kingdom,,,,,True,accepted_exact_name,True,True,eligible_group_or_duo,True,False
Nuages [30tUlKZ8oLo0BnN6n0GZKD],,30tUlKZ8oLo0BnN6n0GZKD,Nuages,303990,100431,0,2026-07-18T20:45:22.974241+00:00,Spotify web-player queryArtistOverview,undocumented read-only web-client endpoint,30tUlKZ8oLo0BnN6n0GZKD,Q59418184,Nuages,Nuages,,,musical group,United Kingdom,,,,,True,accepted_exact_name,True,True,eligible_group_or_duo,True,False
Carcass [5lhaM01nwvsMZpmPY2HVER],,5lhaM01nwvsMZpmPY2HVER,Carcass,303826,495994,0,2026-07-18T20:45:22.974241+00:00,Spotify web-player queryArtistOverview,undocumented read-only web-client endpoint,5lhaM01nwvsMZpmPY2HVER,Q283835,Carcass,Carcass,Q24826,Liverpool,musical group,United Kingdom,,,,,True,accepted_exact_name,True,True,eligible_group_or_duo,True,False
Barclay James Harvest [2pVMD4bFwl4AyoYyyo51Qg],,2pVMD4bFwl4AyoYyyo51Qg,Barclay James Harvest,303511,187986,0,2026-07-18T20:45:22.974241+00:00,Spotify web-player queryArtistOverview,undocumented read-only web-client endpoint,2pVMD4bFwl4AyoYyyo51Qg,Q807957,Barclay James Harvest,Barclay James Harvest,Q202628,Oldham,rock band,United Kingdom,,,,,True,accepted_exact_name,True,True,eligible_group_or_duo,True,False
Cliff Richard & The Shadows [4IdvJZeciaa37wYr2qBpjm],,4IdvJZeciaa37wYr2qBpjm,Cliff Richard & The Shadows,303431,118840,0,2026-07-18T20:45:22.974241+00:00,Spotify web-player queryArtistOverview,undocumented read-only web-client endpoint,4IdvJZeciaa37wYr2qBpjm,Q46510292,Cliff Richard & The Shadows,Cliff Richard & The Shadows,,,musical group,United Kingdom,,,,,True,accepted_exact_name,True,True,eligible_group_or_duo,True,False
911 [3H7pODXycF821OnRyAw2VT],,3H7pODXycF821OnRyAw2VT,911,302164,186144,0,2026-07-18T20:45:22.974241+00:00,Spotify web-player queryArtistOverview,undocumented read-only web-client endpoint,3H7pODXycF821OnRyAw2VT,Q3648767,911,911,,,musical group,United Kingdom,,,,,True,accepted_exact_name,True,True,eligible_group_or_duo,True,False
Fairground Attraction [1sAkg8871iPVI0wPbOfIZa],,1sAkg8871iPVI0wPbOfIZa,Fairground Attraction,301377,48326,0,2026-07-18T20:45:22.974241+00:00,Spotify web-player queryArtistOverview,undocumented read-only web-client endpoint,1sAkg8871iPVI0wPbOfIZa,Q238641,Fairground Attraction,Fairground Attraction,,,musical group,United Kingdom,,,,,True,accepted_exact_name,True,True,eligible_group_or_duo,True,False
Catatonia [4Bgfzia8wyaGaTn42egzTv],,4Bgfzia8wyaGaTn42egzTv,Catatonia,301265,90480,0,2026-07-18T20:45:22.974241+00:00,Spotify web-player queryArtistOverview,undocumented read-only web-client endpoint,4Bgfzia8wyaGaTn42egzTv,Q1050456,Catatonia,Catatonia,Q10690,Cardiff,musical group,United Kingdom,,,,,True,accepted_exact_name,True,True,eligible_group_or_duo,True,False
Johnny Kidd & the Pirates [52y1cRHUkI0kQqIXCg6JuZ],,52y1cRHUkI0kQqIXCg6JuZ,Johnny Kidd & The Pirates,300280,37258,0,2026-07-18T20:45:22.974241+00:00,Spotify web-player queryArtistOverview,undocumented read-only web-client endpoint,52y1cRHUkI0kQqIXCg6JuZ,Q6669284,Johnny Kidd & the Pirates,Johnny Kidd & the Pirates,Q84,London,musical group,United Kingdom,,,,,True,accepted_exact_name,True,True,eligible_group_or_duo,True,False
BBC Philharmonic [1z9u3vLr7gw6IBS8CP8c2X],,1z9u3vLr7gw6IBS8CP8c2X,BBC Philharmonic,299680,22052,0,2026-07-18T20:45:22.974241+00:00,Spotify web-player queryArtistOverview,undocumented read-only web-client endpoint,1z9u3vLr7gw6IBS8CP8c2X,Q795551,BBC Philharmonic,BBC Philharmonic,,,musical group|symphony orchestra,United Kingdom,,,,,True,accepted_exact_name,True,False,excluded_orchestra,True,False
Funeral for a Friend [4AbDWrmJPSOeIbT2Ou60ik],,4AbDWrmJPSOeIbT2Ou60ik,Funeral For A Friend,298448,268224,0,2026-07-18T20:45:22.974241+00:00,Spotify web-player queryArtistOverview,undocumented read-only web-client endpoint,4AbDWrmJPSOeIbT2Ou60ik,Q916973,Funeral for a Friend,Funeral for a Friend,Q6497774,Bridgend,musical group,United Kingdom,,,,,True,accepted_exact_name,True,True,eligible_group_or_duo,True,False
Nailbomb [4Q6EFOghPrRjdwsF4p7Nzm],,4Q6EFOghPrRjdwsF4p7Nzm,Nailbomb,297670,203781,0,2026-07-18T20:45:22.974241+00:00,Spotify web-player queryArtistOverview,undocumented read-only web-client endpoint,4Q6EFOghPrRjdwsF4p7Nzm,Q1470712,Nailbomb,Nailbomb,,,musical group,United Kingdom,,,,,True,accepted_exact_name,True,True,eligible_group_or_duo,True,False
Ride [0WPY9nnBy01s5QOt4o4oQX],,0WPY9nnBy01s5QOt4o4oQX,Ride,296215,272871,0,2026-07-18T20:45:22.974241+00:00,Spotify web-player queryArtistOverview,undocumented read-only web-client endpoint,0WPY9nnBy01s5QOt4o4oQX,Q4371,Ride,Ride,Q34217,Oxford,rock band,United Kingdom,,,,,True,accepted_exact_name,True,True,eligible_group_or_duo,True,False
Hang Massive [6bkF6GDcyXZn2T0D5Fwldl],,6bkF6GDcyXZn2T0D5Fwldl,Hang Massive,296134,180715,0,2026-07-18T20:45:22.974241+00:00,Spotify web-player queryArtistOverview,undocumented read-only web-client endpoint,6bkF6GDcyXZn2T0D5Fwldl,Q21722983,Hang Massive,Hang Massive,,,musical duo,United Kingdom,,,,,True,accepted_exact_name,True,True,eligible_group_or_duo,True,False
The Oozes [48VgYEfRllDfyLl4BEMVSF],,48VgYEfRllDfyLl4BEMVSF,The Oozes,295667,208913,0,2026-07-18T20:45:22.974241+00:00,Spotify web-player queryArtistOverview,undocumented read-only web-client endpoint,48VgYEfRllDfyLl4BEMVSF,Q128077193,The Oozes,The Oozes,,,musical duo|musical group|quartet,United Kingdom,,,,,True,accepted_exact_name,True,True,eligible_group_or_duo,True,False
The Shamen [5E704N5StxMVKpalhaJ5L3],,5E704N5StxMVKpalhaJ5L3,The Shamen,295405,81056,0,2026-07-18T20:45:22.974241+00:00,Spotify web-player queryArtistOverview,undocumented read-only web-client endpoint,5E704N5StxMVKpalhaJ5L3,Q587713,The Shamen,The Shamen,,,musical group,United Kingdom,,,,,True,accepted_exact_name,True,True,eligible_group_or_duo,True,False
Camera Obscura [5gInJ5P5gQnOKPM3SUEVFt],,5gInJ5P5gQnOKPM3SUEVFt,Camera Obscura,295126,206573,0,2026-07-18T20:45:22.974241+00:00,Spotify web-player queryArtistOverview,undocumented read-only web-client endpoint,5gInJ5P5gQnOKPM3SUEVFt,Q1028565,Camera Obscura,Camera Obscura,Q4093,Glasgow,musical group,United Kingdom,,,,,True,accepted_exact_name,True,True,eligible_group_or_duo,True,False
Damage [6Pwy6Wat9hp8g83y6gih5g],,6Pwy6Wat9hp8g83y6gih5g,Damage,294456,21732,0,2026-07-18T20:45:22.974241+00:00,Spotify web-player queryArtistOverview,undocumented read-only web-client endpoint,6Pwy6Wat9hp8g83y6gih5g,Q5211877,Damage,Damage,,,musical group,United Kingdom,,,,,True,accepted_exact_name,True,True,eligible_group_or_duo,True,False
Fairport Convention [2LIdnZDzySb04oH40be1fR],,2LIdnZDzySb04oH40be1fR,Fairport Convention,294353,149174,0,2026-07-18T20:45:22.974241+00:00,Spotify web-player queryArtistOverview,undocumented read-only web-client endpoint,2LIdnZDzySb04oH40be1fR,Q1145652,Fairport Convention,Fairport Convention,Q84,London,musical group,United Kingdom,,,,,True,accepted_exact_name,True,True,eligible_group_or_duo,True,False
The New Seekers [4jrTNltJtTMUfXybDdsHDn],,4jrTNltJtTMUfXybDdsHDn,The New Seekers,294222,68961,0,2026-07-18T20:45:22.974241+00:00,Spotify web-player queryArtistOverview,undocumented read-only web-client endpoint,4jrTNltJtTMUfXybDdsHDn,Q934498,The New Seekers,The New Seekers,,,musical group,United Kingdom,,,,,True,accepted_exact_name,True,True,eligible_group_or_duo,True,False
Jive Bunny and the Mastermixers [4GzIiGnHYrOnq2LUiD6zdo],,4GzIiGnHYrOnq2LUiD6zdo,Jive Bunny and the Mastermixers,294182,63077,0,2026-07-18T20:45:22.974241+00:00,Spotify web-player queryArtistOverview,undocumented read-only web-client endpoint,4GzIiGnHYrOnq2LUiD6zdo,Q1689719,Jive Bunny and the Mastermixers,Jive Bunny and the Mastermixers,Q217039,Rotherham,musical group,United Kingdom,,,,,True,accepted_exact_name,True,True,eligible_group_or_duo,True,False
The Amazons [7243txmysJ4KbRmH8UAMKO],,7243txmysJ4KbRmH8UAMKO,The Amazons,294130,149873,0,2026-07-18T20:45:22.974241+00:00,Spotify web-player queryArtistOverview,undocumented read-only web-client endpoint,7243txmysJ4KbRmH8UAMKO,Q28754328,The Amazons,The Amazons,,,musical group,United Kingdom,,,,,True,accepted_exact_name,True,True,eligible_group_or_duo,True,False
Mystery Jets [09K1H1DgyIXHsMx2j7KTFX],,09K1H1DgyIXHsMx2j7KTFX,Mystery Jets,291320,170699,0,2026-07-18T20:45:22.974241+00:00,Spotify web-player queryArtistOverview,undocumented read-only web-client endpoint,09K1H1DgyIXHsMx2j7KTFX,Q1956918,Mystery Jets,Mystery Jets,Q3048859,Eel Pie Island,musical group,United Kingdom,,,,,True,accepted_exact_name,True,True,eligible_group_or_duo,True,False
The Divine Comedy [7EV6jW6dotBdvsHj6xPixi],,7EV6jW6dotBdvsHj6xPixi,The Divine Comedy,291037,174650,0,2026-07-18T20:45:22.974241+00:00,Spotify web-player queryArtistOverview,undocumented read-only web-client endpoint,7EV6jW6dotBdvsHj6xPixi,Q1543686,The Divine Comedy,The Divine Comedy,Q26,Northern Ireland,musical group,United Kingdom,,,,,True,accepted_exact_name,True,True,eligible_group_or_duo,True,False
Peter and Gordon [6lHC2EQMEMZiEmSfFloarn],,6lHC2EQMEMZiEmSfFloarn,Peter And Gordon,290650,38450,0,2026-07-18T20:45:22.974241+00:00,Spotify web-player queryArtistOverview,undocumented read-only web-client endpoint,6lHC2EQMEMZiEmSfFloarn,Q1256943,Peter and Gordon,Peter and Gordon,Q145,United Kingdom,male duo|musical duo,United Kingdom,,,,,True,accepted_exact_name,True,True,eligible_group_or_duo,True,False
Sea Girls [45FqwUG4hTT6d39r2HUsUe],,45FqwUG4hTT6d39r2HUsUe,Sea Girls,289846,161623,0,2026-07-18T20:45:22.974241+00:00,Spotify web-player queryArtistOverview,undocumented read-only web-client endpoint,45FqwUG4hTT6d39r2HUsUe,Q3476673,Sea Girls,Sea Girls,Q84,London,musical group,United Kingdom,,,,,True,accepted_exact_name,True,True,eligible_group_or_duo,True,False
GoGo Penguin [19f2JXwlRU26376TCKmp6L],,19f2JXwlRU26376TCKmp6L,GoGo Penguin,289811,295895,0,2026-07-18T20:45:22.974241+00:00,Spotify web-player queryArtistOverview,undocumented read-only web-client endpoint,19f2JXwlRU26376TCKmp6L,Q18151740,GoGo Penguin,GoGo Penguin,Q18125,Manchester,musical group,United Kingdom,,,,,True,accepted_exact_name,True,True,eligible_group_or_duo,True,False
Zola Blood [3oxkIoEAyXXQlLTZXlffLJ],,3oxkIoEAyXXQlLTZXlffLJ,Zola Blood,286256,87001,0,2026-07-18T20:45:22.974241+00:00,Spotify web-player queryArtistOverview,undocumented read-only web-client endpoint,3oxkIoEAyXXQlLTZXlffLJ,Q64832876,Zola Blood,Zola Blood,,,musical group,United Kingdom,,,,,True,accepted_exact_name,True,True,eligible_group_or_duo,True,False
Inspiral Carpets [66GWpx9iLxrvvfhDsG9STP],,66GWpx9iLxrvvfhDsG9STP,Inspiral Carpets,285082,169178,0,2026-07-18T20:45:22.974241+00:00,Spotify web-player queryArtistOverview,undocumented read-only web-client endpoint,66GWpx9iLxrvvfhDsG9STP,Q500492,Inspiral Carpets,Inspiral Carpets,Q202628,Oldham,rock band,United Kingdom,,,,,True,accepted_exact_name,True,True,eligible_group_or_duo,True,False
The Vapors [4K3NWDwBIxgktui14SccR2],,4K3NWDwBIxgktui14SccR2,The Vapors,284360,63462,0,2026-07-18T20:45:22.974241+00:00,Spotify web-player queryArtistOverview,undocumented read-only web-client endpoint,4K3NWDwBIxgktui14SccR2,Q1504687,The Vapors,The Vapors,Q213465,Guildford,musical group,United Kingdom,,,,,True,accepted_exact_name,True,True,eligible_group_or_duo,True,False
Bad Manners [0GShYlUdyLahdsvgKdselx],,0GShYlUdyLahdsvgKdselx,Bad Manners,283186,175516,0,2026-07-18T20:45:22.974241+00:00,Spotify web-player queryArtistOverview,undocumented read-only web-client endpoint,0GShYlUdyLahdsvgKdselx,Q798739,Bad Manners,Bad Manners,Q84,London,musical group,United Kingdom,,,,,True,accepted_exact_name,True,True,eligible_group_or_duo,True,False
Simian Mobile Disco [31DXlldabwPHwu6dYevuzK],,31DXlldabwPHwu6dYevuzK,Simian Mobile Disco,281669,182922,0,2026-07-18T20:45:22.974241+00:00,Spotify web-player queryArtistOverview,undocumented read-only web-client endpoint,31DXlldabwPHwu6dYevuzK,Q585470,Simian Mobile Disco,Simian Mobile Disco,Q84,London,musical group,United Kingdom,,,,,True,accepted_exact_name,True,True,eligible_group_or_duo,True,False
The Boxer Rebellion [7DEseTqRODmSu3C7jxCHl5],,7DEseTqRODmSu3C7jxCHl5,The Boxer Rebellion,280654,126547,0,2026-07-18T20:45:22.974241+00:00,Spotify web-player queryArtistOverview,undocumented read-only web-client endpoint,7DEseTqRODmSu3C7jxCHl5,Q1633685,The Boxer Rebellion,The Boxer Rebellion,Q84,London,musical group,United Kingdom,,,,,True,accepted_exact_name,True,True,eligible_group_or_duo,True,False
Jesus Jones [0roeI3yPusDWwWRzAqTopw],,0roeI3yPusDWwWRzAqTopw,Jesus Jones,280634,66527,0,2026-07-18T20:45:22.974241+00:00,Spotify web-player queryArtistOverview,undocumented read-only web-client endpoint,0roeI3yPusDWwWRzAqTopw,Q4387765,Jesus Jones,Jesus Jones,Q896940,Bradford-on-Avon,musical group,United Kingdom,,,,,True,accepted_exact_name,True,True,eligible_group_or_duo,True,False
The Blue Nile [1GWV70Reko15eV2nHCm0bM],,1GWV70Reko15eV2nHCm0bM,The Blue Nile,278387,109768,0,2026-07-18T20:45:22.974241+00:00,Spotify web-player queryArtistOverview,undocumented read-only web-client endpoint,1GWV70Reko15eV2nHCm0bM,Q1970440,The Blue Nile,The Blue Nile,Q4093,Glasgow,musical group,United Kingdom,,,,,True,accepted_exact_name,True,True,eligible_group_or_duo,True,False
The Dave Clark Five [2HBbky0Z08ZcCKVsXWbNE4],,2HBbky0Z08ZcCKVsXWbNE4,The Dave Clark Five,278011,252497,0,2026-07-18T20:45:22.974241+00:00,Spotify web-player queryArtistOverview,undocumented read-only web-client endpoint,2HBbky0Z08ZcCKVsXWbNE4,Q1141454,The Dave Clark Five,The Dave Clark Five,Q503375,Tottenham,musical group,United Kingdom,,,,,True,accepted_exact_name,True,True,eligible_group_or_duo,True,False
Young Gun Silver Fox [3qQloBz05T6e0rKubNCmjG],,3qQloBz05T6e0rKubNCmjG,Young Gun Silver Fox,276802,77208,0,2026-07-18T20:45:22.974241+00:00,Spotify web-player queryArtistOverview,undocumented read-only web-client endpoint,3qQloBz05T6e0rKubNCmjG,Q100599254,Young Gun Silver Fox,Young Gun Silver Fox,,,musical duo,United Kingdom,,,,,True,accepted_exact_name,True,True,eligible_group_or_duo,True,False
OceanLab [0aTdKgInKeMlNnwWSa1YPT],,0aTdKgInKeMlNnwWSa1YPT,OceanLab,276395,83360,0,2026-07-18T20:45:22.974241+00:00,Spotify web-player queryArtistOverview,undocumented read-only web-client endpoint,0aTdKgInKeMlNnwWSa1YPT,Q1971039,OceanLab,OceanLab,Q84,London,musical group,United Kingdom,,,,,True,accepted_exact_name,True,True,eligible_group_or_duo,True,False
The Cribs [51Eq6WMVEOjjx9KQMAnneG],,51Eq6WMVEOjjx9KQMAnneG,The Cribs,276100,212021,0,2026-07-18T20:45:22.974241+00:00,Spotify web-player queryArtistOverview,undocumented read-only web-client endpoint,51Eq6WMVEOjjx9KQMAnneG,Q1146764,The Cribs,The Cribs,Q216638,Wakefield,musical group,United Kingdom,,,,,True,accepted_exact_name,True,True,eligible_group_or_duo,True,False
World News [3VQXCMRCSzdKek71OkAL3Q],,3VQXCMRCSzdKek71OkAL3Q,World News,276065,17710,0,2026-07-18T20:45:22.974241+00:00,Spotify web-player queryArtistOverview,undocumented read-only web-client endpoint,3VQXCMRCSzdKek71OkAL3Q,Q135966902,World News,World News,Q131491,Brighton,musical group,United Kingdom,,,,,True,accepted_exact_name,True,True,eligible_group_or_duo,True,False
Wire [2i8ynmFv4qgRksyDlBgi6d],,2i8ynmFv4qgRksyDlBgi6d,Wire,272502,240002,0,2026-07-18T20:45:22.974241+00:00,Spotify web-player queryArtistOverview,undocumented read-only web-client endpoint,2i8ynmFv4qgRksyDlBgi6d,Q1135620,Wire,Wire,Q84,London,musical group,United Kingdom,,,,,True,accepted_exact_name,True,True,eligible_group_or_duo,True,False
Reverend and The Makers [14GEKKALFIO2oB9IdGXg2e],,14GEKKALFIO2oB9IdGXg2e,Reverend And The Makers,271305,95993,0,2026-07-18T20:45:22.974241+00:00,Spotify web-player queryArtistOverview,undocumented read-only web-client endpoint,14GEKKALFIO2oB9IdGXg2e,Q2146848,Reverend and The Makers,Reverend and The Makers,Q42448,Sheffield,musical group,United Kingdom,,,,,True,accepted_exact_name,True,True,eligible_group_or_duo,True,False
Reef [191Koh7PSIi28IrGAGoINO],,191Koh7PSIi28IrGAGoINO,Reef,269572,68741,0,2026-07-18T20:45:22.974241+00:00,Spotify web-player queryArtistOverview,undocumented read-only web-client endpoint,191Koh7PSIi28IrGAGoINO,Q652420,Reef,Reef,Q210891,Glastonbury,rock band,United Kingdom,,,,,True,accepted_exact_name,True,True,eligible_group_or_duo,True,False
Cinnamon Chasers [3q7uty73JMtjzCSJdGQD7B],,3q7uty73JMtjzCSJdGQD7B,Cinnamon Chasers,269301,52546,0,2026-07-18T20:45:22.974241+00:00,Spotify web-player queryArtistOverview,undocumented read-only web-client endpoint,3q7uty73JMtjzCSJdGQD7B,Q2669700,Cinnamon Chasers,Cinnamon Chasers,,,musical group,United Kingdom,,,,,True,accepted_exact_name,True,True,eligible_group_or_duo,True,False
Nu:Logic [5pL8Q5xbDLEDE6JvYMXX9u],,5pL8Q5xbDLEDE6JvYMXX9u,Nu:Logic,269288,41401,0,2026-07-18T20:45:22.974241+00:00,Spotify web-player queryArtistOverview,undocumented read-only web-client endpoint,5pL8Q5xbDLEDE6JvYMXX9u,Q7067693,Nu:Logic,Nu:Logic,Q350,Cambridge,group of siblings|musical duo,United Kingdom,,,,,True,accepted_exact_name,True,True,eligible_group_or_duo,True,False
Stiff Little Fingers [2bt3I0VkmYuPvP57sxokab],,2bt3I0VkmYuPvP57sxokab,Stiff Little Fingers,266703,236374,0,2026-07-18T20:45:22.974241+00:00,Spotify web-player queryArtistOverview,undocumented read-only web-client endpoint,2bt3I0VkmYuPvP57sxokab,Q1538935,Stiff Little Fingers,Stiff Little Fingers,Q10686,Belfast,musical group,United Kingdom,,,,,True,accepted_exact_name,True,True,eligible_group_or_duo,True,False
Grace [1DlbW0TOOja6uqR4CHAaeg],,1DlbW0TOOja6uqR4CHAaeg,Grace,266321,9154,0,2026-07-18T20:45:22.974241+00:00,Spotify web-player queryArtistOverview,undocumented read-only web-client endpoint,1DlbW0TOOja6uqR4CHAaeg,Q5590943,Grace,Grace,,,musical group,United Kingdom,,,,,True,accepted_exact_name,True,True,eligible_group_or_duo,True,False
English Baroque Soloists [3OtZV9aCZ6G004vjOQcf59],,3OtZV9aCZ6G004vjOQcf59,English Baroque Soloists,264558,19960,0,2026-07-18T20:45:22.974241+00:00,Spotify web-player queryArtistOverview,undocumented read-only web-client endpoint,3OtZV9aCZ6G004vjOQcf59,Q1342808,English Baroque Soloists,English Baroque Soloists,Q84,London,chamber orchestra,United Kingdom,,,,,True,accepted_exact_name,True,False,excluded_orchestra,True,False
Lostprophets [7KnaZr690xW0sCihF9Z8oP],,7KnaZr690xW0sCihF9Z8oP,lostprophets,264396,179652,0,2026-07-18T20:45:22.974241+00:00,Spotify web-player queryArtistOverview,undocumented read-only web-client endpoint,7KnaZr690xW0sCihF9Z8oP,Q18852,Lostprophets,Lostprophets,Q1024900,Pontypridd,musical group,United Kingdom,,,,,True,accepted_exact_name,True,True,eligible_group_or_duo,True,False
Moose Blood [5fEKZRCUa0JApec5Xy095q],,5fEKZRCUa0JApec5Xy095q,Moose Blood,263954,194936,0,2026-07-18T20:45:22.974241+00:00,Spotify web-player queryArtistOverview,undocumented read-only web-client endpoint,5fEKZRCUa0JApec5Xy095q,Q18712447,Moose Blood,Moose Blood,Q1094104,Canterbury,musical group,United Kingdom,,,,,True,accepted_exact_name,True,True,eligible_group_or_duo,True,False
After the Fire [194g4SFwSSzyPtgkH7v3Cx],,194g4SFwSSzyPtgkH7v3Cx,After The Fire,261736,24888,0,2026-07-18T20:45:22.974241+00:00,Spotify web-player queryArtistOverview,undocumented read-only web-client endpoint,194g4SFwSSzyPtgkH7v3Cx,Q389095,After the Fire,After the Fire,Q84,London,musical group,United Kingdom,,,,,True,accepted_exact_name,True,True,eligible_group_or_duo,True,False
Bow Wow Wow [52K4ArhA4OgMO7AsyEgqCT],,52K4ArhA4OgMO7AsyEgqCT,Bow Wow Wow,261338,131599,0,2026-07-18T20:45:22.974241+00:00,Spotify web-player queryArtistOverview,undocumented read-only web-client endpoint,52K4ArhA4OgMO7AsyEgqCT,Q895390,Bow Wow Wow,Bow Wow Wow,Q84,London,rock band,United Kingdom,,,,,True,accepted_exact_name,True,True,eligible_group_or_duo,True,False
Danny Wilson [2qsc1hUhG2UrNZhByveJ6x],,2qsc1hUhG2UrNZhByveJ6x,Danny Wilson,260573,29191,0,2026-07-18T20:45:22.974241+00:00,Spotify web-player queryArtistOverview,undocumented read-only web-client endpoint,2qsc1hUhG2UrNZhByveJ6x,Q365099,Danny Wilson,Danny Wilson,Q1011960,Leuchars,musical group,United Kingdom,,,,,True,accepted_exact_name,True,True,eligible_group_or_duo,True,False
Levitation [231kUXNyI5BYxIvZacVbCu],,231kUXNyI5BYxIvZacVbCu,Levitation,260389,7922,0,2026-07-18T20:45:22.974241+00:00,Spotify web-player queryArtistOverview,undocumented read-only web-client endpoint,231kUXNyI5BYxIvZacVbCu,Q6535703,Levitation,Levitation,Q84,London,musical group,United Kingdom,,,,,True,accepted_exact_name,True,True,eligible_group_or_duo,True,False
The Orb [5HAtRoEPUvGSA7ziTGB1cF],,5HAtRoEPUvGSA7ziTGB1cF,The Orb,260320,214298,0,2026-07-18T20:45:22.974241+00:00,Spotify web-player queryArtistOverview,undocumented read-only web-client endpoint,5HAtRoEPUvGSA7ziTGB1cF,Q924993,The Orb,The Orb,Q84,London,musical group,England|United Kingdom,,,,,True,accepted_exact_name,True,True,eligible_group_or_duo,True,False
Mud [3cqIsBnzV3BabbPWKz8Txf],,3cqIsBnzV3BabbPWKz8Txf,Mud,259860,92756,0,2026-07-18T20:45:22.974241+00:00,Spotify web-player queryArtistOverview,undocumented read-only web-client endpoint,3cqIsBnzV3BabbPWKz8Txf,Q1471676,Mud,Mud,Q84,London,musical group,United Kingdom,,,,,True,accepted_exact_name,True,True,eligible_group_or_duo,True,False
Anti Up [4UwR1ir6PovnQiwX5jRPvF],,4UwR1ir6PovnQiwX5jRPvF,Anti Up,259333,52163,0,2026-07-18T20:45:22.974241+00:00,Spotify web-player queryArtistOverview,undocumented read-only web-client endpoint,4UwR1ir6PovnQiwX5jRPvF,Q113199573,Anti Up,Anti Up,,,male duo|musical duo,United Kingdom,,,,,True,accepted_exact_name,True,True,eligible_group_or_duo,True,False
As It Is [3IXtskFMls8KXRipcIJT9y],,3IXtskFMls8KXRipcIJT9y,AS IT IS,259244,161720,0,2026-07-18T20:45:22.974241+00:00,Spotify web-player queryArtistOverview,undocumented read-only web-client endpoint,3IXtskFMls8KXRipcIJT9y,Q19654688,As It Is,As It Is,,,musical group,United Kingdom,,,,,True,accepted_exact_name,True,True,eligible_group_or_duo,True,False
Propellerheads [3Z7thZHrtFvqp8OpPffPKp],,3Z7thZHrtFvqp8OpPffPKp,Propellerheads,258314,173478,0,2026-07-18T20:45:22.974241+00:00,Spotify web-player queryArtistOverview,undocumented read-only web-client endpoint,3Z7thZHrtFvqp8OpPffPKp,Q1426055,Propellerheads,Propellerheads,,,musical group,United Kingdom,,,,,True,accepted_exact_name,True,True,eligible_group_or_duo,True,False
Ten Fé [3cohAS2UQTaOo80kCn8qjT],,3cohAS2UQTaOo80kCn8qjT,Ten Fé,257636,50901,0,2026-07-18T20:45:22.974241+00:00,Spotify web-player queryArtistOverview,undocumented read-only web-client endpoint,3cohAS2UQTaOo80kCn8qjT,Q56757496,Ten Fé,Ten Fé,,,musical group|pop band,England|United Kingdom,,,,,True,accepted_exact_name,True,True,eligible_group_or_duo,True,False
The Zutons [2qV7axHq9Jk7QqFcB3f05A],,2qV7axHq9Jk7QqFcB3f05A,The Zutons,254373,160719,0,2026-07-18T20:45:22.974241+00:00,Spotify web-player queryArtistOverview,undocumented read-only web-client endpoint,2qV7axHq9Jk7QqFcB3f05A,Q1142296,The Zutons,The Zutons,Q24826,Liverpool,musical group,United Kingdom,,,,,True,accepted_exact_name,True,True,eligible_group_or_duo,True,False
Q128482668 [6ydvoGN30eRfE78bjTANF7],,6ydvoGN30eRfE78bjTANF7,Sad Night Dynamite,253077,83934,0,2026-07-18T20:45:22.974241+00:00,Spotify web-player queryArtistOverview,undocumented read-only web-client endpoint,6ydvoGN30eRfE78bjTANF7,Q128482668,Q128482668,Q128482668,,,musical group,United Kingdom,,,,,False,rejected_name_mismatch,False,True,eligible_group_or_duo,True,False
Bucks Fizz [5ZfzzHE7rxONfoksJsLXrX],,5ZfzzHE7rxONfoksJsLXrX,Bucks Fizz,252247,70385,0,2026-07-18T20:45:22.974241+00:00,Spotify web-player queryArtistOverview,undocumented read-only web-client endpoint,5ZfzzHE7rxONfoksJsLXrX,Q839831,Bucks Fizz,Bucks Fizz,Q145,United Kingdom,musical group,United Kingdom,,,,,True,accepted_exact_name,True,True,eligible_group_or_duo,True,False
Portico Quartet [7sYipTRgDXS2JVOPEhRutx],,7sYipTRgDXS2JVOPEhRutx,Portico Quartet,251925,213988,0,2026-07-18T20:45:22.974241+00:00,Spotify web-player queryArtistOverview,undocumented read-only web-client endpoint,7sYipTRgDXS2JVOPEhRutx,Q3399302,Portico Quartet,Portico Quartet,Q84,London,musical group,United Kingdom,,,,,True,accepted_exact_name,True,True,eligible_group_or_duo,True,False
Frightened Rabbit [6fVcDUckTwxqg56qNsEvUr],,6fVcDUckTwxqg56qNsEvUr,Frightened Rabbit,251709,255039,0,2026-07-18T20:45:22.974241+00:00,Spotify web-player queryArtistOverview,undocumented read-only web-client endpoint,6fVcDUckTwxqg56qNsEvUr,Q1464866,Frightened Rabbit,Frightened Rabbit,Q772507,Selkirk,musical group,United Kingdom,,,,,True,accepted_exact_name,True,True,eligible_group_or_duo,True,False
Stanton Warriors [7GeAzBsalYANXTi1ReOm1R],,7GeAzBsalYANXTi1ReOm1R,Stanton Warriors,251667,70322,0,2026-07-18T20:45:22.974241+00:00,Spotify web-player queryArtistOverview,undocumented read-only web-client endpoint,7GeAzBsalYANXTi1ReOm1R,Q7600283,Stanton Warriors,Stanton Warriors,,,musical duo,United Kingdom,,,,,True,accepted_exact_name,True,True,eligible_group_or_duo,True,False
The Horrors [7EFB09NxZrMi9pGlOnuBpd],,7EFB09NxZrMi9pGlOnuBpd,The Horrors,251304,296621,0,2026-07-18T20:45:22.974241+00:00,Spotify web-player queryArtistOverview,undocumented read-only web-client endpoint,7EFB09NxZrMi9pGlOnuBpd,Q1138555,The Horrors,The Horrors,Q203995,Southend-on-Sea,rock band,United Kingdom,,,,,True,accepted_exact_name,True,True,eligible_group_or_duo,True,False
Uniting Nations [6EK2381dTQEvcn3KrnMOWQ],,6EK2381dTQEvcn3KrnMOWQ,Uniting Nations,251123,11305,0,2026-07-18T20:45:22.974241+00:00,Spotify web-player queryArtistOverview,undocumented read-only web-client endpoint,6EK2381dTQEvcn3KrnMOWQ,Q1476064,Uniting Nations,Uniting Nations,Q24826,Liverpool,musical group,United Kingdom,,,,,True,accepted_exact_name,True,True,eligible_group_or_duo,True,False
Viola Beach [7DruTvBV7owt1aSAZHsU58],,7DruTvBV7owt1aSAZHsU58,Viola Beach,245749,146142,0,2026-07-18T20:45:22.974241+00:00,Spotify web-player queryArtistOverview,undocumented read-only web-client endpoint,7DruTvBV7owt1aSAZHsU58,Q22712305,Viola Beach,Viola Beach,Q215733,Warrington,musical group,United Kingdom,,,,,True,accepted_exact_name,True,True,eligible_group_or_duo,True,False
VNV Nation [4KlYg0F5KG9QNDFKaeTNAy],,4KlYg0F5KG9QNDFKaeTNAy,VNV Nation,245699,225268,0,2026-07-18T20:45:22.974241+00:00,Spotify web-player queryArtistOverview,undocumented read-only web-client endpoint,4KlYg0F5KG9QNDFKaeTNAy,Q727124,VNV Nation,VNV Nation,Q84,London,musical group,United Kingdom,,,,,True,accepted_exact_name,True,True,eligible_group_or_duo,True,False
Big Audio Dynamite [7hqZBHSgDs1odG9aupMzEI],,7hqZBHSgDs1odG9aupMzEI,Big Audio Dynamite,244576,159697,0,2026-07-18T20:45:22.974241+00:00,Spotify web-player queryArtistOverview,undocumented read-only web-client endpoint,7hqZBHSgDs1odG9aupMzEI,Q239474,Big Audio Dynamite,Big Audio Dynamite,Q84,London,musical group,United Kingdom,,,,,True,accepted_exact_name,True,True,eligible_group_or_duo,True,False
BBC Scottish Symphony Orchestra [3CufywuKIBC8WhWNvzTQr1],,3CufywuKIBC8WhWNvzTQr1,BBC Scottish Symphony Orchestra,240317,12102,0,2026-07-18T20:45:22.974241+00:00,Spotify web-player queryArtistOverview,undocumented read-only web-client endpoint,3CufywuKIBC8WhWNvzTQr1,Q795609,BBC Scottish Symphony Orchestra,BBC Scottish Symphony Orchestra,Q22,Scotland,orchestra|symphony orchestra,United Kingdom,,,,,True,accepted_exact_name,True,False,excluded_orchestra,True,False
The Tremeloes [2VL8sLEJ6lHEwocjc1pN9w],,2VL8sLEJ6lHEwocjc1pN9w,The Tremeloes,239363,158758,0,2026-07-18T20:45:22.974241+00:00,Spotify web-player queryArtistOverview,undocumented read-only web-client endpoint,2VL8sLEJ6lHEwocjc1pN9w,Q177364,The Tremeloes,The Tremeloes,Q23240,Essex,rock band,United Kingdom,,,,,True,accepted_exact_name,True,True,eligible_group_or_duo,True,False
Dirty Vegas [2IkHcHKErbWa0TA14yHkbl],,2IkHcHKErbWa0TA14yHkbl,Dirty Vegas,237782,57837,0,2026-07-18T20:45:22.974241+00:00,Spotify web-player queryArtistOverview,undocumented read-only web-client endpoint,2IkHcHKErbWa0TA14yHkbl,Q1228291,Dirty Vegas,Dirty Vegas,,,musical group,United Kingdom,,,,,True,accepted_exact_name,True,True,eligible_group_or_duo,True,False
Sylosis [2RiGIRDi4GoJpDbjDnPVJl],,2RiGIRDi4GoJpDbjDnPVJl,Sylosis,236596,189903,0,2026-07-18T20:45:22.974241+00:00,Spotify web-player queryArtistOverview,undocumented read-only web-client endpoint,2RiGIRDi4GoJpDbjDnPVJl,Q1631741,Sylosis,Sylosis,Q161491,Reading,musical group,United Kingdom,,,,,True,accepted_exact_name,True,True,eligible_group_or_duo,True,False
This Mortal Coil [5OK8j1JnhoBlivN32G7yOO],,5OK8j1JnhoBlivN32G7yOO,This Mortal Coil,236565,200368,0,2026-07-18T20:45:22.974241+00:00,Spotify web-player queryArtistOverview,undocumented read-only web-client endpoint,5OK8j1JnhoBlivN32G7yOO,Q1754136,This Mortal Coil,This Mortal Coil,Q145,United Kingdom,musical group,United Kingdom,,,,,True,accepted_exact_name,True,True,eligible_group_or_duo,True,False
Bondax [4qobOrZpdUri80gScwsHfs],,4qobOrZpdUri80gScwsHfs,Bondax,235766,111883,0,2026-07-18T20:45:22.974241+00:00,Spotify web-player queryArtistOverview,undocumented read-only web-client endpoint,4qobOrZpdUri80gScwsHfs,Q15528102,Bondax,Bondax,,,musical duo,United Kingdom,,,,,True,accepted_exact_name,True,True,eligible_group_or_duo,True,False
Humble Pie [2CxLP749mup3ncPrXgCnvU],,2CxLP749mup3ncPrXgCnvU,Humble Pie,234347,375622,0,2026-07-18T20:45:22.974241+00:00,Spotify web-player queryArtistOverview,undocumented read-only web-client endpoint,2CxLP749mup3ncPrXgCnvU,Q664459,Humble Pie,Humble Pie,Q1017049,Moreton,rock band,United Kingdom,,,,,True,accepted_exact_name,True,True,eligible_group_or_duo,True,False
Haircut One Hundred [6imyM8T1Xbe8v2iZe41dR7],,6imyM8T1Xbe8v2iZe41dR7,Haircut 100,233270,99361,0,2026-07-18T20:45:22.974241+00:00,Spotify web-player queryArtistOverview,undocumented read-only web-client endpoint,6imyM8T1Xbe8v2iZe41dR7,Q366679,Haircut One Hundred,Haircut One Hundred,Q123372,Beckenham,musical group,United Kingdom,,,,,False,rejected_name_mismatch,False,True,eligible_group_or_duo,True,False
Rivers & Robots [41yDmxekjnWShKi6nRmzZ4],,41yDmxekjnWShKi6nRmzZ4,Rivers & Robots,233180,136616,0,2026-07-18T20:45:22.974241+00:00,Spotify web-player queryArtistOverview,undocumented read-only web-client endpoint,41yDmxekjnWShKi6nRmzZ4,Q22080889,Rivers & Robots,Rivers & Robots,,,musical group,United Kingdom,,,,,True,accepted_exact_name,True,True,eligible_group_or_duo,True,False
This Is The Kit [0ZUyFEafMwocvApBjTXvdo],,0ZUyFEafMwocvApBjTXvdo,This Is The Kit,229902,129605,0,2026-07-18T20:45:22.974241+00:00,Spotify web-player queryArtistOverview,undocumented read-only web-client endpoint,0ZUyFEafMwocvApBjTXvdo,Q15044932,This Is The Kit,This Is The Kit,Q172157,Winchester,musical group,United Kingdom,,,,,True,accepted_exact_name,True,True,eligible_group_or_duo,True,False
Levellers [1TrwMxRrrlk0hZxJkw4jUF],,1TrwMxRrrlk0hZxJkw4jUF,Levellers,228842,94240,0,2026-07-18T20:45:22.974241+00:00,Spotify web-player queryArtistOverview,undocumented read-only web-client endpoint,1TrwMxRrrlk0hZxJkw4jUF,Q1380135,Levellers,Levellers,Q131491,Brighton,musical group,United Kingdom,,,,,True,accepted_exact_name,True,True,eligible_group_or_duo,True,False
New Model Army [7n1EM42Fseebd9H2p8eWWS],,7n1EM42Fseebd9H2p8eWWS,New Model Army,226980,124775,0,2026-07-18T20:45:22.974241+00:00,Spotify web-player queryArtistOverview,undocumented read-only web-client endpoint,7n1EM42Fseebd9H2p8eWWS,Q1501951,New Model Army,New Model Army,Q22905,Q22905,rock band,United Kingdom,,,,,True,accepted_exact_name,True,True,eligible_group_or_duo,True,False
We Were Promised Jetpacks [3gnrmLahFhVXRI9DA1MImH],,3gnrmLahFhVXRI9DA1MImH,We Were Promised Jetpacks,226591,142629,0,2026-07-18T20:45:22.974241+00:00,Spotify web-player queryArtistOverview,undocumented read-only web-client endpoint,3gnrmLahFhVXRI9DA1MImH,Q1488607,We Were Promised Jetpacks,We Were Promised Jetpacks,Q23436,Edinburgh,musical group,United Kingdom,,,,,True,accepted_exact_name,True,True,eligible_group_or_duo,True,False
Athlete [6C0JkmxU2cgkVzotHJgfW7],,6C0JkmxU2cgkVzotHJgfW7,Athlete,225403,142136,0,2026-07-18T20:45:22.974241+00:00,Spotify web-player queryArtistOverview,undocumented read-only web-client endpoint,6C0JkmxU2cgkVzotHJgfW7,Q580268,Athlete,Athlete,Q2308650,Deptford,rock band,United Kingdom,,,,,True,accepted_exact_name,True,True,eligible_group_or_duo,True,False
Living in a Box [4W2dcPOyD7eSfJCPHCfwoA],,4W2dcPOyD7eSfJCPHCfwoA,Living In A Box,223338,94130,0,2026-07-18T20:45:22.974241+00:00,Spotify web-player queryArtistOverview,undocumented read-only web-client endpoint,4W2dcPOyD7eSfJCPHCfwoA,Q1866528,Living in a Box,Living in a Box,Q42448,Sheffield,musical group,United Kingdom,,,,,True,accepted_exact_name,True,True,eligible_group_or_duo,True,False
The Temperance Movement [3SUI6pbPumjijbLHHY6vss],,3SUI6pbPumjijbLHHY6vss,The Temperance Movement,223097,80272,0,2026-07-18T20:45:22.974241+00:00,Spotify web-player queryArtistOverview,undocumented read-only web-client endpoint,3SUI6pbPumjijbLHHY6vss,Q14957024,The Temperance Movement,The Temperance Movement,,,musical group,United Kingdom,,,,,True,accepted_exact_name,True,True,eligible_group_or_duo,True,False
Spiritualized [6DKmuXxXASTF6xaJwcTfjv],,6DKmuXxXASTF6xaJwcTfjv,Spiritualized,222247,285400,0,2026-07-18T20:45:22.974241+00:00,Spotify web-player queryArtistOverview,undocumented read-only web-client endpoint,6DKmuXxXASTF6xaJwcTfjv,Q1144015,Spiritualized,Spiritualized,Q623765,Rugby,musical group,United Kingdom,,,,,True,accepted_exact_name,True,True,eligible_group_or_duo,True,False
Blancmange [3LtBdgNHdH0Ix8hCFZ4NJG],,3LtBdgNHdH0Ix8hCFZ4NJG,Blancmange,221240,123820,0,2026-07-18T20:45:22.974241+00:00,Spotify web-player queryArtistOverview,undocumented read-only web-client endpoint,3LtBdgNHdH0Ix8hCFZ4NJG,Q594199,Blancmange,Blancmange,Q54961,Harrow,male duo|musical duo,United Kingdom,,,,,True,accepted_exact_name,True,True,eligible_group_or_duo,True,False
The Nolans [2H32fphWQj9hhVuCOKkchM],,2H32fphWQj9hhVuCOKkchM,The Nolans,217117,39473,0,2026-07-18T20:45:22.974241+00:00,Spotify web-player queryArtistOverview,undocumented read-only web-client endpoint,2H32fphWQj9hhVuCOKkchM,Q1038777,The Nolans,The Nolans,Q1761,Dublin,girl group,United Kingdom,,,,,True,accepted_exact_name,True,True,eligible_group_or_duo,True,False
Utah Saints [2KB6LGMBaOYYYdvvgyptFH],,2KB6LGMBaOYYYdvvgyptFH,Utah Saints,216105,53925,0,2026-07-18T20:45:22.974241+00:00,Spotify web-player queryArtistOverview,undocumented read-only web-client endpoint,2KB6LGMBaOYYYdvvgyptFH,Q2036827,Utah Saints,Utah Saints,,,musical group,United Kingdom,,,,,True,accepted_exact_name,True,True,eligible_group_or_duo,True,False
Friendly Fires [3mZqziCJj4pq3P2VBpmK6p],,3mZqziCJj4pq3P2VBpmK6p,Friendly Fires,215715,235528,0,2026-07-18T20:45:22.974241+00:00,Spotify web-player queryArtistOverview,undocumented read-only web-client endpoint,3mZqziCJj4pq3P2VBpmK6p,Q1464530,Friendly Fires,Friendly Fires,Q6226,St Albans,musical group,United Kingdom,,,,,True,accepted_exact_name,True,True,eligible_group_or_duo,True,False
Jon and Vangelis [5gS1uXayWA0WJPgcRqNIae],,5gS1uXayWA0WJPgcRqNIae,Jon & Vangelis,215210,216463,0,2026-07-18T20:45:22.974241+00:00,Spotify web-player queryArtistOverview,undocumented read-only web-client endpoint,5gS1uXayWA0WJPgcRqNIae,Q1538236,Jon and Vangelis,Jon and Vangelis,Q41,Greece,male duo|musical duo,United Kingdom,,,,,False,rejected_name_mismatch,False,True,eligible_group_or_duo,True,False
Coldcut [5wnhqlZzXIq8aO9awQO2ND],,5wnhqlZzXIq8aO9awQO2ND,Coldcut,214514,66493,0,2026-07-18T20:45:22.974241+00:00,Spotify web-player queryArtistOverview,undocumented read-only web-client endpoint,5wnhqlZzXIq8aO9awQO2ND,Q698224,Coldcut,Coldcut,,,musical group,United Kingdom,,,,,True,accepted_exact_name,True,True,eligible_group_or_duo,True,False
Haken [2SRIVGDkdqQnrQdaXxDkJt],,2SRIVGDkdqQnrQdaXxDkJt,Haken,213215,248459,0,2026-07-18T20:45:22.974241+00:00,Spotify web-player queryArtistOverview,undocumented read-only web-client endpoint,2SRIVGDkdqQnrQdaXxDkJt,Q774774,Haken,Haken,Q84,London,musical group,United Kingdom,,,,,True,accepted_exact_name,True,True,eligible_group_or_duo,True,False
Juno Reactor [1Pe3z1UqRzKsQtHsl25dm6],,1Pe3z1UqRzKsQtHsl25dm6,Juno Reactor,212577,99783,0,2026-07-18T20:45:22.974241+00:00,Spotify web-player queryArtistOverview,undocumented read-only web-client endpoint,1Pe3z1UqRzKsQtHsl25dm6,Q1410018,Juno Reactor,Juno Reactor,Q84,London,musical group,United Kingdom,,,,,True,accepted_exact_name,True,True,eligible_group_or_duo,True,False
Fun Boy Three [1dmEUAQBopYUrsMnQnScWL],,1dmEUAQBopYUrsMnQnScWL,Fun Boy Three,210879,123794,0,2026-07-18T20:45:22.974241+00:00,Spotify web-player queryArtistOverview,undocumented read-only web-client endpoint,1dmEUAQBopYUrsMnQnScWL,Q1473992,Fun Boy Three,Fun Boy Three,,,musical group,United Kingdom,,,,,True,accepted_exact_name,True,True,eligible_group_or_duo,True,False
City of Birmingham Symphony Orchestra [6wuudWq7XpVutoFp4bsVDo],,6wuudWq7XpVutoFp4bsVDo,City Of Birmingham Symphony Orchestra,209101,12720,0,2026-07-18T20:45:22.974241+00:00,Spotify web-player queryArtistOverview,undocumented read-only web-client endpoint,6wuudWq7XpVutoFp4bsVDo,Q706774,City of Birmingham Symphony Orchestra,City of Birmingham Symphony Orchestra,Q2256,Birmingham,charitable organization|orchestra,United Kingdom,,,,,True,accepted_exact_name,True,False,excluded_orchestra,True,False
Ritual [3RP50pmG8Wz1mhNCidQj68],,3RP50pmG8Wz1mhNCidQj68,RITUAL,208784,49910,0,2026-07-18T20:45:22.974241+00:00,Spotify web-player queryArtistOverview,undocumented read-only web-client endpoint,3RP50pmG8Wz1mhNCidQj68,Q60752425,Ritual,Ritual,,,musical group,United Kingdom,,,,,True,accepted_exact_name,True,True,eligible_group_or_duo,True,False
The Sound [4hzCcF4Leos2sKnz79nwhz],,4hzCcF4Leos2sKnz79nwhz,The Sound,207467,119926,0,2026-07-18T20:45:22.974241+00:00,Spotify web-player queryArtistOverview,undocumented read-only web-client endpoint,4hzCcF4Leos2sKnz79nwhz,Q732151,The Sound,The Sound,Q84,London,musical group,United Kingdom,,,,,True,accepted_exact_name,True,True,eligible_group_or_duo,True,False
Sea of Thieves [5zbAdSKQiTetVoHnbHvsDg],,5zbAdSKQiTetVoHnbHvsDg,Sea of Thieves,205720,99748,0,2026-07-18T20:45:22.974241+00:00,Spotify web-player queryArtistOverview,undocumented read-only web-client endpoint,5zbAdSKQiTetVoHnbHvsDg,Q20113718,Sea of Thieves,Sea of Thieves,,,esports discipline|video game,United Kingdom,,,,,True,accepted_exact_name,True,True,eligible_group_or_duo,True,False
Mammal Hands [497rp5TEzJffeBnUT0BeE1],,497rp5TEzJffeBnUT0BeE1,Mammal Hands,205120,143732,0,2026-07-18T20:45:22.974241+00:00,Spotify web-player queryArtistOverview,undocumented read-only web-client endpoint,497rp5TEzJffeBnUT0BeE1,Q18984313,Mammal Hands,Mammal Hands,,,musical group,United Kingdom,,,,,True,accepted_exact_name,True,True,eligible_group_or_duo,True,False
Public Service Broadcasting [6VsiDFMZJlJ053P1uO4A6h],,6VsiDFMZJlJ053P1uO4A6h,Public Service Broadcasting,204661,191872,0,2026-07-18T20:45:22.974241+00:00,Spotify web-player queryArtistOverview,undocumented read-only web-client endpoint,6VsiDFMZJlJ053P1uO4A6h,Q7257602,Public Service Broadcasting,Public Service Broadcasting,Q84,London,musical group,United Kingdom,,,,,True,accepted_exact_name,True,True,eligible_group_or_duo,True,False
Paper Lace [33W24YuaMUEk85MwRX6cRs],,33W24YuaMUEk85MwRX6cRs,Paper Lace,203759,42819,0,2026-07-18T20:45:22.974241+00:00,Spotify web-player queryArtistOverview,undocumented read-only web-client endpoint,33W24YuaMUEk85MwRX6cRs,Q2050633,Paper Lace,Paper Lace,Q41262,Nottingham,pop band,United Kingdom,,,,,True,accepted_exact_name,True,True,eligible_group_or_duo,True,False
Planet Perfecto [3Q9P0SbpaP9xsBtLUVK0Be],,3Q9P0SbpaP9xsBtLUVK0Be,Planet Perfecto,203707,10221,0,2026-07-18T20:45:22.974241+00:00,Spotify web-player queryArtistOverview,undocumented read-only web-client endpoint,3Q9P0SbpaP9xsBtLUVK0Be,Q7201145,Planet Perfecto,Planet Perfecto,,,musical group,United Kingdom,,,,,True,accepted_exact_name,True,True,eligible_group_or_duo,True,False
Venom [5fwaejlOHVBAw1KhIPPaQe],,5fwaejlOHVBAw1KhIPPaQe,Venom,203523,617815,0,2026-07-18T20:45:22.974241+00:00,Spotify web-player queryArtistOverview,undocumented read-only web-client endpoint,5fwaejlOHVBAw1KhIPPaQe,Q192861,Venom,Venom,Q1425428,Newcastle upon Tyne,musical group,United Kingdom,,,,,True,accepted_exact_name,True,True,eligible_group_or_duo,True,False
Lemon Jelly [5uh8Bhewltd8j0TLZjNImc],,5uh8Bhewltd8j0TLZjNImc,Lemon Jelly,203232,188511,0,2026-07-18T20:45:22.974241+00:00,Spotify web-player queryArtistOverview,undocumented read-only web-client endpoint,5uh8Bhewltd8j0TLZjNImc,Q1444372,Lemon Jelly,Lemon Jelly,Q84,London,musical group,United Kingdom,,,,,True,accepted_exact_name,True,True,eligible_group_or_duo,True,False
The Go! Team [6veTV9sF06FBf2KN0xAdvo],,6veTV9sF06FBf2KN0xAdvo,The Go! Team,202864,101993,0,2026-07-18T20:45:22.974241+00:00,Spotify web-player queryArtistOverview,undocumented read-only web-client endpoint,6veTV9sF06FBf2KN0xAdvo,Q1514317,The Go! Team,The Go! Team,Q131491,Brighton,musical group,United Kingdom,,,,,True,accepted_exact_name,True,True,eligible_group_or_duo,True,False
Sam and the Womp [3tgiOZXeC1DIimfprvfL64],,3tgiOZXeC1DIimfprvfL64,Sam And The Womp,201092,49372,0,2026-07-18T20:45:22.974241+00:00,Spotify web-player queryArtistOverview,undocumented read-only web-client endpoint,3tgiOZXeC1DIimfprvfL64,Q2115414,Sam and the Womp,Sam and the Womp,,,musical group,United Kingdom,,,,,True,accepted_exact_name,True,True,eligible_group_or_duo,True,False
Virus Syndicate [0NV5eY4Jzg4ldg2ikGnV4n],,0NV5eY4Jzg4ldg2ikGnV4n,Virus Syndicate,200462,68866,0,2026-07-18T20:45:22.974241+00:00,Spotify web-player queryArtistOverview,undocumented read-only web-client endpoint,0NV5eY4Jzg4ldg2ikGnV4n,Q14158679,Virus Syndicate,Virus Syndicate,,,musical group,United Kingdom,,,,,True,accepted_exact_name,True,True,eligible_group_or_duo,True,False
The Twilight Sad [6e6GkaF6uiSEFuTrlvDJUF],,6e6GkaF6uiSEFuTrlvDJUF,The Twilight Sad,199417,116543,0,2026-07-18T20:45:22.974241+00:00,Spotify web-player queryArtistOverview,undocumented read-only web-client endpoint,6e6GkaF6uiSEFuTrlvDJUF,Q750092,The Twilight Sad,The Twilight Sad,Q1010328,Kilsyth,musical group,United Kingdom,,,,,True,accepted_exact_name,True,True,eligible_group_or_duo,True,False
Napalm Death [3UqRgrDIQ208yNGiWKRMNt],,3UqRgrDIQ208yNGiWKRMNt,Napalm Death,199401,453164,0,2026-07-18T20:45:22.974241+00:00,Spotify web-player queryArtistOverview,undocumented read-only web-client endpoint,3UqRgrDIQ208yNGiWKRMNt,Q321762,Napalm Death,Napalm Death,Q2256,Birmingham,musical group,United Kingdom,,,,,True,accepted_exact_name,True,True,eligible_group_or_duo,True,False
Wishbone Ash [77zwstbi3x1IxnbDFg6uns],,77zwstbi3x1IxnbDFg6uns,Wishbone Ash,199281,239755,0,2026-07-18T20:45:22.974241+00:00,Spotify web-player queryArtistOverview,undocumented read-only web-client endpoint,77zwstbi3x1IxnbDFg6uns,Q137758,Wishbone Ash,Wishbone Ash,Q209055,Torquay,rock band,United Kingdom,,,,,True,accepted_exact_name,True,True,eligible_group_or_duo,True,False
World Party [0THUMJMWUd5L8os9K6O4FE],,0THUMJMWUd5L8os9K6O4FE,World Party,199197,59109,0,2026-07-18T20:45:22.974241+00:00,Spotify web-player queryArtistOverview,undocumented read-only web-client endpoint,0THUMJMWUd5L8os9K6O4FE,Q2504465,World Party,World Party,Q84,London,musical group,United Kingdom,,,,,True,accepted_exact_name,True,True,eligible_group_or_duo,True,False
Letherette [1fQDzf4lnUF4DYngrLJH0m],,1fQDzf4lnUF4DYngrLJH0m,letherette,199074,72744,0,2026-07-18T20:45:22.974241+00:00,Spotify web-player queryArtistOverview,undocumented read-only web-client endpoint,1fQDzf4lnUF4DYngrLJH0m,Q16960515,Letherette,Letherette,,,musical group,United Kingdom,,,,,True,accepted_exact_name,True,True,eligible_group_or_duo,True,False
Diamond Head [3z3KnhKZObj216IgfHYGVf],,3z3KnhKZObj216IgfHYGVf,Diamond Head,199057,216505,0,2026-07-18T20:45:22.974241+00:00,Spotify web-player queryArtistOverview,undocumented read-only web-client endpoint,3z3KnhKZObj216IgfHYGVf,Q552377,Diamond Head,Diamond Head,Q661707,Stourbridge,musical group,United Kingdom,,,,,True,accepted_exact_name,True,True,eligible_group_or_duo,True,False
Gomez [4zPGlyitRvJo7iz6OKlETa],,4zPGlyitRvJo7iz6OKlETa,Gomez,198405,139162,0,2026-07-18T20:45:22.974241+00:00,Spotify web-player queryArtistOverview,undocumented read-only web-client endpoint,4zPGlyitRvJo7iz6OKlETa,Q1536853,Gomez,Gomez,Q868647,Southport,musical group,United Kingdom,,,,,True,accepted_exact_name,True,True,eligible_group_or_duo,True,False
Babyshambles [0IBAqjHG8DSaD7PPCGnGiZ],,0IBAqjHG8DSaD7PPCGnGiZ,Babyshambles,198309,291010,0,2026-07-18T20:45:22.974241+00:00,Spotify web-player queryArtistOverview,undocumented read-only web-client endpoint,0IBAqjHG8DSaD7PPCGnGiZ,Q797992,Babyshambles,Babyshambles,Q84,London,musical group,United Kingdom,,,,,True,accepted_exact_name,True,True,eligible_group_or_duo,True,False
Brotherhood of Man [4Cyr5aqgXza16isOrQNOvo],,4Cyr5aqgXza16isOrQNOvo,Brotherhood of Man,196558,61658,0,2026-07-18T20:45:22.974241+00:00,Spotify web-player queryArtistOverview,undocumented read-only web-client endpoint,4Cyr5aqgXza16isOrQNOvo,Q832745,Brotherhood of Man,Brotherhood of Man,Q145,United Kingdom,musical group,United Kingdom,,,,,True,accepted_exact_name,True,True,eligible_group_or_duo,True,False
Sea Power [5zhn89Em2jWUUWdpcLO3YL],,5zhn89Em2jWUUWdpcLO3YL,Sea Power,196069,106520,0,2026-07-18T20:45:22.974241+00:00,Spotify web-player queryArtistOverview,undocumented read-only web-client endpoint,5zhn89Em2jWUUWdpcLO3YL,Q920131,Sea Power,Sea Power,Q131491|Q161491,Brighton|Reading,musical group,United Kingdom,,,,,True,accepted_exact_name,True,True,eligible_group_or_duo,True,False
Band Aid [35S20clEkkSNUo23ViaslZ],,35S20clEkkSNUo23ViaslZ,Band Aid,195618,53354,0,2026-07-18T20:45:22.974241+00:00,Spotify web-player queryArtistOverview,undocumented read-only web-client endpoint,35S20clEkkSNUo23ViaslZ,Q806231,Band Aid,Band Aid,Q84,London,charitable organization|music organization|musical group,United Kingdom,,,,,True,accepted_exact_name,True,True,eligible_group_or_duo,True,False
The View [1fy3AQc7grjf5LnCd7snSg],,1fy3AQc7grjf5LnCd7snSg,The View,195510,156449,0,2026-07-18T20:45:22.974241+00:00,Spotify web-player queryArtistOverview,undocumented read-only web-client endpoint,1fy3AQc7grjf5LnCd7snSg,Q578954,The View,The View,Q123709,Dundee,musical group,United Kingdom,,,,,True,accepted_exact_name,True,True,eligible_group_or_duo,True,False
Thunderclap Newman [1USHlPahTZrCeJXS2v5pkF],,1USHlPahTZrCeJXS2v5pkF,Thunderclap Newman,194255,20516,0,2026-07-18T20:45:22.974241+00:00,Spotify web-player queryArtistOverview,undocumented read-only web-client endpoint,1USHlPahTZrCeJXS2v5pkF,Q2165685,Thunderclap Newman,Thunderclap Newman,Q84,London,musical group,United Kingdom,,,,,True,accepted_exact_name,True,True,eligible_group_or_duo,True,False
Tommy Lefroy [3vldh5Ceynytj6Iglw4haP],,3vldh5Ceynytj6Iglw4haP,Tommy Lefroy,192772,94042,0,2026-07-18T20:45:22.974241+00:00,Spotify web-player queryArtistOverview,undocumented read-only web-client endpoint,3vldh5Ceynytj6Iglw4haP,Q115209312,Tommy Lefroy,Tommy Lefroy,Q84,London,musical group,United Kingdom,,,,,True,accepted_exact_name,True,True,eligible_group_or_duo,True,False
City of London Sinfonia [4JKHXlntTvmZnLxjbeRcPL],,4JKHXlntTvmZnLxjbeRcPL,City of London Sinfonia,190860,4379,0,2026-07-18T20:45:22.974241+00:00,Spotify web-player queryArtistOverview,undocumented read-only web-client endpoint,4JKHXlntTvmZnLxjbeRcPL,Q2974592,City of London Sinfonia,City of London Sinfonia,,,musical group,United Kingdom,,,,,True,accepted_exact_name,True,True,eligible_group_or_duo,True,False
The Fall [6WoTvA9qinpHtSRJuldYh6],,6WoTvA9qinpHtSRJuldYh6,The Fall,190295,224200,0,2026-07-18T20:45:22.974241+00:00,Spotify web-player queryArtistOverview,undocumented read-only web-client endpoint,6WoTvA9qinpHtSRJuldYh6,Q909916,The Fall,The Fall,Q1003559,Prestwich,musical group,United Kingdom,,,,,True,accepted_exact_name,True,True,eligible_group_or_duo,True,False
Q247237 [6WH1V41LwGDGmlPUhSZLHO],,6WH1V41LwGDGmlPUhSZLHO,Autechre,187473,284945,0,2026-07-18T20:45:22.974241+00:00,Spotify web-player queryArtistOverview,undocumented read-only web-client endpoint,6WH1V41LwGDGmlPUhSZLHO,Q247237,Q247237,Q247237,Q474605,Rochdale,male duo|musical duo,United Kingdom,,,,,False,rejected_name_mismatch,False,True,eligible_group_or_duo,True,False
Teenage Fanclub [2Sp19cOHSqAUlE64hekARW],,2Sp19cOHSqAUlE64hekARW,Teenage Fanclub,186449,164920,0,2026-07-18T20:45:22.974241+00:00,Spotify web-player queryArtistOverview,undocumented read-only web-client endpoint,2Sp19cOHSqAUlE64hekARW,Q1515611,Teenage Fanclub,Teenage Fanclub,Q680984,Bellshill,rock band,United Kingdom,,,,,True,accepted_exact_name,True,True,eligible_group_or_duo,True,False
London Symphony Chorus [7gCZfkXLOfuZozSItq6tCG],,7gCZfkXLOfuZozSItq6tCG,London Symphony Chorus,185312,4932,0,2026-07-18T20:45:22.974241+00:00,Spotify web-player queryArtistOverview,undocumented read-only web-client endpoint,7gCZfkXLOfuZozSItq6tCG,Q6670826,London Symphony Chorus,London Symphony Chorus,,,choir,United Kingdom,,,,,True,accepted_exact_name,True,True,eligible_group_or_duo,True,False
The Pigeon Detectives [7FPkZue0zzjHaOPJb4WCw3],,7FPkZue0zzjHaOPJb4WCw3,The Pigeon Detectives,184605,214476,0,2026-07-18T20:45:22.974241+00:00,Spotify web-player queryArtistOverview,undocumented read-only web-client endpoint,7FPkZue0zzjHaOPJb4WCw3,Q1469656,The Pigeon Detectives,The Pigeon Detectives,Q2162284,Rothwell,musical group,United Kingdom,,,,,True,accepted_exact_name,True,True,eligible_group_or_duo,True,False
The Qemists [2McLd7klWE4UjkPLqqMwLv],,2McLd7klWE4UjkPLqqMwLv,The Qemists,184241,105080,0,2026-07-18T20:45:22.974241+00:00,Spotify web-player queryArtistOverview,undocumented read-only web-client endpoint,2McLd7klWE4UjkPLqqMwLv,Q2067701,The Qemists,The Qemists,Q131491,Brighton,musical group,United Kingdom,,,,,True,accepted_exact_name,True,True,eligible_group_or_duo,True,False
Bomb the Bass [1G3Eh23f2hwhEnAMw7HsZ6],,1G3Eh23f2hwhEnAMw7HsZ6,Bomb The Bass,184150,54515,0,2026-07-18T20:45:22.974241+00:00,Spotify web-player queryArtistOverview,undocumented read-only web-client endpoint,1G3Eh23f2hwhEnAMw7HsZ6,Q891757,Bomb the Bass,Bomb the Bass,,,musical group,United Kingdom,,,,,True,accepted_exact_name,True,True,eligible_group_or_duo,True,False
Way Out West [3HghjRl8Mo6OJWG0WElY2z],,3HghjRl8Mo6OJWG0WElY2z,Way Out West,183677,50191,0,2026-07-18T20:45:22.974241+00:00,Spotify web-player queryArtistOverview,undocumented read-only web-client endpoint,3HghjRl8Mo6OJWG0WElY2z,Q1431341,Way Out West,Way Out West,,,male duo|musical duo,United Kingdom,,,,,True,accepted_exact_name,True,True,eligible_group_or_duo,True,False
Japan [7vPXrGlSGukcwpaPxUfKKR],,7vPXrGlSGukcwpaPxUfKKR,Japan,183396,251906,0,2026-07-18T20:45:22.974241+00:00,Spotify web-player queryArtistOverview,undocumented read-only web-client endpoint,7vPXrGlSGukcwpaPxUfKKR,Q174933,Japan,Japan,Q305029,Catford,musical group,United Kingdom,,,,,True,accepted_exact_name,True,True,eligible_group_or_duo,True,False
King King [4SXsNXgRundFdewI58vbZT],,4SXsNXgRundFdewI58vbZT,King King,182479,31218,0,2026-07-18T20:45:22.974241+00:00,Spotify web-player queryArtistOverview,undocumented read-only web-client endpoint,4SXsNXgRundFdewI58vbZT,Q21288873,King King,King King,,,rock band,United Kingdom,,,,,True,accepted_exact_name,True,True,eligible_group_or_duo,True,False
The Future Sound of London [2qhmNI4ZHPpeDutdg473Z3],,2qhmNI4ZHPpeDutdg473Z3,The Future Sound Of London,181260,179121,0,2026-07-18T20:45:22.974241+00:00,Spotify web-player queryArtistOverview,undocumented read-only web-client endpoint,2qhmNI4ZHPpeDutdg473Z3,Q168031,The Future Sound of London,The Future Sound of London,Q18125,Manchester,musical duo,United Kingdom,,,,,True,accepted_exact_name,True,True,eligible_group_or_duo,True,False
Stooshe [6RDAHUqUqJab8TZmyRHFss],,6RDAHUqUqJab8TZmyRHFss,Stooshe,180657,81733,0,2026-07-18T20:45:22.974241+00:00,Spotify web-player queryArtistOverview,undocumented read-only web-client endpoint,6RDAHUqUqJab8TZmyRHFss,Q1346917,Stooshe,Stooshe,Q84,London,musical group,United Kingdom,,,,,True,accepted_exact_name,True,True,eligible_group_or_duo,True,False
Bolt Thrower [3EbMlZ7ZKmFWPTHrLzpzvs],,3EbMlZ7ZKmFWPTHrLzpzvs,Bolt Thrower,180166,285017,0,2026-07-18T20:45:22.974241+00:00,Spotify web-player queryArtistOverview,undocumented read-only web-client endpoint,3EbMlZ7ZKmFWPTHrLzpzvs,Q662463,Bolt Thrower,Bolt Thrower,Q6225,Coventry,musical group,United Kingdom,,,,,True,accepted_exact_name,True,True,eligible_group_or_duo,True,False
London Elektricity [4CbuwI3bEF7gQOwpxBKtal],,4CbuwI3bEF7gQOwpxBKtal,London Elektricity,179973,102536,0,2026-07-18T20:45:22.974241+00:00,Spotify web-player queryArtistOverview,undocumented read-only web-client endpoint,4CbuwI3bEF7gQOwpxBKtal,Q1858715,London Elektricity,London Elektricity,Q84,London,human,United Kingdom,,,,,True,accepted_exact_name,True,True,eligible_group_or_duo,True,False
Showaddywaddy [3zIIUxcnIoUMouVQdphkeC],,3zIIUxcnIoUMouVQdphkeC,Showaddywaddy,178641,93848,0,2026-07-18T20:45:22.974241+00:00,Spotify web-player queryArtistOverview,undocumented read-only web-client endpoint,3zIIUxcnIoUMouVQdphkeC,Q731797,Showaddywaddy,Showaddywaddy,,,musical group,United Kingdom,,,,,True,accepted_exact_name,True,True,eligible_group_or_duo,True,False
The Futureheads [3TBfn8PtXr42OrTPaoC3E8],,3TBfn8PtXr42OrTPaoC3E8,The Futureheads,175654,108938,0,2026-07-18T20:45:22.974241+00:00,Spotify web-player queryArtistOverview,undocumented read-only web-client endpoint,3TBfn8PtXr42OrTPaoC3E8,Q141703,The Futureheads,The Futureheads,Q188304,Sunderland,musical group,United Kingdom,,,,,True,accepted_exact_name,True,True,eligible_group_or_duo,True,False
Therapy? [3MomZRiJwdZmYnysgtF4Ey],,3MomZRiJwdZmYnysgtF4Ey,Therapy?,175573,123041,0,2026-07-18T20:45:22.974241+00:00,Spotify web-player queryArtistOverview,undocumented read-only web-client endpoint,3MomZRiJwdZmYnysgtF4Ey,Q1130493,Therapy?,Therapy?,Q935686,Larne,rock band,United Kingdom,,,,,True,accepted_exact_name,True,True,eligible_group_or_duo,True,False
Until the Ribbon Breaks [0PFM64sKw3GG4Sk8kqNIcp],,0PFM64sKw3GG4Sk8kqNIcp,Until The Ribbon Breaks,174393,44423,0,2026-07-18T20:45:22.974241+00:00,Spotify web-player queryArtistOverview,undocumented read-only web-client endpoint,0PFM64sKw3GG4Sk8kqNIcp,Q19881622,Until the Ribbon Breaks,Until the Ribbon Breaks,Q10690,Cardiff,musical group,United Kingdom,,,,,True,accepted_exact_name,True,True,eligible_group_or_duo,True,False
The Seahorses [3mbVe260Kgvs1P8YFcCyY7],,3mbVe260Kgvs1P8YFcCyY7,The Seahorses,173184,134499,0,2026-07-18T20:45:22.974241+00:00,Spotify web-player queryArtistOverview,undocumented read-only web-client endpoint,3mbVe260Kgvs1P8YFcCyY7,Q7762808,The Seahorses,The Seahorses,Q42462,York,musical group,United Kingdom,,,,,True,accepted_exact_name,True,True,eligible_group_or_duo,True,False
Lawson [2Ah7S4oLgEBYRbz2V0cZzU],,2Ah7S4oLgEBYRbz2V0cZzU,Lawson,172494,182546,0,2026-07-18T20:45:22.974241+00:00,Spotify web-player queryArtistOverview,undocumented read-only web-client endpoint,2Ah7S4oLgEBYRbz2V0cZzU,Q1076,Lawson,Lawson,Q21,England,musical group,United Kingdom,,,,,True,accepted_exact_name,True,True,eligible_group_or_duo,True,False
Swim School [7hC74DRW4q3obXLB5lTq4F],,7hC74DRW4q3obXLB5lTq4F,swim school,172006,31979,0,2026-07-18T20:45:22.974241+00:00,Spotify web-player queryArtistOverview,undocumented read-only web-client endpoint,7hC74DRW4q3obXLB5lTq4F,Q112039696,Swim School,Swim School,,,musical group,Scotland,,,,,True,accepted_exact_name,True,True,eligible_group_or_duo,True,False
Tom Robinson Band [57YVY9QP1mhqc51WqHln0e],,57YVY9QP1mhqc51WqHln0e,Tom Robinson Band,171964,37011,0,2026-07-18T20:45:22.974241+00:00,Spotify web-player queryArtistOverview,undocumented read-only web-client endpoint,57YVY9QP1mhqc51WqHln0e,Q526586,Tom Robinson Band,Tom Robinson Band,,,musical group,United Kingdom,,,,,True,accepted_exact_name,True,True,eligible_group_or_duo,True,False
The Soup Dragons [5BEYGWk6aPdNXxBx9pwU8S],,5BEYGWk6aPdNXxBx9pwU8S,The Soup Dragons,171856,50553,0,2026-07-18T20:45:22.974241+00:00,Spotify web-player queryArtistOverview,undocumented read-only web-client endpoint,5BEYGWk6aPdNXxBx9pwU8S,Q3066755,The Soup Dragons,The Soup Dragons,Q680984,Bellshill,musical group,United Kingdom,,,,,True,accepted_exact_name,True,True,eligible_group_or_duo,True,False
The Corries [37QFe07xXVifiZf6t6t3PE],,37QFe07xXVifiZf6t6t3PE,The Corries,171307,37863,0,2026-07-18T20:45:22.974241+00:00,Spotify web-player queryArtistOverview,undocumented read-only web-client endpoint,37QFe07xXVifiZf6t6t3PE,Q1349385,The Corries,The Corries,Q23436,Edinburgh,musical group,United Kingdom,,,,,True,accepted_exact_name,True,True,eligible_group_or_duo,True,False
Bob Vylan [6XgIk9Y6qy6JCMZVime6DQ],,6XgIk9Y6qy6JCMZVime6DQ,Bob Vylan,171179,188980,0,2026-07-18T20:45:22.974241+00:00,Spotify web-player queryArtistOverview,undocumented read-only web-client endpoint,6XgIk9Y6qy6JCMZVime6DQ,Q111685240,Bob Vylan,Bob Vylan,Q84,London,musical duo,United Kingdom,,,,,True,accepted_exact_name,True,True,eligible_group_or_duo,True,False
Sailor [4pE3KE9J1Z1LKzjwLtWU21],,4pE3KE9J1Z1LKzjwLtWU21,Sailor,168700,47029,0,2026-07-18T20:45:22.974241+00:00,Spotify web-player queryArtistOverview,undocumented read-only web-client endpoint,4pE3KE9J1Z1LKzjwLtWU21,Q354427,Sailor,Sailor,,,musical group,United Kingdom,,,,,True,accepted_exact_name,True,True,eligible_group_or_duo,True,False
Dr. Feelgood [25IRTisJjqI6JlkyCVMBsV],,25IRTisJjqI6JlkyCVMBsV,Dr. Feelgood,167923,120205,0,2026-07-18T20:45:22.974241+00:00,Spotify web-player queryArtistOverview,undocumented read-only web-client endpoint,25IRTisJjqI6JlkyCVMBsV,Q1253897,Dr. Feelgood,Dr. Feelgood,Q23240,Essex,musical group,United Kingdom,,,,,True,accepted_exact_name,True,True,eligible_group_or_duo,True,False
Cock Sparrer [4NPManowiyiGa72hezruf2],,4NPManowiyiGa72hezruf2,Cock Sparrer,166468,137956,0,2026-07-18T20:45:22.974241+00:00,Spotify web-player queryArtistOverview,undocumented read-only web-client endpoint,4NPManowiyiGa72hezruf2,Q600311,Cock Sparrer,Cock Sparrer,Q84,London,musical group,United Kingdom,,,,,True,accepted_exact_name,True,True,eligible_group_or_duo,True,False
Thunder [3SfrwwVPGtjYTI3vwQ4hEU],,3SfrwwVPGtjYTI3vwQ4hEU,Thunder,165055,122168,0,2026-07-18T20:45:22.974241+00:00,Spotify web-player queryArtistOverview,undocumented read-only web-client endpoint,3SfrwwVPGtjYTI3vwQ4hEU,Q678521,Thunder,Thunder,Q84,London,musical group,United Kingdom,,,,,True,accepted_exact_name,True,True,eligible_group_or_duo,True,False
The Exploited [6NB4b8lltHCjOhW7vQZkAy],,6NB4b8lltHCjOhW7vQZkAy,The Exploited,164967,272998,0,2026-07-18T20:45:22.974241+00:00,Spotify web-player queryArtistOverview,undocumented read-only web-client endpoint,6NB4b8lltHCjOhW7vQZkAy,Q117684,The Exploited,The Exploited,Q23436,Edinburgh,rock band,United Kingdom,,,,,True,accepted_exact_name,True,True,eligible_group_or_duo,True,False
The Slits [5O0RrEgz4NLCPLrDZiPggz],,5O0RrEgz4NLCPLrDZiPggz,The Slits,164826,155815,0,2026-07-18T20:45:22.974241+00:00,Spotify web-player queryArtistOverview,undocumented read-only web-client endpoint,5O0RrEgz4NLCPLrDZiPggz,Q677115,The Slits,The Slits,Q84,London,rock band,United Kingdom,,,,,True,accepted_exact_name,True,True,eligible_group_or_duo,True,False
Stateless [6msJKphD3VXZPItnztefdH],,6msJKphD3VXZPItnztefdH,Stateless,164345,31770,0,2026-07-18T20:45:22.974241+00:00,Spotify web-player queryArtistOverview,undocumented read-only web-client endpoint,6msJKphD3VXZPItnztefdH,Q3497309,Stateless,Stateless,Q39121,Leeds,musical group,United Kingdom,,,,,True,accepted_exact_name,True,True,eligible_group_or_duo,True,False
Beady Eye [5yBDILLJyNFAjFpECkk7ys],,5yBDILLJyNFAjFpECkk7ys,Beady Eye,164088,205926,0,2026-07-18T20:45:22.974241+00:00,Spotify web-player queryArtistOverview,undocumented read-only web-client endpoint,5yBDILLJyNFAjFpECkk7ys,Q753648,Beady Eye,Beady Eye,Q84,London,musical group,United Kingdom,,,,,True,accepted_exact_name,True,True,eligible_group_or_duo,True,False
Babylon Zoo [3k7uMwc8FLJmH8RHMh2HF8],,3k7uMwc8FLJmH8RHMh2HF8,Babylon Zoo,163876,17699,0,2026-07-18T20:45:22.974241+00:00,Spotify web-player queryArtistOverview,undocumented read-only web-client endpoint,3k7uMwc8FLJmH8RHMh2HF8,Q696624,Babylon Zoo,Babylon Zoo,Q126269,Wolverhampton,musical group,United Kingdom,,,,,True,accepted_exact_name,True,True,eligible_group_or_duo,True,False
Kareful [7y4breKexfBWgdyMgHMEHK],,7y4breKexfBWgdyMgHMEHK,Kareful,162343,17678,0,2026-07-18T20:45:22.974241+00:00,Spotify web-player queryArtistOverview,undocumented read-only web-client endpoint,7y4breKexfBWgdyMgHMEHK,Q59563575,Kareful,Kareful,,,musical group,United Kingdom,,,,,True,accepted_exact_name,True,True,eligible_group_or_duo,True,False
The Swinging Blue Jeans [5gNduPlUGHsgy1w7f71obH],,5gNduPlUGHsgy1w7f71obH,The Swinging Blue Jeans,161534,71064,0,2026-07-18T20:45:22.974241+00:00,Spotify web-player queryArtistOverview,undocumented read-only web-client endpoint,5gNduPlUGHsgy1w7f71obH,Q1310839,The Swinging Blue Jeans,The Swinging Blue Jeans,Q24826,Liverpool,musical group,United Kingdom,,,,,True,accepted_exact_name,True,True,eligible_group_or_duo,True,False
Loadstar [0umDTRGYujQH31KZq9FdrU],,0umDTRGYujQH31KZq9FdrU,Loadstar,160497,38144,0,2026-07-18T20:45:22.974241+00:00,Spotify web-player queryArtistOverview,undocumented read-only web-client endpoint,0umDTRGYujQH31KZq9FdrU,Q15052759,Loadstar,Loadstar,Q23154,Bristol,musical group,United Kingdom,,,,,True,accepted_exact_name,True,True,eligible_group_or_duo,True,False
The Magic Numbers [0P2q6xyNc2hVFkG3ThjYcJ],,0P2q6xyNc2hVFkG3ThjYcJ,The Magic Numbers,160113,102124,0,2026-07-18T20:45:22.974241+00:00,Spotify web-player queryArtistOverview,undocumented read-only web-client endpoint,0P2q6xyNc2hVFkG3ThjYcJ,Q1474849,The Magic Numbers,The Magic Numbers,Q83726,Ealing,musical group,United Kingdom,,,,,True,accepted_exact_name,True,True,eligible_group_or_duo,True,False
Oxide & Neutrino [0uhNYfjHJyAmHh2xNZ4vqf],,0uhNYfjHJyAmHh2xNZ4vqf,Oxide & Neutrino,159474,27287,0,2026-07-18T20:45:22.974241+00:00,Spotify web-player queryArtistOverview,undocumented read-only web-client endpoint,0uhNYfjHJyAmHh2xNZ4vqf,Q1428002,Oxide & Neutrino,Oxide & Neutrino,Q84,London,musical group,United Kingdom,,,,,True,accepted_exact_name,True,True,eligible_group_or_duo,True,False
Dead Pony [3lGO6uBIzoFyU6OoGMER1B],,3lGO6uBIzoFyU6OoGMER1B,Dead Pony,158291,55682,0,2026-07-18T20:45:22.974241+00:00,Spotify web-player queryArtistOverview,undocumented read-only web-client endpoint,3lGO6uBIzoFyU6OoGMER1B,Q112031241,Dead Pony,Dead Pony,,,musical group,Scotland,,,,,True,accepted_exact_name,True,True,eligible_group_or_duo,True,False
Twin Atlantic [4A9xtvezlouTD7H0kyUje9],,4A9xtvezlouTD7H0kyUje9,Twin Atlantic,158180,154793,0,2026-07-18T20:45:22.974241+00:00,Spotify web-player queryArtistOverview,undocumented read-only web-client endpoint,4A9xtvezlouTD7H0kyUje9,Q2365012,Twin Atlantic,Twin Atlantic,Q4093,Glasgow,musical group,United Kingdom,,,,,True,accepted_exact_name,True,True,eligible_group_or_duo,True,False
Shpongle [0m5XJwKGYyUjd3VMfcINCQ],,0m5XJwKGYyUjd3VMfcINCQ,Shpongle,157586,331485,0,2026-07-18T20:45:22.974241+00:00,Spotify web-player queryArtistOverview,undocumented read-only web-client endpoint,0m5XJwKGYyUjd3VMfcINCQ,Q1134411,Shpongle,Shpongle,Q145,United Kingdom,musical group,United Kingdom,,,,,True,accepted_exact_name,True,True,eligible_group_or_duo,True,False
Electrelane [7ulIMfVKiXh8ecEpAVHIAY],,7ulIMfVKiXh8ecEpAVHIAY,Electrelane,156130,67563,0,2026-07-18T20:45:22.974241+00:00,Spotify web-player queryArtistOverview,undocumented read-only web-client endpoint,7ulIMfVKiXh8ecEpAVHIAY,Q460115,Electrelane,Electrelane,Q131491,Brighton,musical group,United Kingdom,,,,,True,accepted_exact_name,True,True,eligible_group_or_duo,True,False
AlicebanD [4r4F8WTxKS7hsSWVzlu6rY],,4r4F8WTxKS7hsSWVzlu6rY,AlicebanD,156024,39307,0,2026-07-18T20:45:22.974241+00:00,Spotify web-player queryArtistOverview,undocumented read-only web-client endpoint,4r4F8WTxKS7hsSWVzlu6rY,Q117025304,AlicebanD,AlicebanD,,,musical group,England,,,,,True,accepted_exact_name,True,True,eligible_group_or_duo,True,False
Calva Louise [02nZLQtQ4vL5iHyp6atBrh],,02nZLQtQ4vL5iHyp6atBrh,Calva Louise,155471,88942,0,2026-07-18T20:45:22.974241+00:00,Spotify web-player queryArtistOverview,undocumented read-only web-client endpoint,02nZLQtQ4vL5iHyp6atBrh,Q111128234,Calva Louise,Calva Louise,,,musical group,United Kingdom,,,,,True,accepted_exact_name,True,True,eligible_group_or_duo,True,False
Tesseract [23ytwhG1pzX6DIVWRWvW1r],,23ytwhG1pzX6DIVWRWvW1r,TesseracT,155442,359654,0,2026-07-18T20:45:22.974241+00:00,Spotify web-player queryArtistOverview,undocumented read-only web-client endpoint,23ytwhG1pzX6DIVWRWvW1r,Q1430984,Tesseract,Tesseract,Q204234,Milton Keynes,musical group,United Kingdom,,,,,True,accepted_exact_name,True,True,eligible_group_or_duo,True,False
Deaf Havana [0exhrQcReCdr11oPbOh22M],,0exhrQcReCdr11oPbOh22M,Deaf Havana,155196,127338,0,2026-07-18T20:45:22.974241+00:00,Spotify web-player queryArtistOverview,undocumented read-only web-client endpoint,0exhrQcReCdr11oPbOh22M,Q5245773,Deaf Havana,Deaf Havana,Q617188,Hunstanton,musical group,United Kingdom,,,,,True,accepted_exact_name,True,True,eligible_group_or_duo,True,False
The Bluebells [59FA7hfd0gJCIVBN0GygHg],,59FA7hfd0gJCIVBN0GygHg,The Bluebells,155036,16802,0,2026-07-18T20:45:22.974241+00:00,Spotify web-player queryArtistOverview,undocumented read-only web-client endpoint,59FA7hfd0gJCIVBN0GygHg,Q4050978,The Bluebells,The Bluebells,Q22,Scotland,musical group,United Kingdom,,,,,True,accepted_exact_name,True,True,eligible_group_or_duo,True,False
The Alarm [0oQLexIBY9SlMhtbSIPFAO],,0oQLexIBY9SlMhtbSIPFAO,The Alarm,153792,89337,0,2026-07-18T20:45:22.974241+00:00,Spotify web-player queryArtistOverview,undocumented read-only web-client endpoint,0oQLexIBY9SlMhtbSIPFAO,Q2301808,The Alarm,The Alarm,Q25,Wales,musical group,United Kingdom,,,,,True,accepted_exact_name,True,True,eligible_group_or_duo,True,False
Mànran [0okPaVyeEjh0VJtfBdNPho],,0okPaVyeEjh0VJtfBdNPho,Mànran,153473,32943,0,2026-07-18T20:45:22.974241+00:00,Spotify web-player queryArtistOverview,undocumented read-only web-client endpoint,0okPaVyeEjh0VJtfBdNPho,Q3997948,Mànran,Mànran,Q22,Scotland,musical group,United Kingdom,,,,,True,accepted_exact_name,True,True,eligible_group_or_duo,True,False
The London Session Orchestra [1tZ9833Gqbgv7ycIrPxsLm],,1tZ9833Gqbgv7ycIrPxsLm,London Session Orchestra,152953,1217,0,2026-07-18T20:45:22.974241+00:00,Spotify web-player queryArtistOverview,undocumented read-only web-client endpoint,1tZ9833Gqbgv7ycIrPxsLm,Q128303615,The London Session Orchestra,The London Session Orchestra,Q84,London,musical group,United Kingdom,,,,,False,rejected_name_mismatch,False,False,excluded_orchestra,True,False
The Flying Pickets [41A6Xdil8qhaD2DcS4X1wA],,41A6Xdil8qhaD2DcS4X1wA,The Flying Pickets,152643,26495,0,2026-07-18T20:45:22.974241+00:00,Spotify web-player queryArtistOverview,undocumented read-only web-client endpoint,41A6Xdil8qhaD2DcS4X1wA,Q1578573,The Flying Pickets,The Flying Pickets,,,musical group,United Kingdom,,,,,True,accepted_exact_name,True,True,eligible_group_or_duo,True,False
Pretty Vicious [4KH4eOg39KeBpnfSgvIteD],,4KH4eOg39KeBpnfSgvIteD,Pretty Vicious,152499,61601,0,2026-07-18T20:45:22.974241+00:00,Spotify web-player queryArtistOverview,undocumented read-only web-client endpoint,4KH4eOg39KeBpnfSgvIteD,Q26260790,Pretty Vicious,Pretty Vicious,Q752762,Merthyr Tydfil,musical group,United Kingdom,,,,,True,accepted_exact_name,True,True,eligible_group_or_duo,True,False
The Prototypes [7F6nxkPQrlh4qWDetjgnpX],,7F6nxkPQrlh4qWDetjgnpX,The Prototypes,151701,72867,0,2026-07-18T20:45:22.974241+00:00,Spotify web-player queryArtistOverview,undocumented read-only web-client endpoint,7F6nxkPQrlh4qWDetjgnpX,Q22909361,The Prototypes,The Prototypes,,,musical duo,United Kingdom,,,,,True,accepted_exact_name,True,True,eligible_group_or_duo,True,False
Q1969654 [6EQn1KgYQxe0bcheogqRTB],,6EQn1KgYQxe0bcheogqRTB,Wax,151687,15562,0,2026-07-18T20:45:22.974241+00:00,Spotify web-player queryArtistOverview,undocumented read-only web-client endpoint,6EQn1KgYQxe0bcheogqRTB,Q1969654,Q1969654,Q1969654,Q18125,Manchester,male duo|musical duo,United Kingdom,,,,,False,rejected_name_mismatch,False,True,eligible_group_or_duo,True,False
Delta Sleep [05MlomiA9La0OiNIAGqECk],,05MlomiA9La0OiNIAGqECk,Delta Sleep,151180,118215,0,2026-07-18T20:45:22.974241+00:00,Spotify web-player queryArtistOverview,undocumented read-only web-client endpoint,05MlomiA9La0OiNIAGqECk,Q106920410,Delta Sleep,Delta Sleep,,,musical group,United Kingdom,,,,,True,accepted_exact_name,True,True,eligible_group_or_duo,True,False
Reprazent [17Ytfl1DntgvVdragJEqx8],,17Ytfl1DntgvVdragJEqx8,Reprazent,150501,7044,0,2026-07-18T20:45:22.974241+00:00,Spotify web-player queryArtistOverview,undocumented read-only web-client endpoint,17Ytfl1DntgvVdragJEqx8,Q7314192,Reprazent,Reprazent,,,musical group,United Kingdom,,,,,True,accepted_exact_name,True,True,eligible_group_or_duo,True,False
Dry Cleaning [7DlD7rLG9MKuvXtTeACzkO],,7DlD7rLG9MKuvXtTeACzkO,Dry Cleaning,150253,170043,0,2026-07-18T20:45:22.974241+00:00,Spotify web-player queryArtistOverview,undocumented read-only web-client endpoint,7DlD7rLG9MKuvXtTeACzkO,Q105677002,Dry Cleaning,Dry Cleaning,Q1394500,South London,musical group,United Kingdom,,,,,True,accepted_exact_name,True,True,eligible_group_or_duo,True,False
Fickle Friends [1nhSLEYdoBHG6cJ8NDwoF1],,1nhSLEYdoBHG6cJ8NDwoF1,Fickle Friends,149977,141833,0,2026-07-18T20:45:22.974241+00:00,Spotify web-player queryArtistOverview,undocumented read-only web-client endpoint,1nhSLEYdoBHG6cJ8NDwoF1,Q24895505,Fickle Friends,Fickle Friends,Q131491,Brighton,musical group,United Kingdom,,,,,True,accepted_exact_name,True,True,eligible_group_or_duo,True,False
Bros [2LKrAJVB1842xPDvx4uuwU],,2LKrAJVB1842xPDvx4uuwU,Bros,149817,83494,0,2026-07-18T20:45:22.974241+00:00,Spotify web-player queryArtistOverview,undocumented read-only web-client endpoint,2LKrAJVB1842xPDvx4uuwU,Q990686,Bros,Bros,Q741400,Camberley,musical group,United Kingdom,,,,,True,accepted_exact_name,True,True,eligible_group_or_duo,True,False
Super Furry Animals [0FOcXqJgJ1oq9XfzYTDZmZ],,0FOcXqJgJ1oq9XfzYTDZmZ,Super Furry Animals,149540,131452,0,2026-07-18T20:45:22.974241+00:00,Spotify web-player queryArtistOverview,undocumented read-only web-client endpoint,0FOcXqJgJ1oq9XfzYTDZmZ,Q1135582,Super Furry Animals,Super Furry Animals,Q10690,Cardiff,rock band,United Kingdom,,,,,True,accepted_exact_name,True,True,eligible_group_or_duo,True,False
Lo Fidelity Allstars [2YiWXa7E1raYyY0uQDLpgs],,2YiWXa7E1raYyY0uQDLpgs,Lo Fidelity Allstars,149493,29732,0,2026-07-18T20:45:22.974241+00:00,Spotify web-player queryArtistOverview,undocumented read-only web-client endpoint,2YiWXa7E1raYyY0uQDLpgs,Q204934,Lo Fidelity Allstars,Lo Fidelity Allstars,Q84,London,musical group,United Kingdom,,,,,True,accepted_exact_name,True,True,eligible_group_or_duo,True,False
English Teacher [5H9IFTRxSICj24uxO15ScU],,5H9IFTRxSICj24uxO15ScU,English Teacher,148637,108308,0,2026-07-18T20:45:22.974241+00:00,Spotify web-player queryArtistOverview,undocumented read-only web-client endpoint,5H9IFTRxSICj24uxO15ScU,Q124304162,English Teacher,English Teacher,,,musical group,United Kingdom,,,,,True,accepted_exact_name,True,True,eligible_group_or_duo,True,False
The Selecter [3wRksusBxJ6npu0PryYheF],,3wRksusBxJ6npu0PryYheF,The Selecter,147657,144513,0,2026-07-18T20:45:22.974241+00:00,Spotify web-player queryArtistOverview,undocumented read-only web-client endpoint,3wRksusBxJ6npu0PryYheF,Q1546385,The Selecter,The Selecter,Q6225,Coventry,musical group,United Kingdom,,,,,True,accepted_exact_name,True,True,eligible_group_or_duo,True,False
Sleeper [0NbfEPYRgMczimdfM3skmH],,0NbfEPYRgMczimdfM3skmH,Sleeper,146769,81522,0,2026-07-18T20:45:22.974241+00:00,Spotify web-player queryArtistOverview,undocumented read-only web-client endpoint,0NbfEPYRgMczimdfM3skmH,Q640008,Sleeper,Sleeper,Q84,London,musical group,United Kingdom,,,,,True,accepted_exact_name,True,True,eligible_group_or_duo,True,False
The Big Moon [0KU55rzxAihPhi27MAuz9O],,0KU55rzxAihPhi27MAuz9O,The Big Moon,146229,117870,0,2026-07-18T20:45:22.974241+00:00,Spotify web-player queryArtistOverview,undocumented read-only web-client endpoint,0KU55rzxAihPhi27MAuz9O,Q28407726,The Big Moon,The Big Moon,Q84,London,musical group,United Kingdom,,,,,True,accepted_exact_name,True,True,eligible_group_or_duo,True,False
Black Midi [7Hvq85OU8T7Hsd63zNBwaL],,7Hvq85OU8T7Hsd63zNBwaL,black midi,144902,325236,0,2026-07-18T20:45:22.974241+00:00,Spotify web-player queryArtistOverview,undocumented read-only web-client endpoint,7Hvq85OU8T7Hsd63zNBwaL,Q65070663,Black Midi,Black Midi,Q84,London,musical group,United Kingdom,,,,,True,accepted_exact_name,True,True,eligible_group_or_duo,True,False
Those Damn Crows [3VdnwWd3i9OOT0CzbzRZj7],,3VdnwWd3i9OOT0CzbzRZj7,Those Damn Crows,142422,48598,0,2026-07-18T20:45:22.974241+00:00,Spotify web-player queryArtistOverview,undocumented read-only web-client endpoint,3VdnwWd3i9OOT0CzbzRZj7,Q65038085,Those Damn Crows,Those Damn Crows,,,musical group,United Kingdom,,,,,True,accepted_exact_name,True,True,eligible_group_or_duo,True,False
Panic Shack [26HCuM5PamldoaHII5Ifxc],,26HCuM5PamldoaHII5Ifxc,Panic Shack,142284,53371,0,2026-07-18T20:45:22.974241+00:00,Spotify web-player queryArtistOverview,undocumented read-only web-client endpoint,26HCuM5PamldoaHII5Ifxc,Q116783016,Panic Shack,Panic Shack,,,musical group,Wales,,,,,True,accepted_exact_name,True,True,eligible_group_or_duo,True,False
Monaco [0N3oP3Si8ihzFUrU6kITZ8],,0N3oP3Si8ihzFUrU6kITZ8,Monaco,140035,32255,0,2026-07-18T20:45:22.974241+00:00,Spotify web-player queryArtistOverview,undocumented read-only web-client endpoint,0N3oP3Si8ihzFUrU6kITZ8,Q1943982,Monaco,Monaco,Q18125,Manchester,musical group,United Kingdom,,,,,True,accepted_exact_name,True,True,eligible_group_or_duo,True,False
Michael Schenker Group [5uSY4FF3dZMCVSkZslKCHi],,5uSY4FF3dZMCVSkZslKCHi,Michael Schenker Group,139857,226255,0,2026-07-18T20:45:22.974241+00:00,Spotify web-player queryArtistOverview,undocumented read-only web-client endpoint,5uSY4FF3dZMCVSkZslKCHi,Q638159,Michael Schenker Group,Michael Schenker Group,Q84,London,musical group,United Kingdom,,,,,True,accepted_exact_name,True,True,eligible_group_or_duo,True,False
The Firm [4rPZAvpw9ObVO3HFGWSHwt],,4rPZAvpw9ObVO3HFGWSHwt,The Firm,138968,42646,0,2026-07-18T20:45:22.974241+00:00,Spotify web-player queryArtistOverview,undocumented read-only web-client endpoint,4rPZAvpw9ObVO3HFGWSHwt,Q938323,The Firm,The Firm,Q21,England,rock band,United Kingdom,,,,,True,accepted_exact_name,True,True,eligible_group_or_duo,True,False
Pop Will Eat Itself [5rIXueJu7zVE2gDZjUM6g8],,5rIXueJu7zVE2gDZjUM6g8,Pop Will Eat Itself,138949,45364,0,2026-07-18T20:45:22.974241+00:00,Spotify web-player queryArtistOverview,undocumented read-only web-client endpoint,5rIXueJu7zVE2gDZjUM6g8,Q1378050,Pop Will Eat Itself,Pop Will Eat Itself,Q661707,Stourbridge,musical group,United Kingdom,,,,,True,accepted_exact_name,True,True,eligible_group_or_duo,True,False
Foreign Beggars [0sQ1wgSdRpoysgsa1VnI4G],,0sQ1wgSdRpoysgsa1VnI4G,Foreign Beggars,138616,103677,0,2026-07-18T20:45:22.974241+00:00,Spotify web-player queryArtistOverview,undocumented read-only web-client endpoint,0sQ1wgSdRpoysgsa1VnI4G,Q3077143,Foreign Beggars,Foreign Beggars,Q84,London,musical group,United Kingdom,,,,,True,accepted_exact_name,True,True,eligible_group_or_duo,True,False
Orchestra of the Age of Enlightenment [1WWZAYN8d4n4iwjYALmmKB],,1WWZAYN8d4n4iwjYALmmKB,Orchestra of the Age of Enlightenment,138088,10019,0,2026-07-18T20:45:22.974241+00:00,Spotify web-player queryArtistOverview,undocumented read-only web-client endpoint,1WWZAYN8d4n4iwjYALmmKB,Q2028664,Orchestra of the Age of Enlightenment,Orchestra of the Age of Enlightenment,,,charitable organization|orchestra,United Kingdom,,,,,True,accepted_exact_name,True,False,excluded_orchestra,True,False
Nomad [4nP1Vg2YuLE0Nbr7uK08SM],,4nP1Vg2YuLE0Nbr7uK08SM,Nomad,136733,9207,0,2026-07-18T20:45:22.974241+00:00,Spotify web-player queryArtistOverview,undocumented read-only web-client endpoint,4nP1Vg2YuLE0Nbr7uK08SM,Q7048384,Nomad,Nomad,,,musical duo,United Kingdom,,,,,True,accepted_exact_name,True,True,eligible_group_or_duo,True,False
Hawkwind [2jK54ZlZhTF1TxygsVeR05],,2jK54ZlZhTF1TxygsVeR05,Hawkwind,136226,145361,0,2026-07-18T20:45:22.974241+00:00,Spotify web-player queryArtistOverview,undocumented read-only web-client endpoint,2jK54ZlZhTF1TxygsVeR05,Q285966,Hawkwind,Hawkwind,Q15030864,Ladbroke Grove,rock band,United Kingdom,,,,,True,accepted_exact_name,True,True,eligible_group_or_duo,True,False
Toy Dolls [747P2pvOwW22iRcFS9zQDv],,747P2pvOwW22iRcFS9zQDv,The Toy Dolls,135203,105717,0,2026-07-18T20:45:22.974241+00:00,Spotify web-player queryArtistOverview,undocumented read-only web-client endpoint,747P2pvOwW22iRcFS9zQDv,Q728289,Toy Dolls,Toy Dolls,Q1280897,Sunderland,musical group,United Kingdom,,,,,False,rejected_name_mismatch,False,True,eligible_group_or_duo,True,False
Hybrid [2MYN7OKnlCiZ0wrwp2A1ox],,2MYN7OKnlCiZ0wrwp2A1ox,Hybrid,134319,59042,0,2026-07-18T20:45:22.974241+00:00,Spotify web-player queryArtistOverview,undocumented read-only web-client endpoint,2MYN7OKnlCiZ0wrwp2A1ox,Q851798,Hybrid,Hybrid,,,musical group,United Kingdom,,,,,True,accepted_exact_name,True,True,eligible_group_or_duo,True,False
The Irish Brigade [22xPtA9BuacbAGzd2Laihm],,22xPtA9BuacbAGzd2Laihm,The Irish Brigade,133806,42959,0,2026-07-18T20:45:22.974241+00:00,Spotify web-player queryArtistOverview,undocumented read-only web-client endpoint,22xPtA9BuacbAGzd2Laihm,Q28958305,The Irish Brigade,The Irish Brigade,Q192229,County Tyrone,musical group,Northern Ireland,,,,,True,accepted_exact_name,True,True,eligible_group_or_duo,True,False
Acoustic Alchemy [29wYlrKAdlJOf9ayJIIPpJ],,29wYlrKAdlJOf9ayJIIPpJ,Acoustic Alchemy,133679,68974,0,2026-07-18T20:45:22.974241+00:00,Spotify web-player queryArtistOverview,undocumented read-only web-client endpoint,29wYlrKAdlJOf9ayJIIPpJ,Q1144027,Acoustic Alchemy,Acoustic Alchemy,Q84,London,musical group,United Kingdom,,,,,True,accepted_exact_name,True,True,eligible_group_or_duo,True,False
The Joy Formidable [4LdZNE5MHGqvc0N9ivXNF3],,4LdZNE5MHGqvc0N9ivXNF3,The Joy Formidable,133646,130580,0,2026-07-18T20:45:22.974241+00:00,Spotify web-player queryArtistOverview,undocumented read-only web-client endpoint,4LdZNE5MHGqvc0N9ivXNF3,Q953993,The Joy Formidable,The Joy Formidable,Q1191195,Mold,musical group,United Kingdom,,,,,True,accepted_exact_name,True,True,eligible_group_or_duo,True,False
The Escape Club [6mRev5KzKOgQcZjWanwBdd],,6mRev5KzKOgQcZjWanwBdd,The Escape Club,131312,13509,0,2026-07-18T20:45:22.974241+00:00,Spotify web-player queryArtistOverview,undocumented read-only web-client endpoint,6mRev5KzKOgQcZjWanwBdd,Q661797,The Escape Club,The Escape Club,Q84,London,musical group,United Kingdom,,,,,True,accepted_exact_name,True,True,eligible_group_or_duo,True,False
The Icicle Works [39afGThIZjTTMH5enuLXYI],,39afGThIZjTTMH5enuLXYI,The Icicle Works,131181,50086,0,2026-07-18T20:45:22.974241+00:00,Spotify web-player queryArtistOverview,undocumented read-only web-client endpoint,39afGThIZjTTMH5enuLXYI,Q2412078,The Icicle Works,The Icicle Works,Q24826,Liverpool,musical group,United Kingdom,,,,,True,accepted_exact_name,True,True,eligible_group_or_duo,True,False
Drumsound & Bassline Smith [1f6TTocyaqNFvwD4xsrDTh],,1f6TTocyaqNFvwD4xsrDTh,Drumsound & Bassline Smith,130375,68820,0,2026-07-18T20:45:22.974241+00:00,Spotify web-player queryArtistOverview,undocumented read-only web-client endpoint,1f6TTocyaqNFvwD4xsrDTh,Q5309306,Drumsound & Bassline Smith,Drumsound & Bassline Smith,,,musical group,United Kingdom,,,,,True,accepted_exact_name,True,True,eligible_group_or_duo,True,False
Radio Slave [4rzWjR3L3M54c6I25NzdM3],,4rzWjR3L3M54c6I25NzdM3,Radio Slave,130300,40421,0,2026-07-18T20:45:22.974241+00:00,Spotify web-player queryArtistOverview,undocumented read-only web-client endpoint,4rzWjR3L3M54c6I25NzdM3,Q111050686,Radio Slave,Radio Slave,,,musical group,United Kingdom,,,,,True,accepted_exact_name,True,True,eligible_group_or_duo,True,False
The Pineapple Thief [4lrBMUSk8PiNnCEZfsmPAk],,4lrBMUSk8PiNnCEZfsmPAk,The Pineapple Thief,130128,173374,0,2026-07-18T20:45:22.974241+00:00,Spotify web-player queryArtistOverview,undocumented read-only web-client endpoint,4lrBMUSk8PiNnCEZfsmPAk,Q38502,The Pineapple Thief,The Pineapple Thief,Q550110,Yeovil,rock band,United Kingdom,,,,,True,accepted_exact_name,True,True,eligible_group_or_duo,True,False
Shame [4IeWU3NYBI9mISFVhzXG8f],,4IeWU3NYBI9mISFVhzXG8f,shame,129743,201828,0,2026-07-18T20:45:22.974241+00:00,Spotify web-player queryArtistOverview,undocumented read-only web-client endpoint,4IeWU3NYBI9mISFVhzXG8f,Q48700714,Shame,Shame,Q84,London,musical group,United Kingdom,,,,,True,accepted_exact_name,True,True,eligible_group_or_duo,True,False
Five Star [4toJT7YydhWcrYNgWJK4hW],,4toJT7YydhWcrYNgWJK4hW,Five Star,128764,84034,0,2026-07-18T20:45:22.974241+00:00,Spotify web-player queryArtistOverview,undocumented read-only web-client endpoint,4toJT7YydhWcrYNgWJK4hW,Q1421891,Five Star,Five Star,Q1339305,Romford,group of siblings|musical group,United Kingdom,,,,,True,accepted_exact_name,True,True,eligible_group_or_duo,True,False
Teleman [3wrtQM9ICPPeHwoc1GWiyV],,3wrtQM9ICPPeHwoc1GWiyV,Teleman,128713,59760,0,2026-07-18T20:45:22.974241+00:00,Spotify web-player queryArtistOverview,undocumented read-only web-client endpoint,3wrtQM9ICPPeHwoc1GWiyV,Q25056198,Teleman,Teleman,Q84,London,musical group,United Kingdom,,,,,True,accepted_exact_name,True,True,eligible_group_or_duo,True,False
Hidden Orchestra [4Rj2COYs5hQsw8rYIxSviz],,4Rj2COYs5hQsw8rYIxSviz,Hidden Orchestra,127742,107943,0,2026-07-18T20:45:22.974241+00:00,Spotify web-player queryArtistOverview,undocumented read-only web-client endpoint,4Rj2COYs5hQsw8rYIxSviz,Q80611,Hidden Orchestra,Hidden Orchestra,,,musical group,United Kingdom,,,,,True,accepted_exact_name,True,False,excluded_orchestra,True,False
Altered Images [07h7JMfYWswTq4qpinC5q4],,07h7JMfYWswTq4qpinC5q4,Altered Images,126082,94902,0,2026-07-18T20:45:22.974241+00:00,Spotify web-player queryArtistOverview,undocumented read-only web-client endpoint,07h7JMfYWswTq4qpinC5q4,Q438314,Altered Images,Altered Images,Q4093,Glasgow,rock band,United Kingdom,,,,,True,accepted_exact_name,True,True,eligible_group_or_duo,True,False
Space [76vZk3TWaVcNiP7H7in9fu],,76vZk3TWaVcNiP7H7in9fu,Space,125619,46037,0,2026-07-18T20:45:22.974241+00:00,Spotify web-player queryArtistOverview,undocumented read-only web-client endpoint,76vZk3TWaVcNiP7H7in9fu,Q7572217,Space,Space,Q24826,Liverpool,rock band,United Kingdom,,,,,True,accepted_exact_name,True,True,eligible_group_or_duo,True,False
Chas & Dave [38unGip4o3KhMfqHdHWB7K],,38unGip4o3KhMfqHdHWB7K,Chas & Dave,125459,34026,0,2026-07-18T20:45:22.974241+00:00,Spotify web-player queryArtistOverview,undocumented read-only web-client endpoint,38unGip4o3KhMfqHdHWB7K,Q1067929,Chas & Dave,Chas & Dave,,,musical duo,United Kingdom,,,,,True,accepted_exact_name,True,True,eligible_group_or_duo,True,False
Skids [2vwI9jlKSgJbne3dlTzaLO],,2vwI9jlKSgJbne3dlTzaLO,Skids,123686,54513,0,2026-07-18T20:45:22.974241+00:00,Spotify web-player queryArtistOverview,undocumented read-only web-client endpoint,2vwI9jlKSgJbne3dlTzaLO,Q547438,Skids,Skids,Q211950,Dunfermline,musical group,United Kingdom,,,,,True,accepted_exact_name,True,True,eligible_group_or_duo,True,False
Real Lies [1jucBaHU995Lf7ViACscFu],,1jucBaHU995Lf7ViACscFu,Real Lies,122748,23084,0,2026-07-18T20:45:22.974241+00:00,Spotify web-player queryArtistOverview,undocumented read-only web-client endpoint,1jucBaHU995Lf7ViACscFu,Q16735061,Real Lies,Real Lies,Q84,London,musical group,United Kingdom,,,,,True,accepted_exact_name,True,True,eligible_group_or_duo,True,False
The Boo Radleys [6UYwzZChuolxsylHcZcBBP],,6UYwzZChuolxsylHcZcBBP,The Boo Radleys,121170,54068,0,2026-07-18T20:45:22.974241+00:00,Spotify web-player queryArtistOverview,undocumented read-only web-client endpoint,6UYwzZChuolxsylHcZcBBP,Q1778436,The Boo Radleys,The Boo Radleys,Q24826,Liverpool,musical group,United Kingdom,,,,,True,accepted_exact_name,True,True,eligible_group_or_duo,True,False
Savoy Brown [17obwOahRWI121iMUZznh2],,17obwOahRWI121iMUZznh2,Savoy Brown,119814,148308,0,2026-07-18T20:45:22.974241+00:00,Spotify web-player queryArtistOverview,undocumented read-only web-client endpoint,17obwOahRWI121iMUZznh2,Q1707816,Savoy Brown,Savoy Brown,Q1138912,Battersea,musical group,United Kingdom,,,,,True,accepted_exact_name,True,True,eligible_group_or_duo,True,False
Honeyz [3Ps27dDfvubd75rh5A0wz9],,3Ps27dDfvubd75rh5A0wz9,Honeyz,119707,93205,0,2026-07-18T20:45:22.974241+00:00,Spotify web-player queryArtistOverview,undocumented read-only web-client endpoint,3Ps27dDfvubd75rh5A0wz9,Q16504388,Honeyz,Honeyz,Q84,London,musical group,United Kingdom,,,,,True,accepted_exact_name,True,True,eligible_group_or_duo,True,False
Catherine Wheel [1QPWAsWIjRcTfvY5uH8dov],,1QPWAsWIjRcTfvY5uH8dov,Catherine Wheel,119190,81520,0,2026-07-18T20:45:22.974241+00:00,Spotify web-player queryArtistOverview,undocumented read-only web-client endpoint,1QPWAsWIjRcTfvY5uH8dov,Q502291,Catherine Wheel,Catherine Wheel,Q237253,Great Yarmouth,musical group,United Kingdom,,,,,True,accepted_exact_name,True,True,eligible_group_or_duo,True,False
Marshall Hain [0bUGoPJdCrDnuIQNLxsnBb],,0bUGoPJdCrDnuIQNLxsnBb,Marshall Hain,117620,3592,0,2026-07-18T20:45:22.974241+00:00,Spotify web-player queryArtistOverview,undocumented read-only web-client endpoint,0bUGoPJdCrDnuIQNLxsnBb,Q455663,Marshall Hain,Marshall Hain,,,musical duo,United Kingdom,,,,,True,accepted_exact_name,True,True,eligible_group_or_duo,True,False
Sweet Sensation [0DSE3n3008wiKzfd8vNhWy],,0DSE3n3008wiKzfd8vNhWy,Sweet Sensation,116293,93792,0,2026-07-18T20:45:22.974241+00:00,Spotify web-player queryArtistOverview,undocumented read-only web-client endpoint,0DSE3n3008wiKzfd8vNhWy,Q2372456,Sweet Sensation,Sweet Sensation,Q18125,Manchester,musical group,United Kingdom,,,,,True,accepted_exact_name,True,True,eligible_group_or_duo,True,False
Rak-Su [5UyRaawCsdiVrro0WWgIVB],,5UyRaawCsdiVrro0WWgIVB,Rak-Su,115569,190495,0,2026-07-18T20:45:22.974241+00:00,Spotify web-player queryArtistOverview,undocumented read-only web-client endpoint,5UyRaawCsdiVrro0WWgIVB,Q44590001,Rak-Su,Rak-Su,Q2598,Watford,musical group,United Kingdom,,,,,True,accepted_exact_name,True,True,eligible_group_or_duo,True,False
The Adventures [6ZXLmQi3SPQEh8mXNDldRC],,6ZXLmQi3SPQEh8mXNDldRC,The Adventures,115422,17433,0,2026-07-18T20:45:22.974241+00:00,Spotify web-player queryArtistOverview,undocumented read-only web-client endpoint,6ZXLmQi3SPQEh8mXNDldRC,Q1473420,The Adventures,The Adventures,,,musical group,United Kingdom,,,,,True,accepted_exact_name,True,True,eligible_group_or_duo,True,False
Black Honey [2oVmQT6s29pVIKpqJkyxBS],,2oVmQT6s29pVIKpqJkyxBS,Black Honey,115099,109746,0,2026-07-18T20:45:22.974241+00:00,Spotify web-player queryArtistOverview,undocumented read-only web-client endpoint,2oVmQT6s29pVIKpqJkyxBS,Q55639325,Black Honey,Black Honey,Q131491,Brighton,musical group,United Kingdom,,,,,True,accepted_exact_name,True,True,eligible_group_or_duo,True,False
Gentle Giant [1hrQ50kU6hMQBVLatqUqnO],,1hrQ50kU6hMQBVLatqUqnO,Gentle Giant,114925,264530,0,2026-07-18T20:45:22.974241+00:00,Spotify web-player queryArtistOverview,undocumented read-only web-client endpoint,1hrQ50kU6hMQBVLatqUqnO,Q943241,Gentle Giant,Gentle Giant,Q84,London,musical group,United Kingdom,,,,,True,accepted_exact_name,True,True,eligible_group_or_duo,True,False
Felt [3BqAAo5E60L15TcFgWI8xH],,3BqAAo5E60L15TcFgWI8xH,Felt,114516,63078,0,2026-07-18T20:45:22.974241+00:00,Spotify web-player queryArtistOverview,undocumented read-only web-client endpoint,3BqAAo5E60L15TcFgWI8xH,Q1404436,Felt,Felt,Q2256,Birmingham,musical group,United Kingdom,,,,,True,accepted_exact_name,True,True,eligible_group_or_duo,True,False
The KVB [0BzJFLqchxKNQyEwswwQ40],,0BzJFLqchxKNQyEwswwQ40,The KVB,113762,96849,0,2026-07-18T20:45:22.974241+00:00,Spotify web-player queryArtistOverview,undocumented read-only web-client endpoint,0BzJFLqchxKNQyEwswwQ40,Q16679631,The KVB,The KVB,,,musical group,United Kingdom,,,,,True,accepted_exact_name,True,True,eligible_group_or_duo,True,False
Godley & Creme [02zGgCB9SiSPeDYMfwPJXK],,02zGgCB9SiSPeDYMfwPJXK,Godley & Creme,112480,60417,0,2026-07-18T20:45:22.974241+00:00,Spotify web-player queryArtistOverview,undocumented read-only web-client endpoint,02zGgCB9SiSPeDYMfwPJXK,Q1533857,Godley & Creme,Godley & Creme,Q18655,Stockport,male duo|musical duo|rock band,United Kingdom,,,,,True,accepted_exact_name,True,True,eligible_group_or_duo,True,False
Richard & Linda Thompson [4hw4TPMyAzHqNBcWtoDrK5],,4hw4TPMyAzHqNBcWtoDrK5,Richard & Linda Thompson,111216,41315,0,2026-07-18T20:45:22.974241+00:00,Spotify web-player queryArtistOverview,undocumented read-only web-client endpoint,4hw4TPMyAzHqNBcWtoDrK5,Q9310340,Richard & Linda Thompson,Richard & Linda Thompson,,,musical group,United Kingdom,,,,,True,accepted_exact_name,True,True,eligible_group_or_duo,True,False
Chris Barber's Jazz Band [48CW1rjPSOgZbMsV4LpqoP],,48CW1rjPSOgZbMsV4LpqoP,Chris Barber's Jazz Band,110937,11455,0,2026-07-18T20:45:22.974241+00:00,Spotify web-player queryArtistOverview,undocumented read-only web-client endpoint,48CW1rjPSOgZbMsV4LpqoP,Q110892335,Chris Barber's Jazz Band,Chris Barber's Jazz Band,,,musical group,United Kingdom,,,,,True,accepted_exact_name,True,True,eligible_group_or_duo,True,False
The Raven Age [1Ia5iTYHMBsMQfi7Fbcbuw],,1Ia5iTYHMBsMQfi7Fbcbuw,The Raven Age,110546,102743,0,2026-07-18T20:45:22.974241+00:00,Spotify web-player queryArtistOverview,undocumented read-only web-client endpoint,1Ia5iTYHMBsMQfi7Fbcbuw,Q24039212,The Raven Age,The Raven Age,Q84,London,musical group,United Kingdom,,,,,True,accepted_exact_name,True,True,eligible_group_or_duo,True,False
The Pretty Things [5U16QlMnlSAhkQxBZpLyLO],,5U16QlMnlSAhkQxBZpLyLO,The Pretty Things,110197,132774,0,2026-07-18T20:45:22.974241+00:00,Spotify web-player queryArtistOverview,undocumented read-only web-client endpoint,5U16QlMnlSAhkQxBZpLyLO,Q1364657,The Pretty Things,The Pretty Things,Q84,London,musical group,United Kingdom,,,,,True,accepted_exact_name,True,True,eligible_group_or_duo,True,False
Mumm-Ra [2cUnvdrMWIMACo3fSxCrWW],,2cUnvdrMWIMACo3fSxCrWW,Mumm-ra,109420,27210,0,2026-07-18T20:45:22.974241+00:00,Spotify web-player queryArtistOverview,undocumented read-only web-client endpoint,2cUnvdrMWIMACo3fSxCrWW,Q1254813,Mumm-Ra,Mumm-Ra,Q853012,Bexhill-on-Sea,musical group,United Kingdom,,,,,True,accepted_exact_name,True,True,eligible_group_or_duo,True,False
4hero [1BlBZ9jQGOjmj6Zykgg43L],,1BlBZ9jQGOjmj6Zykgg43L,4hero,109004,50728,0,2026-07-18T20:45:22.974241+00:00,Spotify web-player queryArtistOverview,undocumented read-only web-client endpoint,1BlBZ9jQGOjmj6Zykgg43L,Q924606,4hero,4hero,,,musical duo,United Kingdom,,,,,True,accepted_exact_name,True,True,eligible_group_or_duo,True,False
Collapsed Lung [6sizjS3o8Ph8LoA8WzpXGY],,6sizjS3o8Ph8LoA8WzpXGY,Collapsed Lung,105834,918,0,2026-07-18T20:45:22.974241+00:00,Spotify web-player queryArtistOverview,undocumented read-only web-client endpoint,6sizjS3o8Ph8LoA8WzpXGY,Q5145935,Collapsed Lung,Collapsed Lung,,,musical group,United Kingdom,,,,,True,accepted_exact_name,True,True,eligible_group_or_duo,True,False
Ska Cubano [6lmoqMxughzdlxvQTsUXjF],,6lmoqMxughzdlxvQTsUXjF,Ska Cubano,104757,53801,0,2026-07-18T20:45:22.974241+00:00,Spotify web-player queryArtistOverview,undocumented read-only web-client endpoint,6lmoqMxughzdlxvQTsUXjF,Q3822260,Ska Cubano,Ska Cubano,Q84,London,musical group,England,,,,,True,accepted_exact_name,True,True,eligible_group_or_duo,True,False
Plaid [5akVqMzdZOdbMYbE4vNZWD],,5akVqMzdZOdbMYbE4vNZWD,Plaid,103115,122177,0,2026-07-18T20:45:22.974241+00:00,Spotify web-player queryArtistOverview,undocumented read-only web-client endpoint,5akVqMzdZOdbMYbE4vNZWD,Q1072372,Plaid,Plaid,Q21,England,musical group,United Kingdom,,,,,True,accepted_exact_name,True,True,eligible_group_or_duo,True,False
Budgie [42RbQv212uOjyfIXECLKfR],,42RbQv212uOjyfIXECLKfR,Budgie,102853,94464,0,2026-07-18T20:45:22.974241+00:00,Spotify web-player queryArtistOverview,undocumented read-only web-client endpoint,42RbQv212uOjyfIXECLKfR,Q508678,Budgie,Budgie,Q10690,Cardiff,musical group,United Kingdom,,,,,True,accepted_exact_name,True,True,eligible_group_or_duo,True,False
King Hannah [7t00AYOoiQrcgNlpTkNer6],,7t00AYOoiQrcgNlpTkNer6,King Hannah,102030,63768,0,2026-07-18T20:45:22.974241+00:00,Spotify web-player queryArtistOverview,undocumented read-only web-client endpoint,7t00AYOoiQrcgNlpTkNer6,Q130315360,King Hannah,King Hannah,Q24826,Liverpool,musical duo|musical group,United Kingdom,,,,,True,accepted_exact_name,True,True,eligible_group_or_duo,True,False
The Ordinary Boys [2xPxXPgmZFs7x6xRFpHwkq],,2xPxXPgmZFs7x6xRFpHwkq,The Ordinary Boys,101724,31701,0,2026-07-18T20:45:22.974241+00:00,Spotify web-player queryArtistOverview,undocumented read-only web-client endpoint,2xPxXPgmZFs7x6xRFpHwkq,Q972093,The Ordinary Boys,The Ordinary Boys,Q671348,Worthing,musical group,United Kingdom,,,,,True,accepted_exact_name,True,True,eligible_group_or_duo,True,False
The Overtones [6dXTZkBBwA1WOLD6OSuA0x],,6dXTZkBBwA1WOLD6OSuA0x,The Overtones,101723,48910,0,2026-07-18T20:45:22.974241+00:00,Spotify web-player queryArtistOverview,undocumented read-only web-client endpoint,6dXTZkBBwA1WOLD6OSuA0x,Q1296293,The Overtones,The Overtones,Q84,London,musical group,United Kingdom,,,,,True,accepted_exact_name,True,True,eligible_group_or_duo,True,False
Squid [685XjGzGztyivfR3fAjoxo],,685XjGzGztyivfR3fAjoxo,Squid,101653,179206,0,2026-07-18T20:45:22.974241+00:00,Spotify web-player queryArtistOverview,undocumented read-only web-client endpoint,685XjGzGztyivfR3fAjoxo,Q42886947,Squid,Squid,Q131491,Brighton,musical group,United Kingdom,,,,,True,accepted_exact_name,True,True,eligible_group_or_duo,True,False
The Wurzels [3MOw1ev3YQ8liIGmHT3eH6],,3MOw1ev3YQ8liIGmHT3eH6,The Wurzels,101561,29929,0,2026-07-18T20:45:22.974241+00:00,Spotify web-player queryArtistOverview,undocumented read-only web-client endpoint,3MOw1ev3YQ8liIGmHT3eH6,Q335723,The Wurzels,The Wurzels,Q23157,Somerset,musical group,United Kingdom,,,,,True,accepted_exact_name,True,True,eligible_group_or_duo,True,False
The Guest List [3MlBGzJspD6CjrHRYbR4OQ],,3MlBGzJspD6CjrHRYbR4OQ,The Guest List,100343,46371,0,2026-07-18T20:45:22.974241+00:00,Spotify web-player queryArtistOverview,undocumented read-only web-client endpoint,3MlBGzJspD6CjrHRYbR4OQ,Q130504078,The Guest List,The Guest List,,,musical group,United Kingdom,,,,,True,accepted_exact_name,True,True,eligible_group_or_duo,True,False
New Young Pony Club [3kdrMtLybQIl93rXJlvF3w],,3kdrMtLybQIl93rXJlvF3w,New Young Pony Club,99986,63710,0,2026-07-18T20:45:22.974241+00:00,Spotify web-player queryArtistOverview,undocumented read-only web-client endpoint,3kdrMtLybQIl93rXJlvF3w,Q1217509,New Young Pony Club,New Young Pony Club,Q84,London,musical group,United Kingdom,,,,,True,accepted_exact_name,True,True,eligible_group_or_duo,True,False
Evile [1dwrMJAKBiLlj0O4R791Xo],,1dwrMJAKBiLlj0O4R791Xo,Evile,99821,131754,0,2026-07-18T20:45:22.974241+00:00,Spotify web-player queryArtistOverview,undocumented read-only web-client endpoint,1dwrMJAKBiLlj0O4R791Xo,Q1382461,Evile,Evile,Q201812,Huddersfield,musical group,United Kingdom,,,,,True,accepted_exact_name,True,True,eligible_group_or_duo,True,False
The Sixteen [5y9NnD1AZPcBVbDluRgiXS],,5y9NnD1AZPcBVbDluRgiXS,The Sixteen,99721,36066,0,2026-07-18T20:45:22.974241+00:00,Spotify web-player queryArtistOverview,undocumented read-only web-client endpoint,5y9NnD1AZPcBVbDluRgiXS,Q3067073,The Sixteen,The Sixteen,,,chamber orchestra|choir,United Kingdom,,,,,True,accepted_exact_name,True,False,excluded_orchestra,True,False
Black Grape [147FGf3bdxV1L0mmVtgaJR],,147FGf3bdxV1L0mmVtgaJR,Black Grape,99344,95076,0,2026-07-18T20:45:22.974241+00:00,Spotify web-player queryArtistOverview,undocumented read-only web-client endpoint,147FGf3bdxV1L0mmVtgaJR,Q2500994,Black Grape,Black Grape,Q47952,Salford,musical group,United Kingdom,,,,,True,accepted_exact_name,True,True,eligible_group_or_duo,True,False
Creeper [0nV7SiEIVtPLTSJ6NwWDGj],,0nV7SiEIVtPLTSJ6NwWDGj,Creeper,98969,102884,0,2026-07-18T20:45:22.974241+00:00,Spotify web-player queryArtistOverview,undocumented read-only web-client endpoint,0nV7SiEIVtPLTSJ6NwWDGj,Q23023097,Creeper,Creeper,Q79848,Southampton,punk band,United Kingdom,,,,,True,accepted_exact_name,True,True,eligible_group_or_duo,True,False
The Wonder Stuff [0Uo1d5A6BR1I155GlD9WYo],,0Uo1d5A6BR1I155GlD9WYo,The Wonder Stuff,98365,74322,0,2026-07-18T20:45:22.974241+00:00,Spotify web-player queryArtistOverview,undocumented read-only web-client endpoint,0Uo1d5A6BR1I155GlD9WYo,Q500101,The Wonder Stuff,The Wonder Stuff,Q661707,Stourbridge,musical group,United Kingdom,,,,,True,accepted_exact_name,True,True,eligible_group_or_duo,True,False
The Flying Lizards [2L9iHIK8h5HvZe6VXb0aOI],,2L9iHIK8h5HvZe6VXb0aOI,The Flying Lizards,98078,23736,0,2026-07-18T20:45:22.974241+00:00,Spotify web-player queryArtistOverview,undocumented read-only web-client endpoint,2L9iHIK8h5HvZe6VXb0aOI,Q1527282,The Flying Lizards,The Flying Lizards,Q145,United Kingdom,musical group,United Kingdom,,,,,True,accepted_exact_name,True,True,eligible_group_or_duo,True,False
My Dying Bride [7iMWWdRNiCJwGOGEIYr02z],,7iMWWdRNiCJwGOGEIYr02z,My Dying Bride,98069,210924,0,2026-07-18T20:45:22.974241+00:00,Spotify web-player queryArtistOverview,undocumented read-only web-client endpoint,7iMWWdRNiCJwGOGEIYr02z,Q498460,My Dying Bride,My Dying Bride,Q22905,Q22905,musical group,United Kingdom,,,,,True,accepted_exact_name,True,True,eligible_group_or_duo,True,False
Remember Monday [3oIj2x6uKeZSe9Bprnt4TX],,3oIj2x6uKeZSe9Bprnt4TX,Remember Monday,97605,47560,0,2026-07-18T20:45:22.974241+00:00,Spotify web-player queryArtistOverview,undocumented read-only web-client endpoint,3oIj2x6uKeZSe9Bprnt4TX,Q133137918,Remember Monday,Remember Monday,Q23276|Q547071,Farnborough|Surrey,musical group,United Kingdom,,,,,True,accepted_exact_name,True,True,eligible_group_or_duo,True,False
Freddie and the Dreamers [1wCc2Wgga1H8C7u57pcqYk],,1wCc2Wgga1H8C7u57pcqYk,Freddie & The Dreamers,97117,102268,0,2026-07-18T20:45:22.974241+00:00,Spotify web-player queryArtistOverview,undocumented read-only web-client endpoint,1wCc2Wgga1H8C7u57pcqYk,Q1452593,Freddie and the Dreamers,Freddie and the Dreamers,Q18125,Manchester,musical group,United Kingdom,,,,,False,rejected_name_mismatch,False,True,eligible_group_or_duo,True,False
Monuments [71IBhhBhtPLZ8OyVuXOw77],,71IBhhBhtPLZ8OyVuXOw77,Monuments,97034,180599,0,2026-07-18T20:45:22.974241+00:00,Spotify web-player queryArtistOverview,undocumented read-only web-client endpoint,71IBhhBhtPLZ8OyVuXOw77,Q15835576,Monuments,Monuments,Q21,England,musical group,United Kingdom,,,,,True,accepted_exact_name,True,True,eligible_group_or_duo,True,False
The Yogscast [2kQ4uyd7WPQI9xcmeZbI0G],,2kQ4uyd7WPQI9xcmeZbI0G,The Yogscast,96738,44957,0,2026-07-18T20:45:22.974241+00:00,Spotify web-player queryArtistOverview,undocumented read-only web-client endpoint,2kQ4uyd7WPQI9xcmeZbI0G,Q7776711,The Yogscast,The Yogscast,,,entertainment company|team of content creators,United Kingdom,,,,,True,accepted_exact_name,True,True,eligible_group_or_duo,True,False
Argent [46VosWAvtZsBl7rvxufsWG],,46VosWAvtZsBl7rvxufsWG,Argent,96722,66357,0,2026-07-18T20:45:22.974241+00:00,Spotify web-player queryArtistOverview,undocumented read-only web-client endpoint,46VosWAvtZsBl7rvxufsWG,Q2301367,Argent,Argent,Q84,London,musical group,United Kingdom,,,,,True,accepted_exact_name,True,True,eligible_group_or_duo,True,False
The Rezillos [0nbaBQTlGxUPLQ07N7onwv],,0nbaBQTlGxUPLQ07N7onwv,The Rezillos,96370,63677,0,2026-07-18T20:45:22.974241+00:00,Spotify web-player queryArtistOverview,undocumented read-only web-client endpoint,0nbaBQTlGxUPLQ07N7onwv,Q3269,The Rezillos,The Rezillos,Q23436,Edinburgh,rock band,United Kingdom,,,,,True,accepted_exact_name,True,True,eligible_group_or_duo,True,False
Lower Than Atlantis [1kF0gYnHLUJvFuPdoowO02],,1kF0gYnHLUJvFuPdoowO02,Lower Than Atlantis,96324,114550,0,2026-07-18T20:45:22.974241+00:00,Spotify web-player queryArtistOverview,undocumented read-only web-client endpoint,1kF0gYnHLUJvFuPdoowO02,Q1493713,Lower Than Atlantis,Lower Than Atlantis,Q2598,Watford,musical group,United Kingdom,,,,,True,accepted_exact_name,True,True,eligible_group_or_duo,True,False
Snapped Ankles [4iWOyexPqcvgycdx7mLUcl],,4iWOyexPqcvgycdx7mLUcl,Snapped Ankles,96130,52165,0,2026-07-18T20:45:22.974241+00:00,Spotify web-player queryArtistOverview,undocumented read-only web-client endpoint,4iWOyexPqcvgycdx7mLUcl,Q39054831,Snapped Ankles,Snapped Ankles,Q84,London,musical group,United Kingdom,,,,,True,accepted_exact_name,True,True,eligible_group_or_duo,True,False
Warning [215tdyVWdDYOjufDKf6UJg],,215tdyVWdDYOjufDKf6UJg,Warning,96100,39680,0,2026-07-18T20:45:22.974241+00:00,Spotify web-player queryArtistOverview,undocumented read-only web-client endpoint,215tdyVWdDYOjufDKf6UJg,Q2549534,Warning,Warning,Q852729,Harlow,musical group,United Kingdom,,,,,True,accepted_exact_name,True,True,eligible_group_or_duo,True,False
Death in June [68wK3u9MnoZj5fFOFNTfwy],,68wK3u9MnoZj5fFOFNTfwy,Death In June,95529,134609,0,2026-07-18T20:45:22.974241+00:00,Spotify web-player queryArtistOverview,undocumented read-only web-client endpoint,68wK3u9MnoZj5fFOFNTfwy,Q1181285,Death in June,Death in June,Q21,England,musical group,United Kingdom,,,,,True,accepted_exact_name,True,True,eligible_group_or_duo,True,False
Stealing Sheep [3ghT43Gj41br25PvBCDS22],,3ghT43Gj41br25PvBCDS22,Stealing Sheep,95519,29907,0,2026-07-18T20:45:22.974241+00:00,Spotify web-player queryArtistOverview,undocumented read-only web-client endpoint,3ghT43Gj41br25PvBCDS22,Q18162543,Stealing Sheep,Stealing Sheep,Q24826,Liverpool,musical group,United Kingdom,,,,,True,accepted_exact_name,True,True,eligible_group_or_duo,True,False
Los Bitchos [07b9qW7pabKGO29JPWXn9m],,07b9qW7pabKGO29JPWXn9m,Los Bitchos,95326,112931,0,2026-07-18T20:45:22.974241+00:00,Spotify web-player queryArtistOverview,undocumented read-only web-client endpoint,07b9qW7pabKGO29JPWXn9m,Q110821923,Los Bitchos,Los Bitchos,,,musical group,United Kingdom,,,,,True,accepted_exact_name,True,True,eligible_group_or_duo,True,False
２８１４ [2wBpW4bAGYVe0yJcBeCTyd],,2wBpW4bAGYVe0yJcBeCTyd,２８１４,95312,89132,0,2026-07-18T20:45:22.974241+00:00,Spotify web-player queryArtistOverview,undocumented read-only web-client endpoint,2wBpW4bAGYVe0yJcBeCTyd,Q28843403,２８１４,２８１４,Q84,London,musical group,United Kingdom,,,,,True,accepted_exact_name,True,True,eligible_group_or_duo,True,False
Magnum [3Nu9hoMBT4SkDcaNvmK4G1],,3Nu9hoMBT4SkDcaNvmK4G1,Magnum,94112,78000,0,2026-07-18T20:45:22.974241+00:00,Spotify web-player queryArtistOverview,undocumented read-only web-client endpoint,3Nu9hoMBT4SkDcaNvmK4G1,Q1754885,Magnum,Magnum,Q2256,Birmingham,rock band,United Kingdom,,,,,True,accepted_exact_name,True,True,eligible_group_or_duo,True,False
The Vaselines [4wWQkHhmUNlXvhbHRUSqZW],,4wWQkHhmUNlXvhbHRUSqZW,The Vaselines,94006,95866,0,2026-07-18T20:45:22.974241+00:00,Spotify web-player queryArtistOverview,undocumented read-only web-client endpoint,4wWQkHhmUNlXvhbHRUSqZW,Q1542725,The Vaselines,The Vaselines,Q4093,Glasgow,musical group,United Kingdom,,,,,True,accepted_exact_name,True,True,eligible_group_or_duo,True,False
Hilliard Ensemble [0L8W3JzyTX29RLKZgc3bqS],,0L8W3JzyTX29RLKZgc3bqS,The Hilliard Ensemble,93480,27136,0,2026-07-18T20:45:22.974241+00:00,Spotify web-player queryArtistOverview,undocumented read-only web-client endpoint,0L8W3JzyTX29RLKZgc3bqS,Q771012,Hilliard Ensemble,Hilliard Ensemble,,,choir,United Kingdom,,,,,False,rejected_name_mismatch,False,True,eligible_group_or_duo,True,False
Cook da Books [59VqwKtnkmMOdYKYRxO5Td],,59VqwKtnkmMOdYKYRxO5Td,Cook da Books,92697,2321,0,2026-07-18T20:45:22.974241+00:00,Spotify web-player queryArtistOverview,undocumented read-only web-client endpoint,59VqwKtnkmMOdYKYRxO5Td,Q1128539,Cook da Books,Cook da Books,Q24826,Liverpool,musical group,United Kingdom,,,,,True,accepted_exact_name,True,True,eligible_group_or_duo,True,False
The Quireboys [0d49iRrp4iVZggKbcpxnqI],,0d49iRrp4iVZggKbcpxnqI,The Quireboys,92662,63481,0,2026-07-18T20:45:22.974241+00:00,Spotify web-player queryArtistOverview,undocumented read-only web-client endpoint,0d49iRrp4iVZggKbcpxnqI,Q1243743,The Quireboys,The Quireboys,Q84,London,musical group,United Kingdom,,,,,True,accepted_exact_name,True,True,eligible_group_or_duo,True,False
Longpigs [1o7zIbVAgDDHKijLVuLASg],,1o7zIbVAgDDHKijLVuLASg,Longpigs,91435,53332,0,2026-07-18T20:45:22.974241+00:00,Spotify web-player queryArtistOverview,undocumented read-only web-client endpoint,1o7zIbVAgDDHKijLVuLASg,Q4043165,Longpigs,Longpigs,Q42448,Sheffield,musical group,United Kingdom,,,,,True,accepted_exact_name,True,True,eligible_group_or_duo,True,False
Girlschool [2TRtXTjjmyzK5oUGec1Gv8],,2TRtXTjjmyzK5oUGec1Gv8,Girlschool,90933,103283,0,2026-07-18T20:45:22.974241+00:00,Spotify web-player queryArtistOverview,undocumented read-only web-client endpoint,2TRtXTjjmyzK5oUGec1Gv8,Q1142870,Girlschool,Girlschool,Q84,London,rock band,United Kingdom,,,,,True,accepted_exact_name,True,True,eligible_group_or_duo,True,False
U.K. Subs [4wsg78KGu80m8Xk37PY2uG],,4wsg78KGu80m8Xk37PY2uG,U.K. Subs,90759,80069,0,2026-07-18T20:45:22.974241+00:00,Spotify web-player queryArtistOverview,undocumented read-only web-client endpoint,4wsg78KGu80m8Xk37PY2uG,Q1479074,U.K. Subs,U.K. Subs,Q84,London,musical group,United Kingdom,,,,,True,accepted_exact_name,True,True,eligible_group_or_duo,True,False
Faze Action [1MMEHyxVfd0Pv4PEHynX9k],,1MMEHyxVfd0Pv4PEHynX9k,Faze Action,90602,10791,0,2026-07-18T20:45:22.974241+00:00,Spotify web-player queryArtistOverview,undocumented read-only web-client endpoint,1MMEHyxVfd0Pv4PEHynX9k,Q5439175,Faze Action,Faze Action,,,musical group,United Kingdom,,,,,True,accepted_exact_name,True,True,eligible_group_or_duo,True,False
The Chevin [2x9iKuuxMHGDm12dmNfOAh],,2x9iKuuxMHGDm12dmNfOAh,The Chevin,90538,8737,0,2026-07-18T20:45:22.974241+00:00,Spotify web-player queryArtistOverview,undocumented read-only web-client endpoint,2x9iKuuxMHGDm12dmNfOAh,Q2410218,The Chevin,The Chevin,Q658902,Otley,musical group,United Kingdom,,,,,True,accepted_exact_name,True,True,eligible_group_or_duo,True,False
Tygers of Pan Tang [1MZ8NERIuOS610KBhr6yna],,1MZ8NERIuOS610KBhr6yna,Tygers Of Pan Tang,89626,77762,0,2026-07-18T20:45:22.974241+00:00,Spotify web-player queryArtistOverview,undocumented read-only web-client endpoint,1MZ8NERIuOS610KBhr6yna,Q1753013,Tygers of Pan Tang,Tygers of Pan Tang,Q2575441,Whitley Bay,musical group,United Kingdom,,,,,True,accepted_exact_name,True,True,eligible_group_or_duo,True,False
JoBoxers [6lONz9iABy1tb7Nl9FAOZG],,6lONz9iABy1tb7Nl9FAOZG,Jo Boxers,89557,5236,0,2026-07-18T20:45:22.974241+00:00,Spotify web-player queryArtistOverview,undocumented read-only web-client endpoint,6lONz9iABy1tb7Nl9FAOZG,Q14158638,JoBoxers,JoBoxers,,,musical group,United Kingdom,,,,,True,accepted_exact_name,True,True,eligible_group_or_duo,True,False
Cruel Youth [4YrURxtCHtPBfNDmMNp7IG],,4YrURxtCHtPBfNDmMNp7IG,Cruel Youth,89434,148564,0,2026-07-18T20:45:22.974241+00:00,Spotify web-player queryArtistOverview,undocumented read-only web-client endpoint,4YrURxtCHtPBfNDmMNp7IG,Q26905034,Cruel Youth,Cruel Youth,,,musical group,United Kingdom,,,,,True,accepted_exact_name,True,True,eligible_group_or_duo,True,False
The Comet Is Coming [0Z5FMozvx15nUSUA6a9kkU],,0Z5FMozvx15nUSUA6a9kkU,The Comet Is Coming,89284,188120,0,2026-07-18T20:45:22.974241+00:00,Spotify web-player queryArtistOverview,undocumented read-only web-client endpoint,0Z5FMozvx15nUSUA6a9kkU,Q21585350,The Comet Is Coming,The Comet Is Coming,,,musical group,United Kingdom,,,,,True,accepted_exact_name,True,True,eligible_group_or_duo,True,False
Idlewild [1xdB9gS1NrKEYgZUEfoqIw],,1xdB9gS1NrKEYgZUEfoqIw,Idlewild,89257,72943,0,2026-07-18T20:45:22.974241+00:00,Spotify web-player queryArtistOverview,undocumented read-only web-client endpoint,1xdB9gS1NrKEYgZUEfoqIw,Q784088,Idlewild,Idlewild,Q23436,Edinburgh,musical group,United Kingdom,,,,,True,accepted_exact_name,True,True,eligible_group_or_duo,True,False
Sons of Kemet [3pvRbmrqOyFxB2Eext4Dki],,3pvRbmrqOyFxB2Eext4Dki,Sons Of Kemet,88881,163892,0,2026-07-18T20:45:22.974241+00:00,Spotify web-player queryArtistOverview,undocumented read-only web-client endpoint,3pvRbmrqOyFxB2Eext4Dki,Q17019747,Sons of Kemet,Sons of Kemet,Q84,London,musical group,United Kingdom,,,,,True,accepted_exact_name,True,True,eligible_group_or_duo,True,False
KOAN Sound [1NCLweIUpq8knzemBwAwoo],,1NCLweIUpq8knzemBwAwoo,KOAN Sound,88384,121601,0,2026-07-18T20:45:22.974241+00:00,Spotify web-player queryArtistOverview,undocumented read-only web-client endpoint,1NCLweIUpq8knzemBwAwoo,Q6334752,KOAN Sound,KOAN Sound,Q23154,Bristol,musical duo,United Kingdom,,,,,True,accepted_exact_name,True,True,eligible_group_or_duo,True,False
This Town Needs Guns [5TUa95aB5Vu2CzwCnZd6t0],,5TUa95aB5Vu2CzwCnZd6t0,TTNG,88106,131854,0,2026-07-18T20:45:22.974241+00:00,Spotify web-player queryArtistOverview,undocumented read-only web-client endpoint,5TUa95aB5Vu2CzwCnZd6t0,Q3990545,This Town Needs Guns,This Town Needs Guns,Q34217,Oxford,musical group,United Kingdom,,,,,False,rejected_name_mismatch,False,True,eligible_group_or_duo,True,False
The Slow Show [696uMzB97pg2uqfzmK3MvO],,696uMzB97pg2uqfzmK3MvO,The Slow Show,87963,43986,0,2026-07-18T20:45:22.974241+00:00,Spotify web-player queryArtistOverview,undocumented read-only web-client endpoint,696uMzB97pg2uqfzmK3MvO,Q27058585,The Slow Show,The Slow Show,Q18125,Manchester,musical group,United Kingdom,,,,,True,accepted_exact_name,True,True,eligible_group_or_duo,True,False
Bad Company [4AAf6BI1IJxvkqv98mDHin],,4AAf6BI1IJxvkqv98mDHin,Bad Company UK,87765,39243,0,2026-07-18T20:45:22.974241+00:00,Spotify web-player queryArtistOverview,undocumented read-only web-client endpoint,4AAf6BI1IJxvkqv98mDHin,Q1982683,Bad Company,Bad Company,Q145,United Kingdom,musical group,United Kingdom,,,,,False,rejected_name_mismatch,False,True,eligible_group_or_duo,True,False
All Angels [1nlqYzoK1LAlS8MmnUhfEs],,1nlqYzoK1LAlS8MmnUhfEs,All Angels,87528,25936,0,2026-07-18T20:45:22.974241+00:00,Spotify web-player queryArtistOverview,undocumented read-only web-client endpoint,1nlqYzoK1LAlS8MmnUhfEs,Q2577167,All Angels,All Angels,,,musical group,United Kingdom,,,,,True,accepted_exact_name,True,True,eligible_group_or_duo,True,False
Florence Black [7ubhUvkY7FB68rfzz7DmW4],,7ubhUvkY7FB68rfzz7DmW4,Florence Black,87365,33670,0,2026-07-18T20:45:22.974241+00:00,Spotify web-player queryArtistOverview,undocumented read-only web-client endpoint,7ubhUvkY7FB68rfzz7DmW4,Q139620902,Florence Black,Florence Black,,,musical group,United Kingdom,,,,,True,accepted_exact_name,True,True,eligible_group_or_duo,True,False
Swim Deep [2XddLUPFBmTonCFy8uB3uc],,2XddLUPFBmTonCFy8uB3uc,Swim Deep,86770,86828,0,2026-07-18T20:45:22.974241+00:00,Spotify web-player queryArtistOverview,undocumented read-only web-client endpoint,2XddLUPFBmTonCFy8uB3uc,Q15052678,Swim Deep,Swim Deep,Q2256,Birmingham,musical group,United Kingdom,,,,,True,accepted_exact_name,True,True,eligible_group_or_duo,True,False
Glasvegas [478peoEkoKPsTgRiVzkvPl],,478peoEkoKPsTgRiVzkvPl,Glasvegas,86543,64525,0,2026-07-18T20:45:22.974241+00:00,Spotify web-player queryArtistOverview,undocumented read-only web-client endpoint,478peoEkoKPsTgRiVzkvPl,Q740692,Glasvegas,Glasvegas,Q5211522,Dalmarnock,musical group,United Kingdom,,,,,True,accepted_exact_name,True,True,eligible_group_or_duo,True,False
Gun [1dip2dCkBIylIFyDfZQfFu],,1dip2dCkBIylIFyDfZQfFu,Gun,85826,42357,0,2026-07-18T20:45:22.974241+00:00,Spotify web-player queryArtistOverview,undocumented read-only web-client endpoint,1dip2dCkBIylIFyDfZQfFu,Q462960,Gun,Gun,Q4093,Glasgow,musical group,United Kingdom,,,,,True,accepted_exact_name,True,True,eligible_group_or_duo,True,False
Blackfield [3xrzXKnScjOEoy172vsJMW],,3xrzXKnScjOEoy172vsJMW,Blackfield,85702,150969,0,2026-07-18T20:45:22.974241+00:00,Spotify web-player queryArtistOverview,undocumented read-only web-client endpoint,3xrzXKnScjOEoy172vsJMW,Q880812,Blackfield,Blackfield,Q21,England,musical group,United Kingdom,,,,,True,accepted_exact_name,True,True,eligible_group_or_duo,True,False
Jockstrap [6S3Z6Me30mtdm526H17v8k],,6S3Z6Me30mtdm526H17v8k,Jockstrap,85520,114087,0,2026-07-18T20:45:22.974241+00:00,Spotify web-player queryArtistOverview,undocumented read-only web-client endpoint,6S3Z6Me30mtdm526H17v8k,Q96384484,Jockstrap,Jockstrap,Q84,London,musical group,United Kingdom,,,,,True,accepted_exact_name,True,True,eligible_group_or_duo,True,False
The Rumble Strips [2LrQtNcBWufq2AjaM6swf7],,2LrQtNcBWufq2AjaM6swf7,The Rumble Strips,85506,17312,0,2026-07-18T20:45:22.974241+00:00,Spotify web-player queryArtistOverview,undocumented read-only web-client endpoint,2LrQtNcBWufq2AjaM6swf7,Q7761824,The Rumble Strips,The Rumble Strips,Q668262,Tavistock,musical group,United Kingdom,,,,,True,accepted_exact_name,True,True,eligible_group_or_duo,True,False
Booze & Glory [4gVommn6B9vUqdsfSwVaiv],,4gVommn6B9vUqdsfSwVaiv,Booze & Glory,85412,80939,0,2026-07-18T20:45:22.974241+00:00,Spotify web-player queryArtistOverview,undocumented read-only web-client endpoint,4gVommn6B9vUqdsfSwVaiv,Q17300304,Booze & Glory,Booze & Glory,,,musical group,United Kingdom,,,,,True,accepted_exact_name,True,True,eligible_group_or_duo,True,False
Magnetic Man [40ttEBZPhAHbXH6aUg4GkL],,40ttEBZPhAHbXH6aUg4GkL,Magnetic Man,83637,58622,0,2026-07-18T20:45:22.974241+00:00,Spotify web-player queryArtistOverview,undocumented read-only web-client endpoint,40ttEBZPhAHbXH6aUg4GkL,Q1884353,Magnetic Man,Magnetic Man,Q84,London,musical group,United Kingdom,,,,,True,accepted_exact_name,True,True,eligible_group_or_duo,True,False
Oi Va Voi [1AzrlUnOS6dhH0iMV86ctS],,1AzrlUnOS6dhH0iMV86ctS,Oi Va Voi,83446,64804,0,2026-07-18T20:45:22.974241+00:00,Spotify web-player queryArtistOverview,undocumented read-only web-client endpoint,1AzrlUnOS6dhH0iMV86ctS,Q1747594,Oi Va Voi,Oi Va Voi,Q84,London,musical group,United Kingdom,,,,,True,accepted_exact_name,True,True,eligible_group_or_duo,True,False
Tenpole Tudor [3hsO9B2FiSAfdBddcNKZEV],,3hsO9B2FiSAfdBddcNKZEV,Tenpole Tudor,83020,22883,0,2026-07-18T20:45:22.974241+00:00,Spotify web-player queryArtistOverview,undocumented read-only web-client endpoint,3hsO9B2FiSAfdBddcNKZEV,Q649666,Tenpole Tudor,Tenpole Tudor,Q21,England,musical group,United Kingdom,,,,,True,accepted_exact_name,True,True,eligible_group_or_duo,True,False
Young Guns [4v4qHupYi7eRJfkniHrp4Z],,4v4qHupYi7eRJfkniHrp4Z,Young Guns,82953,92090,0,2026-07-18T20:45:22.974241+00:00,Spotify web-player queryArtistOverview,undocumented read-only web-client endpoint,4v4qHupYi7eRJfkniHrp4Z,Q43843,Young Guns,Young Guns,Q64116,High Wycombe,musical group,United Kingdom,,,,,True,accepted_exact_name,True,True,eligible_group_or_duo,True,False
Britten Sinfonia [3P1VtkpIYbw6YoTo0KYlxy],,3P1VtkpIYbw6YoTo0KYlxy,Britten Sinfonia,81931,2465,0,2026-07-18T20:45:22.974241+00:00,Spotify web-player queryArtistOverview,undocumented read-only web-client endpoint,3P1VtkpIYbw6YoTo0KYlxy,Q4971651,Britten Sinfonia,Britten Sinfonia,,,chamber orchestra,United Kingdom,,,,,True,accepted_exact_name,True,False,excluded_orchestra,True,False
Let's Eat Grandma [4qNZw759AdHSMugyDMrIlF],,4qNZw759AdHSMugyDMrIlF,Let's Eat Grandma,81221,113814,0,2026-07-18T20:45:22.974241+00:00,Spotify web-player queryArtistOverview,undocumented read-only web-client endpoint,4qNZw759AdHSMugyDMrIlF,Q24901294,Let's Eat Grandma,Let's Eat Grandma,Q130191,Norwich,musical group,United Kingdom,,,,,True,accepted_exact_name,True,True,eligible_group_or_duo,True,False
Scottish Chamber Orchestra [45y5kS0Nhm3v7Do6W5dbcS],,45y5kS0Nhm3v7Do6W5dbcS,Scottish Chamber Orchestra,80565,4889,0,2026-07-18T20:45:22.974241+00:00,Spotify web-player queryArtistOverview,undocumented read-only web-client endpoint,45y5kS0Nhm3v7Do6W5dbcS,Q3365522,Scottish Chamber Orchestra,Scottish Chamber Orchestra,Q22,Scotland,chamber orchestra,United Kingdom,,,,,True,accepted_exact_name,True,False,excluded_orchestra,True,False
Babe Ruth [0U04xAocTetRnA7v3TYQ2i],,0U04xAocTetRnA7v3TYQ2i,Babe Ruth,80353,26531,0,2026-07-18T20:45:22.974241+00:00,Spotify web-player queryArtistOverview,undocumented read-only web-client endpoint,0U04xAocTetRnA7v3TYQ2i,Q797616,Babe Ruth,Babe Ruth,Q19788,Hatfield,musical group,United Kingdom,,,,,True,accepted_exact_name,True,True,eligible_group_or_duo,True,False
Massive Wagons [7xytG2E40s4GeukvZCGqGP],,7xytG2E40s4GeukvZCGqGP,Massive Wagons,80248,29902,0,2026-07-18T20:45:22.974241+00:00,Spotify web-player queryArtistOverview,undocumented read-only web-client endpoint,7xytG2E40s4GeukvZCGqGP,Q59661769,Massive Wagons,Massive Wagons,,,rock band,United Kingdom,,,,,True,accepted_exact_name,True,True,eligible_group_or_duo,True,False
65daysofstatic [6DVVsQAnpHdJjb1nYuOQ6g],,6DVVsQAnpHdJjb1nYuOQ6g,65daysofstatic,79997,147863,0,2026-07-18T20:45:22.974241+00:00,Spotify web-player queryArtistOverview,undocumented read-only web-client endpoint,6DVVsQAnpHdJjb1nYuOQ6g,Q254285,65daysofstatic,65daysofstatic,Q42448,Sheffield,musical group,United Kingdom,,,,,True,accepted_exact_name,True,True,eligible_group_or_duo,True,False
Arab Strap [6g8Jqb5JMfv92eB2r0awTN],,6g8Jqb5JMfv92eB2r0awTN,Arab Strap,79984,87017,0,2026-07-18T20:45:22.974241+00:00,Spotify web-player queryArtistOverview,undocumented read-only web-client endpoint,6g8Jqb5JMfv92eB2r0awTN,Q2632762,Arab Strap,Arab Strap,Q623687,Falkirk,musical group,United Kingdom,,,,,True,accepted_exact_name,True,True,eligible_group_or_duo,True,False
Slowly Rolling Camera [5kH36nIamlV0iSe6ESDWvb],,5kH36nIamlV0iSe6ESDWvb,Slowly Rolling Camera,79752,30422,0,2026-07-18T20:45:22.974241+00:00,Spotify web-player queryArtistOverview,undocumented read-only web-client endpoint,5kH36nIamlV0iSe6ESDWvb,Q25080052,Slowly Rolling Camera,Slowly Rolling Camera,,,musical group,United Kingdom,,,,,True,accepted_exact_name,True,True,eligible_group_or_duo,True,False
Mallory Knox [7bHTSvk96ULRLZPZr1SoCZ],,7bHTSvk96ULRLZPZr1SoCZ,Mallory Knox,79587,81280,0,2026-07-18T20:45:22.974241+00:00,Spotify web-player queryArtistOverview,undocumented read-only web-client endpoint,7bHTSvk96ULRLZPZr1SoCZ,Q15044899,Mallory Knox,Mallory Knox,Q350,Cambridge,musical group,United Kingdom,,,,,True,accepted_exact_name,True,True,eligible_group_or_duo,True,False
Alien Sex Fiend [6WVnBgqJfj9Iw9gpBed9fJ],,6WVnBgqJfj9Iw9gpBed9fJ,Alien Sex Fiend,79219,163266,0,2026-07-18T20:45:22.974241+00:00,Spotify web-player queryArtistOverview,undocumented read-only web-client endpoint,6WVnBgqJfj9Iw9gpBed9fJ,Q1541561,Alien Sex Fiend,Alien Sex Fiend,Q84,London,musical group,United Kingdom,,,,,True,accepted_exact_name,True,True,eligible_group_or_duo,True,False
Geordie [0IzJYdxaNLwrC7diSCu0iY],,0IzJYdxaNLwrC7diSCu0iY,Geordie,79034,31989,0,2026-07-18T20:45:22.974241+00:00,Spotify web-player queryArtistOverview,undocumented read-only web-client endpoint,0IzJYdxaNLwrC7diSCu0iY,Q499366,Geordie,Geordie,Q1425428,Newcastle upon Tyne,musical group,United Kingdom,,,,,True,accepted_exact_name,True,True,eligible_group_or_duo,True,False
Brothers in Rhythm [0f2HTJx4jowMoiHBH4GzdU],,0f2HTJx4jowMoiHBH4GzdU,Brothers In Rhythm,78778,8893,0,2026-07-18T20:45:22.974241+00:00,Spotify web-player queryArtistOverview,undocumented read-only web-client endpoint,0f2HTJx4jowMoiHBH4GzdU,Q2053844,Brothers in Rhythm,Brothers in Rhythm,,,musical group,United Kingdom,,,,,True,accepted_exact_name,True,True,eligible_group_or_duo,True,False
Destructive Tendencies [1Yc03TvBp08WN2oHVuvewX],,1Yc03TvBp08WN2oHVuvewX,Destructive Tendencies,77543,21596,0,2026-07-18T20:45:22.974241+00:00,Spotify web-player queryArtistOverview,undocumented read-only web-client endpoint,1Yc03TvBp08WN2oHVuvewX,Q56309814,Destructive Tendencies,Destructive Tendencies,,,musical group,United Kingdom,,,,,True,accepted_exact_name,True,True,eligible_group_or_duo,True,False
Discharge [5SRhOM75OnwuXH8BmCxD5a],,5SRhOM75OnwuXH8BmCxD5a,Discharge,77256,153668,0,2026-07-18T20:45:22.974241+00:00,Spotify web-player queryArtistOverview,undocumented read-only web-client endpoint,5SRhOM75OnwuXH8BmCxD5a,Q1228418,Discharge,Discharge,Q134902,Stoke-on-Trent,rock band,United Kingdom,,,,,True,accepted_exact_name,True,True,eligible_group_or_duo,True,False
Ibibio Sound Machine [4J6CnIqPEtWYn3la2YYj2c],,4J6CnIqPEtWYn3la2YYj2c,Ibibio Sound Machine,77200,63292,0,2026-07-18T20:45:22.974241+00:00,Spotify web-player queryArtistOverview,undocumented read-only web-client endpoint,4J6CnIqPEtWYn3la2YYj2c,Q39016670,Ibibio Sound Machine,Ibibio Sound Machine,,,musical group,United Kingdom,,,,,True,accepted_exact_name,True,True,eligible_group_or_duo,True,False
GLXY [1U8nnmbuPk1EpoO7MVgIeT],,1U8nnmbuPk1EpoO7MVgIeT,GLXY,77107,26211,0,2026-07-18T20:45:22.974241+00:00,Spotify web-player queryArtistOverview,undocumented read-only web-client endpoint,1U8nnmbuPk1EpoO7MVgIeT,Q57298698,GLXY,GLXY,,,musical group,United Kingdom,,,,,True,accepted_exact_name,True,True,eligible_group_or_duo,True,False
LFO [2M0T4a1pkOC5nifN9W6e9e],,2M0T4a1pkOC5nifN9W6e9e,LFO,76989,57583,0,2026-07-18T20:45:22.974241+00:00,Spotify web-player queryArtistOverview,undocumented read-only web-client endpoint,2M0T4a1pkOC5nifN9W6e9e,Q1798055,LFO,LFO,Q39121,Leeds,musical group,United Kingdom,,,,,True,accepted_exact_name,True,True,eligible_group_or_duo,True,False
Fightstar [3CI0BdDDxe6D21RmqTB5fn],,3CI0BdDDxe6D21RmqTB5fn,Fightstar,76830,84003,0,2026-07-18T20:45:22.974241+00:00,Spotify web-player queryArtistOverview,undocumented read-only web-client endpoint,3CI0BdDDxe6D21RmqTB5fn,Q1357682,Fightstar,Fightstar,Q84,London,musical group,United Kingdom,,,,,True,accepted_exact_name,True,True,eligible_group_or_duo,True,False
VANT [4Xxkt0tSJr1uNxGDZcJLRc],,4Xxkt0tSJr1uNxGDZcJLRc,VANT,76495,51789,0,2026-07-18T20:45:22.974241+00:00,Spotify web-player queryArtistOverview,undocumented read-only web-client endpoint,4Xxkt0tSJr1uNxGDZcJLRc,Q23057717,VANT,VANT,,,musical group,United Kingdom,,,,,True,accepted_exact_name,True,True,eligible_group_or_duo,True,False
The Bees [6XiSck3QPuXk7ho6zlDz3P],,6XiSck3QPuXk7ho6zlDz3P,The Bees,76473,43938,0,2026-07-18T20:45:22.974241+00:00,Spotify web-player queryArtistOverview,undocumented read-only web-client endpoint,6XiSck3QPuXk7ho6zlDz3P,Q3519919,The Bees,The Bees,Q1026673,Ventnor,musical group,United Kingdom,,,,,True,accepted_exact_name,True,True,eligible_group_or_duo,True,False
Wizzard [7823Dim2TzjiQQ9wRQxyi9],,7823Dim2TzjiQQ9wRQxyi9,Wizzard,75390,54270,0,2026-07-18T20:45:22.974241+00:00,Spotify web-player queryArtistOverview,undocumented read-only web-client endpoint,7823Dim2TzjiQQ9wRQxyi9,Q426015,Wizzard,Wizzard,Q2256,Birmingham,musical group,United Kingdom,,,,,True,accepted_exact_name,True,True,eligible_group_or_duo,True,False
Acrania [6D3PbIyyqH2NaqPZSE6X5N],,6D3PbIyyqH2NaqPZSE6X5N,Acrania,75245,88105,0,2026-07-18T20:45:22.974241+00:00,Spotify web-player queryArtistOverview,undocumented read-only web-client endpoint,6D3PbIyyqH2NaqPZSE6X5N,Q18702196,Acrania,Acrania,,,musical group,United Kingdom,,,,,True,accepted_exact_name,True,True,eligible_group_or_duo,True,False
Re-Flex [1iNGtKXGyniqwVhXfbKpk8],,1iNGtKXGyniqwVhXfbKpk8,Re-Flex,75009,9830,0,2026-07-18T20:45:22.974241+00:00,Spotify web-player queryArtistOverview,undocumented read-only web-client endpoint,1iNGtKXGyniqwVhXfbKpk8,Q387754,Re-Flex,Re-Flex,,,musical group,United Kingdom,,,,,True,accepted_exact_name,True,True,eligible_group_or_duo,True,False
999 [14IKysoZ0qyGRsIiTk1Ase],,14IKysoZ0qyGRsIiTk1Ase,999,74540,57492,0,2026-07-18T20:45:22.974241+00:00,Spotify web-player queryArtistOverview,undocumented read-only web-client endpoint,14IKysoZ0qyGRsIiTk1Ase,Q277297,999,999,Q84,London,musical group,United Kingdom,,,,,True,accepted_exact_name,True,True,eligible_group_or_duo,True,False
Curse of Lono [6pM5NZalHT5nD9vDEz2Ukx],,6pM5NZalHT5nD9vDEz2Ukx,Curse of Lono,74421,8834,0,2026-07-18T20:45:22.974241+00:00,Spotify web-player queryArtistOverview,undocumented read-only web-client endpoint,6pM5NZalHT5nD9vDEz2Ukx,Q64604786,Curse of Lono,Curse of Lono,,,musical group,United Kingdom,,,,,True,accepted_exact_name,True,True,eligible_group_or_duo,True,False
Nitzer Ebb [7EnAgffrVyerTWH628TJ6f],,7EnAgffrVyerTWH628TJ6f,Nitzer Ebb,73454,106978,0,2026-07-18T20:45:22.974241+00:00,Spotify web-player queryArtistOverview,undocumented read-only web-client endpoint,7EnAgffrVyerTWH628TJ6f,Q580943,Nitzer Ebb,Nitzer Ebb,Q210985,Chelmsford,musical group,United Kingdom,,,,,True,accepted_exact_name,True,True,eligible_group_or_duo,True,False
Fields of the Nephilim [3m8KqUjgKDwmJ9L9uBHMMs],,3m8KqUjgKDwmJ9L9uBHMMs,Fields Of The Nephilim,73403,150339,0,2026-07-18T20:45:22.974241+00:00,Spotify web-player queryArtistOverview,undocumented read-only web-client endpoint,3m8KqUjgKDwmJ9L9uBHMMs,Q378948,Fields of the Nephilim,Fields of the Nephilim,Q19795,Stevenage,rock band,United Kingdom,,,,,True,accepted_exact_name,True,True,eligible_group_or_duo,True,False
Roam [0q74f5UdR3j14Lis4AKKxq],,0q74f5UdR3j14Lis4AKKxq,ROAM,73324,61923,0,2026-07-18T20:45:22.974241+00:00,Spotify web-player queryArtistOverview,undocumented read-only web-client endpoint,0q74f5UdR3j14Lis4AKKxq,Q22080536,Roam,Roam,,,musical group,United Kingdom,,,,,True,accepted_exact_name,True,True,eligible_group_or_duo,True,False
Spector [34nBPbcVc9F9eizQC4a5aT],,34nBPbcVc9F9eizQC4a5aT,Spector,73172,52673,0,2026-07-18T20:45:22.974241+00:00,Spotify web-player queryArtistOverview,undocumented read-only web-client endpoint,34nBPbcVc9F9eizQC4a5aT,Q7575150,Spector,Spector,Q84,London,musical group,United Kingdom,,,,,True,accepted_exact_name,True,True,eligible_group_or_duo,True,False
Red Box [4TvQ6wnXv3aDNv29JH6App],,4TvQ6wnXv3aDNv29JH6App,Red Box,72793,8971,0,2026-07-18T20:45:22.974241+00:00,Spotify web-player queryArtistOverview,undocumented read-only web-client endpoint,4TvQ6wnXv3aDNv29JH6App,Q2135903,Red Box,Red Box,Q84,London,musical duo,United Kingdom,,,,,True,accepted_exact_name,True,True,eligible_group_or_duo,True,False
Manchester Camerata [5sYNdMlE64V0PjSMIxnB8B],,5sYNdMlE64V0PjSMIxnB8B,Manchester Camerata,72610,1367,0,2026-07-18T20:45:22.974241+00:00,Spotify web-player queryArtistOverview,undocumented read-only web-client endpoint,5sYNdMlE64V0PjSMIxnB8B,Q6747294,Manchester Camerata,Manchester Camerata,,,chamber orchestra,United Kingdom,,,,,True,accepted_exact_name,True,False,excluded_orchestra,True,False
Chicken Shack [7aUVQRiWaOqZU0JwOlGfWi],,7aUVQRiWaOqZU0JwOlGfWi,Chicken Shack,72185,49482,0,2026-07-18T20:45:22.974241+00:00,Spotify web-player queryArtistOverview,undocumented read-only web-client endpoint,7aUVQRiWaOqZU0JwOlGfWi,Q968313,Chicken Shack,Chicken Shack,,,musical group,United Kingdom,,,,,True,accepted_exact_name,True,True,eligible_group_or_duo,True,False
Q131406896 [0lqPfG8vAR30UX3cWDbCEn],,0lqPfG8vAR30UX3cWDbCEn,Friedberg,71589,18259,0,2026-07-18T20:45:22.974241+00:00,Spotify web-player queryArtistOverview,undocumented read-only web-client endpoint,0lqPfG8vAR30UX3cWDbCEn,Q131406896,Q131406896,Q131406896,,,musical group,United Kingdom,,,,,False,rejected_name_mismatch,False,True,eligible_group_or_duo,True,False
Talisk [1khU7sW2d95qMTDnyDfzBT],,1khU7sW2d95qMTDnyDfzBT,Talisk,71444,53905,0,2026-07-18T20:45:22.974241+00:00,Spotify web-player queryArtistOverview,undocumented read-only web-client endpoint,1khU7sW2d95qMTDnyDfzBT,Q60754147,Talisk,Talisk,,,musical group,Scotland,,,,,True,accepted_exact_name,True,True,eligible_group_or_duo,True,False
Fast Food Rockers [6Mz4vAfXG0tJgUcOQL6zy5],,6Mz4vAfXG0tJgUcOQL6zy5,Fast Food Rockers,71392,14803,0,2026-07-18T20:45:22.974241+00:00,Spotify web-player queryArtistOverview,undocumented read-only web-client endpoint,6Mz4vAfXG0tJgUcOQL6zy5,Q5436929,Fast Food Rockers,Fast Food Rockers,Q375314,Folkestone,musical group,United Kingdom,,,,,True,accepted_exact_name,True,True,eligible_group_or_duo,True,False
Let Loose [64qK94JPWEI7HovDpzLBej],,64qK94JPWEI7HovDpzLBej,Let Loose,71261,12222,0,2026-07-18T20:45:22.974241+00:00,Spotify web-player queryArtistOverview,undocumented read-only web-client endpoint,64qK94JPWEI7HovDpzLBej,Q6532821,Let Loose,Let Loose,,,musical group,United Kingdom,,,,,True,accepted_exact_name,True,True,eligible_group_or_duo,True,False
Nektar [0n2Uel3CvQrmMsYLEfpO3s],,0n2Uel3CvQrmMsYLEfpO3s,Nektar,70557,73112,0,2026-07-18T20:45:22.974241+00:00,Spotify web-player queryArtistOverview,undocumented read-only web-client endpoint,0n2Uel3CvQrmMsYLEfpO3s,Q1748178,Nektar,Nektar,Q1055,Hamburg,rock band,United Kingdom,,,,,True,accepted_exact_name,True,True,eligible_group_or_duo,True,False
Lund Quartet [6GUoU3k0b3qF1T06UvyAhk],,6GUoU3k0b3qF1T06UvyAhk,Lund Quartet,70363,18542,0,2026-07-18T20:45:22.974241+00:00,Spotify web-player queryArtistOverview,undocumented read-only web-client endpoint,6GUoU3k0b3qF1T06UvyAhk,Q106906676,Lund Quartet,Lund Quartet,,,musical group,United Kingdom,,,,,True,accepted_exact_name,True,True,eligible_group_or_duo,True,False
Nine Black Alps [5fLbJGzlYux3GBwTifMMvR],,5fLbJGzlYux3GBwTifMMvR,Nine Black Alps,69153,20771,0,2026-07-18T20:45:22.974241+00:00,Spotify web-player queryArtistOverview,undocumented read-only web-client endpoint,5fLbJGzlYux3GBwTifMMvR,Q1141817,Nine Black Alps,Nine Black Alps,Q18125,Manchester,musical group,United Kingdom,,,,,True,accepted_exact_name,True,True,eligible_group_or_duo,True,False
Delta 5 [2qe52cWdi4IRtgg14CLInb],,2qe52cWdi4IRtgg14CLInb,Delta 5,68871,43118,0,2026-07-18T20:45:22.974241+00:00,Spotify web-player queryArtistOverview,undocumented read-only web-client endpoint,2qe52cWdi4IRtgg14CLInb,Q5254556,Delta 5,Delta 5,Q39121,Leeds,musical group,United Kingdom,,,,,True,accepted_exact_name,True,True,eligible_group_or_duo,True,False
A [3HBxYEtI2i43MzWyTXupVv],,3HBxYEtI2i43MzWyTXupVv,A,68849,22067,0,2026-07-18T20:45:22.974241+00:00,Spotify web-player queryArtistOverview,undocumented read-only web-client endpoint,3HBxYEtI2i43MzWyTXupVv,Q300307,A,A,Q23111,Suffolk,musical group,United Kingdom,,,,,True,accepted_exact_name,True,True,eligible_group_or_duo,True,False
Gene [5Rsu72e1qrjIUtxH6Zmy9K],,5Rsu72e1qrjIUtxH6Zmy9K,Gene,68357,46149,0,2026-07-18T20:45:22.974241+00:00,Spotify web-player queryArtistOverview,undocumented read-only web-client endpoint,5Rsu72e1qrjIUtxH6Zmy9K,Q3100438,Gene,Gene,Q84,London,musical group,United Kingdom,,,,,True,accepted_exact_name,True,True,eligible_group_or_duo,True,False
The Magic Gang [52pNByiBWx6SVMMqqcCA74],,52pNByiBWx6SVMMqqcCA74,The Magic Gang,68131,82851,0,2026-07-18T20:45:22.974241+00:00,Spotify web-player queryArtistOverview,undocumented read-only web-client endpoint,52pNByiBWx6SVMMqqcCA74,Q123560878,The Magic Gang,The Magic Gang,Q131491,Brighton,musical group,United Kingdom,,,,,True,accepted_exact_name,True,True,eligible_group_or_duo,True,False
Death of Guitar Pop [6fD5uxjcSC0aF0FO61e5id],,6fD5uxjcSC0aF0FO61e5id,Death Of Guitar Pop,68122,16112,0,2026-07-18T20:45:22.974241+00:00,Spotify web-player queryArtistOverview,undocumented read-only web-client endpoint,6fD5uxjcSC0aF0FO61e5id,Q136309656,Death of Guitar Pop,Death of Guitar Pop,,,musical duo,England,,,,,True,accepted_exact_name,True,True,eligible_group_or_duo,True,False
The Lords of the New Church [5JEhWD9S2znCiQRiGj2OUk],,5JEhWD9S2znCiQRiGj2OUk,Lords Of The New Church,67975,65749,0,2026-07-18T20:45:22.974241+00:00,Spotify web-player queryArtistOverview,undocumented read-only web-client endpoint,5JEhWD9S2znCiQRiGj2OUk,Q1269551,The Lords of the New Church,The Lords of the New Church,,,musical group,United Kingdom,,,,,False,rejected_name_mismatch,False,True,eligible_group_or_duo,True,False
B-Movie [7zUgfhtNGSNLMl2ydFse4S],,7zUgfhtNGSNLMl2ydFse4S,B-Movie,67864,18419,0,2026-07-18T20:45:22.974241+00:00,Spotify web-player queryArtistOverview,undocumented read-only web-client endpoint,7zUgfhtNGSNLMl2ydFse4S,Q795108,B-Movie,B-Movie,Q841979,Mansfield,musical group,United Kingdom,,,,,True,accepted_exact_name,True,True,eligible_group_or_duo,True,False
Fastway [7eD005d7pGOEYD3eWVRecb],,7eD005d7pGOEYD3eWVRecb,Fastway,67660,41478,0,2026-07-18T20:45:22.974241+00:00,Spotify web-player queryArtistOverview,undocumented read-only web-client endpoint,7eD005d7pGOEYD3eWVRecb,Q1397838,Fastway,Fastway,Q21,England,musical group,United Kingdom,,,,,True,accepted_exact_name,True,True,eligible_group_or_duo,True,False
Stornoway [1UzKSuyOqKgUupcNNEtnF1],,1UzKSuyOqKgUupcNNEtnF1,Stornoway,67498,54281,0,2026-07-18T20:45:22.974241+00:00,Spotify web-player queryArtistOverview,undocumented read-only web-client endpoint,1UzKSuyOqKgUupcNNEtnF1,Q956521,Stornoway,Stornoway,Q34217,Oxford,musical group,United Kingdom,,,,,True,accepted_exact_name,True,True,eligible_group_or_duo,True,False
Fat White Family [5ztBFCBEL7OtjdAt98RnD4],,5ztBFCBEL7OtjdAt98RnD4,Fat White Family,66984,101328,0,2026-07-18T20:45:22.974241+00:00,Spotify web-player queryArtistOverview,undocumented read-only web-client endpoint,5ztBFCBEL7OtjdAt98RnD4,Q22312871,Fat White Family,Fat White Family,Q2690524,Peckham,musical group,United Kingdom,,,,,True,accepted_exact_name,True,True,eligible_group_or_duo,True,False
Steeleye Span [4OrrjMGltjy6ojX6034f8u],,4OrrjMGltjy6ojX6034f8u,Steeleye Span,66623,64810,0,2026-07-18T20:45:22.974241+00:00,Spotify web-player queryArtistOverview,undocumented read-only web-client endpoint,4OrrjMGltjy6ojX6034f8u,Q1413921,Steeleye Span,Steeleye Span,Q84,London,rock band,United Kingdom,,,,,True,accepted_exact_name,True,True,eligible_group_or_duo,True,False
Shampoo [3wChfsJPsUnjVHXc79wRN1],,3wChfsJPsUnjVHXc79wRN1,Shampoo,66590,18368,0,2026-07-18T20:45:22.974241+00:00,Spotify web-player queryArtistOverview,undocumented read-only web-client endpoint,3wChfsJPsUnjVHXc79wRN1,Q1352141,Shampoo,Shampoo,Q946533,Plumstead,musical duo,United Kingdom,,,,,True,accepted_exact_name,True,True,eligible_group_or_duo,True,False
Clinic [7icDkrFloDss50hoqQ3Kkj],,7icDkrFloDss50hoqQ3Kkj,Clinic,66575,54069,0,2026-07-18T20:45:22.974241+00:00,Spotify web-player queryArtistOverview,undocumented read-only web-client endpoint,7icDkrFloDss50hoqQ3Kkj,Q1993229,Clinic,Clinic,Q24826,Liverpool,musical group,United Kingdom,,,,,True,accepted_exact_name,True,True,eligible_group_or_duo,True,False
Monarchy [4YXRO4slasYnty9nb73LrO],,4YXRO4slasYnty9nb73LrO,Monarchy,66523,28175,0,2026-07-18T20:45:22.974241+00:00,Spotify web-player queryArtistOverview,undocumented read-only web-client endpoint,4YXRO4slasYnty9nb73LrO,Q6898056,Monarchy,Monarchy,Q84,London,musical group,United Kingdom,,,,,True,accepted_exact_name,True,True,eligible_group_or_duo,True,False
Coach Party [4trP4C2bZ0TqMUxw0tLRAZ],,4trP4C2bZ0TqMUxw0tLRAZ,Coach Party,65798,23297,0,2026-07-18T20:45:22.974241+00:00,Spotify web-player queryArtistOverview,undocumented read-only web-client endpoint,4trP4C2bZ0TqMUxw0tLRAZ,Q111839829,Coach Party,Coach Party,,,musical group,United Kingdom,,,,,True,accepted_exact_name,True,True,eligible_group_or_duo,True,False
Blazin' Squad [5dEFm1RwaTSXpQSpzpYKF2],,5dEFm1RwaTSXpQSpzpYKF2,Blazin' Squad,65260,28124,0,2026-07-18T20:45:22.974241+00:00,Spotify web-player queryArtistOverview,undocumented read-only web-client endpoint,5dEFm1RwaTSXpQSpzpYKF2,Q444431,Blazin' Squad,Blazin' Squad,Q3778007,Chingford,musical group,United Kingdom,,,,,True,accepted_exact_name,True,True,eligible_group_or_duo,True,False
Liverpool Express [5MHQO0sz5J0VX7jjuL2dUg],,5MHQO0sz5J0VX7jjuL2dUg,Liverpool Express,65090,9057,0,2026-07-18T20:45:22.974241+00:00,Spotify web-player queryArtistOverview,undocumented read-only web-client endpoint,5MHQO0sz5J0VX7jjuL2dUg,Q6658445,Liverpool Express,Liverpool Express,,,musical group,United Kingdom,,,,,True,accepted_exact_name,True,True,eligible_group_or_duo,True,False
Total Science [20X39VOcF5zEpkOx6WrXlY],,20X39VOcF5zEpkOx6WrXlY,Total Science,64875,32379,0,2026-07-18T20:45:22.974241+00:00,Spotify web-player queryArtistOverview,undocumented read-only web-client endpoint,20X39VOcF5zEpkOx6WrXlY,Q2012126,Total Science,Total Science,,,disc jockey|male duo|musical duo,United Kingdom,,,,,True,accepted_exact_name,True,True,eligible_group_or_duo,True,False
McAlmont and Butler [0BV7lpkyFTbzzML7DuUnpZ],,0BV7lpkyFTbzzML7DuUnpZ,McAlmont & Butler,64384,23609,0,2026-07-18T20:45:22.974241+00:00,Spotify web-player queryArtistOverview,undocumented read-only web-client endpoint,0BV7lpkyFTbzzML7DuUnpZ,Q6136420,McAlmont and Butler,McAlmont and Butler,,,musical group,United Kingdom,,,,,False,rejected_name_mismatch,False,True,eligible_group_or_duo,True,False
Ananui [0P0AeGQ8c2Ux8qSmUIYLTt],,0P0AeGQ8c2Ux8qSmUIYLTt,Ananui,63841,13967,0,2026-07-18T20:45:22.974241+00:00,Spotify web-player queryArtistOverview,undocumented read-only web-client endpoint,0P0AeGQ8c2Ux8qSmUIYLTt,Q139780563,Ananui,Ananui,Q22,Scotland,musical duo|solo musical project,United Kingdom,,,,,True,accepted_exact_name,True,True,eligible_group_or_duo,True,False
TNGHT [40jiZfvsiAi1aIarh5Z3d3],,40jiZfvsiAi1aIarh5Z3d3,TNGHT,63726,43060,0,2026-07-18T20:45:22.974241+00:00,Spotify web-player queryArtistOverview,undocumented read-only web-client endpoint,40jiZfvsiAi1aIarh5Z3d3,Q7670867,TNGHT,TNGHT,,,musical duo,United Kingdom,,,,,True,accepted_exact_name,True,True,eligible_group_or_duo,True,False
Cockney Rejects [4EfSXeVFbCEYIde3E9k4wr],,4EfSXeVFbCEYIde3E9k4wr,Cockney Rejects,63708,81884,0,2026-07-18T20:45:22.974241+00:00,Spotify web-player queryArtistOverview,undocumented read-only web-client endpoint,4EfSXeVFbCEYIde3E9k4wr,Q973104,Cockney Rejects,Cockney Rejects,Q739700,East End of London,musical group,United Kingdom,,,,,True,accepted_exact_name,True,True,eligible_group_or_duo,True,False
The Meteors [7a2sloQlmdKSmj3fwMMpg9],,7a2sloQlmdKSmj3fwMMpg9,The Meteors,63611,84863,0,2026-07-18T20:45:22.974241+00:00,Spotify web-player queryArtistOverview,undocumented read-only web-client endpoint,7a2sloQlmdKSmj3fwMMpg9,Q2412878,The Meteors,The Meteors,Q145,United Kingdom,musical group,United Kingdom,,,,,True,accepted_exact_name,True,True,eligible_group_or_duo,True,False
Tones on Tail [5aBEGOeWQCJfptic9xyaAb],,5aBEGOeWQCJfptic9xyaAb,Tones On Tail,63031,80787,0,2026-07-18T20:45:22.974241+00:00,Spotify web-player queryArtistOverview,undocumented read-only web-client endpoint,5aBEGOeWQCJfptic9xyaAb,Q2654513,Tones on Tail,Tones on Tail,Q192240,Northampton,musical group,United Kingdom,,,,,True,accepted_exact_name,True,True,eligible_group_or_duo,True,False
Psychic TV [3oi0s3WIuxBU5oh87n7za2],,3oi0s3WIuxBU5oh87n7za2,Psychic TV,62944,88107,0,2026-07-18T20:45:22.974241+00:00,Spotify web-player queryArtistOverview,undocumented read-only web-client endpoint,3oi0s3WIuxBU5oh87n7za2,Q2115954,Psychic TV,Psychic TV,Q84,London,musical group,United Kingdom,,,,,True,accepted_exact_name,True,True,eligible_group_or_duo,True,False
808INK [1eSFjbv86usit5ZF5ywtLf],,1eSFjbv86usit5ZF5ywtLf,808INK,62895,23996,0,2026-07-18T20:45:22.974241+00:00,Spotify web-player queryArtistOverview,undocumented read-only web-client endpoint,1eSFjbv86usit5ZF5ywtLf,Q127505000,808INK,808INK,,,musical group,United Kingdom,,,,,True,accepted_exact_name,True,True,eligible_group_or_duo,True,False
Ward Thomas [0xBhUB0EfzvchYnaIWkdBw],,0xBhUB0EfzvchYnaIWkdBw,Ward Thomas,62236,47170,0,2026-07-18T20:45:22.974241+00:00,Spotify web-player queryArtistOverview,undocumented read-only web-client endpoint,0xBhUB0EfzvchYnaIWkdBw,Q19604613,Ward Thomas,Ward Thomas,Q23204,Hampshire,musical duo|musical group,United Kingdom,,,,,True,accepted_exact_name,True,True,eligible_group_or_duo,True,False
Eddie and the Hot Rods [70e4IgnWAQfPPxKnD9jXDr],,70e4IgnWAQfPPxKnD9jXDr,Eddie & The Hot Rods,61901,41923,0,2026-07-18T20:45:22.974241+00:00,Spotify web-player queryArtistOverview,undocumented read-only web-client endpoint,70e4IgnWAQfPPxKnD9jXDr,Q1282674,Eddie and the Hot Rods,Eddie and the Hot Rods,Q1033978,Canvey Island,musical group,United Kingdom,,,,,False,rejected_name_mismatch,False,True,eligible_group_or_duo,True,False
Orange Goblin [3nutnJ57QnbWEdCWn2EyWo],,3nutnJ57QnbWEdCWn2EyWo,Orange Goblin,61406,153342,0,2026-07-18T20:45:22.974241+00:00,Spotify web-player queryArtistOverview,undocumented read-only web-client endpoint,3nutnJ57QnbWEdCWn2EyWo,Q1671193,Orange Goblin,Orange Goblin,Q84,London,musical group,United Kingdom,,,,,True,accepted_exact_name,True,True,eligible_group_or_duo,True,False
Pentangle [55wOEGTc3QKwBJ9gntcOxT],,55wOEGTc3QKwBJ9gntcOxT,Pentangle,61364,69361,0,2026-07-18T20:45:22.974241+00:00,Spotify web-player queryArtistOverview,undocumented read-only web-client endpoint,55wOEGTc3QKwBJ9gntcOxT,Q1427551,Pentangle,Pentangle,Q84,London,musical group,United Kingdom,,,,,True,accepted_exact_name,True,True,eligible_group_or_duo,True,False
Yuck [6l3BRLCpzfC8yxqf9thWAg],,6l3BRLCpzfC8yxqf9thWAg,Yuck,61077,103291,0,2026-07-18T20:45:22.974241+00:00,Spotify web-player queryArtistOverview,undocumented read-only web-client endpoint,6l3BRLCpzfC8yxqf9thWAg,Q2683245,Yuck,Yuck,Q84,London,musical group,United Kingdom,,,,,True,accepted_exact_name,True,True,eligible_group_or_duo,True,False
The Move [2BLpGstUHxDc6vHfBEiaXm],,2BLpGstUHxDc6vHfBEiaXm,The Move,60997,76938,0,2026-07-18T20:45:22.974241+00:00,Spotify web-player queryArtistOverview,undocumented read-only web-client endpoint,2BLpGstUHxDc6vHfBEiaXm,Q1133828,The Move,The Move,Q2256,Birmingham,rock band,United Kingdom,,,,,True,accepted_exact_name,True,True,eligible_group_or_duo,True,False
Coil [37KB5e6cGsN1AQAB9Omm1U],,37KB5e6cGsN1AQAB9Omm1U,Coil,60925,118774,0,2026-07-18T20:45:22.974241+00:00,Spotify web-player queryArtistOverview,undocumented read-only web-client endpoint,37KB5e6cGsN1AQAB9Omm1U,Q1107195,Coil,Coil,Q84,London,musical group,United Kingdom,,,,,True,accepted_exact_name,True,True,eligible_group_or_duo,True,False
DJ Food [4NZM5xKuDpGc4vEHDwGO1Q],,4NZM5xKuDpGc4vEHDwGO1Q,DJ Food,60881,53172,0,2026-07-18T20:45:22.974241+00:00,Spotify web-player queryArtistOverview,undocumented read-only web-client endpoint,4NZM5xKuDpGc4vEHDwGO1Q,Q3011302,DJ Food,DJ Food,Q84,London,human|musical group,United Kingdom,,,,,True,accepted_exact_name,True,True,eligible_group_or_duo,True,False
Carter the Unstoppable Sex Machine [5RFBPz01PqvSQ1QhEgaxOp],,5RFBPz01PqvSQ1QhEgaxOp,Carter The Unstoppable Sex Machine,60865,51170,0,2026-07-18T20:45:22.974241+00:00,Spotify web-player queryArtistOverview,undocumented read-only web-client endpoint,5RFBPz01PqvSQ1QhEgaxOp,Q251289,Carter the Unstoppable Sex Machine,Carter the Unstoppable Sex Machine,Q84,London,musical group,United Kingdom,,,,,True,accepted_exact_name,True,True,eligible_group_or_duo,True,False
Spooky Tooth [5YE3Wwk5wqQmFXM5qyaM6u],,5YE3Wwk5wqQmFXM5qyaM6u,Spooky Tooth,60855,90633,0,2026-07-18T20:45:22.974241+00:00,Spotify web-player queryArtistOverview,undocumented read-only web-client endpoint,5YE3Wwk5wqQmFXM5qyaM6u,Q1455057,Spooky Tooth,Spooky Tooth,Q192896,Carlisle,rock band,United Kingdom,,,,,True,accepted_exact_name,True,True,eligible_group_or_duo,True,False
Anaal Nathrakh [7vrrJ5YlL3I8XUrh1ktGJV],,7vrrJ5YlL3I8XUrh1ktGJV,Anaal Nathrakh,60506,127543,0,2026-07-18T20:45:22.974241+00:00,Spotify web-player queryArtistOverview,undocumented read-only web-client endpoint,7vrrJ5YlL3I8XUrh1ktGJV,Q483140,Anaal Nathrakh,Anaal Nathrakh,Q2256,Birmingham,musical group,United Kingdom,,,,,True,accepted_exact_name,True,True,eligible_group_or_duo,True,False
Soft Machine [5A0MH7JfEBEMySevsmauds],,5A0MH7JfEBEMySevsmauds,Soft Machine,59575,157739,0,2026-07-18T20:45:22.974241+00:00,Spotify web-player queryArtistOverview,undocumented read-only web-client endpoint,5A0MH7JfEBEMySevsmauds,Q729505,Soft Machine,Soft Machine,Q29303,Canterbury,musical group,United Kingdom,,,,,True,accepted_exact_name,True,True,eligible_group_or_duo,True,False
Wolf Gang [6EkvDqOOEX08BotcQppKoD],,6EkvDqOOEX08BotcQppKoD,Wolf Gang,59456,60865,0,2026-07-18T20:45:22.974241+00:00,Spotify web-player queryArtistOverview,undocumented read-only web-client endpoint,6EkvDqOOEX08BotcQppKoD,Q1332142,Wolf Gang,Wolf Gang,Q84,London,musical group,United Kingdom,,,,,True,accepted_exact_name,True,True,eligible_group_or_duo,True,False
The Raincoats [4t7bXPFEPe0pu1ozhdDLOp],,4t7bXPFEPe0pu1ozhdDLOp,The Raincoats,59262,110415,0,2026-07-18T20:45:22.974241+00:00,Spotify web-player queryArtistOverview,undocumented read-only web-client endpoint,4t7bXPFEPe0pu1ozhdDLOp,Q2581513,The Raincoats,The Raincoats,,,musical group,United Kingdom,,,,,True,accepted_exact_name,True,True,eligible_group_or_duo,True,False
Dollar [7AvR99Z6y7N5BWF7VdY3bo],,7AvR99Z6y7N5BWF7VdY3bo,Dollar,59067,24921,0,2026-07-18T20:45:22.974241+00:00,Spotify web-player queryArtistOverview,undocumented read-only web-client endpoint,7AvR99Z6y7N5BWF7VdY3bo,Q5289199,Dollar,Dollar,,,musical duo,United Kingdom,,,,,True,accepted_exact_name,True,True,eligible_group_or_duo,True,False
Ex:Re [3FIsBWNLmqLvTQnhJLAWUJ],,3FIsBWNLmqLvTQnhJLAWUJ,Ex:Re,58725,96459,0,2026-07-18T20:45:22.974241+00:00,Spotify web-player queryArtistOverview,undocumented read-only web-client endpoint,3FIsBWNLmqLvTQnhJLAWUJ,Q60618120,Ex:Re,Ex:Re,,,musical group,United Kingdom,,,,,True,accepted_exact_name,True,True,eligible_group_or_duo,True,False
Mic Lowry [0AJUYWKztkg5dnrHDIBv47],,0AJUYWKztkg5dnrHDIBv47,MiC LOWRY,58089,51320,0,2026-07-18T20:45:22.974241+00:00,Spotify web-player queryArtistOverview,undocumented read-only web-client endpoint,0AJUYWKztkg5dnrHDIBv47,Q28961287,Mic Lowry,Mic Lowry,,,musical group,United Kingdom,,,,,True,accepted_exact_name,True,True,eligible_group_or_duo,True,False
DC Breaks [4D5VLxuFvZ058Z5S8YmE47],,4D5VLxuFvZ058Z5S8YmE47,DC Breaks,57873,47001,0,2026-07-18T20:45:22.974241+00:00,Spotify web-player queryArtistOverview,undocumented read-only web-client endpoint,4D5VLxuFvZ058Z5S8YmE47,Q5204582,DC Breaks,DC Breaks,,,musical group,United Kingdom,,,,,True,accepted_exact_name,True,True,eligible_group_or_duo,True,False
Gallows [0LpwbxbT8dPiqUnul4ngzu],,0LpwbxbT8dPiqUnul4ngzu,Gallows,56900,78412,0,2026-07-18T20:45:22.974241+00:00,Spotify web-player queryArtistOverview,undocumented read-only web-client endpoint,0LpwbxbT8dPiqUnul4ngzu,Q1492599,Gallows,Gallows,Q2598,Watford,musical group,United Kingdom,,,,,True,accepted_exact_name,True,True,eligible_group_or_duo,True,False
Demon [7tI1ZOOgocYZT2O5M8iBz8],,7tI1ZOOgocYZT2O5M8iBz8,Demon,56564,32960,0,2026-07-18T20:45:22.974241+00:00,Spotify web-player queryArtistOverview,undocumented read-only web-client endpoint,7tI1ZOOgocYZT2O5M8iBz8,Q1186426,Demon,Demon,Q2070717,Leek,musical group,United Kingdom,,,,,True,accepted_exact_name,True,True,eligible_group_or_duo,True,False
Die So Fluid [0OE30pXmzCwTxhoAFtCs8u],,0OE30pXmzCwTxhoAFtCs8u,Die So Fluid,56461,35260,0,2026-07-18T20:45:22.974241+00:00,Spotify web-player queryArtistOverview,undocumented read-only web-client endpoint,0OE30pXmzCwTxhoAFtCs8u,Q1216293,Die So Fluid,Die So Fluid,,,musical group,United Kingdom,,,,,True,accepted_exact_name,True,True,eligible_group_or_duo,True,False
Benediction [1Lx9Dy5gi2OLlJBBs7GYO7],,1Lx9Dy5gi2OLlJBBs7GYO7,Benediction,56352,106195,0,2026-07-18T20:45:22.974241+00:00,Spotify web-player queryArtistOverview,undocumented read-only web-client endpoint,1Lx9Dy5gi2OLlJBBs7GYO7,Q250319,Benediction,Benediction,Q2256,Birmingham,musical group,United Kingdom,,,,,True,accepted_exact_name,True,True,eligible_group_or_duo,True,False
Antimatter [2k4duorvZ5lTq33ljpT0sc],,2k4duorvZ5lTq33ljpT0sc,Antimatter,56130,97021,0,2026-07-18T20:45:22.974241+00:00,Spotify web-player queryArtistOverview,undocumented read-only web-client endpoint,2k4duorvZ5lTq33ljpT0sc,Q577837,Antimatter,Antimatter,Q24826,Liverpool,musical group,United Kingdom,,,,,True,accepted_exact_name,True,True,eligible_group_or_duo,True,False
Jack Beats [5dUIQXIt7WeBKpETFZyTFW],,5dUIQXIt7WeBKpETFZyTFW,Jack Beats,56114,33729,0,2026-07-18T20:45:22.974241+00:00,Spotify web-player queryArtistOverview,undocumented read-only web-client endpoint,5dUIQXIt7WeBKpETFZyTFW,Q7205605,Jack Beats,Jack Beats,Q84,London,musical group,United Kingdom,,,,,True,accepted_exact_name,True,True,eligible_group_or_duo,True,False
Throbbing Gristle [1UYhxPY1oqFUg1HfF8nV3k],,1UYhxPY1oqFUg1HfF8nV3k,Throbbing Gristle,56065,131943,0,2026-07-18T20:45:22.974241+00:00,Spotify web-player queryArtistOverview,undocumented read-only web-client endpoint,1UYhxPY1oqFUg1HfF8nV3k,Q1165655,Throbbing Gristle,Throbbing Gristle,Q128147,Kingston upon Hull,musical group,United Kingdom,,,,,True,accepted_exact_name,True,True,eligible_group_or_duo,True,False
Godflesh [5A4ebXQf38xWIq0xSWLhsS],,5A4ebXQf38xWIq0xSWLhsS,Godflesh,55777,105031,0,2026-07-18T20:45:22.974241+00:00,Spotify web-player queryArtistOverview,undocumented read-only web-client endpoint,5A4ebXQf38xWIq0xSWLhsS,Q1533787,Godflesh,Godflesh,Q2256,Birmingham,musical group,United Kingdom,,,,,True,accepted_exact_name,True,True,eligible_group_or_duo,True,False
Crippled Black Phoenix [6WEyPcf9ezhNLm1xOBjbwH],,6WEyPcf9ezhNLm1xOBjbwH,Crippled Black Phoenix,55554,74210,0,2026-07-18T20:45:22.974241+00:00,Spotify web-player queryArtistOverview,undocumented read-only web-client endpoint,6WEyPcf9ezhNLm1xOBjbwH,Q599433,Crippled Black Phoenix,Crippled Black Phoenix,Q145,United Kingdom,musical group,United Kingdom,,,,,True,accepted_exact_name,True,True,eligible_group_or_duo,True,False
The Colourfield [06Rbwc8jaQ1d5fDPZiasE0],,06Rbwc8jaQ1d5fDPZiasE0,The Colourfield,55168,28746,0,2026-07-18T20:45:22.974241+00:00,Spotify web-player queryArtistOverview,undocumented read-only web-client endpoint,06Rbwc8jaQ1d5fDPZiasE0,Q7726877,The Colourfield,The Colourfield,Q6225,Coventry,musical group,United Kingdom,,,,,True,accepted_exact_name,True,True,eligible_group_or_duo,True,False
Breton [38bfc5BSVq6sVAssDmdc8N],,38bfc5BSVq6sVAssDmdc8N,Breton,55107,29508,0,2026-07-18T20:45:22.974241+00:00,Spotify web-player queryArtistOverview,undocumented read-only web-client endpoint,38bfc5BSVq6sVAssDmdc8N,Q2924565,Breton,Breton,,,musical group,United Kingdom,,,,,True,accepted_exact_name,True,True,eligible_group_or_duo,True,False
Is Tropical [148ujrGRexnhpqhRiw0rDi],,148ujrGRexnhpqhRiw0rDi,IS TROPICAL,54757,43588,0,2026-07-18T20:45:22.974241+00:00,Spotify web-player queryArtistOverview,undocumented read-only web-client endpoint,148ujrGRexnhpqhRiw0rDi,Q3154713,Is Tropical,Is Tropical,,,musical group,United Kingdom,,,,,True,accepted_exact_name,True,True,eligible_group_or_duo,True,False
Swervedriver [0Sd7X8SxWV0AyDLbvd4uEu],,0Sd7X8SxWV0AyDLbvd4uEu,Swervedriver,54373,81061,0,2026-07-18T20:45:22.974241+00:00,Spotify web-player queryArtistOverview,undocumented read-only web-client endpoint,0Sd7X8SxWV0AyDLbvd4uEu,Q924292,Swervedriver,Swervedriver,Q34217,Oxford,musical group,United Kingdom,,,,,True,accepted_exact_name,True,True,eligible_group_or_duo,True,False
She Drew The Gun [47meGvCz0CZklN50dgzjmL],,47meGvCz0CZklN50dgzjmL,She Drew The Gun,54246,34269,0,2026-07-18T20:45:22.974241+00:00,Spotify web-player queryArtistOverview,undocumented read-only web-client endpoint,47meGvCz0CZklN50dgzjmL,Q65059746,She Drew The Gun,She Drew The Gun,,,musical group,England,,,,,True,accepted_exact_name,True,True,eligible_group_or_duo,True,False
The Whip [4M2H1fDQR5ygAi7MMOVxAA],,4M2H1fDQR5ygAi7MMOVxAA,The Whip,54058,29678,0,2026-07-18T20:45:22.974241+00:00,Spotify web-player queryArtistOverview,undocumented read-only web-client endpoint,4M2H1fDQR5ygAi7MMOVxAA,Q1078032,The Whip,The Whip,Q202628,Oldham,musical group,United Kingdom,,,,,True,accepted_exact_name,True,True,eligible_group_or_duo,True,False
Skeletal Family [78OgxRnIdBCdFBmKhP2Fz2],,78OgxRnIdBCdFBmKhP2Fz2,Skeletal Family,53859,77225,0,2026-07-18T20:45:22.974241+00:00,Spotify web-player queryArtistOverview,undocumented read-only web-client endpoint,78OgxRnIdBCdFBmKhP2Fz2,Q1137836,Skeletal Family,Skeletal Family,Q990168,Keighley,musical group,United Kingdom,,,,,True,accepted_exact_name,True,True,eligible_group_or_duo,True,False
Terrorvision [3jNwnthjUjHYvjyvRGfWuQ],,3jNwnthjUjHYvjyvRGfWuQ,Terrorvision,53778,36238,0,2026-07-18T20:45:22.974241+00:00,Spotify web-player queryArtistOverview,undocumented read-only web-client endpoint,3jNwnthjUjHYvjyvRGfWuQ,Q4992961,Terrorvision,Terrorvision,Q990168,Keighley,musical group,United Kingdom,,,,,True,accepted_exact_name,True,True,eligible_group_or_duo,True,False
Zoot Woman [25w2vpqq7dYleBAqMx7Ijx],,25w2vpqq7dYleBAqMx7Ijx,Zoot Woman,53078,29473,0,2026-07-18T20:45:22.974241+00:00,Spotify web-player queryArtistOverview,undocumented read-only web-client endpoint,25w2vpqq7dYleBAqMx7Ijx,Q153566,Zoot Woman,Zoot Woman,Q145,United Kingdom,musical group,United Kingdom,,,,,True,accepted_exact_name,True,True,eligible_group_or_duo,True,False
Blu Mar Ten [5mGqZFvzU9FRNkcI3Y0A2V],,5mGqZFvzU9FRNkcI3Y0A2V,Blu Mar Ten,53063,27393,0,2026-07-18T20:45:22.974241+00:00,Spotify web-player queryArtistOverview,undocumented read-only web-client endpoint,5mGqZFvzU9FRNkcI3Y0A2V,Q4928657,Blu Mar Ten,Blu Mar Ten,,,musical group,United Kingdom,,,,,True,accepted_exact_name,True,True,eligible_group_or_duo,True,False
Anavae [0JseT2AZzVMKsBlrAywFcO],,0JseT2AZzVMKsBlrAywFcO,Anavae,52164,29336,0,2026-07-18T20:45:22.974241+00:00,Spotify web-player queryArtistOverview,undocumented read-only web-client endpoint,0JseT2AZzVMKsBlrAywFcO,Q4752397,Anavae,Anavae,Q84,London,musical group,United Kingdom,,,,,True,accepted_exact_name,True,True,eligible_group_or_duo,True,False
Declan Welsh & The Decadent West [6KNqvxgfYVRSzgAE1j2UT5],,6KNqvxgfYVRSzgAE1j2UT5,Declan Welsh and The Decadent West,51958,28947,0,2026-07-18T20:45:22.974241+00:00,Spotify web-player queryArtistOverview,undocumented read-only web-client endpoint,6KNqvxgfYVRSzgAE1j2UT5,Q109450602,Declan Welsh & The Decadent West,Declan Welsh & The Decadent West,,,musical group,United Kingdom,,,,,False,rejected_name_mismatch,False,True,eligible_group_or_duo,True,False
Mclusky [3xA9AB0f4BVjsSlyQc12iE],,3xA9AB0f4BVjsSlyQc12iE,Mclusky,51917,50828,0,2026-07-18T20:45:22.974241+00:00,Spotify web-player queryArtistOverview,undocumented read-only web-client endpoint,3xA9AB0f4BVjsSlyQc12iE,Q1761282,Mclusky,Mclusky,Q10690,Cardiff,musical group,United Kingdom,,,,,True,accepted_exact_name,True,True,eligible_group_or_duo,True,False
Breabach [1HyT0AtzTH5lVzlm8yQgbI],,1HyT0AtzTH5lVzlm8yQgbI,Breabach,51761,20677,0,2026-07-18T20:45:22.974241+00:00,Spotify web-player queryArtistOverview,undocumented read-only web-client endpoint,1HyT0AtzTH5lVzlm8yQgbI,Q4959091,Breabach,Breabach,,,folk music group,United Kingdom,,,,,True,accepted_exact_name,True,True,eligible_group_or_duo,True,False
Klimeks [5JQljNQvDpk1hhKpJHpwNU],,5JQljNQvDpk1hhKpJHpwNU,Klimeks,51676,31584,0,2026-07-18T20:45:22.974241+00:00,Spotify web-player queryArtistOverview,undocumented read-only web-client endpoint,5JQljNQvDpk1hhKpJHpwNU,Q57545813,Klimeks,Klimeks,,,musical group,United Kingdom,,,,,True,accepted_exact_name,True,True,eligible_group_or_duo,True,False
Strawbs [7dtYyLTWjuZGOcweC3eD2f],,7dtYyLTWjuZGOcweC3eD2f,Strawbs,51671,56523,0,2026-07-18T20:45:22.974241+00:00,Spotify web-player queryArtistOverview,undocumented read-only web-client endpoint,7dtYyLTWjuZGOcweC3eD2f,Q926799,Strawbs,Strawbs,Q21,England,rock band,United Kingdom,,,,,True,accepted_exact_name,True,True,eligible_group_or_duo,True,False
Empathy Test [4WM2JNPCcZ7f6M72C0bTyM],,4WM2JNPCcZ7f6M72C0bTyM,Empathy Test,51330,38799,0,2026-07-18T20:45:22.974241+00:00,Spotify web-player queryArtistOverview,undocumented read-only web-client endpoint,4WM2JNPCcZ7f6M72C0bTyM,Q63203779,Empathy Test,Empathy Test,Q84,London,musical group,United Kingdom,,,,,True,accepted_exact_name,True,True,eligible_group_or_duo,True,False
Goldie Lookin Chain [0pobPzcYFoVSprUnwY2Bio],,0pobPzcYFoVSprUnwY2Bio,Goldie Lookin Chain,51269,37598,0,2026-07-18T20:45:22.974241+00:00,Spotify web-player queryArtistOverview,undocumented read-only web-client endpoint,0pobPzcYFoVSprUnwY2Bio,Q4039563,Goldie Lookin Chain,Goldie Lookin Chain,Q101254,Newport,musical group,United Kingdom,,,,,True,accepted_exact_name,True,True,eligible_group_or_duo,True,False
Black Tongue [5vTCEZ15eybRnoqUAra4Ys],,5vTCEZ15eybRnoqUAra4Ys,Black Tongue,50504,96043,0,2026-07-18T20:45:22.974241+00:00,Spotify web-player queryArtistOverview,undocumented read-only web-client endpoint,5vTCEZ15eybRnoqUAra4Ys,Q19689005,Black Tongue,Black Tongue,Q128147,Kingston upon Hull,musical group,United Kingdom,,,,,True,accepted_exact_name,True,True,eligible_group_or_duo,True,False
Dolores Forever [32ttgKG3BxUVYxlBdmLBMi],,32ttgKG3BxUVYxlBdmLBMi,Dolores Forever,50315,20474,0,2026-07-18T20:45:22.974241+00:00,Spotify web-player queryArtistOverview,undocumented read-only web-client endpoint,32ttgKG3BxUVYxlBdmLBMi,Q134238905,Dolores Forever,Dolores Forever,,,musical duo,United Kingdom,,,,,True,accepted_exact_name,True,True,eligible_group_or_duo,True,False
Rosetta Stone [0UnBsBrom4chs5rnjRBtIK],,0UnBsBrom4chs5rnjRBtIK,Rosetta Stone,50256,78261,0,2026-07-18T20:45:22.974241+00:00,Spotify web-player queryArtistOverview,undocumented read-only web-client endpoint,0UnBsBrom4chs5rnjRBtIK,Q4048553,Rosetta Stone,Rosetta Stone,Q21,England,musical group,United Kingdom,,,,,True,accepted_exact_name,True,True,eligible_group_or_duo,True,False
Abbacadabra [4vhgCDK6RHCBN6P3jPQlZX],,4vhgCDK6RHCBN6P3jPQlZX,Abbacadabra,49799,5344,0,2026-07-18T20:45:22.974241+00:00,Spotify web-player queryArtistOverview,undocumented read-only web-client endpoint,4vhgCDK6RHCBN6P3jPQlZX,Q305788,Abbacadabra,Abbacadabra,,,musical group,United Kingdom,,,,,True,accepted_exact_name,True,True,eligible_group_or_duo,True,False
Flesh for Lulu [6ahlwhwCBtwhSeDO5vYMh5],,6ahlwhwCBtwhSeDO5vYMh5,Flesh For Lulu,49698,33594,0,2026-07-18T20:45:22.974241+00:00,Spotify web-player queryArtistOverview,undocumented read-only web-client endpoint,6ahlwhwCBtwhSeDO5vYMh5,Q5458717,Flesh for Lulu,Flesh for Lulu,Q146690,Brixton,musical group,United Kingdom,,,,,True,accepted_exact_name,True,True,eligible_group_or_duo,True,False
Matthews Southern Comfort [7aLNBjOlzOCyuFmytbbeYM],,7aLNBjOlzOCyuFmytbbeYM,Matthews' Southern Comfort,49578,10689,0,2026-07-18T20:45:22.974241+00:00,Spotify web-player queryArtistOverview,undocumented read-only web-client endpoint,7aLNBjOlzOCyuFmytbbeYM,Q96318732,Matthews Southern Comfort,Matthews Southern Comfort,,,musical group,England,,,,,True,accepted_exact_name,True,True,eligible_group_or_duo,True,False
Mantovani and His Orchestra [4zBSlKX0hLrCJ60FSBvAnA],,2rLU4m2pwsiQgUVT5d2FyB,Mantovani & His Orchestra,49525,3139,0,2026-07-18T20:45:22.974241+00:00,Spotify web-player queryArtistOverview,undocumented read-only web-client endpoint,4zBSlKX0hLrCJ60FSBvAnA,Q106885734,Mantovani and His Orchestra,Mantovani and His Orchestra,,,musical group,United Kingdom,,,,,False,rejected_name_mismatch,False,False,excluded_orchestra,False,False
Mantovani and His Orchestra [6Rf6LvLjLWxrDtANvp9XRM],,2rLU4m2pwsiQgUVT5d2FyB,Mantovani & His Orchestra,49525,3139,0,2026-07-18T20:45:22.974241+00:00,Spotify web-player queryArtistOverview,undocumented read-only web-client endpoint,6Rf6LvLjLWxrDtANvp9XRM,Q106885734,Mantovani and His Orchestra,Mantovani and His Orchestra,,,musical group,United Kingdom,,,,,False,rejected_name_mismatch,False,False,excluded_orchestra,False,True
Kill the Lights [2b2c6xP76y8HCLiovv7kIZ],,2b2c6xP76y8HCLiovv7kIZ,Kill The Lights,48704,30730,0,2026-07-18T20:45:22.974241+00:00,Spotify web-player queryArtistOverview,undocumented read-only web-client endpoint,2b2c6xP76y8HCLiovv7kIZ,Q124372645,Kill the Lights,Kill the Lights,,,musical group,United Kingdom,,,,,True,accepted_exact_name,True,True,eligible_group_or_duo,True,False
Van der Graaf Generator [02frazNrWgZCxUEf4UTfHt],,02frazNrWgZCxUEf4UTfHt,Van Der Graaf Generator,48618,154738,0,2026-07-18T20:45:22.974241+00:00,Spotify web-player queryArtistOverview,undocumented read-only web-client endpoint,02frazNrWgZCxUEf4UTfHt,Q752170,Van der Graaf Generator,Van der Graaf Generator,Q18125,Manchester,musical group,United Kingdom,,,,,True,accepted_exact_name,True,True,eligible_group_or_duo,True,False
Balancing Act [6ZHfuZhV3q15jxpOY8S1m6],,6ZHfuZhV3q15jxpOY8S1m6,Balancing Act,48276,12544,0,2026-07-18T20:45:22.974241+00:00,Spotify web-player queryArtistOverview,undocumented read-only web-client endpoint,6ZHfuZhV3q15jxpOY8S1m6,Q129566045,Balancing Act,Balancing Act,,,musical group,United Kingdom,,,,,True,accepted_exact_name,True,True,eligible_group_or_duo,True,False
A Blaze Of Feather [0j7wLGDwHdUSPLkxCH3GBQ],,0j7wLGDwHdUSPLkxCH3GBQ,A Blaze of Feather,48229,34261,0,2026-07-18T20:45:22.974241+00:00,Spotify web-player queryArtistOverview,undocumented read-only web-client endpoint,0j7wLGDwHdUSPLkxCH3GBQ,Q113103524,A Blaze Of Feather,A Blaze Of Feather,,,musical group,United Kingdom,,,,,True,accepted_exact_name,True,True,eligible_group_or_duo,True,False
Angel Witch [6L48AOtGmQL1ELLoKML7cS],,6L48AOtGmQL1ELLoKML7cS,Angel Witch,48153,107188,0,2026-07-18T20:45:22.974241+00:00,Spotify web-player queryArtistOverview,undocumented read-only web-client endpoint,6L48AOtGmQL1ELLoKML7cS,Q531934,Angel Witch,Angel Witch,Q84,London,musical group,United Kingdom,,,,,True,accepted_exact_name,True,True,eligible_group_or_duo,True,False
Little Comets [7cfhZmKaLWzNLwHDxzugUH],,7cfhZmKaLWzNLwHDxzugUH,Little Comets,47976,80242,0,2026-07-18T20:45:22.974241+00:00,Spotify web-player queryArtistOverview,undocumented read-only web-client endpoint,7cfhZmKaLWzNLwHDxzugUH,Q4166250,Little Comets,Little Comets,Q23080,Tyne and Wear,musical group,United Kingdom,,,,,True,accepted_exact_name,True,True,eligible_group_or_duo,True,False
Osibisa [12X85dtebfc7JTZ8iMBT2o],,12X85dtebfc7JTZ8iMBT2o,Osibisa,47843,47531,0,2026-07-18T20:45:22.974241+00:00,Spotify web-player queryArtistOverview,undocumented read-only web-client endpoint,12X85dtebfc7JTZ8iMBT2o,Q1890473,Osibisa,Osibisa,Q84,London,musical group,United Kingdom,,,,,True,accepted_exact_name,True,True,eligible_group_or_duo,True,False
UK [64vNIhiqTanqaY1VJucSAS],,64vNIhiqTanqaY1VJucSAS,U.K.,47600,62279,0,2026-07-18T20:45:22.974241+00:00,Spotify web-player queryArtistOverview,undocumented read-only web-client endpoint,64vNIhiqTanqaY1VJucSAS,Q1330725,UK,UK,Q21,England,musical group,United Kingdom,,,,,True,accepted_exact_name,True,True,eligible_group_or_duo,True,False
Ulrika Spacek [07vC6cutbett8UknXnqxsu],,07vC6cutbett8UknXnqxsu,Ulrika Spacek,46731,36028,0,2026-07-18T20:45:22.974241+00:00,Spotify web-player queryArtistOverview,undocumented read-only web-client endpoint,07vC6cutbett8UknXnqxsu,Q23018832,Ulrika Spacek,Ulrika Spacek,,,musical group,United Kingdom,,,,,True,accepted_exact_name,True,True,eligible_group_or_duo,True,False
Seefeel [0jyH4jtanxaysaxwDVhR6f],,0jyH4jtanxaysaxwDVhR6f,Seefeel,46679,44055,0,2026-07-18T20:45:22.974241+00:00,Spotify web-player queryArtistOverview,undocumented read-only web-client endpoint,0jyH4jtanxaysaxwDVhR6f,Q2264804,Seefeel,Seefeel,,,musical group,United Kingdom,,,,,True,accepted_exact_name,True,True,eligible_group_or_duo,True,False
Brodsky Quartet [4H0zGQILA7vJKl0ot2OYBf],,4H0zGQILA7vJKl0ot2OYBf,Brodsky Quartet,46624,7254,0,2026-07-18T20:45:22.974241+00:00,Spotify web-player queryArtistOverview,undocumented read-only web-client endpoint,4H0zGQILA7vJKl0ot2OYBf,Q924862,Brodsky Quartet,Brodsky Quartet,,,string quartet,United Kingdom,,,,,True,accepted_exact_name,True,True,eligible_group_or_duo,True,False
The Vibrators [0DkpQq8B7ZAKebZEjlzVmd],,0DkpQq8B7ZAKebZEjlzVmd,The Vibrators,46560,75847,0,2026-07-18T20:45:22.974241+00:00,Spotify web-player queryArtistOverview,undocumented read-only web-client endpoint,0DkpQq8B7ZAKebZEjlzVmd,Q1754027,The Vibrators,The Vibrators,Q84,London,musical group,United Kingdom,,,,,True,accepted_exact_name,True,True,eligible_group_or_duo,True,False
She's In Parties [3A9BLI8S2rNSxXS3QsMkOY],,3A9BLI8S2rNSxXS3QsMkOY,She's In Parties,46512,10376,0,2026-07-18T20:45:22.974241+00:00,Spotify web-player queryArtistOverview,undocumented read-only web-client endpoint,3A9BLI8S2rNSxXS3QsMkOY,Q130300851,She's In Parties,She's In Parties,,,musical group,United Kingdom,,,,,True,accepted_exact_name,True,True,eligible_group_or_duo,True,False
The Trash Can Sinatras [0i2IEcWvtHUBYPkYWwCgjC],,0i2IEcWvtHUBYPkYWwCgjC,Trashcan Sinatras,46209,26676,0,2026-07-18T20:45:22.974241+00:00,Spotify web-player queryArtistOverview,undocumented read-only web-client endpoint,0i2IEcWvtHUBYPkYWwCgjC,Q939534,The Trash Can Sinatras,The Trash Can Sinatras,Q1774629,Irvine,musical group,United Kingdom,,,,,False,rejected_name_mismatch,False,True,eligible_group_or_duo,True,False
Oceanic [3bqOGIOIvLc9JsAIS7OfEb],,3bqOGIOIvLc9JsAIS7OfEb,Oceanic,46135,3833,0,2026-07-18T20:45:22.974241+00:00,Spotify web-player queryArtistOverview,undocumented read-only web-client endpoint,3bqOGIOIvLc9JsAIS7OfEb,Q7076197,Oceanic,Oceanic,,,musical group,United Kingdom,,,,,True,accepted_exact_name,True,True,eligible_group_or_duo,True,False
Sidemen [3cz1YSCXv6hjifHO6bYLLH],,3cz1YSCXv6hjifHO6bYLLH,Sidemen,46056,189477,0,2026-07-18T20:45:22.974241+00:00,Spotify web-player queryArtistOverview,undocumented read-only web-client endpoint,3cz1YSCXv6hjifHO6bYLLH,Q81339539,Sidemen,Sidemen,,,YouTube channel|group of humans|organization,United Kingdom,,,,,True,accepted_exact_name,True,True,eligible_group_or_duo,True,False
Ímar [0BdsizQXvwb1BPeEKqfuVs],,0BdsizQXvwb1BPeEKqfuVs,Ímar,45827,15182,0,2026-07-18T20:45:22.974241+00:00,Spotify web-player queryArtistOverview,undocumented read-only web-client endpoint,0BdsizQXvwb1BPeEKqfuVs,Q97587415,Ímar,Ímar,Q4093,Glasgow,musical group,Scotland,,,,,True,accepted_exact_name,True,True,eligible_group_or_duo,True,False
Conan [11tiA94VlUZOUTVCdQYw3a],,11tiA94VlUZOUTVCdQYw3a,Conan,45815,82354,0,2026-07-18T20:45:22.974241+00:00,Spotify web-player queryArtistOverview,undocumented read-only web-client endpoint,11tiA94VlUZOUTVCdQYw3a,Q19872238,Conan,Conan,Q24826,Liverpool,musical group,England,,,,,True,accepted_exact_name,True,True,eligible_group_or_duo,True,False
The Wedding Present [4tyCvqG48h4LdcbFfWBjR9],,4tyCvqG48h4LdcbFfWBjR9,The Wedding Present,45749,65575,0,2026-07-18T20:45:22.974241+00:00,Spotify web-player queryArtistOverview,undocumented read-only web-client endpoint,4tyCvqG48h4LdcbFfWBjR9,Q4372,The Wedding Present,The Wedding Present,Q39121,Leeds,musical group,United Kingdom,,,,,True,accepted_exact_name,True,True,eligible_group_or_duo,True,False
The Big Pink [4xM0Rz2FbjZevoVLVJUgEQ],,4xM0Rz2FbjZevoVLVJUgEQ,The Big Pink,45735,39674,0,2026-07-18T20:45:22.974241+00:00,Spotify web-player queryArtistOverview,undocumented read-only web-client endpoint,4xM0Rz2FbjZevoVLVJUgEQ,Q1668695,The Big Pink,The Big Pink,Q84,London,musical group,United Kingdom,,,,,True,accepted_exact_name,True,True,eligible_group_or_duo,True,False
Q1024747 [2kS4yz85MaZlxp2VaS3BEe],,2kS4yz85MaZlxp2VaS3BEe,Cabaret Voltaire,45473,118625,0,2026-07-18T20:45:22.974241+00:00,Spotify web-player queryArtistOverview,undocumented read-only web-client endpoint,2kS4yz85MaZlxp2VaS3BEe,Q1024747,Q1024747,Q1024747,Q42448,Sheffield,musical group,United Kingdom,,,,,False,rejected_name_mismatch,False,True,eligible_group_or_duo,True,False
Grim Reaper [3CSQtK60sg2jNNxnpThSN1],,3CSQtK60sg2jNNxnpThSN1,Grim Reaper,45246,102546,0,2026-07-18T20:45:22.974241+00:00,Spotify web-player queryArtistOverview,undocumented read-only web-client endpoint,3CSQtK60sg2jNNxnpThSN1,Q2476571,Grim Reaper,Grim Reaper,Q1260116,Droitwich Spa,musical group,United Kingdom,,,,,True,accepted_exact_name,True,True,eligible_group_or_duo,True,False
Beak> [5MGxwE9JG5IA6uqswrgNL6],,5MGxwE9JG5IA6uqswrgNL6,Beak>,45055,92050,0,2026-07-18T20:45:22.974241+00:00,Spotify web-player queryArtistOverview,undocumented read-only web-client endpoint,5MGxwE9JG5IA6uqswrgNL6,Q4876102,Beak>,Beak>,,,musical group,United Kingdom,,,,,True,accepted_exact_name,True,True,eligible_group_or_duo,True,False
Thy Slaughter [4tXmMY3u0qbzec7aocHPPt],,4tXmMY3u0qbzec7aocHPPt,Thy Slaughter,44871,15187,0,2026-07-18T20:45:22.974241+00:00,Spotify web-player queryArtistOverview,undocumented read-only web-client endpoint,4tXmMY3u0qbzec7aocHPPt,Q130775275,Thy Slaughter,Thy Slaughter,,,musical duo|musical group,United Kingdom,,,,,True,accepted_exact_name,True,True,eligible_group_or_duo,True,False
D*Minds [6hlQVaiKiA8Y9K12cTQPrF],,6hlQVaiKiA8Y9K12cTQPrF,D*Minds,44572,4577,0,2026-07-18T20:45:22.974241+00:00,Spotify web-player queryArtistOverview,undocumented read-only web-client endpoint,6hlQVaiKiA8Y9K12cTQPrF,Q5203219,D*Minds,D*Minds,,,musical group,United Kingdom,,,,,True,accepted_exact_name,True,True,eligible_group_or_duo,True,False
Noise Foundation [68nnzWZxUGFW1ss9rEhUPP],,68nnzWZxUGFW1ss9rEhUPP,Noise Foundation,44527,559,0,2026-07-18T20:45:22.974241+00:00,Spotify web-player queryArtistOverview,undocumented read-only web-client endpoint,68nnzWZxUGFW1ss9rEhUPP,Q138608483,Noise Foundation,Noise Foundation,,,solo musical project,United Kingdom,,,,,True,accepted_exact_name,True,True,eligible_group_or_duo,True,False
Gama Bomb [7h0muodpQ1q5o3RajwownN],,7h0muodpQ1q5o3RajwownN,Gama Bomb,44268,83436,0,2026-07-18T20:45:22.974241+00:00,Spotify web-player queryArtistOverview,undocumented read-only web-client endpoint,7h0muodpQ1q5o3RajwownN,Q1492853,Gama Bomb,Gama Bomb,Q269980,Newry,musical group,United Kingdom,,,,,True,accepted_exact_name,True,True,eligible_group_or_duo,True,False
Pitchshifter [10aXVE8RSUCeMzaFvBnZ2i],,10aXVE8RSUCeMzaFvBnZ2i,Pitchshifter,43987,48946,0,2026-07-18T20:45:22.974241+00:00,Spotify web-player queryArtistOverview,undocumented read-only web-client endpoint,10aXVE8RSUCeMzaFvBnZ2i,Q2005871,Pitchshifter,Pitchshifter,Q41262,Nottingham,musical group,United Kingdom,,,,,True,accepted_exact_name,True,True,eligible_group_or_duo,True,False
Phil Campbell and the Bastard Sons [7fRzvXVDS5fOLD91WQwE6q],,7fRzvXVDS5fOLD91WQwE6q,Phil Campbell and the Bastard Sons,43860,47440,0,2026-07-18T20:45:22.974241+00:00,Spotify web-player queryArtistOverview,undocumented read-only web-client endpoint,7fRzvXVDS5fOLD91WQwE6q,Q47501791,Phil Campbell and the Bastard Sons,Phil Campbell and the Bastard Sons,,,musical group,United Kingdom,,,,,True,accepted_exact_name,True,True,eligible_group_or_duo,True,False
Ether [07PXLHOMh4k77DLNE0EolG],,07PXLHOMh4k77DLNE0EolG,Ether,43789,3646,0,2026-07-18T20:45:22.974241+00:00,Spotify web-player queryArtistOverview,undocumented read-only web-client endpoint,07PXLHOMh4k77DLNE0EolG,Q5403291,Ether,Ether,,,musical group,United Kingdom,,,,,True,accepted_exact_name,True,True,eligible_group_or_duo,True,False
Modern Romance [7KiK3DokuIW5BVZu5Y5kph],,7KiK3DokuIW5BVZu5Y5kph,Modern Romance,43441,12292,0,2026-07-18T20:45:22.974241+00:00,Spotify web-player queryArtistOverview,undocumented read-only web-client endpoint,7KiK3DokuIW5BVZu5Y5kph,Q6888844,Modern Romance,Modern Romance,Q21,England,musical group,United Kingdom,,,,,True,accepted_exact_name,True,True,eligible_group_or_duo,True,False
Geoff Love & His Orchestra [4W9CuqPOk3XWnLpwT0mOTI],,4W9CuqPOk3XWnLpwT0mOTI,Geoff Love & His Orchestra,43394,4772,0,2026-07-18T20:45:22.974241+00:00,Spotify web-player queryArtistOverview,undocumented read-only web-client endpoint,4W9CuqPOk3XWnLpwT0mOTI,Q108894603,Geoff Love & His Orchestra,Geoff Love & His Orchestra,,,musical group,United Kingdom,,,,,True,accepted_exact_name,True,False,excluded_orchestra,True,False
Lanterns on the Lake [7sx3r4lMo079vO7lIi0fng],,7sx3r4lMo079vO7lIi0fng,Lanterns on the Lake,43202,38093,0,2026-07-18T20:45:22.974241+00:00,Spotify web-player queryArtistOverview,undocumented read-only web-client endpoint,7sx3r4lMo079vO7lIi0fng,Q14158905,Lanterns on the Lake,Lanterns on the Lake,Q1425428,Newcastle upon Tyne,musical group,United Kingdom,,,,,True,accepted_exact_name,True,True,eligible_group_or_duo,True,False
The Crazy World of Arthur Brown [2LpdhgwN0mYKMjnzrBQU8H],,2LpdhgwN0mYKMjnzrBQU8H,The Crazy World Of Arthur Brown,43146,16217,0,2026-07-18T20:45:22.974241+00:00,Spotify web-player queryArtistOverview,undocumented read-only web-client endpoint,2LpdhgwN0mYKMjnzrBQU8H,Q377770,The Crazy World of Arthur Brown,The Crazy World of Arthur Brown,Q84,London,musical group,United Kingdom,,,,,True,accepted_exact_name,True,True,eligible_group_or_duo,True,False
Kings of the City [7FWu3peCUoaSGOc4PwxwTH],,7FWu3peCUoaSGOc4PwxwTH,Kings Of The City,43136,6557,0,2026-07-18T20:45:22.974241+00:00,Spotify web-player queryArtistOverview,undocumented read-only web-client endpoint,7FWu3peCUoaSGOc4PwxwTH,Q6413105,Kings of the City,Kings of the City,,,musical group,United Kingdom,,,,,True,accepted_exact_name,True,True,eligible_group_or_duo,True,False
Alisha's Attic [43lLY3aEg3yQz8sYhyvdn5],,43lLY3aEg3yQz8sYhyvdn5,Alisha's Attic,42752,19496,0,2026-07-18T20:45:22.974241+00:00,Spotify web-player queryArtistOverview,undocumented read-only web-client endpoint,43lLY3aEg3yQz8sYhyvdn5,Q6601851,Alisha's Attic,Alisha's Attic,Q84,London,musical group,United Kingdom,,,,,True,accepted_exact_name,True,True,eligible_group_or_duo,True,False
A Certain Ratio [2vygNfdnPBXah21ZrqhxYk],,2vygNfdnPBXah21ZrqhxYk,A Certain Ratio,42710,46261,0,2026-07-18T20:45:22.974241+00:00,Spotify web-player queryArtistOverview,undocumented read-only web-client endpoint,2vygNfdnPBXah21ZrqhxYk,Q300348,A Certain Ratio,A Certain Ratio,Q18125,Manchester,musical group,United Kingdom,,,,,True,accepted_exact_name,True,True,eligible_group_or_duo,True,False
The Rifles [3Sr1muUE6DYihFufoHpnfc],,3Sr1muUE6DYihFufoHpnfc,The Rifles,42702,74510,0,2026-07-18T20:45:22.974241+00:00,Spotify web-player queryArtistOverview,undocumented read-only web-client endpoint,3Sr1muUE6DYihFufoHpnfc,Q493700,The Rifles,The Rifles,Q3778007,Chingford,musical group,United Kingdom,,,,,True,accepted_exact_name,True,True,eligible_group_or_duo,True,False
Heavy Lungs [07eIrj0b3z5mgvtkDmWoxo],,07eIrj0b3z5mgvtkDmWoxo,Heavy Lungs,42610,33237,0,2026-07-18T20:45:22.974241+00:00,Spotify web-player queryArtistOverview,undocumented read-only web-client endpoint,07eIrj0b3z5mgvtkDmWoxo,Q105883290,Heavy Lungs,Heavy Lungs,,,musical group,United Kingdom,,,,,True,accepted_exact_name,True,True,eligible_group_or_duo,True,False
Young Marble Giants [0tQ2Q4y9iUkKszxXyB14ZH],,0tQ2Q4y9iUkKszxXyB14ZH,Young Marble Giants,42598,62664,0,2026-07-18T20:45:22.974241+00:00,Spotify web-player queryArtistOverview,undocumented read-only web-client endpoint,0tQ2Q4y9iUkKszxXyB14ZH,Q2164036,Young Marble Giants,Young Marble Giants,Q10690,Cardiff,musical group,United Kingdom,,,,,True,accepted_exact_name,True,True,eligible_group_or_duo,True,False
Cathedral [5O7ziOtiFUyRMBJN1J4Tpv],,5O7ziOtiFUyRMBJN1J4Tpv,Cathedral,42528,96540,0,2026-07-18T20:45:22.974241+00:00,Spotify web-player queryArtistOverview,undocumented read-only web-client endpoint,5O7ziOtiFUyRMBJN1J4Tpv,Q1050878,Cathedral,Cathedral,Q6225,Coventry,heavy metal band,United Kingdom,,,,,True,accepted_exact_name,True,True,eligible_group_or_duo,True,False
Arrows [4tqcqE9n9vHWbIT8ryEA1v],,4tqcqE9n9vHWbIT8ryEA1v,The Arrows,42469,7187,0,2026-07-18T20:45:22.974241+00:00,Spotify web-player queryArtistOverview,undocumented read-only web-client endpoint,4tqcqE9n9vHWbIT8ryEA1v,Q702998,Arrows,Arrows,Q84,London,musical group,United Kingdom,,,,,False,rejected_name_mismatch,False,True,eligible_group_or_duo,True,False
Wings of Desire [1M684BN2C8BO9WwB0xeXJo],,1M684BN2C8BO9WwB0xeXJo,Wings of Desire,41995,6904,0,2026-07-18T20:45:22.974241+00:00,Spotify web-player queryArtistOverview,undocumented read-only web-client endpoint,1M684BN2C8BO9WwB0xeXJo,Q124131161,Wings of Desire,Wings of Desire,,,musical duo,United Kingdom,,,,,True,accepted_exact_name,True,True,eligible_group_or_duo,True,False
Onslaught [71lhIVHJ24x9hEcwFSWuOf],,71lhIVHJ24x9hEcwFSWuOf,Onslaught,41973,106888,0,2026-07-18T20:45:22.974241+00:00,Spotify web-player queryArtistOverview,undocumented read-only web-client endpoint,71lhIVHJ24x9hEcwFSWuOf,Q1417965,Onslaught,Onslaught,Q23154,Bristol,musical group,United Kingdom,,,,,True,accepted_exact_name,True,True,eligible_group_or_duo,True,False
The Associates [7GsdZ6T45uXudJ8Wsko9sB],,7GsdZ6T45uXudJ8Wsko9sB,The Associates,41622,50912,0,2026-07-18T20:45:22.974241+00:00,Spotify web-player queryArtistOverview,undocumented read-only web-client endpoint,7GsdZ6T45uXudJ8Wsko9sB,Q743137,The Associates,The Associates,Q123709,Dundee,musical group,Scotland,,,,,True,accepted_exact_name,True,True,eligible_group_or_duo,True,False
Mesh [1uS4cYRRZRtauASIM9RxBG],,1uS4cYRRZRtauASIM9RxBG,Mesh,41618,38152,0,2026-07-18T20:45:22.974241+00:00,Spotify web-player queryArtistOverview,undocumented read-only web-client endpoint,1uS4cYRRZRtauASIM9RxBG,Q250009,Mesh,Mesh,,,musical group,United Kingdom,,,,,True,accepted_exact_name,True,True,eligible_group_or_duo,True,False
Rolo Tomassi [3uHCTHxtg3IVAvhyrYsZvI],,3uHCTHxtg3IVAvhyrYsZvI,Rolo Tomassi,41494,78649,0,2026-07-18T20:45:22.974241+00:00,Spotify web-player queryArtistOverview,undocumented read-only web-client endpoint,3uHCTHxtg3IVAvhyrYsZvI,Q7361393,Rolo Tomassi,Rolo Tomassi,Q42448,Sheffield,musical group,United Kingdom,,,,,True,accepted_exact_name,True,True,eligible_group_or_duo,True,False
John Barry Orchestra [0RY2EG9XPPwZOliIkTOiog],,0RY2EG9XPPwZOliIkTOiog,John Barry Orchestra,41030,12325,0,2026-07-18T20:45:22.974241+00:00,Spotify web-player queryArtistOverview,undocumented read-only web-client endpoint,0RY2EG9XPPwZOliIkTOiog,Q56681905,John Barry Orchestra,John Barry Orchestra,,,orchestra,United Kingdom,,,,,True,accepted_exact_name,True,False,excluded_orchestra,True,False
Lonely The Brave [7Ks1xbMXEQjy9aQObTJdId],,7Ks1xbMXEQjy9aQObTJdId,Lonely The Brave,40908,47704,0,2026-07-18T20:45:22.974241+00:00,Spotify web-player queryArtistOverview,undocumented read-only web-client endpoint,7Ks1xbMXEQjy9aQObTJdId,Q20127907,Lonely The Brave,Lonely The Brave,Q350,Cambridge,musical group,United Kingdom,,,,,True,accepted_exact_name,True,True,eligible_group_or_duo,True,False
Gen and the Degenerates [7oEVPoHXaj73ddUCTNlO9E],,7oEVPoHXaj73ddUCTNlO9E,Gen and the Degenerates,40842,15062,0,2026-07-18T20:45:22.974241+00:00,Spotify web-player queryArtistOverview,undocumented read-only web-client endpoint,7oEVPoHXaj73ddUCTNlO9E,Q105085574,Gen and the Degenerates,Gen and the Degenerates,,,musical group|rock band,United Kingdom,,,,,True,accepted_exact_name,True,True,eligible_group_or_duo,True,False
The Puppini Sisters [1svaANJTE5KrG16fTGDqOs],,1svaANJTE5KrG16fTGDqOs,The Puppini Sisters,40797,69632,0,2026-07-18T20:45:22.974241+00:00,Spotify web-player queryArtistOverview,undocumented read-only web-client endpoint,1svaANJTE5KrG16fTGDqOs,Q1850284,The Puppini Sisters,The Puppini Sisters,,,musical group,United Kingdom,,,,,True,accepted_exact_name,True,True,eligible_group_or_duo,True,False
Nimmo [76MojWoWNPzzKdrEspy5sl],,76MojWoWNPzzKdrEspy5sl,NIMMO,40726,14459,0,2026-07-18T20:45:22.974241+00:00,Spotify web-player queryArtistOverview,undocumented read-only web-client endpoint,76MojWoWNPzzKdrEspy5sl,Q106879795,Nimmo,Nimmo,,,musical group,United Kingdom,,,,,True,accepted_exact_name,True,True,eligible_group_or_duo,True,False
The Mekons [1Ag6UM6dow2OH9V06mxzV5],,1Ag6UM6dow2OH9V06mxzV5,Mekons,40549,27778,0,2026-07-18T20:45:22.974241+00:00,Spotify web-player queryArtistOverview,undocumented read-only web-client endpoint,1Ag6UM6dow2OH9V06mxzV5,Q1529069,The Mekons,The Mekons,Q39121,Leeds,musical group,United Kingdom,,,,,False,rejected_name_mismatch,False,True,eligible_group_or_duo,True,False
Bis [2CLWZP9ZwueC8Yx9ORbxlW],,2CLWZP9ZwueC8Yx9ORbxlW,bis,40316,13258,0,2026-07-18T20:45:22.974241+00:00,Spotify web-player queryArtistOverview,undocumented read-only web-client endpoint,2CLWZP9ZwueC8Yx9ORbxlW,Q471241,Bis,Bis,Q4093,Glasgow,musical group,Scotland,,,,,True,accepted_exact_name,True,True,eligible_group_or_duo,True,False
Morning Runner [3UvsX37JzJrmhTea2t3Wei],,3UvsX37JzJrmhTea2t3Wei,Morning Runner,40259,8121,0,2026-07-18T20:45:22.974241+00:00,Spotify web-player queryArtistOverview,undocumented read-only web-client endpoint,3UvsX37JzJrmhTea2t3Wei,Q1948294,Morning Runner,Morning Runner,Q161491,Reading,musical group,United Kingdom,,,,,True,accepted_exact_name,True,True,eligible_group_or_duo,True,False
One Minute Silence [5uO1Dms6wMs4J3sSdcKEMh],,5uO1Dms6wMs4J3sSdcKEMh,One Minute Silence,39696,41759,0,2026-07-18T20:45:22.974241+00:00,Spotify web-player queryArtistOverview,undocumented read-only web-client endpoint,5uO1Dms6wMs4J3sSdcKEMh,Q1124940,One Minute Silence,One Minute Silence,,,rock band,United Kingdom,,,,,True,accepted_exact_name,True,True,eligible_group_or_duo,True,False
InsideInfo [4HVopeHcb4aGTBsfIRrRcQ],,4HVopeHcb4aGTBsfIRrRcQ,InsideInfo,39084,25281,0,2026-07-18T20:45:22.974241+00:00,Spotify web-player queryArtistOverview,undocumented read-only web-client endpoint,4HVopeHcb4aGTBsfIRrRcQ,Q63242079,InsideInfo,InsideInfo,,,musical group,United Kingdom,,,,,True,accepted_exact_name,True,True,eligible_group_or_duo,True,False
Plump DJs [1daC6WKGAm52YZbL5G7zYg],,1daC6WKGAm52YZbL5G7zYg,Plump DJs,39025,39640,0,2026-07-18T20:45:22.974241+00:00,Spotify web-player queryArtistOverview,undocumented read-only web-client endpoint,1daC6WKGAm52YZbL5G7zYg,Q6317600,Plump DJs,Plump DJs,Q84,London,musical group,United Kingdom,,,,,True,accepted_exact_name,True,True,eligible_group_or_duo,True,False
The Rakes [7mDQwcnDUGuSoggxbUtVc1],,7mDQwcnDUGuSoggxbUtVc1,The Rakes,38909,55169,0,2026-07-18T20:45:22.974241+00:00,Spotify web-player queryArtistOverview,undocumented read-only web-client endpoint,7mDQwcnDUGuSoggxbUtVc1,Q1762436,The Rakes,The Rakes,Q84,London,musical group,United Kingdom,,,,,True,accepted_exact_name,True,True,eligible_group_or_duo,True,False
Orchestra of the Swan [4Q6c37zCXu7UvWmUcROoVq],,4Q6c37zCXu7UvWmUcROoVq,Orchestra of the Swan,38155,4746,0,2026-07-18T20:45:22.974241+00:00,Spotify web-player queryArtistOverview,undocumented read-only web-client endpoint,4Q6c37zCXu7UvWmUcROoVq,Q7100258,Orchestra of the Swan,Orchestra of the Swan,Q189288,Stratford-upon-Avon,musical group,United Kingdom,,,,,True,accepted_exact_name,True,False,excluded_orchestra,True,False
Red Lorry Yellow Lorry [6ixeWfTvnU1VOVPEVP5Bcq],,6ixeWfTvnU1VOVPEVP5Bcq,Red Lorry Yellow Lorry,38041,51142,0,2026-07-18T20:45:22.974241+00:00,Spotify web-player queryArtistOverview,undocumented read-only web-client endpoint,6ixeWfTvnU1VOVPEVP5Bcq,Q1575233,Red Lorry Yellow Lorry,Red Lorry Yellow Lorry,Q39121,Leeds,musical group,United Kingdom,,,,,True,accepted_exact_name,True,True,eligible_group_or_duo,True,False
Hallucinogen [5Lel5d14oFwC4XbKDv2AKW],,5Lel5d14oFwC4XbKDv2AKW,Hallucinogen,37698,66590,0,2026-07-18T20:45:22.974241+00:00,Spotify web-player queryArtistOverview,undocumented read-only web-client endpoint,5Lel5d14oFwC4XbKDv2AKW,Q11893563,Hallucinogen,Hallucinogen,,,musical group,United Kingdom,,,,,True,accepted_exact_name,True,True,eligible_group_or_duo,True,False
Slow Club [75Kh0eqgzo9f43Dan1JzSV],,75Kh0eqgzo9f43Dan1JzSV,Slow Club,37665,57600,0,2026-07-18T20:45:22.974241+00:00,Spotify web-player queryArtistOverview,undocumented read-only web-client endpoint,75Kh0eqgzo9f43Dan1JzSV,Q1688137,Slow Club,Slow Club,Q42448,Sheffield,musical group,United Kingdom,,,,,True,accepted_exact_name,True,True,eligible_group_or_duo,True,False
Two Lone Swordsmen [33Ztukerf3He8FeKk5acn8],,33Ztukerf3He8FeKk5acn8,Two Lone Swordsmen,37114,40442,0,2026-07-18T20:45:22.974241+00:00,Spotify web-player queryArtistOverview,undocumented read-only web-client endpoint,33Ztukerf3He8FeKk5acn8,Q3542601,Two Lone Swordsmen,Two Lone Swordsmen,,,musical group,United Kingdom,,,,,True,accepted_exact_name,True,True,eligible_group_or_duo,True,False
Angelic Upstarts [5z96yaS2s1USscDldCCDgw],,5z96yaS2s1USscDldCCDgw,Angelic Upstarts,37083,52277,0,2026-07-18T20:45:22.974241+00:00,Spotify web-player queryArtistOverview,undocumented read-only web-client endpoint,5z96yaS2s1USscDldCCDgw,Q521396,Angelic Upstarts,Angelic Upstarts,Q279000,South Shields,musical group,United Kingdom,,,,,True,accepted_exact_name,True,True,eligible_group_or_duo,True,False
Pigs Pigs Pigs Pigs Pigs Pigs Pigs [1F7QDWyZTLGzkyGLgFjEhU],,1F7QDWyZTLGzkyGLgFjEhU,Pigs Pigs Pigs Pigs Pigs Pigs Pigs,37035,72472,0,2026-07-18T20:45:22.974241+00:00,Spotify web-player queryArtistOverview,undocumented read-only web-client endpoint,1F7QDWyZTLGzkyGLgFjEhU,Q93962241,Pigs Pigs Pigs Pigs Pigs Pigs Pigs,Pigs Pigs Pigs Pigs Pigs Pigs Pigs,Q1425428,Newcastle upon Tyne,musical group,United Kingdom,,,,,True,accepted_exact_name,True,True,eligible_group_or_duo,True,False
The Sweet [64JgVJdkSDXU6AEJUOnspK],,64JgVJdkSDXU6AEJUOnspK,The Sweet,36967,11359,0,2026-07-18T20:45:22.974241+00:00,Spotify web-player queryArtistOverview,undocumented read-only web-client endpoint,64JgVJdkSDXU6AEJUOnspK,Q487919,The Sweet,The Sweet,Q84,London,musical group,United Kingdom,,,,,True,accepted_exact_name,True,True,eligible_group_or_duo,True,False
Savages [1WFsBUAgQmrGQQEUyFKS60],,1WFsBUAgQmrGQQEUyFKS60,Savages,36562,130669,0,2026-07-18T20:45:22.974241+00:00,Spotify web-player queryArtistOverview,undocumented read-only web-client endpoint,1WFsBUAgQmrGQQEUyFKS60,Q5404233,Savages,Savages,Q84,London,musical group,United Kingdom,,,,,True,accepted_exact_name,True,True,eligible_group_or_duo,True,False
Digital Dog [1lbp4Rrpi6ug3cGZF9LWXq],,1lbp4Rrpi6ug3cGZF9LWXq,Digital Dog,36424,907,0,2026-07-18T20:45:22.974241+00:00,Spotify web-player queryArtistOverview,undocumented read-only web-client endpoint,1lbp4Rrpi6ug3cGZF9LWXq,Q5275840,Digital Dog,Digital Dog,,,musical group,United Kingdom,,,,,True,accepted_exact_name,True,True,eligible_group_or_duo,True,False
The 411 [0YtA5DdO2df8zIxpVdktqg],,0YtA5DdO2df8zIxpVdktqg,The 411,36002,38204,0,2026-07-18T20:45:22.974241+00:00,Spotify web-player queryArtistOverview,undocumented read-only web-client endpoint,0YtA5DdO2df8zIxpVdktqg,Q365321,The 411,The 411,,,musical group,United Kingdom,,,,,True,accepted_exact_name,True,True,eligible_group_or_duo,True,False
Peter and the Test Tube Babies [2mHQfi32bOrYcD42cazcmh],,2mHQfi32bOrYcD42cazcmh,Peter and the Test Tube Babies,35963,46920,0,2026-07-18T20:45:22.974241+00:00,Spotify web-player queryArtistOverview,undocumented read-only web-client endpoint,2mHQfi32bOrYcD42cazcmh,Q2000167,Peter and the Test Tube Babies,Peter and the Test Tube Babies,Q1935259,Peacehaven,musical group,United Kingdom,,,,,True,accepted_exact_name,True,True,eligible_group_or_duo,True,False
Man-Made Sunshine [3o7Com7ZIpDARXoOHwK4th],,3o7Com7ZIpDARXoOHwK4th,Man-Made Sunshine,35712,40010,0,2026-07-18T20:45:22.974241+00:00,Spotify web-player queryArtistOverview,undocumented read-only web-client endpoint,3o7Com7ZIpDARXoOHwK4th,Q131540831,Man-Made Sunshine,Man-Made Sunshine,,,solo musical project,United Kingdom,,,,,True,accepted_exact_name,True,True,eligible_group_or_duo,True,False
Puressence [1cFIgop2t8jZzlM7TVePLY],,1cFIgop2t8jZzlM7TVePLY,Puressence,35668,14385,0,2026-07-18T20:45:22.974241+00:00,Spotify web-player queryArtistOverview,undocumented read-only web-client endpoint,1cFIgop2t8jZzlM7TVePLY,Q3410949,Puressence,Puressence,Q2346848,Failsworth,musical group,United Kingdom,,,,,True,accepted_exact_name,True,True,eligible_group_or_duo,True,False
Moodswings [64Qk682XX2D0jk14ioYDGx],,64Qk682XX2D0jk14ioYDGx,Moodswings,35615,2398,0,2026-07-18T20:45:22.974241+00:00,Spotify web-player queryArtistOverview,undocumented read-only web-client endpoint,64Qk682XX2D0jk14ioYDGx,Q6907168,Moodswings,Moodswings,,,musical group,United Kingdom,,,,,True,accepted_exact_name,True,True,eligible_group_or_duo,True,False
Coverdale and Page [4jBSa0eitusIKxQHjAgsyd],,4jBSa0eitusIKxQHjAgsyd,Coverdale/Page,35540,90121,0,2026-07-18T20:45:22.974241+00:00,Spotify web-player queryArtistOverview,undocumented read-only web-client endpoint,4jBSa0eitusIKxQHjAgsyd,Q122627,Coverdale and Page,Coverdale and Page,Q145,United Kingdom,musical group,United Kingdom,,,,,False,rejected_name_mismatch,False,True,eligible_group_or_duo,True,False
Spunge [6vxyuUNiILvDzBfLxgu0KT],,6vxyuUNiILvDzBfLxgu0KT,[spunge],35282,21846,0,2026-07-18T20:45:22.974241+00:00,Spotify web-player queryArtistOverview,undocumented read-only web-client endpoint,6vxyuUNiILvDzBfLxgu0KT,Q3494280,Spunge,Spunge,Q1000717,Tewkesbury,musical group,United Kingdom,,,,,True,accepted_exact_name,True,True,eligible_group_or_duo,True,False
Grade 2 [61NdtTZaI4ZaMVNySovN0b],,61NdtTZaI4ZaMVNySovN0b,Grade 2,35157,28578,0,2026-07-18T20:45:22.974241+00:00,Spotify web-player queryArtistOverview,undocumented read-only web-client endpoint,61NdtTZaI4ZaMVNySovN0b,Q16251607,Grade 2,Grade 2,Q776556,Ryde,musical group,United Kingdom,,,,,True,accepted_exact_name,True,True,eligible_group_or_duo,True,False
Sky [6OzpbdankE26K03oeoHhPN],,6OzpbdankE26K03oeoHhPN,Sky,35087,12841,0,2026-07-18T20:45:22.974241+00:00,Spotify web-player queryArtistOverview,undocumented read-only web-client endpoint,6OzpbdankE26K03oeoHhPN,Q1564341,Sky,Sky,Q84,London,musical group,United Kingdom,,,,,True,accepted_exact_name,True,True,eligible_group_or_duo,True,False
One Eskimo [1K1m6K2IZOcbyabxB2jXjg],,1K1m6K2IZOcbyabxB2jXjg,One Eskimo,35030,11103,0,2026-07-18T20:45:22.974241+00:00,Spotify web-player queryArtistOverview,undocumented read-only web-client endpoint,1K1m6K2IZOcbyabxB2jXjg,Q4045817,One Eskimo,One Eskimo,Q84,London,musical group,United Kingdom,,,,,True,accepted_exact_name,True,True,eligible_group_or_duo,True,False
Dubstar [3SRTWBeGhX3o5DCQ2zzTdI],,3SRTWBeGhX3o5DCQ2zzTdI,Dubstar,34962,17970,0,2026-07-18T20:45:22.974241+00:00,Spotify web-player queryArtistOverview,undocumented read-only web-client endpoint,3SRTWBeGhX3o5DCQ2zzTdI,Q372843,Dubstar,Dubstar,Q1425428,Newcastle upon Tyne,musical group,United Kingdom,,,,,True,accepted_exact_name,True,True,eligible_group_or_duo,True,False
Goat Girl [1ukEEwzjucRtFTxiw2DrDZ],,1ukEEwzjucRtFTxiw2DrDZ,Goat Girl,34711,81408,0,2026-07-18T20:45:22.974241+00:00,Spotify web-player queryArtistOverview,undocumented read-only web-client endpoint,1ukEEwzjucRtFTxiw2DrDZ,Q78534002,Goat Girl,Goat Girl,Q84,London,musical group,United Kingdom,,,,,True,accepted_exact_name,True,True,eligible_group_or_duo,True,False
Octopus [4unGdyZQTgdMSRqmsZsJZ1],,4unGdyZQTgdMSRqmsZsJZ1,Octopus,34584,2173,0,2026-07-18T20:45:22.974241+00:00,Spotify web-player queryArtistOverview,undocumented read-only web-client endpoint,4unGdyZQTgdMSRqmsZsJZ1,Q7077080,Octopus,Octopus,Q1009915,Shotts,musical group,United Kingdom,,,,,True,accepted_exact_name,True,True,eligible_group_or_duo,True,False
The Wild Swans [63yEaRONzlJVu1ozymo4Fk],,63yEaRONzlJVu1ozymo4Fk,The Wild Swans,34532,17544,0,2026-07-18T20:45:22.974241+00:00,Spotify web-player queryArtistOverview,undocumented read-only web-client endpoint,63yEaRONzlJVu1ozymo4Fk,Q7774898,The Wild Swans,The Wild Swans,Q24826,Liverpool,musical group,United Kingdom,,,,,True,accepted_exact_name,True,True,eligible_group_or_duo,True,False
Auger (band) [48QP1FCIq76VufzDPShGi5],,48QP1FCIq76VufzDPShGi5,Auger,34522,11957,0,2026-07-18T20:45:22.974241+00:00,Spotify web-player queryArtistOverview,undocumented read-only web-client endpoint,48QP1FCIq76VufzDPShGi5,Q140317314,Auger (band),Auger (band),,,musical duo|musical group,United Kingdom,,,,,False,rejected_name_mismatch,False,True,eligible_group_or_duo,True,False
Ambrosian Singers [3zDEBkBUs36ij8r5Hyz2CN],,3zDEBkBUs36ij8r5Hyz2CN,Ambrosian Singers,34498,962,0,2026-07-18T20:45:22.974241+00:00,Spotify web-player queryArtistOverview,undocumented read-only web-client endpoint,3zDEBkBUs36ij8r5Hyz2CN,Q2588958,Ambrosian Singers,Ambrosian Singers,Q84,London,choir|musical group,United Kingdom,,,,,True,accepted_exact_name,True,True,eligible_group_or_duo,True,False
The Wake [39aYm70XPfUpkMIKSfeeig],,39aYm70XPfUpkMIKSfeeig,The Wake,34392,26671,0,2026-07-18T20:45:22.974241+00:00,Spotify web-player queryArtistOverview,undocumented read-only web-client endpoint,39aYm70XPfUpkMIKSfeeig,Q3523258,The Wake,The Wake,Q4093,Glasgow,musical group,United Kingdom,,,,,True,accepted_exact_name,True,True,eligible_group_or_duo,True,False
Rumahoy [52aKFP2BnAa28POINNExhE],,52aKFP2BnAa28POINNExhE,Rumahoy,34135,24027,0,2026-07-18T20:45:22.974241+00:00,Spotify web-player queryArtistOverview,undocumented read-only web-client endpoint,52aKFP2BnAa28POINNExhE,Q116609986,Rumahoy,Rumahoy,,,musical group,Scotland,,,,,True,accepted_exact_name,True,True,eligible_group_or_duo,True,False
The Gesualdo Six [2z846SqjChnjieVgTfRq3X],,2z846SqjChnjieVgTfRq3X,The Gesualdo Six,34122,15910,0,2026-07-18T20:45:22.974241+00:00,Spotify web-player queryArtistOverview,undocumented read-only web-client endpoint,2z846SqjChnjieVgTfRq3X,Q24887435,The Gesualdo Six,The Gesualdo Six,,,vocal group,United Kingdom,,,,,True,accepted_exact_name,True,True,eligible_group_or_duo,True,False
James and the Cold Gun [5YFIVhzlaYH9Yadjw9gSUx],,5YFIVhzlaYH9Yadjw9gSUx,James and the Cold Gun,34074,12359,0,2026-07-18T20:45:22.974241+00:00,Spotify web-player queryArtistOverview,undocumented read-only web-client endpoint,5YFIVhzlaYH9Yadjw9gSUx,Q137757793,James and the Cold Gun,James and the Cold Gun,,,musical group,United Kingdom,,,,,True,accepted_exact_name,True,True,eligible_group_or_duo,True,False
Classix Nouveaux [40PsC6cWe7ZQdOUTqF5JgD],,40PsC6cWe7ZQdOUTqF5JgD,Classix Nouveaux,34070,31887,0,2026-07-18T20:45:22.974241+00:00,Spotify web-player queryArtistOverview,undocumented read-only web-client endpoint,40PsC6cWe7ZQdOUTqF5JgD,Q2976627,Classix Nouveaux,Classix Nouveaux,,,musical group,United Kingdom,,,,,True,accepted_exact_name,True,True,eligible_group_or_duo,True,False
Current 93 [7vF3DcPluq6lZI36VniagW],,7vF3DcPluq6lZI36VniagW,Current 93,33791,83424,0,2026-07-18T20:45:22.974241+00:00,Spotify web-player queryArtistOverview,undocumented read-only web-client endpoint,7vF3DcPluq6lZI36VniagW,Q739657,Current 93,Current 93,Q84,London,musical group,United Kingdom,,,,,True,accepted_exact_name,True,True,eligible_group_or_duo,True,False
Q131406600 [48US3n5ecZ1TS4RjzsdWrm],,48US3n5ecZ1TS4RjzsdWrm,Baba Ali,33455,11533,0,2026-07-18T20:45:22.974241+00:00,Spotify web-player queryArtistOverview,undocumented read-only web-client endpoint,48US3n5ecZ1TS4RjzsdWrm,Q131406600,Q131406600,Q131406600,,,musical duo,United Kingdom,,,,,False,rejected_name_mismatch,False,True,eligible_group_or_duo,True,False
Kissing the Pink [5B9MfAU2KZlyvsofev6XXR],,5B9MfAU2KZlyvsofev6XXR,Kissing The Pink,33343,10782,0,2026-07-18T20:45:22.974241+00:00,Spotify web-player queryArtistOverview,undocumented read-only web-client endpoint,5B9MfAU2KZlyvsofev6XXR,Q3197517,Kissing the Pink,Kissing the Pink,,,musical group,United Kingdom,,,,,True,accepted_exact_name,True,True,eligible_group_or_duo,True,False
Low Island [5MCl6mca6ZixPR36dHH9Sd],,5MCl6mca6ZixPR36dHH9Sd,Low Island,31768,21054,0,2026-07-18T20:45:22.974241+00:00,Spotify web-player queryArtistOverview,undocumented read-only web-client endpoint,5MCl6mca6ZixPR36dHH9Sd,Q113878754,Low Island,Low Island,,,musical group,United Kingdom,,,,,True,accepted_exact_name,True,True,eligible_group_or_duo,True,False
Cleopatra [7mu52yh5bBhhJOyVndAEZW],,7mu52yh5bBhhJOyVndAEZW,Cleopatra,31723,33076,0,2026-07-18T20:45:22.974241+00:00,Spotify web-player queryArtistOverview,undocumented read-only web-client endpoint,7mu52yh5bBhhJOyVndAEZW,Q3680523,Cleopatra,Cleopatra,Q18125,Manchester,musical group,United Kingdom,,,,,True,accepted_exact_name,True,True,eligible_group_or_duo,True,False
DearALICE [1pMIULCflTFyzyv5vT1OzU],,1pMIULCflTFyzyv5vT1OzU,dearALICE,31267,28780,0,2026-07-18T20:45:22.974241+00:00,Spotify web-player queryArtistOverview,undocumented read-only web-client endpoint,1pMIULCflTFyzyv5vT1OzU,Q132200349,DearALICE,DearALICE,,,boy band|musical group,United Kingdom,,,,,True,accepted_exact_name,True,True,eligible_group_or_duo,True,False
Witchfinder General [1QqtUGvZnULbTYLj6y69vO],,3tDg9XbUbQS0dbaSnFNvvk,Witchfinder General,31258,64357,0,2026-07-18T20:45:22.974241+00:00,Spotify web-player queryArtistOverview,undocumented read-only web-client endpoint,1QqtUGvZnULbTYLj6y69vO,Q1814408,Witchfinder General,Witchfinder General,Q661707,Stourbridge,musical group,United Kingdom,,,,,True,accepted_exact_name,True,True,eligible_group_or_duo,False,False
Q122765662 [1stGFX6w6VMHQPDPlBqX74],,1stGFX6w6VMHQPDPlBqX74,Sons of Raphael,31229,6089,0,2026-07-18T20:45:22.974241+00:00,Spotify web-player queryArtistOverview,undocumented read-only web-client endpoint,1stGFX6w6VMHQPDPlBqX74,Q122765662,Q122765662,Q122765662,Q84,London,musical group|sibling duo,United Kingdom,,,,,False,rejected_name_mismatch,False,True,eligible_group_or_duo,True,False
The Incredible String Band [0tQzBYPjAardhWpGkqVdNW],,0tQzBYPjAardhWpGkqVdNW,The Incredible String Band,31217,60628,0,2026-07-18T20:45:22.974241+00:00,Spotify web-player queryArtistOverview,undocumented read-only web-client endpoint,0tQzBYPjAardhWpGkqVdNW,Q1500510,The Incredible String Band,The Incredible String Band,Q23436,Edinburgh,musical group,United Kingdom,,,,,True,accepted_exact_name,True,True,eligible_group_or_duo,True,False
Vessels [6Y1nACvxtuuTjKx2b4Rwmb],,6Y1nACvxtuuTjKx2b4Rwmb,Vessels,31211,35493,0,2026-07-18T20:45:22.974241+00:00,Spotify web-player queryArtistOverview,undocumented read-only web-client endpoint,6Y1nACvxtuuTjKx2b4Rwmb,Q7923356,Vessels,Vessels,Q39121,Leeds,musical group,United Kingdom,,,,,True,accepted_exact_name,True,True,eligible_group_or_duo,True,False
Peter Green Splinter Group [77aUDqXRIvkDNxARfYwoHC],,77aUDqXRIvkDNxARfYwoHC,Peter Green Splinter Group,31080,41317,0,2026-07-18T20:45:22.974241+00:00,Spotify web-player queryArtistOverview,undocumented read-only web-client endpoint,77aUDqXRIvkDNxARfYwoHC,Q7174364,Peter Green Splinter Group,Peter Green Splinter Group,,,rock band,United Kingdom,,,,,True,accepted_exact_name,True,True,eligible_group_or_duo,True,False
The Field Mice [3KH6DLHeoFZgVbtKiLXb6L],,3KH6DLHeoFZgVbtKiLXb6L,The Field Mice,31075,29459,0,2026-07-18T20:45:22.974241+00:00,Spotify web-player queryArtistOverview,undocumented read-only web-client endpoint,3KH6DLHeoFZgVbtKiLXb6L,Q7733724,The Field Mice,The Field Mice,Q84,London,musical group,United Kingdom,,,,,True,accepted_exact_name,True,True,eligible_group_or_duo,True,False
Rudimentary Peni [6NCFDKbtkbJhgjQcFicLBi],,6NCFDKbtkbJhgjQcFicLBi,Rudimentary Peni,31002,42267,0,2026-07-18T20:45:22.974241+00:00,Spotify web-player queryArtistOverview,undocumented read-only web-client endpoint,6NCFDKbtkbJhgjQcFicLBi,Q2719617,Rudimentary Peni,Rudimentary Peni,Q84,London,musical group,United Kingdom,,,,,True,accepted_exact_name,True,True,eligible_group_or_duo,True,False
Skarlett Riot [6IN0ZavFCDhKZ2N3NT7E3z],,6IN0ZavFCDhKZ2N3NT7E3z,Skarlett Riot,30983,41251,0,2026-07-18T20:45:22.974241+00:00,Spotify web-player queryArtistOverview,undocumented read-only web-client endpoint,6IN0ZavFCDhKZ2N3NT7E3z,Q30116699,Skarlett Riot,Skarlett Riot,Q913386,Scunthorpe,musical group,United Kingdom,,,,,True,accepted_exact_name,True,True,eligible_group_or_duo,True,False
Spinal Tap [65X3sG8LVBQN5033RqB6qn],,65X3sG8LVBQN5033RqB6qn,Spinal Tap,30887,59910,0,2026-07-18T20:45:22.974241+00:00,Spotify web-player queryArtistOverview,undocumented read-only web-client endpoint,65X3sG8LVBQN5033RqB6qn,Q741661,Spinal Tap,Spinal Tap,Q145|Q30,United Kingdom|United States,fictional musical ensemble|rock band,United Kingdom,,,,,True,accepted_exact_name,True,True,eligible_group_or_duo,True,False
Bonzo Dog Doo-Dah Band [6Q7D1oEccgTc8MAYdMgtIx],,6Q7D1oEccgTc8MAYdMgtIx,The Bonzo Dog Band,30851,26310,0,2026-07-18T20:45:22.974241+00:00,Spotify web-player queryArtistOverview,undocumented read-only web-client endpoint,6Q7D1oEccgTc8MAYdMgtIx,Q205356,Bonzo Dog Doo-Dah Band,Bonzo Dog Doo-Dah Band,Q84,London,musical group,United Kingdom,,,,,False,rejected_name_mismatch,False,True,eligible_group_or_duo,True,False
Tigertailz [1xo5zONg7VWkVmR0I0YO4d],,1xo5zONg7VWkVmR0I0YO4d,Tigertailz,30839,28199,0,2026-07-18T20:45:22.974241+00:00,Spotify web-player queryArtistOverview,undocumented read-only web-client endpoint,1xo5zONg7VWkVmR0I0YO4d,Q2712179,Tigertailz,Tigertailz,Q10690,Cardiff,musical group,Wales,,,,,True,accepted_exact_name,True,True,eligible_group_or_duo,True,False
Q3989799 [1luY92PbdGWRyBRY1ZR7o1],,1luY92PbdGWRyBRY1ZR7o1,The Unthanks,30493,50728,0,2026-07-18T20:45:22.974241+00:00,Spotify web-player queryArtistOverview,undocumented read-only web-client endpoint,1luY92PbdGWRyBRY1ZR7o1,Q3989799,Q3989799,Q3989799,Q145,United Kingdom,musical group,United Kingdom,,,,,False,rejected_name_mismatch,False,True,eligible_group_or_duo,True,False
Ozric Tentacles [0Iv00ucAIqr5KVS7bXGFa9],,0Iv00ucAIqr5KVS7bXGFa9,Ozric Tentacles,30429,97411,0,2026-07-18T20:45:22.974241+00:00,Spotify web-player queryArtistOverview,undocumented read-only web-client endpoint,0Iv00ucAIqr5KVS7bXGFa9,Q1550383,Ozric Tentacles,Ozric Tentacles,Q23157,Somerset,rock band,England,,,,,True,accepted_exact_name,True,True,eligible_group_or_duo,True,False
The Tiger Lillies [72o2T9aqYR2PFNYpzYrMmw],,72o2T9aqYR2PFNYpzYrMmw,The Tiger Lillies,30200,68137,0,2026-07-18T20:45:22.974241+00:00,Spotify web-player queryArtistOverview,undocumented read-only web-client endpoint,72o2T9aqYR2PFNYpzYrMmw,Q724783,The Tiger Lillies,The Tiger Lillies,Q84,London,musical group,United Kingdom,,,,,True,accepted_exact_name,True,True,eligible_group_or_duo,True,False
The Auteurs [5EtBXjUUyPJmiljpRdN6RJ],,5EtBXjUUyPJmiljpRdN6RJ,The Auteurs,30197,22347,0,2026-07-18T20:45:22.974241+00:00,Spotify web-player queryArtistOverview,undocumented read-only web-client endpoint,5EtBXjUUyPJmiljpRdN6RJ,Q144942,The Auteurs,The Auteurs,,,musical group,United Kingdom,,,,,True,accepted_exact_name,True,True,eligible_group_or_duo,True,False
FM [3BxngwxP94n0itZ8q1hwf9],,3BxngwxP94n0itZ8q1hwf9,FM,30171,29860,0,2026-07-18T20:45:22.974241+00:00,Spotify web-player queryArtistOverview,undocumented read-only web-client endpoint,3BxngwxP94n0itZ8q1hwf9,Q3737249,FM,FM,Q84,London,musical group,United Kingdom,,,,,True,accepted_exact_name,True,True,eligible_group_or_duo,True,False
Gallagher and Lyle [2Kq6loh0WNVAGEHlDxxprf],,2Kq6loh0WNVAGEHlDxxprf,Gallagher And Lyle,30115,11245,0,2026-07-18T20:45:22.974241+00:00,Spotify web-player queryArtistOverview,undocumented read-only web-client endpoint,2Kq6loh0WNVAGEHlDxxprf,Q505149,Gallagher and Lyle,Gallagher and Lyle,,,male duo|musical duo,Scotland,,,,,True,accepted_exact_name,True,True,eligible_group_or_duo,True,False
Futurecop! [10yA9Y6h5wbDaX5XuZuA9X],,10yA9Y6h5wbDaX5XuZuA9X,Futurecop!,30022,37012,0,2026-07-18T20:45:22.974241+00:00,Spotify web-player queryArtistOverview,undocumented read-only web-client endpoint,10yA9Y6h5wbDaX5XuZuA9X,Q5510868,Futurecop!,Futurecop!,,,musical group,United Kingdom,,,,,True,accepted_exact_name,True,True,eligible_group_or_duo,True,False
Treetop Flyers [6Um25UMHv0fzcEHYGQJPXv],,6Um25UMHv0fzcEHYGQJPXv,Treetop Flyers,29843,9167,0,2026-07-18T20:45:22.974241+00:00,Spotify web-player queryArtistOverview,undocumented read-only web-client endpoint,6Um25UMHv0fzcEHYGQJPXv,Q7837745,Treetop Flyers,Treetop Flyers,Q84,London,musical group,United Kingdom,,,,,True,accepted_exact_name,True,True,eligible_group_or_duo,True,False
Kenny Ball and his Jazzmen [1gv1pJZUv6mZIaYRezXE3C],,1gv1pJZUv6mZIaYRezXE3C,Kenny Ball & His Jazzmen,29795,4422,0,2026-07-18T20:45:22.974241+00:00,Spotify web-player queryArtistOverview,undocumented read-only web-client endpoint,1gv1pJZUv6mZIaYRezXE3C,Q89671336,Kenny Ball and his Jazzmen,Kenny Ball and his Jazzmen,,,musical group,United Kingdom,,,,,False,rejected_name_mismatch,False,True,eligible_group_or_duo,True,False
Brother Beyond [6To7KuC86pBGCtkRUiq80O],,6To7KuC86pBGCtkRUiq80O,Brother Beyond,29759,27195,0,2026-07-18T20:45:22.974241+00:00,Spotify web-player queryArtistOverview,undocumented read-only web-client endpoint,6To7KuC86pBGCtkRUiq80O,Q1144085,Brother Beyond,Brother Beyond,,,musical group,United Kingdom,,,,,True,accepted_exact_name,True,True,eligible_group_or_duo,True,False
As Lions [30Ns8wCbxSPz2L1tnSypTG],,30Ns8wCbxSPz2L1tnSypTG,As Lions,29728,23599,0,2026-07-18T20:45:22.974241+00:00,Spotify web-player queryArtistOverview,undocumented read-only web-client endpoint,30Ns8wCbxSPz2L1tnSypTG,Q29784258,As Lions,As Lions,,,musical group,United Kingdom,,,,,True,accepted_exact_name,True,True,eligible_group_or_duo,True,False
Greyhound [24m8te3cM8e8cSABOrakXG],,24m8te3cM8e8cSABOrakXG,Greyhound,29347,2241,0,2026-07-18T20:45:22.974241+00:00,Spotify web-player queryArtistOverview,undocumented read-only web-client endpoint,24m8te3cM8e8cSABOrakXG,Q1288372,Greyhound,Greyhound,,,musical group,United Kingdom,,,,,True,accepted_exact_name,True,True,eligible_group_or_duo,True,False
Demented Are Go [7fvToIpjDfwtLhAoZdVF5W],,7fvToIpjDfwtLhAoZdVF5W,Demented Are Go,29315,57898,0,2026-07-18T20:45:22.974241+00:00,Spotify web-player queryArtistOverview,undocumented read-only web-client endpoint,7fvToIpjDfwtLhAoZdVF5W,Q494215,Demented Are Go,Demented Are Go,Q10690,Cardiff,musical group,United Kingdom,,,,,True,accepted_exact_name,True,True,eligible_group_or_duo,True,False
Q136682676 [2LikjKVyI5gqANlB9S7DNW],,2LikjKVyI5gqANlB9S7DNW,Ebbb,29218,4352,0,2026-07-18T20:45:22.974241+00:00,Spotify web-player queryArtistOverview,undocumented read-only web-client endpoint,2LikjKVyI5gqANlB9S7DNW,Q136682676,Q136682676,Q136682676,,,musical group,United Kingdom,,,,,False,rejected_name_mismatch,False,True,eligible_group_or_duo,True,False
Tokyo Blade [6F9tjDKhGtXlm9M4s30KD5],,6F9tjDKhGtXlm9M4s30KD5,Tokyo Blade,29143,51726,0,2026-07-18T20:45:22.974241+00:00,Spotify web-player queryArtistOverview,undocumented read-only web-client endpoint,6F9tjDKhGtXlm9M4s30KD5,Q2294469,Tokyo Blade,Tokyo Blade,Q160642,Salisbury,musical group,United Kingdom,,,,,True,accepted_exact_name,True,True,eligible_group_or_duo,True,False
Snuff [39Yw8FPJXDJyf5L4vK7TD3],,39Yw8FPJXDJyf5L4vK7TD3,Snuff,29124,31826,0,2026-07-18T20:45:22.974241+00:00,Spotify web-player queryArtistOverview,undocumented read-only web-client endpoint,39Yw8FPJXDJyf5L4vK7TD3,Q1418489,Snuff,Snuff,Q149787,Hendon,musical group,United Kingdom,,,,,True,accepted_exact_name,True,True,eligible_group_or_duo,True,False
Freaks [53L5KERK0sEsE16Hkg9Z28],,53L5KERK0sEsE16Hkg9Z28,Freaks,29115,4296,0,2026-07-18T20:45:22.974241+00:00,Spotify web-player queryArtistOverview,undocumented read-only web-client endpoint,53L5KERK0sEsE16Hkg9Z28,Q5494265,Freaks,Freaks,,,musical group,United Kingdom,,,,,True,accepted_exact_name,True,True,eligible_group_or_duo,True,False
The High Numbers [23v7cVwWDv8VhPWTAePufN],,23v7cVwWDv8VhPWTAePufN,The High Numbers,29092,6697,0,2026-07-18T20:45:22.974241+00:00,Spotify web-player queryArtistOverview,undocumented read-only web-client endpoint,23v7cVwWDv8VhPWTAePufN,Q68981254,The High Numbers,The High Numbers,,,rock band,United Kingdom,,,,,True,accepted_exact_name,True,True,eligible_group_or_duo,True,False
Love Sculpture [4D1hYdWKVKyQQQNxNHlYtq],,4D1hYdWKVKyQQQNxNHlYtq,Love Sculpture,29038,8138,0,2026-07-18T20:45:22.974241+00:00,Spotify web-player queryArtistOverview,undocumented read-only web-client endpoint,4D1hYdWKVKyQQQNxNHlYtq,Q432233,Love Sculpture,Love Sculpture,,,musical group,United Kingdom,,,,,True,accepted_exact_name,True,True,eligible_group_or_duo,True,False
Freur [6MrHEQVD40SO8XWTBNELkl],,6MrHEQVD40SO8XWTBNELkl,Freur,28911,7682,0,2026-07-18T20:45:22.974241+00:00,Spotify web-player queryArtistOverview,undocumented read-only web-client endpoint,6MrHEQVD40SO8XWTBNELkl,Q1984800,Freur,Freur,,,musical group,United Kingdom,,,,,True,accepted_exact_name,True,True,eligible_group_or_duo,True,False
Xentrix [5lYOBorQmZgCCPxJYCjSmO],,5lYOBorQmZgCCPxJYCjSmO,Xentrix,28811,43772,0,2026-07-18T20:45:22.974241+00:00,Spotify web-player queryArtistOverview,undocumented read-only web-client endpoint,5lYOBorQmZgCCPxJYCjSmO,Q278428,Xentrix,Xentrix,Q184090,Preston,musical group,United Kingdom,,,,,True,accepted_exact_name,True,True,eligible_group_or_duo,True,False
False Heads [2tZaXwpCHEhoVEBQuRI4vu],,2tZaXwpCHEhoVEBQuRI4vu,False Heads,28786,39797,0,2026-07-18T20:45:22.974241+00:00,Spotify web-player queryArtistOverview,undocumented read-only web-client endpoint,2tZaXwpCHEhoVEBQuRI4vu,Q48814836,False Heads,False Heads,,,rock band,United Kingdom,,,,,True,accepted_exact_name,True,True,eligible_group_or_duo,True,False
Wishful Thinking [5zygW1RJOV0Wji8CcxD5eN],,5zygW1RJOV0Wji8CcxD5eN,Wishful Thinking,28744,2181,0,2026-07-18T20:45:22.974241+00:00,Spotify web-player queryArtistOverview,undocumented read-only web-client endpoint,5zygW1RJOV0Wji8CcxD5eN,Q65118209,Wishful Thinking,Wishful Thinking,,,musical group,United Kingdom,,,,,True,accepted_exact_name,True,True,eligible_group_or_duo,True,False
Au Pairs [5nGQE2ehuRkkK1iNUQQthd],,5nGQE2ehuRkkK1iNUQQthd,Au Pairs,28536,40413,0,2026-07-18T20:45:22.974241+00:00,Spotify web-player queryArtistOverview,undocumented read-only web-client endpoint,5nGQE2ehuRkkK1iNUQQthd,Q758380,Au Pairs,Au Pairs,Q2256,Birmingham,musical group,United Kingdom,,,,,True,accepted_exact_name,True,True,eligible_group_or_duo,True,False
Ciel [419lBVMZC4wFzJg8evBZ4g],,419lBVMZC4wFzJg8evBZ4g,CIEL,28366,8575,0,2026-07-18T20:45:22.974241+00:00,Spotify web-player queryArtistOverview,undocumented read-only web-client endpoint,419lBVMZC4wFzJg8evBZ4g,Q112031859,Ciel,Ciel,,,musical group,United Kingdom,,,,,True,accepted_exact_name,True,True,eligible_group_or_duo,True,False
Edgar Broughton Band [3vq20FWRCImmgoatehNMmg],,3vq20FWRCImmgoatehNMmg,Edgar Broughton Band,27912,21814,0,2026-07-18T20:45:22.974241+00:00,Spotify web-player queryArtistOverview,undocumented read-only web-client endpoint,3vq20FWRCImmgoatehNMmg,Q1639834,Edgar Broughton Band,Edgar Broughton Band,Q549761,Warwick,musical group,United Kingdom,,,,,True,accepted_exact_name,True,True,eligible_group_or_duo,True,False
The Daydream Club [3U6eCXHFS6wQVuFuqeW09m],,3U6eCXHFS6wQVuFuqeW09m,The Daydream Club,27883,10498,0,2026-07-18T20:45:22.974241+00:00,Spotify web-player queryArtistOverview,undocumented read-only web-client endpoint,3U6eCXHFS6wQVuFuqeW09m,Q2410735,The Daydream Club,The Daydream Club,Q23106,Leicestershire,musical group,United Kingdom,,,,,True,accepted_exact_name,True,True,eligible_group_or_duo,True,False
Fanfarlo [2Ag3w3cSdRHgzPNi60WABE],,2Ag3w3cSdRHgzPNi60WABE,Fanfarlo,27870,42762,0,2026-07-18T20:45:22.974241+00:00,Spotify web-player queryArtistOverview,undocumented read-only web-client endpoint,2Ag3w3cSdRHgzPNi60WABE,Q2624757,Fanfarlo,Fanfarlo,Q84,London,musical group,United Kingdom,,,,,True,accepted_exact_name,True,True,eligible_group_or_duo,True,False
Sun's Signature [112n8pqLHAybFBHk2nB9yp],,112n8pqLHAybFBHk2nB9yp,Sun's Signature,27652,23696,0,2026-07-18T20:45:22.974241+00:00,Spotify web-player queryArtistOverview,undocumented read-only web-client endpoint,112n8pqLHAybFBHk2nB9yp,Q124963818,Sun's Signature,Sun's Signature,,,musical group,United Kingdom,,,,,True,accepted_exact_name,True,True,eligible_group_or_duo,True,False
Amazulu [2hGy0cp0xoWYWTjz6In3cg],,2hGy0cp0xoWYWTjz6In3cg,Amazulu,27611,8468,0,2026-07-18T20:45:22.974241+00:00,Spotify web-player queryArtistOverview,undocumented read-only web-client endpoint,2hGy0cp0xoWYWTjz6In3cg,Q456540,Amazulu,Amazulu,,,musical group,United Kingdom,,,,,True,accepted_exact_name,True,True,eligible_group_or_duo,True,False
Zion Train [6sDKfmMPaTI7MYeFoNFrg7],,6sDKfmMPaTI7MYeFoNFrg7,Zion Train,27563,26857,0,2026-07-18T20:45:22.974241+00:00,Spotify web-player queryArtistOverview,undocumented read-only web-client endpoint,6sDKfmMPaTI7MYeFoNFrg7,Q2393241,Zion Train,Zion Train,,,musical group,United Kingdom,,,,,True,accepted_exact_name,True,True,eligible_group_or_duo,True,False
Another Sunny Day [6EGQKKjGZOxDJ1iy7Pw25M],,6EGQKKjGZOxDJ1iy7Pw25M,Another Sunny Day,27420,24920,0,2026-07-18T20:45:22.974241+00:00,Spotify web-player queryArtistOverview,undocumented read-only web-client endpoint,6EGQKKjGZOxDJ1iy7Pw25M,Q536403,Another Sunny Day,Another Sunny Day,,,musical group,United Kingdom,,,,,True,accepted_exact_name,True,True,eligible_group_or_duo,True,False
The Duke Spirit [5lModM3s3qlPQKYjtwWuXD],,5lModM3s3qlPQKYjtwWuXD,The Duke Spirit,27367,28248,0,2026-07-18T20:45:22.974241+00:00,Spotify web-player queryArtistOverview,undocumented read-only web-client endpoint,5lModM3s3qlPQKYjtwWuXD,Q4992445,The Duke Spirit,The Duke Spirit,Q84,London,musical group,United Kingdom,,,,,True,accepted_exact_name,True,True,eligible_group_or_duo,True,False
O. Children [7J7hOGRAdXQdhMXeqf020e],,7J7hOGRAdXQdhMXeqf020e,O. Children,27293,30220,0,2026-07-18T20:45:22.974241+00:00,Spotify web-player queryArtistOverview,undocumented read-only web-client endpoint,7J7hOGRAdXQdhMXeqf020e,Q3347461,O. Children,O. Children,Q84,London,musical group,United Kingdom,,,,,True,accepted_exact_name,True,True,eligible_group_or_duo,True,False
Oceansize [0Opj9xi9HHrH0L9uHAKnKm],,0Opj9xi9HHrH0L9uHAKnKm,Oceansize,27190,50162,0,2026-07-18T20:45:22.974241+00:00,Spotify web-player queryArtistOverview,undocumented read-only web-client endpoint,0Opj9xi9HHrH0L9uHAKnKm,Q1753688,Oceansize,Oceansize,Q18125,Manchester,musical group,United Kingdom,,,,,True,accepted_exact_name,True,True,eligible_group_or_duo,True,False
Close Lobsters [6v8lYzIVcmeuPkoobFl7Dx],,6v8lYzIVcmeuPkoobFl7Dx,Close Lobsters,27169,13959,0,2026-07-18T20:45:22.974241+00:00,Spotify web-player queryArtistOverview,undocumented read-only web-client endpoint,6v8lYzIVcmeuPkoobFl7Dx,Q2979635,Close Lobsters,Close Lobsters,Q211870,Paisley,musical group,United Kingdom,,,,,True,accepted_exact_name,True,True,eligible_group_or_duo,True,False
The Delgados [4wavWMHhIiUXxwCuWsHzXo],,4wavWMHhIiUXxwCuWsHzXo,The Delgados,26800,25240,0,2026-07-18T20:45:22.974241+00:00,Spotify web-player queryArtistOverview,undocumented read-only web-client endpoint,4wavWMHhIiUXxwCuWsHzXo,Q1888034,The Delgados,The Delgados,Q737547,Motherwell,musical group,United Kingdom,,,,,True,accepted_exact_name,True,True,eligible_group_or_duo,True,False
Hacktivist [3hZtRePYRKW6wLtZ3gpnk7],,3hZtRePYRKW6wLtZ3gpnk7,Hacktivist,26779,62883,0,2026-07-18T20:45:22.974241+00:00,Spotify web-player queryArtistOverview,undocumented read-only web-client endpoint,3hZtRePYRKW6wLtZ3gpnk7,Q14936549,Hacktivist,Hacktivist,Q204234,Milton Keynes,musical group,United Kingdom,,,,,True,accepted_exact_name,True,True,eligible_group_or_duo,True,False
The Wytches [46cDW79OcUXlCbYPj7Ds5L],,46cDW79OcUXlCbYPj7Ds5L,The Wytches,26774,52002,0,2026-07-18T20:45:22.974241+00:00,Spotify web-player queryArtistOverview,undocumented read-only web-client endpoint,46cDW79OcUXlCbYPj7Ds5L,Q17031558,The Wytches,The Wytches,Q172438,Peterborough,musical group,United Kingdom,,,,,True,accepted_exact_name,True,True,eligible_group_or_duo,True,False
Rialto [3JEZFF5iZhEtpeTTGSzWid],,3JEZFF5iZhEtpeTTGSzWid,Rialto,26706,13130,0,2026-07-18T20:45:22.974241+00:00,Spotify web-player queryArtistOverview,undocumented read-only web-client endpoint,3JEZFF5iZhEtpeTTGSzWid,Q902179,Rialto,Rialto,Q84,London,musical group,United Kingdom,,,,,True,accepted_exact_name,True,True,eligible_group_or_duo,True,False
Church of the Cosmic Skull [3KY6i8EJac9URU9OeC1n89],,3KY6i8EJac9URU9OeC1n89,Church of the Cosmic Skull,26393,50841,0,2026-07-18T20:45:22.974241+00:00,Spotify web-player queryArtistOverview,undocumented read-only web-client endpoint,3KY6i8EJac9URU9OeC1n89,Q80445101,Church of the Cosmic Skull,Church of the Cosmic Skull,Q41262,Nottingham,musical group,United Kingdom,,,,,True,accepted_exact_name,True,True,eligible_group_or_duo,True,False
Inglorious [5BxR80mpdn8MmHgzKVtiP7],,5BxR80mpdn8MmHgzKVtiP7,Inglorious,26228,39573,0,2026-07-18T20:45:22.974241+00:00,Spotify web-player queryArtistOverview,undocumented read-only web-client endpoint,5BxR80mpdn8MmHgzKVtiP7,Q22942474,Inglorious,Inglorious,,,rock band,United Kingdom,,,,,True,accepted_exact_name,True,True,eligible_group_or_duo,True,False
Black Foxxes [0rkzatSSd1Dh41phOf4qFT],,0rkzatSSd1Dh41phOf4qFT,Black Foxxes,26219,30813,0,2026-07-18T20:45:22.974241+00:00,Spotify web-player queryArtistOverview,undocumented read-only web-client endpoint,0rkzatSSd1Dh41phOf4qFT,Q51132163,Black Foxxes,Black Foxxes,Q134672,Exeter,musical group,England,,,,,True,accepted_exact_name,True,True,eligible_group_or_duo,True,False
Robyn Hitchcock and the Egyptians [3B1VQErUlM3ZZ6d1EwYd2K],,3B1VQErUlM3ZZ6d1EwYd2K,Robyn Hitchcock & The Egyptians,26190,14735,0,2026-07-18T20:45:22.974241+00:00,Spotify web-player queryArtistOverview,undocumented read-only web-client endpoint,3B1VQErUlM3ZZ6d1EwYd2K,Q7353599,Robyn Hitchcock and the Egyptians,Robyn Hitchcock and the Egyptians,,,rock band,United Kingdom,,,,,False,rejected_name_mismatch,False,True,eligible_group_or_duo,True,False
Piano Magic [6sIZakv0uaA3qQmOOPTOQt],,6sIZakv0uaA3qQmOOPTOQt,Piano Magic,26180,19454,0,2026-07-18T20:45:22.974241+00:00,Spotify web-player queryArtistOverview,undocumented read-only web-client endpoint,6sIZakv0uaA3qQmOOPTOQt,Q576191,Piano Magic,Piano Magic,Q84,London,musical group,United Kingdom,,,,,True,accepted_exact_name,True,True,eligible_group_or_duo,True,False
FFS [0OnPrsDBROxkpC3qbFnL6L],,0OnPrsDBROxkpC3qbFnL6L,FFS,26159,27271,0,2026-07-18T20:45:22.974241+00:00,Spotify web-player queryArtistOverview,undocumented read-only web-client endpoint,0OnPrsDBROxkpC3qbFnL6L,Q20012196,FFS,FFS,Q4093,Glasgow,musical group,Scotland,,,,,True,accepted_exact_name,True,True,eligible_group_or_duo,True,False
Northside [2gv2g5svhtzsUQhtNZW7Xr],,2gv2g5svhtzsUQhtNZW7Xr,Northside,26106,20344,0,2026-07-18T20:45:22.974241+00:00,Spotify web-player queryArtistOverview,undocumented read-only web-client endpoint,2gv2g5svhtzsUQhtNZW7Xr,Q485167,Northside,Northside,Q18125,Manchester,musical group,England,,,,,True,accepted_exact_name,True,True,eligible_group_or_duo,True,False
The Smoke [5ZAJk1ODdFHQo9yG0lDV18],,5ZAJk1ODdFHQo9yG0lDV18,The Smoke,25953,22589,0,2026-07-18T20:45:22.974241+00:00,Spotify web-player queryArtistOverview,undocumented read-only web-client endpoint,5ZAJk1ODdFHQo9yG0lDV18,Q1331669,The Smoke,The Smoke,Q42462,York,musical group,United Kingdom,,,,,True,accepted_exact_name,True,True,eligible_group_or_duo,True,False
Vega4 [3hVwMqPRoC3FFARz2wxwtP],,3hVwMqPRoC3FFARz2wxwtP,Vega4,25937,6873,0,2026-07-18T20:45:22.974241+00:00,Spotify web-player queryArtistOverview,undocumented read-only web-client endpoint,3hVwMqPRoC3FFARz2wxwtP,Q3555208,Vega4,Vega4,Q84,London,musical ensemble,United Kingdom,,,,,True,accepted_exact_name,True,True,eligible_group_or_duo,True,False
Sterling Press [70yWi0xCAXMiqOTeQVdED2],,70yWi0xCAXMiqOTeQVdED2,Sterling Press,25920,5262,0,2026-07-18T20:45:22.974241+00:00,Spotify web-player queryArtistOverview,undocumented read-only web-client endpoint,70yWi0xCAXMiqOTeQVdED2,Q106517786,Sterling Press,Sterling Press,,,musical group|rock band,United Kingdom,,,,,True,accepted_exact_name,True,True,eligible_group_or_duo,True,False
ELO Part II [1l76Dze67c0pEL9yv8iNYP],,1l76Dze67c0pEL9yv8iNYP,ELO Part II,25628,10757,0,2026-07-18T20:45:22.974241+00:00,Spotify web-player queryArtistOverview,undocumented read-only web-client endpoint,1l76Dze67c0pEL9yv8iNYP,Q641528,ELO Part II,ELO Part II,,,musical group,United Kingdom,,,,,True,accepted_exact_name,True,True,eligible_group_or_duo,True,False
The Wildhearts [6bz0ztmnpeofmoFksV3DqL],,6bz0ztmnpeofmoFksV3DqL,The Wildhearts,25540,40815,0,2026-07-18T20:45:22.974241+00:00,Spotify web-player queryArtistOverview,undocumented read-only web-client endpoint,6bz0ztmnpeofmoFksV3DqL,Q4347440,The Wildhearts,The Wildhearts,Q1425428,Newcastle upon Tyne,musical ensemble|rock band,United Kingdom,,,,,True,accepted_exact_name,True,True,eligible_group_or_duo,True,False
The Nashville Teens [5ZMLeokWf9ZKDStGUhokji],,5ZMLeokWf9ZKDStGUhokji,The Nashville Teens,25510,9467,0,2026-07-18T20:45:22.974241+00:00,Spotify web-player queryArtistOverview,undocumented read-only web-client endpoint,5ZMLeokWf9ZKDStGUhokji,Q1972052,The Nashville Teens,The Nashville Teens,Q1754096,Weybridge,musical group,United Kingdom,,,,,True,accepted_exact_name,True,True,eligible_group_or_duo,True,False
Strangeways [3qjKWZHKWDnqD12VudjEpS],,3qjKWZHKWDnqD12VudjEpS,Strangeways,25367,19256,0,2026-07-18T20:45:22.974241+00:00,Spotify web-player queryArtistOverview,undocumented read-only web-client endpoint,3qjKWZHKWDnqD12VudjEpS,Q3975833,Strangeways,Strangeways,,,musical group,United Kingdom,,,,,True,accepted_exact_name,True,True,eligible_group_or_duo,True,False
Carmel [3uDjQUKw2WHSYtZcz2xjDo],,3uDjQUKw2WHSYtZcz2xjDo,Carmel,25144,7777,0,2026-07-18T20:45:22.974241+00:00,Spotify web-player queryArtistOverview,undocumented read-only web-client endpoint,3uDjQUKw2WHSYtZcz2xjDo,Q56661194,Carmel,Carmel,,,musical group,United Kingdom,,,,,True,accepted_exact_name,True,True,eligible_group_or_duo,True,False
Blanck Mass [73LvjicByRK5LazcQYZMAY],,73LvjicByRK5LazcQYZMAY,Blanck Mass,25073,49935,0,2026-07-18T20:45:22.974241+00:00,Spotify web-player queryArtistOverview,undocumented read-only web-client endpoint,73LvjicByRK5LazcQYZMAY,Q4924928,Blanck Mass,Blanck Mass,Q1646181,Worcester,side project,United Kingdom,,,,,True,accepted_exact_name,True,True,eligible_group_or_duo,True,False
Spring King [5kkANnP50OoBkxc8JRuTsA],,5kkANnP50OoBkxc8JRuTsA,Spring King,25066,32621,0,2026-07-18T20:45:22.974241+00:00,Spotify web-player queryArtistOverview,undocumented read-only web-client endpoint,5kkANnP50OoBkxc8JRuTsA,Q24060253,Spring King,Spring King,,,rock band,United Kingdom,,,,,True,accepted_exact_name,True,True,eligible_group_or_duo,True,False
Shack [3pUiNPLwDNM46B8BdRspFW],,3pUiNPLwDNM46B8BdRspFW,Shack,24970,15090,0,2026-07-18T20:45:22.974241+00:00,Spotify web-player queryArtistOverview,undocumented read-only web-client endpoint,3pUiNPLwDNM46B8BdRspFW,Q7460157,Shack,Shack,Q24826,Liverpool,musical group,United Kingdom,,,,,True,accepted_exact_name,True,True,eligible_group_or_duo,True,False
The Kane Gang [1S2wZg1HsTZaHGX5Xgw4tL],,1S2wZg1HsTZaHGX5Xgw4tL,The Kane Gang,24887,7090,0,2026-07-18T20:45:22.974241+00:00,Spotify web-player queryArtistOverview,undocumented read-only web-client endpoint,1S2wZg1HsTZaHGX5Xgw4tL,Q6361810,The Kane Gang,The Kane Gang,Q47983,North East England,musical group,United Kingdom,,,,,True,accepted_exact_name,True,True,eligible_group_or_duo,True,False
Mark-Almond [2maMYZSaIPKyRRq5nXuXCN],,2maMYZSaIPKyRRq5nXuXCN,Mark-Almond,24865,4532,0,2026-07-18T20:45:22.974241+00:00,Spotify web-player queryArtistOverview,undocumented read-only web-client endpoint,2maMYZSaIPKyRRq5nXuXCN,Q11861135,Mark-Almond,Mark-Almond,Q21,England,musical group,United Kingdom,,,,,True,accepted_exact_name,True,True,eligible_group_or_duo,True,False
Anderson Bruford Wakeman Howe [2XTWgA3XVWe1N4qWBTNQei],,2XTWgA3XVWe1N4qWBTNQei,Anderson Bruford Wakeman Howe,24803,69958,0,2026-07-18T20:45:22.974241+00:00,Spotify web-player queryArtistOverview,undocumented read-only web-client endpoint,2XTWgA3XVWe1N4qWBTNQei,Q491405,Anderson Bruford Wakeman Howe,Anderson Bruford Wakeman Howe,Q84,London,rock band,United Kingdom,,,,,True,accepted_exact_name,True,True,eligible_group_or_duo,True,False
The Dooleys [3Adi1LRu28jpZe7c3cvHEj],,3Adi1LRu28jpZe7c3cvHEj,The Dooleys,24735,11611,0,2026-07-18T20:45:22.974241+00:00,Spotify web-player queryArtistOverview,undocumented read-only web-client endpoint,3Adi1LRu28jpZe7c3cvHEj,Q841993,The Dooleys,The Dooleys,,,musical group,United Kingdom,,,,,True,accepted_exact_name,True,True,eligible_group_or_duo,True,False
Sam Gopal [46nu2iLQMIx9NS0AocLHj7],,46nu2iLQMIx9NS0AocLHj7,Sam Gopal,24655,10649,0,2026-07-18T20:45:22.974241+00:00,Spotify web-player queryArtistOverview,undocumented read-only web-client endpoint,46nu2iLQMIx9NS0AocLHj7,Q1103318,Sam Gopal,Sam Gopal,,,musical group,United Kingdom,,,,,True,accepted_exact_name,True,True,eligible_group_or_duo,True,False
Q131406954 [7L0uKOuMgMCLXHW9RnyB8n],,7L0uKOuMgMCLXHW9RnyB8n,Home Counties,24600,12522,0,2026-07-18T20:45:22.974241+00:00,Spotify web-player queryArtistOverview,undocumented read-only web-client endpoint,7L0uKOuMgMCLXHW9RnyB8n,Q131406954,Q131406954,Q131406954,,,musical duo,United Kingdom,,,,,False,rejected_name_mismatch,False,True,eligible_group_or_duo,True,False
The Dirty Youth [3DNT41sscTpr7IBwq79Uw8],,3DNT41sscTpr7IBwq79Uw8,The Dirty Youth,24499,34954,0,2026-07-18T20:45:22.974241+00:00,Spotify web-player queryArtistOverview,undocumented read-only web-client endpoint,3DNT41sscTpr7IBwq79Uw8,Q17151375,The Dirty Youth,The Dirty Youth,Q1286223,South Wales,musical group,United Kingdom,,,,,True,accepted_exact_name,True,True,eligible_group_or_duo,True,False
The Gulls [2n0FlGHc3OxI0x2WI39BEc],,2n0FlGHc3OxI0x2WI39BEc,The Gulls,24472,10256,0,2026-07-18T20:45:22.974241+00:00,Spotify web-player queryArtistOverview,undocumented read-only web-client endpoint,2n0FlGHc3OxI0x2WI39BEc,Q136130501,The Gulls,The Gulls,Q202088,London Borough of Camden,musical group,United Kingdom,,,,,True,accepted_exact_name,True,True,eligible_group_or_duo,True,False
Digitonal [5IRw6qWz0NFImXO3hNOyai],,5IRw6qWz0NFImXO3hNOyai,Digitonal,24240,4023,0,2026-07-18T20:45:22.974241+00:00,Spotify web-player queryArtistOverview,undocumented read-only web-client endpoint,5IRw6qWz0NFImXO3hNOyai,Q4037355,Digitonal,Digitonal,,,musical duo,United Kingdom,,,,,True,accepted_exact_name,True,True,eligible_group_or_duo,True,False
Far Corporation [2p3h5qulvUlIXDqK2pqpxw],,2p3h5qulvUlIXDqK2pqpxw,Far Corporation,24233,3598,0,2026-07-18T20:45:22.974241+00:00,Spotify web-player queryArtistOverview,undocumented read-only web-client endpoint,2p3h5qulvUlIXDqK2pqpxw,Q4121382,Far Corporation,Far Corporation,,,musical group,United Kingdom,,,,,True,accepted_exact_name,True,True,eligible_group_or_duo,True,False
Cancer [3AHeQk97Bdz43qM7GMlXL8],,3AHeQk97Bdz43qM7GMlXL8,Cancer,24206,49440,0,2026-07-18T20:45:22.974241+00:00,Spotify web-player queryArtistOverview,undocumented read-only web-client endpoint,3AHeQk97Bdz43qM7GMlXL8,Q1032888,Cancer,Cancer,Q1673096,Ironbridge,musical group,United Kingdom,,,,,True,accepted_exact_name,True,True,eligible_group_or_duo,True,False
Scanners [0PVEuLOb9xt4FX5icv2wm6],,0PVEuLOb9xt4FX5icv2wm6,Scanners,24195,7873,0,2026-07-18T20:45:22.974241+00:00,Spotify web-player queryArtistOverview,undocumented read-only web-client endpoint,0PVEuLOb9xt4FX5icv2wm6,Q3475028,Scanners,Scanners,Q84,London,musical group,United Kingdom,,,,,True,accepted_exact_name,True,True,eligible_group_or_duo,True,False
Threshold [7KTRbZ1YTch5oXQOmQTStM],,7KTRbZ1YTch5oXQOmQTStM,Threshold,24131,54437,0,2026-07-18T20:45:22.974241+00:00,Spotify web-player queryArtistOverview,undocumented read-only web-client endpoint,7KTRbZ1YTch5oXQOmQTStM,Q541854,Threshold,Threshold,,,musical group,United Kingdom,,,,,True,accepted_exact_name,True,True,eligible_group_or_duo,True,False
McGuinness Flint [5RYGq9WQK5OZZtOWFsz46y],,5RYGq9WQK5OZZtOWFsz46y,McGuinness Flint,24005,6010,0,2026-07-18T20:45:22.974241+00:00,Spotify web-player queryArtistOverview,undocumented read-only web-client endpoint,5RYGq9WQK5OZZtOWFsz46y,Q761588,McGuinness Flint,McGuinness Flint,,,musical group,United Kingdom,,,,,True,accepted_exact_name,True,True,eligible_group_or_duo,True,False
The Broken Family Band [45a8bsifrVhXkmsnicd4og],,45a8bsifrVhXkmsnicd4og,The Broken Family Band,23978,8977,0,2026-07-18T20:45:22.974241+00:00,Spotify web-player queryArtistOverview,undocumented read-only web-client endpoint,45a8bsifrVhXkmsnicd4og,Q1366252,The Broken Family Band,The Broken Family Band,,,musical group,United Kingdom,,,,,True,accepted_exact_name,True,True,eligible_group_or_duo,True,False
Fuck Buttons [6tCENAD2FBfIMyygJMeOJV],,6tCENAD2FBfIMyygJMeOJV,Fuck Buttons,23928,63138,0,2026-07-18T20:45:22.974241+00:00,Spotify web-player queryArtistOverview,undocumented read-only web-client endpoint,6tCENAD2FBfIMyygJMeOJV,Q1043901,Fuck Buttons,Fuck Buttons,Q23154,Bristol,side project,United Kingdom,,,,,True,accepted_exact_name,True,True,eligible_group_or_duo,True,False
Art Brut [1gxXzfykdtDuod56hPkYyr],,1gxXzfykdtDuod56hPkYyr,Art Brut,23752,33038,0,2026-07-18T20:45:22.974241+00:00,Spotify web-player queryArtistOverview,undocumented read-only web-client endpoint,1gxXzfykdtDuod56hPkYyr,Q705434,Art Brut,Art Brut,Q2308650,Deptford,musical group,United Kingdom,,,,,True,accepted_exact_name,True,True,eligible_group_or_duo,True,False
The Soft Boys [046wtejcUX9rhlzw2nlveT],,046wtejcUX9rhlzw2nlveT,The Soft Boys,23628,44607,0,2026-07-18T20:45:22.974241+00:00,Spotify web-player queryArtistOverview,undocumented read-only web-client endpoint,046wtejcUX9rhlzw2nlveT,Q2706252,The Soft Boys,The Soft Boys,Q350,Cambridge,rock band,United Kingdom,,,,,True,accepted_exact_name,True,True,eligible_group_or_duo,True,False
The Priests [4r4Gk6oEMIz28ubBaE9vZX],,4r4Gk6oEMIz28ubBaE9vZX,The Priests,23364,11396,0,2026-07-18T20:45:22.974241+00:00,Spotify web-player queryArtistOverview,undocumented read-only web-client endpoint,4r4Gk6oEMIz28ubBaE9vZX,Q1702010,The Priests,The Priests,,,musical group,United Kingdom,,,,,True,accepted_exact_name,True,True,eligible_group_or_duo,True,False
SHVPES [0XrqdPZEYIUOUOc9rtee4m],,0XrqdPZEYIUOUOc9rtee4m,SHVPES,23360,25624,0,2026-07-18T20:45:22.974241+00:00,Spotify web-player queryArtistOverview,undocumented read-only web-client endpoint,0XrqdPZEYIUOUOc9rtee4m,Q28823312,SHVPES,SHVPES,Q2256,Birmingham,rock band,United Kingdom,,,,,True,accepted_exact_name,True,True,eligible_group_or_duo,True,False
Dragged into Sunlight [0RZeUahZvHN2foITeBq29O],,0RZeUahZvHN2foITeBq29O,Dragged Into Sunlight,23327,49889,0,2026-07-18T20:45:22.974241+00:00,Spotify web-player queryArtistOverview,undocumented read-only web-client endpoint,0RZeUahZvHN2foITeBq29O,Q5304954,Dragged into Sunlight,Dragged into Sunlight,Q24826,Liverpool,musical group,United Kingdom,,,,,True,accepted_exact_name,True,True,eligible_group_or_duo,True,False
More [7k1ubaMnK43qttUGBFp5zW],,7k1ubaMnK43qttUGBFp5zW,More,23289,1499,0,2026-07-18T20:45:22.974241+00:00,Spotify web-player queryArtistOverview,undocumented read-only web-client endpoint,7k1ubaMnK43qttUGBFp5zW,Q3862896,More,More,Q84,London,musical group,United Kingdom,,,,,True,accepted_exact_name,True,True,eligible_group_or_duo,True,False
The Assembly [3SZrTMcVtCUyiuX3svX0rV],,3SZrTMcVtCUyiuX3svX0rV,The Assembly,23220,4650,0,2026-07-18T20:45:22.974241+00:00,Spotify web-player queryArtistOverview,undocumented read-only web-client endpoint,3SZrTMcVtCUyiuX3svX0rV,Q1360572,The Assembly,The Assembly,Q216649,Basildon,musical group,United Kingdom,,,,,True,accepted_exact_name,True,True,eligible_group_or_duo,True,False
Trapeze [7b2jbuy6iMUbuvWrvoxnJW],,7b2jbuy6iMUbuvWrvoxnJW,Trapeze,23097,33689,0,2026-07-18T20:45:22.974241+00:00,Spotify web-player queryArtistOverview,undocumented read-only web-client endpoint,7b2jbuy6iMUbuvWrvoxnJW,Q691001,Trapeze,Trapeze,Q992665,Cannock,musical group,United Kingdom,,,,,True,accepted_exact_name,True,True,eligible_group_or_duo,True,False
Niteworks [0ZPK5uOCt6b4DQL7dEgnTq],,0ZPK5uOCt6b4DQL7dEgnTq,Niteworks,23024,20887,0,2026-07-18T20:45:22.974241+00:00,Spotify web-player queryArtistOverview,undocumented read-only web-client endpoint,0ZPK5uOCt6b4DQL7dEgnTq,Q7041250,Niteworks,Niteworks,Q107393,Isle of Skye,musical group,United Kingdom,,,,,True,accepted_exact_name,True,True,eligible_group_or_duo,True,False
Summer Camp [687094MtNCTh262Otm1LOD],,687094MtNCTh262Otm1LOD,Summer Camp,22963,30611,0,2026-07-18T20:45:22.974241+00:00,Spotify web-player queryArtistOverview,undocumented read-only web-client endpoint,687094MtNCTh262Otm1LOD,Q7637281,Summer Camp,Summer Camp,Q21,England,musical group,United Kingdom,,,,,True,accepted_exact_name,True,True,eligible_group_or_duo,True,False
Jesu [1binm59tmJzoZLvLETVYBP],,1binm59tmJzoZLvLETVYBP,Jesu,22885,70005,0,2026-07-18T20:45:22.974241+00:00,Spotify web-player queryArtistOverview,undocumented read-only web-client endpoint,1binm59tmJzoZLvLETVYBP,Q277156,Jesu,Jesu,Q2771917,Q2771917,rock band,United Kingdom,,,,,True,accepted_exact_name,True,True,eligible_group_or_duo,True,False
Fudge Tunnel [0LCMzkcs3bdMj1Vgw9Cg1N],,0LCMzkcs3bdMj1Vgw9Cg1N,Fudge Tunnel,22620,30461,0,2026-07-18T20:45:22.974241+00:00,Spotify web-player queryArtistOverview,undocumented read-only web-client endpoint,0LCMzkcs3bdMj1Vgw9Cg1N,Q1472759,Fudge Tunnel,Fudge Tunnel,Q41262,Nottingham,musical group,United Kingdom,,,,,True,accepted_exact_name,True,True,eligible_group_or_duo,True,False
Iron Monkey [5Qfqa9FeOchAWt6kfuvZbY],,5Qfqa9FeOchAWt6kfuvZbY,Iron Monkey,22470,32754,0,2026-07-18T20:45:22.974241+00:00,Spotify web-player queryArtistOverview,undocumented read-only web-client endpoint,5Qfqa9FeOchAWt6kfuvZbY,Q2469809,Iron Monkey,Iron Monkey,Q41262,Nottingham,musical group,United Kingdom,,,,,True,accepted_exact_name,True,True,eligible_group_or_duo,True,False
Eat Static [5NzgIP3Nss2uao20MDXavK],,5NzgIP3Nss2uao20MDXavK,Eat Static,22461,35244,0,2026-07-18T20:45:22.974241+00:00,Spotify web-player queryArtistOverview,undocumented read-only web-client endpoint,5NzgIP3Nss2uao20MDXavK,Q2362276,Eat Static,Eat Static,Q1242441,Frome,musical group,England,,,,,True,accepted_exact_name,True,True,eligible_group_or_duo,True,False
Annotations of an Autopsy [0Bwt1B6EdOHjjOTxlHbtR1],,0Bwt1B6EdOHjjOTxlHbtR1,Annotations Of An Autopsy,22395,49834,0,2026-07-18T20:45:22.974241+00:00,Spotify web-player queryArtistOverview,undocumented read-only web-client endpoint,0Bwt1B6EdOHjjOTxlHbtR1,Q567347,Annotations of an Autopsy,Annotations of an Autopsy,,,musical group,United Kingdom,,,,,True,accepted_exact_name,True,True,eligible_group_or_duo,True,False
Westminster Cathedral Choir [38Nm4oWjJBIVCkD8u5BHdw],,38Nm4oWjJBIVCkD8u5BHdw,Westminster Cathedral Choir,22197,8315,0,2026-07-18T20:45:22.974241+00:00,Spotify web-player queryArtistOverview,undocumented read-only web-client endpoint,38Nm4oWjJBIVCkD8u5BHdw,Q11705286,Westminster Cathedral Choir,Westminster Cathedral Choir,Q21,England,choir|musical group,United Kingdom,,,,,True,accepted_exact_name,True,True,eligible_group_or_duo,True,False
Satan [1LNgvz72fQVLe7ZNIw6Ipo],,1LNgvz72fQVLe7ZNIw6Ipo,Satan,22136,52648,0,2026-07-18T20:45:22.974241+00:00,Spotify web-player queryArtistOverview,undocumented read-only web-client endpoint,1LNgvz72fQVLe7ZNIw6Ipo,Q933072,Satan,Satan,Q1425428,Newcastle upon Tyne,musical group,United Kingdom,,,,,True,accepted_exact_name,True,True,eligible_group_or_duo,True,False
InMe [6EXjdbEiqhPzodtf7MtVos],,6EXjdbEiqhPzodtf7MtVos,InMe,22041,24141,0,2026-07-18T20:45:22.974241+00:00,Spotify web-player queryArtistOverview,undocumented read-only web-client endpoint,6EXjdbEiqhPzodtf7MtVos,Q2754718,InMe,InMe,Q909993,Brentwood,musical group,United Kingdom,,,,,True,accepted_exact_name,True,True,eligible_group_or_duo,True,False
The Jive Aces [3hR8kE1jAgMhut0Daw3EL2],,3hR8kE1jAgMhut0Daw3EL2,The Jive Aces,21825,11375,0,2026-07-18T20:45:22.974241+00:00,Spotify web-player queryArtistOverview,undocumented read-only web-client endpoint,3hR8kE1jAgMhut0Daw3EL2,Q7743292,The Jive Aces,The Jive Aces,,,musical group,United Kingdom,,,,,True,accepted_exact_name,True,True,eligible_group_or_duo,True,False
Devilment [3lyWtEgSeSQTwxgHeT0yMY],,3lyWtEgSeSQTwxgHeT0yMY,Devilment,21205,24427,0,2026-07-18T20:45:22.974241+00:00,Spotify web-player queryArtistOverview,undocumented read-only web-client endpoint,3lyWtEgSeSQTwxgHeT0yMY,Q20114952,Devilment,Devilment,,,musical group,United Kingdom,,,,,True,accepted_exact_name,True,True,eligible_group_or_duo,True,False
Apartment [1SF08QH2dAfoFihb0V8FZc],,1SF08QH2dAfoFihb0V8FZc,Apartment,21170,4485,0,2026-07-18T20:45:22.974241+00:00,Spotify web-player queryArtistOverview,undocumented read-only web-client endpoint,1SF08QH2dAfoFihb0V8FZc,Q617852,Apartment,Apartment,Q84,London,musical group,United Kingdom,,,,,True,accepted_exact_name,True,True,eligible_group_or_duo,True,False
Dead Melodies [34dfHqxGTjPV0tY4sHfHxu],,34dfHqxGTjPV0tY4sHfHxu,Dead Melodies,21093,8807,0,2026-07-18T20:45:22.974241+00:00,Spotify web-player queryArtistOverview,undocumented read-only web-client endpoint,34dfHqxGTjPV0tY4sHfHxu,Q57560947,Dead Melodies,Dead Melodies,,,musical group,United Kingdom,,,,,True,accepted_exact_name,True,True,eligible_group_or_duo,True,False
The Compozers [3JZIYIz1tu8IgQA6Fu4CaM],,3JZIYIz1tu8IgQA6Fu4CaM,The Compozers,21077,9202,0,2026-07-18T20:45:22.974241+00:00,Spotify web-player queryArtistOverview,undocumented read-only web-client endpoint,3JZIYIz1tu8IgQA6Fu4CaM,Q135225847,The Compozers,The Compozers,,,musical group,United Kingdom,,,,,True,accepted_exact_name,True,True,eligible_group_or_duo,True,False
Bournemouth Sinfonietta [3SrOlll9sjDBbH1kOTsALh],,3SrOlll9sjDBbH1kOTsALh,Bournemouth Sinfonietta,20818,1326,0,2026-07-18T20:45:22.974241+00:00,Spotify web-player queryArtistOverview,undocumented read-only web-client endpoint,3SrOlll9sjDBbH1kOTsALh,Q4950295,Bournemouth Sinfonietta,Bournemouth Sinfonietta,Q170478,Bournemouth,sinfonietta,United Kingdom,,,,,True,accepted_exact_name,True,True,eligible_group_or_duo,True,False
Mandalay [4vu5rb4nxUMISNL1fDqZkd],,4vu5rb4nxUMISNL1fDqZkd,Mandalay,20789,17619,0,2026-07-18T20:45:22.974241+00:00,Spotify web-player queryArtistOverview,undocumented read-only web-client endpoint,4vu5rb4nxUMISNL1fDqZkd,Q1420494,Mandalay,Mandalay,Q84,London,musical group,United Kingdom,,,,,True,accepted_exact_name,True,True,eligible_group_or_duo,True,False
The Monochrome Set [6TR7TYiDiS5okigndyMIpK],,6TR7TYiDiS5okigndyMIpK,The Monochrome Set,20755,30798,0,2026-07-18T20:45:22.974241+00:00,Spotify web-player queryArtistOverview,undocumented read-only web-client endpoint,6TR7TYiDiS5okigndyMIpK,Q2393477,The Monochrome Set,The Monochrome Set,Q2454407,Hornsey,musical group,United Kingdom,,,,,True,accepted_exact_name,True,True,eligible_group_or_duo,True,False
The Cinematics [7M6zxq59QM0CMvvYprtzOZ],,7M6zxq59QM0CMvvYprtzOZ,The Cinematics,20749,35102,0,2026-07-18T20:45:22.974241+00:00,Spotify web-player queryArtistOverview,undocumented read-only web-client endpoint,7M6zxq59QM0CMvvYprtzOZ,Q1133978,The Cinematics,The Cinematics,Q4093,Glasgow,musical group,United Kingdom,,,,,True,accepted_exact_name,True,True,eligible_group_or_duo,True,False
Stile Antico [050HYLDzYAPj4f334VbaKG],,050HYLDzYAPj4f334VbaKG,Stile Antico,20624,13177,0,2026-07-18T20:45:22.974241+00:00,Spotify web-player queryArtistOverview,undocumented read-only web-client endpoint,050HYLDzYAPj4f334VbaKG,Q7616953,Stile Antico,Stile Antico,,,musical group,United Kingdom,,,,,True,accepted_exact_name,True,True,eligible_group_or_duo,True,False
Your Demise [6xTf7GXkLaSQIrWbHyQcMR],,6xTf7GXkLaSQIrWbHyQcMR,Your Demise,20587,49687,0,2026-07-18T20:45:22.974241+00:00,Spotify web-player queryArtistOverview,undocumented read-only web-client endpoint,6xTf7GXkLaSQIrWbHyQcMR,Q2577180,Your Demise,Your Demise,Q6226,St Albans,musical group,United Kingdom,,,,,True,accepted_exact_name,True,True,eligible_group_or_duo,True,False
Honeybus [5jSbiP9GtHrT2doGLJqbKu],,5jSbiP9GtHrT2doGLJqbKu,Honeybus,20471,6001,0,2026-07-18T20:45:22.974241+00:00,Spotify web-player queryArtistOverview,undocumented read-only web-client endpoint,5jSbiP9GtHrT2doGLJqbKu,Q3786533,Honeybus,Honeybus,Q84,London,musical group,United Kingdom,,,,,True,accepted_exact_name,True,True,eligible_group_or_duo,True,False
The Idle Race [04eUV5Ml7cff2sEJEwll6G],,04eUV5Ml7cff2sEJEwll6G,The Idle Race,20440,14606,0,2026-07-18T20:45:22.974241+00:00,Spotify web-player queryArtistOverview,undocumented read-only web-client endpoint,04eUV5Ml7cff2sEJEwll6G,Q1812612,The Idle Race,The Idle Race,Q2256,Birmingham,musical group,United Kingdom,,,,,True,accepted_exact_name,True,True,eligible_group_or_duo,True,False
Sikth [03mz3G1gu1GPNgAWY4qR2w],,03mz3G1gu1GPNgAWY4qR2w,SikTh,20276,75698,0,2026-07-18T20:45:22.974241+00:00,Spotify web-player queryArtistOverview,undocumented read-only web-client endpoint,03mz3G1gu1GPNgAWY4qR2w,Q1683255,Sikth,Sikth,Q2598,Watford,musical group,United Kingdom,,,,,True,accepted_exact_name,True,True,eligible_group_or_duo,True,False
The Breath [6bH7BxdRG9RwGmTQXd2Y3F],,6bH7BxdRG9RwGmTQXd2Y3F,The Breath,20255,16693,0,2026-07-18T20:45:22.974241+00:00,Spotify web-player queryArtistOverview,undocumented read-only web-client endpoint,6bH7BxdRG9RwGmTQXd2Y3F,Q124964451,The Breath,The Breath,Q18125,Manchester,musical group,United Kingdom,,,,,True,accepted_exact_name,True,True,eligible_group_or_duo,True,False
Big Big Train [68VJJPVAVNAmwsDDf1i70g],,68VJJPVAVNAmwsDDf1i70g,Big Big Train,20133,41912,0,2026-07-18T20:45:22.974241+00:00,Spotify web-player queryArtistOverview,undocumented read-only web-client endpoint,68VJJPVAVNAmwsDDf1i70g,Q858531,Big Big Train,Big Big Train,Q170478,Bournemouth,musical group,United Kingdom,,,,,True,accepted_exact_name,True,True,eligible_group_or_duo,True,False
Lump [4gQsGkfdB4uVrNBqo4MhmI],,4gQsGkfdB4uVrNBqo4MhmI,LUMP,20004,24966,0,2026-07-18T20:45:22.974241+00:00,Spotify web-player queryArtistOverview,undocumented read-only web-client endpoint,4gQsGkfdB4uVrNBqo4MhmI,Q111630874,Lump,Lump,Q84,London,musical duo,United Kingdom,,,,,True,accepted_exact_name,True,True,eligible_group_or_duo,True,False
Black Dyke Band [4oSmVew9F141WbSWJTZZF4],,4oSmVew9F141WbSWJTZZF4,Black Dyke Band,19755,10269,0,2026-07-18T20:45:22.974241+00:00,Spotify web-player queryArtistOverview,undocumented read-only web-client endpoint,4oSmVew9F141WbSWJTZZF4,Q880229,Black Dyke Band,Black Dyke Band,,,musical group,United Kingdom,,,,,True,accepted_exact_name,True,True,eligible_group_or_duo,True,False
Dusky Grey [3jFE9Q1V7P1AkbU5UzPEol],,3jFE9Q1V7P1AkbU5UzPEol,Dusky Grey,19728,21920,0,2026-07-18T20:45:22.974241+00:00,Spotify web-player queryArtistOverview,undocumented read-only web-client endpoint,3jFE9Q1V7P1AkbU5UzPEol,Q61107731,Dusky Grey,Dusky Grey,,,duo|musical ensemble|musical group,Wales,,,,,True,accepted_exact_name,True,True,eligible_group_or_duo,True,False
Brian Poole & The Tremeloes [7oovWTnMtmERd4nCPjg4Pk],,7oovWTnMtmERd4nCPjg4Pk,Brian Poole & The Tremeloes,19693,18962,0,2026-07-18T20:45:22.974241+00:00,Spotify web-player queryArtistOverview,undocumented read-only web-client endpoint,7oovWTnMtmERd4nCPjg4Pk,Q108800879,Brian Poole & The Tremeloes,Brian Poole & The Tremeloes,Q1075299,Dagenham,musical group,United Kingdom,,,,,True,accepted_exact_name,True,True,eligible_group_or_duo,True,False
The Jaded Hearts Club [7qZ3cinlwpZtJpylqOLFCA],,7qZ3cinlwpZtJpylqOLFCA,The Jaded Hearts Club,19643,33096,0,2026-07-18T20:45:22.974241+00:00,Spotify web-player queryArtistOverview,undocumented read-only web-client endpoint,7qZ3cinlwpZtJpylqOLFCA,Q47455688,The Jaded Hearts Club,The Jaded Hearts Club,Q99,California,cover band|supergroup,United Kingdom,,,,,True,accepted_exact_name,True,True,eligible_group_or_duo,True,False
We've Got a Fuzzbox and We're Gonna Use It [6iKe6ON2rZrdXbuuhI3Gat],,6iKe6ON2rZrdXbuuhI3Gat,Fuzzbox,19580,10856,0,2026-07-18T20:45:22.974241+00:00,Spotify web-player queryArtistOverview,undocumented read-only web-client endpoint,6iKe6ON2rZrdXbuuhI3Gat,Q2566401,We've Got a Fuzzbox and We're Gonna Use It,We've Got a Fuzzbox and We're Gonna Use It,Q2256,Birmingham,musical group,United Kingdom,,,,,False,rejected_name_mismatch,False,True,eligible_group_or_duo,True,False
Power Quest [0m9MRvdIdPp3cR1JkaEVip],,0m9MRvdIdPp3cR1JkaEVip,Power Quest,19293,42488,0,2026-07-18T20:45:22.974241+00:00,Spotify web-player queryArtistOverview,undocumented read-only web-client endpoint,0m9MRvdIdPp3cR1JkaEVip,Q683228,Power Quest,Power Quest,Q79848,Southampton,musical group,United Kingdom,,,,,True,accepted_exact_name,True,True,eligible_group_or_duo,True,False
Brinsley Schwarz [722MDCdw3Ee4SdESC4uy38],,722MDCdw3Ee4SdESC4uy38,Brinsley Schwarz,19213,15487,0,2026-07-18T20:45:22.974241+00:00,Spotify web-player queryArtistOverview,undocumented read-only web-client endpoint,722MDCdw3Ee4SdESC4uy38,Q917541,Brinsley Schwarz,Brinsley Schwarz,,,musical group,United Kingdom,,,,,True,accepted_exact_name,True,True,eligible_group_or_duo,True,False
Oysterband [4qL0mXWhInJHho86HqOEn7],,4qL0mXWhInJHho86HqOEn7,Oysterband,19197,12086,0,2026-07-18T20:45:22.974241+00:00,Spotify web-player queryArtistOverview,undocumented read-only web-client endpoint,4qL0mXWhInJHho86HqOEn7,Q1379720,Oysterband,Oysterband,Q23298,Kent,musical group,United Kingdom,,,,,True,accepted_exact_name,True,True,eligible_group_or_duo,True,False
One Dove [6OI65P7eBD8vc6aRhWJSJm],,6OI65P7eBD8vc6aRhWJSJm,One Dove,19178,6755,0,2026-07-18T20:45:22.974241+00:00,Spotify web-player queryArtistOverview,undocumented read-only web-client endpoint,6OI65P7eBD8vc6aRhWJSJm,Q7092594,One Dove,One Dove,,,musical group,United Kingdom,,,,,True,accepted_exact_name,True,True,eligible_group_or_duo,True,False
Anteros [7AgbaohUbhWwjjNKCSOB2x],,7AgbaohUbhWwjjNKCSOB2x,Anteros,19102,21775,0,2026-07-18T20:45:22.974241+00:00,Spotify web-player queryArtistOverview,undocumented read-only web-client endpoint,7AgbaohUbhWwjjNKCSOB2x,Q48700502,Anteros,Anteros,,,musical group,United Kingdom,,,,,True,accepted_exact_name,True,True,eligible_group_or_duo,True,False
Fatherson [7DRjM0vtwvKxZYnd9mPaP9],,7DRjM0vtwvKxZYnd9mPaP9,Fatherson,19001,31599,0,2026-07-18T20:45:22.974241+00:00,Spotify web-player queryArtistOverview,undocumented read-only web-client endpoint,7DRjM0vtwvKxZYnd9mPaP9,Q18145757,Fatherson,Fatherson,Q576562,Kilmarnock,musical group,United Kingdom,,,,,True,accepted_exact_name,True,True,eligible_group_or_duo,True,False
Darkstar [45ALMSzoLNFkaYxyhS4QZ1],,45ALMSzoLNFkaYxyhS4QZ1,Darkstar,18836,31335,0,2026-07-18T20:45:22.974241+00:00,Spotify web-player queryArtistOverview,undocumented read-only web-client endpoint,45ALMSzoLNFkaYxyhS4QZ1,Q2561455,Darkstar,Darkstar,Q84,London,musical group,United Kingdom,,,,,True,accepted_exact_name,True,True,eligible_group_or_duo,True,False
TV Priest [61ujMGJVHgF9LPrIZw4MaI],,61ujMGJVHgF9LPrIZw4MaI,TV Priest,18601,16376,0,2026-07-18T20:45:22.974241+00:00,Spotify web-player queryArtistOverview,undocumented read-only web-client endpoint,61ujMGJVHgF9LPrIZw4MaI,Q105657652,TV Priest,TV Priest,Q84,London,musical group,United Kingdom,,,,,True,accepted_exact_name,True,True,eligible_group_or_duo,True,False
Ill Considered [2nSY0EIzz3eM6Y6Pc7VXkO],,2nSY0EIzz3eM6Y6Pc7VXkO,Ill Considered,18598,30385,0,2026-07-18T20:45:22.974241+00:00,Spotify web-player queryArtistOverview,undocumented read-only web-client endpoint,2nSY0EIzz3eM6Y6Pc7VXkO,Q125144194,Ill Considered,Ill Considered,,,musical group,United Kingdom,,,,,True,accepted_exact_name,True,True,eligible_group_or_duo,True,False
The Supernaturals [12mJ3cmu4esPp9L3CYMQhd],,12mJ3cmu4esPp9L3CYMQhd,The Supernaturals,18437,13690,0,2026-07-18T20:45:22.974241+00:00,Spotify web-player queryArtistOverview,undocumented read-only web-client endpoint,12mJ3cmu4esPp9L3CYMQhd,Q2414509,The Supernaturals,The Supernaturals,Q4093,Glasgow,musical group,United Kingdom,,,,,True,accepted_exact_name,True,True,eligible_group_or_duo,True,False
This Heat [2wXUKlYvdBHn2MNeRKgG6W],,2wXUKlYvdBHn2MNeRKgG6W,This Heat,18144,45149,0,2026-07-18T20:45:22.974241+00:00,Spotify web-player queryArtistOverview,undocumented read-only web-client endpoint,2wXUKlYvdBHn2MNeRKgG6W,Q1789046,This Heat,This Heat,Q146690,Brixton,musical group,United Kingdom,,,,,True,accepted_exact_name,True,True,eligible_group_or_duo,True,False
The Fireman [5QNeV0eXW8W8SVXeALkOpB],,5QNeV0eXW8W8SVXeALkOpB,The Fireman,17892,21371,0,2026-07-18T20:45:22.974241+00:00,Spotify web-player queryArtistOverview,undocumented read-only web-client endpoint,5QNeV0eXW8W8SVXeALkOpB,Q1629902,The Fireman,The Fireman,Q24826,Liverpool,musical group,United Kingdom,,,,,True,accepted_exact_name,True,True,eligible_group_or_duo,True,False
Bright City [5hYRBkg6k7yq787YZedMaR],,5hYRBkg6k7yq787YZedMaR,Bright City,17796,14217,0,2026-07-18T20:45:22.974241+00:00,Spotify web-player queryArtistOverview,undocumented read-only web-client endpoint,5hYRBkg6k7yq787YZedMaR,Q54666837,Bright City,Bright City,,,musical group,United Kingdom,,,,,True,accepted_exact_name,True,True,eligible_group_or_duo,True,False
Swell Maps [1FGzeqDPTLZwfbfxpmPAZn],,1FGzeqDPTLZwfbfxpmPAZn,Swell Maps,17759,35908,0,2026-07-18T20:45:22.974241+00:00,Spotify web-player queryArtistOverview,undocumented read-only web-client endpoint,1FGzeqDPTLZwfbfxpmPAZn,Q1442188,Swell Maps,Swell Maps,Q2256,Birmingham,musical group,United Kingdom,,,,,True,accepted_exact_name,True,True,eligible_group_or_duo,True,False
Sex Gang Children [3tiiwyBskzJAqYXZev7OjF],,3tiiwyBskzJAqYXZev7OjF,Sex Gang Children,17707,46485,0,2026-07-18T20:45:22.974241+00:00,Spotify web-player queryArtistOverview,undocumented read-only web-client endpoint,3tiiwyBskzJAqYXZev7OjF,Q1508167,Sex Gang Children,Sex Gang Children,Q146690,Brixton,musical group,United Kingdom,,,,,True,accepted_exact_name,True,True,eligible_group_or_duo,True,False
Show of Hands [7GiiIIjUWGocnUGoOISAUN],,7GiiIIjUWGocnUGoOISAUN,Show Of Hands,17609,20456,0,2026-07-18T20:45:22.974241+00:00,Spotify web-player queryArtistOverview,undocumented read-only web-client endpoint,7GiiIIjUWGocnUGoOISAUN,Q3959759,Show of Hands,Show of Hands,,,musical trio,United Kingdom,,,,,True,accepted_exact_name,True,True,eligible_group_or_duo,True,False
Fretwork [4Ld6KhVOGRdto6GPGRdAhx],,4Ld6KhVOGRdto6GPGRdAhx,Fretwork,17590,11539,0,2026-07-18T20:45:22.974241+00:00,Spotify web-player queryArtistOverview,undocumented read-only web-client endpoint,4Ld6KhVOGRdto6GPGRdAhx,Q3753123,Fretwork,Fretwork,,,musical group,United Kingdom,,,,,True,accepted_exact_name,True,True,eligible_group_or_duo,True,False
KK's Priest [0bDUXDIVbwZC0NVw26b4D3],,0bDUXDIVbwZC0NVw26b4D3,KK's Priest,17567,46227,0,2026-07-18T20:45:22.974241+00:00,Spotify web-player queryArtistOverview,undocumented read-only web-client endpoint,0bDUXDIVbwZC0NVw26b4D3,Q106844719,KK's Priest,KK's Priest,Q914000,Bridgnorth,musical group,United Kingdom,,,,,True,accepted_exact_name,True,True,eligible_group_or_duo,True,False
Longview [5N3MV7oMlssiVOlmbZBw7Y],,5N3MV7oMlssiVOlmbZBw7Y,Longview,17510,5804,0,2026-07-18T20:45:22.974241+00:00,Spotify web-player queryArtistOverview,undocumented read-only web-client endpoint,5N3MV7oMlssiVOlmbZBw7Y,Q6674431,Longview,Longview,Q18125,Manchester,musical group,United Kingdom,,,,,True,accepted_exact_name,True,True,eligible_group_or_duo,True,False
Splashh [3dJcucBOwvm22SbpRUIgLC],,3dJcucBOwvm22SbpRUIgLC,Splashh,17460,22722,0,2026-07-18T20:45:22.974241+00:00,Spotify web-player queryArtistOverview,undocumented read-only web-client endpoint,3dJcucBOwvm22SbpRUIgLC,Q7578400,Splashh,Splashh,Q205679,London Borough of Hackney,musical group,United Kingdom,,,,,True,accepted_exact_name,True,True,eligible_group_or_duo,True,False
Raven [1EH9eSje47IiRyVsq3gfkl],,1EH9eSje47IiRyVsq3gfkl,Raven,17043,80730,0,2026-07-18T20:45:22.974241+00:00,Spotify web-player queryArtistOverview,undocumented read-only web-client endpoint,1EH9eSje47IiRyVsq3gfkl,Q765111,Raven,Raven,Q1425428,Newcastle upon Tyne,rock band,United Kingdom,,,,,True,accepted_exact_name,True,True,eligible_group_or_duo,True,False
Petrol Girls [7dEx5Gii91YpvTOzrrvx5L],,7dEx5Gii91YpvTOzrrvx5L,Petrol Girls,17013,31737,0,2026-07-18T20:45:22.974241+00:00,Spotify web-player queryArtistOverview,undocumented read-only web-client endpoint,7dEx5Gii91YpvTOzrrvx5L,Q55629700,Petrol Girls,Petrol Girls,,,musical group,United Kingdom,,,,,True,accepted_exact_name,True,True,eligible_group_or_duo,True,False
Section 25 [0WvBaBwebA8SOLSXUVh4ge],,0WvBaBwebA8SOLSXUVh4ge,Section 25,16995,23187,0,2026-07-18T20:45:22.974241+00:00,Spotify web-player queryArtistOverview,undocumented read-only web-client endpoint,0WvBaBwebA8SOLSXUVh4ge,Q1459405,Section 25,Section 25,Q170377,Blackpool,musical group,United Kingdom,,,,,True,accepted_exact_name,True,True,eligible_group_or_duo,True,False
The Answer [3STTKsLP1gSzGvOVCtNlWS],,3STTKsLP1gSzGvOVCtNlWS,The Answer,16885,45818,0,2026-07-18T20:45:22.974241+00:00,Spotify web-player queryArtistOverview,undocumented read-only web-client endpoint,3STTKsLP1gSzGvOVCtNlWS,Q1471321,The Answer,The Answer,Q1024917,Downpatrick,musical group,United Kingdom,,,,,True,accepted_exact_name,True,True,eligible_group_or_duo,True,False
Extreme Noise Terror [43OKr8veKrM8ptgj3LcpOg],,43OKr8veKrM8ptgj3LcpOg,Extreme Noise Terror,16864,55788,0,2026-07-18T20:45:22.974241+00:00,Spotify web-player queryArtistOverview,undocumented read-only web-client endpoint,43OKr8veKrM8ptgj3LcpOg,Q1385506,Extreme Noise Terror,Extreme Noise Terror,Q184775,Ipswich,musical group,United Kingdom,,,,,True,accepted_exact_name,True,True,eligible_group_or_duo,True,False
Temposhark [0fDzMlgCiO6CvZO9ConHb7],,0fDzMlgCiO6CvZO9ConHb7,temposhark,16558,6649,0,2026-07-18T20:45:22.974241+00:00,Spotify web-player queryArtistOverview,undocumented read-only web-client endpoint,0fDzMlgCiO6CvZO9ConHb7,Q7698998,Temposhark,Temposhark,,,musical group,United Kingdom,,,,,True,accepted_exact_name,True,True,eligible_group_or_duo,True,False
The KLF [623YeFh2bNivR5ZxQcsjjP],,623YeFh2bNivR5ZxQcsjjP,The Justified Ancients of Mu Mu,16339,4892,0,2026-07-18T20:45:22.974241+00:00,Spotify web-player queryArtistOverview,undocumented read-only web-client endpoint,623YeFh2bNivR5ZxQcsjjP,Q741316,The KLF,The KLF,Q84,London,musical group,United Kingdom,,,,,False,rejected_name_mismatch,False,True,eligible_group_or_duo,True,False
Playgroup [62LxcTROPoUdVqrXDREavS],,62LxcTROPoUdVqrXDREavS,Playgroup,16276,4127,0,2026-07-18T20:45:22.974241+00:00,Spotify web-player queryArtistOverview,undocumented read-only web-client endpoint,62LxcTROPoUdVqrXDREavS,Q7203352,Playgroup,Playgroup,,,musical group,United Kingdom,,,,,True,accepted_exact_name,True,True,eligible_group_or_duo,True,False
The Almighty [2CR9ehV7eqAwBbixbDxIaS],,2CR9ehV7eqAwBbixbDxIaS,The Almighty,16046,19854,0,2026-07-18T20:45:22.974241+00:00,Spotify web-player queryArtistOverview,undocumented read-only web-client endpoint,2CR9ehV7eqAwBbixbDxIaS,Q447908,The Almighty,The Almighty,Q1013550,Strathaven,rock band,United Kingdom,,,,,True,accepted_exact_name,True,True,eligible_group_or_duo,True,False
Q131406849 [36Ar4uCS5iNCgQLMFrWKyA],,36Ar4uCS5iNCgQLMFrWKyA,Dog Race,16020,10133,0,2026-07-18T20:45:22.974241+00:00,Spotify web-player queryArtistOverview,undocumented read-only web-client endpoint,36Ar4uCS5iNCgQLMFrWKyA,Q131406849,Q131406849,Q131406849,,,musical group,United Kingdom,,,,,False,rejected_name_mismatch,False,True,eligible_group_or_duo,True,False
Reuben [2qmpmvIJ66AWEdW0VOVlzS],,2qmpmvIJ66AWEdW0VOVlzS,Reuben,15981,27487,0,2026-07-18T20:45:22.974241+00:00,Spotify web-player queryArtistOverview,undocumented read-only web-client endpoint,2qmpmvIJ66AWEdW0VOVlzS,Q7317400,Reuben,Reuben,Q741400,Camberley,musical trio|rock band,United Kingdom,,,,,True,accepted_exact_name,True,True,eligible_group_or_duo,True,False
Teeth [4rTdaRfOjynpYyg9hDPUmC],,4rTdaRfOjynpYyg9hDPUmC,Teeth,15968,1342,0,2026-07-18T20:45:22.974241+00:00,Spotify web-player queryArtistOverview,undocumented read-only web-client endpoint,4rTdaRfOjynpYyg9hDPUmC,Q25212657,Teeth,Teeth,,,musical group,United Kingdom,,,,,True,accepted_exact_name,True,True,eligible_group_or_duo,True,False
Radha Krishna Temple [1Xmb4eOkppkbRB0IbtCahx],,1Xmb4eOkppkbRB0IbtCahx,The Radha Krsna Temple (London),15789,12302,0,2026-07-18T20:45:22.974241+00:00,Spotify web-player queryArtistOverview,undocumented read-only web-client endpoint,1Xmb4eOkppkbRB0IbtCahx,Q4047944,Radha Krishna Temple,Radha Krishna Temple,Q84,London,musical ensemble,United Kingdom,,,,,False,rejected_name_mismatch,False,True,eligible_group_or_duo,True,False
The 101ers [75s7RfViwIXirjnRYkZWPe],,75s7RfViwIXirjnRYkZWPe,The 101ers,15741,17303,0,2026-07-18T20:45:22.974241+00:00,Spotify web-player queryArtistOverview,undocumented read-only web-client endpoint,75s7RfViwIXirjnRYkZWPe,Q218997,The 101ers,The 101ers,Q84,London,musical group,England,,,,,True,accepted_exact_name,True,True,eligible_group_or_duo,True,False
Midnight City [3USRZu8aqujHAYCjq69NTw],,3USRZu8aqujHAYCjq69NTw,Midnight City,15518,5691,0,2026-07-18T20:45:22.974241+00:00,Spotify web-player queryArtistOverview,undocumented read-only web-client endpoint,3USRZu8aqujHAYCjq69NTw,Q130459320,Midnight City,Midnight City,,,musical duo,United Kingdom,,,,,True,accepted_exact_name,True,True,eligible_group_or_duo,True,False
Linus Loves [2Z2vCxBRifnTtywSciipHy],,2Z2vCxBRifnTtywSciipHy,Linus Loves,15512,1354,0,2026-07-18T20:45:22.974241+00:00,Spotify web-player queryArtistOverview,undocumented read-only web-client endpoint,2Z2vCxBRifnTtywSciipHy,Q14158064,Linus Loves,Linus Loves,,,musical group,United Kingdom,,,,,True,accepted_exact_name,True,True,eligible_group_or_duo,True,False
Spear of Destiny [4vJgvzfdA3q1KFsNl3GFvc],,4vJgvzfdA3q1KFsNl3GFvc,Spear Of Destiny,15387,15297,0,2026-07-18T20:45:22.974241+00:00,Spotify web-player queryArtistOverview,undocumented read-only web-client endpoint,4vJgvzfdA3q1KFsNl3GFvc,Q3066614,Spear of Destiny,Spear of Destiny,Q84,London,musical group,United Kingdom,,,,,True,accepted_exact_name,True,True,eligible_group_or_duo,True,False
Colosseum [7zSHQFzTnqpcbrmroB7bvM],,7zSHQFzTnqpcbrmroB7bvM,Colosseum,15243,30015,0,2026-07-18T20:45:22.974241+00:00,Spotify web-player queryArtistOverview,undocumented read-only web-client endpoint,7zSHQFzTnqpcbrmroB7bvM,Q1111834,Colosseum,Colosseum,,,musical group,United Kingdom,,,,,True,accepted_exact_name,True,True,eligible_group_or_duo,True,False
Sunna [7iJzyTbWjAykDC3wJHr3Pr],,7iJzyTbWjAykDC3wJHr3Pr,Sunna,15114,8145,0,2026-07-18T20:45:22.974241+00:00,Spotify web-player queryArtistOverview,undocumented read-only web-client endpoint,7iJzyTbWjAykDC3wJHr3Pr,Q7640527,Sunna,Sunna,,,musical group,United Kingdom,,,,,True,accepted_exact_name,True,True,eligible_group_or_duo,True,False
The Dogs D'Amour [7aRd5u0bLGDwfY0mv5sfyy],,7aRd5u0bLGDwfY0mv5sfyy,The Dogs D'Amour,15110,20949,0,2026-07-18T20:45:22.974241+00:00,Spotify web-player queryArtistOverview,undocumented read-only web-client endpoint,7aRd5u0bLGDwfY0mv5sfyy,Q2298271,The Dogs D'Amour,The Dogs D'Amour,Q84,London,musical group,United Kingdom,,,,,True,accepted_exact_name,True,True,eligible_group_or_duo,True,False
Childhood [3U09GBaLizWYmJGOPlPXra],,3U09GBaLizWYmJGOPlPXra,Childhood,15098,17759,0,2026-07-18T20:45:22.974241+00:00,Spotify web-player queryArtistOverview,undocumented read-only web-client endpoint,3U09GBaLizWYmJGOPlPXra,Q16727995,Childhood,Childhood,Q41262,Nottingham,rock band,United Kingdom,,,,,True,accepted_exact_name,True,True,eligible_group_or_duo,True,False
Scorn [0sKlAr34dAjAdb7a9yriqX],,0sKlAr34dAjAdb7a9yriqX,Scorn,15059,23435,0,2026-07-18T20:45:22.974241+00:00,Spotify web-player queryArtistOverview,undocumented read-only web-client endpoint,0sKlAr34dAjAdb7a9yriqX,Q1814269,Scorn,Scorn,,,musical group,United Kingdom,,,,,True,accepted_exact_name,True,True,eligible_group_or_duo,True,False
Apartment 26 [2IrsNu3Xt4kwhTikS8xLdn],,2IrsNu3Xt4kwhTikS8xLdn,Apartment 26,14843,13984,0,2026-07-18T20:45:22.974241+00:00,Spotify web-player queryArtistOverview,undocumented read-only web-client endpoint,2IrsNu3Xt4kwhTikS8xLdn,Q4779169,Apartment 26,Apartment 26,Q546635,Leamington Spa,musical group,United Kingdom,,,,,True,accepted_exact_name,True,True,eligible_group_or_duo,True,False
Q131406831 [2qf9rIU7fNJBZvqptGu863],,2qf9rIU7fNJBZvqptGu863,Slate,14717,4499,0,2026-07-18T20:45:22.974241+00:00,Spotify web-player queryArtistOverview,undocumented read-only web-client endpoint,2qf9rIU7fNJBZvqptGu863,Q131406831,Q131406831,Q131406831,,,musical group,United Kingdom,,,,,False,rejected_name_mismatch,False,True,eligible_group_or_duo,True,False
Melt Yourself Down [0LWlgth3CFLC6eD8mtWCOA],,0LWlgth3CFLC6eD8mtWCOA,Melt Yourself Down,14674,30438,0,2026-07-18T20:45:22.974241+00:00,Spotify web-player queryArtistOverview,undocumented read-only web-client endpoint,0LWlgth3CFLC6eD8mtWCOA,Q16951374,Melt Yourself Down,Melt Yourself Down,Q84,London,musical group,United Kingdom,,,,,True,accepted_exact_name,True,True,eligible_group_or_duo,True,False
Ekcle [3nXwvno6uE78eDl4Al4uBh],,3nXwvno6uE78eDl4Al4uBh,Ekcle,14603,15393,0,2026-07-18T20:45:22.974241+00:00,Spotify web-player queryArtistOverview,undocumented read-only web-client endpoint,3nXwvno6uE78eDl4Al4uBh,Q96738696,Ekcle,Ekcle,,,musical duo,United Kingdom,,,,,True,accepted_exact_name,True,True,eligible_group_or_duo,True,False
Ronnie Lane & Slim Chance [0ViVShGd52uogfHPUez1cB],,0ViVShGd52uogfHPUez1cB,Ronnie Lane & Slim Chance,14594,3575,0,2026-07-18T20:45:22.974241+00:00,Spotify web-player queryArtistOverview,undocumented read-only web-client endpoint,0ViVShGd52uogfHPUez1cB,Q1597932,Ronnie Lane & Slim Chance,Ronnie Lane & Slim Chance,,,musical group,United Kingdom,,,,,True,accepted_exact_name,True,True,eligible_group_or_duo,True,False
My Dying Bride [3G7qoMSLvu9Pmb0xGtf9fl],,3G7qoMSLvu9Pmb0xGtf9fl,Bride,14568,40621,0,2026-07-18T20:45:22.974241+00:00,Spotify web-player queryArtistOverview,undocumented read-only web-client endpoint,3G7qoMSLvu9Pmb0xGtf9fl,Q498460,My Dying Bride,My Dying Bride,Q22905,Q22905,musical group,United Kingdom,,,,,False,rejected_name_mismatch,False,True,eligible_group_or_duo,True,False
Robots in Disguise [6p0e3Ff2s0DVh1I7WjOeqq],,6p0e3Ff2s0DVh1I7WjOeqq,Robots In Disguise,14499,22389,0,2026-07-18T20:45:22.974241+00:00,Spotify web-player queryArtistOverview,undocumented read-only web-client endpoint,6p0e3Ff2s0DVh1I7WjOeqq,Q2601732,Robots in Disguise,Robots in Disguise,Q24826,Liverpool,musical group,United Kingdom,,,,,True,accepted_exact_name,True,True,eligible_group_or_duo,True,False
The Legendary Pink Dots [55XX7sgmxtVFNJnHrQMXh5],,55XX7sgmxtVFNJnHrQMXh5,The Legendary Pink Dots,14238,49774,0,2026-07-18T20:45:22.974241+00:00,Spotify web-player queryArtistOverview,undocumented read-only web-client endpoint,55XX7sgmxtVFNJnHrQMXh5,Q1424355,The Legendary Pink Dots,The Legendary Pink Dots,Q84,London,musical group,United Kingdom,,,,,True,accepted_exact_name,True,True,eligible_group_or_duo,True,False
Daisy Chainsaw [2sGpRM8iXKKSYY5ctemKSR],,2sGpRM8iXKKSYY5ctemKSR,Daisy Chainsaw,14177,37440,0,2026-07-18T20:45:22.974241+00:00,Spotify web-player queryArtistOverview,undocumented read-only web-client endpoint,2sGpRM8iXKKSYY5ctemKSR,Q593878,Daisy Chainsaw,Daisy Chainsaw,Q84,London,musical group,United Kingdom,,,,,True,accepted_exact_name,True,True,eligible_group_or_duo,True,False
Hell Is for Heroes [1vrwXqSGdLsWtvIev4H0WH],,1vrwXqSGdLsWtvIev4H0WH,Hell Is For Heroes,14174,19603,0,2026-07-18T20:45:22.974241+00:00,Spotify web-player queryArtistOverview,undocumented read-only web-client endpoint,1vrwXqSGdLsWtvIev4H0WH,Q2717771,Hell Is for Heroes,Hell Is for Heroes,Q84,London,musical group,United Kingdom,,,,,True,accepted_exact_name,True,True,eligible_group_or_duo,True,False
I Blame Coco [4OCKbm0yHaHTo6jjy8rMtL],,4OCKbm0yHaHTo6jjy8rMtL,I Blame Coco,14152,13890,0,2026-07-18T20:45:22.974241+00:00,Spotify web-player queryArtistOverview,undocumented read-only web-client endpoint,4OCKbm0yHaHTo6jjy8rMtL,Q5829500,I Blame Coco,I Blame Coco,Q84,London,musical group,United Kingdom,,,,,True,accepted_exact_name,True,True,eligible_group_or_duo,True,False
Hurricane #1 [6vMDsKUbY5Rs1oG27dAUIi],,6vMDsKUbY5Rs1oG27dAUIi,Hurricane #1,14083,10060,0,2026-07-18T20:45:22.974241+00:00,Spotify web-player queryArtistOverview,undocumented read-only web-client endpoint,6vMDsKUbY5Rs1oG27dAUIi,Q477403,Hurricane #1,Hurricane #1,Q34217,Oxford,musical group,United Kingdom,,,,,True,accepted_exact_name,True,True,eligible_group_or_duo,True,False
*shels [0Ivm3PYwfVFeq2trxYqLi2],,0Ivm3PYwfVFeq2trxYqLi2,*shels,13914,27019,0,2026-07-18T20:45:22.974241+00:00,Spotify web-player queryArtistOverview,undocumented read-only web-client endpoint,0Ivm3PYwfVFeq2trxYqLi2,Q3481854,*shels,*shels,Q84,London,musical group,United Kingdom,,,,,True,accepted_exact_name,True,True,eligible_group_or_duo,True,False
To Kill a King [7yHBGaYHPXkJSVUtHiM816],,7yHBGaYHPXkJSVUtHiM816,To Kill A King,13842,27811,0,2026-07-18T20:45:22.974241+00:00,Spotify web-player queryArtistOverview,undocumented read-only web-client endpoint,7yHBGaYHPXkJSVUtHiM816,Q7810984,To Kill a King,To Kill a King,Q39121,Leeds,musical group,United Kingdom,,,,,True,accepted_exact_name,True,True,eligible_group_or_duo,True,False
CCS [4Oty2fHJ2Rxddh9trZEOJh],,4Oty2fHJ2Rxddh9trZEOJh,C.C.S.,13688,4200,0,2026-07-18T20:45:22.974241+00:00,Spotify web-player queryArtistOverview,undocumented read-only web-client endpoint,4Oty2fHJ2Rxddh9trZEOJh,Q1108971,CCS,CCS,Q21,England,musical group,United Kingdom,,,,,True,accepted_exact_name,True,True,eligible_group_or_duo,True,False
Mo-dettes [46mG7R9UH2JiQyPdQG7PDW],,46mG7R9UH2JiQyPdQG7PDW,Mo-Dettes,13465,6782,0,2026-07-18T20:45:22.974241+00:00,Spotify web-player queryArtistOverview,undocumented read-only web-client endpoint,46mG7R9UH2JiQyPdQG7PDW,Q6886115,Mo-dettes,Mo-dettes,,,musical group,United Kingdom,,,,,True,accepted_exact_name,True,True,eligible_group_or_duo,True,False
Shopping [1UgRlUUZBwiGwqMFHA4Puf],,1UgRlUUZBwiGwqMFHA4Puf,Shopping,13243,22680,0,2026-07-18T20:45:22.974241+00:00,Spotify web-player queryArtistOverview,undocumented read-only web-client endpoint,1UgRlUUZBwiGwqMFHA4Puf,Q28224756,Shopping,Shopping,Q84,London,musical group,United Kingdom,,,,,True,accepted_exact_name,True,True,eligible_group_or_duo,True,False
Skyclad [3CgDRO3wUoner5eZocDuQN],,3CgDRO3wUoner5eZocDuQN,Skyclad,13130,25971,0,2026-07-18T20:45:22.974241+00:00,Spotify web-player queryArtistOverview,undocumented read-only web-client endpoint,3CgDRO3wUoner5eZocDuQN,Q1339778,Skyclad,Skyclad,Q1425428,Newcastle upon Tyne,rock band,United Kingdom,,,,,True,accepted_exact_name,True,True,eligible_group_or_duo,True,False
Florilegium early music ensemble [1p7yUCNCvt3z8Y0DhXQ8Ew],,1p7yUCNCvt3z8Y0DhXQ8Ew,Florilegium,13093,6678,0,2026-07-18T20:45:22.974241+00:00,Spotify web-player queryArtistOverview,undocumented read-only web-client endpoint,1p7yUCNCvt3z8Y0DhXQ8Ew,Q5461809,Florilegium early music ensemble,Florilegium early music ensemble,,,musical group,United Kingdom,,,,,False,rejected_name_mismatch,False,True,eligible_group_or_duo,True,False
Gaffa Tape Sandy [00P2dAOymeYKFx4OSaVgw1],,00P2dAOymeYKFx4OSaVgw1,Gaffa Tape Sandy,13092,12093,0,2026-07-18T20:45:22.974241+00:00,Spotify web-player queryArtistOverview,undocumented read-only web-client endpoint,00P2dAOymeYKFx4OSaVgw1,Q53559517,Gaffa Tape Sandy,Gaffa Tape Sandy,,,musical group,United Kingdom,,,,,True,accepted_exact_name,True,True,eligible_group_or_duo,True,False
Guana Batz [1KMuPtuTktoPaGn44iTNB5],,1KMuPtuTktoPaGn44iTNB5,Guana Batz,13082,20479,0,2026-07-18T20:45:22.974241+00:00,Spotify web-player queryArtistOverview,undocumented read-only web-client endpoint,1KMuPtuTktoPaGn44iTNB5,Q1552705,Guana Batz,Guana Batz,,,musical group,United Kingdom,,,,,True,accepted_exact_name,True,True,eligible_group_or_duo,True,False
Livingston [4AQGKGsaGWwINPrqvYuhjJ],,4AQGKGsaGWwINPrqvYuhjJ,Livingston,12981,6367,0,2026-07-18T20:45:22.974241+00:00,Spotify web-player queryArtistOverview,undocumented read-only web-client endpoint,4AQGKGsaGWwINPrqvYuhjJ,Q1866501,Livingston,Livingston,Q84,London,musical group,United Kingdom,,,,,True,accepted_exact_name,True,True,eligible_group_or_duo,True,False
Pagan Altar [7guUH9AltTVdv1HniR7d9O],,7guUH9AltTVdv1HniR7d9O,Pagan Altar,12977,39632,0,2026-07-18T20:45:22.974241+00:00,Spotify web-player queryArtistOverview,undocumented read-only web-client endpoint,7guUH9AltTVdv1HniR7d9O,Q7124160,Pagan Altar,Pagan Altar,Q2216536,Brockley,musical group,United Kingdom,,,,,True,accepted_exact_name,True,True,eligible_group_or_duo,True,False
Factory Floor [6xgNzJAeEB8BTOSzcTO1EI],,6xgNzJAeEB8BTOSzcTO1EI,Factory Floor,12972,17051,0,2026-07-18T20:45:22.974241+00:00,Spotify web-player queryArtistOverview,undocumented read-only web-client endpoint,6xgNzJAeEB8BTOSzcTO1EI,Q5428767,Factory Floor,Factory Floor,Q84,London,musical group,United Kingdom,,,,,True,accepted_exact_name,True,True,eligible_group_or_duo,True,False
Keleketla! [7jIuM7cuEe0bBfoNhISVXU],,7jIuM7cuEe0bBfoNhISVXU,Keleketla!,12882,8798,0,2026-07-18T20:45:22.974241+00:00,Spotify web-player queryArtistOverview,undocumented read-only web-client endpoint,7jIuM7cuEe0bBfoNhISVXU,Q120751525,Keleketla!,Keleketla!,Q84,London,musical group,United Kingdom,,,,,True,accepted_exact_name,True,True,eligible_group_or_duo,True,False
The Lurkers [74eXcPVNOoTjuU17d1GBnE],,74eXcPVNOoTjuU17d1GBnE,The Lurkers,12650,22242,0,2026-07-18T20:45:22.974241+00:00,Spotify web-player queryArtistOverview,undocumented read-only web-client endpoint,74eXcPVNOoTjuU17d1GBnE,Q2298722,The Lurkers,The Lurkers,Q3552816,Uxbridge,musical group,United Kingdom,,,,,True,accepted_exact_name,True,True,eligible_group_or_duo,True,False
Thousand Thoughts [27BickAUDQz5wziY0VOA2S],,27BickAUDQz5wziY0VOA2S,Thousand Thoughts,12384,7658,0,2026-07-18T20:45:22.974241+00:00,Spotify web-player queryArtistOverview,undocumented read-only web-client endpoint,27BickAUDQz5wziY0VOA2S,Q85847812,Thousand Thoughts,Thousand Thoughts,,,musical group,United Kingdom,,,,,True,accepted_exact_name,True,True,eligible_group_or_duo,True,False
Samson [0s4JwoiTHqruatpqAR0IZ7],,0s4JwoiTHqruatpqAR0IZ7,Samson,12223,28890,0,2026-07-18T20:45:22.974241+00:00,Spotify web-player queryArtistOverview,undocumented read-only web-client endpoint,0s4JwoiTHqruatpqAR0IZ7,Q1138767,Samson,Samson,Q21,England,rock band,United Kingdom,,,,,True,accepted_exact_name,True,True,eligible_group_or_duo,True,False
Glamour of the Kill [1FCJdfkOYWuCQwFRsJTObx],,1FCJdfkOYWuCQwFRsJTObx,Glamour Of The Kill,12095,19015,0,2026-07-18T20:45:22.974241+00:00,Spotify web-player queryArtistOverview,undocumented read-only web-client endpoint,1FCJdfkOYWuCQwFRsJTObx,Q4039464,Glamour of the Kill,Glamour of the Kill,Q42462,York,musical group,United Kingdom,,,,,True,accepted_exact_name,True,True,eligible_group_or_duo,True,False
Young Knives [4kYNTq3njMHBcnv8Di0v0Y],,4kYNTq3njMHBcnv8Di0v0Y,Young Knives,12067,27487,0,2026-07-18T20:45:22.974241+00:00,Spotify web-player queryArtistOverview,undocumented read-only web-client endpoint,4kYNTq3njMHBcnv8Di0v0Y,Q1807302,Young Knives,Young Knives,Q2046537,Ashby-de-la-Zouch,rock band,United Kingdom,,,,,True,accepted_exact_name,True,True,eligible_group_or_duo,True,False
The Pop Group [3fBmq4xVcd346QvErp6fko],,3fBmq4xVcd346QvErp6fko,The Pop Group,12022,34565,0,2026-07-18T20:45:22.974241+00:00,Spotify web-player queryArtistOverview,undocumented read-only web-client endpoint,3fBmq4xVcd346QvErp6fko,Q2166634,The Pop Group,The Pop Group,Q23154,Bristol,musical group,United Kingdom,,,,,True,accepted_exact_name,True,True,eligible_group_or_duo,True,False
Band Aid 30 [6KfzyefHYuqfWaI5taICaN],,6KfzyefHYuqfWaI5taICaN,Band Aid 30,11736,4982,0,2026-07-18T20:45:22.974241+00:00,Spotify web-player queryArtistOverview,undocumented read-only web-client endpoint,6KfzyefHYuqfWaI5taICaN,Q18543159,Band Aid 30,Band Aid 30,,,supergroup,United Kingdom,,,,,True,accepted_exact_name,True,True,eligible_group_or_duo,True,False
AxeWound [7KYgLYR5cMtHHzQ9gRWN2y],,7KYgLYR5cMtHHzQ9gRWN2y,AxeWound,11674,20250,0,2026-07-18T20:45:22.974241+00:00,Spotify web-player queryArtistOverview,undocumented read-only web-client endpoint,7KYgLYR5cMtHHzQ9gRWN2y,Q791904,AxeWound,AxeWound,Q145,United Kingdom,musical group,United Kingdom,,,,,True,accepted_exact_name,True,True,eligible_group_or_duo,True,False
Vince Taylor and His Playboys [1NnCrPjtSLFHulsEZdLSEg],,1NnCrPjtSLFHulsEZdLSEg,Vince Taylor & His Playboys,11495,2770,0,2026-07-18T20:45:22.974241+00:00,Spotify web-player queryArtistOverview,undocumented read-only web-client endpoint,1NnCrPjtSLFHulsEZdLSEg,Q108676630,Vince Taylor and His Playboys,Vince Taylor and His Playboys,,,musical group,United Kingdom,,,,,False,rejected_name_mismatch,False,True,eligible_group_or_duo,True,False
Hecate Enthroned [2WKoufbtvHmMLKQ4PEKh2X],,2WKoufbtvHmMLKQ4PEKh2X,Hecate Enthroned,11320,32280,0,2026-07-18T20:45:22.974241+00:00,Spotify web-player queryArtistOverview,undocumented read-only web-client endpoint,2WKoufbtvHmMLKQ4PEKh2X,Q2326369,Hecate Enthroned,Hecate Enthroned,Q496368,Wrexham,musical group,United Kingdom,,,,,True,accepted_exact_name,True,True,eligible_group_or_duo,True,False
Memoriam [2EAy7g3Ga8hS10hAHMf6C4],,2EAy7g3Ga8hS10hAHMf6C4,Memoriam,11287,29729,0,2026-07-18T20:45:22.974241+00:00,Spotify web-player queryArtistOverview,undocumented read-only web-client endpoint,2EAy7g3Ga8hS10hAHMf6C4,Q52232494,Memoriam,Memoriam,Q2256,Birmingham,musical group,United Kingdom,,,,,True,accepted_exact_name,True,True,eligible_group_or_duo,True,False
Astroid Boys [0usP8DxN7FRA6LAD0japVD],,0usP8DxN7FRA6LAD0japVD,Astroid Boys,11274,23142,0,2026-07-18T20:45:22.974241+00:00,Spotify web-player queryArtistOverview,undocumented read-only web-client endpoint,0usP8DxN7FRA6LAD0japVD,Q28404579,Astroid Boys,Astroid Boys,,,musical group,United Kingdom,,,,,True,accepted_exact_name,True,True,eligible_group_or_duo,True,False
MYKOOL [00pAfh3nHhvVkWf8dl7dCt],,00pAfh3nHhvVkWf8dl7dCt,MYKOOL,11252,3970,0,2026-07-18T20:45:22.974241+00:00,Spotify web-player queryArtistOverview,undocumented read-only web-client endpoint,00pAfh3nHhvVkWf8dl7dCt,Q60727129,MYKOOL,MYKOOL,,,musical group,United Kingdom,,,,,True,accepted_exact_name,True,True,eligible_group_or_duo,True,False
Amebix [6tUC9fQSG7uqbzUy9AJ1NY],,6tUC9fQSG7uqbzUy9AJ1NY,Amebix,11227,43167,0,2026-07-18T20:45:22.974241+00:00,Spotify web-player queryArtistOverview,undocumented read-only web-client endpoint,6tUC9fQSG7uqbzUy9AJ1NY,Q460542,Amebix,Amebix,Q21,England,musical group,United Kingdom,,,,,True,accepted_exact_name,True,True,eligible_group_or_duo,True,False
H & Claire [2sYo32743hdTlnnpHKfKOI],,2sYo32743hdTlnnpHKfKOI,H & Claire,11136,30128,0,2026-07-18T20:45:22.974241+00:00,Spotify web-player queryArtistOverview,undocumented read-only web-client endpoint,2sYo32743hdTlnnpHKfKOI,Q5636285,H & Claire,H & Claire,Q145,United Kingdom,musical group,United Kingdom,,,,,True,accepted_exact_name,True,True,eligible_group_or_duo,True,False
Esben and the Witch [5e9048O5CDVvCgSmUEJA06],,5e9048O5CDVvCgSmUEJA06,Esben and the Witch,11131,35256,0,2026-07-18T20:45:22.974241+00:00,Spotify web-player queryArtistOverview,undocumented read-only web-client endpoint,5e9048O5CDVvCgSmUEJA06,Q5396778,Esben and the Witch,Esben and the Witch,Q131491,Brighton,musical group,United Kingdom,,,,,True,accepted_exact_name,True,True,eligible_group_or_duo,True,False
Orchestra of Opera North [6htLW4cmfIEmagbDeATZ4H],,3B8tWVgvp7Mjnu1rBTQdpu,The Orchestra Of Opera North,11128,504,0,2026-07-18T20:45:22.974241+00:00,Spotify web-player queryArtistOverview,undocumented read-only web-client endpoint,6htLW4cmfIEmagbDeATZ4H,Q7100252,Orchestra of Opera North,Orchestra of Opera North,,,orchestra,United Kingdom,,,,,False,rejected_name_mismatch,False,False,excluded_orchestra,False,False
Martha [13pUNMhUQ52yyV50VbuhtK],,13pUNMhUQ52yyV50VbuhtK,Martha,11081,22707,0,2026-07-18T20:45:22.974241+00:00,Spotify web-player queryArtistOverview,undocumented read-only web-client endpoint,13pUNMhUQ52yyV50VbuhtK,Q18356577,Martha,Martha,Q23082,County Durham,musical group,United Kingdom,,,,,True,accepted_exact_name,True,True,eligible_group_or_duo,True,False
Eagulls [3ZCwTLYnwEQqu9rq9eHWav],,3ZCwTLYnwEQqu9rq9eHWav,Eagulls,10956,28787,0,2026-07-18T20:45:22.974241+00:00,Spotify web-player queryArtistOverview,undocumented read-only web-client endpoint,3ZCwTLYnwEQqu9rq9eHWav,Q15911258,Eagulls,Eagulls,Q39121,Leeds,musical group,United Kingdom,,,,,True,accepted_exact_name,True,True,eligible_group_or_duo,True,False
Field Music [5P1tdwsQdI6z9MXXfmYRDS],,5P1tdwsQdI6z9MXXfmYRDS,Field Music,10829,39708,0,2026-07-18T20:45:22.974241+00:00,Spotify web-player queryArtistOverview,undocumented read-only web-client endpoint,5P1tdwsQdI6z9MXXfmYRDS,Q1411559,Field Music,Field Music,Q188304,Sunderland,musical group,United Kingdom,,,,,True,accepted_exact_name,True,True,eligible_group_or_duo,True,False
Nurse With Wound [7BqVdvWeMLlWkZAOGRPe0I],,7BqVdvWeMLlWkZAOGRPe0I,Nurse With Wound,10697,49336,0,2026-07-18T20:45:22.974241+00:00,Spotify web-player queryArtistOverview,undocumented read-only web-client endpoint,7BqVdvWeMLlWkZAOGRPe0I,Q1930798,Nurse With Wound,Nurse With Wound,,,musical group,United Kingdom,,,,,True,accepted_exact_name,True,True,eligible_group_or_duo,True,False
Syd Arthur [2C39AawdhkMK8qZF2KWd48],,2C39AawdhkMK8qZF2KWd48,Syd Arthur,10496,13458,0,2026-07-18T20:45:22.974241+00:00,Spotify web-player queryArtistOverview,undocumented read-only web-client endpoint,2C39AawdhkMK8qZF2KWd48,Q18211565,Syd Arthur,Syd Arthur,Q29303,Canterbury,musical group,United Kingdom,,,,,True,accepted_exact_name,True,True,eligible_group_or_duo,True,False
Un-Cut [19wfjcfibjRlVnDERbFZcK],,19wfjcfibjRlVnDERbFZcK,UN-CUT,10458,1949,0,2026-07-18T20:45:22.974241+00:00,Spotify web-player queryArtistOverview,undocumented read-only web-client endpoint,19wfjcfibjRlVnDERbFZcK,Q7881899,Un-Cut,Un-Cut,,,musical group,United Kingdom,,,,,True,accepted_exact_name,True,True,eligible_group_or_duo,True,False
Broken English [1oXu5EcD1HrXjFtYJbUSsy],,1oXu5EcD1HrXjFtYJbUSsy,Broken English,10436,1985,0,2026-07-18T20:45:22.974241+00:00,Spotify web-player queryArtistOverview,undocumented read-only web-client endpoint,1oXu5EcD1HrXjFtYJbUSsy,Q3645241,Broken English,Broken English,,,musical group,United Kingdom,,,,,True,accepted_exact_name,True,True,eligible_group_or_duo,True,False
Flowered Up [0rcNMmBMbi0aBCalbO4lPB],,0rcNMmBMbi0aBCalbO4lPB,Flowered Up,10413,12627,0,2026-07-18T20:45:22.974241+00:00,Spotify web-player queryArtistOverview,undocumented read-only web-client endpoint,0rcNMmBMbi0aBCalbO4lPB,Q5462258,Flowered Up,Flowered Up,Q149836,Camden Town,musical group,United Kingdom,,,,,True,accepted_exact_name,True,True,eligible_group_or_duo,True,False
Frost* [1Ha9FtCeuoajMbOG4Kz2d7],,1Ha9FtCeuoajMbOG4Kz2d7,Frost*,10377,34177,0,2026-07-18T20:45:22.974241+00:00,Spotify web-player queryArtistOverview,undocumented read-only web-client endpoint,1Ha9FtCeuoajMbOG4Kz2d7,Q1144186,Frost*,Frost*,Q21,England,musical group,United Kingdom,,,,,True,accepted_exact_name,True,True,eligible_group_or_duo,True,False
Gun Ghaol [1Wx6yzsgdgwB65T3uvEXux],,1Wx6yzsgdgwB65T3uvEXux,Gun Ghaol,10365,7813,0,2026-07-18T20:45:22.974241+00:00,Spotify web-player queryArtistOverview,undocumented read-only web-client endpoint,1Wx6yzsgdgwB65T3uvEXux,Q136384475,Gun Ghaol,Gun Ghaol,,,musical group,Scotland,,,,,True,accepted_exact_name,True,True,eligible_group_or_duo,True,False
The Gun [3oahuQcXyHPUeoZ7SVdRJF],,3oahuQcXyHPUeoZ7SVdRJF,The Gun,10364,4781,0,2026-07-18T20:45:22.974241+00:00,Spotify web-player queryArtistOverview,undocumented read-only web-client endpoint,3oahuQcXyHPUeoZ7SVdRJF,Q1472606,The Gun,The Gun,Q84,London,musical group,United Kingdom,,,,,True,accepted_exact_name,True,True,eligible_group_or_duo,True,False
John Wilson Orchestra [4FSqA5w4tlXuaxoHHQVO0J],,4FSqA5w4tlXuaxoHHQVO0J,The John Wilson Orchestra,10353,3415,0,2026-07-18T20:45:22.974241+00:00,Spotify web-player queryArtistOverview,undocumented read-only web-client endpoint,4FSqA5w4tlXuaxoHHQVO0J,Q6264557,John Wilson Orchestra,John Wilson Orchestra,,,musical group|orchestra,United Kingdom,,,,,False,rejected_name_mismatch,False,False,excluded_orchestra,True,False
The Physics House Band [30EilmonVXftR1pWoALezP],,30EilmonVXftR1pWoALezP,The Physics House Band,10252,31739,0,2026-07-18T20:45:22.974241+00:00,Spotify web-player queryArtistOverview,undocumented read-only web-client endpoint,30EilmonVXftR1pWoALezP,Q30594675,The Physics House Band,The Physics House Band,,,musical group,United Kingdom,,,,,True,accepted_exact_name,True,True,eligible_group_or_duo,True,False
B12 [66I0uUVKgpOPlEjTiy87nm],,66I0uUVKgpOPlEjTiy87nm,B12,10102,22923,0,2026-07-18T20:45:22.974241+00:00,Spotify web-player queryArtistOverview,undocumented read-only web-client endpoint,66I0uUVKgpOPlEjTiy87nm,Q795254,B12,B12,,,musical group,United Kingdom,,,,,True,accepted_exact_name,True,True,eligible_group_or_duo,True,False
Medicine Head [2DDBSi3h22DDMvGCKG1r8T],,2DDBSi3h22DDMvGCKG1r8T,Medicine Head,10016,5591,0,2026-07-18T20:45:22.974241+00:00,Spotify web-player queryArtistOverview,undocumented read-only web-client endpoint,2DDBSi3h22DDMvGCKG1r8T,Q120146,Medicine Head,Medicine Head,Q826782,Stafford,musical group,United Kingdom,,,,,True,accepted_exact_name,True,True,eligible_group_or_duo,True,False
Girls Names [4UAxwzDV5PYB11huf5Shs3],,4UAxwzDV5PYB11huf5Shs3,Girls Names,9972,16785,0,2026-07-18T20:45:22.974241+00:00,Spotify web-player queryArtistOverview,undocumented read-only web-client endpoint,4UAxwzDV5PYB11huf5Shs3,Q5564653,Girls Names,Girls Names,Q10686,Belfast,musical group,United Kingdom,,,,,True,accepted_exact_name,True,True,eligible_group_or_duo,True,False
Southern Death Cult [6GERoHMM4dUkN8Edm5mXXJ],,6GERoHMM4dUkN8Edm5mXXJ,The Southern Death Cult,9915,31997,0,2026-07-18T20:45:22.974241+00:00,Spotify web-player queryArtistOverview,undocumented read-only web-client endpoint,6GERoHMM4dUkN8Edm5mXXJ,Q4049828,Southern Death Cult,Southern Death Cult,Q22905,Q22905,musical group,United Kingdom,,,,,False,rejected_name_mismatch,False,True,eligible_group_or_duo,True,False
Veronica Falls [0mgbAj6btHW215UxhLq1AV],,0mgbAj6btHW215UxhLq1AV,Veronica Falls,9899,26412,0,2026-07-18T20:45:22.974241+00:00,Spotify web-player queryArtistOverview,undocumented read-only web-client endpoint,0mgbAj6btHW215UxhLq1AV,Q3020573,Veronica Falls,Veronica Falls,Q84,London,musical group,United Kingdom,,,,,True,accepted_exact_name,True,True,eligible_group_or_duo,True,False
Elton Motello [2CVBumuL5KyztqCyo7CETY],,2CVBumuL5KyztqCyo7CETY,Elton Motello,9802,3879,0,2026-07-18T20:45:22.974241+00:00,Spotify web-player queryArtistOverview,undocumented read-only web-client endpoint,2CVBumuL5KyztqCyo7CETY,Q3051777,Elton Motello,Elton Motello,,,musical group,United Kingdom,,,,,True,accepted_exact_name,True,True,eligible_group_or_duo,True,False
The Infinity Project [3MSq3HlSCnY9LNSlkDaEMx],,3MSq3HlSCnY9LNSlkDaEMx,The Infinity Project,9750,19059,0,2026-07-18T20:45:22.974241+00:00,Spotify web-player queryArtistOverview,undocumented read-only web-client endpoint,3MSq3HlSCnY9LNSlkDaEMx,Q2916431,The Infinity Project,The Infinity Project,,,musical group,United Kingdom,,,,,True,accepted_exact_name,True,True,eligible_group_or_duo,True,False
Two [7GLLaFZGjbDWTdnrg1mNyI],,7GLLaFZGjbDWTdnrg1mNyI,2wo,9719,6740,0,2026-07-18T20:45:22.974241+00:00,Spotify web-player queryArtistOverview,undocumented read-only web-client endpoint,7GLLaFZGjbDWTdnrg1mNyI,Q2815972,Two,Two,Q2256,Birmingham,musical group,United Kingdom,,,,,False,rejected_name_mismatch,False,True,eligible_group_or_duo,True,False
New Fast Automatic Daffodils [5KZSVZ1Y6B0D1vamrn8IGm],,5KZSVZ1Y6B0D1vamrn8IGm,New Fast Automatic Daffodils,9681,12436,0,2026-07-18T20:45:22.974241+00:00,Spotify web-player queryArtistOverview,undocumented read-only web-client endpoint,5KZSVZ1Y6B0D1vamrn8IGm,Q6579480,New Fast Automatic Daffodils,New Fast Automatic Daffodils,Q18125,Manchester,musical group,United Kingdom,,,,,True,accepted_exact_name,True,True,eligible_group_or_duo,True,False
Dub War [4lZh504PprnCT9dxHG2MWT],,4lZh504PprnCT9dxHG2MWT,Dub War,9665,16715,0,2026-07-18T20:45:22.974241+00:00,Spotify web-player queryArtistOverview,undocumented read-only web-client endpoint,4lZh504PprnCT9dxHG2MWT,Q1262803,Dub War,Dub War,Q101254,Newport,musical group,United Kingdom,,,,,True,accepted_exact_name,True,True,eligible_group_or_duo,True,False
Pholo [53Wk6hhoFwz3REXaZ2XW2a],,53Wk6hhoFwz3REXaZ2XW2a,Pholo,9616,6792,0,2026-07-18T20:45:22.974241+00:00,Spotify web-player queryArtistOverview,undocumented read-only web-client endpoint,53Wk6hhoFwz3REXaZ2XW2a,Q61037252,Pholo,Pholo,,,musical group,United Kingdom,,,,,True,accepted_exact_name,True,True,eligible_group_or_duo,True,False
Suns of Arqa [0LmhYxMCJb6VHvTkfqGslS],,0LmhYxMCJb6VHvTkfqGslS,Suns of Arqa,9594,9804,0,2026-07-18T20:45:22.974241+00:00,Spotify web-player queryArtistOverview,undocumented read-only web-client endpoint,0LmhYxMCJb6VHvTkfqGslS,Q14254027,Suns of Arqa,Suns of Arqa,,,musical group,United Kingdom,,,,,True,accepted_exact_name,True,True,eligible_group_or_duo,True,False
Konflict [020C1LBIvJb2xaiCuFMH97],,020C1LBIvJb2xaiCuFMH97,Konflict,9488,12496,0,2026-07-18T20:45:22.974241+00:00,Spotify web-player queryArtistOverview,undocumented read-only web-client endpoint,020C1LBIvJb2xaiCuFMH97,Q4042308,Konflict,Konflict,,,musical group,United Kingdom,,,,,True,accepted_exact_name,True,True,eligible_group_or_duo,True,False
Man [6XNNAZyTxhw3IRa0xyRBeo],,6XNNAZyTxhw3IRa0xyRBeo,Man,9482,13198,0,2026-07-18T20:45:22.974241+00:00,Spotify web-player queryArtistOverview,undocumented read-only web-client endpoint,6XNNAZyTxhw3IRa0xyRBeo,Q1758439,Man,Man,Q752762,Merthyr Tydfil,musical group,United Kingdom,,,,,True,accepted_exact_name,True,True,eligible_group_or_duo,True,False
Nine Below Zero [3OPxkeeqWspVVPlc6XUSaq],,3OPxkeeqWspVVPlc6XUSaq,Nine Below Zero,9445,12222,0,2026-07-18T20:45:22.974241+00:00,Spotify web-player queryArtistOverview,undocumented read-only web-client endpoint,3OPxkeeqWspVVPlc6XUSaq,Q668133,Nine Below Zero,Nine Below Zero,,,musical group,United Kingdom,,,,,True,accepted_exact_name,True,True,eligible_group_or_duo,True,False
JBAG [3bkVz70Wb5WN0PKbT70o7R],,3bkVz70Wb5WN0PKbT70o7R,JBAG,9433,848,0,2026-07-18T20:45:22.974241+00:00,Spotify web-player queryArtistOverview,undocumented read-only web-client endpoint,3bkVz70Wb5WN0PKbT70o7R,Q59263389,JBAG,JBAG,,,musical group,United Kingdom,,,,,True,accepted_exact_name,True,True,eligible_group_or_duo,True,False
Perpetual loop [5NvD7pBUIDzAbQLRqqdEMc],,5NvD7pBUIDzAbQLRqqdEMc,Perpetual Loop,9316,7778,0,2026-07-18T20:45:22.974241+00:00,Spotify web-player queryArtistOverview,undocumented read-only web-client endpoint,5NvD7pBUIDzAbQLRqqdEMc,Q59529633,Perpetual loop,Perpetual loop,,,musical group,United Kingdom,,,,,True,accepted_exact_name,True,True,eligible_group_or_duo,True,False
Cloven Hoof [3OD7fkHK24rI5G6yoaHzmw],,3OD7fkHK24rI5G6yoaHzmw,Cloven Hoof,9159,27074,0,2026-07-18T20:45:22.974241+00:00,Spotify web-player queryArtistOverview,undocumented read-only web-client endpoint,3OD7fkHK24rI5G6yoaHzmw,Q467811,Cloven Hoof,Cloven Hoof,Q126269,Wolverhampton,musical group,United Kingdom,,,,,True,accepted_exact_name,True,True,eligible_group_or_duo,True,False
No-Man [77BO4bYHfvTmVuG63wOuHX],,77BO4bYHfvTmVuG63wOuHX,No-Man,9124,36627,0,2026-07-18T20:45:22.974241+00:00,Spotify web-player queryArtistOverview,undocumented read-only web-client endpoint,77BO4bYHfvTmVuG63wOuHX,Q1994472,No-Man,No-Man,Q21,England,musical group,United Kingdom,,,,,True,accepted_exact_name,True,True,eligible_group_or_duo,True,False
Yndi Halda [6fJ7oFpKH1xy1xE9Xx1vFJ],,6fJ7oFpKH1xy1xE9Xx1vFJ,Yndi Halda,9047,28757,0,2026-07-18T20:45:22.974241+00:00,Spotify web-player queryArtistOverview,undocumented read-only web-client endpoint,6fJ7oFpKH1xy1xE9Xx1vFJ,Q1649225,Yndi Halda,Yndi Halda,Q21,England,musical group,United Kingdom,,,,,True,accepted_exact_name,True,True,eligible_group_or_duo,True,False
Rise to Remain [45c015302pkY0hgbjeGk1F],,45c015302pkY0hgbjeGk1F,Rise To Remain,9033,15341,0,2026-07-18T20:45:22.974241+00:00,Spotify web-player queryArtistOverview,undocumented read-only web-client endpoint,45c015302pkY0hgbjeGk1F,Q3433132,Rise to Remain,Rise to Remain,Q84,London,musical group,United Kingdom,,,,,True,accepted_exact_name,True,True,eligible_group_or_duo,True,False
Electro Hippies [6SB6LkNS2N8VOuTeItS23u],,6SB6LkNS2N8VOuTeItS23u,Electro Hippies,8920,25933,0,2026-07-18T20:45:22.974241+00:00,Spotify web-player queryArtistOverview,undocumented read-only web-client endpoint,6SB6LkNS2N8VOuTeItS23u,Q844961,Electro Hippies,Electro Hippies,Q153647,St Helens,musical group,United Kingdom,,,,,True,accepted_exact_name,True,True,eligible_group_or_duo,True,False
And Also the Trees [0iUr6w7AOIfLxSKQTbxf43],,0iUr6w7AOIfLxSKQTbxf43,And Also The Trees,8889,25519,0,2026-07-18T20:45:22.974241+00:00,Spotify web-player queryArtistOverview,undocumented read-only web-client endpoint,0iUr6w7AOIfLxSKQTbxf43,Q489545,And Also the Trees,And Also the Trees,Q2715452,Inkberrow,musical group,United Kingdom,,,,,True,accepted_exact_name,True,True,eligible_group_or_duo,True,False
Maximum Joy [4nJZjFnTJ5BkZwYe7ZGhUG],,4nJZjFnTJ5BkZwYe7ZGhUG,Maximum Joy,8877,14130,0,2026-07-18T20:45:22.974241+00:00,Spotify web-player queryArtistOverview,undocumented read-only web-client endpoint,4nJZjFnTJ5BkZwYe7ZGhUG,Q6795855,Maximum Joy,Maximum Joy,Q23154,Bristol,musical group,United Kingdom,,,,,True,accepted_exact_name,True,True,eligible_group_or_duo,True,False
Orlando [4CFVwKkEV3fPV2hr6ISfPH],,4CFVwKkEV3fPV2hr6ISfPH,Orlando,8736,1827,0,2026-07-18T20:45:22.974241+00:00,Spotify web-player queryArtistOverview,undocumented read-only web-client endpoint,4CFVwKkEV3fPV2hr6ISfPH,Q7103030,Orlando,Orlando,Q21,England,musical ensemble,United Kingdom,,,,,True,accepted_exact_name,True,True,eligible_group_or_duo,True,False
Toy [0b0uhvUEeiD6y0XHVw3mRA],,0b0uhvUEeiD6y0XHVw3mRA,TOY,8666,31156,0,2026-07-18T20:45:22.974241+00:00,Spotify web-player queryArtistOverview,undocumented read-only web-client endpoint,0b0uhvUEeiD6y0XHVw3mRA,Q6151299,Toy,Toy,Q131491,Brighton,musical group,United Kingdom,,,,,True,accepted_exact_name,True,True,eligible_group_or_duo,True,False
The Screaming Blue Messiahs [0NThbe2SzQCuKcsMTIujKS],,0NThbe2SzQCuKcsMTIujKS,The Screaming Blue Messiahs,8656,5659,0,2026-07-18T20:45:22.974241+00:00,Spotify web-player queryArtistOverview,undocumented read-only web-client endpoint,0NThbe2SzQCuKcsMTIujKS,Q1416018,The Screaming Blue Messiahs,The Screaming Blue Messiahs,,,musical group,United Kingdom,,,,,True,accepted_exact_name,True,True,eligible_group_or_duo,True,False
Rue Royale [4phRwQR3N91LCXwjBuwrbp],,4phRwQR3N91LCXwjBuwrbp,Rue Royale,8531,12193,0,2026-07-18T20:45:22.974241+00:00,Spotify web-player queryArtistOverview,undocumented read-only web-client endpoint,4phRwQR3N91LCXwjBuwrbp,Q17030085,Rue Royale,Rue Royale,Q1297,Chicago,married couple|musical duo,United Kingdom,,,,,True,accepted_exact_name,True,True,eligible_group_or_duo,True,False
The Choirboys [3ZtRtJV4yZOmdWjywEjNND],,3ZtRtJV4yZOmdWjywEjNND,The Choirboys,8472,2924,0,2026-07-18T20:45:22.974241+00:00,Spotify web-player queryArtistOverview,undocumented read-only web-client endpoint,3ZtRtJV4yZOmdWjywEjNND,Q1808521,The Choirboys,The Choirboys,,,musical group,United Kingdom,,,,,True,accepted_exact_name,True,True,eligible_group_or_duo,True,False
SHiiKANE [6BBdrTz88rbQhqSmSWidR1],,6BBdrTz88rbQhqSmSWidR1,Shiikane,8430,1875,0,2026-07-18T20:45:22.974241+00:00,Spotify web-player queryArtistOverview,undocumented read-only web-client endpoint,6BBdrTz88rbQhqSmSWidR1,Q55082794,SHiiKANE,SHiiKANE,Q1061665|Q84,Asaba|London,musical group,United Kingdom,,,,,True,accepted_exact_name,True,True,eligible_group_or_duo,True,False
Sugardaddy [1aINZWAZFNh6dfCtOQCtAT],,1aINZWAZFNh6dfCtOQCtAT,Sugardaddy,8415,1169,0,2026-07-18T20:45:22.974241+00:00,Spotify web-player queryArtistOverview,undocumented read-only web-client endpoint,1aINZWAZFNh6dfCtOQCtAT,Q7634976,Sugardaddy,Sugardaddy,,,electronica duo,United Kingdom,,,,,True,accepted_exact_name,True,True,eligible_group_or_duo,True,False
Flanders and Swann [4AR9DghWVyZK6ylUPb8mLI],,4AR9DghWVyZK6ylUPb8mLI,Flanders & Swann,8300,7355,0,2026-07-18T20:45:22.974241+00:00,Spotify web-player queryArtistOverview,undocumented read-only web-client endpoint,4AR9DghWVyZK6ylUPb8mLI,Q860556,Flanders and Swann,Flanders and Swann,Q84,London,double act|male duo|musical duo,United Kingdom,,,,,False,rejected_name_mismatch,False,True,eligible_group_or_duo,True,False
Gold Key [753lBNfu7fBooASCvuxDLD],,753lBNfu7fBooASCvuxDLD,Gold Key,8261,3981,0,2026-07-18T20:45:22.974241+00:00,Spotify web-player queryArtistOverview,undocumented read-only web-client endpoint,753lBNfu7fBooASCvuxDLD,Q100742661,Gold Key,Gold Key,Q2598,Watford,rock band,United Kingdom,,,,,True,accepted_exact_name,True,True,eligible_group_or_duo,True,False
The Bottom Line [2goF23SQwJH5I0njJ3TnH2],,2goF23SQwJH5I0njJ3TnH2,The Bottom Line,8205,11818,0,2026-07-18T20:45:22.974241+00:00,Spotify web-player queryArtistOverview,undocumented read-only web-client endpoint,2goF23SQwJH5I0njJ3TnH2,Q105086101,The Bottom Line,The Bottom Line,,,musical group|rock band,United Kingdom,,,,,True,accepted_exact_name,True,True,eligible_group_or_duo,True,False
Alamire [4tbw1zKAjeOghhCu6gRCYU],,4tbw1zKAjeOghhCu6gRCYU,Alamire,8085,1699,0,2026-07-18T20:45:22.974241+00:00,Spotify web-player queryArtistOverview,undocumented read-only web-client endpoint,4tbw1zKAjeOghhCu6gRCYU,Q4705927,Alamire,Alamire,Q84,London,musical group,England,,,,,True,accepted_exact_name,True,True,eligible_group_or_duo,True,False
Phi Life Cypher [4cDUgsexpRzd4AUvOOvOQh],,4cDUgsexpRzd4AUvOOvOQh,Phi Life Cypher,7911,10474,0,2026-07-18T20:45:22.974241+00:00,Spotify web-player queryArtistOverview,undocumented read-only web-client endpoint,4cDUgsexpRzd4AUvOOvOQh,Q7181546,Phi Life Cypher,Phi Life Cypher,,,musical group,United Kingdom,,,,,True,accepted_exact_name,True,True,eligible_group_or_duo,True,False
Walt Disco [5Id5Ig1KgNJoLjLFskZ18I],,5Id5Ig1KgNJoLjLFskZ18I,walt disco,7896,16055,0,2026-07-18T20:45:22.974241+00:00,Spotify web-player queryArtistOverview,undocumented read-only web-client endpoint,5Id5Ig1KgNJoLjLFskZ18I,Q137842967,Walt Disco,Walt Disco,Q4093,Glasgow,musical group,United Kingdom,,,,,True,accepted_exact_name,True,True,eligible_group_or_duo,True,False
British Lion [5z5jrGRiONDfGvQydFriQh],,5z5jrGRiONDfGvQydFriQh,British Lion,7875,20715,0,2026-07-18T20:45:22.974241+00:00,Spotify web-player queryArtistOverview,undocumented read-only web-client endpoint,5z5jrGRiONDfGvQydFriQh,Q81028649,British Lion,British Lion,,,musical group,United Kingdom,,,,,True,accepted_exact_name,True,True,eligible_group_or_duo,True,False
The Eden House [44RZDLBmH5RPBIo4Tmfumv],,44RZDLBmH5RPBIo4Tmfumv,The Eden House,7871,13079,0,2026-07-18T20:45:22.974241+00:00,Spotify web-player queryArtistOverview,undocumented read-only web-client endpoint,44RZDLBmH5RPBIo4Tmfumv,Q7731551,The Eden House,The Eden House,Q145,United Kingdom,musical group,United Kingdom,,,,,True,accepted_exact_name,True,True,eligible_group_or_duo,True,False
Twisted Wheel [4yNl6kohlH1jcbfXwkcpg9],,4yNl6kohlH1jcbfXwkcpg9,Twisted Wheel,7795,20394,0,2026-07-18T20:45:22.974241+00:00,Spotify web-player queryArtistOverview,undocumented read-only web-client endpoint,4yNl6kohlH1jcbfXwkcpg9,Q3542574,Twisted Wheel,Twisted Wheel,Q1880083,Saddleworth,musical group,United Kingdom,,,,,True,accepted_exact_name,True,True,eligible_group_or_duo,True,False
A Forest of Stars [7CiWvN1gNzwW6eNxTAYhe2],,7CiWvN1gNzwW6eNxTAYhe2,A Forest Of Stars,7794,27758,0,2026-07-18T20:45:22.974241+00:00,Spotify web-player queryArtistOverview,undocumented read-only web-client endpoint,7CiWvN1gNzwW6eNxTAYhe2,Q60846500,A Forest of Stars,A Forest of Stars,,,musical group,England,,,,,True,accepted_exact_name,True,True,eligible_group_or_duo,True,False
Endellion String Quartet [1jZGb7wdNVHUedPTAP0GSN],,1jZGb7wdNVHUedPTAP0GSN,Endellion String Quartet,7672,2515,0,2026-07-18T20:45:22.974241+00:00,Spotify web-player queryArtistOverview,undocumented read-only web-client endpoint,1jZGb7wdNVHUedPTAP0GSN,Q5376016,Endellion String Quartet,Endellion String Quartet,,,string quartet,United Kingdom,,,,,True,accepted_exact_name,True,True,eligible_group_or_duo,True,False
Gnod [0M7HBnNJoTfTWouL5O7FtO],,0M7HBnNJoTfTWouL5O7FtO,Gnod,7659,18894,0,2026-07-18T20:45:22.974241+00:00,Spotify web-player queryArtistOverview,undocumented read-only web-client endpoint,0M7HBnNJoTfTWouL5O7FtO,Q16839381,Gnod,Gnod,,,musical group,United Kingdom,,,,,True,accepted_exact_name,True,True,eligible_group_or_duo,True,False
Kingmaker [11AkBmwCjqWISY2MRhlhhM],,11AkBmwCjqWISY2MRhlhhM,Kingmaker,7610,9420,0,2026-07-18T20:45:22.974241+00:00,Spotify web-player queryArtistOverview,undocumented read-only web-client endpoint,11AkBmwCjqWISY2MRhlhhM,Q6412791,Kingmaker,Kingmaker,Q128147,Kingston upon Hull,musical group,United Kingdom,,,,,True,accepted_exact_name,True,True,eligible_group_or_duo,True,False
BBC Singers [6JP6LrgvTOWrGZvgGOjCwM],,6JP6LrgvTOWrGZvgGOjCwM,BBC Singers,7444,1542,0,2026-07-18T20:45:22.974241+00:00,Spotify web-player queryArtistOverview,undocumented read-only web-client endpoint,6JP6LrgvTOWrGZvgGOjCwM,Q4834962,BBC Singers,BBC Singers,,,choir,United Kingdom,,,,,True,accepted_exact_name,True,True,eligible_group_or_duo,True,False
Verasect [0qGXgOeaVWc7PXMJzHMOHW],,0qGXgOeaVWc7PXMJzHMOHW,Verasect,7431,1426,0,2026-07-18T20:45:22.974241+00:00,Spotify web-player queryArtistOverview,undocumented read-only web-client endpoint,0qGXgOeaVWc7PXMJzHMOHW,Q61918632,Verasect,Verasect,,,musical group,United Kingdom,,,,,True,accepted_exact_name,True,True,eligible_group_or_duo,True,False
Newham Generals [4uvxuGejwpYNsKHUkNNtc7],,4uvxuGejwpYNsKHUkNNtc7,Newham Generals,7405,18957,0,2026-07-18T20:45:22.974241+00:00,Spotify web-player queryArtistOverview,undocumented read-only web-client endpoint,4uvxuGejwpYNsKHUkNNtc7,Q7018138,Newham Generals,Newham Generals,Q1656032,Forest Gate,musical group,United Kingdom,,,,,True,accepted_exact_name,True,True,eligible_group_or_duo,True,False
The Four Pennies [37s6Z7SRJ8U3URr6hocF8m],,37s6Z7SRJ8U3URr6hocF8m,The Four Pennies,7391,9855,0,2026-07-18T20:45:22.974241+00:00,Spotify web-player queryArtistOverview,undocumented read-only web-client endpoint,37s6Z7SRJ8U3URr6hocF8m,Q1432471,The Four Pennies,The Four Pennies,Q188313,Blackburn,musical group,United Kingdom,,,,,True,accepted_exact_name,True,True,eligible_group_or_duo,True,False
Thenewno2 [1UcjNf3XC72W7f34wc2Xzl],,1UcjNf3XC72W7f34wc2Xzl,thenewno2,7047,8380,0,2026-07-18T20:45:22.974241+00:00,Spotify web-player queryArtistOverview,undocumented read-only web-client endpoint,1UcjNf3XC72W7f34wc2Xzl,Q2984088,Thenewno2,Thenewno2,Q84,London,musical group,England,,,,,True,accepted_exact_name,True,True,eligible_group_or_duo,True,False
The Springfields [4kwCLM6VuDfkyWAyn9xFlq],,4kwCLM6VuDfkyWAyn9xFlq,The Springfields,7028,3942,0,2026-07-18T20:45:22.974241+00:00,Spotify web-player queryArtistOverview,undocumented read-only web-client endpoint,4kwCLM6VuDfkyWAyn9xFlq,Q7766073,The Springfields,The Springfields,,,musical group,United Kingdom,,,,,True,accepted_exact_name,True,True,eligible_group_or_duo,True,False
The Dylans [65W7zVtBaNrdG1f0sjuSC0],,65W7zVtBaNrdG1f0sjuSC0,The Dylans,6990,4788,0,2026-07-18T20:45:22.974241+00:00,Spotify web-player queryArtistOverview,undocumented read-only web-client endpoint,65W7zVtBaNrdG1f0sjuSC0,Q7731292,The Dylans,The Dylans,Q42448,Sheffield,musical group,United Kingdom,,,,,True,accepted_exact_name,True,True,eligible_group_or_duo,True,False
Essential Logic [1hJWecjPWroTl28fARuPd9],,1hJWecjPWroTl28fARuPd9,Essential Logic,6918,15331,0,2026-07-18T20:45:22.974241+00:00,Spotify web-player queryArtistOverview,undocumented read-only web-client endpoint,1hJWecjPWroTl28fARuPd9,Q4038229,Essential Logic,Essential Logic,Q21,England,musical group,United Kingdom,,,,,True,accepted_exact_name,True,True,eligible_group_or_duo,True,False
The Fauns [6F6So5FxbaQCaVkNSH4XdP],,6F6So5FxbaQCaVkNSH4XdP,The Fauns,6917,8160,0,2026-07-18T20:45:22.974241+00:00,Spotify web-player queryArtistOverview,undocumented read-only web-client endpoint,6F6So5FxbaQCaVkNSH4XdP,Q16836398,The Fauns,The Fauns,Q23154,Bristol,musical group,United Kingdom,,,,,True,accepted_exact_name,True,True,eligible_group_or_duo,True,False
Cud [6kKfc2LmGIhmARkBTyWhQE],,6kKfc2LmGIhmARkBTyWhQE,Cud,6875,9780,0,2026-07-18T20:45:22.974241+00:00,Spotify web-player queryArtistOverview,undocumented read-only web-client endpoint,6kKfc2LmGIhmARkBTyWhQE,Q5192474,Cud,Cud,Q39121,Leeds,musical group,United Kingdom,,,,,True,accepted_exact_name,True,True,eligible_group_or_duo,True,False
Blue Zoo [7xh7pIwH1MTZtVH7i9hiKY],,7xh7pIwH1MTZtVH7i9hiKY,Blue Zoo,6709,2526,0,2026-07-18T20:45:22.974241+00:00,Spotify web-player queryArtistOverview,undocumented read-only web-client endpoint,7xh7pIwH1MTZtVH7i9hiKY,Q4930041,Blue Zoo,Blue Zoo,,,musical group,United Kingdom,,,,,True,accepted_exact_name,True,True,eligible_group_or_duo,True,False
Audiobooks [1YvLqwm8xl6ENUT3KK6XMj],,1YvLqwm8xl6ENUT3KK6XMj,audiobooks,6692,15964,0,2026-07-18T20:45:22.974241+00:00,Spotify web-player queryArtistOverview,undocumented read-only web-client endpoint,1YvLqwm8xl6ENUT3KK6XMj,Q111631754,Audiobooks,Audiobooks,Q84,London,musical duo,United Kingdom,,,,,True,accepted_exact_name,True,True,eligible_group_or_duo,True,False
Savage [0LRGRmVKnmhwnmAWWTxn8Z],,0LRGRmVKnmhwnmAWWTxn8Z,Savage,6561,9040,0,2026-07-18T20:45:22.974241+00:00,Spotify web-player queryArtistOverview,undocumented read-only web-client endpoint,0LRGRmVKnmhwnmAWWTxn8Z,Q2227921,Savage,Savage,,,musical group,United Kingdom,,,,,True,accepted_exact_name,True,True,eligible_group_or_duo,True,False
Skin [2twFUPBFAf6wTnfI7X9z0j],,2twFUPBFAf6wTnfI7X9z0j,Skin,6530,3195,0,2026-07-18T20:45:22.974241+00:00,Spotify web-player queryArtistOverview,undocumented read-only web-client endpoint,2twFUPBFAf6wTnfI7X9z0j,Q2292368,Skin,Skin,,,musical group,United Kingdom,,,,,True,accepted_exact_name,True,True,eligible_group_or_duo,True,False
Chilingirian Quartet [1LWQhhpQjclzVZ8QZUx9MZ],,31Q9Bw9JjyG9ySC2d0aZa2,Chilingirian Quartet,6518,1099,0,2026-07-18T20:45:22.974241+00:00,Spotify web-player queryArtistOverview,undocumented read-only web-client endpoint,1LWQhhpQjclzVZ8QZUx9MZ,Q3413667,Chilingirian Quartet,Chilingirian Quartet,,,string quartet,United Kingdom,,,,,True,accepted_exact_name,True,True,eligible_group_or_duo,False,False
Dog Faced Hermans [3dP1h4150iwrDTqryQ5ybE],,3dP1h4150iwrDTqryQ5ybE,Dog Faced Hermans,6476,12404,0,2026-07-18T20:45:22.974241+00:00,Spotify web-player queryArtistOverview,undocumented read-only web-client endpoint,3dP1h4150iwrDTqryQ5ybE,Q5288181,Dog Faced Hermans,Dog Faced Hermans,Q23436,Edinburgh,musical group,United Kingdom,,,,,True,accepted_exact_name,True,True,eligible_group_or_duo,True,False
ZIBRA [2Bf6p6mOOM2fXrerjiDsHe],,2Bf6p6mOOM2fXrerjiDsHe,Zibra,6474,5789,0,2026-07-18T20:45:22.974241+00:00,Spotify web-player queryArtistOverview,undocumented read-only web-client endpoint,2Bf6p6mOOM2fXrerjiDsHe,Q61794130,ZIBRA,ZIBRA,,,musical group,United Kingdom,,,,,True,accepted_exact_name,True,True,eligible_group_or_duo,True,False
Blueboy [0arZTC10n2y1hVMZfRV6Xn],,0arZTC10n2y1hVMZfRV6Xn,Blueboy,6451,9970,0,2026-07-18T20:45:22.974241+00:00,Spotify web-player queryArtistOverview,undocumented read-only web-client endpoint,0arZTC10n2y1hVMZfRV6Xn,Q4930275,Blueboy,Blueboy,Q161491,Reading,musical group,United Kingdom,,,,,True,accepted_exact_name,True,True,eligible_group_or_duo,True,False
The John Barry Seven [4vzILq98l9gZRA9K2SdaTE],,4vzILq98l9gZRA9K2SdaTE,John Barry Seven,6348,1091,0,2026-07-18T20:45:22.974241+00:00,Spotify web-player queryArtistOverview,undocumented read-only web-client endpoint,4vzILq98l9gZRA9K2SdaTE,Q7743357,The John Barry Seven,The John Barry Seven,Q42462,York,musical group,United Kingdom,,,,,False,rejected_name_mismatch,False,True,eligible_group_or_duo,True,False
The John Barry Seven [6O9cIK0qYDPFnJlokZYJ7E],,4vzILq98l9gZRA9K2SdaTE,John Barry Seven,6348,1091,0,2026-07-18T20:45:22.974241+00:00,Spotify web-player queryArtistOverview,undocumented read-only web-client endpoint,6O9cIK0qYDPFnJlokZYJ7E,Q7743357,The John Barry Seven,The John Barry Seven,Q42462,York,musical group,United Kingdom,,,,,False,rejected_name_mismatch,False,True,eligible_group_or_duo,False,True
The John Barry Seven [7na85rPu9SP3GlFpy4JJKk],,4vzILq98l9gZRA9K2SdaTE,John Barry Seven,6348,1091,0,2026-07-18T20:45:22.974241+00:00,Spotify web-player queryArtistOverview,undocumented read-only web-client endpoint,7na85rPu9SP3GlFpy4JJKk,Q7743357,The John Barry Seven,The John Barry Seven,Q42462,York,musical group,United Kingdom,,,,,False,rejected_name_mismatch,False,True,eligible_group_or_duo,False,True
Virginia Wolf [0sGu4qiq8w8AJ8K2PGhgnj],,0sGu4qiq8w8AJ8K2PGhgnj,Virginia Wolf,6295,5245,0,2026-07-18T20:45:22.974241+00:00,Spotify web-player queryArtistOverview,undocumented read-only web-client endpoint,0sGu4qiq8w8AJ8K2PGhgnj,Q7934663,Virginia Wolf,Virginia Wolf,,,musical group,United Kingdom,,,,,True,accepted_exact_name,True,True,eligible_group_or_duo,True,False
Baby Mammoth [3QM2q6SDqoM6EduVwpv5uo],,3QM2q6SDqoM6EduVwpv5uo,Baby Mammoth,6206,10562,0,2026-07-18T20:45:22.974241+00:00,Spotify web-player queryArtistOverview,undocumented read-only web-client endpoint,3QM2q6SDqoM6EduVwpv5uo,Q24548552,Baby Mammoth,Baby Mammoth,,,musical group,United Kingdom,,,,,True,accepted_exact_name,True,True,eligible_group_or_duo,True,False
The Allisons [3Fc3e55Hpm24q5XzsTyyo4],,3Fc3e55Hpm24q5XzsTyyo4,The Allisons,6173,1405,0,2026-07-18T20:45:22.974241+00:00,Spotify web-player queryArtistOverview,undocumented read-only web-client endpoint,3Fc3e55Hpm24q5XzsTyyo4,Q1470492,The Allisons,The Allisons,,,musical duo|musical group,United Kingdom,,,,,True,accepted_exact_name,True,True,eligible_group_or_duo,True,False
Youth Killed It [1zQkBk9LCUvNlOcK9ASzCq],,1zQkBk9LCUvNlOcK9ASzCq,Youth Killed It,6015,7471,0,2026-07-18T20:45:22.974241+00:00,Spotify web-player queryArtistOverview,undocumented read-only web-client endpoint,1zQkBk9LCUvNlOcK9ASzCq,Q28407041,Youth Killed It,Youth Killed It,,,musical group,United Kingdom,,,,,True,accepted_exact_name,True,True,eligible_group_or_duo,True,False
Rich Kids [69d3gmnnSi2WPQ9ISplpia],,69d3gmnnSi2WPQ9ISplpia,Rich Kids,6006,6782,0,2026-07-18T20:45:22.974241+00:00,Spotify web-player queryArtistOverview,undocumented read-only web-client endpoint,69d3gmnnSi2WPQ9ISplpia,Q2301119,Rich Kids,Rich Kids,Q84,London,musical group,United Kingdom,,,,,True,accepted_exact_name,True,True,eligible_group_or_duo,True,False
Akercocke [0YAOC9q7XHpKplKYf7FMSp],,0YAOC9q7XHpKplKYf7FMSp,Akercocke,5993,26427,0,2026-07-18T20:45:22.974241+00:00,Spotify web-player queryArtistOverview,undocumented read-only web-client endpoint,0YAOC9q7XHpKplKYf7FMSp,Q417451,Akercocke,Akercocke,Q84,London,musical group,United Kingdom,,,,,True,accepted_exact_name,True,True,eligible_group_or_duo,True,False
Gay Dad [535WNmI30z5qzQs5XpPnC4],,535WNmI30z5qzQs5XpPnC4,Gay Dad,5987,4077,0,2026-07-18T20:45:22.974241+00:00,Spotify web-player queryArtistOverview,undocumented read-only web-client endpoint,535WNmI30z5qzQs5XpPnC4,Q5528571,Gay Dad,Gay Dad,Q84,London,musical group,United Kingdom,,,,,True,accepted_exact_name,True,True,eligible_group_or_duo,True,False
Salad [1VtneCNqtX2GoZB9S7Ne0r],,1VtneCNqtX2GoZB9S7Ne0r,Salad,5957,5233,0,2026-07-18T20:45:22.974241+00:00,Spotify web-player queryArtistOverview,undocumented read-only web-client endpoint,1VtneCNqtX2GoZB9S7Ne0r,Q3469451,Salad,Salad,Q84,London,musical group,United Kingdom,,,,,True,accepted_exact_name,True,True,eligible_group_or_duo,True,False
Stray [4rOINXROgN1sxSCQWHky1k],,4rOINXROgN1sxSCQWHky1k,Stray,5943,5361,0,2026-07-18T20:45:22.974241+00:00,Spotify web-player queryArtistOverview,undocumented read-only web-client endpoint,4rOINXROgN1sxSCQWHky1k,Q7622553,Stray,Stray,,,musical group,United Kingdom,,,,,True,accepted_exact_name,True,True,eligible_group_or_duo,True,False
The Chronicles of Manimal and Samara [2V3zzIcq2sbRbaEjbGypc8],,2V3zzIcq2sbRbaEjbGypc8,The Chronicles of Manimal and Samara,5920,2292,0,2026-07-18T20:45:22.974241+00:00,Spotify web-player queryArtistOverview,undocumented read-only web-client endpoint,2V3zzIcq2sbRbaEjbGypc8,Q104903900,The Chronicles of Manimal and Samara,The Chronicles of Manimal and Samara,Q84,London,musical group,United Kingdom,,,,,True,accepted_exact_name,True,True,eligible_group_or_duo,True,False
1990s [1JEwJAGMlP6JvUkZ5OXkvy],,1JEwJAGMlP6JvUkZ5OXkvy,1990s,5891,11524,0,2026-07-18T20:45:22.974241+00:00,Spotify web-player queryArtistOverview,undocumented read-only web-client endpoint,1JEwJAGMlP6JvUkZ5OXkvy,Q266906,1990s,1990s,Q4093,Glasgow,musical group,United Kingdom,,,,,True,accepted_exact_name,True,True,eligible_group_or_duo,True,False
Krush [5h4ZG8K8cF4G7t0yA95QRa],,5h4ZG8K8cF4G7t0yA95QRa,Krush,5636,545,0,2026-07-18T20:45:22.974241+00:00,Spotify web-player queryArtistOverview,undocumented read-only web-client endpoint,5h4ZG8K8cF4G7t0yA95QRa,Q1790275,Krush,Krush,,,musical group,United Kingdom,,,,,True,accepted_exact_name,True,True,eligible_group_or_duo,True,False
Gnarwolves [3dsBRiySuhVwZcFv1qsNbd],,3dsBRiySuhVwZcFv1qsNbd,Gnarwolves,5625,21370,0,2026-07-18T20:45:22.974241+00:00,Spotify web-player queryArtistOverview,undocumented read-only web-client endpoint,3dsBRiySuhVwZcFv1qsNbd,Q17560577,Gnarwolves,Gnarwolves,Q131491,Brighton,musical group,United Kingdom,,,,,True,accepted_exact_name,True,True,eligible_group_or_duo,True,False
Press to Meco [1uLjfn78AsMWafGWBuVT8q],,1uLjfn78AsMWafGWBuVT8q,Press to MECO,5599,8762,0,2026-07-18T20:45:22.974241+00:00,Spotify web-player queryArtistOverview,undocumented read-only web-client endpoint,1uLjfn78AsMWafGWBuVT8q,Q104845745,Press to Meco,Press to Meco,,,musical group,United Kingdom,,,,,True,accepted_exact_name,True,True,eligible_group_or_duo,True,False
The School [1C4F7PHDaEkp5ZL1rkkmrE],,1C4F7PHDaEkp5ZL1rkkmrE,The School,5599,7462,0,2026-07-18T20:45:22.974241+00:00,Spotify web-player queryArtistOverview,undocumented read-only web-client endpoint,1C4F7PHDaEkp5ZL1rkkmrE,Q7762518,The School,The School,,,musical group,United Kingdom,,,,,True,accepted_exact_name,True,True,eligible_group_or_duo,True,False
Alffa [7iY7ckZelLh9emhog8UrXD],,7iY7ckZelLh9emhog8UrXD,Alffa,5550,6727,0,2026-07-18T20:45:22.974241+00:00,Spotify web-player queryArtistOverview,undocumented read-only web-client endpoint,7iY7ckZelLh9emhog8UrXD,Q63535286,Alffa,Alffa,Q428829,Caernarfon,musical group,Wales,,,,,True,accepted_exact_name,True,True,eligible_group_or_duo,True,False
Buzzard Buzzard Buzzard [69ilUSFj31FA2iLHtegRwi],,69ilUSFj31FA2iLHtegRwi,Buzzard Buzzard Buzzard,5470,12430,0,2026-07-18T20:45:22.974241+00:00,Spotify web-player queryArtistOverview,undocumented read-only web-client endpoint,69ilUSFj31FA2iLHtegRwi,Q111712356,Buzzard Buzzard Buzzard,Buzzard Buzzard Buzzard,Q10690,Cardiff,musical group,United Kingdom,,,,,True,accepted_exact_name,True,True,eligible_group_or_duo,True,False
Dunedin Consort [59U4fdjDvEG4CZhSIZiWKT],,59U4fdjDvEG4CZhSIZiWKT,Dunedin Consort,5440,2640,0,2026-07-18T20:45:22.974241+00:00,Spotify web-player queryArtistOverview,undocumented read-only web-client endpoint,59U4fdjDvEG4CZhSIZiWKT,Q16834040,Dunedin Consort,Dunedin Consort,,,musical group,United Kingdom,,,,,True,accepted_exact_name,True,True,eligible_group_or_duo,True,False
Cinerama [70Yc3h8nqnLWI7DgytZ6oM],,70Yc3h8nqnLWI7DgytZ6oM,Cinerama,5430,8938,0,2026-07-18T20:45:22.974241+00:00,Spotify web-player queryArtistOverview,undocumented read-only web-client endpoint,70Yc3h8nqnLWI7DgytZ6oM,Q658001,Cinerama,Cinerama,,,musical group,United Kingdom,,,,,True,accepted_exact_name,True,True,eligible_group_or_duo,True,False
Maybeshewill [33qUIIydEBgWpe58IA0o61],,33qUIIydEBgWpe58IA0o61,Maybeshewill,5414,95611,0,2026-07-18T20:45:22.974241+00:00,Spotify web-player queryArtistOverview,undocumented read-only web-client endpoint,33qUIIydEBgWpe58IA0o61,Q545593,Maybeshewill,Maybeshewill,Q83065,Leicester,musical group,United Kingdom,,,,,True,accepted_exact_name,True,True,eligible_group_or_duo,True,False
Jade Warrior [6EM2kLJfgXV0KGffb0hW4a],,6EM2kLJfgXV0KGffb0hW4a,Jade Warrior,5413,12264,0,2026-07-18T20:45:22.974241+00:00,Spotify web-player queryArtistOverview,undocumented read-only web-client endpoint,6EM2kLJfgXV0KGffb0hW4a,Q445240,Jade Warrior,Jade Warrior,Q145,United Kingdom,musical group,United Kingdom,,,,,True,accepted_exact_name,True,True,eligible_group_or_duo,True,False
Ezio [2hoCjTHsd1VX8enqiGsCHV],,2hoCjTHsd1VX8enqiGsCHV,Ezio,5403,5030,0,2026-07-18T20:45:22.974241+00:00,Spotify web-player queryArtistOverview,undocumented read-only web-client endpoint,2hoCjTHsd1VX8enqiGsCHV,Q1386033,Ezio,Ezio,Q350,Cambridge,musical group,United Kingdom,,,,,True,accepted_exact_name,True,True,eligible_group_or_duo,True,False
Puppy [1k7YEgitylDPEwY0oLo8lH],,1k7YEgitylDPEwY0oLo8lH,Puppy,5390,13856,0,2026-07-18T20:45:22.974241+00:00,Spotify web-player queryArtistOverview,undocumented read-only web-client endpoint,1k7YEgitylDPEwY0oLo8lH,Q65244234,Puppy,Puppy,,,musical group,United Kingdom,,,,,True,accepted_exact_name,True,True,eligible_group_or_duo,True,False
Savage Messiah [1kOg7VnU8brFniiq9RnR9X],,1kOg7VnU8brFniiq9RnR9X,Savage Messiah,5385,19059,0,2026-07-18T20:45:22.974241+00:00,Spotify web-player queryArtistOverview,undocumented read-only web-client endpoint,1kOg7VnU8brFniiq9RnR9X,Q7427736,Savage Messiah,Savage Messiah,Q84,London,musical group,United Kingdom,,,,,True,accepted_exact_name,True,True,eligible_group_or_duo,True,False
Venom Inc. [3MHIoEboWZOn2vX4O3GrjM],,3MHIoEboWZOn2vX4O3GrjM,Venom Inc.,5358,20554,0,2026-07-18T20:45:22.974241+00:00,Spotify web-player queryArtistOverview,undocumented read-only web-client endpoint,3MHIoEboWZOn2vX4O3GrjM,Q30916754,Venom Inc.,Venom Inc.,Q1425428,Newcastle upon Tyne,musical group,United Kingdom,,,,,True,accepted_exact_name,True,True,eligible_group_or_duo,True,False
Black Moth [2kjn4KcvCR9atreeGcoest],,2kjn4KcvCR9atreeGcoest,Black Moth,5326,16825,0,2026-07-18T20:45:22.974241+00:00,Spotify web-player queryArtistOverview,undocumented read-only web-client endpoint,2kjn4KcvCR9atreeGcoest,Q18410806,Black Moth,Black Moth,,,musical group,United Kingdom,,,,,True,accepted_exact_name,True,True,eligible_group_or_duo,True,False
Cerebral Bore [0bamlDtTg8xXwgG4nd59bg],,0bamlDtTg8xXwgG4nd59bg,Cerebral Bore,5293,27090,0,2026-07-18T20:45:22.974241+00:00,Spotify web-player queryArtistOverview,undocumented read-only web-client endpoint,0bamlDtTg8xXwgG4nd59bg,Q3665077,Cerebral Bore,Cerebral Bore,Q4093,Glasgow,musical group,United Kingdom,,,,,True,accepted_exact_name,True,True,eligible_group_or_duo,True,False
Dutch Uncles [77bjO3iNEdkJfszgcf6YnB],,77bjO3iNEdkJfszgcf6YnB,Dutch Uncles,5285,13295,0,2026-07-18T20:45:22.974241+00:00,Spotify web-player queryArtistOverview,undocumented read-only web-client endpoint,77bjO3iNEdkJfszgcf6YnB,Q5317407,Dutch Uncles,Dutch Uncles,Q6772452,Marple,musical group,United Kingdom,,,,,True,accepted_exact_name,True,True,eligible_group_or_duo,True,False
Hudson People [4Gq2njeNuSrg6dVZZkXUXA],,4Gq2njeNuSrg6dVZZkXUXA,Hudson People,5171,1278,0,2026-07-18T20:45:22.974241+00:00,Spotify web-player queryArtistOverview,undocumented read-only web-client endpoint,4Gq2njeNuSrg6dVZZkXUXA,Q124710202,Hudson People,Hudson People,,,musical group,United Kingdom,,,,,True,accepted_exact_name,True,True,eligible_group_or_duo,True,False
Deller Consort [3GIgkzvdc1l9dMzlhsnuZV],,3GIgkzvdc1l9dMzlhsnuZV,The Deller Consort,5169,1066,0,2026-07-18T20:45:22.974241+00:00,Spotify web-player queryArtistOverview,undocumented read-only web-client endpoint,3GIgkzvdc1l9dMzlhsnuZV,Q607889,Deller Consort,Deller Consort,,,musical ensemble,United Kingdom,,,,,False,rejected_name_mismatch,False,True,eligible_group_or_duo,True,False
Lady Maisery [51acqTphIRISfi3F1ly3jn],,51acqTphIRISfi3F1ly3jn,Lady Maisery,5139,9681,0,2026-07-18T20:45:22.974241+00:00,Spotify web-player queryArtistOverview,undocumented read-only web-client endpoint,51acqTphIRISfi3F1ly3jn,Q16959655,Lady Maisery,Lady Maisery,,,musical group,United Kingdom,,,,,True,accepted_exact_name,True,True,eligible_group_or_duo,True,False
Big Blue Ball [3ZiljoP4bjyZUNG00fO42s],,3ZiljoP4bjyZUNG00fO42s,Big Blue Ball,5050,2884,0,2026-07-18T20:45:22.974241+00:00,Spotify web-player queryArtistOverview,undocumented read-only web-client endpoint,3ZiljoP4bjyZUNG00fO42s,Q115728317,Big Blue Ball,Big Blue Ball,,,musical group,United Kingdom,,,,,True,accepted_exact_name,True,True,eligible_group_or_duo,True,False
Host [7pSMKyct9zQiixsNr48rr4],,7pSMKyct9zQiixsNr48rr4,HOST,5006,13130,0,2026-07-18T20:45:22.974241+00:00,Spotify web-player queryArtistOverview,undocumented read-only web-client endpoint,7pSMKyct9zQiixsNr48rr4,Q116972151,Host,Host,,,musical group,United Kingdom,,,,,True,accepted_exact_name,True,True,eligible_group_or_duo,True,False
Kemistry & Storm [1teWan38Bwq7I33ZJ4Meba],,1teWan38Bwq7I33ZJ4Meba,Kemistry & Storm,4781,2546,0,2026-07-18T20:45:22.974241+00:00,Spotify web-player queryArtistOverview,undocumented read-only web-client endpoint,1teWan38Bwq7I33ZJ4Meba,Q1738483,Kemistry & Storm,Kemistry & Storm,,,musical duo,United Kingdom,,,,,True,accepted_exact_name,True,True,eligible_group_or_duo,True,False
Engineers [3hY7jnks2m5g2JAUCw4avu],,3hY7jnks2m5g2JAUCw4avu,Engineers,4750,9104,0,2026-07-18T20:45:22.974241+00:00,Spotify web-player queryArtistOverview,undocumented read-only web-client endpoint,3hY7jnks2m5g2JAUCw4avu,Q3725354,Engineers,Engineers,,,musical group,United Kingdom,,,,,True,accepted_exact_name,True,True,eligible_group_or_duo,True,False
Lungleg [4MSXrcdEDYgxKxlT1HpDiN],,4MSXrcdEDYgxKxlT1HpDiN,Lung Leg,4714,9192,0,2026-07-18T20:45:22.974241+00:00,Spotify web-player queryArtistOverview,undocumented read-only web-client endpoint,4MSXrcdEDYgxKxlT1HpDiN,Q6704334,Lungleg,Lungleg,,,musical group,United Kingdom,,,,,True,accepted_exact_name,True,True,eligible_group_or_duo,True,False
Disgust [2v3NKrkFwMSDIh3SJwIChm],,2v3NKrkFwMSDIh3SJwIChm,Disgust,4711,13956,0,2026-07-18T20:45:22.974241+00:00,Spotify web-player queryArtistOverview,undocumented read-only web-client endpoint,2v3NKrkFwMSDIh3SJwIChm,Q66821184,Disgust,Disgust,,,musical group,United Kingdom,,,,,True,accepted_exact_name,True,True,eligible_group_or_duo,True,False
Q131406514 [0wTfMphWYgAHdaXricLywe],,0wTfMphWYgAHdaXricLywe,Melin Melyn,4660,6385,0,2026-07-18T20:45:22.974241+00:00,Spotify web-player queryArtistOverview,undocumented read-only web-client endpoint,0wTfMphWYgAHdaXricLywe,Q131406514,Q131406514,Q131406514,,,musical group,United Kingdom,,,,,False,rejected_name_mismatch,False,True,eligible_group_or_duo,True,False
Kenickie [6yG0k5r13th34248rCB8Bz],,6yG0k5r13th34248rCB8Bz,Kenickie,4644,9603,0,2026-07-18T20:45:22.974241+00:00,Spotify web-player queryArtistOverview,undocumented read-only web-client endpoint,6yG0k5r13th34248rCB8Bz,Q11380086,Kenickie,Kenickie,Q23080,Tyne and Wear,musical group,United Kingdom,,,,,True,accepted_exact_name,True,True,eligible_group_or_duo,True,False
Alpha Male Tea Party [2JVPwr6UNZIdsdl8rjTD7S],,2JVPwr6UNZIdsdl8rjTD7S,Alpha Male Tea Party,4554,9728,0,2026-07-18T20:45:22.974241+00:00,Spotify web-player queryArtistOverview,undocumented read-only web-client endpoint,2JVPwr6UNZIdsdl8rjTD7S,Q54817728,Alpha Male Tea Party,Alpha Male Tea Party,,,musical group,United Kingdom,,,,,True,accepted_exact_name,True,True,eligible_group_or_duo,True,False
Blockster [5jQ8ycx2c3SRpJljOiqIbF],,5jQ8ycx2c3SRpJljOiqIbF,Blockster,4548,434,0,2026-07-18T20:45:22.974241+00:00,Spotify web-player queryArtistOverview,undocumented read-only web-client endpoint,5jQ8ycx2c3SRpJljOiqIbF,Q124850285,Blockster,Blockster,,,musical group,United Kingdom,,,,,True,accepted_exact_name,True,True,eligible_group_or_duo,True,False
The Men That Will Not Be Blamed for Nothing [5KKEJKZo0CnjcFwjsRxNqd],,5KKEJKZo0CnjcFwjsRxNqd,The Men That Will Not Be Blamed For Nothing,4519,9809,0,2026-07-18T20:45:22.974241+00:00,Spotify web-player queryArtistOverview,undocumented read-only web-client endpoint,5KKEJKZo0CnjcFwjsRxNqd,Q7750991,The Men That Will Not Be Blamed for Nothing,The Men That Will Not Be Blamed for Nothing,,,rock band,United Kingdom,,,,,True,accepted_exact_name,True,True,eligible_group_or_duo,True,False
Brutality Will Prevail [3Lrq7jnwOegUxvOYbd49fw],,3Lrq7jnwOegUxvOYbd49fw,Brutality Will Prevail,4493,16640,0,2026-07-18T20:45:22.974241+00:00,Spotify web-player queryArtistOverview,undocumented read-only web-client endpoint,3Lrq7jnwOegUxvOYbd49fw,Q15816280,Brutality Will Prevail,Brutality Will Prevail,Q10690,Cardiff,musical group,United Kingdom,,,,,True,accepted_exact_name,True,True,eligible_group_or_duo,True,False
Anterior [6Xx18willmwDpJn4x4U9Fu],,6Xx18willmwDpJn4x4U9Fu,Anterior,4476,12044,0,2026-07-18T20:45:22.974241+00:00,Spotify web-player queryArtistOverview,undocumented read-only web-client endpoint,6Xx18willmwDpJn4x4U9Fu,Q4771317,Anterior,Anterior,Q1529978,Tredegar,musical group,United Kingdom,,,,,True,accepted_exact_name,True,True,eligible_group_or_duo,True,False
Stone the Crows [1AdFLjG5endQ2HmDMtp5Fe],,1AdFLjG5endQ2HmDMtp5Fe,Stone The Crows,4439,20272,0,2026-07-18T20:45:22.974241+00:00,Spotify web-player queryArtistOverview,undocumented read-only web-client endpoint,1AdFLjG5endQ2HmDMtp5Fe,Q1425100,Stone the Crows,Stone the Crows,Q4093,Glasgow,musical group,United Kingdom,,,,,True,accepted_exact_name,True,True,eligible_group_or_duo,True,False
Neonfly [1wnlhuOqpsrSVILi00vhMw],,1wnlhuOqpsrSVILi00vhMw,Neonfly,4344,9858,0,2026-07-18T20:45:22.974241+00:00,Spotify web-player queryArtistOverview,undocumented read-only web-client endpoint,1wnlhuOqpsrSVILi00vhMw,Q85320227,Neonfly,Neonfly,Q84,London,heavy metal band,United Kingdom,,,,,True,accepted_exact_name,True,True,eligible_group_or_duo,True,False
The Safety Fire [0IbaScpUWE6Wboz4o6X7xG],,0IbaScpUWE6Wboz4o6X7xG,The Safety Fire,4331,28108,0,2026-07-18T20:45:22.974241+00:00,Spotify web-player queryArtistOverview,undocumented read-only web-client endpoint,0IbaScpUWE6Wboz4o6X7xG,Q7762013,The Safety Fire,The Safety Fire,,,musical group,United Kingdom,,,,,True,accepted_exact_name,True,True,eligible_group_or_duo,True,False
The Latin Project [36icU1sHPxmhaLcvIGRozD],,36icU1sHPxmhaLcvIGRozD,The Latin Project,4286,1125,0,2026-07-18T20:45:22.974241+00:00,Spotify web-player queryArtistOverview,undocumented read-only web-client endpoint,36icU1sHPxmhaLcvIGRozD,Q7746343,The Latin Project,The Latin Project,,,musical group,United Kingdom,,,,,True,accepted_exact_name,True,True,eligible_group_or_duo,True,False
L'objectif [7dB5TtNG9BHNj4QCfS0SQg],,7dB5TtNG9BHNj4QCfS0SQg,L'objectif,4235,7969,0,2026-07-18T20:45:22.974241+00:00,Spotify web-player queryArtistOverview,undocumented read-only web-client endpoint,7dB5TtNG9BHNj4QCfS0SQg,Q108934067,L'objectif,L'objectif,,,musical group,United Kingdom,,,,,True,accepted_exact_name,True,True,eligible_group_or_duo,True,False
Doctor Spin [5jG7Zcz2bpiqwD2HPSW0wA],,5jG7Zcz2bpiqwD2HPSW0wA,Doctor Spin,4222,377,0,2026-07-18T20:45:22.974241+00:00,Spotify web-player queryArtistOverview,undocumented read-only web-client endpoint,5jG7Zcz2bpiqwD2HPSW0wA,Q5287390,Doctor Spin,Doctor Spin,,,musical group,United Kingdom,,,,,True,accepted_exact_name,True,True,eligible_group_or_duo,True,False
Deadly circus fire [4IROpspOAvIZu2if8IS5z5],,4IROpspOAvIZu2if8IS5z5,Deadly Circus Fire,4210,7015,0,2026-07-18T20:45:22.974241+00:00,Spotify web-player queryArtistOverview,undocumented read-only web-client endpoint,4IROpspOAvIZu2if8IS5z5,Q5245671,Deadly circus fire,Deadly circus fire,Q84,London,musical group,United Kingdom,,,,,True,accepted_exact_name,True,True,eligible_group_or_duo,True,False
Skye | Ross [0RWrnBqyxtUJdUwwOsMzSE],,0RWrnBqyxtUJdUwwOsMzSE,Skye & Ross,4189,4652,0,2026-07-18T20:45:22.974241+00:00,Spotify web-player queryArtistOverview,undocumented read-only web-client endpoint,0RWrnBqyxtUJdUwwOsMzSE,Q24041763,Skye | Ross,Skye | Ross,,,musical group,United Kingdom,,,,,True,accepted_exact_name,True,True,eligible_group_or_duo,True,False
Arditti Quartet [1A6VSPPUJADy9l9nHcGFG5],,1A6VSPPUJADy9l9nHcGFG5,Arditti Quartet,4172,7012,0,2026-07-18T20:45:22.974241+00:00,Spotify web-player queryArtistOverview,undocumented read-only web-client endpoint,1A6VSPPUJADy9l9nHcGFG5,Q639552,Arditti Quartet,Arditti Quartet,Q1144673,Royal Academy of Music,musical group|string quartet,United Kingdom,,,,,True,accepted_exact_name,True,True,eligible_group_or_duo,True,False
Bootyard Bandits [7gobZTS0uqbaYHkukwqpBY],,7gobZTS0uqbaYHkukwqpBY,Bootyard Bandits,4168,2904,0,2026-07-18T20:45:22.974241+00:00,Spotify web-player queryArtistOverview,undocumented read-only web-client endpoint,7gobZTS0uqbaYHkukwqpBY,Q112341495,Bootyard Bandits,Bootyard Bandits,,,musical group,United Kingdom,,,,,True,accepted_exact_name,True,True,eligible_group_or_duo,True,False
Her Name Is Calla [5T4PUHbhqRuBnNXE0GJeUy],,5T4PUHbhqRuBnNXE0GJeUy,Her Name Is Calla,4155,11064,0,2026-07-18T20:45:22.974241+00:00,Spotify web-player queryArtistOverview,undocumented read-only web-client endpoint,5T4PUHbhqRuBnNXE0GJeUy,Q4040578,Her Name Is Calla,Her Name Is Calla,Q83065,Leicester,musical group,United Kingdom,,,,,True,accepted_exact_name,True,True,eligible_group_or_duo,True,False
My Life Story [3veCPp8rK1z3KSwQQcxzRC],,3veCPp8rK1z3KSwQQcxzRC,My Life Story,4136,9289,0,2026-07-18T20:45:22.974241+00:00,Spotify web-player queryArtistOverview,undocumented read-only web-client endpoint,3veCPp8rK1z3KSwQQcxzRC,Q4044700,My Life Story,My Life Story,,,musical group,United Kingdom,,,,,True,accepted_exact_name,True,True,eligible_group_or_duo,True,False
Sunhouse [0k7xkCLB0VZy0DUNqGVNYw],,0k7xkCLB0VZy0DUNqGVNYw,Sunhouse,4110,3793,0,2026-07-18T20:45:22.974241+00:00,Spotify web-player queryArtistOverview,undocumented read-only web-client endpoint,0k7xkCLB0VZy0DUNqGVNYw,Q7640267,Sunhouse,Sunhouse,,,musical group,United Kingdom,,,,,True,accepted_exact_name,True,True,eligible_group_or_duo,True,False
I Fagiolini [29PQuxZmOcagPnvmcojT7l],,29PQuxZmOcagPnvmcojT7l,I Fagiolini,4092,2068,0,2026-07-18T20:45:22.974241+00:00,Spotify web-player queryArtistOverview,undocumented read-only web-client endpoint,29PQuxZmOcagPnvmcojT7l,Q1655162,I Fagiolini,I Fagiolini,,,choir,United Kingdom,,,,,True,accepted_exact_name,True,True,eligible_group_or_duo,True,False
Heresy [0pT4Z78fyJMkR78bFmhxIU],,0pT4Z78fyJMkR78bFmhxIU,Heresy,4022,16300,0,2026-07-18T20:45:22.974241+00:00,Spotify web-player queryArtistOverview,undocumented read-only web-client endpoint,0pT4Z78fyJMkR78bFmhxIU,Q1581736,Heresy,Heresy,,,musical group,United Kingdom,,,,,True,accepted_exact_name,True,True,eligible_group_or_duo,True,False
Sore Throat [2xOI8KTempogFX1bQjGNXP],,2xOI8KTempogFX1bQjGNXP,Sore Throat,3966,15819,0,2026-07-18T20:45:22.974241+00:00,Spotify web-player queryArtistOverview,undocumented read-only web-client endpoint,2xOI8KTempogFX1bQjGNXP,Q7563397,Sore Throat,Sore Throat,Q145,United Kingdom,musical group,United Kingdom,,,,,True,accepted_exact_name,True,True,eligible_group_or_duo,True,False
Ex-Easter Island Head [2gEm0eVQOu7MWVmuRqqFC7],,2gEm0eVQOu7MWVmuRqqFC7,Ex-Easter Island Head,3950,4152,0,2026-07-18T20:45:22.974241+00:00,Spotify web-player queryArtistOverview,undocumented read-only web-client endpoint,2gEm0eVQOu7MWVmuRqqFC7,Q132132143,Ex-Easter Island Head,Ex-Easter Island Head,,,musical group,United Kingdom,,,,,True,accepted_exact_name,True,True,eligible_group_or_duo,True,False
Marc and the Mambas [4xAp8DM4iDR67SRodGv4dM],,4xAp8DM4iDR67SRodGv4dM,Marc and The Mambas,3854,8208,0,2026-07-18T20:45:22.974241+00:00,Spotify web-player queryArtistOverview,undocumented read-only web-client endpoint,4xAp8DM4iDR67SRodGv4dM,Q1892868,Marc and the Mambas,Marc and the Mambas,,,musical group,United Kingdom,,,,,True,accepted_exact_name,True,True,eligible_group_or_duo,True,False
Spiers and Boden [71Ulu4qwOfb5ks2kMTJhkc],,71Ulu4qwOfb5ks2kMTJhkc,Spiers & Boden,3841,6164,0,2026-07-18T20:45:22.974241+00:00,Spotify web-player queryArtistOverview,undocumented read-only web-client endpoint,71Ulu4qwOfb5ks2kMTJhkc,Q7577124,Spiers and Boden,Spiers and Boden,,,musical group,United Kingdom,,,,,False,rejected_name_mismatch,False,True,eligible_group_or_duo,True,False
Johnny Duncan & His Blue Grass Boys [0EaqmDH8gpL6wTbYiWUwF6],,5fEbMt6fvVtVp9RGkNWU5k,Johnny Duncan & The Blue Grass Boys,3728,1098,0,2026-07-18T20:45:22.974241+00:00,Spotify web-player queryArtistOverview,undocumented read-only web-client endpoint,0EaqmDH8gpL6wTbYiWUwF6,Q109673312,Johnny Duncan & His Blue Grass Boys,Johnny Duncan & His Blue Grass Boys,,,musical group,United Kingdom,,,,,False,rejected_name_mismatch,False,True,eligible_group_or_duo,False,False
Johnny Duncan & His Blue Grass Boys [51fGBL33bwLm8Qw3t1PI1y],,5fEbMt6fvVtVp9RGkNWU5k,Johnny Duncan & The Blue Grass Boys,3728,1098,0,2026-07-18T20:45:22.974241+00:00,Spotify web-player queryArtistOverview,undocumented read-only web-client endpoint,51fGBL33bwLm8Qw3t1PI1y,Q109673312,Johnny Duncan & His Blue Grass Boys,Johnny Duncan & His Blue Grass Boys,,,musical group,United Kingdom,,,,,False,rejected_name_mismatch,False,True,eligible_group_or_duo,False,True
Same Difference [1NU0ZObN8L7r6QfAn6Rk26],,1NU0ZObN8L7r6QfAn6Rk26,Same Difference,3651,16830,0,2026-07-18T20:45:22.974241+00:00,Spotify web-player queryArtistOverview,undocumented read-only web-client endpoint,1NU0ZObN8L7r6QfAn6Rk26,Q3470729,Same Difference,Same Difference,Q72259,Portsmouth,musical group,England,,,,,True,accepted_exact_name,True,True,eligible_group_or_duo,True,False
Trophy Wife [13PsWZDIffDFDYJGt0T7DU],,13PsWZDIffDFDYJGt0T7DU,Trophy Wife,3609,915,0,2026-07-18T20:45:22.974241+00:00,Spotify web-player queryArtistOverview,undocumented read-only web-client endpoint,13PsWZDIffDFDYJGt0T7DU,Q7845719,Trophy Wife,Trophy Wife,,,musical group,United Kingdom,,,,,True,accepted_exact_name,True,True,eligible_group_or_duo,True,False
Janus Stark [35ywrI6y0uJlytgs64mRu0],,35ywrI6y0uJlytgs64mRu0,Janus Stark,3581,1466,0,2026-07-18T20:45:22.974241+00:00,Spotify web-player queryArtistOverview,undocumented read-only web-client endpoint,35ywrI6y0uJlytgs64mRu0,Q16240090,Janus Stark,Janus Stark,,,musical group,United Kingdom,,,,,True,accepted_exact_name,True,True,eligible_group_or_duo,True,False
Comet Gain [1QFSWSYQpinYxsaAMG8jF2],,1QFSWSYQpinYxsaAMG8jF2,Comet Gain,3578,7571,0,2026-07-18T20:45:22.974241+00:00,Spotify web-player queryArtistOverview,undocumented read-only web-client endpoint,1QFSWSYQpinYxsaAMG8jF2,Q5151608,Comet Gain,Comet Gain,Q84,London,musical group,United Kingdom,,,,,True,accepted_exact_name,True,True,eligible_group_or_duo,True,False
CuteBad [09FEhj90tAtYK9WDdWfgeP],,09FEhj90tAtYK9WDdWfgeP,CuteBad,3560,5144,0,2026-07-18T20:45:22.974241+00:00,Spotify web-player queryArtistOverview,undocumented read-only web-client endpoint,09FEhj90tAtYK9WDdWfgeP,Q115222629,CuteBad,CuteBad,,,musical group,United Kingdom,,,,,True,accepted_exact_name,True,True,eligible_group_or_duo,True,False
The Wren Orchestra [0M3wlDtU8G7RXQbACK2xns],,0M3wlDtU8G7RXQbACK2xns,The Wren Orchestra,3538,134,0,2026-07-18T20:45:22.974241+00:00,Spotify web-player queryArtistOverview,undocumented read-only web-client endpoint,0M3wlDtU8G7RXQbACK2xns,Q124759801,The Wren Orchestra,The Wren Orchestra,Q84,London,musical group,United Kingdom,,,,,True,accepted_exact_name,True,False,excluded_orchestra,True,False
Ante Inferno [4KoESQh0bNRpcBHXwxXSsL],,4KoESQh0bNRpcBHXwxXSsL,Ante-Inferno,3469,9281,0,2026-07-18T20:45:22.974241+00:00,Spotify web-player queryArtistOverview,undocumented read-only web-client endpoint,4KoESQh0bNRpcBHXwxXSsL,Q139836274,Ante Inferno,Ante Inferno,Q894092,Scarborough,musical group,United Kingdom,,,,,True,accepted_exact_name,True,True,eligible_group_or_duo,True,False
Kill the Young [7vWapDFmkEQubhCvbpJH8V],,7vWapDFmkEQubhCvbpJH8V,Kill The Young,3461,4117,0,2026-07-18T20:45:22.974241+00:00,Spotify web-player queryArtistOverview,undocumented read-only web-client endpoint,7vWapDFmkEQubhCvbpJH8V,Q3196613,Kill the Young,Kill the Young,,,musical group,England,,,,,True,accepted_exact_name,True,True,eligible_group_or_duo,True,False
Budapest [5YlxkQVXVioESz27HnltnS],,5YlxkQVXVioESz27HnltnS,Budapest,3442,1088,0,2026-07-18T20:45:22.974241+00:00,Spotify web-player queryArtistOverview,undocumented read-only web-client endpoint,5YlxkQVXVioESz27HnltnS,Q221191,Budapest,Budapest,,,musical group,United Kingdom,,,,,True,accepted_exact_name,True,True,eligible_group_or_duo,True,False
Spearmint [3g2fJrkty6cgywkeLKe2BY],,3g2fJrkty6cgywkeLKe2BY,Spearmint,3427,7714,0,2026-07-18T20:45:22.974241+00:00,Spotify web-player queryArtistOverview,undocumented read-only web-client endpoint,3g2fJrkty6cgywkeLKe2BY,Q3492819,Spearmint,Spearmint,Q84,London,musical group,United Kingdom,,,,,True,accepted_exact_name,True,True,eligible_group_or_duo,True,False
China Drum [3q9WtkoLUpwoCmS4k38xVW],,3q9WtkoLUpwoCmS4k38xVW,China Drum,3385,4275,0,2026-07-18T20:45:22.974241+00:00,Spotify web-player queryArtistOverview,undocumented read-only web-client endpoint,3q9WtkoLUpwoCmS4k38xVW,Q5099659,China Drum,China Drum,Q2672173,Ovingham,musical group,United Kingdom,,,,,True,accepted_exact_name,True,True,eligible_group_or_duo,True,False
Thousand Yard Stare [4n5EAJdyYoV39m98N4lgWr],,4n5EAJdyYoV39m98N4lgWr,Thousand Yard Stare,3369,6077,0,2026-07-18T20:45:22.974241+00:00,Spotify web-player queryArtistOverview,undocumented read-only web-client endpoint,4n5EAJdyYoV39m98N4lgWr,Q15044933,Thousand Yard Stare,Thousand Yard Stare,Q211907,Slough,musical group,United Kingdom,,,,,True,accepted_exact_name,True,True,eligible_group_or_duo,True,False
King Adora [132AWET8n6hi0ACZ8k9ER1],,132AWET8n6hi0ACZ8k9ER1,King Adora,3359,2636,0,2026-07-18T20:45:22.974241+00:00,Spotify web-player queryArtistOverview,undocumented read-only web-client endpoint,132AWET8n6hi0ACZ8k9ER1,Q6411213,King Adora,King Adora,Q2256,Birmingham,musical group,England,,,,,True,accepted_exact_name,True,True,eligible_group_or_duo,True,False
Blakfish [6WIyY7r67GHddsabdqJQ8K],,6WIyY7r67GHddsabdqJQ8K,Blakfish,3257,4776,0,2026-07-18T20:45:22.974241+00:00,Spotify web-player queryArtistOverview,undocumented read-only web-client endpoint,6WIyY7r67GHddsabdqJQ8K,Q4924656,Blakfish,Blakfish,Q2256,Birmingham,musical ensemble,United Kingdom,,,,,True,accepted_exact_name,True,True,eligible_group_or_duo,True,False
Stand Uniqu3 [4UXfim8flAdqc2FVw0n7mb],,4UXfim8flAdqc2FVw0n7mb,STAND UNIQU3,3249,3262,0,2026-07-18T20:45:22.974241+00:00,Spotify web-player queryArtistOverview,undocumented read-only web-client endpoint,4UXfim8flAdqc2FVw0n7mb,Q123531761,Stand Uniqu3,Stand Uniqu3,,,musical group,United Kingdom,,,,,True,accepted_exact_name,True,True,eligible_group_or_duo,True,False
Alfie [3O8LEdehbno5GSsrUCiGqo],,3O8LEdehbno5GSsrUCiGqo,Alfie,3238,1879,0,2026-07-18T20:45:22.974241+00:00,Spotify web-player queryArtistOverview,undocumented read-only web-client endpoint,3O8LEdehbno5GSsrUCiGqo,Q4721913,Alfie,Alfie,Q18125,Manchester,musical group,England,,,,,True,accepted_exact_name,True,True,eligible_group_or_duo,True,False
SPC ECO [0IuuBhRo5hWaprWXOT06Bl],,0IuuBhRo5hWaprWXOT06Bl,SPC ECO,3229,9692,0,2026-07-18T20:45:22.974241+00:00,Spotify web-player queryArtistOverview,undocumented read-only web-client endpoint,0IuuBhRo5hWaprWXOT06Bl,Q7392482,SPC ECO,SPC ECO,Q145,United Kingdom,musical group,United Kingdom,,,,,True,accepted_exact_name,True,True,eligible_group_or_duo,True,False
Worriedaboutsatan [2C1P3ThaFeWtrpLNwWzpTT],,2C1P3ThaFeWtrpLNwWzpTT,Worriedaboutsatan,3221,6027,0,2026-07-18T20:45:22.974241+00:00,Spotify web-player queryArtistOverview,undocumented read-only web-client endpoint,2C1P3ThaFeWtrpLNwWzpTT,Q17040622,Worriedaboutsatan,Worriedaboutsatan,Q22905,Q22905,musical group,United Kingdom,,,,,True,accepted_exact_name,True,True,eligible_group_or_duo,True,False
Tongue 'n' Cheek [0b6y5LWta0uteNMAXakalp],,0b6y5LWta0uteNMAXakalp,Tongue N Cheek,3171,730,0,2026-07-18T20:45:22.974241+00:00,Spotify web-player queryArtistOverview,undocumented read-only web-client endpoint,0b6y5LWta0uteNMAXakalp,Q7821152,Tongue 'n' Cheek,Tongue 'n' Cheek,,,musical group,United Kingdom,,,,,True,accepted_exact_name,True,True,eligible_group_or_duo,True,False
Sacred Mother Tongue [5oC2jQBUSAFTpAxQe7iTyz],,5oC2jQBUSAFTpAxQe7iTyz,Sacred Mother Tongue,3121,6564,0,2026-07-18T20:45:22.974241+00:00,Spotify web-player queryArtistOverview,undocumented read-only web-client endpoint,5oC2jQBUSAFTpAxQe7iTyz,Q6059713,Sacred Mother Tongue,Sacred Mother Tongue,Q192240,Northampton,musical group,United Kingdom,,,,,True,accepted_exact_name,True,True,eligible_group_or_duo,True,False
9Bach [2NIcUSfuUPORqM5CaXZlIO],,2NIcUSfuUPORqM5CaXZlIO,9Bach,3120,4821,0,2026-07-18T20:45:22.974241+00:00,Spotify web-player queryArtistOverview,undocumented read-only web-client endpoint,2NIcUSfuUPORqM5CaXZlIO,Q20161871,9Bach,9Bach,Q25,Wales,musical group,United Kingdom,,,,,True,accepted_exact_name,True,True,eligible_group_or_duo,True,False
Esoteric [36b4aldhhv4vxGWtykfTRA],,36b4aldhhv4vxGWtykfTRA,Esoteric,3041,20503,0,2026-07-18T20:45:22.974241+00:00,Spotify web-player queryArtistOverview,undocumented read-only web-client endpoint,36b4aldhhv4vxGWtykfTRA,Q1113168,Esoteric,Esoteric,Q2256,Birmingham,heavy metal band,United Kingdom,,,,,True,accepted_exact_name,True,True,eligible_group_or_duo,True,False
Ronnie Lane & Slim Chance [0FeRRV0qp3hjqfOfIDez1m],,0FeRRV0qp3hjqfOfIDez1m,Ronnie Lane's Slim Chance,2985,7216,0,2026-07-18T20:45:22.974241+00:00,Spotify web-player queryArtistOverview,undocumented read-only web-client endpoint,0FeRRV0qp3hjqfOfIDez1m,Q1597932,Ronnie Lane & Slim Chance,Ronnie Lane & Slim Chance,,,musical group,United Kingdom,,,,,False,rejected_name_mismatch,False,True,eligible_group_or_duo,True,False
The John Barry Seven [6muP1JE9xPgdVME6p9YXud],,2VtgYTJZonFeO3mBWFkKsZ,John Barry Seven & Orchestra,2950,484,0,2026-07-18T20:45:22.974241+00:00,Spotify web-player queryArtistOverview,undocumented read-only web-client endpoint,6muP1JE9xPgdVME6p9YXud,Q7743357,The John Barry Seven,The John Barry Seven,Q42462,York,musical group,United Kingdom,,,,,False,rejected_name_mismatch,False,False,excluded_orchestra,False,False
The Hangmen [5byUktyY1lz9hBi1sDbZ5B],,5byUktyY1lz9hBi1sDbZ5B,The Hangmen,2852,3880,0,2026-07-18T20:45:22.974241+00:00,Spotify web-player queryArtistOverview,undocumented read-only web-client endpoint,5byUktyY1lz9hBi1sDbZ5B,Q7738764,The Hangmen,The Hangmen,,,musical group,United Kingdom,,,,,True,accepted_exact_name,True,True,eligible_group_or_duo,True,False
Marshall Law [2O9Lmv8tbh7oyJi3euawcK],,2O9Lmv8tbh7oyJi3euawcK,Marshall Law,2787,1435,0,2026-07-18T20:45:22.974241+00:00,Spotify web-player queryArtistOverview,undocumented read-only web-client endpoint,2O9Lmv8tbh7oyJi3euawcK,Q10577741,Marshall Law,Marshall Law,Q2256,Birmingham,musical group,United Kingdom,,,,,True,accepted_exact_name,True,True,eligible_group_or_duo,True,False
PORTNOY [66AOyvBgo5lbjIJYmfduBY],,66AOyvBgo5lbjIJYmfduBY,The Portnoy Brothers,2753,2209,0,2026-07-18T20:45:22.974241+00:00,Spotify web-player queryArtistOverview,undocumented read-only web-client endpoint,66AOyvBgo5lbjIJYmfduBY,Q24648635,PORTNOY,PORTNOY,,,musical group,United Kingdom,,,,,False,rejected_name_mismatch,False,True,eligible_group_or_duo,True,False
Heavy Stereo [4QCR8SHwFZ3ecGZww4Gq3g],,4QCR8SHwFZ3ecGZww4Gq3g,HEAVY STEREO,2710,1292,0,2026-07-18T20:45:22.974241+00:00,Spotify web-player queryArtistOverview,undocumented read-only web-client endpoint,4QCR8SHwFZ3ecGZww4Gq3g,Q1327743,Heavy Stereo,Heavy Stereo,Q179815,Durham,musical group,United Kingdom,,,,,True,accepted_exact_name,True,True,eligible_group_or_duo,True,False
Eskimos and Egypt [5syLneixdegDwKaoByhVq9],,5syLneixdegDwKaoByhVq9,Eskimos & Egypt,2698,668,0,2026-07-18T20:45:22.974241+00:00,Spotify web-player queryArtistOverview,undocumented read-only web-client endpoint,5syLneixdegDwKaoByhVq9,Q5398152,Eskimos and Egypt,Eskimos and Egypt,Q18125,Manchester,musical group,United Kingdom,,,,,False,rejected_name_mismatch,False,True,eligible_group_or_duo,True,False
Hell [3ucObQx9jyvXhv2NVD3sxm],,3ucObQx9jyvXhv2NVD3sxm,Hell,2662,10521,0,2026-07-18T20:45:22.974241+00:00,Spotify web-player queryArtistOverview,undocumented read-only web-client endpoint,3ucObQx9jyvXhv2NVD3sxm,Q1602602,Hell,Hell,Q41262,Nottingham,musical group,United Kingdom,,,,,True,accepted_exact_name,True,True,eligible_group_or_duo,True,False
The Jepettos [35o58Gfmj3W9t641sufYep],,35o58Gfmj3W9t641sufYep,The Jepettos,2601,3354,0,2026-07-18T20:45:22.974241+00:00,Spotify web-player queryArtistOverview,undocumented read-only web-client endpoint,35o58Gfmj3W9t641sufYep,Q15052664,The Jepettos,The Jepettos,Q10686,Belfast,musical group,United Kingdom,,,,,True,accepted_exact_name,True,True,eligible_group_or_duo,True,False
Colosseum II [6tjM2RlfxwTwMcVNNpPefC],,6tjM2RlfxwTwMcVNNpPefC,Colosseum II,2585,10829,0,2026-07-18T20:45:22.974241+00:00,Spotify web-player queryArtistOverview,undocumented read-only web-client endpoint,6tjM2RlfxwTwMcVNNpPefC,Q3272618,Colosseum II,Colosseum II,,,musical group,United Kingdom,,,,,True,accepted_exact_name,True,True,eligible_group_or_duo,True,False
Dave Stewart and the Spiritual Cowboys [5pLzWFCgBDnpTI5wrNpyWM],,5pLzWFCgBDnpTI5wrNpyWM,The Spiritual Cowboys,2547,776,0,2026-07-18T20:45:22.974241+00:00,Spotify web-player queryArtistOverview,undocumented read-only web-client endpoint,5pLzWFCgBDnpTI5wrNpyWM,Q5229929,Dave Stewart and the Spiritual Cowboys,Dave Stewart and the Spiritual Cowboys,Q84,London,musical group,United Kingdom,,,,,False,rejected_name_mismatch,False,True,eligible_group_or_duo,True,False
MONOMOR✞E [6lJoF3c7vHq5UWPioh5J7Y],,6lJoF3c7vHq5UWPioh5J7Y,Monomorte,2540,2531,0,2026-07-18T20:45:22.974241+00:00,Spotify web-player queryArtistOverview,undocumented read-only web-client endpoint,6lJoF3c7vHq5UWPioh5J7Y,Q58606707,MONOMOR✞E,MONOMOR✞E,Q24826,Liverpool,musical group,United Kingdom,,,,,False,rejected_name_mismatch,False,True,eligible_group_or_duo,True,False
Vallenfyre [60vtfdGwf77ISFBw37EYRM],,60vtfdGwf77ISFBw37EYRM,Vallenfyre,2514,12809,0,2026-07-18T20:45:22.974241+00:00,Spotify web-player queryArtistOverview,undocumented read-only web-client endpoint,60vtfdGwf77ISFBw37EYRM,Q372104,Vallenfyre,Vallenfyre,Q826561,Halifax,musical group,United Kingdom,,,,,True,accepted_exact_name,True,True,eligible_group_or_duo,True,False
Taxxi [4YdRhoFyQ6UhFUNQpWhIpt],,4YdRhoFyQ6UhFUNQpWhIpt,Taxxi,2513,1280,0,2026-07-18T20:45:22.974241+00:00,Spotify web-player queryArtistOverview,undocumented read-only web-client endpoint,4YdRhoFyQ6UhFUNQpWhIpt,Q7689705,Taxxi,Taxxi,,,musical group,United Kingdom,,,,,True,accepted_exact_name,True,True,eligible_group_or_duo,True,False
Muncie Girls [0ROJnWSWDBDXsKFh0ytRDJ],,0ROJnWSWDBDXsKFh0ytRDJ,Muncie Girls,2500,12065,0,2026-07-18T20:45:22.974241+00:00,Spotify web-player queryArtistOverview,undocumented read-only web-client endpoint,0ROJnWSWDBDXsKFh0ytRDJ,Q55624129,Muncie Girls,Muncie Girls,,,musical group,United Kingdom,,,,,True,accepted_exact_name,True,True,eligible_group_or_duo,True,False
Bitches Sin [2JFzqHBpmyG5sii0vrnG1l],,2JFzqHBpmyG5sii0vrnG1l,Bitches Sin,2498,12885,0,2026-07-18T20:45:22.974241+00:00,Spotify web-player queryArtistOverview,undocumented read-only web-client endpoint,2JFzqHBpmyG5sii0vrnG1l,Q9658134,Bitches Sin,Bitches Sin,,,rock band,United Kingdom,,,,,True,accepted_exact_name,True,True,eligible_group_or_duo,True,False
The Enid [6Rhf7fSkiPwkavVPg3AJ2H],,6Rhf7fSkiPwkavVPg3AJ2H,The Enid,2449,5356,0,2026-07-18T20:45:22.974241+00:00,Spotify web-player queryArtistOverview,undocumented read-only web-client endpoint,6Rhf7fSkiPwkavVPg3AJ2H,Q2437668,The Enid,The Enid,Q145,United Kingdom,rock band,United Kingdom,,,,,True,accepted_exact_name,True,True,eligible_group_or_duo,True,False
Thunderbugs [24G6cu7ELj9dUOaSG0p3Jx],,24G6cu7ELj9dUOaSG0p3Jx,Thunderbugs,2447,1917,0,2026-07-18T20:45:22.974241+00:00,Spotify web-player queryArtistOverview,undocumented read-only web-client endpoint,24G6cu7ELj9dUOaSG0p3Jx,Q3526080,Thunderbugs,Thunderbugs,,,musical group,United Kingdom,,,,,True,accepted_exact_name,True,True,eligible_group_or_duo,True,False
Aberfeldy [1AwmnO4vW3ADyDIcWKsTfg],,1AwmnO4vW3ADyDIcWKsTfg,Aberfeldy,2434,2814,0,2026-07-18T20:45:22.974241+00:00,Spotify web-player queryArtistOverview,undocumented read-only web-client endpoint,1AwmnO4vW3ADyDIcWKsTfg,Q319550,Aberfeldy,Aberfeldy,Q23436,Edinburgh,musical group,United Kingdom,,,,,True,accepted_exact_name,True,True,eligible_group_or_duo,True,False
Northern Uproar [4gQKDy8VP8afrFyive5ore],,4gQKDy8VP8afrFyive5ore,Northern Uproar,2394,6064,0,2026-07-18T20:45:22.974241+00:00,Spotify web-player queryArtistOverview,undocumented read-only web-client endpoint,4gQKDy8VP8afrFyive5ore,Q11325858,Northern Uproar,Northern Uproar,Q23099,Greater Manchester,musical group,United Kingdom,,,,,True,accepted_exact_name,True,True,eligible_group_or_duo,True,False
Fresh Maggots [06VUtXjmLbkXTSoV3cqJaW],,06VUtXjmLbkXTSoV3cqJaW,Fresh Maggots,2367,3386,0,2026-07-18T20:45:22.974241+00:00,Spotify web-player queryArtistOverview,undocumented read-only web-client endpoint,06VUtXjmLbkXTSoV3cqJaW,Q5502981,Fresh Maggots,Fresh Maggots,,,musical group,United Kingdom,,,,,True,accepted_exact_name,True,True,eligible_group_or_duo,True,False
The Tuts [034JSYadRJsXRgY61c7HSq],,034JSYadRJsXRgY61c7HSq,The Tuts,2358,9838,0,2026-07-18T20:45:22.974241+00:00,Spotify web-player queryArtistOverview,undocumented read-only web-client endpoint,034JSYadRJsXRgY61c7HSq,Q24884719,The Tuts,The Tuts,Q678138|Q84,Hayes|London,musical group,United Kingdom,,,,,True,accepted_exact_name,True,True,eligible_group_or_duo,True,False
Freedom [1oD2lV4JlIYQV1fI5DHfJr],,1oD2lV4JlIYQV1fI5DHfJr,Freedom,2357,3053,0,2026-07-18T20:45:22.974241+00:00,Spotify web-player queryArtistOverview,undocumented read-only web-client endpoint,1oD2lV4JlIYQV1fI5DHfJr,Q3752925,Freedom,Freedom,,,musical group,United Kingdom,,,,,True,accepted_exact_name,True,True,eligible_group_or_duo,True,False
The Defiled [2kACi1RR7iHINtHwUXJl0J],,2kACi1RR7iHINtHwUXJl0J,The Defiled,2348,6938,0,2026-07-18T20:45:22.974241+00:00,Spotify web-player queryArtistOverview,undocumented read-only web-client endpoint,2kACi1RR7iHINtHwUXJl0J,Q7729591,The Defiled,The Defiled,Q84,London,musical group,United Kingdom,,,,,True,accepted_exact_name,True,True,eligible_group_or_duo,True,False
Snowpoet [1ZPAgyQWvU84GMEI5ceK3u],,1ZPAgyQWvU84GMEI5ceK3u,Snowpoet,2330,6179,0,2026-07-18T20:45:22.974241+00:00,Spotify web-player queryArtistOverview,undocumented read-only web-client endpoint,1ZPAgyQWvU84GMEI5ceK3u,Q107022191,Snowpoet,Snowpoet,,,musical group,United Kingdom,,,,,True,accepted_exact_name,True,True,eligible_group_or_duo,True,False
The Poozies [2gEOvE3BbRpsiKmzNN81P5],,2gEOvE3BbRpsiKmzNN81P5,The Poozies,2330,2651,0,2026-07-18T20:45:22.974241+00:00,Spotify web-player queryArtistOverview,undocumented read-only web-client endpoint,2gEOvE3BbRpsiKmzNN81P5,Q2413559,The Poozies,The Poozies,,,musical group,United Kingdom,,,,,True,accepted_exact_name,True,True,eligible_group_or_duo,True,False
Von Südenfed [3W3DVuU0OIHLFAXYUlnb60],,3W3DVuU0OIHLFAXYUlnb60,Von Südenfed,2284,3619,0,2026-07-18T20:45:22.974241+00:00,Spotify web-player queryArtistOverview,undocumented read-only web-client endpoint,3W3DVuU0OIHLFAXYUlnb60,Q7941524,Von Südenfed,Von Südenfed,Q18125,Manchester,musical group,United Kingdom,,,,,True,accepted_exact_name,True,True,eligible_group_or_duo,True,False
Back Street Crawler [0k20D9EulSe7S4VOQGXJvV],,0k20D9EulSe7S4VOQGXJvV,Back Street Crawler,2279,4677,0,2026-07-18T20:45:22.974241+00:00,Spotify web-player queryArtistOverview,undocumented read-only web-client endpoint,0k20D9EulSe7S4VOQGXJvV,Q4839176,Back Street Crawler,Back Street Crawler,,,musical group,United Kingdom,,,,,True,accepted_exact_name,True,True,eligible_group_or_duo,True,False
"¡Forward, Russia! [78Gq4ZUZW4rFbOy6ejqFto]",,78Gq4ZUZW4rFbOy6ejqFto,"¡Forward, Russia!",2278,5288,0,2026-07-18T20:45:22.974241+00:00,Spotify web-player queryArtistOverview,undocumented read-only web-client endpoint,78Gq4ZUZW4rFbOy6ejqFto,Q2338303,"¡Forward, Russia!","¡Forward, Russia!",Q39121,Leeds,musical group,United Kingdom,,,,,True,accepted_exact_name,True,True,eligible_group_or_duo,True,False
Ruptured World [50WGKEN1OLzW7MLZ7RTFu7],,50WGKEN1OLzW7MLZ7RTFu7,Ruptured World,2262,2260,0,2026-07-18T20:45:22.974241+00:00,Spotify web-player queryArtistOverview,undocumented read-only web-client endpoint,50WGKEN1OLzW7MLZ7RTFu7,Q57551907,Ruptured World,Ruptured World,,,musical group,United Kingdom,,,,,True,accepted_exact_name,True,True,eligible_group_or_duo,True,False
Tubelord [4xYk2flbrS0hDzDLyDimbO],,4xYk2flbrS0hDzDLyDimbO,Tubelord,2239,7773,0,2026-07-18T20:45:22.974241+00:00,Spotify web-player queryArtistOverview,undocumented read-only web-client endpoint,4xYk2flbrS0hDzDLyDimbO,Q7850803,Tubelord,Tubelord,Q2321706,Kingston upon Thames,rock band,United Kingdom,,,,,True,accepted_exact_name,True,True,eligible_group_or_duo,True,False
Lawnmower Deth [6UObHbC5YejYUxNP8jp898],,6UObHbC5YejYUxNP8jp898,Lawnmower Deth,2218,7329,0,2026-07-18T20:45:22.974241+00:00,Spotify web-player queryArtistOverview,undocumented read-only web-client endpoint,6UObHbC5YejYUxNP8jp898,Q477482,Lawnmower Deth,Lawnmower Deth,Q7296532,Ravenshead,musical group,United Kingdom,,,,,True,accepted_exact_name,True,True,eligible_group_or_duo,True,False
Plainsong [0u8SmXNWlofh5ZVJ6SDpRi],,0u8SmXNWlofh5ZVJ6SDpRi,Plainsong,2177,1870,0,2026-07-18T20:45:22.974241+00:00,Spotify web-player queryArtistOverview,undocumented read-only web-client endpoint,0u8SmXNWlofh5ZVJ6SDpRi,Q7200753,Plainsong,Plainsong,Q21,England,musical group,United Kingdom,,,,,True,accepted_exact_name,True,True,eligible_group_or_duo,True,False
I Start Counting [6vF7kyDCH1mmOuqUtdUIYL],,6vF7kyDCH1mmOuqUtdUIYL,I Start Counting,2176,1791,0,2026-07-18T20:45:22.974241+00:00,Spotify web-player queryArtistOverview,undocumented read-only web-client endpoint,6vF7kyDCH1mmOuqUtdUIYL,Q5979023,I Start Counting,I Start Counting,,,musical group,United Kingdom,,,,,True,accepted_exact_name,True,True,eligible_group_or_duo,True,False
O. [0R2UqQKBdSADXMN2Gx5CrB],,0R2UqQKBdSADXMN2Gx5CrB,O.,2156,9521,0,2026-07-18T20:45:22.974241+00:00,Spotify web-player queryArtistOverview,undocumented read-only web-client endpoint,0R2UqQKBdSADXMN2Gx5CrB,Q126735739,O.,O.,,,musical group,United Kingdom,,,,,True,accepted_exact_name,True,True,eligible_group_or_duo,True,False
Indoor Pets [5abBw7CgjR22S31JWg0g84],,5abBw7CgjR22S31JWg0g84,Indoor Pets,2147,10035,0,2026-07-18T20:45:22.974241+00:00,Spotify web-player queryArtistOverview,undocumented read-only web-client endpoint,5abBw7CgjR22S31JWg0g84,Q125127408,Indoor Pets,Indoor Pets,,,musical group,United Kingdom,,,,,True,accepted_exact_name,True,True,eligible_group_or_duo,True,False
Balance of Power [0UNAFOShoComAV8MzAxzGU],,0UNAFOShoComAV8MzAxzGU,Balance Of Power,2139,6876,0,2026-07-18T20:45:22.974241+00:00,Spotify web-player queryArtistOverview,undocumented read-only web-client endpoint,0UNAFOShoComAV8MzAxzGU,Q804625,Balance of Power,Balance of Power,Q84,London,musical group,United Kingdom,,,,,True,accepted_exact_name,True,True,eligible_group_or_duo,True,False
The Tangent [2DefJEtso8VshihzHW0gh1],,2DefJEtso8VshihzHW0gh1,The Tangent,2101,16838,0,2026-07-18T20:45:22.974241+00:00,Spotify web-player queryArtistOverview,undocumented read-only web-client endpoint,2DefJEtso8VshihzHW0gh1,Q2061937,The Tangent,The Tangent,,,musical group,United Kingdom,,,,,True,accepted_exact_name,True,True,eligible_group_or_duo,True,False
The High [30gL5RqfmtcUu6h95lTJQ7],,30gL5RqfmtcUu6h95lTJQ7,The High,2094,3558,0,2026-07-18T20:45:22.974241+00:00,Spotify web-player queryArtistOverview,undocumented read-only web-client endpoint,30gL5RqfmtcUu6h95lTJQ7,Q7739584,The High,The High,Q18125,Manchester,musical group,United Kingdom,,,,,True,accepted_exact_name,True,True,eligible_group_or_duo,True,False
Meathook Seed [6OGGt8xNFOHWcHu3HlGc29],,6OGGt8xNFOHWcHu3HlGc29,Meathook Seed,2060,4035,0,2026-07-18T20:45:22.974241+00:00,Spotify web-player queryArtistOverview,undocumented read-only web-client endpoint,6OGGt8xNFOHWcHu3HlGc29,Q1915493,Meathook Seed,Meathook Seed,Q145,United Kingdom,musical group,United Kingdom,,,,,True,accepted_exact_name,True,True,eligible_group_or_duo,True,False
Sweet Exorcist [1n5Q0UoYwXeQza7ucLqFne],,1n5Q0UoYwXeQza7ucLqFne,Sweet Exorcist,2026,3325,0,2026-07-18T20:45:22.974241+00:00,Spotify web-player queryArtistOverview,undocumented read-only web-client endpoint,1n5Q0UoYwXeQza7ucLqFne,Q15808423,Sweet Exorcist,Sweet Exorcist,,,musical duo,United Kingdom,,,,,True,accepted_exact_name,True,True,eligible_group_or_duo,True,False
RedFaces [0gP1g7feAxTD9rghuNRNNH],,0gP1g7feAxTD9rghuNRNNH,RedFaces,2000,7056,0,2026-07-18T20:45:22.974241+00:00,Spotify web-player queryArtistOverview,undocumented read-only web-client endpoint,0gP1g7feAxTD9rghuNRNNH,Q47499774,RedFaces,RedFaces,,,musical group,United Kingdom,,,,,True,accepted_exact_name,True,True,eligible_group_or_duo,True,False
Athamay [6mzPf14YxIEAwBlIGh1oIu],,6mzPf14YxIEAwBlIGh1oIu,Athamay,1997,2907,0,2026-07-18T20:45:22.974241+00:00,Spotify web-player queryArtistOverview,undocumented read-only web-client endpoint,6mzPf14YxIEAwBlIGh1oIu,Q110670906,Athamay,Athamay,Q1425428,Newcastle upon Tyne,musical group,United Kingdom,,,,,True,accepted_exact_name,True,True,eligible_group_or_duo,True,False
Wolfsbane [58mY0RMBlQK2dW650Qeh9v],,58mY0RMBlQK2dW650Qeh9v,Wolfsbane,1972,8097,0,2026-07-18T20:45:22.974241+00:00,Spotify web-player queryArtistOverview,undocumented read-only web-client endpoint,58mY0RMBlQK2dW650Qeh9v,Q1529622,Wolfsbane,Wolfsbane,Q704864,Tamworth,musical group,United Kingdom,,,,,True,accepted_exact_name,True,True,eligible_group_or_duo,True,False
Duels [6rrbBL8ATFJ6QBVRAirtA8],,6rrbBL8ATFJ6QBVRAirtA8,Duels,1858,772,0,2026-07-18T20:45:22.974241+00:00,Spotify web-player queryArtistOverview,undocumented read-only web-client endpoint,6rrbBL8ATFJ6QBVRAirtA8,Q1263914,Duels,Duels,Q23083,West Yorkshire,musical group,United Kingdom,,,,,True,accepted_exact_name,True,True,eligible_group_or_duo,True,False
allusinlove [30f8y3JNhI5bOis0Sb2kdx],,30f8y3JNhI5bOis0Sb2kdx,allusinlove,1839,3825,0,2026-07-18T20:45:22.974241+00:00,Spotify web-player queryArtistOverview,undocumented read-only web-client endpoint,30f8y3JNhI5bOis0Sb2kdx,Q64590188,allusinlove,allusinlove,,,musical group,United Kingdom,,,,,True,accepted_exact_name,True,True,eligible_group_or_duo,True,False
Bang Bang Romeo [0pYrJEBQD23sHMvxsBM3fO],,0pYrJEBQD23sHMvxsBM3fO,Bang Bang Romeo,1833,10361,0,2026-07-18T20:45:22.974241+00:00,Spotify web-player queryArtistOverview,undocumented read-only web-client endpoint,0pYrJEBQD23sHMvxsBM3fO,Q66891189,Bang Bang Romeo,Bang Bang Romeo,,,musical group,United Kingdom,,,,,True,accepted_exact_name,True,True,eligible_group_or_duo,True,False
14 Iced Bears [6dprTRdShPpMsyFQrgktQ1],,6dprTRdShPpMsyFQrgktQ1,14 Iced Bears,1815,4141,0,2026-07-18T20:45:22.974241+00:00,Spotify web-player queryArtistOverview,undocumented read-only web-client endpoint,6dprTRdShPpMsyFQrgktQ1,Q4549937,14 Iced Bears,14 Iced Bears,Q131491,Brighton,musical group,United Kingdom,,,,,True,accepted_exact_name,True,True,eligible_group_or_duo,True,False
Zodiac Mindwarp and the Love Reaction [1uciIo6exHGUwpVzpaABXz],,1uciIo6exHGUwpVzpaABXz,Zodiac Mindwarp & The Love Reaction,1809,4313,0,2026-07-18T20:45:22.974241+00:00,Spotify web-player queryArtistOverview,undocumented read-only web-client endpoint,1uciIo6exHGUwpVzpaABXz,Q218149,Zodiac Mindwarp and the Love Reaction,Zodiac Mindwarp and the Love Reaction,Q145,United Kingdom,musical group,United Kingdom,,,,,False,rejected_name_mismatch,False,True,eligible_group_or_duo,True,False
Shelleyan Orphan [5Lh1diUHRoz9TwG1wvNSa5],,5Lh1diUHRoz9TwG1wvNSa5,Shelleyan Orphan,1779,3626,0,2026-07-18T20:45:22.974241+00:00,Spotify web-player queryArtistOverview,undocumented read-only web-client endpoint,5Lh1diUHRoz9TwG1wvNSa5,Q3481847,Shelleyan Orphan,Shelleyan Orphan,,,musical group,United Kingdom,,,,,True,accepted_exact_name,True,True,eligible_group_or_duo,True,False
Fortran 5 [0RbUNccTYpxfxAfAJsmjah],,0RbUNccTYpxfxAfAJsmjah,Fortran 5,1771,949,0,2026-07-18T20:45:22.974241+00:00,Spotify web-player queryArtistOverview,undocumented read-only web-client endpoint,0RbUNccTYpxfxAfAJsmjah,Q5472700,Fortran 5,Fortran 5,,,musical ensemble,United Kingdom,,,,,True,accepted_exact_name,True,True,eligible_group_or_duo,True,False
Silly Sisters [5SwVfbOAjpMY6AunixCKd7],,5SwVfbOAjpMY6AunixCKd7,Silly Sisters,1757,5618,0,2026-07-18T20:45:22.974241+00:00,Spotify web-player queryArtistOverview,undocumented read-only web-client endpoint,5SwVfbOAjpMY6AunixCKd7,Q7515436,Silly Sisters,Silly Sisters,,,musical duo,United Kingdom,,,,,True,accepted_exact_name,True,True,eligible_group_or_duo,True,False
Pierre Moerlen's Gong [2x8NPoFZP2nOQ0tZiaUmsw],,2x8NPoFZP2nOQ0tZiaUmsw,Pierre Moerlen's Gong,1745,7823,0,2026-07-18T20:45:22.974241+00:00,Spotify web-player queryArtistOverview,undocumented read-only web-client endpoint,2x8NPoFZP2nOQ0tZiaUmsw,Q2387270,Pierre Moerlen's Gong,Pierre Moerlen's Gong,,,musical group,United Kingdom,,,,,True,accepted_exact_name,True,True,eligible_group_or_duo,True,False
Back Door [2XOjNVr7LGArNnYXfGKN3q],,2XOjNVr7LGArNnYXfGKN3q,Back Door,1734,2452,0,2026-07-18T20:45:22.974241+00:00,Spotify web-player queryArtistOverview,undocumented read-only web-client endpoint,2XOjNVr7LGArNnYXfGKN3q,Q798304,Back Door,Back Door,,,musical group,United Kingdom,,,,,True,accepted_exact_name,True,True,eligible_group_or_duo,True,False
93MillionMilesFromTheSun [5t4zacorikeFR9miIaxAhu],,5t4zacorikeFR9miIaxAhu,93MillionMilesFromTheSun,1724,5173,0,2026-07-18T20:45:22.974241+00:00,Spotify web-player queryArtistOverview,undocumented read-only web-client endpoint,5t4zacorikeFR9miIaxAhu,Q127445879,93MillionMilesFromTheSun,93MillionMilesFromTheSun,,,musical group,United Kingdom,,,,,True,accepted_exact_name,True,True,eligible_group_or_duo,True,False
Huggy Bear [6QU6LPYJcoBRZhC2qpPfpv],,6QU6LPYJcoBRZhC2qpPfpv,Huggy Bear,1697,13723,0,2026-07-18T20:45:22.974241+00:00,Spotify web-player queryArtistOverview,undocumented read-only web-client endpoint,6QU6LPYJcoBRZhC2qpPfpv,Q5929728,Huggy Bear,Huggy Bear,Q131491,Brighton,musical group,United Kingdom,,,,,True,accepted_exact_name,True,True,eligible_group_or_duo,True,False
Ming City Rockers [0Ew6bEUqhUocEpZo3RfBKe],,0Ew6bEUqhUocEpZo3RfBKe,Ming City Rockers,1676,1991,0,2026-07-18T20:45:22.974241+00:00,Spotify web-player queryArtistOverview,undocumented read-only web-client endpoint,0Ew6bEUqhUocEpZo3RfBKe,Q18169354,Ming City Rockers,Ming City Rockers,,,musical group,United Kingdom,,,,,True,accepted_exact_name,True,True,eligible_group_or_duo,True,False
Pantheist [0hoDGN65J0YVmmbmouULEC],,0hoDGN65J0YVmmbmouULEC,PANTHEIST,1670,12908,0,2026-07-18T20:45:22.974241+00:00,Spotify web-player queryArtistOverview,undocumented read-only web-client endpoint,0hoDGN65J0YVmmbmouULEC,Q3893447,Pantheist,Pantheist,,,musical group,United Kingdom,,,,,True,accepted_exact_name,True,True,eligible_group_or_duo,True,False
John Foxx and the Maths [2oWQf70OC3PEPbCa6Hp028],,2oWQf70OC3PEPbCa6Hp028,John Foxx & The Maths,1655,2939,0,2026-07-18T20:45:22.974241+00:00,Spotify web-player queryArtistOverview,undocumented read-only web-client endpoint,2oWQf70OC3PEPbCa6Hp028,Q6233823,John Foxx and the Maths,John Foxx and the Maths,,,musical group,United Kingdom,,,,,False,rejected_name_mismatch,False,True,eligible_group_or_duo,True,False
Skint & Demoralised [5T7TSop5FgQri5zp75jZ3G],,5T7TSop5FgQri5zp75jZ3G,Skint & Demoralised,1646,1959,0,2026-07-18T20:45:22.974241+00:00,Spotify web-player queryArtistOverview,undocumented read-only web-client endpoint,5T7TSop5FgQri5zp75jZ3G,Q7535615,Skint & Demoralised,Skint & Demoralised,,,musical group,United Kingdom,,,,,True,accepted_exact_name,True,True,eligible_group_or_duo,True,False
Grave Miasma [0YDJIWfqi9rqQWkdefQvtx],,0YDJIWfqi9rqQWkdefQvtx,Grave Miasma,1627,19237,0,2026-07-18T20:45:22.974241+00:00,Spotify web-player queryArtistOverview,undocumented read-only web-client endpoint,0YDJIWfqi9rqQWkdefQvtx,Q25081839,Grave Miasma,Grave Miasma,,,musical group,United Kingdom,,,,,True,accepted_exact_name,True,True,eligible_group_or_duo,True,False
Chateaux [2mL98EiVpADDYppobjKeJ7],,2mL98EiVpADDYppobjKeJ7,Chateaux,1611,6582,0,2026-07-18T20:45:22.974241+00:00,Spotify web-player queryArtistOverview,undocumented read-only web-client endpoint,2mL98EiVpADDYppobjKeJ7,Q5087571,Chateaux,Chateaux,Q206988,Cheltenham,musical group,United Kingdom,,,,,True,accepted_exact_name,True,True,eligible_group_or_duo,True,False
Heisk [64oHUuO3IEjrbuzYbOvrOz],,64oHUuO3IEjrbuzYbOvrOz,Heisk,1606,1646,0,2026-07-18T20:45:22.974241+00:00,Spotify web-player queryArtistOverview,undocumented read-only web-client endpoint,64oHUuO3IEjrbuzYbOvrOz,Q124357837,Heisk,Heisk,,,musical group,Scotland,,,,,True,accepted_exact_name,True,True,eligible_group_or_duo,True,False
These Animal Men [7EvHlnAU8rIQ9v1cilzh5P],,7EvHlnAU8rIQ9v1cilzh5P,These Animal Men,1586,3756,0,2026-07-18T20:45:22.974241+00:00,Spotify web-player queryArtistOverview,undocumented read-only web-client endpoint,7EvHlnAU8rIQ9v1cilzh5P,Q1592608,These Animal Men,These Animal Men,Q131491,Brighton,musical group,United Kingdom,,,,,True,accepted_exact_name,True,True,eligible_group_or_duo,True,False
60 Ft. Dolls [6PbCYw3l3rl6r0jHyy5OaN],,6PbCYw3l3rl6r0jHyy5OaN,60 Ft Dolls,1571,3179,0,2026-07-18T20:45:22.974241+00:00,Spotify web-player queryArtistOverview,undocumented read-only web-client endpoint,6PbCYw3l3rl6r0jHyy5OaN,Q4641669,60 Ft. Dolls,60 Ft. Dolls,Q101254,Newport,musical group,United Kingdom,,,,,True,accepted_exact_name,True,True,eligible_group_or_duo,True,False
Dislocation Dance [371glK0pTnkxpBugrM5cac],,371glK0pTnkxpBugrM5cac,Dislocation Dance,1545,2040,0,2026-07-18T20:45:22.974241+00:00,Spotify web-player queryArtistOverview,undocumented read-only web-client endpoint,371glK0pTnkxpBugrM5cac,Q5282336,Dislocation Dance,Dislocation Dance,Q18125,Manchester,musical group,England,,,,,True,accepted_exact_name,True,True,eligible_group_or_duo,True,False
Eight Legs [5zJUwdrQBjT1ODlhu5yjvm],,5zJUwdrQBjT1ODlhu5yjvm,Eight Legs,1537,3661,0,2026-07-18T20:45:22.974241+00:00,Spotify web-player queryArtistOverview,undocumented read-only web-client endpoint,5zJUwdrQBjT1ODlhu5yjvm,Q1303523,Eight Legs,Eight Legs,,,musical group,United Kingdom,,,,,True,accepted_exact_name,True,True,eligible_group_or_duo,True,False
The Stairs [3c9WiTYoaYuh7uLQgdSixn],,3c9WiTYoaYuh7uLQgdSixn,The Stairs,1530,2481,0,2026-07-18T20:45:22.974241+00:00,Spotify web-player queryArtistOverview,undocumented read-only web-client endpoint,3c9WiTYoaYuh7uLQgdSixn,Q7766188,The Stairs,The Stairs,Q24826,Liverpool,musical group|rock band,United Kingdom,,,,,True,accepted_exact_name,True,True,eligible_group_or_duo,True,False
The Crimea [0P4xg7WnocZzAeb2Ka7zRc],,0P4xg7WnocZzAeb2Ka7zRc,The Crimea,1520,2067,0,2026-07-18T20:45:22.974241+00:00,Spotify web-player queryArtistOverview,undocumented read-only web-client endpoint,0P4xg7WnocZzAeb2Ka7zRc,Q7728070,The Crimea,The Crimea,Q145,United Kingdom,musical group,United Kingdom,,,,,True,accepted_exact_name,True,True,eligible_group_or_duo,True,False
Mellt [7FvNGA97HE6zmfx9e34c6x],,7FvNGA97HE6zmfx9e34c6x,Mellt,1517,2073,0,2026-07-18T20:45:22.974241+00:00,Spotify web-player queryArtistOverview,undocumented read-only web-client endpoint,7FvNGA97HE6zmfx9e34c6x,Q140387237,Mellt,Mellt,Q213154,Aberystwyth,musical group,United Kingdom,,,,,True,accepted_exact_name,True,True,eligible_group_or_duo,True,False
Polarsets [3sVYJRi0MegX3bkwexcbQR],,3sVYJRi0MegX3bkwexcbQR,Polarsets,1511,3222,0,2026-07-18T20:45:22.974241+00:00,Spotify web-player queryArtistOverview,undocumented read-only web-client endpoint,3sVYJRi0MegX3bkwexcbQR,Q7209186,Polarsets,Polarsets,Q1425428,Newcastle upon Tyne,musical group,United Kingdom,,,,,True,accepted_exact_name,True,True,eligible_group_or_duo,True,False
The Pocket Gods [2b1d97CxeIjz2phOfRVPpd],,2b1d97CxeIjz2phOfRVPpd,The Pocket Gods,1437,2216,0,2026-07-18T20:45:22.974241+00:00,Spotify web-player queryArtistOverview,undocumented read-only web-client endpoint,2b1d97CxeIjz2phOfRVPpd,Q114656299,The Pocket Gods,The Pocket Gods,,,musical group,United Kingdom,,,,,True,accepted_exact_name,True,True,eligible_group_or_duo,True,False
Jack [5FVGmU28BqhbcYkfYSzlAN],,5FVGmU28BqhbcYkfYSzlAN,Jack,1421,2512,0,2026-07-18T20:45:22.974241+00:00,Spotify web-player queryArtistOverview,undocumented read-only web-client endpoint,5FVGmU28BqhbcYkfYSzlAN,Q15044937,Jack,Jack,,,musical group,United Kingdom,,,,,True,accepted_exact_name,True,True,eligible_group_or_duo,True,False
Mandalaband [0ey0jHUPGul3blizNXYKi2],,0ey0jHUPGul3blizNXYKi2,Mandalaband,1398,1182,0,2026-07-18T20:45:22.974241+00:00,Spotify web-player queryArtistOverview,undocumented read-only web-client endpoint,0ey0jHUPGul3blizNXYKi2,Q1986332,Mandalaband,Mandalaband,,,musical group,United Kingdom,,,,,True,accepted_exact_name,True,True,eligible_group_or_duo,True,False
Strigoi [6BUcX21YlCyGOUKXrNutei],,6BUcX21YlCyGOUKXrNutei,Strigoi,1395,10930,0,2026-07-18T20:45:22.974241+00:00,Spotify web-player queryArtistOverview,undocumented read-only web-client endpoint,6BUcX21YlCyGOUKXrNutei,Q96474571,Strigoi,Strigoi,,,musical group,United Kingdom,,,,,True,accepted_exact_name,True,True,eligible_group_or_duo,True,False
Chiaroscuro Quartet [44OI3dxqpuNOwsHyCSOqBb],,44OI3dxqpuNOwsHyCSOqBb,Chiaroscuro Quartet,1391,3303,0,2026-07-18T20:45:22.974241+00:00,Spotify web-player queryArtistOverview,undocumented read-only web-client endpoint,44OI3dxqpuNOwsHyCSOqBb,Q51029617,Chiaroscuro Quartet,Chiaroscuro Quartet,,,musical group|quartet,United Kingdom,,,,,True,accepted_exact_name,True,True,eligible_group_or_duo,True,False
Unseen Terror [4Feq2xtNfvWAuOM0KjcBSL],,4Feq2xtNfvWAuOM0KjcBSL,Unseen Terror,1358,4780,0,2026-07-18T20:45:22.974241+00:00,Spotify web-player queryArtistOverview,undocumented read-only web-client endpoint,4Feq2xtNfvWAuOM0KjcBSL,Q1161748,Unseen Terror,Unseen Terror,Q2256,Birmingham,musical group,United Kingdom,,,,,True,accepted_exact_name,True,True,eligible_group_or_duo,True,False
The Gods [6lXPTvhkQ1fJrvbg09QfuN],,6lXPTvhkQ1fJrvbg09QfuN,The Gods,1340,2599,0,2026-07-18T20:45:22.974241+00:00,Spotify web-player queryArtistOverview,undocumented read-only web-client endpoint,6lXPTvhkQ1fJrvbg09QfuN,Q2296418,The Gods,The Gods,,,musical group,United Kingdom,,,,,True,accepted_exact_name,True,True,eligible_group_or_duo,True,False
BUCKLE N BOOTS [6kQhJkO8hKOSOyfhVrOJ6z],,6kQhJkO8hKOSOyfhVrOJ6z,Buckle 'n' Boots,1329,559,0,2026-07-18T20:45:22.974241+00:00,Spotify web-player queryArtistOverview,undocumented read-only web-client endpoint,6kQhJkO8hKOSOyfhVrOJ6z,Q138667190,BUCKLE N BOOTS,BUCKLE N BOOTS,,,musical group,United Kingdom,,,,,True,accepted_exact_name,True,True,eligible_group_or_duo,True,False
Midas Fall [6nBBFy20JLOfEuFL6dvGn2],,6nBBFy20JLOfEuFL6dvGn2,Midas Fall,1307,4452,0,2026-07-18T20:45:22.974241+00:00,Spotify web-player queryArtistOverview,undocumented read-only web-client endpoint,6nBBFy20JLOfEuFL6dvGn2,Q60557928,Midas Fall,Midas Fall,,,musical group,United Kingdom,,,,,True,accepted_exact_name,True,True,eligible_group_or_duo,True,False
Ultrasound [7gwzROIoCrp2xVbFgXkKu1],,7gwzROIoCrp2xVbFgXkKu1,Ultrasound,1297,1973,0,2026-07-18T20:45:22.974241+00:00,Spotify web-player queryArtistOverview,undocumented read-only web-client endpoint,7gwzROIoCrp2xVbFgXkKu1,Q7880660,Ultrasound,Ultrasound,Q84,London,musical group,United Kingdom,,,,,True,accepted_exact_name,True,True,eligible_group_or_duo,True,False
Peaness [0bHVjNgsMH7b4XxmWhR7Tl],,0bHVjNgsMH7b4XxmWhR7Tl,Peaness,1283,7328,0,2026-07-18T20:45:22.974241+00:00,Spotify web-player queryArtistOverview,undocumented read-only web-client endpoint,0bHVjNgsMH7b4XxmWhR7Tl,Q62470378,Peaness,Peaness,Q170263,Chester,musical group,United Kingdom,,,,,True,accepted_exact_name,True,True,eligible_group_or_duo,True,False
Chikinki [26mlmvJxHPh7B0iBEDO6Gm],,26mlmvJxHPh7B0iBEDO6Gm,Chikinki,1276,2770,0,2026-07-18T20:45:22.974241+00:00,Spotify web-player queryArtistOverview,undocumented read-only web-client endpoint,26mlmvJxHPh7B0iBEDO6Gm,Q1072627,Chikinki,Chikinki,,,musical group,United Kingdom,,,,,True,accepted_exact_name,True,True,eligible_group_or_duo,True,False
Eugenius [3WNJUZtXuOlhoRBF4YyCUo],,3WNJUZtXuOlhoRBF4YyCUo,Eugenius,1232,2647,0,2026-07-18T20:45:22.974241+00:00,Spotify web-player queryArtistOverview,undocumented read-only web-client endpoint,3WNJUZtXuOlhoRBF4YyCUo,Q5408360,Eugenius,Eugenius,,,musical group,United Kingdom,,,,,True,accepted_exact_name,True,True,eligible_group_or_duo,True,False
Q110473058 [7ei7gHUG6rrXBAx3rzcewF],,7ei7gHUG6rrXBAx3rzcewF,Headrillaz,1221,467,0,2026-07-18T20:45:22.974241+00:00,Spotify web-player queryArtistOverview,undocumented read-only web-client endpoint,7ei7gHUG6rrXBAx3rzcewF,Q110473058,Q110473058,Q110473058,,,musical group,United Kingdom,,,,,False,rejected_name_mismatch,False,True,eligible_group_or_duo,True,False
The Wasteland Wailers [4BZshM1flCiaS95CxQ7I9y],,4BZshM1flCiaS95CxQ7I9y,The Wasteland Wailers,1212,3491,0,2026-07-18T20:45:22.974241+00:00,Spotify web-player queryArtistOverview,undocumented read-only web-client endpoint,4BZshM1flCiaS95CxQ7I9y,Q33081507,The Wasteland Wailers,The Wasteland Wailers,,,musical group,United Kingdom,,,,,True,accepted_exact_name,True,True,eligible_group_or_duo,True,False
Boss Keloid [4zwLxPj8Rz2X2QV12DnHnk],,4zwLxPj8Rz2X2QV12DnHnk,Boss Keloid,1206,7051,0,2026-07-18T20:45:22.974241+00:00,Spotify web-player queryArtistOverview,undocumented read-only web-client endpoint,4zwLxPj8Rz2X2QV12DnHnk,Q107211240,Boss Keloid,Boss Keloid,Q208143,Wigan,musical group,United Kingdom,,,,,True,accepted_exact_name,True,True,eligible_group_or_duo,True,False
Crucifixion [4nk1qC7L5a3a5QC7IXacRr],,4nk1qC7L5a3a5QC7IXacRr,Crucifixion,1206,3034,0,2026-07-18T20:45:22.974241+00:00,Spotify web-player queryArtistOverview,undocumented read-only web-client endpoint,4nk1qC7L5a3a5QC7IXacRr,Q56284984,Crucifixion,Crucifixion,Q23240,Essex,musical group,United Kingdom,,,,,True,accepted_exact_name,True,True,eligible_group_or_duo,True,False
Henry Cow [6P3Zlv61YNe6DHVZhFj8oL],,6P3Zlv61YNe6DHVZhFj8oL,Henry Cow,1199,23469,0,2026-07-18T20:45:22.974241+00:00,Spotify web-player queryArtistOverview,undocumented read-only web-client endpoint,6P3Zlv61YNe6DHVZhFj8oL,Q1474555,Henry Cow,Henry Cow,Q350,Cambridge,musical group,United Kingdom,,,,,True,accepted_exact_name,True,True,eligible_group_or_duo,True,False
Vardis [4NqPFFq0krnSJjs6vRN2HU],,4NqPFFq0krnSJjs6vRN2HU,Vardis,1198,5931,0,2026-07-18T20:45:22.974241+00:00,Spotify web-player queryArtistOverview,undocumented read-only web-client endpoint,4NqPFFq0krnSJjs6vRN2HU,Q3554703,Vardis,Vardis,,,musical group,United Kingdom,,,,,True,accepted_exact_name,True,True,eligible_group_or_duo,True,False
Renaldo and the Loaf [3CtpGjVnInfWi1lhtwVNKe],,3CtpGjVnInfWi1lhtwVNKe,Renaldo & The Loaf,1198,6622,0,2026-07-18T20:45:22.974241+00:00,Spotify web-player queryArtistOverview,undocumented read-only web-client endpoint,3CtpGjVnInfWi1lhtwVNKe,Q1432708,Renaldo and the Loaf,Renaldo and the Loaf,,,musical group,United Kingdom,,,,,False,rejected_name_mismatch,False,True,eligible_group_or_duo,True,False
Hellbastard [3ZLcB7cnYCFhkDdZsGYf9o],,3ZLcB7cnYCFhkDdZsGYf9o,Hellbastard,1196,7988,0,2026-07-18T20:45:22.974241+00:00,Spotify web-player queryArtistOverview,undocumented read-only web-client endpoint,3ZLcB7cnYCFhkDdZsGYf9o,Q5706948,Hellbastard,Hellbastard,Q1425428,Newcastle upon Tyne,musical group,United Kingdom,,,,,True,accepted_exact_name,True,True,eligible_group_or_duo,True,False
MONEY [7MGmWHDOoRwlntYOO6vu5M],,7MGmWHDOoRwlntYOO6vu5M,MONEY,1170,7051,0,2026-07-18T20:45:22.974241+00:00,Spotify web-player queryArtistOverview,undocumented read-only web-client endpoint,7MGmWHDOoRwlntYOO6vu5M,Q18161929,MONEY,MONEY,Q18125,Manchester,musical group,United Kingdom,,,,,True,accepted_exact_name,True,True,eligible_group_or_duo,True,False
Dum Dums [39C5bYyhzNSRWsBA3wTSsM],,39C5bYyhzNSRWsBA3wTSsM,Dumdums,1166,1124,0,2026-07-18T20:45:22.974241+00:00,Spotify web-player queryArtistOverview,undocumented read-only web-client endpoint,39C5bYyhzNSRWsBA3wTSsM,Q5313582,Dum Dums,Dum Dums,,,musical group,United Kingdom,,,,,True,accepted_exact_name,True,True,eligible_group_or_duo,True,False
Eat [3kkRG14f57xtpSy4jIvQfo],,3kkRG14f57xtpSy4jIvQfo,Eat,1156,2493,0,2026-07-18T20:45:22.974241+00:00,Spotify web-player queryArtistOverview,undocumented read-only web-client endpoint,3kkRG14f57xtpSy4jIvQfo,Q5331218,Eat,Eat,Q22889,Bath,musical group,United Kingdom,,,,,True,accepted_exact_name,True,True,eligible_group_or_duo,True,False
Brigade [3Pe6cTeK4snv61bTeIZ3mN],,3Pe6cTeK4snv61bTeIZ3mN,Brigade,1153,2323,0,2026-07-18T20:45:22.974241+00:00,Spotify web-player queryArtistOverview,undocumented read-only web-client endpoint,3Pe6cTeK4snv61bTeIZ3mN,Q4891386,Brigade,Brigade,Q84,London,rock band,United Kingdom,,,,,True,accepted_exact_name,True,True,eligible_group_or_duo,True,False
Pull Tiger Tail [4zL29SqN7NHINT36WAqyT3],,4zL29SqN7NHINT36WAqyT3,Pull Tiger Tail,1114,2837,0,2026-07-18T20:45:22.974241+00:00,Spotify web-player queryArtistOverview,undocumented read-only web-client endpoint,4zL29SqN7NHINT36WAqyT3,Q15053048,Pull Tiger Tail,Pull Tiger Tail,Q84,London,musical group,United Kingdom,,,,,True,accepted_exact_name,True,True,eligible_group_or_duo,True,False
The Chap [49iE5cZbbLFBNlSw9nOr8Z],,49iE5cZbbLFBNlSw9nOr8Z,The Chap,1109,4257,0,2026-07-18T20:45:22.974241+00:00,Spotify web-player queryArtistOverview,undocumented read-only web-client endpoint,49iE5cZbbLFBNlSw9nOr8Z,Q954958,The Chap,The Chap,,,musical group,United Kingdom,,,,,True,accepted_exact_name,True,True,eligible_group_or_duo,True,False
The Moons [1goEd0SslQvDbj9xAFwpyK],,1goEd0SslQvDbj9xAFwpyK,The Moons,1097,6041,0,2026-07-18T20:45:22.974241+00:00,Spotify web-player queryArtistOverview,undocumented read-only web-client endpoint,1goEd0SslQvDbj9xAFwpyK,Q7752187,The Moons,The Moons,Q192240,Northampton,musical group,United Kingdom,,,,,True,accepted_exact_name,True,True,eligible_group_or_duo,True,False
Erland and the Carnival [60JLFYv4wEqsdgRSs8VGqs],,60JLFYv4wEqsdgRSs8VGqs,Erland & The Carnival,1090,3699,0,2026-07-18T20:45:22.974241+00:00,Spotify web-player queryArtistOverview,undocumented read-only web-client endpoint,60JLFYv4wEqsdgRSs8VGqs,Q1355249,Erland and the Carnival,Erland and the Carnival,,,musical group,United Kingdom,,,,,False,rejected_name_mismatch,False,True,eligible_group_or_duo,True,False
Brilliant [1zQHBGx7G1qS2sjPLhk0tv],,1zQHBGx7G1qS2sjPLhk0tv,Brilliant,1089,959,0,2026-07-18T20:45:22.974241+00:00,Spotify web-player queryArtistOverview,undocumented read-only web-client endpoint,1zQHBGx7G1qS2sjPLhk0tv,Q2925560,Brilliant,Brilliant,,,musical group,United Kingdom,,,,,True,accepted_exact_name,True,True,eligible_group_or_duo,True,False
Liverpool Five [3XQexYaGsSsNNEpsdLfJ2l],,3XQexYaGsSsNNEpsdLfJ2l,Liverpool Five,1078,728,0,2026-07-18T20:45:22.974241+00:00,Spotify web-player queryArtistOverview,undocumented read-only web-client endpoint,3XQexYaGsSsNNEpsdLfJ2l,Q6658455,Liverpool Five,Liverpool Five,,,musical group,United Kingdom,,,,,True,accepted_exact_name,True,True,eligible_group_or_duo,True,False
Avison Ensemble [0ZMhyUTfl3DEOlUT1Z04mX],,0ZMhyUTfl3DEOlUT1Z04mX,The Avison Ensemble,1055,590,0,2026-07-18T20:45:22.974241+00:00,Spotify web-player queryArtistOverview,undocumented read-only web-client endpoint,0ZMhyUTfl3DEOlUT1Z04mX,Q4828984,Avison Ensemble,Avison Ensemble,,,early music ensemble|musical group,United Kingdom,,,,,False,rejected_name_mismatch,False,True,eligible_group_or_duo,True,False
Hawklords [0N8rhjytnqVsz7IWQ9pJ3Q],,0N8rhjytnqVsz7IWQ9pJ3Q,Hawklords,1054,6100,0,2026-07-18T20:45:22.974241+00:00,Spotify web-player queryArtistOverview,undocumented read-only web-client endpoint,0N8rhjytnqVsz7IWQ9pJ3Q,Q1963419|Q19874002,Hawklords,Hawklords,,,musical group,United Kingdom,,,,,True,accepted_exact_name,True,True,eligible_group_or_duo,True,False
An Gof (Band) [5Osgv84aDgwNFsj0xNVxEw],,5Osgv84aDgwNFsj0xNVxEw,An Gof,1040,929,0,2026-07-18T20:45:22.974241+00:00,Spotify web-player queryArtistOverview,undocumented read-only web-client endpoint,5Osgv84aDgwNFsj0xNVxEw,Q136804803,An Gof (Band),An Gof (Band),,,musical group,United Kingdom,,,,,False,rejected_name_mismatch,False,True,eligible_group_or_duo,True,False
Go Kart Mozart [7pdwstc9czwxPmoHPzS0uZ],,7pdwstc9czwxPmoHPzS0uZ,Go-Kart Mozart,1035,3956,0,2026-07-18T20:45:22.974241+00:00,Spotify web-player queryArtistOverview,undocumented read-only web-client endpoint,7pdwstc9czwxPmoHPzS0uZ,Q5574855,Go Kart Mozart,Go Kart Mozart,Q2256,Birmingham,musical group,United Kingdom,,,,,True,accepted_exact_name,True,True,eligible_group_or_duo,True,False
Stanley Odd [7o8IPIdtHAkYczlG70c2NX],,7o8IPIdtHAkYczlG70c2NX,Stanley Odd,1035,3584,0,2026-07-18T20:45:22.974241+00:00,Spotify web-player queryArtistOverview,undocumented read-only web-client endpoint,7o8IPIdtHAkYczlG70c2NX,Q7599835,Stanley Odd,Stanley Odd,Q22,Scotland,musical group,United Kingdom,,,,,True,accepted_exact_name,True,True,eligible_group_or_duo,True,False
Lvcifyre [0wNYSaUZ0rbXeHzuPeSY8V],,0wNYSaUZ0rbXeHzuPeSY8V,Lvcifyre,1034,7935,0,2026-07-18T20:45:22.974241+00:00,Spotify web-player queryArtistOverview,undocumented read-only web-client endpoint,0wNYSaUZ0rbXeHzuPeSY8V,Q62033121,Lvcifyre,Lvcifyre,,,musical group,United Kingdom,,,,,True,accepted_exact_name,True,True,eligible_group_or_duo,True,False
The Flaming Stars [2seTZEaoSEvP8lx4w20zAU],,2seTZEaoSEvP8lx4w20zAU,The Flaming Stars,1034,1914,0,2026-07-18T20:45:22.974241+00:00,Spotify web-player queryArtistOverview,undocumented read-only web-client endpoint,2seTZEaoSEvP8lx4w20zAU,Q7734364,The Flaming Stars,The Flaming Stars,Q138367,Camden,musical group,United Kingdom,,,,,True,accepted_exact_name,True,True,eligible_group_or_duo,True,False
Billy J. Kramer & The Dakotas [7m2WaGqLDhPRdhdw5MOxjX],,7m2WaGqLDhPRdhdw5MOxjX,Billy J. Kramer & The Dakotas,1022,2968,0,2026-07-18T20:45:22.974241+00:00,Spotify web-player queryArtistOverview,undocumented read-only web-client endpoint,7m2WaGqLDhPRdhdw5MOxjX,Q19758833,Billy J. Kramer & The Dakotas,Billy J. Kramer & The Dakotas,,,musical group,United Kingdom,,,,,True,accepted_exact_name,True,True,eligible_group_or_duo,True,False
Wetton/Downes [6Gm87vMdB5U5J3cDil5Kwl],,6Gm87vMdB5U5J3cDil5Kwl,Icon,984,1562,0,2026-07-18T20:45:22.974241+00:00,Spotify web-player queryArtistOverview,undocumented read-only web-client endpoint,6Gm87vMdB5U5J3cDil5Kwl,Q1374610,Wetton/Downes,Wetton/Downes,,,musical group,United Kingdom,,,,,False,rejected_name_mismatch,False,True,eligible_group_or_duo,True,False
Reigning Days [7qysLcTimRpQ0VaqCzj4jI],,7qysLcTimRpQ0VaqCzj4jI,Reigning Days,980,1847,0,2026-07-18T20:45:22.974241+00:00,Spotify web-player queryArtistOverview,undocumented read-only web-client endpoint,7qysLcTimRpQ0VaqCzj4jI,Q105086225,Reigning Days,Reigning Days,,,musical group|rock band,United Kingdom,,,,,True,accepted_exact_name,True,True,eligible_group_or_duo,True,False
Wasted Youth [4u6ea1cZAFv5gZhCV1bxjX],,4u6ea1cZAFv5gZhCV1bxjX,Wasted Youth,979,1453,0,2026-07-18T20:45:22.974241+00:00,Spotify web-player queryArtistOverview,undocumented read-only web-client endpoint,4u6ea1cZAFv5gZhCV1bxjX,Q7972853,Wasted Youth,Wasted Youth,Q84,London,musical group,United Kingdom,,,,,True,accepted_exact_name,True,True,eligible_group_or_duo,True,False
Johnny Truant [6AqsSmGjWzRdylkPp9MKWU],,6AqsSmGjWzRdylkPp9MKWU,Johnny Truant,954,3670,0,2026-07-18T20:45:22.974241+00:00,Spotify web-player queryArtistOverview,undocumented read-only web-client endpoint,6AqsSmGjWzRdylkPp9MKWU,Q6267808,Johnny Truant,Johnny Truant,Q131491,Brighton,musical group,United Kingdom,,,,,True,accepted_exact_name,True,True,eligible_group_or_duo,True,False
Goonies Never Say Die [4mvYS48EvFYVwkE8zeGJa6],,4mvYS48EvFYVwkE8zeGJa6,Goonies Never Say Die,946,4624,0,2026-07-18T20:45:22.974241+00:00,Spotify web-player queryArtistOverview,undocumented read-only web-client endpoint,4mvYS48EvFYVwkE8zeGJa6,Q5583991,Goonies Never Say Die,Goonies Never Say Die,Q170377,Blackpool,musical group,United Kingdom,,,,,True,accepted_exact_name,True,True,eligible_group_or_duo,True,False
Delta Deep [6hiGTJFSTstdbiSKLcuPGK],,6hiGTJFSTstdbiSKLcuPGK,Delta Deep,945,2737,0,2026-07-18T20:45:22.974241+00:00,Spotify web-player queryArtistOverview,undocumented read-only web-client endpoint,6hiGTJFSTstdbiSKLcuPGK,Q20988025,Delta Deep,Delta Deep,,,rock band,United Kingdom,,,,,True,accepted_exact_name,True,True,eligible_group_or_duo,True,False
Honeycrack [5p1dXBQpnQItQOO8SkC0c4],,5p1dXBQpnQItQOO8SkC0c4,Honeycrack,932,3172,0,2026-07-18T20:45:22.974241+00:00,Spotify web-player queryArtistOverview,undocumented read-only web-client endpoint,5p1dXBQpnQItQOO8SkC0c4,Q5893796,Honeycrack,Honeycrack,,,musical group,United Kingdom,,,,,True,accepted_exact_name,True,True,eligible_group_or_duo,True,False
Campag Velocet [2p7NJsOsFQ4h2UpXVn0c4i],,2p7NJsOsFQ4h2UpXVn0c4i,Campag Velocet,921,1643,0,2026-07-18T20:45:22.974241+00:00,Spotify web-player queryArtistOverview,undocumented read-only web-client endpoint,2p7NJsOsFQ4h2UpXVn0c4i,Q5027726,Campag Velocet,Campag Velocet,,,musical group,United Kingdom,,,,,True,accepted_exact_name,True,True,eligible_group_or_duo,True,False
Nomad Soul [63xY0X2EHVI9cYp4dkjcts],,63xY0X2EHVI9cYp4dkjcts,Nomad Soul,913,1423,0,2026-07-18T20:45:22.974241+00:00,Spotify web-player queryArtistOverview,undocumented read-only web-client endpoint,63xY0X2EHVI9cYp4dkjcts,Q65717871,Nomad Soul,Nomad Soul,,,musical group,United Kingdom,,,,,True,accepted_exact_name,True,True,eligible_group_or_duo,True,False
Animals That Swim [5JTDXeubWuz69ocjNzRjsQ],,5JTDXeubWuz69ocjNzRjsQ,Animals That Swim,902,754,0,2026-07-18T20:45:22.974241+00:00,Spotify web-player queryArtistOverview,undocumented read-only web-client endpoint,5JTDXeubWuz69ocjNzRjsQ,Q4765030,Animals That Swim,Animals That Swim,Q84,London,musical group,United Kingdom,,,,,True,accepted_exact_name,True,True,eligible_group_or_duo,True,False
Fei Comodo [3xDtMHz3JcgMzI3WzSaVRl],,3xDtMHz3JcgMzI3WzSaVRl,Fei Comodo,894,3712,0,2026-07-18T20:45:22.974241+00:00,Spotify web-player queryArtistOverview,undocumented read-only web-client endpoint,3xDtMHz3JcgMzI3WzSaVRl,Q1401383,Fei Comodo,Fei Comodo,,,musical group,United Kingdom,,,,,True,accepted_exact_name,True,True,eligible_group_or_duo,True,False
Kagoule [241hv7ZoEm7iE2GrHIkLs8],,241hv7ZoEm7iE2GrHIkLs8,Kagoule,881,5583,0,2026-07-18T20:45:22.974241+00:00,Spotify web-player queryArtistOverview,undocumented read-only web-client endpoint,241hv7ZoEm7iE2GrHIkLs8,Q60751936,Kagoule,Kagoule,Q41262,Nottingham,musical group,United Kingdom,,,,,True,accepted_exact_name,True,True,eligible_group_or_duo,True,False
West India Company [6nMlyRa5xdSn7Rq4b9qkCn],,6nMlyRa5xdSn7Rq4b9qkCn,West India Company,852,416,0,2026-07-18T20:45:22.974241+00:00,Spotify web-player queryArtistOverview,undocumented read-only web-client endpoint,6nMlyRa5xdSn7Rq4b9qkCn,Q111090968,West India Company,West India Company,,,musical group,United Kingdom,,,,,True,accepted_exact_name,True,True,eligible_group_or_duo,True,False
Komputer [1gEqsqT3mT13pTcUhEyzzs],,1gEqsqT3mT13pTcUhEyzzs,Komputer,844,2880,0,2026-07-18T20:45:22.974241+00:00,Spotify web-player queryArtistOverview,undocumented read-only web-client endpoint,1gEqsqT3mT13pTcUhEyzzs,Q6428620,Komputer,Komputer,,,musical group,United Kingdom,,,,,True,accepted_exact_name,True,True,eligible_group_or_duo,True,False
The Hope Blister [0xm0RDlfj87r1uPa7srs33],,0xm0RDlfj87r1uPa7srs33,The Hope Blister,840,3436,0,2026-07-18T20:45:22.974241+00:00,Spotify web-player queryArtistOverview,undocumented read-only web-client endpoint,0xm0RDlfj87r1uPa7srs33,Q16239951,The Hope Blister,The Hope Blister,,,musical group,United Kingdom,,,,,True,accepted_exact_name,True,True,eligible_group_or_duo,True,False
Crazyhead [3gGaQo8fmPTSYUtiwwaBCF],,3gGaQo8fmPTSYUtiwwaBCF,Crazyhead,834,1168,0,2026-07-18T20:45:22.974241+00:00,Spotify web-player queryArtistOverview,undocumented read-only web-client endpoint,3gGaQo8fmPTSYUtiwwaBCF,Q950290,Crazyhead,Crazyhead,Q83065,Leicester,musical group,United Kingdom,,,,,True,accepted_exact_name,True,True,eligible_group_or_duo,True,False
The Southlanders [3IbYvqd9wkICpXlkuej1eO],,3IbYvqd9wkICpXlkuej1eO,The Southlanders,798,437,0,2026-07-18T20:45:22.974241+00:00,Spotify web-player queryArtistOverview,undocumented read-only web-client endpoint,3IbYvqd9wkICpXlkuej1eO,Q17028817,The Southlanders,The Southlanders,,,vocal group,United Kingdom,,,,,True,accepted_exact_name,True,True,eligible_group_or_duo,True,False
Baby Chaos [05y9Q9YweIPHzr8jFkZoOf],,05y9Q9YweIPHzr8jFkZoOf,Baby Chaos,794,2270,0,2026-07-18T20:45:22.974241+00:00,Spotify web-player queryArtistOverview,undocumented read-only web-client endpoint,05y9Q9YweIPHzr8jFkZoOf,Q2878016,Baby Chaos,Baby Chaos,,,rock band,United Kingdom,,,,,True,accepted_exact_name,True,True,eligible_group_or_duo,True,False
Stubborn Heart [08JjmxMZubdna3B9U6rbuf],,08JjmxMZubdna3B9U6rbuf,Stubborn Heart,786,3526,0,2026-07-18T20:45:22.974241+00:00,Spotify web-player queryArtistOverview,undocumented read-only web-client endpoint,08JjmxMZubdna3B9U6rbuf,Q17025734,Stubborn Heart,Stubborn Heart,,,musical group,United Kingdom,,,,,True,accepted_exact_name,True,True,eligible_group_or_duo,True,False
Lilygreen & Maguire [4TpXSJQCJhJynucuQQcgwB],,4TpXSJQCJhJynucuQQcgwB,Lilygreen & Maguire,784,1906,0,2026-07-18T20:45:22.974241+00:00,Spotify web-player queryArtistOverview,undocumented read-only web-client endpoint,4TpXSJQCJhJynucuQQcgwB,Q6548630,Lilygreen & Maguire,Lilygreen & Maguire,Q101254,Newport,musical group,United Kingdom,,,,,True,accepted_exact_name,True,True,eligible_group_or_duo,True,False
Sutherland Brothers & Quiver [4PZTf9tGxAD1uxpVmV5zMH],,4PZTf9tGxAD1uxpVmV5zMH,Sutherland Brothers & Quiver,769,2668,0,2026-07-18T20:45:22.974241+00:00,Spotify web-player queryArtistOverview,undocumented read-only web-client endpoint,4PZTf9tGxAD1uxpVmV5zMH,Q105840018,Sutherland Brothers & Quiver,Sutherland Brothers & Quiver,,,musical group,United Kingdom,,,,,True,accepted_exact_name,True,True,eligible_group_or_duo,True,False
Holocaust [6NwP3xfmDDnxqeLsSUzaS4],,6NwP3xfmDDnxqeLsSUzaS4,Holocaust,762,2884,0,2026-07-18T20:45:22.974241+00:00,Spotify web-player queryArtistOverview,undocumented read-only web-client endpoint,6NwP3xfmDDnxqeLsSUzaS4,Q1625046,Holocaust,Holocaust,Q23436,Edinburgh,rock band,United Kingdom,,,,,True,accepted_exact_name,True,True,eligible_group_or_duo,True,False
Loose Tapestries [0gyt7JLkuFRtEnGpicUBqf],,0gyt7JLkuFRtEnGpicUBqf,Loose Tapestries,734,4938,0,2026-07-18T20:45:22.974241+00:00,Spotify web-player queryArtistOverview,undocumented read-only web-client endpoint,0gyt7JLkuFRtEnGpicUBqf,Q6675981,Loose Tapestries,Loose Tapestries,,,musical group,United Kingdom,,,,,True,accepted_exact_name,True,True,eligible_group_or_duo,True,False
Cable [6VA4NhJstBKfMW49xVlNml],,6VA4NhJstBKfMW49xVlNml,Cable,730,1254,0,2026-07-18T20:45:22.974241+00:00,Spotify web-player queryArtistOverview,undocumented read-only web-client endpoint,6VA4NhJstBKfMW49xVlNml,Q5015621,Cable,Cable,Q43475,Derby,musical group,United Kingdom,,,,,True,accepted_exact_name,True,True,eligible_group_or_duo,True,False
Bim [4phiFf2obiNIHVXqRX56oU],,4phiFf2obiNIHVXqRX56oU,Bim,723,388,0,2026-07-18T20:45:22.974241+00:00,Spotify web-player queryArtistOverview,undocumented read-only web-client endpoint,4phiFf2obiNIHVXqRX56oU,Q4913666,Bim,Bim,Q22889,Bath,musical duo|musical group,United Kingdom,,,,,True,accepted_exact_name,True,True,eligible_group_or_duo,True,False
Tongues. [4wTH4jmwcMt9YoU97YWvxt],,4wTH4jmwcMt9YoU97YWvxt,Tongues.,721,1240,0,2026-07-18T20:45:22.974241+00:00,Spotify web-player queryArtistOverview,undocumented read-only web-client endpoint,4wTH4jmwcMt9YoU97YWvxt,Q130442608,Tongues.,Tongues.,,,musical group,Scotland,,,,,True,accepted_exact_name,True,True,eligible_group_or_duo,True,False
Breichiau Hir [6w8gBGhM600UpUlfHtrhWy],,6w8gBGhM600UpUlfHtrhWy,Breichiau Hir,700,1290,0,2026-07-18T20:45:22.974241+00:00,Spotify web-player queryArtistOverview,undocumented read-only web-client endpoint,6w8gBGhM600UpUlfHtrhWy,Q13126222,Breichiau Hir,Breichiau Hir,Q25,Wales,musical group,United Kingdom,,,,,True,accepted_exact_name,True,True,eligible_group_or_duo,True,False
Cristobal and the Sea [2T0h92MmVmgZc3yqRnlAdd],,2T0h92MmVmgZc3yqRnlAdd,Cristobal And The Sea,690,2172,0,2026-07-18T20:45:22.974241+00:00,Spotify web-player queryArtistOverview,undocumented read-only web-client endpoint,2T0h92MmVmgZc3yqRnlAdd,Q19277655,Cristobal and the Sea,Cristobal and the Sea,,,musical group,United Kingdom,,,,,True,accepted_exact_name,True,True,eligible_group_or_duo,True,False
Sham 69 [29XJ6qIJAQdRSw64f47aJe],,29XJ6qIJAQdRSw64f47aJe,Sham 69,682,118367,0,2026-07-18T20:45:22.974241+00:00,Spotify web-player queryArtistOverview,undocumented read-only web-client endpoint,29XJ6qIJAQdRSw64f47aJe,Q959100,Sham 69,Sham 69,Q5744439,Hersham,musical group,United Kingdom,,,,,True,accepted_exact_name,True,True,eligible_group_or_duo,True,False
Mirrors [3kIUtL0g9CF4EW1q6PyyGy],,3kIUtL0g9CF4EW1q6PyyGy,Mirrors,678,2854,0,2026-07-18T20:45:22.974241+00:00,Spotify web-player queryArtistOverview,undocumented read-only web-client endpoint,3kIUtL0g9CF4EW1q6PyyGy,Q1008449,Mirrors,Mirrors,Q131491,Brighton,musical group,United Kingdom,,,,,True,accepted_exact_name,True,True,eligible_group_or_duo,True,False
Ruthless Rap Assassins [0uRaAtYiCD9teuQCmMdAEM],,0uRaAtYiCD9teuQCmMdAEM,The Ruthless Rap Assassins,655,1319,0,2026-07-18T20:45:22.974241+00:00,Spotify web-player queryArtistOverview,undocumented read-only web-client endpoint,0uRaAtYiCD9teuQCmMdAEM,Q7383401,Ruthless Rap Assassins,Ruthless Rap Assassins,Q18125,Manchester,rap group,United Kingdom,,,,,False,rejected_name_mismatch,False,True,eligible_group_or_duo,True,False
The Uncharted [47VJ1MmvSfdtd9mQhScqTZ],,47VJ1MmvSfdtd9mQhScqTZ,The Uncharted,648,2611,0,2026-07-18T20:45:22.974241+00:00,Spotify web-player queryArtistOverview,undocumented read-only web-client endpoint,47VJ1MmvSfdtd9mQhScqTZ,Q53555183,The Uncharted,The Uncharted,,,musical group,United Kingdom,,,,,True,accepted_exact_name,True,True,eligible_group_or_duo,True,False
King Creature [46QhoDm6p3GxNv4c3rcDbc],,46QhoDm6p3GxNv4c3rcDbc,King Creature,644,2347,0,2026-07-18T20:45:22.974241+00:00,Spotify web-player queryArtistOverview,undocumented read-only web-client endpoint,46QhoDm6p3GxNv4c3rcDbc,Q105085995,King Creature,King Creature,,,musical group,United Kingdom,,,,,True,accepted_exact_name,True,True,eligible_group_or_duo,True,False
Tone Band [6baRO9SiRGJORG2hFE2X39],,6baRO9SiRGJORG2hFE2X39,Tone Band,624,219,0,2026-07-18T20:45:22.974241+00:00,Spotify web-player queryArtistOverview,undocumented read-only web-client endpoint,6baRO9SiRGJORG2hFE2X39,Q138847715,Tone Band,Tone Band,,,musical group,United Kingdom,,,,,True,accepted_exact_name,True,True,eligible_group_or_duo,True,False
Lone Star [2J1FX26bBlfWdkoRQGmXuc],,2J1FX26bBlfWdkoRQGmXuc,Lone Star,617,928,0,2026-07-18T20:45:22.974241+00:00,Spotify web-player queryArtistOverview,undocumented read-only web-client endpoint,2J1FX26bBlfWdkoRQGmXuc,Q909348,Lone Star,Lone Star,Q10690,Cardiff,musical group,United Kingdom,,,,,True,accepted_exact_name,True,True,eligible_group_or_duo,True,False
Nodens Ictus [0OfvEOqTN1x5l0KT2Ub2mW],,0OfvEOqTN1x5l0KT2Ub2mW,Nodens Ictus,611,1753,0,2026-07-18T20:45:22.974241+00:00,Spotify web-player queryArtistOverview,undocumented read-only web-client endpoint,0OfvEOqTN1x5l0KT2Ub2mW,Q7046680,Nodens Ictus,Nodens Ictus,,,musical group,United Kingdom,,,,,True,accepted_exact_name,True,True,eligible_group_or_duo,True,False
Jack Pack [46D6jDorvqXBg0tIypK7AR],,46D6jDorvqXBg0tIypK7AR,Jack Pack,607,2348,0,2026-07-18T20:45:22.974241+00:00,Spotify web-player queryArtistOverview,undocumented read-only web-client endpoint,46D6jDorvqXBg0tIypK7AR,Q30209210,Jack Pack,Jack Pack,,,musical group,United Kingdom,,,,,True,accepted_exact_name,True,True,eligible_group_or_duo,True,False
The History of Apple Pie [7qdtAT3XxpNXOa4URjf2NE],,7qdtAT3XxpNXOa4URjf2NE,The History Of Apple Pie,584,2984,0,2026-07-18T20:45:22.974241+00:00,Spotify web-player queryArtistOverview,undocumented read-only web-client endpoint,7qdtAT3XxpNXOa4URjf2NE,Q17021414,The History of Apple Pie,The History of Apple Pie,,,musical group,United Kingdom,,,,,True,accepted_exact_name,True,True,eligible_group_or_duo,True,False
Ignominious Incarceration [4x7qUR64FFfUx7bteNFPwY],,4x7qUR64FFfUx7bteNFPwY,Ignominious Incarceration,575,4084,0,2026-07-18T20:45:22.974241+00:00,Spotify web-player queryArtistOverview,undocumented read-only web-client endpoint,4x7qUR64FFfUx7bteNFPwY,Q55815449,Ignominious Incarceration,Ignominious Incarceration,,,musical group,United Kingdom,,,,,True,accepted_exact_name,True,True,eligible_group_or_duo,True,False
The Hair and Skin Trading Company [2qBuSecbkEALQYs1MTZAF5],,2qBuSecbkEALQYs1MTZAF5,The Hair And Skin Trading Company,571,1555,0,2026-07-18T20:45:22.974241+00:00,Spotify web-player queryArtistOverview,undocumented read-only web-client endpoint,2qBuSecbkEALQYs1MTZAF5,Q7738630,The Hair and Skin Trading Company,The Hair and Skin Trading Company,,,musical group,United Kingdom,,,,,True,accepted_exact_name,True,True,eligible_group_or_duo,True,False
Biomechanical [0OcXMAKkzHF1CkhqjAdOAm],,0OcXMAKkzHF1CkhqjAdOAm,Biomechanical,566,3095,0,2026-07-18T20:45:22.974241+00:00,Spotify web-player queryArtistOverview,undocumented read-only web-client endpoint,0OcXMAKkzHF1CkhqjAdOAm,Q864580,Biomechanical,Biomechanical,Q3410,Hertfordshire,musical group,United Kingdom,,,,,True,accepted_exact_name,True,True,eligible_group_or_duo,True,False
The Firm [2v9oaQ9UhtuTPMyOUlx4oL],,2v9oaQ9UhtuTPMyOUlx4oL,The Firm,560,395,0,2026-07-18T20:45:22.974241+00:00,Spotify web-player queryArtistOverview,undocumented read-only web-client endpoint,2v9oaQ9UhtuTPMyOUlx4oL,Q938323,The Firm,The Firm,Q21,England,rock band,United Kingdom,,,,,True,accepted_exact_name,True,True,eligible_group_or_duo,True,False
Llwybr Llaethog [3RoyMb5sD9K3r5JyCXdwfN],,3RoyMb5sD9K3r5JyCXdwfN,Llwybr Llaethog,527,688,0,2026-07-18T20:45:22.974241+00:00,Spotify web-player queryArtistOverview,undocumented read-only web-client endpoint,3RoyMb5sD9K3r5JyCXdwfN,Q6662900,Llwybr Llaethog,Llwybr Llaethog,Q25,Wales,musical ensemble|musical group,United Kingdom,,,,,True,accepted_exact_name,True,True,eligible_group_or_duo,True,False
Chris Barber's Jazz Band [0VPmURuvBGB1PER2fQBy6V],,0VPmURuvBGB1PER2fQBy6V,Chris Barber Jazz Band,524,2086,0,2026-07-18T20:45:22.974241+00:00,Spotify web-player queryArtistOverview,undocumented read-only web-client endpoint,0VPmURuvBGB1PER2fQBy6V,Q110892335,Chris Barber's Jazz Band,Chris Barber's Jazz Band,,,musical group,United Kingdom,,,,,False,rejected_name_mismatch,False,True,eligible_group_or_duo,True,False
Short Sharp Shock [3hfuvckgGeasNXxjUFQe5r],,3hfuvckgGeasNXxjUFQe5r,SSS,507,3709,0,2026-07-18T20:45:22.974241+00:00,Spotify web-player queryArtistOverview,undocumented read-only web-client endpoint,3hfuvckgGeasNXxjUFQe5r,Q1469364,Short Sharp Shock,Short Sharp Shock,Q24826,Liverpool,musical group,United Kingdom,,,,,False,rejected_name_mismatch,False,True,eligible_group_or_duo,True,False
She'Koyokh [6KmaBZ5axOepHqLNJsfT17],,6KmaBZ5axOepHqLNJsfT17,She'koyokh,502,1592,0,2026-07-18T20:45:22.974241+00:00,Spotify web-player queryArtistOverview,undocumented read-only web-client endpoint,6KmaBZ5axOepHqLNJsfT17,Q108605465,She'Koyokh,She'Koyokh,,,musical group,United Kingdom,,,,,True,accepted_exact_name,True,True,eligible_group_or_duo,True,False
Volkova Sisters [2R7HJ8U8vfMaHeobFgcdZN],,2R7HJ8U8vfMaHeobFgcdZN,Volkova Sisters,498,2192,0,2026-07-18T20:45:22.974241+00:00,Spotify web-player queryArtistOverview,undocumented read-only web-client endpoint,2R7HJ8U8vfMaHeobFgcdZN,Q25455484,Volkova Sisters,Volkova Sisters,,,musical group,United Kingdom,,,,,True,accepted_exact_name,True,True,eligible_group_or_duo,True,False
Elias String Quartet [43GSEJVOUa5hbRcIUZekx6],,43GSEJVOUa5hbRcIUZekx6,Elias String Quartet,495,1019,0,2026-07-18T20:45:22.974241+00:00,Spotify web-player queryArtistOverview,undocumented read-only web-client endpoint,43GSEJVOUa5hbRcIUZekx6,Q112660391,Elias String Quartet,Elias String Quartet,,,string quartet,United Kingdom,,,,,True,accepted_exact_name,True,True,eligible_group_or_duo,True,False
The Damage Manual [6gX3bKHMF4z9NY4FjBmnkK],,6gX3bKHMF4z9NY4FjBmnkK,The Damage Manual,486,3696,0,2026-07-18T20:45:22.974241+00:00,Spotify web-player queryArtistOverview,undocumented read-only web-client endpoint,6gX3bKHMF4z9NY4FjBmnkK,Q7728772,The Damage Manual,The Damage Manual,,,musical group|supergroup,United Kingdom,,,,,True,accepted_exact_name,True,True,eligible_group_or_duo,True,False
Detritus [4CPXvAt0HBbEy4Bxe3PJSx],,4CPXvAt0HBbEy4Bxe3PJSx,Detritus,475,2016,0,2026-07-18T20:45:22.974241+00:00,Spotify web-player queryArtistOverview,undocumented read-only web-client endpoint,4CPXvAt0HBbEy4Bxe3PJSx,Q25056233,Detritus,Detritus,,,musical group,United Kingdom,,,,,True,accepted_exact_name,True,True,eligible_group_or_duo,True,False
Icarus [0PDSR92MSuuyre6j9ngj7z],,0PDSR92MSuuyre6j9ngj7z,Icarus,464,1240,0,2026-07-18T20:45:22.974241+00:00,Spotify web-player queryArtistOverview,undocumented read-only web-client endpoint,0PDSR92MSuuyre6j9ngj7z,Q14157916,Icarus,Icarus,,,musical group,United Kingdom,,,,,True,accepted_exact_name,True,True,eligible_group_or_duo,True,False
Sensa Yuma [5JWL8Zg4hjPS1LaQ3bZ3vD],,5JWL8Zg4hjPS1LaQ3bZ3vD,Sensa Yuma,463,923,0,2026-07-18T20:45:22.974241+00:00,Spotify web-player queryArtistOverview,undocumented read-only web-client endpoint,5JWL8Zg4hjPS1LaQ3bZ3vD,Q85319249,Sensa Yuma,Sensa Yuma,Q826782,Stafford,musical group,England,,,,,True,accepted_exact_name,True,True,eligible_group_or_duo,True,False
Battle [3Re6UNx8ZU50sDzt6ZHfPV],,3Re6UNx8ZU50sDzt6ZHfPV,Battle,462,846,0,2026-07-18T20:45:22.974241+00:00,Spotify web-player queryArtistOverview,undocumented read-only web-client endpoint,3Re6UNx8ZU50sDzt6ZHfPV,Q4869971,Battle,Battle,Q737593,Battle,musical group,United Kingdom,,,,,True,accepted_exact_name,True,True,eligible_group_or_duo,True,False
Landmarq [4O5Qsq7F2Smn0EyvpP6JGo],,4O5Qsq7F2Smn0EyvpP6JGo,Landmarq,458,3625,0,2026-07-18T20:45:22.974241+00:00,Spotify web-player queryArtistOverview,undocumented read-only web-client endpoint,4O5Qsq7F2Smn0EyvpP6JGo,Q1980388,Landmarq,Landmarq,Q145,United Kingdom,musical group,United Kingdom,,,,,True,accepted_exact_name,True,True,eligible_group_or_duo,True,False
Janus [6X4SEEVMi4yPrRsXQeTA2Y],,6X4SEEVMi4yPrRsXQeTA2Y,Janus,457,1006,0,2026-07-18T20:45:22.974241+00:00,Spotify web-player queryArtistOverview,undocumented read-only web-client endpoint,6X4SEEVMi4yPrRsXQeTA2Y,Q139763519,Janus,Janus,,,musical group,United Kingdom,,,,,True,accepted_exact_name,True,True,eligible_group_or_duo,True,False
Melys [093j7LyELr49EnkVM8kdSx],,093j7LyELr49EnkVM8kdSx,Melys,447,1157,0,2026-07-18T20:45:22.974241+00:00,Spotify web-player queryArtistOverview,undocumented read-only web-client endpoint,093j7LyELr49EnkVM8kdSx,Q269006,Melys,Melys,Q203387,Q203387,rock band,United Kingdom,,,,,True,accepted_exact_name,True,True,eligible_group_or_duo,True,False
The Handsome Beasts [18oF763STurOPYHKXw2YFD],,18oF763STurOPYHKXw2YFD,The Handsome Beasts,445,2735,0,2026-07-18T20:45:22.974241+00:00,Spotify web-player queryArtistOverview,undocumented read-only web-client endpoint,18oF763STurOPYHKXw2YFD,Q7738739,The Handsome Beasts,The Handsome Beasts,Q2256,Birmingham,musical group,United Kingdom,,,,,True,accepted_exact_name,True,True,eligible_group_or_duo,True,False
Medicine Cabinet [11SWPw9bCw0O51KV6LSwij],,11SWPw9bCw0O51KV6LSwij,Medicine Cabinet,443,1744,0,2026-07-18T20:45:22.974241+00:00,Spotify web-player queryArtistOverview,undocumented read-only web-client endpoint,11SWPw9bCw0O51KV6LSwij,Q112001238,Medicine Cabinet,Medicine Cabinet,,,musical collective|musical group,Scotland,,,,,True,accepted_exact_name,True,True,eligible_group_or_duo,True,False
Zoviet France [0tBx19i6OAx0Z3gGiDtsTO],,0tBx19i6OAx0Z3gGiDtsTO,:zoviet*france:,442,3635,0,2026-07-18T20:45:22.974241+00:00,Spotify web-player queryArtistOverview,undocumented read-only web-client endpoint,0tBx19i6OAx0Z3gGiDtsTO,Q227076,Zoviet France,Zoviet France,Q1425428,Newcastle upon Tyne,musical group,United Kingdom,,,,,True,accepted_exact_name,True,True,eligible_group_or_duo,True,False
The Zephyrs [6Udc8hvR7KHrO9AoblN2IV],,6Udc8hvR7KHrO9AoblN2IV,The Zephyrs,438,1192,0,2026-07-18T20:45:22.974241+00:00,Spotify web-player queryArtistOverview,undocumented read-only web-client endpoint,6Udc8hvR7KHrO9AoblN2IV,Q3990151,The Zephyrs,The Zephyrs,Q23436,Edinburgh,musical group,United Kingdom,,,,,True,accepted_exact_name,True,True,eligible_group_or_duo,True,False
No Bra [0fSx8olGiwNJ4p1W9ofj2m],,0fSx8olGiwNJ4p1W9ofj2m,No Bra,434,1867,0,2026-07-18T20:45:22.974241+00:00,Spotify web-player queryArtistOverview,undocumented read-only web-client endpoint,0fSx8olGiwNJ4p1W9ofj2m,Q7043999,No Bra,No Bra,,,musical group,United Kingdom,,,,,True,accepted_exact_name,True,True,eligible_group_or_duo,True,False
Aaron Buchanan and The Cult Classics [1tjlBewFVOoImOZoaTVe4e],,1tjlBewFVOoImOZoaTVe4e,Aaron Buchanan And The Cult Classics,427,2252,0,2026-07-18T20:45:22.974241+00:00,Spotify web-player queryArtistOverview,undocumented read-only web-client endpoint,1tjlBewFVOoImOZoaTVe4e,Q29052390,Aaron Buchanan and The Cult Classics,Aaron Buchanan and The Cult Classics,,,musical group,United Kingdom,,,,,True,accepted_exact_name,True,True,eligible_group_or_duo,True,False
2far2jump [6dQqhidHUrk9MWflBTnCc1],,6dQqhidHUrk9MWflBTnCc1,2far2jump,415,2467,0,2026-07-18T20:45:22.974241+00:00,Spotify web-player queryArtistOverview,undocumented read-only web-client endpoint,6dQqhidHUrk9MWflBTnCc1,Q23898941,2far2jump,2far2jump,Q213465,Guildford,musical group,United Kingdom,,,,,True,accepted_exact_name,True,True,eligible_group_or_duo,True,False
Basement 5 [5ebPDGAR8t5CsUMOf8GfCf],,5ebPDGAR8t5CsUMOf8GfCf,Basement 5,397,1383,0,2026-07-18T20:45:22.974241+00:00,Spotify web-player queryArtistOverview,undocumented read-only web-client endpoint,5ebPDGAR8t5CsUMOf8GfCf,Q809939,Basement 5,Basement 5,,,musical group,United Kingdom,,,,,True,accepted_exact_name,True,True,eligible_group_or_duo,True,False
Arcadia [6vKSVauvYro3KEVHYtqMey],,6vKSVauvYro3KEVHYtqMey,Arcadia,396,97,0,2026-07-18T20:45:22.974241+00:00,Spotify web-player queryArtistOverview,undocumented read-only web-client endpoint,6vKSVauvYro3KEVHYtqMey,Q597261,Arcadia,Arcadia,Q84,London,musical group,United Kingdom,,,,,True,accepted_exact_name,True,True,eligible_group_or_duo,True,False
Cecil [3IXZycTIchNkpYVBzPBfLN],,3IXZycTIchNkpYVBzPBfLN,Cecil,396,740,0,2026-07-18T20:45:22.974241+00:00,Spotify web-player queryArtistOverview,undocumented read-only web-client endpoint,3IXZycTIchNkpYVBzPBfLN,Q5055916,Cecil,Cecil,Q24826,Liverpool,rock band,United Kingdom,,,,,True,accepted_exact_name,True,True,eligible_group_or_duo,True,False
Necronautical [1pSdHGWvFgLQ1Tm82rTDCV],,1pSdHGWvFgLQ1Tm82rTDCV,Necronautical,393,4141,0,2026-07-18T20:45:22.974241+00:00,Spotify web-player queryArtistOverview,undocumented read-only web-client endpoint,1pSdHGWvFgLQ1Tm82rTDCV,Q41438633,Necronautical,Necronautical,,,musical group,United Kingdom,,,,,True,accepted_exact_name,True,True,eligible_group_or_duo,True,False
The Drink [4QC5rdLAn0yOExTsUwj2RL],,4QC5rdLAn0yOExTsUwj2RL,The Drink,388,1318,0,2026-07-18T20:45:22.974241+00:00,Spotify web-player queryArtistOverview,undocumented read-only web-client endpoint,4QC5rdLAn0yOExTsUwj2RL,Q24336546,The Drink,The Drink,,,musical group,England,,,,,True,accepted_exact_name,True,True,eligible_group_or_duo,True,False
Colours of One [0JLdqnyAeOFyVSuhiwZYM3],,0JLdqnyAeOFyVSuhiwZYM3,Colours Of One,383,1313,0,2026-07-18T20:45:22.974241+00:00,Spotify web-player queryArtistOverview,undocumented read-only web-client endpoint,0JLdqnyAeOFyVSuhiwZYM3,Q5149271,Colours of One,Colours of One,Q6497774,Bridgend,musical group,United Kingdom,,,,,True,accepted_exact_name,True,True,eligible_group_or_duo,True,False
Inklings [1JVKHz34Aq1bPMlSO8bR6v],,1JVKHz34Aq1bPMlSO8bR6v,Inklings,381,1197,0,2026-07-18T20:45:22.974241+00:00,Spotify web-player queryArtistOverview,undocumented read-only web-client endpoint,1JVKHz34Aq1bPMlSO8bR6v,Q105085848,Inklings,Inklings,,,musical group|rock band,United Kingdom,,,,,True,accepted_exact_name,True,True,eligible_group_or_duo,True,False
Beecher [3Pdm5mH2608jTLl7p4SpHD],,3Pdm5mH2608jTLl7p4SpHD,Beecher,379,1772,0,2026-07-18T20:45:22.974241+00:00,Spotify web-player queryArtistOverview,undocumented read-only web-client endpoint,3Pdm5mH2608jTLl7p4SpHD,Q4879633,Beecher,Beecher,Q18125,Manchester,musical group,United Kingdom,,,,,True,accepted_exact_name,True,True,eligible_group_or_duo,True,False
Dave Stewart and the Spiritual Cowboys [3i6Cbev42CCKXedtJFS3At],,3i6Cbev42CCKXedtJFS3At,Dave Stewart and the Spiritual Cowboys,371,266,0,2026-07-18T20:45:22.974241+00:00,Spotify web-player queryArtistOverview,undocumented read-only web-client endpoint,3i6Cbev42CCKXedtJFS3At,Q5229929,Dave Stewart and the Spiritual Cowboys,Dave Stewart and the Spiritual Cowboys,Q84,London,musical group,United Kingdom,,,,,True,accepted_exact_name,True,True,eligible_group_or_duo,True,False
Cruciamentum [4cM4Vlx41zMs5lLQcSFlTy],,4cM4Vlx41zMs5lLQcSFlTy,Cruciamentum,369,16471,0,2026-07-18T20:45:22.974241+00:00,Spotify web-player queryArtistOverview,undocumented read-only web-client endpoint,4cM4Vlx41zMs5lLQcSFlTy,Q15053074,Cruciamentum,Cruciamentum,,,musical group,United Kingdom,,,,,True,accepted_exact_name,True,True,eligible_group_or_duo,True,False
Lori and the Chameleons [4QNBiRyzuAciXXVaADsERW],,4QNBiRyzuAciXXVaADsERW,Lori & the Chameleons,360,219,0,2026-07-18T20:45:22.974241+00:00,Spotify web-player queryArtistOverview,undocumented read-only web-client endpoint,4QNBiRyzuAciXXVaADsERW,Q60823340,Lori and the Chameleons,Lori and the Chameleons,,,musical group,United Kingdom,,,,,False,rejected_name_mismatch,False,True,eligible_group_or_duo,True,False
Breakfast Muff [32EpMrCPvAN5TBrqm16uKR],,32EpMrCPvAN5TBrqm16uKR,Breakfast Muff,351,1436,0,2026-07-18T20:45:22.974241+00:00,Spotify web-player queryArtistOverview,undocumented read-only web-client endpoint,32EpMrCPvAN5TBrqm16uKR,Q111700944,Breakfast Muff,Breakfast Muff,Q4093,Glasgow,musical trio,United Kingdom,,,,,True,accepted_exact_name,True,True,eligible_group_or_duo,True,False
Radio Anorak [7DI8lla9rOD2GxmKprt2yl],,7DI8lla9rOD2GxmKprt2yl,Radio Anorak,334,607,0,2026-07-18T20:45:22.974241+00:00,Spotify web-player queryArtistOverview,undocumented read-only web-client endpoint,7DI8lla9rOD2GxmKprt2yl,Q136699809,Radio Anorak,Radio Anorak,Q131491,Brighton,musical duo,United Kingdom,,,,,True,accepted_exact_name,True,True,eligible_group_or_duo,True,False
Earl Brutus [4f3P289o1SwqZn8yIlYTSM],,4f3P289o1SwqZn8yIlYTSM,Earl Brutus,328,798,0,2026-07-18T20:45:22.974241+00:00,Spotify web-player queryArtistOverview,undocumented read-only web-client endpoint,4f3P289o1SwqZn8yIlYTSM,Q5325758,Earl Brutus,Earl Brutus,Q4093,Glasgow,musical group,United Kingdom,,,,,True,accepted_exact_name,True,True,eligible_group_or_duo,True,False
Roller Trio [0KfQj0nNgTWRxhj94iD5Z5],,0KfQj0nNgTWRxhj94iD5Z5,Roller Trio,322,2397,0,2026-07-18T20:45:22.974241+00:00,Spotify web-player queryArtistOverview,undocumented read-only web-client endpoint,0KfQj0nNgTWRxhj94iD5Z5,Q7361041,Roller Trio,Roller Trio,Q39121,Leeds,jazz trio|musical group,United Kingdom,,,,,True,accepted_exact_name,True,True,eligible_group_or_duo,True,False
Hidden Youth [14HMcD6e7VQ2Te84b9ms5O],,14HMcD6e7VQ2Te84b9ms5O,Hidden Youth,318,201,0,2026-07-18T20:45:22.974241+00:00,Spotify web-player queryArtistOverview,undocumented read-only web-client endpoint,14HMcD6e7VQ2Te84b9ms5O,Q135180673,Hidden Youth,Hidden Youth,Q39121,Leeds,musical group,United Kingdom,,,,,True,accepted_exact_name,True,True,eligible_group_or_duo,True,False
Kiss of the Gypsy [01l9qmajPxBADBW8tSPwTL],,01l9qmajPxBADBW8tSPwTL,Kiss Of The Gypsy,317,1098,0,2026-07-18T20:45:22.974241+00:00,Spotify web-player queryArtistOverview,undocumented read-only web-client endpoint,01l9qmajPxBADBW8tSPwTL,Q6417111,Kiss of the Gypsy,Kiss of the Gypsy,,,musical group,United Kingdom,,,,,True,accepted_exact_name,True,True,eligible_group_or_duo,True,False
The Yobs [1nR80bBZou9i7dRwqCVeLf],,1nR80bBZou9i7dRwqCVeLf,The Yobs,315,879,0,2026-07-18T20:45:22.974241+00:00,Spotify web-player queryArtistOverview,undocumented read-only web-client endpoint,1nR80bBZou9i7dRwqCVeLf,Q113681828,The Yobs,The Yobs,,,musical group,United Kingdom,,,,,True,accepted_exact_name,True,True,eligible_group_or_duo,True,False
Reprazent [0QJsUBH0PcoT2fYI1F1Oee],,0QJsUBH0PcoT2fYI1F1Oee,Roni Size Reprazent,306,1053,0,2026-07-18T20:45:22.974241+00:00,Spotify web-player queryArtistOverview,undocumented read-only web-client endpoint,0QJsUBH0PcoT2fYI1F1Oee,Q7314192,Reprazent,Reprazent,,,musical group,United Kingdom,,,,,False,rejected_name_mismatch,False,True,eligible_group_or_duo,True,False
Chasing the Monsoon [3ej2J99HZ72b1tLf8eqldI],,3ej2J99HZ72b1tLf8eqldI,Chasing The Monsoon,302,773,0,2026-07-18T20:45:22.974241+00:00,Spotify web-player queryArtistOverview,undocumented read-only web-client endpoint,3ej2J99HZ72b1tLf8eqldI,Q123517083,Chasing the Monsoon,Chasing the Monsoon,,,musical group,Wales,,,,,True,accepted_exact_name,True,True,eligible_group_or_duo,True,False
The Hepburns [5vtGtpKqoiBmlosoj3CvCV],,5vtGtpKqoiBmlosoj3CvCV,The Hepburns,291,861,0,2026-07-18T20:45:22.974241+00:00,Spotify web-player queryArtistOverview,undocumented read-only web-client endpoint,5vtGtpKqoiBmlosoj3CvCV,Q140387340,The Hepburns,The Hepburns,Q990125,Llanelli,musical group,Wales,,,,,True,accepted_exact_name,True,True,eligible_group_or_duo,True,False
The Hafler Trio [55LMwjTvt96IaHKk8Oyv9m],,55LMwjTvt96IaHKk8Oyv9m,The Hafler Trio,285,1529,0,2026-07-18T20:45:22.974241+00:00,Spotify web-player queryArtistOverview,undocumented read-only web-client endpoint,55LMwjTvt96IaHKk8Oyv9m,Q1568105,The Hafler Trio,The Hafler Trio,,,musical group,United Kingdom,,,,,True,accepted_exact_name,True,True,eligible_group_or_duo,True,False
Enoch Prusak [5Q688JXh6SyNFk4ZOSm67k],,5Q688JXh6SyNFk4ZOSm67k,Enoch Prusak,279,122,0,2026-07-18T20:45:22.974241+00:00,Spotify web-player queryArtistOverview,undocumented read-only web-client endpoint,5Q688JXh6SyNFk4ZOSm67k,Q59529409,Enoch Prusak,Enoch Prusak,,,musical group,United Kingdom,,,,,True,accepted_exact_name,True,True,eligible_group_or_duo,True,False
Sabazius [0B4K8Q3RDUi92Y7kVIQckh],,0B4K8Q3RDUi92Y7kVIQckh,Sabazius,268,454,0,2026-07-18T20:45:22.974241+00:00,Spotify web-player queryArtistOverview,undocumented read-only web-client endpoint,0B4K8Q3RDUi92Y7kVIQckh,Q59462159,Sabazius,Sabazius,,,musical group,United Kingdom,,,,,True,accepted_exact_name,True,True,eligible_group_or_duo,True,False
Rogue Male [097oEfx7kWh3t1wsQANLmQ],,097oEfx7kWh3t1wsQANLmQ,Rogue Male,263,791,0,2026-07-18T20:45:22.974241+00:00,Spotify web-player queryArtistOverview,undocumented read-only web-client endpoint,097oEfx7kWh3t1wsQANLmQ,Q7359522,Rogue Male,Rogue Male,,,musical group,United Kingdom,,,,,True,accepted_exact_name,True,True,eligible_group_or_duo,True,False
Orphix [4fxwTkuDSRh2oEftCgIdg1],,4fxwTkuDSRh2oEftCgIdg1,Orphix,257,223,0,2026-07-18T20:45:22.974241+00:00,Spotify web-player queryArtistOverview,undocumented read-only web-client endpoint,4fxwTkuDSRh2oEftCgIdg1,Q138411334,Orphix,Orphix,Q2256,Birmingham,musical group,England,,,,,True,accepted_exact_name,True,True,eligible_group_or_duo,True,False
Rockbitch [47YrbBcOZezItfouWHEZXh],,47YrbBcOZezItfouWHEZXh,Rockbitch,254,2925,0,2026-07-18T20:45:22.974241+00:00,Spotify web-player queryArtistOverview,undocumented read-only web-client endpoint,47YrbBcOZezItfouWHEZXh,Q502894,Rockbitch,Rockbitch,,,rock band,United Kingdom,,,,,True,accepted_exact_name,True,True,eligible_group_or_duo,True,False
Rat Face Lewey [29hehHQR95OVuLipgcj2qg],,29hehHQR95OVuLipgcj2qg,Rat Face Lewey,252,1312,0,2026-07-18T20:45:22.974241+00:00,Spotify web-player queryArtistOverview,undocumented read-only web-client endpoint,29hehHQR95OVuLipgcj2qg,Q124286690,Rat Face Lewey,Rat Face Lewey,,,musical group,England,,,,,True,accepted_exact_name,True,True,eligible_group_or_duo,True,False
Bossy Love [2gtghUEyzHvdaHMf62IxcG],,2gtghUEyzHvdaHMf62IxcG,Bossy Love,250,4688,0,2026-07-18T20:45:22.974241+00:00,Spotify web-player queryArtistOverview,undocumented read-only web-client endpoint,2gtghUEyzHvdaHMf62IxcG,Q50406072,Bossy Love,Bossy Love,Q4093,Glasgow,musical group,United Kingdom,,,,,True,accepted_exact_name,True,True,eligible_group_or_duo,True,False
English National Opera [2bgqC9MymhIkr2XdCBhwq4],,2bgqC9MymhIkr2XdCBhwq4,English National Opera,246,304,0,2026-07-18T20:45:22.974241+00:00,Spotify web-player queryArtistOverview,undocumented read-only web-client endpoint,2bgqC9MymhIkr2XdCBhwq4,Q1342882,English National Opera,English National Opera,,,charitable organization|opera company,United Kingdom,,,,,True,accepted_exact_name,True,True,eligible_group_or_duo,True,False
Q62754522 [0lIKeApI76hhaAI78Jy6tt],,0lIKeApI76hhaAI78Jy6tt,Vodun,242,3998,0,2026-07-18T20:45:22.974241+00:00,Spotify web-player queryArtistOverview,undocumented read-only web-client endpoint,0lIKeApI76hhaAI78Jy6tt,Q62754522,Q62754522,Q62754522,,,rock band,United Kingdom,,,,,False,rejected_name_mismatch,False,True,eligible_group_or_duo,True,False
The Skallions [0UYh7Z1VvXn8iBkjsJ9x5g],,0UYh7Z1VvXn8iBkjsJ9x5g,The Skallions,238,556,0,2026-07-18T20:45:22.974241+00:00,Spotify web-player queryArtistOverview,undocumented read-only web-client endpoint,0UYh7Z1VvXn8iBkjsJ9x5g,Q115275439,The Skallions,The Skallions,,,musical group,Northern Ireland,,,,,True,accepted_exact_name,True,True,eligible_group_or_duo,True,False
Her Majesty & The Wolves [3IWIrpfc2YpRdfFwoRxt5j],,3IWIrpfc2YpRdfFwoRxt5j,Her Majesty & The Wolves,233,932,0,2026-07-18T20:45:22.974241+00:00,Spotify web-player queryArtistOverview,undocumented read-only web-client endpoint,3IWIrpfc2YpRdfFwoRxt5j,Q5732354,Her Majesty & The Wolves,Her Majesty & The Wolves,Q84,London,musical group,United Kingdom,,,,,True,accepted_exact_name,True,True,eligible_group_or_duo,True,False
Karybdis [4Ftbf9iUvrmbXu77zhDcNn],,4Ftbf9iUvrmbXu77zhDcNn,Karybdis,231,1724,0,2026-07-18T20:45:22.974241+00:00,Spotify web-player queryArtistOverview,undocumented read-only web-client endpoint,4Ftbf9iUvrmbXu77zhDcNn,Q6373841,Karybdis,Karybdis,Q84,London,musical group,United Kingdom,,,,,True,accepted_exact_name,True,True,eligible_group_or_duo,True,False
Gravity Noir [1CnQsPqXZst7KwVtYH9fB7],,1CnQsPqXZst7KwVtYH9fB7,Gravity Noir,228,3065,0,2026-07-18T20:45:22.974241+00:00,Spotify web-player queryArtistOverview,undocumented read-only web-client endpoint,1CnQsPqXZst7KwVtYH9fB7,Q63510089,Gravity Noir,Gravity Noir,,,musical group,United Kingdom,,,,,True,accepted_exact_name,True,True,eligible_group_or_duo,True,False
Jocasta [3FqpJdkbrQQ85tqeJSodlj],,3FqpJdkbrQQ85tqeJSodlj,Jocasta,226,317,0,2026-07-18T20:45:22.974241+00:00,Spotify web-player queryArtistOverview,undocumented read-only web-client endpoint,3FqpJdkbrQQ85tqeJSodlj,Q6207064,Jocasta,Jocasta,Q84,London,musical group,United Kingdom,,,,,True,accepted_exact_name,True,True,eligible_group_or_duo,True,False
The Maccabees [7if0ctjVhSCvyIDmTmbriv],,7if0ctjVhSCvyIDmTmbriv,Maccabees,220,553,0,2026-07-18T20:45:22.974241+00:00,Spotify web-player queryArtistOverview,undocumented read-only web-client endpoint,7if0ctjVhSCvyIDmTmbriv,Q174627,The Maccabees,The Maccabees,Q84,London,rock band,United Kingdom,,,,,False,rejected_name_mismatch,False,True,eligible_group_or_duo,True,False
The Soulless [4UJzNF5FbeXw2wMFC4rEWU],,4UJzNF5FbeXw2wMFC4rEWU,The Soulless,214,1111,0,2026-07-18T20:45:22.974241+00:00,Spotify web-player queryArtistOverview,undocumented read-only web-client endpoint,4UJzNF5FbeXw2wMFC4rEWU,Q7765383,The Soulless,The Soulless,Q22889,Bath,musical group,United Kingdom,,,,,True,accepted_exact_name,True,True,eligible_group_or_duo,True,False
Eight Rounds Rapid [5NBYUzT1mOe0FNmHQ6CAQa],,5NBYUzT1mOe0FNmHQ6CAQa,Eight Rounds Rapid,212,704,0,2026-07-18T20:45:22.974241+00:00,Spotify web-player queryArtistOverview,undocumented read-only web-client endpoint,5NBYUzT1mOe0FNmHQ6CAQa,Q48699958,Eight Rounds Rapid,Eight Rounds Rapid,,,musical group,United Kingdom,,,,,True,accepted_exact_name,True,True,eligible_group_or_duo,True,False
Kerosene Cocktail [74Ftx76Z3Aw2dCu04Tp4Pt],,74Ftx76Z3Aw2dCu04Tp4Pt,Kerosene Cocktail,212,299,0,2026-07-18T20:45:22.974241+00:00,Spotify web-player queryArtistOverview,undocumented read-only web-client endpoint,74Ftx76Z3Aw2dCu04Tp4Pt,Q137217849,Kerosene Cocktail,Kerosene Cocktail,Q23148,Q23148,musical group,United Kingdom,,,,,True,accepted_exact_name,True,True,eligible_group_or_duo,True,False
Casino [5s8cz7EW4SrDCfBmAXiHhW],,5s8cz7EW4SrDCfBmAXiHhW,Casino,211,279,0,2026-07-18T20:45:22.974241+00:00,Spotify web-player queryArtistOverview,undocumented read-only web-client endpoint,5s8cz7EW4SrDCfBmAXiHhW,Q5048839,Casino,Casino,Q2256,Birmingham,musical group,United Kingdom,,,,,True,accepted_exact_name,True,True,eligible_group_or_duo,True,False
Szou [0WabgZbwoFHTTXeLvD5Cr0],,0WabgZbwoFHTTXeLvD5Cr0,Szou,208,452,0,2026-07-18T20:45:22.974241+00:00,Spotify web-player queryArtistOverview,undocumented read-only web-client endpoint,0WabgZbwoFHTTXeLvD5Cr0,Q134612949,Szou,Szou,,,musical group,United Kingdom,,,,,True,accepted_exact_name,True,True,eligible_group_or_duo,True,False
GYLDEN [4SzRuT8xGwJwtHrhJC7fXD],,4SzRuT8xGwJwtHrhJC7fXD,GYLDEN,206,87,0,2026-07-18T20:45:22.974241+00:00,Spotify web-player queryArtistOverview,undocumented read-only web-client endpoint,4SzRuT8xGwJwtHrhJC7fXD,Q135428176,GYLDEN,GYLDEN,,,musical group,United Kingdom,,,,,True,accepted_exact_name,True,True,eligible_group_or_duo,True,False
Ewigkeit [1WrL7rHaEUsybSJi6Qsjb1],,1WrL7rHaEUsybSJi6Qsjb1,Ewigkeit,201,801,0,2026-07-18T20:45:22.974241+00:00,Spotify web-player queryArtistOverview,undocumented read-only web-client endpoint,1WrL7rHaEUsybSJi6Qsjb1,Q2908685,Ewigkeit,Ewigkeit,,,musical group,United Kingdom,,,,,True,accepted_exact_name,True,True,eligible_group_or_duo,True,False
KAPUTT [0fDdKfaTD2KmHjZapDB8yy],,0fDdKfaTD2KmHjZapDB8yy,Kaputt,199,2048,0,2026-07-18T20:45:22.974241+00:00,Spotify web-player queryArtistOverview,undocumented read-only web-client endpoint,0fDdKfaTD2KmHjZapDB8yy,Q110548555,KAPUTT,KAPUTT,,,musical group,United Kingdom,,,,,True,accepted_exact_name,True,True,eligible_group_or_duo,True,False
PSOTY [7nM5qczzwOoamL01A5aFHj],,7nM5qczzwOoamL01A5aFHj,PSOTY,193,1286,0,2026-07-18T20:45:22.974241+00:00,Spotify web-player queryArtistOverview,undocumented read-only web-client endpoint,7nM5qczzwOoamL01A5aFHj,Q101046013,PSOTY,PSOTY,Q172438,Peterborough,musical group,England,,,,,True,accepted_exact_name,True,True,eligible_group_or_duo,True,False
The Rusty Tubs [6wPET8UyFQRnk001STnZap],,6wPET8UyFQRnk001STnZap,The Rusty Tubs,193,272,0,2026-07-18T20:45:22.974241+00:00,Spotify web-player queryArtistOverview,undocumented read-only web-client endpoint,6wPET8UyFQRnk001STnZap,Q138493869,The Rusty Tubs,The Rusty Tubs,Q67508687,Gloucestershire,musical group,United Kingdom,,,,,True,accepted_exact_name,True,True,eligible_group_or_duo,True,False
Dave & Toni Arthur [2MIaJ1iL9eN8r80eIUBPoC],,2MIaJ1iL9eN8r80eIUBPoC,Dave & Toni Arthur,191,410,0,2026-07-18T20:45:22.974241+00:00,Spotify web-player queryArtistOverview,undocumented read-only web-client endpoint,2MIaJ1iL9eN8r80eIUBPoC,Q114239181,Dave & Toni Arthur,Dave & Toni Arthur,,,musical group,United Kingdom,,,,,True,accepted_exact_name,True,True,eligible_group_or_duo,True,False
Doe [7tzIO678my6yGW0ZIhYEV3],,7tzIO678my6yGW0ZIhYEV3,Doe,191,2259,0,2026-07-18T20:45:22.974241+00:00,Spotify web-player queryArtistOverview,undocumented read-only web-client endpoint,7tzIO678my6yGW0ZIhYEV3,Q28434532,Doe,Doe,,,musical group,United Kingdom,,,,,True,accepted_exact_name,True,True,eligible_group_or_duo,True,False
Starlite Campbell Band [24UPCThmLgpiEP1wV6SQkN],,24UPCThmLgpiEP1wV6SQkN,Starlite Campbell Band,178,438,0,2026-07-18T20:45:22.974241+00:00,Spotify web-player queryArtistOverview,undocumented read-only web-client endpoint,24UPCThmLgpiEP1wV6SQkN,Q49352929,Starlite Campbell Band,Starlite Campbell Band,,,musical group,United Kingdom,,,,,True,accepted_exact_name,True,True,eligible_group_or_duo,True,False
Bon Music Vision [1QwUr0czSLcqICjTyiap1G],,1QwUr0czSLcqICjTyiap1G,Bon,176,302,0,2026-07-18T20:45:22.974241+00:00,Spotify web-player queryArtistOverview,undocumented read-only web-client endpoint,1QwUr0czSLcqICjTyiap1G,Q134511308,Bon Music Vision,Bon Music Vision,Q84,London,musical group,United Kingdom,,,,,False,rejected_name_mismatch,False,True,eligible_group_or_duo,True,False
Pooka [3FJWxybW8MyzVi3XafVfBR],,3FJWxybW8MyzVi3XafVfBR,Pooka,174,600,0,2026-07-18T20:45:22.974241+00:00,Spotify web-player queryArtistOverview,undocumented read-only web-client endpoint,3FJWxybW8MyzVi3XafVfBR,Q7228540,Pooka,Pooka,Q18125,Manchester,musical group,United Kingdom,,,,,True,accepted_exact_name,True,True,eligible_group_or_duo,True,False
Original Mirrors [3o584GzCerZyBgblZOhYSR],,3o584GzCerZyBgblZOhYSR,Original Mirrors,173,425,0,2026-07-18T20:45:22.974241+00:00,Spotify web-player queryArtistOverview,undocumented read-only web-client endpoint,3o584GzCerZyBgblZOhYSR,Q16962082,Original Mirrors,Original Mirrors,Q24826,Liverpool,musical group,United Kingdom,,,,,True,accepted_exact_name,True,True,eligible_group_or_duo,True,False
Ultraviolence [5tdiNC9c8cr9uSnIC0fwds],,5tdiNC9c8cr9uSnIC0fwds,Ultraviolence,171,30,0,2026-07-18T20:45:22.974241+00:00,Spotify web-player queryArtistOverview,undocumented read-only web-client endpoint,5tdiNC9c8cr9uSnIC0fwds,Q7880698,Ultraviolence,Ultraviolence,,,musical group,United Kingdom,,,,,True,accepted_exact_name,True,True,eligible_group_or_duo,True,False
Versus The Ghost [6EszYd5uWCTKmaVf9weYzU],,6EszYd5uWCTKmaVf9weYzU,Versus The Ghost,167,1306,0,2026-07-18T20:45:22.974241+00:00,Spotify web-player queryArtistOverview,undocumented read-only web-client endpoint,6EszYd5uWCTKmaVf9weYzU,Q59590905,Versus The Ghost,Versus The Ghost,,,musical group,United Kingdom,,,,,True,accepted_exact_name,True,True,eligible_group_or_duo,True,False
The Trudy [2OIo9wttPZU777MHXusDLW],,2OIo9wttPZU777MHXusDLW,The Trudy,164,253,0,2026-07-18T20:45:22.974241+00:00,Spotify web-player queryArtistOverview,undocumented read-only web-client endpoint,2OIo9wttPZU777MHXusDLW,Q23020924,The Trudy,The Trudy,,,musical group,United Kingdom,,,,,True,accepted_exact_name,True,True,eligible_group_or_duo,True,False
National Park [4qrFgUQuEveoLJFqBA9pbF],,4qrFgUQuEveoLJFqBA9pbF,National Park,158,143,0,2026-07-18T20:45:22.974241+00:00,Spotify web-player queryArtistOverview,undocumented read-only web-client endpoint,4qrFgUQuEveoLJFqBA9pbF,Q16932343,National Park,National Park,Q4093,Glasgow,musical group,United Kingdom,,,,,True,accepted_exact_name,True,True,eligible_group_or_duo,True,False
Geoff Love & His Orchestra [3e4pvOxrERfq12BIQ2EWvy],,3e4pvOxrERfq12BIQ2EWvy,Geoff Love Orchestra,156,72,0,2026-07-18T20:45:22.974241+00:00,Spotify web-player queryArtistOverview,undocumented read-only web-client endpoint,3e4pvOxrERfq12BIQ2EWvy,Q108894603,Geoff Love & His Orchestra,Geoff Love & His Orchestra,,,musical group,United Kingdom,,,,,False,rejected_name_mismatch,False,False,excluded_orchestra,True,False
Gordon Giltrap Band [7aVR2dnOQrK6fBSygUvPB6],,7aVR2dnOQrK6fBSygUvPB6,The Gordon Giltrap Band,154,171,0,2026-07-18T20:45:22.974241+00:00,Spotify web-player queryArtistOverview,undocumented read-only web-client endpoint,7aVR2dnOQrK6fBSygUvPB6,Q105816119,Gordon Giltrap Band,Gordon Giltrap Band,,,musical group,United Kingdom,,,,,False,rejected_name_mismatch,False,True,eligible_group_or_duo,True,False
fiN [4H8p15vAP9zZLWVjNGMQog],,4H8p15vAP9zZLWVjNGMQog,fiN,142,796,0,2026-07-18T20:45:22.974241+00:00,Spotify web-player queryArtistOverview,undocumented read-only web-client endpoint,4H8p15vAP9zZLWVjNGMQog,Q5449311,fiN,fiN,,,musical group,United Kingdom,,,,,True,accepted_exact_name,True,True,eligible_group_or_duo,True,False
The Step Music [1nZk8EEonvTctn11yGozzp],,1nZk8EEonvTctn11yGozzp,The Step,142,35,0,2026-07-18T20:45:22.974241+00:00,Spotify web-player queryArtistOverview,undocumented read-only web-client endpoint,1nZk8EEonvTctn11yGozzp,Q135082184,The Step Music,The Step Music,,,musical group,United Kingdom,,,,,False,rejected_name_mismatch,False,True,eligible_group_or_duo,True,False
Memes [7LcMZdclXQ3hyNcHsMdwiR],,7LcMZdclXQ3hyNcHsMdwiR,MEMES,139,1950,0,2026-07-18T20:45:22.974241+00:00,Spotify web-player queryArtistOverview,undocumented read-only web-client endpoint,7LcMZdclXQ3hyNcHsMdwiR,Q111710134,Memes,Memes,Q4093,Glasgow,musical duo,United Kingdom,,,,,True,accepted_exact_name,True,True,eligible_group_or_duo,True,False
PACE [0M6xT4nEOcKw436KIgq5DE],,0M6xT4nEOcKw436KIgq5DE,Pace,135,853,0,2026-07-18T20:45:22.974241+00:00,Spotify web-player queryArtistOverview,undocumented read-only web-client endpoint,0M6xT4nEOcKw436KIgq5DE,Q110908108,PACE,PACE,Q1780,Bratislava,musical group,United Kingdom,,,,,True,accepted_exact_name,True,True,eligible_group_or_duo,True,False
Bird in the Belly [4OlDV4RbT8NjBrBDF2u7zx],,4OlDV4RbT8NjBrBDF2u7zx,Bird in the Belly,130,628,0,2026-07-18T20:45:22.974241+00:00,Spotify web-player queryArtistOverview,undocumented read-only web-client endpoint,4OlDV4RbT8NjBrBDF2u7zx,Q50821861,Bird in the Belly,Bird in the Belly,,,musical group,United Kingdom,,,,,True,accepted_exact_name,True,True,eligible_group_or_duo,True,False
Deep Cut [69qvm3ER5sX2cMpO0yWd3L],,69qvm3ER5sX2cMpO0yWd3L,Deep Cut,130,453,0,2026-07-18T20:45:22.974241+00:00,Spotify web-player queryArtistOverview,undocumented read-only web-client endpoint,69qvm3ER5sX2cMpO0yWd3L,Q5250143,Deep Cut,Deep Cut,,,musical group,United Kingdom,,,,,True,accepted_exact_name,True,True,eligible_group_or_duo,True,False
Disclosure [5kEMsZhrbCQcl5Zzv0VIpY],,5kEMsZhrbCQcl5Zzv0VIpY,Disclosure,126,6351,0,2026-07-18T20:45:22.974241+00:00,Spotify web-player queryArtistOverview,undocumented read-only web-client endpoint,5kEMsZhrbCQcl5Zzv0VIpY,Q1228440,Disclosure,Disclosure,Q1018418,Reigate,musical duo,United Kingdom,,,,,True,accepted_exact_name,True,True,eligible_group_or_duo,True,False
The Chrysanthemums [4W9woLDFYS3LQZeQq9kujy],,4W9woLDFYS3LQZeQq9kujy,The Chrysanthemums,125,308,0,2026-07-18T20:45:22.974241+00:00,Spotify web-player queryArtistOverview,undocumented read-only web-client endpoint,4W9woLDFYS3LQZeQq9kujy,Q3986276,The Chrysanthemums,The Chrysanthemums,,,musical group,United Kingdom,,,,,True,accepted_exact_name,True,True,eligible_group_or_duo,True,False
Nun Gun [4K2piIheWu7i98Mb2TXAaG],,4K2piIheWu7i98Mb2TXAaG,Nun Gun,124,481,0,2026-07-18T20:45:22.974241+00:00,Spotify web-player queryArtistOverview,undocumented read-only web-client endpoint,4K2piIheWu7i98Mb2TXAaG,Q113903751,Nun Gun,Nun Gun,,,musical group,United Kingdom,,,,,True,accepted_exact_name,True,True,eligible_group_or_duo,True,False
Sanguine Hum [4aaw8pFlSYTCum4PYJ37RN],,4aaw8pFlSYTCum4PYJ37RN,Sanguine Hum,123,1860,0,2026-07-18T20:45:22.974241+00:00,Spotify web-player queryArtistOverview,undocumented read-only web-client endpoint,4aaw8pFlSYTCum4PYJ37RN,Q1826595,Sanguine Hum,Sanguine Hum,,,musical group,United Kingdom,,,,,True,accepted_exact_name,True,True,eligible_group_or_duo,True,False
The Adventure Babies [7y9PyTFer8ZT5eNgLn5Tad],,7y9PyTFer8ZT5eNgLn5Tad,The Adventure Babies,123,206,0,2026-07-18T20:45:22.974241+00:00,Spotify web-player queryArtistOverview,undocumented read-only web-client endpoint,7y9PyTFer8ZT5eNgLn5Tad,Q7712429,The Adventure Babies,The Adventure Babies,Q18125,Manchester,musical group,United Kingdom,,,,,True,accepted_exact_name,True,True,eligible_group_or_duo,True,False
The Sick Livers [2F3USKG6LsRFFint04dCof],,2F3USKG6LsRFFint04dCof,The Sick Livers,123,140,0,2026-07-18T20:45:22.974241+00:00,Spotify web-player queryArtistOverview,undocumented read-only web-client endpoint,2F3USKG6LsRFFint04dCof,Q140391456,The Sick Livers,The Sick Livers,,,musical group,Wales,,,,,True,accepted_exact_name,True,True,eligible_group_or_duo,True,False
Liquid [12QfNtz2o2d8ZHGLaNUY4A],,12QfNtz2o2d8ZHGLaNUY4A,Liquid,122,117,0,2026-07-18T20:45:22.974241+00:00,Spotify web-player queryArtistOverview,undocumented read-only web-client endpoint,12QfNtz2o2d8ZHGLaNUY4A,Q16962746,Liquid,Liquid,,,musical group,United Kingdom,,,,,True,accepted_exact_name,True,True,eligible_group_or_duo,True,False
The Trevor Horn Band [27666UzXcYSHcIyIhr2c2G],,27666UzXcYSHcIyIhr2c2G,Producers,117,446,0,2026-07-18T20:45:22.974241+00:00,Spotify web-player queryArtistOverview,undocumented read-only web-client endpoint,27666UzXcYSHcIyIhr2c2G,Q11250835,The Trevor Horn Band,The Trevor Horn Band,Q84,London,musical group,United Kingdom,,,,,False,rejected_name_mismatch,False,True,eligible_group_or_duo,True,False
Project Overload [1tKR8fSpu3ax5Oo7qE5z84],,1tKR8fSpu3ax5Oo7qE5z84,Project Overload,116,303,0,2026-07-18T20:45:22.974241+00:00,Spotify web-player queryArtistOverview,undocumented read-only web-client endpoint,1tKR8fSpu3ax5Oo7qE5z84,Q126364719,Project Overload,Project Overload,Q6225,Coventry,musical group,United Kingdom,,,,,True,accepted_exact_name,True,True,eligible_group_or_duo,True,False
Fort Lauderdale [6W9DEYcSztPwHjKqNuJJYX],,6W9DEYcSztPwHjKqNuJJYX,Fort Lauderdale,115,155,0,2026-07-18T20:45:22.974241+00:00,Spotify web-player queryArtistOverview,undocumented read-only web-client endpoint,6W9DEYcSztPwHjKqNuJJYX,Q127418710,Fort Lauderdale,Fort Lauderdale,,,musical duo,United Kingdom,,,,,True,accepted_exact_name,True,True,eligible_group_or_duo,True,False
Johnny Duncan & His Blue Grass Boys [5lBI67vR6gjByzujBbGZTA],,5lBI67vR6gjByzujBbGZTA,Johnny Duncan & His Blue Grass Boys,113,37,0,2026-07-18T20:45:22.974241+00:00,Spotify web-player queryArtistOverview,undocumented read-only web-client endpoint,5lBI67vR6gjByzujBbGZTA,Q109673312,Johnny Duncan & His Blue Grass Boys,Johnny Duncan & His Blue Grass Boys,,,musical group,United Kingdom,,,,,True,accepted_exact_name,True,True,eligible_group_or_duo,True,False
Spontaneous Combustion [4bl1sZKapv01OOWYKZEn9E],,4bl1sZKapv01OOWYKZEn9E,Spontaneous Combustion,111,456,0,2026-07-18T20:45:22.974241+00:00,Spotify web-player queryArtistOverview,undocumented read-only web-client endpoint,4bl1sZKapv01OOWYKZEn9E,Q15848197,Spontaneous Combustion,Spontaneous Combustion,,,musical group,United Kingdom,,,,,True,accepted_exact_name,True,True,eligible_group_or_duo,True,False
Baby Brave [6gOTzD5oHVgSJRdAlhKthL],,6gOTzD5oHVgSJRdAlhKthL,Baby Brave,110,442,0,2026-07-18T20:45:22.974241+00:00,Spotify web-player queryArtistOverview,undocumented read-only web-client endpoint,6gOTzD5oHVgSJRdAlhKthL,Q140391418,Baby Brave,Baby Brave,Q496368,Wrexham,musical group,Wales,,,,,True,accepted_exact_name,True,True,eligible_group_or_duo,True,False
Rain [4W85qcKiLn5WGMm6vtoNX6],,4W85qcKiLn5WGMm6vtoNX6,Rain,110,746,0,2026-07-18T20:45:22.974241+00:00,Spotify web-player queryArtistOverview,undocumented read-only web-client endpoint,4W85qcKiLn5WGMm6vtoNX6,Q126179969,Rain,Rain,,,musical group,United Kingdom,,,,,True,accepted_exact_name,True,True,eligible_group_or_duo,True,False
National Pastime [4Xg1lJLKFPifzRpyPQye8D],,4Xg1lJLKFPifzRpyPQye8D,National Pastime,109,205,0,2026-07-18T20:45:22.974241+00:00,Spotify web-player queryArtistOverview,undocumented read-only web-client endpoint,4Xg1lJLKFPifzRpyPQye8D,Q124119654,National Pastime,National Pastime,,,musical group,United Kingdom,,,,,True,accepted_exact_name,True,True,eligible_group_or_duo,True,False
The Scooters [3uyiNR4wvu1mn7UR2dHJA3],,3uyiNR4wvu1mn7UR2dHJA3,The Scooters,109,213,0,2026-07-18T20:45:22.974241+00:00,Spotify web-player queryArtistOverview,undocumented read-only web-client endpoint,3uyiNR4wvu1mn7UR2dHJA3,Q63975484,The Scooters,The Scooters,,,musical group,United Kingdom,,,,,True,accepted_exact_name,True,True,eligible_group_or_duo,True,False
Mantovani and His Orchestra [0BgLFVyrGmeEKG9wnwcJ8I],,0BgLFVyrGmeEKG9wnwcJ8I,Mantovani et son orchestre,108,37,0,2026-07-18T20:45:22.974241+00:00,Spotify web-player queryArtistOverview,undocumented read-only web-client endpoint,0BgLFVyrGmeEKG9wnwcJ8I,Q106885734,Mantovani and His Orchestra,Mantovani and His Orchestra,,,musical group,United Kingdom,,,,,False,rejected_name_mismatch,False,True,eligible_group_or_duo,True,False
Abjects [2GuVuVjkbYv84u338E44bM],,2GuVuVjkbYv84u338E44bM,Abjects,105,1421,0,2026-07-18T20:45:22.974241+00:00,Spotify web-player queryArtistOverview,undocumented read-only web-client endpoint,2GuVuVjkbYv84u338E44bM,Q104277135,Abjects,Abjects,Q84,London,musical group,United Kingdom,,,,,True,accepted_exact_name,True,True,eligible_group_or_duo,True,False
Repulsive Vision [0ZRKL1Uk1qrfhnfjRtSVRC],,0ZRKL1Uk1qrfhnfjRtSVRC,Repulsive Vision,100,971,0,2026-07-18T20:45:22.974241+00:00,Spotify web-player queryArtistOverview,undocumented read-only web-client endpoint,0ZRKL1Uk1qrfhnfjRtSVRC,Q104828349,Repulsive Vision,Repulsive Vision,Q671892,Barrow-in-Furness,musical group,England|United Kingdom,,,,,True,accepted_exact_name,True,True,eligible_group_or_duo,True,False
Laika [1x7QlgJUVrLv1SSyeknnJq],,1x7QlgJUVrLv1SSyeknnJq,Laika,97,217,0,2026-07-18T20:45:22.974241+00:00,Spotify web-player queryArtistOverview,undocumented read-only web-client endpoint,1x7QlgJUVrLv1SSyeknnJq,Q1800696,Laika,Laika,,,musical group,United Kingdom,,,,,True,accepted_exact_name,True,True,eligible_group_or_duo,True,False
Pardon Us [6yfT4vrdDIxjwrsRbwXvaO],,6yfT4vrdDIxjwrsRbwXvaO,Pardon Us,97,406,0,2026-07-18T20:45:22.974241+00:00,Spotify web-player queryArtistOverview,undocumented read-only web-client endpoint,6yfT4vrdDIxjwrsRbwXvaO,Q47461743,Pardon Us,Pardon Us,Q24826,Liverpool,musical group,England,,,,,True,accepted_exact_name,True,True,eligible_group_or_duo,True,False
Sinners In The City [38XTHsIHXm28X7QNMjW9VT],,38XTHsIHXm28X7QNMjW9VT,Sinners in the City,95,1077,0,2026-07-18T20:45:22.974241+00:00,Spotify web-player queryArtistOverview,undocumented read-only web-client endpoint,38XTHsIHXm28X7QNMjW9VT,Q125568670,Sinners In The City,Sinners In The City,Q67442940,Essex,musical group,United Kingdom,,,,,True,accepted_exact_name,True,True,eligible_group_or_duo,True,False
M-Pire of Evil [1VNZzDSs9JTQHjMPedAGv3],,1VNZzDSs9JTQHjMPedAGv3,Mpire Of Evil,94,779,0,2026-07-18T20:45:22.974241+00:00,Spotify web-player queryArtistOverview,undocumented read-only web-client endpoint,1VNZzDSs9JTQHjMPedAGv3,Q3327127,M-Pire of Evil,M-Pire of Evil,,,musical group,United Kingdom,,,,,True,accepted_exact_name,True,True,eligible_group_or_duo,True,False
BLKATS [0HSakR0ARVcBkILQoWUfsW],,0HSakR0ARVcBkILQoWUfsW,BLKATS,93,75,0,2026-07-18T20:45:22.974241+00:00,Spotify web-player queryArtistOverview,undocumented read-only web-client endpoint,0HSakR0ARVcBkILQoWUfsW,Q134499029,BLKATS,BLKATS,,,musical group|rock band,United Kingdom,,,,,True,accepted_exact_name,True,True,eligible_group_or_duo,True,False
Cwlwm [1FVNQISDG2vL2NkgdrDXMm],,1FVNQISDG2vL2NkgdrDXMm,Cwlwm,93,108,0,2026-07-18T20:45:22.974241+00:00,Spotify web-player queryArtistOverview,undocumented read-only web-client endpoint,1FVNQISDG2vL2NkgdrDXMm,Q140385466,Cwlwm,Cwlwm,,,musical group,Wales,,,,,True,accepted_exact_name,True,True,eligible_group_or_duo,True,False
Alternative 4 [2D8obrk3R6lZ3W9Gkf25t0],,2D8obrk3R6lZ3W9Gkf25t0,Alternative 4,92,1956,0,2026-07-18T20:45:22.974241+00:00,Spotify web-player queryArtistOverview,undocumented read-only web-client endpoint,2D8obrk3R6lZ3W9Gkf25t0,Q5245705,Alternative 4,Alternative 4,Q145,United Kingdom,musical group,United Kingdom,,,,,True,accepted_exact_name,True,True,eligible_group_or_duo,True,False
Ringo Starr & His All-Starr Band [04c8HWgSRMuumWb5dB4qUv],,04c8HWgSRMuumWb5dB4qUv,All Starr Band,86,187,0,2026-07-18T20:45:22.974241+00:00,Spotify web-player queryArtistOverview,undocumented read-only web-client endpoint,04c8HWgSRMuumWb5dB4qUv,Q2112623,Ringo Starr & His All-Starr Band,Ringo Starr & His All-Starr Band,Q84,London,musical ensemble,United Kingdom,,,,,False,rejected_name_mismatch,False,True,eligible_group_or_duo,True,False
The New Blockaders [5tfrbrFAOwwGVFvQ4hAhom],,5tfrbrFAOwwGVFvQ4hAhom,The New Blockaders,81,898,0,2026-07-18T20:45:22.974241+00:00,Spotify web-player queryArtistOverview,undocumented read-only web-client endpoint,5tfrbrFAOwwGVFvQ4hAhom,Q60296413,The New Blockaders,The New Blockaders,,,musical group,United Kingdom,,,,,True,accepted_exact_name,True,True,eligible_group_or_duo,True,False
League of Lights [0x0ix7V7MEq78D9KkI5o2o],,0x0ix7V7MEq78D9KkI5o2o,League of Lights,77,469,0,2026-07-18T20:45:22.974241+00:00,Spotify web-player queryArtistOverview,undocumented read-only web-client endpoint,0x0ix7V7MEq78D9KkI5o2o,Q6509066,League of Lights,League of Lights,,,musical group,United Kingdom,,,,,True,accepted_exact_name,True,True,eligible_group_or_duo,True,False
The Straps [1e5cI3Ef1LwxyYt0n7QYa2],,1e5cI3Ef1LwxyYt0n7QYa2,The Straps,76,410,0,2026-07-18T20:45:22.974241+00:00,Spotify web-player queryArtistOverview,undocumented read-only web-client endpoint,1e5cI3Ef1LwxyYt0n7QYa2,Q1564839,The Straps,The Straps,Q1138912,Battersea,musical group,United Kingdom,,,,,True,accepted_exact_name,True,True,eligible_group_or_duo,True,False
The Wren Orchestra [6rP0ucEtuRHEe4WVDnNn1v],,6rP0ucEtuRHEe4WVDnNn1v,"Wren Orchestra, The",75,4,0,2026-07-18T20:45:22.974241+00:00,Spotify web-player queryArtistOverview,undocumented read-only web-client endpoint,6rP0ucEtuRHEe4WVDnNn1v,Q124759801,The Wren Orchestra,The Wren Orchestra,Q84,London,musical group,United Kingdom,,,,,False,rejected_name_mismatch,False,False,excluded_orchestra,True,False
Wireless [0MXp9JcmFD64hyf2PmmdfM],,0MXp9JcmFD64hyf2PmmdfM,Wireless,74,214,0,2026-07-18T20:45:22.974241+00:00,Spotify web-player queryArtistOverview,undocumented read-only web-client endpoint,0MXp9JcmFD64hyf2PmmdfM,Q68195887,Wireless,Wireless,,,musical group,United Kingdom,,,,,True,accepted_exact_name,True,True,eligible_group_or_duo,True,False
The Peth [3roekcFqjPCe8lyesW2oA5],,3roekcFqjPCe8lyesW2oA5,The Peth,73,314,0,2026-07-18T20:45:22.974241+00:00,Spotify web-player queryArtistOverview,undocumented read-only web-client endpoint,3roekcFqjPCe8lyesW2oA5,Q7756799,The Peth,The Peth,Q10690,Cardiff,musical group,United Kingdom,,,,,True,accepted_exact_name,True,True,eligible_group_or_duo,True,False
Off The Boat [4inx3u6m6giLJwQlKt8iMU],,4inx3u6m6giLJwQlKt8iMU,Off The Boat,71,261,0,2026-07-18T20:45:22.974241+00:00,Spotify web-player queryArtistOverview,undocumented read-only web-client endpoint,4inx3u6m6giLJwQlKt8iMU,Q140090056,Off The Boat,Off The Boat,,,musical group,Scotland|United Kingdom,,,,,True,accepted_exact_name,True,True,eligible_group_or_duo,True,False
Carnival Collective [3oRdM0cWjEGVIiImUHuYvh],,3oRdM0cWjEGVIiImUHuYvh,Carnival Collective,70,355,0,2026-07-18T20:45:22.974241+00:00,Spotify web-player queryArtistOverview,undocumented read-only web-client endpoint,3oRdM0cWjEGVIiImUHuYvh,Q125253018,Carnival Collective,Carnival Collective,Q131491,Brighton,musical group,United Kingdom,,,,,True,accepted_exact_name,True,True,eligible_group_or_duo,True,False
Crimson Tears [0fzJuzQKr5F2D8jivsrh2O],,0fzJuzQKr5F2D8jivsrh2O,Crimson Tears,70,263,0,2026-07-18T20:45:22.974241+00:00,Spotify web-player queryArtistOverview,undocumented read-only web-client endpoint,0fzJuzQKr5F2D8jivsrh2O,Q123404774,Crimson Tears,Crimson Tears,,,musical group,United Kingdom,,,,,True,accepted_exact_name,True,True,eligible_group_or_duo,True,False
Hot Chocolate [6doNBBAbIp88Tl7HxR0BJr],,6doNBBAbIp88Tl7HxR0BJr,Skylark,68,29,0,2026-07-18T20:45:22.974241+00:00,Spotify web-player queryArtistOverview,undocumented read-only web-client endpoint,6doNBBAbIp88Tl7HxR0BJr,Q1368881,Hot Chocolate,Hot Chocolate,Q149556,West Hampstead,musical group,United Kingdom,,,,,False,rejected_name_mismatch,False,True,eligible_group_or_duo,True,False
Caretaker [3ShPt4GcjgF96TsgEIfL05],,3ShPt4GcjgF96TsgEIfL05,Caretaker,67,1244,0,2026-07-18T20:45:22.974241+00:00,Spotify web-player queryArtistOverview,undocumented read-only web-client endpoint,3ShPt4GcjgF96TsgEIfL05,Q14159729,Caretaker,Caretaker,,,musical group,United Kingdom,,,,,True,accepted_exact_name,True,True,eligible_group_or_duo,True,False
Sigils [16aBPDdwmCBsWKwJrgYKZB],,16aBPDdwmCBsWKwJrgYKZB,Sigils,67,332,0,2026-07-18T20:45:22.974241+00:00,Spotify web-player queryArtistOverview,undocumented read-only web-client endpoint,16aBPDdwmCBsWKwJrgYKZB,Q134785376,Sigils,Sigils,Q868637,Macclesfield,musical group,United Kingdom,,,,,True,accepted_exact_name,True,True,eligible_group_or_duo,True,False
Bamboo [2lRmpEb6vBVPILehJVD1gk],,2lRmpEb6vBVPILehJVD1gk,BAMBOO,65,519,0,2026-07-18T20:45:22.974241+00:00,Spotify web-player queryArtistOverview,undocumented read-only web-client endpoint,2lRmpEb6vBVPILehJVD1gk,Q63863165,Bamboo,Bamboo,Q84,London,musical group,United Kingdom,,,,,True,accepted_exact_name,True,True,eligible_group_or_duo,True,False
Yachts [2PfqU9rhivtAPtyKsEjkdy],,2PfqU9rhivtAPtyKsEjkdy,Yachts,65,255,0,2026-07-18T20:45:22.974241+00:00,Spotify web-player queryArtistOverview,undocumented read-only web-client endpoint,2PfqU9rhivtAPtyKsEjkdy,Q8046450,Yachts,Yachts,Q24826,Liverpool,musical group,United Kingdom,,,,,True,accepted_exact_name,True,True,eligible_group_or_duo,True,False
Hobotalk [0FcPZAyfRsW8NwLBecKZ1d],,0FcPZAyfRsW8NwLBecKZ1d,Hobotalk,64,322,0,2026-07-18T20:45:22.974241+00:00,Spotify web-player queryArtistOverview,undocumented read-only web-client endpoint,0FcPZAyfRsW8NwLBecKZ1d,Q950755,Hobotalk,Hobotalk,,,musical group,United Kingdom,,,,,True,accepted_exact_name,True,True,eligible_group_or_duo,True,False
Robin Williamson & His Merry Band [6JM1NK2PeW55wARD9YPT2k],,6JM1NK2PeW55wARD9YPT2k,Robin Williamson & His Merry Band,60,406,0,2026-07-18T20:45:22.974241+00:00,Spotify web-player queryArtistOverview,undocumented read-only web-client endpoint,6JM1NK2PeW55wARD9YPT2k,Q133810429,Robin Williamson & His Merry Band,Robin Williamson & His Merry Band,,,musical group,United Kingdom,,,,,True,accepted_exact_name,True,True,eligible_group_or_duo,True,False
Aon Teanga [4sAoiFzwpvt5TcwV1U5Lik],,4sAoiFzwpvt5TcwV1U5Lik,One Tongue,60,89,0,2026-07-18T20:45:22.974241+00:00,Spotify web-player queryArtistOverview,undocumented read-only web-client endpoint,4sAoiFzwpvt5TcwV1U5Lik,Q108856925,Aon Teanga,Aon Teanga,,,musical group,Scotland,,,,,False,rejected_name_mismatch,False,True,eligible_group_or_duo,True,False
Ken Thorne and His Orchestra [6YtWlG6oVua9wGMOverSb6],,6YtWlG6oVua9wGMOverSb6,Ken Thorne & His Orchestra,59,47,0,2026-07-18T20:45:22.974241+00:00,Spotify web-player queryArtistOverview,undocumented read-only web-client endpoint,6YtWlG6oVua9wGMOverSb6,Q129024231,Ken Thorne and His Orchestra,Ken Thorne and His Orchestra,,,musical group,United Kingdom,,,,,False,rejected_name_mismatch,False,False,excluded_orchestra,True,False
Shockpowder [4YKmXDQSHtGceyuufPakHK],,4YKmXDQSHtGceyuufPakHK,Shockpowder,54,179,0,2026-07-18T20:45:22.974241+00:00,Spotify web-player queryArtistOverview,undocumented read-only web-client endpoint,4YKmXDQSHtGceyuufPakHK,Q60811359,Shockpowder,Shockpowder,,,musical group,United Kingdom,,,,,True,accepted_exact_name,True,True,eligible_group_or_duo,True,False
25 Yard Screamer [0rrJ9YYFiq3KPgI72gfQfD],,0rrJ9YYFiq3KPgI72gfQfD,25 Yard Screamer,53,399,0,2026-07-18T20:45:22.974241+00:00,Spotify web-player queryArtistOverview,undocumented read-only web-client endpoint,0rrJ9YYFiq3KPgI72gfQfD,Q127504956,25 Yard Screamer,25 Yard Screamer,,,musical group,United Kingdom,,,,,True,accepted_exact_name,True,True,eligible_group_or_duo,True,False
The Calls [5eGUB2xZ12GfwK14fjfQge],,5eGUB2xZ12GfwK14fjfQge,The Calls,53,652,0,2026-07-18T20:45:22.974241+00:00,Spotify web-player queryArtistOverview,undocumented read-only web-client endpoint,5eGUB2xZ12GfwK14fjfQge,Q111596731,The Calls,The Calls,Q39121,Leeds,rock band,United Kingdom,,,,,True,accepted_exact_name,True,True,eligible_group_or_duo,True,False
Opaque [2H3dVYABwnIiZRcqO0tehe],,2H3dVYABwnIiZRcqO0tehe,Opaque,49,235,0,2026-07-18T20:45:22.974241+00:00,Spotify web-player queryArtistOverview,undocumented read-only web-client endpoint,2H3dVYABwnIiZRcqO0tehe,Q115748482,Opaque,Opaque,,,musical group,United Kingdom,,,,,True,accepted_exact_name,True,True,eligible_group_or_duo,True,False
Seeing Stars [6t8HaM1QllVNqWBHI9Zyip],,6t8HaM1QllVNqWBHI9Zyip,Seeing Stars,47,138,0,2026-07-18T20:45:22.974241+00:00,Spotify web-player queryArtistOverview,undocumented read-only web-client endpoint,6t8HaM1QllVNqWBHI9Zyip,Q133884269,Seeing Stars,Seeing Stars,,,musical group,United Kingdom,,,,,True,accepted_exact_name,True,True,eligible_group_or_duo,True,False
The Hornblower Brothers [4yHZcogi5FiZ6MYkpgCNfV],,4yHZcogi5FiZ6MYkpgCNfV,The Hornblower Brothers,47,150,0,2026-07-18T20:45:22.974241+00:00,Spotify web-player queryArtistOverview,undocumented read-only web-client endpoint,4yHZcogi5FiZ6MYkpgCNfV,Q7740294,The Hornblower Brothers,The Hornblower Brothers,Q131491,Brighton,musical group,United Kingdom,,,,,True,accepted_exact_name,True,True,eligible_group_or_duo,True,False
Tuner [2KdMANZKFqK8QQVcP9929e],,2KdMANZKFqK8QQVcP9929e,TUNER,47,321,0,2026-07-18T20:45:22.974241+00:00,Spotify web-player queryArtistOverview,undocumented read-only web-client endpoint,2KdMANZKFqK8QQVcP9929e,Q2457826,Tuner,Tuner,,,musical group,United Kingdom,,,,,True,accepted_exact_name,True,True,eligible_group_or_duo,True,False
Swingle II [0jvFU7PIF1D555T6LsVCTh],,0jvFU7PIF1D555T6LsVCTh,Swingle II,43,44,0,2026-07-18T20:45:22.974241+00:00,Spotify web-player queryArtistOverview,undocumented read-only web-client endpoint,0jvFU7PIF1D555T6LsVCTh,Q130280077,Swingle II,Swingle II,,,musical group,United Kingdom,,,,,True,accepted_exact_name,True,True,eligible_group_or_duo,True,False
The Thought Criminals [1K9zjxC6KTRDfofY0jjBso],,1K9zjxC6KTRDfofY0jjBso,The Thought Criminals,42,132,0,2026-07-18T20:45:22.974241+00:00,Spotify web-player queryArtistOverview,undocumented read-only web-client endpoint,1K9zjxC6KTRDfofY0jjBso,Q7768902,The Thought Criminals,The Thought Criminals,Q84,London,musical group,United Kingdom,,,,,True,accepted_exact_name,True,True,eligible_group_or_duo,True,False
Royal Artillery Band [6ywF05BCgffJxWo3G9D4TU],,6ywF05BCgffJxWo3G9D4TU,Band Of The Royal Artillery,42,29,0,2026-07-18T20:45:22.974241+00:00,Spotify web-player queryArtistOverview,undocumented read-only web-client endpoint,6ywF05BCgffJxWo3G9D4TU,Q7373702,Royal Artillery Band,Royal Artillery Band,,,musical group,United Kingdom,,,,,False,rejected_name_mismatch,False,True,eligible_group_or_duo,True,False
Thought-Fox [2Fjz6AZbxWpPCfwhO9mXZp],,2Fjz6AZbxWpPCfwhO9mXZp,Thought-Fox,41,49,0,2026-07-18T20:45:22.974241+00:00,Spotify web-player queryArtistOverview,undocumented read-only web-client endpoint,2Fjz6AZbxWpPCfwhO9mXZp,Q107044805,Thought-Fox,Thought-Fox,,,musical group,United Kingdom,,,,,True,accepted_exact_name,True,True,eligible_group_or_duo,True,False
Underwater Boys [1n07e4KjttpF7ruW4eGtyI],,1n07e4KjttpF7ruW4eGtyI,Underwater Boys,39,361,0,2026-07-18T20:45:22.974241+00:00,Spotify web-player queryArtistOverview,undocumented read-only web-client endpoint,1n07e4KjttpF7ruW4eGtyI,Q47195805,Underwater Boys,Underwater Boys,Q131491|Q84,Brighton|London,musical group,United Kingdom,,,,,True,accepted_exact_name,True,True,eligible_group_or_duo,True,False
Vileevils [3dTcI5uQWCYt2RJR6d3zOz],,3dTcI5uQWCYt2RJR6d3zOz,Vile Evils,38,292,0,2026-07-18T20:45:22.974241+00:00,Spotify web-player queryArtistOverview,undocumented read-only web-client endpoint,3dTcI5uQWCYt2RJR6d3zOz,Q7930150,Vileevils,Vileevils,,,musical group,United Kingdom,,,,,True,accepted_exact_name,True,True,eligible_group_or_duo,True,False
Specimen [2LtOe1RnCTkp4sEBwS668Z],,2LtOe1RnCTkp4sEBwS668Z,The Specimen,37,63,0,2026-07-18T20:45:22.974241+00:00,Spotify web-player queryArtistOverview,undocumented read-only web-client endpoint,2LtOe1RnCTkp4sEBwS668Z,Q7575024,Specimen,Specimen,Q23154,Bristol,musical group,United Kingdom,,,,,False,rejected_name_mismatch,False,True,eligible_group_or_duo,True,False
The Far Meadow [36KJJZgi3EYM2QsmLw3vIo],,36KJJZgi3EYM2QsmLw3vIo,The Far Meadow,35,1083,0,2026-07-18T20:45:22.974241+00:00,Spotify web-player queryArtistOverview,undocumented read-only web-client endpoint,36KJJZgi3EYM2QsmLw3vIo,Q80997324,The Far Meadow,The Far Meadow,Q84,London,rock band,United Kingdom,,,,,True,accepted_exact_name,True,True,eligible_group_or_duo,True,False
Ward Knútur Townes [21mEppfwXtczL0UPuUQQjm],,21mEppfwXtczL0UPuUQQjm,Ward Knutur Townes,35,223,0,2026-07-18T20:45:22.974241+00:00,Spotify web-player queryArtistOverview,undocumented read-only web-client endpoint,21mEppfwXtczL0UPuUQQjm,Q123114986,Ward Knútur Townes,Ward Knútur Townes,,,folk music group|supergroup,United Kingdom,,,,,True,accepted_exact_name,True,True,eligible_group_or_duo,True,False
Ken Thorne and His Orchestra [5LPtqzEQkHgUXJ9VkIUsaU],,5LPtqzEQkHgUXJ9VkIUsaU,Ken Thorne and His Orchestra,31,30,0,2026-07-18T20:45:22.974241+00:00,Spotify web-player queryArtistOverview,undocumented read-only web-client endpoint,5LPtqzEQkHgUXJ9VkIUsaU,Q129024231,Ken Thorne and His Orchestra,Ken Thorne and His Orchestra,,,musical group,United Kingdom,,,,,True,accepted_exact_name,True,False,excluded_orchestra,True,False
Lean Logic [0ZkSai2EyWzhAah82WYp7U],,0ZkSai2EyWzhAah82WYp7U,Lean Logic,30,220,0,2026-07-18T20:45:22.974241+00:00,Spotify web-player queryArtistOverview,undocumented read-only web-client endpoint,0ZkSai2EyWzhAah82WYp7U,Q98938378,Lean Logic,Lean Logic,Q21,England,musical group,United Kingdom,,,,,True,accepted_exact_name,True,True,eligible_group_or_duo,True,False
Moco [3z1ubMLEsVZf5nuIfe1kVn],,3z1ubMLEsVZf5nuIfe1kVn,Moco,30,26,0,2026-07-18T20:45:22.974241+00:00,Spotify web-player queryArtistOverview,undocumented read-only web-client endpoint,3z1ubMLEsVZf5nuIfe1kVn,Q125418163,Moco,Moco,,,musical group,United Kingdom,,,,,True,accepted_exact_name,True,True,eligible_group_or_duo,True,False
San Blas [0TqHiXfab8aWjC2Y6PKLZR],,0TqHiXfab8aWjC2Y6PKLZR,San Blas,30,230,0,2026-07-18T20:45:22.974241+00:00,Spotify web-player queryArtistOverview,undocumented read-only web-client endpoint,0TqHiXfab8aWjC2Y6PKLZR,Q36681439,San Blas,San Blas,Q84,London,musical group,United Kingdom,,,,,True,accepted_exact_name,True,True,eligible_group_or_duo,True,False
Smokingroove [07R86Lc1U1VL6n3uUJIWbi],,07R86Lc1U1VL6n3uUJIWbi,Smokingroove,30,815,0,2026-07-18T20:45:22.974241+00:00,Spotify web-player queryArtistOverview,undocumented read-only web-client endpoint,07R86Lc1U1VL6n3uUJIWbi,Q140303395,Smokingroove,Smokingroove,,,disc jockey,United Kingdom,,,,,True,accepted_exact_name,True,True,eligible_group_or_duo,True,False
Stylus Automatic [0p9FGIyNltyOpa6tc6Ce0G],,0p9FGIyNltyOpa6tc6Ce0G,Stylus Automatic,30,73,0,2026-07-18T20:45:22.974241+00:00,Spotify web-player queryArtistOverview,undocumented read-only web-client endpoint,0p9FGIyNltyOpa6tc6Ce0G,Q111467359,Stylus Automatic,Stylus Automatic,,,musical ensemble,United Kingdom,,,,,True,accepted_exact_name,True,True,eligible_group_or_duo,True,False
Spaced [6KIAhyeuW0EzefAdRJtypl],,6KIAhyeuW0EzefAdRJtypl,Spaced,29,85,0,2026-07-18T20:45:22.974241+00:00,Spotify web-player queryArtistOverview,undocumented read-only web-client endpoint,6KIAhyeuW0EzefAdRJtypl,Q135488725,Spaced,Spaced,Q43475|Q47994,Derby|East Midlands,musical group,England,,,,,True,accepted_exact_name,True,True,eligible_group_or_duo,True,False
X Is Loaded [6tgDfxVLKGKGxnnzSjdMTd],,6tgDfxVLKGKGxnnzSjdMTd,X Is Loaded,29,90,0,2026-07-18T20:45:22.974241+00:00,Spotify web-player queryArtistOverview,undocumented read-only web-client endpoint,6tgDfxVLKGKGxnnzSjdMTd,Q8042749,X Is Loaded,X Is Loaded,Q22889,Bath,rock band,United Kingdom,,,,,True,accepted_exact_name,True,True,eligible_group_or_duo,True,False
Q138610794 [5bkDZbI6xjaQZEhm3tq50G],,5bkDZbI6xjaQZEhm3tq50G,Even Vast,27,297,0,2026-07-18T20:45:22.974241+00:00,Spotify web-player queryArtistOverview,undocumented read-only web-client endpoint,5bkDZbI6xjaQZEhm3tq50G,Q138610794,Q138610794,Q138610794,,,heavy metal band,United Kingdom,,,,,False,rejected_name_mismatch,False,True,eligible_group_or_duo,True,False
Ray Noble and his New Mayfair Orchestra [7LDJ8q6yB9HkoaAcFrR4oJ],,7LDJ8q6yB9HkoaAcFrR4oJ,Ray Noble And His New Mayfair Dance Orchestra,27,69,0,2026-07-18T20:45:22.974241+00:00,Spotify web-player queryArtistOverview,undocumented read-only web-client endpoint,7LDJ8q6yB9HkoaAcFrR4oJ,Q111314085,Ray Noble and his New Mayfair Orchestra,Ray Noble and his New Mayfair Orchestra,,,musical group,United Kingdom,,,,,False,rejected_name_mismatch,False,False,excluded_orchestra,True,False
Elfyn Presli [4W7IQGJYXUub5oeErKAJAo],,4W7IQGJYXUub5oeErKAJAo,Elfyn Presli,25,14,0,2026-07-18T20:45:22.974241+00:00,Spotify web-player queryArtistOverview,undocumented read-only web-client endpoint,4W7IQGJYXUub5oeErKAJAo,Q140377836,Elfyn Presli,Elfyn Presli,Q950671,Porthmadog,musical group,Wales,,,,,True,accepted_exact_name,True,True,eligible_group_or_duo,True,False
The Surgery [4IyiGOdoBVz5jKmE4xjT4S],,4IyiGOdoBVz5jKmE4xjT4S,The Surgery,25,103,0,2026-07-18T20:45:22.974241+00:00,Spotify web-player queryArtistOverview,undocumented read-only web-client endpoint,4IyiGOdoBVz5jKmE4xjT4S,Q61757280,The Surgery,The Surgery,,,musical group,United Kingdom,,,,,True,accepted_exact_name,True,True,eligible_group_or_duo,True,False
Phoenix23 [0tvK1sApC4Yyg2FjPp6YY4],,0tvK1sApC4Yyg2FjPp6YY4,Phoenix 23,24,32,0,2026-07-18T20:45:22.974241+00:00,Spotify web-player queryArtistOverview,undocumented read-only web-client endpoint,0tvK1sApC4Yyg2FjPp6YY4,Q7186747,Phoenix23,Phoenix23,Q26,Northern Ireland,musical group,United Kingdom,,,,,True,accepted_exact_name,True,True,eligible_group_or_duo,True,False
Kaputt [6ix8jGMJihstYhpFP3sNDW],,6ix8jGMJihstYhpFP3sNDW,Kaputt,22,50,0,2026-07-18T20:45:22.974241+00:00,Spotify web-player queryArtistOverview,undocumented read-only web-client endpoint,6ix8jGMJihstYhpFP3sNDW,Q3812908,Kaputt,Kaputt,Q84,London,musical group,United Kingdom,,,,,True,accepted_exact_name,True,True,eligible_group_or_duo,True,False
Sunny Day Sets Fire [5uWyRMu3xG65Pdq2AyHQ2Z],,5uWyRMu3xG65Pdq2AyHQ2Z,Sunny Days Sets Fire,22,71,0,2026-07-18T20:45:22.974241+00:00,Spotify web-player queryArtistOverview,undocumented read-only web-client endpoint,5uWyRMu3xG65Pdq2AyHQ2Z,Q7640663,Sunny Day Sets Fire,Sunny Day Sets Fire,Q84,London,musical group,United Kingdom,,,,,False,rejected_name_mismatch,False,True,eligible_group_or_duo,True,False
Deadline [6a676Ei9TOBZszNlkU81Q0],,6a676Ei9TOBZszNlkU81Q0,Deadline,21,1027,0,2026-07-18T20:45:22.974241+00:00,Spotify web-player queryArtistOverview,undocumented read-only web-client endpoint,6a676Ei9TOBZszNlkU81Q0,Q1180912,Deadline,Deadline,,,musical group,United Kingdom,,,,,True,accepted_exact_name,True,True,eligible_group_or_duo,True,False
Jackviper [0w5xIE942aKs36l3xZ9JPB],,0w5xIE942aKs36l3xZ9JPB,JackViper,21,240,0,2026-07-18T20:45:22.974241+00:00,Spotify web-player queryArtistOverview,undocumented read-only web-client endpoint,0w5xIE942aKs36l3xZ9JPB,Q6118073,Jackviper,Jackviper,Q84,London,musical group,United Kingdom,,,,,True,accepted_exact_name,True,True,eligible_group_or_duo,True,False
The Beep Seals [0oIe6kYdulVUNFUgNDV2Dk],,0oIe6kYdulVUNFUgNDV2Dk,The Beep Seals,18,156,0,2026-07-18T20:45:22.974241+00:00,Spotify web-player queryArtistOverview,undocumented read-only web-client endpoint,0oIe6kYdulVUNFUgNDV2Dk,Q7716282,The Beep Seals,The Beep Seals,Q18125,Manchester,musical group,United Kingdom,,,,,True,accepted_exact_name,True,True,eligible_group_or_duo,True,False
The Opening [1F8BHkAKiNE3tgVJwjuGvQ],,1F8BHkAKiNE3tgVJwjuGvQ,The Opening,16,11,0,2026-07-18T20:45:22.974241+00:00,Spotify web-player queryArtistOverview,undocumented read-only web-client endpoint,1F8BHkAKiNE3tgVJwjuGvQ,Q137924910,The Opening,The Opening,Q161491,Reading,musical group,United Kingdom,,,,,True,accepted_exact_name,True,True,eligible_group_or_duo,True,False
Abandoned Stars [2erZaBtn8MSxA4lOIYRbge],,2erZaBtn8MSxA4lOIYRbge,Abandoned Stars,15,249,0,2026-07-18T20:45:22.974241+00:00,Spotify web-player queryArtistOverview,undocumented read-only web-client endpoint,2erZaBtn8MSxA4lOIYRbge,Q113336119,Abandoned Stars,Abandoned Stars,Q23436,Edinburgh,rock band,Scotland,,,,,True,accepted_exact_name,True,True,eligible_group_or_duo,True,False
Volitune [5pQMgZ1NHEIqAxqEredFgK],,5pQMgZ1NHEIqAxqEredFgK,Volitune,15,83,0,2026-07-18T20:45:22.974241+00:00,Spotify web-player queryArtistOverview,undocumented read-only web-client endpoint,5pQMgZ1NHEIqAxqEredFgK,Q57263717,Volitune,Volitune,,,musical group,United Kingdom,,,,,True,accepted_exact_name,True,True,eligible_group_or_duo,True,False
Witchingseason [5HgYrhlETBGEwiqNkHITi0],,5HgYrhlETBGEwiqNkHITi0,Witchingseason,12,106,0,2026-07-18T20:45:22.974241+00:00,Spotify web-player queryArtistOverview,undocumented read-only web-client endpoint,5HgYrhlETBGEwiqNkHITi0,Q41498487,Witchingseason,Witchingseason,,,musical group,United Kingdom,,,,,True,accepted_exact_name,True,True,eligible_group_or_duo,True,False
Feminist Improvising Group [0UjcnRGzVMNW3jo0tW4a0t],,0UjcnRGzVMNW3jo0tW4a0t,Feminist Improvising Group,11,137,0,2026-07-18T20:45:22.974241+00:00,Spotify web-player queryArtistOverview,undocumented read-only web-client endpoint,0UjcnRGzVMNW3jo0tW4a0t,Q1404504,Feminist Improvising Group,Feminist Improvising Group,,,musical group,United Kingdom,,,,,True,accepted_exact_name,True,True,eligible_group_or_duo,True,False
Pearl Carr & Teddy Johnson [3A93OfG1cPAEvOJ5u1um3T],,3A93OfG1cPAEvOJ5u1um3T,Pearl Carr & Teddy Johnson,10,29,0,2026-07-18T20:45:22.974241+00:00,Spotify web-player queryArtistOverview,undocumented read-only web-client endpoint,3A93OfG1cPAEvOJ5u1um3T,Q1505459,Pearl Carr & Teddy Johnson,Pearl Carr & Teddy Johnson,,,duo|married couple,United Kingdom,,,,,True,accepted_exact_name,True,True,eligible_group_or_duo,True,False
Rabid Bitch of the North [28863WxyFkGJeWk8zbEGAo],,28863WxyFkGJeWk8zbEGAo,Rabid Bitch of the North,10,437,0,2026-07-18T20:45:22.974241+00:00,Spotify web-player queryArtistOverview,undocumented read-only web-client endpoint,28863WxyFkGJeWk8zbEGAo,Q57272037,Rabid Bitch of the North,Rabid Bitch of the North,Q10686,Belfast,musical group,United Kingdom,,,,,True,accepted_exact_name,True,True,eligible_group_or_duo,True,False
Spook and the Ghouls [53Z1EA5v51vzjzgjp4xOcU],,53Z1EA5v51vzjzgjp4xOcU,Spook And The Ghouls,10,73,0,2026-07-18T20:45:22.974241+00:00,Spotify web-player queryArtistOverview,undocumented read-only web-client endpoint,53Z1EA5v51vzjzgjp4xOcU,Q56641851,Spook and the Ghouls,Spook and the Ghouls,Q47983,North East England,musical group,United Kingdom,,,,,True,accepted_exact_name,True,True,eligible_group_or_duo,True,False
Glyndebourne Festival Opera Company [1dBGUfT28YekGnRQDGo1iP],,1dBGUfT28YekGnRQDGo1iP,Glyndebourne Festival Opera Company,9,13,0,2026-07-18T20:45:22.974241+00:00,Spotify web-player queryArtistOverview,undocumented read-only web-client endpoint,1dBGUfT28YekGnRQDGo1iP,Q119496321,Glyndebourne Festival Opera Company,Glyndebourne Festival Opera Company,,,musical group,United Kingdom,,,,,True,accepted_exact_name,True,True,eligible_group_or_duo,True,False
Jellicoe [5r9r0nrNAvwmBQZxftliDV],,5r9r0nrNAvwmBQZxftliDV,Jellicoe,9,99,0,2026-07-18T20:45:22.974241+00:00,Spotify web-player queryArtistOverview,undocumented read-only web-client endpoint,5r9r0nrNAvwmBQZxftliDV,Q106920270,Jellicoe,Jellicoe,,,musical group,United Kingdom,,,,,True,accepted_exact_name,True,True,eligible_group_or_duo,True,False
The Aschere Project [5kfhDJfk6V1EAXLeVNeKtd],,5kfhDJfk6V1EAXLeVNeKtd,The Aschere Project,9,154,0,2026-07-18T20:45:22.974241+00:00,Spotify web-player queryArtistOverview,undocumented read-only web-client endpoint,5kfhDJfk6V1EAXLeVNeKtd,Q61839732,The Aschere Project,The Aschere Project,,,musical group,United Kingdom,,,,,True,accepted_exact_name,True,True,eligible_group_or_duo,True,False
Cocoa Futures [06wSoowaQECM5FhKiLIXeJ],,06wSoowaQECM5FhKiLIXeJ,Cocoa Futures,8,225,0,2026-07-18T20:45:22.974241+00:00,Spotify web-player queryArtistOverview,undocumented read-only web-client endpoint,06wSoowaQECM5FhKiLIXeJ,Q28222728,Cocoa Futures,Cocoa Futures,Q84,London,musical group,United Kingdom,,,,,True,accepted_exact_name,True,True,eligible_group_or_duo,True,False
Billy J. Kramer & The Dakotas [3Kvl9In1TELgBFPkCgFZHw],,3Kvl9In1TELgBFPkCgFZHw,The Dakotas & Billy J.Kramer,7,11,0,2026-07-18T20:45:22.974241+00:00,Spotify web-player queryArtistOverview,undocumented read-only web-client endpoint,3Kvl9In1TELgBFPkCgFZHw,Q19758833,Billy J. Kramer & The Dakotas,Billy J. Kramer & The Dakotas,,,musical group,United Kingdom,,,,,False,rejected_name_mismatch,False,True,eligible_group_or_duo,True,False
Eirian A Meinir [5b6MCFx8xNHPlGs37L4lZP],,5b6MCFx8xNHPlGs37L4lZP,Eirian a Meinir,5,0,0,2026-07-18T20:45:22.974241+00:00,Spotify web-player queryArtistOverview,undocumented read-only web-client endpoint,5b6MCFx8xNHPlGs37L4lZP,Q140378268,Eirian A Meinir,Eirian A Meinir,Q728477,Lampeter,musical group,United Kingdom,,,,,True,accepted_exact_name,True,True,eligible_group_or_duo,True,False
Lilleburn [3bqgmkEYaEzjo8cn0rM6eD],,3bqgmkEYaEzjo8cn0rM6eD,lilleburn,5,146,0,2026-07-18T20:45:22.974241+00:00,Spotify web-player queryArtistOverview,undocumented read-only web-client endpoint,3bqgmkEYaEzjo8cn0rM6eD,Q108219457,Lilleburn,Lilleburn,Q2256,Birmingham,musical group,United Kingdom,,,,,True,accepted_exact_name,True,True,eligible_group_or_duo,True,False
Linoleum [3MdHP63rduYJDFoAuuw2aj],,3MdHP63rduYJDFoAuuw2aj,Linoleum,5,472,0,2026-07-18T20:45:22.974241+00:00,Spotify web-player queryArtistOverview,undocumented read-only web-client endpoint,3MdHP63rduYJDFoAuuw2aj,Q6554715,Linoleum,Linoleum,Q84,London,musical group,United Kingdom,,,,,True,accepted_exact_name,True,True,eligible_group_or_duo,True,False
Atomic Youth [4VEXIcg6MVQBauK4kIIH1z],,4VEXIcg6MVQBauK4kIIH1z,Atomic Youth,4,31,0,2026-07-18T20:45:22.974241+00:00,Spotify web-player queryArtistOverview,undocumented read-only web-client endpoint,4VEXIcg6MVQBauK4kIIH1z,Q137751085,Atomic Youth,Atomic Youth,,,virtual band,England,,,,,True,accepted_exact_name,True,True,eligible_group_or_duo,True,False
Francis Rees [7qnZ6aNS9ocU2vKxwySbAj],,7qnZ6aNS9ocU2vKxwySbAj,Francis Rees,4,62,0,2026-07-18T20:45:22.974241+00:00,Spotify web-player queryArtistOverview,undocumented read-only web-client endpoint,7qnZ6aNS9ocU2vKxwySbAj,Q129579515,Francis Rees,Francis Rees,,,musical group,Wales,,,,,True,accepted_exact_name,True,True,eligible_group_or_duo,True,False
Men of Class [6jimRbIzAHXkY3LsNn0voF],,6jimRbIzAHXkY3LsNn0voF,Men Of Class,4,10,0,2026-07-18T20:45:22.974241+00:00,Spotify web-player queryArtistOverview,undocumented read-only web-client endpoint,6jimRbIzAHXkY3LsNn0voF,Q120735084,Men of Class,Men of Class,,,musical group,United Kingdom,,,,,True,accepted_exact_name,True,True,eligible_group_or_duo,True,False
George Martin and His Orchestra [0ep6CE2LbEUDya9x7rhgGC],,0ep6CE2LbEUDya9x7rhgGC,George Martin And His Orchestra,3,113,0,2026-07-18T20:45:22.974241+00:00,Spotify web-player queryArtistOverview,undocumented read-only web-client endpoint,0ep6CE2LbEUDya9x7rhgGC,Q60613346,George Martin and His Orchestra,George Martin and His Orchestra,,,orchestra,United Kingdom,,,,,True,accepted_exact_name,True,False,excluded_orchestra,True,False
Freedom [6KzfaXYcPrJlv3phqtmYhE],,6KzfaXYcPrJlv3phqtmYhE,The Freedom,3,22023,0,2026-07-18T20:45:22.974241+00:00,Spotify web-player queryArtistOverview,undocumented read-only web-client endpoint,6KzfaXYcPrJlv3phqtmYhE,Q3752925,Freedom,Freedom,,,musical group,United Kingdom,,,,,False,rejected_name_mismatch,False,True,eligible_group_or_duo,True,False
Parade [4yGB8G8bh2eMJFmGEdTxix],,4yGB8G8bh2eMJFmGEdTxix,Parade,2,14,0,2026-07-18T20:45:22.974241+00:00,Spotify web-player queryArtistOverview,undocumented read-only web-client endpoint,4yGB8G8bh2eMJFmGEdTxix,Q7134089,Parade,Parade,,,musical group,United Kingdom,,,,,True,accepted_exact_name,True,True,eligible_group_or_duo,True,False
Window Seats [0gVf1GDPAt3dVCXPElD281],,0gVf1GDPAt3dVCXPElD281,Window Seats,2,44,0,2026-07-18T20:45:22.974241+00:00,Spotify web-player queryArtistOverview,undocumented read-only web-client endpoint,0gVf1GDPAt3dVCXPElD281,Q8024353,Window Seats,Window Seats,Q10686,Belfast,musical group,United Kingdom,,,,,True,accepted_exact_name,True,True,eligible_group_or_duo,True,False
Johnny Duncan & His Blue Grass Boys [0uE9N7exed1DH7Iur6Wqmj],,0uE9N7exed1DH7Iur6Wqmj,Johnny Duncan & His Blues Grass Boys,2,8,0,2026-07-18T20:45:22.974241+00:00,Spotify web-player queryArtistOverview,undocumented read-only web-client endpoint,0uE9N7exed1DH7Iur6Wqmj,Q109673312,Johnny Duncan & His Blue Grass Boys,Johnny Duncan & His Blue Grass Boys,,,musical group,United Kingdom,,,,,False,rejected_name_mismatch,False,True,eligible_group_or_duo,True,False
Johnny Duncan & His Blue Grass Boys [5z7Ol0jqkbDTG7fOh5Hjnl],,5z7Ol0jqkbDTG7fOh5Hjnl,Johnny Duncan And His Blue Grass Boys,2,23,0,2026-07-18T20:45:22.974241+00:00,Spotify web-player queryArtistOverview,undocumented read-only web-client endpoint,5z7Ol0jqkbDTG7fOh5Hjnl,Q109673312,Johnny Duncan & His Blue Grass Boys,Johnny Duncan & His Blue Grass Boys,,,musical group,United Kingdom,,,,,False,rejected_name_mismatch,False,True,eligible_group_or_duo,True,False
Ray Noble and his New Mayfair Orchestra [3q8UyfiNHSaevyESQfiXcC],,3q8UyfiNHSaevyESQfiXcC,Ray Noble & His New Mayfair Orchestra,2,0,0,2026-07-18T20:45:22.974241+00:00,Spotify web-player queryArtistOverview,undocumented read-only web-client endpoint,3q8UyfiNHSaevyESQfiXcC,Q111314085,Ray Noble and his New Mayfair Orchestra,Ray Noble and his New Mayfair Orchestra,,,musical group,United Kingdom,,,,,False,rejected_name_mismatch,False,False,excluded_orchestra,True,False
Ray Noble and his New Mayfair Orchestra [6hIM5RfcLHo5DQPLXoah4O],,6hIM5RfcLHo5DQPLXoah4O,Ray Noble & His New Mayfair Dance Orchestra,2,17,0,2026-07-18T20:45:22.974241+00:00,Spotify web-player queryArtistOverview,undocumented read-only web-client endpoint,6hIM5RfcLHo5DQPLXoah4O,Q111314085,Ray Noble and his New Mayfair Orchestra,Ray Noble and his New Mayfair Orchestra,,,musical group,United Kingdom,,,,,False,rejected_name_mismatch,False,False,excluded_orchestra,True,False
Solid HarmoniE [6yNUZIwI5jU8NytiDojI5M],,6yNUZIwI5jU8NytiDojI5M,Solid Harmonie,1,24,0,2026-07-18T20:45:22.974241+00:00,Spotify web-player queryArtistOverview,undocumented read-only web-client endpoint,6yNUZIwI5jU8NytiDojI5M,Q2016419,Solid HarmoniE,Solid HarmoniE,,,girl group|musical group,United Kingdom,,,,,True,accepted_exact_name,True,True,eligible_group_or_duo,True,False
The Snap Elect [1jKChEfwd7IjjXTZioAe43],,1jKChEfwd7IjjXTZioAe43,The Snap Elect,1,17,0,2026-07-18T20:45:22.974241+00:00,Spotify web-player queryArtistOverview,undocumented read-only web-client endpoint,1jKChEfwd7IjjXTZioAe43,Q115812239,The Snap Elect,The Snap Elect,Q84,London,musical group,United Kingdom,,,,,True,accepted_exact_name,True,True,eligible_group_or_duo,True,False
Pearl Carr & Teddy Johnson [2lGZAV0NYAVKlas6vkwNo6],,2lGZAV0NYAVKlas6vkwNo6,"Teddy Johnson, Pearl Carr",1,12,0,2026-07-18T20:45:22.974241+00:00,Spotify web-player queryArtistOverview,undocumented read-only web-client endpoint,2lGZAV0NYAVKlas6vkwNo6,Q1505459,Pearl Carr & Teddy Johnson,Pearl Carr & Teddy Johnson,,,duo|married couple,United Kingdom,,,,,False,rejected_name_mismatch,False,True,eligible_group_or_duo,True,False
