band,city,spotify_id,spotify_name,monthly_listeners,followers,world_rank,stats_extracted_at_utc,source,source_access
*shels [0Ivm3PYwfVFeq2trxYqLi2],,0Ivm3PYwfVFeq2trxYqLi2,*shels,13914,27019,0,2026-07-18T20:45:22.974241+00:00,Spotify web-player queryArtistOverview,undocumented read-only web-client endpoint
10cc [6i6WlGzQtXtz7GcC5H5st5],,6i6WlGzQtXtz7GcC5H5st5,10cc,6808182,952868,0,2026-07-18T20:45:22.974241+00:00,Spotify web-player queryArtistOverview,undocumented read-only web-client endpoint
14 Iced Bears [6dprTRdShPpMsyFQrgktQ1],,6dprTRdShPpMsyFQrgktQ1,14 Iced Bears,1815,4141,0,2026-07-18T20:45:22.974241+00:00,Spotify web-player queryArtistOverview,undocumented read-only web-client endpoint
1990s [1JEwJAGMlP6JvUkZ5OXkvy],,1JEwJAGMlP6JvUkZ5OXkvy,1990s,5891,11524,0,2026-07-18T20:45:22.974241+00:00,Spotify web-player queryArtistOverview,undocumented read-only web-client endpoint
25 Yard Screamer [0rrJ9YYFiq3KPgI72gfQfD],,0rrJ9YYFiq3KPgI72gfQfD,25 Yard Screamer,53,399,0,2026-07-18T20:45:22.974241+00:00,Spotify web-player queryArtistOverview,undocumented read-only web-client endpoint
2far2jump [6dQqhidHUrk9MWflBTnCc1],,6dQqhidHUrk9MWflBTnCc1,2far2jump,415,2467,0,2026-07-18T20:45:22.974241+00:00,Spotify web-player queryArtistOverview,undocumented read-only web-client endpoint
4hero [1BlBZ9jQGOjmj6Zykgg43L],,1BlBZ9jQGOjmj6Zykgg43L,4hero,109004,50728,0,2026-07-18T20:45:22.974241+00:00,Spotify web-player queryArtistOverview,undocumented read-only web-client endpoint
60 Ft. Dolls [6PbCYw3l3rl6r0jHyy5OaN],,6PbCYw3l3rl6r0jHyy5OaN,60 Ft Dolls,1571,3179,0,2026-07-18T20:45:22.974241+00:00,Spotify web-player queryArtistOverview,undocumented read-only web-client endpoint
65daysofstatic [6DVVsQAnpHdJjb1nYuOQ6g],,6DVVsQAnpHdJjb1nYuOQ6g,65daysofstatic,79997,147863,0,2026-07-18T20:45:22.974241+00:00,Spotify web-player queryArtistOverview,undocumented read-only web-client endpoint
808INK [1eSFjbv86usit5ZF5ywtLf],,1eSFjbv86usit5ZF5ywtLf,808INK,62895,23996,0,2026-07-18T20:45:22.974241+00:00,Spotify web-player queryArtistOverview,undocumented read-only web-client endpoint
911 [3H7pODXycF821OnRyAw2VT],,3H7pODXycF821OnRyAw2VT,911,302164,186144,0,2026-07-18T20:45:22.974241+00:00,Spotify web-player queryArtistOverview,undocumented read-only web-client endpoint
93MillionMilesFromTheSun [5t4zacorikeFR9miIaxAhu],,5t4zacorikeFR9miIaxAhu,93MillionMilesFromTheSun,1724,5173,0,2026-07-18T20:45:22.974241+00:00,Spotify web-player queryArtistOverview,undocumented read-only web-client endpoint
999 [14IKysoZ0qyGRsIiTk1Ase],,14IKysoZ0qyGRsIiTk1Ase,999,74540,57492,0,2026-07-18T20:45:22.974241+00:00,Spotify web-player queryArtistOverview,undocumented read-only web-client endpoint
9Bach [2NIcUSfuUPORqM5CaXZlIO],,2NIcUSfuUPORqM5CaXZlIO,9Bach,3120,4821,0,2026-07-18T20:45:22.974241+00:00,Spotify web-player queryArtistOverview,undocumented read-only web-client endpoint
A Blaze Of Feather [0j7wLGDwHdUSPLkxCH3GBQ],,0j7wLGDwHdUSPLkxCH3GBQ,A Blaze of Feather,48229,34261,0,2026-07-18T20:45:22.974241+00:00,Spotify web-player queryArtistOverview,undocumented read-only web-client endpoint
A Certain Ratio [2vygNfdnPBXah21ZrqhxYk],,2vygNfdnPBXah21ZrqhxYk,A Certain Ratio,42710,46261,0,2026-07-18T20:45:22.974241+00:00,Spotify web-player queryArtistOverview,undocumented read-only web-client endpoint
A Flock of Seagulls [0uAjBatvB4ubpd4kCfjmNt],,0uAjBatvB4ubpd4kCfjmNt,A Flock Of Seagulls,4670482,774464,0,2026-07-18T20:45:22.974241+00:00,Spotify web-player queryArtistOverview,undocumented read-only web-client endpoint
A Forest of Stars [7CiWvN1gNzwW6eNxTAYhe2],,7CiWvN1gNzwW6eNxTAYhe2,A Forest Of Stars,7794,27758,0,2026-07-18T20:45:22.974241+00:00,Spotify web-player queryArtistOverview,undocumented read-only web-client endpoint
A [3HBxYEtI2i43MzWyTXupVv],,3HBxYEtI2i43MzWyTXupVv,A,68849,22067,0,2026-07-18T20:45:22.974241+00:00,Spotify web-player queryArtistOverview,undocumented read-only web-client endpoint
ABC [2s79xe5F6eUQkjwjww27Fh],,2s79xe5F6eUQkjwjww27Fh,ABC,1028147,431631,0,2026-07-18T20:45:22.974241+00:00,Spotify web-player queryArtistOverview,undocumented read-only web-client endpoint
Aaron Buchanan and The Cult Classics [1tjlBewFVOoImOZoaTVe4e],,1tjlBewFVOoImOZoaTVe4e,Aaron Buchanan And The Cult Classics,427,2252,0,2026-07-18T20:45:22.974241+00:00,Spotify web-player queryArtistOverview,undocumented read-only web-client endpoint
Abandoned Stars [2erZaBtn8MSxA4lOIYRbge],,2erZaBtn8MSxA4lOIYRbge,Abandoned Stars,15,249,0,2026-07-18T20:45:22.974241+00:00,Spotify web-player queryArtistOverview,undocumented read-only web-client endpoint
Abbacadabra [4vhgCDK6RHCBN6P3jPQlZX],,4vhgCDK6RHCBN6P3jPQlZX,Abbacadabra,49799,5344,0,2026-07-18T20:45:22.974241+00:00,Spotify web-player queryArtistOverview,undocumented read-only web-client endpoint
Aberfeldy [1AwmnO4vW3ADyDIcWKsTfg],,1AwmnO4vW3ADyDIcWKsTfg,Aberfeldy,2434,2814,0,2026-07-18T20:45:22.974241+00:00,Spotify web-player queryArtistOverview,undocumented read-only web-client endpoint
Abjects [2GuVuVjkbYv84u338E44bM],,2GuVuVjkbYv84u338E44bM,Abjects,105,1421,0,2026-07-18T20:45:22.974241+00:00,Spotify web-player queryArtistOverview,undocumented read-only web-client endpoint
Above & Beyond [10gzBoINW3cLJfZUka8Zoe],,10gzBoINW3cLJfZUka8Zoe,Above & Beyond,2160062,889088,0,2026-07-18T20:45:22.974241+00:00,Spotify web-player queryArtistOverview,undocumented read-only web-client endpoint
Academy of Ancient Music [60adCptqwRkANTtVja0bvf],,60adCptqwRkANTtVja0bvf,Academy of Ancient Music,863103,46459,0,2026-07-18T20:45:22.974241+00:00,Spotify web-player queryArtistOverview,undocumented read-only web-client endpoint
Academy of St Martin in the Fields [77CaCn32H4mOMQA7UElzfF],,77CaCn32H4mOMQA7UElzfF,Academy of St. Martin in the Fields,2017864,81803,0,2026-07-18T20:45:22.974241+00:00,Spotify web-player queryArtistOverview,undocumented read-only web-client endpoint
Ace [6QNkSI0c63lCTNXpHDBiqP],,6QNkSI0c63lCTNXpHDBiqP,Ace,1026309,40060,0,2026-07-18T20:45:22.974241+00:00,Spotify web-player queryArtistOverview,undocumented read-only web-client endpoint
Acoustic Alchemy [29wYlrKAdlJOf9ayJIIPpJ],,29wYlrKAdlJOf9ayJIIPpJ,Acoustic Alchemy,133679,68974,0,2026-07-18T20:45:22.974241+00:00,Spotify web-player queryArtistOverview,undocumented read-only web-client endpoint
Acrania [6D3PbIyyqH2NaqPZSE6X5N],,6D3PbIyyqH2NaqPZSE6X5N,Acrania,75245,88105,0,2026-07-18T20:45:22.974241+00:00,Spotify web-player queryArtistOverview,undocumented read-only web-client endpoint
Adam and the Ants [2DppeCnNtvrLfEobq9Pw5r],,2DppeCnNtvrLfEobq9Pw5r,Adam & The Ants,328644,352561,0,2026-07-18T20:45:22.974241+00:00,Spotify web-player queryArtistOverview,undocumented read-only web-client endpoint
After the Fire [194g4SFwSSzyPtgkH7v3Cx],,194g4SFwSSzyPtgkH7v3Cx,After The Fire,261736,24888,0,2026-07-18T20:45:22.974241+00:00,Spotify web-player queryArtistOverview,undocumented read-only web-client endpoint
Akercocke [0YAOC9q7XHpKplKYf7FMSp],,0YAOC9q7XHpKplKYf7FMSp,Akercocke,5993,26427,0,2026-07-18T20:45:22.974241+00:00,Spotify web-player queryArtistOverview,undocumented read-only web-client endpoint
Alamire [4tbw1zKAjeOghhCu6gRCYU],,4tbw1zKAjeOghhCu6gRCYU,Alamire,8085,1699,0,2026-07-18T20:45:22.974241+00:00,Spotify web-player queryArtistOverview,undocumented read-only web-client endpoint
Alestorm [3OpqU68JpZlzvjAJj3B2Da],,3OpqU68JpZlzvjAJj3B2Da,Alestorm,684120,746082,0,2026-07-18T20:45:22.974241+00:00,Spotify web-player queryArtistOverview,undocumented read-only web-client endpoint
Alffa [7iY7ckZelLh9emhog8UrXD],,7iY7ckZelLh9emhog8UrXD,Alffa,5550,6727,0,2026-07-18T20:45:22.974241+00:00,Spotify web-player queryArtistOverview,undocumented read-only web-client endpoint
Alfie [3O8LEdehbno5GSsrUCiGqo],,3O8LEdehbno5GSsrUCiGqo,Alfie,3238,1879,0,2026-07-18T20:45:22.974241+00:00,Spotify web-player queryArtistOverview,undocumented read-only web-client endpoint
AlicebanD [4r4F8WTxKS7hsSWVzlu6rY],,4r4F8WTxKS7hsSWVzlu6rY,AlicebanD,156024,39307,0,2026-07-18T20:45:22.974241+00:00,Spotify web-player queryArtistOverview,undocumented read-only web-client endpoint
Alien Sex Fiend [6WVnBgqJfj9Iw9gpBed9fJ],,6WVnBgqJfj9Iw9gpBed9fJ,Alien Sex Fiend,79219,163266,0,2026-07-18T20:45:22.974241+00:00,Spotify web-player queryArtistOverview,undocumented read-only web-client endpoint
Alisha's Attic [43lLY3aEg3yQz8sYhyvdn5],,43lLY3aEg3yQz8sYhyvdn5,Alisha's Attic,42752,19496,0,2026-07-18T20:45:22.974241+00:00,Spotify web-player queryArtistOverview,undocumented read-only web-client endpoint
All Angels [1nlqYzoK1LAlS8MmnUhfEs],,1nlqYzoK1LAlS8MmnUhfEs,All Angels,87528,25936,0,2026-07-18T20:45:22.974241+00:00,Spotify web-player queryArtistOverview,undocumented read-only web-client endpoint
All Saints [5TDVKqW9uhqGjwwwKGuma4],,5TDVKqW9uhqGjwwwKGuma4,All Saints,2567281,609132,0,2026-07-18T20:45:22.974241+00:00,Spotify web-player queryArtistOverview,undocumented read-only web-client endpoint
Alpha Male Tea Party [2JVPwr6UNZIdsdl8rjTD7S],,2JVPwr6UNZIdsdl8rjTD7S,Alpha Male Tea Party,4554,9728,0,2026-07-18T20:45:22.974241+00:00,Spotify web-player queryArtistOverview,undocumented read-only web-client endpoint
Altered Images [07h7JMfYWswTq4qpinC5q4],,07h7JMfYWswTq4qpinC5q4,Altered Images,126082,94902,0,2026-07-18T20:45:22.974241+00:00,Spotify web-player queryArtistOverview,undocumented read-only web-client endpoint
Alternative 4 [2D8obrk3R6lZ3W9Gkf25t0],,2D8obrk3R6lZ3W9Gkf25t0,Alternative 4,92,1956,0,2026-07-18T20:45:22.974241+00:00,Spotify web-player queryArtistOverview,undocumented read-only web-client endpoint
AlunaGeorge [2VAnyOxzJuSAj7XIuEOT38],,2VAnyOxzJuSAj7XIuEOT38,AlunaGeorge,6010368,456793,0,2026-07-18T20:45:22.974241+00:00,Spotify web-player queryArtistOverview,undocumented read-only web-client endpoint
Amazulu [2hGy0cp0xoWYWTjz6In3cg],,2hGy0cp0xoWYWTjz6In3cg,Amazulu,27611,8468,0,2026-07-18T20:45:22.974241+00:00,Spotify web-player queryArtistOverview,undocumented read-only web-client endpoint
Amber Run [0MmnmsAuQKRFpo6vJElcaU],,0MmnmsAuQKRFpo6vJElcaU,Amber Run,2165390,590700,0,2026-07-18T20:45:22.974241+00:00,Spotify web-player queryArtistOverview,undocumented read-only web-client endpoint
Ambrosian Singers [3zDEBkBUs36ij8r5Hyz2CN],,3zDEBkBUs36ij8r5Hyz2CN,Ambrosian Singers,34498,962,0,2026-07-18T20:45:22.974241+00:00,Spotify web-player queryArtistOverview,undocumented read-only web-client endpoint
Amebix [6tUC9fQSG7uqbzUy9AJ1NY],,6tUC9fQSG7uqbzUy9AJ1NY,Amebix,11227,43167,0,2026-07-18T20:45:22.974241+00:00,Spotify web-player queryArtistOverview,undocumented read-only web-client endpoint
America [35U9lQaRWSQISxQAB94Meo],,35U9lQaRWSQISxQAB94Meo,America,17384987,2286400,0,2026-07-18T20:45:22.974241+00:00,Spotify web-player queryArtistOverview,undocumented read-only web-client endpoint
An Gof (Band) [5Osgv84aDgwNFsj0xNVxEw],,5Osgv84aDgwNFsj0xNVxEw,An Gof,1040,929,0,2026-07-18T20:45:22.974241+00:00,Spotify web-player queryArtistOverview,undocumented read-only web-client endpoint
Anaal Nathrakh [7vrrJ5YlL3I8XUrh1ktGJV],,7vrrJ5YlL3I8XUrh1ktGJV,Anaal Nathrakh,60506,127543,0,2026-07-18T20:45:22.974241+00:00,Spotify web-player queryArtistOverview,undocumented read-only web-client endpoint
Ananui [0P0AeGQ8c2Ux8qSmUIYLTt],,0P0AeGQ8c2Ux8qSmUIYLTt,Ananui,63841,13967,0,2026-07-18T20:45:22.974241+00:00,Spotify web-player queryArtistOverview,undocumented read-only web-client endpoint
Anathema [0ZXKT0FCsLWkSLCjoBJgBX],,0ZXKT0FCsLWkSLCjoBJgBX,Anathema,413525,447557,0,2026-07-18T20:45:22.974241+00:00,Spotify web-player queryArtistOverview,undocumented read-only web-client endpoint
Anavae [0JseT2AZzVMKsBlrAywFcO],,0JseT2AZzVMKsBlrAywFcO,Anavae,52164,29336,0,2026-07-18T20:45:22.974241+00:00,Spotify web-player queryArtistOverview,undocumented read-only web-client endpoint
And Also the Trees [0iUr6w7AOIfLxSKQTbxf43],,0iUr6w7AOIfLxSKQTbxf43,And Also The Trees,8889,25519,0,2026-07-18T20:45:22.974241+00:00,Spotify web-player queryArtistOverview,undocumented read-only web-client endpoint
Anderson Bruford Wakeman Howe [2XTWgA3XVWe1N4qWBTNQei],,2XTWgA3XVWe1N4qWBTNQei,Anderson Bruford Wakeman Howe,24803,69958,0,2026-07-18T20:45:22.974241+00:00,Spotify web-player queryArtistOverview,undocumented read-only web-client endpoint
Angel Witch [6L48AOtGmQL1ELLoKML7cS],,6L48AOtGmQL1ELLoKML7cS,Angel Witch,48153,107188,0,2026-07-18T20:45:22.974241+00:00,Spotify web-player queryArtistOverview,undocumented read-only web-client endpoint
Angelic Upstarts [5z96yaS2s1USscDldCCDgw],,5z96yaS2s1USscDldCCDgw,Angelic Upstarts,37083,52277,0,2026-07-18T20:45:22.974241+00:00,Spotify web-player queryArtistOverview,undocumented read-only web-client endpoint
Animals That Swim [5JTDXeubWuz69ocjNzRjsQ],,5JTDXeubWuz69ocjNzRjsQ,Animals That Swim,902,754,0,2026-07-18T20:45:22.974241+00:00,Spotify web-player queryArtistOverview,undocumented read-only web-client endpoint
Annotations of an Autopsy [0Bwt1B6EdOHjjOTxlHbtR1],,0Bwt1B6EdOHjjOTxlHbtR1,Annotations Of An Autopsy,22395,49834,0,2026-07-18T20:45:22.974241+00:00,Spotify web-player queryArtistOverview,undocumented read-only web-client endpoint
Another Sunny Day [6EGQKKjGZOxDJ1iy7Pw25M],,6EGQKKjGZOxDJ1iy7Pw25M,Another Sunny Day,27420,24920,0,2026-07-18T20:45:22.974241+00:00,Spotify web-player queryArtistOverview,undocumented read-only web-client endpoint
Ant & Dec [2gmeFH5Iz8UEA7K0OHDePQ],,2gmeFH5Iz8UEA7K0OHDePQ,Ant & Dec,382816,21248,0,2026-07-18T20:45:22.974241+00:00,Spotify web-player queryArtistOverview,undocumented read-only web-client endpoint
Ante Inferno [4KoESQh0bNRpcBHXwxXSsL],,4KoESQh0bNRpcBHXwxXSsL,Ante-Inferno,3469,9281,0,2026-07-18T20:45:22.974241+00:00,Spotify web-player queryArtistOverview,undocumented read-only web-client endpoint
Anterior [6Xx18willmwDpJn4x4U9Fu],,6Xx18willmwDpJn4x4U9Fu,Anterior,4476,12044,0,2026-07-18T20:45:22.974241+00:00,Spotify web-player queryArtistOverview,undocumented read-only web-client endpoint
Anteros [7AgbaohUbhWwjjNKCSOB2x],,7AgbaohUbhWwjjNKCSOB2x,Anteros,19102,21775,0,2026-07-18T20:45:22.974241+00:00,Spotify web-player queryArtistOverview,undocumented read-only web-client endpoint
Anti Up [4UwR1ir6PovnQiwX5jRPvF],,4UwR1ir6PovnQiwX5jRPvF,Anti Up,259333,52163,0,2026-07-18T20:45:22.974241+00:00,Spotify web-player queryArtistOverview,undocumented read-only web-client endpoint
Antimatter [2k4duorvZ5lTq33ljpT0sc],,2k4duorvZ5lTq33ljpT0sc,Antimatter,56130,97021,0,2026-07-18T20:45:22.974241+00:00,Spotify web-player queryArtistOverview,undocumented read-only web-client endpoint
Aon Teanga [4sAoiFzwpvt5TcwV1U5Lik],,4sAoiFzwpvt5TcwV1U5Lik,One Tongue,60,89,0,2026-07-18T20:45:22.974241+00:00,Spotify web-player queryArtistOverview,undocumented read-only web-client endpoint
Apartment 26 [2IrsNu3Xt4kwhTikS8xLdn],,2IrsNu3Xt4kwhTikS8xLdn,Apartment 26,14843,13984,0,2026-07-18T20:45:22.974241+00:00,Spotify web-player queryArtistOverview,undocumented read-only web-client endpoint
Apartment [1SF08QH2dAfoFihb0V8FZc],,1SF08QH2dAfoFihb0V8FZc,Apartment,21170,4485,0,2026-07-18T20:45:22.974241+00:00,Spotify web-player queryArtistOverview,undocumented read-only web-client endpoint
Apollo 440 [37f9cjf8Ic4t7vYNRYAzI7],,37f9cjf8Ic4t7vYNRYAzI7,Apollo 440,414420,160231,0,2026-07-18T20:45:22.974241+00:00,Spotify web-player queryArtistOverview,undocumented read-only web-client endpoint
Aquilo [26GHRG8x1F4AzbCKzUaIbw],,26GHRG8x1F4AzbCKzUaIbw,Aquilo,602693,328001,0,2026-07-18T20:45:22.974241+00:00,Spotify web-player queryArtistOverview,undocumented read-only web-client endpoint
Arab Strap [6g8Jqb5JMfv92eB2r0awTN],,6g8Jqb5JMfv92eB2r0awTN,Arab Strap,79984,87017,0,2026-07-18T20:45:22.974241+00:00,Spotify web-player queryArtistOverview,undocumented read-only web-client endpoint
Arcadia [6vKSVauvYro3KEVHYtqMey],,6vKSVauvYro3KEVHYtqMey,Arcadia,396,97,0,2026-07-18T20:45:22.974241+00:00,Spotify web-player queryArtistOverview,undocumented read-only web-client endpoint
Architects [3ZztVuWxHzNpl0THurTFCv],,3ZztVuWxHzNpl0THurTFCv,Architects,3025569,1369211,0,2026-07-18T20:45:22.974241+00:00,Spotify web-player queryArtistOverview,undocumented read-only web-client endpoint
Archive [1Q776wzj2mrtXrNu3iH6nk],,1Q776wzj2mrtXrNu3iH6nk,Archive,318451,330186,0,2026-07-18T20:45:22.974241+00:00,Spotify web-player queryArtistOverview,undocumented read-only web-client endpoint
Arctic Lake [0IEPb9ily3E5IAYMSkwtQ6],,0IEPb9ily3E5IAYMSkwtQ6,Arctic Lake,637713,65681,0,2026-07-18T20:45:22.974241+00:00,Spotify web-player queryArtistOverview,undocumented read-only web-client endpoint
Arctic Monkeys [7Ln80lUS6He07XvHI8qqHH],,7Ln80lUS6He07XvHI8qqHH,Arctic Monkeys,52301870,35028298,61,2026-07-18T20:45:22.974241+00:00,Spotify web-player queryArtistOverview,undocumented read-only web-client endpoint
Arditti Quartet [1A6VSPPUJADy9l9nHcGFG5],,1A6VSPPUJADy9l9nHcGFG5,Arditti Quartet,4172,7012,0,2026-07-18T20:45:22.974241+00:00,Spotify web-player queryArtistOverview,undocumented read-only web-client endpoint
Argent [46VosWAvtZsBl7rvxufsWG],,46VosWAvtZsBl7rvxufsWG,Argent,96722,66357,0,2026-07-18T20:45:22.974241+00:00,Spotify web-player queryArtistOverview,undocumented read-only web-client endpoint
Arrows [4tqcqE9n9vHWbIT8ryEA1v],,4tqcqE9n9vHWbIT8ryEA1v,The Arrows,42469,7187,0,2026-07-18T20:45:22.974241+00:00,Spotify web-player queryArtistOverview,undocumented read-only web-client endpoint
Art Brut [1gxXzfykdtDuod56hPkYyr],,1gxXzfykdtDuod56hPkYyr,Art Brut,23752,33038,0,2026-07-18T20:45:22.974241+00:00,Spotify web-player queryArtistOverview,undocumented read-only web-client endpoint
Art of Noise [77zrvBORXcnTyysjjKRfBU],,77zrvBORXcnTyysjjKRfBU,The Art Of Noise,506277,199618,0,2026-07-18T20:45:22.974241+00:00,Spotify web-player queryArtistOverview,undocumented read-only web-client endpoint
As It Is [3IXtskFMls8KXRipcIJT9y],,3IXtskFMls8KXRipcIJT9y,AS IT IS,259244,161720,0,2026-07-18T20:45:22.974241+00:00,Spotify web-player queryArtistOverview,undocumented read-only web-client endpoint
As Lions [30Ns8wCbxSPz2L1tnSypTG],,30Ns8wCbxSPz2L1tnSypTG,As Lions,29728,23599,0,2026-07-18T20:45:22.974241+00:00,Spotify web-player queryArtistOverview,undocumented read-only web-client endpoint
Ash [2evydP72Z45DouM4uMGsIE],,2evydP72Z45DouM4uMGsIE,Ash,433333,204152,0,2026-07-18T20:45:22.974241+00:00,Spotify web-player queryArtistOverview,undocumented read-only web-client endpoint
Asia [1bdytLV3FPjyhfrb6BhMej],,1bdytLV3FPjyhfrb6BhMej,Asia,2716602,774209,0,2026-07-18T20:45:22.974241+00:00,Spotify web-player queryArtistOverview,undocumented read-only web-client endpoint
Asking Alexandria [1caBfBEapzw8z2Qz9q0OaQ],,1caBfBEapzw8z2Qz9q0OaQ,Asking Alexandria,2592556,2530673,0,2026-07-18T20:45:22.974241+00:00,Spotify web-player queryArtistOverview,undocumented read-only web-client endpoint
Astroid Boys [0usP8DxN7FRA6LAD0japVD],,0usP8DxN7FRA6LAD0japVD,Astroid Boys,11274,23142,0,2026-07-18T20:45:22.974241+00:00,Spotify web-player queryArtistOverview,undocumented read-only web-client endpoint
Athamay [6mzPf14YxIEAwBlIGh1oIu],,6mzPf14YxIEAwBlIGh1oIu,Athamay,1997,2907,0,2026-07-18T20:45:22.974241+00:00,Spotify web-player queryArtistOverview,undocumented read-only web-client endpoint
Athlete [6C0JkmxU2cgkVzotHJgfW7],,6C0JkmxU2cgkVzotHJgfW7,Athlete,225403,142136,0,2026-07-18T20:45:22.974241+00:00,Spotify web-player queryArtistOverview,undocumented read-only web-client endpoint
Atomic Kitten [6JMHws5haIO6V35YNYDnDw],,6JMHws5haIO6V35YNYDnDw,Atomic Kitten,2751716,525204,0,2026-07-18T20:45:22.974241+00:00,Spotify web-player queryArtistOverview,undocumented read-only web-client endpoint
Atomic Youth [4VEXIcg6MVQBauK4kIIH1z],,4VEXIcg6MVQBauK4kIIH1z,Atomic Youth,4,31,0,2026-07-18T20:45:22.974241+00:00,Spotify web-player queryArtistOverview,undocumented read-only web-client endpoint
Au Pairs [5nGQE2ehuRkkK1iNUQQthd],,5nGQE2ehuRkkK1iNUQQthd,Au Pairs,28536,40413,0,2026-07-18T20:45:22.974241+00:00,Spotify web-player queryArtistOverview,undocumented read-only web-client endpoint
Audio Bullys [5kwHgbzNHq1iHkUSrAmjjQ],,5kwHgbzNHq1iHkUSrAmjjQ,Audio Bullys,701846,83213,0,2026-07-18T20:45:22.974241+00:00,Spotify web-player queryArtistOverview,undocumented read-only web-client endpoint
Audiobooks [1YvLqwm8xl6ENUT3KK6XMj],,1YvLqwm8xl6ENUT3KK6XMj,audiobooks,6692,15964,0,2026-07-18T20:45:22.974241+00:00,Spotify web-player queryArtistOverview,undocumented read-only web-client endpoint
Auger (band) [48QP1FCIq76VufzDPShGi5],,48QP1FCIq76VufzDPShGi5,Auger,34522,11957,0,2026-07-18T20:45:22.974241+00:00,Spotify web-player queryArtistOverview,undocumented read-only web-client endpoint
Average White Band [3tx8fyu3c4OBP5nejYtUOb],,3tx8fyu3c4OBP5nejYtUOb,Average White Band,830950,473616,0,2026-07-18T20:45:22.974241+00:00,Spotify web-player queryArtistOverview,undocumented read-only web-client endpoint
Avison Ensemble [0ZMhyUTfl3DEOlUT1Z04mX],,0ZMhyUTfl3DEOlUT1Z04mX,The Avison Ensemble,1055,590,0,2026-07-18T20:45:22.974241+00:00,Spotify web-player queryArtistOverview,undocumented read-only web-client endpoint
AxeWound [7KYgLYR5cMtHHzQ9gRWN2y],,7KYgLYR5cMtHHzQ9gRWN2y,AxeWound,11674,20250,0,2026-07-18T20:45:22.974241+00:00,Spotify web-player queryArtistOverview,undocumented read-only web-client endpoint
Aztec Camera [7sbwBqdkynNUDgiWU3TQ5J],,7sbwBqdkynNUDgiWU3TQ5J,Aztec Camera,568826,155418,0,2026-07-18T20:45:22.974241+00:00,Spotify web-player queryArtistOverview,undocumented read-only web-client endpoint
B-Movie [7zUgfhtNGSNLMl2ydFse4S],,7zUgfhtNGSNLMl2ydFse4S,B-Movie,67864,18419,0,2026-07-18T20:45:22.974241+00:00,Spotify web-player queryArtistOverview,undocumented read-only web-client endpoint
B12 [66I0uUVKgpOPlEjTiy87nm],,66I0uUVKgpOPlEjTiy87nm,B12,10102,22923,0,2026-07-18T20:45:22.974241+00:00,Spotify web-player queryArtistOverview,undocumented read-only web-client endpoint
BBC Concert Orchestra [3dIPaddbWppnquuPkcYVDg],,3dIPaddbWppnquuPkcYVDg,BBC Concert Orchestra,329553,14395,0,2026-07-18T20:45:22.974241+00:00,Spotify web-player queryArtistOverview,undocumented read-only web-client endpoint
BBC Philharmonic [1z9u3vLr7gw6IBS8CP8c2X],,1z9u3vLr7gw6IBS8CP8c2X,BBC Philharmonic,299680,22052,0,2026-07-18T20:45:22.974241+00:00,Spotify web-player queryArtistOverview,undocumented read-only web-client endpoint
BBC Scottish Symphony Orchestra [3CufywuKIBC8WhWNvzTQr1],,3CufywuKIBC8WhWNvzTQr1,BBC Scottish Symphony Orchestra,240317,12102,0,2026-07-18T20:45:22.974241+00:00,Spotify web-player queryArtistOverview,undocumented read-only web-client endpoint
BBC Singers [6JP6LrgvTOWrGZvgGOjCwM],,6JP6LrgvTOWrGZvgGOjCwM,BBC Singers,7444,1542,0,2026-07-18T20:45:22.974241+00:00,Spotify web-player queryArtistOverview,undocumented read-only web-client endpoint
BBC Symphony Orchestra [23BiSNXm5UaRFuusoWisYO],,23BiSNXm5UaRFuusoWisYO,BBC Symphony Orchestra,532247,48200,0,2026-07-18T20:45:22.974241+00:00,Spotify web-player queryArtistOverview,undocumented read-only web-client endpoint
BLKATS [0HSakR0ARVcBkILQoWUfsW],,0HSakR0ARVcBkILQoWUfsW,BLKATS,93,75,0,2026-07-18T20:45:22.974241+00:00,Spotify web-player queryArtistOverview,undocumented read-only web-client endpoint
BUCKLE N BOOTS [6kQhJkO8hKOSOyfhVrOJ6z],,6kQhJkO8hKOSOyfhVrOJ6z,Buckle 'n' Boots,1329,559,0,2026-07-18T20:45:22.974241+00:00,Spotify web-player queryArtistOverview,undocumented read-only web-client endpoint
Babe Ruth [0U04xAocTetRnA7v3TYQ2i],,0U04xAocTetRnA7v3TYQ2i,Babe Ruth,80353,26531,0,2026-07-18T20:45:22.974241+00:00,Spotify web-player queryArtistOverview,undocumented read-only web-client endpoint
Baby Brave [6gOTzD5oHVgSJRdAlhKthL],,6gOTzD5oHVgSJRdAlhKthL,Baby Brave,110,442,0,2026-07-18T20:45:22.974241+00:00,Spotify web-player queryArtistOverview,undocumented read-only web-client endpoint
Baby Chaos [05y9Q9YweIPHzr8jFkZoOf],,05y9Q9YweIPHzr8jFkZoOf,Baby Chaos,794,2270,0,2026-07-18T20:45:22.974241+00:00,Spotify web-player queryArtistOverview,undocumented read-only web-client endpoint
Baby D [33ZOI0WTjYkLh5WuwucLhc],,33ZOI0WTjYkLh5WuwucLhc,Baby D,418514,20248,0,2026-07-18T20:45:22.974241+00:00,Spotify web-player queryArtistOverview,undocumented read-only web-client endpoint
Baby Mammoth [3QM2q6SDqoM6EduVwpv5uo],,3QM2q6SDqoM6EduVwpv5uo,Baby Mammoth,6206,10562,0,2026-07-18T20:45:22.974241+00:00,Spotify web-player queryArtistOverview,undocumented read-only web-client endpoint
Babybird [1QCANeffsBIHjzhMqUIxBh],,1QCANeffsBIHjzhMqUIxBh,Babybird,342115,21473,0,2026-07-18T20:45:22.974241+00:00,Spotify web-player queryArtistOverview,undocumented read-only web-client endpoint
Babylon Zoo [3k7uMwc8FLJmH8RHMh2HF8],,3k7uMwc8FLJmH8RHMh2HF8,Babylon Zoo,163876,17699,0,2026-07-18T20:45:22.974241+00:00,Spotify web-player queryArtistOverview,undocumented read-only web-client endpoint
Babyshambles [0IBAqjHG8DSaD7PPCGnGiZ],,0IBAqjHG8DSaD7PPCGnGiZ,Babyshambles,198309,291010,0,2026-07-18T20:45:22.974241+00:00,Spotify web-player queryArtistOverview,undocumented read-only web-client endpoint
Back Door [2XOjNVr7LGArNnYXfGKN3q],,2XOjNVr7LGArNnYXfGKN3q,Back Door,1734,2452,0,2026-07-18T20:45:22.974241+00:00,Spotify web-player queryArtistOverview,undocumented read-only web-client endpoint
Back Street Crawler [0k20D9EulSe7S4VOQGXJvV],,0k20D9EulSe7S4VOQGXJvV,Back Street Crawler,2279,4677,0,2026-07-18T20:45:22.974241+00:00,Spotify web-player queryArtistOverview,undocumented read-only web-client endpoint
Bad Company [4AAf6BI1IJxvkqv98mDHin],,4AAf6BI1IJxvkqv98mDHin,Bad Company UK,87765,39243,0,2026-07-18T20:45:22.974241+00:00,Spotify web-player queryArtistOverview,undocumented read-only web-client endpoint
Bad Company [5AEG63ajney2BoDXi0Vb84],,5AEG63ajney2BoDXi0Vb84,Bad Company,3616192,1458078,0,2026-07-18T20:45:22.974241+00:00,Spotify web-player queryArtistOverview,undocumented read-only web-client endpoint
Bad Manners [0GShYlUdyLahdsvgKdselx],,0GShYlUdyLahdsvgKdselx,Bad Manners,283186,175516,0,2026-07-18T20:45:22.974241+00:00,Spotify web-player queryArtistOverview,undocumented read-only web-client endpoint
Badfinger [4pJCawaKSZ40EnxN0YEYw3],,4pJCawaKSZ40EnxN0YEYw3,Badfinger,1128068,471790,0,2026-07-18T20:45:22.974241+00:00,Spotify web-player queryArtistOverview,undocumented read-only web-client endpoint
Balance of Power [0UNAFOShoComAV8MzAxzGU],,0UNAFOShoComAV8MzAxzGU,Balance Of Power,2139,6876,0,2026-07-18T20:45:22.974241+00:00,Spotify web-player queryArtistOverview,undocumented read-only web-client endpoint
Balancing Act [6ZHfuZhV3q15jxpOY8S1m6],,6ZHfuZhV3q15jxpOY8S1m6,Balancing Act,48276,12544,0,2026-07-18T20:45:22.974241+00:00,Spotify web-player queryArtistOverview,undocumented read-only web-client endpoint
Bamboo [2lRmpEb6vBVPILehJVD1gk],,2lRmpEb6vBVPILehJVD1gk,BAMBOO,65,519,0,2026-07-18T20:45:22.974241+00:00,Spotify web-player queryArtistOverview,undocumented read-only web-client endpoint
Bananarama [3sc7iUG1Wwpwx7bHeZolgx],,3sc7iUG1Wwpwx7bHeZolgx,Bananarama,3805410,929042,0,2026-07-18T20:45:22.974241+00:00,Spotify web-player queryArtistOverview,undocumented read-only web-client endpoint
Band Aid 30 [6KfzyefHYuqfWaI5taICaN],,6KfzyefHYuqfWaI5taICaN,Band Aid 30,11736,4982,0,2026-07-18T20:45:22.974241+00:00,Spotify web-player queryArtistOverview,undocumented read-only web-client endpoint
Band Aid [35S20clEkkSNUo23ViaslZ],,35S20clEkkSNUo23ViaslZ,Band Aid,195618,53354,0,2026-07-18T20:45:22.974241+00:00,Spotify web-player queryArtistOverview,undocumented read-only web-client endpoint
Band of Skulls [4ddt8PPvmWrI9mJQy1VrIG],,4ddt8PPvmWrI9mJQy1VrIG,Band Of Skulls,446823,272436,0,2026-07-18T20:45:22.974241+00:00,Spotify web-player queryArtistOverview,undocumented read-only web-client endpoint
Bang Bang Romeo [0pYrJEBQD23sHMvxsBM3fO],,0pYrJEBQD23sHMvxsBM3fO,Bang Bang Romeo,1833,10361,0,2026-07-18T20:45:22.974241+00:00,Spotify web-player queryArtistOverview,undocumented read-only web-client endpoint
Barclay James Harvest [2pVMD4bFwl4AyoYyyo51Qg],,2pVMD4bFwl4AyoYyyo51Qg,Barclay James Harvest,303511,187986,0,2026-07-18T20:45:22.974241+00:00,Spotify web-player queryArtistOverview,undocumented read-only web-client endpoint
Basement 5 [5ebPDGAR8t5CsUMOf8GfCf],,5ebPDGAR8t5CsUMOf8GfCf,Basement 5,397,1383,0,2026-07-18T20:45:22.974241+00:00,Spotify web-player queryArtistOverview,undocumented read-only web-client endpoint
Basement Jaxx [4YrKBkKSVeqDamzBPWVnSJ],,4YrKBkKSVeqDamzBPWVnSJ,Basement Jaxx,2938717,623916,0,2026-07-18T20:45:22.974241+00:00,Spotify web-player queryArtistOverview,undocumented read-only web-client endpoint
Bastille [7EQ0qTo7fWT7DPxmxtSYEc],,7EQ0qTo7fWT7DPxmxtSYEc,Bastille,22166012,5786448,374,2026-07-18T20:45:22.974241+00:00,Spotify web-player queryArtistOverview,undocumented read-only web-client endpoint
Battle [3Re6UNx8ZU50sDzt6ZHfPV],,3Re6UNx8ZU50sDzt6ZHfPV,Battle,462,846,0,2026-07-18T20:45:22.974241+00:00,Spotify web-player queryArtistOverview,undocumented read-only web-client endpoint
Bauhaus [5N5tQ9Dx1h8Od7aRmGj7Fi],,5N5tQ9Dx1h8Od7aRmGj7Fi,Bauhaus,808555,1137691,0,2026-07-18T20:45:22.974241+00:00,Spotify web-player queryArtistOverview,undocumented read-only web-client endpoint
Bay City Rollers [3r9TXuXfOUxXjgYgAR0fP8],,3r9TXuXfOUxXjgYgAR0fP8,Bay City Rollers,499865,225644,0,2026-07-18T20:45:22.974241+00:00,Spotify web-player queryArtistOverview,undocumented read-only web-client endpoint
Beady Eye [5yBDILLJyNFAjFpECkk7ys],,5yBDILLJyNFAjFpECkk7ys,Beady Eye,164088,205926,0,2026-07-18T20:45:22.974241+00:00,Spotify web-player queryArtistOverview,undocumented read-only web-client endpoint
Beak> [5MGxwE9JG5IA6uqswrgNL6],,5MGxwE9JG5IA6uqswrgNL6,Beak>,45055,92050,0,2026-07-18T20:45:22.974241+00:00,Spotify web-player queryArtistOverview,undocumented read-only web-client endpoint
Bear's Den [0nJaMZM8paoA5HEUTUXPqi],,0nJaMZM8paoA5HEUTUXPqi,Bear's Den,996827,345964,0,2026-07-18T20:45:22.974241+00:00,Spotify web-player queryArtistOverview,undocumented read-only web-client endpoint
Bee Gees [1LZEQNv7sE11VDY3SdxQeN],,1LZEQNv7sE11VDY3SdxQeN,Bee Gees,29286539,10121737,226,2026-07-18T20:45:22.974241+00:00,Spotify web-player queryArtistOverview,undocumented read-only web-client endpoint
Beecher [3Pdm5mH2608jTLl7p4SpHD],,3Pdm5mH2608jTLl7p4SpHD,Beecher,379,1772,0,2026-07-18T20:45:22.974241+00:00,Spotify web-player queryArtistOverview,undocumented read-only web-client endpoint
Belle and Sebastian [4I2BJf80C0skQpp1sQmA0h],,4I2BJf80C0skQpp1sQmA0h,Belle and Sebastian,1141204,747098,0,2026-07-18T20:45:22.974241+00:00,Spotify web-player queryArtistOverview,undocumented read-only web-client endpoint
Benediction [1Lx9Dy5gi2OLlJBBs7GYO7],,1Lx9Dy5gi2OLlJBBs7GYO7,Benediction,56352,106195,0,2026-07-18T20:45:22.974241+00:00,Spotify web-player queryArtistOverview,undocumented read-only web-client endpoint
Bicep [73A3bLnfnz5BoQjb4gNCga],,73A3bLnfnz5BoQjb4gNCga,BICEP,3141387,673233,0,2026-07-18T20:45:22.974241+00:00,Spotify web-player queryArtistOverview,undocumented read-only web-client endpoint
Biffy Clyro [1km0R7wy712AzLkA1WjKET],,1km0R7wy712AzLkA1WjKET,Biffy Clyro,1330864,792584,0,2026-07-18T20:45:22.974241+00:00,Spotify web-player queryArtistOverview,undocumented read-only web-client endpoint
Big Audio Dynamite [7hqZBHSgDs1odG9aupMzEI],,7hqZBHSgDs1odG9aupMzEI,Big Audio Dynamite,244576,159697,0,2026-07-18T20:45:22.974241+00:00,Spotify web-player queryArtistOverview,undocumented read-only web-client endpoint
Big Big Train [68VJJPVAVNAmwsDDf1i70g],,68VJJPVAVNAmwsDDf1i70g,Big Big Train,20133,41912,0,2026-07-18T20:45:22.974241+00:00,Spotify web-player queryArtistOverview,undocumented read-only web-client endpoint
Big Blue Ball [3ZiljoP4bjyZUNG00fO42s],,3ZiljoP4bjyZUNG00fO42s,Big Blue Ball,5050,2884,0,2026-07-18T20:45:22.974241+00:00,Spotify web-player queryArtistOverview,undocumented read-only web-client endpoint
Big Country [1h8YIw9HLr6E8gdXVDRbVJ],,1h8YIw9HLr6E8gdXVDRbVJ,Big Country,622663,271022,0,2026-07-18T20:45:22.974241+00:00,Spotify web-player queryArtistOverview,undocumented read-only web-client endpoint
Billy J. Kramer & The Dakotas [3Kvl9In1TELgBFPkCgFZHw],,3Kvl9In1TELgBFPkCgFZHw,The Dakotas & Billy J.Kramer,7,11,0,2026-07-18T20:45:22.974241+00:00,Spotify web-player queryArtistOverview,undocumented read-only web-client endpoint
Billy J. Kramer & The Dakotas [7m2WaGqLDhPRdhdw5MOxjX],,7m2WaGqLDhPRdhdw5MOxjX,Billy J. Kramer & The Dakotas,1022,2968,0,2026-07-18T20:45:22.974241+00:00,Spotify web-player queryArtistOverview,undocumented read-only web-client endpoint
Bim [4phiFf2obiNIHVXqRX56oU],,4phiFf2obiNIHVXqRX56oU,Bim,723,388,0,2026-07-18T20:45:22.974241+00:00,Spotify web-player queryArtistOverview,undocumented read-only web-client endpoint
Binary Finary [5suoHSdDiYsjikHNVdYYKe],,5suoHSdDiYsjikHNVdYYKe,Binary Finary,556404,45535,0,2026-07-18T20:45:22.974241+00:00,Spotify web-player queryArtistOverview,undocumented read-only web-client endpoint
Biomechanical [0OcXMAKkzHF1CkhqjAdOAm],,0OcXMAKkzHF1CkhqjAdOAm,Biomechanical,566,3095,0,2026-07-18T20:45:22.974241+00:00,Spotify web-player queryArtistOverview,undocumented read-only web-client endpoint
Bird in the Belly [4OlDV4RbT8NjBrBDF2u7zx],,4OlDV4RbT8NjBrBDF2u7zx,Bird in the Belly,130,628,0,2026-07-18T20:45:22.974241+00:00,Spotify web-player queryArtistOverview,undocumented read-only web-client endpoint
Bis [2CLWZP9ZwueC8Yx9ORbxlW],,2CLWZP9ZwueC8Yx9ORbxlW,bis,40316,13258,0,2026-07-18T20:45:22.974241+00:00,Spotify web-player queryArtistOverview,undocumented read-only web-client endpoint
Bitches Sin [2JFzqHBpmyG5sii0vrnG1l],,2JFzqHBpmyG5sii0vrnG1l,Bitches Sin,2498,12885,0,2026-07-18T20:45:22.974241+00:00,Spotify web-player queryArtistOverview,undocumented read-only web-client endpoint
Black Box Recorder [6Hd3xhv1sj3rlojjvGLkGR],,6Hd3xhv1sj3rlojjvGLkGR,Black Box Recorder,1619909,243011,0,2026-07-18T20:45:22.974241+00:00,Spotify web-player queryArtistOverview,undocumented read-only web-client endpoint
"Black Country, New Road [3PP6ghmOlDl2jaKaH0avUN]",,3PP6ghmOlDl2jaKaH0avUN,"Black Country, New Road",741988,492540,0,2026-07-18T20:45:22.974241+00:00,Spotify web-player queryArtistOverview,undocumented read-only web-client endpoint
Black Dyke Band [4oSmVew9F141WbSWJTZZF4],,4oSmVew9F141WbSWJTZZF4,Black Dyke Band,19755,10269,0,2026-07-18T20:45:22.974241+00:00,Spotify web-player queryArtistOverview,undocumented read-only web-client endpoint
Black Foxxes [0rkzatSSd1Dh41phOf4qFT],,0rkzatSSd1Dh41phOf4qFT,Black Foxxes,26219,30813,0,2026-07-18T20:45:22.974241+00:00,Spotify web-player queryArtistOverview,undocumented read-only web-client endpoint
Black Grape [147FGf3bdxV1L0mmVtgaJR],,147FGf3bdxV1L0mmVtgaJR,Black Grape,99344,95076,0,2026-07-18T20:45:22.974241+00:00,Spotify web-player queryArtistOverview,undocumented read-only web-client endpoint
Black Honey [2oVmQT6s29pVIKpqJkyxBS],,2oVmQT6s29pVIKpqJkyxBS,Black Honey,115099,109746,0,2026-07-18T20:45:22.974241+00:00,Spotify web-player queryArtistOverview,undocumented read-only web-client endpoint
Black Midi [7Hvq85OU8T7Hsd63zNBwaL],,7Hvq85OU8T7Hsd63zNBwaL,black midi,144902,325236,0,2026-07-18T20:45:22.974241+00:00,Spotify web-player queryArtistOverview,undocumented read-only web-client endpoint
Black Moth [2kjn4KcvCR9atreeGcoest],,2kjn4KcvCR9atreeGcoest,Black Moth,5326,16825,0,2026-07-18T20:45:22.974241+00:00,Spotify web-player queryArtistOverview,undocumented read-only web-client endpoint
Black Sabbath [5M52tdBnJaKSvOpJGz8mfZ],,5M52tdBnJaKSvOpJGz8mfZ,Black Sabbath,18288641,10711277,0,2026-07-18T20:45:22.974241+00:00,Spotify web-player queryArtistOverview,undocumented read-only web-client endpoint
Black Tongue [5vTCEZ15eybRnoqUAra4Ys],,5vTCEZ15eybRnoqUAra4Ys,Black Tongue,50504,96043,0,2026-07-18T20:45:22.974241+00:00,Spotify web-player queryArtistOverview,undocumented read-only web-client endpoint
Blackfield [3xrzXKnScjOEoy172vsJMW],,3xrzXKnScjOEoy172vsJMW,Blackfield,85702,150969,0,2026-07-18T20:45:22.974241+00:00,Spotify web-player queryArtistOverview,undocumented read-only web-client endpoint
Blakfish [6WIyY7r67GHddsabdqJQ8K],,6WIyY7r67GHddsabdqJQ8K,Blakfish,3257,4776,0,2026-07-18T20:45:22.974241+00:00,Spotify web-player queryArtistOverview,undocumented read-only web-client endpoint
Blanck Mass [73LvjicByRK5LazcQYZMAY],,73LvjicByRK5LazcQYZMAY,Blanck Mass,25073,49935,0,2026-07-18T20:45:22.974241+00:00,Spotify web-player queryArtistOverview,undocumented read-only web-client endpoint
Blancmange [3LtBdgNHdH0Ix8hCFZ4NJG],,3LtBdgNHdH0Ix8hCFZ4NJG,Blancmange,221240,123820,0,2026-07-18T20:45:22.974241+00:00,Spotify web-player queryArtistOverview,undocumented read-only web-client endpoint
Blazin' Squad [5dEFm1RwaTSXpQSpzpYKF2],,5dEFm1RwaTSXpQSpzpYKF2,Blazin' Squad,65260,28124,0,2026-07-18T20:45:22.974241+00:00,Spotify web-player queryArtistOverview,undocumented read-only web-client endpoint
Bleed From Within [5ZvwJikDgdP1PFU4PkAPVG],,5ZvwJikDgdP1PFU4PkAPVG,Bleed From Within,451660,289069,0,2026-07-18T20:45:22.974241+00:00,Spotify web-player queryArtistOverview,undocumented read-only web-client endpoint
Blind Faith [5GUVj2b1lJ4DolQyHlzyaO],,5GUVj2b1lJ4DolQyHlzyaO,Blind Faith,529325,474336,0,2026-07-18T20:45:22.974241+00:00,Spotify web-player queryArtistOverview,undocumented read-only web-client endpoint
Bloc Party [3MM8mtgFzaEJsqbjZBSsHJ],,3MM8mtgFzaEJsqbjZBSsHJ,Bloc Party,3039480,1261856,0,2026-07-18T20:45:22.974241+00:00,Spotify web-player queryArtistOverview,undocumented read-only web-client endpoint
Blockster [5jQ8ycx2c3SRpJljOiqIbF],,5jQ8ycx2c3SRpJljOiqIbF,Blockster,4548,434,0,2026-07-18T20:45:22.974241+00:00,Spotify web-player queryArtistOverview,undocumented read-only web-client endpoint
Blossoms [22RISwgVJyZu9lpqAcv1F5],,22RISwgVJyZu9lpqAcv1F5,Blossoms,1329106,515545,0,2026-07-18T20:45:22.974241+00:00,Spotify web-player queryArtistOverview,undocumented read-only web-client endpoint
Blu Mar Ten [5mGqZFvzU9FRNkcI3Y0A2V],,5mGqZFvzU9FRNkcI3Y0A2V,Blu Mar Ten,53063,27393,0,2026-07-18T20:45:22.974241+00:00,Spotify web-player queryArtistOverview,undocumented read-only web-client endpoint
Blue Zoo [7xh7pIwH1MTZtVH7i9hiKY],,7xh7pIwH1MTZtVH7i9hiKY,Blue Zoo,6709,2526,0,2026-07-18T20:45:22.974241+00:00,Spotify web-player queryArtistOverview,undocumented read-only web-client endpoint
Blue [2yEkZBBjhzKzt6LF5XMaFi],,2yEkZBBjhzKzt6LF5XMaFi,Blue,3677775,822804,0,2026-07-18T20:45:22.974241+00:00,Spotify web-player queryArtistOverview,undocumented read-only web-client endpoint
Blueboy [0arZTC10n2y1hVMZfRV6Xn],,0arZTC10n2y1hVMZfRV6Xn,Blueboy,6451,9970,0,2026-07-18T20:45:22.974241+00:00,Spotify web-player queryArtistOverview,undocumented read-only web-client endpoint
Blur [7MhMgCo0Bl0Kukl93PZbYS],,7MhMgCo0Bl0Kukl93PZbYS,Blur,14009757,4274924,0,2026-07-18T20:45:22.974241+00:00,Spotify web-player queryArtistOverview,undocumented read-only web-client endpoint
Boards of Canada [2VAvhf61GgLYmC6C8anyX1],,2VAvhf61GgLYmC6C8anyX1,Boards of Canada,1177186,844402,0,2026-07-18T20:45:22.974241+00:00,Spotify web-player queryArtistOverview,undocumented read-only web-client endpoint
Bob Vylan [6XgIk9Y6qy6JCMZVime6DQ],,6XgIk9Y6qy6JCMZVime6DQ,Bob Vylan,171179,188980,0,2026-07-18T20:45:22.974241+00:00,Spotify web-player queryArtistOverview,undocumented read-only web-client endpoint
Bolt Thrower [3EbMlZ7ZKmFWPTHrLzpzvs],,3EbMlZ7ZKmFWPTHrLzpzvs,Bolt Thrower,180166,285017,0,2026-07-18T20:45:22.974241+00:00,Spotify web-player queryArtistOverview,undocumented read-only web-client endpoint
Bomb the Bass [1G3Eh23f2hwhEnAMw7HsZ6],,1G3Eh23f2hwhEnAMw7HsZ6,Bomb The Bass,184150,54515,0,2026-07-18T20:45:22.974241+00:00,Spotify web-player queryArtistOverview,undocumented read-only web-client endpoint
Bombay Bicycle Club [3pTE9iaJTkWns3mxpNQlJV],,3pTE9iaJTkWns3mxpNQlJV,Bombay Bicycle Club,970928,881071,0,2026-07-18T20:45:22.974241+00:00,Spotify web-player queryArtistOverview,undocumented read-only web-client endpoint
Bon Music Vision [1QwUr0czSLcqICjTyiap1G],,1QwUr0czSLcqICjTyiap1G,Bon,176,302,0,2026-07-18T20:45:22.974241+00:00,Spotify web-player queryArtistOverview,undocumented read-only web-client endpoint
Bondax [4qobOrZpdUri80gScwsHfs],,4qobOrZpdUri80gScwsHfs,Bondax,235766,111883,0,2026-07-18T20:45:22.974241+00:00,Spotify web-player queryArtistOverview,undocumented read-only web-client endpoint
Bones [16kd5X3pBMOtXdLlX5LcAw],,16kd5X3pBMOtXdLlX5LcAw,BONES UK,568133,106452,0,2026-07-18T20:45:22.974241+00:00,Spotify web-player queryArtistOverview,undocumented read-only web-client endpoint
Bonzo Dog Doo-Dah Band [6Q7D1oEccgTc8MAYdMgtIx],,6Q7D1oEccgTc8MAYdMgtIx,The Bonzo Dog Band,30851,26310,0,2026-07-18T20:45:22.974241+00:00,Spotify web-player queryArtistOverview,undocumented read-only web-client endpoint
Bootyard Bandits [7gobZTS0uqbaYHkukwqpBY],,7gobZTS0uqbaYHkukwqpBY,Bootyard Bandits,4168,2904,0,2026-07-18T20:45:22.974241+00:00,Spotify web-player queryArtistOverview,undocumented read-only web-client endpoint
Booze & Glory [4gVommn6B9vUqdsfSwVaiv],,4gVommn6B9vUqdsfSwVaiv,Booze & Glory,85412,80939,0,2026-07-18T20:45:22.974241+00:00,Spotify web-player queryArtistOverview,undocumented read-only web-client endpoint
Boss Keloid [4zwLxPj8Rz2X2QV12DnHnk],,4zwLxPj8Rz2X2QV12DnHnk,Boss Keloid,1206,7051,0,2026-07-18T20:45:22.974241+00:00,Spotify web-player queryArtistOverview,undocumented read-only web-client endpoint
Bossy Love [2gtghUEyzHvdaHMf62IxcG],,2gtghUEyzHvdaHMf62IxcG,Bossy Love,250,4688,0,2026-07-18T20:45:22.974241+00:00,Spotify web-player queryArtistOverview,undocumented read-only web-client endpoint
Boston Manor [4WjeQi9wm84lYTIWZ95QoM],,4WjeQi9wm84lYTIWZ95QoM,Boston Manor,410364,192021,0,2026-07-18T20:45:22.974241+00:00,Spotify web-player queryArtistOverview,undocumented read-only web-client endpoint
Bournemouth Sinfonietta [3SrOlll9sjDBbH1kOTsALh],,3SrOlll9sjDBbH1kOTsALh,Bournemouth Sinfonietta,20818,1326,0,2026-07-18T20:45:22.974241+00:00,Spotify web-player queryArtistOverview,undocumented read-only web-client endpoint
Bournemouth Symphony Orchestra [0kH3qHYdrKMy2LWAYSZOtz],,2KuPDJp7FCpmaUy4jKcjfB,Bournemouth Symphony Orchestra,328954,10972,0,2026-07-18T20:45:22.974241+00:00,Spotify web-player queryArtistOverview,undocumented read-only web-client endpoint
Bournemouth Symphony Orchestra [2KuPDJp7FCpmaUy4jKcjfB],,2KuPDJp7FCpmaUy4jKcjfB,Bournemouth Symphony Orchestra,328954,10972,0,2026-07-18T20:45:22.974241+00:00,Spotify web-player queryArtistOverview,undocumented read-only web-client endpoint
Bow Wow Wow [52K4ArhA4OgMO7AsyEgqCT],,52K4ArhA4OgMO7AsyEgqCT,Bow Wow Wow,261338,131599,0,2026-07-18T20:45:22.974241+00:00,Spotify web-player queryArtistOverview,undocumented read-only web-client endpoint
Breabach [1HyT0AtzTH5lVzlm8yQgbI],,1HyT0AtzTH5lVzlm8yQgbI,Breabach,51761,20677,0,2026-07-18T20:45:22.974241+00:00,Spotify web-player queryArtistOverview,undocumented read-only web-client endpoint
Breakfast Muff [32EpMrCPvAN5TBrqm16uKR],,32EpMrCPvAN5TBrqm16uKR,Breakfast Muff,351,1436,0,2026-07-18T20:45:22.974241+00:00,Spotify web-player queryArtistOverview,undocumented read-only web-client endpoint
Breathe [1MNeXu0284O7mQWgF1YRc0],,1MNeXu0284O7mQWgF1YRc0,Breathe,876466,38500,0,2026-07-18T20:45:22.974241+00:00,Spotify web-player queryArtistOverview,undocumented read-only web-client endpoint
Breichiau Hir [6w8gBGhM600UpUlfHtrhWy],,6w8gBGhM600UpUlfHtrhWy,Breichiau Hir,700,1290,0,2026-07-18T20:45:22.974241+00:00,Spotify web-player queryArtistOverview,undocumented read-only web-client endpoint
Breton [38bfc5BSVq6sVAssDmdc8N],,38bfc5BSVq6sVAssDmdc8N,Breton,55107,29508,0,2026-07-18T20:45:22.974241+00:00,Spotify web-player queryArtistOverview,undocumented read-only web-client endpoint
Brian Poole & The Tremeloes [7oovWTnMtmERd4nCPjg4Pk],,7oovWTnMtmERd4nCPjg4Pk,Brian Poole & The Tremeloes,19693,18962,0,2026-07-18T20:45:22.974241+00:00,Spotify web-player queryArtistOverview,undocumented read-only web-client endpoint
Brigade [3Pe6cTeK4snv61bTeIZ3mN],,3Pe6cTeK4snv61bTeIZ3mN,Brigade,1153,2323,0,2026-07-18T20:45:22.974241+00:00,Spotify web-player queryArtistOverview,undocumented read-only web-client endpoint
Bright City [5hYRBkg6k7yq787YZedMaR],,5hYRBkg6k7yq787YZedMaR,Bright City,17796,14217,0,2026-07-18T20:45:22.974241+00:00,Spotify web-player queryArtistOverview,undocumented read-only web-client endpoint
Brilliant [1zQHBGx7G1qS2sjPLhk0tv],,1zQHBGx7G1qS2sjPLhk0tv,Brilliant,1089,959,0,2026-07-18T20:45:22.974241+00:00,Spotify web-player queryArtistOverview,undocumented read-only web-client endpoint
Bring Me the Horizon [1Ffb6ejR6Fe5IamqA5oRUF],,1Ffb6ejR6Fe5IamqA5oRUF,Bring Me The Horizon,13707032,7131475,0,2026-07-18T20:45:22.974241+00:00,Spotify web-player queryArtistOverview,undocumented read-only web-client endpoint
Brinsley Schwarz [722MDCdw3Ee4SdESC4uy38],,722MDCdw3Ee4SdESC4uy38,Brinsley Schwarz,19213,15487,0,2026-07-18T20:45:22.974241+00:00,Spotify web-player queryArtistOverview,undocumented read-only web-client endpoint
British Lion [5z5jrGRiONDfGvQydFriQh],,5z5jrGRiONDfGvQydFriQh,British Lion,7875,20715,0,2026-07-18T20:45:22.974241+00:00,Spotify web-player queryArtistOverview,undocumented read-only web-client endpoint
Britten Sinfonia [3P1VtkpIYbw6YoTo0KYlxy],,3P1VtkpIYbw6YoTo0KYlxy,Britten Sinfonia,81931,2465,0,2026-07-18T20:45:22.974241+00:00,Spotify web-player queryArtistOverview,undocumented read-only web-client endpoint
Brodsky Quartet [4H0zGQILA7vJKl0ot2OYBf],,4H0zGQILA7vJKl0ot2OYBf,Brodsky Quartet,46624,7254,0,2026-07-18T20:45:22.974241+00:00,Spotify web-player queryArtistOverview,undocumented read-only web-client endpoint
Broken English [1oXu5EcD1HrXjFtYJbUSsy],,1oXu5EcD1HrXjFtYJbUSsy,Broken English,10436,1985,0,2026-07-18T20:45:22.974241+00:00,Spotify web-player queryArtistOverview,undocumented read-only web-client endpoint
Bronski Beat [2wpWOzQE5TpA0dVnh5YD08],,2wpWOzQE5TpA0dVnh5YD08,Bronski Beat,9566679,730877,0,2026-07-18T20:45:22.974241+00:00,Spotify web-player queryArtistOverview,undocumented read-only web-client endpoint
Bros [2LKrAJVB1842xPDvx4uuwU],,2LKrAJVB1842xPDvx4uuwU,Bros,149817,83494,0,2026-07-18T20:45:22.974241+00:00,Spotify web-player queryArtistOverview,undocumented read-only web-client endpoint
Brother Beyond [6To7KuC86pBGCtkRUiq80O],,6To7KuC86pBGCtkRUiq80O,Brother Beyond,29759,27195,0,2026-07-18T20:45:22.974241+00:00,Spotify web-player queryArtistOverview,undocumented read-only web-client endpoint
Brotherhood of Man [4Cyr5aqgXza16isOrQNOvo],,4Cyr5aqgXza16isOrQNOvo,Brotherhood of Man,196558,61658,0,2026-07-18T20:45:22.974241+00:00,Spotify web-player queryArtistOverview,undocumented read-only web-client endpoint
Brothers in Rhythm [0f2HTJx4jowMoiHBH4GzdU],,0f2HTJx4jowMoiHBH4GzdU,Brothers In Rhythm,78778,8893,0,2026-07-18T20:45:22.974241+00:00,Spotify web-player queryArtistOverview,undocumented read-only web-client endpoint
Brutality Will Prevail [3Lrq7jnwOegUxvOYbd49fw],,3Lrq7jnwOegUxvOYbd49fw,Brutality Will Prevail,4493,16640,0,2026-07-18T20:45:22.974241+00:00,Spotify web-player queryArtistOverview,undocumented read-only web-client endpoint
Bucks Fizz [5ZfzzHE7rxONfoksJsLXrX],,5ZfzzHE7rxONfoksJsLXrX,Bucks Fizz,252247,70385,0,2026-07-18T20:45:22.974241+00:00,Spotify web-player queryArtistOverview,undocumented read-only web-client endpoint
Budapest [5YlxkQVXVioESz27HnltnS],,5YlxkQVXVioESz27HnltnS,Budapest,3442,1088,0,2026-07-18T20:45:22.974241+00:00,Spotify web-player queryArtistOverview,undocumented read-only web-client endpoint
Budgie [42RbQv212uOjyfIXECLKfR],,42RbQv212uOjyfIXECLKfR,Budgie,102853,94464,0,2026-07-18T20:45:22.974241+00:00,Spotify web-player queryArtistOverview,undocumented read-only web-client endpoint
Bullet for My Valentine [7iWiAD5LLKyiox2grgfmUT],,7iWiAD5LLKyiox2grgfmUT,Bullet For My Valentine,5036374,3716305,0,2026-07-18T20:45:22.974241+00:00,Spotify web-player queryArtistOverview,undocumented read-only web-client endpoint
Bury Tomorrow [6BD4lgmnh4vy6kkCaZRDWt],,6BD4lgmnh4vy6kkCaZRDWt,Bury Tomorrow,497979,357588,0,2026-07-18T20:45:22.974241+00:00,Spotify web-player queryArtistOverview,undocumented read-only web-client endpoint
Bush [78SHxLdtysAXgywQ4vE0Oa],,78SHxLdtysAXgywQ4vE0Oa,Bush,5127264,2264067,0,2026-07-18T20:45:22.974241+00:00,Spotify web-player queryArtistOverview,undocumented read-only web-client endpoint
Busted [3Z6IRCo7umuk8K2XQy0ZDj],,3Z6IRCo7umuk8K2XQy0ZDj,Busted,1009124,307292,0,2026-07-18T20:45:22.974241+00:00,Spotify web-player queryArtistOverview,undocumented read-only web-client endpoint
Buzzard Buzzard Buzzard [69ilUSFj31FA2iLHtegRwi],,69ilUSFj31FA2iLHtegRwi,Buzzard Buzzard Buzzard,5470,12430,0,2026-07-18T20:45:22.974241+00:00,Spotify web-player queryArtistOverview,undocumented read-only web-client endpoint
Buzzcocks [2DxlS3lTLFIq70S7ap5H3y],,2DxlS3lTLFIq70S7ap5H3y,Buzzcocks,638182,490422,0,2026-07-18T20:45:22.974241+00:00,Spotify web-player queryArtistOverview,undocumented read-only web-client endpoint
Bôa [5jTtGLk1mGFMY5lQOvJYUj],,5jTtGLk1mGFMY5lQOvJYUj,bôa,11444869,1380058,0,2026-07-18T20:45:22.974241+00:00,Spotify web-player queryArtistOverview,undocumented read-only web-client endpoint
CCS [4Oty2fHJ2Rxddh9trZEOJh],,4Oty2fHJ2Rxddh9trZEOJh,C.C.S.,13688,4200,0,2026-07-18T20:45:22.974241+00:00,Spotify web-player queryArtistOverview,undocumented read-only web-client endpoint
Cable [6VA4NhJstBKfMW49xVlNml],,6VA4NhJstBKfMW49xVlNml,Cable,730,1254,0,2026-07-18T20:45:22.974241+00:00,Spotify web-player queryArtistOverview,undocumented read-only web-client endpoint
Calva Louise [02nZLQtQ4vL5iHyp6atBrh],,02nZLQtQ4vL5iHyp6atBrh,Calva Louise,155471,88942,0,2026-07-18T20:45:22.974241+00:00,Spotify web-player queryArtistOverview,undocumented read-only web-client endpoint
Camel [3Uz6jx81OY2J5K8Z4wmy2P],,3Uz6jx81OY2J5K8Z4wmy2P,Camel,305476,441790,0,2026-07-18T20:45:22.974241+00:00,Spotify web-player queryArtistOverview,undocumented read-only web-client endpoint
CamelPhat [240wlM8vDrf6S4zCyzGj2W],,240wlM8vDrf6S4zCyzGj2W,CamelPhat,6543464,572358,0,2026-07-18T20:45:22.974241+00:00,Spotify web-player queryArtistOverview,undocumented read-only web-client endpoint
Camera Obscura [5gInJ5P5gQnOKPM3SUEVFt],,5gInJ5P5gQnOKPM3SUEVFt,Camera Obscura,295126,206573,0,2026-07-18T20:45:22.974241+00:00,Spotify web-player queryArtistOverview,undocumented read-only web-client endpoint
Campag Velocet [2p7NJsOsFQ4h2UpXVn0c4i],,2p7NJsOsFQ4h2UpXVn0c4i,Campag Velocet,921,1643,0,2026-07-18T20:45:22.974241+00:00,Spotify web-player queryArtistOverview,undocumented read-only web-client endpoint
Cancer [3AHeQk97Bdz43qM7GMlXL8],,3AHeQk97Bdz43qM7GMlXL8,Cancer,24206,49440,0,2026-07-18T20:45:22.974241+00:00,Spotify web-player queryArtistOverview,undocumented read-only web-client endpoint
Carcass [5lhaM01nwvsMZpmPY2HVER],,5lhaM01nwvsMZpmPY2HVER,Carcass,303826,495994,0,2026-07-18T20:45:22.974241+00:00,Spotify web-player queryArtistOverview,undocumented read-only web-client endpoint
Caretaker [3ShPt4GcjgF96TsgEIfL05],,3ShPt4GcjgF96TsgEIfL05,Caretaker,67,1244,0,2026-07-18T20:45:22.974241+00:00,Spotify web-player queryArtistOverview,undocumented read-only web-client endpoint
Carmel [3uDjQUKw2WHSYtZcz2xjDo],,3uDjQUKw2WHSYtZcz2xjDo,Carmel,25144,7777,0,2026-07-18T20:45:22.974241+00:00,Spotify web-player queryArtistOverview,undocumented read-only web-client endpoint
Carnival Collective [3oRdM0cWjEGVIiImUHuYvh],,3oRdM0cWjEGVIiImUHuYvh,Carnival Collective,70,355,0,2026-07-18T20:45:22.974241+00:00,Spotify web-player queryArtistOverview,undocumented read-only web-client endpoint
Carter the Unstoppable Sex Machine [5RFBPz01PqvSQ1QhEgaxOp],,5RFBPz01PqvSQ1QhEgaxOp,Carter The Unstoppable Sex Machine,60865,51170,0,2026-07-18T20:45:22.974241+00:00,Spotify web-player queryArtistOverview,undocumented read-only web-client endpoint
Casino [5s8cz7EW4SrDCfBmAXiHhW],,5s8cz7EW4SrDCfBmAXiHhW,Casino,211,279,0,2026-07-18T20:45:22.974241+00:00,Spotify web-player queryArtistOverview,undocumented read-only web-client endpoint
Caskets [2XIbOWDT5vZPW7jNyzdfcK],,2XIbOWDT5vZPW7jNyzdfcK,Caskets,1063882,255906,0,2026-07-18T20:45:22.974241+00:00,Spotify web-player queryArtistOverview,undocumented read-only web-client endpoint
Cassia [2413I9w4sRbBz4zi5zgwjX],,2413I9w4sRbBz4zi5zgwjX,Cassia,377418,69239,0,2026-07-18T20:45:22.974241+00:00,Spotify web-player queryArtistOverview,undocumented read-only web-client endpoint
Cast [0vBDEQ1aLZpe4zgn2fPH6Z],,0vBDEQ1aLZpe4zgn2fPH6Z,Cast,381917,183638,0,2026-07-18T20:45:22.974241+00:00,Spotify web-player queryArtistOverview,undocumented read-only web-client endpoint
Catatonia [4Bgfzia8wyaGaTn42egzTv],,4Bgfzia8wyaGaTn42egzTv,Catatonia,301265,90480,0,2026-07-18T20:45:22.974241+00:00,Spotify web-player queryArtistOverview,undocumented read-only web-client endpoint
Catfish and the Bottlemen [2xaAOVImG2O6lURwqperlD],,2xaAOVImG2O6lURwqperlD,Catfish and the Bottlemen,2164420,1222331,0,2026-07-18T20:45:22.974241+00:00,Spotify web-player queryArtistOverview,undocumented read-only web-client endpoint
Cathedral [5O7ziOtiFUyRMBJN1J4Tpv],,5O7ziOtiFUyRMBJN1J4Tpv,Cathedral,42528,96540,0,2026-07-18T20:45:22.974241+00:00,Spotify web-player queryArtistOverview,undocumented read-only web-client endpoint
Catherine Wheel [1QPWAsWIjRcTfvY5uH8dov],,1QPWAsWIjRcTfvY5uH8dov,Catherine Wheel,119190,81520,0,2026-07-18T20:45:22.974241+00:00,Spotify web-player queryArtistOverview,undocumented read-only web-client endpoint
Cecil [3IXZycTIchNkpYVBzPBfLN],,3IXZycTIchNkpYVBzPBfLN,Cecil,396,740,0,2026-07-18T20:45:22.974241+00:00,Spotify web-player queryArtistOverview,undocumented read-only web-client endpoint
Cerebral Bore [0bamlDtTg8xXwgG4nd59bg],,0bamlDtTg8xXwgG4nd59bg,Cerebral Bore,5293,27090,0,2026-07-18T20:45:22.974241+00:00,Spotify web-player queryArtistOverview,undocumented read-only web-client endpoint
Chas & Dave [38unGip4o3KhMfqHdHWB7K],,38unGip4o3KhMfqHdHWB7K,Chas & Dave,125459,34026,0,2026-07-18T20:45:22.974241+00:00,Spotify web-player queryArtistOverview,undocumented read-only web-client endpoint
Chase & Status [3jNkaOXasoc7RsxdchvEVq],,3jNkaOXasoc7RsxdchvEVq,Chase & Status,4913546,1285130,0,2026-07-18T20:45:22.974241+00:00,Spotify web-player queryArtistOverview,undocumented read-only web-client endpoint
Chasing the Monsoon [3ej2J99HZ72b1tLf8eqldI],,3ej2J99HZ72b1tLf8eqldI,Chasing The Monsoon,302,773,0,2026-07-18T20:45:22.974241+00:00,Spotify web-player queryArtistOverview,undocumented read-only web-client endpoint
Chateaux [2mL98EiVpADDYppobjKeJ7],,2mL98EiVpADDYppobjKeJ7,Chateaux,1611,6582,0,2026-07-18T20:45:22.974241+00:00,Spotify web-player queryArtistOverview,undocumented read-only web-client endpoint
Chiaroscuro Quartet [44OI3dxqpuNOwsHyCSOqBb],,44OI3dxqpuNOwsHyCSOqBb,Chiaroscuro Quartet,1391,3303,0,2026-07-18T20:45:22.974241+00:00,Spotify web-player queryArtistOverview,undocumented read-only web-client endpoint
Chicken Shack [7aUVQRiWaOqZU0JwOlGfWi],,7aUVQRiWaOqZU0JwOlGfWi,Chicken Shack,72185,49482,0,2026-07-18T20:45:22.974241+00:00,Spotify web-player queryArtistOverview,undocumented read-only web-client endpoint
Chikinki [26mlmvJxHPh7B0iBEDO6Gm],,26mlmvJxHPh7B0iBEDO6Gm,Chikinki,1276,2770,0,2026-07-18T20:45:22.974241+00:00,Spotify web-player queryArtistOverview,undocumented read-only web-client endpoint
Childhood [3U09GBaLizWYmJGOPlPXra],,3U09GBaLizWYmJGOPlPXra,Childhood,15098,17759,0,2026-07-18T20:45:22.974241+00:00,Spotify web-player queryArtistOverview,undocumented read-only web-client endpoint
Chilingirian Quartet [1LWQhhpQjclzVZ8QZUx9MZ],,31Q9Bw9JjyG9ySC2d0aZa2,Chilingirian Quartet,6518,1099,0,2026-07-18T20:45:22.974241+00:00,Spotify web-player queryArtistOverview,undocumented read-only web-client endpoint
China Crisis [0WUphJOGHE5i95IeR87hsO],,0WUphJOGHE5i95IeR87hsO,China Crisis,306242,149310,0,2026-07-18T20:45:22.974241+00:00,Spotify web-player queryArtistOverview,undocumented read-only web-client endpoint
China Drum [3q9WtkoLUpwoCmS4k38xVW],,3q9WtkoLUpwoCmS4k38xVW,China Drum,3385,4275,0,2026-07-18T20:45:22.974241+00:00,Spotify web-player queryArtistOverview,undocumented read-only web-client endpoint
Chris Barber's Jazz Band [0VPmURuvBGB1PER2fQBy6V],,0VPmURuvBGB1PER2fQBy6V,Chris Barber Jazz Band,524,2086,0,2026-07-18T20:45:22.974241+00:00,Spotify web-player queryArtistOverview,undocumented read-only web-client endpoint
Chris Barber's Jazz Band [48CW1rjPSOgZbMsV4LpqoP],,48CW1rjPSOgZbMsV4LpqoP,Chris Barber's Jazz Band,110937,11455,0,2026-07-18T20:45:22.974241+00:00,Spotify web-player queryArtistOverview,undocumented read-only web-client endpoint
Chumbawamba [0TcYeHEK9sBtv7xPbKhzHz],,0TcYeHEK9sBtv7xPbKhzHz,Chumbawamba,4700579,225650,0,2026-07-18T20:45:22.974241+00:00,Spotify web-player queryArtistOverview,undocumented read-only web-client endpoint
Church of the Cosmic Skull [3KY6i8EJac9URU9OeC1n89],,3KY6i8EJac9URU9OeC1n89,Church of the Cosmic Skull,26393,50841,0,2026-07-18T20:45:22.974241+00:00,Spotify web-player queryArtistOverview,undocumented read-only web-client endpoint
Chvrches [3CjlHNtplJyTf9npxaPl5w],,3CjlHNtplJyTf9npxaPl5w,CHVRCHES,4152413,1434807,0,2026-07-18T20:45:22.974241+00:00,Spotify web-player queryArtistOverview,undocumented read-only web-client endpoint
Ciel [419lBVMZC4wFzJg8evBZ4g],,419lBVMZC4wFzJg8evBZ4g,CIEL,28366,8575,0,2026-07-18T20:45:22.974241+00:00,Spotify web-player queryArtistOverview,undocumented read-only web-client endpoint
Cinerama [70Yc3h8nqnLWI7DgytZ6oM],,70Yc3h8nqnLWI7DgytZ6oM,Cinerama,5430,8938,0,2026-07-18T20:45:22.974241+00:00,Spotify web-player queryArtistOverview,undocumented read-only web-client endpoint
Cinnamon Chasers [3q7uty73JMtjzCSJdGQD7B],,3q7uty73JMtjzCSJdGQD7B,Cinnamon Chasers,269301,52546,0,2026-07-18T20:45:22.974241+00:00,Spotify web-player queryArtistOverview,undocumented read-only web-client endpoint
Circa Waves [6hl5k4gLl1p3sjhHcb57t2],,6hl5k4gLl1p3sjhHcb57t2,Circa Waves,708315,319278,0,2026-07-18T20:45:22.974241+00:00,Spotify web-player queryArtistOverview,undocumented read-only web-client endpoint
City of Birmingham Symphony Orchestra [6wuudWq7XpVutoFp4bsVDo],,6wuudWq7XpVutoFp4bsVDo,City Of Birmingham Symphony Orchestra,209101,12720,0,2026-07-18T20:45:22.974241+00:00,Spotify web-player queryArtistOverview,undocumented read-only web-client endpoint
City of London Sinfonia [4JKHXlntTvmZnLxjbeRcPL],,4JKHXlntTvmZnLxjbeRcPL,City of London Sinfonia,190860,4379,0,2026-07-18T20:45:22.974241+00:00,Spotify web-player queryArtistOverview,undocumented read-only web-client endpoint
Classix Nouveaux [40PsC6cWe7ZQdOUTqF5JgD],,40PsC6cWe7ZQdOUTqF5JgD,Classix Nouveaux,34070,31887,0,2026-07-18T20:45:22.974241+00:00,Spotify web-player queryArtistOverview,undocumented read-only web-client endpoint
Clean Bandit [6MDME20pz9RveH9rEXvrOM],,6MDME20pz9RveH9rEXvrOM,Clean Bandit,35453400,6321202,156,2026-07-18T20:45:22.974241+00:00,Spotify web-player queryArtistOverview,undocumented read-only web-client endpoint
Cleopatra [7mu52yh5bBhhJOyVndAEZW],,7mu52yh5bBhhJOyVndAEZW,Cleopatra,31723,33076,0,2026-07-18T20:45:22.974241+00:00,Spotify web-player queryArtistOverview,undocumented read-only web-client endpoint
Cliff Richard & The Shadows [4IdvJZeciaa37wYr2qBpjm],,4IdvJZeciaa37wYr2qBpjm,Cliff Richard & The Shadows,303431,118840,0,2026-07-18T20:45:22.974241+00:00,Spotify web-player queryArtistOverview,undocumented read-only web-client endpoint
Climax Blues Band [4eeRviM714mXXeILmKHxh2],,4eeRviM714mXXeILmKHxh2,Climax Blues Band,545160,127118,0,2026-07-18T20:45:22.974241+00:00,Spotify web-player queryArtistOverview,undocumented read-only web-client endpoint
Climie Fisher [3bpvhFSIErguVNQUiutctF],,3bpvhFSIErguVNQUiutctF,Climie Fisher,814321,91736,0,2026-07-18T20:45:22.974241+00:00,Spotify web-player queryArtistOverview,undocumented read-only web-client endpoint
Clinic [7icDkrFloDss50hoqQ3Kkj],,7icDkrFloDss50hoqQ3Kkj,Clinic,66575,54069,0,2026-07-18T20:45:22.974241+00:00,Spotify web-player queryArtistOverview,undocumented read-only web-client endpoint
Close Lobsters [6v8lYzIVcmeuPkoobFl7Dx],,6v8lYzIVcmeuPkoobFl7Dx,Close Lobsters,27169,13959,0,2026-07-18T20:45:22.974241+00:00,Spotify web-player queryArtistOverview,undocumented read-only web-client endpoint
Cloven Hoof [3OD7fkHK24rI5G6yoaHzmw],,3OD7fkHK24rI5G6yoaHzmw,Cloven Hoof,9159,27074,0,2026-07-18T20:45:22.974241+00:00,Spotify web-player queryArtistOverview,undocumented read-only web-client endpoint
Coach Party [4trP4C2bZ0TqMUxw0tLRAZ],,4trP4C2bZ0TqMUxw0tLRAZ,Coach Party,65798,23297,0,2026-07-18T20:45:22.974241+00:00,Spotify web-player queryArtistOverview,undocumented read-only web-client endpoint
Cock Sparrer [4NPManowiyiGa72hezruf2],,4NPManowiyiGa72hezruf2,Cock Sparrer,166468,137956,0,2026-07-18T20:45:22.974241+00:00,Spotify web-player queryArtistOverview,undocumented read-only web-client endpoint
Cockney Rejects [4EfSXeVFbCEYIde3E9k4wr],,4EfSXeVFbCEYIde3E9k4wr,Cockney Rejects,63708,81884,0,2026-07-18T20:45:22.974241+00:00,Spotify web-player queryArtistOverview,undocumented read-only web-client endpoint
Cocoa Futures [06wSoowaQECM5FhKiLIXeJ],,06wSoowaQECM5FhKiLIXeJ,Cocoa Futures,8,225,0,2026-07-18T20:45:22.974241+00:00,Spotify web-player queryArtistOverview,undocumented read-only web-client endpoint
Cocteau Twins [5Wabl1lPdNOeIn0SQ5A1mp],,5Wabl1lPdNOeIn0SQ5A1mp,Cocteau Twins,5124023,1683661,0,2026-07-18T20:45:22.974241+00:00,Spotify web-player queryArtistOverview,undocumented read-only web-client endpoint
Coil [37KB5e6cGsN1AQAB9Omm1U],,37KB5e6cGsN1AQAB9Omm1U,Coil,60925,118774,0,2026-07-18T20:45:22.974241+00:00,Spotify web-player queryArtistOverview,undocumented read-only web-client endpoint
Coldcut [5wnhqlZzXIq8aO9awQO2ND],,5wnhqlZzXIq8aO9awQO2ND,Coldcut,214514,66493,0,2026-07-18T20:45:22.974241+00:00,Spotify web-player queryArtistOverview,undocumented read-only web-client endpoint
Coldplay [4gzpq5DPGxSnKTe4SA8HAU],,4gzpq5DPGxSnKTe4SA8HAU,Coldplay,92034104,64732379,11,2026-07-18T20:45:22.974241+00:00,Spotify web-player queryArtistOverview,undocumented read-only web-client endpoint
Collapsed Lung [6sizjS3o8Ph8LoA8WzpXGY],,6sizjS3o8Ph8LoA8WzpXGY,Collapsed Lung,105834,918,0,2026-07-18T20:45:22.974241+00:00,Spotify web-player queryArtistOverview,undocumented read-only web-client endpoint
Colosseum II [6tjM2RlfxwTwMcVNNpPefC],,6tjM2RlfxwTwMcVNNpPefC,Colosseum II,2585,10829,0,2026-07-18T20:45:22.974241+00:00,Spotify web-player queryArtistOverview,undocumented read-only web-client endpoint
Colosseum [7zSHQFzTnqpcbrmroB7bvM],,7zSHQFzTnqpcbrmroB7bvM,Colosseum,15243,30015,0,2026-07-18T20:45:22.974241+00:00,Spotify web-player queryArtistOverview,undocumented read-only web-client endpoint
Colours of One [0JLdqnyAeOFyVSuhiwZYM3],,0JLdqnyAeOFyVSuhiwZYM3,Colours Of One,383,1313,0,2026-07-18T20:45:22.974241+00:00,Spotify web-player queryArtistOverview,undocumented read-only web-client endpoint
Comet Gain [1QFSWSYQpinYxsaAMG8jF2],,1QFSWSYQpinYxsaAMG8jF2,Comet Gain,3578,7571,0,2026-07-18T20:45:22.974241+00:00,Spotify web-player queryArtistOverview,undocumented read-only web-client endpoint
Conan [11tiA94VlUZOUTVCdQYw3a],,11tiA94VlUZOUTVCdQYw3a,Conan,45815,82354,0,2026-07-18T20:45:22.974241+00:00,Spotify web-player queryArtistOverview,undocumented read-only web-client endpoint
Cook da Books [59VqwKtnkmMOdYKYRxO5Td],,59VqwKtnkmMOdYKYRxO5Td,Cook da Books,92697,2321,0,2026-07-18T20:45:22.974241+00:00,Spotify web-player queryArtistOverview,undocumented read-only web-client endpoint
Cornershop [3Kf7VEIRWquxrNIuyJZnfF],,3Kf7VEIRWquxrNIuyJZnfF,Cornershop,920853,85161,0,2026-07-18T20:45:22.974241+00:00,Spotify web-player queryArtistOverview,undocumented read-only web-client endpoint
Courteeners [1NfJU4hy56Z4UM4iyIa1B2],,1NfJU4hy56Z4UM4iyIa1B2,Courteeners,819255,366021,0,2026-07-18T20:45:22.974241+00:00,Spotify web-player queryArtistOverview,undocumented read-only web-client endpoint
Coverdale and Page [4jBSa0eitusIKxQHjAgsyd],,4jBSa0eitusIKxQHjAgsyd,Coverdale/Page,35540,90121,0,2026-07-18T20:45:22.974241+00:00,Spotify web-player queryArtistOverview,undocumented read-only web-client endpoint
Cradle of Filth [0NTSMFFapnyZfvmCwzcYPd],,0NTSMFFapnyZfvmCwzcYPd,Cradle Of Filth,484589,676119,0,2026-07-18T20:45:22.974241+00:00,Spotify web-player queryArtistOverview,undocumented read-only web-client endpoint
Crazyhead [3gGaQo8fmPTSYUtiwwaBCF],,3gGaQo8fmPTSYUtiwwaBCF,Crazyhead,834,1168,0,2026-07-18T20:45:22.974241+00:00,Spotify web-player queryArtistOverview,undocumented read-only web-client endpoint
Cream [74oJ4qxwOZvX6oSsu1DGnw],,74oJ4qxwOZvX6oSsu1DGnw,Cream,4518268,2788886,0,2026-07-18T20:45:22.974241+00:00,Spotify web-player queryArtistOverview,undocumented read-only web-client endpoint
Creeper [0nV7SiEIVtPLTSJ6NwWDGj],,0nV7SiEIVtPLTSJ6NwWDGj,Creeper,98969,102884,0,2026-07-18T20:45:22.974241+00:00,Spotify web-player queryArtistOverview,undocumented read-only web-client endpoint
Crimson Tears [0fzJuzQKr5F2D8jivsrh2O],,0fzJuzQKr5F2D8jivsrh2O,Crimson Tears,70,263,0,2026-07-18T20:45:22.974241+00:00,Spotify web-player queryArtistOverview,undocumented read-only web-client endpoint
Crippled Black Phoenix [6WEyPcf9ezhNLm1xOBjbwH],,6WEyPcf9ezhNLm1xOBjbwH,Crippled Black Phoenix,55554,74210,0,2026-07-18T20:45:22.974241+00:00,Spotify web-player queryArtistOverview,undocumented read-only web-client endpoint
Cristobal and the Sea [2T0h92MmVmgZc3yqRnlAdd],,2T0h92MmVmgZc3yqRnlAdd,Cristobal And The Sea,690,2172,0,2026-07-18T20:45:22.974241+00:00,Spotify web-player queryArtistOverview,undocumented read-only web-client endpoint
Cruciamentum [4cM4Vlx41zMs5lLQcSFlTy],,4cM4Vlx41zMs5lLQcSFlTy,Cruciamentum,369,16471,0,2026-07-18T20:45:22.974241+00:00,Spotify web-player queryArtistOverview,undocumented read-only web-client endpoint
Crucifixion [4nk1qC7L5a3a5QC7IXacRr],,4nk1qC7L5a3a5QC7IXacRr,Crucifixion,1206,3034,0,2026-07-18T20:45:22.974241+00:00,Spotify web-player queryArtistOverview,undocumented read-only web-client endpoint
Cruel Youth [4YrURxtCHtPBfNDmMNp7IG],,4YrURxtCHtPBfNDmMNp7IG,Cruel Youth,89434,148564,0,2026-07-18T20:45:22.974241+00:00,Spotify web-player queryArtistOverview,undocumented read-only web-client endpoint
Crystal Fighters [75EZuo5MHV2572NRpMWotC],,75EZuo5MHV2572NRpMWotC,Crystal Fighters,846287,356161,0,2026-07-18T20:45:22.974241+00:00,Spotify web-player queryArtistOverview,undocumented read-only web-client endpoint
Cud [6kKfc2LmGIhmARkBTyWhQE],,6kKfc2LmGIhmARkBTyWhQE,Cud,6875,9780,0,2026-07-18T20:45:22.974241+00:00,Spotify web-player queryArtistOverview,undocumented read-only web-client endpoint
Culture Club [6kz53iCdBSqhQCZ21CoLcc],,6kz53iCdBSqhQCZ21CoLcc,Culture Club,7076755,1913999,0,2026-07-18T20:45:22.974241+00:00,Spotify web-player queryArtistOverview,undocumented read-only web-client endpoint
Current 93 [7vF3DcPluq6lZI36VniagW],,7vF3DcPluq6lZI36VniagW,Current 93,33791,83424,0,2026-07-18T20:45:22.974241+00:00,Spotify web-player queryArtistOverview,undocumented read-only web-client endpoint
Curse of Lono [6pM5NZalHT5nD9vDEz2Ukx],,6pM5NZalHT5nD9vDEz2Ukx,Curse of Lono,74421,8834,0,2026-07-18T20:45:22.974241+00:00,Spotify web-player queryArtistOverview,undocumented read-only web-client endpoint
CuteBad [09FEhj90tAtYK9WDdWfgeP],,09FEhj90tAtYK9WDdWfgeP,CuteBad,3560,5144,0,2026-07-18T20:45:22.974241+00:00,Spotify web-player queryArtistOverview,undocumented read-only web-client endpoint
Cutting Crew [3cniTumSiUysiPWXapGx1i],,3cniTumSiUysiPWXapGx1i,Cutting Crew,10972839,628518,0,2026-07-18T20:45:22.974241+00:00,Spotify web-player queryArtistOverview,undocumented read-only web-client endpoint
Cwlwm [1FVNQISDG2vL2NkgdrDXMm],,1FVNQISDG2vL2NkgdrDXMm,Cwlwm,93,108,0,2026-07-18T20:45:22.974241+00:00,Spotify web-player queryArtistOverview,undocumented read-only web-client endpoint
D*Minds [6hlQVaiKiA8Y9K12cTQPrF],,6hlQVaiKiA8Y9K12cTQPrF,D*Minds,44572,4577,0,2026-07-18T20:45:22.974241+00:00,Spotify web-player queryArtistOverview,undocumented read-only web-client endpoint
D-Block Europe [5VadK1havLhK1OpKYsXv9y],,5VadK1havLhK1OpKYsXv9y,D-Block Europe,8351560,1930307,0,2026-07-18T20:45:22.974241+00:00,Spotify web-player queryArtistOverview,undocumented read-only web-client endpoint
DC Breaks [4D5VLxuFvZ058Z5S8YmE47],,4D5VLxuFvZ058Z5S8YmE47,DC Breaks,57873,47001,0,2026-07-18T20:45:22.974241+00:00,Spotify web-player queryArtistOverview,undocumented read-only web-client endpoint
DJ Food [4NZM5xKuDpGc4vEHDwGO1Q],,4NZM5xKuDpGc4vEHDwGO1Q,DJ Food,60881,53172,0,2026-07-18T20:45:22.974241+00:00,Spotify web-player queryArtistOverview,undocumented read-only web-client endpoint
DNA [2rGm8R7YDTbqDCVlNssQyL],,2rGm8R7YDTbqDCVlNssQyL,DNA,2774617,18304,0,2026-07-18T20:45:22.974241+00:00,Spotify web-player queryArtistOverview,undocumented read-only web-client endpoint
Daisy Chainsaw [2sGpRM8iXKKSYY5ctemKSR],,2sGpRM8iXKKSYY5ctemKSR,Daisy Chainsaw,14177,37440,0,2026-07-18T20:45:22.974241+00:00,Spotify web-player queryArtistOverview,undocumented read-only web-client endpoint
Damage [6Pwy6Wat9hp8g83y6gih5g],,6Pwy6Wat9hp8g83y6gih5g,Damage,294456,21732,0,2026-07-18T20:45:22.974241+00:00,Spotify web-player queryArtistOverview,undocumented read-only web-client endpoint
Danny Wilson [2qsc1hUhG2UrNZhByveJ6x],,2qsc1hUhG2UrNZhByveJ6x,Danny Wilson,260573,29191,0,2026-07-18T20:45:22.974241+00:00,Spotify web-player queryArtistOverview,undocumented read-only web-client endpoint
Dario G [3Eo78i1MPfle0XVjMvia8A],,3Eo78i1MPfle0XVjMvia8A,Dario G,1447823,37747,0,2026-07-18T20:45:22.974241+00:00,Spotify web-player queryArtistOverview,undocumented read-only web-client endpoint
Darkstar [45ALMSzoLNFkaYxyhS4QZ1],,45ALMSzoLNFkaYxyhS4QZ1,Darkstar,18836,31335,0,2026-07-18T20:45:22.974241+00:00,Spotify web-player queryArtistOverview,undocumented read-only web-client endpoint
Daughter [46CitWgnWrvF9t70C2p1Me],,46CitWgnWrvF9t70C2p1Me,Daughter,2134237,1446477,0,2026-07-18T20:45:22.974241+00:00,Spotify web-player queryArtistOverview,undocumented read-only web-client endpoint
Dave & Toni Arthur [2MIaJ1iL9eN8r80eIUBPoC],,2MIaJ1iL9eN8r80eIUBPoC,Dave & Toni Arthur,191,410,0,2026-07-18T20:45:22.974241+00:00,Spotify web-player queryArtistOverview,undocumented read-only web-client endpoint
Dave Stewart and the Spiritual Cowboys [3i6Cbev42CCKXedtJFS3At],,3i6Cbev42CCKXedtJFS3At,Dave Stewart and the Spiritual Cowboys,371,266,0,2026-07-18T20:45:22.974241+00:00,Spotify web-player queryArtistOverview,undocumented read-only web-client endpoint
Dave Stewart and the Spiritual Cowboys [5pLzWFCgBDnpTI5wrNpyWM],,5pLzWFCgBDnpTI5wrNpyWM,The Spiritual Cowboys,2547,776,0,2026-07-18T20:45:22.974241+00:00,Spotify web-player queryArtistOverview,undocumented read-only web-client endpoint
Deacon Blue [5jqKIZLB5WA5KquEihB3ND],,5jqKIZLB5WA5KquEihB3ND,Deacon Blue,612759,256096,0,2026-07-18T20:45:22.974241+00:00,Spotify web-player queryArtistOverview,undocumented read-only web-client endpoint
Dead Melodies [34dfHqxGTjPV0tY4sHfHxu],,34dfHqxGTjPV0tY4sHfHxu,Dead Melodies,21093,8807,0,2026-07-18T20:45:22.974241+00:00,Spotify web-player queryArtistOverview,undocumented read-only web-client endpoint
Dead Pony [3lGO6uBIzoFyU6OoGMER1B],,3lGO6uBIzoFyU6OoGMER1B,Dead Pony,158291,55682,0,2026-07-18T20:45:22.974241+00:00,Spotify web-player queryArtistOverview,undocumented read-only web-client endpoint
Dead or Alive [5WWSL6rElJeUk3Uc1S2RyD],,5WWSL6rElJeUk3Uc1S2RyD,Dead Or Alive,3275455,490402,0,2026-07-18T20:45:22.974241+00:00,Spotify web-player queryArtistOverview,undocumented read-only web-client endpoint
Deadline [6a676Ei9TOBZszNlkU81Q0],,6a676Ei9TOBZszNlkU81Q0,Deadline,21,1027,0,2026-07-18T20:45:22.974241+00:00,Spotify web-player queryArtistOverview,undocumented read-only web-client endpoint
Deadly circus fire [4IROpspOAvIZu2if8IS5z5],,4IROpspOAvIZu2if8IS5z5,Deadly Circus Fire,4210,7015,0,2026-07-18T20:45:22.974241+00:00,Spotify web-player queryArtistOverview,undocumented read-only web-client endpoint
Deaf Havana [0exhrQcReCdr11oPbOh22M],,0exhrQcReCdr11oPbOh22M,Deaf Havana,155196,127338,0,2026-07-18T20:45:22.974241+00:00,Spotify web-player queryArtistOverview,undocumented read-only web-client endpoint
DearALICE [1pMIULCflTFyzyv5vT1OzU],,1pMIULCflTFyzyv5vT1OzU,dearALICE,31267,28780,0,2026-07-18T20:45:22.974241+00:00,Spotify web-player queryArtistOverview,undocumented read-only web-client endpoint
Death in June [68wK3u9MnoZj5fFOFNTfwy],,68wK3u9MnoZj5fFOFNTfwy,Death In June,95529,134609,0,2026-07-18T20:45:22.974241+00:00,Spotify web-player queryArtistOverview,undocumented read-only web-client endpoint
Death of Guitar Pop [6fD5uxjcSC0aF0FO61e5id],,6fD5uxjcSC0aF0FO61e5id,Death Of Guitar Pop,68122,16112,0,2026-07-18T20:45:22.974241+00:00,Spotify web-player queryArtistOverview,undocumented read-only web-client endpoint
December 10 [3QvfzWcCo67s7bhOYEz5Tr],,3QvfzWcCo67s7bhOYEz5Tr,December 10,474904,104735,0,2026-07-18T20:45:22.974241+00:00,Spotify web-player queryArtistOverview,undocumented read-only web-client endpoint
Declan Welsh & The Decadent West [6KNqvxgfYVRSzgAE1j2UT5],,6KNqvxgfYVRSzgAE1j2UT5,Declan Welsh and The Decadent West,51958,28947,0,2026-07-18T20:45:22.974241+00:00,Spotify web-player queryArtistOverview,undocumented read-only web-client endpoint
Deep Cut [69qvm3ER5sX2cMpO0yWd3L],,69qvm3ER5sX2cMpO0yWd3L,Deep Cut,130,453,0,2026-07-18T20:45:22.974241+00:00,Spotify web-player queryArtistOverview,undocumented read-only web-client endpoint
Deep Purple [568ZhdwyaiCyOGJRtNYhWf],,568ZhdwyaiCyOGJRtNYhWf,Deep Purple,6998809,6229490,0,2026-07-18T20:45:22.974241+00:00,Spotify web-player queryArtistOverview,undocumented read-only web-client endpoint
Def Leppard [6H1RjVyNruCmrBEWRbD0VZ],,6H1RjVyNruCmrBEWRbD0VZ,Def Leppard,10792689,6056540,0,2026-07-18T20:45:22.974241+00:00,Spotify web-player queryArtistOverview,undocumented read-only web-client endpoint
Del Amitri [2Q4FnG5T6NTUcAAZwuMV5K],,2Q4FnG5T6NTUcAAZwuMV5K,Del Amitri,827530,117032,0,2026-07-18T20:45:22.974241+00:00,Spotify web-player queryArtistOverview,undocumented read-only web-client endpoint
Deller Consort [3GIgkzvdc1l9dMzlhsnuZV],,3GIgkzvdc1l9dMzlhsnuZV,The Deller Consort,5169,1066,0,2026-07-18T20:45:22.974241+00:00,Spotify web-player queryArtistOverview,undocumented read-only web-client endpoint
Delta 5 [2qe52cWdi4IRtgg14CLInb],,2qe52cWdi4IRtgg14CLInb,Delta 5,68871,43118,0,2026-07-18T20:45:22.974241+00:00,Spotify web-player queryArtistOverview,undocumented read-only web-client endpoint
Delta Deep [6hiGTJFSTstdbiSKLcuPGK],,6hiGTJFSTstdbiSKLcuPGK,Delta Deep,945,2737,0,2026-07-18T20:45:22.974241+00:00,Spotify web-player queryArtistOverview,undocumented read-only web-client endpoint
Delta Heavy [7GvVTb8yFV0ZrdI30Qce6T],,7GvVTb8yFV0ZrdI30Qce6T,Delta Heavy,632637,190365,0,2026-07-18T20:45:22.974241+00:00,Spotify web-player queryArtistOverview,undocumented read-only web-client endpoint
Delta Sleep [05MlomiA9La0OiNIAGqECk],,05MlomiA9La0OiNIAGqECk,Delta Sleep,151180,118215,0,2026-07-18T20:45:22.974241+00:00,Spotify web-player queryArtistOverview,undocumented read-only web-client endpoint
Demented Are Go [7fvToIpjDfwtLhAoZdVF5W],,7fvToIpjDfwtLhAoZdVF5W,Demented Are Go,29315,57898,0,2026-07-18T20:45:22.974241+00:00,Spotify web-player queryArtistOverview,undocumented read-only web-client endpoint
Demon [7tI1ZOOgocYZT2O5M8iBz8],,7tI1ZOOgocYZT2O5M8iBz8,Demon,56564,32960,0,2026-07-18T20:45:22.974241+00:00,Spotify web-player queryArtistOverview,undocumented read-only web-client endpoint
Depeche Mode [762310PdDnwsDxAQxzQkfX],,762310PdDnwsDxAQxzQkfX,Depeche Mode,17667155,7949283,0,2026-07-18T20:45:22.974241+00:00,Spotify web-player queryArtistOverview,undocumented read-only web-client endpoint
Destructive Tendencies [1Yc03TvBp08WN2oHVuvewX],,1Yc03TvBp08WN2oHVuvewX,Destructive Tendencies,77543,21596,0,2026-07-18T20:45:22.974241+00:00,Spotify web-player queryArtistOverview,undocumented read-only web-client endpoint
Detritus [4CPXvAt0HBbEy4Bxe3PJSx],,4CPXvAt0HBbEy4Bxe3PJSx,Detritus,475,2016,0,2026-07-18T20:45:22.974241+00:00,Spotify web-player queryArtistOverview,undocumented read-only web-client endpoint
Devilment [3lyWtEgSeSQTwxgHeT0yMY],,3lyWtEgSeSQTwxgHeT0yMY,Devilment,21205,24427,0,2026-07-18T20:45:22.974241+00:00,Spotify web-player queryArtistOverview,undocumented read-only web-client endpoint
Dexys Midnight Runners [4QTVePrFu1xuGM9K0kNXkk],,4QTVePrFu1xuGM9K0kNXkk,Dexys Midnight Runners,7999321,384886,0,2026-07-18T20:45:22.974241+00:00,Spotify web-player queryArtistOverview,undocumented read-only web-client endpoint
Diamond Head [3z3KnhKZObj216IgfHYGVf],,3z3KnhKZObj216IgfHYGVf,Diamond Head,199057,216505,0,2026-07-18T20:45:22.974241+00:00,Spotify web-player queryArtistOverview,undocumented read-only web-client endpoint
Die So Fluid [0OE30pXmzCwTxhoAFtCs8u],,0OE30pXmzCwTxhoAFtCs8u,Die So Fluid,56461,35260,0,2026-07-18T20:45:22.974241+00:00,Spotify web-player queryArtistOverview,undocumented read-only web-client endpoint
Digital Dog [1lbp4Rrpi6ug3cGZF9LWXq],,1lbp4Rrpi6ug3cGZF9LWXq,Digital Dog,36424,907,0,2026-07-18T20:45:22.974241+00:00,Spotify web-player queryArtistOverview,undocumented read-only web-client endpoint
Digitonal [5IRw6qWz0NFImXO3hNOyai],,5IRw6qWz0NFImXO3hNOyai,Digitonal,24240,4023,0,2026-07-18T20:45:22.974241+00:00,Spotify web-player queryArtistOverview,undocumented read-only web-client endpoint
Dire Straits [0WwSkZ7LtFUFjGjMZBMt6T],,0WwSkZ7LtFUFjGjMZBMt6T,Dire Straits,26242776,9643393,290,2026-07-18T20:45:22.974241+00:00,Spotify web-player queryArtistOverview,undocumented read-only web-client endpoint
Dirty Vegas [2IkHcHKErbWa0TA14yHkbl],,2IkHcHKErbWa0TA14yHkbl,Dirty Vegas,237782,57837,0,2026-07-18T20:45:22.974241+00:00,Spotify web-player queryArtistOverview,undocumented read-only web-client endpoint
Discharge [5SRhOM75OnwuXH8BmCxD5a],,5SRhOM75OnwuXH8BmCxD5a,Discharge,77256,153668,0,2026-07-18T20:45:22.974241+00:00,Spotify web-player queryArtistOverview,undocumented read-only web-client endpoint
Disciples [5EehXjjMktLuJmbRsM7YfB],,5EehXjjMktLuJmbRsM7YfB,Disciples,11691137,299331,0,2026-07-18T20:45:22.974241+00:00,Spotify web-player queryArtistOverview,undocumented read-only web-client endpoint
Disclosure [5kEMsZhrbCQcl5Zzv0VIpY],,5kEMsZhrbCQcl5Zzv0VIpY,Disclosure,126,6351,0,2026-07-18T20:45:22.974241+00:00,Spotify web-player queryArtistOverview,undocumented read-only web-client endpoint
Disclosure [6nS5roXSAGhTGr34W6n7Et],,6nS5roXSAGhTGr34W6n7Et,Disclosure,25360907,2482964,314,2026-07-18T20:45:22.974241+00:00,Spotify web-player queryArtistOverview,undocumented read-only web-client endpoint
Disgust [2v3NKrkFwMSDIh3SJwIChm],,2v3NKrkFwMSDIh3SJwIChm,Disgust,4711,13956,0,2026-07-18T20:45:22.974241+00:00,Spotify web-player queryArtistOverview,undocumented read-only web-client endpoint
Dislocation Dance [371glK0pTnkxpBugrM5cac],,371glK0pTnkxpBugrM5cac,Dislocation Dance,1545,2040,0,2026-07-18T20:45:22.974241+00:00,Spotify web-player queryArtistOverview,undocumented read-only web-client endpoint
Django Django [2ARO60gI5do88ho6azmzab],,2ARO60gI5do88ho6azmzab,Django Django,347616,252535,0,2026-07-18T20:45:22.974241+00:00,Spotify web-player queryArtistOverview,undocumented read-only web-client endpoint
Doctor Spin [5jG7Zcz2bpiqwD2HPSW0wA],,5jG7Zcz2bpiqwD2HPSW0wA,Doctor Spin,4222,377,0,2026-07-18T20:45:22.974241+00:00,Spotify web-player queryArtistOverview,undocumented read-only web-client endpoint
Dodgy [1dekSPU23UC5hw5b8Uxk9W],,1dekSPU23UC5hw5b8Uxk9W,Dodgy,318066,70095,0,2026-07-18T20:45:22.974241+00:00,Spotify web-player queryArtistOverview,undocumented read-only web-client endpoint
Doe [7tzIO678my6yGW0ZIhYEV3],,7tzIO678my6yGW0ZIhYEV3,Doe,191,2259,0,2026-07-18T20:45:22.974241+00:00,Spotify web-player queryArtistOverview,undocumented read-only web-client endpoint
Dog Faced Hermans [3dP1h4150iwrDTqryQ5ybE],,3dP1h4150iwrDTqryQ5ybE,Dog Faced Hermans,6476,12404,0,2026-07-18T20:45:22.974241+00:00,Spotify web-player queryArtistOverview,undocumented read-only web-client endpoint
Dollar [7AvR99Z6y7N5BWF7VdY3bo],,7AvR99Z6y7N5BWF7VdY3bo,Dollar,59067,24921,0,2026-07-18T20:45:22.974241+00:00,Spotify web-player queryArtistOverview,undocumented read-only web-client endpoint
Dolores Forever [32ttgKG3BxUVYxlBdmLBMi],,32ttgKG3BxUVYxlBdmLBMi,Dolores Forever,50315,20474,0,2026-07-18T20:45:22.974241+00:00,Spotify web-player queryArtistOverview,undocumented read-only web-client endpoint
Don Broco [1aOt6LvXOV6I8dv1A5Diia],,1aOt6LvXOV6I8dv1A5Diia,DON BROCO,584790,285868,0,2026-07-18T20:45:22.974241+00:00,Spotify web-player queryArtistOverview,undocumented read-only web-client endpoint
Doves [0LVrQUinPUBFvVD5pLqmWY],,0LVrQUinPUBFvVD5pLqmWY,Doves,533297,299777,0,2026-07-18T20:45:22.974241+00:00,Spotify web-player queryArtistOverview,undocumented read-only web-client endpoint
Dr. Feelgood [25IRTisJjqI6JlkyCVMBsV],,25IRTisJjqI6JlkyCVMBsV,Dr. Feelgood,167923,120205,0,2026-07-18T20:45:22.974241+00:00,Spotify web-player queryArtistOverview,undocumented read-only web-client endpoint
Dragged into Sunlight [0RZeUahZvHN2foITeBq29O],,0RZeUahZvHN2foITeBq29O,Dragged Into Sunlight,23327,49889,0,2026-07-18T20:45:22.974241+00:00,Spotify web-player queryArtistOverview,undocumented read-only web-client endpoint
DragonForce [2pH3wEn4eYlMMIIQyKPbVR],,2pH3wEn4eYlMMIIQyKPbVR,DragonForce,1802181,1321799,0,2026-07-18T20:45:22.974241+00:00,Spotify web-player queryArtistOverview,undocumented read-only web-client endpoint
Drumsound & Bassline Smith [1f6TTocyaqNFvwD4xsrDTh],,1f6TTocyaqNFvwD4xsrDTh,Drumsound & Bassline Smith,130375,68820,0,2026-07-18T20:45:22.974241+00:00,Spotify web-player queryArtistOverview,undocumented read-only web-client endpoint
Dry Cleaning [7DlD7rLG9MKuvXtTeACzkO],,7DlD7rLG9MKuvXtTeACzkO,Dry Cleaning,150253,170043,0,2026-07-18T20:45:22.974241+00:00,Spotify web-player queryArtistOverview,undocumented read-only web-client endpoint
Dub War [4lZh504PprnCT9dxHG2MWT],,4lZh504PprnCT9dxHG2MWT,Dub War,9665,16715,0,2026-07-18T20:45:22.974241+00:00,Spotify web-player queryArtistOverview,undocumented read-only web-client endpoint
Dubstar [3SRTWBeGhX3o5DCQ2zzTdI],,3SRTWBeGhX3o5DCQ2zzTdI,Dubstar,34962,17970,0,2026-07-18T20:45:22.974241+00:00,Spotify web-player queryArtistOverview,undocumented read-only web-client endpoint
Duels [6rrbBL8ATFJ6QBVRAirtA8],,6rrbBL8ATFJ6QBVRAirtA8,Duels,1858,772,0,2026-07-18T20:45:22.974241+00:00,Spotify web-player queryArtistOverview,undocumented read-only web-client endpoint
Dum Dums [39C5bYyhzNSRWsBA3wTSsM],,39C5bYyhzNSRWsBA3wTSsM,Dumdums,1166,1124,0,2026-07-18T20:45:22.974241+00:00,Spotify web-player queryArtistOverview,undocumented read-only web-client endpoint
Dunedin Consort [59U4fdjDvEG4CZhSIZiWKT],,59U4fdjDvEG4CZhSIZiWKT,Dunedin Consort,5440,2640,0,2026-07-18T20:45:22.974241+00:00,Spotify web-player queryArtistOverview,undocumented read-only web-client endpoint
Duran Duran [0lZoBs4Pzo7R89JM9lxwoT],,0lZoBs4Pzo7R89JM9lxwoT,Duran Duran,15134650,3958344,0,2026-07-18T20:45:22.974241+00:00,Spotify web-player queryArtistOverview,undocumented read-only web-client endpoint
Dusky Grey [3jFE9Q1V7P1AkbU5UzPEol],,3jFE9Q1V7P1AkbU5UzPEol,Dusky Grey,19728,21920,0,2026-07-18T20:45:22.974241+00:00,Spotify web-player queryArtistOverview,undocumented read-only web-client endpoint
Dusky [5gqoUf9vKKv96b1c0GBKwu],,5gqoUf9vKKv96b1c0GBKwu,Dusky,666537,133667,0,2026-07-18T20:45:22.974241+00:00,Spotify web-player queryArtistOverview,undocumented read-only web-client endpoint
Dutch Uncles [77bjO3iNEdkJfszgcf6YnB],,77bjO3iNEdkJfszgcf6YnB,Dutch Uncles,5285,13295,0,2026-07-18T20:45:22.974241+00:00,Spotify web-player queryArtistOverview,undocumented read-only web-client endpoint
ELO Part II [1l76Dze67c0pEL9yv8iNYP],,1l76Dze67c0pEL9yv8iNYP,ELO Part II,25628,10757,0,2026-07-18T20:45:22.974241+00:00,Spotify web-player queryArtistOverview,undocumented read-only web-client endpoint
EMF [39oSLGo3HkaeYXzUEGgAGQ],,39oSLGo3HkaeYXzUEGgAGQ,EMF,1351005,106882,0,2026-07-18T20:45:22.974241+00:00,Spotify web-player queryArtistOverview,undocumented read-only web-client endpoint
Eagulls [3ZCwTLYnwEQqu9rq9eHWav],,3ZCwTLYnwEQqu9rq9eHWav,Eagulls,10956,28787,0,2026-07-18T20:45:22.974241+00:00,Spotify web-player queryArtistOverview,undocumented read-only web-client endpoint
Earl Brutus [4f3P289o1SwqZn8yIlYTSM],,4f3P289o1SwqZn8yIlYTSM,Earl Brutus,328,798,0,2026-07-18T20:45:22.974241+00:00,Spotify web-player queryArtistOverview,undocumented read-only web-client endpoint
East 17 [6lOC7lwSO1ql4Gc2Y3QObY],,6lOC7lwSO1ql4Gc2Y3QObY,East 17,434704,135562,0,2026-07-18T20:45:22.974241+00:00,Spotify web-player queryArtistOverview,undocumented read-only web-client endpoint
Easy Life [7uwY65fDg3FVJ8MkJ5QuZK],,7uwY65fDg3FVJ8MkJ5QuZK,hard life,664952,342751,0,2026-07-18T20:45:22.974241+00:00,Spotify web-player queryArtistOverview,undocumented read-only web-client endpoint
Eat Static [5NzgIP3Nss2uao20MDXavK],,5NzgIP3Nss2uao20MDXavK,Eat Static,22461,35244,0,2026-07-18T20:45:22.974241+00:00,Spotify web-player queryArtistOverview,undocumented read-only web-client endpoint
Eat [3kkRG14f57xtpSy4jIvQfo],,3kkRG14f57xtpSy4jIvQfo,Eat,1156,2493,0,2026-07-18T20:45:22.974241+00:00,Spotify web-player queryArtistOverview,undocumented read-only web-client endpoint
Echo & the Bunnymen [0fgYKF9Avljex0L9Wt5b8Z],,0fgYKF9Avljex0L9Wt5b8Z,Echo & the Bunnymen,2210172,1120606,0,2026-07-18T20:45:22.974241+00:00,Spotify web-player queryArtistOverview,undocumented read-only web-client endpoint
Eddie and the Hot Rods [70e4IgnWAQfPPxKnD9jXDr],,70e4IgnWAQfPPxKnD9jXDr,Eddie & The Hot Rods,61901,41923,0,2026-07-18T20:45:22.974241+00:00,Spotify web-player queryArtistOverview,undocumented read-only web-client endpoint
Edgar Broughton Band [3vq20FWRCImmgoatehNMmg],,3vq20FWRCImmgoatehNMmg,Edgar Broughton Band,27912,21814,0,2026-07-18T20:45:22.974241+00:00,Spotify web-player queryArtistOverview,undocumented read-only web-client endpoint
Edison Lighthouse [1NRzxuPpdGushT8YmF5NAa],,1NRzxuPpdGushT8YmF5NAa,Edison Lighthouse,2393214,80780,0,2026-07-18T20:45:22.974241+00:00,Spotify web-player queryArtistOverview,undocumented read-only web-client endpoint
Editors [6e9wIFWhBPHLE9bXK8gtBI],,6e9wIFWhBPHLE9bXK8gtBI,Editors,1241937,786142,0,2026-07-18T20:45:22.974241+00:00,Spotify web-player queryArtistOverview,undocumented read-only web-client endpoint
Eight Legs [5zJUwdrQBjT1ODlhu5yjvm],,5zJUwdrQBjT1ODlhu5yjvm,Eight Legs,1537,3661,0,2026-07-18T20:45:22.974241+00:00,Spotify web-player queryArtistOverview,undocumented read-only web-client endpoint
Eight Rounds Rapid [5NBYUzT1mOe0FNmHQ6CAQa],,5NBYUzT1mOe0FNmHQ6CAQa,Eight Rounds Rapid,212,704,0,2026-07-18T20:45:22.974241+00:00,Spotify web-player queryArtistOverview,undocumented read-only web-client endpoint
Eirian A Meinir [5b6MCFx8xNHPlGs37L4lZP],,5b6MCFx8xNHPlGs37L4lZP,Eirian a Meinir,5,0,0,2026-07-18T20:45:22.974241+00:00,Spotify web-player queryArtistOverview,undocumented read-only web-client endpoint
Ekcle [3nXwvno6uE78eDl4Al4uBh],,3nXwvno6uE78eDl4Al4uBh,Ekcle,14603,15393,0,2026-07-18T20:45:22.974241+00:00,Spotify web-player queryArtistOverview,undocumented read-only web-client endpoint
Elbow [0TJB3EE2efClsYIDQ8V2Jk],,0TJB3EE2efClsYIDQ8V2Jk,Elbow,891884,578182,0,2026-07-18T20:45:22.974241+00:00,Spotify web-player queryArtistOverview,undocumented read-only web-client endpoint
Electrelane [7ulIMfVKiXh8ecEpAVHIAY],,7ulIMfVKiXh8ecEpAVHIAY,Electrelane,156130,67563,0,2026-07-18T20:45:22.974241+00:00,Spotify web-player queryArtistOverview,undocumented read-only web-client endpoint
Electric Light Orchestra [7jefIIksOi1EazgRTfW2Pk],,7jefIIksOi1EazgRTfW2Pk,Electric Light Orchestra,18330664,4748870,0,2026-07-18T20:45:22.974241+00:00,Spotify web-player queryArtistOverview,undocumented read-only web-client endpoint
Electric Wizard [4htjQW3lgIwL6fEJlTOez4],,4htjQW3lgIwL6fEJlTOez4,Electric Wizard,401179,459777,0,2026-07-18T20:45:22.974241+00:00,Spotify web-player queryArtistOverview,undocumented read-only web-client endpoint
Electro Hippies [6SB6LkNS2N8VOuTeItS23u],,6SB6LkNS2N8VOuTeItS23u,Electro Hippies,8920,25933,0,2026-07-18T20:45:22.974241+00:00,Spotify web-player queryArtistOverview,undocumented read-only web-client endpoint
Electronic [3xYNGCooNIzKMAtJYKSOyq],,3xYNGCooNIzKMAtJYKSOyq,Electronic,367540,164721,0,2026-07-18T20:45:22.974241+00:00,Spotify web-player queryArtistOverview,undocumented read-only web-client endpoint
Elfyn Presli [4W7IQGJYXUub5oeErKAJAo],,4W7IQGJYXUub5oeErKAJAo,Elfyn Presli,25,14,0,2026-07-18T20:45:22.974241+00:00,Spotify web-player queryArtistOverview,undocumented read-only web-client endpoint
Elias String Quartet [43GSEJVOUa5hbRcIUZekx6],,43GSEJVOUa5hbRcIUZekx6,Elias String Quartet,495,1019,0,2026-07-18T20:45:22.974241+00:00,Spotify web-player queryArtistOverview,undocumented read-only web-client endpoint
Elton Motello [2CVBumuL5KyztqCyo7CETY],,2CVBumuL5KyztqCyo7CETY,Elton Motello,9802,3879,0,2026-07-18T20:45:22.974241+00:00,Spotify web-player queryArtistOverview,undocumented read-only web-client endpoint
Elvis Costello & the Attractions [4qmHkMxr6pTWh5Zo74odpH],,4qmHkMxr6pTWh5Zo74odpH,Elvis Costello & The Attractions,830368,329467,0,2026-07-18T20:45:22.974241+00:00,Spotify web-player queryArtistOverview,undocumented read-only web-client endpoint
Embrace [74K7bX12L8GBAWvPuyIgJ7],,74K7bX12L8GBAWvPuyIgJ7,Embrace,411812,181930,0,2026-07-18T20:45:22.974241+00:00,Spotify web-player queryArtistOverview,undocumented read-only web-client endpoint
"Emerson, Lake & Palmer [0nCiidE5GgDrc5kWN3NZgZ]",,0nCiidE5GgDrc5kWN3NZgZ,"Emerson, Lake & Palmer",1139758,1194686,0,2026-07-18T20:45:22.974241+00:00,Spotify web-player queryArtistOverview,undocumented read-only web-client endpoint
Empathy Test [4WM2JNPCcZ7f6M72C0bTyM],,4WM2JNPCcZ7f6M72C0bTyM,Empathy Test,51330,38799,0,2026-07-18T20:45:22.974241+00:00,Spotify web-player queryArtistOverview,undocumented read-only web-client endpoint
Endellion String Quartet [1jZGb7wdNVHUedPTAP0GSN],,1jZGb7wdNVHUedPTAP0GSN,Endellion String Quartet,7672,2515,0,2026-07-18T20:45:22.974241+00:00,Spotify web-player queryArtistOverview,undocumented read-only web-client endpoint
Engineers [3hY7jnks2m5g2JAUCw4avu],,3hY7jnks2m5g2JAUCw4avu,Engineers,4750,9104,0,2026-07-18T20:45:22.974241+00:00,Spotify web-player queryArtistOverview,undocumented read-only web-client endpoint
English Baroque Soloists [3OtZV9aCZ6G004vjOQcf59],,3OtZV9aCZ6G004vjOQcf59,English Baroque Soloists,264558,19960,0,2026-07-18T20:45:22.974241+00:00,Spotify web-player queryArtistOverview,undocumented read-only web-client endpoint
English Chamber Orchestra [2DO4p3CPDnInsJfg0jFfaF],,2DO4p3CPDnInsJfg0jFfaF,English Chamber Orchestra,1222916,24949,0,2026-07-18T20:45:22.974241+00:00,Spotify web-player queryArtistOverview,undocumented read-only web-client endpoint
English National Opera [2bgqC9MymhIkr2XdCBhwq4],,2bgqC9MymhIkr2XdCBhwq4,English National Opera,246,304,0,2026-07-18T20:45:22.974241+00:00,Spotify web-player queryArtistOverview,undocumented read-only web-client endpoint
English Teacher [5H9IFTRxSICj24uxO15ScU],,5H9IFTRxSICj24uxO15ScU,English Teacher,148637,108308,0,2026-07-18T20:45:22.974241+00:00,Spotify web-player queryArtistOverview,undocumented read-only web-client endpoint
Enoch Prusak [5Q688JXh6SyNFk4ZOSm67k],,5Q688JXh6SyNFk4ZOSm67k,Enoch Prusak,279,122,0,2026-07-18T20:45:22.974241+00:00,Spotify web-player queryArtistOverview,undocumented read-only web-client endpoint
Enter Shikari [31jvzuB4ikftPQZJwrYfCF],,31jvzuB4ikftPQZJwrYfCF,Enter Shikari,764839,522047,0,2026-07-18T20:45:22.974241+00:00,Spotify web-player queryArtistOverview,undocumented read-only web-client endpoint
Erasure [0z5DFXmhT4ZNzWElsM7V89],,0z5DFXmhT4ZNzWElsM7V89,Erasure,4832016,1261829,0,2026-07-18T20:45:22.974241+00:00,Spotify web-player queryArtistOverview,undocumented read-only web-client endpoint
Erland and the Carnival [60JLFYv4wEqsdgRSs8VGqs],,60JLFYv4wEqsdgRSs8VGqs,Erland & The Carnival,1090,3699,0,2026-07-18T20:45:22.974241+00:00,Spotify web-player queryArtistOverview,undocumented read-only web-client endpoint
Esben and the Witch [5e9048O5CDVvCgSmUEJA06],,5e9048O5CDVvCgSmUEJA06,Esben and the Witch,11131,35256,0,2026-07-18T20:45:22.974241+00:00,Spotify web-player queryArtistOverview,undocumented read-only web-client endpoint
Eskimos and Egypt [5syLneixdegDwKaoByhVq9],,5syLneixdegDwKaoByhVq9,Eskimos & Egypt,2698,668,0,2026-07-18T20:45:22.974241+00:00,Spotify web-player queryArtistOverview,undocumented read-only web-client endpoint
Esoteric [36b4aldhhv4vxGWtykfTRA],,36b4aldhhv4vxGWtykfTRA,Esoteric,3041,20503,0,2026-07-18T20:45:22.974241+00:00,Spotify web-player queryArtistOverview,undocumented read-only web-client endpoint
Essential Logic [1hJWecjPWroTl28fARuPd9],,1hJWecjPWroTl28fARuPd9,Essential Logic,6918,15331,0,2026-07-18T20:45:22.974241+00:00,Spotify web-player queryArtistOverview,undocumented read-only web-client endpoint
Eternal [7zYGAXxAaq15C9eM29M8Fj],,7zYGAXxAaq15C9eM29M8Fj,Eternal,453940,128019,0,2026-07-18T20:45:22.974241+00:00,Spotify web-player queryArtistOverview,undocumented read-only web-client endpoint
Ether [07PXLHOMh4k77DLNE0EolG],,07PXLHOMh4k77DLNE0EolG,Ether,43789,3646,0,2026-07-18T20:45:22.974241+00:00,Spotify web-player queryArtistOverview,undocumented read-only web-client endpoint
Eugenius [3WNJUZtXuOlhoRBF4YyCUo],,3WNJUZtXuOlhoRBF4YyCUo,Eugenius,1232,2647,0,2026-07-18T20:45:22.974241+00:00,Spotify web-player queryArtistOverview,undocumented read-only web-client endpoint
Eurythmics [0NKDgy9j66h3DLnN8qu1bB],,0NKDgy9j66h3DLnN8qu1bB,Eurythmics,14843560,2546395,0,2026-07-18T20:45:22.974241+00:00,Spotify web-player queryArtistOverview,undocumented read-only web-client endpoint
Everything Everything [1HOeqtP7tHkKNJNLzQ2tnr],,1HOeqtP7tHkKNJNLzQ2tnr,Everything Everything,317529,310570,0,2026-07-18T20:45:22.974241+00:00,Spotify web-player queryArtistOverview,undocumented read-only web-client endpoint
Everything but the Girl [13ccXrK7AmXb4TddMkE7jy],,13ccXrK7AmXb4TddMkE7jy,Everything But The Girl,5607393,480010,0,2026-07-18T20:45:22.974241+00:00,Spotify web-player queryArtistOverview,undocumented read-only web-client endpoint
Evile [1dwrMJAKBiLlj0O4R791Xo],,1dwrMJAKBiLlj0O4R791Xo,Evile,99821,131754,0,2026-07-18T20:45:22.974241+00:00,Spotify web-player queryArtistOverview,undocumented read-only web-client endpoint
Ewigkeit [1WrL7rHaEUsybSJi6Qsjb1],,1WrL7rHaEUsybSJi6Qsjb1,Ewigkeit,201,801,0,2026-07-18T20:45:22.974241+00:00,Spotify web-player queryArtistOverview,undocumented read-only web-client endpoint
Ex-Easter Island Head [2gEm0eVQOu7MWVmuRqqFC7],,2gEm0eVQOu7MWVmuRqqFC7,Ex-Easter Island Head,3950,4152,0,2026-07-18T20:45:22.974241+00:00,Spotify web-player queryArtistOverview,undocumented read-only web-client endpoint
Ex:Re [3FIsBWNLmqLvTQnhJLAWUJ],,3FIsBWNLmqLvTQnhJLAWUJ,Ex:Re,58725,96459,0,2026-07-18T20:45:22.974241+00:00,Spotify web-player queryArtistOverview,undocumented read-only web-client endpoint
Extreme Noise Terror [43OKr8veKrM8ptgj3LcpOg],,43OKr8veKrM8ptgj3LcpOg,Extreme Noise Terror,16864,55788,0,2026-07-18T20:45:22.974241+00:00,Spotify web-player queryArtistOverview,undocumented read-only web-client endpoint
Ezio [2hoCjTHsd1VX8enqiGsCHV],,2hoCjTHsd1VX8enqiGsCHV,Ezio,5403,5030,0,2026-07-18T20:45:22.974241+00:00,Spotify web-player queryArtistOverview,undocumented read-only web-client endpoint
FFS [0OnPrsDBROxkpC3qbFnL6L],,0OnPrsDBROxkpC3qbFnL6L,FFS,26159,27271,0,2026-07-18T20:45:22.974241+00:00,Spotify web-player queryArtistOverview,undocumented read-only web-client endpoint
FM [3BxngwxP94n0itZ8q1hwf9],,3BxngwxP94n0itZ8q1hwf9,FM,30171,29860,0,2026-07-18T20:45:22.974241+00:00,Spotify web-player queryArtistOverview,undocumented read-only web-client endpoint
Faces [3v4feUQnU3VEUqFrjmtekL],,3v4feUQnU3VEUqFrjmtekL,Faces,2718313,468654,0,2026-07-18T20:45:22.974241+00:00,Spotify web-player queryArtistOverview,undocumented read-only web-client endpoint
Factory Floor [6xgNzJAeEB8BTOSzcTO1EI],,6xgNzJAeEB8BTOSzcTO1EI,Factory Floor,12972,17051,0,2026-07-18T20:45:22.974241+00:00,Spotify web-player queryArtistOverview,undocumented read-only web-client endpoint
Fairground Attraction [1sAkg8871iPVI0wPbOfIZa],,1sAkg8871iPVI0wPbOfIZa,Fairground Attraction,301377,48326,0,2026-07-18T20:45:22.974241+00:00,Spotify web-player queryArtistOverview,undocumented read-only web-client endpoint
Fairport Convention [2LIdnZDzySb04oH40be1fR],,2LIdnZDzySb04oH40be1fR,Fairport Convention,294353,149174,0,2026-07-18T20:45:22.974241+00:00,Spotify web-player queryArtistOverview,undocumented read-only web-client endpoint
Faithless [5T4UKHhr4HGIC0VzdZQtAE],,5T4UKHhr4HGIC0VzdZQtAE,Faithless,11726956,796754,0,2026-07-18T20:45:22.974241+00:00,Spotify web-player queryArtistOverview,undocumented read-only web-client endpoint
False Heads [2tZaXwpCHEhoVEBQuRI4vu],,2tZaXwpCHEhoVEBQuRI4vu,False Heads,28786,39797,0,2026-07-18T20:45:22.974241+00:00,Spotify web-player queryArtistOverview,undocumented read-only web-client endpoint
Fanfarlo [2Ag3w3cSdRHgzPNi60WABE],,2Ag3w3cSdRHgzPNi60WABE,Fanfarlo,27870,42762,0,2026-07-18T20:45:22.974241+00:00,Spotify web-player queryArtistOverview,undocumented read-only web-client endpoint
Far Corporation [2p3h5qulvUlIXDqK2pqpxw],,2p3h5qulvUlIXDqK2pqpxw,Far Corporation,24233,3598,0,2026-07-18T20:45:22.974241+00:00,Spotify web-player queryArtistOverview,undocumented read-only web-client endpoint
Fast Food Rockers [6Mz4vAfXG0tJgUcOQL6zy5],,6Mz4vAfXG0tJgUcOQL6zy5,Fast Food Rockers,71392,14803,0,2026-07-18T20:45:22.974241+00:00,Spotify web-player queryArtistOverview,undocumented read-only web-client endpoint
Fastway [7eD005d7pGOEYD3eWVRecb],,7eD005d7pGOEYD3eWVRecb,Fastway,67660,41478,0,2026-07-18T20:45:22.974241+00:00,Spotify web-player queryArtistOverview,undocumented read-only web-client endpoint
Fat White Family [5ztBFCBEL7OtjdAt98RnD4],,5ztBFCBEL7OtjdAt98RnD4,Fat White Family,66984,101328,0,2026-07-18T20:45:22.974241+00:00,Spotify web-player queryArtistOverview,undocumented read-only web-client endpoint
Fatherson [7DRjM0vtwvKxZYnd9mPaP9],,7DRjM0vtwvKxZYnd9mPaP9,Fatherson,19001,31599,0,2026-07-18T20:45:22.974241+00:00,Spotify web-player queryArtistOverview,undocumented read-only web-client endpoint
Faze Action [1MMEHyxVfd0Pv4PEHynX9k],,1MMEHyxVfd0Pv4PEHynX9k,Faze Action,90602,10791,0,2026-07-18T20:45:22.974241+00:00,Spotify web-player queryArtistOverview,undocumented read-only web-client endpoint
Feeder [0ZZr6Y49NZWRJc0uCwqpMR],,0ZZr6Y49NZWRJc0uCwqpMR,Feeder,679131,262471,0,2026-07-18T20:45:22.974241+00:00,Spotify web-player queryArtistOverview,undocumented read-only web-client endpoint
Fei Comodo [3xDtMHz3JcgMzI3WzSaVRl],,3xDtMHz3JcgMzI3WzSaVRl,Fei Comodo,894,3712,0,2026-07-18T20:45:22.974241+00:00,Spotify web-player queryArtistOverview,undocumented read-only web-client endpoint
Felt [3BqAAo5E60L15TcFgWI8xH],,3BqAAo5E60L15TcFgWI8xH,Felt,114516,63078,0,2026-07-18T20:45:22.974241+00:00,Spotify web-player queryArtistOverview,undocumented read-only web-client endpoint
Feminist Improvising Group [0UjcnRGzVMNW3jo0tW4a0t],,0UjcnRGzVMNW3jo0tW4a0t,Feminist Improvising Group,11,137,0,2026-07-18T20:45:22.974241+00:00,Spotify web-player queryArtistOverview,undocumented read-only web-client endpoint
Fickle Friends [1nhSLEYdoBHG6cJ8NDwoF1],,1nhSLEYdoBHG6cJ8NDwoF1,Fickle Friends,149977,141833,0,2026-07-18T20:45:22.974241+00:00,Spotify web-player queryArtistOverview,undocumented read-only web-client endpoint
Fiction Factory [6T6T5RCps6bHzTSDq8pyFj],,6T6T5RCps6bHzTSDq8pyFj,Fiction Factory,601160,34517,0,2026-07-18T20:45:22.974241+00:00,Spotify web-player queryArtistOverview,undocumented read-only web-client endpoint
Field Music [5P1tdwsQdI6z9MXXfmYRDS],,5P1tdwsQdI6z9MXXfmYRDS,Field Music,10829,39708,0,2026-07-18T20:45:22.974241+00:00,Spotify web-player queryArtistOverview,undocumented read-only web-client endpoint
Fields of the Nephilim [3m8KqUjgKDwmJ9L9uBHMMs],,3m8KqUjgKDwmJ9L9uBHMMs,Fields Of The Nephilim,73403,150339,0,2026-07-18T20:45:22.974241+00:00,Spotify web-player queryArtistOverview,undocumented read-only web-client endpoint
Fightstar [3CI0BdDDxe6D21RmqTB5fn],,3CI0BdDDxe6D21RmqTB5fn,Fightstar,76830,84003,0,2026-07-18T20:45:22.974241+00:00,Spotify web-player queryArtistOverview,undocumented read-only web-client endpoint
Fine Young Cannibals [20p5D2KrE8CGuOjHtxsyTp],,20p5D2KrE8CGuOjHtxsyTp,Fine Young Cannibals,5309505,1018624,0,2026-07-18T20:45:22.974241+00:00,Spotify web-player queryArtistOverview,undocumented read-only web-client endpoint
Five Star [4toJT7YydhWcrYNgWJK4hW],,4toJT7YydhWcrYNgWJK4hW,Five Star,128764,84034,0,2026-07-18T20:45:22.974241+00:00,Spotify web-player queryArtistOverview,undocumented read-only web-client endpoint
Five [6rEzedK7cKWjeQWdAYvWVG],,6rEzedK7cKWjeQWdAYvWVG,Five,1473171,551020,0,2026-07-18T20:45:22.974241+00:00,Spotify web-player queryArtistOverview,undocumented read-only web-client endpoint
Flanders and Swann [4AR9DghWVyZK6ylUPb8mLI],,4AR9DghWVyZK6ylUPb8mLI,Flanders & Swann,8300,7355,0,2026-07-18T20:45:22.974241+00:00,Spotify web-player queryArtistOverview,undocumented read-only web-client endpoint
Fleetwood Mac [08GQAI4eElDnROBrJRGE0X],,08GQAI4eElDnROBrJRGE0X,Fleetwood Mac,50959935,15546243,66,2026-07-18T20:45:22.974241+00:00,Spotify web-player queryArtistOverview,undocumented read-only web-client endpoint
Flesh for Lulu [6ahlwhwCBtwhSeDO5vYMh5],,6ahlwhwCBtwhSeDO5vYMh5,Flesh For Lulu,49698,33594,0,2026-07-18T20:45:22.974241+00:00,Spotify web-player queryArtistOverview,undocumented read-only web-client endpoint
Flo [0s4kXsjYeH0S1xRyVGN4NO],,0s4kXsjYeH0S1xRyVGN4NO,FLO,4183163,626883,0,2026-07-18T20:45:22.974241+00:00,Spotify web-player queryArtistOverview,undocumented read-only web-client endpoint
Floetry [0un6YenPxWZ2VW4aFGMupM],,0un6YenPxWZ2VW4aFGMupM,Floetry,834779,827023,0,2026-07-18T20:45:22.974241+00:00,Spotify web-player queryArtistOverview,undocumented read-only web-client endpoint
Florence + the Machine [1moxjboGR7GNWYIMWsRjgG],,1moxjboGR7GNWYIMWsRjgG,Florence + The Machine,25836943,7587105,296,2026-07-18T20:45:22.974241+00:00,Spotify web-player queryArtistOverview,undocumented read-only web-client endpoint
Florence Black [7ubhUvkY7FB68rfzz7DmW4],,7ubhUvkY7FB68rfzz7DmW4,Florence Black,87365,33670,0,2026-07-18T20:45:22.974241+00:00,Spotify web-player queryArtistOverview,undocumented read-only web-client endpoint
Florilegium early music ensemble [1p7yUCNCvt3z8Y0DhXQ8Ew],,1p7yUCNCvt3z8Y0DhXQ8Ew,Florilegium,13093,6678,0,2026-07-18T20:45:22.974241+00:00,Spotify web-player queryArtistOverview,undocumented read-only web-client endpoint
Flowered Up [0rcNMmBMbi0aBCalbO4lPB],,0rcNMmBMbi0aBCalbO4lPB,Flowered Up,10413,12627,0,2026-07-18T20:45:22.974241+00:00,Spotify web-player queryArtistOverview,undocumented read-only web-client endpoint
Fluke [2YzUXecwzcOdlJsnpnJfkJ],,2YzUXecwzcOdlJsnpnJfkJ,Fluke,358816,104332,0,2026-07-18T20:45:22.974241+00:00,Spotify web-player queryArtistOverview,undocumented read-only web-client endpoint
Foals [6FQqZYVfTNQ1pCqfkwVFEa],,6FQqZYVfTNQ1pCqfkwVFEa,Foals,4201622,1504353,0,2026-07-18T20:45:22.974241+00:00,Spotify web-player queryArtistOverview,undocumented read-only web-client endpoint
Foghat [6x33CmZWo2Ve4hxYl2Craq],,6x33CmZWo2Ve4hxYl2Craq,Foghat,2100357,1001735,0,2026-07-18T20:45:22.974241+00:00,Spotify web-player queryArtistOverview,undocumented read-only web-client endpoint
Foreign Beggars [0sQ1wgSdRpoysgsa1VnI4G],,0sQ1wgSdRpoysgsa1VnI4G,Foreign Beggars,138616,103677,0,2026-07-18T20:45:22.974241+00:00,Spotify web-player queryArtistOverview,undocumented read-only web-client endpoint
Fort Lauderdale [6W9DEYcSztPwHjKqNuJJYX],,6W9DEYcSztPwHjKqNuJJYX,Fort Lauderdale,115,155,0,2026-07-18T20:45:22.974241+00:00,Spotify web-player queryArtistOverview,undocumented read-only web-client endpoint
Fortran 5 [0RbUNccTYpxfxAfAJsmjah],,0RbUNccTYpxfxAfAJsmjah,Fortran 5,1771,949,0,2026-07-18T20:45:22.974241+00:00,Spotify web-player queryArtistOverview,undocumented read-only web-client endpoint
Francis Rees [7qnZ6aNS9ocU2vKxwySbAj],,7qnZ6aNS9ocU2vKxwySbAj,Francis Rees,4,62,0,2026-07-18T20:45:22.974241+00:00,Spotify web-player queryArtistOverview,undocumented read-only web-client endpoint
Frankie Goes to Hollywood [1mZu3rO7qSD09GdDpePHhY],,1mZu3rO7qSD09GdDpePHhY,Frankie Goes To Hollywood,2758706,960764,0,2026-07-18T20:45:22.974241+00:00,Spotify web-player queryArtistOverview,undocumented read-only web-client endpoint
Franz Ferdinand [0XNa1vTidXlvJ2gHSsRi4A],,0XNa1vTidXlvJ2gHSsRi4A,Franz Ferdinand,10807735,3218082,0,2026-07-18T20:45:22.974241+00:00,Spotify web-player queryArtistOverview,undocumented read-only web-client endpoint
Freaks [53L5KERK0sEsE16Hkg9Z28],,53L5KERK0sEsE16Hkg9Z28,Freaks,29115,4296,0,2026-07-18T20:45:22.974241+00:00,Spotify web-player queryArtistOverview,undocumented read-only web-client endpoint
Fred V & Grafix [1wzBqAvtFexgKHjt7i3ena],,1wzBqAvtFexgKHjt7i3ena,Fred V & Grafix,340452,83743,0,2026-07-18T20:45:22.974241+00:00,Spotify web-player queryArtistOverview,undocumented read-only web-client endpoint
Freddie and the Dreamers [1wCc2Wgga1H8C7u57pcqYk],,1wCc2Wgga1H8C7u57pcqYk,Freddie & The Dreamers,97117,102268,0,2026-07-18T20:45:22.974241+00:00,Spotify web-player queryArtistOverview,undocumented read-only web-client endpoint
Free [2e53aHBQdCMKWqHDuyJsjC],,2e53aHBQdCMKWqHDuyJsjC,Free,2860415,631085,0,2026-07-18T20:45:22.974241+00:00,Spotify web-player queryArtistOverview,undocumented read-only web-client endpoint
Freedom [1oD2lV4JlIYQV1fI5DHfJr],,1oD2lV4JlIYQV1fI5DHfJr,Freedom,2357,3053,0,2026-07-18T20:45:22.974241+00:00,Spotify web-player queryArtistOverview,undocumented read-only web-client endpoint
Freedom [6KzfaXYcPrJlv3phqtmYhE],,6KzfaXYcPrJlv3phqtmYhE,The Freedom,3,22023,0,2026-07-18T20:45:22.974241+00:00,Spotify web-player queryArtistOverview,undocumented read-only web-client endpoint
Freemasons [49H2dQUNhIlso7VNkS8nFR],,49H2dQUNhIlso7VNkS8nFR,Freemasons,607845,65062,0,2026-07-18T20:45:22.974241+00:00,Spotify web-player queryArtistOverview,undocumented read-only web-client endpoint
Freestylers [0zg9mF9dX2knvdTKnL22T1],,0zg9mF9dX2knvdTKnL22T1,Freestylers,411981,84251,0,2026-07-18T20:45:22.974241+00:00,Spotify web-player queryArtistOverview,undocumented read-only web-client endpoint
Fresh Maggots [06VUtXjmLbkXTSoV3cqJaW],,06VUtXjmLbkXTSoV3cqJaW,Fresh Maggots,2367,3386,0,2026-07-18T20:45:22.974241+00:00,Spotify web-player queryArtistOverview,undocumented read-only web-client endpoint
Fretwork [4Ld6KhVOGRdto6GPGRdAhx],,4Ld6KhVOGRdto6GPGRdAhx,Fretwork,17590,11539,0,2026-07-18T20:45:22.974241+00:00,Spotify web-player queryArtistOverview,undocumented read-only web-client endpoint
Freur [6MrHEQVD40SO8XWTBNELkl],,6MrHEQVD40SO8XWTBNELkl,Freur,28911,7682,0,2026-07-18T20:45:22.974241+00:00,Spotify web-player queryArtistOverview,undocumented read-only web-client endpoint
Friendly Fires [3mZqziCJj4pq3P2VBpmK6p],,3mZqziCJj4pq3P2VBpmK6p,Friendly Fires,215715,235528,0,2026-07-18T20:45:22.974241+00:00,Spotify web-player queryArtistOverview,undocumented read-only web-client endpoint
Frightened Rabbit [6fVcDUckTwxqg56qNsEvUr],,6fVcDUckTwxqg56qNsEvUr,Frightened Rabbit,251709,255039,0,2026-07-18T20:45:22.974241+00:00,Spotify web-player queryArtistOverview,undocumented read-only web-client endpoint
Frost* [1Ha9FtCeuoajMbOG4Kz2d7],,1Ha9FtCeuoajMbOG4Kz2d7,Frost*,10377,34177,0,2026-07-18T20:45:22.974241+00:00,Spotify web-player queryArtistOverview,undocumented read-only web-client endpoint
Frou Frou [6MUyqmIQ35inLjch0YzIEG],,6MUyqmIQ35inLjch0YzIEG,Frou Frou,5930276,419619,0,2026-07-18T20:45:22.974241+00:00,Spotify web-player queryArtistOverview,undocumented read-only web-client endpoint
Fuck Buttons [6tCENAD2FBfIMyygJMeOJV],,6tCENAD2FBfIMyygJMeOJV,Fuck Buttons,23928,63138,0,2026-07-18T20:45:22.974241+00:00,Spotify web-player queryArtistOverview,undocumented read-only web-client endpoint
Fudge Tunnel [0LCMzkcs3bdMj1Vgw9Cg1N],,0LCMzkcs3bdMj1Vgw9Cg1N,Fudge Tunnel,22620,30461,0,2026-07-18T20:45:22.974241+00:00,Spotify web-player queryArtistOverview,undocumented read-only web-client endpoint
Fun Boy Three [1dmEUAQBopYUrsMnQnScWL],,1dmEUAQBopYUrsMnQnScWL,Fun Boy Three,210879,123794,0,2026-07-18T20:45:22.974241+00:00,Spotify web-player queryArtistOverview,undocumented read-only web-client endpoint
Funeral for a Friend [4AbDWrmJPSOeIbT2Ou60ik],,4AbDWrmJPSOeIbT2Ou60ik,Funeral For A Friend,298448,268224,0,2026-07-18T20:45:22.974241+00:00,Spotify web-player queryArtistOverview,undocumented read-only web-client endpoint
Futurecop! [10yA9Y6h5wbDaX5XuZuA9X],,10yA9Y6h5wbDaX5XuZuA9X,Futurecop!,30022,37012,0,2026-07-18T20:45:22.974241+00:00,Spotify web-player queryArtistOverview,undocumented read-only web-client endpoint
GLXY [1U8nnmbuPk1EpoO7MVgIeT],,1U8nnmbuPk1EpoO7MVgIeT,GLXY,77107,26211,0,2026-07-18T20:45:22.974241+00:00,Spotify web-player queryArtistOverview,undocumented read-only web-client endpoint
GYLDEN [4SzRuT8xGwJwtHrhJC7fXD],,4SzRuT8xGwJwtHrhJC7fXD,GYLDEN,206,87,0,2026-07-18T20:45:22.974241+00:00,Spotify web-player queryArtistOverview,undocumented read-only web-client endpoint
Gaffa Tape Sandy [00P2dAOymeYKFx4OSaVgw1],,00P2dAOymeYKFx4OSaVgw1,Gaffa Tape Sandy,13092,12093,0,2026-07-18T20:45:22.974241+00:00,Spotify web-player queryArtistOverview,undocumented read-only web-client endpoint
Gallagher and Lyle [2Kq6loh0WNVAGEHlDxxprf],,2Kq6loh0WNVAGEHlDxxprf,Gallagher And Lyle,30115,11245,0,2026-07-18T20:45:22.974241+00:00,Spotify web-player queryArtistOverview,undocumented read-only web-client endpoint
Gallows [0LpwbxbT8dPiqUnul4ngzu],,0LpwbxbT8dPiqUnul4ngzu,Gallows,56900,78412,0,2026-07-18T20:45:22.974241+00:00,Spotify web-player queryArtistOverview,undocumented read-only web-client endpoint
Gama Bomb [7h0muodpQ1q5o3RajwownN],,7h0muodpQ1q5o3RajwownN,Gama Bomb,44268,83436,0,2026-07-18T20:45:22.974241+00:00,Spotify web-player queryArtistOverview,undocumented read-only web-client endpoint
Gang of Four [3AmWjMXXtBJOmNGpUFSOAl],,3AmWjMXXtBJOmNGpUFSOAl,Gang Of Four,469462,292732,0,2026-07-18T20:45:22.974241+00:00,Spotify web-player queryArtistOverview,undocumented read-only web-client endpoint
Gay Dad [535WNmI30z5qzQs5XpPnC4],,535WNmI30z5qzQs5XpPnC4,Gay Dad,5987,4077,0,2026-07-18T20:45:22.974241+00:00,Spotify web-player queryArtistOverview,undocumented read-only web-client endpoint
Gen and the Degenerates [7oEVPoHXaj73ddUCTNlO9E],,7oEVPoHXaj73ddUCTNlO9E,Gen and the Degenerates,40842,15062,0,2026-07-18T20:45:22.974241+00:00,Spotify web-player queryArtistOverview,undocumented read-only web-client endpoint
Gene [5Rsu72e1qrjIUtxH6Zmy9K],,5Rsu72e1qrjIUtxH6Zmy9K,Gene,68357,46149,0,2026-07-18T20:45:22.974241+00:00,Spotify web-player queryArtistOverview,undocumented read-only web-client endpoint
Generation X [1inWec2E2UgfzMAhwjgTXe],,1inWec2E2UgfzMAhwjgTXe,Generation X,3158701,181331,0,2026-07-18T20:45:22.974241+00:00,Spotify web-player queryArtistOverview,undocumented read-only web-client endpoint
Genesis [3CkvROUTQ6nRi9yQOcsB50],,3CkvROUTQ6nRi9yQOcsB50,Genesis,9434858,3958098,0,2026-07-18T20:45:22.974241+00:00,Spotify web-player queryArtistOverview,undocumented read-only web-client endpoint
Gentle Giant [1hrQ50kU6hMQBVLatqUqnO],,1hrQ50kU6hMQBVLatqUqnO,Gentle Giant,114925,264530,0,2026-07-18T20:45:22.974241+00:00,Spotify web-player queryArtistOverview,undocumented read-only web-client endpoint
Geoff Love & His Orchestra [3e4pvOxrERfq12BIQ2EWvy],,3e4pvOxrERfq12BIQ2EWvy,Geoff Love Orchestra,156,72,0,2026-07-18T20:45:22.974241+00:00,Spotify web-player queryArtistOverview,undocumented read-only web-client endpoint
Geoff Love & His Orchestra [4W9CuqPOk3XWnLpwT0mOTI],,4W9CuqPOk3XWnLpwT0mOTI,Geoff Love & His Orchestra,43394,4772,0,2026-07-18T20:45:22.974241+00:00,Spotify web-player queryArtistOverview,undocumented read-only web-client endpoint
Geordie [0IzJYdxaNLwrC7diSCu0iY],,0IzJYdxaNLwrC7diSCu0iY,Geordie,79034,31989,0,2026-07-18T20:45:22.974241+00:00,Spotify web-player queryArtistOverview,undocumented read-only web-client endpoint
George Martin and His Orchestra [0ep6CE2LbEUDya9x7rhgGC],,0ep6CE2LbEUDya9x7rhgGC,George Martin And His Orchestra,3,113,0,2026-07-18T20:45:22.974241+00:00,Spotify web-player queryArtistOverview,undocumented read-only web-client endpoint
Gerry and the Pacemakers [3UmBeGyNwr4iDWi1vTxWi8],,3UmBeGyNwr4iDWi1vTxWi8,Gerry & The Pacemakers,1163214,313722,0,2026-07-18T20:45:22.974241+00:00,Spotify web-player queryArtistOverview,undocumented read-only web-client endpoint
Girls Aloud [12EtLdLfJ41vUOoVzPZIUy],,12EtLdLfJ41vUOoVzPZIUy,Girls Aloud,996906,552875,0,2026-07-18T20:45:22.974241+00:00,Spotify web-player queryArtistOverview,undocumented read-only web-client endpoint
Girls Names [4UAxwzDV5PYB11huf5Shs3],,4UAxwzDV5PYB11huf5Shs3,Girls Names,9972,16785,0,2026-07-18T20:45:22.974241+00:00,Spotify web-player queryArtistOverview,undocumented read-only web-client endpoint
Girlschool [2TRtXTjjmyzK5oUGec1Gv8],,2TRtXTjjmyzK5oUGec1Gv8,Girlschool,90933,103283,0,2026-07-18T20:45:22.974241+00:00,Spotify web-player queryArtistOverview,undocumented read-only web-client endpoint
Glamour of the Kill [1FCJdfkOYWuCQwFRsJTObx],,1FCJdfkOYWuCQwFRsJTObx,Glamour Of The Kill,12095,19015,0,2026-07-18T20:45:22.974241+00:00,Spotify web-player queryArtistOverview,undocumented read-only web-client endpoint
Glass Animals [4yvcSjfu4PC0CYQyLy4wSq],,4yvcSjfu4PC0CYQyLy4wSq,Glass Animals,27093208,4804844,271,2026-07-18T20:45:22.974241+00:00,Spotify web-player queryArtistOverview,undocumented read-only web-client endpoint
Glasvegas [478peoEkoKPsTgRiVzkvPl],,478peoEkoKPsTgRiVzkvPl,Glasvegas,86543,64525,0,2026-07-18T20:45:22.974241+00:00,Spotify web-player queryArtistOverview,undocumented read-only web-client endpoint
Gloryhammer [7dkEByOe0oHqc54qU4hwzV],,7dkEByOe0oHqc54qU4hwzV,Gloryhammer,399088,302272,0,2026-07-18T20:45:22.974241+00:00,Spotify web-player queryArtistOverview,undocumented read-only web-client endpoint
Glyndebourne Festival Opera Company [1dBGUfT28YekGnRQDGo1iP],,1dBGUfT28YekGnRQDGo1iP,Glyndebourne Festival Opera Company,9,13,0,2026-07-18T20:45:22.974241+00:00,Spotify web-player queryArtistOverview,undocumented read-only web-client endpoint
Gnarwolves [3dsBRiySuhVwZcFv1qsNbd],,3dsBRiySuhVwZcFv1qsNbd,Gnarwolves,5625,21370,0,2026-07-18T20:45:22.974241+00:00,Spotify web-player queryArtistOverview,undocumented read-only web-client endpoint
Gnod [0M7HBnNJoTfTWouL5O7FtO],,0M7HBnNJoTfTWouL5O7FtO,Gnod,7659,18894,0,2026-07-18T20:45:22.974241+00:00,Spotify web-player queryArtistOverview,undocumented read-only web-client endpoint
Go Kart Mozart [7pdwstc9czwxPmoHPzS0uZ],,7pdwstc9czwxPmoHPzS0uZ,Go-Kart Mozart,1035,3956,0,2026-07-18T20:45:22.974241+00:00,Spotify web-player queryArtistOverview,undocumented read-only web-client endpoint
Go West [7bKupnlF7XOfR1En3K8oAL],,7bKupnlF7XOfR1En3K8oAL,Go West,925778,281420,0,2026-07-18T20:45:22.974241+00:00,Spotify web-player queryArtistOverview,undocumented read-only web-client endpoint
GoGo Penguin [19f2JXwlRU26376TCKmp6L],,19f2JXwlRU26376TCKmp6L,GoGo Penguin,289811,295895,0,2026-07-18T20:45:22.974241+00:00,Spotify web-player queryArtistOverview,undocumented read-only web-client endpoint
Goat Girl [1ukEEwzjucRtFTxiw2DrDZ],,1ukEEwzjucRtFTxiw2DrDZ,Goat Girl,34711,81408,0,2026-07-18T20:45:22.974241+00:00,Spotify web-player queryArtistOverview,undocumented read-only web-client endpoint
Godflesh [5A4ebXQf38xWIq0xSWLhsS],,5A4ebXQf38xWIq0xSWLhsS,Godflesh,55777,105031,0,2026-07-18T20:45:22.974241+00:00,Spotify web-player queryArtistOverview,undocumented read-only web-client endpoint
Godley & Creme [02zGgCB9SiSPeDYMfwPJXK],,02zGgCB9SiSPeDYMfwPJXK,Godley & Creme,112480,60417,0,2026-07-18T20:45:22.974241+00:00,Spotify web-player queryArtistOverview,undocumented read-only web-client endpoint
Gold Key [753lBNfu7fBooASCvuxDLD],,753lBNfu7fBooASCvuxDLD,Gold Key,8261,3981,0,2026-07-18T20:45:22.974241+00:00,Spotify web-player queryArtistOverview,undocumented read-only web-client endpoint
Goldie Lookin Chain [0pobPzcYFoVSprUnwY2Bio],,0pobPzcYFoVSprUnwY2Bio,Goldie Lookin Chain,51269,37598,0,2026-07-18T20:45:22.974241+00:00,Spotify web-player queryArtistOverview,undocumented read-only web-client endpoint
Gomez [4zPGlyitRvJo7iz6OKlETa],,4zPGlyitRvJo7iz6OKlETa,Gomez,198405,139162,0,2026-07-18T20:45:22.974241+00:00,Spotify web-player queryArtistOverview,undocumented read-only web-client endpoint
Goodboys [2nm38smINjms1LtczR0Cei],,2nm38smINjms1LtczR0Cei,Goodboys,7292613,130149,0,2026-07-18T20:45:22.974241+00:00,Spotify web-player queryArtistOverview,undocumented read-only web-client endpoint
Goonies Never Say Die [4mvYS48EvFYVwkE8zeGJa6],,4mvYS48EvFYVwkE8zeGJa6,Goonies Never Say Die,946,4624,0,2026-07-18T20:45:22.974241+00:00,Spotify web-player queryArtistOverview,undocumented read-only web-client endpoint
Gordon Giltrap Band [7aVR2dnOQrK6fBSygUvPB6],,7aVR2dnOQrK6fBSygUvPB6,The Gordon Giltrap Band,154,171,0,2026-07-18T20:45:22.974241+00:00,Spotify web-player queryArtistOverview,undocumented read-only web-client endpoint
Gorgon City [4VNQWV2y1E97Eqo2D5UTjx],,4VNQWV2y1E97Eqo2D5UTjx,Gorgon City,3028602,552337,0,2026-07-18T20:45:22.974241+00:00,Spotify web-player queryArtistOverview,undocumented read-only web-client endpoint
Gorillaz [3AA28KZvwAUcZuOKwyblJQ],,3AA28KZvwAUcZuOKwyblJQ,Gorillaz,38173160,16369649,134,2026-07-18T20:45:22.974241+00:00,Spotify web-player queryArtistOverview,undocumented read-only web-client endpoint
Grace [1DlbW0TOOja6uqR4CHAaeg],,1DlbW0TOOja6uqR4CHAaeg,Grace,266321,9154,0,2026-07-18T20:45:22.974241+00:00,Spotify web-player queryArtistOverview,undocumented read-only web-client endpoint
Grade 2 [61NdtTZaI4ZaMVNySovN0b],,61NdtTZaI4ZaMVNySovN0b,Grade 2,35157,28578,0,2026-07-18T20:45:22.974241+00:00,Spotify web-player queryArtistOverview,undocumented read-only web-client endpoint
Grave Miasma [0YDJIWfqi9rqQWkdefQvtx],,0YDJIWfqi9rqQWkdefQvtx,Grave Miasma,1627,19237,0,2026-07-18T20:45:22.974241+00:00,Spotify web-player queryArtistOverview,undocumented read-only web-client endpoint
Gravity Noir [1CnQsPqXZst7KwVtYH9fB7],,1CnQsPqXZst7KwVtYH9fB7,Gravity Noir,228,3065,0,2026-07-18T20:45:22.974241+00:00,Spotify web-player queryArtistOverview,undocumented read-only web-client endpoint
Greazy Puzzy Fuckerz [4OoHneMX97SjUXKWgsyrP4],,4OoHneMX97SjUXKWgsyrP4,GPF,547879,111016,0,2026-07-18T20:45:22.974241+00:00,Spotify web-player queryArtistOverview,undocumented read-only web-client endpoint
Greyhound [24m8te3cM8e8cSABOrakXG],,24m8te3cM8e8cSABOrakXG,Greyhound,29347,2241,0,2026-07-18T20:45:22.974241+00:00,Spotify web-player queryArtistOverview,undocumented read-only web-client endpoint
Grim Reaper [3CSQtK60sg2jNNxnpThSN1],,3CSQtK60sg2jNNxnpThSN1,Grim Reaper,45246,102546,0,2026-07-18T20:45:22.974241+00:00,Spotify web-player queryArtistOverview,undocumented read-only web-client endpoint
Groove Armada [67tgMwUfnmqzYsNAtnP6YJ],,67tgMwUfnmqzYsNAtnP6YJ,Groove Armada,3267951,783480,0,2026-07-18T20:45:22.974241+00:00,Spotify web-player queryArtistOverview,undocumented read-only web-client endpoint
Guana Batz [1KMuPtuTktoPaGn44iTNB5],,1KMuPtuTktoPaGn44iTNB5,Guana Batz,13082,20479,0,2026-07-18T20:45:22.974241+00:00,Spotify web-player queryArtistOverview,undocumented read-only web-client endpoint
Gun Ghaol [1Wx6yzsgdgwB65T3uvEXux],,1Wx6yzsgdgwB65T3uvEXux,Gun Ghaol,10365,7813,0,2026-07-18T20:45:22.974241+00:00,Spotify web-player queryArtistOverview,undocumented read-only web-client endpoint
Gun [1dip2dCkBIylIFyDfZQfFu],,1dip2dCkBIylIFyDfZQfFu,Gun,85826,42357,0,2026-07-18T20:45:22.974241+00:00,Spotify web-player queryArtistOverview,undocumented read-only web-client endpoint
Gunship [3PALZKWkpwjRvBsRmhlVSS],,3PALZKWkpwjRvBsRmhlVSS,Gunship,646183,298392,0,2026-07-18T20:45:22.974241+00:00,Spotify web-player queryArtistOverview,undocumented read-only web-client endpoint
H & Claire [2sYo32743hdTlnnpHKfKOI],,2sYo32743hdTlnnpHKfKOI,H & Claire,11136,30128,0,2026-07-18T20:45:22.974241+00:00,Spotify web-player queryArtistOverview,undocumented read-only web-client endpoint
HONNE [0Vw76uk7P8yVtTClWyOhac],,0Vw76uk7P8yVtTClWyOhac,HONNE,3880260,1667711,0,2026-07-18T20:45:22.974241+00:00,Spotify web-player queryArtistOverview,undocumented read-only web-client endpoint
Hacktivist [3hZtRePYRKW6wLtZ3gpnk7],,3hZtRePYRKW6wLtZ3gpnk7,Hacktivist,26779,62883,0,2026-07-18T20:45:22.974241+00:00,Spotify web-player queryArtistOverview,undocumented read-only web-client endpoint
Haircut One Hundred [6imyM8T1Xbe8v2iZe41dR7],,6imyM8T1Xbe8v2iZe41dR7,Haircut 100,233270,99361,0,2026-07-18T20:45:22.974241+00:00,Spotify web-player queryArtistOverview,undocumented read-only web-client endpoint
Haken [2SRIVGDkdqQnrQdaXxDkJt],,2SRIVGDkdqQnrQdaXxDkJt,Haken,213215,248459,0,2026-07-18T20:45:22.974241+00:00,Spotify web-player queryArtistOverview,undocumented read-only web-client endpoint
Hallucinogen [5Lel5d14oFwC4XbKDv2AKW],,5Lel5d14oFwC4XbKDv2AKW,Hallucinogen,37698,66590,0,2026-07-18T20:45:22.974241+00:00,Spotify web-player queryArtistOverview,undocumented read-only web-client endpoint
Hang Massive [6bkF6GDcyXZn2T0D5Fwldl],,6bkF6GDcyXZn2T0D5Fwldl,Hang Massive,296134,180715,0,2026-07-18T20:45:22.974241+00:00,Spotify web-player queryArtistOverview,undocumented read-only web-client endpoint
Happy Mondays [339DNkQkuhHKEcHw6oK8f0],,339DNkQkuhHKEcHw6oK8f0,Happy Mondays,652616,462546,0,2026-07-18T20:45:22.974241+00:00,Spotify web-player queryArtistOverview,undocumented read-only web-client endpoint
Hard-Fi [14Gi3Uph96lpNB3utkoVAD],,14Gi3Uph96lpNB3utkoVAD,Hard-Fi,508027,200592,0,2026-07-18T20:45:22.974241+00:00,Spotify web-player queryArtistOverview,undocumented read-only web-client endpoint
Hawklords [0N8rhjytnqVsz7IWQ9pJ3Q],,0N8rhjytnqVsz7IWQ9pJ3Q,Hawklords,1054,6100,0,2026-07-18T20:45:22.974241+00:00,Spotify web-player queryArtistOverview,undocumented read-only web-client endpoint
Hawkwind [2jK54ZlZhTF1TxygsVeR05],,2jK54ZlZhTF1TxygsVeR05,Hawkwind,136226,145361,0,2026-07-18T20:45:22.974241+00:00,Spotify web-player queryArtistOverview,undocumented read-only web-client endpoint
Heatwave [6D7h7R79IZjqJC2GM2wzyY],,6D7h7R79IZjqJC2GM2wzyY,Heatwave,907968,515706,0,2026-07-18T20:45:22.974241+00:00,Spotify web-player queryArtistOverview,undocumented read-only web-client endpoint
Heaven 17 [5PYuBRQMHh7nWmdV076sH9],,5PYuBRQMHh7nWmdV076sH9,Heaven 17,342911,273309,0,2026-07-18T20:45:22.974241+00:00,Spotify web-player queryArtistOverview,undocumented read-only web-client endpoint
Heavy Lungs [07eIrj0b3z5mgvtkDmWoxo],,07eIrj0b3z5mgvtkDmWoxo,Heavy Lungs,42610,33237,0,2026-07-18T20:45:22.974241+00:00,Spotify web-player queryArtistOverview,undocumented read-only web-client endpoint
Heavy Stereo [4QCR8SHwFZ3ecGZww4Gq3g],,4QCR8SHwFZ3ecGZww4Gq3g,HEAVY STEREO,2710,1292,0,2026-07-18T20:45:22.974241+00:00,Spotify web-player queryArtistOverview,undocumented read-only web-client endpoint
Hecate Enthroned [2WKoufbtvHmMLKQ4PEKh2X],,2WKoufbtvHmMLKQ4PEKh2X,Hecate Enthroned,11320,32280,0,2026-07-18T20:45:22.974241+00:00,Spotify web-player queryArtistOverview,undocumented read-only web-client endpoint
Heisk [64oHUuO3IEjrbuzYbOvrOz],,64oHUuO3IEjrbuzYbOvrOz,Heisk,1606,1646,0,2026-07-18T20:45:22.974241+00:00,Spotify web-player queryArtistOverview,undocumented read-only web-client endpoint
Hell Is for Heroes [1vrwXqSGdLsWtvIev4H0WH],,1vrwXqSGdLsWtvIev4H0WH,Hell Is For Heroes,14174,19603,0,2026-07-18T20:45:22.974241+00:00,Spotify web-player queryArtistOverview,undocumented read-only web-client endpoint
Hell [3ucObQx9jyvXhv2NVD3sxm],,3ucObQx9jyvXhv2NVD3sxm,Hell,2662,10521,0,2026-07-18T20:45:22.974241+00:00,Spotify web-player queryArtistOverview,undocumented read-only web-client endpoint
Hellbastard [3ZLcB7cnYCFhkDdZsGYf9o],,3ZLcB7cnYCFhkDdZsGYf9o,Hellbastard,1196,7988,0,2026-07-18T20:45:22.974241+00:00,Spotify web-player queryArtistOverview,undocumented read-only web-client endpoint
Henry Cow [6P3Zlv61YNe6DHVZhFj8oL],,6P3Zlv61YNe6DHVZhFj8oL,Henry Cow,1199,23469,0,2026-07-18T20:45:22.974241+00:00,Spotify web-player queryArtistOverview,undocumented read-only web-client endpoint
Her Majesty & The Wolves [3IWIrpfc2YpRdfFwoRxt5j],,3IWIrpfc2YpRdfFwoRxt5j,Her Majesty & The Wolves,233,932,0,2026-07-18T20:45:22.974241+00:00,Spotify web-player queryArtistOverview,undocumented read-only web-client endpoint
Her Name Is Calla [5T4PUHbhqRuBnNXE0GJeUy],,5T4PUHbhqRuBnNXE0GJeUy,Her Name Is Calla,4155,11064,0,2026-07-18T20:45:22.974241+00:00,Spotify web-player queryArtistOverview,undocumented read-only web-client endpoint
Heresy [0pT4Z78fyJMkR78bFmhxIU],,0pT4Z78fyJMkR78bFmhxIU,Heresy,4022,16300,0,2026-07-18T20:45:22.974241+00:00,Spotify web-player queryArtistOverview,undocumented read-only web-client endpoint
Herman's Hermits [48YxSlb23RAaCd4RyHcV9V],,48YxSlb23RAaCd4RyHcV9V,Herman's Hermits,843685,542791,0,2026-07-18T20:45:22.974241+00:00,Spotify web-player queryArtistOverview,undocumented read-only web-client endpoint
Hidden Orchestra [4Rj2COYs5hQsw8rYIxSviz],,4Rj2COYs5hQsw8rYIxSviz,Hidden Orchestra,127742,107943,0,2026-07-18T20:45:22.974241+00:00,Spotify web-player queryArtistOverview,undocumented read-only web-client endpoint
Hidden Youth [14HMcD6e7VQ2Te84b9ms5O],,14HMcD6e7VQ2Te84b9ms5O,Hidden Youth,318,201,0,2026-07-18T20:45:22.974241+00:00,Spotify web-player queryArtistOverview,undocumented read-only web-client endpoint
Hilliard Ensemble [0L8W3JzyTX29RLKZgc3bqS],,0L8W3JzyTX29RLKZgc3bqS,The Hilliard Ensemble,93480,27136,0,2026-07-18T20:45:22.974241+00:00,Spotify web-player queryArtistOverview,undocumented read-only web-client endpoint
Hobotalk [0FcPZAyfRsW8NwLBecKZ1d],,0FcPZAyfRsW8NwLBecKZ1d,Hobotalk,64,322,0,2026-07-18T20:45:22.974241+00:00,Spotify web-player queryArtistOverview,undocumented read-only web-client endpoint
Holocaust [6NwP3xfmDDnxqeLsSUzaS4],,6NwP3xfmDDnxqeLsSUzaS4,Holocaust,762,2884,0,2026-07-18T20:45:22.974241+00:00,Spotify web-player queryArtistOverview,undocumented read-only web-client endpoint
Honeybus [5jSbiP9GtHrT2doGLJqbKu],,5jSbiP9GtHrT2doGLJqbKu,Honeybus,20471,6001,0,2026-07-18T20:45:22.974241+00:00,Spotify web-player queryArtistOverview,undocumented read-only web-client endpoint
Honeycrack [5p1dXBQpnQItQOO8SkC0c4],,5p1dXBQpnQItQOO8SkC0c4,Honeycrack,932,3172,0,2026-07-18T20:45:22.974241+00:00,Spotify web-player queryArtistOverview,undocumented read-only web-client endpoint
Honeyz [3Ps27dDfvubd75rh5A0wz9],,3Ps27dDfvubd75rh5A0wz9,Honeyz,119707,93205,0,2026-07-18T20:45:22.974241+00:00,Spotify web-player queryArtistOverview,undocumented read-only web-client endpoint
Host [7pSMKyct9zQiixsNr48rr4],,7pSMKyct9zQiixsNr48rr4,HOST,5006,13130,0,2026-07-18T20:45:22.974241+00:00,Spotify web-player queryArtistOverview,undocumented read-only web-client endpoint
Hot Chip [37uLId6Z5ZXCx19vuruvv5],,37uLId6Z5ZXCx19vuruvv5,Hot Chip,912686,723814,0,2026-07-18T20:45:22.974241+00:00,Spotify web-player queryArtistOverview,undocumented read-only web-client endpoint
Hot Chocolate [6doNBBAbIp88Tl7HxR0BJr],,6doNBBAbIp88Tl7HxR0BJr,Skylark,68,29,0,2026-07-18T20:45:22.974241+00:00,Spotify web-player queryArtistOverview,undocumented read-only web-client endpoint
Hot Chocolate [72VzFto8DYvKHocaHYNWSi],,72VzFto8DYvKHocaHYNWSi,Hot Chocolate,5017699,393132,0,2026-07-18T20:45:22.974241+00:00,Spotify web-player queryArtistOverview,undocumented read-only web-client endpoint
Hot Milk [1koutXdSFq2PHqtxSWj9tK],,1koutXdSFq2PHqtxSWj9tK,Hot Milk,353065,170694,0,2026-07-18T20:45:22.974241+00:00,Spotify web-player queryArtistOverview,undocumented read-only web-client endpoint
Hudson People [4Gq2njeNuSrg6dVZZkXUXA],,4Gq2njeNuSrg6dVZZkXUXA,Hudson People,5171,1278,0,2026-07-18T20:45:22.974241+00:00,Spotify web-player queryArtistOverview,undocumented read-only web-client endpoint
Huggy Bear [6QU6LPYJcoBRZhC2qpPfpv],,6QU6LPYJcoBRZhC2qpPfpv,Huggy Bear,1697,13723,0,2026-07-18T20:45:22.974241+00:00,Spotify web-player queryArtistOverview,undocumented read-only web-client endpoint
Humble Pie [2CxLP749mup3ncPrXgCnvU],,2CxLP749mup3ncPrXgCnvU,Humble Pie,234347,375622,0,2026-07-18T20:45:22.974241+00:00,Spotify web-player queryArtistOverview,undocumented read-only web-client endpoint
Hurricane #1 [6vMDsKUbY5Rs1oG27dAUIi],,6vMDsKUbY5Rs1oG27dAUIi,Hurricane #1,14083,10060,0,2026-07-18T20:45:22.974241+00:00,Spotify web-player queryArtistOverview,undocumented read-only web-client endpoint
Hurts [3w4VAlllkAWI6m0AV0Gn6a],,3w4VAlllkAWI6m0AV0Gn6a,Hurts,4854547,380397,0,2026-07-18T20:45:22.974241+00:00,Spotify web-player queryArtistOverview,undocumented read-only web-client endpoint
Hybrid [2MYN7OKnlCiZ0wrwp2A1ox],,2MYN7OKnlCiZ0wrwp2A1ox,Hybrid,134319,59042,0,2026-07-18T20:45:22.974241+00:00,Spotify web-player queryArtistOverview,undocumented read-only web-client endpoint
I Blame Coco [4OCKbm0yHaHTo6jjy8rMtL],,4OCKbm0yHaHTo6jjy8rMtL,I Blame Coco,14152,13890,0,2026-07-18T20:45:22.974241+00:00,Spotify web-player queryArtistOverview,undocumented read-only web-client endpoint
I Fagiolini [29PQuxZmOcagPnvmcojT7l],,29PQuxZmOcagPnvmcojT7l,I Fagiolini,4092,2068,0,2026-07-18T20:45:22.974241+00:00,Spotify web-player queryArtistOverview,undocumented read-only web-client endpoint
I Start Counting [6vF7kyDCH1mmOuqUtdUIYL],,6vF7kyDCH1mmOuqUtdUIYL,I Start Counting,2176,1791,0,2026-07-18T20:45:22.974241+00:00,Spotify web-player queryArtistOverview,undocumented read-only web-client endpoint
IAMX [223iUzG0kb5V166FJP9ovD],,223iUzG0kb5V166FJP9ovD,IAMX,750077,246831,0,2026-07-18T20:45:22.974241+00:00,Spotify web-player queryArtistOverview,undocumented read-only web-client endpoint
Ibibio Sound Machine [4J6CnIqPEtWYn3la2YYj2c],,4J6CnIqPEtWYn3la2YYj2c,Ibibio Sound Machine,77200,63292,0,2026-07-18T20:45:22.974241+00:00,Spotify web-player queryArtistOverview,undocumented read-only web-client endpoint
Icarus [0PDSR92MSuuyre6j9ngj7z],,0PDSR92MSuuyre6j9ngj7z,Icarus,464,1240,0,2026-07-18T20:45:22.974241+00:00,Spotify web-player queryArtistOverview,undocumented read-only web-client endpoint
Idles [75mafsNqNE1WSEVxIKuY5C],,75mafsNqNE1WSEVxIKuY5C,IDLES,1060008,893225,0,2026-07-18T20:45:22.974241+00:00,Spotify web-player queryArtistOverview,undocumented read-only web-client endpoint
Idlewild [1xdB9gS1NrKEYgZUEfoqIw],,1xdB9gS1NrKEYgZUEfoqIw,Idlewild,89257,72943,0,2026-07-18T20:45:22.974241+00:00,Spotify web-player queryArtistOverview,undocumented read-only web-client endpoint
Ignominious Incarceration [4x7qUR64FFfUx7bteNFPwY],,4x7qUR64FFfUx7bteNFPwY,Ignominious Incarceration,575,4084,0,2026-07-18T20:45:22.974241+00:00,Spotify web-player queryArtistOverview,undocumented read-only web-client endpoint
Il Divo [3KNZ9AOjBajjmr6ZR2VGfl],,3KNZ9AOjBajjmr6ZR2VGfl,Il Divo,977922,966587,0,2026-07-18T20:45:22.974241+00:00,Spotify web-player queryArtistOverview,undocumented read-only web-client endpoint
Ill Considered [2nSY0EIzz3eM6Y6Pc7VXkO],,2nSY0EIzz3eM6Y6Pc7VXkO,Ill Considered,18598,30385,0,2026-07-18T20:45:22.974241+00:00,Spotify web-player queryArtistOverview,undocumented read-only web-client endpoint
Imagination [2CkhxuagMCG9uvlbKm5G3m],,2CkhxuagMCG9uvlbKm5G3m,Imagination,1083676,139019,0,2026-07-18T20:45:22.974241+00:00,Spotify web-player queryArtistOverview,undocumented read-only web-client endpoint
InMe [6EXjdbEiqhPzodtf7MtVos],,6EXjdbEiqhPzodtf7MtVos,InMe,22041,24141,0,2026-07-18T20:45:22.974241+00:00,Spotify web-player queryArtistOverview,undocumented read-only web-client endpoint
Incognito [5moJNCJeiNwuQAhDLJXULs],,5moJNCJeiNwuQAhDLJXULs,Incognito,401799,231010,0,2026-07-18T20:45:22.974241+00:00,Spotify web-player queryArtistOverview,undocumented read-only web-client endpoint
Indoor Pets [5abBw7CgjR22S31JWg0g84],,5abBw7CgjR22S31JWg0g84,Indoor Pets,2147,10035,0,2026-07-18T20:45:22.974241+00:00,Spotify web-player queryArtistOverview,undocumented read-only web-client endpoint
Inglorious [5BxR80mpdn8MmHgzKVtiP7],,5BxR80mpdn8MmHgzKVtiP7,Inglorious,26228,39573,0,2026-07-18T20:45:22.974241+00:00,Spotify web-player queryArtistOverview,undocumented read-only web-client endpoint
Inklings [1JVKHz34Aq1bPMlSO8bR6v],,1JVKHz34Aq1bPMlSO8bR6v,Inklings,381,1197,0,2026-07-18T20:45:22.974241+00:00,Spotify web-player queryArtistOverview,undocumented read-only web-client endpoint
InsideInfo [4HVopeHcb4aGTBsfIRrRcQ],,4HVopeHcb4aGTBsfIRrRcQ,InsideInfo,39084,25281,0,2026-07-18T20:45:22.974241+00:00,Spotify web-player queryArtistOverview,undocumented read-only web-client endpoint
Inspiral Carpets [66GWpx9iLxrvvfhDsG9STP],,66GWpx9iLxrvvfhDsG9STP,Inspiral Carpets,285082,169178,0,2026-07-18T20:45:22.974241+00:00,Spotify web-player queryArtistOverview,undocumented read-only web-client endpoint
Iron Maiden [6mdiAmATAx73kdxrNrnlao],,6mdiAmATAx73kdxrNrnlao,Iron Maiden,9029433,10931269,0,2026-07-18T20:45:22.974241+00:00,Spotify web-player queryArtistOverview,undocumented read-only web-client endpoint
Iron Monkey [5Qfqa9FeOchAWt6kfuvZbY],,5Qfqa9FeOchAWt6kfuvZbY,Iron Monkey,22470,32754,0,2026-07-18T20:45:22.974241+00:00,Spotify web-player queryArtistOverview,undocumented read-only web-client endpoint
Is Tropical [148ujrGRexnhpqhRiw0rDi],,148ujrGRexnhpqhRiw0rDi,IS TROPICAL,54757,43588,0,2026-07-18T20:45:22.974241+00:00,Spotify web-player queryArtistOverview,undocumented read-only web-client endpoint
JBAG [3bkVz70Wb5WN0PKbT70o7R],,3bkVz70Wb5WN0PKbT70o7R,JBAG,9433,848,0,2026-07-18T20:45:22.974241+00:00,Spotify web-player queryArtistOverview,undocumented read-only web-client endpoint
JLS [5xi3SZpllRPAkoPVbjB6nc],,5xi3SZpllRPAkoPVbjB6nc,JLS,591899,520107,0,2026-07-18T20:45:22.974241+00:00,Spotify web-player queryArtistOverview,undocumented read-only web-client endpoint
Jack Beats [5dUIQXIt7WeBKpETFZyTFW],,5dUIQXIt7WeBKpETFZyTFW,Jack Beats,56114,33729,0,2026-07-18T20:45:22.974241+00:00,Spotify web-player queryArtistOverview,undocumented read-only web-client endpoint
Jack Pack [46D6jDorvqXBg0tIypK7AR],,46D6jDorvqXBg0tIypK7AR,Jack Pack,607,2348,0,2026-07-18T20:45:22.974241+00:00,Spotify web-player queryArtistOverview,undocumented read-only web-client endpoint
Jack [5FVGmU28BqhbcYkfYSzlAN],,5FVGmU28BqhbcYkfYSzlAN,Jack,1421,2512,0,2026-07-18T20:45:22.974241+00:00,Spotify web-player queryArtistOverview,undocumented read-only web-client endpoint
Jackviper [0w5xIE942aKs36l3xZ9JPB],,0w5xIE942aKs36l3xZ9JPB,JackViper,21,240,0,2026-07-18T20:45:22.974241+00:00,Spotify web-player queryArtistOverview,undocumented read-only web-client endpoint
Jade Warrior [6EM2kLJfgXV0KGffb0hW4a],,6EM2kLJfgXV0KGffb0hW4a,Jade Warrior,5413,12264,0,2026-07-18T20:45:22.974241+00:00,Spotify web-player queryArtistOverview,undocumented read-only web-client endpoint
Jaded [6tCJN1fQNdFCEaOa8Da9Wf],,6tCJN1fQNdFCEaOa8Da9Wf,JADED,891067,55678,0,2026-07-18T20:45:22.974241+00:00,Spotify web-player queryArtistOverview,undocumented read-only web-client endpoint
Jadu Heart [7vjRpVXoecwKTEsrb9iscj],,7vjRpVXoecwKTEsrb9iscj,Jadu Heart,1279776,169564,0,2026-07-18T20:45:22.974241+00:00,Spotify web-player queryArtistOverview,undocumented read-only web-client endpoint
James [0qLNsNKm8bQcMoRFkR8Hmh],,0qLNsNKm8bQcMoRFkR8Hmh,James,2205349,661228,0,2026-07-18T20:45:22.974241+00:00,Spotify web-player queryArtistOverview,undocumented read-only web-client endpoint
James and the Cold Gun [5YFIVhzlaYH9Yadjw9gSUx],,5YFIVhzlaYH9Yadjw9gSUx,James and the Cold Gun,34074,12359,0,2026-07-18T20:45:22.974241+00:00,Spotify web-player queryArtistOverview,undocumented read-only web-client endpoint
Jamiroquai [6J7biCazzYhU3gM9j1wfid],,6J7biCazzYhU3gM9j1wfid,Jamiroquai,9068742,3053662,0,2026-07-18T20:45:22.974241+00:00,Spotify web-player queryArtistOverview,undocumented read-only web-client endpoint
Janus Stark [35ywrI6y0uJlytgs64mRu0],,35ywrI6y0uJlytgs64mRu0,Janus Stark,3581,1466,0,2026-07-18T20:45:22.974241+00:00,Spotify web-player queryArtistOverview,undocumented read-only web-client endpoint
Janus [6X4SEEVMi4yPrRsXQeTA2Y],,6X4SEEVMi4yPrRsXQeTA2Y,Janus,457,1006,0,2026-07-18T20:45:22.974241+00:00,Spotify web-player queryArtistOverview,undocumented read-only web-client endpoint
Japan [7vPXrGlSGukcwpaPxUfKKR],,7vPXrGlSGukcwpaPxUfKKR,Japan,183396,251906,0,2026-07-18T20:45:22.974241+00:00,Spotify web-player queryArtistOverview,undocumented read-only web-client endpoint
Jellicoe [5r9r0nrNAvwmBQZxftliDV],,5r9r0nrNAvwmBQZxftliDV,Jellicoe,9,99,0,2026-07-18T20:45:22.974241+00:00,Spotify web-player queryArtistOverview,undocumented read-only web-client endpoint
Jesu [1binm59tmJzoZLvLETVYBP],,1binm59tmJzoZLvLETVYBP,Jesu,22885,70005,0,2026-07-18T20:45:22.974241+00:00,Spotify web-player queryArtistOverview,undocumented read-only web-client endpoint
Jesus Jones [0roeI3yPusDWwWRzAqTopw],,0roeI3yPusDWwWRzAqTopw,Jesus Jones,280634,66527,0,2026-07-18T20:45:22.974241+00:00,Spotify web-player queryArtistOverview,undocumented read-only web-client endpoint
Jethro Tull [6w6z8m4WXX7Tub4Rb6Lu7R],,6w6z8m4WXX7Tub4Rb6Lu7R,Jethro Tull,1535908,2025126,0,2026-07-18T20:45:22.974241+00:00,Spotify web-player queryArtistOverview,undocumented read-only web-client endpoint
Jive Bunny and the Mastermixers [4GzIiGnHYrOnq2LUiD6zdo],,4GzIiGnHYrOnq2LUiD6zdo,Jive Bunny and the Mastermixers,294182,63077,0,2026-07-18T20:45:22.974241+00:00,Spotify web-player queryArtistOverview,undocumented read-only web-client endpoint
JoBoxers [6lONz9iABy1tb7Nl9FAOZG],,6lONz9iABy1tb7Nl9FAOZG,Jo Boxers,89557,5236,0,2026-07-18T20:45:22.974241+00:00,Spotify web-player queryArtistOverview,undocumented read-only web-client endpoint
Jocasta [3FqpJdkbrQQ85tqeJSodlj],,3FqpJdkbrQQ85tqeJSodlj,Jocasta,226,317,0,2026-07-18T20:45:22.974241+00:00,Spotify web-player queryArtistOverview,undocumented read-only web-client endpoint
Jockstrap [6S3Z6Me30mtdm526H17v8k],,6S3Z6Me30mtdm526H17v8k,Jockstrap,85520,114087,0,2026-07-18T20:45:22.974241+00:00,Spotify web-player queryArtistOverview,undocumented read-only web-client endpoint
John Barry Orchestra [0RY2EG9XPPwZOliIkTOiog],,0RY2EG9XPPwZOliIkTOiog,John Barry Orchestra,41030,12325,0,2026-07-18T20:45:22.974241+00:00,Spotify web-player queryArtistOverview,undocumented read-only web-client endpoint
John Foxx and the Maths [2oWQf70OC3PEPbCa6Hp028],,2oWQf70OC3PEPbCa6Hp028,John Foxx & The Maths,1655,2939,0,2026-07-18T20:45:22.974241+00:00,Spotify web-player queryArtistOverview,undocumented read-only web-client endpoint
John Mayall & the Bluesbreakers [2ScuQMRWThcifBRIvNDFDC],,2ScuQMRWThcifBRIvNDFDC,John Mayall & The Bluesbreakers,316818,446310,0,2026-07-18T20:45:22.974241+00:00,Spotify web-player queryArtistOverview,undocumented read-only web-client endpoint
John Wilson Orchestra [4FSqA5w4tlXuaxoHHQVO0J],,4FSqA5w4tlXuaxoHHQVO0J,The John Wilson Orchestra,10353,3415,0,2026-07-18T20:45:22.974241+00:00,Spotify web-player queryArtistOverview,undocumented read-only web-client endpoint
Johnny Duncan & His Blue Grass Boys [0EaqmDH8gpL6wTbYiWUwF6],,5fEbMt6fvVtVp9RGkNWU5k,Johnny Duncan & The Blue Grass Boys,3728,1098,0,2026-07-18T20:45:22.974241+00:00,Spotify web-player queryArtistOverview,undocumented read-only web-client endpoint
Johnny Duncan & His Blue Grass Boys [0uE9N7exed1DH7Iur6Wqmj],,0uE9N7exed1DH7Iur6Wqmj,Johnny Duncan & His Blues Grass Boys,2,8,0,2026-07-18T20:45:22.974241+00:00,Spotify web-player queryArtistOverview,undocumented read-only web-client endpoint
Johnny Duncan & His Blue Grass Boys [51fGBL33bwLm8Qw3t1PI1y],,5fEbMt6fvVtVp9RGkNWU5k,Johnny Duncan & The Blue Grass Boys,3728,1098,0,2026-07-18T20:45:22.974241+00:00,Spotify web-player queryArtistOverview,undocumented read-only web-client endpoint
Johnny Duncan & His Blue Grass Boys [5lBI67vR6gjByzujBbGZTA],,5lBI67vR6gjByzujBbGZTA,Johnny Duncan & His Blue Grass Boys,113,37,0,2026-07-18T20:45:22.974241+00:00,Spotify web-player queryArtistOverview,undocumented read-only web-client endpoint
Johnny Duncan & His Blue Grass Boys [5z7Ol0jqkbDTG7fOh5Hjnl],,5z7Ol0jqkbDTG7fOh5Hjnl,Johnny Duncan And His Blue Grass Boys,2,23,0,2026-07-18T20:45:22.974241+00:00,Spotify web-player queryArtistOverview,undocumented read-only web-client endpoint
Johnny Hates Jazz [6zpPKMhpOoG646kJgZ7RKf],,6zpPKMhpOoG646kJgZ7RKf,Johnny Hates Jazz,1399373,249325,0,2026-07-18T20:45:22.974241+00:00,Spotify web-player queryArtistOverview,undocumented read-only web-client endpoint
Johnny Kidd & the Pirates [52y1cRHUkI0kQqIXCg6JuZ],,52y1cRHUkI0kQqIXCg6JuZ,Johnny Kidd & The Pirates,300280,37258,0,2026-07-18T20:45:22.974241+00:00,Spotify web-player queryArtistOverview,undocumented read-only web-client endpoint
Johnny Truant [6AqsSmGjWzRdylkPp9MKWU],,6AqsSmGjWzRdylkPp9MKWU,Johnny Truant,954,3670,0,2026-07-18T20:45:22.974241+00:00,Spotify web-player queryArtistOverview,undocumented read-only web-client endpoint
Jon and Vangelis [5gS1uXayWA0WJPgcRqNIae],,5gS1uXayWA0WJPgcRqNIae,Jon & Vangelis,215210,216463,0,2026-07-18T20:45:22.974241+00:00,Spotify web-player queryArtistOverview,undocumented read-only web-client endpoint
Joy Division [432R46LaYsJZV2Gmc4jUV5],,432R46LaYsJZV2Gmc4jUV5,Joy Division,4140711,2965374,0,2026-07-18T20:45:22.974241+00:00,Spotify web-player queryArtistOverview,undocumented read-only web-client endpoint
Judas Priest [2tRsMl4eGxwoNabM08Dm4I],,2tRsMl4eGxwoNabM08Dm4I,Judas Priest,4112763,4744039,0,2026-07-18T20:45:22.974241+00:00,Spotify web-player queryArtistOverview,undocumented read-only web-client endpoint
Jungle [59oA5WbbQvomJz2BuRG071],,59oA5WbbQvomJz2BuRG071,Jungle,11614048,1886516,0,2026-07-18T20:45:22.974241+00:00,Spotify web-player queryArtistOverview,undocumented read-only web-client endpoint
Juno Reactor [1Pe3z1UqRzKsQtHsl25dm6],,1Pe3z1UqRzKsQtHsl25dm6,Juno Reactor,212577,99783,0,2026-07-18T20:45:22.974241+00:00,Spotify web-player queryArtistOverview,undocumented read-only web-client endpoint
K-Klass [4O1s9iVG46lSn1mD9ek1ES],,4O1s9iVG46lSn1mD9ek1ES,K-Klass,486338,26378,0,2026-07-18T20:45:22.974241+00:00,Spotify web-player queryArtistOverview,undocumented read-only web-client endpoint
KAPUTT [0fDdKfaTD2KmHjZapDB8yy],,0fDdKfaTD2KmHjZapDB8yy,Kaputt,199,2048,0,2026-07-18T20:45:22.974241+00:00,Spotify web-player queryArtistOverview,undocumented read-only web-client endpoint
KK's Priest [0bDUXDIVbwZC0NVw26b4D3],,0bDUXDIVbwZC0NVw26b4D3,KK's Priest,17567,46227,0,2026-07-18T20:45:22.974241+00:00,Spotify web-player queryArtistOverview,undocumented read-only web-client endpoint
KOAN Sound [1NCLweIUpq8knzemBwAwoo],,1NCLweIUpq8knzemBwAwoo,KOAN Sound,88384,121601,0,2026-07-18T20:45:22.974241+00:00,Spotify web-player queryArtistOverview,undocumented read-only web-client endpoint
Kagoule [241hv7ZoEm7iE2GrHIkLs8],,241hv7ZoEm7iE2GrHIkLs8,Kagoule,881,5583,0,2026-07-18T20:45:22.974241+00:00,Spotify web-player queryArtistOverview,undocumented read-only web-client endpoint
Kaiser Chiefs [0LbLWjaweRbO4FDKYlbfNt],,0LbLWjaweRbO4FDKYlbfNt,Kaiser Chiefs,2999896,1422089,0,2026-07-18T20:45:22.974241+00:00,Spotify web-player queryArtistOverview,undocumented read-only web-client endpoint
Kajagoogoo [0f3kLT4wvi2mFHlHJgV8Hl],,0f3kLT4wvi2mFHlHJgV8Hl,Kajagoogoo,797085,292881,0,2026-07-18T20:45:22.974241+00:00,Spotify web-player queryArtistOverview,undocumented read-only web-client endpoint
Kaputt [6ix8jGMJihstYhpFP3sNDW],,6ix8jGMJihstYhpFP3sNDW,Kaputt,22,50,0,2026-07-18T20:45:22.974241+00:00,Spotify web-player queryArtistOverview,undocumented read-only web-client endpoint
Kareful [7y4breKexfBWgdyMgHMEHK],,7y4breKexfBWgdyMgHMEHK,Kareful,162343,17678,0,2026-07-18T20:45:22.974241+00:00,Spotify web-player queryArtistOverview,undocumented read-only web-client endpoint
Karybdis [4Ftbf9iUvrmbXu77zhDcNn],,4Ftbf9iUvrmbXu77zhDcNn,Karybdis,231,1724,0,2026-07-18T20:45:22.974241+00:00,Spotify web-player queryArtistOverview,undocumented read-only web-client endpoint
Kasabian [11wRdbnoYqRddKBrpHt4Ue],,11wRdbnoYqRddKBrpHt4Ue,Kasabian,3649101,1926968,0,2026-07-18T20:45:22.974241+00:00,Spotify web-player queryArtistOverview,undocumented read-only web-client endpoint
Katrina and the Waves [2TzHIUhVpeeDxyJPpQfnV3],,2TzHIUhVpeeDxyJPpQfnV3,Katrina & The Waves,5671000,171867,0,2026-07-18T20:45:22.974241+00:00,Spotify web-player queryArtistOverview,undocumented read-only web-client endpoint
Keane [53A0W3U0s8diEn9RhXQhVz],,53A0W3U0s8diEn9RhXQhVz,Keane,23259577,4211743,348,2026-07-18T20:45:22.974241+00:00,Spotify web-player queryArtistOverview,undocumented read-only web-client endpoint
Keleketla! [7jIuM7cuEe0bBfoNhISVXU],,7jIuM7cuEe0bBfoNhISVXU,Keleketla!,12882,8798,0,2026-07-18T20:45:22.974241+00:00,Spotify web-player queryArtistOverview,undocumented read-only web-client endpoint
Kemistry & Storm [1teWan38Bwq7I33ZJ4Meba],,1teWan38Bwq7I33ZJ4Meba,Kemistry & Storm,4781,2546,0,2026-07-18T20:45:22.974241+00:00,Spotify web-player queryArtistOverview,undocumented read-only web-client endpoint
Ken Thorne and His Orchestra [5LPtqzEQkHgUXJ9VkIUsaU],,5LPtqzEQkHgUXJ9VkIUsaU,Ken Thorne and His Orchestra,31,30,0,2026-07-18T20:45:22.974241+00:00,Spotify web-player queryArtistOverview,undocumented read-only web-client endpoint
Ken Thorne and His Orchestra [6YtWlG6oVua9wGMOverSb6],,6YtWlG6oVua9wGMOverSb6,Ken Thorne & His Orchestra,59,47,0,2026-07-18T20:45:22.974241+00:00,Spotify web-player queryArtistOverview,undocumented read-only web-client endpoint
Kenickie [6yG0k5r13th34248rCB8Bz],,6yG0k5r13th34248rCB8Bz,Kenickie,4644,9603,0,2026-07-18T20:45:22.974241+00:00,Spotify web-player queryArtistOverview,undocumented read-only web-client endpoint
Kenny Ball and his Jazzmen [1gv1pJZUv6mZIaYRezXE3C],,1gv1pJZUv6mZIaYRezXE3C,Kenny Ball & His Jazzmen,29795,4422,0,2026-07-18T20:45:22.974241+00:00,Spotify web-player queryArtistOverview,undocumented read-only web-client endpoint
Kero Kero Bonito [6OqhFYFJDnBBHas02HopPT],,6OqhFYFJDnBBHas02HopPT,Kero Kero Bonito,1201107,611925,0,2026-07-18T20:45:22.974241+00:00,Spotify web-player queryArtistOverview,undocumented read-only web-client endpoint
Kerosene Cocktail [74Ftx76Z3Aw2dCu04Tp4Pt],,74Ftx76Z3Aw2dCu04Tp4Pt,Kerosene Cocktail,212,299,0,2026-07-18T20:45:22.974241+00:00,Spotify web-player queryArtistOverview,undocumented read-only web-client endpoint
Kidz Bop [1Vvvx45Apu6dQqwuZQxtgW],,1Vvvx45Apu6dQqwuZQxtgW,Kidz Bop Kids,1532899,1397922,0,2026-07-18T20:45:22.974241+00:00,Spotify web-player queryArtistOverview,undocumented read-only web-client endpoint
Kill the Lights [2b2c6xP76y8HCLiovv7kIZ],,2b2c6xP76y8HCLiovv7kIZ,Kill The Lights,48704,30730,0,2026-07-18T20:45:22.974241+00:00,Spotify web-player queryArtistOverview,undocumented read-only web-client endpoint
Kill the Young [7vWapDFmkEQubhCvbpJH8V],,7vWapDFmkEQubhCvbpJH8V,Kill The Young,3461,4117,0,2026-07-18T20:45:22.974241+00:00,Spotify web-player queryArtistOverview,undocumented read-only web-client endpoint
Killing Joke [0Zy4ncr8h1jd7Nzr9946fD],,0Zy4ncr8h1jd7Nzr9946fD,Killing Joke,538563,397648,0,2026-07-18T20:45:22.974241+00:00,Spotify web-player queryArtistOverview,undocumented read-only web-client endpoint
King Adora [132AWET8n6hi0ACZ8k9ER1],,132AWET8n6hi0ACZ8k9ER1,King Adora,3359,2636,0,2026-07-18T20:45:22.974241+00:00,Spotify web-player queryArtistOverview,undocumented read-only web-client endpoint
King Creature [46QhoDm6p3GxNv4c3rcDbc],,46QhoDm6p3GxNv4c3rcDbc,King Creature,644,2347,0,2026-07-18T20:45:22.974241+00:00,Spotify web-player queryArtistOverview,undocumented read-only web-client endpoint
King Crimson [7M1FPw29m5FbicYzS2xdpi],,7M1FPw29m5FbicYzS2xdpi,King Crimson,1036506,1414122,0,2026-07-18T20:45:22.974241+00:00,Spotify web-player queryArtistOverview,undocumented read-only web-client endpoint
King Hannah [7t00AYOoiQrcgNlpTkNer6],,7t00AYOoiQrcgNlpTkNer6,King Hannah,102030,63768,0,2026-07-18T20:45:22.974241+00:00,Spotify web-player queryArtistOverview,undocumented read-only web-client endpoint
King King [4SXsNXgRundFdewI58vbZT],,4SXsNXgRundFdewI58vbZT,King King,182479,31218,0,2026-07-18T20:45:22.974241+00:00,Spotify web-player queryArtistOverview,undocumented read-only web-client endpoint
Kingmaker [11AkBmwCjqWISY2MRhlhhM],,11AkBmwCjqWISY2MRhlhhM,Kingmaker,7610,9420,0,2026-07-18T20:45:22.974241+00:00,Spotify web-player queryArtistOverview,undocumented read-only web-client endpoint
Kings of the City [7FWu3peCUoaSGOc4PwxwTH],,7FWu3peCUoaSGOc4PwxwTH,Kings Of The City,43136,6557,0,2026-07-18T20:45:22.974241+00:00,Spotify web-player queryArtistOverview,undocumented read-only web-client endpoint
Kiss of the Gypsy [01l9qmajPxBADBW8tSPwTL],,01l9qmajPxBADBW8tSPwTL,Kiss Of The Gypsy,317,1098,0,2026-07-18T20:45:22.974241+00:00,Spotify web-player queryArtistOverview,undocumented read-only web-client endpoint
Kissing the Pink [5B9MfAU2KZlyvsofev6XXR],,5B9MfAU2KZlyvsofev6XXR,Kissing The Pink,33343,10782,0,2026-07-18T20:45:22.974241+00:00,Spotify web-player queryArtistOverview,undocumented read-only web-client endpoint
Klaxons [2qlAMLpUyBjZgnzuFXXZXI],,2qlAMLpUyBjZgnzuFXXZXI,Klaxons,791164,327144,0,2026-07-18T20:45:22.974241+00:00,Spotify web-player queryArtistOverview,undocumented read-only web-client endpoint
Klimeks [5JQljNQvDpk1hhKpJHpwNU],,5JQljNQvDpk1hhKpJHpwNU,Klimeks,51676,31584,0,2026-07-18T20:45:22.974241+00:00,Spotify web-player queryArtistOverview,undocumented read-only web-client endpoint
Kneecap [1ZVACPeq7ccGCoUXwtafUU],,1ZVACPeq7ccGCoUXwtafUU,KNEECAP,1263438,558490,0,2026-07-18T20:45:22.974241+00:00,Spotify web-player queryArtistOverview,undocumented read-only web-client endpoint
Kokoroko [3u9rbdcmA6CxjxOAkjaeFr],,3u9rbdcmA6CxjxOAkjaeFr,Kokoroko,813289,405946,0,2026-07-18T20:45:22.974241+00:00,Spotify web-player queryArtistOverview,undocumented read-only web-client endpoint
Komputer [1gEqsqT3mT13pTcUhEyzzs],,1gEqsqT3mT13pTcUhEyzzs,Komputer,844,2880,0,2026-07-18T20:45:22.974241+00:00,Spotify web-player queryArtistOverview,undocumented read-only web-client endpoint
Konflict [020C1LBIvJb2xaiCuFMH97],,020C1LBIvJb2xaiCuFMH97,Konflict,9488,12496,0,2026-07-18T20:45:22.974241+00:00,Spotify web-player queryArtistOverview,undocumented read-only web-client endpoint
Koven [3UCbp6D1lvILlxRJT9LnFa],,3UCbp6D1lvILlxRJT9LnFa,Koven,1057644,149136,0,2026-07-18T20:45:22.974241+00:00,Spotify web-player queryArtistOverview,undocumented read-only web-client endpoint
Krept and Konan [31lnFZEM6ysvjOx59VyxRE],,31lnFZEM6ysvjOx59VyxRE,Krept & Konan,1367407,506547,0,2026-07-18T20:45:22.974241+00:00,Spotify web-player queryArtistOverview,undocumented read-only web-client endpoint
Krush [5h4ZG8K8cF4G7t0yA95QRa],,5h4ZG8K8cF4G7t0yA95QRa,Krush,5636,545,0,2026-07-18T20:45:22.974241+00:00,Spotify web-player queryArtistOverview,undocumented read-only web-client endpoint
Kula Shaker [6bGcpvHbRHg8s0wiNyIZK1],,6bGcpvHbRHg8s0wiNyIZK1,Kula Shaker,387963,266533,0,2026-07-18T20:45:22.974241+00:00,Spotify web-player queryArtistOverview,undocumented read-only web-client endpoint
L'objectif [7dB5TtNG9BHNj4QCfS0SQg],,7dB5TtNG9BHNj4QCfS0SQg,L'objectif,4235,7969,0,2026-07-18T20:45:22.974241+00:00,Spotify web-player queryArtistOverview,undocumented read-only web-client endpoint
LF System [0HxX6imltnNXJyQhu4nsiO],,0HxX6imltnNXJyQhu4nsiO,LF SYSTEM,5611864,113693,0,2026-07-18T20:45:22.974241+00:00,Spotify web-player queryArtistOverview,undocumented read-only web-client endpoint
LFO [2M0T4a1pkOC5nifN9W6e9e],,2M0T4a1pkOC5nifN9W6e9e,LFO,76989,57583,0,2026-07-18T20:45:22.974241+00:00,Spotify web-player queryArtistOverview,undocumented read-only web-client endpoint
LMC [69QKcDt724e93ZYkBSjsYP],,69QKcDt724e93ZYkBSjsYP,LMC,593636,10262,0,2026-07-18T20:45:22.974241+00:00,Spotify web-player queryArtistOverview,undocumented read-only web-client endpoint
LSD [6IZ4ctovY9dl7bgHClAvKJ],,6IZ4ctovY9dl7bgHClAvKJ,LSD,4191261,387536,0,2026-07-18T20:45:22.974241+00:00,Spotify web-player queryArtistOverview,undocumented read-only web-client endpoint
La Roux [3K2zB87GZv1krx031en5VA],,3K2zB87GZv1krx031en5VA,La Roux,6858904,712440,0,2026-07-18T20:45:22.974241+00:00,Spotify web-player queryArtistOverview,undocumented read-only web-client endpoint
La Serenissima [15PIcAgtP1zCipRK3sniUN],,15PIcAgtP1zCipRK3sniUN,La Serenissima,840773,10706,0,2026-07-18T20:45:22.974241+00:00,Spotify web-player queryArtistOverview,undocumented read-only web-client endpoint
Lady Maisery [51acqTphIRISfi3F1ly3jn],,51acqTphIRISfi3F1ly3jn,Lady Maisery,5139,9681,0,2026-07-18T20:45:22.974241+00:00,Spotify web-player queryArtistOverview,undocumented read-only web-client endpoint
Ladytron [0ucLPotcQNI7AViFytdhBz],,0ucLPotcQNI7AViFytdhBz,Ladytron,637497,333134,0,2026-07-18T20:45:22.974241+00:00,Spotify web-player queryArtistOverview,undocumented read-only web-client endpoint
Laika [1x7QlgJUVrLv1SSyeknnJq],,1x7QlgJUVrLv1SSyeknnJq,Laika,97,217,0,2026-07-18T20:45:22.974241+00:00,Spotify web-player queryArtistOverview,undocumented read-only web-client endpoint
Lamb [08YvZ2qzFrDSITfHLbPKMP],,08YvZ2qzFrDSITfHLbPKMP,Lamb,332261,269420,0,2026-07-18T20:45:22.974241+00:00,Spotify web-player queryArtistOverview,undocumented read-only web-client endpoint
Lambrini Girls [6VR4TJ20WGiho2xZWMuuWb],,6VR4TJ20WGiho2xZWMuuWb,Lambrini Girls,420857,159689,0,2026-07-18T20:45:22.974241+00:00,Spotify web-player queryArtistOverview,undocumented read-only web-client endpoint
Landmarq [4O5Qsq7F2Smn0EyvpP6JGo],,4O5Qsq7F2Smn0EyvpP6JGo,Landmarq,458,3625,0,2026-07-18T20:45:22.974241+00:00,Spotify web-player queryArtistOverview,undocumented read-only web-client endpoint
Lanterns on the Lake [7sx3r4lMo079vO7lIi0fng],,7sx3r4lMo079vO7lIi0fng,Lanterns on the Lake,43202,38093,0,2026-07-18T20:45:22.974241+00:00,Spotify web-player queryArtistOverview,undocumented read-only web-client endpoint
Lawnmower Deth [6UObHbC5YejYUxNP8jp898],,6UObHbC5YejYUxNP8jp898,Lawnmower Deth,2218,7329,0,2026-07-18T20:45:22.974241+00:00,Spotify web-player queryArtistOverview,undocumented read-only web-client endpoint
Lawson [2Ah7S4oLgEBYRbz2V0cZzU],,2Ah7S4oLgEBYRbz2V0cZzU,Lawson,172494,182546,0,2026-07-18T20:45:22.974241+00:00,Spotify web-player queryArtistOverview,undocumented read-only web-client endpoint
Layo & Bushwacka! [4XO18kRHLT6F5RhomZGrpc],,4XO18kRHLT6F5RhomZGrpc,Layo & Bushwacka!,313503,36386,0,2026-07-18T20:45:22.974241+00:00,Spotify web-player queryArtistOverview,undocumented read-only web-client endpoint
League of Lights [0x0ix7V7MEq78D9KkI5o2o],,0x0ix7V7MEq78D9KkI5o2o,League of Lights,77,469,0,2026-07-18T20:45:22.974241+00:00,Spotify web-player queryArtistOverview,undocumented read-only web-client endpoint
Lean Logic [0ZkSai2EyWzhAah82WYp7U],,0ZkSai2EyWzhAah82WYp7U,Lean Logic,30,220,0,2026-07-18T20:45:22.974241+00:00,Spotify web-player queryArtistOverview,undocumented read-only web-client endpoint
Led Zeppelin [36QJpDe2go2KgaRleHCDTp],,36QJpDe2go2KgaRleHCDTp,Led Zeppelin,20605707,16927470,426,2026-07-18T20:45:22.974241+00:00,Spotify web-player queryArtistOverview,undocumented read-only web-client endpoint
Leftfield [72hqBMsw7x5jnfxxwkii8L],,72hqBMsw7x5jnfxxwkii8L,Leftfield,390024,258734,0,2026-07-18T20:45:22.974241+00:00,Spotify web-player queryArtistOverview,undocumented read-only web-client endpoint
Lemon Jelly [5uh8Bhewltd8j0TLZjNImc],,5uh8Bhewltd8j0TLZjNImc,Lemon Jelly,203232,188511,0,2026-07-18T20:45:22.974241+00:00,Spotify web-player queryArtistOverview,undocumented read-only web-client endpoint
Let Loose [64qK94JPWEI7HovDpzLBej],,64qK94JPWEI7HovDpzLBej,Let Loose,71261,12222,0,2026-07-18T20:45:22.974241+00:00,Spotify web-player queryArtistOverview,undocumented read-only web-client endpoint
Let's Eat Grandma [4qNZw759AdHSMugyDMrIlF],,4qNZw759AdHSMugyDMrIlF,Let's Eat Grandma,81221,113814,0,2026-07-18T20:45:22.974241+00:00,Spotify web-player queryArtistOverview,undocumented read-only web-client endpoint
Letherette [1fQDzf4lnUF4DYngrLJH0m],,1fQDzf4lnUF4DYngrLJH0m,letherette,199074,72744,0,2026-07-18T20:45:22.974241+00:00,Spotify web-player queryArtistOverview,undocumented read-only web-client endpoint
Level 42 [0L9xkvBPcEp1nrhDrodxc5],,0L9xkvBPcEp1nrhDrodxc5,Level 42,2112387,788876,0,2026-07-18T20:45:22.974241+00:00,Spotify web-player queryArtistOverview,undocumented read-only web-client endpoint
Levellers [1TrwMxRrrlk0hZxJkw4jUF],,1TrwMxRrrlk0hZxJkw4jUF,Levellers,228842,94240,0,2026-07-18T20:45:22.974241+00:00,Spotify web-player queryArtistOverview,undocumented read-only web-client endpoint
Levitation [231kUXNyI5BYxIvZacVbCu],,231kUXNyI5BYxIvZacVbCu,Levitation,260389,7922,0,2026-07-18T20:45:22.974241+00:00,Spotify web-player queryArtistOverview,undocumented read-only web-client endpoint
Liberty X [6htUPs3clIStnkvg5jimKZ],,6htUPs3clIStnkvg5jimKZ,Liberty X,317064,157028,0,2026-07-18T20:45:22.974241+00:00,Spotify web-player queryArtistOverview,undocumented read-only web-client endpoint
Lighthouse Family [6edGSAX5dVpeJVwu1Q0NwJ],,6edGSAX5dVpeJVwu1Q0NwJ,Lighthouse Family,2921952,660194,0,2026-07-18T20:45:22.974241+00:00,Spotify web-player queryArtistOverview,undocumented read-only web-client endpoint
Lilleburn [3bqgmkEYaEzjo8cn0rM6eD],,3bqgmkEYaEzjo8cn0rM6eD,lilleburn,5,146,0,2026-07-18T20:45:22.974241+00:00,Spotify web-player queryArtistOverview,undocumented read-only web-client endpoint
Lilygreen & Maguire [4TpXSJQCJhJynucuQQcgwB],,4TpXSJQCJhJynucuQQcgwB,Lilygreen & Maguire,784,1906,0,2026-07-18T20:45:22.974241+00:00,Spotify web-player queryArtistOverview,undocumented read-only web-client endpoint
Linoleum [3MdHP63rduYJDFoAuuw2aj],,3MdHP63rduYJDFoAuuw2aj,Linoleum,5,472,0,2026-07-18T20:45:22.974241+00:00,Spotify web-player queryArtistOverview,undocumented read-only web-client endpoint
Linus Loves [2Z2vCxBRifnTtywSciipHy],,2Z2vCxBRifnTtywSciipHy,Linus Loves,15512,1354,0,2026-07-18T20:45:22.974241+00:00,Spotify web-player queryArtistOverview,undocumented read-only web-client endpoint
Liquid [12QfNtz2o2d8ZHGLaNUY4A],,12QfNtz2o2d8ZHGLaNUY4A,Liquid,122,117,0,2026-07-18T20:45:22.974241+00:00,Spotify web-player queryArtistOverview,undocumented read-only web-client endpoint
Little Comets [7cfhZmKaLWzNLwHDxzugUH],,7cfhZmKaLWzNLwHDxzugUH,Little Comets,47976,80242,0,2026-07-18T20:45:22.974241+00:00,Spotify web-player queryArtistOverview,undocumented read-only web-client endpoint
Little Mix [3e7awlrlDSwF3iM0WBjGMp],,3e7awlrlDSwF3iM0WBjGMp,Little Mix,14779473,12405563,0,2026-07-18T20:45:22.974241+00:00,Spotify web-player queryArtistOverview,undocumented read-only web-client endpoint
Liverpool Express [5MHQO0sz5J0VX7jjuL2dUg],,5MHQO0sz5J0VX7jjuL2dUg,Liverpool Express,65090,9057,0,2026-07-18T20:45:22.974241+00:00,Spotify web-player queryArtistOverview,undocumented read-only web-client endpoint
Liverpool Five [3XQexYaGsSsNNEpsdLfJ2l],,3XQexYaGsSsNNEpsdLfJ2l,Liverpool Five,1078,728,0,2026-07-18T20:45:22.974241+00:00,Spotify web-player queryArtistOverview,undocumented read-only web-client endpoint
Living in a Box [4W2dcPOyD7eSfJCPHCfwoA],,4W2dcPOyD7eSfJCPHCfwoA,Living In A Box,223338,94130,0,2026-07-18T20:45:22.974241+00:00,Spotify web-player queryArtistOverview,undocumented read-only web-client endpoint
Livingston [4AQGKGsaGWwINPrqvYuhjJ],,4AQGKGsaGWwINPrqvYuhjJ,Livingston,12981,6367,0,2026-07-18T20:45:22.974241+00:00,Spotify web-player queryArtistOverview,undocumented read-only web-client endpoint
Llwybr Llaethog [3RoyMb5sD9K3r5JyCXdwfN],,3RoyMb5sD9K3r5JyCXdwfN,Llwybr Llaethog,527,688,0,2026-07-18T20:45:22.974241+00:00,Spotify web-player queryArtistOverview,undocumented read-only web-client endpoint
Lo Fidelity Allstars [2YiWXa7E1raYyY0uQDLpgs],,2YiWXa7E1raYyY0uQDLpgs,Lo Fidelity Allstars,149493,29732,0,2026-07-18T20:45:22.974241+00:00,Spotify web-player queryArtistOverview,undocumented read-only web-client endpoint
Loadstar [0umDTRGYujQH31KZq9FdrU],,0umDTRGYujQH31KZq9FdrU,Loadstar,160497,38144,0,2026-07-18T20:45:22.974241+00:00,Spotify web-player queryArtistOverview,undocumented read-only web-client endpoint
Loathe [4G9wSdX0klmoHfjm9i6DLd],,4G9wSdX0klmoHfjm9i6DLd,Loathe,1996442,613049,0,2026-07-18T20:45:22.974241+00:00,Spotify web-player queryArtistOverview,undocumented read-only web-client endpoint
London Elektricity [4CbuwI3bEF7gQOwpxBKtal],,4CbuwI3bEF7gQOwpxBKtal,London Elektricity,179973,102536,0,2026-07-18T20:45:22.974241+00:00,Spotify web-player queryArtistOverview,undocumented read-only web-client endpoint
London Grammar [3Bd1cgCjtCI32PYvDC3ynO],,3Bd1cgCjtCI32PYvDC3ynO,London Grammar,2832139,1695264,0,2026-07-18T20:45:22.974241+00:00,Spotify web-player queryArtistOverview,undocumented read-only web-client endpoint
London Mozart Players [1sylrdKARMDYTJbs8IPWGy],,1sylrdKARMDYTJbs8IPWGy,London Mozart Players,796509,11123,0,2026-07-18T20:45:22.974241+00:00,Spotify web-player queryArtistOverview,undocumented read-only web-client endpoint
London Philharmonic Orchestra [3PfJE6ebCbCHeuqO4BfNeA],,3PfJE6ebCbCHeuqO4BfNeA,London Philharmonic Orchestra,2930933,265359,0,2026-07-18T20:45:22.974241+00:00,Spotify web-player queryArtistOverview,undocumented read-only web-client endpoint
London Sinfonietta [68kuKZp7yrgzZpoh5m6dWA],,68kuKZp7yrgzZpoh5m6dWA,London Sinfonietta,511109,9271,0,2026-07-18T20:45:22.974241+00:00,Spotify web-player queryArtistOverview,undocumented read-only web-client endpoint
London Symphony Chorus [7gCZfkXLOfuZozSItq6tCG],,7gCZfkXLOfuZozSItq6tCG,London Symphony Chorus,185312,4932,0,2026-07-18T20:45:22.974241+00:00,Spotify web-player queryArtistOverview,undocumented read-only web-client endpoint
London Symphony Orchestra [5yxyJsFanEAuwSM5kOuZKc],,5yxyJsFanEAuwSM5kOuZKc,London Symphony Orchestra,7321828,397071,0,2026-07-18T20:45:22.974241+00:00,Spotify web-player queryArtistOverview,undocumented read-only web-client endpoint
London Voices [7y3ULlnKKpeZ4JOKMAJQzK],,7y3ULlnKKpeZ4JOKMAJQzK,London Voices,394129,6325,0,2026-07-18T20:45:22.974241+00:00,Spotify web-player queryArtistOverview,undocumented read-only web-client endpoint
Londonbeat [0gcMPgunYh4rX1UOdvZKBn],,0gcMPgunYh4rX1UOdvZKBn,Londonbeat,1590343,72136,0,2026-07-18T20:45:22.974241+00:00,Spotify web-player queryArtistOverview,undocumented read-only web-client endpoint
Lone Star [2J1FX26bBlfWdkoRQGmXuc],,2J1FX26bBlfWdkoRQGmXuc,Lone Star,617,928,0,2026-07-18T20:45:22.974241+00:00,Spotify web-player queryArtistOverview,undocumented read-only web-client endpoint
Lonely The Brave [7Ks1xbMXEQjy9aQObTJdId],,7Ks1xbMXEQjy9aQObTJdId,Lonely The Brave,40908,47704,0,2026-07-18T20:45:22.974241+00:00,Spotify web-player queryArtistOverview,undocumented read-only web-client endpoint
Longpigs [1o7zIbVAgDDHKijLVuLASg],,1o7zIbVAgDDHKijLVuLASg,Longpigs,91435,53332,0,2026-07-18T20:45:22.974241+00:00,Spotify web-player queryArtistOverview,undocumented read-only web-client endpoint
Longview [5N3MV7oMlssiVOlmbZBw7Y],,5N3MV7oMlssiVOlmbZBw7Y,Longview,17510,5804,0,2026-07-18T20:45:22.974241+00:00,Spotify web-player queryArtistOverview,undocumented read-only web-client endpoint
Loose Tapestries [0gyt7JLkuFRtEnGpicUBqf],,0gyt7JLkuFRtEnGpicUBqf,Loose Tapestries,734,4938,0,2026-07-18T20:45:22.974241+00:00,Spotify web-player queryArtistOverview,undocumented read-only web-client endpoint
Lori and the Chameleons [4QNBiRyzuAciXXVaADsERW],,4QNBiRyzuAciXXVaADsERW,Lori & the Chameleons,360,219,0,2026-07-18T20:45:22.974241+00:00,Spotify web-player queryArtistOverview,undocumented read-only web-client endpoint
Los Bitchos [07b9qW7pabKGO29JPWXn9m],,07b9qW7pabKGO29JPWXn9m,Los Bitchos,95326,112931,0,2026-07-18T20:45:22.974241+00:00,Spotify web-player queryArtistOverview,undocumented read-only web-client endpoint
Los Campesinos! [6FlOCziOXI157pvUREAh3E],,6FlOCziOXI157pvUREAh3E,Los Campesinos!,507510,209086,0,2026-07-18T20:45:22.974241+00:00,Spotify web-player queryArtistOverview,undocumented read-only web-client endpoint
Lostprophets [7KnaZr690xW0sCihF9Z8oP],,7KnaZr690xW0sCihF9Z8oP,lostprophets,264396,179652,0,2026-07-18T20:45:22.974241+00:00,Spotify web-player queryArtistOverview,undocumented read-only web-client endpoint
Love Sculpture [4D1hYdWKVKyQQQNxNHlYtq],,4D1hYdWKVKyQQQNxNHlYtq,Love Sculpture,29038,8138,0,2026-07-18T20:45:22.974241+00:00,Spotify web-player queryArtistOverview,undocumented read-only web-client endpoint
Love and Rockets [09mvgMBvJkxarNIDGdwPWg],,09mvgMBvJkxarNIDGdwPWg,Love and Rockets,313702,235396,0,2026-07-18T20:45:22.974241+00:00,Spotify web-player queryArtistOverview,undocumented read-only web-client endpoint
Lovejoy [33tFkBLsl6f8TjKkV0uF0C],,33tFkBLsl6f8TjKkV0uF0C,Lovejoy,617221,1099469,0,2026-07-18T20:45:22.974241+00:00,Spotify web-player queryArtistOverview,undocumented read-only web-client endpoint
Low Island [5MCl6mca6ZixPR36dHH9Sd],,5MCl6mca6ZixPR36dHH9Sd,Low Island,31768,21054,0,2026-07-18T20:45:22.974241+00:00,Spotify web-player queryArtistOverview,undocumented read-only web-client endpoint
Lower Than Atlantis [1kF0gYnHLUJvFuPdoowO02],,1kF0gYnHLUJvFuPdoowO02,Lower Than Atlantis,96324,114550,0,2026-07-18T20:45:22.974241+00:00,Spotify web-player queryArtistOverview,undocumented read-only web-client endpoint
Lump [4gQsGkfdB4uVrNBqo4MhmI],,4gQsGkfdB4uVrNBqo4MhmI,LUMP,20004,24966,0,2026-07-18T20:45:22.974241+00:00,Spotify web-player queryArtistOverview,undocumented read-only web-client endpoint
Lund Quartet [6GUoU3k0b3qF1T06UvyAhk],,6GUoU3k0b3qF1T06UvyAhk,Lund Quartet,70363,18542,0,2026-07-18T20:45:22.974241+00:00,Spotify web-player queryArtistOverview,undocumented read-only web-client endpoint
Lungleg [4MSXrcdEDYgxKxlT1HpDiN],,4MSXrcdEDYgxKxlT1HpDiN,Lung Leg,4714,9192,0,2026-07-18T20:45:22.974241+00:00,Spotify web-player queryArtistOverview,undocumented read-only web-client endpoint
Lush [3ysp8GwsheDcBxP9q65lBg],,3ysp8GwsheDcBxP9q65lBg,Lush,382347,315449,0,2026-07-18T20:45:22.974241+00:00,Spotify web-player queryArtistOverview,undocumented read-only web-client endpoint
Lvcifyre [0wNYSaUZ0rbXeHzuPeSY8V],,0wNYSaUZ0rbXeHzuPeSY8V,Lvcifyre,1034,7935,0,2026-07-18T20:45:22.974241+00:00,Spotify web-player queryArtistOverview,undocumented read-only web-client endpoint
M People [3lcbKPLl0ci2mKRdcP5Etf],,3lcbKPLl0ci2mKRdcP5Etf,M People,762770,281163,0,2026-07-18T20:45:22.974241+00:00,Spotify web-player queryArtistOverview,undocumented read-only web-client endpoint
M-Pire of Evil [1VNZzDSs9JTQHjMPedAGv3],,1VNZzDSs9JTQHjMPedAGv3,Mpire Of Evil,94,779,0,2026-07-18T20:45:22.974241+00:00,Spotify web-player queryArtistOverview,undocumented read-only web-client endpoint
MONEY [7MGmWHDOoRwlntYOO6vu5M],,7MGmWHDOoRwlntYOO6vu5M,MONEY,1170,7051,0,2026-07-18T20:45:22.974241+00:00,Spotify web-player queryArtistOverview,undocumented read-only web-client endpoint
MONOMOR✞E [6lJoF3c7vHq5UWPioh5J7Y],,6lJoF3c7vHq5UWPioh5J7Y,Monomorte,2540,2531,0,2026-07-18T20:45:22.974241+00:00,Spotify web-player queryArtistOverview,undocumented read-only web-client endpoint
MYKOOL [00pAfh3nHhvVkWf8dl7dCt],,00pAfh3nHhvVkWf8dl7dCt,MYKOOL,11252,3970,0,2026-07-18T20:45:22.974241+00:00,Spotify web-player queryArtistOverview,undocumented read-only web-client endpoint
Madness [4AYkFtEBnNnGuoo8HaHErd],,4AYkFtEBnNnGuoo8HaHErd,Madness,3611935,912052,0,2026-07-18T20:45:22.974241+00:00,Spotify web-player queryArtistOverview,undocumented read-only web-client endpoint
Magnetic Man [40ttEBZPhAHbXH6aUg4GkL],,40ttEBZPhAHbXH6aUg4GkL,Magnetic Man,83637,58622,0,2026-07-18T20:45:22.974241+00:00,Spotify web-player queryArtistOverview,undocumented read-only web-client endpoint
Magnum [3Nu9hoMBT4SkDcaNvmK4G1],,3Nu9hoMBT4SkDcaNvmK4G1,Magnum,94112,78000,0,2026-07-18T20:45:22.974241+00:00,Spotify web-player queryArtistOverview,undocumented read-only web-client endpoint
Magoo [7pv3MRGkgkXa9Qn8sMctxT],,7pv3MRGkgkXa9Qn8sMctxT,Magoo,639865,22094,0,2026-07-18T20:45:22.974241+00:00,Spotify web-player queryArtistOverview,undocumented read-only web-client endpoint
Mallory Knox [7bHTSvk96ULRLZPZr1SoCZ],,7bHTSvk96ULRLZPZr1SoCZ,Mallory Knox,79587,81280,0,2026-07-18T20:45:22.974241+00:00,Spotify web-player queryArtistOverview,undocumented read-only web-client endpoint
Mammal Hands [497rp5TEzJffeBnUT0BeE1],,497rp5TEzJffeBnUT0BeE1,Mammal Hands,205120,143732,0,2026-07-18T20:45:22.974241+00:00,Spotify web-player queryArtistOverview,undocumented read-only web-client endpoint
Man [6XNNAZyTxhw3IRa0xyRBeo],,6XNNAZyTxhw3IRa0xyRBeo,Man,9482,13198,0,2026-07-18T20:45:22.974241+00:00,Spotify web-player queryArtistOverview,undocumented read-only web-client endpoint
Man-Made Sunshine [3o7Com7ZIpDARXoOHwK4th],,3o7Com7ZIpDARXoOHwK4th,Man-Made Sunshine,35712,40010,0,2026-07-18T20:45:22.974241+00:00,Spotify web-player queryArtistOverview,undocumented read-only web-client endpoint
Manchester Camerata [5sYNdMlE64V0PjSMIxnB8B],,5sYNdMlE64V0PjSMIxnB8B,Manchester Camerata,72610,1367,0,2026-07-18T20:45:22.974241+00:00,Spotify web-player queryArtistOverview,undocumented read-only web-client endpoint
Mandalaband [0ey0jHUPGul3blizNXYKi2],,0ey0jHUPGul3blizNXYKi2,Mandalaband,1398,1182,0,2026-07-18T20:45:22.974241+00:00,Spotify web-player queryArtistOverview,undocumented read-only web-client endpoint
Mandalay [4vu5rb4nxUMISNL1fDqZkd],,4vu5rb4nxUMISNL1fDqZkd,Mandalay,20789,17619,0,2026-07-18T20:45:22.974241+00:00,Spotify web-player queryArtistOverview,undocumented read-only web-client endpoint
Manfred Mann [5670CyWrIOA7702gNjsGMZ],,5670CyWrIOA7702gNjsGMZ,Manfred Mann,1070103,421269,0,2026-07-18T20:45:22.974241+00:00,Spotify web-player queryArtistOverview,undocumented read-only web-client endpoint
Manfred Mann's Earth Band [2utNxkLhreF1oIfO8kQT3q],,2utNxkLhreF1oIfO8kQT3q,Manfred Mann's Earth Band,1497096,487796,0,2026-07-18T20:45:22.974241+00:00,Spotify web-player queryArtistOverview,undocumented read-only web-client endpoint
Manic Street Preachers [2uH0RyPcX7fnCcT90HFDQX],,2uH0RyPcX7fnCcT90HFDQX,Manic Street Preachers,893282,751312,0,2026-07-18T20:45:22.974241+00:00,Spotify web-player queryArtistOverview,undocumented read-only web-client endpoint
Mantovani and His Orchestra [0BgLFVyrGmeEKG9wnwcJ8I],,0BgLFVyrGmeEKG9wnwcJ8I,Mantovani et son orchestre,108,37,0,2026-07-18T20:45:22.974241+00:00,Spotify web-player queryArtistOverview,undocumented read-only web-client endpoint
Mantovani and His Orchestra [4zBSlKX0hLrCJ60FSBvAnA],,2rLU4m2pwsiQgUVT5d2FyB,Mantovani & His Orchestra,49525,3139,0,2026-07-18T20:45:22.974241+00:00,Spotify web-player queryArtistOverview,undocumented read-only web-client endpoint
Mantovani and His Orchestra [6Rf6LvLjLWxrDtANvp9XRM],,2rLU4m2pwsiQgUVT5d2FyB,Mantovani & His Orchestra,49525,3139,0,2026-07-18T20:45:22.974241+00:00,Spotify web-player queryArtistOverview,undocumented read-only web-client endpoint
Marc and the Mambas [4xAp8DM4iDR67SRodGv4dM],,4xAp8DM4iDR67SRodGv4dM,Marc and The Mambas,3854,8208,0,2026-07-18T20:45:22.974241+00:00,Spotify web-player queryArtistOverview,undocumented read-only web-client endpoint
Maribou State [7zrkALJ9ayRjzysp4QYoEg],,7zrkALJ9ayRjzysp4QYoEg,Maribou State,4147945,527128,0,2026-07-18T20:45:22.974241+00:00,Spotify web-player queryArtistOverview,undocumented read-only web-client endpoint
Marillion [7ai5TWiOG8g9Hds5AATS28],,7ai5TWiOG8g9Hds5AATS28,Marillion,1370532,554699,0,2026-07-18T20:45:22.974241+00:00,Spotify web-player queryArtistOverview,undocumented read-only web-client endpoint
Mark-Almond [2maMYZSaIPKyRRq5nXuXCN],,2maMYZSaIPKyRRq5nXuXCN,Mark-Almond,24865,4532,0,2026-07-18T20:45:22.974241+00:00,Spotify web-player queryArtistOverview,undocumented read-only web-client endpoint
Marshall Hain [0bUGoPJdCrDnuIQNLxsnBb],,0bUGoPJdCrDnuIQNLxsnBb,Marshall Hain,117620,3592,0,2026-07-18T20:45:22.974241+00:00,Spotify web-player queryArtistOverview,undocumented read-only web-client endpoint
Marshall Law [2O9Lmv8tbh7oyJi3euawcK],,2O9Lmv8tbh7oyJi3euawcK,Marshall Law,2787,1435,0,2026-07-18T20:45:22.974241+00:00,Spotify web-player queryArtistOverview,undocumented read-only web-client endpoint
Martha [13pUNMhUQ52yyV50VbuhtK],,13pUNMhUQ52yyV50VbuhtK,Martha,11081,22707,0,2026-07-18T20:45:22.974241+00:00,Spotify web-player queryArtistOverview,undocumented read-only web-client endpoint
Massive Attack [6FXMGgJwohJLUSr5nVlf9X],,6FXMGgJwohJLUSr5nVlf9X,Massive Attack,8692931,2943616,0,2026-07-18T20:45:22.974241+00:00,Spotify web-player queryArtistOverview,undocumented read-only web-client endpoint
Massive Wagons [7xytG2E40s4GeukvZCGqGP],,7xytG2E40s4GeukvZCGqGP,Massive Wagons,80248,29902,0,2026-07-18T20:45:22.974241+00:00,Spotify web-player queryArtistOverview,undocumented read-only web-client endpoint
Matt Bianco [1WQky50vkzSvSCUl0ejWqb],,1WQky50vkzSvSCUl0ejWqb,Matt Bianco,312847,107297,0,2026-07-18T20:45:22.974241+00:00,Spotify web-player queryArtistOverview,undocumented read-only web-client endpoint
Mattafix [5KORW1YGiERJqfuYjXMCyz],,5KORW1YGiERJqfuYjXMCyz,Mattafix,2878488,113982,0,2026-07-18T20:45:22.974241+00:00,Spotify web-player queryArtistOverview,undocumented read-only web-client endpoint
Matthews Southern Comfort [7aLNBjOlzOCyuFmytbbeYM],,7aLNBjOlzOCyuFmytbbeYM,Matthews' Southern Comfort,49578,10689,0,2026-07-18T20:45:22.974241+00:00,Spotify web-player queryArtistOverview,undocumented read-only web-client endpoint
Maximum Joy [4nJZjFnTJ5BkZwYe7ZGhUG],,4nJZjFnTJ5BkZwYe7ZGhUG,Maximum Joy,8877,14130,0,2026-07-18T20:45:22.974241+00:00,Spotify web-player queryArtistOverview,undocumented read-only web-client endpoint
Maxïmo Park [048FBwXjFYBWxSggPDipic],,048FBwXjFYBWxSggPDipic,Maximo Park,411159,259584,0,2026-07-18T20:45:22.974241+00:00,Spotify web-player queryArtistOverview,undocumented read-only web-client endpoint
Maybeshewill [33qUIIydEBgWpe58IA0o61],,33qUIIydEBgWpe58IA0o61,Maybeshewill,5414,95611,0,2026-07-18T20:45:22.974241+00:00,Spotify web-player queryArtistOverview,undocumented read-only web-client endpoint
McAlmont and Butler [0BV7lpkyFTbzzML7DuUnpZ],,0BV7lpkyFTbzzML7DuUnpZ,McAlmont & Butler,64384,23609,0,2026-07-18T20:45:22.974241+00:00,Spotify web-player queryArtistOverview,undocumented read-only web-client endpoint
McFly [47izDDvtOxxz3FzHYuUptd],,47izDDvtOxxz3FzHYuUptd,McFly,964171,515965,0,2026-07-18T20:45:22.974241+00:00,Spotify web-player queryArtistOverview,undocumented read-only web-client endpoint
McGuinness Flint [5RYGq9WQK5OZZtOWFsz46y],,5RYGq9WQK5OZZtOWFsz46y,McGuinness Flint,24005,6010,0,2026-07-18T20:45:22.974241+00:00,Spotify web-player queryArtistOverview,undocumented read-only web-client endpoint
Mclusky [3xA9AB0f4BVjsSlyQc12iE],,3xA9AB0f4BVjsSlyQc12iE,Mclusky,51917,50828,0,2026-07-18T20:45:22.974241+00:00,Spotify web-player queryArtistOverview,undocumented read-only web-client endpoint
Meathook Seed [6OGGt8xNFOHWcHu3HlGc29],,6OGGt8xNFOHWcHu3HlGc29,Meathook Seed,2060,4035,0,2026-07-18T20:45:22.974241+00:00,Spotify web-player queryArtistOverview,undocumented read-only web-client endpoint
Medicine Cabinet [11SWPw9bCw0O51KV6LSwij],,11SWPw9bCw0O51KV6LSwij,Medicine Cabinet,443,1744,0,2026-07-18T20:45:22.974241+00:00,Spotify web-player queryArtistOverview,undocumented read-only web-client endpoint
Medicine Head [2DDBSi3h22DDMvGCKG1r8T],,2DDBSi3h22DDMvGCKG1r8T,Medicine Head,10016,5591,0,2026-07-18T20:45:22.974241+00:00,Spotify web-player queryArtistOverview,undocumented read-only web-client endpoint
Mellt [7FvNGA97HE6zmfx9e34c6x],,7FvNGA97HE6zmfx9e34c6x,Mellt,1517,2073,0,2026-07-18T20:45:22.974241+00:00,Spotify web-player queryArtistOverview,undocumented read-only web-client endpoint
Melt Yourself Down [0LWlgth3CFLC6eD8mtWCOA],,0LWlgth3CFLC6eD8mtWCOA,Melt Yourself Down,14674,30438,0,2026-07-18T20:45:22.974241+00:00,Spotify web-player queryArtistOverview,undocumented read-only web-client endpoint
Melys [093j7LyELr49EnkVM8kdSx],,093j7LyELr49EnkVM8kdSx,Melys,447,1157,0,2026-07-18T20:45:22.974241+00:00,Spotify web-player queryArtistOverview,undocumented read-only web-client endpoint
Memes [7LcMZdclXQ3hyNcHsMdwiR],,7LcMZdclXQ3hyNcHsMdwiR,MEMES,139,1950,0,2026-07-18T20:45:22.974241+00:00,Spotify web-player queryArtistOverview,undocumented read-only web-client endpoint
Memoriam [2EAy7g3Ga8hS10hAHMf6C4],,2EAy7g3Ga8hS10hAHMf6C4,Memoriam,11287,29729,0,2026-07-18T20:45:22.974241+00:00,Spotify web-player queryArtistOverview,undocumented read-only web-client endpoint
Men of Class [6jimRbIzAHXkY3LsNn0voF],,6jimRbIzAHXkY3LsNn0voF,Men Of Class,4,10,0,2026-07-18T20:45:22.974241+00:00,Spotify web-player queryArtistOverview,undocumented read-only web-client endpoint
Mesh [1uS4cYRRZRtauASIM9RxBG],,1uS4cYRRZRtauASIM9RxBG,Mesh,41618,38152,0,2026-07-18T20:45:22.974241+00:00,Spotify web-player queryArtistOverview,undocumented read-only web-client endpoint
Metronomy [54QMjE4toDfiCryzYWCpXX],,54QMjE4toDfiCryzYWCpXX,Metronomy,3971668,1135985,0,2026-07-18T20:45:22.974241+00:00,Spotify web-player queryArtistOverview,undocumented read-only web-client endpoint
Mic Lowry [0AJUYWKztkg5dnrHDIBv47],,0AJUYWKztkg5dnrHDIBv47,MiC LOWRY,58089,51320,0,2026-07-18T20:45:22.974241+00:00,Spotify web-player queryArtistOverview,undocumented read-only web-client endpoint
Michael Schenker Group [5uSY4FF3dZMCVSkZslKCHi],,5uSY4FF3dZMCVSkZslKCHi,Michael Schenker Group,139857,226255,0,2026-07-18T20:45:22.974241+00:00,Spotify web-player queryArtistOverview,undocumented read-only web-client endpoint
Midas Fall [6nBBFy20JLOfEuFL6dvGn2],,6nBBFy20JLOfEuFL6dvGn2,Midas Fall,1307,4452,0,2026-07-18T20:45:22.974241+00:00,Spotify web-player queryArtistOverview,undocumented read-only web-client endpoint
Midnight City [3USRZu8aqujHAYCjq69NTw],,3USRZu8aqujHAYCjq69NTw,Midnight City,15518,5691,0,2026-07-18T20:45:22.974241+00:00,Spotify web-player queryArtistOverview,undocumented read-only web-client endpoint
Mike and the Mechanics [2yTUYhIf8fxptTIy3KLuJD],,2yTUYhIf8fxptTIy3KLuJD,Mike + The Mechanics,2591206,794443,0,2026-07-18T20:45:22.974241+00:00,Spotify web-player queryArtistOverview,undocumented read-only web-client endpoint
Ming City Rockers [0Ew6bEUqhUocEpZo3RfBKe],,0Ew6bEUqhUocEpZo3RfBKe,Ming City Rockers,1676,1991,0,2026-07-18T20:45:22.974241+00:00,Spotify web-player queryArtistOverview,undocumented read-only web-client endpoint
Mirrors [3kIUtL0g9CF4EW1q6PyyGy],,3kIUtL0g9CF4EW1q6PyyGy,Mirrors,678,2854,0,2026-07-18T20:45:22.974241+00:00,Spotify web-player queryArtistOverview,undocumented read-only web-client endpoint
Mis-Teeq [6csA2rxNLkQJXeEa7lyGXn],,6csA2rxNLkQJXeEa7lyGXn,Mis-Teeq,1053166,147133,0,2026-07-18T20:45:22.974241+00:00,Spotify web-player queryArtistOverview,undocumented read-only web-client endpoint
Mo-dettes [46mG7R9UH2JiQyPdQG7PDW],,46mG7R9UH2JiQyPdQG7PDW,Mo-Dettes,13465,6782,0,2026-07-18T20:45:22.974241+00:00,Spotify web-player queryArtistOverview,undocumented read-only web-client endpoint
Moco [3z1ubMLEsVZf5nuIfe1kVn],,3z1ubMLEsVZf5nuIfe1kVn,Moco,30,26,0,2026-07-18T20:45:22.974241+00:00,Spotify web-player queryArtistOverview,undocumented read-only web-client endpoint
Modern English [0fYPQBOx0vsRMmjUba9HgF],,0fYPQBOx0vsRMmjUba9HgF,Modern English,1039829,242915,0,2026-07-18T20:45:22.974241+00:00,Spotify web-player queryArtistOverview,undocumented read-only web-client endpoint
Modern Romance [7KiK3DokuIW5BVZu5Y5kph],,7KiK3DokuIW5BVZu5Y5kph,Modern Romance,43441,12292,0,2026-07-18T20:45:22.974241+00:00,Spotify web-player queryArtistOverview,undocumented read-only web-client endpoint
Modestep [5zYJziKktyqWwmoAWXrShP],,5zYJziKktyqWwmoAWXrShP,Modestep,363041,344694,0,2026-07-18T20:45:22.974241+00:00,Spotify web-player queryArtistOverview,undocumented read-only web-client endpoint
Mogwai [34UhPkLbtFKRq3nmfFgejG],,34UhPkLbtFKRq3nmfFgejG,Mogwai,370209,647271,0,2026-07-18T20:45:22.974241+00:00,Spotify web-player queryArtistOverview,undocumented read-only web-client endpoint
Mojave 3 [4jSYHcSo85heWskYvAULio],,4jSYHcSo85heWskYvAULio,Mojave 3,381875,206333,0,2026-07-18T20:45:22.974241+00:00,Spotify web-player queryArtistOverview,undocumented read-only web-client endpoint
Moloko [4aaBjq7VqqQvpSF69GglvO],,4aaBjq7VqqQvpSF69GglvO,Moloko,2507932,516418,0,2026-07-18T20:45:22.974241+00:00,Spotify web-player queryArtistOverview,undocumented read-only web-client endpoint
Monaco [0N3oP3Si8ihzFUrU6kITZ8],,0N3oP3Si8ihzFUrU6kITZ8,Monaco,140035,32255,0,2026-07-18T20:45:22.974241+00:00,Spotify web-player queryArtistOverview,undocumented read-only web-client endpoint
Monarchy [4YXRO4slasYnty9nb73LrO],,4YXRO4slasYnty9nb73LrO,Monarchy,66523,28175,0,2026-07-18T20:45:22.974241+00:00,Spotify web-player queryArtistOverview,undocumented read-only web-client endpoint
Monuments [71IBhhBhtPLZ8OyVuXOw77],,71IBhhBhtPLZ8OyVuXOw77,Monuments,97034,180599,0,2026-07-18T20:45:22.974241+00:00,Spotify web-player queryArtistOverview,undocumented read-only web-client endpoint
Moodswings [64Qk682XX2D0jk14ioYDGx],,64Qk682XX2D0jk14ioYDGx,Moodswings,35615,2398,0,2026-07-18T20:45:22.974241+00:00,Spotify web-player queryArtistOverview,undocumented read-only web-client endpoint
Moose Blood [5fEKZRCUa0JApec5Xy095q],,5fEKZRCUa0JApec5Xy095q,Moose Blood,263954,194936,0,2026-07-18T20:45:22.974241+00:00,Spotify web-player queryArtistOverview,undocumented read-only web-client endpoint
Morcheeba [6bWxFw65IEJzBYjx3SxUXd],,6bWxFw65IEJzBYjx3SxUXd,Morcheeba,2099112,988331,0,2026-07-18T20:45:22.974241+00:00,Spotify web-player queryArtistOverview,undocumented read-only web-client endpoint
More [7k1ubaMnK43qttUGBFp5zW],,7k1ubaMnK43qttUGBFp5zW,More,23289,1499,0,2026-07-18T20:45:22.974241+00:00,Spotify web-player queryArtistOverview,undocumented read-only web-client endpoint
Morning Runner [3UvsX37JzJrmhTea2t3Wei],,3UvsX37JzJrmhTea2t3Wei,Morning Runner,40259,8121,0,2026-07-18T20:45:22.974241+00:00,Spotify web-player queryArtistOverview,undocumented read-only web-client endpoint
Mott the Hoople [6ysQi6NI88X627t2srsWz6],,6ysQi6NI88X627t2srsWz6,Mott The Hoople,453631,262051,0,2026-07-18T20:45:22.974241+00:00,Spotify web-player queryArtistOverview,undocumented read-only web-client endpoint
Motörhead [1DFr97A9HnbV3SKTJFu62M],,1DFr97A9HnbV3SKTJFu62M,Motörhead,4453633,4680274,0,2026-07-18T20:45:22.974241+00:00,Spotify web-player queryArtistOverview,undocumented read-only web-client endpoint
Mount Kimbie [3NUtpWpGDoffm3RCGhSHtl],,3NUtpWpGDoffm3RCGhSHtl,Mount Kimbie,601000,362804,0,2026-07-18T20:45:22.974241+00:00,Spotify web-player queryArtistOverview,undocumented read-only web-client endpoint
Mud [3cqIsBnzV3BabbPWKz8Txf],,3cqIsBnzV3BabbPWKz8Txf,Mud,259860,92756,0,2026-07-18T20:45:22.974241+00:00,Spotify web-player queryArtistOverview,undocumented read-only web-client endpoint
Mumford & Sons [3gd8FJtBJtkRxdfbTu19U2],,3gd8FJtBJtkRxdfbTu19U2,Mumford & Sons,14381934,6882187,0,2026-07-18T20:45:22.974241+00:00,Spotify web-player queryArtistOverview,undocumented read-only web-client endpoint
Mumm-Ra [2cUnvdrMWIMACo3fSxCrWW],,2cUnvdrMWIMACo3fSxCrWW,Mumm-ra,109420,27210,0,2026-07-18T20:45:22.974241+00:00,Spotify web-player queryArtistOverview,undocumented read-only web-client endpoint
Muncie Girls [0ROJnWSWDBDXsKFh0ytRDJ],,0ROJnWSWDBDXsKFh0ytRDJ,Muncie Girls,2500,12065,0,2026-07-18T20:45:22.974241+00:00,Spotify web-player queryArtistOverview,undocumented read-only web-client endpoint
Mungo Jerry [2mbvqMGpwLsakeH45p1Jrb],,2mbvqMGpwLsakeH45p1Jrb,Mungo Jerry,2528248,142677,0,2026-07-18T20:45:22.974241+00:00,Spotify web-player queryArtistOverview,undocumented read-only web-client endpoint
Mungo's Hi Fi [0Ism1B2cF9NxpXAwdUCkxK],,0Ism1B2cF9NxpXAwdUCkxK,Mungo's Hi Fi,436483,140154,0,2026-07-18T20:45:22.974241+00:00,Spotify web-player queryArtistOverview,undocumented read-only web-client endpoint
Muse [12Chz98pHFMPJEknJQMWvI],,12Chz98pHFMPJEknJQMWvI,Muse,20942571,8949427,412,2026-07-18T20:45:22.974241+00:00,Spotify web-player queryArtistOverview,undocumented read-only web-client endpoint
My Dying Bride [3G7qoMSLvu9Pmb0xGtf9fl],,3G7qoMSLvu9Pmb0xGtf9fl,Bride,14568,40621,0,2026-07-18T20:45:22.974241+00:00,Spotify web-player queryArtistOverview,undocumented read-only web-client endpoint
My Dying Bride [7iMWWdRNiCJwGOGEIYr02z],,7iMWWdRNiCJwGOGEIYr02z,My Dying Bride,98069,210924,0,2026-07-18T20:45:22.974241+00:00,Spotify web-player queryArtistOverview,undocumented read-only web-client endpoint
My Life Story [3veCPp8rK1z3KSwQQcxzRC],,3veCPp8rK1z3KSwQQcxzRC,My Life Story,4136,9289,0,2026-07-18T20:45:22.974241+00:00,Spotify web-player queryArtistOverview,undocumented read-only web-client endpoint
Mystery Jets [09K1H1DgyIXHsMx2j7KTFX],,09K1H1DgyIXHsMx2j7KTFX,Mystery Jets,291320,170699,0,2026-07-18T20:45:22.974241+00:00,Spotify web-player queryArtistOverview,undocumented read-only web-client endpoint
Mànran [0okPaVyeEjh0VJtfBdNPho],,0okPaVyeEjh0VJtfBdNPho,Mànran,153473,32943,0,2026-07-18T20:45:22.974241+00:00,Spotify web-player queryArtistOverview,undocumented read-only web-client endpoint
N-Dubz [52Syw7gkGRePCAYvEY2X9D],,52Syw7gkGRePCAYvEY2X9D,N-Dubz,569050,307419,0,2026-07-18T20:45:22.974241+00:00,Spotify web-player queryArtistOverview,undocumented read-only web-client endpoint
N-Trance [45InkbGypoMk5nVX6dsHkt],,45InkbGypoMk5nVX6dsHkt,N-Trance,1162155,82658,0,2026-07-18T20:45:22.974241+00:00,Spotify web-player queryArtistOverview,undocumented read-only web-client endpoint
Nailbomb [4Q6EFOghPrRjdwsF4p7Nzm],,4Q6EFOghPrRjdwsF4p7Nzm,Nailbomb,297670,203781,0,2026-07-18T20:45:22.974241+00:00,Spotify web-player queryArtistOverview,undocumented read-only web-client endpoint
Napalm Death [3UqRgrDIQ208yNGiWKRMNt],,3UqRgrDIQ208yNGiWKRMNt,Napalm Death,199401,453164,0,2026-07-18T20:45:22.974241+00:00,Spotify web-player queryArtistOverview,undocumented read-only web-client endpoint
National Park [4qrFgUQuEveoLJFqBA9pbF],,4qrFgUQuEveoLJFqBA9pbF,National Park,158,143,0,2026-07-18T20:45:22.974241+00:00,Spotify web-player queryArtistOverview,undocumented read-only web-client endpoint
National Pastime [4Xg1lJLKFPifzRpyPQye8D],,4Xg1lJLKFPifzRpyPQye8D,National Pastime,109,205,0,2026-07-18T20:45:22.974241+00:00,Spotify web-player queryArtistOverview,undocumented read-only web-client endpoint
National Philharmonic Orchestra [2Ek1WGW7WeyDoxsZiu0AAd],,2Ek1WGW7WeyDoxsZiu0AAd,National Philharmonic Orchestra,964762,21890,0,2026-07-18T20:45:22.974241+00:00,Spotify web-player queryArtistOverview,undocumented read-only web-client endpoint
Nazareth [6fvN9GmMCVKb5LY0WsnjFP],,6fvN9GmMCVKb5LY0WsnjFP,Nazareth,4341186,1724966,0,2026-07-18T20:45:22.974241+00:00,Spotify web-player queryArtistOverview,undocumented read-only web-client endpoint
Neck Deep [2TM0qnbJH4QPhGMCdPt7fH],,2TM0qnbJH4QPhGMCdPt7fH,Neck Deep,2790501,1843051,0,2026-07-18T20:45:22.974241+00:00,Spotify web-player queryArtistOverview,undocumented read-only web-client endpoint
Necronautical [1pSdHGWvFgLQ1Tm82rTDCV],,1pSdHGWvFgLQ1Tm82rTDCV,Necronautical,393,4141,0,2026-07-18T20:45:22.974241+00:00,Spotify web-player queryArtistOverview,undocumented read-only web-client endpoint
Nektar [0n2Uel3CvQrmMsYLEfpO3s],,0n2Uel3CvQrmMsYLEfpO3s,Nektar,70557,73112,0,2026-07-18T20:45:22.974241+00:00,Spotify web-player queryArtistOverview,undocumented read-only web-client endpoint
Neonfly [1wnlhuOqpsrSVILi00vhMw],,1wnlhuOqpsrSVILi00vhMw,Neonfly,4344,9858,0,2026-07-18T20:45:22.974241+00:00,Spotify web-player queryArtistOverview,undocumented read-only web-client endpoint
Nero [4uRYpUQZrNrY5t8tAv3XrD],,4uRYpUQZrNrY5t8tAv3XrD,NERO,1501385,808732,0,2026-07-18T20:45:22.974241+00:00,Spotify web-player queryArtistOverview,undocumented read-only web-client endpoint
New Fast Automatic Daffodils [5KZSVZ1Y6B0D1vamrn8IGm],,5KZSVZ1Y6B0D1vamrn8IGm,New Fast Automatic Daffodils,9681,12436,0,2026-07-18T20:45:22.974241+00:00,Spotify web-player queryArtistOverview,undocumented read-only web-client endpoint
New Hope Club [2WuKU0SYZOQyY3MmE4vtez],,2WuKU0SYZOQyY3MmE4vtez,New Hope Club,617401,986109,0,2026-07-18T20:45:22.974241+00:00,Spotify web-player queryArtistOverview,undocumented read-only web-client endpoint
New Model Army [7n1EM42Fseebd9H2p8eWWS],,7n1EM42Fseebd9H2p8eWWS,New Model Army,226980,124775,0,2026-07-18T20:45:22.974241+00:00,Spotify web-player queryArtistOverview,undocumented read-only web-client endpoint
New Order [0yNLKJebCb8Aueb54LYya3],,0yNLKJebCb8Aueb54LYya3,New Order,8786188,2651294,0,2026-07-18T20:45:22.974241+00:00,Spotify web-player queryArtistOverview,undocumented read-only web-client endpoint
New Young Pony Club [3kdrMtLybQIl93rXJlvF3w],,3kdrMtLybQIl93rXJlvF3w,New Young Pony Club,99986,63710,0,2026-07-18T20:45:22.974241+00:00,Spotify web-player queryArtistOverview,undocumented read-only web-client endpoint
Newham Generals [4uvxuGejwpYNsKHUkNNtc7],,4uvxuGejwpYNsKHUkNNtc7,Newham Generals,7405,18957,0,2026-07-18T20:45:22.974241+00:00,Spotify web-player queryArtistOverview,undocumented read-only web-client endpoint
Night Tapes [5APEQlUaQ5K70LgPqAdTuU],,5APEQlUaQ5K70LgPqAdTuU,Night Tapes,1719979,135032,0,2026-07-18T20:45:22.974241+00:00,Spotify web-player queryArtistOverview,undocumented read-only web-client endpoint
Nimmo [76MojWoWNPzzKdrEspy5sl],,76MojWoWNPzzKdrEspy5sl,NIMMO,40726,14459,0,2026-07-18T20:45:22.974241+00:00,Spotify web-player queryArtistOverview,undocumented read-only web-client endpoint
Nine Below Zero [3OPxkeeqWspVVPlc6XUSaq],,3OPxkeeqWspVVPlc6XUSaq,Nine Below Zero,9445,12222,0,2026-07-18T20:45:22.974241+00:00,Spotify web-player queryArtistOverview,undocumented read-only web-client endpoint
Nine Black Alps [5fLbJGzlYux3GBwTifMMvR],,5fLbJGzlYux3GBwTifMMvR,Nine Black Alps,69153,20771,0,2026-07-18T20:45:22.974241+00:00,Spotify web-player queryArtistOverview,undocumented read-only web-client endpoint
Niteworks [0ZPK5uOCt6b4DQL7dEgnTq],,0ZPK5uOCt6b4DQL7dEgnTq,Niteworks,23024,20887,0,2026-07-18T20:45:22.974241+00:00,Spotify web-player queryArtistOverview,undocumented read-only web-client endpoint
Nitzer Ebb [7EnAgffrVyerTWH628TJ6f],,7EnAgffrVyerTWH628TJ6f,Nitzer Ebb,73454,106978,0,2026-07-18T20:45:22.974241+00:00,Spotify web-player queryArtistOverview,undocumented read-only web-client endpoint
No Bra [0fSx8olGiwNJ4p1W9ofj2m],,0fSx8olGiwNJ4p1W9ofj2m,No Bra,434,1867,0,2026-07-18T20:45:22.974241+00:00,Spotify web-player queryArtistOverview,undocumented read-only web-client endpoint
No-Man [77BO4bYHfvTmVuG63wOuHX],,77BO4bYHfvTmVuG63wOuHX,No-Man,9124,36627,0,2026-07-18T20:45:22.974241+00:00,Spotify web-player queryArtistOverview,undocumented read-only web-client endpoint
Noah and the Whale [0aeLcja6hKzb7Uz2ou7ulP],,0aeLcja6hKzb7Uz2ou7ulP,Noah And The Whale,995813,469876,0,2026-07-18T20:45:22.974241+00:00,Spotify web-player queryArtistOverview,undocumented read-only web-client endpoint
Nodens Ictus [0OfvEOqTN1x5l0KT2Ub2mW],,0OfvEOqTN1x5l0KT2Ub2mW,Nodens Ictus,611,1753,0,2026-07-18T20:45:22.974241+00:00,Spotify web-player queryArtistOverview,undocumented read-only web-client endpoint
Noel Gallagher's High Flying Birds [7sjttK1WcZeyLPn3IsQ62L],,7sjttK1WcZeyLPn3IsQ62L,Noel Gallagher's High Flying Birds,1799845,1117710,0,2026-07-18T20:45:22.974241+00:00,Spotify web-player queryArtistOverview,undocumented read-only web-client endpoint
Noise Foundation [68nnzWZxUGFW1ss9rEhUPP],,68nnzWZxUGFW1ss9rEhUPP,Noise Foundation,44527,559,0,2026-07-18T20:45:22.974241+00:00,Spotify web-player queryArtistOverview,undocumented read-only web-client endpoint
Nomad Soul [63xY0X2EHVI9cYp4dkjcts],,63xY0X2EHVI9cYp4dkjcts,Nomad Soul,913,1423,0,2026-07-18T20:45:22.974241+00:00,Spotify web-player queryArtistOverview,undocumented read-only web-client endpoint
Nomad [4nP1Vg2YuLE0Nbr7uK08SM],,4nP1Vg2YuLE0Nbr7uK08SM,Nomad,136733,9207,0,2026-07-18T20:45:22.974241+00:00,Spotify web-player queryArtistOverview,undocumented read-only web-client endpoint
Northern Uproar [4gQKDy8VP8afrFyive5ore],,4gQKDy8VP8afrFyive5ore,Northern Uproar,2394,6064,0,2026-07-18T20:45:22.974241+00:00,Spotify web-player queryArtistOverview,undocumented read-only web-client endpoint
Northside [2gv2g5svhtzsUQhtNZW7Xr],,2gv2g5svhtzsUQhtNZW7Xr,Northside,26106,20344,0,2026-07-18T20:45:22.974241+00:00,Spotify web-player queryArtistOverview,undocumented read-only web-client endpoint
Nothing but Thieves [1kDGbuxWknIKx4FlgWxiSp],,1kDGbuxWknIKx4FlgWxiSp,Nothing But Thieves,3587725,1421470,0,2026-07-18T20:45:22.974241+00:00,Spotify web-player queryArtistOverview,undocumented read-only web-client endpoint
Nu:Logic [5pL8Q5xbDLEDE6JvYMXX9u],,5pL8Q5xbDLEDE6JvYMXX9u,Nu:Logic,269288,41401,0,2026-07-18T20:45:22.974241+00:00,Spotify web-player queryArtistOverview,undocumented read-only web-client endpoint
Nuages [30tUlKZ8oLo0BnN6n0GZKD],,30tUlKZ8oLo0BnN6n0GZKD,Nuages,303990,100431,0,2026-07-18T20:45:22.974241+00:00,Spotify web-player queryArtistOverview,undocumented read-only web-client endpoint
Nun Gun [4K2piIheWu7i98Mb2TXAaG],,4K2piIheWu7i98Mb2TXAaG,Nun Gun,124,481,0,2026-07-18T20:45:22.974241+00:00,Spotify web-player queryArtistOverview,undocumented read-only web-client endpoint
Nurse With Wound [7BqVdvWeMLlWkZAOGRPe0I],,7BqVdvWeMLlWkZAOGRPe0I,Nurse With Wound,10697,49336,0,2026-07-18T20:45:22.974241+00:00,Spotify web-player queryArtistOverview,undocumented read-only web-client endpoint
O. Children [7J7hOGRAdXQdhMXeqf020e],,7J7hOGRAdXQdhMXeqf020e,O. Children,27293,30220,0,2026-07-18T20:45:22.974241+00:00,Spotify web-player queryArtistOverview,undocumented read-only web-client endpoint
O. [0R2UqQKBdSADXMN2Gx5CrB],,0R2UqQKBdSADXMN2Gx5CrB,O.,2156,9521,0,2026-07-18T20:45:22.974241+00:00,Spotify web-player queryArtistOverview,undocumented read-only web-client endpoint
Oasis [2DaxqgrOhkeH0fpeiQq2f4],,2DaxqgrOhkeH0fpeiQq2f4,Oasis,39676473,13941515,124,2026-07-18T20:45:22.974241+00:00,Spotify web-player queryArtistOverview,undocumented read-only web-client endpoint
Ocean Colour Scene [5vIOGcdmx1eIkq3ZtuS12U],,5vIOGcdmx1eIkq3ZtuS12U,Ocean Colour Scene,606956,454701,0,2026-07-18T20:45:22.974241+00:00,Spotify web-player queryArtistOverview,undocumented read-only web-client endpoint
OceanLab [0aTdKgInKeMlNnwWSa1YPT],,0aTdKgInKeMlNnwWSa1YPT,OceanLab,276395,83360,0,2026-07-18T20:45:22.974241+00:00,Spotify web-player queryArtistOverview,undocumented read-only web-client endpoint
Oceanic [3bqOGIOIvLc9JsAIS7OfEb],,3bqOGIOIvLc9JsAIS7OfEb,Oceanic,46135,3833,0,2026-07-18T20:45:22.974241+00:00,Spotify web-player queryArtistOverview,undocumented read-only web-client endpoint
Oceansize [0Opj9xi9HHrH0L9uHAKnKm],,0Opj9xi9HHrH0L9uHAKnKm,Oceansize,27190,50162,0,2026-07-18T20:45:22.974241+00:00,Spotify web-player queryArtistOverview,undocumented read-only web-client endpoint
Octopus [4unGdyZQTgdMSRqmsZsJZ1],,4unGdyZQTgdMSRqmsZsJZ1,Octopus,34584,2173,0,2026-07-18T20:45:22.974241+00:00,Spotify web-player queryArtistOverview,undocumented read-only web-client endpoint
Off The Boat [4inx3u6m6giLJwQlKt8iMU],,4inx3u6m6giLJwQlKt8iMU,Off The Boat,71,261,0,2026-07-18T20:45:22.974241+00:00,Spotify web-player queryArtistOverview,undocumented read-only web-client endpoint
Oh Wonder [5cIc3SBFuBLVxJz58W2tU9],,5cIc3SBFuBLVxJz58W2tU9,Oh Wonder,7552797,1128715,0,2026-07-18T20:45:22.974241+00:00,Spotify web-player queryArtistOverview,undocumented read-only web-client endpoint
Oi Va Voi [1AzrlUnOS6dhH0iMV86ctS],,1AzrlUnOS6dhH0iMV86ctS,Oi Va Voi,83446,64804,0,2026-07-18T20:45:22.974241+00:00,Spotify web-player queryArtistOverview,undocumented read-only web-client endpoint
Olive [0r2TmTSwK6XAhAxNxTDOb4],,0r2TmTSwK6XAhAxNxTDOb4,Olive,491693,31488,0,2026-07-18T20:45:22.974241+00:00,Spotify web-player queryArtistOverview,undocumented read-only web-client endpoint
One Direction [4AK6F7OLvEQ5QYCBNiQWHq],,4AK6F7OLvEQ5QYCBNiQWHq,One Direction,45724043,41728665,86,2026-07-18T20:45:22.974241+00:00,Spotify web-player queryArtistOverview,undocumented read-only web-client endpoint
One Dove [6OI65P7eBD8vc6aRhWJSJm],,6OI65P7eBD8vc6aRhWJSJm,One Dove,19178,6755,0,2026-07-18T20:45:22.974241+00:00,Spotify web-player queryArtistOverview,undocumented read-only web-client endpoint
One Eskimo [1K1m6K2IZOcbyabxB2jXjg],,1K1m6K2IZOcbyabxB2jXjg,One Eskimo,35030,11103,0,2026-07-18T20:45:22.974241+00:00,Spotify web-player queryArtistOverview,undocumented read-only web-client endpoint
One Minute Silence [5uO1Dms6wMs4J3sSdcKEMh],,5uO1Dms6wMs4J3sSdcKEMh,One Minute Silence,39696,41759,0,2026-07-18T20:45:22.974241+00:00,Spotify web-player queryArtistOverview,undocumented read-only web-client endpoint
Onslaught [71lhIVHJ24x9hEcwFSWuOf],,71lhIVHJ24x9hEcwFSWuOf,Onslaught,41973,106888,0,2026-07-18T20:45:22.974241+00:00,Spotify web-player queryArtistOverview,undocumented read-only web-client endpoint
Opaque [2H3dVYABwnIiZRcqO0tehe],,2H3dVYABwnIiZRcqO0tehe,Opaque,49,235,0,2026-07-18T20:45:22.974241+00:00,Spotify web-player queryArtistOverview,undocumented read-only web-client endpoint
Orange Goblin [3nutnJ57QnbWEdCWn2EyWo],,3nutnJ57QnbWEdCWn2EyWo,Orange Goblin,61406,153342,0,2026-07-18T20:45:22.974241+00:00,Spotify web-player queryArtistOverview,undocumented read-only web-client endpoint
Orbital [3csPCeXsj2wezyvkRFzvmV],,3csPCeXsj2wezyvkRFzvmV,Orbital,874037,416016,0,2026-07-18T20:45:22.974241+00:00,Spotify web-player queryArtistOverview,undocumented read-only web-client endpoint
Orchestra of Opera North [6htLW4cmfIEmagbDeATZ4H],,3B8tWVgvp7Mjnu1rBTQdpu,The Orchestra Of Opera North,11128,504,0,2026-07-18T20:45:22.974241+00:00,Spotify web-player queryArtistOverview,undocumented read-only web-client endpoint
Orchestra of the Age of Enlightenment [1WWZAYN8d4n4iwjYALmmKB],,1WWZAYN8d4n4iwjYALmmKB,Orchestra of the Age of Enlightenment,138088,10019,0,2026-07-18T20:45:22.974241+00:00,Spotify web-player queryArtistOverview,undocumented read-only web-client endpoint
Orchestra of the Swan [4Q6c37zCXu7UvWmUcROoVq],,4Q6c37zCXu7UvWmUcROoVq,Orchestra of the Swan,38155,4746,0,2026-07-18T20:45:22.974241+00:00,Spotify web-player queryArtistOverview,undocumented read-only web-client endpoint
Orchestral Manoeuvres in the Dark [7wJ9NwdRWtN92NunmXuwBk],,7wJ9NwdRWtN92NunmXuwBk,Orchestral Manoeuvres In The Dark,3287803,949812,0,2026-07-18T20:45:22.974241+00:00,Spotify web-player queryArtistOverview,undocumented read-only web-client endpoint
Original Mirrors [3o584GzCerZyBgblZOhYSR],,3o584GzCerZyBgblZOhYSR,Original Mirrors,173,425,0,2026-07-18T20:45:22.974241+00:00,Spotify web-player queryArtistOverview,undocumented read-only web-client endpoint
Orlando [4CFVwKkEV3fPV2hr6ISfPH],,4CFVwKkEV3fPV2hr6ISfPH,Orlando,8736,1827,0,2026-07-18T20:45:22.974241+00:00,Spotify web-player queryArtistOverview,undocumented read-only web-client endpoint
Orphix [4fxwTkuDSRh2oEftCgIdg1],,4fxwTkuDSRh2oEftCgIdg1,Orphix,257,223,0,2026-07-18T20:45:22.974241+00:00,Spotify web-player queryArtistOverview,undocumented read-only web-client endpoint
Osibisa [12X85dtebfc7JTZ8iMBT2o],,12X85dtebfc7JTZ8iMBT2o,Osibisa,47843,47531,0,2026-07-18T20:45:22.974241+00:00,Spotify web-player queryArtistOverview,undocumented read-only web-client endpoint
Oxide & Neutrino [0uhNYfjHJyAmHh2xNZ4vqf],,0uhNYfjHJyAmHh2xNZ4vqf,Oxide & Neutrino,159474,27287,0,2026-07-18T20:45:22.974241+00:00,Spotify web-player queryArtistOverview,undocumented read-only web-client endpoint
Oysterband [4qL0mXWhInJHho86HqOEn7],,4qL0mXWhInJHho86HqOEn7,Oysterband,19197,12086,0,2026-07-18T20:45:22.974241+00:00,Spotify web-player queryArtistOverview,undocumented read-only web-client endpoint
Ozric Tentacles [0Iv00ucAIqr5KVS7bXGFa9],,0Iv00ucAIqr5KVS7bXGFa9,Ozric Tentacles,30429,97411,0,2026-07-18T20:45:22.974241+00:00,Spotify web-player queryArtistOverview,undocumented read-only web-client endpoint
PACE [0M6xT4nEOcKw436KIgq5DE],,0M6xT4nEOcKw436KIgq5DE,Pace,135,853,0,2026-07-18T20:45:22.974241+00:00,Spotify web-player queryArtistOverview,undocumented read-only web-client endpoint
PORTNOY [66AOyvBgo5lbjIJYmfduBY],,66AOyvBgo5lbjIJYmfduBY,The Portnoy Brothers,2753,2209,0,2026-07-18T20:45:22.974241+00:00,Spotify web-player queryArtistOverview,undocumented read-only web-client endpoint
PSOTY [7nM5qczzwOoamL01A5aFHj],,7nM5qczzwOoamL01A5aFHj,PSOTY,193,1286,0,2026-07-18T20:45:22.974241+00:00,Spotify web-player queryArtistOverview,undocumented read-only web-client endpoint
Pagan Altar [7guUH9AltTVdv1HniR7d9O],,7guUH9AltTVdv1HniR7d9O,Pagan Altar,12977,39632,0,2026-07-18T20:45:22.974241+00:00,Spotify web-player queryArtistOverview,undocumented read-only web-client endpoint
Pale Waves [0wOej91SVqB1zcYkW6xUtA],,0wOej91SVqB1zcYkW6xUtA,Pale Waves,390813,387390,0,2026-07-18T20:45:22.974241+00:00,Spotify web-player queryArtistOverview,undocumented read-only web-client endpoint
Panic Shack [26HCuM5PamldoaHII5Ifxc],,26HCuM5PamldoaHII5Ifxc,Panic Shack,142284,53371,0,2026-07-18T20:45:22.974241+00:00,Spotify web-player queryArtistOverview,undocumented read-only web-client endpoint
Pantheist [0hoDGN65J0YVmmbmouULEC],,0hoDGN65J0YVmmbmouULEC,PANTHEIST,1670,12908,0,2026-07-18T20:45:22.974241+00:00,Spotify web-player queryArtistOverview,undocumented read-only web-client endpoint
Paper Lace [33W24YuaMUEk85MwRX6cRs],,33W24YuaMUEk85MwRX6cRs,Paper Lace,203759,42819,0,2026-07-18T20:45:22.974241+00:00,Spotify web-player queryArtistOverview,undocumented read-only web-client endpoint
Parade [4yGB8G8bh2eMJFmGEdTxix],,4yGB8G8bh2eMJFmGEdTxix,Parade,2,14,0,2026-07-18T20:45:22.974241+00:00,Spotify web-player queryArtistOverview,undocumented read-only web-client endpoint
Paradise Lost [0gIo6kGl4KsCeIbqtZVHYp],,0gIo6kGl4KsCeIbqtZVHYp,Paradise Lost,336657,395901,0,2026-07-18T20:45:22.974241+00:00,Spotify web-player queryArtistOverview,undocumented read-only web-client endpoint
Pardon Us [6yfT4vrdDIxjwrsRbwXvaO],,6yfT4vrdDIxjwrsRbwXvaO,Pardon Us,97,406,0,2026-07-18T20:45:22.974241+00:00,Spotify web-player queryArtistOverview,undocumented read-only web-client endpoint
Peaness [0bHVjNgsMH7b4XxmWhR7Tl],,0bHVjNgsMH7b4XxmWhR7Tl,Peaness,1283,7328,0,2026-07-18T20:45:22.974241+00:00,Spotify web-player queryArtistOverview,undocumented read-only web-client endpoint
Pearl Carr & Teddy Johnson [2lGZAV0NYAVKlas6vkwNo6],,2lGZAV0NYAVKlas6vkwNo6,"Teddy Johnson, Pearl Carr",1,12,0,2026-07-18T20:45:22.974241+00:00,Spotify web-player queryArtistOverview,undocumented read-only web-client endpoint
Pearl Carr & Teddy Johnson [3A93OfG1cPAEvOJ5u1um3T],,3A93OfG1cPAEvOJ5u1um3T,Pearl Carr & Teddy Johnson,10,29,0,2026-07-18T20:45:22.974241+00:00,Spotify web-player queryArtistOverview,undocumented read-only web-client endpoint
Pentangle [55wOEGTc3QKwBJ9gntcOxT],,55wOEGTc3QKwBJ9gntcOxT,Pentangle,61364,69361,0,2026-07-18T20:45:22.974241+00:00,Spotify web-player queryArtistOverview,undocumented read-only web-client endpoint
Peppa Pig [2gJLanGIV9JqQuKBCWy9ZG],,2gJLanGIV9JqQuKBCWy9ZG,Peppa Pig,585566,199475,0,2026-07-18T20:45:22.974241+00:00,Spotify web-player queryArtistOverview,undocumented read-only web-client endpoint
Perpetual loop [5NvD7pBUIDzAbQLRqqdEMc],,5NvD7pBUIDzAbQLRqqdEMc,Perpetual Loop,9316,7778,0,2026-07-18T20:45:22.974241+00:00,Spotify web-player queryArtistOverview,undocumented read-only web-client endpoint
Pet Shop Boys [2ycnb8Er79LoH2AsR5ldjh],,2ycnb8Er79LoH2AsR5ldjh,Pet Shop Boys,10634217,2426999,0,2026-07-18T20:45:22.974241+00:00,Spotify web-player queryArtistOverview,undocumented read-only web-client endpoint
Peter Green Splinter Group [77aUDqXRIvkDNxARfYwoHC],,77aUDqXRIvkDNxARfYwoHC,Peter Green Splinter Group,31080,41317,0,2026-07-18T20:45:22.974241+00:00,Spotify web-player queryArtistOverview,undocumented read-only web-client endpoint
Peter and Gordon [6lHC2EQMEMZiEmSfFloarn],,6lHC2EQMEMZiEmSfFloarn,Peter And Gordon,290650,38450,0,2026-07-18T20:45:22.974241+00:00,Spotify web-player queryArtistOverview,undocumented read-only web-client endpoint
Peter and the Test Tube Babies [2mHQfi32bOrYcD42cazcmh],,2mHQfi32bOrYcD42cazcmh,Peter and the Test Tube Babies,35963,46920,0,2026-07-18T20:45:22.974241+00:00,Spotify web-player queryArtistOverview,undocumented read-only web-client endpoint
Petrol Girls [7dEx5Gii91YpvTOzrrvx5L],,7dEx5Gii91YpvTOzrrvx5L,Petrol Girls,17013,31737,0,2026-07-18T20:45:22.974241+00:00,Spotify web-player queryArtistOverview,undocumented read-only web-client endpoint
Phi Life Cypher [4cDUgsexpRzd4AUvOOvOQh],,4cDUgsexpRzd4AUvOOvOQh,Phi Life Cypher,7911,10474,0,2026-07-18T20:45:22.974241+00:00,Spotify web-player queryArtistOverview,undocumented read-only web-client endpoint
Phil Campbell and the Bastard Sons [7fRzvXVDS5fOLD91WQwE6q],,7fRzvXVDS5fOLD91WQwE6q,Phil Campbell and the Bastard Sons,43860,47440,0,2026-07-18T20:45:22.974241+00:00,Spotify web-player queryArtistOverview,undocumented read-only web-client endpoint
Philharmonia Orchestra [09KZU0NsS7jRa5p0SflmGY],,09KZU0NsS7jRa5p0SflmGY,Philharmonia Orchestra,4970488,116396,0,2026-07-18T20:45:22.974241+00:00,Spotify web-player queryArtistOverview,undocumented read-only web-client endpoint
Phoenix23 [0tvK1sApC4Yyg2FjPp6YY4],,0tvK1sApC4Yyg2FjPp6YY4,Phoenix 23,24,32,0,2026-07-18T20:45:22.974241+00:00,Spotify web-player queryArtistOverview,undocumented read-only web-client endpoint
Pholo [53Wk6hhoFwz3REXaZ2XW2a],,53Wk6hhoFwz3REXaZ2XW2a,Pholo,9616,6792,0,2026-07-18T20:45:22.974241+00:00,Spotify web-player queryArtistOverview,undocumented read-only web-client endpoint
Piano Magic [6sIZakv0uaA3qQmOOPTOQt],,6sIZakv0uaA3qQmOOPTOQt,Piano Magic,26180,19454,0,2026-07-18T20:45:22.974241+00:00,Spotify web-player queryArtistOverview,undocumented read-only web-client endpoint
Pierre Moerlen's Gong [2x8NPoFZP2nOQ0tZiaUmsw],,2x8NPoFZP2nOQ0tZiaUmsw,Pierre Moerlen's Gong,1745,7823,0,2026-07-18T20:45:22.974241+00:00,Spotify web-player queryArtistOverview,undocumented read-only web-client endpoint
Pigs Pigs Pigs Pigs Pigs Pigs Pigs [1F7QDWyZTLGzkyGLgFjEhU],,1F7QDWyZTLGzkyGLgFjEhU,Pigs Pigs Pigs Pigs Pigs Pigs Pigs,37035,72472,0,2026-07-18T20:45:22.974241+00:00,Spotify web-player queryArtistOverview,undocumented read-only web-client endpoint
Pilot [6PwcexHTG0qJWQQwp05Bpm],,6PwcexHTG0qJWQQwp05Bpm,Pilot,1181505,78328,0,2026-07-18T20:45:22.974241+00:00,Spotify web-player queryArtistOverview,undocumented read-only web-client endpoint
Pink Floyd [0k17h0D3J5VfsdmQ1iZtE9],,0k17h0D3J5VfsdmQ1iZtE9,Pink Floyd,26546155,24145634,282,2026-07-18T20:45:22.974241+00:00,Spotify web-player queryArtistOverview,undocumented read-only web-client endpoint
Pitchshifter [10aXVE8RSUCeMzaFvBnZ2i],,10aXVE8RSUCeMzaFvBnZ2i,Pitchshifter,43987,48946,0,2026-07-18T20:45:22.974241+00:00,Spotify web-player queryArtistOverview,undocumented read-only web-client endpoint
Placebo [6RZUqkomCmb8zCRqc9eznB],,6RZUqkomCmb8zCRqc9eznB,Placebo,3460472,2201483,0,2026-07-18T20:45:22.974241+00:00,Spotify web-player queryArtistOverview,undocumented read-only web-client endpoint
Plaid [5akVqMzdZOdbMYbE4vNZWD],,5akVqMzdZOdbMYbE4vNZWD,Plaid,103115,122177,0,2026-07-18T20:45:22.974241+00:00,Spotify web-player queryArtistOverview,undocumented read-only web-client endpoint
Plainsong [0u8SmXNWlofh5ZVJ6SDpRi],,0u8SmXNWlofh5ZVJ6SDpRi,Plainsong,2177,1870,0,2026-07-18T20:45:22.974241+00:00,Spotify web-player queryArtistOverview,undocumented read-only web-client endpoint
Planet Perfecto [3Q9P0SbpaP9xsBtLUVK0Be],,3Q9P0SbpaP9xsBtLUVK0Be,Planet Perfecto,203707,10221,0,2026-07-18T20:45:22.974241+00:00,Spotify web-player queryArtistOverview,undocumented read-only web-client endpoint
Playgroup [62LxcTROPoUdVqrXDREavS],,62LxcTROPoUdVqrXDREavS,Playgroup,16276,4127,0,2026-07-18T20:45:22.974241+00:00,Spotify web-player queryArtistOverview,undocumented read-only web-client endpoint
Plump DJs [1daC6WKGAm52YZbL5G7zYg],,1daC6WKGAm52YZbL5G7zYg,Plump DJs,39025,39640,0,2026-07-18T20:45:22.974241+00:00,Spotify web-player queryArtistOverview,undocumented read-only web-client endpoint
Polarsets [3sVYJRi0MegX3bkwexcbQR],,3sVYJRi0MegX3bkwexcbQR,Polarsets,1511,3222,0,2026-07-18T20:45:22.974241+00:00,Spotify web-player queryArtistOverview,undocumented read-only web-client endpoint
Pooka [3FJWxybW8MyzVi3XafVfBR],,3FJWxybW8MyzVi3XafVfBR,Pooka,174,600,0,2026-07-18T20:45:22.974241+00:00,Spotify web-player queryArtistOverview,undocumented read-only web-client endpoint
Pop Will Eat Itself [5rIXueJu7zVE2gDZjUM6g8],,5rIXueJu7zVE2gDZjUM6g8,Pop Will Eat Itself,138949,45364,0,2026-07-18T20:45:22.974241+00:00,Spotify web-player queryArtistOverview,undocumented read-only web-client endpoint
Porcupine Tree [5NXHXK6hOCotCF8lvGM1I0],,5NXHXK6hOCotCF8lvGM1I0,Porcupine Tree,514183,808818,0,2026-07-18T20:45:22.974241+00:00,Spotify web-player queryArtistOverview,undocumented read-only web-client endpoint
Portico Quartet [7sYipTRgDXS2JVOPEhRutx],,7sYipTRgDXS2JVOPEhRutx,Portico Quartet,251925,213988,0,2026-07-18T20:45:22.974241+00:00,Spotify web-player queryArtistOverview,undocumented read-only web-client endpoint
Portishead [6liAMWkVf5LH7YR9yfFy1Y],,6liAMWkVf5LH7YR9yfFy1Y,Portishead,5958911,2540792,0,2026-07-18T20:45:22.974241+00:00,Spotify web-player queryArtistOverview,undocumented read-only web-client endpoint
Power Quest [0m9MRvdIdPp3cR1JkaEVip],,0m9MRvdIdPp3cR1JkaEVip,Power Quest,19293,42488,0,2026-07-18T20:45:22.974241+00:00,Spotify web-player queryArtistOverview,undocumented read-only web-client endpoint
Precious [0ZhPS80sMbmVgzOkMPKNpn],,0ZhPS80sMbmVgzOkMPKNpn,Precious,530748,9402,0,2026-07-18T20:45:22.974241+00:00,Spotify web-player queryArtistOverview,undocumented read-only web-client endpoint
Prefab Sprout [4w3QqrcmBv8dasemwBXmxf],,4w3QqrcmBv8dasemwBXmxf,Prefab Sprout,410644,238201,0,2026-07-18T20:45:22.974241+00:00,Spotify web-player queryArtistOverview,undocumented read-only web-client endpoint
President [40nPYop0FOD9Syyu5y4dAU],,40nPYop0FOD9Syyu5y4dAU,PRESIDENT,1108071,247203,0,2026-07-18T20:45:22.974241+00:00,Spotify web-player queryArtistOverview,undocumented read-only web-client endpoint
Press to Meco [1uLjfn78AsMWafGWBuVT8q],,1uLjfn78AsMWafGWBuVT8q,Press to MECO,5599,8762,0,2026-07-18T20:45:22.974241+00:00,Spotify web-player queryArtistOverview,undocumented read-only web-client endpoint
Pretty Vicious [4KH4eOg39KeBpnfSgvIteD],,4KH4eOg39KeBpnfSgvIteD,Pretty Vicious,152499,61601,0,2026-07-18T20:45:22.974241+00:00,Spotify web-player queryArtistOverview,undocumented read-only web-client endpoint
Primal Scream [3wury2nd8idV4GecUg5xze],,3wury2nd8idV4GecUg5xze,Primal Scream,1165795,590819,0,2026-07-18T20:45:22.974241+00:00,Spotify web-player queryArtistOverview,undocumented read-only web-client endpoint
Procol Harum [0GbqW5TJr7n4is453VOY4C],,0GbqW5TJr7n4is453VOY4C,Procol Harum,1385101,564567,0,2026-07-18T20:45:22.974241+00:00,Spotify web-player queryArtistOverview,undocumented read-only web-client endpoint
Project Overload [1tKR8fSpu3ax5Oo7qE5z84],,1tKR8fSpu3ax5Oo7qE5z84,Project Overload,116,303,0,2026-07-18T20:45:22.974241+00:00,Spotify web-player queryArtistOverview,undocumented read-only web-client endpoint
Propellerheads [3Z7thZHrtFvqp8OpPffPKp],,3Z7thZHrtFvqp8OpPffPKp,Propellerheads,258314,173478,0,2026-07-18T20:45:22.974241+00:00,Spotify web-player queryArtistOverview,undocumented read-only web-client endpoint
Psychic TV [3oi0s3WIuxBU5oh87n7za2],,3oi0s3WIuxBU5oh87n7za2,Psychic TV,62944,88107,0,2026-07-18T20:45:22.974241+00:00,Spotify web-player queryArtistOverview,undocumented read-only web-client endpoint
Public Image Ltd. [70MMkLXtue3Edj3RJhJkYp],,70MMkLXtue3Edj3RJhJkYp,Public Image Ltd.,397001,359205,0,2026-07-18T20:45:22.974241+00:00,Spotify web-player queryArtistOverview,undocumented read-only web-client endpoint
Public Service Broadcasting [6VsiDFMZJlJ053P1uO4A6h],,6VsiDFMZJlJ053P1uO4A6h,Public Service Broadcasting,204661,191872,0,2026-07-18T20:45:22.974241+00:00,Spotify web-player queryArtistOverview,undocumented read-only web-client endpoint
Pull Tiger Tail [4zL29SqN7NHINT36WAqyT3],,4zL29SqN7NHINT36WAqyT3,Pull Tiger Tail,1114,2837,0,2026-07-18T20:45:22.974241+00:00,Spotify web-player queryArtistOverview,undocumented read-only web-client endpoint
Pulp [36E7oYfz3LLRto6l2WmDcD],,36E7oYfz3LLRto6l2WmDcD,Pulp,2830863,1164307,0,2026-07-18T20:45:22.974241+00:00,Spotify web-player queryArtistOverview,undocumented read-only web-client endpoint
Puppy [1k7YEgitylDPEwY0oLo8lH],,1k7YEgitylDPEwY0oLo8lH,Puppy,5390,13856,0,2026-07-18T20:45:22.974241+00:00,Spotify web-player queryArtistOverview,undocumented read-only web-client endpoint
Puressence [1cFIgop2t8jZzlM7TVePLY],,1cFIgop2t8jZzlM7TVePLY,Puressence,35668,14385,0,2026-07-18T20:45:22.974241+00:00,Spotify web-player queryArtistOverview,undocumented read-only web-client endpoint
Push Baby [0kkxsdcaWmWU2yWAqclDh4],,0kkxsdcaWmWU2yWAqclDh4,Rixton,3592716,784995,0,2026-07-18T20:45:22.974241+00:00,Spotify web-player queryArtistOverview,undocumented read-only web-client endpoint
Q1024747 [2kS4yz85MaZlxp2VaS3BEe],,2kS4yz85MaZlxp2VaS3BEe,Cabaret Voltaire,45473,118625,0,2026-07-18T20:45:22.974241+00:00,Spotify web-player queryArtistOverview,undocumented read-only web-client endpoint
Q110473058 [7ei7gHUG6rrXBAx3rzcewF],,7ei7gHUG6rrXBAx3rzcewF,Headrillaz,1221,467,0,2026-07-18T20:45:22.974241+00:00,Spotify web-player queryArtistOverview,undocumented read-only web-client endpoint
Q113361759 [2UyOnfaE8nWXKPwYQyp2La],,2UyOnfaE8nWXKPwYQyp2La,Goreshit,402546,228207,0,2026-07-18T20:45:22.974241+00:00,Spotify web-player queryArtistOverview,undocumented read-only web-client endpoint
Q122765662 [1stGFX6w6VMHQPDPlBqX74],,1stGFX6w6VMHQPDPlBqX74,Sons of Raphael,31229,6089,0,2026-07-18T20:45:22.974241+00:00,Spotify web-player queryArtistOverview,undocumented read-only web-client endpoint
Q128482668 [6ydvoGN30eRfE78bjTANF7],,6ydvoGN30eRfE78bjTANF7,Sad Night Dynamite,253077,83934,0,2026-07-18T20:45:22.974241+00:00,Spotify web-player queryArtistOverview,undocumented read-only web-client endpoint
Q131406514 [0wTfMphWYgAHdaXricLywe],,0wTfMphWYgAHdaXricLywe,Melin Melyn,4660,6385,0,2026-07-18T20:45:22.974241+00:00,Spotify web-player queryArtistOverview,undocumented read-only web-client endpoint
Q131406600 [48US3n5ecZ1TS4RjzsdWrm],,48US3n5ecZ1TS4RjzsdWrm,Baba Ali,33455,11533,0,2026-07-18T20:45:22.974241+00:00,Spotify web-player queryArtistOverview,undocumented read-only web-client endpoint
Q131406831 [2qf9rIU7fNJBZvqptGu863],,2qf9rIU7fNJBZvqptGu863,Slate,14717,4499,0,2026-07-18T20:45:22.974241+00:00,Spotify web-player queryArtistOverview,undocumented read-only web-client endpoint
Q131406849 [36Ar4uCS5iNCgQLMFrWKyA],,36Ar4uCS5iNCgQLMFrWKyA,Dog Race,16020,10133,0,2026-07-18T20:45:22.974241+00:00,Spotify web-player queryArtistOverview,undocumented read-only web-client endpoint
Q131406896 [0lqPfG8vAR30UX3cWDbCEn],,0lqPfG8vAR30UX3cWDbCEn,Friedberg,71589,18259,0,2026-07-18T20:45:22.974241+00:00,Spotify web-player queryArtistOverview,undocumented read-only web-client endpoint
Q131406954 [7L0uKOuMgMCLXHW9RnyB8n],,7L0uKOuMgMCLXHW9RnyB8n,Home Counties,24600,12522,0,2026-07-18T20:45:22.974241+00:00,Spotify web-player queryArtistOverview,undocumented read-only web-client endpoint
Q136682676 [2LikjKVyI5gqANlB9S7DNW],,2LikjKVyI5gqANlB9S7DNW,Ebbb,29218,4352,0,2026-07-18T20:45:22.974241+00:00,Spotify web-player queryArtistOverview,undocumented read-only web-client endpoint
Q138610794 [5bkDZbI6xjaQZEhm3tq50G],,5bkDZbI6xjaQZEhm3tq50G,Even Vast,27,297,0,2026-07-18T20:45:22.974241+00:00,Spotify web-player queryArtistOverview,undocumented read-only web-client endpoint
Q1969654 [6EQn1KgYQxe0bcheogqRTB],,6EQn1KgYQxe0bcheogqRTB,Wax,151687,15562,0,2026-07-18T20:45:22.974241+00:00,Spotify web-player queryArtistOverview,undocumented read-only web-client endpoint
Q247237 [6WH1V41LwGDGmlPUhSZLHO],,6WH1V41LwGDGmlPUhSZLHO,Autechre,187473,284945,0,2026-07-18T20:45:22.974241+00:00,Spotify web-player queryArtistOverview,undocumented read-only web-client endpoint
Q334648 [3fhOTtm0LBJ3Ojn4hIljLo],,3fhOTtm0LBJ3Ojn4hIljLo,Roxy Music,2932733,1153536,0,2026-07-18T20:45:22.974241+00:00,Spotify web-player queryArtistOverview,undocumented read-only web-client endpoint
Q3989799 [1luY92PbdGWRyBRY1ZR7o1],,1luY92PbdGWRyBRY1ZR7o1,The Unthanks,30493,50728,0,2026-07-18T20:45:22.974241+00:00,Spotify web-player queryArtistOverview,undocumented read-only web-client endpoint
Q606250 [5BKsn7SCN2XmbF7apdCpRS],,5BKsn7SCN2XmbF7apdCpRS,Goldfrapp,864148,618403,0,2026-07-18T20:45:22.974241+00:00,Spotify web-player queryArtistOverview,undocumented read-only web-client endpoint
Q62754522 [0lIKeApI76hhaAI78Jy6tt],,0lIKeApI76hhaAI78Jy6tt,Vodun,242,3998,0,2026-07-18T20:45:22.974241+00:00,Spotify web-player queryArtistOverview,undocumented read-only web-client endpoint
Queen [1dfeR4HaWDbWqFHLkxsg1d],,1dfeR4HaWDbWqFHLkxsg1d,Queen,51601234,58004701,64,2026-07-18T20:45:22.974241+00:00,Spotify web-player queryArtistOverview,undocumented read-only web-client endpoint
Rabid Bitch of the North [28863WxyFkGJeWk8zbEGAo],,28863WxyFkGJeWk8zbEGAo,Rabid Bitch of the North,10,437,0,2026-07-18T20:45:22.974241+00:00,Spotify web-player queryArtistOverview,undocumented read-only web-client endpoint
Racey [1W4SfNO5hb1tdX0wQ87zxl],,1W4SfNO5hb1tdX0wQ87zxl,Racey,401016,50878,0,2026-07-18T20:45:22.974241+00:00,Spotify web-player queryArtistOverview,undocumented read-only web-client endpoint
Radha Krishna Temple [1Xmb4eOkppkbRB0IbtCahx],,1Xmb4eOkppkbRB0IbtCahx,The Radha Krsna Temple (London),15789,12302,0,2026-07-18T20:45:22.974241+00:00,Spotify web-player queryArtistOverview,undocumented read-only web-client endpoint
Radio Anorak [7DI8lla9rOD2GxmKprt2yl],,7DI8lla9rOD2GxmKprt2yl,Radio Anorak,334,607,0,2026-07-18T20:45:22.974241+00:00,Spotify web-player queryArtistOverview,undocumented read-only web-client endpoint
Radio Slave [4rzWjR3L3M54c6I25NzdM3],,4rzWjR3L3M54c6I25NzdM3,Radio Slave,130300,40421,0,2026-07-18T20:45:22.974241+00:00,Spotify web-player queryArtistOverview,undocumented read-only web-client endpoint
Radiohead [4Z8W4fKeB5YxbusRsdQVPb],,4Z8W4fKeB5YxbusRsdQVPb,Radiohead,43168156,16613975,100,2026-07-18T20:45:22.974241+00:00,Spotify web-player queryArtistOverview,undocumented read-only web-client endpoint
Rain [4W85qcKiLn5WGMm6vtoNX6],,4W85qcKiLn5WGMm6vtoNX6,Rain,110,746,0,2026-07-18T20:45:22.974241+00:00,Spotify web-player queryArtistOverview,undocumented read-only web-client endpoint
Rainbow [6SLAMfhOi7UJI0fMztaK0m],,6SLAMfhOi7UJI0fMztaK0m,Rainbow,2270623,1739107,0,2026-07-18T20:45:22.974241+00:00,Spotify web-player queryArtistOverview,undocumented read-only web-client endpoint
Rak-Su [5UyRaawCsdiVrro0WWgIVB],,5UyRaawCsdiVrro0WWgIVB,Rak-Su,115569,190495,0,2026-07-18T20:45:22.974241+00:00,Spotify web-player queryArtistOverview,undocumented read-only web-client endpoint
Rat Face Lewey [29hehHQR95OVuLipgcj2qg],,29hehHQR95OVuLipgcj2qg,Rat Face Lewey,252,1312,0,2026-07-18T20:45:22.974241+00:00,Spotify web-player queryArtistOverview,undocumented read-only web-client endpoint
Raven [1EH9eSje47IiRyVsq3gfkl],,1EH9eSje47IiRyVsq3gfkl,Raven,17043,80730,0,2026-07-18T20:45:22.974241+00:00,Spotify web-player queryArtistOverview,undocumented read-only web-client endpoint
Ray Noble and his New Mayfair Orchestra [3q8UyfiNHSaevyESQfiXcC],,3q8UyfiNHSaevyESQfiXcC,Ray Noble & His New Mayfair Orchestra,2,0,0,2026-07-18T20:45:22.974241+00:00,Spotify web-player queryArtistOverview,undocumented read-only web-client endpoint
Ray Noble and his New Mayfair Orchestra [6hIM5RfcLHo5DQPLXoah4O],,6hIM5RfcLHo5DQPLXoah4O,Ray Noble & His New Mayfair Dance Orchestra,2,17,0,2026-07-18T20:45:22.974241+00:00,Spotify web-player queryArtistOverview,undocumented read-only web-client endpoint
Ray Noble and his New Mayfair Orchestra [7LDJ8q6yB9HkoaAcFrR4oJ],,7LDJ8q6yB9HkoaAcFrR4oJ,Ray Noble And His New Mayfair Dance Orchestra,27,69,0,2026-07-18T20:45:22.974241+00:00,Spotify web-player queryArtistOverview,undocumented read-only web-client endpoint
Re-Flex [1iNGtKXGyniqwVhXfbKpk8],,1iNGtKXGyniqwVhXfbKpk8,Re-Flex,75009,9830,0,2026-07-18T20:45:22.974241+00:00,Spotify web-player queryArtistOverview,undocumented read-only web-client endpoint
Real Lies [1jucBaHU995Lf7ViACscFu],,1jucBaHU995Lf7ViACscFu,Real Lies,122748,23084,0,2026-07-18T20:45:22.974241+00:00,Spotify web-player queryArtistOverview,undocumented read-only web-client endpoint
Red Box [4TvQ6wnXv3aDNv29JH6App],,4TvQ6wnXv3aDNv29JH6App,Red Box,72793,8971,0,2026-07-18T20:45:22.974241+00:00,Spotify web-player queryArtistOverview,undocumented read-only web-client endpoint
Red Lorry Yellow Lorry [6ixeWfTvnU1VOVPEVP5Bcq],,6ixeWfTvnU1VOVPEVP5Bcq,Red Lorry Yellow Lorry,38041,51142,0,2026-07-18T20:45:22.974241+00:00,Spotify web-player queryArtistOverview,undocumented read-only web-client endpoint
RedFaces [0gP1g7feAxTD9rghuNRNNH],,0gP1g7feAxTD9rghuNRNNH,RedFaces,2000,7056,0,2026-07-18T20:45:22.974241+00:00,Spotify web-player queryArtistOverview,undocumented read-only web-client endpoint
Reef [191Koh7PSIi28IrGAGoINO],,191Koh7PSIi28IrGAGoINO,Reef,269572,68741,0,2026-07-18T20:45:22.974241+00:00,Spotify web-player queryArtistOverview,undocumented read-only web-client endpoint
Reigning Days [7qysLcTimRpQ0VaqCzj4jI],,7qysLcTimRpQ0VaqCzj4jI,Reigning Days,980,1847,0,2026-07-18T20:45:22.974241+00:00,Spotify web-player queryArtistOverview,undocumented read-only web-client endpoint
Remember Monday [3oIj2x6uKeZSe9Bprnt4TX],,3oIj2x6uKeZSe9Bprnt4TX,Remember Monday,97605,47560,0,2026-07-18T20:45:22.974241+00:00,Spotify web-player queryArtistOverview,undocumented read-only web-client endpoint
Renaldo and the Loaf [3CtpGjVnInfWi1lhtwVNKe],,3CtpGjVnInfWi1lhtwVNKe,Renaldo & The Loaf,1198,6622,0,2026-07-18T20:45:22.974241+00:00,Spotify web-player queryArtistOverview,undocumented read-only web-client endpoint
Reprazent [0QJsUBH0PcoT2fYI1F1Oee],,0QJsUBH0PcoT2fYI1F1Oee,Roni Size Reprazent,306,1053,0,2026-07-18T20:45:22.974241+00:00,Spotify web-player queryArtistOverview,undocumented read-only web-client endpoint
Reprazent [17Ytfl1DntgvVdragJEqx8],,17Ytfl1DntgvVdragJEqx8,Reprazent,150501,7044,0,2026-07-18T20:45:22.974241+00:00,Spotify web-player queryArtistOverview,undocumented read-only web-client endpoint
Republica [06YQ6XwCdPUn8rAXV70gge],,06YQ6XwCdPUn8rAXV70gge,Republica,382250,84002,0,2026-07-18T20:45:22.974241+00:00,Spotify web-player queryArtistOverview,undocumented read-only web-client endpoint
Repulsive Vision [0ZRKL1Uk1qrfhnfjRtSVRC],,0ZRKL1Uk1qrfhnfjRtSVRC,Repulsive Vision,100,971,0,2026-07-18T20:45:22.974241+00:00,Spotify web-player queryArtistOverview,undocumented read-only web-client endpoint
Reuben [2qmpmvIJ66AWEdW0VOVlzS],,2qmpmvIJ66AWEdW0VOVlzS,Reuben,15981,27487,0,2026-07-18T20:45:22.974241+00:00,Spotify web-player queryArtistOverview,undocumented read-only web-client endpoint
Reverend and The Makers [14GEKKALFIO2oB9IdGXg2e],,14GEKKALFIO2oB9IdGXg2e,Reverend And The Makers,271305,95993,0,2026-07-18T20:45:22.974241+00:00,Spotify web-player queryArtistOverview,undocumented read-only web-client endpoint
Rialto [3JEZFF5iZhEtpeTTGSzWid],,3JEZFF5iZhEtpeTTGSzWid,Rialto,26706,13130,0,2026-07-18T20:45:22.974241+00:00,Spotify web-player queryArtistOverview,undocumented read-only web-client endpoint
Rich Kids [69d3gmnnSi2WPQ9ISplpia],,69d3gmnnSi2WPQ9ISplpia,Rich Kids,6006,6782,0,2026-07-18T20:45:22.974241+00:00,Spotify web-player queryArtistOverview,undocumented read-only web-client endpoint
Richard & Linda Thompson [4hw4TPMyAzHqNBcWtoDrK5],,4hw4TPMyAzHqNBcWtoDrK5,Richard & Linda Thompson,111216,41315,0,2026-07-18T20:45:22.974241+00:00,Spotify web-player queryArtistOverview,undocumented read-only web-client endpoint
Ride [0WPY9nnBy01s5QOt4o4oQX],,0WPY9nnBy01s5QOt4o4oQX,Ride,296215,272871,0,2026-07-18T20:45:22.974241+00:00,Spotify web-player queryArtistOverview,undocumented read-only web-client endpoint
Right Said Fred [15ajdFAi5bjj5pS9laBfBL],,15ajdFAi5bjj5pS9laBfBL,Right Said Fred,1289669,75075,0,2026-07-18T20:45:22.974241+00:00,Spotify web-player queryArtistOverview,undocumented read-only web-client endpoint
Ringo Starr & His All-Starr Band [04c8HWgSRMuumWb5dB4qUv],,04c8HWgSRMuumWb5dB4qUv,All Starr Band,86,187,0,2026-07-18T20:45:22.974241+00:00,Spotify web-player queryArtistOverview,undocumented read-only web-client endpoint
Rise to Remain [45c015302pkY0hgbjeGk1F],,45c015302pkY0hgbjeGk1F,Rise To Remain,9033,15341,0,2026-07-18T20:45:22.974241+00:00,Spotify web-player queryArtistOverview,undocumented read-only web-client endpoint
Ritual [3RP50pmG8Wz1mhNCidQj68],,3RP50pmG8Wz1mhNCidQj68,RITUAL,208784,49910,0,2026-07-18T20:45:22.974241+00:00,Spotify web-player queryArtistOverview,undocumented read-only web-client endpoint
Rivers & Robots [41yDmxekjnWShKi6nRmzZ4],,41yDmxekjnWShKi6nRmzZ4,Rivers & Robots,233180,136616,0,2026-07-18T20:45:22.974241+00:00,Spotify web-player queryArtistOverview,undocumented read-only web-client endpoint
Roam [0q74f5UdR3j14Lis4AKKxq],,0q74f5UdR3j14Lis4AKKxq,ROAM,73324,61923,0,2026-07-18T20:45:22.974241+00:00,Spotify web-player queryArtistOverview,undocumented read-only web-client endpoint
Robin Williamson & His Merry Band [6JM1NK2PeW55wARD9YPT2k],,6JM1NK2PeW55wARD9YPT2k,Robin Williamson & His Merry Band,60,406,0,2026-07-18T20:45:22.974241+00:00,Spotify web-player queryArtistOverview,undocumented read-only web-client endpoint
Robots in Disguise [6p0e3Ff2s0DVh1I7WjOeqq],,6p0e3Ff2s0DVh1I7WjOeqq,Robots In Disguise,14499,22389,0,2026-07-18T20:45:22.974241+00:00,Spotify web-player queryArtistOverview,undocumented read-only web-client endpoint
Robyn Hitchcock and the Egyptians [3B1VQErUlM3ZZ6d1EwYd2K],,3B1VQErUlM3ZZ6d1EwYd2K,Robyn Hitchcock & The Egyptians,26190,14735,0,2026-07-18T20:45:22.974241+00:00,Spotify web-player queryArtistOverview,undocumented read-only web-client endpoint
Rockbitch [47YrbBcOZezItfouWHEZXh],,47YrbBcOZezItfouWHEZXh,Rockbitch,254,2925,0,2026-07-18T20:45:22.974241+00:00,Spotify web-player queryArtistOverview,undocumented read-only web-client endpoint
Rogue Male [097oEfx7kWh3t1wsQANLmQ],,097oEfx7kWh3t1wsQANLmQ,Rogue Male,263,791,0,2026-07-18T20:45:22.974241+00:00,Spotify web-player queryArtistOverview,undocumented read-only web-client endpoint
Roller Trio [0KfQj0nNgTWRxhj94iD5Z5],,0KfQj0nNgTWRxhj94iD5Z5,Roller Trio,322,2397,0,2026-07-18T20:45:22.974241+00:00,Spotify web-player queryArtistOverview,undocumented read-only web-client endpoint
Rolo Tomassi [3uHCTHxtg3IVAvhyrYsZvI],,3uHCTHxtg3IVAvhyrYsZvI,Rolo Tomassi,41494,78649,0,2026-07-18T20:45:22.974241+00:00,Spotify web-player queryArtistOverview,undocumented read-only web-client endpoint
Ronnie Lane & Slim Chance [0FeRRV0qp3hjqfOfIDez1m],,0FeRRV0qp3hjqfOfIDez1m,Ronnie Lane's Slim Chance,2985,7216,0,2026-07-18T20:45:22.974241+00:00,Spotify web-player queryArtistOverview,undocumented read-only web-client endpoint
Ronnie Lane & Slim Chance [0ViVShGd52uogfHPUez1cB],,0ViVShGd52uogfHPUez1cB,Ronnie Lane & Slim Chance,14594,3575,0,2026-07-18T20:45:22.974241+00:00,Spotify web-player queryArtistOverview,undocumented read-only web-client endpoint
Rosetta Stone [0UnBsBrom4chs5rnjRBtIK],,0UnBsBrom4chs5rnjRBtIK,Rosetta Stone,50256,78261,0,2026-07-18T20:45:22.974241+00:00,Spotify web-player queryArtistOverview,undocumented read-only web-client endpoint
Royal Artillery Band [6ywF05BCgffJxWo3G9D4TU],,6ywF05BCgffJxWo3G9D4TU,Band Of The Royal Artillery,42,29,0,2026-07-18T20:45:22.974241+00:00,Spotify web-player queryArtistOverview,undocumented read-only web-client endpoint
Royal Blood [2S5hlvw4CMtMGswFtfdK15],,2S5hlvw4CMtMGswFtfdK15,Royal Blood,2873864,1759451,0,2026-07-18T20:45:22.974241+00:00,Spotify web-player queryArtistOverview,undocumented read-only web-client endpoint
Royal Liverpool Philharmonic [6I6fmQU7HGrUsCm4B5Nlk3],,6I6fmQU7HGrUsCm4B5Nlk3,Royal Liverpool Philharmonic Orchestra,867232,21078,0,2026-07-18T20:45:22.974241+00:00,Spotify web-player queryArtistOverview,undocumented read-only web-client endpoint
Royal Philharmonic Orchestra [0MvSBMGRQJY3mRwIbJsqF1],,0MvSBMGRQJY3mRwIbJsqF1,Royal Philharmonic Orchestra,5838561,232814,0,2026-07-18T20:45:22.974241+00:00,Spotify web-player queryArtistOverview,undocumented read-only web-client endpoint
Royal Philharmonic Orchestra [7Ah35lhlp7p3HOVmmzJh2I],,0MvSBMGRQJY3mRwIbJsqF1,Royal Philharmonic Orchestra,5838561,232814,0,2026-07-18T20:45:22.974241+00:00,Spotify web-player queryArtistOverview,undocumented read-only web-client endpoint
Rudimental [4WN5naL3ofxrVBgFpguzKo],,4WN5naL3ofxrVBgFpguzKo,Rudimental,11737472,1462225,0,2026-07-18T20:45:22.974241+00:00,Spotify web-player queryArtistOverview,undocumented read-only web-client endpoint
Rudimentary Peni [6NCFDKbtkbJhgjQcFicLBi],,6NCFDKbtkbJhgjQcFicLBi,Rudimentary Peni,31002,42267,0,2026-07-18T20:45:22.974241+00:00,Spotify web-player queryArtistOverview,undocumented read-only web-client endpoint
Rue Royale [4phRwQR3N91LCXwjBuwrbp],,4phRwQR3N91LCXwjBuwrbp,Rue Royale,8531,12193,0,2026-07-18T20:45:22.974241+00:00,Spotify web-player queryArtistOverview,undocumented read-only web-client endpoint
Rumahoy [52aKFP2BnAa28POINNExhE],,52aKFP2BnAa28POINNExhE,Rumahoy,34135,24027,0,2026-07-18T20:45:22.974241+00:00,Spotify web-player queryArtistOverview,undocumented read-only web-client endpoint
Runrig [0ddfjKqJfbSiddqOvpZRWu],,0ddfjKqJfbSiddqOvpZRWu,Runrig,402383,98336,0,2026-07-18T20:45:22.974241+00:00,Spotify web-player queryArtistOverview,undocumented read-only web-client endpoint
Ruptured World [50WGKEN1OLzW7MLZ7RTFu7],,50WGKEN1OLzW7MLZ7RTFu7,Ruptured World,2262,2260,0,2026-07-18T20:45:22.974241+00:00,Spotify web-player queryArtistOverview,undocumented read-only web-client endpoint
Ruthless Rap Assassins [0uRaAtYiCD9teuQCmMdAEM],,0uRaAtYiCD9teuQCmMdAEM,The Ruthless Rap Assassins,655,1319,0,2026-07-18T20:45:22.974241+00:00,Spotify web-player queryArtistOverview,undocumented read-only web-client endpoint
S Club 7 [1kM5rgJvkiDMOoKX56H6pX],,0HNGrIbq1ZNO2mTp3tMW4L,S Club,2628603,692814,0,2026-07-18T20:45:22.974241+00:00,Spotify web-player queryArtistOverview,undocumented read-only web-client endpoint
SHVPES [0XrqdPZEYIUOUOc9rtee4m],,0XrqdPZEYIUOUOc9rtee4m,SHVPES,23360,25624,0,2026-07-18T20:45:22.974241+00:00,Spotify web-player queryArtistOverview,undocumented read-only web-client endpoint
SHiiKANE [6BBdrTz88rbQhqSmSWidR1],,6BBdrTz88rbQhqSmSWidR1,Shiikane,8430,1875,0,2026-07-18T20:45:22.974241+00:00,Spotify web-player queryArtistOverview,undocumented read-only web-client endpoint
SIDEWALKS AND SKELETONS [48nHO1cuTbpx4ELhChsxX1],,48nHO1cuTbpx4ELhChsxX1,Sidewalks and Skeletons,4198181,530960,0,2026-07-18T20:45:22.974241+00:00,Spotify web-player queryArtistOverview,undocumented read-only web-client endpoint
SPC ECO [0IuuBhRo5hWaprWXOT06Bl],,0IuuBhRo5hWaprWXOT06Bl,SPC ECO,3229,9692,0,2026-07-18T20:45:22.974241+00:00,Spotify web-player queryArtistOverview,undocumented read-only web-client endpoint
Sabazius [0B4K8Q3RDUi92Y7kVIQckh],,0B4K8Q3RDUi92Y7kVIQckh,Sabazius,268,454,0,2026-07-18T20:45:22.974241+00:00,Spotify web-player queryArtistOverview,undocumented read-only web-client endpoint
Sacred Mother Tongue [5oC2jQBUSAFTpAxQe7iTyz],,5oC2jQBUSAFTpAxQe7iTyz,Sacred Mother Tongue,3121,6564,0,2026-07-18T20:45:22.974241+00:00,Spotify web-player queryArtistOverview,undocumented read-only web-client endpoint
Sade [47zz7sob9NUcODy0BTDvKx],,47zz7sob9NUcODy0BTDvKx,Sade,25528819,6060389,309,2026-07-18T20:45:22.974241+00:00,Spotify web-player queryArtistOverview,undocumented read-only web-client endpoint
Sailor [4pE3KE9J1Z1LKzjwLtWU21],,4pE3KE9J1Z1LKzjwLtWU21,Sailor,168700,47029,0,2026-07-18T20:45:22.974241+00:00,Spotify web-player queryArtistOverview,undocumented read-only web-client endpoint
Saint Etienne [1N2FgBLehaq77UEdJhCt7f],,1N2FgBLehaq77UEdJhCt7f,Saint Etienne,1513825,195555,0,2026-07-18T20:45:22.974241+00:00,Spotify web-player queryArtistOverview,undocumented read-only web-client endpoint
Salad [1VtneCNqtX2GoZB9S7Ne0r],,1VtneCNqtX2GoZB9S7Ne0r,Salad,5957,5233,0,2026-07-18T20:45:22.974241+00:00,Spotify web-player queryArtistOverview,undocumented read-only web-client endpoint
Sam Gopal [46nu2iLQMIx9NS0AocLHj7],,46nu2iLQMIx9NS0AocLHj7,Sam Gopal,24655,10649,0,2026-07-18T20:45:22.974241+00:00,Spotify web-player queryArtistOverview,undocumented read-only web-client endpoint
Sam and the Womp [3tgiOZXeC1DIimfprvfL64],,3tgiOZXeC1DIimfprvfL64,Sam And The Womp,201092,49372,0,2026-07-18T20:45:22.974241+00:00,Spotify web-player queryArtistOverview,undocumented read-only web-client endpoint
Same Difference [1NU0ZObN8L7r6QfAn6Rk26],,1NU0ZObN8L7r6QfAn6Rk26,Same Difference,3651,16830,0,2026-07-18T20:45:22.974241+00:00,Spotify web-player queryArtistOverview,undocumented read-only web-client endpoint
Samson [0s4JwoiTHqruatpqAR0IZ7],,0s4JwoiTHqruatpqAR0IZ7,Samson,12223,28890,0,2026-07-18T20:45:22.974241+00:00,Spotify web-player queryArtistOverview,undocumented read-only web-client endpoint
San Blas [0TqHiXfab8aWjC2Y6PKLZR],,0TqHiXfab8aWjC2Y6PKLZR,San Blas,30,230,0,2026-07-18T20:45:22.974241+00:00,Spotify web-player queryArtistOverview,undocumented read-only web-client endpoint
Sanguine Hum [4aaw8pFlSYTCum4PYJ37RN],,4aaw8pFlSYTCum4PYJ37RN,Sanguine Hum,123,1860,0,2026-07-18T20:45:22.974241+00:00,Spotify web-player queryArtistOverview,undocumented read-only web-client endpoint
Satan [1LNgvz72fQVLe7ZNIw6Ipo],,1LNgvz72fQVLe7ZNIw6Ipo,Satan,22136,52648,0,2026-07-18T20:45:22.974241+00:00,Spotify web-player queryArtistOverview,undocumented read-only web-client endpoint
Sault [1uRxRKC7d9zwYGSRflTKDR],,1uRxRKC7d9zwYGSRflTKDR,SAULT,3625737,653952,0,2026-07-18T20:45:22.974241+00:00,Spotify web-player queryArtistOverview,undocumented read-only web-client endpoint
Savage Messiah [1kOg7VnU8brFniiq9RnR9X],,1kOg7VnU8brFniiq9RnR9X,Savage Messiah,5385,19059,0,2026-07-18T20:45:22.974241+00:00,Spotify web-player queryArtistOverview,undocumented read-only web-client endpoint
Savage [0LRGRmVKnmhwnmAWWTxn8Z],,0LRGRmVKnmhwnmAWWTxn8Z,Savage,6561,9040,0,2026-07-18T20:45:22.974241+00:00,Spotify web-player queryArtistOverview,undocumented read-only web-client endpoint
Savages [1WFsBUAgQmrGQQEUyFKS60],,1WFsBUAgQmrGQQEUyFKS60,Savages,36562,130669,0,2026-07-18T20:45:22.974241+00:00,Spotify web-player queryArtistOverview,undocumented read-only web-client endpoint
Savoy Brown [17obwOahRWI121iMUZznh2],,17obwOahRWI121iMUZznh2,Savoy Brown,119814,148308,0,2026-07-18T20:45:22.974241+00:00,Spotify web-player queryArtistOverview,undocumented read-only web-client endpoint
Saxon [71vVmHeNgCVSa5SVmfvscU],,71vVmHeNgCVSa5SVmfvscU,Saxon,460256,685716,0,2026-07-18T20:45:22.974241+00:00,Spotify web-player queryArtistOverview,undocumented read-only web-client endpoint
Scanners [0PVEuLOb9xt4FX5icv2wm6],,0PVEuLOb9xt4FX5icv2wm6,Scanners,24195,7873,0,2026-07-18T20:45:22.974241+00:00,Spotify web-player queryArtistOverview,undocumented read-only web-client endpoint
Scorn [0sKlAr34dAjAdb7a9yriqX],,0sKlAr34dAjAdb7a9yriqX,Scorn,15059,23435,0,2026-07-18T20:45:22.974241+00:00,Spotify web-player queryArtistOverview,undocumented read-only web-client endpoint
Scottish Chamber Orchestra [45y5kS0Nhm3v7Do6W5dbcS],,45y5kS0Nhm3v7Do6W5dbcS,Scottish Chamber Orchestra,80565,4889,0,2026-07-18T20:45:22.974241+00:00,Spotify web-player queryArtistOverview,undocumented read-only web-client endpoint
Sea Girls [45FqwUG4hTT6d39r2HUsUe],,45FqwUG4hTT6d39r2HUsUe,Sea Girls,289846,161623,0,2026-07-18T20:45:22.974241+00:00,Spotify web-player queryArtistOverview,undocumented read-only web-client endpoint
Sea Power [5zhn89Em2jWUUWdpcLO3YL],,5zhn89Em2jWUUWdpcLO3YL,Sea Power,196069,106520,0,2026-07-18T20:45:22.974241+00:00,Spotify web-player queryArtistOverview,undocumented read-only web-client endpoint
Sea of Thieves [5zbAdSKQiTetVoHnbHvsDg],,5zbAdSKQiTetVoHnbHvsDg,Sea of Thieves,205720,99748,0,2026-07-18T20:45:22.974241+00:00,Spotify web-player queryArtistOverview,undocumented read-only web-client endpoint
Seafret [4Ly0KABsxlx4fNj63zJTrF],,4Ly0KABsxlx4fNj63zJTrF,Seafret,9520023,1149369,0,2026-07-18T20:45:22.974241+00:00,Spotify web-player queryArtistOverview,undocumented read-only web-client endpoint
Section 25 [0WvBaBwebA8SOLSXUVh4ge],,0WvBaBwebA8SOLSXUVh4ge,Section 25,16995,23187,0,2026-07-18T20:45:22.974241+00:00,Spotify web-player queryArtistOverview,undocumented read-only web-client endpoint
Seefeel [0jyH4jtanxaysaxwDVhR6f],,0jyH4jtanxaysaxwDVhR6f,Seefeel,46679,44055,0,2026-07-18T20:45:22.974241+00:00,Spotify web-player queryArtistOverview,undocumented read-only web-client endpoint
Seeing Stars [6t8HaM1QllVNqWBHI9Zyip],,6t8HaM1QllVNqWBHI9Zyip,Seeing Stars,47,138,0,2026-07-18T20:45:22.974241+00:00,Spotify web-player queryArtistOverview,undocumented read-only web-client endpoint
Sensa Yuma [5JWL8Zg4hjPS1LaQ3bZ3vD],,5JWL8Zg4hjPS1LaQ3bZ3vD,Sensa Yuma,463,923,0,2026-07-18T20:45:22.974241+00:00,Spotify web-player queryArtistOverview,undocumented read-only web-client endpoint
Sex Gang Children [3tiiwyBskzJAqYXZev7OjF],,3tiiwyBskzJAqYXZev7OjF,Sex Gang Children,17707,46485,0,2026-07-18T20:45:22.974241+00:00,Spotify web-player queryArtistOverview,undocumented read-only web-client endpoint
Sex Pistols [1u7kkVrr14iBvrpYnZILJR],,1u7kkVrr14iBvrpYnZILJR,Sex Pistols,1231532,2087179,0,2026-07-18T20:45:22.974241+00:00,Spotify web-player queryArtistOverview,undocumented read-only web-client endpoint
Shack [3pUiNPLwDNM46B8BdRspFW],,3pUiNPLwDNM46B8BdRspFW,Shack,24970,15090,0,2026-07-18T20:45:22.974241+00:00,Spotify web-player queryArtistOverview,undocumented read-only web-client endpoint
Shakespears Sister [7ooOn6bokl4mGV4CEaUz6A],,7ooOn6bokl4mGV4CEaUz6A,Shakespears Sister,331052,126106,0,2026-07-18T20:45:22.974241+00:00,Spotify web-player queryArtistOverview,undocumented read-only web-client endpoint
Sham 69 [29XJ6qIJAQdRSw64f47aJe],,29XJ6qIJAQdRSw64f47aJe,Sham 69,682,118367,0,2026-07-18T20:45:22.974241+00:00,Spotify web-player queryArtistOverview,undocumented read-only web-client endpoint
Shame [4IeWU3NYBI9mISFVhzXG8f],,4IeWU3NYBI9mISFVhzXG8f,shame,129743,201828,0,2026-07-18T20:45:22.974241+00:00,Spotify web-player queryArtistOverview,undocumented read-only web-client endpoint
Shampoo [3wChfsJPsUnjVHXc79wRN1],,3wChfsJPsUnjVHXc79wRN1,Shampoo,66590,18368,0,2026-07-18T20:45:22.974241+00:00,Spotify web-player queryArtistOverview,undocumented read-only web-client endpoint
She Drew The Gun [47meGvCz0CZklN50dgzjmL],,47meGvCz0CZklN50dgzjmL,She Drew The Gun,54246,34269,0,2026-07-18T20:45:22.974241+00:00,Spotify web-player queryArtistOverview,undocumented read-only web-client endpoint
She'Koyokh [6KmaBZ5axOepHqLNJsfT17],,6KmaBZ5axOepHqLNJsfT17,She'koyokh,502,1592,0,2026-07-18T20:45:22.974241+00:00,Spotify web-player queryArtistOverview,undocumented read-only web-client endpoint
She's In Parties [3A9BLI8S2rNSxXS3QsMkOY],,3A9BLI8S2rNSxXS3QsMkOY,She's In Parties,46512,10376,0,2026-07-18T20:45:22.974241+00:00,Spotify web-player queryArtistOverview,undocumented read-only web-client endpoint
Shed Seven [3iejrAcqxYoVgyxp6zkWgs],,3iejrAcqxYoVgyxp6zkWgs,Shed Seven,327277,175249,0,2026-07-18T20:45:22.974241+00:00,Spotify web-player queryArtistOverview,undocumented read-only web-client endpoint
Shelleyan Orphan [5Lh1diUHRoz9TwG1wvNSa5],,5Lh1diUHRoz9TwG1wvNSa5,Shelleyan Orphan,1779,3626,0,2026-07-18T20:45:22.974241+00:00,Spotify web-player queryArtistOverview,undocumented read-only web-client endpoint
Shockpowder [4YKmXDQSHtGceyuufPakHK],,4YKmXDQSHtGceyuufPakHK,Shockpowder,54,179,0,2026-07-18T20:45:22.974241+00:00,Spotify web-player queryArtistOverview,undocumented read-only web-client endpoint
Shopping [1UgRlUUZBwiGwqMFHA4Puf],,1UgRlUUZBwiGwqMFHA4Puf,Shopping,13243,22680,0,2026-07-18T20:45:22.974241+00:00,Spotify web-player queryArtistOverview,undocumented read-only web-client endpoint
Short Sharp Shock [3hfuvckgGeasNXxjUFQe5r],,3hfuvckgGeasNXxjUFQe5r,SSS,507,3709,0,2026-07-18T20:45:22.974241+00:00,Spotify web-player queryArtistOverview,undocumented read-only web-client endpoint
Show of Hands [7GiiIIjUWGocnUGoOISAUN],,7GiiIIjUWGocnUGoOISAUN,Show Of Hands,17609,20456,0,2026-07-18T20:45:22.974241+00:00,Spotify web-player queryArtistOverview,undocumented read-only web-client endpoint
Showaddywaddy [3zIIUxcnIoUMouVQdphkeC],,3zIIUxcnIoUMouVQdphkeC,Showaddywaddy,178641,93848,0,2026-07-18T20:45:22.974241+00:00,Spotify web-player queryArtistOverview,undocumented read-only web-client endpoint
Shpongle [0m5XJwKGYyUjd3VMfcINCQ],,0m5XJwKGYyUjd3VMfcINCQ,Shpongle,157586,331485,0,2026-07-18T20:45:22.974241+00:00,Spotify web-player queryArtistOverview,undocumented read-only web-client endpoint
Sidemen [3cz1YSCXv6hjifHO6bYLLH],,3cz1YSCXv6hjifHO6bYLLH,Sidemen,46056,189477,0,2026-07-18T20:45:22.974241+00:00,Spotify web-player queryArtistOverview,undocumented read-only web-client endpoint
Sigils [16aBPDdwmCBsWKwJrgYKZB],,16aBPDdwmCBsWKwJrgYKZB,Sigils,67,332,0,2026-07-18T20:45:22.974241+00:00,Spotify web-player queryArtistOverview,undocumented read-only web-client endpoint
Sigma [01pKrlgPJhm5dB4lneYAqS],,01pKrlgPJhm5dB4lneYAqS,Sigma,2550591,360513,0,2026-07-18T20:45:22.974241+00:00,Spotify web-player queryArtistOverview,undocumented read-only web-client endpoint
Sikth [03mz3G1gu1GPNgAWY4qR2w],,03mz3G1gu1GPNgAWY4qR2w,SikTh,20276,75698,0,2026-07-18T20:45:22.974241+00:00,Spotify web-player queryArtistOverview,undocumented read-only web-client endpoint
Silly Sisters [5SwVfbOAjpMY6AunixCKd7],,5SwVfbOAjpMY6AunixCKd7,Silly Sisters,1757,5618,0,2026-07-18T20:45:22.974241+00:00,Spotify web-player queryArtistOverview,undocumented read-only web-client endpoint
Simian Mobile Disco [31DXlldabwPHwu6dYevuzK],,31DXlldabwPHwu6dYevuzK,Simian Mobile Disco,281669,182922,0,2026-07-18T20:45:22.974241+00:00,Spotify web-player queryArtistOverview,undocumented read-only web-client endpoint
Simple Minds [6hN9F0iuULZYWXppob22Aj],,6hN9F0iuULZYWXppob22Aj,Simple Minds,9628717,2504682,0,2026-07-18T20:45:22.974241+00:00,Spotify web-player queryArtistOverview,undocumented read-only web-client endpoint
Simply Red [1fa0cOhromAZdq2xRA4vv8],,1fa0cOhromAZdq2xRA4vv8,Simply Red,9097250,2960800,0,2026-07-18T20:45:22.974241+00:00,Spotify web-player queryArtistOverview,undocumented read-only web-client endpoint
Sinners In The City [38XTHsIHXm28X7QNMjW9VT],,38XTHsIHXm28X7QNMjW9VT,Sinners in the City,95,1077,0,2026-07-18T20:45:22.974241+00:00,Spotify web-player queryArtistOverview,undocumented read-only web-client endpoint
Siouxsie and the Banshees [1n65zfwYIj5kKEtNgxUlWb],,1n65zfwYIj5kKEtNgxUlWb,Siouxsie and the Banshees,1823237,1457428,0,2026-07-18T20:45:22.974241+00:00,Spotify web-player queryArtistOverview,undocumented read-only web-client endpoint
Ska Cubano [6lmoqMxughzdlxvQTsUXjF],,6lmoqMxughzdlxvQTsUXjF,Ska Cubano,104757,53801,0,2026-07-18T20:45:22.974241+00:00,Spotify web-player queryArtistOverview,undocumented read-only web-client endpoint
Skarlett Riot [6IN0ZavFCDhKZ2N3NT7E3z],,6IN0ZavFCDhKZ2N3NT7E3z,Skarlett Riot,30983,41251,0,2026-07-18T20:45:22.974241+00:00,Spotify web-player queryArtistOverview,undocumented read-only web-client endpoint
Skeletal Family [78OgxRnIdBCdFBmKhP2Fz2],,78OgxRnIdBCdFBmKhP2Fz2,Skeletal Family,53859,77225,0,2026-07-18T20:45:22.974241+00:00,Spotify web-player queryArtistOverview,undocumented read-only web-client endpoint
Skids [2vwI9jlKSgJbne3dlTzaLO],,2vwI9jlKSgJbne3dlTzaLO,Skids,123686,54513,0,2026-07-18T20:45:22.974241+00:00,Spotify web-player queryArtistOverview,undocumented read-only web-client endpoint
Skin [2twFUPBFAf6wTnfI7X9z0j],,2twFUPBFAf6wTnfI7X9z0j,Skin,6530,3195,0,2026-07-18T20:45:22.974241+00:00,Spotify web-player queryArtistOverview,undocumented read-only web-client endpoint
Skindred [3jTlKw98Ql1jGRPYqhqHap],,3jTlKw98Ql1jGRPYqhqHap,Skindred,1507719,681458,0,2026-07-18T20:45:22.974241+00:00,Spotify web-player queryArtistOverview,undocumented read-only web-client endpoint
Skint & Demoralised [5T7TSop5FgQri5zp75jZ3G],,5T7TSop5FgQri5zp75jZ3G,Skint & Demoralised,1646,1959,0,2026-07-18T20:45:22.974241+00:00,Spotify web-player queryArtistOverview,undocumented read-only web-client endpoint
Skunk Anansie [5HlXA01kcjssYDT7EoqUJF],,5HlXA01kcjssYDT7EoqUJF,Skunk Anansie,1179800,449680,0,2026-07-18T20:45:22.974241+00:00,Spotify web-player queryArtistOverview,undocumented read-only web-client endpoint
Sky [6OzpbdankE26K03oeoHhPN],,6OzpbdankE26K03oeoHhPN,Sky,35087,12841,0,2026-07-18T20:45:22.974241+00:00,Spotify web-player queryArtistOverview,undocumented read-only web-client endpoint
Skyclad [3CgDRO3wUoner5eZocDuQN],,3CgDRO3wUoner5eZocDuQN,Skyclad,13130,25971,0,2026-07-18T20:45:22.974241+00:00,Spotify web-player queryArtistOverview,undocumented read-only web-client endpoint
Skye | Ross [0RWrnBqyxtUJdUwwOsMzSE],,0RWrnBqyxtUJdUwwOsMzSE,Skye & Ross,4189,4652,0,2026-07-18T20:45:22.974241+00:00,Spotify web-player queryArtistOverview,undocumented read-only web-client endpoint
Slade [10n5lhNDoSMUHWLlnST1yw],,10n5lhNDoSMUHWLlnST1yw,Slade,612385,473230,0,2026-07-18T20:45:22.974241+00:00,Spotify web-player queryArtistOverview,undocumented read-only web-client endpoint
Sleaford Mods [0otAqZw8htTsGHfqR491Yh],,0otAqZw8htTsGHfqR491Yh,Sleaford Mods,336962,304620,0,2026-07-18T20:45:22.974241+00:00,Spotify web-player queryArtistOverview,undocumented read-only web-client endpoint
Sleeper [0NbfEPYRgMczimdfM3skmH],,0NbfEPYRgMczimdfM3skmH,Sleeper,146769,81522,0,2026-07-18T20:45:22.974241+00:00,Spotify web-player queryArtistOverview,undocumented read-only web-client endpoint
Slow Club [75Kh0eqgzo9f43Dan1JzSV],,75Kh0eqgzo9f43Dan1JzSV,Slow Club,37665,57600,0,2026-07-18T20:45:22.974241+00:00,Spotify web-player queryArtistOverview,undocumented read-only web-client endpoint
Slowdive [72X6FHxaShda0XeQw3vbeF],,72X6FHxaShda0XeQw3vbeF,Slowdive,4658345,1560399,0,2026-07-18T20:45:22.974241+00:00,Spotify web-player queryArtistOverview,undocumented read-only web-client endpoint
Slowly Rolling Camera [5kH36nIamlV0iSe6ESDWvb],,5kH36nIamlV0iSe6ESDWvb,Slowly Rolling Camera,79752,30422,0,2026-07-18T20:45:22.974241+00:00,Spotify web-player queryArtistOverview,undocumented read-only web-client endpoint
Small Faces [1YqGsKpdixxSVgpfaL2AEQ],,1YqGsKpdixxSVgpfaL2AEQ,Small Faces,431362,358793,0,2026-07-18T20:45:22.974241+00:00,Spotify web-player queryArtistOverview,undocumented read-only web-client endpoint
Smokie [5rIqOJspxDq89aBBCUda1X],,5rIqOJspxDq89aBBCUda1X,Smokie,1611813,728999,0,2026-07-18T20:45:22.974241+00:00,Spotify web-player queryArtistOverview,undocumented read-only web-client endpoint
Smokingroove [07R86Lc1U1VL6n3uUJIWbi],,07R86Lc1U1VL6n3uUJIWbi,Smokingroove,30,815,0,2026-07-18T20:45:22.974241+00:00,Spotify web-player queryArtistOverview,undocumented read-only web-client endpoint
Snakehips [2FwJwEswyIUAljqgjNSHgP],,2FwJwEswyIUAljqgjNSHgP,Snakehips,3159265,392037,0,2026-07-18T20:45:22.974241+00:00,Spotify web-player queryArtistOverview,undocumented read-only web-client endpoint
Snapped Ankles [4iWOyexPqcvgycdx7mLUcl],,4iWOyexPqcvgycdx7mLUcl,Snapped Ankles,96130,52165,0,2026-07-18T20:45:22.974241+00:00,Spotify web-player queryArtistOverview,undocumented read-only web-client endpoint
Sneaker Pimps [1EJWNhiYbOyeUHbsS7Kp1P],,1EJWNhiYbOyeUHbsS7Kp1P,Sneaker Pimps,1412387,342340,0,2026-07-18T20:45:22.974241+00:00,Spotify web-player queryArtistOverview,undocumented read-only web-client endpoint
Snow Patrol [3rIZMv9rysU7JkLzEaC5Jp],,3rIZMv9rysU7JkLzEaC5Jp,Snow Patrol,13274460,3465980,0,2026-07-18T20:45:22.974241+00:00,Spotify web-player queryArtistOverview,undocumented read-only web-client endpoint
Snowpoet [1ZPAgyQWvU84GMEI5ceK3u],,1ZPAgyQWvU84GMEI5ceK3u,Snowpoet,2330,6179,0,2026-07-18T20:45:22.974241+00:00,Spotify web-player queryArtistOverview,undocumented read-only web-client endpoint
Snuff [39Yw8FPJXDJyf5L4vK7TD3],,39Yw8FPJXDJyf5L4vK7TD3,Snuff,29124,31826,0,2026-07-18T20:45:22.974241+00:00,Spotify web-player queryArtistOverview,undocumented read-only web-client endpoint
Soft Cell [6aq8T2RcspxVOGgMrTzjWc],,6aq8T2RcspxVOGgMrTzjWc,Soft Cell,5766246,869007,0,2026-07-18T20:45:22.974241+00:00,Spotify web-player queryArtistOverview,undocumented read-only web-client endpoint
Soft Machine [5A0MH7JfEBEMySevsmauds],,5A0MH7JfEBEMySevsmauds,Soft Machine,59575,157739,0,2026-07-18T20:45:22.974241+00:00,Spotify web-player queryArtistOverview,undocumented read-only web-client endpoint
Soft Play [3xByNj8XW17oW0wsJhgzYL],,3xByNj8XW17oW0wsJhgzYL,SOFT PLAY,433170,288282,0,2026-07-18T20:45:22.974241+00:00,Spotify web-player queryArtistOverview,undocumented read-only web-client endpoint
Sohodolls [1KNXft7nnRQj82sENi7WGN],,1KNXft7nnRQj82sENi7WGN,Sohodolls,2252106,321285,0,2026-07-18T20:45:22.974241+00:00,Spotify web-player queryArtistOverview,undocumented read-only web-client endpoint
Solid HarmoniE [6yNUZIwI5jU8NytiDojI5M],,6yNUZIwI5jU8NytiDojI5M,Solid Harmonie,1,24,0,2026-07-18T20:45:22.974241+00:00,Spotify web-player queryArtistOverview,undocumented read-only web-client endpoint
Sons of Kemet [3pvRbmrqOyFxB2Eext4Dki],,3pvRbmrqOyFxB2Eext4Dki,Sons Of Kemet,88881,163892,0,2026-07-18T20:45:22.974241+00:00,Spotify web-player queryArtistOverview,undocumented read-only web-client endpoint
Sophie and the Giants [4FrXHrpbDLNyO3pbVv8RmF],,4FrXHrpbDLNyO3pbVv8RmF,Sophie and the Giants,3507868,90162,0,2026-07-18T20:45:22.974241+00:00,Spotify web-player queryArtistOverview,undocumented read-only web-client endpoint
Sore Throat [2xOI8KTempogFX1bQjGNXP],,2xOI8KTempogFX1bQjGNXP,Sore Throat,3966,15819,0,2026-07-18T20:45:22.974241+00:00,Spotify web-player queryArtistOverview,undocumented read-only web-client endpoint
Soul II Soul [2sIx6SmAMw9IBySG3Uj0jf],,2sIx6SmAMw9IBySG3Uj0jf,Soul II Soul,2087009,374840,0,2026-07-18T20:45:22.974241+00:00,Spotify web-player queryArtistOverview,undocumented read-only web-client endpoint
South Arcade [3vEL65ycUboLH76pgdtqlF],,3vEL65ycUboLH76pgdtqlF,South Arcade,1151351,332563,0,2026-07-18T20:45:22.974241+00:00,Spotify web-player queryArtistOverview,undocumented read-only web-client endpoint
Southern Death Cult [6GERoHMM4dUkN8Edm5mXXJ],,6GERoHMM4dUkN8Edm5mXXJ,The Southern Death Cult,9915,31997,0,2026-07-18T20:45:22.974241+00:00,Spotify web-player queryArtistOverview,undocumented read-only web-client endpoint
Space [76vZk3TWaVcNiP7H7in9fu],,76vZk3TWaVcNiP7H7in9fu,Space,125619,46037,0,2026-07-18T20:45:22.974241+00:00,Spotify web-player queryArtistOverview,undocumented read-only web-client endpoint
Spaced [6KIAhyeuW0EzefAdRJtypl],,6KIAhyeuW0EzefAdRJtypl,Spaced,29,85,0,2026-07-18T20:45:22.974241+00:00,Spotify web-player queryArtistOverview,undocumented read-only web-client endpoint
Spacehog [3NZE8jDD2cCzd4vUyZ5CQQ],,3NZE8jDD2cCzd4vUyZ5CQQ,Spacehog,1073095,164649,0,2026-07-18T20:45:22.974241+00:00,Spotify web-player queryArtistOverview,undocumented read-only web-client endpoint
Spandau Ballet [2urZrEdsq72kx0UzfYN8Yv],,2urZrEdsq72kx0UzfYN8Yv,Spandau Ballet,9335819,1587103,0,2026-07-18T20:45:22.974241+00:00,Spotify web-player queryArtistOverview,undocumented read-only web-client endpoint
Spear of Destiny [4vJgvzfdA3q1KFsNl3GFvc],,4vJgvzfdA3q1KFsNl3GFvc,Spear Of Destiny,15387,15297,0,2026-07-18T20:45:22.974241+00:00,Spotify web-player queryArtistOverview,undocumented read-only web-client endpoint
Spearmint [3g2fJrkty6cgywkeLKe2BY],,3g2fJrkty6cgywkeLKe2BY,Spearmint,3427,7714,0,2026-07-18T20:45:22.974241+00:00,Spotify web-player queryArtistOverview,undocumented read-only web-client endpoint
Specimen [2LtOe1RnCTkp4sEBwS668Z],,2LtOe1RnCTkp4sEBwS668Z,The Specimen,37,63,0,2026-07-18T20:45:22.974241+00:00,Spotify web-player queryArtistOverview,undocumented read-only web-client endpoint
Spector [34nBPbcVc9F9eizQC4a5aT],,34nBPbcVc9F9eizQC4a5aT,Spector,73172,52673,0,2026-07-18T20:45:22.974241+00:00,Spotify web-player queryArtistOverview,undocumented read-only web-client endpoint
Spice Girls [0uq5PttqEjj3IH1bzwcrXF],,0uq5PttqEjj3IH1bzwcrXF,Spice Girls,12877807,4560204,0,2026-07-18T20:45:22.974241+00:00,Spotify web-player queryArtistOverview,undocumented read-only web-client endpoint
Spiers and Boden [71Ulu4qwOfb5ks2kMTJhkc],,71Ulu4qwOfb5ks2kMTJhkc,Spiers & Boden,3841,6164,0,2026-07-18T20:45:22.974241+00:00,Spotify web-player queryArtistOverview,undocumented read-only web-client endpoint
Spinal Tap [65X3sG8LVBQN5033RqB6qn],,65X3sG8LVBQN5033RqB6qn,Spinal Tap,30887,59910,0,2026-07-18T20:45:22.974241+00:00,Spotify web-player queryArtistOverview,undocumented read-only web-client endpoint
Spiritualized [6DKmuXxXASTF6xaJwcTfjv],,6DKmuXxXASTF6xaJwcTfjv,Spiritualized,222247,285400,0,2026-07-18T20:45:22.974241+00:00,Spotify web-player queryArtistOverview,undocumented read-only web-client endpoint
Splashh [3dJcucBOwvm22SbpRUIgLC],,3dJcucBOwvm22SbpRUIgLC,Splashh,17460,22722,0,2026-07-18T20:45:22.974241+00:00,Spotify web-player queryArtistOverview,undocumented read-only web-client endpoint
Spontaneous Combustion [4bl1sZKapv01OOWYKZEn9E],,4bl1sZKapv01OOWYKZEn9E,Spontaneous Combustion,111,456,0,2026-07-18T20:45:22.974241+00:00,Spotify web-player queryArtistOverview,undocumented read-only web-client endpoint
Spook and the Ghouls [53Z1EA5v51vzjzgjp4xOcU],,53Z1EA5v51vzjzgjp4xOcU,Spook And The Ghouls,10,73,0,2026-07-18T20:45:22.974241+00:00,Spotify web-player queryArtistOverview,undocumented read-only web-client endpoint
Spooky Tooth [5YE3Wwk5wqQmFXM5qyaM6u],,5YE3Wwk5wqQmFXM5qyaM6u,Spooky Tooth,60855,90633,0,2026-07-18T20:45:22.974241+00:00,Spotify web-player queryArtistOverview,undocumented read-only web-client endpoint
Spring King [5kkANnP50OoBkxc8JRuTsA],,5kkANnP50OoBkxc8JRuTsA,Spring King,25066,32621,0,2026-07-18T20:45:22.974241+00:00,Spotify web-player queryArtistOverview,undocumented read-only web-client endpoint
Spunge [6vxyuUNiILvDzBfLxgu0KT],,6vxyuUNiILvDzBfLxgu0KT,[spunge],35282,21846,0,2026-07-18T20:45:22.974241+00:00,Spotify web-player queryArtistOverview,undocumented read-only web-client endpoint
Squeeze [6Jrj26oAY96EEC2lqC6fua],,6Jrj26oAY96EEC2lqC6fua,Squeeze,1034511,369318,0,2026-07-18T20:45:22.974241+00:00,Spotify web-player queryArtistOverview,undocumented read-only web-client endpoint
Squid [685XjGzGztyivfR3fAjoxo],,685XjGzGztyivfR3fAjoxo,Squid,101653,179206,0,2026-07-18T20:45:22.974241+00:00,Spotify web-player queryArtistOverview,undocumented read-only web-client endpoint
Stand Uniqu3 [4UXfim8flAdqc2FVw0n7mb],,4UXfim8flAdqc2FVw0n7mb,STAND UNIQU3,3249,3262,0,2026-07-18T20:45:22.974241+00:00,Spotify web-player queryArtistOverview,undocumented read-only web-client endpoint
Stanley Odd [7o8IPIdtHAkYczlG70c2NX],,7o8IPIdtHAkYczlG70c2NX,Stanley Odd,1035,3584,0,2026-07-18T20:45:22.974241+00:00,Spotify web-player queryArtistOverview,undocumented read-only web-client endpoint
Stanton Warriors [7GeAzBsalYANXTi1ReOm1R],,7GeAzBsalYANXTi1ReOm1R,Stanton Warriors,251667,70322,0,2026-07-18T20:45:22.974241+00:00,Spotify web-player queryArtistOverview,undocumented read-only web-client endpoint
Starlite Campbell Band [24UPCThmLgpiEP1wV6SQkN],,24UPCThmLgpiEP1wV6SQkN,Starlite Campbell Band,178,438,0,2026-07-18T20:45:22.974241+00:00,Spotify web-player queryArtistOverview,undocumented read-only web-client endpoint
Starsailor [0G8zjE6SsFTlbglCkU8pm3],,0G8zjE6SsFTlbglCkU8pm3,Starsailor,1655319,247718,0,2026-07-18T20:45:22.974241+00:00,Spotify web-player queryArtistOverview,undocumented read-only web-client endpoint
Stateless [6msJKphD3VXZPItnztefdH],,6msJKphD3VXZPItnztefdH,Stateless,164345,31770,0,2026-07-18T20:45:22.974241+00:00,Spotify web-player queryArtistOverview,undocumented read-only web-client endpoint
Status Quo [4gIdjgLlvgEOz7MexDZzpM],,4gIdjgLlvgEOz7MexDZzpM,Status Quo,2503249,872142,0,2026-07-18T20:45:22.974241+00:00,Spotify web-player queryArtistOverview,undocumented read-only web-client endpoint
Stealers Wheel [7bPU7cvfoD20ixGD9Qnqki],,7bPU7cvfoD20ixGD9Qnqki,Stealers Wheel,5726001,253056,0,2026-07-18T20:45:22.974241+00:00,Spotify web-player queryArtistOverview,undocumented read-only web-client endpoint
Stealing Sheep [3ghT43Gj41br25PvBCDS22],,3ghT43Gj41br25PvBCDS22,Stealing Sheep,95519,29907,0,2026-07-18T20:45:22.974241+00:00,Spotify web-player queryArtistOverview,undocumented read-only web-client endpoint
Steel Pulse [6UL7BodGc5iVmQGlMwHR0g],,6UL7BodGc5iVmQGlMwHR0g,Steel Pulse,1883347,736715,0,2026-07-18T20:45:22.974241+00:00,Spotify web-player queryArtistOverview,undocumented read-only web-client endpoint
Steeleye Span [4OrrjMGltjy6ojX6034f8u],,4OrrjMGltjy6ojX6034f8u,Steeleye Span,66623,64810,0,2026-07-18T20:45:22.974241+00:00,Spotify web-player queryArtistOverview,undocumented read-only web-client endpoint
Steps [17UkABEasVRlCcIFZ3wHb7],,17UkABEasVRlCcIFZ3wHb7,Steps,796161,446647,0,2026-07-18T20:45:22.974241+00:00,Spotify web-player queryArtistOverview,undocumented read-only web-client endpoint
Stereolab [3Rj0tDHoX7C5NFq5DKIpHt],,3Rj0tDHoX7C5NFq5DKIpHt,Stereolab,542759,428315,0,2026-07-18T20:45:22.974241+00:00,Spotify web-player queryArtistOverview,undocumented read-only web-client endpoint
Stereophonics [21UJ7PRWb3Etgsu99f8yo8],,21UJ7PRWb3Etgsu99f8yo8,Stereophonics,5187258,1843050,0,2026-07-18T20:45:22.974241+00:00,Spotify web-player queryArtistOverview,undocumented read-only web-client endpoint
Sterling Press [70yWi0xCAXMiqOTeQVdED2],,70yWi0xCAXMiqOTeQVdED2,Sterling Press,25920,5262,0,2026-07-18T20:45:22.974241+00:00,Spotify web-player queryArtistOverview,undocumented read-only web-client endpoint
Steve Harley & Cockney Rebel [6EL5GD53kaaVgJCHgdtdLz],,6EL5GD53kaaVgJCHgdtdLz,Steve Harley & Cockney Rebel,584745,66094,0,2026-07-18T20:45:22.974241+00:00,Spotify web-player queryArtistOverview,undocumented read-only web-client endpoint
Stiff Little Fingers [2bt3I0VkmYuPvP57sxokab],,2bt3I0VkmYuPvP57sxokab,Stiff Little Fingers,266703,236374,0,2026-07-18T20:45:22.974241+00:00,Spotify web-player queryArtistOverview,undocumented read-only web-client endpoint
Stile Antico [050HYLDzYAPj4f334VbaKG],,050HYLDzYAPj4f334VbaKG,Stile Antico,20624,13177,0,2026-07-18T20:45:22.974241+00:00,Spotify web-player queryArtistOverview,undocumented read-only web-client endpoint
Still Corners [4zKYrXs8iN4AeHmO8ZxNqp],,4zKYrXs8iN4AeHmO8ZxNqp,Still Corners,2608941,415092,0,2026-07-18T20:45:22.974241+00:00,Spotify web-player queryArtistOverview,undocumented read-only web-client endpoint
Stone the Crows [1AdFLjG5endQ2HmDMtp5Fe],,1AdFLjG5endQ2HmDMtp5Fe,Stone The Crows,4439,20272,0,2026-07-18T20:45:22.974241+00:00,Spotify web-player queryArtistOverview,undocumented read-only web-client endpoint
Stooshe [6RDAHUqUqJab8TZmyRHFss],,6RDAHUqUqJab8TZmyRHFss,Stooshe,180657,81733,0,2026-07-18T20:45:22.974241+00:00,Spotify web-player queryArtistOverview,undocumented read-only web-client endpoint
Stornoway [1UzKSuyOqKgUupcNNEtnF1],,1UzKSuyOqKgUupcNNEtnF1,Stornoway,67498,54281,0,2026-07-18T20:45:22.974241+00:00,Spotify web-player queryArtistOverview,undocumented read-only web-client endpoint
Strangeways [3qjKWZHKWDnqD12VudjEpS],,3qjKWZHKWDnqD12VudjEpS,Strangeways,25367,19256,0,2026-07-18T20:45:22.974241+00:00,Spotify web-player queryArtistOverview,undocumented read-only web-client endpoint
Strawbs [7dtYyLTWjuZGOcweC3eD2f],,7dtYyLTWjuZGOcweC3eD2f,Strawbs,51671,56523,0,2026-07-18T20:45:22.974241+00:00,Spotify web-player queryArtistOverview,undocumented read-only web-client endpoint
Stray [4rOINXROgN1sxSCQWHky1k],,4rOINXROgN1sxSCQWHky1k,Stray,5943,5361,0,2026-07-18T20:45:22.974241+00:00,Spotify web-player queryArtistOverview,undocumented read-only web-client endpoint
Strigoi [6BUcX21YlCyGOUKXrNutei],,6BUcX21YlCyGOUKXrNutei,Strigoi,1395,10930,0,2026-07-18T20:45:22.974241+00:00,Spotify web-player queryArtistOverview,undocumented read-only web-client endpoint
Stubborn Heart [08JjmxMZubdna3B9U6rbuf],,08JjmxMZubdna3B9U6rbuf,Stubborn Heart,786,3526,0,2026-07-18T20:45:22.974241+00:00,Spotify web-player queryArtistOverview,undocumented read-only web-client endpoint
Studio Killers [7avo0PmlW8O1YLEt9DnWQT],,7avo0PmlW8O1YLEt9DnWQT,Studio Killers,4136257,305458,0,2026-07-18T20:45:22.974241+00:00,Spotify web-player queryArtistOverview,undocumented read-only web-client endpoint
Stylus Automatic [0p9FGIyNltyOpa6tc6Ce0G],,0p9FGIyNltyOpa6tc6Ce0G,Stylus Automatic,30,73,0,2026-07-18T20:45:22.974241+00:00,Spotify web-player queryArtistOverview,undocumented read-only web-client endpoint
Suede [6PHIK3kjWggLtVygsOtpqS],,6PHIK3kjWggLtVygsOtpqS,Suede,713390,569692,0,2026-07-18T20:45:22.974241+00:00,Spotify web-player queryArtistOverview,undocumented read-only web-client endpoint
Sugababes [7rZNSLWMjTbwdLNskFbzFf],,7rZNSLWMjTbwdLNskFbzFf,Sugababes,3027300,758443,0,2026-07-18T20:45:22.974241+00:00,Spotify web-player queryArtistOverview,undocumented read-only web-client endpoint
Sugardaddy [1aINZWAZFNh6dfCtOQCtAT],,1aINZWAZFNh6dfCtOQCtAT,Sugardaddy,8415,1169,0,2026-07-18T20:45:22.974241+00:00,Spotify web-player queryArtistOverview,undocumented read-only web-client endpoint
Summer Camp [687094MtNCTh262Otm1LOD],,687094MtNCTh262Otm1LOD,Summer Camp,22963,30611,0,2026-07-18T20:45:22.974241+00:00,Spotify web-player queryArtistOverview,undocumented read-only web-client endpoint
Sun's Signature [112n8pqLHAybFBHk2nB9yp],,112n8pqLHAybFBHk2nB9yp,Sun's Signature,27652,23696,0,2026-07-18T20:45:22.974241+00:00,Spotify web-player queryArtistOverview,undocumented read-only web-client endpoint
Sundara Karma [4fgXfJCQnK6c44u4KzAtQP],,4fgXfJCQnK6c44u4KzAtQP,Sundara Karma,305536,206350,0,2026-07-18T20:45:22.974241+00:00,Spotify web-player queryArtistOverview,undocumented read-only web-client endpoint
Sunhouse [0k7xkCLB0VZy0DUNqGVNYw],,0k7xkCLB0VZy0DUNqGVNYw,Sunhouse,4110,3793,0,2026-07-18T20:45:22.974241+00:00,Spotify web-player queryArtistOverview,undocumented read-only web-client endpoint
Sunna [7iJzyTbWjAykDC3wJHr3Pr],,7iJzyTbWjAykDC3wJHr3Pr,Sunna,15114,8145,0,2026-07-18T20:45:22.974241+00:00,Spotify web-player queryArtistOverview,undocumented read-only web-client endpoint
Sunny Day Sets Fire [5uWyRMu3xG65Pdq2AyHQ2Z],,5uWyRMu3xG65Pdq2AyHQ2Z,Sunny Days Sets Fire,22,71,0,2026-07-18T20:45:22.974241+00:00,Spotify web-player queryArtistOverview,undocumented read-only web-client endpoint
Suns of Arqa [0LmhYxMCJb6VHvTkfqGslS],,0LmhYxMCJb6VHvTkfqGslS,Suns of Arqa,9594,9804,0,2026-07-18T20:45:22.974241+00:00,Spotify web-player queryArtistOverview,undocumented read-only web-client endpoint
Super Furry Animals [0FOcXqJgJ1oq9XfzYTDZmZ],,0FOcXqJgJ1oq9XfzYTDZmZ,Super Furry Animals,149540,131452,0,2026-07-18T20:45:22.974241+00:00,Spotify web-player queryArtistOverview,undocumented read-only web-client endpoint
Supergrass [0sHeX8oQ6o7xic3wMf4NBU],,0sHeX8oQ6o7xic3wMf4NBU,Supergrass,4645328,719253,0,2026-07-18T20:45:22.974241+00:00,Spotify web-player queryArtistOverview,undocumented read-only web-client endpoint
Superorganism [0Wkm45quqfx3NepJpXDvwE],,0Wkm45quqfx3NepJpXDvwE,Superorganism,402523,263802,0,2026-07-18T20:45:22.974241+00:00,Spotify web-player queryArtistOverview,undocumented read-only web-client endpoint
Supertramp [3JsMj0DEzyWc0VDlHuy9Bx],,3JsMj0DEzyWc0VDlHuy9Bx,Supertramp,7695790,4214119,0,2026-07-18T20:45:22.974241+00:00,Spotify web-player queryArtistOverview,undocumented read-only web-client endpoint
Sutherland Brothers & Quiver [4PZTf9tGxAD1uxpVmV5zMH],,4PZTf9tGxAD1uxpVmV5zMH,Sutherland Brothers & Quiver,769,2668,0,2026-07-18T20:45:22.974241+00:00,Spotify web-player queryArtistOverview,undocumented read-only web-client endpoint
Sweet Exorcist [1n5Q0UoYwXeQza7ucLqFne],,1n5Q0UoYwXeQza7ucLqFne,Sweet Exorcist,2026,3325,0,2026-07-18T20:45:22.974241+00:00,Spotify web-player queryArtistOverview,undocumented read-only web-client endpoint
Sweet Female Attitude [1054JdBVMCPm9VpvkUcOYX],,1054JdBVMCPm9VpvkUcOYX,Sweet Female Attitude,582178,31030,0,2026-07-18T20:45:22.974241+00:00,Spotify web-player queryArtistOverview,undocumented read-only web-client endpoint
Sweet Sensation [0DSE3n3008wiKzfd8vNhWy],,0DSE3n3008wiKzfd8vNhWy,Sweet Sensation,116293,93792,0,2026-07-18T20:45:22.974241+00:00,Spotify web-player queryArtistOverview,undocumented read-only web-client endpoint
Swell Maps [1FGzeqDPTLZwfbfxpmPAZn],,1FGzeqDPTLZwfbfxpmPAZn,Swell Maps,17759,35908,0,2026-07-18T20:45:22.974241+00:00,Spotify web-player queryArtistOverview,undocumented read-only web-client endpoint
Swervedriver [0Sd7X8SxWV0AyDLbvd4uEu],,0Sd7X8SxWV0AyDLbvd4uEu,Swervedriver,54373,81061,0,2026-07-18T20:45:22.974241+00:00,Spotify web-player queryArtistOverview,undocumented read-only web-client endpoint
Swim Deep [2XddLUPFBmTonCFy8uB3uc],,2XddLUPFBmTonCFy8uB3uc,Swim Deep,86770,86828,0,2026-07-18T20:45:22.974241+00:00,Spotify web-player queryArtistOverview,undocumented read-only web-client endpoint
Swim School [7hC74DRW4q3obXLB5lTq4F],,7hC74DRW4q3obXLB5lTq4F,swim school,172006,31979,0,2026-07-18T20:45:22.974241+00:00,Spotify web-player queryArtistOverview,undocumented read-only web-client endpoint
Swing Out Sister [4phr5rAgWhcZtWJu8w8lKv],,4phr5rAgWhcZtWJu8w8lKv,Swing Out Sister,502370,183037,0,2026-07-18T20:45:22.974241+00:00,Spotify web-player queryArtistOverview,undocumented read-only web-client endpoint
Swingle II [0jvFU7PIF1D555T6LsVCTh],,0jvFU7PIF1D555T6LsVCTh,Swingle II,43,44,0,2026-07-18T20:45:22.974241+00:00,Spotify web-player queryArtistOverview,undocumented read-only web-client endpoint
Syd Arthur [2C39AawdhkMK8qZF2KWd48],,2C39AawdhkMK8qZF2KWd48,Syd Arthur,10496,13458,0,2026-07-18T20:45:22.974241+00:00,Spotify web-player queryArtistOverview,undocumented read-only web-client endpoint
Sylosis [2RiGIRDi4GoJpDbjDnPVJl],,2RiGIRDi4GoJpDbjDnPVJl,Sylosis,236596,189903,0,2026-07-18T20:45:22.974241+00:00,Spotify web-player queryArtistOverview,undocumented read-only web-client endpoint
Szou [0WabgZbwoFHTTXeLvD5Cr0],,0WabgZbwoFHTTXeLvD5Cr0,Szou,208,452,0,2026-07-18T20:45:22.974241+00:00,Spotify web-player queryArtistOverview,undocumented read-only web-client endpoint
T'Pau [47qTcvYlqJGAEsCI7BcENC],,47qTcvYlqJGAEsCI7BcENC,T'Pau,525174,223072,0,2026-07-18T20:45:22.974241+00:00,Spotify web-player queryArtistOverview,undocumented read-only web-client endpoint
T. Rex [3dBVyJ7JuOMt4GE9607Qin],,3dBVyJ7JuOMt4GE9607Qin,T. Rex,4010971,1266989,0,2026-07-18T20:45:22.974241+00:00,Spotify web-player queryArtistOverview,undocumented read-only web-client endpoint
TENDER [1I9HNoVK6kOQGVZfulXVnm],,1I9HNoVK6kOQGVZfulXVnm,TENDER,469691,164082,0,2026-07-18T20:45:22.974241+00:00,Spotify web-player queryArtistOverview,undocumented read-only web-client endpoint
TNGHT [40jiZfvsiAi1aIarh5Z3d3],,40jiZfvsiAi1aIarh5Z3d3,TNGHT,63726,43060,0,2026-07-18T20:45:22.974241+00:00,Spotify web-player queryArtistOverview,undocumented read-only web-client endpoint
TV Priest [61ujMGJVHgF9LPrIZw4MaI],,61ujMGJVHgF9LPrIZw4MaI,TV Priest,18601,16376,0,2026-07-18T20:45:22.974241+00:00,Spotify web-player queryArtistOverview,undocumented read-only web-client endpoint
Take That [1XgFuvRd7r5g0h844A5ZUQ],,1XgFuvRd7r5g0h844A5ZUQ,Take That,6539015,1517488,0,2026-07-18T20:45:22.974241+00:00,Spotify web-player queryArtistOverview,undocumented read-only web-client endpoint
Talisk [1khU7sW2d95qMTDnyDfzBT],,1khU7sW2d95qMTDnyDfzBT,Talisk,71444,53905,0,2026-07-18T20:45:22.974241+00:00,Spotify web-player queryArtistOverview,undocumented read-only web-client endpoint
Talk Talk [7Fo8TAyGJr4VmhE68QamMf],,7Fo8TAyGJr4VmhE68QamMf,Talk Talk,3944807,712227,0,2026-07-18T20:45:22.974241+00:00,Spotify web-player queryArtistOverview,undocumented read-only web-client endpoint
Taxxi [4YdRhoFyQ6UhFUNQpWhIpt],,4YdRhoFyQ6UhFUNQpWhIpt,Taxxi,2513,1280,0,2026-07-18T20:45:22.974241+00:00,Spotify web-player queryArtistOverview,undocumented read-only web-client endpoint
Tears for Fears [4bthk9UfsYUYdcFyqxmSUU],,4bthk9UfsYUYdcFyqxmSUU,Tears For Fears,23781006,4593372,338,2026-07-18T20:45:22.974241+00:00,Spotify web-player queryArtistOverview,undocumented read-only web-client endpoint
Teenage Fanclub [2Sp19cOHSqAUlE64hekARW],,2Sp19cOHSqAUlE64hekARW,Teenage Fanclub,186449,164920,0,2026-07-18T20:45:22.974241+00:00,Spotify web-player queryArtistOverview,undocumented read-only web-client endpoint
Teeth [4rTdaRfOjynpYyg9hDPUmC],,4rTdaRfOjynpYyg9hDPUmC,Teeth,15968,1342,0,2026-07-18T20:45:22.974241+00:00,Spotify web-player queryArtistOverview,undocumented read-only web-client endpoint
Teleman [3wrtQM9ICPPeHwoc1GWiyV],,3wrtQM9ICPPeHwoc1GWiyV,Teleman,128713,59760,0,2026-07-18T20:45:22.974241+00:00,Spotify web-player queryArtistOverview,undocumented read-only web-client endpoint
Temples [4ogwGU9VPWrnVBs1GEwZVV],,4ogwGU9VPWrnVBs1GEwZVV,Temples,356937,279903,0,2026-07-18T20:45:22.974241+00:00,Spotify web-player queryArtistOverview,undocumented read-only web-client endpoint
Temposhark [0fDzMlgCiO6CvZO9ConHb7],,0fDzMlgCiO6CvZO9ConHb7,temposhark,16558,6649,0,2026-07-18T20:45:22.974241+00:00,Spotify web-player queryArtistOverview,undocumented read-only web-client endpoint
Ten Fé [3cohAS2UQTaOo80kCn8qjT],,3cohAS2UQTaOo80kCn8qjT,Ten Fé,257636,50901,0,2026-07-18T20:45:22.974241+00:00,Spotify web-player queryArtistOverview,undocumented read-only web-client endpoint
Ten Years After [7nkLRaWHImCvWGHdNGnhVE],,7nkLRaWHImCvWGHdNGnhVE,Ten Years After,2124380,656932,0,2026-07-18T20:45:22.974241+00:00,Spotify web-player queryArtistOverview,undocumented read-only web-client endpoint
Tenpole Tudor [3hsO9B2FiSAfdBddcNKZEV],,3hsO9B2FiSAfdBddcNKZEV,Tenpole Tudor,83020,22883,0,2026-07-18T20:45:22.974241+00:00,Spotify web-player queryArtistOverview,undocumented read-only web-client endpoint
Terrorvision [3jNwnthjUjHYvjyvRGfWuQ],,3jNwnthjUjHYvjyvRGfWuQ,Terrorvision,53778,36238,0,2026-07-18T20:45:22.974241+00:00,Spotify web-player queryArtistOverview,undocumented read-only web-client endpoint
Tesseract [23ytwhG1pzX6DIVWRWvW1r],,23ytwhG1pzX6DIVWRWvW1r,TesseracT,155442,359654,0,2026-07-18T20:45:22.974241+00:00,Spotify web-player queryArtistOverview,undocumented read-only web-client endpoint
Texas [5JsdVATHNPE0XdMFMRoSuf],,5JsdVATHNPE0XdMFMRoSuf,Texas,2420479,572024,0,2026-07-18T20:45:22.974241+00:00,Spotify web-player queryArtistOverview,undocumented read-only web-client endpoint
The 101ers [75s7RfViwIXirjnRYkZWPe],,75s7RfViwIXirjnRYkZWPe,The 101ers,15741,17303,0,2026-07-18T20:45:22.974241+00:00,Spotify web-player queryArtistOverview,undocumented read-only web-client endpoint
The 1975 [3mIj9lX2MWuHmhNCA7LSCW],,3mIj9lX2MWuHmhNCA7LSCW,The 1975,18915018,8582651,493,2026-07-18T20:45:22.974241+00:00,Spotify web-player queryArtistOverview,undocumented read-only web-client endpoint
The 411 [0YtA5DdO2df8zIxpVdktqg],,0YtA5DdO2df8zIxpVdktqg,The 411,36002,38204,0,2026-07-18T20:45:22.974241+00:00,Spotify web-player queryArtistOverview,undocumented read-only web-client endpoint
The Adventure Babies [7y9PyTFer8ZT5eNgLn5Tad],,7y9PyTFer8ZT5eNgLn5Tad,The Adventure Babies,123,206,0,2026-07-18T20:45:22.974241+00:00,Spotify web-player queryArtistOverview,undocumented read-only web-client endpoint
The Adventures [6ZXLmQi3SPQEh8mXNDldRC],,6ZXLmQi3SPQEh8mXNDldRC,The Adventures,115422,17433,0,2026-07-18T20:45:22.974241+00:00,Spotify web-player queryArtistOverview,undocumented read-only web-client endpoint
The Alan Parsons Project [2m62cc253Xvd9qYQ8d2X3d],,2m62cc253Xvd9qYQ8d2X3d,The Alan Parsons Project,4991688,1804870,0,2026-07-18T20:45:22.974241+00:00,Spotify web-player queryArtistOverview,undocumented read-only web-client endpoint
The Alarm [0oQLexIBY9SlMhtbSIPFAO],,0oQLexIBY9SlMhtbSIPFAO,The Alarm,153792,89337,0,2026-07-18T20:45:22.974241+00:00,Spotify web-player queryArtistOverview,undocumented read-only web-client endpoint
The Allisons [3Fc3e55Hpm24q5XzsTyyo4],,3Fc3e55Hpm24q5XzsTyyo4,The Allisons,6173,1405,0,2026-07-18T20:45:22.974241+00:00,Spotify web-player queryArtistOverview,undocumented read-only web-client endpoint
The Almighty [2CR9ehV7eqAwBbixbDxIaS],,2CR9ehV7eqAwBbixbDxIaS,The Almighty,16046,19854,0,2026-07-18T20:45:22.974241+00:00,Spotify web-player queryArtistOverview,undocumented read-only web-client endpoint
The Amazons [7243txmysJ4KbRmH8UAMKO],,7243txmysJ4KbRmH8UAMKO,The Amazons,294130,149873,0,2026-07-18T20:45:22.974241+00:00,Spotify web-player queryArtistOverview,undocumented read-only web-client endpoint
The Animals [3ICflSq6ZgYAIrm2CTkfVP],,3ICflSq6ZgYAIrm2CTkfVP,The Animals,12324330,2812173,0,2026-07-18T20:45:22.974241+00:00,Spotify web-player queryArtistOverview,undocumented read-only web-client endpoint
The Answer [3STTKsLP1gSzGvOVCtNlWS],,3STTKsLP1gSzGvOVCtNlWS,The Answer,16885,45818,0,2026-07-18T20:45:22.974241+00:00,Spotify web-player queryArtistOverview,undocumented read-only web-client endpoint
The Aschere Project [5kfhDJfk6V1EAXLeVNeKtd],,5kfhDJfk6V1EAXLeVNeKtd,The Aschere Project,9,154,0,2026-07-18T20:45:22.974241+00:00,Spotify web-player queryArtistOverview,undocumented read-only web-client endpoint
The Assembly [3SZrTMcVtCUyiuX3svX0rV],,3SZrTMcVtCUyiuX3svX0rV,The Assembly,23220,4650,0,2026-07-18T20:45:22.974241+00:00,Spotify web-player queryArtistOverview,undocumented read-only web-client endpoint
The Associates [7GsdZ6T45uXudJ8Wsko9sB],,7GsdZ6T45uXudJ8Wsko9sB,The Associates,41622,50912,0,2026-07-18T20:45:22.974241+00:00,Spotify web-player queryArtistOverview,undocumented read-only web-client endpoint
The Auteurs [5EtBXjUUyPJmiljpRdN6RJ],,5EtBXjUUyPJmiljpRdN6RJ,The Auteurs,30197,22347,0,2026-07-18T20:45:22.974241+00:00,Spotify web-player queryArtistOverview,undocumented read-only web-client endpoint
The Beat [1eVEVL20zNLcGrPDOR691N],,1eVEVL20zNLcGrPDOR691N,The English Beat,483379,170891,0,2026-07-18T20:45:22.974241+00:00,Spotify web-player queryArtistOverview,undocumented read-only web-client endpoint
The Beatles [3WrFJ7ztbogyGnTHbHJFl2],,3WrFJ7ztbogyGnTHbHJFl2,The Beatles,37927636,32385954,137,2026-07-18T20:45:22.974241+00:00,Spotify web-player queryArtistOverview,undocumented read-only web-client endpoint
The Beautiful South [4fomCZiFUMX73KJ0YQ0V90],,4fomCZiFUMX73KJ0YQ0V90,The Beautiful South,1074612,498337,0,2026-07-18T20:45:22.974241+00:00,Spotify web-player queryArtistOverview,undocumented read-only web-client endpoint
The Beep Seals [0oIe6kYdulVUNFUgNDV2Dk],,0oIe6kYdulVUNFUgNDV2Dk,The Beep Seals,18,156,0,2026-07-18T20:45:22.974241+00:00,Spotify web-player queryArtistOverview,undocumented read-only web-client endpoint
The Bees [6XiSck3QPuXk7ho6zlDz3P],,6XiSck3QPuXk7ho6zlDz3P,The Bees,76473,43938,0,2026-07-18T20:45:22.974241+00:00,Spotify web-player queryArtistOverview,undocumented read-only web-client endpoint
The Beta Band [2LMR8u7DOMF0FBseDpTsRa],,2LMR8u7DOMF0FBseDpTsRa,The Beta Band,325029,135396,0,2026-07-18T20:45:22.974241+00:00,Spotify web-player queryArtistOverview,undocumented read-only web-client endpoint
The Big Moon [0KU55rzxAihPhi27MAuz9O],,0KU55rzxAihPhi27MAuz9O,The Big Moon,146229,117870,0,2026-07-18T20:45:22.974241+00:00,Spotify web-player queryArtistOverview,undocumented read-only web-client endpoint
The Big Pink [4xM0Rz2FbjZevoVLVJUgEQ],,4xM0Rz2FbjZevoVLVJUgEQ,The Big Pink,45735,39674,0,2026-07-18T20:45:22.974241+00:00,Spotify web-player queryArtistOverview,undocumented read-only web-client endpoint
The Big Push [4AOiNpcmfXTiWDB3uFszgn],,4AOiNpcmfXTiWDB3uFszgn,The Big Push,466052,233766,0,2026-07-18T20:45:22.974241+00:00,Spotify web-player queryArtistOverview,undocumented read-only web-client endpoint
The Blue Nile [1GWV70Reko15eV2nHCm0bM],,1GWV70Reko15eV2nHCm0bM,The Blue Nile,278387,109768,0,2026-07-18T20:45:22.974241+00:00,Spotify web-player queryArtistOverview,undocumented read-only web-client endpoint
The Bluebells [59FA7hfd0gJCIVBN0GygHg],,59FA7hfd0gJCIVBN0GygHg,The Bluebells,155036,16802,0,2026-07-18T20:45:22.974241+00:00,Spotify web-player queryArtistOverview,undocumented read-only web-client endpoint
The Boo Radleys [6UYwzZChuolxsylHcZcBBP],,6UYwzZChuolxsylHcZcBBP,The Boo Radleys,121170,54068,0,2026-07-18T20:45:22.974241+00:00,Spotify web-player queryArtistOverview,undocumented read-only web-client endpoint
The Bottom Line [2goF23SQwJH5I0njJ3TnH2],,2goF23SQwJH5I0njJ3TnH2,The Bottom Line,8205,11818,0,2026-07-18T20:45:22.974241+00:00,Spotify web-player queryArtistOverview,undocumented read-only web-client endpoint
The Boxer Rebellion [7DEseTqRODmSu3C7jxCHl5],,7DEseTqRODmSu3C7jxCHl5,The Boxer Rebellion,280654,126547,0,2026-07-18T20:45:22.974241+00:00,Spotify web-player queryArtistOverview,undocumented read-only web-client endpoint
The Breath [6bH7BxdRG9RwGmTQXd2Y3F],,6bH7BxdRG9RwGmTQXd2Y3F,The Breath,20255,16693,0,2026-07-18T20:45:22.974241+00:00,Spotify web-player queryArtistOverview,undocumented read-only web-client endpoint
The Broken Family Band [45a8bsifrVhXkmsnicd4og],,45a8bsifrVhXkmsnicd4og,The Broken Family Band,23978,8977,0,2026-07-18T20:45:22.974241+00:00,Spotify web-player queryArtistOverview,undocumented read-only web-client endpoint
The Buggles [057gc1fxmJ2vkctjQJ7Tal],,057gc1fxmJ2vkctjQJ7Tal,The Buggles,3487007,190767,0,2026-07-18T20:45:22.974241+00:00,Spotify web-player queryArtistOverview,undocumented read-only web-client endpoint
The Calls [5eGUB2xZ12GfwK14fjfQge],,5eGUB2xZ12GfwK14fjfQge,The Calls,53,652,0,2026-07-18T20:45:22.974241+00:00,Spotify web-player queryArtistOverview,undocumented read-only web-client endpoint
The Chap [49iE5cZbbLFBNlSw9nOr8Z],,49iE5cZbbLFBNlSw9nOr8Z,The Chap,1109,4257,0,2026-07-18T20:45:22.974241+00:00,Spotify web-player queryArtistOverview,undocumented read-only web-client endpoint
The Charlatans [5fScAXreYFnuqwOgBsJgSd],,5fScAXreYFnuqwOgBsJgSd,The Charlatans,498770,412618,0,2026-07-18T20:45:22.974241+00:00,Spotify web-player queryArtistOverview,undocumented read-only web-client endpoint
The Chemical Brothers [1GhPHrq36VKCY3ucVaZCfo],,1GhPHrq36VKCY3ucVaZCfo,The Chemical Brothers,9143502,2435363,0,2026-07-18T20:45:22.974241+00:00,Spotify web-player queryArtistOverview,undocumented read-only web-client endpoint
The Chevin [2x9iKuuxMHGDm12dmNfOAh],,2x9iKuuxMHGDm12dmNfOAh,The Chevin,90538,8737,0,2026-07-18T20:45:22.974241+00:00,Spotify web-player queryArtistOverview,undocumented read-only web-client endpoint
The Choirboys [3ZtRtJV4yZOmdWjywEjNND],,3ZtRtJV4yZOmdWjywEjNND,The Choirboys,8472,2924,0,2026-07-18T20:45:22.974241+00:00,Spotify web-player queryArtistOverview,undocumented read-only web-client endpoint
The Chronicles of Manimal and Samara [2V3zzIcq2sbRbaEjbGypc8],,2V3zzIcq2sbRbaEjbGypc8,The Chronicles of Manimal and Samara,5920,2292,0,2026-07-18T20:45:22.974241+00:00,Spotify web-player queryArtistOverview,undocumented read-only web-client endpoint
The Chrysanthemums [4W9woLDFYS3LQZeQq9kujy],,4W9woLDFYS3LQZeQq9kujy,The Chrysanthemums,125,308,0,2026-07-18T20:45:22.974241+00:00,Spotify web-player queryArtistOverview,undocumented read-only web-client endpoint
The Cinematic Orchestra [32ogthv0BdaSMPml02X9YB],,32ogthv0BdaSMPml02X9YB,The Cinematic Orchestra,5329785,811495,0,2026-07-18T20:45:22.974241+00:00,Spotify web-player queryArtistOverview,undocumented read-only web-client endpoint
The Cinematics [7M6zxq59QM0CMvvYprtzOZ],,7M6zxq59QM0CMvvYprtzOZ,The Cinematics,20749,35102,0,2026-07-18T20:45:22.974241+00:00,Spotify web-player queryArtistOverview,undocumented read-only web-client endpoint
The Clash [3RGLhK1IP9jnYFH4BRFJBS],,3RGLhK1IP9jnYFH4BRFJBS,The Clash,14589467,3508323,0,2026-07-18T20:45:22.974241+00:00,Spotify web-player queryArtistOverview,undocumented read-only web-client endpoint
The Colourfield [06Rbwc8jaQ1d5fDPZiasE0],,06Rbwc8jaQ1d5fDPZiasE0,The Colourfield,55168,28746,0,2026-07-18T20:45:22.974241+00:00,Spotify web-player queryArtistOverview,undocumented read-only web-client endpoint
The Comet Is Coming [0Z5FMozvx15nUSUA6a9kkU],,0Z5FMozvx15nUSUA6a9kkU,The Comet Is Coming,89284,188120,0,2026-07-18T20:45:22.974241+00:00,Spotify web-player queryArtistOverview,undocumented read-only web-client endpoint
The Compozers [3JZIYIz1tu8IgQA6Fu4CaM],,3JZIYIz1tu8IgQA6Fu4CaM,The Compozers,21077,9202,0,2026-07-18T20:45:22.974241+00:00,Spotify web-player queryArtistOverview,undocumented read-only web-client endpoint
The Coral [6OiHleP2bHM18dXq4aZQWt],,6OiHleP2bHM18dXq4aZQWt,The Coral,707737,287640,0,2026-07-18T20:45:22.974241+00:00,Spotify web-player queryArtistOverview,undocumented read-only web-client endpoint
The Corries [37QFe07xXVifiZf6t6t3PE],,37QFe07xXVifiZf6t6t3PE,The Corries,171307,37863,0,2026-07-18T20:45:22.974241+00:00,Spotify web-player queryArtistOverview,undocumented read-only web-client endpoint
The Crazy World of Arthur Brown [2LpdhgwN0mYKMjnzrBQU8H],,2LpdhgwN0mYKMjnzrBQU8H,The Crazy World Of Arthur Brown,43146,16217,0,2026-07-18T20:45:22.974241+00:00,Spotify web-player queryArtistOverview,undocumented read-only web-client endpoint
The Cribs [51Eq6WMVEOjjx9KQMAnneG],,51Eq6WMVEOjjx9KQMAnneG,The Cribs,276100,212021,0,2026-07-18T20:45:22.974241+00:00,Spotify web-player queryArtistOverview,undocumented read-only web-client endpoint
The Crimea [0P4xg7WnocZzAeb2Ka7zRc],,0P4xg7WnocZzAeb2Ka7zRc,The Crimea,1520,2067,0,2026-07-18T20:45:22.974241+00:00,Spotify web-player queryArtistOverview,undocumented read-only web-client endpoint
The Cult [49DW3KvkyjHO35mK1JnSyS],,49DW3KvkyjHO35mK1JnSyS,The Cult,2277310,852449,0,2026-07-18T20:45:22.974241+00:00,Spotify web-player queryArtistOverview,undocumented read-only web-client endpoint
The Cure [7bu3H8JO7d0UbMoVzbo70s],,7bu3H8JO7d0UbMoVzbo70s,The Cure,25827890,7492117,297,2026-07-18T20:45:22.974241+00:00,Spotify web-player queryArtistOverview,undocumented read-only web-client endpoint
The Damage Manual [6gX3bKHMF4z9NY4FjBmnkK],,6gX3bKHMF4z9NY4FjBmnkK,The Damage Manual,486,3696,0,2026-07-18T20:45:22.974241+00:00,Spotify web-player queryArtistOverview,undocumented read-only web-client endpoint
The Damned [6VeL8VhaMjHTPc5uovFl3h],,6VeL8VhaMjHTPc5uovFl3h,The Damned,459791,442692,0,2026-07-18T20:45:22.974241+00:00,Spotify web-player queryArtistOverview,undocumented read-only web-client endpoint
The Darkness [5r1bdqzhgRoHC3YcCV6N5a],,5r1bdqzhgRoHC3YcCV6N5a,The Darkness,2453090,510654,0,2026-07-18T20:45:22.974241+00:00,Spotify web-player queryArtistOverview,undocumented read-only web-client endpoint
The Dave Clark Five [2HBbky0Z08ZcCKVsXWbNE4],,2HBbky0Z08ZcCKVsXWbNE4,The Dave Clark Five,278011,252497,0,2026-07-18T20:45:22.974241+00:00,Spotify web-player queryArtistOverview,undocumented read-only web-client endpoint
The Daydream Club [3U6eCXHFS6wQVuFuqeW09m],,3U6eCXHFS6wQVuFuqeW09m,The Daydream Club,27883,10498,0,2026-07-18T20:45:22.974241+00:00,Spotify web-player queryArtistOverview,undocumented read-only web-client endpoint
The Defiled [2kACi1RR7iHINtHwUXJl0J],,2kACi1RR7iHINtHwUXJl0J,The Defiled,2348,6938,0,2026-07-18T20:45:22.974241+00:00,Spotify web-player queryArtistOverview,undocumented read-only web-client endpoint
The Delgados [4wavWMHhIiUXxwCuWsHzXo],,4wavWMHhIiUXxwCuWsHzXo,The Delgados,26800,25240,0,2026-07-18T20:45:22.974241+00:00,Spotify web-player queryArtistOverview,undocumented read-only web-client endpoint
The Dirty Youth [3DNT41sscTpr7IBwq79Uw8],,3DNT41sscTpr7IBwq79Uw8,The Dirty Youth,24499,34954,0,2026-07-18T20:45:22.974241+00:00,Spotify web-player queryArtistOverview,undocumented read-only web-client endpoint
The Divine Comedy [7EV6jW6dotBdvsHj6xPixi],,7EV6jW6dotBdvsHj6xPixi,The Divine Comedy,291037,174650,0,2026-07-18T20:45:22.974241+00:00,Spotify web-player queryArtistOverview,undocumented read-only web-client endpoint
The Dogs D'Amour [7aRd5u0bLGDwfY0mv5sfyy],,7aRd5u0bLGDwfY0mv5sfyy,The Dogs D'Amour,15110,20949,0,2026-07-18T20:45:22.974241+00:00,Spotify web-player queryArtistOverview,undocumented read-only web-client endpoint
The Dooleys [3Adi1LRu28jpZe7c3cvHEj],,3Adi1LRu28jpZe7c3cvHEj,The Dooleys,24735,11611,0,2026-07-18T20:45:22.974241+00:00,Spotify web-player queryArtistOverview,undocumented read-only web-client endpoint
The Dream Academy [1JVoO5bwfU8GNuAZLpBoHe],,1JVoO5bwfU8GNuAZLpBoHe,The Dream Academy,735488,81792,0,2026-07-18T20:45:22.974241+00:00,Spotify web-player queryArtistOverview,undocumented read-only web-client endpoint
The Drink [4QC5rdLAn0yOExTsUwj2RL],,4QC5rdLAn0yOExTsUwj2RL,The Drink,388,1318,0,2026-07-18T20:45:22.974241+00:00,Spotify web-player queryArtistOverview,undocumented read-only web-client endpoint
The Duke Spirit [5lModM3s3qlPQKYjtwWuXD],,5lModM3s3qlPQKYjtwWuXD,The Duke Spirit,27367,28248,0,2026-07-18T20:45:22.974241+00:00,Spotify web-player queryArtistOverview,undocumented read-only web-client endpoint
The Durutti Column [7fh7bwX9qV60tLxxsp9bTe],,7fh7bwX9qV60tLxxsp9bTe,The Durutti Column,384367,141887,0,2026-07-18T20:45:22.974241+00:00,Spotify web-player queryArtistOverview,undocumented read-only web-client endpoint
The Dylans [65W7zVtBaNrdG1f0sjuSC0],,65W7zVtBaNrdG1f0sjuSC0,The Dylans,6990,4788,0,2026-07-18T20:45:22.974241+00:00,Spotify web-player queryArtistOverview,undocumented read-only web-client endpoint
The Eden House [44RZDLBmH5RPBIo4Tmfumv],,44RZDLBmH5RPBIo4Tmfumv,The Eden House,7871,13079,0,2026-07-18T20:45:22.974241+00:00,Spotify web-player queryArtistOverview,undocumented read-only web-client endpoint
The English Concert [2Oz3z7PPQUMU2KNYgcO1sA],,2Oz3z7PPQUMU2KNYgcO1sA,The English Concert,500270,26984,0,2026-07-18T20:45:22.974241+00:00,Spotify web-player queryArtistOverview,undocumented read-only web-client endpoint
The Enid [6Rhf7fSkiPwkavVPg3AJ2H],,6Rhf7fSkiPwkavVPg3AJ2H,The Enid,2449,5356,0,2026-07-18T20:45:22.974241+00:00,Spotify web-player queryArtistOverview,undocumented read-only web-client endpoint
The Escape Club [6mRev5KzKOgQcZjWanwBdd],,6mRev5KzKOgQcZjWanwBdd,The Escape Club,131312,13509,0,2026-07-18T20:45:22.974241+00:00,Spotify web-player queryArtistOverview,undocumented read-only web-client endpoint
The Exploited [6NB4b8lltHCjOhW7vQZkAy],,6NB4b8lltHCjOhW7vQZkAy,The Exploited,164967,272998,0,2026-07-18T20:45:22.974241+00:00,Spotify web-player queryArtistOverview,undocumented read-only web-client endpoint
The Fall [6WoTvA9qinpHtSRJuldYh6],,6WoTvA9qinpHtSRJuldYh6,The Fall,190295,224200,0,2026-07-18T20:45:22.974241+00:00,Spotify web-player queryArtistOverview,undocumented read-only web-client endpoint
The Far Meadow [36KJJZgi3EYM2QsmLw3vIo],,36KJJZgi3EYM2QsmLw3vIo,The Far Meadow,35,1083,0,2026-07-18T20:45:22.974241+00:00,Spotify web-player queryArtistOverview,undocumented read-only web-client endpoint
The Farm [3lN1TG4RIoaJCff6Ck9KUR],,3lN1TG4RIoaJCff6Ck9KUR,The Farm,408875,76908,0,2026-07-18T20:45:22.974241+00:00,Spotify web-player queryArtistOverview,undocumented read-only web-client endpoint
The Fauns [6F6So5FxbaQCaVkNSH4XdP],,6F6So5FxbaQCaVkNSH4XdP,The Fauns,6917,8160,0,2026-07-18T20:45:22.974241+00:00,Spotify web-player queryArtistOverview,undocumented read-only web-client endpoint
The Field Mice [3KH6DLHeoFZgVbtKiLXb6L],,3KH6DLHeoFZgVbtKiLXb6L,The Field Mice,31075,29459,0,2026-07-18T20:45:22.974241+00:00,Spotify web-player queryArtistOverview,undocumented read-only web-client endpoint
The Fireman [5QNeV0eXW8W8SVXeALkOpB],,5QNeV0eXW8W8SVXeALkOpB,The Fireman,17892,21371,0,2026-07-18T20:45:22.974241+00:00,Spotify web-player queryArtistOverview,undocumented read-only web-client endpoint
The Firm [2v9oaQ9UhtuTPMyOUlx4oL],,2v9oaQ9UhtuTPMyOUlx4oL,The Firm,560,395,0,2026-07-18T20:45:22.974241+00:00,Spotify web-player queryArtistOverview,undocumented read-only web-client endpoint
The Firm [4rPZAvpw9ObVO3HFGWSHwt],,4rPZAvpw9ObVO3HFGWSHwt,The Firm,138968,42646,0,2026-07-18T20:45:22.974241+00:00,Spotify web-player queryArtistOverview,undocumented read-only web-client endpoint
The Fixx [53RkHTcl0SJZjpzqogkBf4],,53RkHTcl0SJZjpzqogkBf4,The Fixx,569663,284550,0,2026-07-18T20:45:22.974241+00:00,Spotify web-player queryArtistOverview,undocumented read-only web-client endpoint
The Flaming Stars [2seTZEaoSEvP8lx4w20zAU],,2seTZEaoSEvP8lx4w20zAU,The Flaming Stars,1034,1914,0,2026-07-18T20:45:22.974241+00:00,Spotify web-player queryArtistOverview,undocumented read-only web-client endpoint
The Flying Lizards [2L9iHIK8h5HvZe6VXb0aOI],,2L9iHIK8h5HvZe6VXb0aOI,The Flying Lizards,98078,23736,0,2026-07-18T20:45:22.974241+00:00,Spotify web-player queryArtistOverview,undocumented read-only web-client endpoint
The Flying Pickets [41A6Xdil8qhaD2DcS4X1wA],,41A6Xdil8qhaD2DcS4X1wA,The Flying Pickets,152643,26495,0,2026-07-18T20:45:22.974241+00:00,Spotify web-player queryArtistOverview,undocumented read-only web-client endpoint
The Foundations [4GITZM5LCR2KcdlgEOrNLD],,4GITZM5LCR2KcdlgEOrNLD,The Foundations,4165829,169026,0,2026-07-18T20:45:22.974241+00:00,Spotify web-player queryArtistOverview,undocumented read-only web-client endpoint
The Four Pennies [37s6Z7SRJ8U3URr6hocF8m],,37s6Z7SRJ8U3URr6hocF8m,The Four Pennies,7391,9855,0,2026-07-18T20:45:22.974241+00:00,Spotify web-player queryArtistOverview,undocumented read-only web-client endpoint
The Fratellis [3M4ThdJR28z9eSMcQHAZ5G],,3M4ThdJR28z9eSMcQHAZ5G,The Fratellis,4131358,958629,0,2026-07-18T20:45:22.974241+00:00,Spotify web-player queryArtistOverview,undocumented read-only web-client endpoint
The Future Sound of London [2qhmNI4ZHPpeDutdg473Z3],,2qhmNI4ZHPpeDutdg473Z3,The Future Sound Of London,181260,179121,0,2026-07-18T20:45:22.974241+00:00,Spotify web-player queryArtistOverview,undocumented read-only web-client endpoint
The Futureheads [3TBfn8PtXr42OrTPaoC3E8],,3TBfn8PtXr42OrTPaoC3E8,The Futureheads,175654,108938,0,2026-07-18T20:45:22.974241+00:00,Spotify web-player queryArtistOverview,undocumented read-only web-client endpoint
The Gesualdo Six [2z846SqjChnjieVgTfRq3X],,2z846SqjChnjieVgTfRq3X,The Gesualdo Six,34122,15910,0,2026-07-18T20:45:22.974241+00:00,Spotify web-player queryArtistOverview,undocumented read-only web-client endpoint
The Go! Team [6veTV9sF06FBf2KN0xAdvo],,6veTV9sF06FBf2KN0xAdvo,The Go! Team,202864,101993,0,2026-07-18T20:45:22.974241+00:00,Spotify web-player queryArtistOverview,undocumented read-only web-client endpoint
The Gods [6lXPTvhkQ1fJrvbg09QfuN],,6lXPTvhkQ1fJrvbg09QfuN,The Gods,1340,2599,0,2026-07-18T20:45:22.974241+00:00,Spotify web-player queryArtistOverview,undocumented read-only web-client endpoint
The Guest List [3MlBGzJspD6CjrHRYbR4OQ],,3MlBGzJspD6CjrHRYbR4OQ,The Guest List,100343,46371,0,2026-07-18T20:45:22.974241+00:00,Spotify web-player queryArtistOverview,undocumented read-only web-client endpoint
The Gulls [2n0FlGHc3OxI0x2WI39BEc],,2n0FlGHc3OxI0x2WI39BEc,The Gulls,24472,10256,0,2026-07-18T20:45:22.974241+00:00,Spotify web-player queryArtistOverview,undocumented read-only web-client endpoint
The Gun [3oahuQcXyHPUeoZ7SVdRJF],,3oahuQcXyHPUeoZ7SVdRJF,The Gun,10364,4781,0,2026-07-18T20:45:22.974241+00:00,Spotify web-player queryArtistOverview,undocumented read-only web-client endpoint
The Hafler Trio [55LMwjTvt96IaHKk8Oyv9m],,55LMwjTvt96IaHKk8Oyv9m,The Hafler Trio,285,1529,0,2026-07-18T20:45:22.974241+00:00,Spotify web-player queryArtistOverview,undocumented read-only web-client endpoint
The Hair and Skin Trading Company [2qBuSecbkEALQYs1MTZAF5],,2qBuSecbkEALQYs1MTZAF5,The Hair And Skin Trading Company,571,1555,0,2026-07-18T20:45:22.974241+00:00,Spotify web-player queryArtistOverview,undocumented read-only web-client endpoint
The Hallé [0VzwesVsEMjYDaMrrdukam],,0VzwesVsEMjYDaMrrdukam,Hallé,340866,5654,0,2026-07-18T20:45:22.974241+00:00,Spotify web-player queryArtistOverview,undocumented read-only web-client endpoint
The Handsome Beasts [18oF763STurOPYHKXw2YFD],,18oF763STurOPYHKXw2YFD,The Handsome Beasts,445,2735,0,2026-07-18T20:45:22.974241+00:00,Spotify web-player queryArtistOverview,undocumented read-only web-client endpoint
The Hangmen [5byUktyY1lz9hBi1sDbZ5B],,5byUktyY1lz9hBi1sDbZ5B,The Hangmen,2852,3880,0,2026-07-18T20:45:22.974241+00:00,Spotify web-player queryArtistOverview,undocumented read-only web-client endpoint
The Heavy [0bZCak2tcRMY1dzEIuwF42],,0bZCak2tcRMY1dzEIuwF42,The Heavy,2796068,516287,0,2026-07-18T20:45:22.974241+00:00,Spotify web-player queryArtistOverview,undocumented read-only web-client endpoint
The Hepburns [5vtGtpKqoiBmlosoj3CvCV],,5vtGtpKqoiBmlosoj3CvCV,The Hepburns,291,861,0,2026-07-18T20:45:22.974241+00:00,Spotify web-player queryArtistOverview,undocumented read-only web-client endpoint
The Herbaliser [1O7aMVbDeSXY2LiVBhb13w],,1O7aMVbDeSXY2LiVBhb13w,The Herbaliser,415029,165562,0,2026-07-18T20:45:22.974241+00:00,Spotify web-player queryArtistOverview,undocumented read-only web-client endpoint
The Heritage Orchestra [6r2opkx0McCgqlKKiTxGKx],,6r2opkx0McCgqlKKiTxGKx,The Heritage Orchestra,589852,16146,0,2026-07-18T20:45:22.974241+00:00,Spotify web-player queryArtistOverview,undocumented read-only web-client endpoint
The High Numbers [23v7cVwWDv8VhPWTAePufN],,23v7cVwWDv8VhPWTAePufN,The High Numbers,29092,6697,0,2026-07-18T20:45:22.974241+00:00,Spotify web-player queryArtistOverview,undocumented read-only web-client endpoint
The High [30gL5RqfmtcUu6h95lTJQ7],,30gL5RqfmtcUu6h95lTJQ7,The High,2094,3558,0,2026-07-18T20:45:22.974241+00:00,Spotify web-player queryArtistOverview,undocumented read-only web-client endpoint
The History of Apple Pie [7qdtAT3XxpNXOa4URjf2NE],,7qdtAT3XxpNXOa4URjf2NE,The History Of Apple Pie,584,2984,0,2026-07-18T20:45:22.974241+00:00,Spotify web-player queryArtistOverview,undocumented read-only web-client endpoint
The Hollies [6waa8mKu91GjzD4NlONlNJ],,6waa8mKu91GjzD4NlONlNJ,The Hollies,10112715,1450461,0,2026-07-18T20:45:22.974241+00:00,Spotify web-player queryArtistOverview,undocumented read-only web-client endpoint
The Honeydrippers [7J7YRBSoiXpdTmcbkKZL2C],,7J7YRBSoiXpdTmcbkKZL2C,The Honeydrippers,321812,57290,0,2026-07-18T20:45:22.974241+00:00,Spotify web-player queryArtistOverview,undocumented read-only web-client endpoint
The Hoosiers [4LlDtNr8qFwhrT8eL2wzH4],,4LlDtNr8qFwhrT8eL2wzH4,The Hoosiers,438135,219418,0,2026-07-18T20:45:22.974241+00:00,Spotify web-player queryArtistOverview,undocumented read-only web-client endpoint
The Hope Blister [0xm0RDlfj87r1uPa7srs33],,0xm0RDlfj87r1uPa7srs33,The Hope Blister,840,3436,0,2026-07-18T20:45:22.974241+00:00,Spotify web-player queryArtistOverview,undocumented read-only web-client endpoint
The Hornblower Brothers [4yHZcogi5FiZ6MYkpgCNfV],,4yHZcogi5FiZ6MYkpgCNfV,The Hornblower Brothers,47,150,0,2026-07-18T20:45:22.974241+00:00,Spotify web-player queryArtistOverview,undocumented read-only web-client endpoint
The Horrors [7EFB09NxZrMi9pGlOnuBpd],,7EFB09NxZrMi9pGlOnuBpd,The Horrors,251304,296621,0,2026-07-18T20:45:22.974241+00:00,Spotify web-player queryArtistOverview,undocumented read-only web-client endpoint
The Human League [1aX2dmV8XoHYCOQRxjPESG],,1aX2dmV8XoHYCOQRxjPESG,The Human League,6085844,1370364,0,2026-07-18T20:45:22.974241+00:00,Spotify web-player queryArtistOverview,undocumented read-only web-client endpoint
The Hunna [7jZycSvTyx0W9poD4PjEIG],,7jZycSvTyx0W9poD4PjEIG,The Hunna,506302,268983,0,2026-07-18T20:45:22.974241+00:00,Spotify web-player queryArtistOverview,undocumented read-only web-client endpoint
The Icicle Works [39afGThIZjTTMH5enuLXYI],,39afGThIZjTTMH5enuLXYI,The Icicle Works,131181,50086,0,2026-07-18T20:45:22.974241+00:00,Spotify web-player queryArtistOverview,undocumented read-only web-client endpoint
The Idle Race [04eUV5Ml7cff2sEJEwll6G],,04eUV5Ml7cff2sEJEwll6G,The Idle Race,20440,14606,0,2026-07-18T20:45:22.974241+00:00,Spotify web-player queryArtistOverview,undocumented read-only web-client endpoint
The Incredible String Band [0tQzBYPjAardhWpGkqVdNW],,0tQzBYPjAardhWpGkqVdNW,The Incredible String Band,31217,60628,0,2026-07-18T20:45:22.974241+00:00,Spotify web-player queryArtistOverview,undocumented read-only web-client endpoint
The Infinity Project [3MSq3HlSCnY9LNSlkDaEMx],,3MSq3HlSCnY9LNSlkDaEMx,The Infinity Project,9750,19059,0,2026-07-18T20:45:22.974241+00:00,Spotify web-player queryArtistOverview,undocumented read-only web-client endpoint
The Irish Brigade [22xPtA9BuacbAGzd2Laihm],,22xPtA9BuacbAGzd2Laihm,The Irish Brigade,133806,42959,0,2026-07-18T20:45:22.974241+00:00,Spotify web-player queryArtistOverview,undocumented read-only web-client endpoint
The Irrepressibles [1v5bOzXbhrQ57qSvRwGA6s],,1v5bOzXbhrQ57qSvRwGA6s,The Irrepressibles,3531545,266977,0,2026-07-18T20:45:22.974241+00:00,Spotify web-player queryArtistOverview,undocumented read-only web-client endpoint
The Jaded Hearts Club [7qZ3cinlwpZtJpylqOLFCA],,7qZ3cinlwpZtJpylqOLFCA,The Jaded Hearts Club,19643,33096,0,2026-07-18T20:45:22.974241+00:00,Spotify web-player queryArtistOverview,undocumented read-only web-client endpoint
The Jam [2P560DaOMNDUACoH8ZhOCR],,2P560DaOMNDUACoH8ZhOCR,The Jam,1609992,862279,0,2026-07-18T20:45:22.974241+00:00,Spotify web-player queryArtistOverview,undocumented read-only web-client endpoint
The Jepettos [35o58Gfmj3W9t641sufYep],,35o58Gfmj3W9t641sufYep,The Jepettos,2601,3354,0,2026-07-18T20:45:22.974241+00:00,Spotify web-player queryArtistOverview,undocumented read-only web-client endpoint
The Jesus and Mary Chain [4rjlerN21ygkIhmUv55irs],,4rjlerN21ygkIhmUv55irs,The Jesus and Mary Chain,975001,578109,0,2026-07-18T20:45:22.974241+00:00,Spotify web-player queryArtistOverview,undocumented read-only web-client endpoint
The Jive Aces [3hR8kE1jAgMhut0Daw3EL2],,3hR8kE1jAgMhut0Daw3EL2,The Jive Aces,21825,11375,0,2026-07-18T20:45:22.974241+00:00,Spotify web-player queryArtistOverview,undocumented read-only web-client endpoint
The John Barry Seven [4vzILq98l9gZRA9K2SdaTE],,4vzILq98l9gZRA9K2SdaTE,John Barry Seven,6348,1091,0,2026-07-18T20:45:22.974241+00:00,Spotify web-player queryArtistOverview,undocumented read-only web-client endpoint
The John Barry Seven [6O9cIK0qYDPFnJlokZYJ7E],,4vzILq98l9gZRA9K2SdaTE,John Barry Seven,6348,1091,0,2026-07-18T20:45:22.974241+00:00,Spotify web-player queryArtistOverview,undocumented read-only web-client endpoint
The John Barry Seven [6muP1JE9xPgdVME6p9YXud],,2VtgYTJZonFeO3mBWFkKsZ,John Barry Seven & Orchestra,2950,484,0,2026-07-18T20:45:22.974241+00:00,Spotify web-player queryArtistOverview,undocumented read-only web-client endpoint
The John Barry Seven [7na85rPu9SP3GlFpy4JJKk],,4vzILq98l9gZRA9K2SdaTE,John Barry Seven,6348,1091,0,2026-07-18T20:45:22.974241+00:00,Spotify web-player queryArtistOverview,undocumented read-only web-client endpoint
The Joy Formidable [4LdZNE5MHGqvc0N9ivXNF3],,4LdZNE5MHGqvc0N9ivXNF3,The Joy Formidable,133646,130580,0,2026-07-18T20:45:22.974241+00:00,Spotify web-player queryArtistOverview,undocumented read-only web-client endpoint
The KLF [623YeFh2bNivR5ZxQcsjjP],,623YeFh2bNivR5ZxQcsjjP,The Justified Ancients of Mu Mu,16339,4892,0,2026-07-18T20:45:22.974241+00:00,Spotify web-player queryArtistOverview,undocumented read-only web-client endpoint
The KLF [6dYrdRlNZSKaVxYg5IrvCH],,6dYrdRlNZSKaVxYg5IrvCH,The KLF,343591,144352,0,2026-07-18T20:45:22.974241+00:00,Spotify web-player queryArtistOverview,undocumented read-only web-client endpoint
The KVB [0BzJFLqchxKNQyEwswwQ40],,0BzJFLqchxKNQyEwswwQ40,The KVB,113762,96849,0,2026-07-18T20:45:22.974241+00:00,Spotify web-player queryArtistOverview,undocumented read-only web-client endpoint
The Kane Gang [1S2wZg1HsTZaHGX5Xgw4tL],,1S2wZg1HsTZaHGX5Xgw4tL,The Kane Gang,24887,7090,0,2026-07-18T20:45:22.974241+00:00,Spotify web-player queryArtistOverview,undocumented read-only web-client endpoint
The Kinks [1SQRv42e4PjEYfPhS0Tk9E],,1SQRv42e4PjEYfPhS0Tk9E,The Kinks,7864488,2958309,0,2026-07-18T20:45:22.974241+00:00,Spotify web-player queryArtistOverview,undocumented read-only web-client endpoint
The Kooks [1GLtl8uqKmnyCWxHmw9tL4],,1GLtl8uqKmnyCWxHmw9tL4,The Kooks,6950019,2737101,0,2026-07-18T20:45:22.974241+00:00,Spotify web-player queryArtistOverview,undocumented read-only web-client endpoint
The La's [47Z8LEl3LnQkcpva0xSthT],,47Z8LEl3LnQkcpva0xSthT,The La's,5581915,320009,0,2026-07-18T20:45:22.974241+00:00,Spotify web-player queryArtistOverview,undocumented read-only web-client endpoint
The Last Shadow Puppets [2Z7UcsdweVlRbAk5wH5fsf],,2Z7UcsdweVlRbAk5wH5fsf,The Last Shadow Puppets,1305891,1251280,0,2026-07-18T20:45:22.974241+00:00,Spotify web-player queryArtistOverview,undocumented read-only web-client endpoint
The Latin Project [36icU1sHPxmhaLcvIGRozD],,36icU1sHPxmhaLcvIGRozD,The Latin Project,4286,1125,0,2026-07-18T20:45:22.974241+00:00,Spotify web-player queryArtistOverview,undocumented read-only web-client endpoint
The Legendary Pink Dots [55XX7sgmxtVFNJnHrQMXh5],,55XX7sgmxtVFNJnHrQMXh5,The Legendary Pink Dots,14238,49774,0,2026-07-18T20:45:22.974241+00:00,Spotify web-player queryArtistOverview,undocumented read-only web-client endpoint
The Libertines [4fSPtBgFPZzygkY6MehwQ7],,4fSPtBgFPZzygkY6MehwQ7,The Libertines,911120,943427,0,2026-07-18T20:45:22.974241+00:00,Spotify web-player queryArtistOverview,undocumented read-only web-client endpoint
The Lightning Seeds [67YNiSqhrx1P8oPvIIvbP5],,67YNiSqhrx1P8oPvIIvbP5,The Lightning Seeds,1037603,189073,0,2026-07-18T20:45:22.974241+00:00,Spotify web-player queryArtistOverview,undocumented read-only web-client endpoint
The London Session Orchestra [1tZ9833Gqbgv7ycIrPxsLm],,1tZ9833Gqbgv7ycIrPxsLm,London Session Orchestra,152953,1217,0,2026-07-18T20:45:22.974241+00:00,Spotify web-player queryArtistOverview,undocumented read-only web-client endpoint
The Longest Johns [5k979N1TnPncUyqlXlaRSv],,5k979N1TnPncUyqlXlaRSv,The Longest Johns,653167,272973,0,2026-07-18T20:45:22.974241+00:00,Spotify web-player queryArtistOverview,undocumented read-only web-client endpoint
The Lords of the New Church [5JEhWD9S2znCiQRiGj2OUk],,5JEhWD9S2znCiQRiGj2OUk,Lords Of The New Church,67975,65749,0,2026-07-18T20:45:22.974241+00:00,Spotify web-player queryArtistOverview,undocumented read-only web-client endpoint
The Lurkers [74eXcPVNOoTjuU17d1GBnE],,74eXcPVNOoTjuU17d1GBnE,The Lurkers,12650,22242,0,2026-07-18T20:45:22.974241+00:00,Spotify web-player queryArtistOverview,undocumented read-only web-client endpoint
The Maccabees [0vW8z9pZMGCcRtGPGtyqiB],,0vW8z9pZMGCcRtGPGtyqiB,The Maccabees,394513,379450,0,2026-07-18T20:45:22.974241+00:00,Spotify web-player queryArtistOverview,undocumented read-only web-client endpoint
The Maccabees [7if0ctjVhSCvyIDmTmbriv],,7if0ctjVhSCvyIDmTmbriv,Maccabees,220,553,0,2026-07-18T20:45:22.974241+00:00,Spotify web-player queryArtistOverview,undocumented read-only web-client endpoint
The Magic Gang [52pNByiBWx6SVMMqqcCA74],,52pNByiBWx6SVMMqqcCA74,The Magic Gang,68131,82851,0,2026-07-18T20:45:22.974241+00:00,Spotify web-player queryArtistOverview,undocumented read-only web-client endpoint
The Magic Numbers [0P2q6xyNc2hVFkG3ThjYcJ],,0P2q6xyNc2hVFkG3ThjYcJ,The Magic Numbers,160113,102124,0,2026-07-18T20:45:22.974241+00:00,Spotify web-player queryArtistOverview,undocumented read-only web-client endpoint
The Marmalade [1tttI1iC4FsS6BM5l38oe5],,1tttI1iC4FsS6BM5l38oe5,Marmalade,545335,89242,0,2026-07-18T20:45:22.974241+00:00,Spotify web-player queryArtistOverview,undocumented read-only web-client endpoint
The Mekons [1Ag6UM6dow2OH9V06mxzV5],,1Ag6UM6dow2OH9V06mxzV5,Mekons,40549,27778,0,2026-07-18T20:45:22.974241+00:00,Spotify web-player queryArtistOverview,undocumented read-only web-client endpoint
The Men That Will Not Be Blamed for Nothing [5KKEJKZo0CnjcFwjsRxNqd],,5KKEJKZo0CnjcFwjsRxNqd,The Men That Will Not Be Blamed For Nothing,4519,9809,0,2026-07-18T20:45:22.974241+00:00,Spotify web-player queryArtistOverview,undocumented read-only web-client endpoint
The Meteors [7a2sloQlmdKSmj3fwMMpg9],,7a2sloQlmdKSmj3fwMMpg9,The Meteors,63611,84863,0,2026-07-18T20:45:22.974241+00:00,Spotify web-player queryArtistOverview,undocumented read-only web-client endpoint
The Monochrome Set [6TR7TYiDiS5okigndyMIpK],,6TR7TYiDiS5okigndyMIpK,The Monochrome Set,20755,30798,0,2026-07-18T20:45:22.974241+00:00,Spotify web-player queryArtistOverview,undocumented read-only web-client endpoint
The Moody Blues [5BcZ22XONcRoLhTbZRuME1],,5BcZ22XONcRoLhTbZRuME1,The Moody Blues,2129836,1500809,0,2026-07-18T20:45:22.974241+00:00,Spotify web-player queryArtistOverview,undocumented read-only web-client endpoint
The Moons [1goEd0SslQvDbj9xAFwpyK],,1goEd0SslQvDbj9xAFwpyK,The Moons,1097,6041,0,2026-07-18T20:45:22.974241+00:00,Spotify web-player queryArtistOverview,undocumented read-only web-client endpoint
The Move [2BLpGstUHxDc6vHfBEiaXm],,2BLpGstUHxDc6vHfBEiaXm,The Move,60997,76938,0,2026-07-18T20:45:22.974241+00:00,Spotify web-player queryArtistOverview,undocumented read-only web-client endpoint
The Nashville Teens [5ZMLeokWf9ZKDStGUhokji],,5ZMLeokWf9ZKDStGUhokji,The Nashville Teens,25510,9467,0,2026-07-18T20:45:22.974241+00:00,Spotify web-player queryArtistOverview,undocumented read-only web-client endpoint
The New Blockaders [5tfrbrFAOwwGVFvQ4hAhom],,5tfrbrFAOwwGVFvQ4hAhom,The New Blockaders,81,898,0,2026-07-18T20:45:22.974241+00:00,Spotify web-player queryArtistOverview,undocumented read-only web-client endpoint
The New Seekers [4jrTNltJtTMUfXybDdsHDn],,4jrTNltJtTMUfXybDdsHDn,The New Seekers,294222,68961,0,2026-07-18T20:45:22.974241+00:00,Spotify web-player queryArtistOverview,undocumented read-only web-client endpoint
The Nolans [2H32fphWQj9hhVuCOKkchM],,2H32fphWQj9hhVuCOKkchM,The Nolans,217117,39473,0,2026-07-18T20:45:22.974241+00:00,Spotify web-player queryArtistOverview,undocumented read-only web-client endpoint
The Oozes [48VgYEfRllDfyLl4BEMVSF],,48VgYEfRllDfyLl4BEMVSF,The Oozes,295667,208913,0,2026-07-18T20:45:22.974241+00:00,Spotify web-player queryArtistOverview,undocumented read-only web-client endpoint
The Opening [1F8BHkAKiNE3tgVJwjuGvQ],,1F8BHkAKiNE3tgVJwjuGvQ,The Opening,16,11,0,2026-07-18T20:45:22.974241+00:00,Spotify web-player queryArtistOverview,undocumented read-only web-client endpoint
The Orb [5HAtRoEPUvGSA7ziTGB1cF],,5HAtRoEPUvGSA7ziTGB1cF,The Orb,260320,214298,0,2026-07-18T20:45:22.974241+00:00,Spotify web-player queryArtistOverview,undocumented read-only web-client endpoint
The Ordinary Boys [2xPxXPgmZFs7x6xRFpHwkq],,2xPxXPgmZFs7x6xRFpHwkq,The Ordinary Boys,101724,31701,0,2026-07-18T20:45:22.974241+00:00,Spotify web-player queryArtistOverview,undocumented read-only web-client endpoint
The Outfield [1zxDewzd2j1ZdSBGaYcr0y],,1zxDewzd2j1ZdSBGaYcr0y,The Outfield,17941634,893650,0,2026-07-18T20:45:22.974241+00:00,Spotify web-player queryArtistOverview,undocumented read-only web-client endpoint
The Overtones [6dXTZkBBwA1WOLD6OSuA0x],,6dXTZkBBwA1WOLD6OSuA0x,The Overtones,101723,48910,0,2026-07-18T20:45:22.974241+00:00,Spotify web-player queryArtistOverview,undocumented read-only web-client endpoint
The Peth [3roekcFqjPCe8lyesW2oA5],,3roekcFqjPCe8lyesW2oA5,The Peth,73,314,0,2026-07-18T20:45:22.974241+00:00,Spotify web-player queryArtistOverview,undocumented read-only web-client endpoint
The Physics House Band [30EilmonVXftR1pWoALezP],,30EilmonVXftR1pWoALezP,The Physics House Band,10252,31739,0,2026-07-18T20:45:22.974241+00:00,Spotify web-player queryArtistOverview,undocumented read-only web-client endpoint
The Pigeon Detectives [7FPkZue0zzjHaOPJb4WCw3],,7FPkZue0zzjHaOPJb4WCw3,The Pigeon Detectives,184605,214476,0,2026-07-18T20:45:22.974241+00:00,Spotify web-player queryArtistOverview,undocumented read-only web-client endpoint
The Pineapple Thief [4lrBMUSk8PiNnCEZfsmPAk],,4lrBMUSk8PiNnCEZfsmPAk,The Pineapple Thief,130128,173374,0,2026-07-18T20:45:22.974241+00:00,Spotify web-player queryArtistOverview,undocumented read-only web-client endpoint
The Pocket Gods [2b1d97CxeIjz2phOfRVPpd],,2b1d97CxeIjz2phOfRVPpd,The Pocket Gods,1437,2216,0,2026-07-18T20:45:22.974241+00:00,Spotify web-player queryArtistOverview,undocumented read-only web-client endpoint
The Police [5NGO30tJxFlKixkPSgXcFE],,5NGO30tJxFlKixkPSgXcFE,The Police,39887109,8458469,121,2026-07-18T20:45:22.974241+00:00,Spotify web-player queryArtistOverview,undocumented read-only web-client endpoint
The Poozies [2gEOvE3BbRpsiKmzNN81P5],,2gEOvE3BbRpsiKmzNN81P5,The Poozies,2330,2651,0,2026-07-18T20:45:22.974241+00:00,Spotify web-player queryArtistOverview,undocumented read-only web-client endpoint
The Pop Group [3fBmq4xVcd346QvErp6fko],,3fBmq4xVcd346QvErp6fko,The Pop Group,12022,34565,0,2026-07-18T20:45:22.974241+00:00,Spotify web-player queryArtistOverview,undocumented read-only web-client endpoint
The Pretenders [0GByy3DcfbQwDvXGCWmzv9],,0GByy3DcfbQwDvXGCWmzv9,Pretenders,6044974,1771319,0,2026-07-18T20:45:22.974241+00:00,Spotify web-player queryArtistOverview,undocumented read-only web-client endpoint
The Pretty Things [5U16QlMnlSAhkQxBZpLyLO],,5U16QlMnlSAhkQxBZpLyLO,The Pretty Things,110197,132774,0,2026-07-18T20:45:22.974241+00:00,Spotify web-player queryArtistOverview,undocumented read-only web-client endpoint
The Priests [4r4Gk6oEMIz28ubBaE9vZX],,4r4Gk6oEMIz28ubBaE9vZX,The Priests,23364,11396,0,2026-07-18T20:45:22.974241+00:00,Spotify web-player queryArtistOverview,undocumented read-only web-client endpoint
The Proclaimers [1A92IAcd7A6npCA33oGM5i],,1A92IAcd7A6npCA33oGM5i,The Proclaimers,8100195,438174,0,2026-07-18T20:45:22.974241+00:00,Spotify web-player queryArtistOverview,undocumented read-only web-client endpoint
The Prodigy [4k1ELeJKT1ISyDv8JivPpB],,4k1ELeJKT1ISyDv8JivPpB,The Prodigy,5031555,3074898,0,2026-07-18T20:45:22.974241+00:00,Spotify web-player queryArtistOverview,undocumented read-only web-client endpoint
The Prototypes [7F6nxkPQrlh4qWDetjgnpX],,7F6nxkPQrlh4qWDetjgnpX,The Prototypes,151701,72867,0,2026-07-18T20:45:22.974241+00:00,Spotify web-player queryArtistOverview,undocumented read-only web-client endpoint
The Psychedelic Furs [0O0lrN34wrcuBenkqlEDZe],,0O0lrN34wrcuBenkqlEDZe,The Psychedelic Furs,1846381,722130,0,2026-07-18T20:45:22.974241+00:00,Spotify web-player queryArtistOverview,undocumented read-only web-client endpoint
The Puppini Sisters [1svaANJTE5KrG16fTGDqOs],,1svaANJTE5KrG16fTGDqOs,The Puppini Sisters,40797,69632,0,2026-07-18T20:45:22.974241+00:00,Spotify web-player queryArtistOverview,undocumented read-only web-client endpoint
The Qemists [2McLd7klWE4UjkPLqqMwLv],,2McLd7klWE4UjkPLqqMwLv,The Qemists,184241,105080,0,2026-07-18T20:45:22.974241+00:00,Spotify web-player queryArtistOverview,undocumented read-only web-client endpoint
The Quireboys [0d49iRrp4iVZggKbcpxnqI],,0d49iRrp4iVZggKbcpxnqI,The Quireboys,92662,63481,0,2026-07-18T20:45:22.974241+00:00,Spotify web-player queryArtistOverview,undocumented read-only web-client endpoint
The Raincoats [4t7bXPFEPe0pu1ozhdDLOp],,4t7bXPFEPe0pu1ozhdDLOp,The Raincoats,59262,110415,0,2026-07-18T20:45:22.974241+00:00,Spotify web-player queryArtistOverview,undocumented read-only web-client endpoint
The Rakes [7mDQwcnDUGuSoggxbUtVc1],,7mDQwcnDUGuSoggxbUtVc1,The Rakes,38909,55169,0,2026-07-18T20:45:22.974241+00:00,Spotify web-player queryArtistOverview,undocumented read-only web-client endpoint
The Raven Age [1Ia5iTYHMBsMQfi7Fbcbuw],,1Ia5iTYHMBsMQfi7Fbcbuw,The Raven Age,110546,102743,0,2026-07-18T20:45:22.974241+00:00,Spotify web-player queryArtistOverview,undocumented read-only web-client endpoint
The Real Thing [1NUD5By34MFynmuUynCfSj],,1NUD5By34MFynmuUynCfSj,The Real Thing,1425692,112151,0,2026-07-18T20:45:22.974241+00:00,Spotify web-player queryArtistOverview,undocumented read-only web-client endpoint
The Real Tuesday Weld [12KsgeavNVg66cW2frw3j2],,12KsgeavNVg66cW2frw3j2,The Real Tuesday Weld,334907,34267,0,2026-07-18T20:45:22.974241+00:00,Spotify web-player queryArtistOverview,undocumented read-only web-client endpoint
The Rezillos [0nbaBQTlGxUPLQ07N7onwv],,0nbaBQTlGxUPLQ07N7onwv,The Rezillos,96370,63677,0,2026-07-18T20:45:22.974241+00:00,Spotify web-player queryArtistOverview,undocumented read-only web-client endpoint
The Rifles [3Sr1muUE6DYihFufoHpnfc],,3Sr1muUE6DYihFufoHpnfc,The Rifles,42702,74510,0,2026-07-18T20:45:22.974241+00:00,Spotify web-player queryArtistOverview,undocumented read-only web-client endpoint
The Rolling Stones [22bE4uQ6baNwSHPVcDxLCe],,22bE4uQ6baNwSHPVcDxLCe,The Rolling Stones,30690194,16651560,204,2026-07-18T20:45:22.974241+00:00,Spotify web-player queryArtistOverview,undocumented read-only web-client endpoint
The Rumble Strips [2LrQtNcBWufq2AjaM6swf7],,2LrQtNcBWufq2AjaM6swf7,The Rumble Strips,85506,17312,0,2026-07-18T20:45:22.974241+00:00,Spotify web-player queryArtistOverview,undocumented read-only web-client endpoint
The Rusty Tubs [6wPET8UyFQRnk001STnZap],,6wPET8UyFQRnk001STnZap,The Rusty Tubs,193,272,0,2026-07-18T20:45:22.974241+00:00,Spotify web-player queryArtistOverview,undocumented read-only web-client endpoint
The Safety Fire [0IbaScpUWE6Wboz4o6X7xG],,0IbaScpUWE6Wboz4o6X7xG,The Safety Fire,4331,28108,0,2026-07-18T20:45:22.974241+00:00,Spotify web-player queryArtistOverview,undocumented read-only web-client endpoint
The Saturdays [15qI5w4XJFLRMwOp2VrlD5],,15qI5w4XJFLRMwOp2VrlD5,The Saturdays,701836,736766,0,2026-07-18T20:45:22.974241+00:00,Spotify web-player queryArtistOverview,undocumented read-only web-client endpoint
The School [1C4F7PHDaEkp5ZL1rkkmrE],,1C4F7PHDaEkp5ZL1rkkmrE,The School,5599,7462,0,2026-07-18T20:45:22.974241+00:00,Spotify web-player queryArtistOverview,undocumented read-only web-client endpoint
The Scooters [3uyiNR4wvu1mn7UR2dHJA3],,3uyiNR4wvu1mn7UR2dHJA3,The Scooters,109,213,0,2026-07-18T20:45:22.974241+00:00,Spotify web-player queryArtistOverview,undocumented read-only web-client endpoint
The Screaming Blue Messiahs [0NThbe2SzQCuKcsMTIujKS],,0NThbe2SzQCuKcsMTIujKS,The Screaming Blue Messiahs,8656,5659,0,2026-07-18T20:45:22.974241+00:00,Spotify web-player queryArtistOverview,undocumented read-only web-client endpoint
The Seahorses [3mbVe260Kgvs1P8YFcCyY7],,3mbVe260Kgvs1P8YFcCyY7,The Seahorses,173184,134499,0,2026-07-18T20:45:22.974241+00:00,Spotify web-player queryArtistOverview,undocumented read-only web-client endpoint
The Searchers [4QmkLL9JOqM9dusHS1Hghe],,4QmkLL9JOqM9dusHS1Hghe,The Searchers,355906,216702,0,2026-07-18T20:45:22.974241+00:00,Spotify web-player queryArtistOverview,undocumented read-only web-client endpoint
The Selecter [3wRksusBxJ6npu0PryYheF],,3wRksusBxJ6npu0PryYheF,The Selecter,147657,144513,0,2026-07-18T20:45:22.974241+00:00,Spotify web-player queryArtistOverview,undocumented read-only web-client endpoint
The Shadows [03hfAxVdAWj7kxDnSG0fLD],,03hfAxVdAWj7kxDnSG0fLD,The Shadows,463312,265554,0,2026-07-18T20:45:22.974241+00:00,Spotify web-player queryArtistOverview,undocumented read-only web-client endpoint
The Shamen [5E704N5StxMVKpalhaJ5L3],,5E704N5StxMVKpalhaJ5L3,The Shamen,295405,81056,0,2026-07-18T20:45:22.974241+00:00,Spotify web-player queryArtistOverview,undocumented read-only web-client endpoint
The Shapeshifters [60FV7KyxIH9FH1uq7u8inP],,60FV7KyxIH9FH1uq7u8inP,The Shapeshifters,2179710,99295,0,2026-07-18T20:45:22.974241+00:00,Spotify web-player queryArtistOverview,undocumented read-only web-client endpoint
The Sick Livers [2F3USKG6LsRFFint04dCof],,2F3USKG6LsRFFint04dCof,The Sick Livers,123,140,0,2026-07-18T20:45:22.974241+00:00,Spotify web-player queryArtistOverview,undocumented read-only web-client endpoint
The Sisters of Mercy [4HxBVyHaUa60eCSsJWxwWR],,4HxBVyHaUa60eCSsJWxwWR,Sisters of Mercy,994856,771147,0,2026-07-18T20:45:22.974241+00:00,Spotify web-player queryArtistOverview,undocumented read-only web-client endpoint
The Sixteen [5y9NnD1AZPcBVbDluRgiXS],,5y9NnD1AZPcBVbDluRgiXS,The Sixteen,99721,36066,0,2026-07-18T20:45:22.974241+00:00,Spotify web-player queryArtistOverview,undocumented read-only web-client endpoint
The Skallions [0UYh7Z1VvXn8iBkjsJ9x5g],,0UYh7Z1VvXn8iBkjsJ9x5g,The Skallions,238,556,0,2026-07-18T20:45:22.974241+00:00,Spotify web-player queryArtistOverview,undocumented read-only web-client endpoint
The Slits [5O0RrEgz4NLCPLrDZiPggz],,5O0RrEgz4NLCPLrDZiPggz,The Slits,164826,155815,0,2026-07-18T20:45:22.974241+00:00,Spotify web-player queryArtistOverview,undocumented read-only web-client endpoint
The Slow Show [696uMzB97pg2uqfzmK3MvO],,696uMzB97pg2uqfzmK3MvO,The Slow Show,87963,43986,0,2026-07-18T20:45:22.974241+00:00,Spotify web-player queryArtistOverview,undocumented read-only web-client endpoint
The Smiths [3yY2gUcIsjMr8hjo51PoJ8],,3yY2gUcIsjMr8hjo51PoJ8,The Smiths,22515532,8767855,367,2026-07-18T20:45:22.974241+00:00,Spotify web-player queryArtistOverview,undocumented read-only web-client endpoint
The Smoke [5ZAJk1ODdFHQo9yG0lDV18],,5ZAJk1ODdFHQo9yG0lDV18,The Smoke,25953,22589,0,2026-07-18T20:45:22.974241+00:00,Spotify web-player queryArtistOverview,undocumented read-only web-client endpoint
The Snap Elect [1jKChEfwd7IjjXTZioAe43],,1jKChEfwd7IjjXTZioAe43,The Snap Elect,1,17,0,2026-07-18T20:45:22.974241+00:00,Spotify web-player queryArtistOverview,undocumented read-only web-client endpoint
The Soft Boys [046wtejcUX9rhlzw2nlveT],,046wtejcUX9rhlzw2nlveT,The Soft Boys,23628,44607,0,2026-07-18T20:45:22.974241+00:00,Spotify web-player queryArtistOverview,undocumented read-only web-client endpoint
The Soulless [4UJzNF5FbeXw2wMFC4rEWU],,4UJzNF5FbeXw2wMFC4rEWU,The Soulless,214,1111,0,2026-07-18T20:45:22.974241+00:00,Spotify web-player queryArtistOverview,undocumented read-only web-client endpoint
The Sound [4hzCcF4Leos2sKnz79nwhz],,4hzCcF4Leos2sKnz79nwhz,The Sound,207467,119926,0,2026-07-18T20:45:22.974241+00:00,Spotify web-player queryArtistOverview,undocumented read-only web-client endpoint
The Soup Dragons [5BEYGWk6aPdNXxBx9pwU8S],,5BEYGWk6aPdNXxBx9pwU8S,The Soup Dragons,171856,50553,0,2026-07-18T20:45:22.974241+00:00,Spotify web-player queryArtistOverview,undocumented read-only web-client endpoint
The Southlanders [3IbYvqd9wkICpXlkuej1eO],,3IbYvqd9wkICpXlkuej1eO,The Southlanders,798,437,0,2026-07-18T20:45:22.974241+00:00,Spotify web-player queryArtistOverview,undocumented read-only web-client endpoint
The Specials [6xnvNmSzmeOE1bLKnYXKW3],,6xnvNmSzmeOE1bLKnYXKW3,The Specials,1432373,741585,0,2026-07-18T20:45:22.974241+00:00,Spotify web-player queryArtistOverview,undocumented read-only web-client endpoint
The Spencer Davis Group [3i9hP422d2KMjaupTzBNVS],,3i9hP422d2KMjaupTzBNVS,The Spencer Davis Group,1087690,317136,0,2026-07-18T20:45:22.974241+00:00,Spotify web-player queryArtistOverview,undocumented read-only web-client endpoint
The Springfields [4kwCLM6VuDfkyWAyn9xFlq],,4kwCLM6VuDfkyWAyn9xFlq,The Springfields,7028,3942,0,2026-07-18T20:45:22.974241+00:00,Spotify web-player queryArtistOverview,undocumented read-only web-client endpoint
The Stairs [3c9WiTYoaYuh7uLQgdSixn],,3c9WiTYoaYuh7uLQgdSixn,The Stairs,1530,2481,0,2026-07-18T20:45:22.974241+00:00,Spotify web-player queryArtistOverview,undocumented read-only web-client endpoint
The Staves [5G49Sq5mMzAkGL4ZP6eVPY],,5G49Sq5mMzAkGL4ZP6eVPY,The Staves,540680,235928,0,2026-07-18T20:45:22.974241+00:00,Spotify web-player queryArtistOverview,undocumented read-only web-client endpoint
The Step Music [1nZk8EEonvTctn11yGozzp],,1nZk8EEonvTctn11yGozzp,The Step,142,35,0,2026-07-18T20:45:22.974241+00:00,Spotify web-player queryArtistOverview,undocumented read-only web-client endpoint
The Stone Roses [1lYT0A0LV5DUfxr6doRP3d],,1lYT0A0LV5DUfxr6doRP3d,The Stone Roses,3488308,1863145,0,2026-07-18T20:45:22.974241+00:00,Spotify web-player queryArtistOverview,undocumented read-only web-client endpoint
The Stranglers [0RUEHcBiENFEqxgicqS2ig],,0RUEHcBiENFEqxgicqS2ig,The Stranglers,9836875,862339,0,2026-07-18T20:45:22.974241+00:00,Spotify web-player queryArtistOverview,undocumented read-only web-client endpoint
The Straps [1e5cI3Ef1LwxyYt0n7QYa2],,1e5cI3Ef1LwxyYt0n7QYa2,The Straps,76,410,0,2026-07-18T20:45:22.974241+00:00,Spotify web-player queryArtistOverview,undocumented read-only web-client endpoint
The Streets [4GvOygVQquMaPm8oAc0vXi],,4GvOygVQquMaPm8oAc0vXi,The Streets,1675316,601898,0,2026-07-18T20:45:22.974241+00:00,Spotify web-player queryArtistOverview,undocumented read-only web-client endpoint
The Struts [3lDpdwM8KILepMHqBWUhIA],,3lDpdwM8KILepMHqBWUhIA,The Struts,2895181,468353,0,2026-07-18T20:45:22.974241+00:00,Spotify web-player queryArtistOverview,undocumented read-only web-client endpoint
The Style Council [3loflELg7MzgrOyNqERolN],,3loflELg7MzgrOyNqERolN,The Style Council,626814,368853,0,2026-07-18T20:45:22.974241+00:00,Spotify web-player queryArtistOverview,undocumented read-only web-client endpoint
The Subways [4BntNFyiN3VGG4hhRRZt9d],,4BntNFyiN3VGG4hhRRZt9d,The Subways,467832,220739,0,2026-07-18T20:45:22.974241+00:00,Spotify web-player queryArtistOverview,undocumented read-only web-client endpoint
The Sundays [4nlqDmbzFzbNITaqjJv7D7],,4nlqDmbzFzbNITaqjJv7D7,The Sundays,3421091,684291,0,2026-07-18T20:45:22.974241+00:00,Spotify web-player queryArtistOverview,undocumented read-only web-client endpoint
The Supernaturals [12mJ3cmu4esPp9L3CYMQhd],,12mJ3cmu4esPp9L3CYMQhd,The Supernaturals,18437,13690,0,2026-07-18T20:45:22.974241+00:00,Spotify web-player queryArtistOverview,undocumented read-only web-client endpoint
The Surgery [4IyiGOdoBVz5jKmE4xjT4S],,4IyiGOdoBVz5jKmE4xjT4S,The Surgery,25,103,0,2026-07-18T20:45:22.974241+00:00,Spotify web-player queryArtistOverview,undocumented read-only web-client endpoint
The Sweet [3JaAGmSTpJK35DqWrDUzBz],,3JaAGmSTpJK35DqWrDUzBz,Sweet,2128725,555143,0,2026-07-18T20:45:22.974241+00:00,Spotify web-player queryArtistOverview,undocumented read-only web-client endpoint
The Sweet [64JgVJdkSDXU6AEJUOnspK],,64JgVJdkSDXU6AEJUOnspK,The Sweet,36967,11359,0,2026-07-18T20:45:22.974241+00:00,Spotify web-player queryArtistOverview,undocumented read-only web-client endpoint
The Swinging Blue Jeans [5gNduPlUGHsgy1w7f71obH],,5gNduPlUGHsgy1w7f71obH,The Swinging Blue Jeans,161534,71064,0,2026-07-18T20:45:22.974241+00:00,Spotify web-player queryArtistOverview,undocumented read-only web-client endpoint
The Tangent [2DefJEtso8VshihzHW0gh1],,2DefJEtso8VshihzHW0gh1,The Tangent,2101,16838,0,2026-07-18T20:45:22.974241+00:00,Spotify web-player queryArtistOverview,undocumented read-only web-client endpoint
The Temperance Movement [3SUI6pbPumjijbLHHY6vss],,3SUI6pbPumjijbLHHY6vss,The Temperance Movement,223097,80272,0,2026-07-18T20:45:22.974241+00:00,Spotify web-player queryArtistOverview,undocumented read-only web-client endpoint
The Thought Criminals [1K9zjxC6KTRDfofY0jjBso],,1K9zjxC6KTRDfofY0jjBso,The Thought Criminals,42,132,0,2026-07-18T20:45:22.974241+00:00,Spotify web-player queryArtistOverview,undocumented read-only web-client endpoint
The Tiger Lillies [72o2T9aqYR2PFNYpzYrMmw],,72o2T9aqYR2PFNYpzYrMmw,The Tiger Lillies,30200,68137,0,2026-07-18T20:45:22.974241+00:00,Spotify web-player queryArtistOverview,undocumented read-only web-client endpoint
The Ting Tings [2wvUfjKGoXvcnDHq7GgMOa],,2wvUfjKGoXvcnDHq7GgMOa,The Ting Tings,1233876,445083,0,2026-07-18T20:45:22.974241+00:00,Spotify web-player queryArtistOverview,undocumented read-only web-client endpoint
The Trash Can Sinatras [0i2IEcWvtHUBYPkYWwCgjC],,0i2IEcWvtHUBYPkYWwCgjC,Trashcan Sinatras,46209,26676,0,2026-07-18T20:45:22.974241+00:00,Spotify web-player queryArtistOverview,undocumented read-only web-client endpoint
The Tremeloes [2VL8sLEJ6lHEwocjc1pN9w],,2VL8sLEJ6lHEwocjc1pN9w,The Tremeloes,239363,158758,0,2026-07-18T20:45:22.974241+00:00,Spotify web-player queryArtistOverview,undocumented read-only web-client endpoint
The Trevor Horn Band [27666UzXcYSHcIyIhr2c2G],,27666UzXcYSHcIyIhr2c2G,Producers,117,446,0,2026-07-18T20:45:22.974241+00:00,Spotify web-player queryArtistOverview,undocumented read-only web-client endpoint
The Troggs [57xdnSVt4ahJCIXYLieQ25],,57xdnSVt4ahJCIXYLieQ25,The Troggs,883780,337104,0,2026-07-18T20:45:22.974241+00:00,Spotify web-player queryArtistOverview,undocumented read-only web-client endpoint
The Trudy [2OIo9wttPZU777MHXusDLW],,2OIo9wttPZU777MHXusDLW,The Trudy,164,253,0,2026-07-18T20:45:22.974241+00:00,Spotify web-player queryArtistOverview,undocumented read-only web-client endpoint
The Tuts [034JSYadRJsXRgY61c7HSq],,034JSYadRJsXRgY61c7HSq,The Tuts,2358,9838,0,2026-07-18T20:45:22.974241+00:00,Spotify web-player queryArtistOverview,undocumented read-only web-client endpoint
The Twilight Sad [6e6GkaF6uiSEFuTrlvDJUF],,6e6GkaF6uiSEFuTrlvDJUF,The Twilight Sad,199417,116543,0,2026-07-18T20:45:22.974241+00:00,Spotify web-player queryArtistOverview,undocumented read-only web-client endpoint
The Uncharted [47VJ1MmvSfdtd9mQhScqTZ],,47VJ1MmvSfdtd9mQhScqTZ,The Uncharted,648,2611,0,2026-07-18T20:45:22.974241+00:00,Spotify web-player queryArtistOverview,undocumented read-only web-client endpoint
The Undertones [2WRStKp4ihGVUzlzWfv1Qt],,2WRStKp4ihGVUzlzWfv1Qt,The Undertones,562915,274928,0,2026-07-18T20:45:22.974241+00:00,Spotify web-player queryArtistOverview,undocumented read-only web-client endpoint
The Vaccines [0Ak6DLKHtpR6TEEnmcorKA],,0Ak6DLKHtpR6TEEnmcorKA,The Vaccines,1042137,807443,0,2026-07-18T20:45:22.974241+00:00,Spotify web-player queryArtistOverview,undocumented read-only web-client endpoint
The Vamps [7gAppWoH7pcYmphCVTXkzs],,7gAppWoH7pcYmphCVTXkzs,The Vamps,6167219,5952843,0,2026-07-18T20:45:22.974241+00:00,Spotify web-player queryArtistOverview,undocumented read-only web-client endpoint
The Vapors [4K3NWDwBIxgktui14SccR2],,4K3NWDwBIxgktui14SccR2,The Vapors,284360,63462,0,2026-07-18T20:45:22.974241+00:00,Spotify web-player queryArtistOverview,undocumented read-only web-client endpoint
The Vaselines [4wWQkHhmUNlXvhbHRUSqZW],,4wWQkHhmUNlXvhbHRUSqZW,The Vaselines,94006,95866,0,2026-07-18T20:45:22.974241+00:00,Spotify web-player queryArtistOverview,undocumented read-only web-client endpoint
The Verve [2cGwlqi3k18jFpUyTrsR84],,2cGwlqi3k18jFpUyTrsR84,The Verve,16374768,3001478,0,2026-07-18T20:45:22.974241+00:00,Spotify web-player queryArtistOverview,undocumented read-only web-client endpoint
The Vibrators [0DkpQq8B7ZAKebZEjlzVmd],,0DkpQq8B7ZAKebZEjlzVmd,The Vibrators,46560,75847,0,2026-07-18T20:45:22.974241+00:00,Spotify web-player queryArtistOverview,undocumented read-only web-client endpoint
The View [1fy3AQc7grjf5LnCd7snSg],,1fy3AQc7grjf5LnCd7snSg,The View,195510,156449,0,2026-07-18T20:45:22.974241+00:00,Spotify web-player queryArtistOverview,undocumented read-only web-client endpoint
The Wake [39aYm70XPfUpkMIKSfeeig],,39aYm70XPfUpkMIKSfeeig,The Wake,34392,26671,0,2026-07-18T20:45:22.974241+00:00,Spotify web-player queryArtistOverview,undocumented read-only web-client endpoint
The Wanted [2NhdGz9EDv2FeUw6udu2g1],,2NhdGz9EDv2FeUw6udu2g1,The Wanted,7143333,2480552,0,2026-07-18T20:45:22.974241+00:00,Spotify web-player queryArtistOverview,undocumented read-only web-client endpoint
The Wasteland Wailers [4BZshM1flCiaS95CxQ7I9y],,4BZshM1flCiaS95CxQ7I9y,The Wasteland Wailers,1212,3491,0,2026-07-18T20:45:22.974241+00:00,Spotify web-player queryArtistOverview,undocumented read-only web-client endpoint
The Waterboys [5TnuP42pw475UrjjeabtwZ],,5TnuP42pw475UrjjeabtwZ,The Waterboys,2670888,371425,0,2026-07-18T20:45:22.974241+00:00,Spotify web-player queryArtistOverview,undocumented read-only web-client endpoint
The Wedding Present [4tyCvqG48h4LdcbFfWBjR9],,4tyCvqG48h4LdcbFfWBjR9,The Wedding Present,45749,65575,0,2026-07-18T20:45:22.974241+00:00,Spotify web-player queryArtistOverview,undocumented read-only web-client endpoint
The Whip [4M2H1fDQR5ygAi7MMOVxAA],,4M2H1fDQR5ygAi7MMOVxAA,The Whip,54058,29678,0,2026-07-18T20:45:22.974241+00:00,Spotify web-player queryArtistOverview,undocumented read-only web-client endpoint
The Who [67ea9eGLXYMsO2eYQRui3w],,67ea9eGLXYMsO2eYQRui3w,The Who,8659112,6100346,0,2026-07-18T20:45:22.974241+00:00,Spotify web-player queryArtistOverview,undocumented read-only web-client endpoint
The Wild Swans [63yEaRONzlJVu1ozymo4Fk],,63yEaRONzlJVu1ozymo4Fk,The Wild Swans,34532,17544,0,2026-07-18T20:45:22.974241+00:00,Spotify web-player queryArtistOverview,undocumented read-only web-client endpoint
The Wildhearts [6bz0ztmnpeofmoFksV3DqL],,6bz0ztmnpeofmoFksV3DqL,The Wildhearts,25540,40815,0,2026-07-18T20:45:22.974241+00:00,Spotify web-player queryArtistOverview,undocumented read-only web-client endpoint
The Wombats [0Ya43ZKWHTKkAbkoJJkwIB],,0Ya43ZKWHTKkAbkoJJkwIB,The Wombats,2884656,1143548,0,2026-07-18T20:45:22.974241+00:00,Spotify web-player queryArtistOverview,undocumented read-only web-client endpoint
The Wonder Stuff [0Uo1d5A6BR1I155GlD9WYo],,0Uo1d5A6BR1I155GlD9WYo,The Wonder Stuff,98365,74322,0,2026-07-18T20:45:22.974241+00:00,Spotify web-player queryArtistOverview,undocumented read-only web-client endpoint
The Wren Orchestra [0M3wlDtU8G7RXQbACK2xns],,0M3wlDtU8G7RXQbACK2xns,The Wren Orchestra,3538,134,0,2026-07-18T20:45:22.974241+00:00,Spotify web-player queryArtistOverview,undocumented read-only web-client endpoint
The Wren Orchestra [6rP0ucEtuRHEe4WVDnNn1v],,6rP0ucEtuRHEe4WVDnNn1v,"Wren Orchestra, The",75,4,0,2026-07-18T20:45:22.974241+00:00,Spotify web-player queryArtistOverview,undocumented read-only web-client endpoint
The Wurzels [3MOw1ev3YQ8liIGmHT3eH6],,3MOw1ev3YQ8liIGmHT3eH6,The Wurzels,101561,29929,0,2026-07-18T20:45:22.974241+00:00,Spotify web-player queryArtistOverview,undocumented read-only web-client endpoint
The Wytches [46cDW79OcUXlCbYPj7Ds5L],,46cDW79OcUXlCbYPj7Ds5L,The Wytches,26774,52002,0,2026-07-18T20:45:22.974241+00:00,Spotify web-player queryArtistOverview,undocumented read-only web-client endpoint
The Yardbirds [2lxX1ivRYp26soIavdG9bX],,2lxX1ivRYp26soIavdG9bX,The Yardbirds,543254,1006505,0,2026-07-18T20:45:22.974241+00:00,Spotify web-player queryArtistOverview,undocumented read-only web-client endpoint
The Yobs [1nR80bBZou9i7dRwqCVeLf],,1nR80bBZou9i7dRwqCVeLf,The Yobs,315,879,0,2026-07-18T20:45:22.974241+00:00,Spotify web-player queryArtistOverview,undocumented read-only web-client endpoint
The Yogscast [2kQ4uyd7WPQI9xcmeZbI0G],,2kQ4uyd7WPQI9xcmeZbI0G,The Yogscast,96738,44957,0,2026-07-18T20:45:22.974241+00:00,Spotify web-player queryArtistOverview,undocumented read-only web-client endpoint
The Zephyrs [6Udc8hvR7KHrO9AoblN2IV],,6Udc8hvR7KHrO9AoblN2IV,The Zephyrs,438,1192,0,2026-07-18T20:45:22.974241+00:00,Spotify web-player queryArtistOverview,undocumented read-only web-client endpoint
The Zombies [2jgPkn6LuUazBoBk6vvjh5],,2jgPkn6LuUazBoBk6vvjh5,The Zombies,5025277,1164571,0,2026-07-18T20:45:22.974241+00:00,Spotify web-player queryArtistOverview,undocumented read-only web-client endpoint
The Zutons [2qV7axHq9Jk7QqFcB3f05A],,2qV7axHq9Jk7QqFcB3f05A,The Zutons,254373,160719,0,2026-07-18T20:45:22.974241+00:00,Spotify web-player queryArtistOverview,undocumented read-only web-client endpoint
The xx [3iOvXCl6edW5Um0fXEBRXy],,3iOvXCl6edW5Um0fXEBRXy,The xx,5459918,3911861,0,2026-07-18T20:45:22.974241+00:00,Spotify web-player queryArtistOverview,undocumented read-only web-client endpoint
Them [5BaHqGtf6UAZnHfqdPaTDA],,5BaHqGtf6UAZnHfqdPaTDA,Them,598923,155177,0,2026-07-18T20:45:22.974241+00:00,Spotify web-player queryArtistOverview,undocumented read-only web-client endpoint
Thenewno2 [1UcjNf3XC72W7f34wc2Xzl],,1UcjNf3XC72W7f34wc2Xzl,thenewno2,7047,8380,0,2026-07-18T20:45:22.974241+00:00,Spotify web-player queryArtistOverview,undocumented read-only web-client endpoint
Therapy? [3MomZRiJwdZmYnysgtF4Ey],,3MomZRiJwdZmYnysgtF4Ey,Therapy?,175573,123041,0,2026-07-18T20:45:22.974241+00:00,Spotify web-player queryArtistOverview,undocumented read-only web-client endpoint
These Animal Men [7EvHlnAU8rIQ9v1cilzh5P],,7EvHlnAU8rIQ9v1cilzh5P,These Animal Men,1586,3756,0,2026-07-18T20:45:22.974241+00:00,Spotify web-player queryArtistOverview,undocumented read-only web-client endpoint
Third Party [2J80qXI4NHKpq5RT3xUF7V],,2J80qXI4NHKpq5RT3xUF7V,Third Party,2971418,151080,0,2026-07-18T20:45:22.974241+00:00,Spotify web-player queryArtistOverview,undocumented read-only web-client endpoint
This Heat [2wXUKlYvdBHn2MNeRKgG6W],,2wXUKlYvdBHn2MNeRKgG6W,This Heat,18144,45149,0,2026-07-18T20:45:22.974241+00:00,Spotify web-player queryArtistOverview,undocumented read-only web-client endpoint
This Is The Kit [0ZUyFEafMwocvApBjTXvdo],,0ZUyFEafMwocvApBjTXvdo,This Is The Kit,229902,129605,0,2026-07-18T20:45:22.974241+00:00,Spotify web-player queryArtistOverview,undocumented read-only web-client endpoint
This Mortal Coil [5OK8j1JnhoBlivN32G7yOO],,5OK8j1JnhoBlivN32G7yOO,This Mortal Coil,236565,200368,0,2026-07-18T20:45:22.974241+00:00,Spotify web-player queryArtistOverview,undocumented read-only web-client endpoint
This Town Needs Guns [5TUa95aB5Vu2CzwCnZd6t0],,5TUa95aB5Vu2CzwCnZd6t0,TTNG,88106,131854,0,2026-07-18T20:45:22.974241+00:00,Spotify web-player queryArtistOverview,undocumented read-only web-client endpoint
Thompson Twins [5jVeqi3PNaTOajfvBa4uFn],,5jVeqi3PNaTOajfvBa4uFn,Thompson Twins,2069490,750750,0,2026-07-18T20:45:22.974241+00:00,Spotify web-player queryArtistOverview,undocumented read-only web-client endpoint
Those Damn Crows [3VdnwWd3i9OOT0CzbzRZj7],,3VdnwWd3i9OOT0CzbzRZj7,Those Damn Crows,142422,48598,0,2026-07-18T20:45:22.974241+00:00,Spotify web-player queryArtistOverview,undocumented read-only web-client endpoint
Thought-Fox [2Fjz6AZbxWpPCfwhO9mXZp],,2Fjz6AZbxWpPCfwhO9mXZp,Thought-Fox,41,49,0,2026-07-18T20:45:22.974241+00:00,Spotify web-player queryArtistOverview,undocumented read-only web-client endpoint
Thousand Thoughts [27BickAUDQz5wziY0VOA2S],,27BickAUDQz5wziY0VOA2S,Thousand Thoughts,12384,7658,0,2026-07-18T20:45:22.974241+00:00,Spotify web-player queryArtistOverview,undocumented read-only web-client endpoint
Thousand Yard Stare [4n5EAJdyYoV39m98N4lgWr],,4n5EAJdyYoV39m98N4lgWr,Thousand Yard Stare,3369,6077,0,2026-07-18T20:45:22.974241+00:00,Spotify web-player queryArtistOverview,undocumented read-only web-client endpoint
Threshold [7KTRbZ1YTch5oXQOmQTStM],,7KTRbZ1YTch5oXQOmQTStM,Threshold,24131,54437,0,2026-07-18T20:45:22.974241+00:00,Spotify web-player queryArtistOverview,undocumented read-only web-client endpoint
Throbbing Gristle [1UYhxPY1oqFUg1HfF8nV3k],,1UYhxPY1oqFUg1HfF8nV3k,Throbbing Gristle,56065,131943,0,2026-07-18T20:45:22.974241+00:00,Spotify web-player queryArtistOverview,undocumented read-only web-client endpoint
Thunder [3SfrwwVPGtjYTI3vwQ4hEU],,3SfrwwVPGtjYTI3vwQ4hEU,Thunder,165055,122168,0,2026-07-18T20:45:22.974241+00:00,Spotify web-player queryArtistOverview,undocumented read-only web-client endpoint
Thunderbugs [24G6cu7ELj9dUOaSG0p3Jx],,24G6cu7ELj9dUOaSG0p3Jx,Thunderbugs,2447,1917,0,2026-07-18T20:45:22.974241+00:00,Spotify web-player queryArtistOverview,undocumented read-only web-client endpoint
Thunderclap Newman [1USHlPahTZrCeJXS2v5pkF],,1USHlPahTZrCeJXS2v5pkF,Thunderclap Newman,194255,20516,0,2026-07-18T20:45:22.974241+00:00,Spotify web-player queryArtistOverview,undocumented read-only web-client endpoint
Thy Slaughter [4tXmMY3u0qbzec7aocHPPt],,4tXmMY3u0qbzec7aocHPPt,Thy Slaughter,44871,15187,0,2026-07-18T20:45:22.974241+00:00,Spotify web-player queryArtistOverview,undocumented read-only web-client endpoint
Tigertailz [1xo5zONg7VWkVmR0I0YO4d],,1xo5zONg7VWkVmR0I0YO4d,Tigertailz,30839,28199,0,2026-07-18T20:45:22.974241+00:00,Spotify web-player queryArtistOverview,undocumented read-only web-client endpoint
Tin Tin Out [1a5l3fWnzmaK7gDD2IkbHq],,1a5l3fWnzmaK7gDD2IkbHq,Tin Tin Out,633305,5681,0,2026-07-18T20:45:22.974241+00:00,Spotify web-player queryArtistOverview,undocumented read-only web-client endpoint
To Kill a King [7yHBGaYHPXkJSVUtHiM816],,7yHBGaYHPXkJSVUtHiM816,To Kill A King,13842,27811,0,2026-07-18T20:45:22.974241+00:00,Spotify web-player queryArtistOverview,undocumented read-only web-client endpoint
Tokyo Blade [6F9tjDKhGtXlm9M4s30KD5],,6F9tjDKhGtXlm9M4s30KD5,Tokyo Blade,29143,51726,0,2026-07-18T20:45:22.974241+00:00,Spotify web-player queryArtistOverview,undocumented read-only web-client endpoint
Tom Robinson Band [57YVY9QP1mhqc51WqHln0e],,57YVY9QP1mhqc51WqHln0e,Tom Robinson Band,171964,37011,0,2026-07-18T20:45:22.974241+00:00,Spotify web-player queryArtistOverview,undocumented read-only web-client endpoint
Tommy Lefroy [3vldh5Ceynytj6Iglw4haP],,3vldh5Ceynytj6Iglw4haP,Tommy Lefroy,192772,94042,0,2026-07-18T20:45:22.974241+00:00,Spotify web-player queryArtistOverview,undocumented read-only web-client endpoint
Tone Band [6baRO9SiRGJORG2hFE2X39],,6baRO9SiRGJORG2hFE2X39,Tone Band,624,219,0,2026-07-18T20:45:22.974241+00:00,Spotify web-player queryArtistOverview,undocumented read-only web-client endpoint
Tones on Tail [5aBEGOeWQCJfptic9xyaAb],,5aBEGOeWQCJfptic9xyaAb,Tones On Tail,63031,80787,0,2026-07-18T20:45:22.974241+00:00,Spotify web-player queryArtistOverview,undocumented read-only web-client endpoint
Tongue 'n' Cheek [0b6y5LWta0uteNMAXakalp],,0b6y5LWta0uteNMAXakalp,Tongue N Cheek,3171,730,0,2026-07-18T20:45:22.974241+00:00,Spotify web-player queryArtistOverview,undocumented read-only web-client endpoint
Tongues. [4wTH4jmwcMt9YoU97YWvxt],,4wTH4jmwcMt9YoU97YWvxt,Tongues.,721,1240,0,2026-07-18T20:45:22.974241+00:00,Spotify web-player queryArtistOverview,undocumented read-only web-client endpoint
Toploader [6xeFne1rkxMhKSW3ipvkdV],,6xeFne1rkxMhKSW3ipvkdV,Toploader,8829850,146489,0,2026-07-18T20:45:22.974241+00:00,Spotify web-player queryArtistOverview,undocumented read-only web-client endpoint
Total Science [20X39VOcF5zEpkOx6WrXlY],,20X39VOcF5zEpkOx6WrXlY,Total Science,64875,32379,0,2026-07-18T20:45:22.974241+00:00,Spotify web-player queryArtistOverview,undocumented read-only web-client endpoint
Toy Dolls [747P2pvOwW22iRcFS9zQDv],,747P2pvOwW22iRcFS9zQDv,The Toy Dolls,135203,105717,0,2026-07-18T20:45:22.974241+00:00,Spotify web-player queryArtistOverview,undocumented read-only web-client endpoint
Toy [0b0uhvUEeiD6y0XHVw3mRA],,0b0uhvUEeiD6y0XHVw3mRA,TOY,8666,31156,0,2026-07-18T20:45:22.974241+00:00,Spotify web-player queryArtistOverview,undocumented read-only web-client endpoint
Traffic [1CD77o9fbdyQFrHnUPUEsF],,1CD77o9fbdyQFrHnUPUEsF,Traffic,924163,664568,0,2026-07-18T20:45:22.974241+00:00,Spotify web-player queryArtistOverview,undocumented read-only web-client endpoint
Trapeze [7b2jbuy6iMUbuvWrvoxnJW],,7b2jbuy6iMUbuvWrvoxnJW,Trapeze,23097,33689,0,2026-07-18T20:45:22.974241+00:00,Spotify web-player queryArtistOverview,undocumented read-only web-client endpoint
Travis [3bUwxJgNakzYKkqAVgZLlh],,3bUwxJgNakzYKkqAVgZLlh,Travis,2884486,1176704,0,2026-07-18T20:45:22.974241+00:00,Spotify web-player queryArtistOverview,undocumented read-only web-client endpoint
Treetop Flyers [6Um25UMHv0fzcEHYGQJPXv],,6Um25UMHv0fzcEHYGQJPXv,Treetop Flyers,29843,9167,0,2026-07-18T20:45:22.974241+00:00,Spotify web-player queryArtistOverview,undocumented read-only web-client endpoint
Trophy Wife [13PsWZDIffDFDYJGt0T7DU],,13PsWZDIffDFDYJGt0T7DU,Trophy Wife,3609,915,0,2026-07-18T20:45:22.974241+00:00,Spotify web-player queryArtistOverview,undocumented read-only web-client endpoint
Tubelord [4xYk2flbrS0hDzDLyDimbO],,4xYk2flbrS0hDzDLyDimbO,Tubelord,2239,7773,0,2026-07-18T20:45:22.974241+00:00,Spotify web-player queryArtistOverview,undocumented read-only web-client endpoint
Tuner [2KdMANZKFqK8QQVcP9929e],,2KdMANZKFqK8QQVcP9929e,TUNER,47,321,0,2026-07-18T20:45:22.974241+00:00,Spotify web-player queryArtistOverview,undocumented read-only web-client endpoint
Twin Atlantic [4A9xtvezlouTD7H0kyUje9],,4A9xtvezlouTD7H0kyUje9,Twin Atlantic,158180,154793,0,2026-07-18T20:45:22.974241+00:00,Spotify web-player queryArtistOverview,undocumented read-only web-client endpoint
Twisted Wheel [4yNl6kohlH1jcbfXwkcpg9],,4yNl6kohlH1jcbfXwkcpg9,Twisted Wheel,7795,20394,0,2026-07-18T20:45:22.974241+00:00,Spotify web-player queryArtistOverview,undocumented read-only web-client endpoint
Two Door Cinema Club [536BYVgOnRky0xjsPT96zl],,536BYVgOnRky0xjsPT96zl,Two Door Cinema Club,9884423,2655723,0,2026-07-18T20:45:22.974241+00:00,Spotify web-player queryArtistOverview,undocumented read-only web-client endpoint
Two Lone Swordsmen [33Ztukerf3He8FeKk5acn8],,33Ztukerf3He8FeKk5acn8,Two Lone Swordsmen,37114,40442,0,2026-07-18T20:45:22.974241+00:00,Spotify web-player queryArtistOverview,undocumented read-only web-client endpoint
Two [7GLLaFZGjbDWTdnrg1mNyI],,7GLLaFZGjbDWTdnrg1mNyI,2wo,9719,6740,0,2026-07-18T20:45:22.974241+00:00,Spotify web-player queryArtistOverview,undocumented read-only web-client endpoint
Tygers of Pan Tang [1MZ8NERIuOS610KBhr6yna],,1MZ8NERIuOS610KBhr6yna,Tygers Of Pan Tang,89626,77762,0,2026-07-18T20:45:22.974241+00:00,Spotify web-player queryArtistOverview,undocumented read-only web-client endpoint
U.K. Subs [4wsg78KGu80m8Xk37PY2uG],,4wsg78KGu80m8Xk37PY2uG,U.K. Subs,90759,80069,0,2026-07-18T20:45:22.974241+00:00,Spotify web-player queryArtistOverview,undocumented read-only web-client endpoint
UB40 [69MEO1AADKg1IZrq2XLzo5],,69MEO1AADKg1IZrq2XLzo5,UB40,9327767,2783787,0,2026-07-18T20:45:22.974241+00:00,Spotify web-player queryArtistOverview,undocumented read-only web-client endpoint
UFO [2Omy3P5hFZym7FKum1JA1s],,2Omy3P5hFZym7FKum1JA1s,UFO,1051240,669681,0,2026-07-18T20:45:22.974241+00:00,Spotify web-player queryArtistOverview,undocumented read-only web-client endpoint
UK [64vNIhiqTanqaY1VJucSAS],,64vNIhiqTanqaY1VJucSAS,U.K.,47600,62279,0,2026-07-18T20:45:22.974241+00:00,Spotify web-player queryArtistOverview,undocumented read-only web-client endpoint
Ulrika Spacek [07vC6cutbett8UknXnqxsu],,07vC6cutbett8UknXnqxsu,Ulrika Spacek,46731,36028,0,2026-07-18T20:45:22.974241+00:00,Spotify web-player queryArtistOverview,undocumented read-only web-client endpoint
Ultrabeat [596ByjVYnslGJIHxEBGjF8],,596ByjVYnslGJIHxEBGjF8,Ultrabeat,767735,60158,0,2026-07-18T20:45:22.974241+00:00,Spotify web-player queryArtistOverview,undocumented read-only web-client endpoint
Ultrasound [7gwzROIoCrp2xVbFgXkKu1],,7gwzROIoCrp2xVbFgXkKu1,Ultrasound,1297,1973,0,2026-07-18T20:45:22.974241+00:00,Spotify web-player queryArtistOverview,undocumented read-only web-client endpoint
Ultraviolence [5tdiNC9c8cr9uSnIC0fwds],,5tdiNC9c8cr9uSnIC0fwds,Ultraviolence,171,30,0,2026-07-18T20:45:22.974241+00:00,Spotify web-player queryArtistOverview,undocumented read-only web-client endpoint
Ultravox [3iUjRVvYCsMfz7tuAQtBDI],,3iUjRVvYCsMfz7tuAQtBDI,Ultravox,1162862,609815,0,2026-07-18T20:45:22.974241+00:00,Spotify web-player queryArtistOverview,undocumented read-only web-client endpoint
Un-Cut [19wfjcfibjRlVnDERbFZcK],,19wfjcfibjRlVnDERbFZcK,UN-CUT,10458,1949,0,2026-07-18T20:45:22.974241+00:00,Spotify web-player queryArtistOverview,undocumented read-only web-client endpoint
Underwater Boys [1n07e4KjttpF7ruW4eGtyI],,1n07e4KjttpF7ruW4eGtyI,Underwater Boys,39,361,0,2026-07-18T20:45:22.974241+00:00,Spotify web-player queryArtistOverview,undocumented read-only web-client endpoint
Underworld [1PXHzxRDiLnjqNrRn2Xbsa],,1PXHzxRDiLnjqNrRn2Xbsa,Underworld,3783264,827351,0,2026-07-18T20:45:22.974241+00:00,Spotify web-player queryArtistOverview,undocumented read-only web-client endpoint
Uniting Nations [6EK2381dTQEvcn3KrnMOWQ],,6EK2381dTQEvcn3KrnMOWQ,Uniting Nations,251123,11305,0,2026-07-18T20:45:22.974241+00:00,Spotify web-player queryArtistOverview,undocumented read-only web-client endpoint
Unkle [2nszamLjZFgu3Yx77mKxuC],,2nszamLjZFgu3Yx77mKxuC,UNKLE,596520,420500,0,2026-07-18T20:45:22.974241+00:00,Spotify web-player queryArtistOverview,undocumented read-only web-client endpoint
Unseen Terror [4Feq2xtNfvWAuOM0KjcBSL],,4Feq2xtNfvWAuOM0KjcBSL,Unseen Terror,1358,4780,0,2026-07-18T20:45:22.974241+00:00,Spotify web-player queryArtistOverview,undocumented read-only web-client endpoint
Until the Ribbon Breaks [0PFM64sKw3GG4Sk8kqNIcp],,0PFM64sKw3GG4Sk8kqNIcp,Until The Ribbon Breaks,174393,44423,0,2026-07-18T20:45:22.974241+00:00,Spotify web-player queryArtistOverview,undocumented read-only web-client endpoint
Uriah Heep [45O9BwPMyywM755SYUK0sP],,45O9BwPMyywM755SYUK0sP,Uriah Heep,659174,860808,0,2026-07-18T20:45:22.974241+00:00,Spotify web-player queryArtistOverview,undocumented read-only web-client endpoint
Utah Saints [2KB6LGMBaOYYYdvvgyptFH],,2KB6LGMBaOYYYdvvgyptFH,Utah Saints,216105,53925,0,2026-07-18T20:45:22.974241+00:00,Spotify web-player queryArtistOverview,undocumented read-only web-client endpoint
VANT [4Xxkt0tSJr1uNxGDZcJLRc],,4Xxkt0tSJr1uNxGDZcJLRc,VANT,76495,51789,0,2026-07-18T20:45:22.974241+00:00,Spotify web-player queryArtistOverview,undocumented read-only web-client endpoint
VNV Nation [4KlYg0F5KG9QNDFKaeTNAy],,4KlYg0F5KG9QNDFKaeTNAy,VNV Nation,245699,225268,0,2026-07-18T20:45:22.974241+00:00,Spotify web-player queryArtistOverview,undocumented read-only web-client endpoint
Vallenfyre [60vtfdGwf77ISFBw37EYRM],,60vtfdGwf77ISFBw37EYRM,Vallenfyre,2514,12809,0,2026-07-18T20:45:22.974241+00:00,Spotify web-player queryArtistOverview,undocumented read-only web-client endpoint
Van der Graaf Generator [02frazNrWgZCxUEf4UTfHt],,02frazNrWgZCxUEf4UTfHt,Van Der Graaf Generator,48618,154738,0,2026-07-18T20:45:22.974241+00:00,Spotify web-player queryArtistOverview,undocumented read-only web-client endpoint
Vardis [4NqPFFq0krnSJjs6vRN2HU],,4NqPFFq0krnSJjs6vRN2HU,Vardis,1198,5931,0,2026-07-18T20:45:22.974241+00:00,Spotify web-player queryArtistOverview,undocumented read-only web-client endpoint
Vega4 [3hVwMqPRoC3FFARz2wxwtP],,3hVwMqPRoC3FFARz2wxwtP,Vega4,25937,6873,0,2026-07-18T20:45:22.974241+00:00,Spotify web-player queryArtistOverview,undocumented read-only web-client endpoint
Venom Inc. [3MHIoEboWZOn2vX4O3GrjM],,3MHIoEboWZOn2vX4O3GrjM,Venom Inc.,5358,20554,0,2026-07-18T20:45:22.974241+00:00,Spotify web-player queryArtistOverview,undocumented read-only web-client endpoint
Venom [5fwaejlOHVBAw1KhIPPaQe],,5fwaejlOHVBAw1KhIPPaQe,Venom,203523,617815,0,2026-07-18T20:45:22.974241+00:00,Spotify web-player queryArtistOverview,undocumented read-only web-client endpoint
Verasect [0qGXgOeaVWc7PXMJzHMOHW],,0qGXgOeaVWc7PXMJzHMOHW,Verasect,7431,1426,0,2026-07-18T20:45:22.974241+00:00,Spotify web-player queryArtistOverview,undocumented read-only web-client endpoint
Veronica Falls [0mgbAj6btHW215UxhLq1AV],,0mgbAj6btHW215UxhLq1AV,Veronica Falls,9899,26412,0,2026-07-18T20:45:22.974241+00:00,Spotify web-player queryArtistOverview,undocumented read-only web-client endpoint
Versus The Ghost [6EszYd5uWCTKmaVf9weYzU],,6EszYd5uWCTKmaVf9weYzU,Versus The Ghost,167,1306,0,2026-07-18T20:45:22.974241+00:00,Spotify web-player queryArtistOverview,undocumented read-only web-client endpoint
Vessels [6Y1nACvxtuuTjKx2b4Rwmb],,6Y1nACvxtuuTjKx2b4Rwmb,Vessels,31211,35493,0,2026-07-18T20:45:22.974241+00:00,Spotify web-player queryArtistOverview,undocumented read-only web-client endpoint
Vileevils [3dTcI5uQWCYt2RJR6d3zOz],,3dTcI5uQWCYt2RJR6d3zOz,Vile Evils,38,292,0,2026-07-18T20:45:22.974241+00:00,Spotify web-player queryArtistOverview,undocumented read-only web-client endpoint
Vince Taylor and His Playboys [1NnCrPjtSLFHulsEZdLSEg],,1NnCrPjtSLFHulsEZdLSEg,Vince Taylor & His Playboys,11495,2770,0,2026-07-18T20:45:22.974241+00:00,Spotify web-player queryArtistOverview,undocumented read-only web-client endpoint
Viola Beach [7DruTvBV7owt1aSAZHsU58],,7DruTvBV7owt1aSAZHsU58,Viola Beach,245749,146142,0,2026-07-18T20:45:22.974241+00:00,Spotify web-player queryArtistOverview,undocumented read-only web-client endpoint
Virginia Wolf [0sGu4qiq8w8AJ8K2PGhgnj],,0sGu4qiq8w8AJ8K2PGhgnj,Virginia Wolf,6295,5245,0,2026-07-18T20:45:22.974241+00:00,Spotify web-player queryArtistOverview,undocumented read-only web-client endpoint
Virus Syndicate [0NV5eY4Jzg4ldg2ikGnV4n],,0NV5eY4Jzg4ldg2ikGnV4n,Virus Syndicate,200462,68866,0,2026-07-18T20:45:22.974241+00:00,Spotify web-player queryArtistOverview,undocumented read-only web-client endpoint
Volitune [5pQMgZ1NHEIqAxqEredFgK],,5pQMgZ1NHEIqAxqEredFgK,Volitune,15,83,0,2026-07-18T20:45:22.974241+00:00,Spotify web-player queryArtistOverview,undocumented read-only web-client endpoint
Volkova Sisters [2R7HJ8U8vfMaHeobFgcdZN],,2R7HJ8U8vfMaHeobFgcdZN,Volkova Sisters,498,2192,0,2026-07-18T20:45:22.974241+00:00,Spotify web-player queryArtistOverview,undocumented read-only web-client endpoint
Von Südenfed [3W3DVuU0OIHLFAXYUlnb60],,3W3DVuU0OIHLFAXYUlnb60,Von Südenfed,2284,3619,0,2026-07-18T20:45:22.974241+00:00,Spotify web-player queryArtistOverview,undocumented read-only web-client endpoint
WSTRN [5nSAh3wlH7VaqpnkiMjzDs],,5nSAh3wlH7VaqpnkiMjzDs,WSTRN,1459546,335397,0,2026-07-18T20:45:22.974241+00:00,Spotify web-player queryArtistOverview,undocumented read-only web-client endpoint
Walt Disco [5Id5Ig1KgNJoLjLFskZ18I],,5Id5Ig1KgNJoLjLFskZ18I,walt disco,7896,16055,0,2026-07-18T20:45:22.974241+00:00,Spotify web-player queryArtistOverview,undocumented read-only web-client endpoint
Wang Chung [6Zh3xrWlA0SA9Fsfj9AVwm],,6Zh3xrWlA0SA9Fsfj9AVwm,Wang Chung,2358411,413141,0,2026-07-18T20:45:22.974241+00:00,Spotify web-player queryArtistOverview,undocumented read-only web-client endpoint
Ward Knútur Townes [21mEppfwXtczL0UPuUQQjm],,21mEppfwXtczL0UPuUQQjm,Ward Knutur Townes,35,223,0,2026-07-18T20:45:22.974241+00:00,Spotify web-player queryArtistOverview,undocumented read-only web-client endpoint
Ward Thomas [0xBhUB0EfzvchYnaIWkdBw],,0xBhUB0EfzvchYnaIWkdBw,Ward Thomas,62236,47170,0,2026-07-18T20:45:22.974241+00:00,Spotify web-player queryArtistOverview,undocumented read-only web-client endpoint
Wargasm [1NRudBLaT84LXxfsYdFMhB],,1NRudBLaT84LXxfsYdFMhB,WARGASM (UK),465557,153921,0,2026-07-18T20:45:22.974241+00:00,Spotify web-player queryArtistOverview,undocumented read-only web-client endpoint
Warning [215tdyVWdDYOjufDKf6UJg],,215tdyVWdDYOjufDKf6UJg,Warning,96100,39680,0,2026-07-18T20:45:22.974241+00:00,Spotify web-player queryArtistOverview,undocumented read-only web-client endpoint
Wasia Project [7poQNrOwZoUcoqihg4Xex0],,7poQNrOwZoUcoqihg4Xex0,Wasia Project,815222,394807,0,2026-07-18T20:45:22.974241+00:00,Spotify web-player queryArtistOverview,undocumented read-only web-client endpoint
Wasted Youth [4u6ea1cZAFv5gZhCV1bxjX],,4u6ea1cZAFv5gZhCV1bxjX,Wasted Youth,979,1453,0,2026-07-18T20:45:22.974241+00:00,Spotify web-player queryArtistOverview,undocumented read-only web-client endpoint
Way Out West [3HghjRl8Mo6OJWG0WElY2z],,3HghjRl8Mo6OJWG0WElY2z,Way Out West,183677,50191,0,2026-07-18T20:45:22.974241+00:00,Spotify web-player queryArtistOverview,undocumented read-only web-client endpoint
We Were Promised Jetpacks [3gnrmLahFhVXRI9DA1MImH],,3gnrmLahFhVXRI9DA1MImH,We Were Promised Jetpacks,226591,142629,0,2026-07-18T20:45:22.974241+00:00,Spotify web-player queryArtistOverview,undocumented read-only web-client endpoint
We've Got a Fuzzbox and We're Gonna Use It [6iKe6ON2rZrdXbuuhI3Gat],,6iKe6ON2rZrdXbuuhI3Gat,Fuzzbox,19580,10856,0,2026-07-18T20:45:22.974241+00:00,Spotify web-player queryArtistOverview,undocumented read-only web-client endpoint
West India Company [6nMlyRa5xdSn7Rq4b9qkCn],,6nMlyRa5xdSn7Rq4b9qkCn,West India Company,852,416,0,2026-07-18T20:45:22.974241+00:00,Spotify web-player queryArtistOverview,undocumented read-only web-client endpoint
Westminster Cathedral Choir [38Nm4oWjJBIVCkD8u5BHdw],,38Nm4oWjJBIVCkD8u5BHdw,Westminster Cathedral Choir,22197,8315,0,2026-07-18T20:45:22.974241+00:00,Spotify web-player queryArtistOverview,undocumented read-only web-client endpoint
Wet Leg [2TwOrUcYnAlIiKmVQkkoSZ],,2TwOrUcYnAlIiKmVQkkoSZ,Wet Leg,3584069,989381,0,2026-07-18T20:45:22.974241+00:00,Spotify web-player queryArtistOverview,undocumented read-only web-client endpoint
Wet Wet Wet [2u0gw0uCWBMiqV7h0N8kai],,2u0gw0uCWBMiqV7h0N8kai,Wet Wet Wet,2057236,614358,0,2026-07-18T20:45:22.974241+00:00,Spotify web-player queryArtistOverview,undocumented read-only web-client endpoint
Wetton/Downes [6Gm87vMdB5U5J3cDil5Kwl],,6Gm87vMdB5U5J3cDil5Kwl,Icon,984,1562,0,2026-07-18T20:45:22.974241+00:00,Spotify web-player queryArtistOverview,undocumented read-only web-client endpoint
Wham! [5lpH0xAS4fVfLkACg9DAuM],,5lpH0xAS4fVfLkACg9DAuM,Wham!,10018855,3400543,0,2026-07-18T20:45:22.974241+00:00,Spotify web-player queryArtistOverview,undocumented read-only web-client endpoint
While She Sleeps [38LdIuxB548zgHoEY2AN7a],,38LdIuxB548zgHoEY2AN7a,While She Sleeps,740851,528146,0,2026-07-18T20:45:22.974241+00:00,Spotify web-player queryArtistOverview,undocumented read-only web-client endpoint
White Lies [6ssXMmc5EOUrauZxirM910],,6ssXMmc5EOUrauZxirM910,White Lies,1046821,560678,0,2026-07-18T20:45:22.974241+00:00,Spotify web-player queryArtistOverview,undocumented read-only web-client endpoint
Whitesnake [3UbyYnvNIT5DFXU4WgiGpP],,3UbyYnvNIT5DFXU4WgiGpP,Whitesnake,6249726,3532823,0,2026-07-18T20:45:22.974241+00:00,Spotify web-player queryArtistOverview,undocumented read-only web-client endpoint
Window Seats [0gVf1GDPAt3dVCXPElD281],,0gVf1GDPAt3dVCXPElD281,Window Seats,2,44,0,2026-07-18T20:45:22.974241+00:00,Spotify web-player queryArtistOverview,undocumented read-only web-client endpoint
Wings [3sFhA6G1N0gG1pszb6kk1m],,3sFhA6G1N0gG1pszb6kk1m,Wings,4863252,1356305,0,2026-07-18T20:45:22.974241+00:00,Spotify web-player queryArtistOverview,undocumented read-only web-client endpoint
Wings of Desire [1M684BN2C8BO9WwB0xeXJo],,1M684BN2C8BO9WwB0xeXJo,Wings of Desire,41995,6904,0,2026-07-18T20:45:22.974241+00:00,Spotify web-player queryArtistOverview,undocumented read-only web-client endpoint
Wire [2i8ynmFv4qgRksyDlBgi6d],,2i8ynmFv4qgRksyDlBgi6d,Wire,272502,240002,0,2026-07-18T20:45:22.974241+00:00,Spotify web-player queryArtistOverview,undocumented read-only web-client endpoint
Wireless [0MXp9JcmFD64hyf2PmmdfM],,0MXp9JcmFD64hyf2PmmdfM,Wireless,74,214,0,2026-07-18T20:45:22.974241+00:00,Spotify web-player queryArtistOverview,undocumented read-only web-client endpoint
Wishbone Ash [77zwstbi3x1IxnbDFg6uns],,77zwstbi3x1IxnbDFg6uns,Wishbone Ash,199281,239755,0,2026-07-18T20:45:22.974241+00:00,Spotify web-player queryArtistOverview,undocumented read-only web-client endpoint
Wishful Thinking [5zygW1RJOV0Wji8CcxD5eN],,5zygW1RJOV0Wji8CcxD5eN,Wishful Thinking,28744,2181,0,2026-07-18T20:45:22.974241+00:00,Spotify web-player queryArtistOverview,undocumented read-only web-client endpoint
Witchfinder General [1QqtUGvZnULbTYLj6y69vO],,3tDg9XbUbQS0dbaSnFNvvk,Witchfinder General,31258,64357,0,2026-07-18T20:45:22.974241+00:00,Spotify web-player queryArtistOverview,undocumented read-only web-client endpoint
Witchingseason [5HgYrhlETBGEwiqNkHITi0],,5HgYrhlETBGEwiqNkHITi0,Witchingseason,12,106,0,2026-07-18T20:45:22.974241+00:00,Spotify web-player queryArtistOverview,undocumented read-only web-client endpoint
Wizzard [7823Dim2TzjiQQ9wRQxyi9],,7823Dim2TzjiQQ9wRQxyi9,Wizzard,75390,54270,0,2026-07-18T20:45:22.974241+00:00,Spotify web-player queryArtistOverview,undocumented read-only web-client endpoint
Wolf Alice [3btzEQD6sugImIHPMRgkwV],,3btzEQD6sugImIHPMRgkwV,Wolf Alice,3575621,973763,0,2026-07-18T20:45:22.974241+00:00,Spotify web-player queryArtistOverview,undocumented read-only web-client endpoint
Wolf Gang [6EkvDqOOEX08BotcQppKoD],,6EkvDqOOEX08BotcQppKoD,Wolf Gang,59456,60865,0,2026-07-18T20:45:22.974241+00:00,Spotify web-player queryArtistOverview,undocumented read-only web-client endpoint
Wolfsbane [58mY0RMBlQK2dW650Qeh9v],,58mY0RMBlQK2dW650Qeh9v,Wolfsbane,1972,8097,0,2026-07-18T20:45:22.974241+00:00,Spotify web-player queryArtistOverview,undocumented read-only web-client endpoint
World News [3VQXCMRCSzdKek71OkAL3Q],,3VQXCMRCSzdKek71OkAL3Q,World News,276065,17710,0,2026-07-18T20:45:22.974241+00:00,Spotify web-player queryArtistOverview,undocumented read-only web-client endpoint
World Party [0THUMJMWUd5L8os9K6O4FE],,0THUMJMWUd5L8os9K6O4FE,World Party,199197,59109,0,2026-07-18T20:45:22.974241+00:00,Spotify web-player queryArtistOverview,undocumented read-only web-client endpoint
Worriedaboutsatan [2C1P3ThaFeWtrpLNwWzpTT],,2C1P3ThaFeWtrpLNwWzpTT,Worriedaboutsatan,3221,6027,0,2026-07-18T20:45:22.974241+00:00,Spotify web-player queryArtistOverview,undocumented read-only web-client endpoint
X Is Loaded [6tgDfxVLKGKGxnnzSjdMTd],,6tgDfxVLKGKGxnnzSjdMTd,X Is Loaded,29,90,0,2026-07-18T20:45:22.974241+00:00,Spotify web-player queryArtistOverview,undocumented read-only web-client endpoint
X-Press 2 [1mlZXof4sEGLFspPzlQdFL],,1mlZXof4sEGLFspPzlQdFL,X-Press 2,450693,21792,0,2026-07-18T20:45:22.974241+00:00,Spotify web-player queryArtistOverview,undocumented read-only web-client endpoint
XTC [2qT62DYO8Ajb276vUJmvhz],,2qT62DYO8Ajb276vUJmvhz,XTC,705276,391755,0,2026-07-18T20:45:22.974241+00:00,Spotify web-player queryArtistOverview,undocumented read-only web-client endpoint
Xentrix [5lYOBorQmZgCCPxJYCjSmO],,5lYOBorQmZgCCPxJYCjSmO,Xentrix,28811,43772,0,2026-07-18T20:45:22.974241+00:00,Spotify web-player queryArtistOverview,undocumented read-only web-client endpoint
Yachts [2PfqU9rhivtAPtyKsEjkdy],,2PfqU9rhivtAPtyKsEjkdy,Yachts,65,255,0,2026-07-18T20:45:22.974241+00:00,Spotify web-player queryArtistOverview,undocumented read-only web-client endpoint
Yard Act [2h3ooJn8m8X8cL2g1BZ1Rd],,2h3ooJn8m8X8cL2g1BZ1Rd,Yard Act,416371,155450,0,2026-07-18T20:45:22.974241+00:00,Spotify web-player queryArtistOverview,undocumented read-only web-client endpoint
Yazoo [1G1mX30GpUJqOr1QU2eBSs],,1G1mX30GpUJqOr1QU2eBSs,Yazoo,3044119,802850,0,2026-07-18T20:45:22.974241+00:00,Spotify web-player queryArtistOverview,undocumented read-only web-client endpoint
Yazoo [1XSKLwRyT1GttGP7fqr5o5],,1G1mX30GpUJqOr1QU2eBSs,Yazoo,3044119,802850,0,2026-07-18T20:45:22.974241+00:00,Spotify web-player queryArtistOverview,undocumented read-only web-client endpoint
Years & Years [5vBSrE1xujD2FXYRarbAXc],,5vBSrE1xujD2FXYRarbAXc,Olly Alexander (Years & Years),15856316,2068124,0,2026-07-18T20:45:22.974241+00:00,Spotify web-player queryArtistOverview,undocumented read-only web-client endpoint
Yes [7AC976RDJzL2asmZuz7qil],,7AC976RDJzL2asmZuz7qil,Yes,4447983,2203167,0,2026-07-18T20:45:22.974241+00:00,Spotify web-player queryArtistOverview,undocumented read-only web-client endpoint
Yndi Halda [6fJ7oFpKH1xy1xE9Xx1vFJ],,6fJ7oFpKH1xy1xE9Xx1vFJ,Yndi Halda,9047,28757,0,2026-07-18T20:45:22.974241+00:00,Spotify web-player queryArtistOverview,undocumented read-only web-client endpoint
You Me at Six [1kNQXvepPjaPgUfeDAF2h6],,1kNQXvepPjaPgUfeDAF2h6,You Me At Six,967721,698799,0,2026-07-18T20:45:22.974241+00:00,Spotify web-player queryArtistOverview,undocumented read-only web-client endpoint
Young Fathers [5mZC7ndY6oGMxJentRwsuV],,5mZC7ndY6oGMxJentRwsuV,Young Fathers,397759,272197,0,2026-07-18T20:45:22.974241+00:00,Spotify web-player queryArtistOverview,undocumented read-only web-client endpoint
Young Gun Silver Fox [3qQloBz05T6e0rKubNCmjG],,3qQloBz05T6e0rKubNCmjG,Young Gun Silver Fox,276802,77208,0,2026-07-18T20:45:22.974241+00:00,Spotify web-player queryArtistOverview,undocumented read-only web-client endpoint
Young Guns [4v4qHupYi7eRJfkniHrp4Z],,4v4qHupYi7eRJfkniHrp4Z,Young Guns,82953,92090,0,2026-07-18T20:45:22.974241+00:00,Spotify web-player queryArtistOverview,undocumented read-only web-client endpoint
Young Knives [4kYNTq3njMHBcnv8Di0v0Y],,4kYNTq3njMHBcnv8Di0v0Y,Young Knives,12067,27487,0,2026-07-18T20:45:22.974241+00:00,Spotify web-player queryArtistOverview,undocumented read-only web-client endpoint
Young Marble Giants [0tQ2Q4y9iUkKszxXyB14ZH],,0tQ2Q4y9iUkKszxXyB14ZH,Young Marble Giants,42598,62664,0,2026-07-18T20:45:22.974241+00:00,Spotify web-player queryArtistOverview,undocumented read-only web-client endpoint
Your Demise [6xTf7GXkLaSQIrWbHyQcMR],,6xTf7GXkLaSQIrWbHyQcMR,Your Demise,20587,49687,0,2026-07-18T20:45:22.974241+00:00,Spotify web-player queryArtistOverview,undocumented read-only web-client endpoint
Youth Killed It [1zQkBk9LCUvNlOcK9ASzCq],,1zQkBk9LCUvNlOcK9ASzCq,Youth Killed It,6015,7471,0,2026-07-18T20:45:22.974241+00:00,Spotify web-player queryArtistOverview,undocumented read-only web-client endpoint
Yuck [6l3BRLCpzfC8yxqf9thWAg],,6l3BRLCpzfC8yxqf9thWAg,Yuck,61077,103291,0,2026-07-18T20:45:22.974241+00:00,Spotify web-player queryArtistOverview,undocumented read-only web-client endpoint
ZIBRA [2Bf6p6mOOM2fXrerjiDsHe],,2Bf6p6mOOM2fXrerjiDsHe,Zibra,6474,5789,0,2026-07-18T20:45:22.974241+00:00,Spotify web-player queryArtistOverview,undocumented read-only web-client endpoint
Zero 7 [14H7ag1wpQOsPPQJOD6Dqr],,14H7ag1wpQOsPPQJOD6Dqr,Zero 7,1686407,592881,0,2026-07-18T20:45:22.974241+00:00,Spotify web-player queryArtistOverview,undocumented read-only web-client endpoint
Zion Train [6sDKfmMPaTI7MYeFoNFrg7],,6sDKfmMPaTI7MYeFoNFrg7,Zion Train,27563,26857,0,2026-07-18T20:45:22.974241+00:00,Spotify web-player queryArtistOverview,undocumented read-only web-client endpoint
Zodiac Mindwarp and the Love Reaction [1uciIo6exHGUwpVzpaABXz],,1uciIo6exHGUwpVzpaABXz,Zodiac Mindwarp & The Love Reaction,1809,4313,0,2026-07-18T20:45:22.974241+00:00,Spotify web-player queryArtistOverview,undocumented read-only web-client endpoint
Zola Blood [3oxkIoEAyXXQlLTZXlffLJ],,3oxkIoEAyXXQlLTZXlffLJ,Zola Blood,286256,87001,0,2026-07-18T20:45:22.974241+00:00,Spotify web-player queryArtistOverview,undocumented read-only web-client endpoint
Zoot Woman [25w2vpqq7dYleBAqMx7Ijx],,25w2vpqq7dYleBAqMx7Ijx,Zoot Woman,53078,29473,0,2026-07-18T20:45:22.974241+00:00,Spotify web-player queryArtistOverview,undocumented read-only web-client endpoint
Zoviet France [0tBx19i6OAx0Z3gGiDtsTO],,0tBx19i6OAx0Z3gGiDtsTO,:zoviet*france:,442,3635,0,2026-07-18T20:45:22.974241+00:00,Spotify web-player queryArtistOverview,undocumented read-only web-client endpoint
a1 [5lPsVvHVDr6R5mDxRUXdOs],,5lPsVvHVDr6R5mDxRUXdOs,A1,1308390,574084,0,2026-07-18T20:45:22.974241+00:00,Spotify web-player queryArtistOverview,undocumented read-only web-client endpoint
allusinlove [30f8y3JNhI5bOis0Sb2kdx],,30f8y3JNhI5bOis0Sb2kdx,allusinlove,1839,3825,0,2026-07-18T20:45:22.974241+00:00,Spotify web-player queryArtistOverview,undocumented read-only web-client endpoint
alt-J [3XHO7cRUPCLOr6jwp8vsx5],,3XHO7cRUPCLOr6jwp8vsx5,alt-J,8110938,3499216,0,2026-07-18T20:45:22.974241+00:00,Spotify web-player queryArtistOverview,undocumented read-only web-client endpoint
fiN [4H8p15vAP9zZLWVjNGMQog],,4H8p15vAP9zZLWVjNGMQog,fiN,142,796,0,2026-07-18T20:45:22.974241+00:00,Spotify web-player queryArtistOverview,undocumented read-only web-client endpoint
piri & tommy [2U6J9Q89i1TNhesKreFD65],,2U6J9Q89i1TNhesKreFD65,piri & tommy,690910,45851,0,2026-07-18T20:45:22.974241+00:00,Spotify web-player queryArtistOverview,undocumented read-only web-client endpoint
"¡Forward, Russia! [78Gq4ZUZW4rFbOy6ejqFto]",,78Gq4ZUZW4rFbOy6ejqFto,"¡Forward, Russia!",2278,5288,0,2026-07-18T20:45:22.974241+00:00,Spotify web-player queryArtistOverview,undocumented read-only web-client endpoint
Ímar [0BdsizQXvwb1BPeEKqfuVs],,0BdsizQXvwb1BPeEKqfuVs,Ímar,45827,15182,0,2026-07-18T20:45:22.974241+00:00,Spotify web-player queryArtistOverview,undocumented read-only web-client endpoint
２８１４ [2wBpW4bAGYVe0yJcBeCTyd],,2wBpW4bAGYVe0yJcBeCTyd,２８１４,95312,89132,0,2026-07-18T20:45:22.974241+00:00,Spotify web-player queryArtistOverview,undocumented read-only web-client endpoint
