popularity_rank,returned_spotify_id,spotify_name,wikidata_qid,followers,monthly_listeners,enwiki_title,pageview_status,pageviews_total,pageview_months,mapping_tier,fua_code,study_city_label,mapped_fua,log10_followers,log10_pageviews,expected_log10_pageviews,attention_residual_log10,follower_rank,pageview_rank
1,4gzpq5DPGxSnKTe4SA8HAU,Coldplay,Q45188,64732379,92034104,Coldplay,ok,1455121,12,strict,UK001F,London,True,7.811121568204192,6.162899108406035,6.622242602382724,-0.4593434939766894,1.0,15.0
2,7Ln80lUS6He07XvHI8qqHH,Arctic Monkeys,Q170599,35028298,52301870,Arctic Monkeys,ok,786889,12,strict,UK010F,Sheffield,True,7.5444190357714245,5.895913474306468,6.430890119987879,-0.5349766456814109,4.0,44.0
3,1dfeR4HaWDbWqFHLkxsg1d,Queen,Q15862,58004701,51601234,Queen (band),ok,2025734,12,strict,UK001F,London,True,7.763463192453033,6.306582417373473,6.588048894420129,-0.2814664770466555,2.0,9.0
4,08GQAI4eElDnROBrJRGE0X,Fleetwood Mac,Q106648,15546243,50959935,Fleetwood Mac,ok,3009125,12,strict,UK001F,London,True,7.1916254517867015,6.478440228844327,6.177769433608686,0.3006707952356402,11.0,3.0
5,4AK6F7OLvEQ5QYCBNiQWHq,One Direction,Q146027,41728665,45724043,One Direction,ok,1575791,12,strict,UK001F,London,True,7.620434490812654,6.197498615713319,6.4854293322324414,-0.2879307165191225,3.0,13.0
6,4Z8W4fKeB5YxbusRsdQVPb,Radiohead,Q44190,16613975,43168156,Radiohead,ok,1679460,12,strict,UK560F,Oxford,True,7.220473552621922,6.225169664631301,6.198467233726455,0.026702430904846253,9.0,12.0
7,5NGO30tJxFlKixkPSgXcFE,The Police,Q178095,8458469,39887109,The Police,ok,842024,12,strict,UK001F,London,True,6.927291761972508,5.925324470263333,5.988116537308252,-0.06279206704491891,21.0,40.0
8,2DaxqgrOhkeH0fpeiQq2f4,Oasis,Q382890,13941515,39676473,Oasis (band),ok,2302661,12,strict,UK008F,Manchester,True,7.14430997034659,6.36223000541269,6.143821743848542,0.21840826156414828,12.0,7.0
9,3AA28KZvwAUcZuOKwyblJQ,Gorillaz,Q189991,16369649,38173160,Gorillaz,ok,2763778,12,strict,UK001F,London,True,7.214039367316802,6.441503155472395,6.193850864623799,0.2476522908485963,10.0,4.0
10,3WrFJ7ztbogyGnTHbHJFl2,The Beatles,Q1299,32385954,37927636,The Beatles,ok,3975509,12,strict,UK006F,Liverpool,True,7.510356694684133,6.599392740977233,6.40645123122376,0.19294150975347346,5.0,1.0
11,6MDME20pz9RveH9rEXvrOM,Clean Bandit,Q11838808,6321202,35453400,Clean Bandit,ok,190037,12,strict,UK017F,Cambridge,True,6.800799668841229,5.2788381658550945,5.897361583453092,-0.6185234175979977,27.0,218.0
12,22bE4uQ6baNwSHPVcDxLCe,The Rolling Stones,Q11036,16651560,30690194,The Rolling Stones,ok,1966263,12,strict,UK001F,London,True,7.221454926590389,6.2936416069903265,6.199171345319663,0.09447026167066319,8.0,10.0
13,1LZEQNv7sE11VDY3SdxQeN,Bee Gees,Q133405,10121737,29286539,Bee Gees,ok,1770282,12,excluded_non_uk,,,False,7.0052550485494685,6.2480424535306005,6.044053270589639,0.2039891829409619,16.0,11.0
14,4yvcSjfu4PC0CYQyLy4wSq,Glass Animals,Q16839267,4804844,27093208,Glass Animals,ok,206191,12,strict,UK560F,Oxford,True,6.681679291892391,5.314269704906567,5.811895653958343,-0.49762594905177604,34.0,207.0
15,0k17h0D3J5VfsdmQ1iZtE9,Pink Floyd,Q2306,24145634,26546155,Pink Floyd,ok,2291053,12,strict,UK001F,London,True,7.382838613301766,6.3600351360428675,6.314960156129095,0.04507497991377285,6.0,8.0
16,0WwSkZ7LtFUFjGjMZBMt6T,Dire Straits,Q50040,9643393,26242776,Dire Straits,ok,1081521,12,strict,UK001F,London,True,6.984229866051437,6.0340349565958,6.028968221238571,0.00506673535722868,17.0,25.0
17,1moxjboGR7GNWYIMWsRjgG,Florence + The Machine,Q217360,7587105,25836943,Florence and the Machine,ok,986632,12,strict,UK001F,London,True,6.88007609442456,5.994155197075896,5.954240461551427,0.039914735524469336,23.0,31.0
18,7bu3H8JO7d0UbMoVzbo70s,The Cure,Q484427,7492117,25827890,The Cure,ok,1380927,12,strict,UK576F,Crawley,True,6.874604550878537,6.14017072105862,5.950314764144235,0.18985595691438562,24.0,16.0
19,47zz7sob9NUcODy0BTDvKx,Sade,Q658182,6060389,25528819,Sade (band),ok,603632,12,strict,UK001F,London,True,6.78250050125068,5.7807722547202625,5.884232382495491,-0.10346012777522873,30.0,62.0
20,6nS5roXSAGhTGr34W6n7Et,Disclosure,Q1228440,2482964,25360907,Disclosure (band),ok,125790,12,strict,UK001F,London,True,6.394970422851105,5.099646117123231,5.606189118983845,-0.5065430018606136,69.0,310.0
21,4bthk9UfsYUYdcFyqxmSUU,Tears For Fears,Q269091,4593372,23781006,Tears for Fears,ok,984645,12,strict,UK031F,Bath and North East Somerset,True,6.662131618726245,5.993279679908297,5.797870681074638,0.19540899883365892,37.0,32.0
22,53A0W3U0s8diEn9RhXQhVz,Keane,Q484311,4211743,23259577,Keane (band),ok,292650,12,strict,UK056F,Hastings,True,6.624461862730185,5.466348528450199,5.7708435611770375,-0.3044950327268383,41.0,152.0
23,3yY2gUcIsjMr8hjo51PoJ8,The Smiths,Q180598,8767855,22515532,The Smiths,ok,942305,12,strict,UK008F,Manchester,True,6.942893358975538,5.974191495550565,5.999310297969697,-0.025118802419132003,19.0,35.0
24,7EQ0qTo7fWT7DPxmxtSYEc,Bastille,Q689,5786448,22166012,Bastille (band),ok,239239,12,strict,UK001F,London,True,6.7624120546828435,5.378831978427456,5.869819418047242,-0.4909874396197855,33.0,184.0
25,12Chz98pHFMPJEknJQMWvI,Muse,Q22151,8949427,20942571,Muse (band),ok,761076,12,strict,UK018F,Exeter,True,6.9517952298740715,5.881428026984218,6.005697170560876,-0.12426914357665808,18.0,46.0
26,36QJpDe2go2KgaRleHCDTp,Led Zeppelin,Q2331,16927470,20605707,Led Zeppelin,ok,2461232,12,strict,UK001F,London,True,7.2285920527842755,6.391152552983956,6.204292057155086,0.18686049582887065,7.0,5.0
27,3mIj9lX2MWuHmhNCA7LSCW,The 1975,Q2811247,8582651,18915018,The 1975,ok,560117,12,strict,UK008F,Manchester,True,6.933621452982131,5.7482787540544775,5.992657934333753,-0.2443791802792754,20.0,69.0
28,5M52tdBnJaKSvOpJGz8mfZ,Black Sabbath,Q47670,10711277,18288641,Black Sabbath,ok,3654352,12,strict,UK002F,Birmingham,True,7.029841250569735,6.562810377798901,6.061693263529808,0.5011171142690936,15.0,2.0
29,1zxDewzd2j1ZdSBGaYcr0y,The Outfield,Q2093178,893650,17941634,The Outfield,ok,247655,12,strict,UK008F,Manchester,True,5.951167459700895,5.39384710054173,5.287771449986312,0.10607565055541723,146.0,176.0
30,762310PdDnwsDxAQxzQkfX,Depeche Mode,Q482964,7949283,17667155,Depeche Mode,ok,1297891,12,strict,UK001F,London,True,6.900327958444363,6.113238220903291,5.968770673986845,0.14446754691644603,22.0,19.0
31,35U9lQaRWSQISxQAB94Meo,America,Q126852,2286400,17384987,America (band),ok,655518,12,strict,UK001F,London,True,6.359152211446895,5.816584621568963,5.580490436618064,0.2360941849508995,73.0,57.0
32,2cGwlqi3k18jFpUyTrsR84,The Verve,Q488916,3001478,16374768,The Verve,ok,423523,12,strict,UK008F,Manchester,True,6.477335164445643,5.626877000267321,5.665283787572707,-0.03840678730538638,54.0,93.0
33,0lZoBs4Pzo7R89JM9lxwoT,Duran Duran,Q58381,3958344,15134650,Duran Duran,ok,1092560,12,strict,UK002F,Birmingham,True,6.597513533885006,6.0384452964007185,5.751508800558604,0.2869364958421148,42.0,24.0
34,0NKDgy9j66h3DLnN8qu1bB,Eurythmics,Q207706,2546395,14843560,Eurythmics,ok,380622,12,strict,UK510F,Sunderland,True,6.405925772850403,5.580493886952766,5.614049312131423,-0.033555425178657394,65.0,109.0
35,3e7awlrlDSwF3iM0WBjGMp,Little Mix,Q158419,12405563,14779473,Little Mix,ok,583652,12,strict,UK001F,London,True,7.093616478583641,5.766153978058645,6.107450415081544,-0.34129643702289947,13.0,64.0
36,3RGLhK1IP9jnYFH4BRFJBS,The Clash,Q125603,3508323,14589467,The Clash,ok,713960,12,strict,UK001F,London,True,6.545099570629016,5.853673880871554,5.713903075972114,0.13977080489943994,47.0,53.0
37,3gd8FJtBJtkRxdfbTu19U2,Mumford & Sons,Q953918,6882187,14381934,Mumford & Sons,ok,1233515,12,strict,UK001F,London,True,6.83772646891914,6.091144435039877,5.923855650822278,0.16728878421759852,26.0,21.0
38,7MhMgCo0Bl0Kukl93PZbYS,Blur,Q485820,4274924,14009757,Blur (band),ok,897959,12,strict,UK001F,London,True,6.630928398204772,5.953256507624703,5.7754831407275935,0.17777336689710932,39.0,38.0
39,1Ffb6ejR6Fe5IamqA5oRUF,Bring Me The Horizon,Q494784,7131475,13707032,Bring Me the Horizon,ok,740643,12,strict,UK010F,Sheffield,True,6.85317936408894,5.869608922567067,5.934942721589685,-0.0653337990226186,25.0,48.0
40,3rIZMv9rysU7JkLzEaC5Jp,Snow Patrol,Q188407,3465980,13274460,Snow Patrol,ok,331218,12,strict,UK550F,Dundee City,True,6.539826052343652,5.520113930432454,5.710119456800394,-0.19000552636793966,49.0,124.0
41,0uq5PttqEjj3IH1bzwcrXF,Spice Girls,Q55641,4560204,12877807,Spice Girls,ok,2314226,12,strict,UK001F,London,True,6.658984271193517,6.364405768513837,5.79561253692485,0.5687932315889874,38.0,6.0
42,3ICflSq6ZgYAIrm2CTkfVP,The Animals,Q131422,2812173,12324330,The Animals,ok,547916,12,strict,UK013F,Newcastle,True,6.449042034212046,5.738713982694708,5.6449841651599195,0.09372981753478804,59.0,70.0
43,4WN5naL3ofxrVBgFpguzKo,Rudimental,Q50971,1462225,11737472,Rudimental,ok,76372,12,strict,UK001F,London,True,6.165014204865339,4.882934163885178,5.4412012099740235,-0.5582670460888455,99.0,431.0
44,5T4UKHhr4HGIC0VzdZQtAE,Faithless,Q542071,796754,11726956,Faithless,ok,297243,12,strict,UK001F,London,True,5.901324252470298,5.473111635882254,5.252010179378581,0.22110145650367308,164.0,147.0
45,5EehXjjMktLuJmbRsM7YfB,Disciples,Q24025201,299331,11691137,Disciples (production team),ok,12276,12,strict,UK001F,London,True,5.476151696565434,4.089056879759785,4.946959367612983,-0.857902487853198,323.0,810.0
46,59oA5WbbQvomJz2BuRG071,Jungle,Q17405943,1886516,11614048,Jungle (band),ok,220304,12,strict,UK001F,London,True,6.275660492909526,5.343022382589519,5.520587189896683,-0.1775648073071645,82.0,197.0
47,5jTtGLk1mGFMY5lQOvJYUj,bôa,Q285481,1380058,11444869,Bôa,ok,152607,12,strict,UK001F,London,True,6.139897338974157,5.18357445492718,5.423180478808046,-0.23960602388086638,108.0,263.0
48,3cniTumSiUysiPWXapGx1i,Cutting Crew,Q977526,628518,10972839,Cutting Crew,ok,143261,12,strict,UK001F,London,True,5.798317719871991,5.15612797832453,5.178105535370222,-0.02197755704569193,200.0,278.0
49,0XNa1vTidXlvJ2gHSsRi4A,Franz Ferdinand,Q173180,3218082,10807735,Franz Ferdinand (band),ok,452474,12,strict,UK004F,Glasgow,True,6.507597106168789,5.655593628887204,5.686995983621209,-0.03140235473400477,51.0,84.0
50,6H1RjVyNruCmrBEWRbD0VZ,Def Leppard,Q182890,6056540,10792689,Def Leppard,ok,1059388,12,strict,UK010F,Sheffield,True,6.782224589834995,6.025055049245889,5.884034422866722,0.14102062637916735,31.0,28.0
51,2ycnb8Er79LoH2AsR5ldjh,Pet Shop Boys,Q485625,2426999,10634217,Pet Shop Boys,ok,602016,12,strict,UK001F,London,True,6.385069597388972,5.7796080338149185,5.599085521156498,0.18052251265842045,72.0,63.0
52,6waa8mKu91GjzD4NlONlNJ,The Hollies,Q282925,1450461,10112715,The Hollies,ok,483428,12,strict,UK008F,Manchester,True,6.161506055984254,5.684331801001974,5.438684199764622,0.2456476012373523,102.0,75.0
53,5lpH0xAS4fVfLkACg9DAuM,Wham!,Q744087,3400543,10018855,Wham!,ok,570793,12,strict,UK001F,London,True,6.531548270887727,5.756478638443986,5.704180352976127,0.05229828546785953,50.0,66.0
54,536BYVgOnRky0xjsPT96zl,Two Door Cinema Club,Q777302,2655723,9884423,Two Door Cinema Club,ok,156026,12,strict,UK012F,Belfast,True,6.424182774820575,5.193196974736915,5.627148260297432,-0.433951285560517,63.0,253.0
55,0RUEHcBiENFEqxgicqS2ig,The Stranglers,Q1532854,862339,9836875,The Stranglers,ok,388910,12,strict,UK033F,Guildford,True,5.935678027874706,5.589849110257215,5.2766581650700015,0.31319094518721347,152.0,105.0
56,6hN9F0iuULZYWXppob22Aj,Simple Minds,Q748836,2504682,9628717,Simple Minds,ok,458231,12,strict,UK004F,Glasgow,True,6.398752594709462,5.661084466506649,5.608902733914078,0.05218173259257153,68.0,82.0
57,2wpWOzQE5TpA0dVnh5YD08,Bronski Beat,Q927927,730877,9566679,Bronski Beat,ok,309700,12,strict,UK001F,London,True,5.86384429526713,5.490941205356787,5.2251192354289335,0.26582196992785345,179.0,134.0
58,4Ly0KABsxlx4fNj63zJTrF,Seafret,Q28109766,1149369,9520023,Seafret,ok,23998,12,strict,UK026F,Hull,True,6.060459479459853,4.38017504899673,5.3661857758498845,-0.9860107268531548,123.0,686.0
59,3CkvROUTQ6nRi9yQOcsB50,Genesis,Q151012,3958098,9434858,Genesis (band),ok,1261025,12,strict,UK033F,Guildford,True,6.59748654285985,6.10072369660831,5.751489435164436,0.3492342614438737,43.0,20.0
60,2urZrEdsq72kx0UzfYN8Yv,Spandau Ballet,Q16011,1587103,9335819,Spandau Ballet,ok,655866,12,strict,UK001F,London,True,6.200605112564604,5.816815117721501,5.466736807543413,0.35007831017808844,94.0,56.0
61,69MEO1AADKg1IZrq2XLzo5,UB40,Q560153,2783787,9327767,UB40,ok,458264,12,strict,UK002F,Birmingham,True,6.4446360023955895,5.661115741566325,5.641822946112245,0.01929279545408047,61.0,81.0
62,1GhPHrq36VKCY3ucVaZCfo,The Chemical Brothers,Q208507,2435363,9143502,The Chemical Brothers,ok,389712,12,strict,UK008F,Manchester,True,6.386563703598812,5.590743778781003,5.600157505474032,-0.009413726693028757,71.0,104.0
63,1fa0cOhromAZdq2xRA4vv8,Simply Red,Q339430,2960800,9097250,Simply Red,ok,459516,12,strict,UK008F,Manchester,True,6.471409072087055,5.662300637791193,5.661031962614866,0.0012686751763268944,56.0,79.0
64,6J7biCazzYhU3gM9j1wfid,Jamiroquai,Q202041,3053662,9068742,Jamiroquai,ok,903027,12,strict,UK001F,London,True,6.484820964724815,5.955700735668667,5.670654664455898,0.2850460712127685,53.0,37.0
65,6mdiAmATAx73kdxrNrnlao,Iron Maiden,Q42482,10931269,9029433,Iron Maiden,ok,1492254,12,strict,UK001F,London,True,7.038670581685003,6.173842751695459,6.06802809061743,0.10581466107802928,14.0,14.0
66,6xeFne1rkxMhKSW3ipvkdV,Toploader,Q1742953,146489,8829850,Toploader,ok,75109,12,strict,UK055F,Eastbourne,True,5.165805014323847,4.875691979829057,4.724293285261844,0.151398694567213,482.0,435.0
67,0yNLKJebCb8Aueb54LYya3,New Order,Q214990,2651294,8786188,New Order (band),ok,822645,12,strict,UK008F,Manchester,True,6.423457888992281,5.915212462427171,5.626628172612356,0.288584289814815,64.0,42.0
68,6FXMGgJwohJLUSr5nVlf9X,Massive Attack,Q357418,2943616,8692931,Massive Attack,ok,722190,12,strict,UK011F,Bristol,True,6.4688811548644285,5.858651470555933,5.659218244419445,0.19943322613648817,58.0,52.0
69,67ea9eGLXYMsO2eYQRui3w,The Who,Q93346,6100346,8659112,The Who,ok,1192757,12,strict,UK001F,London,True,6.785354468064744,6.076551974006862,5.886280033222922,0.19027194078393972,29.0,23.0
70,5VadK1havLhK1OpKYsXv9y,D-Block Europe,Q63313993,1930307,8351560,D-Block Europe,ok,80155,12,strict,UK001F,London,True,6.285626385589624,4.903930618451621,5.527737471846473,-0.6238068533948518,79.0,420.0
71,3XHO7cRUPCLOr6jwp8vsx5,alt-J,Q47996,3499216,8110938,Alt-J,ok,158827,12,strict,UK003F,Leeds,True,6.543970751489122,5.200924332815705,5.713093176108686,-0.5121688432929803,48.0,251.0
72,1A92IAcd7A6npCA33oGM5i,The Proclaimers,Q289622,438174,8100195,The Proclaimers,ok,340252,12,excluded_no_defensible_fua,,,False,5.641646604188789,5.531800686664236,5.06569787792472,0.4661028087395165,264.0,121.0
73,4QTVePrFu1xuGM9K0kNXkk,Dexys Midnight Runners,Q247259,384886,7999321,Dexys Midnight Runners,ok,299941,12,strict,UK002F,Birmingham,True,5.585332114177662,5.477035835071681,5.025293621691625,0.45174221338005616,283.0,144.0
74,1SQRv42e4PjEYfPhS0Tk9E,The Kinks,Q188713,2958309,7864488,The Kinks,ok,639062,12,strict,UK001F,London,True,6.471043534767744,5.805542994233018,5.660769698613021,0.14477329561999674,57.0,58.0
75,3JsMj0DEzyWc0VDlHuy9Bx,Supertramp,Q176457,4214119,7695790,Supertramp,ok,837303,12,strict,UK001F,London,True,6.624706795228808,5.9228826472588265,5.771019294197655,0.15186335306117194,40.0,41.0
76,5cIc3SBFuBLVxJz58W2tU9,Oh Wonder,Q21452721,1128715,7552797,Oh Wonder,ok,50648,12,strict,UK001F,London,True,6.052584296617212,4.704562300513414,5.360535526590882,-0.6559732260774673,127.0,532.0
77,2nm38smINjms1LtczR0Cei,Goodboys,Q65052503,130149,7292613,Goodboys,ok,9047,12,strict,UK001F,London,True,5.114440835555893,3.9565045903166975,4.687440755127364,-0.7309361648106663,511.0,845.0
78,2NhdGz9EDv2FeUw6udu2g1,The Wanted,Q34918,2480552,7143333,The Wanted,ok,198989,12,strict,UK001F,London,True,6.394548335615845,5.2988290695185505,5.605886281813468,-0.3070572122949171,70.0,212.0
79,6kz53iCdBSqhQCZ21CoLcc,Culture Club,Q50037,1913999,7076755,Culture Club,ok,306926,12,strict,UK001F,London,True,6.281941706536648,5.487033679498139,5.525093805597098,-0.03806012609895948,81.0,137.0
80,568ZhdwyaiCyOGJRtNYhWf,Deep Purple,Q101505,6229490,6998809,Deep Purple,ok,1195395,12,strict,UK001F,London,True,6.794452493007151,6.077511434970182,5.892807641497728,0.1847037934724538,28.0,22.0
81,1GLtl8uqKmnyCWxHmw9tL4,The Kooks,Q211768,2737101,6950019,The Kooks,ok,259601,12,strict,UK515F,Brighton and Hove,True,6.43729082332659,5.414306361062251,5.636552961475552,-0.22224660041330058,62.0,170.0
82,3K2zB87GZv1krx031en5VA,La Roux,Q200002,712440,6858904,La Roux,ok,220009,12,strict,UK001F,London,True,5.852748294973684,5.34244044705125,5.217158129167822,0.12528231788342836,184.0,199.0
83,6i6WlGzQtXtz7GcC5H5st5,10cc,Q169145,952868,6808182,10cc,ok,481875,12,strict,UK008F,Manchester,True,5.979032742356952,5.682934395395032,5.307764102325355,0.37517029306967675,141.0,76.0
84,240wlM8vDrf6S4zCyzGj2W,CamelPhat,Q21008079,572358,6543464,CamelPhat,ok,47398,12,strict,UK006F,Liverpool,True,5.757667757447158,4.675760016625794,5.14894019093837,-0.4731801743125752,216.0,545.0
85,1XgFuvRd7r5g0h844A5ZUQ,Take That,Q152066,1517488,6539015,Take That,ok,906115,12,strict,UK008F,Manchester,True,6.181125265444568,5.957183319857785,5.452760498173232,0.5044228216845532,96.0,36.0
86,3UbyYnvNIT5DFXU4WgiGpP,Whitesnake,Q189965,3532823,6249726,Whitesnake,ok,564516,12,strict,UK559F,Middlesbrough,True,6.548121879141916,5.7516762555847,5.716071507712267,0.03560474787243262,46.0,68.0
87,7gAppWoH7pcYmphCVTXkzs,The Vamps,Q15042553,5952843,6167219,The Vamps (British band),ok,101435,12,strict,UK001F,London,True,6.774724428640651,5.006187833539161,5.878653242381452,-0.8724654088422907,32.0,362.0
88,1aX2dmV8XoHYCOQRxjPESG,The Human League,Q730158,1370364,6085844,The Human League,ok,437069,12,strict,UK010F,Sheffield,True,6.136835941020859,5.64055000437028,5.420984001359487,0.21956600301079288,109.0,88.0
89,0GByy3DcfbQwDvXGCWmzv9,Pretenders,Q667389,1771319,6044974,The Pretenders,ok,471695,12,excluded_no_defensible_fua,,,False,6.248296781102003,5.673661272718209,5.500954402258168,0.17270687046004074,87.0,77.0
90,2VAnyOxzJuSAj7XIuEOT38,AlunaGeorge,Q10353,456793,6010368,AlunaGeorge,ok,38758,12,strict,UK001F,London,True,5.659719440061202,4.588361358384558,5.078664691462467,-0.4903033330779083,254.0,591.0
91,6liAMWkVf5LH7YR9yfFy1Y,Portishead,Q191352,2540792,5958911,Portishead (band),ok,402086,12,strict,UK011F,Bristol,True,6.404969113318899,5.604318951917645,5.613362932536561,-0.009043980618915981,66.0,99.0
92,6MUyqmIQ35inLjch0YzIEG,Frou Frou,Q2629330,419619,5930276,Frou Frou,ok,26213,12,strict,UK001F,London,True,5.6228551444603685,4.418516727504681,5.052215469512409,-0.633698742007728,269.0,674.0
93,6aq8T2RcspxVOGgMrTzjWc,Soft Cell,Q1329303,869007,5766246,Soft Cell,ok,299038,12,strict,UK003F,Leeds,True,5.93902327477908,5.475726379433806,5.279058297133004,0.19666808230080246,151.0,146.0
94,7bPU7cvfoD20ixGD9Qnqki,Stealers Wheel,Q283638,253056,5726001,Stealers Wheel,ok,154910,12,strict,UK004F,Glasgow,True,5.403216638961541,5.1900794539415145,4.894630264477698,0.2954491894638167,363.0,256.0
95,2TzHIUhVpeeDxyJPpQfnV3,Katrina & The Waves,Q934582,171867,5671000,Katrina and the Waves,ok,135037,12,strict,UK017F,Cambridge,True,5.2351924962698115,5.130452781044627,4.774077090448751,0.35637569059587637,439.0,290.0
96,0HxX6imltnNXJyQhu4nsiO,LF SYSTEM,Q113022702,113693,5611864,LF System,ok,6936,12,strict,UK007F,Edinburgh,True,5.055733726297597,3.8411090844681537,4.645319853655864,-0.8042107691877103,537.0,872.0
97,13ccXrK7AmXb4TddMkE7jy,Everything But The Girl,Q313779,480010,5607393,Everything but the Girl,ok,229886,12,strict,UK026F,Hull,True,5.681250285083047,5.361512523649088,5.094112541190056,0.2673999824590316,244.0,192.0
98,47Z8LEl3LnQkcpva0xSthT,The La's,Q1860769,320009,5581915,The La's,ok,164366,12,strict,UK006F,Liverpool,True,5.505162192680446,5.215811986321462,4.96777368233462,0.24803830398684212,312.0,245.0
99,3iOvXCl6edW5Um0fXEBRXy,The xx,Q869367,3911861,5459918,The xx,ok,1008567,12,strict,UK001F,London,True,6.59238341462132,6.003704754074587,5.747828066644555,0.2558766874300318,44.0,30.0
100,20p5D2KrE8CGuOjHtxsyTp,Fine Young Cannibals,Q14528,1018624,5309505,Fine Young Cannibals,ok,290004,12,strict,UK002F,Birmingham,True,6.008013904458238,5.46240398812636,5.328557370616373,0.13384661750998728,131.0,154.0
101,21UJ7PRWb3Etgsu99f8yo8,Stereophonics,Q28963,1843050,5187258,Stereophonics,ok,304873,12,strict,UK009F,Cardiff,True,6.265537117329515,5.484118964312151,5.513323917854304,-0.02920495354215369,85.0,140.0
102,78SHxLdtysAXgywQ4vE0Oa,Bush,Q247949,2264067,5127264,Bush (British band),ok,398763,12,strict,UK001F,London,True,6.354889274680431,5.600714854651406,5.577431884735882,0.02328296991552392,74.0,100.0
103,5Wabl1lPdNOeIn0SQ5A1mp,Cocteau Twins,Q588820,1683661,5124023,Cocteau Twins,ok,564659,12,strict,UK551F,Falkirk,True,6.226254652098247,5.751786254674734,5.4851397188966615,0.2666465357780723,92.0,67.0
104,7iWiAD5LLKyiox2grgfmUT,Bullet For My Valentine,Q485385,3716305,5036374,Bullet for My Valentine,ok,261843,12,excluded_no_defensible_fua,,,False,6.570111349665332,5.418040968147725,5.731848409914217,-0.31380744176649156,45.0,167.0
105,4k1ELeJKT1ISyDv8JivPpB,The Prodigy,Q7256860,3074898,5031555,The Prodigy,ok,1071339,12,excluded_no_defensible_fua,,,False,6.487830714006763,6.029926914841038,5.672814085257918,0.3571128295831203,52.0,27.0
106,2jgPkn6LuUazBoBk6vvjh5,The Zombies,Q1163207,1164571,5025277,The Zombies,ok,301699,12,strict,UK001F,London,True,6.066165971160305,5.479573870681446,5.370280042757239,0.1092938279242075,121.0,143.0
107,72VzFto8DYvKHocaHYNWSi,Hot Chocolate,Q1368881,393132,5017699,Hot Chocolate,ok,151973,12,strict,UK001F,London,True,5.594538395785994,5.18176643667777,5.03189890145148,0.14986753522629037,278.0,264.0
108,2m62cc253Xvd9qYQ8d2X3d,The Alan Parsons Project,Q533478,1804870,4991688,The Alan Parsons Project,ok,451193,12,strict,UK004F,Glasgow,True,6.256445926288287,5.654362353198345,5.506801212734873,0.14756114046347246,86.0,86.0
109,3jNkaOXasoc7RsxdchvEVq,Chase & Status,Q1067983,1285130,4913546,Chase & Status,ok,117131,12,strict,UK001F,London,True,6.108947061851729,5.068671851068944,5.40097441910489,-0.3323025680359457,113.0,327.0
110,3sFhA6G1N0gG1pszb6kk1m,Wings,Q622988,1356305,4863252,Paul McCartney and Wings,ok,538101,12,excluded_no_defensible_fua,,,False,6.132357362777629,5.730863799134541,5.417770732041704,0.31309306709283735,111.0,72.0
111,3w4VAlllkAWI6m0AV0Gn6a,Hurts,Q493042,380397,4854547,Hurts (duo),ok,49810,12,strict,UK008F,Manchester,True,5.580237083216525,4.697316541732383,5.021638062768359,-0.32432152103597556,284.0,534.0
112,0z5DFXmhT4ZNzWElsM7V89,Erasure,Q484885,1261829,4832016,Erasure (duo),ok,309654,12,excluded_no_defensible_fua,,,False,6.101000504362759,5.490876694443144,5.395272960299316,0.09560373414382806,116.0,135.0
113,0TcYeHEK9sBtv7xPbKhzHz,Chumbawamba,Q1089523,225650,4700579,Chumbawamba,ok,397179,12,strict,UK050F,Burnley,True,5.3534353378561645,5.598986278027722,4.85891340998641,0.7400728680413113,383.0,102.0
114,0uAjBatvB4ubpd4kCfjmNt,A Flock Of Seagulls,Q300409,774464,4670482,A Flock of Seagulls,ok,275254,12,strict,UK006F,Liverpool,True,5.889001234923216,5.439733638871056,5.243168718531846,0.1965649203392097,169.0,161.0
115,72X6FHxaShda0XeQw3vbeF,Slowdive,Q1502037,1560399,4658345,Slowdive,ok,231776,12,strict,UK552F,Reading,True,6.193235663317131,5.365068463520622,5.461449409652872,-0.09638094613224979,95.0,189.0
116,0sHeX8oQ6o7xic3wMf4NBU,Supergrass,Q1120684,719253,4645328,Supergrass,ok,153257,12,reviewed_extended,UK560F,Oxford,True,5.856881682005851,5.185420320005754,5.220123732314103,-0.034703412308348724,183.0,261.0
117,74oJ4qxwOZvX6oSsu1DGnw,Cream,Q203736,2788886,4518268,Cream (band),ok,627219,12,strict,UK001F,London,True,6.445430762174686,5.79741920571939,5.642393166631901,0.15502603908748824,60.0,59.0
118,1DFr97A9HnbV3SKTJFu62M,Motörhead,Q19697,4680274,4453633,Motörhead,ok,763808,12,strict,UK001F,London,True,6.67027127897257,5.882984202790454,5.803710686341096,0.07927351644935854,36.0,45.0
119,7AC976RDJzL2asmZuz7qil,Yes,Q184386,2203167,4447983,Yes (band),ok,1016169,12,strict,UK001F,London,True,6.3430474179086564,6.006965941869007,5.5689356448660385,0.43803029700296836,75.0,29.0
120,6fvN9GmMCVKb5LY0WsnjFP,Nazareth,Q683695,1724966,4341186,Nazareth (band),ok,325297,12,reviewed_extended,UK007F,Edinburgh,True,6.236780539317753,5.512280058088329,5.4926917831027575,0.019588274985571807,90.0,127.0
121,6FQqZYVfTNQ1pCqfkwVFEa,Foals,Q728958,1504353,4201622,Foals (band),ok,94521,12,strict,UK560F,Oxford,True,6.177349756444388,4.975528307672398,5.4500516636792415,-0.47452335600684314,97.0,383.0
122,48nHO1cuTbpx4ELhChsxX1,Sidewalks and Skeletons,Q58884625,530960,4198181,,no_enwiki_article,0,0,excluded_no_defensible_fua,,,False,,,,,,
123,6IZ4ctovY9dl7bgHClAvKJ,LSD,Q52397902,387536,4191261,LSD (group),ok,52866,12,excluded_no_defensible_fua,,,False,5.588312052326564,4.723176451626107,5.027431653741692,-0.3042552021155851,281.0,519.0
124,0s4kXsjYeH0S1xRyVGN4NO,FLO,Q111548374,626883,4183163,Flo (group),ok,218713,12,excluded_no_defensible_fua,,,False,5.79718649267147,5.339874597671708,5.177293907782746,0.16258068988896213,201.0,201.0
125,4GITZM5LCR2KcdlgEOrNLD,The Foundations,Q1421054,169026,4165829,The Foundations,ok,89065,12,strict,UK001F,London,True,5.227953514010299,4.949707072239809,4.7688832994009696,0.18082377283883933,445.0,396.0
126,3CjlHNtplJyTf9npxaPl5w,CHVRCHES,Q5118436,1434807,4152413,Chvrches,ok,179433,12,strict,UK004F,Glasgow,True,6.156793486803732,5.253902318306344,5.4353030477263395,-0.18140072941999552,104.0,228.0
127,7zrkALJ9ayRjzysp4QYoEg,Maribou State,Q20711766,527128,4147945,Maribou State,ok,38819,12,excluded_no_defensible_fua,,,False,5.721916085694228,4.589044343518195,5.123289249129583,-0.5342449056113887,228.0,588.0
128,432R46LaYsJZV2Gmc4jUV5,Joy Division,Q172763,2965374,4140711,Joy Division,ok,971682,12,strict,UK008F,Manchester,True,6.472079475404503,5.987524157681903,5.661512960443531,0.3260111972383717,55.0,33.0
129,7avo0PmlW8O1YLEt9DnWQT,Studio Killers,Q860988,305458,4136257,Studio Killers,ok,35937,12,excluded_no_defensible_fua,,,False,5.484951503867628,4.555541819633662,4.953273012093638,-0.39773119245997623,319.0,611.0
130,3M4ThdJR28z9eSMcQHAZ5G,The Fratellis,Q1127565,958629,4131358,The Fratellis,ok,124233,12,strict,UK004F,Glasgow,True,5.981650562929785,5.094236972767034,5.3096423239549235,-0.21540535118788995,140.0,312.0
131,2tRsMl4eGxwoNabM08Dm4I,Judas Priest,Q83468,4744039,4112763,Judas Priest,ok,890663,12,strict,UK002F,Birmingham,True,6.676148250637651,5.949713411191206,5.807927268414087,0.14178614277711876,35.0,39.0
132,3dBVyJ7JuOMt4GE9607Qin,T. Rex,Q211770,1266989,4010971,T. Rex (band),ok,386049,12,strict,UK001F,London,True,6.102772844354602,5.5866424318194925,5.396544570486116,0.1900978613333768,114.0,107.0
133,54QMjE4toDfiCryzYWCpXX,Metronomy,Q151783,1135985,3971668,Metronomy,ok,55839,12,strict,UK516F,Plymouth,True,6.055372596814932,4.746937632065486,5.36253606314233,-0.6155984310768439,126.0,504.0
134,7Fo8TAyGJr4VmhE68QamMf,Talk Talk,Q595705,712227,3944807,Talk Talk,ok,340811,12,strict,UK001F,London,True,5.85261843343364,5.532513603589396,5.217064956718994,0.31544864687040164,185.0,120.0
135,0Vw76uk7P8yVtTClWyOhac,HONNE,Q20740961,1667711,3880260,Honne (band),ok,28153,12,excluded_no_defensible_fua,,,False,6.222120793316324,4.449524680325029,5.482173777281577,-1.0326490969565487,93.0,656.0
136,3sc7iUG1Wwpwx7bHeZolgx,Bananarama,Q725926,929042,3805410,Bananarama,ok,541369,12,strict,UK001F,London,True,5.9680353479612736,5.733493383472914,5.299873743361408,0.4336196401115062,144.0,71.0
137,1PXHzxRDiLnjqNrRn2Xbsa,Underworld,Q849429,827351,3783264,Underworld (band),ok,346459,12,strict,UK001F,London,True,5.917689796158515,5.539651847527038,5.2637520529255495,0.2758997946014885,157.0,117.0
138,2yEkZBBjhzKzt6LF5XMaFi,Blue,Q32825,822804,3677775,Blue (English group),ok,292725,12,strict,UK001F,London,True,5.915296394317904,5.466459814672949,5.26203484619567,0.2044249684772792,159.0,151.0
139,11wRdbnoYqRddKBrpHt4Ue,Kasabian,Q272517,1926968,3649101,Kasabian,ok,302430,12,strict,UK014F,Leicester,True,6.2848745026477655,5.480624869462199,5.527198014398947,-0.046573144936748356,80.0,141.0
140,1uRxRKC7d9zwYGSRflTKDR,SAULT,Q104771175,653952,3625737,Sault (band),ok,174006,12,excluded_no_defensible_fua,,,False,5.815545872330132,5.240564223696194,5.19046630941264,0.05009791428355381,197.0,238.0
141,5AEG63ajney2BoDXi0Vb84,Bad Company,Q745517,1458078,3616192,Bad Company,ok,536361,12,strict,UK001F,London,True,6.163780757221668,5.72945719181088,5.440316241742309,0.2891409500685711,100.0,73.0
142,4AYkFtEBnNnGuoo8HaHErd,Madness,Q745741,912052,3611935,Madness (band),ok,435610,12,strict,UK001F,London,True,5.9600196000271675,5.639097840998727,5.294122642119693,0.34497519887903394,145.0,89.0
143,1kDGbuxWknIKx4FlgWxiSp,Nothing But Thieves,Q20684996,1421470,3587725,Nothing but Thieves,ok,137479,12,strict,UK001F,London,True,6.152737698376132,5.13823636448889,5.432393119663001,-0.2941567551741109,106.0,286.0
144,2TwOrUcYnAlIiKmVQkkoSZ,Wet Leg,Q107475751,989381,3584069,Wet Leg,ok,1329952,12,excluded_no_defensible_fua,,,False,5.995363565948935,6.12383596689843,5.31948106506048,0.8043549018379501,134.0,17.0
145,3btzEQD6sugImIHPMRgkwV,Wolf Alice,Q8029799,973763,3575621,Wolf Alice,ok,624980,12,strict,UK001F,London,True,5.988453268668377,5.795866119698291,5.314523097370187,0.48134302232810366,137.0,60.0
146,1v5bOzXbhrQ57qSvRwGA6s,The Irrepressibles,Q3020511,266977,3531545,The Irrepressibles,ok,71086,12,strict,UK001F,London,True,5.426473848617997,4.8517840772215965,4.911316738208359,-0.05953266098676213,351.0,452.0
147,4FrXHrpbDLNyO3pbVv8RmF,Sophie and the Giants,Q100595483,90162,3507868,Sophie and the Giants,ok,31255,12,excluded_no_defensible_fua,,,False,4.955023536792821,4.4949195032388225,4.573062779122639,-0.07814327588381609,593.0,640.0
148,1lYT0A0LV5DUfxr6doRP3d,The Stone Roses,Q29606,1863145,3488308,The Stone Roses,ok,679259,12,strict,UK008F,Manchester,True,6.27024665535216,5.832035401413731,5.5167028951116475,0.31533250630208354,83.0,55.0
149,057gc1fxmJ2vkctjQJ7Tal,The Buggles,Q201568,190767,3487007,The Buggles,ok,266385,12,strict,UK001F,London,True,5.280503250046149,5.425509766291669,4.806586437604911,0.6189233286867584,412.0,166.0
150,6RZUqkomCmb8zCRqc9eznB,Placebo,Q484839,2201483,3460472,Placebo (band),ok,344123,12,strict,UK001F,London,True,6.342715336157253,5.536713700343303,5.568697384408182,-0.03198368406487884,76.0,118.0
151,4nlqDmbzFzbNITaqjJv7D7,The Sundays,Q3122789,684291,3421091,The Sundays,ok,261788,12,strict,UK001F,London,True,5.835240828062889,5.417949735212347,5.204596953901626,0.21335278131072144,188.0,168.0
152,7wJ9NwdRWtN92NunmXuwBk,Orchestral Manoeuvres In The Dark,Q956500,949812,3287803,Orchestral Manoeuvres in the Dark,ok,330656,12,strict,UK006F,Liverpool,True,5.977637652191526,5.519376407709135,5.306763159575079,0.21261324813405658,142.0,126.0
153,5WWSL6rElJeUk3Uc1S2RyD,Dead Or Alive,Q368961,490402,3275455,Dead or Alive (band),ok,234820,12,strict,UK006F,Liverpool,True,5.69055223269142,5.370735083715832,5.10078645894304,0.269948624772792,242.0,187.0
154,67tgMwUfnmqzYsNAtnP6YJ,Groove Armada,Q117522,783480,3267951,Groove Armada,ok,127643,12,strict,UK001F,London,True,5.894027914652088,5.1059970028869905,5.246775237133487,-0.14077823424649605,168.0,305.0
155,2FwJwEswyIUAljqgjNSHgP,Snakehips,Q22116844,392037,3159265,Snakehips (duo),ok,9449,12,excluded_no_defensible_fua,,,False,5.593327057167204,3.9753858489894673,5.031029795899268,-1.0556439469098002,279.0,842.0
156,1inWec2E2UgfzMAhwjgTXe,Generation X,Q1157004,181331,3158701,Generation X (band),ok,162063,12,strict,UK001F,London,True,5.25847205659445,5.2096838740094915,4.7907796002320175,0.41890427377747397,428.0,248.0
157,73A3bLnfnz5BoQjb4gNCga,BICEP,Q28855240,673233,3141387,Bicep (duo),ok,51053,12,excluded_no_defensible_fua,,,False,5.828165395727207,4.708021267385997,5.199520505886304,-0.49149923850030675,191.0,528.0
158,1G1mX30GpUJqOr1QU2eBSs,Yazoo,Q1410055,802850,3044119,Yazoo (band),ok,254574,12,strict,UK001F,London,True,5.904634411707706,5.405814046477392,5.254385136906815,0.1514289095705772,163.0,174.0
159,3MM8mtgFzaEJsqbjZBSsHJ,Bloc Party,Q205838,1261856,3039480,Bloc Party,ok,294130,12,strict,UK001F,London,True,6.101009797084323,5.468539322942948,5.39527962759761,0.07325969534533794,115.0,150.0
160,4VNQWV2y1E97Eqo2D5UTjx,Gorgon City,Q16839700,552337,3028602,Gorgon City,ok,28363,12,strict,UK001F,London,True,5.742204136755465,4.4527521649644575,5.137845424873808,-0.6850932599093502,224.0,655.0
161,7rZNSLWMjTbwdLNskFbzFf,Sugababes,Q193697,758443,3027300,Sugababes,ok,452650,12,strict,UK001F,London,True,5.8799229473961105,5.655762524706514,5.236655271365222,0.4191072533412923,171.0,83.0
162,3ZztVuWxHzNpl0THurTFCv,Architects,Q620454,1369211,3025569,Architects (British band),ok,271893,12,strict,UK515F,Brighton and Hove,True,6.136470379525226,5.4343980266367575,5.420721720011728,0.01367630662502961,110.0,165.0
163,0LbLWjaweRbO4FDKYlbfNt,Kaiser Chiefs,Q192308,1422089,2999896,Kaiser Chiefs,ok,202736,12,strict,UK003F,Leeds,True,6.152926777124661,5.30693087357284,5.4325287789969,-0.12559790542406013,105.0,209.0
164,2J80qXI4NHKpq5RT3xUF7V,Third Party,Q30597951,151080,2971418,Third Party (DJs),ok,10232,12,excluded_no_defensible_fua,,,False,5.179206976155488,4.009960531470598,4.733908861994667,-0.7239483305240695,471.0,828.0
165,4YrKBkKSVeqDamzBPWVnSJ,Basement Jaxx,Q544018,623916,2938717,Basement Jaxx,ok,127537,12,strict,UK001F,London,True,5.795126123028362,5.105636197042258,5.175815643432335,-0.07017944639007734,202.0,306.0
166,6edGSAX5dVpeJVwu1Q0NwJ,Lighthouse Family,Q707351,660194,2921952,Lighthouse Family,ok,95393,12,strict,UK013F,Newcastle,True,5.819671573040745,4.979516507063514,5.193426397812974,-0.2139098907494601,195.0,377.0
167,3lDpdwM8KILepMHqBWUhIA,The Struts,Q17587679,468353,2895181,The Struts,ok,131222,12,strict,UK518F,Derby,True,5.670573306415705,5.118006652704504,5.086452072600438,0.03155458010406598,251.0,297.0
168,0Ya43ZKWHTKkAbkoJJkwIB,The Wombats,Q1347289,1143548,2884656,The Wombats,ok,106454,12,strict,UK006F,Liverpool,True,6.058254398673962,5.027161984659171,5.364603684827304,-0.33744170016813335,124.0,350.0
169,3bUwxJgNakzYKkqAVgZLlh,Travis,Q160103,1176704,2884486,Travis (band),ok,186971,12,strict,UK004F,Glasgow,True,6.070667229764576,5.271774250832444,5.373509584674114,-0.10173533384166955,120.0,220.0
170,5KORW1YGiERJqfuYjXMCyz,Mattafix,Q21075,113982,2878488,Mattafix,ok,26349,12,strict,UK001F,London,True,5.056836273109328,4.420764137471791,4.646110903772474,-0.2253467663006825,535.0,673.0
171,2S5hlvw4CMtMGswFtfdK15,Royal Blood,Q16632343,1759451,2873864,Royal Blood (band),ok,118573,12,strict,UK515F,Brighton and Hove,True,6.245377176413645,5.073985808033679,5.498859657976467,-0.424873849942788,88.0,325.0
172,2e53aHBQdCMKWqHDuyJsjC,Free,Q45650,631085,2860415,Free (band),ok,324603,12,strict,UK001F,London,True,5.800087857730397,5.511352529283882,5.179375565580649,0.3319769637032328,199.0,128.0
173,3Bd1cgCjtCI32PYvDC3ynO,London Grammar,Q14557360,1695264,2832139,London Grammar,ok,129424,12,strict,UK029F,Nottingham,True,6.229237339598312,5.112014818072208,5.48727972353831,-0.3752649054661026,91.0,302.0
174,36E7oYfz3LLRto6l2WmDcD,Pulp,Q504464,1164307,2830863,Pulp (band),ok,405240,12,strict,UK010F,Sheffield,True,6.066067508515449,5.6077123066830366,5.370209398240502,0.23750290844253463,122.0,97.0
175,0bZCak2tcRMY1dzEIuwF42,The Heavy,Q181241,516287,2796068,The Heavy (band),ok,55163,12,strict,UK031F,Bath and North East Somerset,True,5.712891189739564,4.741647876938491,5.116814109098,-0.3751662321595086,233.0,507.0
176,2TM0qnbJH4QPhGMCdPt7fH,Neck Deep,Q16955493,1843051,2790501,Neck Deep,ok,86059,12,strict,UK022F,Wrexham,True,6.2655373529684635,4.934796295302136,5.513324086919432,-0.5785277916172964,84.0,404.0
177,2rGm8R7YDTbqDCVlNssQyL,DNA,Q1154629,18304,2774617,DNA (duo),ok,16982,12,strict,UK031F,Bath and North East Somerset,True,4.26254600711293,4.229988836544811,4.076227248172815,0.15376158837199583,886.0,754.0
178,1mZu3rO7qSD09GdDpePHhY,Frankie Goes To Hollywood,Q73597,960764,2758706,Frankie Goes to Hollywood,ok,306895,12,strict,UK006F,Liverpool,True,5.982616721607318,5.486989812869429,5.310335518952537,0.1766542939168918,139.0,138.0
179,6JMHws5haIO6V35YNYDnDw,Atomic Kitten,Q208392,525204,2751716,Atomic Kitten,ok,272544,12,strict,UK006F,Liverpool,True,5.720328025055127,5.435436625565425,5.122149854828699,0.3132867707367266,229.0,164.0
180,3v4feUQnU3VEUqFrjmtekL,Faces,Q1136388,468654,2718313,Faces (band),ok,382139,12,excluded_no_defensible_fua,,,False,5.670852328116823,5.582221362787779,5.086652263782216,0.49556909900556345,250.0,108.0
181,1bdytLV3FPjyhfrb6BhMej,Asia,Q726891,774209,2716602,Asia (band),ok,386214,12,excluded_no_defensible_fua,,,False,5.888858215584872,5.58682801261413,5.243066105687593,0.3437619069265372,170.0,106.0
182,5TnuP42pw475UrjjeabtwZ,The Waterboys,Q1422720,371425,2670888,The Waterboys,ok,295401,12,excluded_no_defensible_fua,,,False,5.5698711320280045,5.470411961164647,5.0142007487158295,0.45621121244881735,288.0,149.0
183,4zKYrXs8iN4AeHmO8ZxNqp,Still Corners,Q7617018,415092,2608941,Still Corners,ok,46568,12,strict,UK001F,London,True,5.618144363372894,4.668087586276824,5.048835600386741,-0.38074801410991643,271.0,550.0
184,1caBfBEapzw8z2Qz9q0OaQ,Asking Alexandria,Q731642,2530673,2592556,Asking Alexandria,ok,211003,12,strict,UK533F,York,True,6.403236031578503,5.324288630056857,5.612119489175926,-0.2878308591190697,67.0,205.0
185,5TDVKqW9uhqGjwwwKGuma4,All Saints,Q165386,609132,2567281,All Saints (group),ok,416270,12,strict,UK001F,London,True,5.784711415226873,5.6193751130152165,5.168343347713754,0.4510317653014626,208.0,95.0
186,01pKrlgPJhm5dB4lneYAqS,Sigma,Q16333772,360513,2550591,Sigma (DJs),ok,24036,12,strict,UK003F,Leeds,True,5.556920929877833,4.3808621953412015,5.004909298400955,-0.6240471030597536,293.0,685.0
187,2mbvqMGpwLsakeH45p1Jrb,Mungo Jerry,Q1427200,142677,2528248,Mungo Jerry,ok,240135,12,excluded_no_defensible_fua,,,False,5.154353969063126,5.380455463676687,4.716077443002427,0.6643780206742598,488.0,182.0
188,4aaBjq7VqqQvpSF69GglvO,Moloko,Q1121732,516418,2507932,Moloko,ok,102657,12,strict,UK010F,Sheffield,True,5.713001371403125,5.011388568492024,5.116893161721327,-0.10550459322930283,232.0,358.0
189,4gIdjgLlvgEOz7MexDZzpM,Status Quo,Q322265,872142,2503249,Status Quo (band),ok,397404,12,strict,UK001F,London,True,5.940587201441391,5.599232234110447,5.280180375901386,0.3190518582090611,150.0,101.0
190,5r1bdqzhgRoHC3YcCV6N5a,The Darkness,Q421794,510654,2453090,The Darkness (band),ok,317173,12,strict,UK569F,Ipswich,True,5.708126738125885,5.501296210013488,5.113395732694853,0.3879004773186354,237.0,129.0
191,5JsdVATHNPE0XdMFMRoSuf,Texas,Q916484,572024,2420479,Texas (band),ok,159704,12,strict,UK004F,Glasgow,True,5.757414250556846,5.203315793760101,5.148758306003409,0.05455748775669189,217.0,250.0
192,1NRzxuPpdGushT8YmF5NAa,Edison Lighthouse,Q1116554,80780,2393214,Edison Lighthouse,ok,87570,12,strict,UK001F,London,True,4.907303848833969,4.942355349707677,4.538825081164763,0.4035302685429141,627.0,399.0
193,6Zh3xrWlA0SA9Fsfj9AVwm,Wang Chung,Q2030370,413141,2358411,Wang Chung (band),ok,218815,12,strict,UK001F,London,True,5.6160982963810735,5.34007709002857,5.04736759783551,0.29270949219306,272.0,200.0
194,49DW3KvkyjHO35mK1JnSyS,The Cult,Q887376,852449,2277310,The Cult,ok,428848,12,strict,UK003F,Leeds,True,5.93066840563389,5.632303389017869,5.273063884794908,0.3592395042229608,155.0,91.0
195,6SLAMfhOi7UJI0fMztaK0m,Rainbow,Q16005,1739107,2270623,Rainbow (rock band),ok,511002,12,strict,UK001F,London,True,6.240326303152797,5.708422599914094,5.495235781112947,0.2131868188011472,89.0,74.0
196,1KNXft7nnRQj82sENi7WGN,Sohodolls,Q527586,321285,2252106,Sohodolls,ok,20887,12,strict,UK001F,London,True,5.50689044989233,4.31987606673915,4.9690136642151606,-0.6491375974760105,311.0,711.0
197,0fgYKF9Avljex0L9Wt5b8Z,Echo & the Bunnymen,Q925641,1120606,2210172,Echo & the Bunnymen,ok,337466,12,strict,UK006F,Liverpool,True,6.049452943457193,5.528230023815327,5.358288858008626,0.16994116580670138,128.0,123.0
198,0qLNsNKm8bQcMoRFkR8Hmh,James,Q1277864,661228,2205349,James (band),ok,438426,12,excluded_no_defensible_fua,,,False,5.820351235685895,5.641896301228384,5.193914038980661,0.44798226224772275,194.0,87.0
199,60FV7KyxIH9FH1uq7u8inP,The Shapeshifters,Q664467,99295,2179710,The Shapeshifters,ok,21484,12,strict,UK001F,London,True,4.996927380146128,4.332115143703462,4.603127752163574,-0.27101260846011144,568.0,707.0
200,0MmnmsAuQKRFpo6vJElcaU,Amber Run,Q16821378,590700,2165390,Amber Run,ok,16506,12,excluded_no_defensible_fua,,,False,5.77136697085778,4.217641840773327,5.158769038340259,-0.9411271975669324,212.0,759.0
201,2xaAOVImG2O6lURwqperlD,Catfish and the Bottlemen,Q16825909,1222331,2164420,Catfish and the Bottlemen,ok,130022,12,excluded_no_defensible_fua,,,False,6.087188826207869,5.114016842077892,5.385363422220059,-0.2713465801421666,118.0,301.0
202,10gzBoINW3cLJfZUka8Zoe,Above & Beyond,Q323187,889088,2160062,Above & Beyond (band),ok,99391,12,strict,UK001F,London,True,5.948944748622612,4.997347060179016,5.286176709664215,-0.28882964948519874,148.0,367.0
203,46CitWgnWrvF9t70C2p1Me,Daughter,Q5227901,1446477,2134237,Daughter (band),ok,66724,12,strict,UK001F,London,True,6.160311532451684,4.824282073688675,5.437827158621626,-0.6135450849329507,103.0,462.0
204,5BcZ22XONcRoLhTbZRuME1,The Moody Blues,Q211965,1500809,2129836,The Moody Blues,ok,686332,12,strict,UK002F,Birmingham,True,6.176325425405071,5.83653424819773,5.449316731448266,0.38721751674946425,98.0,54.0
205,7nkLRaWHImCvWGHdNGnhVE,Ten Years After,Q630808,656932,2124380,Ten Years After,ok,202838,12,strict,UK029F,Nottingham,True,5.81752041742406,5.307149319716271,5.191882996767939,0.11526632294833217,196.0,208.0
206,0L9xkvBPcEp1nrhDrodxc5,Level 42,Q123025,788876,2112387,Level 42,ok,236203,12,excluded_no_defensible_fua,,,False,5.897008743706308,5.373285409260442,5.2489139083861245,0.12437150087431714,166.0,186.0
207,6x33CmZWo2Ve4hxYl2Craq,Foghat,Q114651,1001735,2100357,Foghat,ok,208094,12,excluded_no_defensible_fua,,,False,6.000752848019135,5.31825955832572,5.323347741889726,-0.005088183564005533,133.0,206.0
208,6bWxFw65IEJzBYjx3SxUXd,Morcheeba,Q749019,988331,2099112,Morcheeba,ok,123299,12,strict,UK001F,London,True,5.994902417663599,5.090959554322876,5.319150202551054,-0.22819064822817747,135.0,315.0
209,2sIx6SmAMw9IBySG3Uj0jf,Soul II Soul,Q977786,374840,2087009,Soul II Soul,ok,117101,12,excluded_no_defensible_fua,,,False,5.573845929207077,5.068560603805305,5.017052567557945,0.05150803624735989,287.0,328.0
210,5jVeqi3PNaTOajfvBa4uFn,Thompson Twins,Q1500069,750750,2069490,Thompson Twins,ok,349783,12,strict,UK010F,Sheffield,True,5.875495340871018,5.5437986982655785,5.233478572996759,0.31032012526881925,173.0,116.0
211,2u0gw0uCWBMiqV7h0N8kai,Wet Wet Wet,Q49871,614358,2057236,Wet Wet Wet,ok,175130,12,strict,UK004F,Glasgow,True,5.78842151790933,5.243360547673767,5.171005254789597,0.0723552928841702,204.0,235.0
212,4G9wSdX0klmoHfjm9i6DLd,Loathe,Q30610109,613049,1996442,Loathe (band),ok,138752,12,strict,UK006F,Liverpool,True,5.7874951883506105,5.142239251850237,5.17034063620139,-0.028101384351153058,205.0,281.0
213,6UL7BodGc5iVmQGlMwHR0g,Steel Pulse,Q1542680,736715,1883347,Steel Pulse,ok,63469,12,strict,UK002F,Birmingham,True,5.86729951246505,4.802561655744188,5.227598268462494,-0.4250366127183067,178.0,473.0
214,0O0lrN34wrcuBenkqlEDZe,The Psychedelic Furs,Q276463,722130,1846381,The Psychedelic Furs,ok,217629,12,strict,UK001F,London,True,5.85861538759796,5.337716766489375,5.22136762327294,0.11634914321643564,182.0,203.0
215,1n65zfwYIj5kKEtNgxUlWb,Siouxsie and the Banshees,Q323834,1457428,1823237,Siouxsie and the Banshees,ok,610771,12,strict,UK001F,London,True,6.163587108902704,5.785878408150312,5.440177303854441,0.34570110429587064,101.0,61.0
216,2pH3wEn4eYlMMIIQyKPbVR,DragonForce,Q212715,1321799,1802181,DragonForce,ok,337897,12,strict,UK001F,London,True,6.121165418971356,5.528784335932252,5.40974078867889,0.1190435472533613,112.0,122.0
217,7sjttK1WcZeyLPn3IsQ62L,Noel Gallagher's High Flying Birds,Q194227,1117710,1799845,Noel Gallagher's High Flying Birds,ok,134390,12,strict,UK008F,Manchester,True,6.048329136522518,5.128366953938082,5.357482554278695,-0.22911560034061296,129.0,291.0
218,5APEQlUaQ5K70LgPqAdTuU,Night Tapes,Q122918147,135032,1719979,Night Tapes,ok,16657,12,excluded_no_defensible_fua,,,False,5.1304367001733695,4.221596785740263,4.698917393068092,-0.47732060732782866,500.0,758.0
219,14H7ag1wpQOsPPQJOD6Dqr,Zero 7,Q191915,592881,1686407,Zero 7,ok,95039,12,strict,UK001F,London,True,5.77296753277476,4.977901858016256,5.159917401999378,-0.18201554398312147,210.0,379.0
220,4GvOygVQquMaPm8oAc0vXi,The Streets,Q316029,601898,1675316,The Streets,ok,191784,12,strict,UK002F,Birmingham,True,5.779522900243868,5.282812372378137,5.164620716312828,0.11819165606530913,209.0,217.0
221,0G8zjE6SsFTlbglCkU8pm3,Starsailor,Q1051417,247718,1655319,Starsailor (band),ok,60485,12,strict,UK008F,Manchester,True,5.393957564989761,4.781647684984131,4.887987107500461,-0.10633942251632966,369.0,487.0
222,6Hd3xhv1sj3rlojjvGLkGR,Black Box Recorder,Q442456,243011,1619909,Black Box Recorder,ok,35588,12,strict,UK001F,London,True,5.385625932574351,4.551303581896227,4.88200936694229,-0.33070578504606285,372.0,614.0
223,5rIqOJspxDq89aBBCUda1X,Smokie,Q815849,728999,1611813,Smokie (band),ok,194278,12,strict,UK003F,Leeds,True,5.862726932577536,5.288423623968002,5.2243175552857455,0.0641060686822561,180.0,216.0
224,2P560DaOMNDUACoH8ZhOCR,The Jam,Q916461,862279,1609992,The Jam,ok,243890,12,strict,UK001F,London,True,5.935647809392788,5.387193993696869,5.27663648405529,0.11055750964157873,153.0,178.0
225,0gcMPgunYh4rX1UOdvZKBn,Londonbeat,Q1869183,72136,1590343,Londonbeat,ok,56402,12,excluded_non_uk,,,False,4.858152056666976,4.751294504223833,4.503559883794804,0.24773462042902938,651.0,501.0
226,6w6z8m4WXX7Tub4Rb6Lu7R,Jethro Tull,Q192353,2025126,1535908,Jethro Tull (band),ok,732365,12,strict,UK532F,Luton,True,6.306452049477777,5.864727581028245,5.542679371520872,0.3220482095073729,78.0,49.0
227,1N2FgBLehaq77UEdJhCt7f,Saint Etienne,Q1430158,195555,1513825,Saint Etienne (band),ok,146621,12,strict,UK001F,London,True,5.291268924581931,5.166196177201174,4.81431054329032,0.3518856339108538,408.0,272.0
228,3jTlKw98Ql1jGRPYqhqHap,Skindred,Q973760,681458,1507719,Skindred,ok,122834,12,strict,UK558F,Newport,True,5.8334390943154775,5.089318594562536,5.2033042544209085,-0.11398565985837283,189.0,317.0
229,4uRYpUQZrNrY5t8tAv3XrD,NERO,Q1066310,808732,1501385,Nero (band),ok,36716,12,strict,UK001F,London,True,5.907804627664183,4.564855361185195,5.256659688586044,-0.691804327400849,161.0,604.0
230,2utNxkLhreF1oIfO8kQT3q,Manfred Mann's Earth Band,Q1926913,487796,1497096,Manfred Mann's Earth Band,ok,169952,12,strict,UK001F,London,True,5.688238234712746,5.230326279739043,5.099126222523697,0.131200057215346,243.0,241.0
231,6rEzedK7cKWjeQWdAYvWVG,Five,Q24791,551020,1473171,Five (group),ok,404890,12,strict,UK001F,London,True,5.741167362430739,5.607337050667031,5.137101564892765,0.4702354857742659,225.0,98.0
232,5nSAh3wlH7VaqpnkiMjzDs,WSTRN,Q21475095,335397,1459546,WSTRN,ok,17829,12,excluded_no_defensible_fua,,,False,5.525559173686666,4.251126984977872,4.982408012624996,-0.7312810276471238,303.0,742.0
233,3Eo78i1MPfle0XVjMvia8A,Dario G,Q1165942,37747,1447823,Dario G,ok,37924,12,excluded_no_defensible_fua,,,False,4.576882441124978,4.578914137904182,4.3017558789161745,0.27715825898800706,796.0,593.0
234,6xnvNmSzmeOE1bLKnYXKW3,The Specials,Q19057,741585,1432373,The Specials,ok,282846,12,strict,UK025F,Coventry,True,5.8701609367741,5.451550041339779,5.2296512697584605,0.22189877158131832,176.0,158.0
235,1NUD5By34MFynmuUynCfSj,The Real Thing,Q458284,112151,1425692,The Real Thing (British band),ok,88941,12,strict,UK006F,Liverpool,True,5.049803150344717,4.949102008090659,4.641064811829814,0.3080371962608446,539.0,397.0
236,1EJWNhiYbOyeUHbsS7Kp1P,Sneaker Pimps,Q1754009,342340,1412387,Sneaker Pimps,ok,144955,12,strict,UK559F,Middlesbrough,True,5.534457646331426,5.161233200270239,4.988792447052992,0.17244075321724672,301.0,276.0
237,6zpPKMhpOoG646kJgZ7RKf,Johnny Hates Jazz,Q1294961,249325,1399373,Johnny Hates Jazz,ok,84945,12,strict,UK001F,London,True,5.396765827712324,4.92913782068221,4.890001966670629,0.03913585401158137,367.0,406.0
238,0GbqW5TJr7n4is453VOY4C,Procol Harum,Q214486,564567,1385101,Procol Harum,ok,350379,12,strict,UK001F,London,True,5.751715489225791,5.544538068793349,5.144669585445242,0.399868483348107,219.0,115.0
239,7ai5TWiOG8g9Hds5AATS28,Marillion,Q678410,554699,1370532,Marillion,ok,275186,12,excluded_no_defensible_fua,,,False,5.744057382942342,5.439626335532202,5.139175083258049,0.3004512522741525,222.0,162.0
240,39oSLGo3HkaeYXzUEGgAGQ,EMF,Q503037,106882,1351005,EMF (band),ok,127986,12,excluded_no_defensible_fua,,,False,5.028904571823435,5.107162466091012,4.626070597706335,0.4810918683846763,550.0,304.0
241,1km0R7wy712AzLkA1WjKET,Biffy Clyro,Q858365,792584,1330864,Biffy Clyro,ok,306441,12,excluded_no_defensible_fua,,,False,5.899045300925439,5.486346870890498,5.250375087910238,0.23597178298025945,165.0,139.0
242,22RISwgVJyZu9lpqAcv1F5,Blossoms,Q23057702,515545,1329106,Blossoms (band),ok,78217,12,strict,UK008F,Manchester,True,5.712266579219404,4.89330115464307,5.11636596647081,-0.22306481182774007,236.0,427.0
243,5lPsVvHVDr6R5mDxRUXdOs,A1,Q279634,574084,1308390,A1 (group),ok,81554,12,strict,UK001F,London,True,5.758975443038075,4.91144526685177,5.1498784230643695,-0.23843315621259986,215.0,417.0
244,2Z7UcsdweVlRbAk5wH5fsf,The Last Shadow Puppets,Q862520,1251280,1305891,The Last Shadow Puppets,ok,124523,12,strict,UK010F,Sheffield,True,6.097354503017461,5.095249575130869,5.392657044350285,-0.29740746921941597,117.0,311.0
245,15ajdFAi5bjj5pS9laBfBL,Right Said Fred,Q427469,75075,1289669,Right Said Fred,ok,171282,12,excluded_no_defensible_fua,,,False,4.875495340871018,5.233711725420739,4.516003262022416,0.7177084633983233,642.0,240.0
246,7vjRpVXoecwKTEsrb9iscj,Jadu Heart,Q110863918,169564,1279776,Jadu Heart,ok,18111,12,excluded_no_defensible_fua,,,False,5.229333652986049,4.257942430573135,4.769873515041784,-0.5119310844686487,443.0,739.0
247,1ZVACPeq7ccGCoUXwtafUU,KNEECAP,Q65327538,558490,1263438,Kneecap (band),ok,1073703,12,strict,UK012F,Belfast,True,5.7470154012946,6.030884166560003,5.141297388395204,0.8895867781647988,221.0,26.0
248,6e9wIFWhBPHLE9bXK8gtBI,Editors,Q570393,786142,1241937,Editors (band),ok,97871,12,excluded_no_defensible_fua,,,False,5.895500999279125,4.99065402575896,5.2478321389843625,-0.25717811322540207,167.0,369.0
249,2wvUfjKGoXvcnDHq7GgMOa,The Ting Tings,Q219939,445083,1233876,The Ting Tings,ok,126130,12,strict,UK008F,Manchester,True,5.648441006668081,5.100818395731537,5.070572693956434,0.030245701775102773,261.0,308.0
250,1u7kkVrr14iBvrpYnZILJR,Sex Pistols,Q82545,2087179,1231532,Sex Pistols,ok,967461,12,strict,UK001F,London,True,6.319559696491742,5.985633466893865,5.55208378463836,0.4335496822555047,77.0,34.0
251,6OqhFYFJDnBBHas02HopPT,Kero Kero Bonito,Q19370850,611925,1201107,Kero Kero Bonito,ok,86321,12,strict,UK001F,London,True,5.786698196521142,4.936116462860747,5.169768814240698,-0.2336523513799511,206.0,403.0
252,6PwcexHTG0qJWQQwp05Bpm,Pilot,Q1753527,78328,1181505,Pilot (Scottish band),ok,94583,12,strict,UK007F,Edinburgh,True,4.893917037559422,4.975813084925579,4.529220374582604,0.44659271034297543,633.0,382.0
253,5HlXA01kcjssYDT7EoqUJF,Skunk Anansie,Q167977,449680,1179800,Skunk Anansie,ok,175084,12,strict,UK001F,London,True,5.652903572284881,5.243246460022887,5.073774474610091,0.1694719854127964,257.0,236.0
254,2VAvhf61GgLYmC6C8anyX1,Boards of Canada,Q722778,844402,1177186,Boards of Canada,ok,451532,12,strict,UK007F,Edinburgh,True,5.926549253280734,5.654688534120079,5.270108494679377,0.38458003944070196,156.0,85.0
255,3wury2nd8idV4GecUg5xze,Primal Scream,Q666697,590819,1165795,Primal Scream,ok,316885,12,strict,UK004F,Glasgow,True,5.771454453231778,5.500901682006934,5.158831804783748,0.34206987722318605,211.0,130.0
256,3iUjRVvYCsMfz7tuAQtBDI,Ultravox,Q316485,609815,1162862,Ultravox,ok,196104,12,strict,UK001F,London,True,5.785198102773062,5.292486452210419,5.168692534012304,0.12379391819811492,207.0,215.0
257,45InkbGypoMk5nVX6dsHkt,N-Trance,Q1959629,82658,1162155,N-Trance,ok,40479,12,strict,UK008F,Manchester,True,4.9172848928465855,4.607229775080599,4.545986233821564,0.061243541259035084,614.0,580.0
258,3vEL65ycUboLH76pgdtqlF,South Arcade,Q131762147,332563,1151351,South Arcade,ok,221517,12,excluded_no_defensible_fua,,,False,5.52187392921998,5.345407061136452,4.979763940705244,0.3656431204312085,305.0,195.0
259,4I2BJf80C0skQpp1sQmA0h,Belle and Sebastian,Q691568,747098,1141204,Belle and Sebastian,ok,234374,12,strict,UK004F,Glasgow,True,5.873377573793525,5.369909432078051,5.231959127404264,0.13795030467378755,174.0,188.0
260,0nCiidE5GgDrc5kWN3NZgZ,"Emerson, Lake & Palmer",Q273171,1194686,1139758,"Emerson, Lake & Palmer",ok,467883,12,excluded_no_defensible_fua,,,False,6.077253774416668,5.670137265879683,5.3782352678466205,0.2919019980330626,119.0,78.0
261,4pJCawaKSZ40EnxN0YEYw3,Badfinger,Q798993,471790,1128068,Badfinger,ok,458320,12,strict,UK517F,Swansea,True,5.673748731397298,5.661168809241556,5.088730361626582,0.5724384476149744,248.0,80.0
262,40nPYop0FOD9Syyu5y4dAU,PRESIDENT,Q135218611,247203,1108071,President (band),ok,351591,12,excluded_no_defensible_fua,,,False,5.393053736948898,5.546037749506503,4.887338633195775,0.6586991163107285,370.0,114.0
263,3i9hP422d2KMjaupTzBNVS,The Spencer Davis Group,Q1049145,317136,1087690,The Spencer Davis Group,ok,179278,12,strict,UK002F,Birmingham,True,5.501245544183905,5.253526998626242,4.964963583736587,0.288563414889655,314.0,229.0
264,2CkhxuagMCG9uvlbKm5G3m,Imagination,Q142904,139019,1083676,Imagination (band),ok,47023,12,strict,UK001F,London,True,5.1430741601911425,4.672310333038257,4.707984458624269,-0.03567412558601202,495.0,546.0
265,4fomCZiFUMX73KJ0YQ0V90,The Beautiful South,Q1757677,498337,1074612,The Beautiful South,ok,230748,12,strict,UK026F,Hull,True,5.697523133406824,5.3631379454824435,5.105787908101596,0.2573500373808475,238.0,190.0
266,3NZE8jDD2cCzd4vUyZ5CQQ,Spacehog,Q339626,164649,1073095,Spacehog,ok,83664,12,excluded_non_uk,,,False,5.216559097357063,4.92253862448558,4.760708086769318,0.16183053771626188,449.0,411.0
267,5670CyWrIOA7702gNjsGMZ,Manfred Mann,Q319265,421269,1070103,Manfred Mann,ok,288063,12,excluded_no_defensible_fua,,,False,5.624559501794107,5.459487479287827,5.053438303820444,0.40604917546738317,267.0,155.0
268,2XIbOWDT5vZPW7jNyzdfcK,Caskets,Q107981908,255906,1063882,Caskets (band),ok,34800,12,excluded_no_defensible_fua,,,False,5.408080468522369,4.541579243946581,4.89811994210438,-0.356540698157799,361.0,618.0
269,75mafsNqNE1WSEVxIKuY5C,IDLES,Q39070668,893225,1060008,Idles,ok,302134,12,strict,UK011F,Bristol,True,5.950960869807042,5.480199600419003,5.287623226837976,0.1925763735810273,147.0,142.0
270,3UCbp6D1lvILlxRJT9LnFa,Koven,Q106091172,149136,1057644,Koven (group),ok,14725,12,excluded_no_defensible_fua,,,False,5.173582490630562,4.168055303459139,4.7298734324936,-0.5618181290344602,477.0,785.0
271,6csA2rxNLkQJXeEa7lyGXn,Mis-Teeq,Q1303048,147133,1053166,Mis-Teeq,ok,149003,12,strict,UK001F,London,True,5.167710090202545,5.173195012508446,4.725660130170342,0.447534882338104,481.0,269.0
272,2Omy3P5hFZym7FKum1JA1s,UFO,Q251657,669681,1051240,UFO (band),ok,254318,12,strict,UK001F,London,True,5.825867977430713,5.405377099554486,5.197872164979589,0.20750493457489672,192.0,175.0
273,6ssXMmc5EOUrauZxirM910,White Lies,Q1331605,560678,1046821,White Lies (band),ok,81571,12,strict,UK001F,London,True,5.748713515495588,4.911535786468249,5.142515743409628,-0.23097995694137818,220.0,416.0
274,0Ak6DLKHtpR6TEEnmcorKA,The Vaccines,Q1458872,807443,1042137,The Vaccines,ok,69972,12,strict,UK001F,London,True,5.9071118738400346,4.844924287468669,5.256162654820635,-0.41123836735196573,162.0,456.0
275,0fYPQBOx0vsRMmjUba9HgF,Modern English,Q1691644,242915,1039829,Modern English (band),ok,74765,12,strict,UK546F,Colchester,True,5.385454333315184,4.873698337647912,4.881886248710456,-0.008187911062544018,373.0,436.0
276,67YNiSqhrx1P8oPvIIvbP5,The Lightning Seeds,Q1973228,189073,1037603,The Lightning Seeds,ok,110703,12,strict,UK006F,Liverpool,True,5.2766295151580165,5.044159390217402,4.8038071284614166,0.24035226175598545,417.0,340.0
277,7M1FPw29m5FbicYzS2xdpi,King Crimson,Q189382,1414122,1036506,King Crimson,ok,814753,12,excluded_no_defensible_fua,,,False,6.150486878796945,5.91102596825476,5.430778212185476,0.48024775606928394,107.0,43.0
278,6Jrj26oAY96EEC2lqC6fua,Squeeze,Q591279,369318,1034511,Squeeze (band),ok,394015,12,strict,UK001F,London,True,5.567400475022139,5.5955127555647275,5.012428113312236,0.5830846422524916,289.0,103.0
279,2s79xe5F6eUQkjwjww27Fh,ABC,Q287078,431631,1028147,ABC (band),ok,143087,12,strict,UK010F,Sheffield,True,5.6351126284239,5.155600178241052,5.061009911630907,0.0945902666101448,265.0,279.0
280,6QNkSI0c63lCTNXpHDBiqP,Ace,Q339889,40060,1026309,Ace (band),ok,74126,12,strict,UK010F,Sheffield,True,4.602710944957558,4.869970565280278,4.3202871927354565,0.5496833725448216,782.0,438.0
281,3Z6IRCo7umuk8K2XQy0ZDj,Busted,Q826185,307292,1009124,Busted (band),ok,239687,12,strict,UK001F,London,True,5.487551254037438,5.3796444796683245,4.955138268655178,0.42450621101314656,318.0,183.0
282,12EtLdLfJ41vUOoVzPZIUy,Girls Aloud,Q205473,552875,996906,Girls Aloud,ok,282331,12,strict,UK001F,London,True,5.74262695237766,5.450758566385619,5.1381487846438265,0.3126097817417923,223.0,160.0
283,0nJaMZM8paoA5HEUTUXPqi,Bear's Den,Q18357134,345964,996827,Bear's Den (band),ok,33555,12,strict,UK001F,London,True,5.53903090973276,4.525757243152311,4.9920736506340315,-0.4663164074817203,299.0,626.0
284,0aeLcja6hKzb7Uz2ou7ulP,Noah And The Whale,Q1811037,469876,995813,Noah and the Whale,ok,78378,12,strict,UK001F,London,True,5.671983262997516,4.894194177232849,5.087463681637433,-0.1932695044045838,249.0,425.0
285,3KNZ9AOjBajjmr6ZR2VGfl,Il Divo,Q269813,966587,977922,Il Divo,ok,150187,12,excluded_no_defensible_fua,,,False,5.985240949848764,5.176632342304597,5.3122183379261365,-0.13558599562153972,138.0,266.0
286,4rjlerN21ygkIhmUv55irs,The Jesus and Mary Chain,Q1126301,578109,975001,The Jesus and Mary Chain,ok,257519,12,strict,UK004F,Glasgow,True,5.762009730523554,5.4108092772247565,5.152055449421598,0.25875382780315803,214.0,173.0
287,3pTE9iaJTkWns3mxpNQlJV,Bombay Bicycle Club,Q891829,881071,970928,Bombay Bicycle Club,ok,63361,12,strict,UK001F,London,True,5.9450109068976165,4.801822022922579,5.28335427534925,-0.4815322524266712,149.0,475.0
288,1kNQXvepPjaPgUfeDAF2h6,You Me At Six,Q1512507,698799,967721,You Me at Six,ok,52187,12,strict,UK001F,London,True,5.844352274824355,4.717562331902529,5.211134192000235,-0.49357186009770615,186.0,524.0
289,47izDDvtOxxz3FzHYuUptd,McFly,Q223768,515965,964171,McFly,ok,218403,12,excluded_no_defensible_fua,,,False,5.712620242669064,5.33925859957527,5.1166197112643355,0.22263888831093492,234.0,202.0
290,7bKupnlF7XOfR1En3K8oAL,Go West,Q1533399,281420,925778,Go West (band),ok,119226,12,strict,UK001F,London,True,5.4493549587027985,5.076370973736734,4.92773336978189,0.14863760395484338,337.0,324.0
291,1CD77o9fbdyQFrHnUPUEsF,Traffic,Q1048439,664568,924163,Traffic (band),ok,363055,12,strict,UK002F,Birmingham,True,5.822539425480148,5.559972422245829,5.195484011133764,0.364488411112065,193.0,111.0
292,3Kf7VEIRWquxrNIuyJZnfF,Cornershop,Q1134101,85161,920853,Cornershop,ok,91540,12,strict,UK014F,Leicester,True,4.930240752483664,4.961610908091281,4.555281743243617,0.4063291648476639,601.0,387.0
293,37uLId6Z5ZXCx19vuruvv5,Hot Chip,Q877512,723814,912686,Hot Chip,ok,144974,12,strict,UK001F,London,True,5.859626978971055,5.161290121759072,5.2220934151079295,-0.060803293348857146,181.0,275.0
294,4fSPtBgFPZzygkY6MehwQ7,The Libertines,Q214350,943427,911120,The Libertines,ok,163243,12,strict,UK001F,London,True,5.974708301190176,5.212834567426116,5.304661422554432,-0.0918268551283159,143.0,247.0
295,6D7h7R79IZjqJC2GM2wzyY,Heatwave,Q1592619,515706,907968,Heatwave (band),ok,103614,12,strict,UK001F,London,True,5.712402184250874,5.015418439887637,5.116463259732934,-0.10104481984529734,235.0,354.0
296,2uH0RyPcX7fnCcT90HFDQX,Manic Street Preachers,Q217025,751312,893282,Manic Street Preachers,ok,343298,12,strict,UK009F,Cardiff,True,5.875820325472478,5.535671273301969,5.233711741424753,0.30195953187721614,172.0,119.0
297,0TJB3EE2efClsYIDQ8V2Jk,Elbow,Q665798,578182,891884,Elbow (band),ok,131019,12,strict,UK008F,Manchester,True,5.762064567060759,5.1173342803642825,5.152094793283183,-0.03476051291890059,213.0,298.0
298,6tCJN1fQNdFCEaOa8Da9Wf,JADED,Q47006918,55678,891067,,no_enwiki_article,0,0,excluded_no_defensible_fua,,,False,,,,,,
299,57xdnSVt4ahJCIXYLieQ25,The Troggs,Q943253,337104,883780,The Troggs,ok,183818,12,strict,UK520F,Southampton,True,5.527763905791874,5.264388036527325,4.983989853477794,0.2803981830495301,302.0,223.0
300,1MNeXu0284O7mQWgF1YRc0,Breathe,Q2307431,38500,876466,Breathe (British band),ok,49722,12,excluded_no_defensible_fua,,,False,4.585460729508501,4.696548589227344,4.307910589041771,0.3886380001855736,789.0,535.0
301,3csPCeXsj2wezyvkRFzvmV,Orbital,Q515942,416016,874037,Orbital (band),ok,112395,12,strict,UK001F,London,True,5.619110033939447,5.050746991653782,5.049528445176778,0.0012185464770047005,270.0,335.0
302,60adCptqwRkANTtVja0bvf,Academy of Ancient Music,Q337310,46459,863103,Academy of Ancient Music,ok,7385,12,excluded_no_defensible_fua,,,False,4.6670698576562994,3.8683504996479683,4.366463123637957,-0.4981126239899889,754.0,865.0
303,75EZuo5MHV2572NRpMWotC,Crystal Fighters,Q526130,356161,846287,Crystal Fighters,ok,15014,12,strict,UK001F,London,True,5.551646362033186,4.176496411530366,5.001124926196362,-0.8246285146659957,298.0,781.0
304,48YxSlb23RAaCd4RyHcV9V,Herman's Hermits,Q693597,542791,843685,Herman's Hermits,ok,257601,12,strict,UK008F,Manchester,True,5.734632638024653,5.410947544610286,5.132413061467377,0.2785344831429093,226.0,171.0
305,15PIcAgtP1zCipRK3sniUN,La Serenissima,Q6465241,10706,840773,La Serenissima (musical ensemble),ok,3850,12,excluded_no_defensible_fua,,,False,4.029627239047413,3.5854607295085006,3.9091137826232463,-0.3236530531147457,914.0,909.0
306,0un6YenPxWZ2VW4aFGMupM,Floetry,Q3937955,827023,834779,Floetry,ok,64421,12,strict,UK006F,Liverpool,True,5.917517587707548,4.809027462040815,5.263628497613639,-0.45460103557282405,158.0,468.0
307,3tx8fyu3c4OBP5nejYtUOb,Average White Band,Q583556,473616,830950,Average White Band,ok,186598,12,strict,UK550F,Dundee City,True,5.675426365577905,5.2709069845679375,5.089934022732014,0.18097296183592348,246.0,221.0
308,4qmHkMxr6pTWh5Zo74odpH,Elvis Costello & The Attractions,Q7714866,329467,830368,,no_enwiki_article,0,0,excluded_no_defensible_fua,,,False,,,,,,
309,2Q4FnG5T6NTUcAAZwuMV5K,Del Amitri,Q1183784,117032,827530,Del Amitri,ok,107869,12,strict,UK004F,Glasgow,True,5.068304626902273,5.032896652622591,4.654339164476431,0.37855748814615975,531.0,345.0
310,1NfJU4hy56Z4UM4iyIa1B2,Courteeners,Q1352997,366021,819255,Courteeners,ok,40681,12,strict,UK008F,Manchester,True,5.563506003215409,4.609391619991711,5.009633925941621,-0.4002423059499103,291.0,578.0
311,7poQNrOwZoUcoqihg4Xex0,Wasia Project,Q111865044,394807,815222,Wasia Project,ok,52428,12,excluded_no_defensible_fua,,,False,5.596384844186106,4.719563290757193,5.033223682591548,-0.3136603918343548,277.0,523.0
312,3bpvhFSIErguVNQUiutctF,Climie Fisher,Q1101485,91736,814321,Climie Fisher,ok,53515,12,strict,UK001F,London,True,4.962539799499904,4.728475529762596,4.578455512045769,0.15002001771682671,590.0,517.0
313,3u9rbdcmA6CxjxOAkjaeFr,Kokoroko,Q104870323,405946,813289,Kokoroko,ok,59379,12,strict,UK001F,London,True,5.608468266429977,4.773632879380961,5.041893239723604,-0.26826036034264256,274.0,488.0
314,5N5tQ9Dx1h8Od7aRmGj7Fi,Bauhaus,Q180582,1137691,808555,Bauhaus (band),ok,285882,12,strict,UK528F,Northampton,True,6.0560243225007095,5.456186811717662,5.363003660231404,0.093183151486258,125.0,156.0
315,0f3kLT4wvi2mFHlHJgV8Hl,Kajagoogoo,Q608271,292881,797085,Kajagoogoo,ok,153861,12,excluded_no_defensible_fua,,,False,5.466691198711977,5.187128550752648,4.940171693973602,0.24695685677904677,327.0,258.0
316,17UkABEasVRlCcIFZ3wHb7,Steps,Q1457831,446647,796161,Steps (pop group),ok,260037,12,strict,UK001F,London,True,5.649964421302947,5.415035147019184,5.071665706345327,0.34336944067385655,259.0,169.0
317,2qlAMLpUyBjZgnzuFXXZXI,Klaxons,Q840882,327144,791164,Klaxons,ok,74095,12,strict,UK001F,London,True,5.514738959508944,4.869788902369687,4.974644776093026,-0.10485587372333871,309.0,439.0
318,596ByjVYnslGJIHxEBGjF8,Ultrabeat,Q4356488,60158,767735,Ultrabeat,ok,20224,12,strict,UK006F,Liverpool,True,4.779293389362142,4.305867056602291,4.446980736947245,-0.14111368034495442,693.0,715.0
319,31jvzuB4ikftPQZJwrYfCF,Enter Shikari,Q912581,522047,764839,Enter Shikari,ok,160533,12,strict,UK001F,London,True,5.717709604384984,5.205564321754913,5.120271202644126,0.08529311911078707,230.0,249.0
320,3lcbKPLl0ci2mKRdcP5Etf,M People,Q1882185,281163,762770,M People,ok,102745,12,strict,UK008F,Manchester,True,5.448958168577206,5.011760696482461,4.9274486826631385,0.0843120138193223,338.0,356.0
321,223iUzG0kb5V166FJP9ovD,IAMX,Q1990235,246831,750077,IAMX,ok,40749,12,excluded_no_defensible_fua,,,False,5.392399702701046,4.610116955411928,4.88686937977041,-0.2767524243584818,371.0,577.0
322,3PP6ghmOlDl2jaKaH0avUN,"Black Country, New Road",Q66759333,492540,741988,"Black Country, New Road",ok,360561,12,excluded_no_defensible_fua,,,False,5.692441506049593,5.556978749561146,5.102141965933211,0.45483678362793434,240.0,112.0
323,38LdIuxB548zgHoEY2AN7a,While She Sleeps,Q2543938,528146,740851,While She Sleeps,ok,45079,12,strict,UK010F,Sheffield,True,5.722753994938123,4.653974273405593,5.123890428324915,-0.46991615491932226,227.0,561.0
324,1JVoO5bwfU8GNuAZLpBoHe,The Dream Academy,Q2002188,81792,735488,The Dream Academy,ok,98669,12,strict,UK001F,London,True,4.9127108278062686,4.994180726695449,4.542704455084346,0.45147627161110293,617.0,368.0
325,6PHIK3kjWggLtVygsOtpqS,Suede,Q826255,569692,713390,Suede (band),ok,435211,12,strict,UK001F,London,True,5.755640120842936,5.638699863663763,5.147485411735213,0.49121445192854996,218.0,90.0
326,6hl5k4gLl1p3sjhHcb57t2,Circa Waves,Q18205953,319278,708315,Circa Waves,ok,19780,12,strict,UK006F,Liverpool,True,5.504168994305896,4.2962262872611605,4.967061087021982,-0.6708347997608213,313.0,720.0
327,6OiHleP2bHM18dXq4aZQWt,The Coral,Q1777045,287640,707737,The Coral,ok,73963,12,strict,UK006F,Liverpool,True,5.458849280081279,4.869014518185112,4.934545310965405,-0.06553079278029372,332.0,441.0
328,2qT62DYO8Ajb276vUJmvhz,XTC,Q1413926,391755,705276,XTC,ok,291041,12,strict,UK535F,Swindon,True,5.593014548110768,5.463954173932629,5.030805578366819,0.4331485955658101,280.0,153.0
329,5kwHgbzNHq1iHkUSrAmjjQ,Audio Bullys,Q758846,83213,701846,Audio Bullys,ok,10822,12,strict,UK001F,London,True,4.920191179502627,4.034307529596563,4.548071422743888,-0.513763893147325,612.0,824.0
330,15qI5w4XJFLRMwOp2VrlD5,The Saturdays,Q756220,736766,701836,The Saturdays,ok,130619,12,strict,UK001F,London,True,5.8673295759929625,5.116006354542297,5.227619838301533,-0.11161348375923552,177.0,300.0
331,2U6J9Q89i1TNhesKreFD65,piri & tommy,Q115816501,45851,690910,Piri & Tommy,ok,19268,12,excluded_no_defensible_fua,,,False,4.661348811974326,4.284836637642396,4.362358414608185,-0.07752177696578855,758.0,727.0
332,3OpqU68JpZlzvjAJj3B2Da,Alestorm,Q758934,746082,684120,Alestorm,ok,121460,12,excluded_no_defensible_fua,,,False,5.8727865623123785,5.0844332767865446,5.2315350912580385,-0.14710181447149395,175.0,320.0
333,0ZZr6Y49NZWRJc0uCwqpMR,Feeder,Q1049555,262471,679131,Feeder (band),ok,134369,12,strict,UK558F,Newport,True,5.419081325891596,5.128299085073125,4.906012785666349,0.22228629940677536,356.0,292.0
334,5gqoUf9vKKv96b1c0GBKwu,Dusky,Q16249370,133667,666537,Dusky,ok,6230,12,excluded_no_defensible_fua,,,False,5.1260242009278025,3.7944880466591697,4.6957515337997044,-0.9012634871405347,503.0,878.0
335,45O9BwPMyywM755SYUK0sP,Uriah Heep,Q108666,860808,659174,Uriah Heep (band),ok,423767,12,strict,UK001F,London,True,5.934906294497628,5.627127133885122,5.276104465425293,0.3510226684598292,154.0,92.0
336,5k979N1TnPncUyqlXlaRSv,The Longest Johns,Q104759060,272973,653167,The Longest Johns,ok,37871,12,strict,UK011F,Bristol,True,5.436119692715099,4.578306773004322,4.918237393201537,-0.3399306201972143,343.0,595.0
337,339DNkQkuhHKEcHw6oK8f0,Happy Mondays,Q1141495,462546,652616,Happy Mondays,ok,282597,12,strict,UK008F,Manchester,True,5.66515492962155,5.45116754714325,5.082564521025075,0.3686030261181745,252.0,159.0
338,3PALZKWkpwjRvBsRmhlVSS,Gunship,Q28146294,298392,646183,Gunship (band),ok,61557,12,excluded_no_defensible_fua,,,False,5.474787175360855,4.789277446195285,4.945980357337396,-0.15670291114211032,324.0,483.0
339,7pv3MRGkgkXa9Qn8sMctxT,Magoo,Q6732352,22094,639865,Magoo (band),ok,2539,12,excluded_no_defensible_fua,,,False,4.344274349672465,3.4046627008737222,4.134865316166135,-0.7302026152924124,870.0,928.0
340,2DxlS3lTLFIq70S7ap5H3y,Buzzcocks,Q939329,490422,638182,Buzzcocks,ok,222123,12,strict,UK008F,Manchester,True,5.690569944104761,5.3465935304346335,5.100799166444834,0.24579436398979926,241.0,194.0
341,0IEPb9ily3E5IAYMSkwtQ6,Arctic Lake,Q93890774,65681,637713,Arctic Lake (band),ok,2258,12,excluded_no_defensible_fua,,,False,4.817439756340005,3.353723937588949,4.474349813457229,-1.1206258758682797,669.0,933.0
342,0ucLPotcQNI7AViFytdhBz,Ladytron,Q831841,333134,637497,Ladytron,ok,95419,12,strict,UK006F,Liverpool,True,5.522618959496466,4.97963486080017,4.980298481534551,-0.0006636207343815315,304.0,376.0
343,1a5l3fWnzmaK7gDD2IkbHq,Tin Tin Out,Q1749463,5681,633305,Tin Tin Out,ok,20488,12,excluded_no_defensible_fua,,,False,3.7544247892772584,4.311499565460373,3.7116628193935037,0.5998367460668694,939.0,713.0
344,7GvVTb8yFV0ZrdI30Qce6T,Delta Heavy,Q16864855,190365,632637,Delta Heavy,ok,10582,12,excluded_no_defensible_fua,,,False,5.279587103165447,4.024567757196038,4.805929124836782,-0.781361367640744,414.0,827.0
345,3loflELg7MzgrOyNqERolN,The Style Council,Q676522,368853,626814,The Style Council,ok,165314,12,strict,UK001F,London,True,5.566853320065368,5.218309634365668,5.012035543139476,0.20627409122619245,290.0,244.0
346,1h8YIw9HLr6E8gdXVDRbVJ,Big Country,Q858738,271022,622663,Big Country,ok,240749,12,reviewed_extended,UK007F,Edinburgh,True,5.433004545822017,5.381564491869744,4.916002352215692,0.46556213965405213,347.0,181.0
347,2WuKU0SYZOQyY3MmE4vtez,New Hope Club,Q28677824,986109,617401,New Hope Club,ok,150419,12,strict,UK008F,Manchester,True,5.993924922529611,5.177302697119911,5.318448873925819,-0.14114617680590769,136.0,265.0
348,33tFkBLsl6f8TjKkV0uF0C,Lovejoy,Q109558113,1099469,617221,Lovejoy (band),ok,99579,12,excluded_no_defensible_fua,,,False,6.041182988750255,4.998167760655423,5.352355369683522,-0.35418760902809954,130.0,365.0
349,5jqKIZLB5WA5KquEihB3ND,Deacon Blue,Q1180767,256096,612759,Deacon Blue,ok,168070,12,strict,UK004F,Glasgow,True,5.408402795213864,5.225490200071284,4.898351203547595,0.32713899652368905,360.0,242.0
350,10n5lhNDoSMUHWLlnST1yw,Slade,Q156872,473230,612385,Slade,ok,377959,12,strict,UK002F,Birmingham,True,5.675072268545649,5.577444691267116,5.089679966853681,0.4877647244134353,247.0,110.0
351,49H2dQUNhIlso7VNkS8nFR,Freemasons,Q1453598,65062,607845,Freemasons (DJs),ok,13142,12,strict,UK515F,Brighton and Hove,True,4.813327409324155,4.118661462854496,4.471399306003198,-0.3527378431487014,671.0,805.0
352,5vIOGcdmx1eIkq3ZtuS12U,Ocean Colour Scene,Q1332158,454701,606956,Ocean Colour Scene,ok,133298,12,strict,UK002F,Birmingham,True,5.657725909327176,5.124823633318736,5.077234382379135,0.04758925093960098,255.0,294.0
353,26GHRG8x1F4AzbCKzUaIbw,Aquilo,Q17279149,328001,602693,Aquilo (band),ok,9714,12,excluded_no_defensible_fua,,,False,5.515875167778203,3.9873980991370175,4.975459977474344,-0.9880618783373265,308.0,834.0
354,6T6T5RCps6bHzTSDq8pyFj,Fiction Factory,Q664789,34517,601160,Fiction Factory,ok,38863,12,excluded_no_defensible_fua,,,False,4.538033042545394,4.58953632259307,4.273882394589122,0.31565392800394854,806.0,587.0
355,3NUtpWpGDoffm3RCGhSHtl,Mount Kimbie,Q1359424,362804,601000,Mount Kimbie,ok,22161,12,excluded_no_defensible_fua,,,False,5.559672066613943,4.345589353740649,5.006883171086228,-0.6612938173455793,292.0,702.0
356,5BaHqGtf6UAZnHfqdPaTDA,Them,Q1338638,155177,598923,Them (band),ok,130718,12,strict,UK012F,Belfast,True,5.190827351501394,5.116335394485093,4.742246194409609,0.37408920007548385,466.0,299.0
357,2nszamLjZFgu3Yx77mKxuC,UNKLE,Q2032426,420500,596520,Unkle,ok,88236,12,strict,UK001F,London,True,5.623766000133931,4.945645812019365,5.052868985970051,-0.10722317395068526,268.0,398.0
358,69QKcDt724e93ZYkBSjsYP,LMC,Q514541,10262,593636,LMC (British band),ok,4143,12,excluded_no_defensible_fua,,,False,4.011232010319366,3.6173149332982937,3.895915660171147,-0.2786007268728534,917.0,906.0
359,5xi3SZpllRPAkoPVbjB6nc,JLS,Q1165439,520107,591899,JLS,ok,145906,12,strict,UK001F,London,True,5.716092698883303,5.164073151477503,5.1191111128664915,0.044962038611011224,231.0,273.0
360,2gJLanGIV9JqQuKBCWy9ZG,Peppa Pig,Q938985,199475,585566,Peppa Pig,ok,723192,12,excluded_no_defensible_fua,,,False,5.2998884737451215,5.859253613298236,4.820494857006638,1.0387587562915979,407.0,51.0
361,1aOt6LvXOV6I8dv1A5Diia,DON BROCO,Q5292322,285868,584790,Don Broco,ok,148956,12,strict,UK549F,Bedford,True,5.456165543251556,5.17305800143767,4.932619796048927,0.2404382053887426,333.0,270.0
362,6EL5GD53kaaVgJCHgdtdLz,Steve Harley & Cockney Rebel,Q1431236,66094,584745,Steve Harley & Cockney Rebel,ok,51987,12,strict,UK001F,London,True,4.820162036109493,4.715894756440359,4.4763029819814015,0.2395917744589573,668.0,525.0
363,1054JdBVMCPm9VpvkUcOYX,Sweet Female Attitude,Q1377724,31030,582178,Sweet Female Attitude,ok,19596,12,strict,UK008F,Manchester,True,4.491781775584165,4.292167430784293,4.240698252443156,0.05146917834113651,826.0,725.0
364,53RkHTcl0SJZjpzqogkBf4,The Fixx,Q1460975,284550,569663,The Fixx,ok,94620,12,strict,UK001F,London,True,5.454158589944344,4.9759829437125465,4.931179856600724,0.04480308711182257,336.0,381.0
365,52Syw7gkGRePCAYvEY2X9D,N-Dubz,Q1140107,307419,569050,N-Dubz,ok,66794,12,strict,UK001F,London,True,5.487730705519472,4.824737452237164,4.955267020663056,-0.13052956842589225,317.0,461.0
366,7sbwBqdkynNUDgiWU3TQ5J,Aztec Camera,Q794148,155418,568826,Aztec Camera,ok,92668,12,strict,UK004F,Glasgow,True,5.191501315931882,4.966929789994925,4.742729747248959,0.2242000427459656,465.0,385.0
367,2WRStKp4ihGVUzlzWfv1Qt,The Undertones,Q1501348,274928,562915,The Undertones,ok,137610,12,strict,UK586F,Derry & Strabane Local Government District,True,5.439218972750864,5.138649994851645,4.920461050108994,0.21818894474265083,340.0,285.0
368,5suoHSdDiYsjikHNVdYYKe,Binary Finary,Q863504,45535,556404,Binary Finary,ok,9619,12,excluded_no_defensible_fua,,,False,4.658345340911862,3.9831299247347003,4.360203498273641,-0.377073573538941,759.0,836.0
369,4eeRviM714mXXeILmKHxh2,Climax Blues Band,Q490339,127118,545160,Climax Blues Band,ok,99421,12,excluded_no_defensible_fua,,,False,5.104207051318607,4.99747812706186,4.6800982675992735,0.3173798594625863,516.0,366.0
370,2lxX1ivRYp26soIavdG9bX,The Yardbirds,Q192725,1006505,543254,The Yardbirds,ok,752694,12,strict,UK001F,London,True,6.002815936668306,5.876618454127435,5.324827957059856,0.5517904970675787,132.0,47.0
371,3Rj0tDHoX7C5NFq5DKIpHt,Stereolab,Q334652,428315,542759,Stereolab,ok,213647,12,strict,UK001F,London,True,5.631763284070061,5.329696798896285,5.058606839749076,0.27108995914720957,266.0,204.0
372,5G49Sq5mMzAkGL4ZP6eVPY,The Staves,Q7766423,235928,540680,The Staves,ok,24705,12,strict,UK001F,London,True,5.372779486133048,4.392784858225435,4.872792358786901,-0.4800075005614657,378.0,680.0
373,0Zy4ncr8h1jd7Nzr9946fD,Killing Joke,Q250421,397648,538563,Killing Joke,ok,230066,12,strict,UK001F,London,True,5.599498802478079,5.361852441774168,5.035457870785443,0.32639457098872526,275.0,191.0
374,0LVrQUinPUBFvVD5pLqmWY,Doves,Q126128,299777,533297,Doves (band),ok,96690,12,strict,UK008F,Manchester,True,5.476798309111787,4.985381560231997,4.947423296150757,0.037958264081240145,322.0,372.0
375,0ZhPS80sMbmVgzOkMPKNpn,Precious,Q2094985,9402,530748,Precious (group),ok,17799,12,excluded_no_defensible_fua,,,False,3.9732202468522337,4.250395603057116,3.8686431583568828,0.3817524447002336,920.0,743.0
376,5GUVj2b1lJ4DolQyHlzyaO,Blind Faith,Q548656,474336,529325,Blind Faith,ok,316233,12,strict,UK033F,Guildford,True,5.6760860869289855,5.500007188082258,5.090407356513538,0.4095998315687206,245.0,131.0
377,47qTcvYlqJGAEsCI7BcENC,T'Pau,Q398101,223072,525174,T'Pau (band),ok,120164,12,excluded_no_defensible_fua,,,False,5.348445061056413,5.079774376625921,4.85533300958766,0.2244413670382608,387.0,322.0
378,5NXHXK6hOCotCF8lvGM1I0,Porcupine Tree,Q213923,808818,514183,Porcupine Tree,ok,243961,12,strict,UK556F,Dacorum,True,5.9078508077828555,5.387320404869267,5.25669282168105,0.13062758318821732,160.0,177.0
379,68kuKZp7yrgzZpoh5m6dWA,London Sinfonietta,Q775490,9271,511109,London Sinfonietta,ok,3771,12,excluded_no_defensible_fua,,,False,3.9671265810764127,3.5764565324056203,3.864271103609402,-0.2878145712037816,921.0,911.0
380,14Gi3Uph96lpNB3utkoVAD,Hard-Fi,Q1123510,200592,508027,Hard-Fi,ok,46445,12,strict,UK001F,London,True,5.3023136085192135,4.666938967214711,4.822234831332835,-0.15529586411812435,405.0,553.0
381,6FlOCziOXI157pvUREAh3E,Los Campesinos!,Q1856023,209086,507510,Los Campesinos!,ok,41930,12,strict,UK009F,Cardiff,True,5.320324954260528,4.622524862403568,4.835157527219651,-0.21263266481608234,397.0,574.0
382,7jZycSvTyx0W9poD4PjEIG,The Hunna,Q27792569,268983,506302,The Hunna,ok,13302,12,strict,UK001F,London,True,5.429724833015441,4.1239169434981315,4.913649239249887,-0.7897322957517554,349.0,803.0
383,4phr5rAgWhcZtWJu8w8lKv,Swing Out Sister,Q955863,183037,502370,Swing Out Sister,ok,126236,12,strict,UK008F,Manchester,True,5.26253888902878,5.1011832247321856,4.793697452097518,0.30748577263466714,424.0,307.0
384,3r9TXuXfOUxXjgYgAR0fP8,Bay City Rollers,Q812073,225644,499865,Bay City Rollers,ok,314183,12,strict,UK007F,Edinburgh,True,5.353423789876836,5.497182682276422,4.858905124596351,0.6382775576800706,384.0,132.0
385,5fScAXreYFnuqwOgBsJgSd,The Charlatans,Q1542958,412618,498770,The Charlatans (English band),ok,183285,12,excluded_no_defensible_fua,,,False,5.61554816966273,5.263126923861341,5.046972895497191,0.21615402836414965,273.0,225.0
386,6BD4lgmnh4vy6kkCaZRDWt,Bury Tomorrow,Q1017202,357588,497979,Bury Tomorrow,ok,47798,12,strict,UK520F,Southampton,True,5.553382936239018,4.679409724914721,5.002370875314721,-0.3229611504000003,297.0,544.0
387,0r2TmTSwK6XAhAxNxTDOb4,Olive,Q2019953,31488,491693,Olive (band),ok,22639,12,strict,UK001F,London,True,4.498145076751247,4.354857239474119,4.2452637639268325,0.10959347554728627,824.0,696.0
388,4O1s9iVG46lSn1mD9ek1ES,K-Klass,Q10313519,26378,486338,K-Klass,ok,14943,12,excluded_no_defensible_fua,,,False,4.421241863921055,4.174437796452046,4.190087607386563,-0.01564981093451756,856.0,782.0
389,0NTSMFFapnyZfvmCwzcYPd,Cradle Of Filth,Q487479,676119,484589,Cradle of Filth,ok,313453,12,excluded_no_defensible_fua,,,False,5.830023140460913,5.496172430746077,5.200853391866831,0.2953190388792457,190.0,133.0
390,3QvfzWcCo67s7bhOYEz5Tr,December 10,Q137673339,104735,474904,December 10 (group),no_pageview_data,0,0,excluded_no_defensible_fua,,,False,,,,,,
391,1I9HNoVK6kOQGVZfulXVnm,TENDER,Q60751165,164082,469691,Tender (band),ok,6856,12,excluded_no_defensible_fua,,,False,5.215060941019928,3.836070808915142,4.759633196585444,-0.9235623876703021,450.0,873.0
392,3AmWjMXXtBJOmNGpUFSOAl,Gang Of Four,Q1130624,292732,469462,Gang of Four (band),ok,183759,12,strict,UK003F,Leeds,True,5.466470199932236,5.264248618801774,4.940013132805381,0.3242354859963923,328.0,224.0
393,4BntNFyiN3VGG4hhRRZt9d,The Subways,Q1470472,220739,467832,The Subways,ok,37804,12,strict,UK001F,London,True,5.343879070762267,4.577537754493837,4.8520570242814625,-0.27451926978762575,388.0,596.0
394,4AOiNpcmfXTiWDB3uFszgn,The Big Push,Q135854861,233766,466052,,no_enwiki_article,0,0,strict,UK515F,Brighton and Hove,True,,,,,,
395,03hfAxVdAWj7kxDnSG0fLD,The Shadows,Q212168,265554,463312,The Shadows,ok,223762,12,excluded_no_defensible_fua,,,False,5.424152847516949,5.3497863351344845,4.9096514772216135,0.440134857912871,353.0,193.0
396,71vVmHeNgCVSa5SVmfvscU,Saxon,Q504090,685716,460256,Saxon (band),ok,199687,12,strict,UK010F,Sheffield,True,5.836144283096178,5.300349792401811,5.205245160582586,0.09510463181922457,187.0,211.0
397,6VeL8VhaMjHTPc5uovFl3h,The Damned,Q940536,442692,459791,The Damned (band),ok,299328,12,strict,UK001F,London,True,5.646101673803451,5.476147343892391,5.068894280381912,0.4072530635104794,262.0,145.0
398,7zYGAXxAaq15C9eM29M8Fj,Eternal,Q540500,128019,453940,Eternal (group),ok,134329,12,strict,UK001F,London,True,5.107274430450944,5.128169781696066,4.682299036396122,0.44587074529994375,513.0,293.0
399,6ysQi6NI88X627t2srsWz6,Mott The Hoople,Q1126287,262051,453631,Mott the Hoople,ok,257592,12,excluded_no_defensible_fua,,,False,5.418385821331698,5.410932371072068,4.905513778315953,0.505418592756115,357.0,172.0
400,5ZvwJikDgdP1PFU4PkAPVG,Bleed From Within,Q883441,289069,451660,Bleed from Within,ok,64757,12,strict,UK004F,Glasgow,True,5.461001520066328,4.8112867209703944,4.93608949001797,-0.1248027690475757,330.0,467.0
401,1mlZXof4sEGLFspPzlQdFL,X-Press 2,Q8041505,21792,450693,X-Press 2,ok,9789,12,strict,UK001F,London,True,4.338297090232691,3.9907383285075375,4.130576780090808,-0.1398384515832709,874.0,833.0
402,4ddt8PPvmWrI9mJQy1VrIG,Band Of Skulls,Q2413479,272436,446823,Band of Skulls,ok,37923,12,strict,UK520F,Southampton,True,5.435264495194918,4.57890268604763,4.917623810094801,-0.33872112404717125,345.0,594.0
403,4LlDtNr8qFwhrT8eL2wzH4,The Hoosiers,Q634158,219418,438135,The Hoosiers,ok,46838,12,strict,UK573F,Bracknell Forest,True,5.341272252135769,4.670598342260528,4.8501866962767615,-0.17958835401623308,389.0,549.0
404,0Ism1B2cF9NxpXAwdUCkxK,Mungo's Hi Fi,Q6936028,140154,436483,Mungo's Hi Fi,ok,8240,12,excluded_no_defensible_fua,,,False,5.146605497052693,3.9159272116971158,4.710518105637165,-0.7945908939400494,493.0,855.0
405,6lOC7lwSO1ql4Gc2Y3QObY,East 17,Q1277715,135562,434704,East 17,ok,178561,12,strict,UK001F,London,True,5.1321379675314995,5.251786609455434,4.700138010394916,0.5516485990605178,498.0,230.0
406,2evydP72Z45DouM4uMGsIE,Ash,Q724582,204152,433333,Ash (band),ok,137853,12,excluded_no_defensible_fua,,,False,5.3099536388987865,5.139416221796662,4.827716364505273,0.31169985729138894,402.0,284.0
407,3xByNj8XW17oW0wsJhgzYL,SOFT PLAY,Q19604547,288282,433170,Soft Play,ok,149320,12,strict,UK001F,London,True,5.459817526381545,5.174117981254267,4.935240003780788,0.2388779774734786,331.0,267.0
408,1YqGsKpdixxSVgpfaL2AEQ,Small Faces,Q222628,358793,431362,Small Faces,ok,309415,12,strict,UK001F,London,True,5.554843961431618,5.490541363853721,5.003419124819123,0.4871222390345977,296.0,136.0
409,6VR4TJ20WGiho2xZWMuuWb,Lambrini Girls,Q112123144,159689,420857,Lambrini Girls,ok,154286,12,excluded_no_defensible_fua,,,False,5.203275001274146,5.188326519720989,4.751177075801214,0.4371494439197745,458.0,257.0
410,33ZOI0WTjYkLh5WuwucLhc,Baby D,Q797832,20248,418514,Baby D (group),ok,12876,12,excluded_no_defensible_fua,,,False,4.306382132150198,4.109780968013576,4.107678585615838,0.0021023823977373013,881.0,807.0
411,2h3ooJn8m8X8cL2g1BZ1Rd,Yard Act,Q110269845,155450,416371,Yard Act,ok,55480,12,strict,UK003F,Leeds,True,5.191590726379211,4.744136452401247,4.742793897037461,0.0013425553637862464,464.0,505.0
412,1O7aMVbDeSXY2LiVBhb13w,The Herbaliser,Q2499301,165562,415029,The Herbaliser,ok,14041,12,strict,UK001F,London,True,5.218960664066712,4.147398039347655,4.76243115159115,-0.6150331122434949,446.0,793.0
413,37f9cjf8Ic4t7vYNRYAzI7,Apollo 440,Q619067,160231,414420,Apollo 440,ok,37748,12,strict,UK006F,Liverpool,True,5.20474654312459,4.576893946376503,4.752232870747973,-0.17533892437147003,456.0,598.0
414,0ZXKT0FCsLWkSLCjoBJgBX,Anathema,Q487396,447557,413525,Anathema (band),ok,96585,12,strict,UK006F,Liverpool,True,5.650848354085541,4.984909684147805,5.0722999062933996,-0.08739022214559444,258.0,373.0
415,0zg9mF9dX2knvdTKnL22T1,Freestylers,Q2384799,84251,411981,Freestylers,ok,13633,12,excluded_no_defensible_fua,,,False,4.9255750643434295,4.134591434710877,4.551934227194293,-0.41734279248341544,603.0,799.0
416,74K7bX12L8GBAWvPuyIgJ7,Embrace,Q1335100,181930,411812,Embrace (English band),ok,63050,12,strict,UK003F,Leeds,True,5.259904319515269,4.7996850909091,4.791807213516529,0.007877877392570731,427.0,477.0
417,048FBwXjFYBWxSggPDipic,Maximo Park,Q833332,259584,411159,Maxïmo Park,ok,61459,12,strict,UK013F,Newcastle,True,5.414277920309167,4.788585489568015,4.90256646075236,-0.11398097118434514,358.0,484.0
418,4w3QqrcmBv8dasemwBXmxf,Prefab Sprout,Q1506813,238201,410644,Prefab Sprout,ok,163942,12,excluded_no_defensible_fua,,,False,5.3769435803775325,5.214690228930824,4.875779993599889,0.33891023533093456,376.0,246.0
419,4WjeQi9wm84lYTIWZ95QoM,Boston Manor,Q48700689,192021,410364,Boston Manor (band),ok,18118,12,strict,UK553F,Blackpool,True,5.283348727064989,4.258110255321881,4.808627997113874,-0.5505177417919924,410.0,738.0
420,3lN1TG4RIoaJCff6Ck9KUR,The Farm,Q1428876,76908,408875,The Farm (British band),ok,58434,12,strict,UK006F,Liverpool,True,4.885971517631692,4.76666561621731,4.523519660201602,0.24314595601570765,640.0,491.0
421,0Wkm45quqfx3NepJpXDvwE,Superorganism,Q47137654,263802,402523,Superorganism (band),ok,29563,12,strict,UK001F,London,True,5.421278083801973,4.470748503380986,4.907588905231233,-0.43684040185024653,355.0,648.0
422,0ddfjKqJfbSiddqOvpZRWu,Runrig,Q839817,98336,402383,Runrig,ok,69160,12,excluded_no_defensible_fua,,,False,4.992712538576284,4.839854984601885,4.600103707397542,0.23975127720434308,569.0,458.0
423,5moJNCJeiNwuQAhDLJXULs,Incognito,Q615207,231010,401799,Incognito (band),ok,56717,12,strict,UK001F,London,True,5.363630780112138,4.7537132511259514,4.866228388089535,-0.11251513696358373,381.0,499.0
424,4htjQW3lgIwL6fEJlTOez4,Electric Wizard,Q1325974,459777,401179,Electric Wizard,ok,155785,12,excluded_no_defensible_fua,,,False,5.662547242220516,5.192525638632798,5.080693569696095,0.11183206893670317,253.0,255.0
425,1W4SfNO5hb1tdX0wQ87zxl,Racey,Q922363,50878,401016,Racey,ok,38711,12,strict,UK011F,Bristol,True,4.706530030980853,4.587834390354667,4.394774823765093,0.19305956658957335,731.0,592.0
426,7dkEByOe0oHqc54qU4hwzV,Gloryhammer,Q11838832,302272,399088,Gloryhammer,ok,80451,12,excluded_no_defensible_fua,,,False,5.480397919560587,4.905531446716997,4.950005927776896,-0.044474481059899595,321.0,419.0
427,5mZC7ndY6oGMxJentRwsuV,Young Fathers,Q8058113,272197,397759,Young Fathers,ok,91483,12,strict,UK007F,Edinburgh,True,5.434883334347751,4.961340397977592,4.9173503365974485,0.04399006138014361,346.0,388.0
428,70MMkLXtue3Edj3RJhJkYp,Public Image Ltd.,Q845265,359205,397001,Public Image Ltd,ok,282850,12,strict,UK001F,London,True,5.555342373255001,5.451556183076428,5.003776722997098,0.4477794600793299,295.0,157.0
429,0vW8z9pZMGCcRtGPGtyqiB,The Maccabees,Q174627,379450,394513,The Maccabees (band),ok,100804,12,strict,UK001F,London,True,5.579154557162452,5.003477765675585,5.020861377051075,-0.017383611375489494,285.0,363.0
430,7y3ULlnKKpeZ4JOKMAJQzK,London Voices,Q9023617,6325,394129,London Voices,ok,4346,12,excluded_no_defensible_fua,,,False,3.8010605298478555,3.638089721984506,3.7451228118619113,-0.10703308987740545,938.0,904.0
431,0wOej91SVqB1zcYkW6xUtA,Pale Waves,Q45964015,387390,390813,Pale Waves,ok,56367,12,strict,UK008F,Manchester,True,5.588148405745837,4.751024921140632,5.027314241360295,-0.27628932021966257,282.0,502.0
432,72hqBMsw7x5jnfxxwkii8L,Leftfield,Q277479,258734,390024,Leftfield,ok,71106,12,strict,UK001F,London,True,5.412853502710158,4.851906248506836,4.901544476292554,-0.049638227785718136,359.0,451.0
433,6bGcpvHbRHg8s0wiNyIZK1,Kula Shaker,Q611878,266533,387963,Kula Shaker,ok,135086,12,strict,UK001F,London,True,5.425750987586405,5.130610342080501,4.910798103264927,0.21981223881557366,352.0,289.0
434,7fh7bwX9qV60tLxxsp9bTe,The Durutti Column,Q1724658,141887,384367,The Durutti Column,ok,126075,12,strict,UK008F,Manchester,True,5.1519426062615725,5.100628976831171,4.714347349726511,0.3862816271046601,491.0,309.0
435,2gmeFH5Iz8UEA7K0OHDePQ,Ant & Dec,Q3596068,21248,382816,Ant & Dec,ok,352039,12,excluded_no_defensible_fua,,,False,4.327318057687924,5.5465907786672375,4.122699595301554,1.4238911833656838,877.0,113.0
436,3ysp8GwsheDcBxP9q65lBg,Lush,Q1668512,315449,382347,Lush (band),ok,132445,12,strict,UK001F,London,True,5.498929154993959,5.122035567666114,4.963301631682194,0.1587339359839195,315.0,295.0
437,06YQ6XwCdPUn8rAXV70gge,Republica,Q2139991,84002,382250,Republica,ok,101986,12,excluded_no_defensible_fua,,,False,4.924289626283591,5.0085405586241905,4.551011957122572,0.4575286015016182,606.0,360.0
438,0vBDEQ1aLZpe4zgn2fPH6Z,Cast,Q780072,183638,381917,Cast (band),ok,184342,12,strict,UK006F,Liverpool,True,5.263962554221985,5.265624295013773,4.794718896724737,0.47090539828903655,423.0,222.0
439,4jSYHcSo85heWskYvAULio,Mojave 3,Q656978,206333,381875,Mojave 3,ok,40024,12,excluded_no_defensible_fua,,,False,5.314568692693294,4.6023204898753525,4.83102755166165,-0.22870706178629785,400.0,583.0
440,2413I9w4sRbBz4zi5zgwjX,Cassia,Q123148190,69239,377418,,no_enwiki_article,0,0,strict,UK008F,Manchester,True,,,,,,
441,34UhPkLbtFKRq3nmfFgejG,Mogwai,Q645980,647271,370209,Mogwai,ok,165850,12,strict,UK004F,Glasgow,True,5.811086149545181,5.2197154758555016,5.1872665684206485,0.03244890743485307,198.0,243.0
442,3xYNGCooNIzKMAtJYKSOyq,Electronic,Q624661,164721,367540,Electronic (band),ok,111026,12,strict,UK008F,Manchester,True,5.2167489701639065,5.045424693509988,4.760844315820454,0.2845803776895339,448.0,337.0
443,5zYJziKktyqWwmoAWXrShP,Modestep,Q1860033,344694,363041,Modestep,ok,36119,12,excluded_no_defensible_fua,,,False,5.537433723821147,4.5577357178182725,4.990927709175413,-0.43319199135714026,300.0,610.0
444,2YzUXecwzcOdlJsnpnJfkJ,Fluke,Q631226,104332,358816,Fluke (band),ok,22633,12,excluded_no_defensible_fua,,,False,5.018417532702096,4.354742123424168,4.618546406051553,-0.263804282627385,555.0,697.0
445,4ogwGU9VPWrnVBs1GEwZVV,Temples,Q14832136,279903,356937,Temples (band),ok,26763,12,excluded_no_defensible_fua,,,False,5.447007553258815,4.427534794089044,4.926049164330985,-0.49851437024194123,339.0,668.0
446,4QmkLL9JOqM9dusHS1Hghe,The Searchers,Q1132434,216702,355906,The Searchers (band),ok,145339,12,strict,UK006F,Liverpool,True,5.335862919556807,5.162382167719247,4.846305633702507,0.31607653401673996,390.0,274.0
447,1koutXdSFq2PHqtxSWj9tK,Hot Milk,Q115247043,170694,353065,Hot Milk (band),ok,32755,12,excluded_no_defensible_fua,,,False,5.2322182556625485,4.5152776037679585,4.771943146244142,-0.2566655424761839,441.0,629.0
448,2ARO60gI5do88ho6azmzab,Django Django,Q328221,252535,347616,Django Django,ok,17233,12,strict,UK001F,London,True,5.402321577517957,4.236360888012924,4.893988079990121,-0.6576271919771974,364.0,753.0
449,6dYrdRlNZSKaVxYg5IrvCH,The KLF,Q741316,144352,343591,The KLF,ok,220792,12,strict,UK001F,London,True,5.159422805417616,5.343983333464779,4.719714207942143,0.6242691255226358,486.0,196.0
450,5PYuBRQMHh7nWmdV076sH9,Heaven 17,Q741663,273309,342911,Heaven 17,ok,119302,12,strict,UK010F,Sheffield,True,5.436653933141549,5.0766477243215,4.918620697517639,0.15802702680386105,341.0,323.0
451,1QCANeffsBIHjzhMqUIxBh,Babybird,Q116385,21473,342115,Babybird,ok,32475,12,strict,UK010F,Sheffield,True,4.331892724102216,4.511549159745066,4.125981805509753,0.3855673542353131,876.0,631.0
452,1wzBqAvtFexgKHjt7i3ena,Fred V & Grafix,Q13431488,83743,340452,Fred V & Grafix,ok,7699,12,excluded_no_defensible_fua,,,False,4.922948514951536,3.8864343196289384,4.550049742852555,-0.6636154232236167,607.0,859.0
453,0otAqZw8htTsGHfqR491Yh,Sleaford Mods,Q18162306,304620,336962,Sleaford Mods,ok,198966,12,excluded_no_defensible_fua,,,False,5.483758413788249,5.29877886900294,4.952416999417915,0.34636186958502524,320.0,213.0
454,0gIo6kGl4KsCeIbqtZVHYp,Paradise Lost,Q750593,395901,336657,Paradise Lost (band),ok,177268,12,strict,UK003F,Leeds,True,5.597586598731072,5.24863034486369,5.034085911807412,0.21454443305627802,276.0,233.0
455,12KsgeavNVg66cW2frw3j2,The Real Tuesday Weld,Q3522451,34267,334907,The Real Tuesday Weld,ok,10962,12,excluded_no_defensible_fua,,,False,4.53487608457354,4.039889797736182,4.271617355186533,-0.231727557450351,808.0,823.0
456,08YvZ2qzFrDSITfHLbPKMP,Lamb,Q1259392,269420,332261,Lamb (electronic band),ok,35194,12,strict,UK008F,Manchester,True,5.430429831799876,4.546468629699748,4.914155058471987,-0.367686428772239,348.0,616.0
457,7ooOn6bokl4mGV4CEaUz6A,Shakespears Sister,Q527789,126106,331052,Shakespears Sister,ok,220195,12,strict,UK001F,London,True,5.100735750370865,5.342807453159515,4.677607694872307,0.6651997582872076,518.0,198.0
458,3iejrAcqxYoVgyxp6zkWgs,Shed Seven,Q2277663,175249,327277,Shed Seven,ok,70579,12,strict,UK533F,York,True,5.243655548489076,4.848675500757324,4.78014912147156,0.068526379285764,435.0,454.0
459,2LMR8u7DOMF0FBseDpTsRa,The Beta Band,Q1775665,135396,325029,The Beta Band,ok,96170,12,strict,UK007F,Edinburgh,True,5.131605834189687,4.983039616046102,4.69975621786002,0.2832833981860823,499.0,374.0
460,7J7YRBSoiXpdTmcbkKZL2C,The Honeydrippers,Q648841,57290,321812,The Honeydrippers,ok,111270,12,excluded_no_defensible_fua,,,False,4.758078822249613,5.0463780880482725,4.431759808810998,0.6146182792372743,704.0,336.0
461,1Q776wzj2mrtXrNu3iH6nk,Archive,Q635772,330186,318451,Archive (band),ok,82427,12,strict,UK001F,London,True,5.518758655081697,4.916069493618358,4.977528808424109,-0.0614593148057514,307.0,412.0
462,1dekSPU23UC5hw5b8Uxk9W,Dodgy,Q1234401,70095,318066,Dodgy,ok,44280,12,strict,UK001F,London,True,4.845687040079994,4.646207612206685,4.494616542142759,0.15159107006392603,655.0,564.0
463,1HOeqtP7tHkKNJNLzQ2tnr,Everything Everything,Q1382296,310570,317529,Everything Everything,ok,62286,12,strict,UK008F,Manchester,True,5.492159502056714,4.794390441426282,4.958444572835855,-0.16405413140957315,316.0,479.0
464,6htUPs3clIStnkvg5jimKZ,Liberty X,Q1823053,157028,317064,Liberty X,ok,101940,12,strict,UK001F,London,True,5.195977099296298,5.008344629252689,4.745941011310197,0.2624036179424918,461.0,361.0
465,2ScuQMRWThcifBRIvNDFDC,John Mayall & The Bluesbreakers,Q886072,446310,316818,John Mayall & the Bluesbreakers,ok,121412,12,excluded_no_defensible_fua,,,False,5.649636617730435,5.084261613232057,5.071430515375201,0.01283109785685621,260.0,321.0
466,09mvgMBvJkxarNIDGdwPWg,Love and Rockets,Q643299,235396,313702,Love and Rockets (band),ok,89876,12,strict,UK528F,Northampton,True,5.371799078759382,4.953643735569696,4.872088940701598,0.08155479486809813,380.0,391.0
467,4XO18kRHLT6F5RhomZGrpc,Layo & Bushwacka!,Q3219976,36386,313503,Layo & Bushwacka!,ok,7260,12,excluded_no_defensible_fua,,,False,4.56093431517925,3.8609366207000937,4.290313492293805,-0.4293768715937114,801.0,867.0
468,1WQky50vkzSvSCUl0ejWqb,Matt Bianco,Q1758107,107297,312847,Matt Bianco,ok,49131,12,excluded_no_defensible_fua,,,False,5.030587579359617,4.691355603745286,4.627278114061729,0.06407748968355698,546.0,537.0
469,0WUphJOGHE5i95IeR87hsO,China Crisis,Q1073261,149310,306242,China Crisis,ok,83692,12,strict,UK006F,Liverpool,True,5.174088895463686,4.9226839463814995,4.730236765458724,0.1924471809227759,475.0,410.0
470,4fgXfJCQnK6c44u4KzAtQP,Sundara Karma,Q29862757,206350,305536,Sundara Karma,ok,10039,12,strict,UK552F,Reading,True,5.314604473213435,4.001690454232153,4.831053223301465,-0.829362769069312,399.0,831.0
471,3Uz6jx81OY2J5K8Z4wmy2P,Camel,Q612471,441790,305476,Camel (band),ok,155935,12,strict,UK033F,Guildford,True,5.645215881309136,5.1929436046106865,5.068258746136594,0.12468485847409205,263.0,254.0
472,30tUlKZ8oLo0BnN6n0GZKD,Nuages,Q59418184,100431,303990,,no_enwiki_article,0,0,excluded_no_defensible_fua,,,False,,,,,,
473,5lhaM01nwvsMZpmPY2HVER,Carcass,Q283835,495994,303826,Carcass (band),ok,180573,12,strict,UK006F,Liverpool,True,5.6954764228961405,5.256652813377136,5.104319443841469,0.15233336953566745,239.0,227.0
474,2pVMD4bFwl4AyoYyyo51Qg,Barclay James Harvest,Q807957,187986,303511,Barclay James Harvest,ok,86550,12,strict,UK008F,Manchester,True,5.274125506980991,4.937267072211412,4.802010564415923,0.13525650779548926,421.0,401.0
475,4IdvJZeciaa37wYr2qBpjm,Cliff Richard & The Shadows,Q46510292,118840,303431,,no_enwiki_article,0,0,excluded_no_defensible_fua,,,False,,,,,,
476,3H7pODXycF821OnRyAw2VT,911,Q3648767,186144,302164,911 (group),ok,15118,12,excluded_no_defensible_fua,,,False,5.269849042118274,4.17949434100545,4.798942306458674,-0.6194479654532241,422.0,779.0
477,1sAkg8871iPVI0wPbOfIZa,Fairground Attraction,Q238641,48326,301377,Fairground Attraction,ok,48613,12,excluded_no_defensible_fua,,,False,4.684180849560156,4.686752423033876,4.378739837875257,0.30801258515861907,745.0,540.0
478,4Bgfzia8wyaGaTn42egzTv,Catatonia,Q1050456,90480,301265,Catatonia (band),ok,78642,12,strict,UK009F,Cardiff,True,4.956552591917399,4.895654549812875,4.574159838423643,0.32149471138923147,592.0,422.0
479,52y1cRHUkI0kQqIXCg6JuZ,Johnny Kidd & The Pirates,Q6669284,37258,300280,Johnny Kidd & the Pirates,ok,43960,12,strict,UK001F,London,True,4.571219538368163,4.643057683751453,4.2976928859997106,0.345364797751742,798.0,566.0
480,4AbDWrmJPSOeIbT2Ou60ik,Funeral For A Friend,Q916973,268224,298448,Funeral for a Friend,ok,71179,12,excluded_no_defensible_fua,,,False,5.428497634817732,4.852351882269504,4.912768754841359,-0.060416872571854796,350.0,450.0
481,4Q6EFOghPrRjdwsF4p7Nzm,Nailbomb,Q1470712,203781,297670,Nailbomb,ok,108460,12,excluded_no_defensible_fua,,,False,5.309163689092279,5.035269600099436,4.8271495950221945,0.20812000507724182,403.0,343.0
482,0WPY9nnBy01s5QOt4o4oQX,Ride,Q4371,272871,296215,Ride (band),ok,107284,12,strict,UK560F,Oxford,True,5.435957382466494,5.030534957475371,4.918120939605445,0.11241401786992622,344.0,346.0
483,6bkF6GDcyXZn2T0D5Fwldl,Hang Massive,Q21722983,180715,296134,Hang Massive,ok,8690,12,excluded_no_defensible_fua,,,False,5.256994202073168,3.9390197764486663,4.7897192760997855,-0.8506994996511192,429.0,850.0
484,48VgYEfRllDfyLl4BEMVSF,The Oozes,Q128077193,208913,295667,,no_enwiki_article,0,0,excluded_no_defensible_fua,,,False,,,,,,
485,5E704N5StxMVKpalhaJ5L3,The Shamen,Q587713,81056,295405,The Shamen,ok,91387,12,excluded_no_defensible_fua,,,False,4.9087851681104535,4.9608844207906,4.539887891173311,0.4209965296172884,624.0,389.0
486,5gInJ5P5gQnOKPM3SUEVFt,Camera Obscura,Q1028565,206573,295126,Camera Obscura (band),ok,54486,12,strict,UK004F,Glasgow,True,5.315073556693308,4.736284926059879,4.83138977911706,-0.09510485305718142,398.0,512.0
487,6Pwy6Wat9hp8g83y6gih5g,Damage,Q5211877,21732,294456,Damage (British group),ok,33345,12,excluded_no_defensible_fua,,,False,4.337099696361683,4.5230307217546715,4.129717679550848,0.39331304220382357,875.0,627.0
488,2LIdnZDzySb04oH40be1fR,Fairport Convention,Q1145652,149174,294353,Fairport Convention,ok,201142,12,strict,UK001F,London,True,5.173693135197634,5.3035027641011805,4.729952817238767,0.5735499468624132,476.0,210.0
489,4jrTNltJtTMUfXybDdsHDn,The New Seekers,Q934498,68961,294222,The New Seekers,ok,97681,12,excluded_no_defensible_fua,,,False,4.8386035505448035,4.989810097008272,4.489534313285715,0.5002757837225573,659.0,370.0
490,4GzIiGnHYrOnq2LUiD6zdo,Jive Bunny and the Mastermixers,Q1689719,63077,294182,Jive Bunny and the Mastermixers,ok,34571,12,strict,UK010F,Sheffield,True,4.799871029703974,4.538711942116912,4.46174468585062,0.07696725626629153,683.0,619.0
491,7243txmysJ4KbRmH8UAMKO,The Amazons,Q28754328,149873,294130,The Amazons (band),ok,21171,12,excluded_no_defensible_fua,,,False,5.175723400645626,4.3257413721537965,4.731409482572426,-0.40566811041862927,474.0,708.0
492,09K1H1DgyIXHsMx2j7KTFX,Mystery Jets,Q1956918,170699,291320,Mystery Jets,ok,23181,12,strict,UK001F,London,True,5.232230976909965,4.365132166964691,4.771952273425089,-0.40682010646039846,440.0,690.0
493,7EV6jW6dotBdvsHj6xPixi,The Divine Comedy,Q1543686,174650,291037,The Divine Comedy (band),ok,147066,12,excluded_no_defensible_fua,,,False,5.242168589973666,5.167512280347374,4.779082265448311,0.3884300148990629,436.0,271.0
494,6lHC2EQMEMZiEmSfFloarn,Peter And Gordon,Q1256943,38450,290650,Peter and Gordon,ok,107096,12,excluded_no_defensible_fua,,,False,4.58489634413745,5.0297732503802335,4.307505656472166,0.7222675939080672,790.0,348.0
495,45FqwUG4hTT6d39r2HUsUe,Sea Girls,Q3476673,161623,289846,Sea Girls,ok,11247,12,strict,UK001F,London,True,5.208503163754882,4.051036695141213,4.754928153302904,-0.7038914581616913,454.0,820.0
496,19f2JXwlRU26376TCKmp6L,GoGo Penguin,Q18151740,295895,289811,GoGo Penguin,ok,39093,12,strict,UK008F,Manchester,True,5.471137626563959,4.59209899950497,4.943361896179427,-0.35126289667445665,326.0,585.0
497,3oxkIoEAyXXQlLTZXlffLJ,Zola Blood,Q64832876,87001,286256,Zola Blood,ok,4584,12,excluded_no_defensible_fua,,,False,4.939524244480526,3.6612446089593336,4.561942419550993,-0.9006978105916597,599.0,900.0
498,66GWpx9iLxrvvfhDsG9STP,Inspiral Carpets,Q500492,169178,285082,Inspiral Carpets,ok,137964,12,strict,UK008F,Manchester,True,5.228343886481907,5.139765777408489,4.769163382011433,0.3706023953970563,444.0,283.0
499,4K3NWDwBIxgktui14SccR2,The Vapors,Q1504687,63462,284360,The Vapors,ok,61317,12,strict,UK033F,Guildford,True,4.802513754736926,4.787580898378723,4.463640775815456,0.32394012256326654,680.0,485.0
500,0GShYlUdyLahdsvgKdselx,Bad Manners,Q798739,175516,283186,Bad Manners,ok,74045,12,strict,UK001F,London,True,5.244316712796027,4.869495737459201,4.780623490538295,0.08887224692090623,434.0,440.0
501,31DXlldabwPHwu6dYevuzK,Simian Mobile Disco,Q585470,182922,281669,Simian Mobile Disco,ok,23735,12,strict,UK001F,London,True,5.262265941146297,4.375389236054379,4.793501618730655,-0.41811238267627626,425.0,688.0
502,7DEseTqRODmSu3C7jxCHl5,The Boxer Rebellion,Q1633685,126547,280654,The Boxer Rebellion (band),ok,27577,12,strict,UK001F,London,True,5.10225185396769,4.440547019116441,4.678695461771908,-0.23814844265546675,517.0,662.0
503,0roeI3yPusDWwWRzAqTopw,Jesus Jones,Q4387765,66527,280634,Jesus Jones,ok,71026,12,excluded_no_defensible_fua,,,False,4.822997939606854,4.851417357022564,4.478337672725064,0.37307968429750016,665.0,453.0
504,1GWV70Reko15eV2nHCm0bM,The Blue Nile,Q1970440,109768,278387,The Blue Nile (band),ok,102671,12,strict,UK004F,Glasgow,True,5.040475751325913,5.011447792005194,4.6343726333182165,0.37707515868697783,542.0,357.0
505,2HBbky0Z08ZcCKVsXWbNE4,The Dave Clark Five,Q1141454,252497,278011,The Dave Clark Five,ok,174075,12,strict,UK001F,London,True,5.402256222489588,5.240736403847618,4.893941189370818,0.34679521447680006,365.0,237.0
506,3qQloBz05T6e0rKubNCmjG,Young Gun Silver Fox,Q100599254,77208,276802,Young Gun Silver Fox,ok,34006,12,excluded_no_defensible_fua,,,False,4.887662302613576,4.531555550483368,4.52473275668227,0.0068227938010982925,638.0,623.0
507,0aTdKgInKeMlNnwWSa1YPT,OceanLab,Q1971039,83360,276395,OceanLab,ok,10191,12,strict,UK001F,London,True,4.920957705955449,4.008216801589691,4.548621386548996,-0.5404045849593055,611.0,829.0
508,51Eq6WMVEOjjx9KQMAnneG,The Cribs,Q1146764,212021,276100,The Cribs,ok,78525,12,strict,UK003F,Leeds,True,5.326378878534612,4.895007945070542,4.839501068420814,0.0555068766497282,395.0,424.0
509,3VQXCMRCSzdKek71OkAL3Q,World News,Q135966902,17710,276065,World News (band),no_pageview_data,0,0,strict,UK515F,Brighton and Hove,True,,,,,,
510,2i8ynmFv4qgRksyDlBgi6d,Wire,Q1135620,240002,272502,Wire (band),ok,110223,12,strict,UK001F,London,True,5.380214860817209,5.042272227282038,4.87812705655063,0.1641451707314081,374.0,342.0
511,14GEKKALFIO2oB9IdGXg2e,Reverend And The Makers,Q2146848,95993,271305,Reverend and the Makers,ok,102124,12,strict,UK010F,Sheffield,True,4.982239564579003,5.009127816942105,4.592589607122017,0.4165382098200885,576.0,359.0
512,191Koh7PSIi28IrGAGoINO,Reef,Q652420,68741,269572,Reef (band),ok,54543,12,excluded_no_defensible_fua,,,False,4.837215845684869,4.736739021533997,4.488538669309792,0.2482003522242051,662.0,511.0
513,3q7uty73JMtjzCSJdGQD7B,Cinnamon Chasers,Q2669700,52546,269301,,no_enwiki_article,0,0,excluded_no_defensible_fua,,,False,,,,,,
514,5pL8Q5xbDLEDE6JvYMXX9u,Nu:Logic,Q7067693,41401,269288,Nu:Logic,ok,1873,12,strict,UK017F,Cambridge,True,4.617010831199084,3.2725377773752373,4.330547008063494,-1.0580092306882567,777.0,939.0
515,2bt3I0VkmYuPvP57sxokab,Stiff Little Fingers,Q1538935,236374,266703,Stiff Little Fingers,ok,115170,12,strict,UK012F,Belfast,True,5.373599704537811,5.061339366837068,4.873380845241925,0.18795852159514226,377.0,331.0
516,1DlbW0TOOja6uqR4CHAaeg,Grace,Q5590943,9154,266321,Grace (group),ok,6432,12,excluded_no_defensible_fua,,,False,3.9616109080912807,3.808346035740395,3.8603137444191615,-0.051967708678766655,924.0,877.0
517,7KnaZr690xW0sCihF9Z8oP,lostprophets,Q18852,179652,264396,Lostprophets,ok,1303745,12,strict,UK009F,Cardiff,True,5.254432056409184,6.115192655872498,4.787880999842757,1.3273116560297407,431.0,18.0
518,5fEKZRCUa0JApec5Xy095q,Moose Blood,Q18712447,194936,263954,Moose Blood,ok,14653,12,excluded_no_defensible_fua,,,False,5.289892050290489,4.165926549609097,4.813322669979895,-0.6473961203707983,409.0,787.0
519,194g4SFwSSzyPtgkH7v3Cx,After The Fire,Q389095,24888,261736,After the Fire,ok,32342,12,strict,UK001F,London,True,4.395989998100647,4.509766872778387,4.171970017104384,0.33779685567400364,861.0,633.0
520,52K4ArhA4OgMO7AsyEgqCT,Bow Wow Wow,Q895390,131599,261338,Bow Wow Wow,ok,197498,12,strict,UK001F,London,True,5.119252589155353,5.295562702021407,4.690893069537469,0.6046696324839376,507.0,214.0
521,2qsc1hUhG2UrNZhByveJ6x,Danny Wilson,Q365099,29191,260573,Danny Wilson (band),ok,39016,12,excluded_no_defensible_fua,,,False,4.465248972927137,4.59124274258351,4.221661621605785,0.3695811209777249,840.0,586.0
522,231kUXNyI5BYxIvZacVbCu,Levitation,Q6535703,7922,260389,Levitation (band),ok,4646,12,strict,UK001F,London,True,3.8988348380682742,3.6670792054642165,3.815273464057658,-0.14819425859344149,933.0,899.0
523,5HAtRoEPUvGSA7ziTGB1cF,The Orb,Q924993,214298,260320,The Orb,ok,81991,12,strict,UK001F,London,True,5.33101811787796,4.913766183300156,4.8428296081113675,0.07093657518878871,393.0,414.0
524,3cqIsBnzV3BabbPWKz8Txf,Mud,Q1471676,92756,259860,Mud (band),ok,123760,12,strict,UK001F,London,True,4.967342011900145,5.092580300691311,4.581900980880997,0.5106793198103139,587.0,314.0
525,4UwR1ir6PovnQiwX5jRPvF,Anti Up,Q113199573,52163,259333,,no_enwiki_article,0,0,excluded_no_defensible_fua,,,False,,,,,,
526,3IXtskFMls8KXRipcIJT9y,AS IT IS,Q19654688,161720,259244,As It Is (band),ok,29284,12,excluded_no_defensible_fua,,,False,5.2087637326616365,4.466630398181393,4.755115105060309,-0.2884847068789158,453.0,649.0
527,3Z7thZHrtFvqp8OpPffPKp,Propellerheads,Q1426055,173478,258314,Propellerheads,ok,36384,12,excluded_no_defensible_fua,,,False,5.239244406594255,4.560910443007641,4.776984236068822,-0.2160737930611809,437.0,607.0
528,3cohAS2UQTaOo80kCn8qjT,Ten Fé,Q56757496,50901,257636,,no_enwiki_article,0,0,excluded_no_defensible_fua,,,False,,,,,,
529,2qV7axHq9Jk7QqFcB3f05A,The Zutons,Q1142296,160719,254373,The Zutons,ok,72341,12,strict,UK006F,Liverpool,True,5.206067221551088,4.859384507901965,4.753180424912722,0.106204082989243,455.0,445.0
530,5ZfzzHE7rxONfoksJsLXrX,Bucks Fizz,Q839831,70385,252247,Bucks Fizz,ok,175484,12,excluded_no_defensible_fua,,,False,4.847480114947017,5.244237525197968,4.495903029090576,0.7483344961073914,653.0,234.0
531,7sYipTRgDXS2JVOPEhRutx,Portico Quartet,Q3399302,213988,251925,Portico Quartet,ok,19607,12,strict,UK001F,London,True,5.33038941970477,4.292411148837825,4.842378532694049,-0.5499673838562238,394.0,724.0
532,6fVcDUckTwxqg56qNsEvUr,Frightened Rabbit,Q1464866,255039,251709,Frightened Rabbit,ok,75940,12,excluded_no_defensible_fua,,,False,5.406606596864178,4.880470592803778,4.897062475578082,-0.016591882774303457,362.0,433.0
533,7GeAzBsalYANXTi1ReOm1R,Stanton Warriors,Q7600283,70322,251667,Stanton Warriors,ok,8966,12,excluded_no_defensible_fua,,,False,4.847091213837787,3.952598734529773,4.495624002146293,-0.5430252676165201,654.0,847.0
534,7EFB09NxZrMi9pGlOnuBpd,The Horrors,Q1138555,296621,251304,The Horrors,ok,65261,12,strict,UK001F,London,True,5.472201894707433,4.8146537242351,4.944125482296625,-0.12947175806152522,325.0,465.0
535,6EK2381dTQEvcn3KrnMOWQ,Uniting Nations,Q1476064,11305,251123,Uniting Nations,ok,7674,12,strict,UK006F,Liverpool,True,4.053270566681379,3.8850217948622974,3.9260772864698943,-0.04105549160759692,909.0,860.0
536,7DruTvBV7owt1aSAZHsU58,Viola Beach,Q22712305,146142,245749,Viola Beach,ok,152844,12,strict,UK531F,Warrington,True,5.164775046508722,5.1842483948577485,4.7235543087833936,0.4606940860743549,483.0,262.0
537,4KlYg0F5KG9QNDFKaeTNAy,VNV Nation,Q727124,225268,245699,VNV Nation,ok,40384,12,strict,UK001F,London,True,5.3526995032619595,4.606209333228022,4.858385466832107,-0.25217613360408553,385.0,581.0
538,7hqZBHSgDs1odG9aupMzEI,Big Audio Dynamite,Q239474,159697,244576,Big Audio Dynamite,ok,121612,12,strict,UK001F,London,True,5.2032967577434714,5.084976430830234,4.751192685530809,0.3337837452994252,457.0,319.0
539,2VL8sLEJ6lHEwocjc1pN9w,The Tremeloes,Q177364,158758,239363,The Tremeloes,ok,124101,12,excluded_no_defensible_fua,,,False,5.200735619118755,5.0937752810372645,4.749355131799593,0.3444201492376715,459.0,313.0
540,2IkHcHKErbWa0TA14yHkbl,Dirty Vegas,Q1228291,57837,237782,Dirty Vegas,ok,19840,12,excluded_no_defensible_fua,,,False,4.762205758054881,4.29754166781816,4.434720783361254,-0.13717911554309392,700.0,719.0
541,2RiGIRDi4GoJpDbjDnPVJl,Sylosis,Q1631741,189903,236596,Sylosis,ok,78853,12,strict,UK552F,Reading,True,5.278531825575114,4.896818220919975,4.8051719892194935,0.0916462317004818,415.0,421.0
542,5OK8j1JnhoBlivN32G7yOO,This Mortal Coil,Q1754136,200368,236565,This Mortal Coil,ok,107917,12,excluded_no_defensible_fua,,,False,5.301828363237554,5.033089863817711,4.821886679823478,0.21120318399423343,406.0,344.0
543,4qobOrZpdUri80gScwsHfs,Bondax,Q15528102,111883,235766,Bondax,ok,1813,12,excluded_no_defensible_fua,,,False,5.048764102908446,3.258397804095509,4.640319320947358,-1.3819215168518495,540.0,942.0
544,2CxLP749mup3ncPrXgCnvU,Humble Pie,Q664459,375622,234347,Humble Pie,ok,237608,12,strict,UK001F,London,True,5.574751020758066,5.375861058772816,5.017701948399951,0.3581591103728652,286.0,185.0
545,41yDmxekjnWShKi6nRmzZ4,Rivers & Robots,Q22080889,136616,233180,Rivers & Robots,ok,4503,12,excluded_no_defensible_fua,,,False,5.135501565412789,3.653501946962933,4.702551308830787,-1.0490493618678545,497.0,901.0
546,0ZUyFEafMwocvApBjTXvdo,This Is The Kit,Q15044932,129605,229902,This Is the Kit,ok,21612,12,excluded_no_defensible_fua,,,False,5.112621756399718,4.334694958867158,4.686135610744101,-0.35144065187694284,512.0,706.0
547,1TrwMxRrrlk0hZxJkw4jUF,Levellers,Q1380135,94240,228842,Levellers (band),ok,78575,12,strict,UK515F,Brighton and Hove,True,4.974235277443026,4.895284389689618,4.586846728720004,0.3084376609696138,581.0,423.0
548,7n1EM42Fseebd9H2p8eWWS,New Model Army,Q1501951,124775,226980,New Model Army (band),ok,73345,12,strict,UK003F,Leeds,True,5.09612757853816,4.865370512911087,4.674301445353613,0.191069067557474,519.0,443.0
549,3gnrmLahFhVXRI9DA1MImH,We Were Promised Jetpacks,Q1488607,142629,226591,We Were Promised Jetpacks,ok,23110,12,strict,UK007F,Edinburgh,True,5.154207837293531,4.363799945479109,4.715972597065593,-0.3521726515864838,489.0,691.0
550,6C0JkmxU2cgkVzotHJgfW7,Athlete,Q580268,142136,225403,Athlete (band),ok,22085,12,strict,UK001F,London,True,5.152704089336525,4.34409740359441,4.714893695032513,-0.37079629143810333,490.0,703.0
551,4W2dcPOyD7eSfJCPHCfwoA,Living In A Box,Q1866528,94130,223338,Living in a Box,ok,65455,12,strict,UK010F,Sheffield,True,4.973728058688027,4.815942827196474,4.586482811786029,0.22946001541044492,582.0,464.0
552,3SUI6pbPumjijbLHHY6vss,The Temperance Movement,Q14957024,80272,223097,The Temperance Movement (band),ok,19986,12,excluded_no_defensible_fua,,,False,4.904564083683677,4.30072588307482,4.5368593673115605,-0.2361334842367402,628.0,717.0
553,6DKmuXxXASTF6xaJwcTfjv,Spiritualized,Q1144015,285400,222247,Spiritualized,ok,93583,12,strict,UK025F,Coventry,True,5.455453968778628,4.971196963302861,4.932109258932682,0.03908770437017939,334.0,384.0
554,3LtBdgNHdH0Ix8hCFZ4NJG,Blancmange,Q594199,123820,221240,Blancmange (band),ok,110982,12,strict,UK001F,London,True,5.092790799676886,5.045252546943613,4.6719073889024685,0.3733451580411442,520.0,338.0
555,2H32fphWQj9hhVuCOKkchM,The Nolans,Q1038777,39473,217117,The Nolans,ok,149128,12,excluded_non_uk,,,False,4.59630013460261,5.173559193445142,4.315687594582443,0.8578715988626984,788.0,268.0
556,2KB6LGMBaOYYYdvvgyptFH,Utah Saints,Q2036827,53925,216105,Utah Saints,ok,50850,12,excluded_no_defensible_fua,,,False,4.731790153774583,4.706290957258763,4.412898338221774,0.29339261903698866,714.0,530.0
557,3mZqziCJj4pq3P2VBpmK6p,Friendly Fires,Q1464530,235528,215715,Friendly Fires,ok,21150,12,strict,UK001F,London,True,5.372042544257478,4.325310371711061,4.872263621185557,-0.5469532494744955,379.0,709.0
558,5wnhqlZzXIq8aO9awQO2ND,Coldcut,Q698224,66493,214514,Coldcut,ok,31015,12,excluded_no_defensible_fua,,,False,4.822775927688251,4.491571785500986,4.478178384654724,0.013393400846261727,666.0,641.0
559,2SRIVGDkdqQnrQdaXxDkJt,Haken,Q774774,248459,213215,Haken (band),ok,78341,12,strict,UK001F,London,True,5.395254732937234,4.893989110889535,4.88891779347696,0.005071317412575382,368.0,426.0
560,1Pe3z1UqRzKsQtHsl25dm6,Juno Reactor,Q1410018,99783,212577,Juno Reactor,ok,35599,12,strict,UK001F,London,True,4.999056556967963,4.551437798518334,4.604655383965939,-0.05321758544760513,566.0,613.0
561,1dmEUAQBopYUrsMnQnScWL,Fun Boy Three,Q1473992,123794,210879,Fun Boy Three,ok,86408,12,excluded_no_defensible_fua,,,False,5.092699595976199,4.936553953069349,4.671841952498955,0.2647120005703938,521.0,402.0
562,3RP50pmG8Wz1mhNCidQj68,RITUAL,Q60752425,49910,208784,Ritual (electronic band),ok,3070,12,excluded_no_defensible_fua,,,False,4.698187569866122,3.4871383754771865,4.38878931388251,-0.9016509384053237,739.0,921.0
563,4hzCcF4Leos2sKnz79nwhz,The Sound,Q732151,119926,207467,The Sound (band),ok,63583,12,strict,UK001F,London,True,5.078913348506884,4.803341015128119,4.661950660308739,0.14139035481937956,527.0,472.0
564,5zbAdSKQiTetVoHnbHvsDg,Sea of Thieves,Q20113718,99748,205720,Sea of Thieves,ok,172288,12,excluded_no_defensible_fua,,,False,4.998904196612705,5.236255029535826,4.60454606917267,0.6317089603631558,567.0,239.0
565,497rp5TEzJffeBnUT0BeE1,Mammal Hands,Q18984313,143732,205120,Mammal Hands,ok,16670,12,excluded_no_defensible_fua,,,False,5.157553468734565,4.221935599828005,4.718373005024155,-0.49643740519614976,487.0,757.0
566,6VsiDFMZJlJ053P1uO4A6h,Public Service Broadcasting,Q7257602,191872,204661,Public Service Broadcasting (band),ok,61707,12,strict,UK001F,London,True,5.283011602496148,4.790334432897676,4.8083861185590075,-0.018051685661331973,411.0,482.0
567,33W24YuaMUEk85MwRX6cRs,Paper Lace,Q2050633,42819,203759,Paper Lace,ok,53978,12,strict,UK029F,Nottingham,True,4.6316365205120595,4.732216788981981,4.341040579051535,0.3911762099304461,770.0,516.0
568,3Q9P0SbpaP9xsBtLUVK0Be,Planet Perfecto,Q7201145,10221,203707,Planet Perfecto,ok,3865,12,excluded_no_defensible_fua,,,False,4.00949338828754,3.5871494982543437,3.8946682417881955,-0.3075187435338518,918.0,908.0
569,5fwaejlOHVBAw1KhIPPaQe,Venom,Q192861,617815,203523,Venom (band),ok,242584,12,strict,UK013F,Newcastle,True,5.790858448378099,5.384862152916119,5.1727536922355,0.21210846068061873,203.0,179.0
570,5uh8Bhewltd8j0TLZjNImc,Lemon Jelly,Q1444372,188511,203232,Lemon Jelly,ok,36429,12,strict,UK001F,London,True,5.275336697246944,4.5614472497364895,4.802879563528636,-0.24143231379214658,419.0,606.0
571,6veTV9sF06FBf2KN0xAdvo,The Go! Team,Q1514317,101993,202864,The Go! Team,ok,35506,12,strict,UK515F,Brighton and Hove,True,5.008570366215898,4.550301748737082,4.611481307214651,-0.061179558477569174,564.0,615.0
572,3tgiOZXeC1DIimfprvfL64,Sam And The Womp,Q2115414,49372,201092,Sam and the Womp,ok,22645,12,excluded_no_defensible_fua,,,False,4.6934807203200135,4.354972325018976,4.385412265540706,-0.030439940521730158,741.0,694.0
573,0NV5eY4Jzg4ldg2ikGnV4n,Virus Syndicate,Q14158679,68866,200462,Virus Syndicate,ok,2739,12,excluded_no_defensible_fua,,,False,4.83800485823757,3.4375920322539613,4.489104766336403,-1.0515127340824422,660.0,927.0
574,6e6GkaF6uiSEFuTrlvDJUF,The Twilight Sad,Q750092,116543,199417,The Twilight Sad,ok,69086,12,excluded_no_defensible_fua,,,False,5.066486193320602,4.839390048260432,4.653034483276935,0.18635556498349715,532.0,459.0
575,3UqRgrDIQ208yNGiWKRMNt,Napalm Death,Q321762,453164,199401,Napalm Death,ok,296451,12,strict,UK002F,Birmingham,True,5.65625540158335,5.471952919662428,5.076179329378343,0.3957735902840849,256.0,148.0
576,77zwstbi3x1IxnbDFg6uns,Wishbone Ash,Q137758,239755,199281,Wishbone Ash,ok,180638,12,strict,UK561F,Torbay,True,5.379767672984586,5.256809116156556,4.877806210321355,0.37900290583520135,375.0,226.0
577,0THUMJMWUd5L8os9K6O4FE,World Party,Q2504465,59109,199197,World Party,ok,69600,12,strict,UK001F,London,True,4.771653612061533,4.842609239610562,4.441499385352716,0.40110985425784573,696.0,457.0
578,1fQDzf4lnUF4DYngrLJH0m,letherette,Q16960515,72744,199074,Letherette,ok,2205,12,excluded_no_defensible_fua,,,False,4.861797178079228,3.3434085938038574,4.506175168413598,-1.162766574609741,649.0,936.0
579,3z3KnhKZObj216IgfHYGVf,Diamond Head,Q552377,216505,199057,Diamond Head (British band),ok,112934,12,strict,UK002F,Birmingham,True,5.335467930469223,5.052824710653293,4.8460222387840615,0.2068024718692314,391.0,333.0
580,4zPGlyitRvJo7iz6OKlETa,Gomez,Q1536853,139162,198405,Gomez (band),ok,60699,12,strict,UK006F,Liverpool,True,5.143520661687525,4.7831815362472625,4.708304812424236,0.07487672382302613,494.0,486.0
581,0IBAqjHG8DSaD7PPCGnGiZ,Babyshambles,Q797992,291010,198309,Babyshambles,ok,72837,12,strict,UK001F,London,True,5.463907912938484,4.862352049831877,4.938174755147734,-0.07582270531585689,329.0,444.0
582,4Cyr5aqgXza16isOrQNOvo,Brotherhood of Man,Q832745,61658,196558,Brotherhood of Man,ok,114363,12,excluded_no_defensible_fua,,,False,4.7899894334126945,5.058285539361334,4.454654884478611,0.603630654882723,688.0,332.0
583,5zhn89Em2jWUUWdpcLO3YL,Sea Power,Q920131,106520,196069,Sea Power,ok,56606,12,excluded_no_defensible_fua,,,False,5.0274311577669035,4.7528624670325526,4.625013459497932,0.12784900753462036,551.0,500.0
584,35S20clEkkSNUo23ViaslZ,Band Aid,Q806231,53354,195618,Band Aid (band),ok,95052,12,strict,UK001F,London,True,4.727166984450405,4.977961259337451,4.409581328373223,0.5683799309642277,718.0,378.0
585,1fy3AQc7grjf5LnCd7snSg,The View,Q578954,156449,195510,The View (band),ok,30894,12,strict,UK550F,Dundee City,True,5.1943727915418485,4.489874142210878,4.744789960105175,-0.25491581789429674,462.0,643.0
586,1USHlPahTZrCeJXS2v5pkF,Thunderclap Newman,Q2165685,20516,194255,Thunderclap Newman,ok,110449,12,strict,UK001F,London,True,4.312092690393716,5.043161788143642,4.111775770167444,0.9313860179761981,880.0,341.0
587,3vldh5Ceynytj6Iglw4haP,Tommy Lefroy,Q115209312,94042,192772,Tommy Lefroy,ok,2816,12,strict,UK001F,London,True,4.973321856732437,3.4496326504700745,4.586191371911624,-1.1365587214415491,583.0,925.0
588,4JKHXlntTvmZnLxjbeRcPL,City of London Sinfonia,Q2974592,4379,190860,City of London Sinfonia,ok,1687,12,excluded_no_defensible_fua,,,False,3.6413749451921253,3.2271150825891253,3.6305523473529218,-0.4034372647637965,943.0,945.0
589,6WoTvA9qinpHtSRJuldYh6,The Fall,Q909916,224200,190295,The Fall (band),ok,241253,12,strict,UK008F,Manchester,True,5.350635608258955,5.382472722535395,4.856904673123008,0.5255680494123869,386.0,180.0
590,2Sp19cOHSqAUlE64hekARW,Teenage Fanclub,Q1515611,164920,186449,Teenage Fanclub,ok,89171,12,strict,UK004F,Glasgow,True,5.2172733261293205,4.950223637024803,4.7612205282798,0.1890031087450028,447.0,395.0
591,7gCZfkXLOfuZozSItq6tCG,London Symphony Chorus,Q6670826,4932,185312,London Symphony Chorus,ok,1354,12,excluded_no_defensible_fua,,,False,3.693023067923694,3.1316186643491255,3.667608600270995,-0.5359899359218696,941.0,946.0
592,7FPkZue0zzjHaOPJb4WCw3,The Pigeon Detectives,Q1469656,214476,184605,The Pigeon Detectives,ok,24469,12,strict,UK003F,Leeds,True,5.331378701412501,4.388616220951455,4.843088317894945,-0.45447209694348967,392.0,682.0
593,2McLd7klWE4UjkPLqqMwLv,The Qemists,Q2067701,105080,184241,The Qemists,ok,11266,12,strict,UK515F,Brighton and Hove,True,5.021520064114033,4.051769746899332,4.62077239574114,-0.5690026488418081,553.0,819.0
594,1G3Eh23f2hwhEnAMw7HsZ6,Bomb The Bass,Q891757,54515,184150,Bomb the Bass,ok,31301,12,excluded_no_defensible_fua,,,False,4.736516016421845,4.495558212547868,4.416289027994241,0.07926918455362753,708.0,639.0
595,3HghjRl8Mo6OJWG0WElY2z,Way Out West,Q1431341,50191,183677,Way Out West (duo),ok,13346,12,excluded_no_defensible_fua,,,False,4.700625848604062,4.125351120514752,4.390538718678256,-0.2651875981635037,736.0,802.0
596,7vPXrGlSGukcwpaPxUfKKR,Japan,Q174933,251906,183396,Japan (band),ok,142804,12,strict,UK001F,London,True,5.4012385118246655,5.154740372381317,4.8932110070950205,0.26152936528629667,366.0,280.0
597,4SXsNXgRundFdewI58vbZT,King King,Q21288873,31218,182479,King King (band),ok,19686,12,excluded_no_defensible_fua,,,False,4.49440507627968,4.294157480769691,4.24258040592545,0.05157707484424101,825.0,722.0
598,2qhmNI4ZHPpeDutdg473Z3,The Future Sound Of London,Q168031,179121,181260,The Future Sound of London,ok,52531,12,strict,UK008F,Manchester,True,5.253146505164931,4.720415668275947,4.786958648564013,-0.06654298028806682,433.0,522.0
599,6RDAHUqUqJab8TZmyRHFss,Stooshe,Q1346917,81733,180657,Stooshe,ok,17445,12,strict,UK001F,London,True,4.91239743993843,4.24167097378413,4.542479607026413,-0.30080863324228346,618.0,751.0
600,3EbMlZ7ZKmFWPTHrLzpzvs,Bolt Thrower,Q662463,285017,180166,Bolt Thrower,ok,138422,12,strict,UK025F,Coventry,True,5.4548707645208125,5.141205119884428,4.931690824276444,0.20951429560798385,335.0,282.0
601,4CbuwI3bEF7gQOwpxBKtal,London Elektricity,Q1858715,102536,179973,London Elektricity,ok,14873,12,strict,UK001F,London,True,5.010876371307897,4.172398577939305,4.613135808935143,-0.44073723099583795,562.0,783.0
602,3zIIUxcnIoUMouVQdphkeC,Showaddywaddy,Q731797,93848,178641,Showaddywaddy,ok,143955,12,excluded_no_defensible_fua,,,False,4.972425021781882,5.15822675385945,4.585547914976582,0.5726788388828687,584.0,277.0
603,3TBfn8PtXr42OrTPaoC3E8,The Futureheads,Q141703,108938,175654,The Futureheads,ok,24852,12,strict,UK510F,Sunderland,True,5.037179397768975,4.395361344941078,4.632007581024871,-0.23664623608379287,544.0,678.0
604,3MomZRiJwdZmYnysgtF4Ey,Therapy?,Q1130493,123041,175573,Therapy?,ok,58869,12,excluded_no_defensible_fua,,,False,5.090049852144588,4.7698866585712905,4.669940826719369,0.09994583185192152,522.0,490.0
605,0PFM64sKw3GG4Sk8kqNIcp,Until The Ribbon Breaks,Q19881622,44423,174393,Until the Ribbon Breaks,ok,2983,12,strict,UK009F,Cardiff,True,4.6476078842316175,3.474653253362063,4.352499638202909,-0.8778463848408462,762.0,923.0
606,3mbVe260Kgvs1P8YFcCyY7,The Seahorses,Q7762808,134499,173184,The Seahorses,ok,44777,12,strict,UK533F,York,True,5.1287190553711675,4.6510549930596605,4.697685025329489,-0.04663003226982809,502.0,562.0
607,2Ah7S4oLgEBYRbz2V0cZzU,Lawson,Q1076,182546,172494,Lawson (band),ok,18893,12,excluded_no_defensible_fua,,,False,5.261372321005493,4.276300924570774,4.792860468342239,-0.5165595437714652,426.0,733.0
608,7hC74DRW4q3obXLB5lTq4F,swim school,Q112039696,31979,172006,Swim School,ok,16288,12,excluded_no_defensible_fua,,,False,4.50486487900771,4.211867760656665,4.250085056140474,-0.038217295483809366,819.0,764.0
609,57YVY9QP1mhqc51WqHln0e,Tom Robinson Band,Q526586,37011,171964,Tom Robinson Band,ok,39985,12,excluded_no_defensible_fua,,,False,4.5683308194537915,4.601897100353281,4.295620301498305,0.3062767988549764,800.0,584.0
610,5BEYGWk6aPdNXxBx9pwU8S,The Soup Dragons,Q3066755,50553,171856,The Soup Dragons,ok,46430,12,strict,UK004F,Glasgow,True,4.703746933315467,4.666798683666174,4.392778019902148,0.2740206637640261,735.0,554.0
611,37QFe07xXVifiZf6t6t3PE,The Corries,Q1349385,37863,171307,The Corries,ok,41801,12,strict,UK007F,Edinburgh,True,4.578215021456321,4.621186671470898,4.302711972403804,0.31847469906709414,795.0,575.0
612,6XgIk9Y6qy6JCMZVime6DQ,Bob Vylan,Q111685240,188980,171179,Bob Vylan,ok,731108,12,strict,UK001F,London,True,5.276415844653449,5.8639815361090735,4.803653825149706,1.0603277109593678,418.0,50.0
613,4pE3KE9J1Z1LKzjwLtWU21,Sailor,Q354427,47029,168700,Sailor (band),ok,48408,12,excluded_no_defensible_fua,,,False,4.672365744234083,4.684917139924371,4.370262791507237,0.31465434841713424,751.0,542.0
614,25IRTisJjqI6JlkyCVMBsV,Dr. Feelgood,Q1253897,120205,167923,Dr. Feelgood (band),ok,129103,12,excluded_no_defensible_fua,,,False,5.079922532785249,5.110936334197542,4.66267472511269,0.44826160908485235,526.0,303.0
615,4NPManowiyiGa72hezruf2,Cock Sparrer,Q600311,137956,166468,Cock Sparrer,ok,58427,12,strict,UK001F,London,True,5.1397405936171285,4.766613587544323,4.7055927069099255,0.06102088063439748,496.0,492.0
616,3SfrwwVPGtjYTI3vwQ4hEU,Thunder,Q678521,122168,165055,Thunder (band),ok,45396,12,strict,UK001F,London,True,5.086957464144109,4.657017587340369,4.667722114677071,-0.010704527336701908,524.0,560.0
617,6NB4b8lltHCjOhW7vQZkAy,The Exploited,Q117684,272998,164967,The Exploited,ok,95889,12,strict,UK007F,Edinburgh,True,5.436159465384546,4.981768789513695,4.918265929109917,0.06350286040377817,342.0,375.0
618,5O0RrEgz4NLCPLrDZiPggz,The Slits,Q677115,155815,164826,The Slits,ok,136445,12,strict,UK001F,London,True,5.192609264014681,5.134957625662232,4.7435246726442095,0.3914329530180227,463.0,287.0
619,6msJKphD3VXZPItnztefdH,Stateless,Q3497309,31770,164345,Stateless (band),ok,4702,12,strict,UK003F,Leeds,True,4.502017214827148,3.6722826247889206,4.248041927396974,-0.5757593026080534,822.0,898.0
620,5yBDILLJyNFAjFpECkk7ys,Beady Eye,Q753648,205926,164088,Beady Eye,ok,117428,12,strict,UK001F,London,True,5.313711183644079,5.069771664165509,4.830412310089901,0.23935935407560738,401.0,326.0
621,3k7uMwc8FLJmH8RHMh2HF8,Babylon Zoo,Q696624,17699,163876,Babylon Zoo,ok,42518,12,strict,UK002F,Birmingham,True,4.247948729257255,4.6285728275965035,4.0657540617039345,0.562818765892569,888.0,570.0
622,7y4breKexfBWgdyMgHMEHK,Kareful,Q59563575,17678,162343,,no_enwiki_article,0,0,excluded_no_defensible_fua,,,False,,,,,,
623,5gNduPlUGHsgy1w7f71obH,The Swinging Blue Jeans,Q1310839,71064,161534,The Swinging Blue Jeans,ok,37621,12,strict,UK006F,Liverpool,True,4.851649649100906,4.575430335305532,4.498894566904255,0.07653576840127663,652.0,600.0
624,0umDTRGYujQH31KZq9FdrU,Loadstar,Q15052759,38144,160497,Loadstar (duo),ok,1816,12,strict,UK011F,Bristol,True,4.581426233724123,3.2591158441850663,4.305015937924249,-1.0459000937391831,793.0,940.0
625,0P2q6xyNc2hVFkG3ThjYcJ,The Magic Numbers,Q1474849,102124,160113,The Magic Numbers,ok,34292,12,strict,UK001F,London,True,5.009127816942105,4.535192815054697,4.61188126434779,-0.07668844929309326,563.0,620.0
626,0uhNYfjHJyAmHh2xNZ4vqf,Oxide & Neutrino,Q1428002,27287,159474,Oxide & Neutrino,ok,16256,12,strict,UK001F,London,True,4.4359557908892375,4.211013690603825,4.200644486713714,0.010369203890110867,849.0,766.0
627,3lGO6uBIzoFyU6OoGMER1B,Dead Pony,Q112031241,55682,158291,Dead Pony,ok,54743,12,excluded_no_defensible_fua,,,False,4.7457148259804605,4.738328593727102,4.422888946742902,0.3154396469842,706.0,508.0
628,4A9xtvezlouTD7H0kyUje9,Twin Atlantic,Q2365012,154793,158180,Twin Atlantic,ok,26914,12,strict,UK004F,Glasgow,True,5.189751317263472,4.429978248073312,4.741474166410137,-0.3114959183368251,467.0,666.0
629,0m5XJwKGYyUjd3VMfcINCQ,Shpongle,Q1134411,331485,157586,Shpongle,ok,54590,12,excluded_no_defensible_fua,,,False,5.520463880962155,4.737113094305961,4.978752265892972,-0.24163917158701054,306.0,510.0
630,7ulIMfVKiXh8ecEpAVHIAY,Electrelane,Q460115,67563,156130,Electrelane,ok,17706,12,strict,UK515F,Brighton and Hove,True,4.82970892530571,4.248120459883603,4.4831526392762955,-0.23503217939269216,664.0,744.0
631,4r4F8WTxKS7hsSWVzlu6rY,AlicebanD,Q117025304,39307,156024,,no_enwiki_article,0,0,excluded_no_defensible_fua,,,False,,,,,,
632,02nZLQtQ4vL5iHyp6atBrh,Calva Louise,Q111128234,88942,155471,Calva Louise,ok,44092,12,excluded_no_defensible_fua,,,False,4.9491068910135,4.644359798741588,4.568817731852196,0.07554206688939225,596.0,565.0
633,23ytwhG1pzX6DIVWRWvW1r,TesseracT,Q1430984,359654,155442,Tesseract (band),ok,75685,12,strict,UK525F,Milton Keynes,True,5.555884894800206,4.879009815263195,5.004165968811455,-0.12515615354825993,294.0,434.0
634,0exhrQcReCdr11oPbOh22M,Deaf Havana,Q5245773,127338,155196,Deaf Havana,ok,23974,12,excluded_no_defensible_fua,,,False,5.104958024452082,4.379740500992257,4.680637072281747,-0.3008965712894893,515.0,687.0
635,59FA7hfd0gJCIVBN0GygHg,The Bluebells,Q4050978,16802,155036,The Bluebells,ok,48694,12,excluded_no_defensible_fua,,,False,4.22536098037266,4.687475451411264,4.04954790954875,0.6379275418625143,892.0,538.0
636,0oQLexIBY9SlMhtbSIPFAO,The Alarm,Q2301808,89337,153792,The Alarm,ok,77936,12,excluded_no_defensible_fua,,,False,4.951031364463094,4.891738112227695,4.570198494038905,0.3215396181887895,594.0,428.0
637,0okPaVyeEjh0VJtfBdNPho,Mànran,Q3997948,32943,153473,Mànran,ok,28863,12,excluded_no_defensible_fua,,,False,4.5177631462641985,4.460341469367766,4.259339244451353,0.2010022249164125,815.0,653.0
638,41A6Xdil8qhaD2DcS4X1wA,The Flying Pickets,Q1578573,26495,152643,The Flying Pickets,ok,86692,12,excluded_no_defensible_fua,,,False,4.423163923850348,4.937979022318675,4.191466637932045,0.7465123843866301,855.0,400.0
639,4KH4eOg39KeBpnfSgvIteD,Pretty Vicious,Q26260790,61601,152499,Pretty Vicious,ok,6670,12,excluded_no_defensible_fua,,,False,4.789587762342296,3.824125833916549,4.454366695402467,-0.6302408614859183,689.0,876.0
640,7F6nxkPQrlh4qWDetjgnpX,The Prototypes,Q22909361,72867,151701,The Prototypes,ok,2414,12,excluded_no_defensible_fua,,,False,4.862530889597995,3.3827372657613304,4.506701588313691,-1.1239643225523603,648.0,930.0
641,05MlomiA9La0OiNIAGqECk,Delta Sleep,Q106920410,118215,151180,Delta Sleep,ok,22645,12,excluded_no_defensible_fua,,,False,5.072672586561414,4.354972325018976,4.657473067691197,-0.3025007426722208,529.0,694.0
642,17Ytfl1DntgvVdragJEqx8,Reprazent,Q7314192,7044,150501,Roni Size & Reprazent,ok,11379,12,excluded_no_defensible_fua,,,False,3.847819347295239,4.056104097422453,3.778671108950766,0.27743298847168685,936.0,818.0
643,7DlD7rLG9MKuvXtTeACzkO,Dry Cleaning,Q105677002,170043,150253,Dry Cleaning (band),ok,89472,12,strict,UK001F,London,True,5.2305587584448885,4.951687145393549,4.770752497961841,0.18093464743170795,442.0,393.0
644,1nhSLEYdoBHG6cJ8NDwoF1,Fickle Friends,Q24895505,141833,149977,Fickle Friends,ok,11151,12,strict,UK515F,Brighton and Hove,True,5.151777289031163,4.0473138158153885,4.714228738695212,-0.6669149228798235,492.0,822.0
645,2LKrAJVB1842xPDvx4uuwU,Bros,Q990686,83494,149817,Bros (British band),ok,107002,12,excluded_no_defensible_fua,,,False,4.921655267573228,5.029391895263212,4.549121869787636,0.4802700254755763,608.0,349.0
646,0FOcXqJgJ1oq9XfzYTDZmZ,Super Furry Animals,Q1135582,131452,149540,Super Furry Animals,ok,121769,12,strict,UK009F,Cardiff,True,5.118767198143836,5.085536739507711,4.690544813470536,0.39499192603717503,508.0,318.0
647,2YiWXa7E1raYyY0uQDLpgs,Lo Fidelity Allstars,Q204934,29732,149493,Lo Fidelity Allstars,ok,14639,12,strict,UK001F,London,True,4.473224124130912,4.1655114107855535,4.22738359569578,-0.061872184910226835,834.0,788.0
648,5H9IFTRxSICj24uxO15ScU,English Teacher,Q124304162,108308,148637,English Teacher,ok,63646,12,excluded_no_defensible_fua,,,False,5.034660536288646,4.803771114470189,4.63020036010097,0.17357075436921932,545.0,471.0
649,3wRksusBxJ6npu0PryYheF,The Selecter,Q1546385,144513,147657,The Selecter,ok,51310,12,strict,UK025F,Coventry,True,5.159906916811012,4.710202014655385,4.720061545914666,-0.00985953125928063,485.0,527.0
650,0NbfEPYRgMczimdfM3skmH,Sleeper,Q640008,81522,146769,Sleeper (band),ok,71480,12,strict,UK001F,London,True,4.911274825786263,4.854184543833607,4.541674159088482,0.31251038474512427,619.0,449.0
651,0KU55rzxAihPhi27MAuz9O,The Big Moon,Q28407726,117870,146229,The Big Moon,ok,17514,12,strict,UK001F,London,True,5.071403283531469,4.243385345371658,4.656562374105066,-0.4131770287334078,530.0,749.0
652,7Hvq85OU8T7Hsd63zNBwaL,black midi,Q65070663,325236,144902,Black Midi,ok,330727,12,strict,UK001F,London,True,5.51219861114106,5.519469651437304,4.972822138857795,0.5466475125795087,310.0,125.0
653,3VdnwWd3i9OOT0CzbzRZj7,Those Damn Crows,Q65038085,48598,142422,Those Damn Crows,ok,19844,12,excluded_no_defensible_fua,,,False,4.686618396693641,4.297629218364148,4.3804887177628675,-0.08285949939871973,744.0,718.0
654,26HCuM5PamldoaHII5Ifxc,Panic Shack,Q116783016,53371,142284,Panic Shack,ok,46053,12,excluded_no_defensible_fua,,,False,4.727305340154407,4.663257926411442,4.409680595174977,0.25357733123646575,717.0,557.0
655,0N3oP3Si8ihzFUrU6kITZ8,Monaco,Q1943982,32255,140035,Monaco (band),ok,31312,12,strict,UK008F,Manchester,True,4.508597046230069,4.495710808313926,4.252762793978944,0.24294801433498225,817.0,638.0
656,5uSY4FF3dZMCVSkZslKCHi,Michael Schenker Group,Q638159,226255,139857,Michael Schenker Group,ok,89286,12,strict,UK001F,London,True,5.3545981854393,4.950783367069937,4.859747724417735,0.09103564265220143,382.0,394.0
657,4rPZAvpw9ObVO3HFGWSHwt,The Firm,Q938323,42646,138968,The Firm (rock band),ok,105194,12,excluded_no_defensible_fua,,,False,4.629878302575177,5.021990969464078,4.339779101090509,0.6822118683735683,772.0,351.0
658,5rIXueJu7zVE2gDZjUM6g8,Pop Will Eat Itself,Q1378050,45364,138949,Pop Will Eat Itself,ok,89585,12,strict,UK002F,Birmingham,True,4.656711341769704,4.952235298026176,4.35903114423099,0.5932041537951864,760.0,392.0
659,0sQ1wgSdRpoysgsa1VnI4G,Foreign Beggars,Q3077143,103677,138616,Foreign Beggars,ok,15521,12,strict,UK001F,London,True,5.015682421953451,4.190919698912573,4.616584031616619,-0.4256643327040459,556.0,772.0
660,4nP1Vg2YuLE0Nbr7uK08SM,Nomad,Q7048384,9207,136733,Nomad (British band),ok,6108,12,excluded_no_defensible_fua,,,False,3.964118143151485,3.7858990283843834,3.862112623673667,-0.07621359528928373,922.0,879.0
661,2jK54ZlZhTF1TxygsVeR05,Hawkwind,Q285966,145361,136226,Hawkwind,ok,274204,12,strict,UK001F,London,True,5.16244790200628,5.438073785848304,4.721884640057821,0.7161891457904828,484.0,163.0
662,2MYN7OKnlCiZ0wrwp2A1ox,Hybrid,Q851798,59042,134319,Hybrid (British band),ok,18482,12,excluded_no_defensible_fua,,,False,4.771161060438499,4.266748965908202,4.441145991723809,-0.17439702581560734,697.0,734.0
663,22xPtA9BuacbAGzd2Laihm,The Irish Brigade,Q28958305,42959,133806,,no_enwiki_article,0,0,excluded_no_defensible_fua,,,False,,,,,,
664,29wYlrKAdlJOf9ayJIIPpJ,Acoustic Alchemy,Q1144027,68974,133679,Acoustic Alchemy,ok,19701,12,strict,UK001F,London,True,4.838685412701348,4.294488271007257,4.489593047361938,-0.1951047763546807,658.0,721.0
665,4LdZNE5MHGqvc0N9ivXNF3,The Joy Formidable,Q953993,130580,133646,The Joy Formidable,ok,30387,12,strict,UK568F,Cheshire West and Chester,True,5.115876664268445,4.482687825852957,4.6884709267794085,-0.20578310092645147,510.0,646.0
666,6mRev5KzKOgQcZjWanwBdd,The Escape Club,Q661797,13509,131312,The Escape Club,ok,22335,12,strict,UK001F,London,True,4.130623201682595,4.348985956807858,3.981575892322077,0.36741006448578073,902.0,700.0
667,39afGThIZjTTMH5enuLXYI,The Icicle Works,Q2412078,50086,131181,The Icicle Works,ok,46103,12,strict,UK006F,Liverpool,True,4.699716349172174,4.663729186583886,4.389886175290531,0.273843011293355,738.0,556.0
668,1f6TTocyaqNFvwD4xsrDTh,Drumsound & Bassline Smith,Q5309306,68820,130375,Drumsound & Bassline Smith,ok,3041,12,excluded_no_defensible_fua,,,False,4.837714668284911,3.483016420144132,4.488896562209878,-1.0058801420657462,661.0,922.0
669,4rzWjR3L3M54c6I25NzdM3,Radio Slave,Q111050686,40421,130300,,no_enwiki_article,0,0,excluded_no_defensible_fua,,,False,,,,,,
670,4lrBMUSk8PiNnCEZfsmPAk,The Pineapple Thief,Q38502,173374,130128,The Pineapple Thief,ok,56721,12,excluded_no_defensible_fua,,,False,5.238983969131179,4.75374387892137,4.776797378619012,-0.023053499697641477,438.0,498.0
671,4IeWU3NYBI9mISFVhzXG8f,shame,Q48700714,201828,129743,Shame (band),ok,61812,12,strict,UK001F,London,True,5.30498141661817,4.791072795928204,4.8241489177782535,-0.03307612185004949,404.0,481.0
672,4toJT7YydhWcrYNgWJK4hW,Five Star,Q1421891,84034,128764,Five Star,ok,100257,12,strict,UK001F,London,True,4.924455036357491,5.001114705035277,4.551130634766782,0.44998407026849474,604.0,364.0
673,3wrtQM9ICPPeHwoc1GWiyV,Teleman,Q25056198,59760,128713,Teleman,ok,9556,12,strict,UK001F,London,True,4.776410588807343,3.9802761410778404,4.444912398722714,-0.4646362576448735,695.0,837.0
674,07h7JMfYWswTq4qpinC5q4,Altered Images,Q438314,94902,126082,Altered Images,ok,76580,12,strict,UK004F,Glasgow,True,4.977275365006968,4.884115362011669,4.589027916490332,0.2950874455213368,579.0,430.0
675,76vZk3TWaVcNiP7H7in9fu,Space,Q7572217,46037,125619,Space (English band),ok,46315,12,strict,UK006F,Liverpool,True,4.663107015090335,4.6657216683873965,4.3636198819356,0.30210178645179653,757.0,555.0
676,38unGip4o3KhMfqHdHWB7K,Chas & Dave,Q1067929,34026,125459,Chas & Dave,ok,116945,12,excluded_no_defensible_fua,,,False,4.531810897669643,5.067981658220164,4.269418159259464,0.7985634989607,809.0,330.0
677,2vwI9jlKSgJbne3dlTzaLO,Skids,Q547438,54513,123686,Skids (band),ok,84447,12,reviewed_extended,UK007F,Edinburgh,True,4.7365000831026265,4.926584225765073,4.41627759623108,0.5103066295339937,709.0,408.0
678,1jucBaHU995Lf7ViACscFu,Real Lies,Q16735061,23084,122748,Real Lies,ok,7171,12,strict,UK001F,London,True,4.363311065636625,3.8555797225017177,4.148523689872451,-0.292943967370733,867.0,869.0
679,6UYwzZChuolxsylHcZcBBP,The Boo Radleys,Q1778436,54068,121170,The Boo Radleys,ok,62164,12,strict,UK006F,Liverpool,True,4.732940305121614,4.793538951771562,4.413723543417153,0.37981540835440875,713.0,480.0
680,17obwOahRWI121iMUZznh2,Savoy Brown,Q1707816,148308,119814,Savoy Brown,ok,94717,12,strict,UK001F,London,True,5.1711645782849365,4.9764279340570665,4.7281386400815135,0.248289293975553,479.0,380.0
681,3Ps27dDfvubd75rh5A0wz9,Honeyz,Q16504388,93205,119707,Honeyz,ok,41426,12,strict,UK001F,London,True,4.969439210789217,4.617273000838871,4.583405669306108,0.03386733153276289,586.0,576.0
682,1QPWAsWIjRcTfvY5uH8dov,Catherine Wheel,Q502291,81520,119190,Catherine Wheel (band),ok,64885,12,strict,UK051F,Great Yarmouth,True,4.91126417099837,4.81214430897038,4.541666514541226,0.2704777944291541,620.0,466.0
683,0bUGoPJdCrDnuIQNLxsnBb,Marshall Hain,Q455663,3592,117620,Marshall Hain,ok,19552,12,excluded_no_defensible_fua,,,False,3.5553363279952666,4.29119118856246,3.5688217637238027,0.7223694248386576,947.0,726.0
684,0DSE3n3008wiKzfd8vNhWy,Sweet Sensation,Q2372456,93792,116293,Sweet Sensation (band),ok,15812,12,strict,UK008F,Manchester,True,4.9721657967583415,4.198986805670933,4.585361927422204,-0.38637512175127053,585.0,768.0
685,5UyRaawCsdiVrro0WWgIVB,Rak-Su,Q44590001,190495,115569,Rak-Su,ok,37361,12,strict,UK001F,London,True,5.279883581056746,4.572418491987117,4.806141840404038,-0.23372334841692144,413.0,602.0
686,6ZXLmQi3SPQEh8mXNDldRC,The Adventures,Q1473420,17433,115422,The Adventures,ok,22675,12,excluded_no_defensible_fua,,,False,4.241372130158435,4.355547295732133,4.061035514220356,0.29451178151177704,890.0,693.0
687,2oVmQT6s29pVIKpqJkyxBS,Black Honey,Q55639325,109746,115099,Black Honey (band),ok,17479,12,strict,UK515F,Brighton and Hove,True,5.040388700125226,4.242516582365605,4.634310176230933,-0.3917935938653283,543.0,750.0
688,1hrQ50kU6hMQBVLatqUqnO,Gentle Giant,Q943241,264530,114925,Gentle Giant,ok,157326,12,strict,UK001F,London,True,5.422474931931271,5.196800500903246,4.90844761421499,0.28835288668825587,354.0,252.0
689,3BqAAo5E60L15TcFgWI8xH,Felt,Q1404436,63078,114516,Felt (band),ok,50834,12,strict,UK002F,Birmingham,True,4.799877914797421,4.70615428459113,4.461749625735182,0.24440465885594786,682.0,531.0
690,0BzJFLqchxKNQyEwswwQ40,The KVB,Q16679631,96849,113762,The KVB,ok,7501,12,excluded_no_defensible_fua,,,False,4.986095140834954,3.8751191654625683,4.5953558878952405,-0.7202367224326722,572.0,863.0
691,02zGgCB9SiSPeDYMfwPJXK,Godley & Creme,Q1533857,60417,112480,Godley & Creme,ok,92469,12,strict,UK008F,Manchester,True,4.781159156624246,4.965996161004687,4.44831937889383,0.5176767821108577,692.0,386.0
692,4hw4TPMyAzHqNBcWtoDrK5,Richard & Linda Thompson,Q9310340,41315,111216,,no_enwiki_article,0,0,excluded_no_defensible_fua,,,False,,,,,,
693,48CW1rjPSOgZbMsV4LpqoP,Chris Barber's Jazz Band,Q110892335,11455,110937,,no_enwiki_article,0,0,excluded_no_defensible_fua,,,False,,,,,,
694,1Ia5iTYHMBsMQfi7Fbcbuw,The Raven Age,Q24039212,102743,110546,The Raven Age,ok,34013,12,strict,UK001F,London,True,5.011752242568229,4.531644939077263,4.613764224940022,-0.08211928586275885,560.0,622.0
695,5U16QlMnlSAhkQxBZpLyLO,The Pretty Things,Q1364657,132774,110197,The Pretty Things,ok,40531,12,strict,UK001F,London,True,5.123113039173326,4.607787318992725,4.693662847114615,-0.08587552812188992,504.0,579.0
696,2cUnvdrMWIMACo3fSxCrWW,Mumm-ra,Q1254813,27210,109420,Mumm-Ra (band),ok,8045,12,strict,UK056F,Hastings,True,4.434728541779758,3.9055260484350485,4.199763965777247,-0.29423791734219895,850.0,856.0
697,1BlBZ9jQGOjmj6Zykgg43L,4hero,Q924606,50728,109004,4hero,ok,17703,12,excluded_no_defensible_fua,,,False,4.705247740178905,4.248046869358662,4.393854811773205,-0.1458079424145433,734.0,745.0
698,6sizjS3o8Ph8LoA8WzpXGY,Collapsed Lung,Q5145935,918,105834,Collapsed Lung (band),ok,7354,12,excluded_no_defensible_fua,,,False,2.9628426812012423,3.8665236255328437,3.1437222002399374,0.7228014252929063,954.0,866.0
699,6lmoqMxughzdlxvQTsUXjF,Ska Cubano,Q3822260,53801,104757,Ska Cubano,ok,2206,12,strict,UK001F,London,True,4.730790347979507,3.343605508104172,4.4121810022480386,-1.0685754941438668,716.0,935.0
700,5akVqMzdZOdbMYbE4vNZWD,Plaid,Q1072372,122177,103115,Plaid (band),ok,16504,12,excluded_no_defensible_fua,,,False,5.086989457025804,4.217589214965095,4.667745068779814,-0.450155853814719,523.0,760.0
701,42RbQv212uOjyfIXECLKfR,Budgie,Q508678,94464,102853,Budgie (band),ok,153345,12,strict,UK009F,Cardiff,True,4.97526633147091,5.1856696198502235,4.587586484529291,0.5980831353209322,580.0,260.0
702,7t00AYOoiQrcgNlpTkNer6,King Hannah,Q130315360,63768,102030,King Hannah,ok,15215,12,strict,UK006F,Liverpool,True,4.804602796121883,4.182271956694186,4.465139611432767,-0.2828676547385811,676.0,777.0
703,2xPxXPgmZFs7x6xRFpHwkq,The Ordinary Boys,Q972093,31701,101724,The Ordinary Boys,ok,54600,12,strict,UK045F,Worthing,True,4.50107296214305,4.737192642704737,4.247364449408813,0.4898281932959234,823.0,509.0
704,6dXTZkBBwA1WOLD6OSuA0x,The Overtones,Q1296293,48910,101723,The Overtones,ok,26694,12,strict,UK001F,London,True,4.689397662821282,4.426413656131688,4.382482772592077,0.04393088353961083,743.0,669.0
705,685XjGzGztyivfR3fAjoxo,Squid,Q42886947,179206,101653,Squid (band),ok,48628,12,strict,UK515F,Brighton and Hove,True,5.253352546192564,4.686886408025396,4.787106477914388,-0.10022006988899168,432.0,539.0
706,3MOw1ev3YQ8liIGmHT3eH6,The Wurzels,Q335723,29929,101561,The Wurzels,ok,84374,12,excluded_no_defensible_fua,,,False,4.476092206257591,4.926208638614719,4.229441373811519,0.6967672648032002,830.0,409.0
707,3MlBGzJspD6CjrHRYbR4OQ,The Guest List,Q130504078,46371,100343,,no_enwiki_article,0,0,excluded_no_defensible_fua,,,False,,,,,,
708,3kdrMtLybQIl93rXJlvF3w,New Young Pony Club,Q1217509,63710,99986,NYPC,ok,14205,12,strict,UK001F,London,True,4.804207605082041,4.152441238058954,4.464856071618563,-0.3124148335596084,677.0,792.0
709,1dwrMJAKBiLlj0O4R791Xo,Evile,Q1382461,131754,99821,Evile,ok,22420,12,strict,UK003F,Leeds,True,5.119763809095645,4.350635608258955,4.691259857223106,-0.34062424896415155,506.0,699.0
710,147FGf3bdxV1L0mmVtgaJR,Black Grape,Q2500994,95076,99344,Black Grape,ok,54393,12,strict,UK008F,Manchester,True,4.9780709019742115,4.735543012621299,4.589598694623296,0.14594431799800311,578.0,513.0
711,0nV7SiEIVtPLTSJ6NwWDGj,Creeper,Q23023097,102884,98969,Creeper (band),ok,70389,12,strict,UK520F,Southampton,True,5.012347840729423,4.847504795327316,4.61419155191594,0.23331324341137538,559.0,455.0
712,0Uo1d5A6BR1I155GlD9WYo,The Wonder Stuff,Q500101,74322,98365,The Wonder Stuff,ok,66701,12,strict,UK002F,Birmingham,True,4.871117387978008,4.824132345029388,4.512862188909072,0.31127015612031617,644.0,463.0
713,2L9iHIK8h5HvZe6VXb0aOI,The Flying Lizards,Q1527282,23736,98078,The Flying Lizards,ok,57841,12,excluded_no_defensible_fua,,,False,4.375407533308786,4.762235792770701,4.157202606777225,0.6050331859934763,863.0,494.0
714,7iMWWdRNiCJwGOGEIYr02z,My Dying Bride,Q498460,210924,98069,My Dying Bride,ok,84547,12,strict,UK003F,Leeds,True,5.324125998774804,4.927098202039488,4.8378846828145585,0.0892135192249297,396.0,407.0
715,3oIj2x6uKeZSe9Bprnt4TX,Remember Monday,Q133137918,47560,97605,Remember Monday,ok,63179,12,excluded_no_defensible_fua,,,False,4.677241845946654,4.800572747591306,4.373761274099806,0.42681147349150006,747.0,476.0
716,71IBhhBhtPLZ8OyVuXOw77,Monuments,Q15835576,180599,97034,Monuments (metal band),ok,46976,12,excluded_no_defensible_fua,,,False,5.256715341239479,4.671876033899958,4.789519200336416,-0.11764316643645856,430.0,547.0
717,2kQ4uyd7WPQI9xcmeZbI0G,The Yogscast,Q7776711,44957,96738,Yogscast,ok,81572,12,excluded_no_defensible_fua,,,False,4.6527973228698185,4.911541110564066,4.356222932303634,0.555318178260432,761.0,415.0
718,46VosWAvtZsBl7rvxufsWG,Argent,Q2301367,66357,96722,Argent (band),ok,112662,12,strict,UK001F,London,True,4.821886743342423,5.051777456656603,4.477540416839688,0.5742370398169143,667.0,334.0
719,0nbaBQTlGxUPLQ07N7onwv,The Rezillos,Q3269,63677,96370,The Rezillos,ok,58245,12,strict,UK007F,Edinburgh,True,4.803982594394555,4.765258649601729,4.464694632005585,0.3005640175961437,678.0,493.0
720,1kF0gYnHLUJvFuPdoowO02,Lower Than Atlantis,Q1493713,114550,96324,Lower Than Atlantis,ok,16870,12,strict,UK001F,London,True,5.058995093525416,4.227115082589125,4.647659804121845,-0.4205447215327194,533.0,755.0
721,4iWOyexPqcvgycdx7mLUcl,Snapped Ankles,Q39054831,52165,96130,Snapped Ankles,ok,13158,12,strict,UK001F,London,True,4.717379211718087,4.119189882061167,4.402558843088356,-0.28336896102718967,723.0,804.0
722,215tdyVWdDYOjufDKf6UJg,Warning,Q2549534,39680,96100,Warning (British band),ok,36338,12,strict,UK001F,London,True,4.598571663482141,4.560361020581635,4.317317360471671,0.24304366010996414,784.0,608.0
723,68wK3u9MnoZj5fFOFNTfwy,Death In June,Q1181285,134609,95529,Death in June,ok,177300,12,excluded_no_defensible_fua,,,False,5.1290740979241205,5.248708735600918,4.697939759595577,0.5507689760053402,501.0,232.0
724,3ghT43Gj41br25PvBCDS22,Stealing Sheep,Q18162543,29907,95519,Stealing Sheep,ok,7551,12,strict,UK006F,Liverpool,True,4.475772850718036,3.878004470268025,4.229212244096465,-0.35120777382844004,831.0,862.0
725,07b9qW7pabKGO29JPWXn9m,Los Bitchos,Q110821923,112931,95326,Los Bitchos,ok,18910,12,excluded_no_defensible_fua,,,False,5.052813173819824,4.276691528845039,4.643224429358657,-0.36653290051361775,538.0,732.0
726,2wBpW4bAGYVe0yJcBeCTyd,２８１４,Q28843403,89132,95312,2814,ok,13737,12,strict,UK001F,London,True,4.950033651606001,4.13789189824736,4.569482659696499,-0.4315907614491392,595.0,797.0
727,3Nu9hoMBT4SkDcaNvmK4G1,Magnum,Q1754885,78000,94112,Magnum (band),ok,57377,12,strict,UK002F,Birmingham,True,4.892094602690481,4.758737837086936,4.527912822558279,0.23082501452865678,635.0,496.0
728,4wWQkHhmUNlXvhbHRUSqZW,The Vaselines,Q1542725,95866,94006,The Vaselines,ok,54371,12,strict,UK004F,Glasgow,True,4.981664606852156,4.735367320687716,4.59217708914815,0.1431902315395659,577.0,514.0
729,59VqwKtnkmMOdYKYRxO5Td,Cook da Books,Q1128539,2321,92697,Cook da Books,ok,7422,12,strict,UK006F,Liverpool,True,3.3656751404559175,3.8705209500127644,3.4327445442142452,0.4377764057985192,949.0,864.0
730,0d49iRrp4iVZggKbcpxnqI,The Quireboys,Q1243743,63481,92662,The Quireboys,ok,55240,12,strict,UK001F,London,True,4.802643759466887,4.742253669906594,4.4637340509995145,0.27851961890707955,679.0,506.0
731,1o7zIbVAgDDHKijLVuLASg,Longpigs,Q4043165,53332,91435,Longpigs,ok,33569,12,strict,UK010F,Sheffield,True,4.726987870438496,4.525938404073436,4.409452818491828,0.11648558558160804,719.0,625.0
732,2TRtXTjjmyzK5oUGec1Gv8,Girlschool,Q1142870,103283,90933,Girlschool,ok,80802,12,strict,UK001F,London,True,5.014028844135624,4.907422110504959,4.615397630357554,0.292024480147405,558.0,418.0
733,4wsg78KGu80m8Xk37PY2uG,U.K. Subs,Q1479074,80069,90759,U.K. Subs,ok,52576,12,strict,UK001F,London,True,4.903464404538219,4.720787541754968,4.536070374674702,0.1847171670802652,630.0,520.0
734,1MMEHyxVfd0Pv4PEHynX9k,Faze Action,Q5439175,10791,90602,Faze Action,ok,1743,12,excluded_no_defensible_fua,,,False,4.0330616925381735,3.2412973871099933,3.9115779182095567,-0.6702805310995634,912.0,944.0
735,2x9iKuuxMHGDm12dmNfOAh,The Chevin,Q2410218,8737,90538,The Chevin (band),ok,3481,12,strict,UK003F,Leeds,True,3.9413623357117613,3.5417040232842885,3.845785893654379,-0.3040818703700907,929.0,917.0
736,1MZ8NERIuOS610KBhr6yna,Tygers Of Pan Tang,Q1753013,77762,89626,Tygers of Pan Tang,ok,64013,12,strict,UK013F,Newcastle,True,4.890767421900136,4.8062681810922925,4.526960603108007,0.2793075779842855,636.0,469.0
737,6lONz9iABy1tb7Nl9FAOZG,Jo Boxers,Q14158638,5236,89557,JoBoxers,ok,17530,12,excluded_no_defensible_fua,,,False,3.718999637878718,4.243781916093795,3.686246147877523,0.557535768216272,940.0,748.0
738,4YrURxtCHtPBfNDmMNp7IG,Cruel Youth,Q26905034,148564,89434,Cruel Youth,ok,24713,12,excluded_no_defensible_fua,,,False,5.171913584017542,4.39292546917228,4.7286760332024365,-0.3357505640301568,478.0,679.0
739,0Z5FMozvx15nUSUA6a9kkU,The Comet Is Coming,Q21585350,188120,89284,The Comet Is Coming,ok,24901,12,excluded_no_defensible_fua,,,False,5.274434970074042,4.396216788290972,4.802232596544844,-0.40601580825387185,420.0,677.0
740,1xdB9gS1NrKEYgZUEfoqIw,Idlewild,Q784088,72943,89257,Idlewild (band),ok,55897,12,strict,UK007F,Edinburgh,True,4.862983621010294,4.747388499864813,4.507026411924518,0.24036208794029434,647.0,503.0
741,3pvRbmrqOyFxB2Eext4Dki,Sons Of Kemet,Q17019747,163892,88881,Sons of Kemet,ok,31013,12,strict,UK001F,London,True,5.214557755030841,4.491543779150173,4.759272173061445,-0.26772839391127246,451.0,642.0
742,1NCLweIUpq8knzemBwAwoo,KOAN Sound,Q6334752,121601,88384,KOAN Sound,ok,8639,12,strict,UK011F,Bristol,True,5.084937146422704,3.936463474004747,4.6662725865916395,-0.7298091125868926,525.0,852.0
743,696uMzB97pg2uqfzmK3MvO,The Slow Show,Q27058585,43986,87963,The Slow Show,ok,8605,12,strict,UK008F,Manchester,True,4.64331446988973,3.934750874663579,4.349419219412821,-0.4146683447492423,764.0,853.0
744,1nlqYzoK1LAlS8MmnUhfEs,All Angels,Q2577167,25936,87528,All Angels,ok,33979,12,excluded_no_defensible_fua,,,False,4.41390299750444,4.531210593459676,4.184822151922104,0.346388441537572,857.0,624.0
745,7ubhUvkY7FB68rfzz7DmW4,Florence Black,Q139620902,33670,87365,,no_enwiki_article,0,0,excluded_no_defensible_fua,,,False,,,,,,
746,2XddLUPFBmTonCFy8uB3uc,Swim Deep,Q15052678,86828,86770,Swim Deep,ok,11606,12,strict,UK002F,Birmingham,True,4.938659797579546,4.0646825662285115,4.561322200241891,-0.4966396340133796,600.0,816.0
747,478peoEkoKPsTgRiVzkvPl,Glasvegas,Q740692,64525,86543,Glasvegas,ok,24519,12,strict,UK004F,Glasgow,True,4.809728013215906,4.389502753638463,4.4688168281611125,-0.07931407452264949,674.0,681.0
748,1dip2dCkBIylIFyDfZQfFu,Gun,Q462960,42357,85826,Gun (band),ok,42086,12,strict,UK004F,Glasgow,True,4.626925192946684,4.6241376508495025,4.337660317841465,0.2864773330080377,773.0,572.0
749,3xrzXKnScjOEoy172vsJMW,Blackfield,Q880812,150969,85702,Blackfield,ok,26116,12,excluded_no_defensible_fua,,,False,5.178887778345454,4.416906659932426,4.73367984544665,-0.31677318551422395,472.0,676.0
750,6S3Z6Me30mtdm526H17v8k,Jockstrap,Q96384484,114087,85520,Jockstrap (band),ok,36328,12,strict,UK001F,London,True,5.057236160194566,4.560241488892911,4.646397812883309,-0.08615632399039885,534.0,609.0
751,2LrQtNcBWufq2AjaM6swf7,The Rumble Strips,Q7761824,17312,85506,The Rumble Strips,ok,3714,12,strict,UK516F,Plymouth,True,4.2383472434264755,3.5698418994037615,4.05886523267168,-0.4890233332679186,891.0,912.0
752,4gVommn6B9vUqdsfSwVaiv,Booze & Glory,Q17300304,80939,85412,Booze & Glory,ok,26884,12,excluded_no_defensible_fua,,,False,4.908157834387588,4.429493886728742,4.539437794715413,-0.10994390798667109,625.0,667.0
753,40ttEBZPhAHbXH6aUg4GkL,Magnetic Man,Q1884353,58622,83637,Magnetic Man,ok,9655,12,strict,UK001F,London,True,4.768060631129829,3.9847522781154137,4.438921510241418,-0.454169232126004,698.0,835.0
754,1AzrlUnOS6dhH0iMV86ctS,Oi Va Voi,Q1747594,64804,83446,Oi Va Voi,ok,11893,12,strict,UK001F,London,True,4.811601813344563,4.075291418883302,4.470161233491124,-0.394869814607822,673.0,812.0
755,3hsO9B2FiSAfdBddcNKZEV,Tenpole Tudor,Q649666,22883,83020,Tenpole Tudor,ok,42567,12,excluded_no_defensible_fua,,,False,4.359512960594626,4.629073043426928,4.145798643276329,0.48327440015059864,868.0,569.0
756,4v4qHupYi7eRJfkniHrp4Z,Young Guns,Q43843,92090,82953,Young Guns (band),ok,15624,12,excluded_no_defensible_fua,,,False,4.96421247296982,4.193792230279798,4.579655613963755,-0.3858633836839571,588.0,770.0
757,4qNZw759AdHSMugyDMrIlF,Let's Eat Grandma,Q24901294,113814,81221,Let's Eat Grandma,ok,57139,12,strict,UK566F,Norwich,True,5.056195686916524,4.756932635446756,4.645651298994586,0.1112813364521692,536.0,497.0
758,0U04xAocTetRnA7v3TYQ2i,Babe Ruth,Q797616,26531,80353,Babe Ruth (band),ok,42163,12,strict,UK001F,London,True,4.423753619612828,4.624931504412578,4.19188973008261,0.4330417743299675,854.0,571.0
759,7xytG2E40s4GeukvZCGqGP,Massive Wagons,Q59661769,29902,80248,Massive Wagons,ok,13419,12,excluded_no_defensible_fua,,,False,4.475700237151028,4.127720152892319,4.2291601456548955,-0.1014399927625762,832.0,801.0
760,6DVVsQAnpHdJjb1nYuOQ6g,65daysofstatic,Q254285,147863,79997,65daysofstatic,ok,24078,12,strict,UK010F,Sheffield,True,5.1698595133739325,4.381620410117482,4.727202288228649,-0.34558187811116703,480.0,684.0
761,6g8Jqb5JMfv92eB2r0awTN,Arab Strap,Q2632762,87017,79984,Arab Strap,ok,57508,12,strict,UK551F,Falkirk,True,4.939604106468712,4.759728264066732,4.561999718555802,0.19772854551093033,598.0,495.0
762,5kH36nIamlV0iSe6ESDWvb,Slowly Rolling Camera,Q25080052,30422,79752,Slowly Rolling Camera,ok,1769,12,excluded_no_defensible_fua,,,False,4.483187761998763,3.2477278329097232,4.234532259873452,-0.986804426963729,829.0,943.0
763,7bHTSvk96ULRLZPZr1SoCZ,Mallory Knox,Q15044899,81280,79587,Mallory Knox,ok,9893,12,strict,UK017F,Cambridge,True,4.909983694939844,3.9953280090774097,4.5407478045829395,-0.5454197955055298,622.0,832.0
764,6WVnBgqJfj9Iw9gpBed9fJ,Alien Sex Fiend,Q1541561,163266,79219,Alien Sex Fiend,ok,45730,12,strict,UK001F,London,True,5.212895752711056,4.660201201380682,4.758079727430218,-0.09787852604953606,452.0,559.0
765,0IzJYdxaNLwrC7diSCu0iY,Geordie,Q499366,31989,79034,Geordie (band),ok,86014,12,strict,UK013F,Newcastle,True,4.50500066392687,4.934569144591319,4.250182478467574,0.6843866661237454,818.0,405.0
766,0f2HTJx4jowMoiHBH4GzdU,Brothers In Rhythm,Q2053844,8893,78778,Brothers in Rhythm,ok,8262,12,excluded_no_defensible_fua,,,False,3.949048292315664,3.9170851906405675,3.8513003777589,0.0657848128816676,927.0,854.0
767,1Yc03TvBp08WN2oHVuvewX,Destructive Tendencies,Q56309814,21596,77543,,no_enwiki_article,0,0,excluded_no_defensible_fua,,,False,,,,,,
768,5SRhOM75OnwuXH8BmCxD5a,Discharge,Q1228418,153668,77256,Discharge (band),ok,104308,12,strict,UK027F,Stoke-on-Trent,True,5.186583438935476,5.018317618326985,4.7392012919216295,0.27911632640535533,469.0,353.0
769,4J6CnIqPEtWYn3la2YYj2c,Ibibio Sound Machine,Q39016670,63292,77200,Ibibio Sound Machine,ok,8815,12,excluded_no_defensible_fua,,,False,4.801348819410368,3.945222316635341,4.462804963479769,-0.5175826468444282,681.0,849.0
770,1U8nnmbuPk1EpoO7MVgIeT,GLXY,Q57298698,26211,77107,,no_enwiki_article,0,0,excluded_no_defensible_fua,,,False,,,,,,
771,2M0T4a1pkOC5nifN9W6e9e,LFO,Q1798055,57583,76989,LFO (British band),ok,26359,12,strict,UK003F,Leeds,True,4.760294287313613,4.420928930098001,4.433349350296744,-0.01242042019874301,702.0,672.0
772,3CI0BdDDxe6D21RmqTB5fn,Fightstar,Q1357682,84003,76830,Fightstar,ok,76253,12,strict,UK001F,London,True,4.924294796302125,4.882256934678704,4.551015666483227,0.33124126819547683,605.0,432.0
773,4Xxkt0tSJr1uNxGDZcJLRc,VANT,Q23057717,51789,76495,Vant (band),ok,3217,12,excluded_no_defensible_fua,,,False,4.7142375252547195,3.50745106090197,4.400304760616068,-0.8928536997140983,725.0,919.0
774,6XiSck3QPuXk7ho6zlDz3P,The Bees,Q3519919,43938,76473,The Bees (English band),ok,14526,12,excluded_no_defensible_fua,,,False,4.642840284520495,4.162146039825377,4.34907900311757,-0.18693296329219322,765.0,790.0
775,7823Dim2TzjiQQ9wRQxyi9,Wizzard,Q426015,54270,75390,Wizzard,ok,104664,12,strict,UK002F,Birmingham,True,4.734559821579476,5.019797328385033,4.414885506491386,0.6049118218936469,711.0,352.0
776,6D3PbIyyqH2NaqPZSE6X5N,Acrania,Q18702196,88105,75245,,no_enwiki_article,0,0,excluded_no_defensible_fua,,,False,,,,,,
777,1iNGtKXGyniqwVhXfbKpk8,Re-Flex,Q387754,9830,75009,Re-Flex,ok,16733,12,excluded_no_defensible_fua,,,False,3.9925535178321354,4.223573811054687,3.882514302965339,0.3410595080893484,919.0,756.0
778,14IKysoZ0qyGRsIiTk1Ase,999,Q277297,57492,74540,999 (band),ok,30761,12,strict,UK001F,London,True,4.75960741690577,4.4880004497062025,4.432856537737278,0.05514391196892454,703.0,645.0
779,6pM5NZalHT5nD9vDEz2Ukx,Curse of Lono,Q64604786,8834,74421,Curse of Lono,ok,4786,12,excluded_no_defensible_fua,,,False,3.9461573949223725,3.6799726942774185,3.849226230252653,-0.16925353597523474,928.0,896.0
780,7EnAgffrVyerTWH628TJ6f,Nitzer Ebb,Q580943,106978,73454,Nitzer Ebb,ok,62924,12,strict,UK001F,London,True,5.029294474311634,4.7988163223859495,4.6263503431153055,0.172465979270644,548.0,478.0
781,3m8KqUjgKDwmJ9L9uBHMMs,Fields Of The Nephilim,Q378948,150339,73403,Fields of the Nephilim,ok,74384,12,strict,UK021F,Stevenage,True,5.177071657151753,4.871479528839012,4.732376823328433,0.13910270551057824,473.0,437.0
782,0q74f5UdR3j14Lis4AKKxq,ROAM,Q22080536,61923,73324,Roam (band),ok,3584,12,excluded_no_defensible_fua,,,False,4.791851988564446,3.5543680009900878,4.455991221815321,-0.901623220825233,687.0,915.0
783,34nBPbcVc9F9eizQC4a5aT,Spector,Q7575150,52673,73172,Spector (band),ok,12463,12,strict,UK001F,London,True,4.721588054380683,4.095622595021622,4.405578583786545,-0.3099559887649228,721.0,808.0
784,4TvQ6wnXv3aDNv29JH6App,Red Box,Q2135903,8971,72793,Red Box (band),ok,20424,12,strict,UK001F,London,True,3.9528408566757016,4.3101408017961935,3.854021449052508,0.45611935274368554,926.0,714.0
785,7aUVQRiWaOqZU0JwOlGfWi,Chicken Shack,Q968313,49482,72185,Chicken Shack,ok,63938,12,excluded_no_defensible_fua,,,False,4.694447244946774,4.805759047285239,4.386105723097856,0.419653324187383,740.0,470.0
786,1khU7sW2d95qMTDnyDfzBT,Talisk,Q60754147,53905,71444,Talisk,ok,14742,12,excluded_no_defensible_fua,,,False,4.731629050375942,4.168556406863725,4.412782750510736,-0.24422634364701157,715.0,784.0
787,6Mz4vAfXG0tJgUcOQL6zy5,Fast Food Rockers,Q5436929,14803,71392,Fast Food Rockers,ok,15204,12,excluded_no_defensible_fua,,,False,4.170349739139184,4.181957860931067,4.010078702137678,0.17187915879338878,898.0,778.0
788,64qK94JPWEI7HovDpzLBej,Let Loose,Q6532821,12222,71261,Let Loose,ok,19196,12,excluded_no_defensible_fua,,,False,4.087142279383808,4.283210741260384,3.950379404074303,0.33283133718608093,907.0,728.0
789,0n2Uel3CvQrmMsYLEfpO3s,Nektar,Q1748178,73112,70557,Nektar,ok,52563,12,excluded_non_uk,,,False,4.8639886643186045,4.7206801443421424,4.507747505684691,0.2129326386574517,646.0,521.0
790,6GUoU3k0b3qF1T06UvyAhk,Lund Quartet,Q106906676,18542,70363,,no_enwiki_article,0,0,excluded_no_defensible_fua,,,False,,,,,,
791,5fLbJGzlYux3GBwTifMMvR,Nine Black Alps,Q1141817,20771,69153,Nine Black Alps,ok,7242,12,strict,UK008F,Manchester,True,4.317457405732373,3.859858520480993,4.115624820973336,-0.25576630049234295,878.0,868.0
792,2qe52cWdi4IRtgg14CLInb,Delta 5,Q5254556,43118,68871,Delta 5,ok,17578,12,strict,UK003F,Leeds,True,4.634658608182672,4.244969460136198,4.3432088523428,-0.09823939220660183,768.0,746.0
793,3HBxYEtI2i43MzWyTXupVv,A,Q300307,22067,68849,A (band),ok,40362,12,excluded_no_defensible_fua,,,False,4.3437432950100945,4.605972678066446,4.134484297557106,0.4714883805093404,871.0,582.0
794,5Rsu72e1qrjIUtxH6Zmy9K,Gene,Q3100438,46149,68357,Gene (band),ok,46533,12,strict,UK001F,London,True,4.664162294761991,4.667761052564346,4.364377019046186,0.3033840335181601,756.0,551.0
795,52pNByiBWx6SVMMqqcCA74,The Magic Gang,Q123560878,82851,68131,The Magic Gang,ok,3840,12,strict,UK515F,Brighton and Hove,True,4.918297754660738,3.584331224367531,4.546712937166648,-0.9623817127991168,613.0,910.0
796,6fD5uxjcSC0aF0FO61e5id,Death Of Guitar Pop,Q136309656,16112,68122,Death of Guitar Pop,ok,3214,10,excluded_no_defensible_fua,,,False,4.207149453209543,3.5070458724273257,4.036481588434075,-0.5294357160067493,894.0,920.0
797,7zUgfhtNGSNLMl2ydFse4S,B-Movie,Q795108,18419,67864,B-Movie (band),ok,14420,12,strict,UK046F,Mansfield,True,4.265266047887377,4.15896526038341,4.078178810273323,0.08078645011008678,884.0,791.0
798,7eD005d7pGOEYD3eWVRecb,Fastway,Q1397838,41478,67660,Fastway (band),ok,63407,12,excluded_no_defensible_fua,,,False,4.617817807266077,4.802137205729665,4.331125993468108,0.4710112122615575,776.0,474.0
799,1UzKSuyOqKgUupcNNEtnF1,Stornoway,Q956521,54281,67498,Stornoway (band),ok,18075,12,strict,UK560F,Oxford,True,4.734647839917719,4.257078305966568,4.414948657475988,-0.15787035150941975,710.0,740.0
800,5ztBFCBEL7OtjdAt98RnD4,Fat White Family,Q22312871,101328,66984,Fat White Family,ok,51039,12,strict,UK001F,London,True,5.005729470683244,4.707902156725323,4.6094430348089155,0.09845912191640771,565.0,529.0
801,4OrrjMGltjy6ojX6034f8u,Steeleye Span,Q1413921,64810,66623,Steeleye Span,ok,107154,12,strict,UK001F,London,True,4.811642021453151,5.03000838765506,4.470190081816337,0.5598183058387223,672.0,347.0
802,3wChfsJPsUnjVHXc79wRN1,Shampoo,Q1352141,18368,66590,Shampoo (duo),ok,29203,12,strict,UK001F,London,True,4.26406187071788,4.465427468452574,4.077314842884171,0.38811262556840287,885.0,650.0
803,7icDkrFloDss50hoqQ3Kkj,Clinic,Q1993229,54069,66575,Clinic (band),ok,15541,12,strict,UK006F,Liverpool,True,4.732948337422897,4.191478960443599,4.413729306395014,-0.2222503459514149,712.0,771.0
804,4YXRO4slasYnty9nb73LrO,Monarchy,Q6898056,28175,66523,Monarchy (band),ok,2276,12,strict,UK001F,London,True,4.449863924718144,3.3571722577230334,4.210623229357682,-0.8534509716346488,846.0,932.0
805,4trP4C2bZ0TqMUxw0tLRAZ,Coach Party,Q111839829,23297,65798,Coach Party,ok,11187,12,excluded_no_defensible_fua,,,False,4.367299999681404,4.04871363808097,4.1513856515666845,-0.10267201348571486,866.0,821.0
806,5dEFm1RwaTSXpQSpzpYKF2,Blazin' Squad,Q444431,28124,65260,Blazin' Squad,ok,42056,12,strict,UK001F,London,True,4.449077089263317,4.623827964010369,4.210058694345044,0.413769269665325,847.0,573.0
807,5MHQO0sz5J0VX7jjuL2dUg,Liverpool Express,Q6658445,9057,65090,Liverpool Express,ok,9468,12,excluded_no_defensible_fua,,,False,3.95698436774276,3.9762582492570453,3.8569943159438713,0.11926393331317398,925.0,840.0
808,20X39VOcF5zEpkOx6WrXlY,Total Science,Q2012126,32379,64875,Total Science,ok,5810,12,excluded_no_defensible_fua,,,False,4.510263431780287,3.7641761323903307,4.25395838446979,-0.48978225207945947,816.0,884.0
809,0P0AeGQ8c2Ux8qSmUIYLTt,Ananui,Q139780563,13967,63841,,no_enwiki_article,0,0,excluded_no_defensible_fua,,,False,,,,,,
810,40jiZfvsiAi1aIarh5Z3d3,TNGHT,Q7670867,43060,63726,TNGHT,ok,7013,12,excluded_no_defensible_fua,,,False,4.634074025487468,3.8459038388987827,4.342789428691768,-0.49688558979298536,769.0,871.0
811,4EfSXeVFbCEYIde3E9k4wr,Cockney Rejects,Q973104,81884,63708,Cockney Rejects,ok,36627,12,strict,UK001F,London,True,4.913199049616955,4.5638013484542865,4.543054742179793,0.02074660627449365,616.0,605.0
812,7a2sloQlmdKSmj3fwMMpg9,The Meteors,Q2412878,84863,63611,The Meteors,ok,26172,12,excluded_no_defensible_fua,,,False,4.928718380487588,4.417836911626325,4.554189478922314,-0.13635256729598932,602.0,675.0
813,5aBEGOeWQCJfptic9xyaAb,Tones On Tail,Q2654513,80787,63031,Tones on Tail,ok,27647,12,strict,UK528F,Northampton,True,4.907341481040735,4.441648012525648,4.538852081344015,-0.09720406881836752,626.0,661.0
814,3oi0s3WIuxBU5oh87n7za2,Psychic TV,Q2115954,88107,62944,Psychic TV,ok,68640,12,strict,UK001F,London,True,4.945010413980781,4.836577274840649,4.565878610719247,0.27069866412140176,597.0,460.0
815,1eSFjbv86usit5ZF5ywtLf,808INK,Q127505000,23996,62895,,no_enwiki_article,0,0,excluded_no_defensible_fua,,,False,,,,,,
816,0xBhUB0EfzvchYnaIWkdBw,Ward Thomas,Q19604613,47170,62236,Ward Thomas (band),ok,15443,12,excluded_no_defensible_fua,,,False,4.6736658762457015,4.188731671445743,4.371195604126581,-0.18246393268083771,750.0,773.0
817,3nutnJ57QnbWEdCWn2EyWo,Orange Goblin,Q1671193,153342,61406,Orange Goblin,ok,33060,12,strict,UK001F,London,True,5.185661123347628,4.519302849235428,4.738539553258422,-0.21923670402299322,470.0,628.0
818,55wOEGTc3QKwBJ9gntcOxT,Pentangle,Q1427551,69361,61364,Pentangle (band),ok,122951,12,strict,UK001F,London,True,4.841115345877485,5.089732065345706,4.491336464423133,0.598395600922573,657.0,316.0
819,6l3BRLCpzfC8yxqf9thWAg,Yuck,Q2683245,103291,61077,Yuck (band),ok,16417,12,strict,UK001F,London,True,5.0140624820170325,4.215293798186514,4.615421764706978,-0.400127966520464,557.0,762.0
820,2BLpGstUHxDc6vHfBEiaXm,The Move,Q1133828,76938,60997,The Move,ok,153851,12,strict,UK002F,Birmingham,True,4.886140892651156,5.187100323417865,4.5236411825963625,0.6634591408215025,639.0,259.0
821,37KB5e6cGsN1AQAB9Omm1U,Coil,Q1107195,118774,60925,Coil (band),ok,135420,12,strict,UK001F,London,True,5.0747213826289395,5.131682809461406,4.658943028286867,0.4727397811745391,528.0,288.0
822,4NZM5xKuDpGc4vEHDwGO1Q,DJ Food,Q3011302,53172,60881,DJ Food,ok,8668,12,strict,UK001F,London,True,4.725682996079237,3.9379189026477803,4.408516603355137,-0.47059770070735674,720.0,851.0
823,5RFBPz01PqvSQ1QhEgaxOp,Carter The Unstoppable Sex Machine,Q251289,51170,60865,Carter the Unstoppable Sex Machine,ok,49370,12,strict,UK001F,London,True,4.709015416972117,4.693463127219531,4.396558026852066,0.2969051003674652,728.0,536.0
824,5YE3Wwk5wqQmFXM5qyaM6u,Spooky Tooth,Q1455057,90633,60855,Spooky Tooth,ok,102809,12,excluded_missing_population,,,False,4.957286355606784,5.012031134885411,4.574686295754866,0.437344839130545,591.0,355.0
825,7vrrJ5YlL3I8XUrh1ktGJV,Anaal Nathrakh,Q483140,127543,60506,Anaal Nathrakh,ok,45738,12,strict,UK002F,Birmingham,True,5.1056566280199265,4.660277170153676,4.681138303093833,-0.020861132940157567,514.0,558.0
826,5A0MH7JfEBEMySevsmauds,Soft Machine,Q729505,157739,59575,Soft Machine,ok,177938,12,excluded_no_defensible_fua,,,False,5.197939083251395,5.250268704846132,4.7473486863585075,0.5029200184876244,460.0,231.0
827,6EkvDqOOEX08BotcQppKoD,Wolf Gang,Q1332142,60865,59456,Wolf Gang,ok,5817,12,strict,UK001F,London,True,4.784367626352988,3.7646990637983677,4.45062137671021,-0.6859223129118419,690.0,883.0
828,4t7bXPFEPe0pu1ozhdDLOp,The Raincoats,Q2581513,110415,59262,The Raincoats,ok,132116,12,excluded_no_defensible_fua,,,False,5.043028076787321,5.120955416334657,4.636203863822347,0.48475155251230984,541.0,296.0
829,7AvR99Z6y7N5BWF7VdY3bo,Dollar,Q5289199,24921,59067,Dollar (group),ok,71931,12,excluded_no_defensible_fua,,,False,4.396565465184899,4.856916097996645,4.172382900529613,0.6845331974670312,859.0,446.0
830,3FIsBWNLmqLvTQnhJLAWUJ,Ex:Re,Q60618120,96459,58725,Ex:Re,ok,18055,12,excluded_no_defensible_fua,,,False,4.984342755235324,4.256597492762846,4.594098594492198,-0.33750110172935255,574.0,741.0
831,0AJUYWKztkg5dnrHDIBv47,MiC LOWRY,Q28961287,51320,58089,Mic Lowry,ok,3574,12,excluded_no_defensible_fua,,,False,4.710286647702891,3.5531545481696254,4.397470103515948,-0.8443155553463226,727.0,916.0
832,4D5VLxuFvZ058Z5S8YmE47,DC Breaks,Q5204582,47001,57873,DC Breaks,ok,1180,12,excluded_no_defensible_fua,,,False,4.672107098145544,3.0718820073061255,4.370077219324431,-1.2981952120183053,752.0,950.0
833,0LpwbxbT8dPiqUnul4ngzu,Gallows,Q1492599,78412,56900,Gallows (band),ok,37782,12,strict,UK001F,London,True,4.894382531242878,4.577284943685706,4.529554354807898,0.047730588877808344,632.0,597.0
834,7tI1ZOOgocYZT2O5M8iBz8,Demon,Q1186426,32960,56564,Demon (band),ok,22289,12,strict,UK027F,Stoke-on-Trent,True,4.517987203025078,4.3480905842171556,4.259499999645541,0.08859058457161417,814.0,701.0
835,0OE30pXmzCwTxhoAFtCs8u,Die So Fluid,Q1216293,35260,56461,Die So Fluid,ok,5251,12,excluded_no_defensible_fua,,,False,4.547282307963303,3.720242018287057,4.28051851417112,-0.5602764958840627,805.0,889.0
836,1Lx9Dy5gi2OLlJBBs7GYO7,Benediction,Q250319,106195,56352,Benediction (band),ok,26401,12,strict,UK002F,Birmingham,True,5.026104069254597,4.421620377106833,4.624061306254874,-0.20244092914804135,552.0,671.0
837,2k4duorvZ5lTq33ljpT0sc,Antimatter,Q577837,97021,56130,Antimatter (band),ok,15248,12,strict,UK006F,Liverpool,True,4.986865746606719,4.183212883294251,4.595908778510976,-0.412695895216725,571.0,776.0
838,5dUIQXIt7WeBKpETFZyTFW,Jack Beats,Q7205605,33729,56114,Jack Beats,ok,2368,12,strict,UK001F,London,True,4.528003465383692,3.374381698050882,4.266686420596088,-0.8923047225452057,810.0,931.0
839,1UYhxPY1oqFUg1HfF8nV3k,Throbbing Gristle,Q1165655,131943,56065,Throbbing Gristle,ok,189535,12,strict,UK026F,Hull,True,5.120386354449859,5.277689419598641,4.691706518144716,0.5859829014539244,505.0,219.0
840,5A4ebXQf38xWIq0xSWLhsS,Godflesh,Q1533787,105031,55777,Godflesh,ok,97386,12,strict,UK002F,Birmingham,True,5.021317500421517,4.9884965281336635,4.6206270612928595,0.367869466840804,554.0,371.0
841,6WEyPcf9ezhNLm1xOBjbwH,Crippled Black Phoenix,Q599433,74210,55554,Crippled Black Phoenix,ok,26953,12,excluded_no_defensible_fua,,,False,4.87046243158892,4.430607111301399,4.5123922738701365,-0.08178516256873714,645.0,665.0
842,06Rbwc8jaQ1d5fDPZiasE0,The Colourfield,Q7726877,28746,55168,The Colourfield,ok,30054,12,strict,UK025F,Coventry,True,4.458577421241789,4.477902282073158,4.216874947985658,0.26102733408750023,842.0,647.0
843,38bfc5BSVq6sVAssDmdc8N,Breton,Q2924565,29508,55107,Breton (band),ok,2965,12,excluded_no_defensible_fua,,,False,4.469939774786342,3.4720246977002813,4.225027156128436,-0.7530024584281549,836.0,924.0
844,148ujrGRexnhpqhRiw0rDi,IS TROPICAL,Q3154713,43588,54757,Is Tropical,ok,1814,12,excluded_no_defensible_fua,,,False,4.639366942225053,3.2586372827240764,4.346586965774028,-1.0879496830499518,767.0,941.0
845,0Sd7X8SxWV0AyDLbvd4uEu,Swervedriver,Q924292,81061,54373,Swervedriver,ok,46917,12,strict,UK560F,Oxford,True,4.908811957064237,4.671330234366344,4.539907111586258,0.1314231227800864,623.0,548.0
846,47meGvCz0CZklN50dgzjmL,She Drew The Gun,Q65059746,34269,54246,She Drew the Gun,ok,5013,12,excluded_no_defensible_fua,,,False,4.534901431514244,3.7000977046130537,4.2716355409906965,-0.5715378363776429,807.0,892.0
847,4M2H1fDQR5ygAi7MMOVxAA,The Whip,Q1078032,29678,54058,The Whip (band),ok,5678,12,strict,UK008F,Manchester,True,4.47243463049411,3.7541953881898382,4.2268171535032035,-0.4726217653133653,835.0,885.0
848,78OgxRnIdBCdFBmKhP2Fz2,Skeletal Family,Q1137836,77225,53859,Skeletal Family,ok,15631,12,strict,UK003F,Leeds,True,4.887757916973488,4.193986763085695,4.524801357624881,-0.33081459453918605,637.0,769.0
849,3jNwnthjUjHYvjyvRGfWuQ,Terrorvision,Q4992961,36238,53778,Terrorvision,ok,37423,12,strict,UK003F,Leeds,True,4.5591642206567515,4.573138599604978,4.2890434931758215,0.2840951064291568,802.0,601.0
850,25w2vpqq7dYleBAqMx7Ijx,Zoot Woman,Q153566,29473,53078,Zoot Woman,ok,7081,12,excluded_no_defensible_fua,,,False,4.469424344100161,3.8500945943867007,4.224657347336583,-0.3745627529498825,837.0,870.0
851,5mGqZFvzU9FRNkcI3Y0A2V,Blu Mar Ten,Q4928657,27393,53063,Blu Mar Ten,ok,4715,12,excluded_no_defensible_fua,,,False,4.43763959750037,3.6734816970733473,4.201852576385657,-0.5283708793123099,848.0,897.0
852,0JseT2AZzVMKsBlrAywFcO,Anavae,Q4752397,29336,52164,Anavae,ok,2424,12,strict,UK001F,London,True,4.4674008969525465,3.3845326154942486,4.223205573965108,-0.8386729584708599,839.0,929.0
853,3xA9AB0f4BVjsSlyQc12iE,Mclusky,Q1761282,50828,51917,Mclusky,ok,50180,12,strict,UK009F,Cardiff,True,4.706103021249971,4.700530656978592,4.394468454825639,0.3060622021529529,733.0,533.0
854,1HyT0AtzTH5lVzlm8yQgbI,Breabach,Q4959091,20677,51761,Breabach,ok,13449,12,excluded_no_defensible_fua,,,False,4.315487527750822,4.128689993585454,4.11421148215594,0.014478511429514285,879.0,800.0
855,5JQljNQvDpk1hhKpJHpwNU,Klimeks,Q57545813,31584,51676,,no_enwiki_article,0,0,excluded_no_defensible_fua,,,False,,,,,,
856,7dtYyLTWjuZGOcweC3eD2f,Strawbs,Q926799,56523,51671,Strawbs,ok,110791,12,excluded_no_defensible_fua,,,False,4.752225204288859,5.044504482332027,4.427559982444281,0.6169444998877456,705.0,339.0
857,4WM2JNPCcZ7f6M72C0bTyM,Empathy Test,Q63203779,38799,51330,,no_enwiki_article,0,0,strict,UK001F,London,True,,,,,,
858,0pobPzcYFoVSprUnwY2Bio,Goldie Lookin Chain,Q4039563,37598,51269,Goldie Lookin Chain,ok,46526,12,strict,UK558F,Newport,True,4.575164743542943,4.667695716350138,4.300523473309344,0.36717224304079377,797.0,552.0
859,5vTCEZ15eybRnoqUAra4Ys,Black Tongue,Q19689005,96043,50504,Black Tongue,ok,6,7,strict,UK026F,Hull,True,4.9824657172231515,0.7781512503836436,4.592751866060705,-3.814600615677061,575.0,955.0
860,32ttgKG3BxUVYxlBdmLBMi,Dolores Forever,Q134238905,20474,50315,,no_enwiki_article,0,0,excluded_no_defensible_fua,,,False,,,,,,
861,0UnBsBrom4chs5rnjRBtIK,Rosetta Stone,Q4048553,78261,50256,Rosetta Stone (band),ok,15095,12,excluded_no_defensible_fua,,,False,4.893545392909247,4.178833117359116,4.528953728721646,-0.3501206113625299,634.0,780.0
862,4vhgCDK6RHCBN6P3jPQlZX,Abbacadabra,Q305788,5344,49799,,no_enwiki_article,0,0,excluded_no_defensible_fua,,,False,,,,,,
863,6ahlwhwCBtwhSeDO5vYMh5,Flesh For Lulu,Q5458717,33594,49698,Flesh for Lulu,ok,19181,12,strict,UK001F,London,True,4.5262617178786275,4.282871245335206,4.2654367597632525,0.01743448557195304,811.0,729.0
864,7aLNBjOlzOCyuFmytbbeYM,Matthews' Southern Comfort,Q96318732,10689,49578,Matthews Southern Comfort,ok,28403,12,excluded_no_defensible_fua,,,False,4.028937077070678,4.453364213801836,3.9086186084443657,0.5447456053574706,915.0,654.0
865,2b2c6xP76y8HCLiovv7kIZ,Kill The Lights,Q124372645,30730,48704,Kill the Lights (band),ok,11409,12,excluded_no_defensible_fua,,,False,4.487562560256378,4.057247580131245,4.237671069613784,-0.18042348948253917,828.0,817.0
866,02frazNrWgZCxUEf4UTfHt,Van Der Graaf Generator,Q752170,154738,48618,Van der Graaf Generator,ok,117018,12,strict,UK008F,Manchester,True,5.189596979269823,5.068252671142787,4.741363432710148,0.3268892384326385,468.0,329.0
867,6ZHfuZhV3q15jxpOY8S1m6,Balancing Act,Q129566045,12544,48276,,no_enwiki_article,0,0,excluded_no_defensible_fua,,,False,,,,,,
868,0j7wLGDwHdUSPLkxCH3GBQ,A Blaze of Feather,Q113103524,34261,48229,,no_enwiki_article,0,0,excluded_no_defensible_fua,,,False,,,,,,
869,6L48AOtGmQL1ELLoKML7cS,Angel Witch,Q531934,107188,48153,Angel Witch,ok,38809,12,strict,UK001F,London,True,5.030146167581612,4.588932452323186,4.626961412009038,-0.03802895968585229,547.0,589.0
870,7cfhZmKaLWzNLwHDxzugUH,Little Comets,Q4166250,80242,47976,Little Comets,ok,7718,12,excluded_no_defensible_fua,,,False,4.904401744764843,3.887504774235378,4.536742893145287,-0.649238118909909,629.0,858.0
871,12X85dtebfc7JTZ8iMBT2o,Osibisa,Q1890473,47531,47843,Osibisa,ok,53249,12,strict,UK001F,London,True,4.676976951469455,4.726311456269276,4.373571218852403,0.35274023741687266,748.0,518.0
872,64vNIhiqTanqaY1VJucSAS,U.K.,Q1330725,62279,47600,U.K. (band),ok,71613,12,excluded_no_defensible_fua,,,False,4.7943416305825215,4.854991867500404,4.457777478496455,0.397214389003949,686.0,447.0
873,07vC6cutbett8UknXnqxsu,Ulrika Spacek,Q23018832,36028,46731,Ulrika Spacek,ok,10592,12,excluded_no_defensible_fua,,,False,4.55664015407172,4.024977972095625,4.287232537717806,-0.26225456562218064,803.0,826.0
874,0jyH4jtanxaysaxwDVhR6f,Seefeel,Q2264804,44055,46679,Seefeel,ok,24370,12,excluded_no_defensible_fua,,,False,4.643995205578482,4.386855529184724,4.3499076304628,0.036947898721924055,763.0,683.0
875,4H0zGQILA7vJKl0ot2OYBf,Brodsky Quartet,Q924862,7254,46624,Brodsky Quartet,ok,7752,12,excluded_no_defensible_fua,,,False,3.8605775512444156,3.889413764042709,3.787824805296675,0.10158895874603369,935.0,857.0
876,0DkpQq8B7ZAKebZEjlzVmd,The Vibrators,Q1754027,75847,46560,The Vibrators,ok,31657,12,strict,UK001F,London,True,4.879938407677633,4.500469756225069,4.519191052761171,-0.01872129653610166,641.0,637.0
877,3A9BLI8S2rNSxXS3QsMkOY,She's In Parties,Q130300851,10376,46512,,no_enwiki_article,0,0,excluded_no_defensible_fua,,,False,,,,,,
878,3bqOGIOIvLc9JsAIS7OfEb,Oceanic,Q7076197,3833,46135,Oceanic (band),ok,9319,12,excluded_no_defensible_fua,,,False,3.5835388192543522,3.9693693117335274,3.5890563549101664,0.38031295682336097,945.0,844.0
879,3cz1YSCXv6hjifHO6bYLLH,Sidemen,Q81339539,189477,46056,Sidemen,ok,405241,12,excluded_no_defensible_fua,,,False,5.277556499901391,5.607713378378689,4.804472217128437,0.8032411612502521,416.0,96.0
880,0BdsizQXvwb1BPeEKqfuVs,Ímar,Q97587415,15182,45827,Ímar (band),ok,4356,12,strict,UK004F,Glasgow,True,4.181328987089734,3.6390878710837375,4.017956041475262,-0.37886817039152465,897.0,903.0
881,11tiA94VlUZOUTVCdQYw3a,Conan,Q19872238,82354,45815,Conan (band),ok,28152,12,strict,UK006F,Liverpool,True,4.915684698050264,4.449509253827135,4.544838133562454,-0.09532887973531867,615.0,657.0
882,4tyCvqG48h4LdcbFfWBjR9,The Wedding Present,Q4372,65575,45749,The Wedding Present,ok,73909,12,strict,UK003F,Leeds,True,4.816738299262391,4.86869732624796,4.473846535322333,0.39485079092562714,670.0,442.0
883,4xM0Rz2FbjZevoVLVJUgEQ,The Big Pink,Q1668695,39674,45735,The Big Pink,ok,28972,12,strict,UK001F,London,True,4.598505988988193,4.461978476528678,4.317270240643703,0.14470823588497517,785.0,651.0
884,3CSQtK60sg2jNNxnpThSN1,Grim Reaper,Q2476571,102546,45246,Grim Reaper (band),ok,32438,12,excluded_no_defensible_fua,,,False,5.010918724559986,4.511054069468214,4.613166196347856,-0.10211212687964188,561.0,632.0
885,5MGxwE9JG5IA6uqswrgNL6,Beak>,Q4876102,92050,45055,Beak (band),ok,22998,12,excluded_no_defensible_fua,,,False,4.964023792840034,4.361690069637996,4.579520240628963,-0.21783017099096647,589.0,692.0
886,4tXmMY3u0qbzec7aocHPPt,Thy Slaughter,Q130775275,15187,44871,Thy Slaughter,ok,10115,12,excluded_no_defensible_fua,,,False,4.181471992946307,4.004965887106824,4.018058644646677,-0.013092757539853395,896.0,830.0
887,6hlQVaiKiA8Y9K12cTQPrF,D*Minds,Q5203219,4577,44572,D*Minds,ok,570,12,excluded_no_defensible_fua,,,False,3.6605809124272994,2.7558748556724915,3.6443321546675413,-0.8884572989950499,942.0,953.0
888,68nnzWZxUGFW1ss9rEhUPP,Noise Foundation,Q138608483,559,44527,,no_enwiki_article,0,0,excluded_no_defensible_fua,,,False,,,,,,
889,7h0muodpQ1q5o3RajwownN,Gama Bomb,Q1492853,83436,44268,Gama Bomb,ok,9540,12,excluded_no_defensible_fua,,,False,4.92135347543324,3.979548374704095,4.548905341378148,-0.5693569666740532,609.0,838.0
890,10aXVE8RSUCeMzaFvBnZ2i,Pitchshifter,Q2005871,48946,43987,Pitchshifter,ok,28135,12,strict,UK029F,Nottingham,True,4.689717205865222,4.449246919490012,4.382712036836898,0.06653488265311402,742.0,658.0
891,7fRzvXVDS5fOLD91WQwE6q,Phil Campbell and the Bastard Sons,Q47501791,47440,43860,Phil Campbell and the Bastard Sons,ok,43507,12,excluded_no_defensible_fua,,,False,4.676144680356206,4.638559137800543,4.37297408487661,0.2655850529239334,749.0,567.0
892,07PXLHOMh4k77DLNE0EolG,Ether,Q5403291,3646,43789,Ether (band),ok,1907,12,excluded_no_defensible_fua,,,False,3.5618166643189575,3.280350693046006,3.573471245042861,-0.2931205519968554,946.0,938.0
893,7KiK3DokuIW5BVZu5Y5kph,Modern Romance,Q6888844,12292,43441,Modern Romance (band),ok,23225,12,excluded_no_defensible_fua,,,False,4.08962255158434,4.36595572266568,3.952158938142681,0.4137967845229986,906.0,689.0
894,7sx3r4lMo079vO7lIi0fng,Lanterns on the Lake,Q14158905,38093,43202,Lanterns on the Lake,ok,9325,12,strict,UK013F,Newcastle,True,4.580845176707686,3.9696488404807253,4.304599043860687,-0.33495020337996184,794.0,843.0
895,2LpdhgwN0mYKMjnzrBQU8H,The Crazy World Of Arthur Brown,Q377770,16217,43146,The Crazy World of Arthur Brown,ok,71526,12,strict,UK001F,London,True,4.209970516709344,4.854463938360501,4.038505631845872,0.815958306514629,893.0,448.0
896,7FWu3peCUoaSGOc4PwxwTH,Kings Of The City,Q6413105,6557,43136,Kings of the City,ok,1236,12,excluded_no_defensible_fua,,,False,3.816705183666515,3.092018470752797,3.75634746472554,-0.664328993972743,937.0,949.0
897,43lLY3aEg3yQz8sYhyvdn5,Alisha's Attic,Q6601851,19496,42752,Alisha's Attic,ok,32188,12,strict,UK001F,London,True,4.289945516176668,4.507693992654917,4.095885719458864,0.41180827319605307,882.0,635.0
898,2vygNfdnPBXah21ZrqhxYk,A Certain Ratio,Q300348,46261,42710,A Certain Ratio,ok,43091,12,strict,UK008F,Manchester,True,4.665215016454227,4.634386572747978,4.365132320869693,0.26925425187828544,755.0,568.0
899,3Sr1muUE6DYihFufoHpnfc,The Rifles,Q493700,74510,42702,The Rifles (band),ok,13687,12,strict,UK001F,London,True,4.872214563397586,4.136308267255813,4.5136493851844275,-0.3773411179286148,643.0,798.0
900,07eIrj0b3z5mgvtkDmWoxo,Heavy Lungs,Q105883290,33237,42610,Heavy Lungs,ok,13858,12,excluded_no_defensible_fua,,,False,4.5216218170903035,4.141700556997391,4.26210774550226,-0.12040718850486964,812.0,794.0
901,0tQ2Q4y9iUkKszxXyB14ZH,Young Marble Giants,Q2164036,62664,42598,Young Marble Giants,ok,32679,12,strict,UK009F,Cardiff,True,4.79701811353455,4.514268758352217,4.459697788934779,0.05457096941743789,685.0,630.0
902,5O7ziOtiFUyRMBJN1J4Tpv,Cathedral,Q1050878,96540,42528,Cathedral (band),ok,48528,12,strict,UK025F,Coventry,True,4.984707294482673,4.685992392966588,4.594360142402053,0.09163225056453506,573.0,541.0
903,1M684BN2C8BO9WwB0xeXJo,Wings of Desire,Q124131161,6904,41995,,no_enwiki_article,0,0,excluded_no_defensible_fua,,,False,,,,,,
904,71lhIVHJ24x9hEcwFSWuOf,Onslaught,Q1417965,106888,41973,Onslaught (band),ok,34191,12,strict,UK011F,Bristol,True,5.0289289509869475,4.533911802994045,4.626088089154258,-0.09217628616021312,549.0,621.0
905,7GsdZ6T45uXudJ8Wsko9sB,The Associates,Q743137,50912,41622,The Associates (band),ok,76793,12,strict,UK550F,Dundee City,True,4.7068201579664875,4.885321634094973,4.394982982714333,0.4903386513806405,730.0,429.0
906,1uS4cYRRZRtauASIM9RxBG,Mesh,Q250009,38152,41618,Mesh (band),ok,11854,12,excluded_no_defensible_fua,,,False,4.581517309425811,4.073864922903,4.30508128249164,-0.2312163595886405,792.0,813.0
907,3uHCTHxtg3IVAvhyrYsZvI,Rolo Tomassi,Q7361393,78649,41494,Rolo Tomassi,ok,51643,12,strict,UK010F,Sheffield,True,4.8956932050617485,4.713011462982492,4.530494730913677,0.18251673206881502,631.0,526.0
908,7Ks1xbMXEQjy9aQObTJdId,Lonely The Brave,Q20127907,47704,40908,Lonely the Brave,ok,5948,12,strict,UK017F,Cambridge,True,4.678554796337683,3.7743709598499167,4.374703283589904,-0.6003323237399871,746.0,881.0
909,7oEVPoHXaj73ddUCTNlO9E,Gen and the Degenerates,Q105085574,15062,40842,,no_enwiki_article,0,0,excluded_no_defensible_fua,,,False,,,,,,
910,1svaANJTE5KrG16fTGDqOs,The Puppini Sisters,Q1850284,69632,40797,The Puppini Sisters,ok,26529,12,excluded_no_defensible_fua,,,False,4.842808869346048,4.4237208797347956,4.492551525700383,-0.06883064596558786,656.0,670.0
911,76MojWoWNPzzKdrEspy5sl,NIMMO,Q106879795,14459,40726,Nimmo (band),ok,2771,12,excluded_no_defensible_fua,,,False,4.160138257723402,3.442636525782232,4.00275221633338,-0.560115690551148,899.0,926.0
912,2CLWZP9ZwueC8Yx9ORbxlW,bis,Q471241,13258,40316,Bis (Scottish band),ok,27388,12,strict,UK004F,Glasgow,True,4.122478014681511,4.437560319195281,3.9757319217455303,0.461828397449751,903.0,664.0
913,3UvsX37JzJrmhTea2t3Wei,Morning Runner,Q1948294,8121,40259,Morning Runner,ok,5155,12,strict,UK552F,Reading,True,3.909609510490169,3.7122286696195355,3.8230040255042033,-0.1107753558846678,932.0,890.0
914,5uO1Dms6wMs4J3sSdcKEMh,One Minute Silence,Q1124940,41759,39696,One Minute Silence,ok,12428,12,excluded_no_defensible_fua,,,False,4.6207500900976095,4.0944012445829365,4.333229834004527,-0.23882858942159046,775.0,809.0
915,4HVopeHcb4aGTBsfIRrRcQ,InsideInfo,Q63242079,25281,39084,,no_enwiki_article,0,0,excluded_no_defensible_fua,,,False,,,,,,
916,1daC6WKGAm52YZbL5G7zYg,Plump DJs,Q6317600,39640,39025,Plump DJs,ok,4807,12,strict,UK001F,London,True,4.598133645813237,3.681874122128647,4.317003093608463,-0.6351289714798161,786.0,895.0
917,7mDQwcnDUGuSoggxbUtVc1,The Rakes,Q1762436,55169,38909,The Rakes,ok,8921,12,strict,UK001F,London,True,4.741695111954515,3.950413539369381,4.420004901172109,-0.4695913618027281,707.0,848.0
918,6ixeWfTvnU1VOVPEVP5Bcq,Red Lorry Yellow Lorry,Q1575233,51142,38041,Red Lorry Yellow Lorry,ok,19674,12,strict,UK003F,Leeds,True,4.708777707890155,4.293892667053009,4.396387476454564,-0.10249480940155475,729.0,723.0
919,5Lel5d14oFwC4XbKDv2AKW,Hallucinogen,Q11893563,66590,37698,,no_enwiki_article,0,0,excluded_no_defensible_fua,,,False,,,,,,
920,75Kh0eqgzo9f43Dan1JzSV,Slow Club,Q1688137,57600,37665,Slow Club,ok,28083,12,strict,UK010F,Sheffield,True,4.760422483423212,4.448443499962475,4.433441327840344,0.01500217212213073,701.0,659.0
921,33Ztukerf3He8FeKk5acn8,Two Lone Swordsmen,Q3542601,40442,37114,Two Lone Swordsmen,ok,9503,12,excluded_no_defensible_fua,,,False,4.606832624848885,3.9778607292646972,4.323244396297223,-0.3453836670325261,780.0,839.0
922,5z96yaS2s1USscDldCCDgw,Angelic Upstarts,Q521396,52277,37083,Angelic Upstarts,ok,28880,12,strict,UK013F,Newcastle,True,4.718310656933965,4.4605971888976015,4.403227132034274,0.05737005686332708,722.0,652.0
923,1F7QDWyZTLGzkyGLgFjEhU,Pigs Pigs Pigs Pigs Pigs Pigs Pigs,Q93962241,72472,37035,Pigs Pigs Pigs Pigs Pigs Pigs Pigs,ok,54218,12,strict,UK013F,Newcastle,True,4.860170246649844,4.734143493233697,4.505007885280367,0.22913560795332977,650.0,515.0
924,64JgVJdkSDXU6AEJUOnspK,The Sweet,Q487919,11359,36967,The Sweet,ok,416845,12,strict,UK001F,London,True,4.055340099544181,5.619974596560095,3.9275621252042052,1.6924124713558895,908.0,94.0
925,1WFsBUAgQmrGQQEUyFKS60,Savages,Q5404233,130669,36562,Savages (band),ok,34853,12,strict,UK001F,London,True,5.116172567490158,4.542240166289717,4.688683230035425,-0.14644306374570792,509.0,617.0
926,1lbp4Rrpi6ug3cGZF9LWXq,Digital Dog,Q5275840,907,36424,Digital Dog,ok,1031,12,excluded_no_defensible_fua,,,False,2.957607287060095,3.0132586652835167,3.1399659342004447,-0.12670726891692796,955.0,951.0
927,0YtA5DdO2df8zIxpVdktqg,The 411,Q365321,38204,36002,The 411,ok,37748,12,excluded_no_defensible_fua,,,False,4.582108836392919,4.576893946376503,4.305505688486315,0.2713882578901874,791.0,598.0
928,2mHQfi32bOrYcD42cazcmh,Peter and the Test Tube Babies,Q2000167,46920,35963,Peter and the Test Tube Babies,ok,17318,12,strict,UK515F,Brighton and Hove,True,4.671358003443491,4.238497735307359,4.369539762370126,-0.13104202706276702,753.0,752.0
929,3o7Com7ZIpDARXoOHwK4th,Man-Made Sunshine,Q131540831,40010,35712,,no_enwiki_article,0,0,excluded_no_defensible_fua,,,False,,,,,,
930,1cFIgop2t8jZzlM7TVePLY,Puressence,Q3410949,14385,35668,Puressence,ok,15347,12,strict,UK008F,Manchester,True,4.157909866226345,4.186023493117446,4.001153400451056,0.1848700926663902,900.0,774.0
931,64Qk682XX2D0jk14ioYDGx,Moodswings,Q6907168,2398,35615,Moodswings (band),ok,5942,12,excluded_no_defensible_fua,,,False,3.37984917876283,3.773932647467645,3.442914066756259,0.3310185807113859,948.0,882.0
932,6vxyuUNiILvDzBfLxgu0KT,[spunge],Q3494280,21846,35282,Spunge,ok,6677,12,strict,UK571F,Cheltenham,True,4.339371929317587,3.824581376233483,4.131347950597491,-0.30676657436400845,872.0,875.0
933,61NdtTZaI4ZaMVNySovN0b,Grade 2,Q16251607,28578,35157,Grade 2 (band),ok,11608,12,excluded_no_defensible_fua,,,False,4.456031831895234,4.06475739942968,4.215048550477626,-0.15029115104794588,843.0,815.0
934,6OzpbdankE26K03oeoHhPN,Sky,Q1564341,12841,35087,Sky (English/Australian band),ok,38802,12,strict,UK001F,London,True,4.1085988459735665,4.58885411133076,3.965773960860732,0.6230801504700283,905.0,590.0
935,1K1m6K2IZOcbyabxB2jXjg,One Eskimo,Q4045817,11103,35030,One Eskimo,ok,654,12,strict,UK001F,London,True,4.045440339814774,2.815577748324267,3.9204592920137773,-1.10488154368951,911.0,952.0
936,3SRTWBeGhX3o5DCQ2zzTdI,Dubstar,Q372843,17970,34962,Dubstar,ok,18987,12,strict,UK013F,Newcastle,True,4.254548077108974,4.278456350394209,4.070488930856075,0.20796741953813402,887.0,731.0
937,1ukEEwzjucRtFTxiw2DrDZ,Goat Girl,Q78534002,81408,34711,Goat Girl,ok,17570,12,strict,UK001F,London,True,4.910667085296282,4.244771761495295,4.541238120291442,-0.29646635879614625,621.0,747.0
938,4unGdyZQTgdMSRqmsZsJZ1,Octopus,Q7077080,2173,34584,Octopus (Scottish band),ok,1932,12,excluded_no_defensible_fua,,,False,3.3370597263205246,3.2860071220794747,3.4122136910587946,-0.12620656897931992,952.0,937.0
939,63yEaRONzlJVu1ozymo4Fk,The Wild Swans,Q7774898,17544,34532,The Wild Swans (band),ok,14656,12,strict,UK006F,Liverpool,True,4.244128618669467,4.166015456323775,4.063013226672005,0.10300222965176964,889.0,786.0
940,3zDEBkBUs36ij8r5Hyz2CN,Ambrosian Singers,Q2588958,962,34498,Ambrosian Singers,ok,4863,12,strict,UK001F,London,True,2.983175072037813,3.6869042695681773,3.158310188678258,0.5285940808899192,953.0,894.0
941,39aYm70XPfUpkMIKSfeeig,The Wake,Q3523258,26671,34392,The Wake (UK band),ok,16189,12,strict,UK004F,Glasgow,True,4.426039299392167,4.209220023064993,4.1935296488930796,0.015690374171913213,853.0,767.0
942,52aKFP2BnAa28POINNExhE,Rumahoy,Q116609986,24027,34135,Rumahoy,ok,5959,12,excluded_no_defensible_fua,,,False,4.380699548382717,3.775173385424787,4.160999496938075,-0.38582611151328816,862.0,880.0
943,2z846SqjChnjieVgTfRq3X,The Gesualdo Six,Q24887435,15910,34122,The Gesualdo Six,ok,7584,12,excluded_no_defensible_fua,,,False,4.201670179646581,3.87989832433001,4.032550344930575,-0.15265202060056549,895.0,861.0
944,5YFIVhzlaYH9Yadjw9gSUx,James and the Cold Gun,Q137757793,12359,34074,,no_enwiki_article,0,0,excluded_no_defensible_fua,,,False,,,,,,
945,40PsC6cWe7ZQdOUTqF5JgD,Classix Nouveaux,Q2976627,31887,34070,Classix Nouveaux,ok,20737,12,excluded_no_defensible_fua,,,False,4.503613661772502,4.316745927670932,4.249187338665546,0.0675585890053858,820.0,712.0
946,7vF3DcPluq6lZI36VniagW,Current 93,Q739657,83424,33791,Current 93,ok,91207,12,strict,UK001F,London,True,4.921291009488235,4.9600281710555025,4.548860523604831,0.4111676474506716,610.0,390.0
947,5B9MfAU2KZlyvsofev6XXR,Kissing The Pink,Q3197517,10782,33343,Kissing the Pink,ok,13833,12,excluded_no_defensible_fua,,,False,4.032699327492617,4.14091637693907,3.91131793023581,0.2295984467032599,913.0,795.0
948,5MCl6mca6ZixPR36dHH9Sd,Low Island,Q113878754,21054,31768,,no_enwiki_article,0,0,excluded_no_defensible_fua,,,False,,,,,,
949,7mu52yh5bBhhJOyVndAEZW,Cleopatra,Q3680523,33076,31723,Cleopatra (group),ok,48225,12,strict,UK008F,Manchester,True,4.519512983257626,4.683272236315922,4.260594709292366,0.42267752702355565,813.0,543.0
950,1pMIULCflTFyzyv5vT1OzU,dearALICE,Q132200349,28780,31267,DearALICE,ok,44522,12,excluded_no_defensible_fua,,,False,4.4590907896005865,4.648574665308994,4.21724327710853,0.4313313882004639,841.0,563.0
951,3tDg9XbUbQS0dbaSnFNvvk,Witchfinder General,Q1814408,64357,31258,Witchfinder General (band),ok,36867,12,strict,UK002F,Birmingham,True,4.808595791272048,4.566637798944483,4.468004486869851,0.09863331207463233,675.0,603.0
952,0tQzBYPjAardhWpGkqVdNW,The Incredible String Band,Q1500510,60628,31217,The Incredible String Band,ok,82426,12,strict,UK007F,Edinburgh,True,4.782673241939565,4.916064224748736,4.44940569772628,0.4666585270224557,691.0,413.0
953,6Y1nACvxtuuTjKx2b4Rwmb,Vessels,Q7923356,35493,31211,Vessels (band),ok,5023,12,strict,UK003F,Leeds,True,4.5501427090794015,3.700963178159549,4.282570781351405,-0.5816076031918556,804.0,891.0
954,77aUDqXRIvkDNxARfYwoHC,Peter Green Splinter Group,Q7174364,41317,31080,Peter Green Splinter Group,ok,12274,12,excluded_no_defensible_fua,,,False,4.616128780157716,4.088986118947913,4.329914158218292,-0.2409280392703792,778.0,811.0
955,3KH6DLHeoFZgVbtKiLXb6L,The Field Mice,Q7733724,29459,31075,The Field Mice,ok,15340,12,strict,UK001F,London,True,4.469218000420631,4.185825359612962,4.2245093008409444,-0.038683941227982466,838.0,775.0
956,6NCFDKbtkbJhgjQcFicLBi,Rudimentary Peni,Q2719617,42267,31002,Rudimentary Peni,ok,32078,12,strict,UK001F,London,True,4.626001423847892,4.506207283052255,4.336997536320041,0.16920974673221423,774.0,636.0
957,6IN0ZavFCDhKZ2N3NT7E3z,Skarlett Riot,Q30116699,41251,30983,Skarlett Riot,ok,5453,12,excluded_no_defensible_fua,,,False,4.615434481109406,3.7366354976868212,4.329416015792697,-0.5927805181058758,779.0,887.0
958,65X3sG8LVBQN5033RqB6qn,Spinal Tap,Q741661,59910,30887,Spinal Tap (band),ok,581165,12,excluded_non_uk,,,False,4.7774993195903654,5.764299451523148,4.445693536179831,1.3186059153433174,694.0,65.0
959,1xo5zONg7VWkVmR0I0YO4d,Tigertailz,Q2712179,28199,30839,Tigertailz,ok,20958,12,strict,UK009F,Cardiff,True,4.450233707532753,4.32134983602129,4.210888539397587,0.1104612966237033,845.0,710.0
960,0Iv00ucAIqr5KVS7bXGFa9,Ozric Tentacles,Q1550383,97411,30429,Ozric Tentacles,ok,58910,12,excluded_no_defensible_fua,,,False,4.98860800174062,4.770189022735993,4.597158803554969,0.17303021918102424,570.0,489.0
961,72o2T9aqYR2PFNYpzYrMmw,The Tiger Lillies,Q724783,68137,30200,The Tiger Lillies,ok,32302,12,strict,UK001F,London,True,4.8333830081263764,4.509229412797779,4.4857887029905985,0.02344070980718005,663.0,634.0
962,5EtBXjUUyPJmiljpRdN6RJ,The Auteurs,Q144942,22347,30197,The Auteurs,ok,16487,12,excluded_no_defensible_fua,,,False,4.349219228993889,4.217141637938281,4.138413144995004,0.07872849294327633,869.0,761.0
963,3BxngwxP94n0itZ8q1hwf9,FM,Q3737249,29860,30171,FM (British band),ok,35787,12,strict,UK001F,London,True,4.4750898033890065,4.553725293303273,4.22872217450166,0.3250031188016136,833.0,612.0
964,2Kq6loh0WNVAGEHlDxxprf,Gallagher And Lyle,Q505149,11245,30115,Gallagher and Lyle,ok,22424,12,excluded_no_defensible_fua,,,False,4.050959459771651,4.35071308475223,3.924419124321142,0.4262939604310878,910.0,698.0
965,10yA9Y6h5wbDaX5XuZuA9X,Futurecop!,Q5510868,37012,30022,Futurecop!,ok,3637,12,excluded_no_defensible_fua,,,False,4.568342553495426,3.560743301054712,4.295628720383476,-0.7348854193287644,799.0,914.0
966,6Um25UMHv0fzcEHYGQJPXv,Treetop Flyers,Q7837745,9167,29843,Treetop Flyers,ok,1324,12,strict,UK001F,London,True,3.962227231350085,3.121887985103681,3.860755941140933,-0.738867956037252,923.0,947.0
967,6To7KuC86pBGCtkRUiq80O,Brother Beyond,Q1144085,27195,29759,Brother Beyond,ok,21690,12,excluded_no_defensible_fua,,,False,4.43448906315119,4.3362595520141936,4.199592145773744,0.13666740624044937,851.0,705.0
968,30Ns8wCbxSPz2L1tnSypTG,As Lions,Q29784258,23599,29728,As Lions,ok,5528,12,excluded_no_defensible_fua,,,False,4.372893600271661,3.742568034366142,4.155398921889645,-0.4128308875235036,865.0,886.0
969,24m8te3cM8e8cSABOrakXG,Greyhound,Q1288372,2241,29347,Greyhound (band),ok,3688,12,excluded_no_defensible_fua,,,False,3.350441856535061,3.5667909123815917,3.4218150390959683,0.14497587328562345,950.0,913.0
970,7fvToIpjDfwtLhAoZdVF5W,Demented Are Go,Q494215,57898,29315,Demented Are Go,ok,20194,12,strict,UK009F,Cardiff,True,4.762663561931828,4.305222351923695,4.435049246340231,-0.12982689441653594,699.0,716.0
971,6F9tjDKhGtXlm9M4s30KD5,Tokyo Blade,Q2294469,51726,29143,Tokyo Blade,ok,21930,12,excluded_no_defensible_fua,,,False,4.713708895476658,4.341038631677523,4.399925481801663,-0.05888685012414019,726.0,704.0
972,39Yw8FPJXDJyf5L4vK7TD3,Snuff,Q1418489,31826,29124,Snuff (British band),ok,14593,12,strict,UK001F,London,True,4.502782058442233,4.164144582470178,4.248590683807555,-0.08444610133737651,821.0,789.0
973,53L5KERK0sEsE16Hkg9Z28,Freaks,Q5494265,4296,29115,Freaks (band),ok,2246,12,excluded_no_defensible_fua,,,False,3.6330642726914992,3.351409751925439,3.624589645016129,-0.2731798930906897,944.0,934.0
974,23v7cVwWDv8VhPWTAePufN,The High Numbers,Q68981254,6697,29092,,no_enwiki_article,0,0,excluded_no_defensible_fua,,,False,,,,,,
975,4D1hYdWKVKyQQQNxNHlYtq,Love Sculpture,Q432233,8138,29038,Love Sculpture,ok,18358,12,excluded_no_defensible_fua,,,False,3.9105176855172665,4.263825365521215,3.8236556186641892,0.4401697468570256,931.0,735.0
976,6MrHEQVD40SO8XWTBNELkl,Freur,Q1984800,7682,28911,Freur,ok,18303,12,excluded_no_defensible_fua,,,False,3.885474302829157,4.26252227971205,3.8056876098821886,0.4568346698298611,934.0,737.0
977,5lYOBorQmZgCCPxJYCjSmO,Xentrix,Q278428,43772,28811,Xentrix,ok,16366,12,strict,UK562F,Preston,True,4.641196390550058,4.213942546840078,4.347899549779922,-0.13395700293984358,766.0,763.0
978,2tZaXwpCHEhoVEBQuRI4vu,False Heads,Q48814836,39797,28786,False Heads,ok,3332,12,excluded_no_defensible_fua,,,False,4.5998503350748985,3.52270499273475,4.3182347757703194,-0.7955297830355694,783.0,918.0
979,5zygW1RJOV0Wji8CcxD5eN,Wishful Thinking,Q65118209,2181,28744,Wishful Thinking (British band),ok,3969,12,excluded_no_defensible_fua,,,False,3.3386556655787003,3.5986810989071634,3.41335873807435,0.18532236083281317,951.0,907.0
980,5nGQE2ehuRkkK1iNUQQthd,Au Pairs,Q758380,40413,28536,Au Pairs,ok,30769,12,strict,UK002F,Birmingham,True,4.606521090855558,4.4881133818002965,4.323020878348482,0.16509250345181492,781.0,644.0
981,419lBVMZC4wFzJg8evBZ4g,CIEL,Q112031859,8575,28366,,no_enwiki_article,0,0,excluded_no_defensible_fua,,,False,,,,,,
982,3vq20FWRCImmgoatehNMmg,Edgar Broughton Band,Q1639834,21814,27912,Edgar Broughton Band,ok,27487,12,strict,UK025F,Coventry,True,4.338735308799518,4.439127342442847,4.130891191093317,0.3082361513495293,873.0,663.0
983,3U6eCXHFS6wQVuFuqeW09m,The Daydream Club,Q2410735,10498,27883,The Daydream Club,ok,554,12,excluded_no_defensible_fua,,,False,4.021106568432121,2.74350976472843,3.90300041182383,-1.1594906470954003,916.0,954.0
984,2Ag3w3cSdRHgzPNi60WABE,Fanfarlo,Q2624757,42762,27870,Fanfarlo,ok,4297,12,strict,UK001F,London,True,4.631058009180597,3.633165353683903,4.340625511454092,-0.7074601577701887,771.0,905.0
985,112n8pqLHAybFBHk2nB9yp,Sun's Signature,Q124963818,23696,27652,Sun's Signature,ok,1249,12,excluded_no_defensible_fua,,,False,4.374675041177134,3.0965624383741357,4.156677061757282,-1.0601146233831464,864.0,948.0
986,2hGy0cp0xoWYWTjz6In3cg,Amazulu,Q456540,8468,27611,Amazulu (band),ok,19027,12,excluded_no_defensible_fua,,,False,3.9277808493473745,4.279370318179108,3.836041512501597,0.4433288056775111,930.0,730.0
987,6sDKfmMPaTI7MYeFoNFrg7,Zion Train,Q2393241,26857,27563,Zion Train,ok,4404,12,excluded_no_defensible_fua,,,False,4.429057499166248,3.643847310299714,4.195695132714571,-0.5518478224148566,852.0,902.0
988,6EGQKKjGZOxDJ1iy7Pw25M,Another Sunny Day,Q536403,24920,27420,Another Sunny Day,ok,9032,12,excluded_no_defensible_fua,,,False,4.396548037987132,3.9557839289169117,4.172370396945476,-0.21658646802856474,860.0,846.0
989,5lModM3s3qlPQKYjtwWuXD,The Duke Spirit,Q4992445,28248,27367,The Duke Spirit,ok,10606,12,strict,UK001F,London,True,4.450987704555041,4.025551622782544,4.211429513645626,-0.18587789086308248,844.0,825.0
990,7J7hOGRAdXQdhMXeqf020e,O. Children,Q3347461,30220,27293,,no_enwiki_article,0,0,strict,UK001F,London,True,,,,,,
991,0Opj9xi9HHrH0L9uHAKnKm,Oceansize,Q1753688,50162,27190,Oceansize,ok,27696,12,strict,UK008F,Manchester,True,4.700374843844348,4.4424170505313185,4.390358628960223,0.05205842157109508,737.0,660.0
992,6v8lYzIVcmeuPkoobFl7Dx,Close Lobsters,Q2979635,13959,27169,Close Lobsters,ok,6728,12,strict,UK004F,Glasgow,True,4.14485430725293,3.827885982789856,3.991786359216662,-0.1639003764268061,901.0,874.0
993,4wavWMHhIiUXxwCuWsHzXo,The Delgados,Q1888034,25240,26800,The Delgados,ok,16276,12,strict,UK004F,Glasgow,True,4.402089350572097,4.211547681181248,4.176346151915579,0.03520152926566844,858.0,765.0
994,3hZtRePYRKW6wLtZ3gpnk7,Hacktivist,Q14936549,62883,26779,Hacktivist (band),ok,13135,12,strict,UK525F,Milton Keynes,True,4.798533252693668,4.118430077122089,4.460784863874136,-0.3423547867520469,684.0,806.0
995,46cDW79OcUXlCbYPj7Ds5L,The Wytches,Q17031558,52002,26774,The Wytches,ok,9466,12,strict,UK545F,Peterborough,True,4.716020046947503,3.976166500131975,4.401583675921916,-0.4254171757899412,724.0,841.0
996,3JEZFF5iZhEtpeTTGSzWid,Rialto,Q902179,13130,26706,Rialto (band),ok,18346,12,strict,UK001F,London,True,4.118264726089479,4.263541389171578,3.972708991202737,0.29083239796884053,904.0,736.0
997,3KY6i8EJac9URU9OeC1n89,Church of the Cosmic Skull,Q80445101,50841,26393,Church of the Cosmic Skull,ok,13822,12,strict,UK029F,Nottingham,True,4.706214084175652,4.14057088863295,4.39454813973278,-0.2539772510998306,732.0,796.0
998,5BxR80mpdn8MmHgzKVtiP7,Inglorious,Q22942474,39573,26228,Inglorious,ok,11672,12,excluded_no_defensible_fua,,,False,4.597398975059031,4.067145278885395,4.316475985480626,-0.24933070659523082,787.0,814.0
999,0rkzatSSd1Dh41phOf4qFT,Black Foxxes,Q51132163,30813,26219,Black Foxxes,ok,5357,12,strict,UK018F,Exeter,True,4.4887339839390865,3.7289216463728594,4.238511537184818,-0.5095898908119589,827.0,888.0
1000,6sIZakv0uaA3qQmOOPTOQt,Piano Magic,Q576191,19454,26180,Piano Magic,ok,4892,12,strict,UK001F,London,True,4.289008911539463,3.689486448364248,4.0952137287555255,-0.4057272803912775,883.0,893.0
