STRUCTURE,STRUCTURE_ID,STRUCTURE_NAME,ACTION,REF_AREA,Reference area,FREQ,Frequency of observation,MEASURE,Measure,UNIT_MEASURE,Unit of measure,AGE,Age,SEX,Sex,ORIGIN,Origin,TERRITORIAL_LEVEL,Territorial level,CITIZENSHIP,Citizenship,TIME_PERIOD,Time period,OBS_VALUE,Observation value,OBS_STATUS,Observation status,UNIT_MULT,Unit multiplier,DECIMALS,Decimals
DATAFLOW,OECD.CFE.EDS:DSD_FUA_DEMO@DF_AGE_SEX(1.2),Population by age and sex - Cities and FUAs,I,AUS01C,Greater Sydney,A,Annual,POP,Population,PS,Persons,_T,Total,_T,Total,_Z,Not applicable,CITY,City,_Z,Not applicable,2024,,4650997,,A,Normal value,0,Units,0,Zero
DATAFLOW,OECD.CFE.EDS:DSD_FUA_DEMO@DF_AGE_SEX(1.2),Population by age and sex - Cities and FUAs,I,AUS20C,Gosford - Springfield,A,Annual,POP,Population,PS,Persons,_T,Total,_T,Total,_Z,Not applicable,CITY,City,_Z,Not applicable,2024,,79663,,A,Normal value,0,Units,0,Zero
DATAFLOW,OECD.CFE.EDS:DSD_FUA_DEMO@DF_AGE_SEX(1.2),Population by age and sex - Cities and FUAs,I,AUS02C,Greater Melbourne,A,Annual,POP,Population,PS,Persons,_T,Total,_T,Total,_Z,Not applicable,CITY,City,_Z,Not applicable,2024,,4534379,,A,Normal value,0,Units,0,Zero
DATAFLOW,OECD.CFE.EDS:DSD_FUA_DEMO@DF_AGE_SEX(1.2),Population by age and sex - Cities and FUAs,I,AUS03C,Greater Brisbane,A,Annual,POP,Population,PS,Persons,_T,Total,_T,Total,_Z,Not applicable,CITY,City,_Z,Not applicable,2024,,1933998,,A,Normal value,0,Units,0,Zero
DATAFLOW,OECD.CFE.EDS:DSD_FUA_DEMO@DF_AGE_SEX(1.2),Population by age and sex - Cities and FUAs,I,AUS04C,Greater Perth,A,Annual,POP,Population,PS,Persons,_T,Total,_T,Total,_Z,Not applicable,CITY,City,_Z,Not applicable,2024,,1582973,,A,Normal value,0,Units,0,Zero
DATAFLOW,OECD.CFE.EDS:DSD_FUA_DEMO@DF_AGE_SEX(1.2),Population by age and sex - Cities and FUAs,I,AUS21C,Rockingham,A,Annual,POP,Population,PS,Persons,_T,Total,_T,Total,_Z,Not applicable,CITY,City,_Z,Not applicable,2024,,80209,,A,Normal value,0,Units,0,Zero
DATAFLOW,OECD.CFE.EDS:DSD_FUA_DEMO@DF_AGE_SEX(1.2),Population by age and sex - Cities and FUAs,I,AUS05C,Greater Adelaide,A,Annual,POP,Population,PS,Persons,_T,Total,_T,Total,_Z,Not applicable,CITY,City,_Z,Not applicable,2024,,1251608,,A,Normal value,0,Units,0,Zero
DATAFLOW,OECD.CFE.EDS:DSD_FUA_DEMO@DF_AGE_SEX(1.2),Population by age and sex - Cities and FUAs,I,AUS06C,Gold Coast,A,Annual,POP,Population,PS,Persons,_T,Total,_T,Total,_Z,Not applicable,CITY,City,_Z,Not applicable,2024,,361171,,A,Normal value,0,Units,0,Zero
DATAFLOW,OECD.CFE.EDS:DSD_FUA_DEMO@DF_AGE_SEX(1.2),Population by age and sex - Cities and FUAs,I,AUS07C,Canberra,A,Annual,POP,Population,PS,Persons,_T,Total,_T,Total,_Z,Not applicable,CITY,City,_Z,Not applicable,2024,,321624,,A,Normal value,0,Units,0,Zero
DATAFLOW,OECD.CFE.EDS:DSD_FUA_DEMO@DF_AGE_SEX(1.2),Population by age and sex - Cities and FUAs,I,AUS08C,Newcastle,A,Annual,POP,Population,PS,Persons,_T,Total,_T,Total,_Z,Not applicable,CITY,City,_Z,Not applicable,2024,,303988,,A,Normal value,0,Units,0,Zero
DATAFLOW,OECD.CFE.EDS:DSD_FUA_DEMO@DF_AGE_SEX(1.2),Population by age and sex - Cities and FUAs,I,AUS10C,Wollongong,A,Annual,POP,Population,PS,Persons,_T,Total,_T,Total,_Z,Not applicable,CITY,City,_Z,Not applicable,2024,,145552,,A,Normal value,0,Units,0,Zero
DATAFLOW,OECD.CFE.EDS:DSD_FUA_DEMO@DF_AGE_SEX(1.2),Population by age and sex - Cities and FUAs,I,AUS11C,Sunshine Coast,A,Annual,POP,Population,PS,Persons,_T,Total,_T,Total,_Z,Not applicable,CITY,City,_Z,Not applicable,2024,,107123,,A,Normal value,0,Units,0,Zero
DATAFLOW,OECD.CFE.EDS:DSD_FUA_DEMO@DF_AGE_SEX(1.2),Population by age and sex - Cities and FUAs,I,AUS12C,Greater Hobart,A,Annual,POP,Population,PS,Persons,_T,Total,_T,Total,_Z,Not applicable,CITY,City,_Z,Not applicable,2024,,75912,,A,Normal value,0,Units,0,Zero
DATAFLOW,OECD.CFE.EDS:DSD_FUA_DEMO@DF_AGE_SEX(1.2),Population by age and sex - Cities and FUAs,I,AUS13C,Townsville,A,Annual,POP,Population,PS,Persons,_T,Total,_T,Total,_Z,Not applicable,CITY,City,_Z,Not applicable,2024,,118859,,A,Normal value,0,Units,0,Zero
DATAFLOW,OECD.CFE.EDS:DSD_FUA_DEMO@DF_AGE_SEX(1.2),Population by age and sex - Cities and FUAs,I,AUS14C,Geelong,A,Annual,POP,Population,PS,Persons,_T,Total,_T,Total,_Z,Not applicable,CITY,City,_Z,Not applicable,2024,,187212,,A,Normal value,0,Units,0,Zero
DATAFLOW,OECD.CFE.EDS:DSD_FUA_DEMO@DF_AGE_SEX(1.2),Population by age and sex - Cities and FUAs,I,AUS15C,Cairns,A,Annual,POP,Population,PS,Persons,_T,Total,_T,Total,_Z,Not applicable,CITY,City,_Z,Not applicable,2024,,100570,,A,Normal value,0,Units,0,Zero
DATAFLOW,OECD.CFE.EDS:DSD_FUA_DEMO@DF_AGE_SEX(1.2),Population by age and sex - Cities and FUAs,I,AUS16C,Greater Darwin,A,Annual,POP,Population,PS,Persons,_T,Total,_T,Total,_Z,Not applicable,CITY,City,_Z,Not applicable,2024,,56206,,A,Normal value,0,Units,0,Zero
DATAFLOW,OECD.CFE.EDS:DSD_FUA_DEMO@DF_AGE_SEX(1.2),Population by age and sex - Cities and FUAs,I,AUS17C,Toowoomba,A,Annual,POP,Population,PS,Persons,_T,Total,_T,Total,_Z,Not applicable,CITY,City,_Z,Not applicable,2024,,101546,,A,Normal value,0,Units,0,Zero
DATAFLOW,OECD.CFE.EDS:DSD_FUA_DEMO@DF_AGE_SEX(1.2),Population by age and sex - Cities and FUAs,I,AUS18C,Ballarat,A,Annual,POP,Population,PS,Persons,_T,Total,_T,Total,_Z,Not applicable,CITY,City,_Z,Not applicable,2024,,91796,,A,Normal value,0,Units,0,Zero
DATAFLOW,OECD.CFE.EDS:DSD_FUA_DEMO@DF_AGE_SEX(1.2),Population by age and sex - Cities and FUAs,I,AUS19C,Bendigo,A,Annual,POP,Population,PS,Persons,_T,Total,_T,Total,_Z,Not applicable,CITY,City,_Z,Not applicable,2024,,73013,,A,Normal value,0,Units,0,Zero
DATAFLOW,OECD.CFE.EDS:DSD_FUA_DEMO@DF_AGE_SEX(1.2),Population by age and sex - Cities and FUAs,I,AT001C,Wien,A,Annual,POP,Population,PS,Persons,_T,Total,_T,Total,_Z,Not applicable,CITY,City,_Z,Not applicable,2024,,2071530,,A,Normal value,0,Units,0,Zero
DATAFLOW,OECD.CFE.EDS:DSD_FUA_DEMO@DF_AGE_SEX(1.2),Population by age and sex - Cities and FUAs,I,AT002C,Graz,A,Annual,POP,Population,PS,Persons,_T,Total,_T,Total,_Z,Not applicable,CITY,City,_Z,Not applicable,2024,,302681,,A,Normal value,0,Units,0,Zero
DATAFLOW,OECD.CFE.EDS:DSD_FUA_DEMO@DF_AGE_SEX(1.2),Population by age and sex - Cities and FUAs,I,AT003C,Linz,A,Annual,POP,Population,PS,Persons,_T,Total,_T,Total,_Z,Not applicable,CITY,City,_Z,Not applicable,2024,,240961,,A,Normal value,0,Units,0,Zero
DATAFLOW,OECD.CFE.EDS:DSD_FUA_DEMO@DF_AGE_SEX(1.2),Population by age and sex - Cities and FUAs,I,AT004C,Salzburg,A,Annual,POP,Population,PS,Persons,_T,Total,_T,Total,_Z,Not applicable,CITY,City,_Z,Not applicable,2024,,157340,,A,Normal value,0,Units,0,Zero
DATAFLOW,OECD.CFE.EDS:DSD_FUA_DEMO@DF_AGE_SEX(1.2),Population by age and sex - Cities and FUAs,I,AT005C,Innsbruck,A,Annual,POP,Population,PS,Persons,_T,Total,_T,Total,_Z,Not applicable,CITY,City,_Z,Not applicable,2024,,132157,,A,Normal value,0,Units,0,Zero
DATAFLOW,OECD.CFE.EDS:DSD_FUA_DEMO@DF_AGE_SEX(1.2),Population by age and sex - Cities and FUAs,I,AT006C,Klagenfurt,A,Annual,POP,Population,PS,Persons,_T,Total,_T,Total,_Z,Not applicable,CITY,City,_Z,Not applicable,2024,,104839,,A,Normal value,0,Units,0,Zero
DATAFLOW,OECD.CFE.EDS:DSD_FUA_DEMO@DF_AGE_SEX(1.2),Population by age and sex - Cities and FUAs,I,BE001C,Bruxelles/Brussel,A,Annual,POP,Population,PS,Persons,_T,Total,_T,Total,_Z,Not applicable,CITY,City,_Z,Not applicable,2024,,1447848,,A,Normal value,0,Units,0,Zero
DATAFLOW,OECD.CFE.EDS:DSD_FUA_DEMO@DF_AGE_SEX(1.2),Population by age and sex - Cities and FUAs,I,BE008C,Leuven,A,Annual,POP,Population,PS,Persons,_T,Total,_T,Total,_Z,Not applicable,CITY,City,_Z,Not applicable,2024,,104009,,A,Normal value,0,Units,0,Zero
DATAFLOW,OECD.CFE.EDS:DSD_FUA_DEMO@DF_AGE_SEX(1.2),Population by age and sex - Cities and FUAs,I,BE012C,Mechelen,A,Annual,POP,Population,PS,Persons,_T,Total,_T,Total,_Z,Not applicable,CITY,City,_Z,Not applicable,2024,,89313,,A,Normal value,0,Units,0,Zero
DATAFLOW,OECD.CFE.EDS:DSD_FUA_DEMO@DF_AGE_SEX(1.2),Population by age and sex - Cities and FUAs,I,BE002C,Antwerpen,A,Annual,POP,Population,PS,Persons,_T,Total,_T,Total,_Z,Not applicable,CITY,City,_Z,Not applicable,2024,,660742,,A,Normal value,0,Units,0,Zero
DATAFLOW,OECD.CFE.EDS:DSD_FUA_DEMO@DF_AGE_SEX(1.2),Population by age and sex - Cities and FUAs,I,BE003C,Gent,A,Annual,POP,Population,PS,Persons,_T,Total,_T,Total,_Z,Not applicable,CITY,City,_Z,Not applicable,2024,,269597,,A,Normal value,0,Units,0,Zero
DATAFLOW,OECD.CFE.EDS:DSD_FUA_DEMO@DF_AGE_SEX(1.2),Population by age and sex - Cities and FUAs,I,BE004C,Charleroi,A,Annual,POP,Population,PS,Persons,_T,Total,_T,Total,_Z,Not applicable,CITY,City,_Z,Not applicable,2024,,251311,,A,Normal value,0,Units,0,Zero
DATAFLOW,OECD.CFE.EDS:DSD_FUA_DEMO@DF_AGE_SEX(1.2),Population by age and sex - Cities and FUAs,I,BE005C,Liège,A,Annual,POP,Population,PS,Persons,_T,Total,_T,Total,_Z,Not applicable,CITY,City,_Z,Not applicable,2024,,405997,,A,Normal value,0,Units,0,Zero
DATAFLOW,OECD.CFE.EDS:DSD_FUA_DEMO@DF_AGE_SEX(1.2),Population by age and sex - Cities and FUAs,I,BE006C,Brugge,A,Annual,POP,Population,PS,Persons,_T,Total,_T,Total,_Z,Not applicable,CITY,City,_Z,Not applicable,2024,,119869,,A,Normal value,0,Units,0,Zero
DATAFLOW,OECD.CFE.EDS:DSD_FUA_DEMO@DF_AGE_SEX(1.2),Population by age and sex - Cities and FUAs,I,BE007C,Namur,A,Annual,POP,Population,PS,Persons,_T,Total,_T,Total,_Z,Not applicable,CITY,City,_Z,Not applicable,2024,,114142,,A,Normal value,0,Units,0,Zero
DATAFLOW,OECD.CFE.EDS:DSD_FUA_DEMO@DF_AGE_SEX(1.2),Population by age and sex - Cities and FUAs,I,BE009C,Mons,A,Annual,POP,Population,PS,Persons,_T,Total,_T,Total,_Z,Not applicable,CITY,City,_Z,Not applicable,2024,,157733,,A,Normal value,0,Units,0,Zero
DATAFLOW,OECD.CFE.EDS:DSD_FUA_DEMO@DF_AGE_SEX(1.2),Population by age and sex - Cities and FUAs,I,BE010C,Kortrijk,A,Annual,POP,Population,PS,Persons,_T,Total,_T,Total,_Z,Not applicable,CITY,City,_Z,Not applicable,2024,,124081,,A,Normal value,0,Units,0,Zero
DATAFLOW,OECD.CFE.EDS:DSD_FUA_DEMO@DF_AGE_SEX(1.2),Population by age and sex - Cities and FUAs,I,BE011C,Oostende,A,Annual,POP,Population,PS,Persons,_T,Total,_T,Total,_Z,Not applicable,CITY,City,_Z,Not applicable,2024,,90766,,A,Normal value,0,Units,0,Zero
DATAFLOW,OECD.CFE.EDS:DSD_FUA_DEMO@DF_AGE_SEX(1.2),Population by age and sex - Cities and FUAs,I,BE013C,Mouscron,A,Annual,POP,Population,PS,Persons,_T,Total,_T,Total,_Z,Not applicable,CITY,City,_Z,Not applicable,2024,,59987,,A,Normal value,0,Units,0,Zero
DATAFLOW,OECD.CFE.EDS:DSD_FUA_DEMO@DF_AGE_SEX(1.2),Population by age and sex - Cities and FUAs,I,BE014C,La Louvière,A,Annual,POP,Population,PS,Persons,_T,Total,_T,Total,_Z,Not applicable,CITY,City,_Z,Not applicable,2024,,105349,,A,Normal value,0,Units,0,Zero
DATAFLOW,OECD.CFE.EDS:DSD_FUA_DEMO@DF_AGE_SEX(1.2),Population by age and sex - Cities and FUAs,I,BE015C,Verviers,A,Annual,POP,Population,PS,Persons,_T,Total,_T,Total,_Z,Not applicable,CITY,City,_Z,Not applicable,2024,,71030,,A,Normal value,0,Units,0,Zero
DATAFLOW,OECD.CFE.EDS:DSD_FUA_DEMO@DF_AGE_SEX(1.2),Population by age and sex - Cities and FUAs,I,BG001C,Sofia,A,Annual,POP,Population,PS,Persons,_T,Total,_T,Total,_Z,Not applicable,CITY,City,_Z,Not applicable,2024,,1286965,,A,Normal value,0,Units,0,Zero
DATAFLOW,OECD.CFE.EDS:DSD_FUA_DEMO@DF_AGE_SEX(1.2),Population by age and sex - Cities and FUAs,I,BG012C,Pernik,A,Annual,POP,Population,PS,Persons,_T,Total,_T,Total,_Z,Not applicable,CITY,City,_Z,Not applicable,2024,,81819,,A,Normal value,0,Units,0,Zero
DATAFLOW,OECD.CFE.EDS:DSD_FUA_DEMO@DF_AGE_SEX(1.2),Population by age and sex - Cities and FUAs,I,BG002C,Plovdiv,A,Annual,POP,Population,PS,Persons,_T,Total,_T,Total,_Z,Not applicable,CITY,City,_Z,Not applicable,2024,,325485,,A,Normal value,0,Units,0,Zero
DATAFLOW,OECD.CFE.EDS:DSD_FUA_DEMO@DF_AGE_SEX(1.2),Population by age and sex - Cities and FUAs,I,BG003C,Varna,A,Annual,POP,Population,PS,Persons,_T,Total,_T,Total,_Z,Not applicable,CITY,City,_Z,Not applicable,2024,,323386,,A,Normal value,0,Units,0,Zero
DATAFLOW,OECD.CFE.EDS:DSD_FUA_DEMO@DF_AGE_SEX(1.2),Population by age and sex - Cities and FUAs,I,BG004C,Burgas,A,Annual,POP,Population,PS,Persons,_T,Total,_T,Total,_Z,Not applicable,CITY,City,_Z,Not applicable,2024,,194809,,A,Normal value,0,Units,0,Zero
DATAFLOW,OECD.CFE.EDS:DSD_FUA_DEMO@DF_AGE_SEX(1.2),Population by age and sex - Cities and FUAs,I,BG005C,Pleven,A,Annual,POP,Population,PS,Persons,_T,Total,_T,Total,_Z,Not applicable,CITY,City,_Z,Not applicable,2024,,109767,,A,Normal value,0,Units,0,Zero
DATAFLOW,OECD.CFE.EDS:DSD_FUA_DEMO@DF_AGE_SEX(1.2),Population by age and sex - Cities and FUAs,I,BG006C,Ruse,A,Annual,POP,Population,PS,Persons,_T,Total,_T,Total,_Z,Not applicable,CITY,City,_Z,Not applicable,2024,,138084,,A,Normal value,0,Units,0,Zero
DATAFLOW,OECD.CFE.EDS:DSD_FUA_DEMO@DF_AGE_SEX(1.2),Population by age and sex - Cities and FUAs,I,BG008C,Stara Zagora,A,Annual,POP,Population,PS,Persons,_T,Total,_T,Total,_Z,Not applicable,CITY,City,_Z,Not applicable,2024,,142348,,A,Normal value,0,Units,0,Zero
DATAFLOW,OECD.CFE.EDS:DSD_FUA_DEMO@DF_AGE_SEX(1.2),Population by age and sex - Cities and FUAs,I,BG009C,Sliven,A,Annual,POP,Population,PS,Persons,_T,Total,_T,Total,_Z,Not applicable,CITY,City,_Z,Not applicable,2024,,110972,,A,Normal value,0,Units,0,Zero
DATAFLOW,OECD.CFE.EDS:DSD_FUA_DEMO@DF_AGE_SEX(1.2),Population by age and sex - Cities and FUAs,I,BG010C,Dobrich,A,Annual,POP,Population,PS,Persons,_T,Total,_T,Total,_Z,Not applicable,CITY,City,_Z,Not applicable,2024,,70411,,A,Normal value,0,Units,0,Zero
DATAFLOW,OECD.CFE.EDS:DSD_FUA_DEMO@DF_AGE_SEX(1.2),Population by age and sex - Cities and FUAs,I,BG011C,Shumen,A,Annual,POP,Population,PS,Persons,_T,Total,_T,Total,_Z,Not applicable,CITY,City,_Z,Not applicable,2024,,77574,,A,Normal value,0,Units,0,Zero
DATAFLOW,OECD.CFE.EDS:DSD_FUA_DEMO@DF_AGE_SEX(1.2),Population by age and sex - Cities and FUAs,I,BG014C,Haskovo,A,Annual,POP,Population,PS,Persons,_T,Total,_T,Total,_Z,Not applicable,CITY,City,_Z,Not applicable,2024,,79335,,A,Normal value,0,Units,0,Zero
DATAFLOW,OECD.CFE.EDS:DSD_FUA_DEMO@DF_AGE_SEX(1.2),Population by age and sex - Cities and FUAs,I,BG015C,Pazardzhik,A,Annual,POP,Population,PS,Persons,_T,Total,_T,Total,_Z,Not applicable,CITY,City,_Z,Not applicable,2024,,89507,,A,Normal value,0,Units,0,Zero
DATAFLOW,OECD.CFE.EDS:DSD_FUA_DEMO@DF_AGE_SEX(1.2),Population by age and sex - Cities and FUAs,I,BG017C,Veliko Tarnovo,A,Annual,POP,Population,PS,Persons,_T,Total,_T,Total,_Z,Not applicable,CITY,City,_Z,Not applicable,2024,,76811,,A,Normal value,0,Units,0,Zero
DATAFLOW,OECD.CFE.EDS:DSD_FUA_DEMO@DF_AGE_SEX(1.2),Population by age and sex - Cities and FUAs,I,CL001C,Arica,A,Annual,POP,Population,PS,Persons,_T,Total,_T,Total,_Z,Not applicable,CITY,City,_Z,Not applicable,2024,,241653,,A,Normal value,0,Units,0,Zero
DATAFLOW,OECD.CFE.EDS:DSD_FUA_DEMO@DF_AGE_SEX(1.2),Population by age and sex - Cities and FUAs,I,CL002C,Iquique,A,Annual,POP,Population,PS,Persons,_T,Total,_T,Total,_Z,Not applicable,CITY,City,_Z,Not applicable,2024,,199587,,A,Normal value,0,Units,0,Zero
DATAFLOW,OECD.CFE.EDS:DSD_FUA_DEMO@DF_AGE_SEX(1.2),Population by age and sex - Cities and FUAs,I,CL003C,Calama,A,Annual,POP,Population,PS,Persons,_T,Total,_T,Total,_Z,Not applicable,CITY,City,_Z,Not applicable,2024,,166334,,A,Normal value,0,Units,0,Zero
DATAFLOW,OECD.CFE.EDS:DSD_FUA_DEMO@DF_AGE_SEX(1.2),Population by age and sex - Cities and FUAs,I,CL004C,Antofagasta,A,Annual,POP,Population,PS,Persons,_T,Total,_T,Total,_Z,Not applicable,CITY,City,_Z,Not applicable,2024,,401096,,A,Normal value,0,Units,0,Zero
DATAFLOW,OECD.CFE.EDS:DSD_FUA_DEMO@DF_AGE_SEX(1.2),Population by age and sex - Cities and FUAs,I,CL005C,Copiapó,A,Annual,POP,Population,PS,Persons,_T,Total,_T,Total,_Z,Not applicable,CITY,City,_Z,Not applicable,2024,,168831,,A,Normal value,0,Units,0,Zero
DATAFLOW,OECD.CFE.EDS:DSD_FUA_DEMO@DF_AGE_SEX(1.2),Population by age and sex - Cities and FUAs,I,CL006C,Coquimbo-La Serena,A,Annual,POP,Population,PS,Persons,_T,Total,_T,Total,_Z,Not applicable,CITY,City,_Z,Not applicable,2024,,513860,,A,Normal value,0,Units,0,Zero
DATAFLOW,OECD.CFE.EDS:DSD_FUA_DEMO@DF_AGE_SEX(1.2),Population by age and sex - Cities and FUAs,I,CL007C,Ovalle,A,Annual,POP,Population,PS,Persons,_T,Total,_T,Total,_Z,Not applicable,CITY,City,_Z,Not applicable,2024,,118696,,A,Normal value,0,Units,0,Zero
DATAFLOW,OECD.CFE.EDS:DSD_FUA_DEMO@DF_AGE_SEX(1.2),Population by age and sex - Cities and FUAs,I,CL008C,Calera,A,Annual,POP,Population,PS,Persons,_T,Total,_T,Total,_Z,Not applicable,CITY,City,_Z,Not applicable,2024,,50631,,A,Normal value,0,Units,0,Zero
DATAFLOW,OECD.CFE.EDS:DSD_FUA_DEMO@DF_AGE_SEX(1.2),Population by age and sex - Cities and FUAs,I,CL009C,Quillota,A,Annual,POP,Population,PS,Persons,_T,Total,_T,Total,_Z,Not applicable,CITY,City,_Z,Not applicable,2024,,96753,,A,Normal value,0,Units,0,Zero
DATAFLOW,OECD.CFE.EDS:DSD_FUA_DEMO@DF_AGE_SEX(1.2),Population by age and sex - Cities and FUAs,I,CL010C,Valparaíso,A,Annual,POP,Population,PS,Persons,_T,Total,_T,Total,_Z,Not applicable,CITY,City,_Z,Not applicable,2024,,921939,,A,Normal value,0,Units,0,Zero
DATAFLOW,OECD.CFE.EDS:DSD_FUA_DEMO@DF_AGE_SEX(1.2),Population by age and sex - Cities and FUAs,I,CL011C,Santiago,A,Annual,POP,Population,PS,Persons,_T,Total,_T,Total,_Z,Not applicable,CITY,City,_Z,Not applicable,2024,,6654728,,A,Normal value,0,Units,0,Zero
DATAFLOW,OECD.CFE.EDS:DSD_FUA_DEMO@DF_AGE_SEX(1.2),Population by age and sex - Cities and FUAs,I,CL012C,San Antonio,A,Annual,POP,Population,PS,Persons,_T,Total,_T,Total,_Z,Not applicable,CITY,City,_Z,Not applicable,2024,,96770,,A,Normal value,0,Units,0,Zero
DATAFLOW,OECD.CFE.EDS:DSD_FUA_DEMO@DF_AGE_SEX(1.2),Population by age and sex - Cities and FUAs,I,CL013C,Melipilla,A,Annual,POP,Population,PS,Persons,_T,Total,_T,Total,_Z,Not applicable,CITY,City,_Z,Not applicable,2024,,136325,,A,Normal value,0,Units,0,Zero
DATAFLOW,OECD.CFE.EDS:DSD_FUA_DEMO@DF_AGE_SEX(1.2),Population by age and sex - Cities and FUAs,I,CL014C,Rancagua,A,Annual,POP,Population,PS,Persons,_T,Total,_T,Total,_Z,Not applicable,CITY,City,_Z,Not applicable,2024,,257744,,A,Normal value,0,Units,0,Zero
DATAFLOW,OECD.CFE.EDS:DSD_FUA_DEMO@DF_AGE_SEX(1.2),Population by age and sex - Cities and FUAs,I,CL015C,San Fernando,A,Annual,POP,Population,PS,Persons,_T,Total,_T,Total,_Z,Not applicable,CITY,City,_Z,Not applicable,2024,,75585,,A,Normal value,0,Units,0,Zero
DATAFLOW,OECD.CFE.EDS:DSD_FUA_DEMO@DF_AGE_SEX(1.2),Population by age and sex - Cities and FUAs,I,CL016C,Curicó,A,Annual,POP,Population,PS,Persons,_T,Total,_T,Total,_Z,Not applicable,CITY,City,_Z,Not applicable,2024,,159968,,A,Normal value,0,Units,0,Zero
DATAFLOW,OECD.CFE.EDS:DSD_FUA_DEMO@DF_AGE_SEX(1.2),Population by age and sex - Cities and FUAs,I,CL017C,Talca,A,Annual,POP,Population,PS,Persons,_T,Total,_T,Total,_Z,Not applicable,CITY,City,_Z,Not applicable,2024,,232131,,A,Normal value,0,Units,0,Zero
DATAFLOW,OECD.CFE.EDS:DSD_FUA_DEMO@DF_AGE_SEX(1.2),Population by age and sex - Cities and FUAs,I,CL018C,Linares,A,Annual,POP,Population,PS,Persons,_T,Total,_T,Total,_Z,Not applicable,CITY,City,_Z,Not applicable,2024,,96744,,A,Normal value,0,Units,0,Zero
DATAFLOW,OECD.CFE.EDS:DSD_FUA_DEMO@DF_AGE_SEX(1.2),Population by age and sex - Cities and FUAs,I,CL019C,Chillán,A,Annual,POP,Population,PS,Persons,_T,Total,_T,Total,_Z,Not applicable,CITY,City,_Z,Not applicable,2024,,223070,,A,Normal value,0,Units,0,Zero
DATAFLOW,OECD.CFE.EDS:DSD_FUA_DEMO@DF_AGE_SEX(1.2),Population by age and sex - Cities and FUAs,I,CL020C,Concepción,A,Annual,POP,Population,PS,Persons,_T,Total,_T,Total,_Z,Not applicable,CITY,City,_Z,Not applicable,2024,,465428,,A,Normal value,0,Units,0,Zero
DATAFLOW,OECD.CFE.EDS:DSD_FUA_DEMO@DF_AGE_SEX(1.2),Population by age and sex - Cities and FUAs,I,CL021C,Los Angeles,A,Annual,POP,Population,PS,Persons,_T,Total,_T,Total,_Z,Not applicable,CITY,City,_Z,Not applicable,2024,,219441,,A,Normal value,0,Units,0,Zero
DATAFLOW,OECD.CFE.EDS:DSD_FUA_DEMO@DF_AGE_SEX(1.2),Population by age and sex - Cities and FUAs,I,CL022C,Temuco,A,Annual,POP,Population,PS,Persons,_T,Total,_T,Total,_Z,Not applicable,CITY,City,_Z,Not applicable,2024,,373174,,A,Normal value,0,Units,0,Zero
DATAFLOW,OECD.CFE.EDS:DSD_FUA_DEMO@DF_AGE_SEX(1.2),Population by age and sex - Cities and FUAs,I,CL023C,Valdivia,A,Annual,POP,Population,PS,Persons,_T,Total,_T,Total,_Z,Not applicable,CITY,City,_Z,Not applicable,2024,,170043,,A,Normal value,0,Units,0,Zero
DATAFLOW,OECD.CFE.EDS:DSD_FUA_DEMO@DF_AGE_SEX(1.2),Population by age and sex - Cities and FUAs,I,CL024C,Osorno,A,Annual,POP,Population,PS,Persons,_T,Total,_T,Total,_Z,Not applicable,CITY,City,_Z,Not applicable,2024,,166455,,A,Normal value,0,Units,0,Zero
DATAFLOW,OECD.CFE.EDS:DSD_FUA_DEMO@DF_AGE_SEX(1.2),Population by age and sex - Cities and FUAs,I,CL025C,Puerto Montt,A,Annual,POP,Population,PS,Persons,_T,Total,_T,Total,_Z,Not applicable,CITY,City,_Z,Not applicable,2024,,277040,,A,Normal value,0,Units,0,Zero
DATAFLOW,OECD.CFE.EDS:DSD_FUA_DEMO@DF_AGE_SEX(1.2),Population by age and sex - Cities and FUAs,I,CL026C,Punta Arenas,A,Annual,POP,Population,PS,Persons,_T,Total,_T,Total,_Z,Not applicable,CITY,City,_Z,Not applicable,2024,,132363,,A,Normal value,0,Units,0,Zero
DATAFLOW,OECD.CFE.EDS:DSD_FUA_DEMO@DF_AGE_SEX(1.2),Population by age and sex - Cities and FUAs,I,CZ001C,Praha,A,Annual,POP,Population,PS,Persons,_T,Total,_T,Total,_Z,Not applicable,CITY,City,_Z,Not applicable,2024,,1384732,,A,Normal value,0,Units,0,Zero
DATAFLOW,OECD.CFE.EDS:DSD_FUA_DEMO@DF_AGE_SEX(1.2),Population by age and sex - Cities and FUAs,I,CZ012C,Kladno,A,Annual,POP,Population,PS,Persons,_T,Total,_T,Total,_Z,Not applicable,CITY,City,_Z,Not applicable,2024,,69078,,A,Normal value,0,Units,0,Zero
DATAFLOW,OECD.CFE.EDS:DSD_FUA_DEMO@DF_AGE_SEX(1.2),Population by age and sex - Cities and FUAs,I,CZ002C,Brno,A,Annual,POP,Population,PS,Persons,_T,Total,_T,Total,_Z,Not applicable,CITY,City,_Z,Not applicable,2024,,400566,,A,Normal value,0,Units,0,Zero
DATAFLOW,OECD.CFE.EDS:DSD_FUA_DEMO@DF_AGE_SEX(1.2),Population by age and sex - Cities and FUAs,I,CZ003C,Ostrava,A,Annual,POP,Population,PS,Persons,_T,Total,_T,Total,_Z,Not applicable,CITY,City,_Z,Not applicable,2024,,284765,,A,Normal value,0,Units,0,Zero
DATAFLOW,OECD.CFE.EDS:DSD_FUA_DEMO@DF_AGE_SEX(1.2),Population by age and sex - Cities and FUAs,I,CZ015C,Havířov,A,Annual,POP,Population,PS,Persons,_T,Total,_T,Total,_Z,Not applicable,CITY,City,_Z,Not applicable,2024,,69694,,A,Normal value,0,Units,0,Zero
DATAFLOW,OECD.CFE.EDS:DSD_FUA_DEMO@DF_AGE_SEX(1.2),Population by age and sex - Cities and FUAs,I,CZ004C,Plzeň,A,Annual,POP,Population,PS,Persons,_T,Total,_T,Total,_Z,Not applicable,CITY,City,_Z,Not applicable,2024,,185599,,A,Normal value,0,Units,0,Zero
DATAFLOW,OECD.CFE.EDS:DSD_FUA_DEMO@DF_AGE_SEX(1.2),Population by age and sex - Cities and FUAs,I,CZ005C,Ústí nad Labem,A,Annual,POP,Population,PS,Persons,_T,Total,_T,Total,_Z,Not applicable,CITY,City,_Z,Not applicable,2024,,91342,,A,Normal value,0,Units,0,Zero
DATAFLOW,OECD.CFE.EDS:DSD_FUA_DEMO@DF_AGE_SEX(1.2),Population by age and sex - Cities and FUAs,I,CZ006C,Olomouc,A,Annual,POP,Population,PS,Persons,_T,Total,_T,Total,_Z,Not applicable,CITY,City,_Z,Not applicable,2024,,102293,,A,Normal value,0,Units,0,Zero
DATAFLOW,OECD.CFE.EDS:DSD_FUA_DEMO@DF_AGE_SEX(1.2),Population by age and sex - Cities and FUAs,I,CZ007C,Liberec,A,Annual,POP,Population,PS,Persons,_T,Total,_T,Total,_Z,Not applicable,CITY,City,_Z,Not applicable,2024,,110382,,A,Normal value,0,Units,0,Zero
DATAFLOW,OECD.CFE.EDS:DSD_FUA_DEMO@DF_AGE_SEX(1.2),Population by age and sex - Cities and FUAs,I,CZ008C,České Budějovice,A,Annual,POP,Population,PS,Persons,_T,Total,_T,Total,_Z,Not applicable,CITY,City,_Z,Not applicable,2024,,97377,,A,Normal value,0,Units,0,Zero
DATAFLOW,OECD.CFE.EDS:DSD_FUA_DEMO@DF_AGE_SEX(1.2),Population by age and sex - Cities and FUAs,I,CZ009C,Hradec Králové,A,Annual,POP,Population,PS,Persons,_T,Total,_T,Total,_Z,Not applicable,CITY,City,_Z,Not applicable,2024,,93906,,A,Normal value,0,Units,0,Zero
DATAFLOW,OECD.CFE.EDS:DSD_FUA_DEMO@DF_AGE_SEX(1.2),Population by age and sex - Cities and FUAs,I,CZ010C,Pardubice,A,Annual,POP,Population,PS,Persons,_T,Total,_T,Total,_Z,Not applicable,CITY,City,_Z,Not applicable,2024,,92362,,A,Normal value,0,Units,0,Zero
DATAFLOW,OECD.CFE.EDS:DSD_FUA_DEMO@DF_AGE_SEX(1.2),Population by age and sex - Cities and FUAs,I,CZ016C,Most,A,Annual,POP,Population,PS,Persons,_T,Total,_T,Total,_Z,Not applicable,CITY,City,_Z,Not applicable,2024,,63882,,A,Normal value,0,Units,0,Zero
DATAFLOW,OECD.CFE.EDS:DSD_FUA_DEMO@DF_AGE_SEX(1.2),Population by age and sex - Cities and FUAs,I,CZ018C,Chomutov-Jirkov,A,Annual,POP,Population,PS,Persons,_T,Total,_T,Total,_Z,Not applicable,CITY,City,_Z,Not applicable,2024,,67060,,A,Normal value,0,Units,0,Zero
DATAFLOW,OECD.CFE.EDS:DSD_FUA_DEMO@DF_AGE_SEX(1.2),Population by age and sex - Cities and FUAs,I,DE001C,Berlin,A,Annual,POP,Population,PS,Persons,_T,Total,_T,Total,_Z,Not applicable,CITY,City,_Z,Not applicable,2024,,3662381,,A,Normal value,0,Units,0,Zero
DATAFLOW,OECD.CFE.EDS:DSD_FUA_DEMO@DF_AGE_SEX(1.2),Population by age and sex - Cities and FUAs,I,DE038C,Potsdam,A,Annual,POP,Population,PS,Persons,_T,Total,_T,Total,_Z,Not applicable,CITY,City,_Z,Not applicable,2024,,184290,,A,Normal value,0,Units,0,Zero
DATAFLOW,OECD.CFE.EDS:DSD_FUA_DEMO@DF_AGE_SEX(1.2),Population by age and sex - Cities and FUAs,I,DE002C,Hamburg,A,Annual,POP,Population,PS,Persons,_T,Total,_T,Total,_Z,Not applicable,CITY,City,_Z,Not applicable,2024,,1851596,,A,Normal value,0,Units,0,Zero
DATAFLOW,OECD.CFE.EDS:DSD_FUA_DEMO@DF_AGE_SEX(1.2),Population by age and sex - Cities and FUAs,I,DE003C,München,A,Annual,POP,Population,PS,Persons,_T,Total,_T,Total,_Z,Not applicable,CITY,City,_Z,Not applicable,2024,,1488719,,A,Normal value,0,Units,0,Zero
DATAFLOW,OECD.CFE.EDS:DSD_FUA_DEMO@DF_AGE_SEX(1.2),Population by age and sex - Cities and FUAs,I,DE004C,Köln,A,Annual,POP,Population,PS,Persons,_T,Total,_T,Total,_Z,Not applicable,CITY,City,_Z,Not applicable,2024,,1024408,,A,Normal value,0,Units,0,Zero
DATAFLOW,OECD.CFE.EDS:DSD_FUA_DEMO@DF_AGE_SEX(1.2),Population by age and sex - Cities and FUAs,I,DE097C,Leverkusen,A,Annual,POP,Population,PS,Persons,_T,Total,_T,Total,_Z,Not applicable,CITY,City,_Z,Not applicable,2024,,167850,,A,Normal value,0,Units,0,Zero
DATAFLOW,OECD.CFE.EDS:DSD_FUA_DEMO@DF_AGE_SEX(1.2),Population by age and sex - Cities and FUAs,I,DE119C,Bergisch Gladbach,A,Annual,POP,Population,PS,Persons,_T,Total,_T,Total,_Z,Not applicable,CITY,City,_Z,Not applicable,2024,,111003,,A,Normal value,0,Units,0,Zero
DATAFLOW,OECD.CFE.EDS:DSD_FUA_DEMO@DF_AGE_SEX(1.2),Population by age and sex - Cities and FUAs,I,DE005C,Frankfurt am Main,A,Annual,POP,Population,PS,Persons,_T,Total,_T,Total,_Z,Not applicable,CITY,City,_Z,Not applicable,2024,,749596,,A,Normal value,0,Units,0,Zero
DATAFLOW,OECD.CFE.EDS:DSD_FUA_DEMO@DF_AGE_SEX(1.2),Population by age and sex - Cities and FUAs,I,DE044C,Hanau,A,Annual,POP,Population,PS,Persons,_T,Total,_T,Total,_Z,Not applicable,CITY,City,_Z,Not applicable,2024,,96786,,A,Normal value,0,Units,0,Zero
DATAFLOW,OECD.CFE.EDS:DSD_FUA_DEMO@DF_AGE_SEX(1.2),Population by age and sex - Cities and FUAs,I,DE109C,Offenbach am Main,A,Annual,POP,Population,PS,Persons,_T,Total,_T,Total,_Z,Not applicable,CITY,City,_Z,Not applicable,2024,,131845,,A,Normal value,0,Units,0,Zero
DATAFLOW,OECD.CFE.EDS:DSD_FUA_DEMO@DF_AGE_SEX(1.2),Population by age and sex - Cities and FUAs,I,DE006C,Essen,A,Annual,POP,Population,PS,Persons,_T,Total,_T,Total,_Z,Not applicable,CITY,City,_Z,Not applicable,2024,,574082,,A,Normal value,0,Units,0,Zero
DATAFLOW,OECD.CFE.EDS:DSD_FUA_DEMO@DF_AGE_SEX(1.2),Population by age and sex - Cities and FUAs,I,DE021C,Mülheim a.d.Ruhr,A,Annual,POP,Population,PS,Persons,_T,Total,_T,Total,_Z,Not applicable,CITY,City,_Z,Not applicable,2024,,172887,,A,Normal value,0,Units,0,Zero
DATAFLOW,OECD.CFE.EDS:DSD_FUA_DEMO@DF_AGE_SEX(1.2),Population by age and sex - Cities and FUAs,I,DE082C,Gelsenkirchen,A,Annual,POP,Population,PS,Persons,_T,Total,_T,Total,_Z,Not applicable,CITY,City,_Z,Not applicable,2024,,267284,,A,Normal value,0,Units,0,Zero
DATAFLOW,OECD.CFE.EDS:DSD_FUA_DEMO@DF_AGE_SEX(1.2),Population by age and sex - Cities and FUAs,I,DE088C,Oberhausen,A,Annual,POP,Population,PS,Persons,_T,Total,_T,Total,_Z,Not applicable,CITY,City,_Z,Not applicable,2024,,213510,,A,Normal value,0,Units,0,Zero
DATAFLOW,OECD.CFE.EDS:DSD_FUA_DEMO@DF_AGE_SEX(1.2),Population by age and sex - Cities and FUAs,I,DE103C,Recklinghausen,A,Annual,POP,Population,PS,Persons,_T,Total,_T,Total,_Z,Not applicable,CITY,City,_Z,Not applicable,2024,,115396,,A,Normal value,0,Units,0,Zero
DATAFLOW,OECD.CFE.EDS:DSD_FUA_DEMO@DF_AGE_SEX(1.2),Population by age and sex - Cities and FUAs,I,DE106C,Bottrop,A,Annual,POP,Population,PS,Persons,_T,Total,_T,Total,_Z,Not applicable,CITY,City,_Z,Not applicable,2024,,118912,,A,Normal value,0,Units,0,Zero
DATAFLOW,OECD.CFE.EDS:DSD_FUA_DEMO@DF_AGE_SEX(1.2),Population by age and sex - Cities and FUAs,I,DE007C,Stuttgart,A,Annual,POP,Population,PS,Persons,_T,Total,_T,Total,_Z,Not applicable,CITY,City,_Z,Not applicable,2024,,613111,,A,Normal value,0,Units,0,Zero
DATAFLOW,OECD.CFE.EDS:DSD_FUA_DEMO@DF_AGE_SEX(1.2),Population by age and sex - Cities and FUAs,I,DE043C,Esslingen am Neckar,A,Annual,POP,Population,PS,Persons,_T,Total,_T,Total,_Z,Not applicable,CITY,City,_Z,Not applicable,2024,,147215,,A,Normal value,0,Units,0,Zero
DATAFLOW,OECD.CFE.EDS:DSD_FUA_DEMO@DF_AGE_SEX(1.2),Population by age and sex - Cities and FUAs,I,DE046C,Ludwigsburg,A,Annual,POP,Population,PS,Persons,_T,Total,_T,Total,_Z,Not applicable,CITY,City,_Z,Not applicable,2024,,117175,,A,Normal value,0,Units,0,Zero
DATAFLOW,OECD.CFE.EDS:DSD_FUA_DEMO@DF_AGE_SEX(1.2),Population by age and sex - Cities and FUAs,I,DE065C,Sindelfingen,A,Annual,POP,Population,PS,Persons,_T,Total,_T,Total,_Z,Not applicable,CITY,City,_Z,Not applicable,2024,,61296,,A,Normal value,0,Units,0,Zero
DATAFLOW,OECD.CFE.EDS:DSD_FUA_DEMO@DF_AGE_SEX(1.2),Population by age and sex - Cities and FUAs,I,DE008C,Leipzig,A,Annual,POP,Population,PS,Persons,_T,Total,_T,Total,_Z,Not applicable,CITY,City,_Z,Not applicable,2024,,608013,,A,Normal value,0,Units,0,Zero
DATAFLOW,OECD.CFE.EDS:DSD_FUA_DEMO@DF_AGE_SEX(1.2),Population by age and sex - Cities and FUAs,I,DE009C,Dresden,A,Annual,POP,Population,PS,Persons,_T,Total,_T,Total,_Z,Not applicable,CITY,City,_Z,Not applicable,2024,,563019,,A,Normal value,0,Units,0,Zero
DATAFLOW,OECD.CFE.EDS:DSD_FUA_DEMO@DF_AGE_SEX(1.2),Population by age and sex - Cities and FUAs,I,DE010C,Dortmund,A,Annual,POP,Population,PS,Persons,_T,Total,_T,Total,_Z,Not applicable,CITY,City,_Z,Not applicable,2024,,601343,,A,Normal value,0,Units,0,Zero
DATAFLOW,OECD.CFE.EDS:DSD_FUA_DEMO@DF_AGE_SEX(1.2),Population by age and sex - Cities and FUAs,I,DE011C,Düsseldorf,A,Annual,POP,Population,PS,Persons,_T,Total,_T,Total,_Z,Not applicable,CITY,City,_Z,Not applicable,2024,,616319,,A,Normal value,0,Units,0,Zero
DATAFLOW,OECD.CFE.EDS:DSD_FUA_DEMO@DF_AGE_SEX(1.2),Population by age and sex - Cities and FUAs,I,DE094C,Solingen,A,Annual,POP,Population,PS,Persons,_T,Total,_T,Total,_Z,Not applicable,CITY,City,_Z,Not applicable,2024,,166078,,A,Normal value,0,Units,0,Zero
DATAFLOW,OECD.CFE.EDS:DSD_FUA_DEMO@DF_AGE_SEX(1.2),Population by age and sex - Cities and FUAs,I,DE099C,Neuss,A,Annual,POP,Population,PS,Persons,_T,Total,_T,Total,_Z,Not applicable,CITY,City,_Z,Not applicable,2024,,154712,,A,Normal value,0,Units,0,Zero
DATAFLOW,OECD.CFE.EDS:DSD_FUA_DEMO@DF_AGE_SEX(1.2),Population by age and sex - Cities and FUAs,I,DE012C,Bremen,A,Annual,POP,Population,PS,Persons,_T,Total,_T,Total,_Z,Not applicable,CITY,City,_Z,Not applicable,2024,,584332,,A,Normal value,0,Units,0,Zero
DATAFLOW,OECD.CFE.EDS:DSD_FUA_DEMO@DF_AGE_SEX(1.2),Population by age and sex - Cities and FUAs,I,DE013C,Hannover,A,Annual,POP,Population,PS,Persons,_T,Total,_T,Total,_Z,Not applicable,CITY,City,_Z,Not applicable,2024,,520290,,A,Normal value,0,Units,0,Zero
DATAFLOW,OECD.CFE.EDS:DSD_FUA_DEMO@DF_AGE_SEX(1.2),Population by age and sex - Cities and FUAs,I,DE014C,Nürnberg,A,Annual,POP,Population,PS,Persons,_T,Total,_T,Total,_Z,Not applicable,CITY,City,_Z,Not applicable,2024,,526606,,A,Normal value,0,Units,0,Zero
DATAFLOW,OECD.CFE.EDS:DSD_FUA_DEMO@DF_AGE_SEX(1.2),Population by age and sex - Cities and FUAs,I,DE116C,Fürth,A,Annual,POP,Population,PS,Persons,_T,Total,_T,Total,_Z,Not applicable,CITY,City,_Z,Not applicable,2024,,131712,,A,Normal value,0,Units,0,Zero
DATAFLOW,OECD.CFE.EDS:DSD_FUA_DEMO@DF_AGE_SEX(1.2),Population by age and sex - Cities and FUAs,I,DE123C,Erlangen,A,Annual,POP,Population,PS,Persons,_T,Total,_T,Total,_Z,Not applicable,CITY,City,_Z,Not applicable,2024,,115314,,A,Normal value,0,Units,0,Zero
DATAFLOW,OECD.CFE.EDS:DSD_FUA_DEMO@DF_AGE_SEX(1.2),Population by age and sex - Cities and FUAs,I,DE015C,Bochum,A,Annual,POP,Population,PS,Persons,_T,Total,_T,Total,_Z,Not applicable,CITY,City,_Z,Not applicable,2024,,357024,,A,Normal value,0,Units,0,Zero
DATAFLOW,OECD.CFE.EDS:DSD_FUA_DEMO@DF_AGE_SEX(1.2),Population by age and sex - Cities and FUAs,I,DE093C,Herne,A,Annual,POP,Population,PS,Persons,_T,Total,_T,Total,_Z,Not applicable,CITY,City,_Z,Not applicable,2024,,156154,,A,Normal value,0,Units,0,Zero
DATAFLOW,OECD.CFE.EDS:DSD_FUA_DEMO@DF_AGE_SEX(1.2),Population by age and sex - Cities and FUAs,I,DE121C,Witten,A,Annual,POP,Population,PS,Persons,_T,Total,_T,Total,_Z,Not applicable,CITY,City,_Z,Not applicable,2024,,92037,,A,Normal value,0,Units,0,Zero
DATAFLOW,OECD.CFE.EDS:DSD_FUA_DEMO@DF_AGE_SEX(1.2),Population by age and sex - Cities and FUAs,I,DE016C,Bielefeld,A,Annual,POP,Population,PS,Persons,_T,Total,_T,Total,_Z,Not applicable,CITY,City,_Z,Not applicable,2024,,331519,,A,Normal value,0,Units,0,Zero
DATAFLOW,OECD.CFE.EDS:DSD_FUA_DEMO@DF_AGE_SEX(1.2),Population by age and sex - Cities and FUAs,I,DE017C,Halle an der Saale,A,Annual,POP,Population,PS,Persons,_T,Total,_T,Total,_Z,Not applicable,CITY,City,_Z,Not applicable,2024,,227639,,A,Normal value,0,Units,0,Zero
DATAFLOW,OECD.CFE.EDS:DSD_FUA_DEMO@DF_AGE_SEX(1.2),Population by age and sex - Cities and FUAs,I,DE018C,Magdeburg,A,Annual,POP,Population,PS,Persons,_T,Total,_T,Total,_Z,Not applicable,CITY,City,_Z,Not applicable,2024,,242491,,A,Normal value,0,Units,0,Zero
DATAFLOW,OECD.CFE.EDS:DSD_FUA_DEMO@DF_AGE_SEX(1.2),Population by age and sex - Cities and FUAs,I,DE019C,Wiesbaden,A,Annual,POP,Population,PS,Persons,_T,Total,_T,Total,_Z,Not applicable,CITY,City,_Z,Not applicable,2024,,287241,,A,Normal value,0,Units,0,Zero
DATAFLOW,OECD.CFE.EDS:DSD_FUA_DEMO@DF_AGE_SEX(1.2),Population by age and sex - Cities and FUAs,I,DE020C,Göttingen,A,Annual,POP,Population,PS,Persons,_T,Total,_T,Total,_Z,Not applicable,CITY,City,_Z,Not applicable,2024,,126968,,A,Normal value,0,Units,0,Zero
DATAFLOW,OECD.CFE.EDS:DSD_FUA_DEMO@DF_AGE_SEX(1.2),Population by age and sex - Cities and FUAs,I,DE023C,Darmstadt,A,Annual,POP,Population,PS,Persons,_T,Total,_T,Total,_Z,Not applicable,CITY,City,_Z,Not applicable,2024,,164832,,A,Normal value,0,Units,0,Zero
DATAFLOW,OECD.CFE.EDS:DSD_FUA_DEMO@DF_AGE_SEX(1.2),Population by age and sex - Cities and FUAs,I,DE024C,Trier,A,Annual,POP,Population,PS,Persons,_T,Total,_T,Total,_Z,Not applicable,CITY,City,_Z,Not applicable,2024,,103986,,A,Normal value,0,Units,0,Zero
DATAFLOW,OECD.CFE.EDS:DSD_FUA_DEMO@DF_AGE_SEX(1.2),Population by age and sex - Cities and FUAs,I,DE025C,Freiburg im Breisgau,A,Annual,POP,Population,PS,Persons,_T,Total,_T,Total,_Z,Not applicable,CITY,City,_Z,Not applicable,2024,,236236,,A,Normal value,0,Units,0,Zero
DATAFLOW,OECD.CFE.EDS:DSD_FUA_DEMO@DF_AGE_SEX(1.2),Population by age and sex - Cities and FUAs,I,DE026C,Regensburg,A,Annual,POP,Population,PS,Persons,_T,Total,_T,Total,_Z,Not applicable,CITY,City,_Z,Not applicable,2024,,149664,,A,Normal value,0,Units,0,Zero
DATAFLOW,OECD.CFE.EDS:DSD_FUA_DEMO@DF_AGE_SEX(1.2),Population by age and sex - Cities and FUAs,I,DE027C,Frankfurt (Oder),A,Annual,POP,Population,PS,Persons,_T,Total,_T,Total,_Z,Not applicable,CITY,City,_Z,Not applicable,2024,,57065,,A,Normal value,0,Units,0,Zero
DATAFLOW,OECD.CFE.EDS:DSD_FUA_DEMO@DF_AGE_SEX(1.2),Population by age and sex - Cities and FUAs,I,DE029C,Schwerin,A,Annual,POP,Population,PS,Persons,_T,Total,_T,Total,_Z,Not applicable,CITY,City,_Z,Not applicable,2024,,97850,,A,Normal value,0,Units,0,Zero
DATAFLOW,OECD.CFE.EDS:DSD_FUA_DEMO@DF_AGE_SEX(1.2),Population by age and sex - Cities and FUAs,I,DE030C,Erfurt,A,Annual,POP,Population,PS,Persons,_T,Total,_T,Total,_Z,Not applicable,CITY,City,_Z,Not applicable,2024,,219549,,A,Normal value,0,Units,0,Zero
DATAFLOW,OECD.CFE.EDS:DSD_FUA_DEMO@DF_AGE_SEX(1.2),Population by age and sex - Cities and FUAs,I,DE031C,Augsburg,A,Annual,POP,Population,PS,Persons,_T,Total,_T,Total,_Z,Not applicable,CITY,City,_Z,Not applicable,2024,,298972,,A,Normal value,0,Units,0,Zero
DATAFLOW,OECD.CFE.EDS:DSD_FUA_DEMO@DF_AGE_SEX(1.2),Population by age and sex - Cities and FUAs,I,DE032C,Bonn,A,Annual,POP,Population,PS,Persons,_T,Total,_T,Total,_Z,Not applicable,CITY,City,_Z,Not applicable,2024,,321680,,A,Normal value,0,Units,0,Zero
DATAFLOW,OECD.CFE.EDS:DSD_FUA_DEMO@DF_AGE_SEX(1.2),Population by age and sex - Cities and FUAs,I,DE072C,Sankt Augustin,A,Annual,POP,Population,PS,Persons,_T,Total,_T,Total,_Z,Not applicable,CITY,City,_Z,Not applicable,2024,,56568,,A,Normal value,0,Units,0,Zero
DATAFLOW,OECD.CFE.EDS:DSD_FUA_DEMO@DF_AGE_SEX(1.2),Population by age and sex - Cities and FUAs,I,DE033C,Karlsruhe,A,Annual,POP,Population,PS,Persons,_T,Total,_T,Total,_Z,Not applicable,CITY,City,_Z,Not applicable,2024,,308197,,A,Normal value,0,Units,0,Zero
DATAFLOW,OECD.CFE.EDS:DSD_FUA_DEMO@DF_AGE_SEX(1.2),Population by age and sex - Cities and FUAs,I,DE034C,Mönchengladbach,A,Annual,POP,Population,PS,Persons,_T,Total,_T,Total,_Z,Not applicable,CITY,City,_Z,Not applicable,2024,,267667,,A,Normal value,0,Units,0,Zero
DATAFLOW,OECD.CFE.EDS:DSD_FUA_DEMO@DF_AGE_SEX(1.2),Population by age and sex - Cities and FUAs,I,DE035C,Mainz,A,Annual,POP,Population,PS,Persons,_T,Total,_T,Total,_Z,Not applicable,CITY,City,_Z,Not applicable,2024,,223871,,A,Normal value,0,Units,0,Zero
DATAFLOW,OECD.CFE.EDS:DSD_FUA_DEMO@DF_AGE_SEX(1.2),Population by age and sex - Cities and FUAs,I,DE036C,Kiel,A,Annual,POP,Population,PS,Persons,_T,Total,_T,Total,_Z,Not applicable,CITY,City,_Z,Not applicable,2024,,251751,,A,Normal value,0,Units,0,Zero
DATAFLOW,OECD.CFE.EDS:DSD_FUA_DEMO@DF_AGE_SEX(1.2),Population by age and sex - Cities and FUAs,I,DE037C,Saarbrücken,A,Annual,POP,Population,PS,Persons,_T,Total,_T,Total,_Z,Not applicable,CITY,City,_Z,Not applicable,2024,,181982,,A,Normal value,0,Units,0,Zero
DATAFLOW,OECD.CFE.EDS:DSD_FUA_DEMO@DF_AGE_SEX(1.2),Population by age and sex - Cities and FUAs,I,DE039C,Koblenz,A,Annual,POP,Population,PS,Persons,_T,Total,_T,Total,_Z,Not applicable,CITY,City,_Z,Not applicable,2024,,113346,,A,Normal value,0,Units,0,Zero
DATAFLOW,OECD.CFE.EDS:DSD_FUA_DEMO@DF_AGE_SEX(1.2),Population by age and sex - Cities and FUAs,I,DE040C,Rostock,A,Annual,POP,Population,PS,Persons,_T,Total,_T,Total,_Z,Not applicable,CITY,City,_Z,Not applicable,2024,,204948,,A,Normal value,0,Units,0,Zero
DATAFLOW,OECD.CFE.EDS:DSD_FUA_DEMO@DF_AGE_SEX(1.2),Population by age and sex - Cities and FUAs,I,DE041C,Kaiserslautern,A,Annual,POP,Population,PS,Persons,_T,Total,_T,Total,_Z,Not applicable,CITY,City,_Z,Not applicable,2024,,100571,,A,Normal value,0,Units,0,Zero
DATAFLOW,OECD.CFE.EDS:DSD_FUA_DEMO@DF_AGE_SEX(1.2),Population by age and sex - Cities and FUAs,I,DE042C,Iserlohn,A,Annual,POP,Population,PS,Persons,_T,Total,_T,Total,_Z,Not applicable,CITY,City,_Z,Not applicable,2024,,91884,,A,Normal value,0,Units,0,Zero
DATAFLOW,OECD.CFE.EDS:DSD_FUA_DEMO@DF_AGE_SEX(1.2),Population by age and sex - Cities and FUAs,I,DE047C,Tübingen,A,Annual,POP,Population,PS,Persons,_T,Total,_T,Total,_Z,Not applicable,CITY,City,_Z,Not applicable,2024,,91763,,A,Normal value,0,Units,0,Zero
DATAFLOW,OECD.CFE.EDS:DSD_FUA_DEMO@DF_AGE_SEX(1.2),Population by age and sex - Cities and FUAs,I,DE049C,Flensburg,A,Annual,POP,Population,PS,Persons,_T,Total,_T,Total,_Z,Not applicable,CITY,City,_Z,Not applicable,2024,,96431,,A,Normal value,0,Units,0,Zero
DATAFLOW,OECD.CFE.EDS:DSD_FUA_DEMO@DF_AGE_SEX(1.2),Population by age and sex - Cities and FUAs,I,DE051C,Konstanz,A,Annual,POP,Population,PS,Persons,_T,Total,_T,Total,_Z,Not applicable,CITY,City,_Z,Not applicable,2024,,86898,,A,Normal value,0,Units,0,Zero
DATAFLOW,OECD.CFE.EDS:DSD_FUA_DEMO@DF_AGE_SEX(1.2),Population by age and sex - Cities and FUAs,I,DE052C,Neumünster,A,Annual,POP,Population,PS,Persons,_T,Total,_T,Total,_Z,Not applicable,CITY,City,_Z,Not applicable,2024,,79461,,A,Normal value,0,Units,0,Zero
DATAFLOW,OECD.CFE.EDS:DSD_FUA_DEMO@DF_AGE_SEX(1.2),Population by age and sex - Cities and FUAs,I,DE054C,Gießen,A,Annual,POP,Population,PS,Persons,_T,Total,_T,Total,_Z,Not applicable,CITY,City,_Z,Not applicable,2024,,88933,,A,Normal value,0,Units,0,Zero
DATAFLOW,OECD.CFE.EDS:DSD_FUA_DEMO@DF_AGE_SEX(1.2),Population by age and sex - Cities and FUAs,I,DE055C,Lüneburg,A,Annual,POP,Population,PS,Persons,_T,Total,_T,Total,_Z,Not applicable,CITY,City,_Z,Not applicable,2024,,74577,,A,Normal value,0,Units,0,Zero
DATAFLOW,OECD.CFE.EDS:DSD_FUA_DEMO@DF_AGE_SEX(1.2),Population by age and sex - Cities and FUAs,I,DE056C,Bayreuth,A,Annual,POP,Population,PS,Persons,_T,Total,_T,Total,_Z,Not applicable,CITY,City,_Z,Not applicable,2024,,73074,,A,Normal value,0,Units,0,Zero
DATAFLOW,OECD.CFE.EDS:DSD_FUA_DEMO@DF_AGE_SEX(1.2),Population by age and sex - Cities and FUAs,I,DE058C,Aschaffenburg,A,Annual,POP,Population,PS,Persons,_T,Total,_T,Total,_Z,Not applicable,CITY,City,_Z,Not applicable,2024,,72554,,A,Normal value,0,Units,0,Zero
DATAFLOW,OECD.CFE.EDS:DSD_FUA_DEMO@DF_AGE_SEX(1.2),Population by age and sex - Cities and FUAs,I,DE059C,Bamberg,A,Annual,POP,Population,PS,Persons,_T,Total,_T,Total,_Z,Not applicable,CITY,City,_Z,Not applicable,2024,,75087,,A,Normal value,0,Units,0,Zero
DATAFLOW,OECD.CFE.EDS:DSD_FUA_DEMO@DF_AGE_SEX(1.2),Population by age and sex - Cities and FUAs,I,DE060C,Plauen,A,Annual,POP,Population,PS,Persons,_T,Total,_T,Total,_Z,Not applicable,CITY,City,_Z,Not applicable,2024,,65954,,A,Normal value,0,Units,0,Zero
DATAFLOW,OECD.CFE.EDS:DSD_FUA_DEMO@DF_AGE_SEX(1.2),Population by age and sex - Cities and FUAs,I,DE063C,Kempten (Allgäu),A,Annual,POP,Population,PS,Persons,_T,Total,_T,Total,_Z,Not applicable,CITY,City,_Z,Not applicable,2024,,65933,,A,Normal value,0,Units,0,Zero
DATAFLOW,OECD.CFE.EDS:DSD_FUA_DEMO@DF_AGE_SEX(1.2),Population by age and sex - Cities and FUAs,I,DE064C,Landshut,A,Annual,POP,Population,PS,Persons,_T,Total,_T,Total,_Z,Not applicable,CITY,City,_Z,Not applicable,2024,,68741,,A,Normal value,0,Units,0,Zero
DATAFLOW,OECD.CFE.EDS:DSD_FUA_DEMO@DF_AGE_SEX(1.2),Population by age and sex - Cities and FUAs,I,DE066C,Rosenheim,A,Annual,POP,Population,PS,Persons,_T,Total,_T,Total,_Z,Not applicable,CITY,City,_Z,Not applicable,2024,,64453,,A,Normal value,0,Units,0,Zero
DATAFLOW,OECD.CFE.EDS:DSD_FUA_DEMO@DF_AGE_SEX(1.2),Population by age and sex - Cities and FUAs,I,DE071C,Görlitz,A,Annual,POP,Population,PS,Persons,_T,Total,_T,Total,_Z,Not applicable,CITY,City,_Z,Not applicable,2024,,55395,,A,Normal value,0,Units,0,Zero
DATAFLOW,OECD.CFE.EDS:DSD_FUA_DEMO@DF_AGE_SEX(1.2),Population by age and sex - Cities and FUAs,I,DE074C,Schweinfurt,A,Annual,POP,Population,PS,Persons,_T,Total,_T,Total,_Z,Not applicable,CITY,City,_Z,Not applicable,2024,,53938,,A,Normal value,0,Units,0,Zero
DATAFLOW,OECD.CFE.EDS:DSD_FUA_DEMO@DF_AGE_SEX(1.2),Population by age and sex - Cities and FUAs,I,DE022C,Moers,A,Annual,POP,Population,PS,Persons,_T,Total,_T,Total,_Z,Not applicable,CITY,City,_Z,Not applicable,2024,,101601,,A,Normal value,0,Units,0,Zero
DATAFLOW,OECD.CFE.EDS:DSD_FUA_DEMO@DF_AGE_SEX(1.2),Population by age and sex - Cities and FUAs,I,DE080C,Duisburg,A,Annual,POP,Population,PS,Persons,_T,Total,_T,Total,_Z,Not applicable,CITY,City,_Z,Not applicable,2024,,503185,,A,Normal value,0,Units,0,Zero
DATAFLOW,OECD.CFE.EDS:DSD_FUA_DEMO@DF_AGE_SEX(1.2),Population by age and sex - Cities and FUAs,I,DE067C,Frankenthal (Pfalz),A,Annual,POP,Population,PS,Persons,_T,Total,_T,Total,_Z,Not applicable,CITY,City,_Z,Not applicable,2024,,48107,,A,Normal value,0,Units,0,Zero
DATAFLOW,OECD.CFE.EDS:DSD_FUA_DEMO@DF_AGE_SEX(1.2),Population by age and sex - Cities and FUAs,I,DE081C,Mannheim,A,Annual,POP,Population,PS,Persons,_T,Total,_T,Total,_Z,Not applicable,CITY,City,_Z,Not applicable,2024,,316256,,A,Normal value,0,Units,0,Zero
DATAFLOW,OECD.CFE.EDS:DSD_FUA_DEMO@DF_AGE_SEX(1.2),Population by age and sex - Cities and FUAs,I,DE096C,Ludwigshafen am Rhein,A,Annual,POP,Population,PS,Persons,_T,Total,_T,Total,_Z,Not applicable,CITY,City,_Z,Not applicable,2024,,175816,,A,Normal value,0,Units,0,Zero
DATAFLOW,OECD.CFE.EDS:DSD_FUA_DEMO@DF_AGE_SEX(1.2),Population by age and sex - Cities and FUAs,I,DE083C,Münster,A,Annual,POP,Population,PS,Persons,_T,Total,_T,Total,_Z,Not applicable,CITY,City,_Z,Not applicable,2024,,307071,,A,Normal value,0,Units,0,Zero
DATAFLOW,OECD.CFE.EDS:DSD_FUA_DEMO@DF_AGE_SEX(1.2),Population by age and sex - Cities and FUAs,I,DE084C,Chemnitz,A,Annual,POP,Population,PS,Persons,_T,Total,_T,Total,_Z,Not applicable,CITY,City,_Z,Not applicable,2024,,245150,,A,Normal value,0,Units,0,Zero
DATAFLOW,OECD.CFE.EDS:DSD_FUA_DEMO@DF_AGE_SEX(1.2),Population by age and sex - Cities and FUAs,I,DE085C,Braunschweig,A,Annual,POP,Population,PS,Persons,_T,Total,_T,Total,_Z,Not applicable,CITY,City,_Z,Not applicable,2024,,253527,,A,Normal value,0,Units,0,Zero
DATAFLOW,OECD.CFE.EDS:DSD_FUA_DEMO@DF_AGE_SEX(1.2),Population by age and sex - Cities and FUAs,I,DE086C,Aachen,A,Annual,POP,Population,PS,Persons,_T,Total,_T,Total,_Z,Not applicable,CITY,City,_Z,Not applicable,2024,,261134,,A,Normal value,0,Units,0,Zero
DATAFLOW,OECD.CFE.EDS:DSD_FUA_DEMO@DF_AGE_SEX(1.2),Population by age and sex - Cities and FUAs,I,DE087C,Krefeld,A,Annual,POP,Population,PS,Persons,_T,Total,_T,Total,_Z,Not applicable,CITY,City,_Z,Not applicable,2024,,230393,,A,Normal value,0,Units,0,Zero
DATAFLOW,OECD.CFE.EDS:DSD_FUA_DEMO@DF_AGE_SEX(1.2),Population by age and sex - Cities and FUAs,I,DE089C,Lübeck,A,Annual,POP,Population,PS,Persons,_T,Total,_T,Total,_Z,Not applicable,CITY,City,_Z,Not applicable,2024,,217061,,A,Normal value,0,Units,0,Zero
DATAFLOW,OECD.CFE.EDS:DSD_FUA_DEMO@DF_AGE_SEX(1.2),Population by age and sex - Cities and FUAs,I,DE090C,Hagen,A,Annual,POP,Population,PS,Persons,_T,Total,_T,Total,_Z,Not applicable,CITY,City,_Z,Not applicable,2024,,190640,,A,Normal value,0,Units,0,Zero
DATAFLOW,OECD.CFE.EDS:DSD_FUA_DEMO@DF_AGE_SEX(1.2),Population by age and sex - Cities and FUAs,I,DE091C,Kassel,A,Annual,POP,Population,PS,Persons,_T,Total,_T,Total,_Z,Not applicable,CITY,City,_Z,Not applicable,2024,,197065,,A,Normal value,0,Units,0,Zero
DATAFLOW,OECD.CFE.EDS:DSD_FUA_DEMO@DF_AGE_SEX(1.2),Population by age and sex - Cities and FUAs,I,DE092C,Hamm,A,Annual,POP,Population,PS,Persons,_T,Total,_T,Total,_Z,Not applicable,CITY,City,_Z,Not applicable,2024,,179380,,A,Normal value,0,Units,0,Zero
DATAFLOW,OECD.CFE.EDS:DSD_FUA_DEMO@DF_AGE_SEX(1.2),Population by age and sex - Cities and FUAs,I,DE095C,Osnabrück,A,Annual,POP,Population,PS,Persons,_T,Total,_T,Total,_Z,Not applicable,CITY,City,_Z,Not applicable,2024,,165686,,A,Normal value,0,Units,0,Zero
DATAFLOW,OECD.CFE.EDS:DSD_FUA_DEMO@DF_AGE_SEX(1.2),Population by age and sex - Cities and FUAs,I,DE098C,Oldenburg (Oldenburg),A,Annual,POP,Population,PS,Persons,_T,Total,_T,Total,_Z,Not applicable,CITY,City,_Z,Not applicable,2024,,176242,,A,Normal value,0,Units,0,Zero
DATAFLOW,OECD.CFE.EDS:DSD_FUA_DEMO@DF_AGE_SEX(1.2),Population by age and sex - Cities and FUAs,I,DE100C,Heidelberg,A,Annual,POP,Population,PS,Persons,_T,Total,_T,Total,_Z,Not applicable,CITY,City,_Z,Not applicable,2024,,155175,,A,Normal value,0,Units,0,Zero
DATAFLOW,OECD.CFE.EDS:DSD_FUA_DEMO@DF_AGE_SEX(1.2),Population by age and sex - Cities and FUAs,I,DE101C,Paderborn,A,Annual,POP,Population,PS,Persons,_T,Total,_T,Total,_Z,Not applicable,CITY,City,_Z,Not applicable,2024,,156887,,A,Normal value,0,Units,0,Zero
DATAFLOW,OECD.CFE.EDS:DSD_FUA_DEMO@DF_AGE_SEX(1.2),Population by age and sex - Cities and FUAs,I,DE102C,Würzburg,A,Annual,POP,Population,PS,Persons,_T,Total,_T,Total,_Z,Not applicable,CITY,City,_Z,Not applicable,2024,,131759,,A,Normal value,0,Units,0,Zero
DATAFLOW,OECD.CFE.EDS:DSD_FUA_DEMO@DF_AGE_SEX(1.2),Population by age and sex - Cities and FUAs,I,DE104C,Wolfsburg,A,Annual,POP,Population,PS,Persons,_T,Total,_T,Total,_Z,Not applicable,CITY,City,_Z,Not applicable,2024,,129347,,A,Normal value,0,Units,0,Zero
DATAFLOW,OECD.CFE.EDS:DSD_FUA_DEMO@DF_AGE_SEX(1.2),Population by age and sex - Cities and FUAs,I,DE105C,Bremerhaven,A,Annual,POP,Population,PS,Persons,_T,Total,_T,Total,_Z,Not applicable,CITY,City,_Z,Not applicable,2024,,118323,,A,Normal value,0,Units,0,Zero
DATAFLOW,OECD.CFE.EDS:DSD_FUA_DEMO@DF_AGE_SEX(1.2),Population by age and sex - Cities and FUAs,I,DE107C,Heilbronn,A,Annual,POP,Population,PS,Persons,_T,Total,_T,Total,_Z,Not applicable,CITY,City,_Z,Not applicable,2024,,131653,,A,Normal value,0,Units,0,Zero
DATAFLOW,OECD.CFE.EDS:DSD_FUA_DEMO@DF_AGE_SEX(1.2),Population by age and sex - Cities and FUAs,I,DE108C,Remscheid,A,Annual,POP,Population,PS,Persons,_T,Total,_T,Total,_Z,Not applicable,CITY,City,_Z,Not applicable,2024,,114061,,A,Normal value,0,Units,0,Zero
DATAFLOW,OECD.CFE.EDS:DSD_FUA_DEMO@DF_AGE_SEX(1.2),Population by age and sex - Cities and FUAs,I,DE073C,Neu-Ulm,A,Annual,POP,Population,PS,Persons,_T,Total,_T,Total,_Z,Not applicable,CITY,City,_Z,Not applicable,2024,,62204,,A,Normal value,0,Units,0,Zero
DATAFLOW,OECD.CFE.EDS:DSD_FUA_DEMO@DF_AGE_SEX(1.2),Population by age and sex - Cities and FUAs,I,DE110C,Ulm,A,Annual,POP,Population,PS,Persons,_T,Total,_T,Total,_Z,Not applicable,CITY,City,_Z,Not applicable,2024,,128998,,A,Normal value,0,Units,0,Zero
DATAFLOW,OECD.CFE.EDS:DSD_FUA_DEMO@DF_AGE_SEX(1.2),Population by age and sex - Cities and FUAs,I,DE111C,Pforzheim,A,Annual,POP,Population,PS,Persons,_T,Total,_T,Total,_Z,Not applicable,CITY,City,_Z,Not applicable,2024,,135087,,A,Normal value,0,Units,0,Zero
DATAFLOW,OECD.CFE.EDS:DSD_FUA_DEMO@DF_AGE_SEX(1.2),Population by age and sex - Cities and FUAs,I,DE112C,Ingolstadt,A,Annual,POP,Population,PS,Persons,_T,Total,_T,Total,_Z,Not applicable,CITY,City,_Z,Not applicable,2024,,139536,,A,Normal value,0,Units,0,Zero
DATAFLOW,OECD.CFE.EDS:DSD_FUA_DEMO@DF_AGE_SEX(1.2),Population by age and sex - Cities and FUAs,I,DE113C,Gera,A,Annual,POP,Population,PS,Persons,_T,Total,_T,Total,_Z,Not applicable,CITY,City,_Z,Not applicable,2024,,95695,,A,Normal value,0,Units,0,Zero
DATAFLOW,OECD.CFE.EDS:DSD_FUA_DEMO@DF_AGE_SEX(1.2),Population by age and sex - Cities and FUAs,I,DE115C,Reutlingen,A,Annual,POP,Population,PS,Persons,_T,Total,_T,Total,_Z,Not applicable,CITY,City,_Z,Not applicable,2024,,118770,,A,Normal value,0,Units,0,Zero
DATAFLOW,OECD.CFE.EDS:DSD_FUA_DEMO@DF_AGE_SEX(1.2),Population by age and sex - Cities and FUAs,I,DE117C,Cottbus,A,Annual,POP,Population,PS,Persons,_T,Total,_T,Total,_Z,Not applicable,CITY,City,_Z,Not applicable,2024,,94778,,A,Normal value,0,Units,0,Zero
DATAFLOW,OECD.CFE.EDS:DSD_FUA_DEMO@DF_AGE_SEX(1.2),Population by age and sex - Cities and FUAs,I,DE118C,Siegen,A,Annual,POP,Population,PS,Persons,_T,Total,_T,Total,_Z,Not applicable,CITY,City,_Z,Not applicable,2024,,102440,,A,Normal value,0,Units,0,Zero
DATAFLOW,OECD.CFE.EDS:DSD_FUA_DEMO@DF_AGE_SEX(1.2),Population by age and sex - Cities and FUAs,I,DE120C,Hildesheim,A,Annual,POP,Population,PS,Persons,_T,Total,_T,Total,_Z,Not applicable,CITY,City,_Z,Not applicable,2024,,98299,,A,Normal value,0,Units,0,Zero
DATAFLOW,OECD.CFE.EDS:DSD_FUA_DEMO@DF_AGE_SEX(1.2),Population by age and sex - Cities and FUAs,I,DE124C,Wuppertal,A,Annual,POP,Population,PS,Persons,_T,Total,_T,Total,_Z,Not applicable,CITY,City,_Z,Not applicable,2024,,358592,,A,Normal value,0,Units,0,Zero
DATAFLOW,OECD.CFE.EDS:DSD_FUA_DEMO@DF_AGE_SEX(1.2),Population by age and sex - Cities and FUAs,I,DE125C,Jena,A,Annual,POP,Population,PS,Persons,_T,Total,_T,Total,_Z,Not applicable,CITY,City,_Z,Not applicable,2024,,110076,,A,Normal value,0,Units,0,Zero
DATAFLOW,OECD.CFE.EDS:DSD_FUA_DEMO@DF_AGE_SEX(1.2),Population by age and sex - Cities and FUAs,I,DE126C,"Düren, Stadt",A,Annual,POP,Population,PS,Persons,_T,Total,_T,Total,_Z,Not applicable,CITY,City,_Z,Not applicable,2024,,94354,,A,Normal value,0,Units,0,Zero
DATAFLOW,OECD.CFE.EDS:DSD_FUA_DEMO@DF_AGE_SEX(1.2),Population by age and sex - Cities and FUAs,I,DE127C,"Bocholt, Stadt",A,Annual,POP,Population,PS,Persons,_T,Total,_T,Total,_Z,Not applicable,CITY,City,_Z,Not applicable,2024,,72893,,A,Normal value,0,Units,0,Zero
DATAFLOW,OECD.CFE.EDS:DSD_FUA_DEMO@DF_AGE_SEX(1.2),Population by age and sex - Cities and FUAs,I,DK001C,København,A,Annual,POP,Population,PS,Persons,_T,Total,_T,Total,_Z,Not applicable,CITY,City,_Z,Not applicable,2024,,1324169,,A,Normal value,0,Units,0,Zero
DATAFLOW,OECD.CFE.EDS:DSD_FUA_DEMO@DF_AGE_SEX(1.2),Population by age and sex - Cities and FUAs,I,DK002C,Århus,A,Annual,POP,Population,PS,Persons,_T,Total,_T,Total,_Z,Not applicable,CITY,City,_Z,Not applicable,2024,,367068,,A,Normal value,0,Units,0,Zero
DATAFLOW,OECD.CFE.EDS:DSD_FUA_DEMO@DF_AGE_SEX(1.2),Population by age and sex - Cities and FUAs,I,DK003C,Odense,A,Annual,POP,Population,PS,Persons,_T,Total,_T,Total,_Z,Not applicable,CITY,City,_Z,Not applicable,2024,,209052,,A,Normal value,0,Units,0,Zero
DATAFLOW,OECD.CFE.EDS:DSD_FUA_DEMO@DF_AGE_SEX(1.2),Population by age and sex - Cities and FUAs,I,DK004C,Aalborg,A,Annual,POP,Population,PS,Persons,_T,Total,_T,Total,_Z,Not applicable,CITY,City,_Z,Not applicable,2024,,223152,,A,Normal value,0,Units,0,Zero
DATAFLOW,OECD.CFE.EDS:DSD_FUA_DEMO@DF_AGE_SEX(1.2),Population by age and sex - Cities and FUAs,I,EE001C,Tallinn,A,Annual,POP,Population,PS,Persons,_T,Total,_T,Total,_Z,Not applicable,CITY,City,_Z,Not applicable,2024,,457572,,A,Normal value,0,Units,0,Zero
DATAFLOW,OECD.CFE.EDS:DSD_FUA_DEMO@DF_AGE_SEX(1.2),Population by age and sex - Cities and FUAs,I,EE002C,Tartu,A,Annual,POP,Population,PS,Persons,_T,Total,_T,Total,_Z,Not applicable,CITY,City,_Z,Not applicable,2024,,101032,,A,Normal value,0,Units,0,Zero
DATAFLOW,OECD.CFE.EDS:DSD_FUA_DEMO@DF_AGE_SEX(1.2),Population by age and sex - Cities and FUAs,I,EE003C,Narva,A,Annual,POP,Population,PS,Persons,_T,Total,_T,Total,_Z,Not applicable,CITY,City,_Z,Not applicable,2024,,53360,,A,Normal value,0,Units,0,Zero
DATAFLOW,OECD.CFE.EDS:DSD_FUA_DEMO@DF_AGE_SEX(1.2),Population by age and sex - Cities and FUAs,I,FI001C,Helsinki/Helsingfors,A,Annual,POP,Population,PS,Persons,_T,Total,_T,Total,_Z,Not applicable,CITY,City,_Z,Not applicable,2024,,684018,,A,Normal value,0,Units,0,Zero
DATAFLOW,OECD.CFE.EDS:DSD_FUA_DEMO@DF_AGE_SEX(1.2),Population by age and sex - Cities and FUAs,I,FI005C,Espoo/Esbo,A,Annual,POP,Population,PS,Persons,_T,Total,_T,Total,_Z,Not applicable,CITY,City,_Z,Not applicable,2024,,331184,,A,Normal value,0,Units,0,Zero
DATAFLOW,OECD.CFE.EDS:DSD_FUA_DEMO@DF_AGE_SEX(1.2),Population by age and sex - Cities and FUAs,I,FI006C,Vantaa/Vanda,A,Annual,POP,Population,PS,Persons,_T,Total,_T,Total,_Z,Not applicable,CITY,City,_Z,Not applicable,2024,,251269,,A,Normal value,0,Units,0,Zero
DATAFLOW,OECD.CFE.EDS:DSD_FUA_DEMO@DF_AGE_SEX(1.2),Population by age and sex - Cities and FUAs,I,FI002C,Tampere/Tammerfors,A,Annual,POP,Population,PS,Persons,_T,Total,_T,Total,_Z,Not applicable,CITY,City,_Z,Not applicable,2024,,260180,,A,Normal value,0,Units,0,Zero
DATAFLOW,OECD.CFE.EDS:DSD_FUA_DEMO@DF_AGE_SEX(1.2),Population by age and sex - Cities and FUAs,I,FI003C,Turku/Åbo,A,Annual,POP,Population,PS,Persons,_T,Total,_T,Total,_Z,Not applicable,CITY,City,_Z,Not applicable,2024,,206073,,A,Normal value,0,Units,0,Zero
DATAFLOW,OECD.CFE.EDS:DSD_FUA_DEMO@DF_AGE_SEX(1.2),Population by age and sex - Cities and FUAs,I,FI004C,Oulu/Uleåborg,A,Annual,POP,Population,PS,Persons,_T,Total,_T,Total,_Z,Not applicable,CITY,City,_Z,Not applicable,2024,,216152,,A,Normal value,0,Units,0,Zero
DATAFLOW,OECD.CFE.EDS:DSD_FUA_DEMO@DF_AGE_SEX(1.2),Population by age and sex - Cities and FUAs,I,FI007C,Lahti/Lahtis,A,Annual,POP,Population,PS,Persons,_T,Total,_T,Total,_Z,Not applicable,CITY,City,_Z,Not applicable,2024,,121337,,A,Normal value,0,Units,0,Zero
DATAFLOW,OECD.CFE.EDS:DSD_FUA_DEMO@DF_AGE_SEX(1.2),Population by age and sex - Cities and FUAs,I,FI008C,Kuopio,A,Annual,POP,Population,PS,Persons,_T,Total,_T,Total,_Z,Not applicable,CITY,City,_Z,Not applicable,2024,,125666,,A,Normal value,0,Units,0,Zero
DATAFLOW,OECD.CFE.EDS:DSD_FUA_DEMO@DF_AGE_SEX(1.2),Population by age and sex - Cities and FUAs,I,FI009C,Jyväskylä,A,Annual,POP,Population,PS,Persons,_T,Total,_T,Total,_Z,Not applicable,CITY,City,_Z,Not applicable,2024,,149194,,A,Normal value,0,Units,0,Zero
DATAFLOW,OECD.CFE.EDS:DSD_FUA_DEMO@DF_AGE_SEX(1.2),Population by age and sex - Cities and FUAs,I,UK001C,London,A,Annual,POP,Population,PS,Persons,_T,Total,_T,Total,_Z,Not applicable,CITY,City,_Z,Not applicable,2024,,9763831,,A,Normal value,0,Units,0,Zero
DATAFLOW,OECD.CFE.EDS:DSD_FUA_DEMO@DF_AGE_SEX(1.2),Population by age and sex - Cities and FUAs,I,UK587C,St Albans,A,Annual,POP,Population,PS,Persons,_T,Total,_T,Total,_Z,Not applicable,CITY,City,_Z,Not applicable,2024,,258183,,A,Normal value,0,Units,0,Zero
DATAFLOW,OECD.CFE.EDS:DSD_FUA_DEMO@DF_AGE_SEX(1.2),Population by age and sex - Cities and FUAs,I,UK588C,Harlow,A,Annual,POP,Population,PS,Persons,_T,Total,_T,Total,_Z,Not applicable,CITY,City,_Z,Not applicable,2024,,98235,,A,Normal value,0,Units,0,Zero
DATAFLOW,OECD.CFE.EDS:DSD_FUA_DEMO@DF_AGE_SEX(1.2),Population by age and sex - Cities and FUAs,I,UK589C,Southend-on-Sea,A,Annual,POP,Population,PS,Persons,_T,Total,_T,Total,_Z,Not applicable,CITY,City,_Z,Not applicable,2024,,185256,,A,Normal value,0,Units,0,Zero
DATAFLOW,OECD.CFE.EDS:DSD_FUA_DEMO@DF_AGE_SEX(1.2),Population by age and sex - Cities and FUAs,I,UK590C,Tunbridge Wells,A,Annual,POP,Population,PS,Persons,_T,Total,_T,Total,_Z,Not applicable,CITY,City,_Z,Not applicable,2024,,119694,,A,Normal value,0,Units,0,Zero
DATAFLOW,OECD.CFE.EDS:DSD_FUA_DEMO@DF_AGE_SEX(1.2),Population by age and sex - Cities and FUAs,I,UK591C,Woking,A,Annual,POP,Population,PS,Persons,_T,Total,_T,Total,_Z,Not applicable,CITY,City,_Z,Not applicable,2024,,105679,,A,Normal value,0,Units,0,Zero
DATAFLOW,OECD.CFE.EDS:DSD_FUA_DEMO@DF_AGE_SEX(1.2),Population by age and sex - Cities and FUAs,I,UK002C,West Midlands urban area,A,Annual,POP,Population,PS,Persons,_T,Total,_T,Total,_Z,Not applicable,CITY,City,_Z,Not applicable,2024,,2771667,,A,Normal value,0,Units,0,Zero
DATAFLOW,OECD.CFE.EDS:DSD_FUA_DEMO@DF_AGE_SEX(1.2),Population by age and sex - Cities and FUAs,I,UK592C,Tamworth,A,Annual,POP,Population,PS,Persons,_T,Total,_T,Total,_Z,Not applicable,CITY,City,_Z,Not applicable,2024,,81117,,A,Normal value,0,Units,0,Zero
DATAFLOW,OECD.CFE.EDS:DSD_FUA_DEMO@DF_AGE_SEX(1.2),Population by age and sex - Cities and FUAs,I,UK003C,Leeds,A,Annual,POP,Population,PS,Persons,_T,Total,_T,Total,_Z,Not applicable,CITY,City,_Z,Not applicable,2024,,2224307,,A,Normal value,0,Units,0,Zero
DATAFLOW,OECD.CFE.EDS:DSD_FUA_DEMO@DF_AGE_SEX(1.2),Population by age and sex - Cities and FUAs,I,UK004C,Glasgow,A,Annual,POP,Population,PS,Persons,_T,Total,_T,Total,_Z,Not applicable,CITY,City,_Z,Not applicable,2024,,1262890,,A,Normal value,0,Units,0,Zero
DATAFLOW,OECD.CFE.EDS:DSD_FUA_DEMO@DF_AGE_SEX(1.2),Population by age and sex - Cities and FUAs,I,UK006C,Liverpool,A,Annual,POP,Population,PS,Persons,_T,Total,_T,Total,_Z,Not applicable,CITY,City,_Z,Not applicable,2024,,1124115,,A,Normal value,0,Units,0,Zero
DATAFLOW,OECD.CFE.EDS:DSD_FUA_DEMO@DF_AGE_SEX(1.2),Population by age and sex - Cities and FUAs,I,UK593C,St. Helens,A,Annual,POP,Population,PS,Persons,_T,Total,_T,Total,_Z,Not applicable,CITY,City,_Z,Not applicable,2024,,188861,,A,Normal value,0,Units,0,Zero
DATAFLOW,OECD.CFE.EDS:DSD_FUA_DEMO@DF_AGE_SEX(1.2),Population by age and sex - Cities and FUAs,I,UK007C,Edinburgh,A,Annual,POP,Population,PS,Persons,_T,Total,_T,Total,_Z,Not applicable,CITY,City,_Z,Not applicable,2024,,530680,,A,Normal value,0,Units,0,Zero
DATAFLOW,OECD.CFE.EDS:DSD_FUA_DEMO@DF_AGE_SEX(1.2),Population by age and sex - Cities and FUAs,I,UK008C,Manchester,A,Annual,POP,Population,PS,Persons,_T,Total,_T,Total,_Z,Not applicable,CITY,City,_Z,Not applicable,2024,,3009664,,A,Normal value,0,Units,0,Zero
DATAFLOW,OECD.CFE.EDS:DSD_FUA_DEMO@DF_AGE_SEX(1.2),Population by age and sex - Cities and FUAs,I,UK009C,Cardiff,A,Annual,POP,Population,PS,Persons,_T,Total,_T,Total,_Z,Not applicable,CITY,City,_Z,Not applicable,2024,,383919,,A,Normal value,0,Units,0,Zero
DATAFLOW,OECD.CFE.EDS:DSD_FUA_DEMO@DF_AGE_SEX(1.2),Population by age and sex - Cities and FUAs,I,UK010C,Sheffield,A,Annual,POP,Population,PS,Persons,_T,Total,_T,Total,_Z,Not applicable,CITY,City,_Z,Not applicable,2024,,1110858,,A,Normal value,0,Units,0,Zero
DATAFLOW,OECD.CFE.EDS:DSD_FUA_DEMO@DF_AGE_SEX(1.2),Population by age and sex - Cities and FUAs,I,UK011C,Bristol,A,Annual,POP,Population,PS,Persons,_T,Total,_T,Total,_Z,Not applicable,CITY,City,_Z,Not applicable,2024,,494399,,A,Normal value,0,Units,0,Zero
DATAFLOW,OECD.CFE.EDS:DSD_FUA_DEMO@DF_AGE_SEX(1.2),Population by age and sex - Cities and FUAs,I,UK012C,Belfast,A,Annual,POP,Population,PS,Persons,_T,Total,_T,Total,_Z,Not applicable,CITY,City,_Z,Not applicable,2024,,352390,,A,Normal value,0,Units,0,Zero
DATAFLOW,OECD.CFE.EDS:DSD_FUA_DEMO@DF_AGE_SEX(1.2),Population by age and sex - Cities and FUAs,I,UK013C,Newcastle upon Tyne,A,Annual,POP,Population,PS,Persons,_T,Total,_T,Total,_Z,Not applicable,CITY,City,_Z,Not applicable,2024,,889783,,A,Normal value,0,Units,0,Zero
DATAFLOW,OECD.CFE.EDS:DSD_FUA_DEMO@DF_AGE_SEX(1.2),Population by age and sex - Cities and FUAs,I,UK014C,Leicester,A,Annual,POP,Population,PS,Persons,_T,Total,_T,Total,_Z,Not applicable,CITY,City,_Z,Not applicable,2024,,388348,,A,Normal value,0,Units,0,Zero
DATAFLOW,OECD.CFE.EDS:DSD_FUA_DEMO@DF_AGE_SEX(1.2),Population by age and sex - Cities and FUAs,I,UK016C,Aberdeen,A,Annual,POP,Population,PS,Persons,_T,Total,_T,Total,_Z,Not applicable,CITY,City,_Z,Not applicable,2024,,231780,,A,Normal value,0,Units,0,Zero
DATAFLOW,OECD.CFE.EDS:DSD_FUA_DEMO@DF_AGE_SEX(1.2),Population by age and sex - Cities and FUAs,I,UK017C,Cambridge,A,Annual,POP,Population,PS,Persons,_T,Total,_T,Total,_Z,Not applicable,CITY,City,_Z,Not applicable,2024,,149352,,A,Normal value,0,Units,0,Zero
DATAFLOW,OECD.CFE.EDS:DSD_FUA_DEMO@DF_AGE_SEX(1.2),Population by age and sex - Cities and FUAs,I,UK018C,Exeter,A,Annual,POP,Population,PS,Persons,_T,Total,_T,Total,_Z,Not applicable,CITY,City,_Z,Not applicable,2024,,138399,,A,Normal value,0,Units,0,Zero
DATAFLOW,OECD.CFE.EDS:DSD_FUA_DEMO@DF_AGE_SEX(1.2),Population by age and sex - Cities and FUAs,I,UK019C,Lincoln,A,Annual,POP,Population,PS,Persons,_T,Total,_T,Total,_Z,Not applicable,CITY,City,_Z,Not applicable,2024,,105114,,A,Normal value,0,Units,0,Zero
DATAFLOW,OECD.CFE.EDS:DSD_FUA_DEMO@DF_AGE_SEX(1.2),Population by age and sex - Cities and FUAs,I,UK021C,Stevenage,A,Annual,POP,Population,PS,Persons,_T,Total,_T,Total,_Z,Not applicable,CITY,City,_Z,Not applicable,2024,,91774,,A,Normal value,0,Units,0,Zero
DATAFLOW,OECD.CFE.EDS:DSD_FUA_DEMO@DF_AGE_SEX(1.2),Population by age and sex - Cities and FUAs,I,UK022C,Wrexham,A,Annual,POP,Population,PS,Persons,_T,Total,_T,Total,_Z,Not applicable,CITY,City,_Z,Not applicable,2024,,138245,,A,Normal value,0,Units,0,Zero
DATAFLOW,OECD.CFE.EDS:DSD_FUA_DEMO@DF_AGE_SEX(1.2),Population by age and sex - Cities and FUAs,I,UK023C,Portsmouth,A,Annual,POP,Population,PS,Persons,_T,Total,_T,Total,_Z,Not applicable,CITY,City,_Z,Not applicable,2024,,297242,,A,Normal value,0,Units,0,Zero
DATAFLOW,OECD.CFE.EDS:DSD_FUA_DEMO@DF_AGE_SEX(1.2),Population by age and sex - Cities and FUAs,I,UK024C,Worcester,A,Annual,POP,Population,PS,Persons,_T,Total,_T,Total,_Z,Not applicable,CITY,City,_Z,Not applicable,2024,,106671,,A,Normal value,0,Units,0,Zero
DATAFLOW,OECD.CFE.EDS:DSD_FUA_DEMO@DF_AGE_SEX(1.2),Population by age and sex - Cities and FUAs,I,UK025C,Coventry,A,Annual,POP,Population,PS,Persons,_T,Total,_T,Total,_Z,Not applicable,CITY,City,_Z,Not applicable,2024,,787858,,A,Normal value,0,Units,0,Zero
DATAFLOW,OECD.CFE.EDS:DSD_FUA_DEMO@DF_AGE_SEX(1.2),Population by age and sex - Cities and FUAs,I,UK026C,Kingston upon Hull,A,Annual,POP,Population,PS,Persons,_T,Total,_T,Total,_Z,Not applicable,CITY,City,_Z,Not applicable,2024,,275401,,A,Normal value,0,Units,0,Zero
DATAFLOW,OECD.CFE.EDS:DSD_FUA_DEMO@DF_AGE_SEX(1.2),Population by age and sex - Cities and FUAs,I,UK027C,Stoke-on-Trent,A,Annual,POP,Population,PS,Persons,_T,Total,_T,Total,_Z,Not applicable,CITY,City,_Z,Not applicable,2024,,398152,,A,Normal value,0,Units,0,Zero
DATAFLOW,OECD.CFE.EDS:DSD_FUA_DEMO@DF_AGE_SEX(1.2),Population by age and sex - Cities and FUAs,I,UK029C,Nottingham,A,Annual,POP,Population,PS,Persons,_T,Total,_T,Total,_Z,Not applicable,CITY,City,_Z,Not applicable,2024,,331077,,A,Normal value,0,Units,0,Zero
DATAFLOW,OECD.CFE.EDS:DSD_FUA_DEMO@DF_AGE_SEX(1.2),Population by age and sex - Cities and FUAs,I,UK031C,Bath and North East Somerset,A,Annual,POP,Population,PS,Persons,_T,Total,_T,Total,_Z,Not applicable,CITY,City,_Z,Not applicable,2024,,200028,,A,Normal value,0,Units,0,Zero
DATAFLOW,OECD.CFE.EDS:DSD_FUA_DEMO@DF_AGE_SEX(1.2),Population by age and sex - Cities and FUAs,I,UK033C,Guildford,A,Annual,POP,Population,PS,Persons,_T,Total,_T,Total,_Z,Not applicable,CITY,City,_Z,Not applicable,2024,,151359,,A,Normal value,0,Units,0,Zero
DATAFLOW,OECD.CFE.EDS:DSD_FUA_DEMO@DF_AGE_SEX(1.2),Population by age and sex - Cities and FUAs,I,UK034C,Thanet,A,Annual,POP,Population,PS,Persons,_T,Total,_T,Total,_Z,Not applicable,CITY,City,_Z,Not applicable,2024,,142691,,A,Normal value,0,Units,0,Zero
DATAFLOW,OECD.CFE.EDS:DSD_FUA_DEMO@DF_AGE_SEX(1.2),Population by age and sex - Cities and FUAs,I,UK041C,Ashford,A,Annual,POP,Population,PS,Persons,_T,Total,_T,Total,_Z,Not applicable,CITY,City,_Z,Not applicable,2024,,140936,,A,Normal value,0,Units,0,Zero
DATAFLOW,OECD.CFE.EDS:DSD_FUA_DEMO@DF_AGE_SEX(1.2),Population by age and sex - Cities and FUAs,I,UK043C,East Staffordshire,A,Annual,POP,Population,PS,Persons,_T,Total,_T,Total,_Z,Not applicable,CITY,City,_Z,Not applicable,2024,,129659,,A,Normal value,0,Units,0,Zero
DATAFLOW,OECD.CFE.EDS:DSD_FUA_DEMO@DF_AGE_SEX(1.2),Population by age and sex - Cities and FUAs,I,UK044C,Darlington,A,Annual,POP,Population,PS,Persons,_T,Total,_T,Total,_Z,Not applicable,CITY,City,_Z,Not applicable,2024,,112489,,A,Normal value,0,Units,0,Zero
DATAFLOW,OECD.CFE.EDS:DSD_FUA_DEMO@DF_AGE_SEX(1.2),Population by age and sex - Cities and FUAs,I,UK045C,Worthing,A,Annual,POP,Population,PS,Persons,_T,Total,_T,Total,_Z,Not applicable,CITY,City,_Z,Not applicable,2024,,113866,,A,Normal value,0,Units,0,Zero
DATAFLOW,OECD.CFE.EDS:DSD_FUA_DEMO@DF_AGE_SEX(1.2),Population by age and sex - Cities and FUAs,I,UK046C,Mansfield,A,Annual,POP,Population,PS,Persons,_T,Total,_T,Total,_Z,Not applicable,CITY,City,_Z,Not applicable,2024,,113138,,A,Normal value,0,Units,0,Zero
DATAFLOW,OECD.CFE.EDS:DSD_FUA_DEMO@DF_AGE_SEX(1.2),Population by age and sex - Cities and FUAs,I,UK047C,Chesterfield,A,Annual,POP,Population,PS,Persons,_T,Total,_T,Total,_Z,Not applicable,CITY,City,_Z,Not applicable,2024,,106045,,A,Normal value,0,Units,0,Zero
DATAFLOW,OECD.CFE.EDS:DSD_FUA_DEMO@DF_AGE_SEX(1.2),Population by age and sex - Cities and FUAs,I,UK050C,Burnley,A,Annual,POP,Population,PS,Persons,_T,Total,_T,Total,_Z,Not applicable,CITY,City,_Z,Not applicable,2024,,99233,,A,Normal value,0,Units,0,Zero
DATAFLOW,OECD.CFE.EDS:DSD_FUA_DEMO@DF_AGE_SEX(1.2),Population by age and sex - Cities and FUAs,I,UK051C,Great Yarmouth,A,Annual,POP,Population,PS,Persons,_T,Total,_T,Total,_Z,Not applicable,CITY,City,_Z,Not applicable,2024,,100529,,A,Normal value,0,Units,0,Zero
DATAFLOW,OECD.CFE.EDS:DSD_FUA_DEMO@DF_AGE_SEX(1.2),Population by age and sex - Cities and FUAs,I,UK055C,Eastbourne,A,Annual,POP,Population,PS,Persons,_T,Total,_T,Total,_Z,Not applicable,CITY,City,_Z,Not applicable,2024,,104259,,A,Normal value,0,Units,0,Zero
DATAFLOW,OECD.CFE.EDS:DSD_FUA_DEMO@DF_AGE_SEX(1.2),Population by age and sex - Cities and FUAs,I,UK056C,Hastings,A,Annual,POP,Population,PS,Persons,_T,Total,_T,Total,_Z,Not applicable,CITY,City,_Z,Not applicable,2024,,91219,,A,Normal value,0,Units,0,Zero
DATAFLOW,OECD.CFE.EDS:DSD_FUA_DEMO@DF_AGE_SEX(1.2),Population by age and sex - Cities and FUAs,I,UK059C,Redditch,A,Annual,POP,Population,PS,Persons,_T,Total,_T,Total,_Z,Not applicable,CITY,City,_Z,Not applicable,2024,,87847,,A,Normal value,0,Units,0,Zero
DATAFLOW,OECD.CFE.EDS:DSD_FUA_DEMO@DF_AGE_SEX(1.2),Population by age and sex - Cities and FUAs,I,UK062C,Halton,A,Annual,POP,Population,PS,Persons,_T,Total,_T,Total,_Z,Not applicable,CITY,City,_Z,Not applicable,2024,,131543,,A,Normal value,0,Units,0,Zero
DATAFLOW,OECD.CFE.EDS:DSD_FUA_DEMO@DF_AGE_SEX(1.2),Population by age and sex - Cities and FUAs,I,UK506C,Doncaster,A,Annual,POP,Population,PS,Persons,_T,Total,_T,Total,_Z,Not applicable,CITY,City,_Z,Not applicable,2024,,319765,,A,Normal value,0,Units,0,Zero
DATAFLOW,OECD.CFE.EDS:DSD_FUA_DEMO@DF_AGE_SEX(1.2),Population by age and sex - Cities and FUAs,I,UK510C,Sunderland,A,Annual,POP,Population,PS,Persons,_T,Total,_T,Total,_Z,Not applicable,CITY,City,_Z,Not applicable,2024,,288606,,A,Normal value,0,Units,0,Zero
DATAFLOW,OECD.CFE.EDS:DSD_FUA_DEMO@DF_AGE_SEX(1.2),Population by age and sex - Cities and FUAs,I,UK513C,Medway,A,Annual,POP,Population,PS,Persons,_T,Total,_T,Total,_Z,Not applicable,CITY,City,_Z,Not applicable,2024,,292655,,A,Normal value,0,Units,0,Zero
DATAFLOW,OECD.CFE.EDS:DSD_FUA_DEMO@DF_AGE_SEX(1.2),Population by age and sex - Cities and FUAs,I,UK515C,Brighton and Hove,A,Annual,POP,Population,PS,Persons,_T,Total,_T,Total,_Z,Not applicable,CITY,City,_Z,Not applicable,2024,,283870,,A,Normal value,0,Units,0,Zero
DATAFLOW,OECD.CFE.EDS:DSD_FUA_DEMO@DF_AGE_SEX(1.2),Population by age and sex - Cities and FUAs,I,UK516C,Plymouth,A,Annual,POP,Population,PS,Persons,_T,Total,_T,Total,_Z,Not applicable,CITY,City,_Z,Not applicable,2024,,272067,,A,Normal value,0,Units,0,Zero
DATAFLOW,OECD.CFE.EDS:DSD_FUA_DEMO@DF_AGE_SEX(1.2),Population by age and sex - Cities and FUAs,I,UK517C,Swansea,A,Annual,POP,Population,PS,Persons,_T,Total,_T,Total,_Z,Not applicable,CITY,City,_Z,Not applicable,2024,,251304,,A,Normal value,0,Units,0,Zero
DATAFLOW,OECD.CFE.EDS:DSD_FUA_DEMO@DF_AGE_SEX(1.2),Population by age and sex - Cities and FUAs,I,UK518C,Derby,A,Annual,POP,Population,PS,Persons,_T,Total,_T,Total,_Z,Not applicable,CITY,City,_Z,Not applicable,2024,,274149,,A,Normal value,0,Units,0,Zero
DATAFLOW,OECD.CFE.EDS:DSD_FUA_DEMO@DF_AGE_SEX(1.2),Population by age and sex - Cities and FUAs,I,UK520C,Southampton,A,Annual,POP,Population,PS,Persons,_T,Total,_T,Total,_Z,Not applicable,CITY,City,_Z,Not applicable,2024,,402357,,A,Normal value,0,Units,0,Zero
DATAFLOW,OECD.CFE.EDS:DSD_FUA_DEMO@DF_AGE_SEX(1.2),Population by age and sex - Cities and FUAs,I,UK525C,Milton Keynes,A,Annual,POP,Population,PS,Persons,_T,Total,_T,Total,_Z,Not applicable,CITY,City,_Z,Not applicable,2024,,305884,,A,Normal value,0,Units,0,Zero
DATAFLOW,OECD.CFE.EDS:DSD_FUA_DEMO@DF_AGE_SEX(1.2),Population by age and sex - Cities and FUAs,I,UK528C,Northampton,A,Annual,POP,Population,PS,Persons,_T,Total,_T,Total,_Z,Not applicable,CITY,City,_Z,Not applicable,2024,,439811,,A,Normal value,0,Units,0,Zero
DATAFLOW,OECD.CFE.EDS:DSD_FUA_DEMO@DF_AGE_SEX(1.2),Population by age and sex - Cities and FUAs,I,UK531C,Warrington,A,Annual,POP,Population,PS,Persons,_T,Total,_T,Total,_Z,Not applicable,CITY,City,_Z,Not applicable,2024,,215391,,A,Normal value,0,Units,0,Zero
DATAFLOW,OECD.CFE.EDS:DSD_FUA_DEMO@DF_AGE_SEX(1.2),Population by age and sex - Cities and FUAs,I,UK532C,Luton,A,Annual,POP,Population,PS,Persons,_T,Total,_T,Total,_Z,Not applicable,CITY,City,_Z,Not applicable,2024,,239090,,A,Normal value,0,Units,0,Zero
DATAFLOW,OECD.CFE.EDS:DSD_FUA_DEMO@DF_AGE_SEX(1.2),Population by age and sex - Cities and FUAs,I,UK533C,York,A,Annual,POP,Population,PS,Persons,_T,Total,_T,Total,_Z,Not applicable,CITY,City,_Z,Not applicable,2024,,209301,,A,Normal value,0,Units,0,Zero
DATAFLOW,OECD.CFE.EDS:DSD_FUA_DEMO@DF_AGE_SEX(1.2),Population by age and sex - Cities and FUAs,I,UK535C,Swindon,A,Annual,POP,Population,PS,Persons,_T,Total,_T,Total,_Z,Not applicable,CITY,City,_Z,Not applicable,2024,,243875,,A,Normal value,0,Units,0,Zero
DATAFLOW,OECD.CFE.EDS:DSD_FUA_DEMO@DF_AGE_SEX(1.2),Population by age and sex - Cities and FUAs,I,UK539C,Bournemouth,A,Annual,POP,Population,PS,Persons,_T,Total,_T,Total,_Z,Not applicable,CITY,City,_Z,Not applicable,2024,,408967,,A,Normal value,0,Units,0,Zero
DATAFLOW,OECD.CFE.EDS:DSD_FUA_DEMO@DF_AGE_SEX(1.2),Population by age and sex - Cities and FUAs,I,UK542C,Telford and Wrekin,A,Annual,POP,Population,PS,Persons,_T,Total,_T,Total,_Z,Not applicable,CITY,City,_Z,Not applicable,2024,,195952,,A,Normal value,0,Units,0,Zero
DATAFLOW,OECD.CFE.EDS:DSD_FUA_DEMO@DF_AGE_SEX(1.2),Population by age and sex - Cities and FUAs,I,UK543C,North East Lincolnshire,A,Annual,POP,Population,PS,Persons,_T,Total,_T,Total,_Z,Not applicable,CITY,City,_Z,Not applicable,2024,,159911,,A,Normal value,0,Units,0,Zero
DATAFLOW,OECD.CFE.EDS:DSD_FUA_DEMO@DF_AGE_SEX(1.2),Population by age and sex - Cities and FUAs,I,UK545C,Peterborough,A,Annual,POP,Population,PS,Persons,_T,Total,_T,Total,_Z,Not applicable,CITY,City,_Z,Not applicable,2024,,223655,,A,Normal value,0,Units,0,Zero
DATAFLOW,OECD.CFE.EDS:DSD_FUA_DEMO@DF_AGE_SEX(1.2),Population by age and sex - Cities and FUAs,I,UK546C,Colchester,A,Annual,POP,Population,PS,Persons,_T,Total,_T,Total,_Z,Not applicable,CITY,City,_Z,Not applicable,2024,,200222,,A,Normal value,0,Units,0,Zero
DATAFLOW,OECD.CFE.EDS:DSD_FUA_DEMO@DF_AGE_SEX(1.2),Population by age and sex - Cities and FUAs,I,UK548C,Basingstoke and Deane,A,Annual,POP,Population,PS,Persons,_T,Total,_T,Total,_Z,Not applicable,CITY,City,_Z,Not applicable,2024,,193110,,A,Normal value,0,Units,0,Zero
DATAFLOW,OECD.CFE.EDS:DSD_FUA_DEMO@DF_AGE_SEX(1.2),Population by age and sex - Cities and FUAs,I,UK549C,Bedford,A,Annual,POP,Population,PS,Persons,_T,Total,_T,Total,_Z,Not applicable,CITY,City,_Z,Not applicable,2024,,194976,,A,Normal value,0,Units,0,Zero
DATAFLOW,OECD.CFE.EDS:DSD_FUA_DEMO@DF_AGE_SEX(1.2),Population by age and sex - Cities and FUAs,I,UK550C,Dundee City,A,Annual,POP,Population,PS,Persons,_T,Total,_T,Total,_Z,Not applicable,CITY,City,_Z,Not applicable,2024,,149880,,A,Normal value,0,Units,0,Zero
DATAFLOW,OECD.CFE.EDS:DSD_FUA_DEMO@DF_AGE_SEX(1.2),Population by age and sex - Cities and FUAs,I,UK551C,Falkirk,A,Annual,POP,Population,PS,Persons,_T,Total,_T,Total,_Z,Not applicable,CITY,City,_Z,Not applicable,2024,,160020,,A,Normal value,0,Units,0,Zero
DATAFLOW,OECD.CFE.EDS:DSD_FUA_DEMO@DF_AGE_SEX(1.2),Population by age and sex - Cities and FUAs,I,UK552C,Reading,A,Annual,POP,Population,PS,Persons,_T,Total,_T,Total,_Z,Not applicable,CITY,City,_Z,Not applicable,2024,,182907,,A,Normal value,0,Units,0,Zero
DATAFLOW,OECD.CFE.EDS:DSD_FUA_DEMO@DF_AGE_SEX(1.2),Population by age and sex - Cities and FUAs,I,UK553C,Blackpool,A,Annual,POP,Population,PS,Persons,_T,Total,_T,Total,_Z,Not applicable,CITY,City,_Z,Not applicable,2024,,144191,,A,Normal value,0,Units,0,Zero
DATAFLOW,OECD.CFE.EDS:DSD_FUA_DEMO@DF_AGE_SEX(1.2),Population by age and sex - Cities and FUAs,I,UK554C,Maidstone,A,Annual,POP,Population,PS,Persons,_T,Total,_T,Total,_Z,Not applicable,CITY,City,_Z,Not applicable,2024,,187767,,A,Normal value,0,Units,0,Zero
DATAFLOW,OECD.CFE.EDS:DSD_FUA_DEMO@DF_AGE_SEX(1.2),Population by age and sex - Cities and FUAs,I,UK556C,Dacorum,A,Annual,POP,Population,PS,Persons,_T,Total,_T,Total,_Z,Not applicable,CITY,City,_Z,Not applicable,2024,,161420,,A,Normal value,0,Units,0,Zero
DATAFLOW,OECD.CFE.EDS:DSD_FUA_DEMO@DF_AGE_SEX(1.2),Population by age and sex - Cities and FUAs,I,UK557C,Blackburn with Darwen,A,Annual,POP,Population,PS,Persons,_T,Total,_T,Total,_Z,Not applicable,CITY,City,_Z,Not applicable,2024,,248598,,A,Normal value,0,Units,0,Zero
DATAFLOW,OECD.CFE.EDS:DSD_FUA_DEMO@DF_AGE_SEX(1.2),Population by age and sex - Cities and FUAs,I,UK558C,Newport,A,Annual,POP,Population,PS,Persons,_T,Total,_T,Total,_Z,Not applicable,CITY,City,_Z,Not applicable,2024,,167899,,A,Normal value,0,Units,0,Zero
DATAFLOW,OECD.CFE.EDS:DSD_FUA_DEMO@DF_AGE_SEX(1.2),Population by age and sex - Cities and FUAs,I,UK559C,Middlesbrough,A,Annual,POP,Population,PS,Persons,_T,Total,_T,Total,_Z,Not applicable,CITY,City,_Z,Not applicable,2024,,461141,,A,Normal value,0,Units,0,Zero
DATAFLOW,OECD.CFE.EDS:DSD_FUA_DEMO@DF_AGE_SEX(1.2),Population by age and sex - Cities and FUAs,I,UK560C,Oxford,A,Annual,POP,Population,PS,Persons,_T,Total,_T,Total,_Z,Not applicable,CITY,City,_Z,Not applicable,2024,,166034,,A,Normal value,0,Units,0,Zero
DATAFLOW,OECD.CFE.EDS:DSD_FUA_DEMO@DF_AGE_SEX(1.2),Population by age and sex - Cities and FUAs,I,UK561C,Torbay,A,Annual,POP,Population,PS,Persons,_T,Total,_T,Total,_Z,Not applicable,CITY,City,_Z,Not applicable,2024,,140126,,A,Normal value,0,Units,0,Zero
DATAFLOW,OECD.CFE.EDS:DSD_FUA_DEMO@DF_AGE_SEX(1.2),Population by age and sex - Cities and FUAs,I,UK562C,Preston,A,Annual,POP,Population,PS,Persons,_T,Total,_T,Total,_Z,Not applicable,CITY,City,_Z,Not applicable,2024,,162864,,A,Normal value,0,Units,0,Zero
DATAFLOW,OECD.CFE.EDS:DSD_FUA_DEMO@DF_AGE_SEX(1.2),Population by age and sex - Cities and FUAs,I,UK566C,Norwich,A,Annual,POP,Population,PS,Persons,_T,Total,_T,Total,_Z,Not applicable,CITY,City,_Z,Not applicable,2024,,147182,,A,Normal value,0,Units,0,Zero
DATAFLOW,OECD.CFE.EDS:DSD_FUA_DEMO@DF_AGE_SEX(1.2),Population by age and sex - Cities and FUAs,I,UK567C,Slough,A,Annual,POP,Population,PS,Persons,_T,Total,_T,Total,_Z,Not applicable,CITY,City,_Z,Not applicable,2024,,167359,,A,Normal value,0,Units,0,Zero
DATAFLOW,OECD.CFE.EDS:DSD_FUA_DEMO@DF_AGE_SEX(1.2),Population by age and sex - Cities and FUAs,I,UK568C,Cheshire West and Chester,A,Annual,POP,Population,PS,Persons,_T,Total,_T,Total,_Z,Not applicable,CITY,City,_Z,Not applicable,2024,,371652,,A,Normal value,0,Units,0,Zero
DATAFLOW,OECD.CFE.EDS:DSD_FUA_DEMO@DF_AGE_SEX(1.2),Population by age and sex - Cities and FUAs,I,UK569C,Ipswich,A,Annual,POP,Population,PS,Persons,_T,Total,_T,Total,_Z,Not applicable,CITY,City,_Z,Not applicable,2024,,140274,,A,Normal value,0,Units,0,Zero
DATAFLOW,OECD.CFE.EDS:DSD_FUA_DEMO@DF_AGE_SEX(1.2),Population by age and sex - Cities and FUAs,I,UK571C,Cheltenham,A,Annual,POP,Population,PS,Persons,_T,Total,_T,Total,_Z,Not applicable,CITY,City,_Z,Not applicable,2024,,121739,,A,Normal value,0,Units,0,Zero
DATAFLOW,OECD.CFE.EDS:DSD_FUA_DEMO@DF_AGE_SEX(1.2),Population by age and sex - Cities and FUAs,I,UK572C,Gloucester,A,Annual,POP,Population,PS,Persons,_T,Total,_T,Total,_Z,Not applicable,CITY,City,_Z,Not applicable,2024,,138598,,A,Normal value,0,Units,0,Zero
DATAFLOW,OECD.CFE.EDS:DSD_FUA_DEMO@DF_AGE_SEX(1.2),Population by age and sex - Cities and FUAs,I,UK573C,Bracknell Forest,A,Annual,POP,Population,PS,Persons,_T,Total,_T,Total,_Z,Not applicable,CITY,City,_Z,Not applicable,2024,,130806,,A,Normal value,0,Units,0,Zero
DATAFLOW,OECD.CFE.EDS:DSD_FUA_DEMO@DF_AGE_SEX(1.2),Population by age and sex - Cities and FUAs,I,UK576C,Crawley,A,Annual,POP,Population,PS,Persons,_T,Total,_T,Total,_Z,Not applicable,CITY,City,_Z,Not applicable,2024,,124008,,A,Normal value,0,Units,0,Zero
DATAFLOW,OECD.CFE.EDS:DSD_FUA_DEMO@DF_AGE_SEX(1.2),Population by age and sex - Cities and FUAs,I,UK580C,Rushmoor,A,Annual,POP,Population,PS,Persons,_T,Total,_T,Total,_Z,Not applicable,CITY,City,_Z,Not applicable,2024,,105751,,A,Normal value,0,Units,0,Zero
DATAFLOW,OECD.CFE.EDS:DSD_FUA_DEMO@DF_AGE_SEX(1.2),Population by age and sex - Cities and FUAs,I,UK586C,Derry & Strabane Local Government District,A,Annual,POP,Population,PS,Persons,_T,Total,_T,Total,_Z,Not applicable,CITY,City,_Z,Not applicable,2024,,152383,,A,Normal value,0,Units,0,Zero
DATAFLOW,OECD.CFE.EDS:DSD_FUA_DEMO@DF_AGE_SEX(1.2),Population by age and sex - Cities and FUAs,I,HU001C,Budapest,A,Annual,POP,Population,PS,Persons,_T,Total,_T,Total,_Z,Not applicable,CITY,City,_Z,Not applicable,2024,,1881741,,A,Normal value,0,Units,0,Zero
DATAFLOW,OECD.CFE.EDS:DSD_FUA_DEMO@DF_AGE_SEX(1.2),Population by age and sex - Cities and FUAs,I,HU002C,Miskolc,A,Annual,POP,Population,PS,Persons,_T,Total,_T,Total,_Z,Not applicable,CITY,City,_Z,Not applicable,2024,,145248,,A,Normal value,0,Units,0,Zero
DATAFLOW,OECD.CFE.EDS:DSD_FUA_DEMO@DF_AGE_SEX(1.2),Population by age and sex - Cities and FUAs,I,HU003C,Nyíregyháza,A,Annual,POP,Population,PS,Persons,_T,Total,_T,Total,_Z,Not applicable,CITY,City,_Z,Not applicable,2024,,115711,,A,Normal value,0,Units,0,Zero
DATAFLOW,OECD.CFE.EDS:DSD_FUA_DEMO@DF_AGE_SEX(1.2),Population by age and sex - Cities and FUAs,I,HU004C,Pécs,A,Annual,POP,Population,PS,Persons,_T,Total,_T,Total,_Z,Not applicable,CITY,City,_Z,Not applicable,2024,,141031,,A,Normal value,0,Units,0,Zero
DATAFLOW,OECD.CFE.EDS:DSD_FUA_DEMO@DF_AGE_SEX(1.2),Population by age and sex - Cities and FUAs,I,HU005C,Debrecen,A,Annual,POP,Population,PS,Persons,_T,Total,_T,Total,_Z,Not applicable,CITY,City,_Z,Not applicable,2024,,201582,,A,Normal value,0,Units,0,Zero
DATAFLOW,OECD.CFE.EDS:DSD_FUA_DEMO@DF_AGE_SEX(1.2),Population by age and sex - Cities and FUAs,I,HU006C,Szeged,A,Annual,POP,Population,PS,Persons,_T,Total,_T,Total,_Z,Not applicable,CITY,City,_Z,Not applicable,2024,,158829,,A,Normal value,0,Units,0,Zero
DATAFLOW,OECD.CFE.EDS:DSD_FUA_DEMO@DF_AGE_SEX(1.2),Population by age and sex - Cities and FUAs,I,HU007C,Gyõr,A,Annual,POP,Population,PS,Persons,_T,Total,_T,Total,_Z,Not applicable,CITY,City,_Z,Not applicable,2024,,130020,,A,Normal value,0,Units,0,Zero
DATAFLOW,OECD.CFE.EDS:DSD_FUA_DEMO@DF_AGE_SEX(1.2),Population by age and sex - Cities and FUAs,I,HU008C,Kecskemét,A,Annual,POP,Population,PS,Persons,_T,Total,_T,Total,_Z,Not applicable,CITY,City,_Z,Not applicable,2024,,109731,,A,Normal value,0,Units,0,Zero
DATAFLOW,OECD.CFE.EDS:DSD_FUA_DEMO@DF_AGE_SEX(1.2),Population by age and sex - Cities and FUAs,I,HU009C,Székesfehérvár,A,Annual,POP,Population,PS,Persons,_T,Total,_T,Total,_Z,Not applicable,CITY,City,_Z,Not applicable,2024,,95915,,A,Normal value,0,Units,0,Zero
DATAFLOW,OECD.CFE.EDS:DSD_FUA_DEMO@DF_AGE_SEX(1.2),Population by age and sex - Cities and FUAs,I,HU010C,Szombathely,A,Annual,POP,Population,PS,Persons,_T,Total,_T,Total,_Z,Not applicable,CITY,City,_Z,Not applicable,2024,,78446,,A,Normal value,0,Units,0,Zero
DATAFLOW,OECD.CFE.EDS:DSD_FUA_DEMO@DF_AGE_SEX(1.2),Population by age and sex - Cities and FUAs,I,HU012C,Tatabánya,A,Annual,POP,Population,PS,Persons,_T,Total,_T,Total,_Z,Not applicable,CITY,City,_Z,Not applicable,2024,,65874,,A,Normal value,0,Units,0,Zero
DATAFLOW,OECD.CFE.EDS:DSD_FUA_DEMO@DF_AGE_SEX(1.2),Population by age and sex - Cities and FUAs,I,HU019C,Sopron,A,Annual,POP,Population,PS,Persons,_T,Total,_T,Total,_Z,Not applicable,CITY,City,_Z,Not applicable,2024,,61784,,A,Normal value,0,Units,0,Zero
DATAFLOW,OECD.CFE.EDS:DSD_FUA_DEMO@DF_AGE_SEX(1.2),Population by age and sex - Cities and FUAs,I,IS001C,Reykjavík,A,Annual,POP,Population,PS,Persons,_T,Total,_T,Total,_Z,Not applicable,CITY,City,_Z,Not applicable,2024,,243908,,A,Normal value,0,Units,0,Zero
DATAFLOW,OECD.CFE.EDS:DSD_FUA_DEMO@DF_AGE_SEX(1.2),Population by age and sex - Cities and FUAs,I,IT001C,Roma,A,Annual,POP,Population,PS,Persons,_T,Total,_T,Total,_Z,Not applicable,CITY,City,_Z,Not applicable,2024,,2751747,,A,Normal value,0,Units,0,Zero
DATAFLOW,OECD.CFE.EDS:DSD_FUA_DEMO@DF_AGE_SEX(1.2),Population by age and sex - Cities and FUAs,I,IT062C,Anzio,A,Annual,POP,Population,PS,Persons,_T,Total,_T,Total,_Z,Not applicable,CITY,City,_Z,Not applicable,2024,,107870,,A,Normal value,0,Units,0,Zero
DATAFLOW,OECD.CFE.EDS:DSD_FUA_DEMO@DF_AGE_SEX(1.2),Population by age and sex - Cities and FUAs,I,IT002C,Milano,A,Annual,POP,Population,PS,Persons,_T,Total,_T,Total,_Z,Not applicable,CITY,City,_Z,Not applicable,2024,,3564353,,A,Normal value,0,Units,0,Zero
DATAFLOW,OECD.CFE.EDS:DSD_FUA_DEMO@DF_AGE_SEX(1.2),Population by age and sex - Cities and FUAs,I,IT003C,Napoli,A,Annual,POP,Population,PS,Persons,_T,Total,_T,Total,_Z,Not applicable,CITY,City,_Z,Not applicable,2024,,2984113,,A,Normal value,0,Units,0,Zero
DATAFLOW,OECD.CFE.EDS:DSD_FUA_DEMO@DF_AGE_SEX(1.2),Population by age and sex - Cities and FUAs,I,IT004C,Torino,A,Annual,POP,Population,PS,Persons,_T,Total,_T,Total,_Z,Not applicable,CITY,City,_Z,Not applicable,2024,,851199,,A,Normal value,0,Units,0,Zero
DATAFLOW,OECD.CFE.EDS:DSD_FUA_DEMO@DF_AGE_SEX(1.2),Population by age and sex - Cities and FUAs,I,IT005C,Palermo,A,Annual,POP,Population,PS,Persons,_T,Total,_T,Total,_Z,Not applicable,CITY,City,_Z,Not applicable,2024,,630427,,A,Normal value,0,Units,0,Zero
DATAFLOW,OECD.CFE.EDS:DSD_FUA_DEMO@DF_AGE_SEX(1.2),Population by age and sex - Cities and FUAs,I,IT061C,Bagheria,A,Annual,POP,Population,PS,Persons,_T,Total,_T,Total,_Z,Not applicable,CITY,City,_Z,Not applicable,2024,,53010,,A,Normal value,0,Units,0,Zero
DATAFLOW,OECD.CFE.EDS:DSD_FUA_DEMO@DF_AGE_SEX(1.2),Population by age and sex - Cities and FUAs,I,IT006C,Genova,A,Annual,POP,Population,PS,Persons,_T,Total,_T,Total,_Z,Not applicable,CITY,City,_Z,Not applicable,2024,,562422,,A,Normal value,0,Units,0,Zero
DATAFLOW,OECD.CFE.EDS:DSD_FUA_DEMO@DF_AGE_SEX(1.2),Population by age and sex - Cities and FUAs,I,IT007C,Firenze,A,Annual,POP,Population,PS,Persons,_T,Total,_T,Total,_Z,Not applicable,CITY,City,_Z,Not applicable,2024,,362613,,A,Normal value,0,Units,0,Zero
DATAFLOW,OECD.CFE.EDS:DSD_FUA_DEMO@DF_AGE_SEX(1.2),Population by age and sex - Cities and FUAs,I,IT008C,Bari,A,Annual,POP,Population,PS,Persons,_T,Total,_T,Total,_Z,Not applicable,CITY,City,_Z,Not applicable,2024,,316226,,A,Normal value,0,Units,0,Zero
DATAFLOW,OECD.CFE.EDS:DSD_FUA_DEMO@DF_AGE_SEX(1.2),Population by age and sex - Cities and FUAs,I,IT054C,Bitonto,A,Annual,POP,Population,PS,Persons,_T,Total,_T,Total,_Z,Not applicable,CITY,City,_Z,Not applicable,2024,,53103,,A,Normal value,0,Units,0,Zero
DATAFLOW,OECD.CFE.EDS:DSD_FUA_DEMO@DF_AGE_SEX(1.2),Population by age and sex - Cities and FUAs,I,IT009C,Bologna,A,Annual,POP,Population,PS,Persons,_T,Total,_T,Total,_Z,Not applicable,CITY,City,_Z,Not applicable,2024,,390098,,A,Normal value,0,Units,0,Zero
DATAFLOW,OECD.CFE.EDS:DSD_FUA_DEMO@DF_AGE_SEX(1.2),Population by age and sex - Cities and FUAs,I,IT010C,Catania,A,Annual,POP,Population,PS,Persons,_T,Total,_T,Total,_Z,Not applicable,CITY,City,_Z,Not applicable,2024,,441994,,A,Normal value,0,Units,0,Zero
DATAFLOW,OECD.CFE.EDS:DSD_FUA_DEMO@DF_AGE_SEX(1.2),Population by age and sex - Cities and FUAs,I,IT049C,Acireale,A,Annual,POP,Population,PS,Persons,_T,Total,_T,Total,_Z,Not applicable,CITY,City,_Z,Not applicable,2024,,96324,,A,Normal value,0,Units,0,Zero
DATAFLOW,OECD.CFE.EDS:DSD_FUA_DEMO@DF_AGE_SEX(1.2),Population by age and sex - Cities and FUAs,I,IT011C,Venezia,A,Annual,POP,Population,PS,Persons,_T,Total,_T,Total,_Z,Not applicable,CITY,City,_Z,Not applicable,2024,,250290,,A,Normal value,0,Units,0,Zero
DATAFLOW,OECD.CFE.EDS:DSD_FUA_DEMO@DF_AGE_SEX(1.2),Population by age and sex - Cities and FUAs,I,IT012C,Verona,A,Annual,POP,Population,PS,Persons,_T,Total,_T,Total,_Z,Not applicable,CITY,City,_Z,Not applicable,2024,,255298,,A,Normal value,0,Units,0,Zero
DATAFLOW,OECD.CFE.EDS:DSD_FUA_DEMO@DF_AGE_SEX(1.2),Population by age and sex - Cities and FUAs,I,IT013C,Cremona,A,Annual,POP,Population,PS,Persons,_T,Total,_T,Total,_Z,Not applicable,CITY,City,_Z,Not applicable,2024,,70675,,A,Normal value,0,Units,0,Zero
DATAFLOW,OECD.CFE.EDS:DSD_FUA_DEMO@DF_AGE_SEX(1.2),Population by age and sex - Cities and FUAs,I,IT014C,Trento,A,Annual,POP,Population,PS,Persons,_T,Total,_T,Total,_Z,Not applicable,CITY,City,_Z,Not applicable,2024,,118504,,A,Normal value,0,Units,0,Zero
DATAFLOW,OECD.CFE.EDS:DSD_FUA_DEMO@DF_AGE_SEX(1.2),Population by age and sex - Cities and FUAs,I,IT015C,Trieste,A,Annual,POP,Population,PS,Persons,_T,Total,_T,Total,_Z,Not applicable,CITY,City,_Z,Not applicable,2024,,198843,,A,Normal value,0,Units,0,Zero
DATAFLOW,OECD.CFE.EDS:DSD_FUA_DEMO@DF_AGE_SEX(1.2),Population by age and sex - Cities and FUAs,I,IT016C,Perugia,A,Annual,POP,Population,PS,Persons,_T,Total,_T,Total,_Z,Not applicable,CITY,City,_Z,Not applicable,2024,,162099,,A,Normal value,0,Units,0,Zero
DATAFLOW,OECD.CFE.EDS:DSD_FUA_DEMO@DF_AGE_SEX(1.2),Population by age and sex - Cities and FUAs,I,IT017C,Ancona,A,Annual,POP,Population,PS,Persons,_T,Total,_T,Total,_Z,Not applicable,CITY,City,_Z,Not applicable,2024,,99377,,A,Normal value,0,Units,0,Zero
DATAFLOW,OECD.CFE.EDS:DSD_FUA_DEMO@DF_AGE_SEX(1.2),Population by age and sex - Cities and FUAs,I,IT018C,Pescara,A,Annual,POP,Population,PS,Persons,_T,Total,_T,Total,_Z,Not applicable,CITY,City,_Z,Not applicable,2024,,197497,,A,Normal value,0,Units,0,Zero
DATAFLOW,OECD.CFE.EDS:DSD_FUA_DEMO@DF_AGE_SEX(1.2),Population by age and sex - Cities and FUAs,I,IT019C,Campobasso,A,Annual,POP,Population,PS,Persons,_T,Total,_T,Total,_Z,Not applicable,CITY,City,_Z,Not applicable,2024,,47418,,A,Normal value,0,Units,0,Zero
DATAFLOW,OECD.CFE.EDS:DSD_FUA_DEMO@DF_AGE_SEX(1.2),Population by age and sex - Cities and FUAs,I,IT020C,Caserta,A,Annual,POP,Population,PS,Persons,_T,Total,_T,Total,_Z,Not applicable,CITY,City,_Z,Not applicable,2024,,194522,,A,Normal value,0,Units,0,Zero
DATAFLOW,OECD.CFE.EDS:DSD_FUA_DEMO@DF_AGE_SEX(1.2),Population by age and sex - Cities and FUAs,I,IT021C,Taranto,A,Annual,POP,Population,PS,Persons,_T,Total,_T,Total,_Z,Not applicable,CITY,City,_Z,Not applicable,2024,,187025,,A,Normal value,0,Units,0,Zero
DATAFLOW,OECD.CFE.EDS:DSD_FUA_DEMO@DF_AGE_SEX(1.2),Population by age and sex - Cities and FUAs,I,IT022C,Potenza,A,Annual,POP,Population,PS,Persons,_T,Total,_T,Total,_Z,Not applicable,CITY,City,_Z,Not applicable,2024,,64070,,A,Normal value,0,Units,0,Zero
DATAFLOW,OECD.CFE.EDS:DSD_FUA_DEMO@DF_AGE_SEX(1.2),Population by age and sex - Cities and FUAs,I,IT023C,Catanzaro,A,Annual,POP,Population,PS,Persons,_T,Total,_T,Total,_Z,Not applicable,CITY,City,_Z,Not applicable,2024,,84109,,A,Normal value,0,Units,0,Zero
DATAFLOW,OECD.CFE.EDS:DSD_FUA_DEMO@DF_AGE_SEX(1.2),Population by age and sex - Cities and FUAs,I,IT024C,Reggio di Calabria,A,Annual,POP,Population,PS,Persons,_T,Total,_T,Total,_Z,Not applicable,CITY,City,_Z,Not applicable,2024,,169679,,A,Normal value,0,Units,0,Zero
DATAFLOW,OECD.CFE.EDS:DSD_FUA_DEMO@DF_AGE_SEX(1.2),Population by age and sex - Cities and FUAs,I,IT025C,Sassari,A,Annual,POP,Population,PS,Persons,_T,Total,_T,Total,_Z,Not applicable,CITY,City,_Z,Not applicable,2024,,121085,,A,Normal value,0,Units,0,Zero
DATAFLOW,OECD.CFE.EDS:DSD_FUA_DEMO@DF_AGE_SEX(1.2),Population by age and sex - Cities and FUAs,I,IT026C,Cagliari,A,Annual,POP,Population,PS,Persons,_T,Total,_T,Total,_Z,Not applicable,CITY,City,_Z,Not applicable,2024,,215920,,A,Normal value,0,Units,0,Zero
DATAFLOW,OECD.CFE.EDS:DSD_FUA_DEMO@DF_AGE_SEX(1.2),Population by age and sex - Cities and FUAs,I,IT027C,Padova,A,Annual,POP,Population,PS,Persons,_T,Total,_T,Total,_Z,Not applicable,CITY,City,_Z,Not applicable,2024,,207502,,A,Normal value,0,Units,0,Zero
DATAFLOW,OECD.CFE.EDS:DSD_FUA_DEMO@DF_AGE_SEX(1.2),Population by age and sex - Cities and FUAs,I,IT028C,Brescia,A,Annual,POP,Population,PS,Persons,_T,Total,_T,Total,_Z,Not applicable,CITY,City,_Z,Not applicable,2024,,198259,,A,Normal value,0,Units,0,Zero
DATAFLOW,OECD.CFE.EDS:DSD_FUA_DEMO@DF_AGE_SEX(1.2),Population by age and sex - Cities and FUAs,I,IT029C,Modena,A,Annual,POP,Population,PS,Persons,_T,Total,_T,Total,_Z,Not applicable,CITY,City,_Z,Not applicable,2024,,184597,,A,Normal value,0,Units,0,Zero
DATAFLOW,OECD.CFE.EDS:DSD_FUA_DEMO@DF_AGE_SEX(1.2),Population by age and sex - Cities and FUAs,I,IT030C,Foggia,A,Annual,POP,Population,PS,Persons,_T,Total,_T,Total,_Z,Not applicable,CITY,City,_Z,Not applicable,2024,,145652,,A,Normal value,0,Units,0,Zero
DATAFLOW,OECD.CFE.EDS:DSD_FUA_DEMO@DF_AGE_SEX(1.2),Population by age and sex - Cities and FUAs,I,IT031C,Salerno,A,Annual,POP,Population,PS,Persons,_T,Total,_T,Total,_Z,Not applicable,CITY,City,_Z,Not applicable,2024,,126715,,A,Normal value,0,Units,0,Zero
DATAFLOW,OECD.CFE.EDS:DSD_FUA_DEMO@DF_AGE_SEX(1.2),Population by age and sex - Cities and FUAs,I,IT032C,Piacenza,A,Annual,POP,Population,PS,Persons,_T,Total,_T,Total,_Z,Not applicable,CITY,City,_Z,Not applicable,2024,,102887,,A,Normal value,0,Units,0,Zero
DATAFLOW,OECD.CFE.EDS:DSD_FUA_DEMO@DF_AGE_SEX(1.2),Population by age and sex - Cities and FUAs,I,IT033C,Bolzano,A,Annual,POP,Population,PS,Persons,_T,Total,_T,Total,_Z,Not applicable,CITY,City,_Z,Not applicable,2024,,106357,,A,Normal value,0,Units,0,Zero
DATAFLOW,OECD.CFE.EDS:DSD_FUA_DEMO@DF_AGE_SEX(1.2),Population by age and sex - Cities and FUAs,I,IT034C,Udine,A,Annual,POP,Population,PS,Persons,_T,Total,_T,Total,_Z,Not applicable,CITY,City,_Z,Not applicable,2024,,98304,,A,Normal value,0,Units,0,Zero
DATAFLOW,OECD.CFE.EDS:DSD_FUA_DEMO@DF_AGE_SEX(1.2),Population by age and sex - Cities and FUAs,I,IT035C,La Spezia,A,Annual,POP,Population,PS,Persons,_T,Total,_T,Total,_Z,Not applicable,CITY,City,_Z,Not applicable,2024,,92696,,A,Normal value,0,Units,0,Zero
DATAFLOW,OECD.CFE.EDS:DSD_FUA_DEMO@DF_AGE_SEX(1.2),Population by age and sex - Cities and FUAs,I,IT036C,Lecce,A,Annual,POP,Population,PS,Persons,_T,Total,_T,Total,_Z,Not applicable,CITY,City,_Z,Not applicable,2024,,94250,,A,Normal value,0,Units,0,Zero
DATAFLOW,OECD.CFE.EDS:DSD_FUA_DEMO@DF_AGE_SEX(1.2),Population by age and sex - Cities and FUAs,I,IT037C,Barletta,A,Annual,POP,Population,PS,Persons,_T,Total,_T,Total,_Z,Not applicable,CITY,City,_Z,Not applicable,2024,,92365,,A,Normal value,0,Units,0,Zero
DATAFLOW,OECD.CFE.EDS:DSD_FUA_DEMO@DF_AGE_SEX(1.2),Population by age and sex - Cities and FUAs,I,IT038C,Pesaro,A,Annual,POP,Population,PS,Persons,_T,Total,_T,Total,_Z,Not applicable,CITY,City,_Z,Not applicable,2024,,95392,,A,Normal value,0,Units,0,Zero
DATAFLOW,OECD.CFE.EDS:DSD_FUA_DEMO@DF_AGE_SEX(1.2),Population by age and sex - Cities and FUAs,I,IT039C,Como,A,Annual,POP,Population,PS,Persons,_T,Total,_T,Total,_Z,Not applicable,CITY,City,_Z,Not applicable,2024,,83586,,A,Normal value,0,Units,0,Zero
DATAFLOW,OECD.CFE.EDS:DSD_FUA_DEMO@DF_AGE_SEX(1.2),Population by age and sex - Cities and FUAs,I,IT040C,Pisa,A,Annual,POP,Population,PS,Persons,_T,Total,_T,Total,_Z,Not applicable,CITY,City,_Z,Not applicable,2024,,89117,,A,Normal value,0,Units,0,Zero
DATAFLOW,OECD.CFE.EDS:DSD_FUA_DEMO@DF_AGE_SEX(1.2),Population by age and sex - Cities and FUAs,I,IT041C,Treviso,A,Annual,POP,Population,PS,Persons,_T,Total,_T,Total,_Z,Not applicable,CITY,City,_Z,Not applicable,2024,,85322,,A,Normal value,0,Units,0,Zero
DATAFLOW,OECD.CFE.EDS:DSD_FUA_DEMO@DF_AGE_SEX(1.2),Population by age and sex - Cities and FUAs,I,IT042C,Varese,A,Annual,POP,Population,PS,Persons,_T,Total,_T,Total,_Z,Not applicable,CITY,City,_Z,Not applicable,2024,,78818,,A,Normal value,0,Units,0,Zero
DATAFLOW,OECD.CFE.EDS:DSD_FUA_DEMO@DF_AGE_SEX(1.2),Population by age and sex - Cities and FUAs,I,IT043C,Asti,A,Annual,POP,Population,PS,Persons,_T,Total,_T,Total,_Z,Not applicable,CITY,City,_Z,Not applicable,2024,,73401,,A,Normal value,0,Units,0,Zero
DATAFLOW,OECD.CFE.EDS:DSD_FUA_DEMO@DF_AGE_SEX(1.2),Population by age and sex - Cities and FUAs,I,IT044C,Pavia,A,Annual,POP,Population,PS,Persons,_T,Total,_T,Total,_Z,Not applicable,CITY,City,_Z,Not applicable,2024,,71341,,A,Normal value,0,Units,0,Zero
DATAFLOW,OECD.CFE.EDS:DSD_FUA_DEMO@DF_AGE_SEX(1.2),Population by age and sex - Cities and FUAs,I,IT046C,Cosenza,A,Annual,POP,Population,PS,Persons,_T,Total,_T,Total,_Z,Not applicable,CITY,City,_Z,Not applicable,2024,,100363,,A,Normal value,0,Units,0,Zero
DATAFLOW,OECD.CFE.EDS:DSD_FUA_DEMO@DF_AGE_SEX(1.2),Population by age and sex - Cities and FUAs,I,IT047C,Savona,A,Annual,POP,Population,PS,Persons,_T,Total,_T,Total,_Z,Not applicable,CITY,City,_Z,Not applicable,2024,,58674,,A,Normal value,0,Units,0,Zero
DATAFLOW,OECD.CFE.EDS:DSD_FUA_DEMO@DF_AGE_SEX(1.2),Population by age and sex - Cities and FUAs,I,IT048C,Matera,A,Annual,POP,Population,PS,Persons,_T,Total,_T,Total,_Z,Not applicable,CITY,City,_Z,Not applicable,2024,,59652,,A,Normal value,0,Units,0,Zero
DATAFLOW,OECD.CFE.EDS:DSD_FUA_DEMO@DF_AGE_SEX(1.2),Population by age and sex - Cities and FUAs,I,IT050C,Avellino,A,Annual,POP,Population,PS,Persons,_T,Total,_T,Total,_Z,Not applicable,CITY,City,_Z,Not applicable,2024,,52121,,A,Normal value,0,Units,0,Zero
DATAFLOW,OECD.CFE.EDS:DSD_FUA_DEMO@DF_AGE_SEX(1.2),Population by age and sex - Cities and FUAs,I,IT051C,Pordenone,A,Annual,POP,Population,PS,Persons,_T,Total,_T,Total,_Z,Not applicable,CITY,City,_Z,Not applicable,2024,,52147,,A,Normal value,0,Units,0,Zero
DATAFLOW,OECD.CFE.EDS:DSD_FUA_DEMO@DF_AGE_SEX(1.2),Population by age and sex - Cities and FUAs,I,IT052C,Lecco,A,Annual,POP,Population,PS,Persons,_T,Total,_T,Total,_Z,Not applicable,CITY,City,_Z,Not applicable,2024,,47125,,A,Normal value,0,Units,0,Zero
DATAFLOW,OECD.CFE.EDS:DSD_FUA_DEMO@DF_AGE_SEX(1.2),Population by age and sex - Cities and FUAs,I,IT053C,Altamura,A,Annual,POP,Population,PS,Persons,_T,Total,_T,Total,_Z,Not applicable,CITY,City,_Z,Not applicable,2024,,70093,,A,Normal value,0,Units,0,Zero
DATAFLOW,OECD.CFE.EDS:DSD_FUA_DEMO@DF_AGE_SEX(1.2),Population by age and sex - Cities and FUAs,I,IT055C,Molfetta,A,Annual,POP,Population,PS,Persons,_T,Total,_T,Total,_Z,Not applicable,CITY,City,_Z,Not applicable,2024,,57305,,A,Normal value,0,Units,0,Zero
DATAFLOW,OECD.CFE.EDS:DSD_FUA_DEMO@DF_AGE_SEX(1.2),Population by age and sex - Cities and FUAs,I,IT056C,Battipaglia,A,Annual,POP,Population,PS,Persons,_T,Total,_T,Total,_Z,Not applicable,CITY,City,_Z,Not applicable,2024,,49496,,A,Normal value,0,Units,0,Zero
DATAFLOW,OECD.CFE.EDS:DSD_FUA_DEMO@DF_AGE_SEX(1.2),Population by age and sex - Cities and FUAs,I,IT057C,Bisceglie,A,Annual,POP,Population,PS,Persons,_T,Total,_T,Total,_Z,Not applicable,CITY,City,_Z,Not applicable,2024,,53536,,A,Normal value,0,Units,0,Zero
DATAFLOW,OECD.CFE.EDS:DSD_FUA_DEMO@DF_AGE_SEX(1.2),Population by age and sex - Cities and FUAs,I,IT058C,Carpi,A,Annual,POP,Population,PS,Persons,_T,Total,_T,Total,_Z,Not applicable,CITY,City,_Z,Not applicable,2024,,72523,,A,Normal value,0,Units,0,Zero
DATAFLOW,OECD.CFE.EDS:DSD_FUA_DEMO@DF_AGE_SEX(1.2),Population by age and sex - Cities and FUAs,I,IT059C,Cerignola,A,Annual,POP,Population,PS,Persons,_T,Total,_T,Total,_Z,Not applicable,CITY,City,_Z,Not applicable,2024,,57066,,A,Normal value,0,Units,0,Zero
DATAFLOW,OECD.CFE.EDS:DSD_FUA_DEMO@DF_AGE_SEX(1.2),Population by age and sex - Cities and FUAs,I,IT060C,Gela,A,Annual,POP,Population,PS,Persons,_T,Total,_T,Total,_Z,Not applicable,CITY,City,_Z,Not applicable,2024,,70856,,A,Normal value,0,Units,0,Zero
DATAFLOW,OECD.CFE.EDS:DSD_FUA_DEMO@DF_AGE_SEX(1.2),Population by age and sex - Cities and FUAs,I,IT063C,Sassuolo,A,Annual,POP,Population,PS,Persons,_T,Total,_T,Total,_Z,Not applicable,CITY,City,_Z,Not applicable,2024,,40996,,A,Normal value,0,Units,0,Zero
DATAFLOW,OECD.CFE.EDS:DSD_FUA_DEMO@DF_AGE_SEX(1.2),Population by age and sex - Cities and FUAs,I,IT064C,Messina,A,Annual,POP,Population,PS,Persons,_T,Total,_T,Total,_Z,Not applicable,CITY,City,_Z,Not applicable,2024,,217959,,A,Normal value,0,Units,0,Zero
DATAFLOW,OECD.CFE.EDS:DSD_FUA_DEMO@DF_AGE_SEX(1.2),Population by age and sex - Cities and FUAs,I,IT065C,Prato,A,Annual,POP,Population,PS,Persons,_T,Total,_T,Total,_Z,Not applicable,CITY,City,_Z,Not applicable,2024,,197088,,A,Normal value,0,Units,0,Zero
DATAFLOW,OECD.CFE.EDS:DSD_FUA_DEMO@DF_AGE_SEX(1.2),Population by age and sex - Cities and FUAs,I,IT066C,Parma,A,Annual,POP,Population,PS,Persons,_T,Total,_T,Total,_Z,Not applicable,CITY,City,_Z,Not applicable,2024,,198121,,A,Normal value,0,Units,0,Zero
DATAFLOW,OECD.CFE.EDS:DSD_FUA_DEMO@DF_AGE_SEX(1.2),Population by age and sex - Cities and FUAs,I,IT067C,Livorno,A,Annual,POP,Population,PS,Persons,_T,Total,_T,Total,_Z,Not applicable,CITY,City,_Z,Not applicable,2024,,153418,,A,Normal value,0,Units,0,Zero
DATAFLOW,OECD.CFE.EDS:DSD_FUA_DEMO@DF_AGE_SEX(1.2),Population by age and sex - Cities and FUAs,I,IT068C,Reggio nell'Emilia,A,Annual,POP,Population,PS,Persons,_T,Total,_T,Total,_Z,Not applicable,CITY,City,_Z,Not applicable,2024,,171207,,A,Normal value,0,Units,0,Zero
DATAFLOW,OECD.CFE.EDS:DSD_FUA_DEMO@DF_AGE_SEX(1.2),Population by age and sex - Cities and FUAs,I,IT069C,Ravenna,A,Annual,POP,Population,PS,Persons,_T,Total,_T,Total,_Z,Not applicable,CITY,City,_Z,Not applicable,2024,,156304,,A,Normal value,0,Units,0,Zero
DATAFLOW,OECD.CFE.EDS:DSD_FUA_DEMO@DF_AGE_SEX(1.2),Population by age and sex - Cities and FUAs,I,IT070C,Ferrara,A,Annual,POP,Population,PS,Persons,_T,Total,_T,Total,_Z,Not applicable,CITY,City,_Z,Not applicable,2024,,129391,,A,Normal value,0,Units,0,Zero
DATAFLOW,OECD.CFE.EDS:DSD_FUA_DEMO@DF_AGE_SEX(1.2),Population by age and sex - Cities and FUAs,I,IT071C,Rimini,A,Annual,POP,Population,PS,Persons,_T,Total,_T,Total,_Z,Not applicable,CITY,City,_Z,Not applicable,2024,,150046,,A,Normal value,0,Units,0,Zero
DATAFLOW,OECD.CFE.EDS:DSD_FUA_DEMO@DF_AGE_SEX(1.2),Population by age and sex - Cities and FUAs,I,IT072C,Siracusa,A,Annual,POP,Population,PS,Persons,_T,Total,_T,Total,_Z,Not applicable,CITY,City,_Z,Not applicable,2024,,116247,,A,Normal value,0,Units,0,Zero
DATAFLOW,OECD.CFE.EDS:DSD_FUA_DEMO@DF_AGE_SEX(1.2),Population by age and sex - Cities and FUAs,I,IT073C,Bergamo,A,Annual,POP,Population,PS,Persons,_T,Total,_T,Total,_Z,Not applicable,CITY,City,_Z,Not applicable,2024,,252689,,A,Normal value,0,Units,0,Zero
DATAFLOW,OECD.CFE.EDS:DSD_FUA_DEMO@DF_AGE_SEX(1.2),Population by age and sex - Cities and FUAs,I,IT074C,Forlì,A,Annual,POP,Population,PS,Persons,_T,Total,_T,Total,_Z,Not applicable,CITY,City,_Z,Not applicable,2024,,117050,,A,Normal value,0,Units,0,Zero
DATAFLOW,OECD.CFE.EDS:DSD_FUA_DEMO@DF_AGE_SEX(1.2),Population by age and sex - Cities and FUAs,I,IT075C,Latina,A,Annual,POP,Population,PS,Persons,_T,Total,_T,Total,_Z,Not applicable,CITY,City,_Z,Not applicable,2024,,127859,,A,Normal value,0,Units,0,Zero
DATAFLOW,OECD.CFE.EDS:DSD_FUA_DEMO@DF_AGE_SEX(1.2),Population by age and sex - Cities and FUAs,I,IT076C,Vicenza,A,Annual,POP,Population,PS,Persons,_T,Total,_T,Total,_Z,Not applicable,CITY,City,_Z,Not applicable,2024,,110299,,A,Normal value,0,Units,0,Zero
DATAFLOW,OECD.CFE.EDS:DSD_FUA_DEMO@DF_AGE_SEX(1.2),Population by age and sex - Cities and FUAs,I,IT077C,Terni,A,Annual,POP,Population,PS,Persons,_T,Total,_T,Total,_Z,Not applicable,CITY,City,_Z,Not applicable,2024,,106436,,A,Normal value,0,Units,0,Zero
DATAFLOW,OECD.CFE.EDS:DSD_FUA_DEMO@DF_AGE_SEX(1.2),Population by age and sex - Cities and FUAs,I,IT078C,Novara,A,Annual,POP,Population,PS,Persons,_T,Total,_T,Total,_Z,Not applicable,CITY,City,_Z,Not applicable,2024,,102187,,A,Normal value,0,Units,0,Zero
DATAFLOW,OECD.CFE.EDS:DSD_FUA_DEMO@DF_AGE_SEX(1.2),Population by age and sex - Cities and FUAs,I,IT079C,Alessandria,A,Annual,POP,Population,PS,Persons,_T,Total,_T,Total,_Z,Not applicable,CITY,City,_Z,Not applicable,2024,,91854,,A,Normal value,0,Units,0,Zero
DATAFLOW,OECD.CFE.EDS:DSD_FUA_DEMO@DF_AGE_SEX(1.2),Population by age and sex - Cities and FUAs,I,IT080C,Arezzo,A,Annual,POP,Population,PS,Persons,_T,Total,_T,Total,_Z,Not applicable,CITY,City,_Z,Not applicable,2024,,96330,,A,Normal value,0,Units,0,Zero
DATAFLOW,OECD.CFE.EDS:DSD_FUA_DEMO@DF_AGE_SEX(1.2),Population by age and sex - Cities and FUAs,I,IT081C,Grosseto,A,Annual,POP,Population,PS,Persons,_T,Total,_T,Total,_Z,Not applicable,CITY,City,_Z,Not applicable,2024,,81482,,A,Normal value,0,Units,0,Zero
DATAFLOW,OECD.CFE.EDS:DSD_FUA_DEMO@DF_AGE_SEX(1.2),Population by age and sex - Cities and FUAs,I,IT082C,Brindisi,A,Annual,POP,Population,PS,Persons,_T,Total,_T,Total,_Z,Not applicable,CITY,City,_Z,Not applicable,2024,,82298,,A,Normal value,0,Units,0,Zero
DATAFLOW,OECD.CFE.EDS:DSD_FUA_DEMO@DF_AGE_SEX(1.2),Population by age and sex - Cities and FUAs,I,IT083C,Trapani,A,Annual,POP,Population,PS,Persons,_T,Total,_T,Total,_Z,Not applicable,CITY,City,_Z,Not applicable,2024,,55229,,A,Normal value,0,Units,0,Zero
DATAFLOW,OECD.CFE.EDS:DSD_FUA_DEMO@DF_AGE_SEX(1.2),Population by age and sex - Cities and FUAs,I,IT084C,Ragusa,A,Annual,POP,Population,PS,Persons,_T,Total,_T,Total,_Z,Not applicable,CITY,City,_Z,Not applicable,2024,,73736,,A,Normal value,0,Units,0,Zero
DATAFLOW,OECD.CFE.EDS:DSD_FUA_DEMO@DF_AGE_SEX(1.2),Population by age and sex - Cities and FUAs,I,IT085C,Andria,A,Annual,POP,Population,PS,Persons,_T,Total,_T,Total,_Z,Not applicable,CITY,City,_Z,Not applicable,2024,,96941,,A,Normal value,0,Units,0,Zero
DATAFLOW,OECD.CFE.EDS:DSD_FUA_DEMO@DF_AGE_SEX(1.2),Population by age and sex - Cities and FUAs,I,IT087C,L'Aquila,A,Annual,POP,Population,PS,Persons,_T,Total,_T,Total,_Z,Not applicable,CITY,City,_Z,Not applicable,2024,,69717,,A,Normal value,0,Units,0,Zero
DATAFLOW,OECD.CFE.EDS:DSD_FUA_DEMO@DF_AGE_SEX(1.2),Population by age and sex - Cities and FUAs,I,LT001C,Vilnius,A,Annual,POP,Population,PS,Persons,_T,Total,_T,Total,_Z,Not applicable,CITY,City,_Z,Not applicable,2024,,602408,,A,Normal value,0,Units,0,Zero
DATAFLOW,OECD.CFE.EDS:DSD_FUA_DEMO@DF_AGE_SEX(1.2),Population by age and sex - Cities and FUAs,I,LT002C,Kaunas,A,Annual,POP,Population,PS,Persons,_T,Total,_T,Total,_Z,Not applicable,CITY,City,_Z,Not applicable,2024,,304177,,A,Normal value,0,Units,0,Zero
DATAFLOW,OECD.CFE.EDS:DSD_FUA_DEMO@DF_AGE_SEX(1.2),Population by age and sex - Cities and FUAs,I,LT003C,Panevėžys,A,Annual,POP,Population,PS,Persons,_T,Total,_T,Total,_Z,Not applicable,CITY,City,_Z,Not applicable,2024,,86595,,A,Normal value,0,Units,0,Zero
DATAFLOW,OECD.CFE.EDS:DSD_FUA_DEMO@DF_AGE_SEX(1.2),Population by age and sex - Cities and FUAs,I,LT004C,Alytus,A,Annual,POP,Population,PS,Persons,_T,Total,_T,Total,_Z,Not applicable,CITY,City,_Z,Not applicable,2024,,51340,,A,Normal value,0,Units,0,Zero
DATAFLOW,OECD.CFE.EDS:DSD_FUA_DEMO@DF_AGE_SEX(1.2),Population by age and sex - Cities and FUAs,I,LT005C,Klaipėda,A,Annual,POP,Population,PS,Persons,_T,Total,_T,Total,_Z,Not applicable,CITY,City,_Z,Not applicable,2024,,159279,,A,Normal value,0,Units,0,Zero
DATAFLOW,OECD.CFE.EDS:DSD_FUA_DEMO@DF_AGE_SEX(1.2),Population by age and sex - Cities and FUAs,I,LT006C,Šiauliai,A,Annual,POP,Population,PS,Persons,_T,Total,_T,Total,_Z,Not applicable,CITY,City,_Z,Not applicable,2024,,110331,,A,Normal value,0,Units,0,Zero
DATAFLOW,OECD.CFE.EDS:DSD_FUA_DEMO@DF_AGE_SEX(1.2),Population by age and sex - Cities and FUAs,I,LV001C,Riga,A,Annual,POP,Population,PS,Persons,_T,Total,_T,Total,_Z,Not applicable,CITY,City,_Z,Not applicable,2024,,598790,,A,Normal value,0,Units,0,Zero
DATAFLOW,OECD.CFE.EDS:DSD_FUA_DEMO@DF_AGE_SEX(1.2),Population by age and sex - Cities and FUAs,I,LV002C,Liepāja,A,Annual,POP,Population,PS,Persons,_T,Total,_T,Total,_Z,Not applicable,CITY,City,_Z,Not applicable,2024,,68081,,A,Normal value,0,Units,0,Zero
DATAFLOW,OECD.CFE.EDS:DSD_FUA_DEMO@DF_AGE_SEX(1.2),Population by age and sex - Cities and FUAs,I,LV004C,Daugavpils,A,Annual,POP,Population,PS,Persons,_T,Total,_T,Total,_Z,Not applicable,CITY,City,_Z,Not applicable,2024,,78931,,A,Normal value,0,Units,0,Zero
DATAFLOW,OECD.CFE.EDS:DSD_FUA_DEMO@DF_AGE_SEX(1.2),Population by age and sex - Cities and FUAs,I,NL001C,Amsterdam,A,Annual,POP,Population,PS,Persons,_T,Total,_T,Total,_Z,Not applicable,CITY,City,_Z,Not applicable,2024,,1080644,,A,Normal value,0,Units,0,Zero
DATAFLOW,OECD.CFE.EDS:DSD_FUA_DEMO@DF_AGE_SEX(1.2),Population by age and sex - Cities and FUAs,I,NL004C,Almere,A,Annual,POP,Population,PS,Persons,_T,Total,_T,Total,_Z,Not applicable,CITY,City,_Z,Not applicable,2024,,226500,,A,Normal value,0,Units,0,Zero
DATAFLOW,OECD.CFE.EDS:DSD_FUA_DEMO@DF_AGE_SEX(1.2),Population by age and sex - Cities and FUAs,I,NL019C,Haarlem,A,Annual,POP,Population,PS,Persons,_T,Total,_T,Total,_Z,Not applicable,CITY,City,_Z,Not applicable,2024,,219015,,A,Normal value,0,Units,0,Zero
DATAFLOW,OECD.CFE.EDS:DSD_FUA_DEMO@DF_AGE_SEX(1.2),Population by age and sex - Cities and FUAs,I,NL020C,Haarlemmermeer,A,Annual,POP,Population,PS,Persons,_T,Total,_T,Total,_Z,Not applicable,CITY,City,_Z,Not applicable,2024,,163128,,A,Normal value,0,Units,0,Zero
DATAFLOW,OECD.CFE.EDS:DSD_FUA_DEMO@DF_AGE_SEX(1.2),Population by age and sex - Cities and FUAs,I,NL021C,Heemskerk,A,Annual,POP,Population,PS,Persons,_T,Total,_T,Total,_Z,Not applicable,CITY,City,_Z,Not applicable,2024,,95718,,A,Normal value,0,Units,0,Zero
DATAFLOW,OECD.CFE.EDS:DSD_FUA_DEMO@DF_AGE_SEX(1.2),Population by age and sex - Cities and FUAs,I,NL026C,Hilversum,A,Annual,POP,Population,PS,Persons,_T,Total,_T,Total,_Z,Not applicable,CITY,City,_Z,Not applicable,2024,,94435,,A,Normal value,0,Units,0,Zero
DATAFLOW,OECD.CFE.EDS:DSD_FUA_DEMO@DF_AGE_SEX(1.2),Population by age and sex - Cities and FUAs,I,NL027C,Hoorn,A,Annual,POP,Population,PS,Persons,_T,Total,_T,Total,_Z,Not applicable,CITY,City,_Z,Not applicable,2024,,75645,,A,Normal value,0,Units,0,Zero
DATAFLOW,OECD.CFE.EDS:DSD_FUA_DEMO@DF_AGE_SEX(1.2),Population by age and sex - Cities and FUAs,I,NL036C,Purmerend,A,Annual,POP,Population,PS,Persons,_T,Total,_T,Total,_Z,Not applicable,CITY,City,_Z,Not applicable,2024,,95168,,A,Normal value,0,Units,0,Zero
DATAFLOW,OECD.CFE.EDS:DSD_FUA_DEMO@DF_AGE_SEX(1.2),Population by age and sex - Cities and FUAs,I,NL045C,Zaanstad,A,Annual,POP,Population,PS,Persons,_T,Total,_T,Total,_Z,Not applicable,CITY,City,_Z,Not applicable,2024,,177941,,A,Normal value,0,Units,0,Zero
DATAFLOW,OECD.CFE.EDS:DSD_FUA_DEMO@DF_AGE_SEX(1.2),Population by age and sex - Cities and FUAs,I,NL002C,Alkmaar,A,Annual,POP,Population,PS,Persons,_T,Total,_T,Total,_Z,Not applicable,CITY,City,_Z,Not applicable,2024,,202380,,A,Normal value,0,Units,0,Zero
DATAFLOW,OECD.CFE.EDS:DSD_FUA_DEMO@DF_AGE_SEX(1.2),Population by age and sex - Cities and FUAs,I,NL003C,Almelo,A,Annual,POP,Population,PS,Persons,_T,Total,_T,Total,_Z,Not applicable,CITY,City,_Z,Not applicable,2024,,74317,,A,Normal value,0,Units,0,Zero
DATAFLOW,OECD.CFE.EDS:DSD_FUA_DEMO@DF_AGE_SEX(1.2),Population by age and sex - Cities and FUAs,I,NL005C,Alphen aan den Rijn,A,Annual,POP,Population,PS,Persons,_T,Total,_T,Total,_Z,Not applicable,CITY,City,_Z,Not applicable,2024,,114966,,A,Normal value,0,Units,0,Zero
DATAFLOW,OECD.CFE.EDS:DSD_FUA_DEMO@DF_AGE_SEX(1.2),Population by age and sex - Cities and FUAs,I,NL006C,Amersfoort,A,Annual,POP,Population,PS,Persons,_T,Total,_T,Total,_Z,Not applicable,CITY,City,_Z,Not applicable,2024,,161852,,A,Normal value,0,Units,0,Zero
DATAFLOW,OECD.CFE.EDS:DSD_FUA_DEMO@DF_AGE_SEX(1.2),Population by age and sex - Cities and FUAs,I,NL007C,Apeldoorn,A,Annual,POP,Population,PS,Persons,_T,Total,_T,Total,_Z,Not applicable,CITY,City,_Z,Not applicable,2024,,168211,,A,Normal value,0,Units,0,Zero
DATAFLOW,OECD.CFE.EDS:DSD_FUA_DEMO@DF_AGE_SEX(1.2),Population by age and sex - Cities and FUAs,I,NL008C,Arnhem,A,Annual,POP,Population,PS,Persons,_T,Total,_T,Total,_Z,Not applicable,CITY,City,_Z,Not applicable,2024,,167632,,A,Normal value,0,Units,0,Zero
DATAFLOW,OECD.CFE.EDS:DSD_FUA_DEMO@DF_AGE_SEX(1.2),Population by age and sex - Cities and FUAs,I,NL010C,Bergen op Zoom,A,Annual,POP,Population,PS,Persons,_T,Total,_T,Total,_Z,Not applicable,CITY,City,_Z,Not applicable,2024,,69694,,A,Normal value,0,Units,0,Zero
DATAFLOW,OECD.CFE.EDS:DSD_FUA_DEMO@DF_AGE_SEX(1.2),Population by age and sex - Cities and FUAs,I,NL011C,Breda,A,Annual,POP,Population,PS,Persons,_T,Total,_T,Total,_Z,Not applicable,CITY,City,_Z,Not applicable,2024,,188078,,A,Normal value,0,Units,0,Zero
DATAFLOW,OECD.CFE.EDS:DSD_FUA_DEMO@DF_AGE_SEX(1.2),Population by age and sex - Cities and FUAs,I,NL012C,Deventer,A,Annual,POP,Population,PS,Persons,_T,Total,_T,Total,_Z,Not applicable,CITY,City,_Z,Not applicable,2024,,103405,,A,Normal value,0,Units,0,Zero
DATAFLOW,OECD.CFE.EDS:DSD_FUA_DEMO@DF_AGE_SEX(1.2),Population by age and sex - Cities and FUAs,I,NL013C,Ede,A,Annual,POP,Population,PS,Persons,_T,Total,_T,Total,_Z,Not applicable,CITY,City,_Z,Not applicable,2024,,123532,,A,Normal value,0,Units,0,Zero
DATAFLOW,OECD.CFE.EDS:DSD_FUA_DEMO@DF_AGE_SEX(1.2),Population by age and sex - Cities and FUAs,I,NL014C,Eindhoven,A,Annual,POP,Population,PS,Persons,_T,Total,_T,Total,_Z,Not applicable,CITY,City,_Z,Not applicable,2024,,293244,,A,Normal value,0,Units,0,Zero
DATAFLOW,OECD.CFE.EDS:DSD_FUA_DEMO@DF_AGE_SEX(1.2),Population by age and sex - Cities and FUAs,I,NL023C,Helmond,A,Annual,POP,Population,PS,Persons,_T,Total,_T,Total,_Z,Not applicable,CITY,City,_Z,Not applicable,2024,,95874,,A,Normal value,0,Units,0,Zero
DATAFLOW,OECD.CFE.EDS:DSD_FUA_DEMO@DF_AGE_SEX(1.2),Population by age and sex - Cities and FUAs,I,NL015C,Enschede,A,Annual,POP,Population,PS,Persons,_T,Total,_T,Total,_Z,Not applicable,CITY,City,_Z,Not applicable,2024,,161738,,A,Normal value,0,Units,0,Zero
DATAFLOW,OECD.CFE.EDS:DSD_FUA_DEMO@DF_AGE_SEX(1.2),Population by age and sex - Cities and FUAs,I,NL024C,Hengelo,A,Annual,POP,Population,PS,Persons,_T,Total,_T,Total,_Z,Not applicable,CITY,City,_Z,Not applicable,2024,,83058,,A,Normal value,0,Units,0,Zero
DATAFLOW,OECD.CFE.EDS:DSD_FUA_DEMO@DF_AGE_SEX(1.2),Population by age and sex - Cities and FUAs,I,NL016C,Gouda,A,Annual,POP,Population,PS,Persons,_T,Total,_T,Total,_Z,Not applicable,CITY,City,_Z,Not applicable,2024,,75758,,A,Normal value,0,Units,0,Zero
DATAFLOW,OECD.CFE.EDS:DSD_FUA_DEMO@DF_AGE_SEX(1.2),Population by age and sex - Cities and FUAs,I,NL017C,'s-Gravenhage,A,Annual,POP,Population,PS,Persons,_T,Total,_T,Total,_Z,Not applicable,CITY,City,_Z,Not applicable,2024,,833046,,A,Normal value,0,Units,0,Zero
DATAFLOW,OECD.CFE.EDS:DSD_FUA_DEMO@DF_AGE_SEX(1.2),Population by age and sex - Cities and FUAs,I,NL046C,Zoetermeer,A,Annual,POP,Population,PS,Persons,_T,Total,_T,Total,_Z,Not applicable,CITY,City,_Z,Not applicable,2024,,128434,,A,Normal value,0,Units,0,Zero
DATAFLOW,OECD.CFE.EDS:DSD_FUA_DEMO@DF_AGE_SEX(1.2),Population by age and sex - Cities and FUAs,I,NL009C,Assen,A,Annual,POP,Population,PS,Persons,_T,Total,_T,Total,_Z,Not applicable,CITY,City,_Z,Not applicable,2024,,69701,,A,Normal value,0,Units,0,Zero
DATAFLOW,OECD.CFE.EDS:DSD_FUA_DEMO@DF_AGE_SEX(1.2),Population by age and sex - Cities and FUAs,I,NL018C,Groningen,A,Annual,POP,Population,PS,Persons,_T,Total,_T,Total,_Z,Not applicable,CITY,City,_Z,Not applicable,2024,,243768,,A,Normal value,0,Units,0,Zero
DATAFLOW,OECD.CFE.EDS:DSD_FUA_DEMO@DF_AGE_SEX(1.2),Population by age and sex - Cities and FUAs,I,NL022C,Heerlen,A,Annual,POP,Population,PS,Persons,_T,Total,_T,Total,_Z,Not applicable,CITY,City,_Z,Not applicable,2024,,152343,,A,Normal value,0,Units,0,Zero
DATAFLOW,OECD.CFE.EDS:DSD_FUA_DEMO@DF_AGE_SEX(1.2),Population by age and sex - Cities and FUAs,I,NL025C,'s-Hertogenbosch,A,Annual,POP,Population,PS,Persons,_T,Total,_T,Total,_Z,Not applicable,CITY,City,_Z,Not applicable,2024,,160757,,A,Normal value,0,Units,0,Zero
DATAFLOW,OECD.CFE.EDS:DSD_FUA_DEMO@DF_AGE_SEX(1.2),Population by age and sex - Cities and FUAs,I,NL028C,Leeuwarden,A,Annual,POP,Population,PS,Persons,_T,Total,_T,Total,_Z,Not applicable,CITY,City,_Z,Not applicable,2024,,128810,,A,Normal value,0,Units,0,Zero
DATAFLOW,OECD.CFE.EDS:DSD_FUA_DEMO@DF_AGE_SEX(1.2),Population by age and sex - Cities and FUAs,I,NL029C,Leiden,A,Annual,POP,Population,PS,Persons,_T,Total,_T,Total,_Z,Not applicable,CITY,City,_Z,Not applicable,2024,,276383,,A,Normal value,0,Units,0,Zero
DATAFLOW,OECD.CFE.EDS:DSD_FUA_DEMO@DF_AGE_SEX(1.2),Population by age and sex - Cities and FUAs,I,NL030C,Lelystad,A,Annual,POP,Population,PS,Persons,_T,Total,_T,Total,_Z,Not applicable,CITY,City,_Z,Not applicable,2024,,84080,,A,Normal value,0,Units,0,Zero
DATAFLOW,OECD.CFE.EDS:DSD_FUA_DEMO@DF_AGE_SEX(1.2),Population by age and sex - Cities and FUAs,I,NL031C,Maastricht,A,Annual,POP,Population,PS,Persons,_T,Total,_T,Total,_Z,Not applicable,CITY,City,_Z,Not applicable,2024,,125285,,A,Normal value,0,Units,0,Zero
DATAFLOW,OECD.CFE.EDS:DSD_FUA_DEMO@DF_AGE_SEX(1.2),Population by age and sex - Cities and FUAs,I,NL033C,Nijmegen,A,Annual,POP,Population,PS,Persons,_T,Total,_T,Total,_Z,Not applicable,CITY,City,_Z,Not applicable,2024,,187049,,A,Normal value,0,Units,0,Zero
DATAFLOW,OECD.CFE.EDS:DSD_FUA_DEMO@DF_AGE_SEX(1.2),Population by age and sex - Cities and FUAs,I,NL035C,Oss,A,Annual,POP,Population,PS,Persons,_T,Total,_T,Total,_Z,Not applicable,CITY,City,_Z,Not applicable,2024,,94634,,A,Normal value,0,Units,0,Zero
DATAFLOW,OECD.CFE.EDS:DSD_FUA_DEMO@DF_AGE_SEX(1.2),Population by age and sex - Cities and FUAs,I,NL034C,Nissewaard,A,Annual,POP,Population,PS,Persons,_T,Total,_T,Total,_Z,Not applicable,CITY,City,_Z,Not applicable,2024,,114067,,A,Normal value,0,Units,0,Zero
DATAFLOW,OECD.CFE.EDS:DSD_FUA_DEMO@DF_AGE_SEX(1.2),Population by age and sex - Cities and FUAs,I,NL037C,Rotterdam,A,Annual,POP,Population,PS,Persons,_T,Total,_T,Total,_Z,Not applicable,CITY,City,_Z,Not applicable,2024,,1301205,,A,Normal value,0,Units,0,Zero
DATAFLOW,OECD.CFE.EDS:DSD_FUA_DEMO@DF_AGE_SEX(1.2),Population by age and sex - Cities and FUAs,I,NL038C,Roosendaal,A,Annual,POP,Population,PS,Persons,_T,Total,_T,Total,_Z,Not applicable,CITY,City,_Z,Not applicable,2024,,77559,,A,Normal value,0,Units,0,Zero
DATAFLOW,OECD.CFE.EDS:DSD_FUA_DEMO@DF_AGE_SEX(1.2),Population by age and sex - Cities and FUAs,I,NL039C,Sittard-Geleen,A,Annual,POP,Population,PS,Persons,_T,Total,_T,Total,_Z,Not applicable,CITY,City,_Z,Not applicable,2024,,108865,,A,Normal value,0,Units,0,Zero
DATAFLOW,OECD.CFE.EDS:DSD_FUA_DEMO@DF_AGE_SEX(1.2),Population by age and sex - Cities and FUAs,I,NL040C,Soest,A,Annual,POP,Population,PS,Persons,_T,Total,_T,Total,_Z,Not applicable,CITY,City,_Z,Not applicable,2024,,72747,,A,Normal value,0,Units,0,Zero
DATAFLOW,OECD.CFE.EDS:DSD_FUA_DEMO@DF_AGE_SEX(1.2),Population by age and sex - Cities and FUAs,I,NL041C,Tilburg,A,Annual,POP,Population,PS,Persons,_T,Total,_T,Total,_Z,Not applicable,CITY,City,_Z,Not applicable,2024,,254163,,A,Normal value,0,Units,0,Zero
DATAFLOW,OECD.CFE.EDS:DSD_FUA_DEMO@DF_AGE_SEX(1.2),Population by age and sex - Cities and FUAs,I,NL042C,Utrecht,A,Annual,POP,Population,PS,Persons,_T,Total,_T,Total,_Z,Not applicable,CITY,City,_Z,Not applicable,2024,,473630,,A,Normal value,0,Units,0,Zero
DATAFLOW,OECD.CFE.EDS:DSD_FUA_DEMO@DF_AGE_SEX(1.2),Population by age and sex - Cities and FUAs,I,NL043C,Veenendaal,A,Annual,POP,Population,PS,Persons,_T,Total,_T,Total,_Z,Not applicable,CITY,City,_Z,Not applicable,2024,,69440,,A,Normal value,0,Units,0,Zero
DATAFLOW,OECD.CFE.EDS:DSD_FUA_DEMO@DF_AGE_SEX(1.2),Population by age and sex - Cities and FUAs,I,NL044C,Venlo,A,Annual,POP,Population,PS,Persons,_T,Total,_T,Total,_Z,Not applicable,CITY,City,_Z,Not applicable,2024,,103789,,A,Normal value,0,Units,0,Zero
DATAFLOW,OECD.CFE.EDS:DSD_FUA_DEMO@DF_AGE_SEX(1.2),Population by age and sex - Cities and FUAs,I,NL047C,Zwolle,A,Annual,POP,Population,PS,Persons,_T,Total,_T,Total,_Z,Not applicable,CITY,City,_Z,Not applicable,2024,,133141,,A,Normal value,0,Units,0,Zero
DATAFLOW,OECD.CFE.EDS:DSD_FUA_DEMO@DF_AGE_SEX(1.2),Population by age and sex - Cities and FUAs,I,NO001C,Oslo,A,Annual,POP,Population,PS,Persons,_T,Total,_T,Total,_Z,Not applicable,CITY,City,_Z,Not applicable,2024,,830484,,A,Normal value,0,Units,0,Zero
DATAFLOW,OECD.CFE.EDS:DSD_FUA_DEMO@DF_AGE_SEX(1.2),Population by age and sex - Cities and FUAs,I,NO002C,Bergen,A,Annual,POP,Population,PS,Persons,_T,Total,_T,Total,_Z,Not applicable,CITY,City,_Z,Not applicable,2024,,291940,,A,Normal value,0,Units,0,Zero
DATAFLOW,OECD.CFE.EDS:DSD_FUA_DEMO@DF_AGE_SEX(1.2),Population by age and sex - Cities and FUAs,I,NO003C,Trondheim,A,Annual,POP,Population,PS,Persons,_T,Total,_T,Total,_Z,Not applicable,CITY,City,_Z,Not applicable,2024,,214565,,A,Normal value,0,Units,0,Zero
DATAFLOW,OECD.CFE.EDS:DSD_FUA_DEMO@DF_AGE_SEX(1.2),Population by age and sex - Cities and FUAs,I,NO004C,Stavanger,A,Annual,POP,Population,PS,Persons,_T,Total,_T,Total,_Z,Not applicable,CITY,City,_Z,Not applicable,2024,,232750,,A,Normal value,0,Units,0,Zero
DATAFLOW,OECD.CFE.EDS:DSD_FUA_DEMO@DF_AGE_SEX(1.2),Population by age and sex - Cities and FUAs,I,NZL01C,Auckland,A,Annual,POP,Population,PS,Persons,_T,Total,_T,Total,_Z,Not applicable,CITY,City,_Z,Not applicable,2024,,1530440,,A,Normal value,0,Units,0,Zero
DATAFLOW,OECD.CFE.EDS:DSD_FUA_DEMO@DF_AGE_SEX(1.2),Population by age and sex - Cities and FUAs,I,NZL54C,Orewa,A,Annual,POP,Population,PS,Persons,_T,Total,_T,Total,_Z,Not applicable,CITY,City,_Z,Not applicable,2024,,64210,,A,Normal value,0,Units,0,Zero
DATAFLOW,OECD.CFE.EDS:DSD_FUA_DEMO@DF_AGE_SEX(1.2),Population by age and sex - Cities and FUAs,I,NZL55C,Pukekohe,A,Annual,POP,Population,PS,Persons,_T,Total,_T,Total,_Z,Not applicable,CITY,City,_Z,Not applicable,2024,,28460,,A,Normal value,0,Units,0,Zero
DATAFLOW,OECD.CFE.EDS:DSD_FUA_DEMO@DF_AGE_SEX(1.2),Population by age and sex - Cities and FUAs,I,NZL02C,Christchurch,A,Annual,POP,Population,PS,Persons,_T,Total,_T,Total,_Z,Not applicable,CITY,City,_Z,Not applicable,2024,,400580,,A,Normal value,0,Units,0,Zero
DATAFLOW,OECD.CFE.EDS:DSD_FUA_DEMO@DF_AGE_SEX(1.2),Population by age and sex - Cities and FUAs,I,NZL56C,Rangiora,A,Annual,POP,Population,PS,Persons,_T,Total,_T,Total,_Z,Not applicable,CITY,City,_Z,Not applicable,2024,,19150,,A,Normal value,0,Units,0,Zero
DATAFLOW,OECD.CFE.EDS:DSD_FUA_DEMO@DF_AGE_SEX(1.2),Population by age and sex - Cities and FUAs,I,NZL57C,Kaiapoi,A,Annual,POP,Population,PS,Persons,_T,Total,_T,Total,_Z,Not applicable,CITY,City,_Z,Not applicable,2024,,13560,,A,Normal value,0,Units,0,Zero
DATAFLOW,OECD.CFE.EDS:DSD_FUA_DEMO@DF_AGE_SEX(1.2),Population by age and sex - Cities and FUAs,I,NZL58C,Rolleston,A,Annual,POP,Population,PS,Persons,_T,Total,_T,Total,_Z,Not applicable,CITY,City,_Z,Not applicable,2024,,33210,,A,Normal value,0,Units,0,Zero
DATAFLOW,OECD.CFE.EDS:DSD_FUA_DEMO@DF_AGE_SEX(1.2),Population by age and sex - Cities and FUAs,I,NZL03C,Wellington,A,Annual,POP,Population,PS,Persons,_T,Total,_T,Total,_Z,Not applicable,CITY,City,_Z,Not applicable,2024,,426120,,A,Normal value,0,Units,0,Zero
DATAFLOW,OECD.CFE.EDS:DSD_FUA_DEMO@DF_AGE_SEX(1.2),Population by age and sex - Cities and FUAs,I,NZL04C,Hamilton,A,Annual,POP,Population,PS,Persons,_T,Total,_T,Total,_Z,Not applicable,CITY,City,_Z,Not applicable,2024,,189690,,A,Normal value,0,Units,0,Zero
DATAFLOW,OECD.CFE.EDS:DSD_FUA_DEMO@DF_AGE_SEX(1.2),Population by age and sex - Cities and FUAs,I,NZL05C,Tauranga,A,Annual,POP,Population,PS,Persons,_T,Total,_T,Total,_Z,Not applicable,CITY,City,_Z,Not applicable,2024,,161020,,A,Normal value,0,Units,0,Zero
DATAFLOW,OECD.CFE.EDS:DSD_FUA_DEMO@DF_AGE_SEX(1.2),Population by age and sex - Cities and FUAs,I,NZL06C,Dunedin,A,Annual,POP,Population,PS,Persons,_T,Total,_T,Total,_Z,Not applicable,CITY,City,_Z,Not applicable,2024,,103170,,A,Normal value,0,Units,0,Zero
DATAFLOW,OECD.CFE.EDS:DSD_FUA_DEMO@DF_AGE_SEX(1.2),Population by age and sex - Cities and FUAs,I,NZL59C,Mosgiel,A,Annual,POP,Population,PS,Persons,_T,Total,_T,Total,_Z,Not applicable,CITY,City,_Z,Not applicable,2024,,14850,,A,Normal value,0,Units,0,Zero
DATAFLOW,OECD.CFE.EDS:DSD_FUA_DEMO@DF_AGE_SEX(1.2),Population by age and sex - Cities and FUAs,I,NZL07C,Palmerston North,A,Annual,POP,Population,PS,Persons,_T,Total,_T,Total,_Z,Not applicable,CITY,City,_Z,Not applicable,2024,,81850,,A,Normal value,0,Units,0,Zero
DATAFLOW,OECD.CFE.EDS:DSD_FUA_DEMO@DF_AGE_SEX(1.2),Population by age and sex - Cities and FUAs,I,NZL08C,New Plymouth,A,Annual,POP,Population,PS,Persons,_T,Total,_T,Total,_Z,Not applicable,CITY,City,_Z,Not applicable,2024,,60350,,A,Normal value,0,Units,0,Zero
DATAFLOW,OECD.CFE.EDS:DSD_FUA_DEMO@DF_AGE_SEX(1.2),Population by age and sex - Cities and FUAs,I,NZL09C,Nelson,A,Annual,POP,Population,PS,Persons,_T,Total,_T,Total,_Z,Not applicable,CITY,City,_Z,Not applicable,2024,,70570,,A,Normal value,0,Units,0,Zero
DATAFLOW,OECD.CFE.EDS:DSD_FUA_DEMO@DF_AGE_SEX(1.2),Population by age and sex - Cities and FUAs,I,NZL10C,Whangārei,A,Annual,POP,Population,PS,Persons,_T,Total,_T,Total,_Z,Not applicable,CITY,City,_Z,Not applicable,2024,,56140,,A,Normal value,0,Units,0,Zero
DATAFLOW,OECD.CFE.EDS:DSD_FUA_DEMO@DF_AGE_SEX(1.2),Population by age and sex - Cities and FUAs,I,NZL11C,Hastings,A,Annual,POP,Population,PS,Persons,_T,Total,_T,Total,_Z,Not applicable,CITY,City,_Z,Not applicable,2024,,50260,,A,Normal value,0,Units,0,Zero
DATAFLOW,OECD.CFE.EDS:DSD_FUA_DEMO@DF_AGE_SEX(1.2),Population by age and sex - Cities and FUAs,I,NZL60C,Havelock North,A,Annual,POP,Population,PS,Persons,_T,Total,_T,Total,_Z,Not applicable,CITY,City,_Z,Not applicable,2024,,15150,,A,Normal value,0,Units,0,Zero
DATAFLOW,OECD.CFE.EDS:DSD_FUA_DEMO@DF_AGE_SEX(1.2),Population by age and sex - Cities and FUAs,I,NZL12C,Rotorua,A,Annual,POP,Population,PS,Persons,_T,Total,_T,Total,_Z,Not applicable,CITY,City,_Z,Not applicable,2024,,57900,,A,Normal value,0,Units,0,Zero
DATAFLOW,OECD.CFE.EDS:DSD_FUA_DEMO@DF_AGE_SEX(1.2),Population by age and sex - Cities and FUAs,I,NZL13C,Napier,A,Annual,POP,Population,PS,Persons,_T,Total,_T,Total,_Z,Not applicable,CITY,City,_Z,Not applicable,2024,,66820,,A,Normal value,0,Units,0,Zero
DATAFLOW,OECD.CFE.EDS:DSD_FUA_DEMO@DF_AGE_SEX(1.2),Population by age and sex - Cities and FUAs,I,NZL14C,Invercargill,A,Annual,POP,Population,PS,Persons,_T,Total,_T,Total,_Z,Not applicable,CITY,City,_Z,Not applicable,2024,,50780,,A,Normal value,0,Units,0,Zero
DATAFLOW,OECD.CFE.EDS:DSD_FUA_DEMO@DF_AGE_SEX(1.2),Population by age and sex - Cities and FUAs,I,PL001C,Warszawa,A,Annual,POP,Population,PS,Persons,_T,Total,_T,Total,_Z,Not applicable,CITY,City,_Z,Not applicable,2024,,1863845,,A,Normal value,0,Units,0,Zero
DATAFLOW,OECD.CFE.EDS:DSD_FUA_DEMO@DF_AGE_SEX(1.2),Population by age and sex - Cities and FUAs,I,PL002C,Łódź,A,Annual,POP,Population,PS,Persons,_T,Total,_T,Total,_Z,Not applicable,CITY,City,_Z,Not applicable,2024,,645693,,A,Normal value,0,Units,0,Zero
DATAFLOW,OECD.CFE.EDS:DSD_FUA_DEMO@DF_AGE_SEX(1.2),Population by age and sex - Cities and FUAs,I,PL043C,Pabianice,A,Annual,POP,Population,PS,Persons,_T,Total,_T,Total,_Z,Not applicable,CITY,City,_Z,Not applicable,2024,,59910,,A,Normal value,0,Units,0,Zero
DATAFLOW,OECD.CFE.EDS:DSD_FUA_DEMO@DF_AGE_SEX(1.2),Population by age and sex - Cities and FUAs,I,PL003C,Kraków,A,Annual,POP,Population,PS,Persons,_T,Total,_T,Total,_Z,Not applicable,CITY,City,_Z,Not applicable,2024,,809168,,A,Normal value,0,Units,0,Zero
DATAFLOW,OECD.CFE.EDS:DSD_FUA_DEMO@DF_AGE_SEX(1.2),Population by age and sex - Cities and FUAs,I,PL004C,Wrocław,A,Annual,POP,Population,PS,Persons,_T,Total,_T,Total,_Z,Not applicable,CITY,City,_Z,Not applicable,2024,,672882,,A,Normal value,0,Units,0,Zero
DATAFLOW,OECD.CFE.EDS:DSD_FUA_DEMO@DF_AGE_SEX(1.2),Population by age and sex - Cities and FUAs,I,PL005C,Poznań,A,Annual,POP,Population,PS,Persons,_T,Total,_T,Total,_Z,Not applicable,CITY,City,_Z,Not applicable,2024,,536151,,A,Normal value,0,Units,0,Zero
DATAFLOW,OECD.CFE.EDS:DSD_FUA_DEMO@DF_AGE_SEX(1.2),Population by age and sex - Cities and FUAs,I,PL006C,Gdańsk,A,Annual,POP,Population,PS,Persons,_T,Total,_T,Total,_Z,Not applicable,CITY,City,_Z,Not applicable,2024,,488651,,A,Normal value,0,Units,0,Zero
DATAFLOW,OECD.CFE.EDS:DSD_FUA_DEMO@DF_AGE_SEX(1.2),Population by age and sex - Cities and FUAs,I,PL007C,Szczecin,A,Annual,POP,Population,PS,Persons,_T,Total,_T,Total,_Z,Not applicable,CITY,City,_Z,Not applicable,2024,,386706,,A,Normal value,0,Units,0,Zero
DATAFLOW,OECD.CFE.EDS:DSD_FUA_DEMO@DF_AGE_SEX(1.2),Population by age and sex - Cities and FUAs,I,PL008C,Bydgoszcz,A,Annual,POP,Population,PS,Persons,_T,Total,_T,Total,_Z,Not applicable,CITY,City,_Z,Not applicable,2024,,324043,,A,Normal value,0,Units,0,Zero
DATAFLOW,OECD.CFE.EDS:DSD_FUA_DEMO@DF_AGE_SEX(1.2),Population by age and sex - Cities and FUAs,I,PL009C,Lublin,A,Annual,POP,Population,PS,Persons,_T,Total,_T,Total,_Z,Not applicable,CITY,City,_Z,Not applicable,2024,,328305,,A,Normal value,0,Units,0,Zero
DATAFLOW,OECD.CFE.EDS:DSD_FUA_DEMO@DF_AGE_SEX(1.2),Population by age and sex - Cities and FUAs,I,PL010C,Katowice,A,Annual,POP,Population,PS,Persons,_T,Total,_T,Total,_Z,Not applicable,CITY,City,_Z,Not applicable,2024,,278885,,A,Normal value,0,Units,0,Zero
DATAFLOW,OECD.CFE.EDS:DSD_FUA_DEMO@DF_AGE_SEX(1.2),Population by age and sex - Cities and FUAs,I,PL054C,Sosnowiec,A,Annual,POP,Population,PS,Persons,_T,Total,_T,Total,_Z,Not applicable,CITY,City,_Z,Not applicable,2024,,184988,,A,Normal value,0,Units,0,Zero
DATAFLOW,OECD.CFE.EDS:DSD_FUA_DEMO@DF_AGE_SEX(1.2),Population by age and sex - Cities and FUAs,I,PL057C,Bytom,A,Annual,POP,Population,PS,Persons,_T,Total,_T,Total,_Z,Not applicable,CITY,City,_Z,Not applicable,2024,,146290,,A,Normal value,0,Units,0,Zero
DATAFLOW,OECD.CFE.EDS:DSD_FUA_DEMO@DF_AGE_SEX(1.2),Population by age and sex - Cities and FUAs,I,PL059C,Ruda Śląska,A,Annual,POP,Population,PS,Persons,_T,Total,_T,Total,_Z,Not applicable,CITY,City,_Z,Not applicable,2024,,128793,,A,Normal value,0,Units,0,Zero
DATAFLOW,OECD.CFE.EDS:DSD_FUA_DEMO@DF_AGE_SEX(1.2),Population by age and sex - Cities and FUAs,I,PL066C,Chorzów,A,Annual,POP,Population,PS,Persons,_T,Total,_T,Total,_Z,Not applicable,CITY,City,_Z,Not applicable,2024,,99420,,A,Normal value,0,Units,0,Zero
DATAFLOW,OECD.CFE.EDS:DSD_FUA_DEMO@DF_AGE_SEX(1.2),Population by age and sex - Cities and FUAs,I,PL011C,Białystok,A,Annual,POP,Population,PS,Persons,_T,Total,_T,Total,_Z,Not applicable,CITY,City,_Z,Not applicable,2024,,290386,,A,Normal value,0,Units,0,Zero
DATAFLOW,OECD.CFE.EDS:DSD_FUA_DEMO@DF_AGE_SEX(1.2),Population by age and sex - Cities and FUAs,I,PL012C,Kielce,A,Annual,POP,Population,PS,Persons,_T,Total,_T,Total,_Z,Not applicable,CITY,City,_Z,Not applicable,2024,,180537,,A,Normal value,0,Units,0,Zero
DATAFLOW,OECD.CFE.EDS:DSD_FUA_DEMO@DF_AGE_SEX(1.2),Population by age and sex - Cities and FUAs,I,PL013C,Toruń,A,Annual,POP,Population,PS,Persons,_T,Total,_T,Total,_Z,Not applicable,CITY,City,_Z,Not applicable,2024,,193717,,A,Normal value,0,Units,0,Zero
DATAFLOW,OECD.CFE.EDS:DSD_FUA_DEMO@DF_AGE_SEX(1.2),Population by age and sex - Cities and FUAs,I,PL014C,Olsztyn,A,Annual,POP,Population,PS,Persons,_T,Total,_T,Total,_Z,Not applicable,CITY,City,_Z,Not applicable,2024,,166392,,A,Normal value,0,Units,0,Zero
DATAFLOW,OECD.CFE.EDS:DSD_FUA_DEMO@DF_AGE_SEX(1.2),Population by age and sex - Cities and FUAs,I,PL015C,Rzeszów,A,Annual,POP,Population,PS,Persons,_T,Total,_T,Total,_Z,Not applicable,CITY,City,_Z,Not applicable,2024,,198317,,A,Normal value,0,Units,0,Zero
DATAFLOW,OECD.CFE.EDS:DSD_FUA_DEMO@DF_AGE_SEX(1.2),Population by age and sex - Cities and FUAs,I,PL016C,Opole,A,Annual,POP,Population,PS,Persons,_T,Total,_T,Total,_Z,Not applicable,CITY,City,_Z,Not applicable,2024,,125492,,A,Normal value,0,Units,0,Zero
DATAFLOW,OECD.CFE.EDS:DSD_FUA_DEMO@DF_AGE_SEX(1.2),Population by age and sex - Cities and FUAs,I,PL017C,Gorzów Wielkopolski,A,Annual,POP,Population,PS,Persons,_T,Total,_T,Total,_Z,Not applicable,CITY,City,_Z,Not applicable,2024,,114700,,A,Normal value,0,Units,0,Zero
DATAFLOW,OECD.CFE.EDS:DSD_FUA_DEMO@DF_AGE_SEX(1.2),Population by age and sex - Cities and FUAs,I,PL018C,Zielona Góra,A,Annual,POP,Population,PS,Persons,_T,Total,_T,Total,_Z,Not applicable,CITY,City,_Z,Not applicable,2024,,137480,,A,Normal value,0,Units,0,Zero
DATAFLOW,OECD.CFE.EDS:DSD_FUA_DEMO@DF_AGE_SEX(1.2),Population by age and sex - Cities and FUAs,I,PL019C,Jelenia Góra,A,Annual,POP,Population,PS,Persons,_T,Total,_T,Total,_Z,Not applicable,CITY,City,_Z,Not applicable,2024,,74194,,A,Normal value,0,Units,0,Zero
DATAFLOW,OECD.CFE.EDS:DSD_FUA_DEMO@DF_AGE_SEX(1.2),Population by age and sex - Cities and FUAs,I,PL020C,Nowy Sącz,A,Annual,POP,Population,PS,Persons,_T,Total,_T,Total,_Z,Not applicable,CITY,City,_Z,Not applicable,2024,,79821,,A,Normal value,0,Units,0,Zero
DATAFLOW,OECD.CFE.EDS:DSD_FUA_DEMO@DF_AGE_SEX(1.2),Population by age and sex - Cities and FUAs,I,PL021C,Suwałki,A,Annual,POP,Population,PS,Persons,_T,Total,_T,Total,_Z,Not applicable,CITY,City,_Z,Not applicable,2024,,68143,,A,Normal value,0,Units,0,Zero
DATAFLOW,OECD.CFE.EDS:DSD_FUA_DEMO@DF_AGE_SEX(1.2),Population by age and sex - Cities and FUAs,I,PL022C,Konin,A,Annual,POP,Population,PS,Persons,_T,Total,_T,Total,_Z,Not applicable,CITY,City,_Z,Not applicable,2024,,66103,,A,Normal value,0,Units,0,Zero
DATAFLOW,OECD.CFE.EDS:DSD_FUA_DEMO@DF_AGE_SEX(1.2),Population by age and sex - Cities and FUAs,I,PL024C,Częstochowa,A,Annual,POP,Population,PS,Persons,_T,Total,_T,Total,_Z,Not applicable,CITY,City,_Z,Not applicable,2024,,203615,,A,Normal value,0,Units,0,Zero
DATAFLOW,OECD.CFE.EDS:DSD_FUA_DEMO@DF_AGE_SEX(1.2),Population by age and sex - Cities and FUAs,I,PL025C,Radom,A,Annual,POP,Population,PS,Persons,_T,Total,_T,Total,_Z,Not applicable,CITY,City,_Z,Not applicable,2024,,193777,,A,Normal value,0,Units,0,Zero
DATAFLOW,OECD.CFE.EDS:DSD_FUA_DEMO@DF_AGE_SEX(1.2),Population by age and sex - Cities and FUAs,I,PL026C,Płock,A,Annual,POP,Population,PS,Persons,_T,Total,_T,Total,_Z,Not applicable,CITY,City,_Z,Not applicable,2024,,110015,,A,Normal value,0,Units,0,Zero
DATAFLOW,OECD.CFE.EDS:DSD_FUA_DEMO@DF_AGE_SEX(1.2),Population by age and sex - Cities and FUAs,I,PL027C,Kalisz,A,Annual,POP,Population,PS,Persons,_T,Total,_T,Total,_Z,Not applicable,CITY,City,_Z,Not applicable,2024,,91963,,A,Normal value,0,Units,0,Zero
DATAFLOW,OECD.CFE.EDS:DSD_FUA_DEMO@DF_AGE_SEX(1.2),Population by age and sex - Cities and FUAs,I,PL028C,Koszalin,A,Annual,POP,Population,PS,Persons,_T,Total,_T,Total,_Z,Not applicable,CITY,City,_Z,Not applicable,2024,,107352,,A,Normal value,0,Units,0,Zero
DATAFLOW,OECD.CFE.EDS:DSD_FUA_DEMO@DF_AGE_SEX(1.2),Population by age and sex - Cities and FUAs,I,PL029C,Słupsk,A,Annual,POP,Population,PS,Persons,_T,Total,_T,Total,_Z,Not applicable,CITY,City,_Z,Not applicable,2024,,84965,,A,Normal value,0,Units,0,Zero
DATAFLOW,OECD.CFE.EDS:DSD_FUA_DEMO@DF_AGE_SEX(1.2),Population by age and sex - Cities and FUAs,I,PL030C,Jastrzębie-Zdrój,A,Annual,POP,Population,PS,Persons,_T,Total,_T,Total,_Z,Not applicable,CITY,City,_Z,Not applicable,2024,,81338,,A,Normal value,0,Units,0,Zero
DATAFLOW,OECD.CFE.EDS:DSD_FUA_DEMO@DF_AGE_SEX(1.2),Population by age and sex - Cities and FUAs,I,PL031C,Siedlce,A,Annual,POP,Population,PS,Persons,_T,Total,_T,Total,_Z,Not applicable,CITY,City,_Z,Not applicable,2024,,74780,,A,Normal value,0,Units,0,Zero
DATAFLOW,OECD.CFE.EDS:DSD_FUA_DEMO@DF_AGE_SEX(1.2),Population by age and sex - Cities and FUAs,I,PL032C,Piotrków Trybunalski,A,Annual,POP,Population,PS,Persons,_T,Total,_T,Total,_Z,Not applicable,CITY,City,_Z,Not applicable,2024,,66022,,A,Normal value,0,Units,0,Zero
DATAFLOW,OECD.CFE.EDS:DSD_FUA_DEMO@DF_AGE_SEX(1.2),Population by age and sex - Cities and FUAs,I,PL033C,Lubin,A,Annual,POP,Population,PS,Persons,_T,Total,_T,Total,_Z,Not applicable,CITY,City,_Z,Not applicable,2024,,66864,,A,Normal value,0,Units,0,Zero
DATAFLOW,OECD.CFE.EDS:DSD_FUA_DEMO@DF_AGE_SEX(1.2),Population by age and sex - Cities and FUAs,I,PL034C,Piła,A,Annual,POP,Population,PS,Persons,_T,Total,_T,Total,_Z,Not applicable,CITY,City,_Z,Not applicable,2024,,69383,,A,Normal value,0,Units,0,Zero
DATAFLOW,OECD.CFE.EDS:DSD_FUA_DEMO@DF_AGE_SEX(1.2),Population by age and sex - Cities and FUAs,I,PL035C,Inowrocław,A,Annual,POP,Population,PS,Persons,_T,Total,_T,Total,_Z,Not applicable,CITY,City,_Z,Not applicable,2024,,66543,,A,Normal value,0,Units,0,Zero
DATAFLOW,OECD.CFE.EDS:DSD_FUA_DEMO@DF_AGE_SEX(1.2),Population by age and sex - Cities and FUAs,I,PL037C,Gniezno,A,Annual,POP,Population,PS,Persons,_T,Total,_T,Total,_Z,Not applicable,CITY,City,_Z,Not applicable,2024,,62820,,A,Normal value,0,Units,0,Zero
DATAFLOW,OECD.CFE.EDS:DSD_FUA_DEMO@DF_AGE_SEX(1.2),Population by age and sex - Cities and FUAs,I,PL038C,Stargard,A,Annual,POP,Population,PS,Persons,_T,Total,_T,Total,_Z,Not applicable,CITY,City,_Z,Not applicable,2024,,66077,,A,Normal value,0,Units,0,Zero
DATAFLOW,OECD.CFE.EDS:DSD_FUA_DEMO@DF_AGE_SEX(1.2),Population by age and sex - Cities and FUAs,I,PL039C,Ostrów Wielkopolski,A,Annual,POP,Population,PS,Persons,_T,Total,_T,Total,_Z,Not applicable,CITY,City,_Z,Not applicable,2024,,68637,,A,Normal value,0,Units,0,Zero
DATAFLOW,OECD.CFE.EDS:DSD_FUA_DEMO@DF_AGE_SEX(1.2),Population by age and sex - Cities and FUAs,I,PL041C,Zamość,A,Annual,POP,Population,PS,Persons,_T,Total,_T,Total,_Z,Not applicable,CITY,City,_Z,Not applicable,2024,,57516,,A,Normal value,0,Units,0,Zero
DATAFLOW,OECD.CFE.EDS:DSD_FUA_DEMO@DF_AGE_SEX(1.2),Population by age and sex - Cities and FUAs,I,PL042C,Chełm,A,Annual,POP,Population,PS,Persons,_T,Total,_T,Total,_Z,Not applicable,CITY,City,_Z,Not applicable,2024,,56892,,A,Normal value,0,Units,0,Zero
DATAFLOW,OECD.CFE.EDS:DSD_FUA_DEMO@DF_AGE_SEX(1.2),Population by age and sex - Cities and FUAs,I,PL044C,Głogów,A,Annual,POP,Population,PS,Persons,_T,Total,_T,Total,_Z,Not applicable,CITY,City,_Z,Not applicable,2024,,61206,,A,Normal value,0,Units,0,Zero
DATAFLOW,OECD.CFE.EDS:DSD_FUA_DEMO@DF_AGE_SEX(1.2),Population by age and sex - Cities and FUAs,I,PL047C,Łomża,A,Annual,POP,Population,PS,Persons,_T,Total,_T,Total,_Z,Not applicable,CITY,City,_Z,Not applicable,2024,,59263,,A,Normal value,0,Units,0,Zero
DATAFLOW,OECD.CFE.EDS:DSD_FUA_DEMO@DF_AGE_SEX(1.2),Population by age and sex - Cities and FUAs,I,PL051C,Tczew,A,Annual,POP,Population,PS,Persons,_T,Total,_T,Total,_Z,Not applicable,CITY,City,_Z,Not applicable,2024,,56410,,A,Normal value,0,Units,0,Zero
DATAFLOW,OECD.CFE.EDS:DSD_FUA_DEMO@DF_AGE_SEX(1.2),Population by age and sex - Cities and FUAs,I,PL052C,Ełk,A,Annual,POP,Population,PS,Persons,_T,Total,_T,Total,_Z,Not applicable,CITY,City,_Z,Not applicable,2024,,59250,,A,Normal value,0,Units,0,Zero
DATAFLOW,OECD.CFE.EDS:DSD_FUA_DEMO@DF_AGE_SEX(1.2),Population by age and sex - Cities and FUAs,I,PL053C,Gdynia,A,Annual,POP,Population,PS,Persons,_T,Total,_T,Total,_Z,Not applicable,CITY,City,_Z,Not applicable,2024,,240084,,A,Normal value,0,Units,0,Zero
DATAFLOW,OECD.CFE.EDS:DSD_FUA_DEMO@DF_AGE_SEX(1.2),Population by age and sex - Cities and FUAs,I,PL055C,Gliwice,A,Annual,POP,Population,PS,Persons,_T,Total,_T,Total,_Z,Not applicable,CITY,City,_Z,Not applicable,2024,,168248,,A,Normal value,0,Units,0,Zero
DATAFLOW,OECD.CFE.EDS:DSD_FUA_DEMO@DF_AGE_SEX(1.2),Population by age and sex - Cities and FUAs,I,PL056C,Zabrze,A,Annual,POP,Population,PS,Persons,_T,Total,_T,Total,_Z,Not applicable,CITY,City,_Z,Not applicable,2024,,152461,,A,Normal value,0,Units,0,Zero
DATAFLOW,OECD.CFE.EDS:DSD_FUA_DEMO@DF_AGE_SEX(1.2),Population by age and sex - Cities and FUAs,I,PL058C,Bielsko-Biała,A,Annual,POP,Population,PS,Persons,_T,Total,_T,Total,_Z,Not applicable,CITY,City,_Z,Not applicable,2024,,164318,,A,Normal value,0,Units,0,Zero
DATAFLOW,OECD.CFE.EDS:DSD_FUA_DEMO@DF_AGE_SEX(1.2),Population by age and sex - Cities and FUAs,I,PL060C,Rybnik,A,Annual,POP,Population,PS,Persons,_T,Total,_T,Total,_Z,Not applicable,CITY,City,_Z,Not applicable,2024,,129817,,A,Normal value,0,Units,0,Zero
DATAFLOW,OECD.CFE.EDS:DSD_FUA_DEMO@DF_AGE_SEX(1.2),Population by age and sex - Cities and FUAs,I,PL061C,Tychy,A,Annual,POP,Population,PS,Persons,_T,Total,_T,Total,_Z,Not applicable,CITY,City,_Z,Not applicable,2024,,121063,,A,Normal value,0,Units,0,Zero
DATAFLOW,OECD.CFE.EDS:DSD_FUA_DEMO@DF_AGE_SEX(1.2),Population by age and sex - Cities and FUAs,I,PL062C,Wałbrzych,A,Annual,POP,Population,PS,Persons,_T,Total,_T,Total,_Z,Not applicable,CITY,City,_Z,Not applicable,2024,,98748,,A,Normal value,0,Units,0,Zero
DATAFLOW,OECD.CFE.EDS:DSD_FUA_DEMO@DF_AGE_SEX(1.2),Population by age and sex - Cities and FUAs,I,PL063C,Elbląg,A,Annual,POP,Population,PS,Persons,_T,Total,_T,Total,_Z,Not applicable,CITY,City,_Z,Not applicable,2024,,112052,,A,Normal value,0,Units,0,Zero
DATAFLOW,OECD.CFE.EDS:DSD_FUA_DEMO@DF_AGE_SEX(1.2),Population by age and sex - Cities and FUAs,I,PL064C,Włocławek,A,Annual,POP,Population,PS,Persons,_T,Total,_T,Total,_Z,Not applicable,CITY,City,_Z,Not applicable,2024,,99474,,A,Normal value,0,Units,0,Zero
DATAFLOW,OECD.CFE.EDS:DSD_FUA_DEMO@DF_AGE_SEX(1.2),Population by age and sex - Cities and FUAs,I,PL065C,Tarnów,A,Annual,POP,Population,PS,Persons,_T,Total,_T,Total,_Z,Not applicable,CITY,City,_Z,Not applicable,2024,,102123,,A,Normal value,0,Units,0,Zero
DATAFLOW,OECD.CFE.EDS:DSD_FUA_DEMO@DF_AGE_SEX(1.2),Population by age and sex - Cities and FUAs,I,PL067C,Legnica,A,Annual,POP,Population,PS,Persons,_T,Total,_T,Total,_Z,Not applicable,CITY,City,_Z,Not applicable,2024,,90823,,A,Normal value,0,Units,0,Zero
DATAFLOW,OECD.CFE.EDS:DSD_FUA_DEMO@DF_AGE_SEX(1.2),Population by age and sex - Cities and FUAs,I,PL068C,Grudziądz,A,Annual,POP,Population,PS,Persons,_T,Total,_T,Total,_Z,Not applicable,CITY,City,_Z,Not applicable,2024,,87696,,A,Normal value,0,Units,0,Zero
DATAFLOW,OECD.CFE.EDS:DSD_FUA_DEMO@DF_AGE_SEX(1.2),Population by age and sex - Cities and FUAs,I,PT001C,Lisboa,A,Annual,POP,Population,PS,Persons,_T,Total,_T,Total,_Z,Not applicable,CITY,City,_Z,Not applicable,2024,,1965363,,A,Normal value,0,Units,0,Zero
DATAFLOW,OECD.CFE.EDS:DSD_FUA_DEMO@DF_AGE_SEX(1.2),Population by age and sex - Cities and FUAs,I,PT006C,Setúbal,A,Annual,POP,Population,PS,Persons,_T,Total,_T,Total,_Z,Not applicable,CITY,City,_Z,Not applicable,2024,,124339,,A,Normal value,0,Units,0,Zero
DATAFLOW,OECD.CFE.EDS:DSD_FUA_DEMO@DF_AGE_SEX(1.2),Population by age and sex - Cities and FUAs,I,PT014C,Sintra,A,Annual,POP,Population,PS,Persons,_T,Total,_T,Total,_Z,Not applicable,CITY,City,_Z,Not applicable,2024,,400947,,A,Normal value,0,Units,0,Zero
DATAFLOW,OECD.CFE.EDS:DSD_FUA_DEMO@DF_AGE_SEX(1.2),Population by age and sex - Cities and FUAs,I,PT016C,Vila Franca de Xira,A,Annual,POP,Population,PS,Persons,_T,Total,_T,Total,_Z,Not applicable,CITY,City,_Z,Not applicable,2024,,140711,,A,Normal value,0,Units,0,Zero
DATAFLOW,OECD.CFE.EDS:DSD_FUA_DEMO@DF_AGE_SEX(1.2),Population by age and sex - Cities and FUAs,I,PT002C,Porto,A,Annual,POP,Population,PS,Persons,_T,Total,_T,Total,_Z,Not applicable,CITY,City,_Z,Not applicable,2024,,1017569,,A,Normal value,0,Units,0,Zero
DATAFLOW,OECD.CFE.EDS:DSD_FUA_DEMO@DF_AGE_SEX(1.2),Population by age and sex - Cities and FUAs,I,PT012C,Paredes,A,Annual,POP,Population,PS,Persons,_T,Total,_T,Total,_Z,Not applicable,CITY,City,_Z,Not applicable,2024,,86560,,A,Normal value,0,Units,0,Zero
DATAFLOW,OECD.CFE.EDS:DSD_FUA_DEMO@DF_AGE_SEX(1.2),Population by age and sex - Cities and FUAs,I,PT003C,Braga,A,Annual,POP,Population,PS,Persons,_T,Total,_T,Total,_Z,Not applicable,CITY,City,_Z,Not applicable,2024,,203519,,A,Normal value,0,Units,0,Zero
DATAFLOW,OECD.CFE.EDS:DSD_FUA_DEMO@DF_AGE_SEX(1.2),Population by age and sex - Cities and FUAs,I,PT004C,Funchal,A,Annual,POP,Population,PS,Persons,_T,Total,_T,Total,_Z,Not applicable,CITY,City,_Z,Not applicable,2024,,108129,,A,Normal value,0,Units,0,Zero
DATAFLOW,OECD.CFE.EDS:DSD_FUA_DEMO@DF_AGE_SEX(1.2),Population by age and sex - Cities and FUAs,I,PT005C,Coimbra,A,Annual,POP,Population,PS,Persons,_T,Total,_T,Total,_Z,Not applicable,CITY,City,_Z,Not applicable,2024,,146899,,A,Normal value,0,Units,0,Zero
DATAFLOW,OECD.CFE.EDS:DSD_FUA_DEMO@DF_AGE_SEX(1.2),Population by age and sex - Cities and FUAs,I,PT007C,Ponta Delgada,A,Annual,POP,Population,PS,Persons,_T,Total,_T,Total,_Z,Not applicable,CITY,City,_Z,Not applicable,2024,,69038,,A,Normal value,0,Units,0,Zero
DATAFLOW,OECD.CFE.EDS:DSD_FUA_DEMO@DF_AGE_SEX(1.2),Population by age and sex - Cities and FUAs,I,PT008C,Aveiro,A,Annual,POP,Population,PS,Persons,_T,Total,_T,Total,_Z,Not applicable,CITY,City,_Z,Not applicable,2024,,88154,,A,Normal value,0,Units,0,Zero
DATAFLOW,OECD.CFE.EDS:DSD_FUA_DEMO@DF_AGE_SEX(1.2),Population by age and sex - Cities and FUAs,I,PT009C,Faro,A,Annual,POP,Population,PS,Persons,_T,Total,_T,Total,_Z,Not applicable,CITY,City,_Z,Not applicable,2024,,70347,,A,Normal value,0,Units,0,Zero
DATAFLOW,OECD.CFE.EDS:DSD_FUA_DEMO@DF_AGE_SEX(1.2),Population by age and sex - Cities and FUAs,I,PT010C,Viseu,A,Annual,POP,Population,PS,Persons,_T,Total,_T,Total,_Z,Not applicable,CITY,City,_Z,Not applicable,2024,,103502,,A,Normal value,0,Units,0,Zero
DATAFLOW,OECD.CFE.EDS:DSD_FUA_DEMO@DF_AGE_SEX(1.2),Population by age and sex - Cities and FUAs,I,PT011C,Viana do Castelo,A,Annual,POP,Population,PS,Persons,_T,Total,_T,Total,_Z,Not applicable,CITY,City,_Z,Not applicable,2024,,86975,,A,Normal value,0,Units,0,Zero
DATAFLOW,OECD.CFE.EDS:DSD_FUA_DEMO@DF_AGE_SEX(1.2),Population by age and sex - Cities and FUAs,I,PT013C,Póvoa de Varzim,A,Annual,POP,Population,PS,Persons,_T,Total,_T,Total,_Z,Not applicable,CITY,City,_Z,Not applicable,2024,,68459,,A,Normal value,0,Units,0,Zero
DATAFLOW,OECD.CFE.EDS:DSD_FUA_DEMO@DF_AGE_SEX(1.2),Population by age and sex - Cities and FUAs,I,PT015C,Guimarães,A,Annual,POP,Population,PS,Persons,_T,Total,_T,Total,_Z,Not applicable,CITY,City,_Z,Not applicable,2024,,156513,,A,Normal value,0,Units,0,Zero
DATAFLOW,OECD.CFE.EDS:DSD_FUA_DEMO@DF_AGE_SEX(1.2),Population by age and sex - Cities and FUAs,I,SK001C,Bratislava,A,Annual,POP,Population,PS,Persons,_T,Total,_T,Total,_Z,Not applicable,CITY,City,_Z,Not applicable,2024,,478714,,A,Normal value,0,Units,0,Zero
DATAFLOW,OECD.CFE.EDS:DSD_FUA_DEMO@DF_AGE_SEX(1.2),Population by age and sex - Cities and FUAs,I,SK007C,Trnava,A,Annual,POP,Population,PS,Persons,_T,Total,_T,Total,_Z,Not applicable,CITY,City,_Z,Not applicable,2024,,63068,,A,Normal value,0,Units,0,Zero
DATAFLOW,OECD.CFE.EDS:DSD_FUA_DEMO@DF_AGE_SEX(1.2),Population by age and sex - Cities and FUAs,I,SK002C,Košice,A,Annual,POP,Population,PS,Persons,_T,Total,_T,Total,_Z,Not applicable,CITY,City,_Z,Not applicable,2024,,224361,,A,Normal value,0,Units,0,Zero
DATAFLOW,OECD.CFE.EDS:DSD_FUA_DEMO@DF_AGE_SEX(1.2),Population by age and sex - Cities and FUAs,I,SK003C,Banská Bystrica,A,Annual,POP,Population,PS,Persons,_T,Total,_T,Total,_Z,Not applicable,CITY,City,_Z,Not applicable,2024,,73799,,A,Normal value,0,Units,0,Zero
DATAFLOW,OECD.CFE.EDS:DSD_FUA_DEMO@DF_AGE_SEX(1.2),Population by age and sex - Cities and FUAs,I,SK004C,Nitra,A,Annual,POP,Population,PS,Persons,_T,Total,_T,Total,_Z,Not applicable,CITY,City,_Z,Not applicable,2024,,76222,,A,Normal value,0,Units,0,Zero
DATAFLOW,OECD.CFE.EDS:DSD_FUA_DEMO@DF_AGE_SEX(1.2),Population by age and sex - Cities and FUAs,I,SK005C,Prešov,A,Annual,POP,Population,PS,Persons,_T,Total,_T,Total,_Z,Not applicable,CITY,City,_Z,Not applicable,2024,,81994,,A,Normal value,0,Units,0,Zero
DATAFLOW,OECD.CFE.EDS:DSD_FUA_DEMO@DF_AGE_SEX(1.2),Population by age and sex - Cities and FUAs,I,SK006C,Žilina,A,Annual,POP,Population,PS,Persons,_T,Total,_T,Total,_Z,Not applicable,CITY,City,_Z,Not applicable,2024,,80446,,A,Normal value,0,Units,0,Zero
DATAFLOW,OECD.CFE.EDS:DSD_FUA_DEMO@DF_AGE_SEX(1.2),Population by age and sex - Cities and FUAs,I,SK008C,Trenčín,A,Annual,POP,Population,PS,Persons,_T,Total,_T,Total,_Z,Not applicable,CITY,City,_Z,Not applicable,2024,,54098,,A,Normal value,0,Units,0,Zero
DATAFLOW,OECD.CFE.EDS:DSD_FUA_DEMO@DF_AGE_SEX(1.2),Population by age and sex - Cities and FUAs,I,SI001C,Ljubljana,A,Annual,POP,Population,PS,Persons,_T,Total,_T,Total,_Z,Not applicable,CITY,City,_Z,Not applicable,2024,,297575,,A,Normal value,0,Units,0,Zero
DATAFLOW,OECD.CFE.EDS:DSD_FUA_DEMO@DF_AGE_SEX(1.2),Population by age and sex - Cities and FUAs,I,SI002C,Maribor,A,Annual,POP,Population,PS,Persons,_T,Total,_T,Total,_Z,Not applicable,CITY,City,_Z,Not applicable,2024,,113747,,A,Normal value,0,Units,0,Zero
DATAFLOW,OECD.CFE.EDS:DSD_FUA_DEMO@DF_AGE_SEX(1.2),Population by age and sex - Cities and FUAs,I,SE001C,Stockholm,A,Annual,POP,Population,PS,Persons,_T,Total,_T,Total,_Z,Not applicable,CITY,City,_Z,Not applicable,2024,,1626240,,A,Normal value,0,Units,0,Zero
DATAFLOW,OECD.CFE.EDS:DSD_FUA_DEMO@DF_AGE_SEX(1.2),Population by age and sex - Cities and FUAs,I,SE009C,Södertälje,A,Annual,POP,Population,PS,Persons,_T,Total,_T,Total,_Z,Not applicable,CITY,City,_Z,Not applicable,2024,,102911,,A,Normal value,0,Units,0,Zero
DATAFLOW,OECD.CFE.EDS:DSD_FUA_DEMO@DF_AGE_SEX(1.2),Population by age and sex - Cities and FUAs,I,SE002C,Göteborg,A,Annual,POP,Population,PS,Persons,_T,Total,_T,Total,_Z,Not applicable,CITY,City,_Z,Not applicable,2024,,721473,,A,Normal value,0,Units,0,Zero
DATAFLOW,OECD.CFE.EDS:DSD_FUA_DEMO@DF_AGE_SEX(1.2),Population by age and sex - Cities and FUAs,I,SE003C,Malmö,A,Annual,POP,Population,PS,Persons,_T,Total,_T,Total,_Z,Not applicable,CITY,City,_Z,Not applicable,2024,,365644,,A,Normal value,0,Units,0,Zero
DATAFLOW,OECD.CFE.EDS:DSD_FUA_DEMO@DF_AGE_SEX(1.2),Population by age and sex - Cities and FUAs,I,SE013C,Lund,A,Annual,POP,Population,PS,Persons,_T,Total,_T,Total,_Z,Not applicable,CITY,City,_Z,Not applicable,2024,,131590,,A,Normal value,0,Units,0,Zero
DATAFLOW,OECD.CFE.EDS:DSD_FUA_DEMO@DF_AGE_SEX(1.2),Population by age and sex - Cities and FUAs,I,SE005C,Umeå,A,Annual,POP,Population,PS,Persons,_T,Total,_T,Total,_Z,Not applicable,CITY,City,_Z,Not applicable,2024,,134249,,A,Normal value,0,Units,0,Zero
DATAFLOW,OECD.CFE.EDS:DSD_FUA_DEMO@DF_AGE_SEX(1.2),Population by age and sex - Cities and FUAs,I,SE006C,Uppsala,A,Annual,POP,Population,PS,Persons,_T,Total,_T,Total,_Z,Not applicable,CITY,City,_Z,Not applicable,2024,,248016,,A,Normal value,0,Units,0,Zero
DATAFLOW,OECD.CFE.EDS:DSD_FUA_DEMO@DF_AGE_SEX(1.2),Population by age and sex - Cities and FUAs,I,SE007C,Linköping,A,Annual,POP,Population,PS,Persons,_T,Total,_T,Total,_Z,Not applicable,CITY,City,_Z,Not applicable,2024,,168035,,A,Normal value,0,Units,0,Zero
DATAFLOW,OECD.CFE.EDS:DSD_FUA_DEMO@DF_AGE_SEX(1.2),Population by age and sex - Cities and FUAs,I,SE008C,Örebro,A,Annual,POP,Population,PS,Persons,_T,Total,_T,Total,_Z,Not applicable,CITY,City,_Z,Not applicable,2024,,160140,,A,Normal value,0,Units,0,Zero
DATAFLOW,OECD.CFE.EDS:DSD_FUA_DEMO@DF_AGE_SEX(1.2),Population by age and sex - Cities and FUAs,I,SE010C,Västerås,A,Annual,POP,Population,PS,Persons,_T,Total,_T,Total,_Z,Not applicable,CITY,City,_Z,Not applicable,2024,,160634,,A,Normal value,0,Units,0,Zero
DATAFLOW,OECD.CFE.EDS:DSD_FUA_DEMO@DF_AGE_SEX(1.2),Population by age and sex - Cities and FUAs,I,SE011C,Norrköping,A,Annual,POP,Population,PS,Persons,_T,Total,_T,Total,_Z,Not applicable,CITY,City,_Z,Not applicable,2024,,144980,,A,Normal value,0,Units,0,Zero
DATAFLOW,OECD.CFE.EDS:DSD_FUA_DEMO@DF_AGE_SEX(1.2),Population by age and sex - Cities and FUAs,I,SE012C,Helsingborg,A,Annual,POP,Population,PS,Persons,_T,Total,_T,Total,_Z,Not applicable,CITY,City,_Z,Not applicable,2024,,152091,,A,Normal value,0,Units,0,Zero
DATAFLOW,OECD.CFE.EDS:DSD_FUA_DEMO@DF_AGE_SEX(1.2),Population by age and sex - Cities and FUAs,I,SE014C,Borås,A,Annual,POP,Population,PS,Persons,_T,Total,_T,Total,_Z,Not applicable,CITY,City,_Z,Not applicable,2024,,114872,,A,Normal value,0,Units,0,Zero
DATAFLOW,OECD.CFE.EDS:DSD_FUA_DEMO@DF_AGE_SEX(1.2),Population by age and sex - Cities and FUAs,I,TR001C,Ankara,A,Annual,POP,Population,PS,Persons,_T,Total,_T,Total,_Z,Not applicable,CITY,City,_Z,Not applicable,2024,,5246281,,A,Normal value,0,Units,0,Zero
DATAFLOW,OECD.CFE.EDS:DSD_FUA_DEMO@DF_AGE_SEX(1.2),Population by age and sex - Cities and FUAs,I,TR002C,Adana,A,Annual,POP,Population,PS,Persons,_T,Total,_T,Total,_Z,Not applicable,CITY,City,_Z,Not applicable,2024,,1816750,,A,Normal value,0,Units,0,Zero
DATAFLOW,OECD.CFE.EDS:DSD_FUA_DEMO@DF_AGE_SEX(1.2),Population by age and sex - Cities and FUAs,I,TR003C,Antalya,A,Annual,POP,Population,PS,Persons,_T,Total,_T,Total,_Z,Not applicable,CITY,City,_Z,Not applicable,2024,,1508134,,A,Normal value,0,Units,0,Zero
DATAFLOW,OECD.CFE.EDS:DSD_FUA_DEMO@DF_AGE_SEX(1.2),Population by age and sex - Cities and FUAs,I,TR004C,Balikesir,A,Annual,POP,Population,PS,Persons,_T,Total,_T,Total,_Z,Not applicable,CITY,City,_Z,Not applicable,2024,,375778,,A,Normal value,0,Units,0,Zero
DATAFLOW,OECD.CFE.EDS:DSD_FUA_DEMO@DF_AGE_SEX(1.2),Population by age and sex - Cities and FUAs,I,TR005C,Bursa,A,Annual,POP,Population,PS,Persons,_T,Total,_T,Total,_Z,Not applicable,CITY,City,_Z,Not applicable,2024,,2102169,,A,Normal value,0,Units,0,Zero
DATAFLOW,OECD.CFE.EDS:DSD_FUA_DEMO@DF_AGE_SEX(1.2),Population by age and sex - Cities and FUAs,I,TR006C,Denizli,A,Annual,POP,Population,PS,Persons,_T,Total,_T,Total,_Z,Not applicable,CITY,City,_Z,Not applicable,2024,,691783,,A,Normal value,0,Units,0,Zero
DATAFLOW,OECD.CFE.EDS:DSD_FUA_DEMO@DF_AGE_SEX(1.2),Population by age and sex - Cities and FUAs,I,TR007C,Diyarbakir,A,Annual,POP,Population,PS,Persons,_T,Total,_T,Total,_Z,Not applicable,CITY,City,_Z,Not applicable,2024,,1164940,,A,Normal value,0,Units,0,Zero
DATAFLOW,OECD.CFE.EDS:DSD_FUA_DEMO@DF_AGE_SEX(1.2),Population by age and sex - Cities and FUAs,I,TR008C,Edirne,A,Annual,POP,Population,PS,Persons,_T,Total,_T,Total,_Z,Not applicable,CITY,City,_Z,Not applicable,2024,,198428,,A,Normal value,0,Units,0,Zero
DATAFLOW,OECD.CFE.EDS:DSD_FUA_DEMO@DF_AGE_SEX(1.2),Population by age and sex - Cities and FUAs,I,TR009C,Erzurum,A,Annual,POP,Population,PS,Persons,_T,Total,_T,Total,_Z,Not applicable,CITY,City,_Z,Not applicable,2024,,440546,,A,Normal value,0,Units,0,Zero
DATAFLOW,OECD.CFE.EDS:DSD_FUA_DEMO@DF_AGE_SEX(1.2),Population by age and sex - Cities and FUAs,I,TR010C,Gaziantep,A,Annual,POP,Population,PS,Persons,_T,Total,_T,Total,_Z,Not applicable,CITY,City,_Z,Not applicable,2024,,1835508,,A,Normal value,0,Units,0,Zero
DATAFLOW,OECD.CFE.EDS:DSD_FUA_DEMO@DF_AGE_SEX(1.2),Population by age and sex - Cities and FUAs,I,TR011C,Hatay,A,Annual,POP,Population,PS,Persons,_T,Total,_T,Total,_Z,Not applicable,CITY,City,_Z,Not applicable,2024,,440536,,A,Normal value,0,Units,0,Zero
DATAFLOW,OECD.CFE.EDS:DSD_FUA_DEMO@DF_AGE_SEX(1.2),Population by age and sex - Cities and FUAs,I,TR012C,Istanbul,A,Annual,POP,Population,PS,Persons,_T,Total,_T,Total,_Z,Not applicable,CITY,City,_Z,Not applicable,2024,,13638945,,A,Normal value,0,Units,0,Zero
DATAFLOW,OECD.CFE.EDS:DSD_FUA_DEMO@DF_AGE_SEX(1.2),Population by age and sex - Cities and FUAs,I,TR013C,Izmir,A,Annual,POP,Population,PS,Persons,_T,Total,_T,Total,_Z,Not applicable,CITY,City,_Z,Not applicable,2024,,2938292,,A,Normal value,0,Units,0,Zero
DATAFLOW,OECD.CFE.EDS:DSD_FUA_DEMO@DF_AGE_SEX(1.2),Population by age and sex - Cities and FUAs,I,TR014C,Kars,A,Annual,POP,Population,PS,Persons,_T,Total,_T,Total,_Z,Not applicable,CITY,City,_Z,Not applicable,2024,,120948,,A,Normal value,0,Units,0,Zero
DATAFLOW,OECD.CFE.EDS:DSD_FUA_DEMO@DF_AGE_SEX(1.2),Population by age and sex - Cities and FUAs,I,TR015C,Kastamonu,A,Annual,POP,Population,PS,Persons,_T,Total,_T,Total,_Z,Not applicable,CITY,City,_Z,Not applicable,2024,,156638,,A,Normal value,0,Units,0,Zero
DATAFLOW,OECD.CFE.EDS:DSD_FUA_DEMO@DF_AGE_SEX(1.2),Population by age and sex - Cities and FUAs,I,TR016C,Kayseri,A,Annual,POP,Population,PS,Persons,_T,Total,_T,Total,_Z,Not applicable,CITY,City,_Z,Not applicable,2024,,1191072,,A,Normal value,0,Units,0,Zero
DATAFLOW,OECD.CFE.EDS:DSD_FUA_DEMO@DF_AGE_SEX(1.2),Population by age and sex - Cities and FUAs,I,TR017C,Kocaeli,A,Annual,POP,Population,PS,Persons,_T,Total,_T,Total,_Z,Not applicable,CITY,City,_Z,Not applicable,2024,,653643,,A,Normal value,0,Units,0,Zero
DATAFLOW,OECD.CFE.EDS:DSD_FUA_DEMO@DF_AGE_SEX(1.2),Population by age and sex - Cities and FUAs,I,TR018C,Konya,A,Annual,POP,Population,PS,Persons,_T,Total,_T,Total,_Z,Not applicable,CITY,City,_Z,Not applicable,2024,,1433861,,A,Normal value,0,Units,0,Zero
DATAFLOW,OECD.CFE.EDS:DSD_FUA_DEMO@DF_AGE_SEX(1.2),Population by age and sex - Cities and FUAs,I,TR019C,Malatya,A,Annual,POP,Population,PS,Persons,_T,Total,_T,Total,_Z,Not applicable,CITY,City,_Z,Not applicable,2024,,575158,,A,Normal value,0,Units,0,Zero
DATAFLOW,OECD.CFE.EDS:DSD_FUA_DEMO@DF_AGE_SEX(1.2),Population by age and sex - Cities and FUAs,I,TR020C,Manisa,A,Annual,POP,Population,PS,Persons,_T,Total,_T,Total,_Z,Not applicable,CITY,City,_Z,Not applicable,2024,,435388,,A,Normal value,0,Units,0,Zero
DATAFLOW,OECD.CFE.EDS:DSD_FUA_DEMO@DF_AGE_SEX(1.2),Population by age and sex - Cities and FUAs,I,TR021C,Nevsehir,A,Annual,POP,Population,PS,Persons,_T,Total,_T,Total,_Z,Not applicable,CITY,City,_Z,Not applicable,2024,,161293,,A,Normal value,0,Units,0,Zero
DATAFLOW,OECD.CFE.EDS:DSD_FUA_DEMO@DF_AGE_SEX(1.2),Population by age and sex - Cities and FUAs,I,TR022C,Samsun,A,Annual,POP,Population,PS,Persons,_T,Total,_T,Total,_Z,Not applicable,CITY,City,_Z,Not applicable,2024,,679803,,A,Normal value,0,Units,0,Zero
DATAFLOW,OECD.CFE.EDS:DSD_FUA_DEMO@DF_AGE_SEX(1.2),Population by age and sex - Cities and FUAs,I,TR023C,Siirt,A,Annual,POP,Population,PS,Persons,_T,Total,_T,Total,_Z,Not applicable,CITY,City,_Z,Not applicable,2024,,181118,,A,Normal value,0,Units,0,Zero
DATAFLOW,OECD.CFE.EDS:DSD_FUA_DEMO@DF_AGE_SEX(1.2),Population by age and sex - Cities and FUAs,I,TR024C,Trabzon,A,Annual,POP,Population,PS,Persons,_T,Total,_T,Total,_Z,Not applicable,CITY,City,_Z,Not applicable,2024,,330836,,A,Normal value,0,Units,0,Zero
DATAFLOW,OECD.CFE.EDS:DSD_FUA_DEMO@DF_AGE_SEX(1.2),Population by age and sex - Cities and FUAs,I,TR025C,Van,A,Annual,POP,Population,PS,Persons,_T,Total,_T,Total,_Z,Not applicable,CITY,City,_Z,Not applicable,2024,,522862,,A,Normal value,0,Units,0,Zero
DATAFLOW,OECD.CFE.EDS:DSD_FUA_DEMO@DF_AGE_SEX(1.2),Population by age and sex - Cities and FUAs,I,TR026C,Zonguldak,A,Annual,POP,Population,PS,Persons,_T,Total,_T,Total,_Z,Not applicable,CITY,City,_Z,Not applicable,2024,,200147,,A,Normal value,0,Units,0,Zero
DATAFLOW,OECD.CFE.EDS:DSD_FUA_DEMO@DF_AGE_SEX(1.2),Population by age and sex - Cities and FUAs,I,USA01C,New York (Greater),A,Annual,POP,Population,PS,Persons,_T,Total,_T,Total,_Z,Not applicable,CITY,City,_Z,Not applicable,2024,,18682193,,A,Normal value,0,Units,0,Zero
DATAFLOW,OECD.CFE.EDS:DSD_FUA_DEMO@DF_AGE_SEX(1.2),Population by age and sex - Cities and FUAs,I,USA02C,Los Angeles (Greater),A,Annual,POP,Population,PS,Persons,_T,Total,_T,Total,_Z,Not applicable,CITY,City,_Z,Not applicable,2024,,17671828,,A,Normal value,0,Units,0,Zero
DATAFLOW,OECD.CFE.EDS:DSD_FUA_DEMO@DF_AGE_SEX(1.2),Population by age and sex - Cities and FUAs,I,USA03C,Chicago,A,Annual,POP,Population,PS,Persons,_T,Total,_T,Total,_Z,Not applicable,CITY,City,_Z,Not applicable,2024,,8739652,,A,Normal value,0,Units,0,Zero
DATAFLOW,OECD.CFE.EDS:DSD_FUA_DEMO@DF_AGE_SEX(1.2),Population by age and sex - Cities and FUAs,I,USA04C,Washington (Greater),A,Annual,POP,Population,PS,Persons,_T,Total,_T,Total,_Z,Not applicable,CITY,City,_Z,Not applicable,2024,,5352970,,A,Normal value,0,Units,0,Zero
DATAFLOW,OECD.CFE.EDS:DSD_FUA_DEMO@DF_AGE_SEX(1.2),Population by age and sex - Cities and FUAs,I,USA212C,Baltimore,A,Annual,POP,Population,PS,Persons,_T,Total,_T,Total,_Z,Not applicable,CITY,City,_Z,Not applicable,2024,,1420696,,A,Normal value,0,Units,0,Zero
DATAFLOW,OECD.CFE.EDS:DSD_FUA_DEMO@DF_AGE_SEX(1.2),Population by age and sex - Cities and FUAs,I,USA05C,San Francisco (Greater),A,Annual,POP,Population,PS,Persons,_T,Total,_T,Total,_Z,Not applicable,CITY,City,_Z,Not applicable,2024,,6318411,,A,Normal value,0,Units,0,Zero
DATAFLOW,OECD.CFE.EDS:DSD_FUA_DEMO@DF_AGE_SEX(1.2),Population by age and sex - Cities and FUAs,I,USA06C,Philadelphia (Greater),A,Annual,POP,Population,PS,Persons,_T,Total,_T,Total,_Z,Not applicable,CITY,City,_Z,Not applicable,2024,,4160069,,A,Normal value,0,Units,0,Zero
DATAFLOW,OECD.CFE.EDS:DSD_FUA_DEMO@DF_AGE_SEX(1.2),Population by age and sex - Cities and FUAs,I,USA213C,Mercer,A,Annual,POP,Population,PS,Persons,_T,Total,_T,Total,_Z,Not applicable,CITY,City,_Z,Not applicable,2024,,392138,,A,Normal value,0,Units,0,Zero
DATAFLOW,OECD.CFE.EDS:DSD_FUA_DEMO@DF_AGE_SEX(1.2),Population by age and sex - Cities and FUAs,I,USA07C,Dallas,A,Annual,POP,Population,PS,Persons,_T,Total,_T,Total,_Z,Not applicable,CITY,City,_Z,Not applicable,2024,,7186514,,A,Normal value,0,Units,0,Zero
DATAFLOW,OECD.CFE.EDS:DSD_FUA_DEMO@DF_AGE_SEX(1.2),Population by age and sex - Cities and FUAs,I,USA08C,Houston,A,Annual,POP,Population,PS,Persons,_T,Total,_T,Total,_Z,Not applicable,CITY,City,_Z,Not applicable,2024,,5967736,,A,Normal value,0,Units,0,Zero
DATAFLOW,OECD.CFE.EDS:DSD_FUA_DEMO@DF_AGE_SEX(1.2),Population by age and sex - Cities and FUAs,I,USA09C,Miami (Greater),A,Annual,POP,Population,PS,Persons,_T,Total,_T,Total,_Z,Not applicable,CITY,City,_Z,Not applicable,2024,,6457988,,A,Normal value,0,Units,0,Zero
DATAFLOW,OECD.CFE.EDS:DSD_FUA_DEMO@DF_AGE_SEX(1.2),Population by age and sex - Cities and FUAs,I,USA100C,Escambia,A,Annual,POP,Population,PS,Persons,_T,Total,_T,Total,_Z,Not applicable,CITY,City,_Z,Not applicable,2024,,331275,,A,Normal value,0,Units,0,Zero
DATAFLOW,OECD.CFE.EDS:DSD_FUA_DEMO@DF_AGE_SEX(1.2),Population by age and sex - Cities and FUAs,I,USA101C,Caddo,A,Annual,POP,Population,PS,Persons,_T,Total,_T,Total,_Z,Not applicable,CITY,City,_Z,Not applicable,2024,,224893,,A,Normal value,0,Units,0,Zero
DATAFLOW,OECD.CFE.EDS:DSD_FUA_DEMO@DF_AGE_SEX(1.2),Population by age and sex - Cities and FUAs,I,USA102C,Tulare,A,Annual,POP,Population,PS,Persons,_T,Total,_T,Total,_Z,Not applicable,CITY,City,_Z,Not applicable,2024,,483546,,A,Normal value,0,Units,0,Zero
DATAFLOW,OECD.CFE.EDS:DSD_FUA_DEMO@DF_AGE_SEX(1.2),Population by age and sex - Cities and FUAs,I,USA103C,Newport News,A,Annual,POP,Population,PS,Persons,_T,Total,_T,Total,_Z,Not applicable,CITY,City,_Z,Not applicable,2024,,320652,,A,Normal value,0,Units,0,Zero
DATAFLOW,OECD.CFE.EDS:DSD_FUA_DEMO@DF_AGE_SEX(1.2),Population by age and sex - Cities and FUAs,I,USA104C,York,A,Annual,POP,Population,PS,Persons,_T,Total,_T,Total,_Z,Not applicable,CITY,City,_Z,Not applicable,2024,,471240,,A,Normal value,0,Units,0,Zero
DATAFLOW,OECD.CFE.EDS:DSD_FUA_DEMO@DF_AGE_SEX(1.2),Population by age and sex - Cities and FUAs,I,USA105C,Genesee,A,Annual,POP,Population,PS,Persons,_T,Total,_T,Total,_Z,Not applicable,CITY,City,_Z,Not applicable,2024,,402279,,A,Normal value,0,Units,0,Zero
DATAFLOW,OECD.CFE.EDS:DSD_FUA_DEMO@DF_AGE_SEX(1.2),Population by age and sex - Cities and FUAs,I,USA106C,Jefferson (TX),A,Annual,POP,Population,PS,Persons,_T,Total,_T,Total,_Z,Not applicable,CITY,City,_Z,Not applicable,2024,,253948,,A,Normal value,0,Units,0,Zero
DATAFLOW,OECD.CFE.EDS:DSD_FUA_DEMO@DF_AGE_SEX(1.2),Population by age and sex - Cities and FUAs,I,USA107C,Santa Barbara,A,Annual,POP,Population,PS,Persons,_T,Total,_T,Total,_Z,Not applicable,CITY,City,_Z,Not applicable,2024,,444500,,A,Normal value,0,Units,0,Zero
DATAFLOW,OECD.CFE.EDS:DSD_FUA_DEMO@DF_AGE_SEX(1.2),Population by age and sex - Cities and FUAs,I,USA108C,Lafayette,A,Annual,POP,Population,PS,Persons,_T,Total,_T,Total,_Z,Not applicable,CITY,City,_Z,Not applicable,2024,,254241,,A,Normal value,0,Units,0,Zero
DATAFLOW,OECD.CFE.EDS:DSD_FUA_DEMO@DF_AGE_SEX(1.2),Population by age and sex - Cities and FUAs,I,USA109C,Monterey,A,Annual,POP,Population,PS,Persons,_T,Total,_T,Total,_Z,Not applicable,CITY,City,_Z,Not applicable,2024,,436251,,A,Normal value,0,Units,0,Zero
DATAFLOW,OECD.CFE.EDS:DSD_FUA_DEMO@DF_AGE_SEX(1.2),Population by age and sex - Cities and FUAs,I,USA10C,Atlanta,A,Annual,POP,Population,PS,Persons,_T,Total,_T,Total,_Z,Not applicable,CITY,City,_Z,Not applicable,2024,,3162233,,A,Normal value,0,Units,0,Zero
DATAFLOW,OECD.CFE.EDS:DSD_FUA_DEMO@DF_AGE_SEX(1.2),Population by age and sex - Cities and FUAs,I,USA110C,Mobile,A,Annual,POP,Population,PS,Persons,_T,Total,_T,Total,_Z,Not applicable,CITY,City,_Z,Not applicable,2024,,412339,,A,Normal value,0,Units,0,Zero
DATAFLOW,OECD.CFE.EDS:DSD_FUA_DEMO@DF_AGE_SEX(1.2),Population by age and sex - Cities and FUAs,I,USA111C,Berks,A,Annual,POP,Population,PS,Persons,_T,Total,_T,Total,_Z,Not applicable,CITY,City,_Z,Not applicable,2024,,439117,,A,Normal value,0,Units,0,Zero
DATAFLOW,OECD.CFE.EDS:DSD_FUA_DEMO@DF_AGE_SEX(1.2),Population by age and sex - Cities and FUAs,I,USA112C,Cameron,A,Annual,POP,Population,PS,Persons,_T,Total,_T,Total,_Z,Not applicable,CITY,City,_Z,Not applicable,2024,,431874,,A,Normal value,0,Units,0,Zero
DATAFLOW,OECD.CFE.EDS:DSD_FUA_DEMO@DF_AGE_SEX(1.2),Population by age and sex - Cities and FUAs,I,USA113C,Bell,A,Annual,POP,Population,PS,Persons,_T,Total,_T,Total,_Z,Not applicable,CITY,City,_Z,Not applicable,2024,,399578,,A,Normal value,0,Units,0,Zero
DATAFLOW,OECD.CFE.EDS:DSD_FUA_DEMO@DF_AGE_SEX(1.2),Population by age and sex - Cities and FUAs,I,USA114C,Nueces,A,Annual,POP,Population,PS,Persons,_T,Total,_T,Total,_Z,Not applicable,CITY,City,_Z,Not applicable,2024,,353125,,A,Normal value,0,Units,0,Zero
DATAFLOW,OECD.CFE.EDS:DSD_FUA_DEMO@DF_AGE_SEX(1.2),Population by age and sex - Cities and FUAs,I,USA115C,Marion (OR),A,Annual,POP,Population,PS,Persons,_T,Total,_T,Total,_Z,Not applicable,CITY,City,_Z,Not applicable,2024,,352867,,A,Normal value,0,Units,0,Zero
DATAFLOW,OECD.CFE.EDS:DSD_FUA_DEMO@DF_AGE_SEX(1.2),Population by age and sex - Cities and FUAs,I,USA116C,Allen,A,Annual,POP,Population,PS,Persons,_T,Total,_T,Total,_Z,Not applicable,CITY,City,_Z,Not applicable,2024,,399295,,A,Normal value,0,Units,0,Zero
DATAFLOW,OECD.CFE.EDS:DSD_FUA_DEMO@DF_AGE_SEX(1.2),Population by age and sex - Cities and FUAs,I,USA117C,Scott,A,Annual,POP,Population,PS,Persons,_T,Total,_T,Total,_Z,Not applicable,CITY,City,_Z,Not applicable,2024,,318332,,A,Normal value,0,Units,0,Zero
DATAFLOW,OECD.CFE.EDS:DSD_FUA_DEMO@DF_AGE_SEX(1.2),Population by age and sex - Cities and FUAs,I,USA118C,Stark,A,Annual,POP,Population,PS,Persons,_T,Total,_T,Total,_Z,Not applicable,CITY,City,_Z,Not applicable,2024,,374091,,A,Normal value,0,Units,0,Zero
DATAFLOW,OECD.CFE.EDS:DSD_FUA_DEMO@DF_AGE_SEX(1.2),Population by age and sex - Cities and FUAs,I,USA119C,Tallahassee,A,Annual,POP,Population,PS,Persons,_T,Total,_T,Total,_Z,Not applicable,CITY,City,_Z,Not applicable,2024,,300488,,A,Normal value,0,Units,0,Zero
DATAFLOW,OECD.CFE.EDS:DSD_FUA_DEMO@DF_AGE_SEX(1.2),Population by age and sex - Cities and FUAs,I,USA11C,Boston,A,Annual,POP,Population,PS,Persons,_T,Total,_T,Total,_Z,Not applicable,CITY,City,_Z,Not applicable,2024,,4026792,,A,Normal value,0,Units,0,Zero
DATAFLOW,OECD.CFE.EDS:DSD_FUA_DEMO@DF_AGE_SEX(1.2),Population by age and sex - Cities and FUAs,I,USA120C,Cumberland (NC),A,Annual,POP,Population,PS,Persons,_T,Total,_T,Total,_Z,Not applicable,CITY,City,_Z,Not applicable,2024,,338430,,A,Normal value,0,Units,0,Zero
DATAFLOW,OECD.CFE.EDS:DSD_FUA_DEMO@DF_AGE_SEX(1.2),Population by age and sex - Cities and FUAs,I,USA121C,Lane,A,Annual,POP,Population,PS,Persons,_T,Total,_T,Total,_Z,Not applicable,CITY,City,_Z,Not applicable,2024,,382396,,A,Normal value,0,Units,0,Zero
DATAFLOW,OECD.CFE.EDS:DSD_FUA_DEMO@DF_AGE_SEX(1.2),Population by age and sex - Cities and FUAs,I,USA122C,Winnebago (IL),A,Annual,POP,Population,PS,Persons,_T,Total,_T,Total,_Z,Not applicable,CITY,City,_Z,Not applicable,2024,,283790,,A,Normal value,0,Units,0,Zero
DATAFLOW,OECD.CFE.EDS:DSD_FUA_DEMO@DF_AGE_SEX(1.2),Population by age and sex - Cities and FUAs,I,USA123C,Chatham,A,Annual,POP,Population,PS,Persons,_T,Total,_T,Total,_Z,Not applicable,CITY,City,_Z,Not applicable,2024,,307336,,A,Normal value,0,Units,0,Zero
DATAFLOW,OECD.CFE.EDS:DSD_FUA_DEMO@DF_AGE_SEX(1.2),Population by age and sex - Cities and FUAs,I,USA124C,Vanderburgh,A,Annual,POP,Population,PS,Persons,_T,Total,_T,Total,_Z,Not applicable,CITY,City,_Z,Not applicable,2024,,180387,,A,Normal value,0,Units,0,Zero
DATAFLOW,OECD.CFE.EDS:DSD_FUA_DEMO@DF_AGE_SEX(1.2),Population by age and sex - Cities and FUAs,I,USA125C,Washtenaw,A,Annual,POP,Population,PS,Persons,_T,Total,_T,Total,_Z,Not applicable,CITY,City,_Z,Not applicable,2024,,373875,,A,Normal value,0,Units,0,Zero
DATAFLOW,OECD.CFE.EDS:DSD_FUA_DEMO@DF_AGE_SEX(1.2),Population by age and sex - Cities and FUAs,I,USA126C,Lubbock,A,Annual,POP,Population,PS,Persons,_T,Total,_T,Total,_Z,Not applicable,CITY,City,_Z,Not applicable,2024,,327394,,A,Normal value,0,Units,0,Zero
DATAFLOW,OECD.CFE.EDS:DSD_FUA_DEMO@DF_AGE_SEX(1.2),Population by age and sex - Cities and FUAs,I,USA127C,Madison,A,Annual,POP,Population,PS,Persons,_T,Total,_T,Total,_Z,Not applicable,CITY,City,_Z,Not applicable,2024,,423355,,A,Normal value,0,Units,0,Zero
DATAFLOW,OECD.CFE.EDS:DSD_FUA_DEMO@DF_AGE_SEX(1.2),Population by age and sex - Cities and FUAs,I,USA128C,Marion (FL),A,Annual,POP,Population,PS,Persons,_T,Total,_T,Total,_Z,Not applicable,CITY,City,_Z,Not applicable,2024,,428905,,A,Normal value,0,Units,0,Zero
DATAFLOW,OECD.CFE.EDS:DSD_FUA_DEMO@DF_AGE_SEX(1.2),Population by age and sex - Cities and FUAs,I,USA129C,Peoria,A,Annual,POP,Population,PS,Persons,_T,Total,_T,Total,_Z,Not applicable,CITY,City,_Z,Not applicable,2024,,179630,,A,Normal value,0,Units,0,Zero
DATAFLOW,OECD.CFE.EDS:DSD_FUA_DEMO@DF_AGE_SEX(1.2),Population by age and sex - Cities and FUAs,I,USA12C,Phoenix,A,Annual,POP,Population,PS,Persons,_T,Total,_T,Total,_Z,Not applicable,CITY,City,_Z,Not applicable,2024,,4673096,,A,Normal value,0,Units,0,Zero
DATAFLOW,OECD.CFE.EDS:DSD_FUA_DEMO@DF_AGE_SEX(1.2),Population by age and sex - Cities and FUAs,I,USA130C,Collier,A,Annual,POP,Population,PS,Persons,_T,Total,_T,Total,_Z,Not applicable,CITY,City,_Z,Not applicable,2024,,416233,,A,Normal value,0,Units,0,Zero
DATAFLOW,OECD.CFE.EDS:DSD_FUA_DEMO@DF_AGE_SEX(1.2),Population by age and sex - Cities and FUAs,I,USA131C,Luzerne,A,Annual,POP,Population,PS,Persons,_T,Total,_T,Total,_Z,Not applicable,CITY,City,_Z,Not applicable,2024,,331379,,A,Normal value,0,Units,0,Zero
DATAFLOW,OECD.CFE.EDS:DSD_FUA_DEMO@DF_AGE_SEX(1.2),Population by age and sex - Cities and FUAs,I,USA132C,Lancaster (NE),A,Annual,POP,Population,PS,Persons,_T,Total,_T,Total,_Z,Not applicable,CITY,City,_Z,Not applicable,2024,,332857,,A,Normal value,0,Units,0,Zero
DATAFLOW,OECD.CFE.EDS:DSD_FUA_DEMO@DF_AGE_SEX(1.2),Population by age and sex - Cities and FUAs,I,USA133C,Thurston,A,Annual,POP,Population,PS,Persons,_T,Total,_T,Total,_Z,Not applicable,CITY,City,_Z,Not applicable,2024,,302912,,A,Normal value,0,Units,0,Zero
DATAFLOW,OECD.CFE.EDS:DSD_FUA_DEMO@DF_AGE_SEX(1.2),Population by age and sex - Cities and FUAs,I,USA134C,Sebastian,A,Annual,POP,Population,PS,Persons,_T,Total,_T,Total,_Z,Not applicable,CITY,City,_Z,Not applicable,2024,,130035,,A,Normal value,0,Units,0,Zero
DATAFLOW,OECD.CFE.EDS:DSD_FUA_DEMO@DF_AGE_SEX(1.2),Population by age and sex - Cities and FUAs,I,USA135C,Roanoke,A,Annual,POP,Population,PS,Persons,_T,Total,_T,Total,_Z,Not applicable,CITY,City,_Z,Not applicable,2024,,97912,,A,Normal value,0,Units,0,Zero
DATAFLOW,OECD.CFE.EDS:DSD_FUA_DEMO@DF_AGE_SEX(1.2),Population by age and sex - Cities and FUAs,I,USA136C,Muscogee,A,Annual,POP,Population,PS,Persons,_T,Total,_T,Total,_Z,Not applicable,CITY,City,_Z,Not applicable,2024,,201830,,A,Normal value,0,Units,0,Zero
DATAFLOW,OECD.CFE.EDS:DSD_FUA_DEMO@DF_AGE_SEX(1.2),Population by age and sex - Cities and FUAs,I,USA137C,Brown,A,Annual,POP,Population,PS,Persons,_T,Total,_T,Total,_Z,Not applicable,CITY,City,_Z,Not applicable,2024,,273909,,A,Normal value,0,Units,0,Zero
DATAFLOW,OECD.CFE.EDS:DSD_FUA_DEMO@DF_AGE_SEX(1.2),Population by age and sex - Cities and FUAs,I,USA138C,Alachua,A,Annual,POP,Population,PS,Persons,_T,Total,_T,Total,_Z,Not applicable,CITY,City,_Z,Not applicable,2024,,291782,,A,Normal value,0,Units,0,Zero
DATAFLOW,OECD.CFE.EDS:DSD_FUA_DEMO@DF_AGE_SEX(1.2),Population by age and sex - Cities and FUAs,I,USA139C,Larimer,A,Annual,POP,Population,PS,Persons,_T,Total,_T,Total,_Z,Not applicable,CITY,City,_Z,Not applicable,2024,,374574,,A,Normal value,0,Units,0,Zero
DATAFLOW,OECD.CFE.EDS:DSD_FUA_DEMO@DF_AGE_SEX(1.2),Population by age and sex - Cities and FUAs,I,USA13C,Detroit (Greater),A,Annual,POP,Population,PS,Persons,_T,Total,_T,Total,_Z,Not applicable,CITY,City,_Z,Not applicable,2024,,3954126,,A,Normal value,0,Units,0,Zero
DATAFLOW,OECD.CFE.EDS:DSD_FUA_DEMO@DF_AGE_SEX(1.2),Population by age and sex - Cities and FUAs,I,USA140C,Boulder,A,Annual,POP,Population,PS,Persons,_T,Total,_T,Total,_Z,Not applicable,CITY,City,_Z,Not applicable,2024,,330262,,A,Normal value,0,Units,0,Zero
DATAFLOW,OECD.CFE.EDS:DSD_FUA_DEMO@DF_AGE_SEX(1.2),Population by age and sex - Cities and FUAs,I,USA141C,Potter,A,Annual,POP,Population,PS,Persons,_T,Total,_T,Total,_Z,Not applicable,CITY,City,_Z,Not applicable,2024,,265196,,A,Normal value,0,Units,0,Zero
DATAFLOW,OECD.CFE.EDS:DSD_FUA_DEMO@DF_AGE_SEX(1.2),Population by age and sex - Cities and FUAs,I,USA142C,Cumberland (ME),A,Annual,POP,Population,PS,Persons,_T,Total,_T,Total,_Z,Not applicable,CITY,City,_Z,Not applicable,2024,,313809,,A,Normal value,0,Units,0,Zero
DATAFLOW,OECD.CFE.EDS:DSD_FUA_DEMO@DF_AGE_SEX(1.2),Population by age and sex - Cities and FUAs,I,USA143C,Erie (PA),A,Annual,POP,Population,PS,Persons,_T,Total,_T,Total,_Z,Not applicable,CITY,City,_Z,Not applicable,2024,,267750,,A,Normal value,0,Units,0,Zero
DATAFLOW,OECD.CFE.EDS:DSD_FUA_DEMO@DF_AGE_SEX(1.2),Population by age and sex - Cities and FUAs,I,USA144C,St. Lucie,A,Annual,POP,Population,PS,Persons,_T,Total,_T,Total,_Z,Not applicable,CITY,City,_Z,Not applicable,2024,,390670,,A,Normal value,0,Units,0,Zero
DATAFLOW,OECD.CFE.EDS:DSD_FUA_DEMO@DF_AGE_SEX(1.2),Population by age and sex - Cities and FUAs,I,USA145C,Nashville,A,Annual,POP,Population,PS,Persons,_T,Total,_T,Total,_Z,Not applicable,CITY,City,_Z,Not applicable,2024,,376996,,A,Normal value,0,Units,0,Zero
DATAFLOW,OECD.CFE.EDS:DSD_FUA_DEMO@DF_AGE_SEX(1.2),Population by age and sex - Cities and FUAs,I,USA146C,Atlantic City,A,Annual,POP,Population,PS,Persons,_T,Total,_T,Total,_Z,Not applicable,CITY,City,_Z,Not applicable,2024,,279114,,A,Normal value,0,Units,0,Zero
DATAFLOW,OECD.CFE.EDS:DSD_FUA_DEMO@DF_AGE_SEX(1.2),Population by age and sex - Cities and FUAs,I,USA147C,McLennan,A,Annual,POP,Population,PS,Persons,_T,Total,_T,Total,_Z,Not applicable,CITY,City,_Z,Not applicable,2024,,270358,,A,Normal value,0,Units,0,Zero
DATAFLOW,OECD.CFE.EDS:DSD_FUA_DEMO@DF_AGE_SEX(1.2),Population by age and sex - Cities and FUAs,I,USA148C,Durham,A,Annual,POP,Population,PS,Persons,_T,Total,_T,Total,_Z,Not applicable,CITY,City,_Z,Not applicable,2024,,343628,,A,Normal value,0,Units,0,Zero
DATAFLOW,OECD.CFE.EDS:DSD_FUA_DEMO@DF_AGE_SEX(1.2),Population by age and sex - Cities and FUAs,I,USA149C,Lackawanna,A,Annual,POP,Population,PS,Persons,_T,Total,_T,Total,_Z,Not applicable,CITY,City,_Z,Not applicable,2024,,216859,,A,Normal value,0,Units,0,Zero
DATAFLOW,OECD.CFE.EDS:DSD_FUA_DEMO@DF_AGE_SEX(1.2),Population by age and sex - Cities and FUAs,I,USA14C,Seattle,A,Annual,POP,Population,PS,Persons,_T,Total,_T,Total,_Z,Not applicable,CITY,City,_Z,Not applicable,2024,,4145494,,A,Normal value,0,Units,0,Zero
DATAFLOW,OECD.CFE.EDS:DSD_FUA_DEMO@DF_AGE_SEX(1.2),Population by age and sex - Cities and FUAs,I,USA150C,St. Joseph,A,Annual,POP,Population,PS,Persons,_T,Total,_T,Total,_Z,Not applicable,CITY,City,_Z,Not applicable,2024,,273744,,A,Normal value,0,Units,0,Zero
DATAFLOW,OECD.CFE.EDS:DSD_FUA_DEMO@DF_AGE_SEX(1.2),Population by age and sex - Cities and FUAs,I,USA151C,Santa Cruz,A,Annual,POP,Population,PS,Persons,_T,Total,_T,Total,_Z,Not applicable,CITY,City,_Z,Not applicable,2024,,262406,,A,Normal value,0,Units,0,Zero
DATAFLOW,OECD.CFE.EDS:DSD_FUA_DEMO@DF_AGE_SEX(1.2),Population by age and sex - Cities and FUAs,I,USA152C,Webb,A,Annual,POP,Population,PS,Persons,_T,Total,_T,Total,_Z,Not applicable,CITY,City,_Z,Not applicable,2024,,272823,,A,Normal value,0,Units,0,Zero
DATAFLOW,OECD.CFE.EDS:DSD_FUA_DEMO@DF_AGE_SEX(1.2),Population by age and sex - Cities and FUAs,I,USA153C,Minnehaha,A,Annual,POP,Population,PS,Persons,_T,Total,_T,Total,_Z,Not applicable,CITY,City,_Z,Not applicable,2024,,208639,,A,Normal value,0,Units,0,Zero
DATAFLOW,OECD.CFE.EDS:DSD_FUA_DEMO@DF_AGE_SEX(1.2),Population by age and sex - Cities and FUAs,I,USA154C,Merced,A,Annual,POP,Population,PS,Persons,_T,Total,_T,Total,_Z,Not applicable,CITY,City,_Z,Not applicable,2024,,296774,,A,Normal value,0,Units,0,Zero
DATAFLOW,OECD.CFE.EDS:DSD_FUA_DEMO@DF_AGE_SEX(1.2),Population by age and sex - Cities and FUAs,I,USA155C,Benton (WA),A,Annual,POP,Population,PS,Persons,_T,Total,_T,Total,_Z,Not applicable,CITY,City,_Z,Not applicable,2024,,218190,,A,Normal value,0,Units,0,Zero
DATAFLOW,OECD.CFE.EDS:DSD_FUA_DEMO@DF_AGE_SEX(1.2),Population by age and sex - Cities and FUAs,I,USA156C,Weld,A,Annual,POP,Population,PS,Persons,_T,Total,_T,Total,_Z,Not applicable,CITY,City,_Z,Not applicable,2024,,369745,,A,Normal value,0,Units,0,Zero
DATAFLOW,OECD.CFE.EDS:DSD_FUA_DEMO@DF_AGE_SEX(1.2),Population by age and sex - Cities and FUAs,I,USA157C,Kalamazoo,A,Annual,POP,Population,PS,Persons,_T,Total,_T,Total,_Z,Not applicable,CITY,City,_Z,Not applicable,2024,,264780,,A,Normal value,0,Units,0,Zero
DATAFLOW,OECD.CFE.EDS:DSD_FUA_DEMO@DF_AGE_SEX(1.2),Population by age and sex - Cities and FUAs,I,USA158C,Butte,A,Annual,POP,Population,PS,Persons,_T,Total,_T,Total,_Z,Not applicable,CITY,City,_Z,Not applicable,2024,,208334,,A,Normal value,0,Units,0,Zero
DATAFLOW,OECD.CFE.EDS:DSD_FUA_DEMO@DF_AGE_SEX(1.2),Population by age and sex - Cities and FUAs,I,USA159C,Sangamon,A,Annual,POP,Population,PS,Persons,_T,Total,_T,Total,_Z,Not applicable,CITY,City,_Z,Not applicable,2024,,194345,,A,Normal value,0,Units,0,Zero
DATAFLOW,OECD.CFE.EDS:DSD_FUA_DEMO@DF_AGE_SEX(1.2),Population by age and sex - Cities and FUAs,I,USA15C,Minneapolis,A,Annual,POP,Population,PS,Persons,_T,Total,_T,Total,_Z,Not applicable,CITY,City,_Z,Not applicable,2024,,2268505,,A,Normal value,0,Units,0,Zero
DATAFLOW,OECD.CFE.EDS:DSD_FUA_DEMO@DF_AGE_SEX(1.2),Population by age and sex - Cities and FUAs,I,USA160C,Yakima,A,Annual,POP,Population,PS,Persons,_T,Total,_T,Total,_Z,Not applicable,CITY,City,_Z,Not applicable,2024,,258523,,A,Normal value,0,Units,0,Zero
DATAFLOW,OECD.CFE.EDS:DSD_FUA_DEMO@DF_AGE_SEX(1.2),Population by age and sex - Cities and FUAs,I,USA161C,Brazos,A,Annual,POP,Population,PS,Persons,_T,Total,_T,Total,_Z,Not applicable,CITY,City,_Z,Not applicable,2024,,249624,,A,Normal value,0,Units,0,Zero
DATAFLOW,OECD.CFE.EDS:DSD_FUA_DEMO@DF_AGE_SEX(1.2),Population by age and sex - Cities and FUAs,I,USA162C,Tuscaloosa,A,Annual,POP,Population,PS,Persons,_T,Total,_T,Total,_Z,Not applicable,CITY,City,_Z,Not applicable,2024,,241212,,A,Normal value,0,Units,0,Zero
DATAFLOW,OECD.CFE.EDS:DSD_FUA_DEMO@DF_AGE_SEX(1.2),Population by age and sex - Cities and FUAs,I,USA163C,Champaign,A,Annual,POP,Population,PS,Persons,_T,Total,_T,Total,_Z,Not applicable,CITY,City,_Z,Not applicable,2024,,212374,,A,Normal value,0,Units,0,Zero
DATAFLOW,OECD.CFE.EDS:DSD_FUA_DEMO@DF_AGE_SEX(1.2),Population by age and sex - Cities and FUAs,I,USA164C,Linn,A,Annual,POP,Population,PS,Persons,_T,Total,_T,Total,_Z,Not applicable,CITY,City,_Z,Not applicable,2024,,231762,,A,Normal value,0,Units,0,Zero
DATAFLOW,OECD.CFE.EDS:DSD_FUA_DEMO@DF_AGE_SEX(1.2),Population by age and sex - Cities and FUAs,I,USA165C,Lafayette (IN),A,Annual,POP,Population,PS,Persons,_T,Total,_T,Total,_Z,Not applicable,CITY,City,_Z,Not applicable,2024,,191650,,A,Normal value,0,Units,0,Zero
DATAFLOW,OECD.CFE.EDS:DSD_FUA_DEMO@DF_AGE_SEX(1.2),Population by age and sex - Cities and FUAs,I,USA166C,Shawnee,A,Annual,POP,Population,PS,Persons,_T,Total,_T,Total,_Z,Not applicable,CITY,City,_Z,Not applicable,2024,,177942,,A,Normal value,0,Units,0,Zero
DATAFLOW,OECD.CFE.EDS:DSD_FUA_DEMO@DF_AGE_SEX(1.2),Population by age and sex - Cities and FUAs,I,USA167C,Weber,A,Annual,POP,Population,PS,Persons,_T,Total,_T,Total,_Z,Not applicable,CITY,City,_Z,Not applicable,2024,,276118,,A,Normal value,0,Units,0,Zero
DATAFLOW,OECD.CFE.EDS:DSD_FUA_DEMO@DF_AGE_SEX(1.2),Population by age and sex - Cities and FUAs,I,USA168C,Outagamie,A,Annual,POP,Population,PS,Persons,_T,Total,_T,Total,_Z,Not applicable,CITY,City,_Z,Not applicable,2024,,195390,,A,Normal value,0,Units,0,Zero
DATAFLOW,OECD.CFE.EDS:DSD_FUA_DEMO@DF_AGE_SEX(1.2),Population by age and sex - Cities and FUAs,I,USA169C,Cass,A,Annual,POP,Population,PS,Persons,_T,Total,_T,Total,_Z,Not applicable,CITY,City,_Z,Not applicable,2024,,200945,,A,Normal value,0,Units,0,Zero
DATAFLOW,OECD.CFE.EDS:DSD_FUA_DEMO@DF_AGE_SEX(1.2),Population by age and sex - Cities and FUAs,I,USA16C,San Diego,A,Annual,POP,Population,PS,Persons,_T,Total,_T,Total,_Z,Not applicable,CITY,City,_Z,Not applicable,2024,,3298799,,A,Normal value,0,Units,0,Zero
DATAFLOW,OECD.CFE.EDS:DSD_FUA_DEMO@DF_AGE_SEX(1.2),Population by age and sex - Cities and FUAs,I,USA170C,Benton (AR),A,Annual,POP,Population,PS,Persons,_T,Total,_T,Total,_Z,Not applicable,CITY,City,_Z,Not applicable,2024,,321566,,A,Normal value,0,Units,0,Zero
DATAFLOW,OECD.CFE.EDS:DSD_FUA_DEMO@DF_AGE_SEX(1.2),Population by age and sex - Cities and FUAs,I,USA171C,Las Cruces,A,Annual,POP,Population,PS,Persons,_T,Total,_T,Total,_Z,Not applicable,CITY,City,_Z,Not applicable,2024,,229366,,A,Normal value,0,Units,0,Zero
DATAFLOW,OECD.CFE.EDS:DSD_FUA_DEMO@DF_AGE_SEX(1.2),Population by age and sex - Cities and FUAs,I,USA172C,Rochester (MN),A,Annual,POP,Population,PS,Persons,_T,Total,_T,Total,_Z,Not applicable,CITY,City,_Z,Not applicable,2024,,166424,,A,Normal value,0,Units,0,Zero
DATAFLOW,OECD.CFE.EDS:DSD_FUA_DEMO@DF_AGE_SEX(1.2),Population by age and sex - Cities and FUAs,I,USA173C,Jackson (OR),A,Annual,POP,Population,PS,Persons,_T,Total,_T,Total,_Z,Not applicable,CITY,City,_Z,Not applicable,2024,,221331,,A,Normal value,0,Units,0,Zero
DATAFLOW,OECD.CFE.EDS:DSD_FUA_DEMO@DF_AGE_SEX(1.2),Population by age and sex - Cities and FUAs,I,USA174C,New Hanover,A,Annual,POP,Population,PS,Persons,_T,Total,_T,Total,_Z,Not applicable,CITY,City,_Z,Not applicable,2024,,243333,,A,Normal value,0,Units,0,Zero
DATAFLOW,OECD.CFE.EDS:DSD_FUA_DEMO@DF_AGE_SEX(1.2),Population by age and sex - Cities and FUAs,I,USA175C,Whatcom,A,Annual,POP,Population,PS,Persons,_T,Total,_T,Total,_Z,Not applicable,CITY,City,_Z,Not applicable,2024,,234954,,A,Normal value,0,Units,0,Zero
DATAFLOW,OECD.CFE.EDS:DSD_FUA_DEMO@DF_AGE_SEX(1.2),Population by age and sex - Cities and FUAs,I,USA176C,Broome,A,Annual,POP,Population,PS,Persons,_T,Total,_T,Total,_Z,Not applicable,CITY,City,_Z,Not applicable,2024,,196397,,A,Normal value,0,Units,0,Zero
DATAFLOW,OECD.CFE.EDS:DSD_FUA_DEMO@DF_AGE_SEX(1.2),Population by age and sex - Cities and FUAs,I,USA177C,Saginaw,A,Annual,POP,Population,PS,Persons,_T,Total,_T,Total,_Z,Not applicable,CITY,City,_Z,Not applicable,2024,,187714,,A,Normal value,0,Units,0,Zero
DATAFLOW,OECD.CFE.EDS:DSD_FUA_DEMO@DF_AGE_SEX(1.2),Population by age and sex - Cities and FUAs,I,USA178C,Yuma,A,Annual,POP,Population,PS,Persons,_T,Total,_T,Total,_Z,Not applicable,CITY,City,_Z,Not applicable,2024,,220310,,A,Normal value,0,Units,0,Zero
DATAFLOW,OECD.CFE.EDS:DSD_FUA_DEMO@DF_AGE_SEX(1.2),Population by age and sex - Cities and FUAs,I,USA179C,Racine,A,Annual,POP,Population,PS,Persons,_T,Total,_T,Total,_Z,Not applicable,CITY,City,_Z,Not applicable,2024,,198651,,A,Normal value,0,Units,0,Zero
DATAFLOW,OECD.CFE.EDS:DSD_FUA_DEMO@DF_AGE_SEX(1.2),Population by age and sex - Cities and FUAs,I,USA17C,St. Louis,A,Annual,POP,Population,PS,Persons,_T,Total,_T,Total,_Z,Not applicable,CITY,City,_Z,Not applicable,2024,,1696350,,A,Normal value,0,Units,0,Zero
DATAFLOW,OECD.CFE.EDS:DSD_FUA_DEMO@DF_AGE_SEX(1.2),Population by age and sex - Cities and FUAs,I,USA180C,Punta Gorda,A,Annual,POP,Population,PS,Persons,_T,Total,_T,Total,_Z,Not applicable,CITY,City,_Z,Not applicable,2024,,212122,,A,Normal value,0,Units,0,Zero
DATAFLOW,OECD.CFE.EDS:DSD_FUA_DEMO@DF_AGE_SEX(1.2),Population by age and sex - Cities and FUAs,I,USA181C,Benton (MN),A,Annual,POP,Population,PS,Persons,_T,Total,_T,Total,_Z,Not applicable,CITY,City,_Z,Not applicable,2024,,41881,,A,Normal value,0,Units,0,Zero
DATAFLOW,OECD.CFE.EDS:DSD_FUA_DEMO@DF_AGE_SEX(1.2),Population by age and sex - Cities and FUAs,I,USA182C,Harrison,A,Annual,POP,Population,PS,Persons,_T,Total,_T,Total,_Z,Not applicable,CITY,City,_Z,Not applicable,2024,,213730,,A,Normal value,0,Units,0,Zero
DATAFLOW,OECD.CFE.EDS:DSD_FUA_DEMO@DF_AGE_SEX(1.2),Population by age and sex - Cities and FUAs,I,USA183C,McLean,A,Annual,POP,Population,PS,Persons,_T,Total,_T,Total,_Z,Not applicable,CITY,City,_Z,Not applicable,2024,,172069,,A,Normal value,0,Units,0,Zero
DATAFLOW,OECD.CFE.EDS:DSD_FUA_DEMO@DF_AGE_SEX(1.2),Population by age and sex - Cities and FUAs,I,USA184C,Woodbury,A,Annual,POP,Population,PS,Persons,_T,Total,_T,Total,_Z,Not applicable,CITY,City,_Z,Not applicable,2024,,128592,,A,Normal value,0,Units,0,Zero
DATAFLOW,OECD.CFE.EDS:DSD_FUA_DEMO@DF_AGE_SEX(1.2),Population by age and sex - Cities and FUAs,I,USA185C,Tampa-Hernando,A,Annual,POP,Population,PS,Persons,_T,Total,_T,Total,_Z,Not applicable,CITY,City,_Z,Not applicable,2024,,218150,,A,Normal value,0,Units,0,Zero
DATAFLOW,OECD.CFE.EDS:DSD_FUA_DEMO@DF_AGE_SEX(1.2),Population by age and sex - Cities and FUAs,I,USA186C,Muskegon,A,Annual,POP,Population,PS,Persons,_T,Total,_T,Total,_Z,Not applicable,CITY,City,_Z,Not applicable,2024,,177428,,A,Normal value,0,Units,0,Zero
DATAFLOW,OECD.CFE.EDS:DSD_FUA_DEMO@DF_AGE_SEX(1.2),Population by age and sex - Cities and FUAs,I,USA187C,Johnson,A,Annual,POP,Population,PS,Persons,_T,Total,_T,Total,_Z,Not applicable,CITY,City,_Z,Not applicable,2024,,160080,,A,Normal value,0,Units,0,Zero
DATAFLOW,OECD.CFE.EDS:DSD_FUA_DEMO@DF_AGE_SEX(1.2),Population by age and sex - Cities and FUAs,I,USA188C,Taylor,A,Annual,POP,Population,PS,Persons,_T,Total,_T,Total,_Z,Not applicable,CITY,City,_Z,Not applicable,2024,,148813,,A,Normal value,0,Units,0,Zero
DATAFLOW,OECD.CFE.EDS:DSD_FUA_DEMO@DF_AGE_SEX(1.2),Population by age and sex - Cities and FUAs,I,USA189C,Pitt,A,Annual,POP,Population,PS,Persons,_T,Total,_T,Total,_Z,Not applicable,CITY,City,_Z,Not applicable,2024,,180783,,A,Normal value,0,Units,0,Zero
DATAFLOW,OECD.CFE.EDS:DSD_FUA_DEMO@DF_AGE_SEX(1.2),Population by age and sex - Cities and FUAs,I,USA18C,Denver,A,Annual,POP,Population,PS,Persons,_T,Total,_T,Total,_Z,Not applicable,CITY,City,_Z,Not applicable,2024,,2989761,,A,Normal value,0,Units,0,Zero
DATAFLOW,OECD.CFE.EDS:DSD_FUA_DEMO@DF_AGE_SEX(1.2),Population by age and sex - Cities and FUAs,I,USA190C,Winnebago (WI),A,Annual,POP,Population,PS,Persons,_T,Total,_T,Total,_Z,Not applicable,CITY,City,_Z,Not applicable,2024,,173307,,A,Normal value,0,Units,0,Zero
DATAFLOW,OECD.CFE.EDS:DSD_FUA_DEMO@DF_AGE_SEX(1.2),Population by age and sex - Cities and FUAs,I,USA191C,Sutter,A,Annual,POP,Population,PS,Persons,_T,Total,_T,Total,_Z,Not applicable,CITY,City,_Z,Not applicable,2024,,98545,,A,Normal value,0,Units,0,Zero
DATAFLOW,OECD.CFE.EDS:DSD_FUA_DEMO@DF_AGE_SEX(1.2),Population by age and sex - Cities and FUAs,I,USA192C,Rock,A,Annual,POP,Population,PS,Persons,_T,Total,_T,Total,_Z,Not applicable,CITY,City,_Z,Not applicable,2024,,165461,,A,Normal value,0,Units,0,Zero
DATAFLOW,OECD.CFE.EDS:DSD_FUA_DEMO@DF_AGE_SEX(1.2),Population by age and sex - Cities and FUAs,I,USA193C,Pueblo,A,Annual,POP,Population,PS,Persons,_T,Total,_T,Total,_Z,Not applicable,CITY,City,_Z,Not applicable,2024,,169866,,A,Normal value,0,Units,0,Zero
DATAFLOW,OECD.CFE.EDS:DSD_FUA_DEMO@DF_AGE_SEX(1.2),Population by age and sex - Cities and FUAs,I,USA194C,Centre,A,Annual,POP,Population,PS,Persons,_T,Total,_T,Total,_Z,Not applicable,CITY,City,_Z,Not applicable,2024,,159805,,A,Normal value,0,Units,0,Zero
DATAFLOW,OECD.CFE.EDS:DSD_FUA_DEMO@DF_AGE_SEX(1.2),Population by age and sex - Cities and FUAs,I,USA195C,Yellowstone,A,Annual,POP,Population,PS,Persons,_T,Total,_T,Total,_Z,Not applicable,CITY,City,_Z,Not applicable,2024,,171583,,A,Normal value,0,Units,0,Zero
DATAFLOW,OECD.CFE.EDS:DSD_FUA_DEMO@DF_AGE_SEX(1.2),Population by age and sex - Cities and FUAs,I,USA196C,Wichita,A,Annual,POP,Population,PS,Persons,_T,Total,_T,Total,_Z,Not applicable,CITY,City,_Z,Not applicable,2024,,129984,,A,Normal value,0,Units,0,Zero
DATAFLOW,OECD.CFE.EDS:DSD_FUA_DEMO@DF_AGE_SEX(1.2),Population by age and sex - Cities and FUAs,I,USA197C,Washington (MD),A,Annual,POP,Population,PS,Persons,_T,Total,_T,Total,_Z,Not applicable,CITY,City,_Z,Not applicable,2024,,157228,,A,Normal value,0,Units,0,Zero
DATAFLOW,OECD.CFE.EDS:DSD_FUA_DEMO@DF_AGE_SEX(1.2),Population by age and sex - Cities and FUAs,I,USA198C,Mesa,A,Annual,POP,Population,PS,Persons,_T,Total,_T,Total,_Z,Not applicable,CITY,City,_Z,Not applicable,2024,,161260,,A,Normal value,0,Units,0,Zero
DATAFLOW,OECD.CFE.EDS:DSD_FUA_DEMO@DF_AGE_SEX(1.2),Population by age and sex - Cities and FUAs,I,USA199C,Midland,A,Annual,POP,Population,PS,Persons,_T,Total,_T,Total,_Z,Not applicable,CITY,City,_Z,Not applicable,2024,,183587,,A,Normal value,0,Units,0,Zero
DATAFLOW,OECD.CFE.EDS:DSD_FUA_DEMO@DF_AGE_SEX(1.2),Population by age and sex - Cities and FUAs,I,USA19C,San Antonio,A,Annual,POP,Population,PS,Persons,_T,Total,_T,Total,_Z,Not applicable,CITY,City,_Z,Not applicable,2024,,2127737,,A,Normal value,0,Units,0,Zero
DATAFLOW,OECD.CFE.EDS:DSD_FUA_DEMO@DF_AGE_SEX(1.2),Population by age and sex - Cities and FUAs,I,USA200C,Ector,A,Annual,POP,Population,PS,Persons,_T,Total,_T,Total,_Z,Not applicable,CITY,City,_Z,Not applicable,2024,,170022,,A,Normal value,0,Units,0,Zero
DATAFLOW,OECD.CFE.EDS:DSD_FUA_DEMO@DF_AGE_SEX(1.2),Population by age and sex - Cities and FUAs,I,USA201C,Comanche,A,Annual,POP,Population,PS,Persons,_T,Total,_T,Total,_Z,Not applicable,CITY,City,_Z,Not applicable,2024,,121396,,A,Normal value,0,Units,0,Zero
DATAFLOW,OECD.CFE.EDS:DSD_FUA_DEMO@DF_AGE_SEX(1.2),Population by age and sex - Cities and FUAs,I,USA202C,Indian River,A,Annual,POP,Population,PS,Persons,_T,Total,_T,Total,_Z,Not applicable,CITY,City,_Z,Not applicable,2024,,172139,,A,Normal value,0,Units,0,Zero
DATAFLOW,OECD.CFE.EDS:DSD_FUA_DEMO@DF_AGE_SEX(1.2),Population by age and sex - Cities and FUAs,I,USA203C,Monroe (IN),A,Annual,POP,Population,PS,Persons,_T,Total,_T,Total,_Z,Not applicable,CITY,City,_Z,Not applicable,2024,,140702,,A,Normal value,0,Units,0,Zero
DATAFLOW,OECD.CFE.EDS:DSD_FUA_DEMO@DF_AGE_SEX(1.2),Population by age and sex - Cities and FUAs,I,USA204C,Napa,A,Annual,POP,Population,PS,Persons,_T,Total,_T,Total,_Z,Not applicable,CITY,City,_Z,Not applicable,2024,,132727,,A,Normal value,0,Units,0,Zero
DATAFLOW,OECD.CFE.EDS:DSD_FUA_DEMO@DF_AGE_SEX(1.2),Population by age and sex - Cities and FUAs,I,USA205C,Delaware,A,Annual,POP,Population,PS,Persons,_T,Total,_T,Total,_Z,Not applicable,CITY,City,_Z,Not applicable,2024,,112951,,A,Normal value,0,Units,0,Zero
DATAFLOW,OECD.CFE.EDS:DSD_FUA_DEMO@DF_AGE_SEX(1.2),Population by age and sex - Cities and FUAs,I,USA206C,Kankakee,A,Annual,POP,Population,PS,Persons,_T,Total,_T,Total,_Z,Not applicable,CITY,City,_Z,Not applicable,2024,,106410,,A,Normal value,0,Units,0,Zero
DATAFLOW,OECD.CFE.EDS:DSD_FUA_DEMO@DF_AGE_SEX(1.2),Population by age and sex - Cities and FUAs,I,USA207C,Terrebonne,A,Annual,POP,Population,PS,Persons,_T,Total,_T,Total,_Z,Not applicable,CITY,City,_Z,Not applicable,2024,,103864,,A,Normal value,0,Units,0,Zero
DATAFLOW,OECD.CFE.EDS:DSD_FUA_DEMO@DF_AGE_SEX(1.2),Population by age and sex - Cities and FUAs,I,USA208C,Douglas (KS),A,Annual,POP,Population,PS,Persons,_T,Total,_T,Total,_Z,Not applicable,CITY,City,_Z,Not applicable,2024,,121989,,A,Normal value,0,Units,0,Zero
DATAFLOW,OECD.CFE.EDS:DSD_FUA_DEMO@DF_AGE_SEX(1.2),Population by age and sex - Cities and FUAs,I,USA209C,Flagler-Daytona Beach,A,Annual,POP,Population,PS,Persons,_T,Total,_T,Total,_Z,Not applicable,CITY,City,_Z,Not applicable,2024,,136744,,A,Normal value,0,Units,0,Zero
DATAFLOW,OECD.CFE.EDS:DSD_FUA_DEMO@DF_AGE_SEX(1.2),Population by age and sex - Cities and FUAs,I,USA20C,Portland,A,Annual,POP,Population,PS,Persons,_T,Total,_T,Total,_Z,Not applicable,CITY,City,_Z,Not applicable,2024,,1934438,,A,Normal value,0,Units,0,Zero
DATAFLOW,OECD.CFE.EDS:DSD_FUA_DEMO@DF_AGE_SEX(1.2),Population by age and sex - Cities and FUAs,I,USA210C,Sumter,A,Annual,POP,Population,PS,Persons,_T,Total,_T,Total,_Z,Not applicable,CITY,City,_Z,Not applicable,2024,,154693,,A,Normal value,0,Units,0,Zero
DATAFLOW,OECD.CFE.EDS:DSD_FUA_DEMO@DF_AGE_SEX(1.2),Population by age and sex - Cities and FUAs,I,USA211C,Maverick,A,Annual,POP,Population,PS,Persons,_T,Total,_T,Total,_Z,Not applicable,CITY,City,_Z,Not applicable,2024,,58829,,A,Normal value,0,Units,0,Zero
DATAFLOW,OECD.CFE.EDS:DSD_FUA_DEMO@DF_AGE_SEX(1.2),Population by age and sex - Cities and FUAs,I,USA21C,Cincinnati,A,Annual,POP,Population,PS,Persons,_T,Total,_T,Total,_Z,Not applicable,CITY,City,_Z,Not applicable,2024,,1012221,,A,Normal value,0,Units,0,Zero
DATAFLOW,OECD.CFE.EDS:DSD_FUA_DEMO@DF_AGE_SEX(1.2),Population by age and sex - Cities and FUAs,I,USA22C,Las Vegas,A,Annual,POP,Population,PS,Persons,_T,Total,_T,Total,_Z,Not applicable,CITY,City,_Z,Not applicable,2024,,2398871,,A,Normal value,0,Units,0,Zero
DATAFLOW,OECD.CFE.EDS:DSD_FUA_DEMO@DF_AGE_SEX(1.2),Population by age and sex - Cities and FUAs,I,USA23C,Orange,A,Annual,POP,Population,PS,Persons,_T,Total,_T,Total,_Z,Not applicable,CITY,City,_Z,Not applicable,2024,,2028251,,A,Normal value,0,Units,0,Zero
DATAFLOW,OECD.CFE.EDS:DSD_FUA_DEMO@DF_AGE_SEX(1.2),Population by age and sex - Cities and FUAs,I,USA24C,Jackson (MO),A,Annual,POP,Population,PS,Persons,_T,Total,_T,Total,_Z,Not applicable,CITY,City,_Z,Not applicable,2024,,1529056,,A,Normal value,0,Units,0,Zero
DATAFLOW,OECD.CFE.EDS:DSD_FUA_DEMO@DF_AGE_SEX(1.2),Population by age and sex - Cities and FUAs,I,USA25C,Indianapolis,A,Annual,POP,Population,PS,Persons,_T,Total,_T,Total,_Z,Not applicable,CITY,City,_Z,Not applicable,2024,,1361332,,A,Normal value,0,Units,0,Zero
DATAFLOW,OECD.CFE.EDS:DSD_FUA_DEMO@DF_AGE_SEX(1.2),Population by age and sex - Cities and FUAs,I,USA26C,Cuyahoga,A,Annual,POP,Population,PS,Persons,_T,Total,_T,Total,_Z,Not applicable,CITY,City,_Z,Not applicable,2024,,1472954,,A,Normal value,0,Units,0,Zero
DATAFLOW,OECD.CFE.EDS:DSD_FUA_DEMO@DF_AGE_SEX(1.2),Population by age and sex - Cities and FUAs,I,USA27C,New Haven,A,Annual,POP,Population,PS,Persons,_T,Total,_T,Total,_Z,Not applicable,CITY,City,_Z,Not applicable,2024,,1038938,,A,Normal value,0,Units,0,Zero
DATAFLOW,OECD.CFE.EDS:DSD_FUA_DEMO@DF_AGE_SEX(1.2),Population by age and sex - Cities and FUAs,I,USA28C,Charlotte,A,Annual,POP,Population,PS,Persons,_T,Total,_T,Total,_Z,Not applicable,CITY,City,_Z,Not applicable,2024,,1206285,,A,Normal value,0,Units,0,Zero
DATAFLOW,OECD.CFE.EDS:DSD_FUA_DEMO@DF_AGE_SEX(1.2),Population by age and sex - Cities and FUAs,I,USA29C,Sacramento,A,Annual,POP,Population,PS,Persons,_T,Total,_T,Total,_Z,Not applicable,CITY,City,_Z,Not applicable,2024,,2270304,,A,Normal value,0,Units,0,Zero
DATAFLOW,OECD.CFE.EDS:DSD_FUA_DEMO@DF_AGE_SEX(1.2),Population by age and sex - Cities and FUAs,I,USA30C,Austin,A,Annual,POP,Population,PS,Persons,_T,Total,_T,Total,_Z,Not applicable,CITY,City,_Z,Not applicable,2024,,2091247,,A,Normal value,0,Units,0,Zero
DATAFLOW,OECD.CFE.EDS:DSD_FUA_DEMO@DF_AGE_SEX(1.2),Population by age and sex - Cities and FUAs,I,USA31C,Columbus,A,Annual,POP,Population,PS,Persons,_T,Total,_T,Total,_Z,Not applicable,CITY,City,_Z,Not applicable,2024,,1356303,,A,Normal value,0,Units,0,Zero
DATAFLOW,OECD.CFE.EDS:DSD_FUA_DEMO@DF_AGE_SEX(1.2),Population by age and sex - Cities and FUAs,I,USA32C,Milwaukee,A,Annual,POP,Population,PS,Persons,_T,Total,_T,Total,_Z,Not applicable,CITY,City,_Z,Not applicable,2024,,924740,,A,Normal value,0,Units,0,Zero
DATAFLOW,OECD.CFE.EDS:DSD_FUA_DEMO@DF_AGE_SEX(1.2),Population by age and sex - Cities and FUAs,I,USA33C,Jacksonville,A,Annual,POP,Population,PS,Persons,_T,Total,_T,Total,_Z,Not applicable,CITY,City,_Z,Not applicable,2024,,1055159,,A,Normal value,0,Units,0,Zero
DATAFLOW,OECD.CFE.EDS:DSD_FUA_DEMO@DF_AGE_SEX(1.2),Population by age and sex - Cities and FUAs,I,USA34C,Salt Lake,A,Annual,POP,Population,PS,Persons,_T,Total,_T,Total,_Z,Not applicable,CITY,City,_Z,Not applicable,2024,,1594744,,A,Normal value,0,Units,0,Zero
DATAFLOW,OECD.CFE.EDS:DSD_FUA_DEMO@DF_AGE_SEX(1.2),Population by age and sex - Cities and FUAs,I,USA35C,Tampa-Pinellas,A,Annual,POP,Population,PS,Persons,_T,Total,_T,Total,_Z,Not applicable,CITY,City,_Z,Not applicable,2024,,965870,,A,Normal value,0,Units,0,Zero
DATAFLOW,OECD.CFE.EDS:DSD_FUA_DEMO@DF_AGE_SEX(1.2),Population by age and sex - Cities and FUAs,I,USA36C,Jefferson (KY),A,Annual,POP,Population,PS,Persons,_T,Total,_T,Total,_Z,Not applicable,CITY,City,_Z,Not applicable,2024,,793881,,A,Normal value,0,Units,0,Zero
DATAFLOW,OECD.CFE.EDS:DSD_FUA_DEMO@DF_AGE_SEX(1.2),Population by age and sex - Cities and FUAs,I,USA37C,Memphis,A,Annual,POP,Population,PS,Persons,_T,Total,_T,Total,_Z,Not applicable,CITY,City,_Z,Not applicable,2024,,910530,,A,Normal value,0,Units,0,Zero
DATAFLOW,OECD.CFE.EDS:DSD_FUA_DEMO@DF_AGE_SEX(1.2),Population by age and sex - Cities and FUAs,I,USA38C,Davidson,A,Annual,POP,Population,PS,Persons,_T,Total,_T,Total,_Z,Not applicable,CITY,City,_Z,Not applicable,2024,,729505,,A,Normal value,0,Units,0,Zero
DATAFLOW,OECD.CFE.EDS:DSD_FUA_DEMO@DF_AGE_SEX(1.2),Population by age and sex - Cities and FUAs,I,USA39C,Oklahoma,A,Annual,POP,Population,PS,Persons,_T,Total,_T,Total,_Z,Not applicable,CITY,City,_Z,Not applicable,2024,,1120442,,A,Normal value,0,Units,0,Zero
DATAFLOW,OECD.CFE.EDS:DSD_FUA_DEMO@DF_AGE_SEX(1.2),Population by age and sex - Cities and FUAs,I,USA40C,Hartford,A,Annual,POP,Population,PS,Persons,_T,Total,_T,Total,_Z,Not applicable,CITY,City,_Z,Not applicable,2024,,991508,,A,Normal value,0,Units,0,Zero
DATAFLOW,OECD.CFE.EDS:DSD_FUA_DEMO@DF_AGE_SEX(1.2),Population by age and sex - Cities and FUAs,I,USA41C,Pittsburgh,A,Annual,POP,Population,PS,Persons,_T,Total,_T,Total,_Z,Not applicable,CITY,City,_Z,Not applicable,2024,,1231814,,A,Normal value,0,Units,0,Zero
DATAFLOW,OECD.CFE.EDS:DSD_FUA_DEMO@DF_AGE_SEX(1.2),Population by age and sex - Cities and FUAs,I,USA42C,New Orleans,A,Annual,POP,Population,PS,Persons,_T,Total,_T,Total,_Z,Not applicable,CITY,City,_Z,Not applicable,2024,,834737,,A,Normal value,0,Units,0,Zero
DATAFLOW,OECD.CFE.EDS:DSD_FUA_DEMO@DF_AGE_SEX(1.2),Population by age and sex - Cities and FUAs,I,USA43C,Virginia Beach,A,Annual,POP,Population,PS,Persons,_T,Total,_T,Total,_Z,Not applicable,CITY,City,_Z,Not applicable,2024,,1037392,,A,Normal value,0,Units,0,Zero
DATAFLOW,OECD.CFE.EDS:DSD_FUA_DEMO@DF_AGE_SEX(1.2),Population by age and sex - Cities and FUAs,I,USA44C,Erie (NY),A,Annual,POP,Population,PS,Persons,_T,Total,_T,Total,_Z,Not applicable,CITY,City,_Z,Not applicable,2024,,950602,,A,Normal value,0,Units,0,Zero
DATAFLOW,OECD.CFE.EDS:DSD_FUA_DEMO@DF_AGE_SEX(1.2),Population by age and sex - Cities and FUAs,I,USA45C,Fresno (Greater),A,Annual,POP,Population,PS,Persons,_T,Total,_T,Total,_Z,Not applicable,CITY,City,_Z,Not applicable,2024,,1024125,,A,Normal value,0,Units,0,Zero
DATAFLOW,OECD.CFE.EDS:DSD_FUA_DEMO@DF_AGE_SEX(1.2),Population by age and sex - Cities and FUAs,I,USA46C,Richmond (Greater),A,Annual,POP,Population,PS,Persons,_T,Total,_T,Total,_Z,Not applicable,CITY,City,_Z,Not applicable,2024,,233655,,A,Normal value,0,Units,0,Zero
DATAFLOW,OECD.CFE.EDS:DSD_FUA_DEMO@DF_AGE_SEX(1.2),Population by age and sex - Cities and FUAs,I,USA47C,Wake,A,Annual,POP,Population,PS,Persons,_T,Total,_T,Total,_Z,Not applicable,CITY,City,_Z,Not applicable,2024,,1232444,,A,Normal value,0,Units,0,Zero
DATAFLOW,OECD.CFE.EDS:DSD_FUA_DEMO@DF_AGE_SEX(1.2),Population by age and sex - Cities and FUAs,I,USA48C,Jefferson (AL),A,Annual,POP,Population,PS,Persons,_T,Total,_T,Total,_Z,Not applicable,CITY,City,_Z,Not applicable,2024,,664744,,A,Normal value,0,Units,0,Zero
DATAFLOW,OECD.CFE.EDS:DSD_FUA_DEMO@DF_AGE_SEX(1.2),Population by age and sex - Cities and FUAs,I,USA49C,Tampa-Hillsborough,A,Annual,POP,Population,PS,Persons,_T,Total,_T,Total,_Z,Not applicable,CITY,City,_Z,Not applicable,2024,,1581426,,A,Normal value,0,Units,0,Zero
DATAFLOW,OECD.CFE.EDS:DSD_FUA_DEMO@DF_AGE_SEX(1.2),Population by age and sex - Cities and FUAs,I,USA50C,Pima,A,Annual,POP,Population,PS,Persons,_T,Total,_T,Total,_Z,Not applicable,CITY,City,_Z,Not applicable,2024,,1080149,,A,Normal value,0,Units,0,Zero
DATAFLOW,OECD.CFE.EDS:DSD_FUA_DEMO@DF_AGE_SEX(1.2),Population by age and sex - Cities and FUAs,I,USA51C,Tulsa,A,Annual,POP,Population,PS,Persons,_T,Total,_T,Total,_Z,Not applicable,CITY,City,_Z,Not applicable,2024,,693514,,A,Normal value,0,Units,0,Zero
DATAFLOW,OECD.CFE.EDS:DSD_FUA_DEMO@DF_AGE_SEX(1.2),Population by age and sex - Cities and FUAs,I,USA52C,Albany,A,Annual,POP,Population,PS,Persons,_T,Total,_T,Total,_Z,Not applicable,CITY,City,_Z,Not applicable,2024,,482225,,A,Normal value,0,Units,0,Zero
DATAFLOW,OECD.CFE.EDS:DSD_FUA_DEMO@DF_AGE_SEX(1.2),Population by age and sex - Cities and FUAs,I,USA53C,Providence,A,Annual,POP,Population,PS,Persons,_T,Total,_T,Total,_Z,Not applicable,CITY,City,_Z,Not applicable,2024,,848362,,A,Normal value,0,Units,0,Zero
DATAFLOW,OECD.CFE.EDS:DSD_FUA_DEMO@DF_AGE_SEX(1.2),Population by age and sex - Cities and FUAs,I,USA54C,Albuquerque,A,Annual,POP,Population,PS,Persons,_T,Total,_T,Total,_Z,Not applicable,CITY,City,_Z,Not applicable,2024,,671747,,A,Normal value,0,Units,0,Zero
DATAFLOW,OECD.CFE.EDS:DSD_FUA_DEMO@DF_AGE_SEX(1.2),Population by age and sex - Cities and FUAs,I,USA55C,Douglas (NE),A,Annual,POP,Population,PS,Persons,_T,Total,_T,Total,_Z,Not applicable,CITY,City,_Z,Not applicable,2024,,601158,,A,Normal value,0,Units,0,Zero
DATAFLOW,OECD.CFE.EDS:DSD_FUA_DEMO@DF_AGE_SEX(1.2),Population by age and sex - Cities and FUAs,I,USA56C,Rochester (NY),A,Annual,POP,Population,PS,Persons,_T,Total,_T,Total,_Z,Not applicable,CITY,City,_Z,Not applicable,2024,,752202,,A,Normal value,0,Units,0,Zero
DATAFLOW,OECD.CFE.EDS:DSD_FUA_DEMO@DF_AGE_SEX(1.2),Population by age and sex - Cities and FUAs,I,USA57C,Kern,A,Annual,POP,Population,PS,Persons,_T,Total,_T,Total,_Z,Not applicable,CITY,City,_Z,Not applicable,2024,,922529,,A,Normal value,0,Units,0,Zero
DATAFLOW,OECD.CFE.EDS:DSD_FUA_DEMO@DF_AGE_SEX(1.2),Population by age and sex - Cities and FUAs,I,USA58C,Ventura,A,Annual,POP,Population,PS,Persons,_T,Total,_T,Total,_Z,Not applicable,CITY,City,_Z,Not applicable,2024,,835427,,A,Normal value,0,Units,0,Zero
DATAFLOW,OECD.CFE.EDS:DSD_FUA_DEMO@DF_AGE_SEX(1.2),Population by age and sex - Cities and FUAs,I,USA59C,El Paso (TX),A,Annual,POP,Population,PS,Persons,_T,Total,_T,Total,_Z,Not applicable,CITY,City,_Z,Not applicable,2024,,875784,,A,Normal value,0,Units,0,Zero
DATAFLOW,OECD.CFE.EDS:DSD_FUA_DEMO@DF_AGE_SEX(1.2),Population by age and sex - Cities and FUAs,I,USA60C,East Baton Rouge,A,Annual,POP,Population,PS,Persons,_T,Total,_T,Total,_Z,Not applicable,CITY,City,_Z,Not applicable,2024,,453022,,A,Normal value,0,Units,0,Zero
DATAFLOW,OECD.CFE.EDS:DSD_FUA_DEMO@DF_AGE_SEX(1.2),Population by age and sex - Cities and FUAs,I,USA61C,Worcester,A,Annual,POP,Population,PS,Persons,_T,Total,_T,Total,_Z,Not applicable,CITY,City,_Z,Not applicable,2024,,881248,,A,Normal value,0,Units,0,Zero
DATAFLOW,OECD.CFE.EDS:DSD_FUA_DEMO@DF_AGE_SEX(1.2),Population by age and sex - Cities and FUAs,I,USA62C,Hidalgo,A,Annual,POP,Population,PS,Persons,_T,Total,_T,Total,_Z,Not applicable,CITY,City,_Z,Not applicable,2024,,914820,,A,Normal value,0,Units,0,Zero
DATAFLOW,OECD.CFE.EDS:DSD_FUA_DEMO@DF_AGE_SEX(1.2),Population by age and sex - Cities and FUAs,I,USA63C,Richland,A,Annual,POP,Population,PS,Persons,_T,Total,_T,Total,_Z,Not applicable,CITY,City,_Z,Not applicable,2024,,430651,,A,Normal value,0,Units,0,Zero
DATAFLOW,OECD.CFE.EDS:DSD_FUA_DEMO@DF_AGE_SEX(1.2),Population by age and sex - Cities and FUAs,I,USA64C,Lehigh,A,Annual,POP,Population,PS,Persons,_T,Total,_T,Total,_Z,Not applicable,CITY,City,_Z,Not applicable,2024,,708644,,A,Normal value,0,Units,0,Zero
DATAFLOW,OECD.CFE.EDS:DSD_FUA_DEMO@DF_AGE_SEX(1.2),Population by age and sex - Cities and FUAs,I,USA65C,Sarasota,A,Annual,POP,Population,PS,Persons,_T,Total,_T,Total,_Z,Not applicable,CITY,City,_Z,Not applicable,2024,,934956,,A,Normal value,0,Units,0,Zero
DATAFLOW,OECD.CFE.EDS:DSD_FUA_DEMO@DF_AGE_SEX(1.2),Population by age and sex - Cities and FUAs,I,USA66C,Montgomery (OH),A,Annual,POP,Population,PS,Persons,_T,Total,_T,Total,_Z,Not applicable,CITY,City,_Z,Not applicable,2024,,537443,,A,Normal value,0,Units,0,Zero
DATAFLOW,OECD.CFE.EDS:DSD_FUA_DEMO@DF_AGE_SEX(1.2),Population by age and sex - Cities and FUAs,I,USA67C,San Joaquin,A,Annual,POP,Population,PS,Persons,_T,Total,_T,Total,_Z,Not applicable,CITY,City,_Z,Not applicable,2024,,816108,,A,Normal value,0,Units,0,Zero
DATAFLOW,OECD.CFE.EDS:DSD_FUA_DEMO@DF_AGE_SEX(1.2),Population by age and sex - Cities and FUAs,I,USA68C,Kent,A,Annual,POP,Population,PS,Persons,_T,Total,_T,Total,_Z,Not applicable,CITY,City,_Z,Not applicable,2024,,673002,,A,Normal value,0,Units,0,Zero
DATAFLOW,OECD.CFE.EDS:DSD_FUA_DEMO@DF_AGE_SEX(1.2),Population by age and sex - Cities and FUAs,I,USA69C,Charleston,A,Annual,POP,Population,PS,Persons,_T,Total,_T,Total,_Z,Not applicable,CITY,City,_Z,Not applicable,2024,,431001,,A,Normal value,0,Units,0,Zero
DATAFLOW,OECD.CFE.EDS:DSD_FUA_DEMO@DF_AGE_SEX(1.2),Population by age and sex - Cities and FUAs,I,USA70C,Onondaga,A,Annual,POP,Population,PS,Persons,_T,Total,_T,Total,_Z,Not applicable,CITY,City,_Z,Not applicable,2024,,469812,,A,Normal value,0,Units,0,Zero
DATAFLOW,OECD.CFE.EDS:DSD_FUA_DEMO@DF_AGE_SEX(1.2),Population by age and sex - Cities and FUAs,I,USA71C,El Paso (CO),A,Annual,POP,Population,PS,Persons,_T,Total,_T,Total,_Z,Not applicable,CITY,City,_Z,Not applicable,2024,,752772,,A,Normal value,0,Units,0,Zero
DATAFLOW,OECD.CFE.EDS:DSD_FUA_DEMO@DF_AGE_SEX(1.2),Population by age and sex - Cities and FUAs,I,USA72C,Ada,A,Annual,POP,Population,PS,Persons,_T,Total,_T,Total,_Z,Not applicable,CITY,City,_Z,Not applicable,2024,,535799,,A,Normal value,0,Units,0,Zero
DATAFLOW,OECD.CFE.EDS:DSD_FUA_DEMO@DF_AGE_SEX(1.2),Population by age and sex - Cities and FUAs,I,USA73C,Hampden,A,Annual,POP,Population,PS,Persons,_T,Total,_T,Total,_Z,Not applicable,CITY,City,_Z,Not applicable,2024,,464151,,A,Normal value,0,Units,0,Zero
DATAFLOW,OECD.CFE.EDS:DSD_FUA_DEMO@DF_AGE_SEX(1.2),Population by age and sex - Cities and FUAs,I,USA74C,Lee,A,Annual,POP,Population,PS,Persons,_T,Total,_T,Total,_Z,Not applicable,CITY,City,_Z,Not applicable,2024,,860959,,A,Normal value,0,Units,0,Zero
DATAFLOW,OECD.CFE.EDS:DSD_FUA_DEMO@DF_AGE_SEX(1.2),Population by age and sex - Cities and FUAs,I,USA75C,Sedgwick,A,Annual,POP,Population,PS,Persons,_T,Total,_T,Total,_Z,Not applicable,CITY,City,_Z,Not applicable,2024,,536081,,A,Normal value,0,Units,0,Zero
DATAFLOW,OECD.CFE.EDS:DSD_FUA_DEMO@DF_AGE_SEX(1.2),Population by age and sex - Cities and FUAs,I,USA76C,Polk,A,Annual,POP,Population,PS,Persons,_T,Total,_T,Total,_Z,Not applicable,CITY,City,_Z,Not applicable,2024,,516185,,A,Normal value,0,Units,0,Zero
DATAFLOW,OECD.CFE.EDS:DSD_FUA_DEMO@DF_AGE_SEX(1.2),Population by age and sex - Cities and FUAs,I,USA77C,Dauphin,A,Annual,POP,Population,PS,Persons,_T,Total,_T,Total,_Z,Not applicable,CITY,City,_Z,Not applicable,2024,,293029,,A,Normal value,0,Units,0,Zero
DATAFLOW,OECD.CFE.EDS:DSD_FUA_DEMO@DF_AGE_SEX(1.2),Population by age and sex - Cities and FUAs,I,USA78C,Lucas,A,Annual,POP,Population,PS,Persons,_T,Total,_T,Total,_Z,Not applicable,CITY,City,_Z,Not applicable,2024,,426291,,A,Normal value,0,Units,0,Zero
DATAFLOW,OECD.CFE.EDS:DSD_FUA_DEMO@DF_AGE_SEX(1.2),Population by age and sex - Cities and FUAs,I,USA79C,Pulaski,A,Annual,POP,Population,PS,Persons,_T,Total,_T,Total,_Z,Not applicable,CITY,City,_Z,Not applicable,2024,,401209,,A,Normal value,0,Units,0,Zero
DATAFLOW,OECD.CFE.EDS:DSD_FUA_DEMO@DF_AGE_SEX(1.2),Population by age and sex - Cities and FUAs,I,USA80C,Dane,A,Annual,POP,Population,PS,Persons,_T,Total,_T,Total,_Z,Not applicable,CITY,City,_Z,Not applicable,2024,,588347,,A,Normal value,0,Units,0,Zero
DATAFLOW,OECD.CFE.EDS:DSD_FUA_DEMO@DF_AGE_SEX(1.2),Population by age and sex - Cities and FUAs,I,USA81C,Brevard,A,Annual,POP,Population,PS,Persons,_T,Total,_T,Total,_Z,Not applicable,CITY,City,_Z,Not applicable,2024,,658447,,A,Normal value,0,Units,0,Zero
DATAFLOW,OECD.CFE.EDS:DSD_FUA_DEMO@DF_AGE_SEX(1.2),Population by age and sex - Cities and FUAs,I,USA82C,Summit,A,Annual,POP,Population,PS,Persons,_T,Total,_T,Total,_Z,Not applicable,CITY,City,_Z,Not applicable,2024,,538370,,A,Normal value,0,Units,0,Zero
DATAFLOW,OECD.CFE.EDS:DSD_FUA_DEMO@DF_AGE_SEX(1.2),Population by age and sex - Cities and FUAs,I,USA83C,Hamilton (TN),A,Annual,POP,Population,PS,Persons,_T,Total,_T,Total,_Z,Not applicable,CITY,City,_Z,Not applicable,2024,,386256,,A,Normal value,0,Units,0,Zero
DATAFLOW,OECD.CFE.EDS:DSD_FUA_DEMO@DF_AGE_SEX(1.2),Population by age and sex - Cities and FUAs,I,USA84C,Utah,A,Annual,POP,Population,PS,Persons,_T,Total,_T,Total,_Z,Not applicable,CITY,City,_Z,Not applicable,2024,,747234,,A,Normal value,0,Units,0,Zero
DATAFLOW,OECD.CFE.EDS:DSD_FUA_DEMO@DF_AGE_SEX(1.2),Population by age and sex - Cities and FUAs,I,USA85C,Lancaster (PA),A,Annual,POP,Population,PS,Persons,_T,Total,_T,Total,_Z,Not applicable,CITY,City,_Z,Not applicable,2024,,563293,,A,Normal value,0,Units,0,Zero
DATAFLOW,OECD.CFE.EDS:DSD_FUA_DEMO@DF_AGE_SEX(1.2),Population by age and sex - Cities and FUAs,I,USA86C,Stanislaus,A,Annual,POP,Population,PS,Persons,_T,Total,_T,Total,_Z,Not applicable,CITY,City,_Z,Not applicable,2024,,556972,,A,Normal value,0,Units,0,Zero
DATAFLOW,OECD.CFE.EDS:DSD_FUA_DEMO@DF_AGE_SEX(1.2),Population by age and sex - Cities and FUAs,I,USA87C,Greene,A,Annual,POP,Population,PS,Persons,_T,Total,_T,Total,_Z,Not applicable,CITY,City,_Z,Not applicable,2024,,307942,,A,Normal value,0,Units,0,Zero
DATAFLOW,OECD.CFE.EDS:DSD_FUA_DEMO@DF_AGE_SEX(1.2),Population by age and sex - Cities and FUAs,I,USA88C,Fayette,A,Annual,POP,Population,PS,Persons,_T,Total,_T,Total,_Z,Not applicable,CITY,City,_Z,Not applicable,2024,,329437,,A,Normal value,0,Units,0,Zero
DATAFLOW,OECD.CFE.EDS:DSD_FUA_DEMO@DF_AGE_SEX(1.2),Population by age and sex - Cities and FUAs,I,USA89C,Spokane,A,Annual,POP,Population,PS,Persons,_T,Total,_T,Total,_Z,Not applicable,CITY,City,_Z,Not applicable,2024,,555947,,A,Normal value,0,Units,0,Zero
DATAFLOW,OECD.CFE.EDS:DSD_FUA_DEMO@DF_AGE_SEX(1.2),Population by age and sex - Cities and FUAs,I,USA90C,Volusia-Daytona Beach,A,Annual,POP,Population,PS,Persons,_T,Total,_T,Total,_Z,Not applicable,CITY,City,_Z,Not applicable,2024,,602772,,A,Normal value,0,Units,0,Zero
DATAFLOW,OECD.CFE.EDS:DSD_FUA_DEMO@DF_AGE_SEX(1.2),Population by age and sex - Cities and FUAs,I,USA91C,Guilford,A,Annual,POP,Population,PS,Persons,_T,Total,_T,Total,_Z,Not applicable,CITY,City,_Z,Not applicable,2024,,558816,,A,Normal value,0,Units,0,Zero
DATAFLOW,OECD.CFE.EDS:DSD_FUA_DEMO@DF_AGE_SEX(1.2),Population by age and sex - Cities and FUAs,I,USA92C,Sonoma,A,Annual,POP,Population,PS,Persons,_T,Total,_T,Total,_Z,Not applicable,CITY,City,_Z,Not applicable,2024,,485375,,A,Normal value,0,Units,0,Zero
DATAFLOW,OECD.CFE.EDS:DSD_FUA_DEMO@DF_AGE_SEX(1.2),Population by age and sex - Cities and FUAs,I,USA93C,Forsyth,A,Annual,POP,Population,PS,Persons,_T,Total,_T,Total,_Z,Not applicable,CITY,City,_Z,Not applicable,2024,,398143,,A,Normal value,0,Units,0,Zero
DATAFLOW,OECD.CFE.EDS:DSD_FUA_DEMO@DF_AGE_SEX(1.2),Population by age and sex - Cities and FUAs,I,USA94C,Washoe,A,Annual,POP,Population,PS,Persons,_T,Total,_T,Total,_Z,Not applicable,CITY,City,_Z,Not applicable,2024,,507280,,A,Normal value,0,Units,0,Zero
DATAFLOW,OECD.CFE.EDS:DSD_FUA_DEMO@DF_AGE_SEX(1.2),Population by age and sex - Cities and FUAs,I,USA95C,Ingham,A,Annual,POP,Population,PS,Persons,_T,Total,_T,Total,_Z,Not applicable,CITY,City,_Z,Not applicable,2024,,290427,,A,Normal value,0,Units,0,Zero
DATAFLOW,OECD.CFE.EDS:DSD_FUA_DEMO@DF_AGE_SEX(1.2),Population by age and sex - Cities and FUAs,I,USA96C,Montgomery (AL),A,Annual,POP,Population,PS,Persons,_T,Total,_T,Total,_Z,Not applicable,CITY,City,_Z,Not applicable,2024,,225894,,A,Normal value,0,Units,0,Zero
DATAFLOW,OECD.CFE.EDS:DSD_FUA_DEMO@DF_AGE_SEX(1.2),Population by age and sex - Cities and FUAs,I,USA97C,Knox,A,Annual,POP,Population,PS,Persons,_T,Total,_T,Total,_Z,Not applicable,CITY,City,_Z,Not applicable,2024,,506748,,A,Normal value,0,Units,0,Zero
DATAFLOW,OECD.CFE.EDS:DSD_FUA_DEMO@DF_AGE_SEX(1.2),Population by age and sex - Cities and FUAs,I,USA98C,Greenville,A,Annual,POP,Population,PS,Persons,_T,Total,_T,Total,_Z,Not applicable,CITY,City,_Z,Not applicable,2024,,570745,,A,Normal value,0,Units,0,Zero
DATAFLOW,OECD.CFE.EDS:DSD_FUA_DEMO@DF_AGE_SEX(1.2),Population by age and sex - Cities and FUAs,I,USA99C,Mahoning,A,Annual,POP,Population,PS,Persons,_T,Total,_T,Total,_Z,Not applicable,CITY,City,_Z,Not applicable,2024,,225786,,A,Normal value,0,Units,0,Zero
DATAFLOW,OECD.CFE.EDS:DSD_FUA_DEMO@DF_AGE_SEX(1.2),Population by age and sex - Cities and FUAs,I,AUS01F,Greater Sydney,A,Annual,POP,Population,PS,Persons,_T,Total,_T,Total,_Z,Not applicable,FUA,FUA,_Z,Not applicable,2024,,5557233,,A,Normal value,0,Units,0,Zero
DATAFLOW,OECD.CFE.EDS:DSD_FUA_DEMO@DF_AGE_SEX(1.2),Population by age and sex - Cities and FUAs,I,AUS02F,Greater Melbourne,A,Annual,POP,Population,PS,Persons,_T,Total,_T,Total,_Z,Not applicable,FUA,FUA,_Z,Not applicable,2024,,5350705,,A,Normal value,0,Units,0,Zero
DATAFLOW,OECD.CFE.EDS:DSD_FUA_DEMO@DF_AGE_SEX(1.2),Population by age and sex - Cities and FUAs,I,AUS03F,Greater Brisbane,A,Annual,POP,Population,PS,Persons,_T,Total,_T,Total,_Z,Not applicable,FUA,FUA,_Z,Not applicable,2024,,2780063,,A,Normal value,0,Units,0,Zero
DATAFLOW,OECD.CFE.EDS:DSD_FUA_DEMO@DF_AGE_SEX(1.2),Population by age and sex - Cities and FUAs,I,AUS04F,Greater Perth,A,Annual,POP,Population,PS,Persons,_T,Total,_T,Total,_Z,Not applicable,FUA,FUA,_Z,Not applicable,2024,,2384371,,A,Normal value,0,Units,0,Zero
DATAFLOW,OECD.CFE.EDS:DSD_FUA_DEMO@DF_AGE_SEX(1.2),Population by age and sex - Cities and FUAs,I,AUS05F,Greater Adelaide,A,Annual,POP,Population,PS,Persons,_T,Total,_T,Total,_Z,Not applicable,FUA,FUA,_Z,Not applicable,2024,,1469163,,A,Normal value,0,Units,0,Zero
DATAFLOW,OECD.CFE.EDS:DSD_FUA_DEMO@DF_AGE_SEX(1.2),Population by age and sex - Cities and FUAs,I,AUS06F,Gold Coast,A,Annual,POP,Population,PS,Persons,_T,Total,_T,Total,_Z,Not applicable,FUA,FUA,_Z,Not applicable,2024,,698017,,A,Normal value,0,Units,0,Zero
DATAFLOW,OECD.CFE.EDS:DSD_FUA_DEMO@DF_AGE_SEX(1.2),Population by age and sex - Cities and FUAs,I,AUS07F,Canberra,A,Annual,POP,Population,PS,Persons,_T,Total,_T,Total,_Z,Not applicable,FUA,FUA,_Z,Not applicable,2024,,473855,,A,Normal value,0,Units,0,Zero
DATAFLOW,OECD.CFE.EDS:DSD_FUA_DEMO@DF_AGE_SEX(1.2),Population by age and sex - Cities and FUAs,I,AUS08F,Newcastle,A,Annual,POP,Population,PS,Persons,_T,Total,_T,Total,_Z,Not applicable,FUA,FUA,_Z,Not applicable,2024,,510879,,A,Normal value,0,Units,0,Zero
DATAFLOW,OECD.CFE.EDS:DSD_FUA_DEMO@DF_AGE_SEX(1.2),Population by age and sex - Cities and FUAs,I,AUS10F,Wollongong,A,Annual,POP,Population,PS,Persons,_T,Total,_T,Total,_Z,Not applicable,FUA,FUA,_Z,Not applicable,2024,,309136,,A,Normal value,0,Units,0,Zero
DATAFLOW,OECD.CFE.EDS:DSD_FUA_DEMO@DF_AGE_SEX(1.2),Population by age and sex - Cities and FUAs,I,AUS11F,Sunshine Coast,A,Annual,POP,Population,PS,Persons,_T,Total,_T,Total,_Z,Not applicable,FUA,FUA,_Z,Not applicable,2024,,312175,,A,Normal value,0,Units,0,Zero
DATAFLOW,OECD.CFE.EDS:DSD_FUA_DEMO@DF_AGE_SEX(1.2),Population by age and sex - Cities and FUAs,I,AUS12F,Greater Hobart,A,Annual,POP,Population,PS,Persons,_T,Total,_T,Total,_Z,Not applicable,FUA,FUA,_Z,Not applicable,2024,,254930,,A,Normal value,0,Units,0,Zero
DATAFLOW,OECD.CFE.EDS:DSD_FUA_DEMO@DF_AGE_SEX(1.2),Population by age and sex - Cities and FUAs,I,AUS13F,Townsville,A,Annual,POP,Population,PS,Persons,_T,Total,_T,Total,_Z,Not applicable,FUA,FUA,_Z,Not applicable,2024,,204592,,A,Normal value,0,Units,0,Zero
DATAFLOW,OECD.CFE.EDS:DSD_FUA_DEMO@DF_AGE_SEX(1.2),Population by age and sex - Cities and FUAs,I,AUS14F,Geelong,A,Annual,POP,Population,PS,Persons,_T,Total,_T,Total,_Z,Not applicable,FUA,FUA,_Z,Not applicable,2024,,349842,,A,Normal value,0,Units,0,Zero
DATAFLOW,OECD.CFE.EDS:DSD_FUA_DEMO@DF_AGE_SEX(1.2),Population by age and sex - Cities and FUAs,I,AUS15F,Cairns,A,Annual,POP,Population,PS,Persons,_T,Total,_T,Total,_Z,Not applicable,FUA,FUA,_Z,Not applicable,2024,,179373,,A,Normal value,0,Units,0,Zero
DATAFLOW,OECD.CFE.EDS:DSD_FUA_DEMO@DF_AGE_SEX(1.2),Population by age and sex - Cities and FUAs,I,AUS16F,Greater Darwin,A,Annual,POP,Population,PS,Persons,_T,Total,_T,Total,_Z,Not applicable,FUA,FUA,_Z,Not applicable,2024,,152489,,A,Normal value,0,Units,0,Zero
DATAFLOW,OECD.CFE.EDS:DSD_FUA_DEMO@DF_AGE_SEX(1.2),Population by age and sex - Cities and FUAs,I,AUS17F,Toowoomba,A,Annual,POP,Population,PS,Persons,_T,Total,_T,Total,_Z,Not applicable,FUA,FUA,_Z,Not applicable,2024,,187818,,A,Normal value,0,Units,0,Zero
DATAFLOW,OECD.CFE.EDS:DSD_FUA_DEMO@DF_AGE_SEX(1.2),Population by age and sex - Cities and FUAs,I,AUS18F,Ballarat,A,Annual,POP,Population,PS,Persons,_T,Total,_T,Total,_Z,Not applicable,FUA,FUA,_Z,Not applicable,2024,,147926,,A,Normal value,0,Units,0,Zero
DATAFLOW,OECD.CFE.EDS:DSD_FUA_DEMO@DF_AGE_SEX(1.2),Population by age and sex - Cities and FUAs,I,AUS19F,Bendigo,A,Annual,POP,Population,PS,Persons,_T,Total,_T,Total,_Z,Not applicable,FUA,FUA,_Z,Not applicable,2024,,120388,,A,Normal value,0,Units,0,Zero
DATAFLOW,OECD.CFE.EDS:DSD_FUA_DEMO@DF_AGE_SEX(1.2),Population by age and sex - Cities and FUAs,I,AT001F,Wien,A,Annual,POP,Population,PS,Persons,_T,Total,_T,Total,_Z,Not applicable,FUA,FUA,_Z,Not applicable,2024,,3204723,,A,Normal value,0,Units,0,Zero
DATAFLOW,OECD.CFE.EDS:DSD_FUA_DEMO@DF_AGE_SEX(1.2),Population by age and sex - Cities and FUAs,I,AT002F,Graz,A,Annual,POP,Population,PS,Persons,_T,Total,_T,Total,_Z,Not applicable,FUA,FUA,_Z,Not applicable,2024,,711915,,A,Normal value,0,Units,0,Zero
DATAFLOW,OECD.CFE.EDS:DSD_FUA_DEMO@DF_AGE_SEX(1.2),Population by age and sex - Cities and FUAs,I,AT003F,Linz,A,Annual,POP,Population,PS,Persons,_T,Total,_T,Total,_Z,Not applicable,FUA,FUA,_Z,Not applicable,2024,,670200,,A,Normal value,0,Units,0,Zero
DATAFLOW,OECD.CFE.EDS:DSD_FUA_DEMO@DF_AGE_SEX(1.2),Population by age and sex - Cities and FUAs,I,AT004F,Salzburg,A,Annual,POP,Population,PS,Persons,_T,Total,_T,Total,_Z,Not applicable,FUA,FUA,_Z,Not applicable,2024,,382062,,A,Normal value,0,Units,0,Zero
DATAFLOW,OECD.CFE.EDS:DSD_FUA_DEMO@DF_AGE_SEX(1.2),Population by age and sex - Cities and FUAs,I,AT005F,Innsbruck,A,Annual,POP,Population,PS,Persons,_T,Total,_T,Total,_Z,Not applicable,FUA,FUA,_Z,Not applicable,2024,,348290,,A,Normal value,0,Units,0,Zero
DATAFLOW,OECD.CFE.EDS:DSD_FUA_DEMO@DF_AGE_SEX(1.2),Population by age and sex - Cities and FUAs,I,AT006F,Klagenfurt,A,Annual,POP,Population,PS,Persons,_T,Total,_T,Total,_Z,Not applicable,FUA,FUA,_Z,Not applicable,2024,,272246,,A,Normal value,0,Units,0,Zero
DATAFLOW,OECD.CFE.EDS:DSD_FUA_DEMO@DF_AGE_SEX(1.2),Population by age and sex - Cities and FUAs,I,BE001F,Bruxelles,A,Annual,POP,Population,PS,Persons,_T,Total,_T,Total,_Z,Not applicable,FUA,FUA,_Z,Not applicable,2024,,3634380,,A,Normal value,0,Units,0,Zero
DATAFLOW,OECD.CFE.EDS:DSD_FUA_DEMO@DF_AGE_SEX(1.2),Population by age and sex - Cities and FUAs,I,BE002F,Antwerpen,A,Annual,POP,Population,PS,Persons,_T,Total,_T,Total,_Z,Not applicable,FUA,FUA,_Z,Not applicable,2024,,1247427,,A,Normal value,0,Units,0,Zero
DATAFLOW,OECD.CFE.EDS:DSD_FUA_DEMO@DF_AGE_SEX(1.2),Population by age and sex - Cities and FUAs,I,BE003F,Gent,A,Annual,POP,Population,PS,Persons,_T,Total,_T,Total,_Z,Not applicable,FUA,FUA,_Z,Not applicable,2024,,699088,,A,Normal value,0,Units,0,Zero
DATAFLOW,OECD.CFE.EDS:DSD_FUA_DEMO@DF_AGE_SEX(1.2),Population by age and sex - Cities and FUAs,I,BE004F,Charleroi,A,Annual,POP,Population,PS,Persons,_T,Total,_T,Total,_Z,Not applicable,FUA,FUA,_Z,Not applicable,2024,,456681,,A,Normal value,0,Units,0,Zero
DATAFLOW,OECD.CFE.EDS:DSD_FUA_DEMO@DF_AGE_SEX(1.2),Population by age and sex - Cities and FUAs,I,BE005F,Liège,A,Annual,POP,Population,PS,Persons,_T,Total,_T,Total,_Z,Not applicable,FUA,FUA,_Z,Not applicable,2024,,815272,,A,Normal value,0,Units,0,Zero
DATAFLOW,OECD.CFE.EDS:DSD_FUA_DEMO@DF_AGE_SEX(1.2),Population by age and sex - Cities and FUAs,I,BE006F,Brugge,A,Annual,POP,Population,PS,Persons,_T,Total,_T,Total,_Z,Not applicable,FUA,FUA,_Z,Not applicable,2024,,245855,,A,Normal value,0,Units,0,Zero
DATAFLOW,OECD.CFE.EDS:DSD_FUA_DEMO@DF_AGE_SEX(1.2),Population by age and sex - Cities and FUAs,I,BE007F,Namur,A,Annual,POP,Population,PS,Persons,_T,Total,_T,Total,_Z,Not applicable,FUA,FUA,_Z,Not applicable,2024,,287754,,A,Normal value,0,Units,0,Zero
DATAFLOW,OECD.CFE.EDS:DSD_FUA_DEMO@DF_AGE_SEX(1.2),Population by age and sex - Cities and FUAs,I,BE009F,Mons,A,Annual,POP,Population,PS,Persons,_T,Total,_T,Total,_Z,Not applicable,FUA,FUA,_Z,Not applicable,2024,,256219,,A,Normal value,0,Units,0,Zero
DATAFLOW,OECD.CFE.EDS:DSD_FUA_DEMO@DF_AGE_SEX(1.2),Population by age and sex - Cities and FUAs,I,BE010F,Kortrijk,A,Annual,POP,Population,PS,Persons,_T,Total,_T,Total,_Z,Not applicable,FUA,FUA,_Z,Not applicable,2024,,236781,,A,Normal value,0,Units,0,Zero
DATAFLOW,OECD.CFE.EDS:DSD_FUA_DEMO@DF_AGE_SEX(1.2),Population by age and sex - Cities and FUAs,I,BE011F,Oostende,A,Annual,POP,Population,PS,Persons,_T,Total,_T,Total,_Z,Not applicable,FUA,FUA,_Z,Not applicable,2024,,132798,,A,Normal value,0,Units,0,Zero
DATAFLOW,OECD.CFE.EDS:DSD_FUA_DEMO@DF_AGE_SEX(1.2),Population by age and sex - Cities and FUAs,I,BE013F,Mouscron,A,Annual,POP,Population,PS,Persons,_T,Total,_T,Total,_Z,Not applicable,FUA,FUA,_Z,Not applicable,2024,,70735,,A,Normal value,0,Units,0,Zero
DATAFLOW,OECD.CFE.EDS:DSD_FUA_DEMO@DF_AGE_SEX(1.2),Population by age and sex - Cities and FUAs,I,BE014F,La Louvière,A,Annual,POP,Population,PS,Persons,_T,Total,_T,Total,_Z,Not applicable,FUA,FUA,_Z,Not applicable,2024,,133229,,A,Normal value,0,Units,0,Zero
DATAFLOW,OECD.CFE.EDS:DSD_FUA_DEMO@DF_AGE_SEX(1.2),Population by age and sex - Cities and FUAs,I,BE015F,Verviers,A,Annual,POP,Population,PS,Persons,_T,Total,_T,Total,_Z,Not applicable,FUA,FUA,_Z,Not applicable,2024,,112374,,A,Normal value,0,Units,0,Zero
DATAFLOW,OECD.CFE.EDS:DSD_FUA_DEMO@DF_AGE_SEX(1.2),Population by age and sex - Cities and FUAs,I,BG001F,Sofia,A,Annual,POP,Population,PS,Persons,_T,Total,_T,Total,_Z,Not applicable,FUA,FUA,_Z,Not applicable,2024,,1527808,,A,Normal value,0,Units,0,Zero
DATAFLOW,OECD.CFE.EDS:DSD_FUA_DEMO@DF_AGE_SEX(1.2),Population by age and sex - Cities and FUAs,I,BG002F,Plovdiv,A,Annual,POP,Population,PS,Persons,_T,Total,_T,Total,_Z,Not applicable,FUA,FUA,_Z,Not applicable,2024,,540792,,A,Normal value,0,Units,0,Zero
DATAFLOW,OECD.CFE.EDS:DSD_FUA_DEMO@DF_AGE_SEX(1.2),Population by age and sex - Cities and FUAs,I,BG003F,Varna,A,Annual,POP,Population,PS,Persons,_T,Total,_T,Total,_Z,Not applicable,FUA,FUA,_Z,Not applicable,2024,,423516,,A,Normal value,0,Units,0,Zero
DATAFLOW,OECD.CFE.EDS:DSD_FUA_DEMO@DF_AGE_SEX(1.2),Population by age and sex - Cities and FUAs,I,BG004F,Burgas,A,Annual,POP,Population,PS,Persons,_T,Total,_T,Total,_Z,Not applicable,FUA,FUA,_Z,Not applicable,2024,,254572,,A,Normal value,0,Units,0,Zero
DATAFLOW,OECD.CFE.EDS:DSD_FUA_DEMO@DF_AGE_SEX(1.2),Population by age and sex - Cities and FUAs,I,BG005F,Pleven,A,Annual,POP,Population,PS,Persons,_T,Total,_T,Total,_Z,Not applicable,FUA,FUA,_Z,Not applicable,2024,,154718,,A,Normal value,0,Units,0,Zero
DATAFLOW,OECD.CFE.EDS:DSD_FUA_DEMO@DF_AGE_SEX(1.2),Population by age and sex - Cities and FUAs,I,BG006F,Ruse,A,Annual,POP,Population,PS,Persons,_T,Total,_T,Total,_Z,Not applicable,FUA,FUA,_Z,Not applicable,2024,,169831,,A,Normal value,0,Units,0,Zero
DATAFLOW,OECD.CFE.EDS:DSD_FUA_DEMO@DF_AGE_SEX(1.2),Population by age and sex - Cities and FUAs,I,BG008F,Stara Zagora,A,Annual,POP,Population,PS,Persons,_T,Total,_T,Total,_Z,Not applicable,FUA,FUA,_Z,Not applicable,2024,,144661,,A,Normal value,0,Units,0,Zero
DATAFLOW,OECD.CFE.EDS:DSD_FUA_DEMO@DF_AGE_SEX(1.2),Population by age and sex - Cities and FUAs,I,BG009F,Sliven,A,Annual,POP,Population,PS,Persons,_T,Total,_T,Total,_Z,Not applicable,FUA,FUA,_Z,Not applicable,2024,,110972,,A,Normal value,0,Units,0,Zero
DATAFLOW,OECD.CFE.EDS:DSD_FUA_DEMO@DF_AGE_SEX(1.2),Population by age and sex - Cities and FUAs,I,BG011F,Shumen,A,Annual,POP,Population,PS,Persons,_T,Total,_T,Total,_Z,Not applicable,FUA,FUA,_Z,Not applicable,2024,,122255,,A,Normal value,0,Units,0,Zero
DATAFLOW,OECD.CFE.EDS:DSD_FUA_DEMO@DF_AGE_SEX(1.2),Population by age and sex - Cities and FUAs,I,BG014F,Haskovo,A,Annual,POP,Population,PS,Persons,_T,Total,_T,Total,_Z,Not applicable,FUA,FUA,_Z,Not applicable,2024,,84850,,A,Normal value,0,Units,0,Zero
DATAFLOW,OECD.CFE.EDS:DSD_FUA_DEMO@DF_AGE_SEX(1.2),Population by age and sex - Cities and FUAs,I,BG015F,Pazardzhik,A,Annual,POP,Population,PS,Persons,_T,Total,_T,Total,_Z,Not applicable,FUA,FUA,_Z,Not applicable,2024,,115373,,A,Normal value,0,Units,0,Zero
DATAFLOW,OECD.CFE.EDS:DSD_FUA_DEMO@DF_AGE_SEX(1.2),Population by age and sex - Cities and FUAs,I,BG017F,Veliko Tarnovo,A,Annual,POP,Population,PS,Persons,_T,Total,_T,Total,_Z,Not applicable,FUA,FUA,_Z,Not applicable,2024,,80207,,A,Normal value,0,Units,0,Zero
DATAFLOW,OECD.CFE.EDS:DSD_FUA_DEMO@DF_AGE_SEX(1.2),Population by age and sex - Cities and FUAs,I,CL001F,Arica,A,Annual,POP,Population,PS,Persons,_T,Total,_T,Total,_Z,Not applicable,FUA,FUA,_Z,Not applicable,2024,,241653,,A,Normal value,0,Units,0,Zero
DATAFLOW,OECD.CFE.EDS:DSD_FUA_DEMO@DF_AGE_SEX(1.2),Population by age and sex - Cities and FUAs,I,CL002F,Iquique,A,Annual,POP,Population,PS,Persons,_T,Total,_T,Total,_Z,Not applicable,FUA,FUA,_Z,Not applicable,2024,,199587,,A,Normal value,0,Units,0,Zero
DATAFLOW,OECD.CFE.EDS:DSD_FUA_DEMO@DF_AGE_SEX(1.2),Population by age and sex - Cities and FUAs,I,CL003F,Calama,A,Annual,POP,Population,PS,Persons,_T,Total,_T,Total,_Z,Not applicable,FUA,FUA,_Z,Not applicable,2024,,166334,,A,Normal value,0,Units,0,Zero
DATAFLOW,OECD.CFE.EDS:DSD_FUA_DEMO@DF_AGE_SEX(1.2),Population by age and sex - Cities and FUAs,I,CL004F,Antofagasta,A,Annual,POP,Population,PS,Persons,_T,Total,_T,Total,_Z,Not applicable,FUA,FUA,_Z,Not applicable,2024,,401096,,A,Normal value,0,Units,0,Zero
DATAFLOW,OECD.CFE.EDS:DSD_FUA_DEMO@DF_AGE_SEX(1.2),Population by age and sex - Cities and FUAs,I,CL005F,Copiapó,A,Annual,POP,Population,PS,Persons,_T,Total,_T,Total,_Z,Not applicable,FUA,FUA,_Z,Not applicable,2024,,168831,,A,Normal value,0,Units,0,Zero
DATAFLOW,OECD.CFE.EDS:DSD_FUA_DEMO@DF_AGE_SEX(1.2),Population by age and sex - Cities and FUAs,I,CL006F,Coquimbo-La Serena,A,Annual,POP,Population,PS,Persons,_T,Total,_T,Total,_Z,Not applicable,FUA,FUA,_Z,Not applicable,2024,,525426,,A,Normal value,0,Units,0,Zero
DATAFLOW,OECD.CFE.EDS:DSD_FUA_DEMO@DF_AGE_SEX(1.2),Population by age and sex - Cities and FUAs,I,CL007F,Ovalle,A,Annual,POP,Population,PS,Persons,_T,Total,_T,Total,_Z,Not applicable,FUA,FUA,_Z,Not applicable,2024,,118696,,A,Normal value,0,Units,0,Zero
DATAFLOW,OECD.CFE.EDS:DSD_FUA_DEMO@DF_AGE_SEX(1.2),Population by age and sex - Cities and FUAs,I,CL008F,Calera,A,Annual,POP,Population,PS,Persons,_T,Total,_T,Total,_Z,Not applicable,FUA,FUA,_Z,Not applicable,2024,,50631,,A,Normal value,0,Units,0,Zero
DATAFLOW,OECD.CFE.EDS:DSD_FUA_DEMO@DF_AGE_SEX(1.2),Population by age and sex - Cities and FUAs,I,CL009F,Quillota,A,Annual,POP,Population,PS,Persons,_T,Total,_T,Total,_Z,Not applicable,FUA,FUA,_Z,Not applicable,2024,,121692,,A,Normal value,0,Units,0,Zero
DATAFLOW,OECD.CFE.EDS:DSD_FUA_DEMO@DF_AGE_SEX(1.2),Population by age and sex - Cities and FUAs,I,CL010F,Valparaíso,A,Annual,POP,Population,PS,Persons,_T,Total,_T,Total,_Z,Not applicable,FUA,FUA,_Z,Not applicable,2024,,1026378,,A,Normal value,0,Units,0,Zero
DATAFLOW,OECD.CFE.EDS:DSD_FUA_DEMO@DF_AGE_SEX(1.2),Population by age and sex - Cities and FUAs,I,CL011F,Santiago,A,Annual,POP,Population,PS,Persons,_T,Total,_T,Total,_Z,Not applicable,FUA,FUA,_Z,Not applicable,2024,,7210446,,A,Normal value,0,Units,0,Zero
DATAFLOW,OECD.CFE.EDS:DSD_FUA_DEMO@DF_AGE_SEX(1.2),Population by age and sex - Cities and FUAs,I,CL012F,San Antonio,A,Annual,POP,Population,PS,Persons,_T,Total,_T,Total,_Z,Not applicable,FUA,FUA,_Z,Not applicable,2024,,134540,,A,Normal value,0,Units,0,Zero
DATAFLOW,OECD.CFE.EDS:DSD_FUA_DEMO@DF_AGE_SEX(1.2),Population by age and sex - Cities and FUAs,I,CL013F,Melipilla,A,Annual,POP,Population,PS,Persons,_T,Total,_T,Total,_Z,Not applicable,FUA,FUA,_Z,Not applicable,2024,,136325,,A,Normal value,0,Units,0,Zero
DATAFLOW,OECD.CFE.EDS:DSD_FUA_DEMO@DF_AGE_SEX(1.2),Population by age and sex - Cities and FUAs,I,CL014F,Rancagua,A,Annual,POP,Population,PS,Persons,_T,Total,_T,Total,_Z,Not applicable,FUA,FUA,_Z,Not applicable,2024,,390383,,A,Normal value,0,Units,0,Zero
DATAFLOW,OECD.CFE.EDS:DSD_FUA_DEMO@DF_AGE_SEX(1.2),Population by age and sex - Cities and FUAs,I,CL015F,San Fernando,A,Annual,POP,Population,PS,Persons,_T,Total,_T,Total,_Z,Not applicable,FUA,FUA,_Z,Not applicable,2024,,75585,,A,Normal value,0,Units,0,Zero
DATAFLOW,OECD.CFE.EDS:DSD_FUA_DEMO@DF_AGE_SEX(1.2),Population by age and sex - Cities and FUAs,I,CL016F,Curicó,A,Annual,POP,Population,PS,Persons,_T,Total,_T,Total,_Z,Not applicable,FUA,FUA,_Z,Not applicable,2024,,171234,,A,Normal value,0,Units,0,Zero
DATAFLOW,OECD.CFE.EDS:DSD_FUA_DEMO@DF_AGE_SEX(1.2),Population by age and sex - Cities and FUAs,I,CL017F,Talca,A,Annual,POP,Population,PS,Persons,_T,Total,_T,Total,_Z,Not applicable,FUA,FUA,_Z,Not applicable,2024,,293212,,A,Normal value,0,Units,0,Zero
DATAFLOW,OECD.CFE.EDS:DSD_FUA_DEMO@DF_AGE_SEX(1.2),Population by age and sex - Cities and FUAs,I,CL018F,Linares,A,Annual,POP,Population,PS,Persons,_T,Total,_T,Total,_Z,Not applicable,FUA,FUA,_Z,Not applicable,2024,,96744,,A,Normal value,0,Units,0,Zero
DATAFLOW,OECD.CFE.EDS:DSD_FUA_DEMO@DF_AGE_SEX(1.2),Population by age and sex - Cities and FUAs,I,CL019F,Chillán,A,Annual,POP,Population,PS,Persons,_T,Total,_T,Total,_Z,Not applicable,FUA,FUA,_Z,Not applicable,2024,,238169,,A,Normal value,0,Units,0,Zero
DATAFLOW,OECD.CFE.EDS:DSD_FUA_DEMO@DF_AGE_SEX(1.2),Population by age and sex - Cities and FUAs,I,CL020F,Concepción,A,Annual,POP,Population,PS,Persons,_T,Total,_T,Total,_Z,Not applicable,FUA,FUA,_Z,Not applicable,2024,,957563,,A,Normal value,0,Units,0,Zero
DATAFLOW,OECD.CFE.EDS:DSD_FUA_DEMO@DF_AGE_SEX(1.2),Population by age and sex - Cities and FUAs,I,CL021F,Los Angeles,A,Annual,POP,Population,PS,Persons,_T,Total,_T,Total,_Z,Not applicable,FUA,FUA,_Z,Not applicable,2024,,219441,,A,Normal value,0,Units,0,Zero
DATAFLOW,OECD.CFE.EDS:DSD_FUA_DEMO@DF_AGE_SEX(1.2),Population by age and sex - Cities and FUAs,I,CL022F,Temuco,A,Annual,POP,Population,PS,Persons,_T,Total,_T,Total,_Z,Not applicable,FUA,FUA,_Z,Not applicable,2024,,446685,,A,Normal value,0,Units,0,Zero
DATAFLOW,OECD.CFE.EDS:DSD_FUA_DEMO@DF_AGE_SEX(1.2),Population by age and sex - Cities and FUAs,I,CL023F,Valdivia,A,Annual,POP,Population,PS,Persons,_T,Total,_T,Total,_Z,Not applicable,FUA,FUA,_Z,Not applicable,2024,,170043,,A,Normal value,0,Units,0,Zero
DATAFLOW,OECD.CFE.EDS:DSD_FUA_DEMO@DF_AGE_SEX(1.2),Population by age and sex - Cities and FUAs,I,CL024F,Osorno,A,Annual,POP,Population,PS,Persons,_T,Total,_T,Total,_Z,Not applicable,FUA,FUA,_Z,Not applicable,2024,,166455,,A,Normal value,0,Units,0,Zero
DATAFLOW,OECD.CFE.EDS:DSD_FUA_DEMO@DF_AGE_SEX(1.2),Population by age and sex - Cities and FUAs,I,CL025F,Puerto Montt,A,Annual,POP,Population,PS,Persons,_T,Total,_T,Total,_Z,Not applicable,FUA,FUA,_Z,Not applicable,2024,,277040,,A,Normal value,0,Units,0,Zero
DATAFLOW,OECD.CFE.EDS:DSD_FUA_DEMO@DF_AGE_SEX(1.2),Population by age and sex - Cities and FUAs,I,CL026F,Punta Arenas,A,Annual,POP,Population,PS,Persons,_T,Total,_T,Total,_Z,Not applicable,FUA,FUA,_Z,Not applicable,2024,,132363,,A,Normal value,0,Units,0,Zero
DATAFLOW,OECD.CFE.EDS:DSD_FUA_DEMO@DF_AGE_SEX(1.2),Population by age and sex - Cities and FUAs,I,CZ001F,Praha,A,Annual,POP,Population,PS,Persons,_T,Total,_T,Total,_Z,Not applicable,FUA,FUA,_Z,Not applicable,2024,,2265589,,A,Normal value,0,Units,0,Zero
DATAFLOW,OECD.CFE.EDS:DSD_FUA_DEMO@DF_AGE_SEX(1.2),Population by age and sex - Cities and FUAs,I,CZ002F,Brno,A,Annual,POP,Population,PS,Persons,_T,Total,_T,Total,_Z,Not applicable,FUA,FUA,_Z,Not applicable,2024,,777513,,A,Normal value,0,Units,0,Zero
DATAFLOW,OECD.CFE.EDS:DSD_FUA_DEMO@DF_AGE_SEX(1.2),Population by age and sex - Cities and FUAs,I,CZ003F,Ostrava,A,Annual,POP,Population,PS,Persons,_T,Total,_T,Total,_Z,Not applicable,FUA,FUA,_Z,Not applicable,2024,,608724,,A,Normal value,0,Units,0,Zero
DATAFLOW,OECD.CFE.EDS:DSD_FUA_DEMO@DF_AGE_SEX(1.2),Population by age and sex - Cities and FUAs,I,CZ004F,Plzeň,A,Annual,POP,Population,PS,Persons,_T,Total,_T,Total,_Z,Not applicable,FUA,FUA,_Z,Not applicable,2024,,367838,,A,Normal value,0,Units,0,Zero
DATAFLOW,OECD.CFE.EDS:DSD_FUA_DEMO@DF_AGE_SEX(1.2),Population by age and sex - Cities and FUAs,I,CZ005F,Ústí nad Labem,A,Annual,POP,Population,PS,Persons,_T,Total,_T,Total,_Z,Not applicable,FUA,FUA,_Z,Not applicable,2024,,121233,,A,Normal value,0,Units,0,Zero
DATAFLOW,OECD.CFE.EDS:DSD_FUA_DEMO@DF_AGE_SEX(1.2),Population by age and sex - Cities and FUAs,I,CZ006F,Olomouc,A,Annual,POP,Population,PS,Persons,_T,Total,_T,Total,_Z,Not applicable,FUA,FUA,_Z,Not applicable,2024,,223003,,A,Normal value,0,Units,0,Zero
DATAFLOW,OECD.CFE.EDS:DSD_FUA_DEMO@DF_AGE_SEX(1.2),Population by age and sex - Cities and FUAs,I,CZ007F,Liberec,A,Annual,POP,Population,PS,Persons,_T,Total,_T,Total,_Z,Not applicable,FUA,FUA,_Z,Not applicable,2024,,227976,,A,Normal value,0,Units,0,Zero
DATAFLOW,OECD.CFE.EDS:DSD_FUA_DEMO@DF_AGE_SEX(1.2),Population by age and sex - Cities and FUAs,I,CZ008F,České Budějovice,A,Annual,POP,Population,PS,Persons,_T,Total,_T,Total,_Z,Not applicable,FUA,FUA,_Z,Not applicable,2024,,205594,,A,Normal value,0,Units,0,Zero
DATAFLOW,OECD.CFE.EDS:DSD_FUA_DEMO@DF_AGE_SEX(1.2),Population by age and sex - Cities and FUAs,I,CZ009F,Hradec Králové,A,Annual,POP,Population,PS,Persons,_T,Total,_T,Total,_Z,Not applicable,FUA,FUA,_Z,Not applicable,2024,,169686,,A,Normal value,0,Units,0,Zero
DATAFLOW,OECD.CFE.EDS:DSD_FUA_DEMO@DF_AGE_SEX(1.2),Population by age and sex - Cities and FUAs,I,CZ010F,Pardubice,A,Annual,POP,Population,PS,Persons,_T,Total,_T,Total,_Z,Not applicable,FUA,FUA,_Z,Not applicable,2024,,194718,,A,Normal value,0,Units,0,Zero
DATAFLOW,OECD.CFE.EDS:DSD_FUA_DEMO@DF_AGE_SEX(1.2),Population by age and sex - Cities and FUAs,I,CZ016F,Most,A,Annual,POP,Population,PS,Persons,_T,Total,_T,Total,_Z,Not applicable,FUA,FUA,_Z,Not applicable,2024,,75713,,A,Normal value,0,Units,0,Zero
DATAFLOW,OECD.CFE.EDS:DSD_FUA_DEMO@DF_AGE_SEX(1.2),Population by age and sex - Cities and FUAs,I,CZ018F,Chomutov-Jirkov,A,Annual,POP,Population,PS,Persons,_T,Total,_T,Total,_Z,Not applicable,FUA,FUA,_Z,Not applicable,2024,,80828,,A,Normal value,0,Units,0,Zero
DATAFLOW,OECD.CFE.EDS:DSD_FUA_DEMO@DF_AGE_SEX(1.2),Population by age and sex - Cities and FUAs,I,DE001F,Berlin,A,Annual,POP,Population,PS,Persons,_T,Total,_T,Total,_Z,Not applicable,FUA,FUA,_Z,Not applicable,2024,,5051349,,A,Normal value,0,Units,0,Zero
DATAFLOW,OECD.CFE.EDS:DSD_FUA_DEMO@DF_AGE_SEX(1.2),Population by age and sex - Cities and FUAs,I,DE002F,Hamburg,A,Annual,POP,Population,PS,Persons,_T,Total,_T,Total,_Z,Not applicable,FUA,FUA,_Z,Not applicable,2024,,3269519,,A,Normal value,0,Units,0,Zero
DATAFLOW,OECD.CFE.EDS:DSD_FUA_DEMO@DF_AGE_SEX(1.2),Population by age and sex - Cities and FUAs,I,DE003F,München,A,Annual,POP,Population,PS,Persons,_T,Total,_T,Total,_Z,Not applicable,FUA,FUA,_Z,Not applicable,2024,,2976289,,A,Normal value,0,Units,0,Zero
DATAFLOW,OECD.CFE.EDS:DSD_FUA_DEMO@DF_AGE_SEX(1.2),Population by age and sex - Cities and FUAs,I,DE004F,Köln,A,Annual,POP,Population,PS,Persons,_T,Total,_T,Total,_Z,Not applicable,FUA,FUA,_Z,Not applicable,2024,,2312691,,A,Normal value,0,Units,0,Zero
DATAFLOW,OECD.CFE.EDS:DSD_FUA_DEMO@DF_AGE_SEX(1.2),Population by age and sex - Cities and FUAs,I,DE005F,Frankfurt am Main,A,Annual,POP,Population,PS,Persons,_T,Total,_T,Total,_Z,Not applicable,FUA,FUA,_Z,Not applicable,2024,,2654587,,A,Normal value,0,Units,0,Zero
DATAFLOW,OECD.CFE.EDS:DSD_FUA_DEMO@DF_AGE_SEX(1.2),Population by age and sex - Cities and FUAs,I,DE006F,Essen,A,Annual,POP,Population,PS,Persons,_T,Total,_T,Total,_Z,Not applicable,FUA,FUA,_Z,Not applicable,2024,,1880026,,A,Normal value,0,Units,0,Zero
DATAFLOW,OECD.CFE.EDS:DSD_FUA_DEMO@DF_AGE_SEX(1.2),Population by age and sex - Cities and FUAs,I,DE007F,Stuttgart,A,Annual,POP,Population,PS,Persons,_T,Total,_T,Total,_Z,Not applicable,FUA,FUA,_Z,Not applicable,2024,,2545816,,A,Normal value,0,Units,0,Zero
DATAFLOW,OECD.CFE.EDS:DSD_FUA_DEMO@DF_AGE_SEX(1.2),Population by age and sex - Cities and FUAs,I,DE008F,Leipzig,A,Annual,POP,Population,PS,Persons,_T,Total,_T,Total,_Z,Not applicable,FUA,FUA,_Z,Not applicable,2024,,962374,,A,Normal value,0,Units,0,Zero
DATAFLOW,OECD.CFE.EDS:DSD_FUA_DEMO@DF_AGE_SEX(1.2),Population by age and sex - Cities and FUAs,I,DE009F,Dresden,A,Annual,POP,Population,PS,Persons,_T,Total,_T,Total,_Z,Not applicable,FUA,FUA,_Z,Not applicable,2024,,974649,,A,Normal value,0,Units,0,Zero
DATAFLOW,OECD.CFE.EDS:DSD_FUA_DEMO@DF_AGE_SEX(1.2),Population by age and sex - Cities and FUAs,I,DE011F,Düsseldorf,A,Annual,POP,Population,PS,Persons,_T,Total,_T,Total,_Z,Not applicable,FUA,FUA,_Z,Not applicable,2024,,1682481,,A,Normal value,0,Units,0,Zero
DATAFLOW,OECD.CFE.EDS:DSD_FUA_DEMO@DF_AGE_SEX(1.2),Population by age and sex - Cities and FUAs,I,DE012F,Bremen,A,Annual,POP,Population,PS,Persons,_T,Total,_T,Total,_Z,Not applicable,FUA,FUA,_Z,Not applicable,2024,,1067017,,A,Normal value,0,Units,0,Zero
DATAFLOW,OECD.CFE.EDS:DSD_FUA_DEMO@DF_AGE_SEX(1.2),Population by age and sex - Cities and FUAs,I,DE013F,Hannover,A,Annual,POP,Population,PS,Persons,_T,Total,_T,Total,_Z,Not applicable,FUA,FUA,_Z,Not applicable,2024,,1273933,,A,Normal value,0,Units,0,Zero
DATAFLOW,OECD.CFE.EDS:DSD_FUA_DEMO@DF_AGE_SEX(1.2),Population by age and sex - Cities and FUAs,I,DE014F,Nürnberg,A,Annual,POP,Population,PS,Persons,_T,Total,_T,Total,_Z,Not applicable,FUA,FUA,_Z,Not applicable,2024,,1523260,,A,Normal value,0,Units,0,Zero
DATAFLOW,OECD.CFE.EDS:DSD_FUA_DEMO@DF_AGE_SEX(1.2),Population by age and sex - Cities and FUAs,I,DE016F,Bielefeld,A,Annual,POP,Population,PS,Persons,_T,Total,_T,Total,_Z,Not applicable,FUA,FUA,_Z,Not applicable,2024,,547682,,A,Normal value,0,Units,0,Zero
DATAFLOW,OECD.CFE.EDS:DSD_FUA_DEMO@DF_AGE_SEX(1.2),Population by age and sex - Cities and FUAs,I,DE017F,Halle an der Saale,A,Annual,POP,Population,PS,Persons,_T,Total,_T,Total,_Z,Not applicable,FUA,FUA,_Z,Not applicable,2024,,358200,,A,Normal value,0,Units,0,Zero
DATAFLOW,OECD.CFE.EDS:DSD_FUA_DEMO@DF_AGE_SEX(1.2),Population by age and sex - Cities and FUAs,I,DE018F,Magdeburg,A,Annual,POP,Population,PS,Persons,_T,Total,_T,Total,_Z,Not applicable,FUA,FUA,_Z,Not applicable,2024,,425035,,A,Normal value,0,Units,0,Zero
DATAFLOW,OECD.CFE.EDS:DSD_FUA_DEMO@DF_AGE_SEX(1.2),Population by age and sex - Cities and FUAs,I,DE019F,Wiesbaden,A,Annual,POP,Population,PS,Persons,_T,Total,_T,Total,_Z,Not applicable,FUA,FUA,_Z,Not applicable,2024,,428384,,A,Normal value,0,Units,0,Zero
DATAFLOW,OECD.CFE.EDS:DSD_FUA_DEMO@DF_AGE_SEX(1.2),Population by age and sex - Cities and FUAs,I,DE020F,Göttingen,A,Annual,POP,Population,PS,Persons,_T,Total,_T,Total,_Z,Not applicable,FUA,FUA,_Z,Not applicable,2024,,263748,,A,Normal value,0,Units,0,Zero
DATAFLOW,OECD.CFE.EDS:DSD_FUA_DEMO@DF_AGE_SEX(1.2),Population by age and sex - Cities and FUAs,I,DE023F,Darmstadt,A,Annual,POP,Population,PS,Persons,_T,Total,_T,Total,_Z,Not applicable,FUA,FUA,_Z,Not applicable,2024,,425711,,A,Normal value,0,Units,0,Zero
DATAFLOW,OECD.CFE.EDS:DSD_FUA_DEMO@DF_AGE_SEX(1.2),Population by age and sex - Cities and FUAs,I,DE024F,Trier,A,Annual,POP,Population,PS,Persons,_T,Total,_T,Total,_Z,Not applicable,FUA,FUA,_Z,Not applicable,2024,,268335,,A,Normal value,0,Units,0,Zero
DATAFLOW,OECD.CFE.EDS:DSD_FUA_DEMO@DF_AGE_SEX(1.2),Population by age and sex - Cities and FUAs,I,DE025F,Freiburg im Breisgau,A,Annual,POP,Population,PS,Persons,_T,Total,_T,Total,_Z,Not applicable,FUA,FUA,_Z,Not applicable,2024,,596760,,A,Normal value,0,Units,0,Zero
DATAFLOW,OECD.CFE.EDS:DSD_FUA_DEMO@DF_AGE_SEX(1.2),Population by age and sex - Cities and FUAs,I,DE026F,Regensburg,A,Annual,POP,Population,PS,Persons,_T,Total,_T,Total,_Z,Not applicable,FUA,FUA,_Z,Not applicable,2024,,444723,,A,Normal value,0,Units,0,Zero
DATAFLOW,OECD.CFE.EDS:DSD_FUA_DEMO@DF_AGE_SEX(1.2),Population by age and sex - Cities and FUAs,I,DE027F,Frankfurt (Oder),A,Annual,POP,Population,PS,Persons,_T,Total,_T,Total,_Z,Not applicable,FUA,FUA,_Z,Not applicable,2024,,90226,,A,Normal value,0,Units,0,Zero
DATAFLOW,OECD.CFE.EDS:DSD_FUA_DEMO@DF_AGE_SEX(1.2),Population by age and sex - Cities and FUAs,I,DE029F,Schwerin,A,Annual,POP,Population,PS,Persons,_T,Total,_T,Total,_Z,Not applicable,FUA,FUA,_Z,Not applicable,2024,,164283,,A,Normal value,0,Units,0,Zero
DATAFLOW,OECD.CFE.EDS:DSD_FUA_DEMO@DF_AGE_SEX(1.2),Population by age and sex - Cities and FUAs,I,DE030F,Erfurt,A,Annual,POP,Population,PS,Persons,_T,Total,_T,Total,_Z,Not applicable,FUA,FUA,_Z,Not applicable,2024,,356794,,A,Normal value,0,Units,0,Zero
DATAFLOW,OECD.CFE.EDS:DSD_FUA_DEMO@DF_AGE_SEX(1.2),Population by age and sex - Cities and FUAs,I,DE031F,Augsburg,A,Annual,POP,Population,PS,Persons,_T,Total,_T,Total,_Z,Not applicable,FUA,FUA,_Z,Not applicable,2024,,628262,,A,Normal value,0,Units,0,Zero
DATAFLOW,OECD.CFE.EDS:DSD_FUA_DEMO@DF_AGE_SEX(1.2),Population by age and sex - Cities and FUAs,I,DE032F,Bonn,A,Annual,POP,Population,PS,Persons,_T,Total,_T,Total,_Z,Not applicable,FUA,FUA,_Z,Not applicable,2024,,666848,,A,Normal value,0,Units,0,Zero
DATAFLOW,OECD.CFE.EDS:DSD_FUA_DEMO@DF_AGE_SEX(1.2),Population by age and sex - Cities and FUAs,I,DE033F,Karlsruhe,A,Annual,POP,Population,PS,Persons,_T,Total,_T,Total,_Z,Not applicable,FUA,FUA,_Z,Not applicable,2024,,698774,,A,Normal value,0,Units,0,Zero
DATAFLOW,OECD.CFE.EDS:DSD_FUA_DEMO@DF_AGE_SEX(1.2),Population by age and sex - Cities and FUAs,I,DE034F,Mönchengladbach,A,Annual,POP,Population,PS,Persons,_T,Total,_T,Total,_Z,Not applicable,FUA,FUA,_Z,Not applicable,2024,,391878,,A,Normal value,0,Units,0,Zero
DATAFLOW,OECD.CFE.EDS:DSD_FUA_DEMO@DF_AGE_SEX(1.2),Population by age and sex - Cities and FUAs,I,DE035F,Mainz,A,Annual,POP,Population,PS,Persons,_T,Total,_T,Total,_Z,Not applicable,FUA,FUA,_Z,Not applicable,2024,,405620,,A,Normal value,0,Units,0,Zero
DATAFLOW,OECD.CFE.EDS:DSD_FUA_DEMO@DF_AGE_SEX(1.2),Population by age and sex - Cities and FUAs,I,DE036F,Kiel,A,Annual,POP,Population,PS,Persons,_T,Total,_T,Total,_Z,Not applicable,FUA,FUA,_Z,Not applicable,2024,,479503,,A,Normal value,0,Units,0,Zero
DATAFLOW,OECD.CFE.EDS:DSD_FUA_DEMO@DF_AGE_SEX(1.2),Population by age and sex - Cities and FUAs,I,DE037F,Saarbrücken,A,Annual,POP,Population,PS,Persons,_T,Total,_T,Total,_Z,Not applicable,FUA,FUA,_Z,Not applicable,2024,,552393,,A,Normal value,0,Units,0,Zero
DATAFLOW,OECD.CFE.EDS:DSD_FUA_DEMO@DF_AGE_SEX(1.2),Population by age and sex - Cities and FUAs,I,DE039F,Koblenz,A,Annual,POP,Population,PS,Persons,_T,Total,_T,Total,_Z,Not applicable,FUA,FUA,_Z,Not applicable,2024,,297349,,A,Normal value,0,Units,0,Zero
DATAFLOW,OECD.CFE.EDS:DSD_FUA_DEMO@DF_AGE_SEX(1.2),Population by age and sex - Cities and FUAs,I,DE040F,Rostock,A,Annual,POP,Population,PS,Persons,_T,Total,_T,Total,_Z,Not applicable,FUA,FUA,_Z,Not applicable,2024,,323819,,A,Normal value,0,Units,0,Zero
DATAFLOW,OECD.CFE.EDS:DSD_FUA_DEMO@DF_AGE_SEX(1.2),Population by age and sex - Cities and FUAs,I,DE041F,Kaiserslautern,A,Annual,POP,Population,PS,Persons,_T,Total,_T,Total,_Z,Not applicable,FUA,FUA,_Z,Not applicable,2024,,210337,,A,Normal value,0,Units,0,Zero
DATAFLOW,OECD.CFE.EDS:DSD_FUA_DEMO@DF_AGE_SEX(1.2),Population by age and sex - Cities and FUAs,I,DE042F,Iserlohn,A,Annual,POP,Population,PS,Persons,_T,Total,_T,Total,_Z,Not applicable,FUA,FUA,_Z,Not applicable,2024,,133050,,A,Normal value,0,Units,0,Zero
DATAFLOW,OECD.CFE.EDS:DSD_FUA_DEMO@DF_AGE_SEX(1.2),Population by age and sex - Cities and FUAs,I,DE047F,Tübingen,A,Annual,POP,Population,PS,Persons,_T,Total,_T,Total,_Z,Not applicable,FUA,FUA,_Z,Not applicable,2024,,222958,,A,Normal value,0,Units,0,Zero
DATAFLOW,OECD.CFE.EDS:DSD_FUA_DEMO@DF_AGE_SEX(1.2),Population by age and sex - Cities and FUAs,I,DE049F,Flensburg,A,Annual,POP,Population,PS,Persons,_T,Total,_T,Total,_Z,Not applicable,FUA,FUA,_Z,Not applicable,2024,,185182,,A,Normal value,0,Units,0,Zero
DATAFLOW,OECD.CFE.EDS:DSD_FUA_DEMO@DF_AGE_SEX(1.2),Population by age and sex - Cities and FUAs,I,DE051F,Konstanz,A,Annual,POP,Population,PS,Persons,_T,Total,_T,Total,_Z,Not applicable,FUA,FUA,_Z,Not applicable,2024,,99490,,A,Normal value,0,Units,0,Zero
DATAFLOW,OECD.CFE.EDS:DSD_FUA_DEMO@DF_AGE_SEX(1.2),Population by age and sex - Cities and FUAs,I,DE052F,Neumünster,A,Annual,POP,Population,PS,Persons,_T,Total,_T,Total,_Z,Not applicable,FUA,FUA,_Z,Not applicable,2024,,110570,,A,Normal value,0,Units,0,Zero
DATAFLOW,OECD.CFE.EDS:DSD_FUA_DEMO@DF_AGE_SEX(1.2),Population by age and sex - Cities and FUAs,I,DE054F,Gießen,A,Annual,POP,Population,PS,Persons,_T,Total,_T,Total,_Z,Not applicable,FUA,FUA,_Z,Not applicable,2024,,253778,,A,Normal value,0,Units,0,Zero
DATAFLOW,OECD.CFE.EDS:DSD_FUA_DEMO@DF_AGE_SEX(1.2),Population by age and sex - Cities and FUAs,I,DE056F,Bayreuth,A,Annual,POP,Population,PS,Persons,_T,Total,_T,Total,_Z,Not applicable,FUA,FUA,_Z,Not applicable,2024,,186371,,A,Normal value,0,Units,0,Zero
DATAFLOW,OECD.CFE.EDS:DSD_FUA_DEMO@DF_AGE_SEX(1.2),Population by age and sex - Cities and FUAs,I,DE058F,Aschaffenburg,A,Annual,POP,Population,PS,Persons,_T,Total,_T,Total,_Z,Not applicable,FUA,FUA,_Z,Not applicable,2024,,230632,,A,Normal value,0,Units,0,Zero
DATAFLOW,OECD.CFE.EDS:DSD_FUA_DEMO@DF_AGE_SEX(1.2),Population by age and sex - Cities and FUAs,I,DE059F,Bamberg,A,Annual,POP,Population,PS,Persons,_T,Total,_T,Total,_Z,Not applicable,FUA,FUA,_Z,Not applicable,2024,,234545,,A,Normal value,0,Units,0,Zero
DATAFLOW,OECD.CFE.EDS:DSD_FUA_DEMO@DF_AGE_SEX(1.2),Population by age and sex - Cities and FUAs,I,DE060F,Plauen,A,Annual,POP,Population,PS,Persons,_T,Total,_T,Total,_Z,Not applicable,FUA,FUA,_Z,Not applicable,2024,,96021,,A,Normal value,0,Units,0,Zero
DATAFLOW,OECD.CFE.EDS:DSD_FUA_DEMO@DF_AGE_SEX(1.2),Population by age and sex - Cities and FUAs,I,DE063F,Kempten (Allgäu),A,Annual,POP,Population,PS,Persons,_T,Total,_T,Total,_Z,Not applicable,FUA,FUA,_Z,Not applicable,2024,,140530,,A,Normal value,0,Units,0,Zero
DATAFLOW,OECD.CFE.EDS:DSD_FUA_DEMO@DF_AGE_SEX(1.2),Population by age and sex - Cities and FUAs,I,DE064F,Landshut,A,Annual,POP,Population,PS,Persons,_T,Total,_T,Total,_Z,Not applicable,FUA,FUA,_Z,Not applicable,2024,,173559,,A,Normal value,0,Units,0,Zero
DATAFLOW,OECD.CFE.EDS:DSD_FUA_DEMO@DF_AGE_SEX(1.2),Population by age and sex - Cities and FUAs,I,DE066F,Rosenheim,A,Annual,POP,Population,PS,Persons,_T,Total,_T,Total,_Z,Not applicable,FUA,FUA,_Z,Not applicable,2024,,167865,,A,Normal value,0,Units,0,Zero
DATAFLOW,OECD.CFE.EDS:DSD_FUA_DEMO@DF_AGE_SEX(1.2),Population by age and sex - Cities and FUAs,I,DE071F,Görlitz,A,Annual,POP,Population,PS,Persons,_T,Total,_T,Total,_Z,Not applicable,FUA,FUA,_Z,Not applicable,2024,,80207,,A,Normal value,0,Units,0,Zero
DATAFLOW,OECD.CFE.EDS:DSD_FUA_DEMO@DF_AGE_SEX(1.2),Population by age and sex - Cities and FUAs,I,DE074F,Schweinfurt,A,Annual,POP,Population,PS,Persons,_T,Total,_T,Total,_Z,Not applicable,FUA,FUA,_Z,Not applicable,2024,,191425,,A,Normal value,0,Units,0,Zero
DATAFLOW,OECD.CFE.EDS:DSD_FUA_DEMO@DF_AGE_SEX(1.2),Population by age and sex - Cities and FUAs,I,DE081F,Mannheim,A,Annual,POP,Population,PS,Persons,_T,Total,_T,Total,_Z,Not applicable,FUA,FUA,_Z,Not applicable,2024,,1348110,,A,Normal value,0,Units,0,Zero
DATAFLOW,OECD.CFE.EDS:DSD_FUA_DEMO@DF_AGE_SEX(1.2),Population by age and sex - Cities and FUAs,I,DE083F,Münster,A,Annual,POP,Population,PS,Persons,_T,Total,_T,Total,_Z,Not applicable,FUA,FUA,_Z,Not applicable,2024,,572600,,A,Normal value,0,Units,0,Zero
DATAFLOW,OECD.CFE.EDS:DSD_FUA_DEMO@DF_AGE_SEX(1.2),Population by age and sex - Cities and FUAs,I,DE084F,Chemnitz,A,Annual,POP,Population,PS,Persons,_T,Total,_T,Total,_Z,Not applicable,FUA,FUA,_Z,Not applicable,2024,,439562,,A,Normal value,0,Units,0,Zero
DATAFLOW,OECD.CFE.EDS:DSD_FUA_DEMO@DF_AGE_SEX(1.2),Population by age and sex - Cities and FUAs,I,DE085F,Braunschweig,A,Annual,POP,Population,PS,Persons,_T,Total,_T,Total,_Z,Not applicable,FUA,FUA,_Z,Not applicable,2024,,535103,,A,Normal value,0,Units,0,Zero
DATAFLOW,OECD.CFE.EDS:DSD_FUA_DEMO@DF_AGE_SEX(1.2),Population by age and sex - Cities and FUAs,I,DE086F,Aachen,A,Annual,POP,Population,PS,Persons,_T,Total,_T,Total,_Z,Not applicable,FUA,FUA,_Z,Not applicable,2024,,618131,,A,Normal value,0,Units,0,Zero
DATAFLOW,OECD.CFE.EDS:DSD_FUA_DEMO@DF_AGE_SEX(1.2),Population by age and sex - Cities and FUAs,I,DE087F,Krefeld,A,Annual,POP,Population,PS,Persons,_T,Total,_T,Total,_Z,Not applicable,FUA,FUA,_Z,Not applicable,2024,,293800,,A,Normal value,0,Units,0,Zero
DATAFLOW,OECD.CFE.EDS:DSD_FUA_DEMO@DF_AGE_SEX(1.2),Population by age and sex - Cities and FUAs,I,DE089F,Lübeck,A,Annual,POP,Population,PS,Persons,_T,Total,_T,Total,_Z,Not applicable,FUA,FUA,_Z,Not applicable,2024,,383623,,A,Normal value,0,Units,0,Zero
DATAFLOW,OECD.CFE.EDS:DSD_FUA_DEMO@DF_AGE_SEX(1.2),Population by age and sex - Cities and FUAs,I,DE091F,Kassel,A,Annual,POP,Population,PS,Persons,_T,Total,_T,Total,_Z,Not applicable,FUA,FUA,_Z,Not applicable,2024,,487426,,A,Normal value,0,Units,0,Zero
DATAFLOW,OECD.CFE.EDS:DSD_FUA_DEMO@DF_AGE_SEX(1.2),Population by age and sex - Cities and FUAs,I,DE095F,Osnabrück,A,Annual,POP,Population,PS,Persons,_T,Total,_T,Total,_Z,Not applicable,FUA,FUA,_Z,Not applicable,2024,,356741,,A,Normal value,0,Units,0,Zero
DATAFLOW,OECD.CFE.EDS:DSD_FUA_DEMO@DF_AGE_SEX(1.2),Population by age and sex - Cities and FUAs,I,DE098F,Oldenburg (Oldenburg),A,Annual,POP,Population,PS,Persons,_T,Total,_T,Total,_Z,Not applicable,FUA,FUA,_Z,Not applicable,2024,,319706,,A,Normal value,0,Units,0,Zero
DATAFLOW,OECD.CFE.EDS:DSD_FUA_DEMO@DF_AGE_SEX(1.2),Population by age and sex - Cities and FUAs,I,DE100F,Heidelberg,A,Annual,POP,Population,PS,Persons,_T,Total,_T,Total,_Z,Not applicable,FUA,FUA,_Z,Not applicable,2024,,309435,,A,Normal value,0,Units,0,Zero
DATAFLOW,OECD.CFE.EDS:DSD_FUA_DEMO@DF_AGE_SEX(1.2),Population by age and sex - Cities and FUAs,I,DE101F,Paderborn,A,Annual,POP,Population,PS,Persons,_T,Total,_T,Total,_Z,Not applicable,FUA,FUA,_Z,Not applicable,2024,,343726,,A,Normal value,0,Units,0,Zero
DATAFLOW,OECD.CFE.EDS:DSD_FUA_DEMO@DF_AGE_SEX(1.2),Population by age and sex - Cities and FUAs,I,DE102F,Würzburg,A,Annual,POP,Population,PS,Persons,_T,Total,_T,Total,_Z,Not applicable,FUA,FUA,_Z,Not applicable,2024,,383832,,A,Normal value,0,Units,0,Zero
DATAFLOW,OECD.CFE.EDS:DSD_FUA_DEMO@DF_AGE_SEX(1.2),Population by age and sex - Cities and FUAs,I,DE104F,Wolfsburg,A,Annual,POP,Population,PS,Persons,_T,Total,_T,Total,_Z,Not applicable,FUA,FUA,_Z,Not applicable,2024,,370587,,A,Normal value,0,Units,0,Zero
DATAFLOW,OECD.CFE.EDS:DSD_FUA_DEMO@DF_AGE_SEX(1.2),Population by age and sex - Cities and FUAs,I,DE105F,Bremerhaven,A,Annual,POP,Population,PS,Persons,_T,Total,_T,Total,_Z,Not applicable,FUA,FUA,_Z,Not applicable,2024,,210272,,A,Normal value,0,Units,0,Zero
DATAFLOW,OECD.CFE.EDS:DSD_FUA_DEMO@DF_AGE_SEX(1.2),Population by age and sex - Cities and FUAs,I,DE107F,Heilbronn,A,Annual,POP,Population,PS,Persons,_T,Total,_T,Total,_Z,Not applicable,FUA,FUA,_Z,Not applicable,2024,,391659,,A,Normal value,0,Units,0,Zero
DATAFLOW,OECD.CFE.EDS:DSD_FUA_DEMO@DF_AGE_SEX(1.2),Population by age and sex - Cities and FUAs,I,DE108F,Remscheid,A,Annual,POP,Population,PS,Persons,_T,Total,_T,Total,_Z,Not applicable,FUA,FUA,_Z,Not applicable,2024,,184495,,A,Normal value,0,Units,0,Zero
DATAFLOW,OECD.CFE.EDS:DSD_FUA_DEMO@DF_AGE_SEX(1.2),Population by age and sex - Cities and FUAs,I,DE110F,Ulm,A,Annual,POP,Population,PS,Persons,_T,Total,_T,Total,_Z,Not applicable,FUA,FUA,_Z,Not applicable,2024,,479614,,A,Normal value,0,Units,0,Zero
DATAFLOW,OECD.CFE.EDS:DSD_FUA_DEMO@DF_AGE_SEX(1.2),Population by age and sex - Cities and FUAs,I,DE111F,Pforzheim,A,Annual,POP,Population,PS,Persons,_T,Total,_T,Total,_Z,Not applicable,FUA,FUA,_Z,Not applicable,2024,,262451,,A,Normal value,0,Units,0,Zero
DATAFLOW,OECD.CFE.EDS:DSD_FUA_DEMO@DF_AGE_SEX(1.2),Population by age and sex - Cities and FUAs,I,DE112F,Ingolstadt,A,Annual,POP,Population,PS,Persons,_T,Total,_T,Total,_Z,Not applicable,FUA,FUA,_Z,Not applicable,2024,,387778,,A,Normal value,0,Units,0,Zero
DATAFLOW,OECD.CFE.EDS:DSD_FUA_DEMO@DF_AGE_SEX(1.2),Population by age and sex - Cities and FUAs,I,DE113F,Gera,A,Annual,POP,Population,PS,Persons,_T,Total,_T,Total,_Z,Not applicable,FUA,FUA,_Z,Not applicable,2024,,140996,,A,Normal value,0,Units,0,Zero
DATAFLOW,OECD.CFE.EDS:DSD_FUA_DEMO@DF_AGE_SEX(1.2),Population by age and sex - Cities and FUAs,I,DE115F,Reutlingen,A,Annual,POP,Population,PS,Persons,_T,Total,_T,Total,_Z,Not applicable,FUA,FUA,_Z,Not applicable,2024,,199633,,A,Normal value,0,Units,0,Zero
DATAFLOW,OECD.CFE.EDS:DSD_FUA_DEMO@DF_AGE_SEX(1.2),Population by age and sex - Cities and FUAs,I,DE117F,Cottbus,A,Annual,POP,Population,PS,Persons,_T,Total,_T,Total,_Z,Not applicable,FUA,FUA,_Z,Not applicable,2024,,191239,,A,Normal value,0,Units,0,Zero
DATAFLOW,OECD.CFE.EDS:DSD_FUA_DEMO@DF_AGE_SEX(1.2),Population by age and sex - Cities and FUAs,I,DE118F,Siegen,A,Annual,POP,Population,PS,Persons,_T,Total,_T,Total,_Z,Not applicable,FUA,FUA,_Z,Not applicable,2024,,244309,,A,Normal value,0,Units,0,Zero
DATAFLOW,OECD.CFE.EDS:DSD_FUA_DEMO@DF_AGE_SEX(1.2),Population by age and sex - Cities and FUAs,I,DE120F,Hildesheim,A,Annual,POP,Population,PS,Persons,_T,Total,_T,Total,_Z,Not applicable,FUA,FUA,_Z,Not applicable,2024,,186416,,A,Normal value,0,Units,0,Zero
DATAFLOW,OECD.CFE.EDS:DSD_FUA_DEMO@DF_AGE_SEX(1.2),Population by age and sex - Cities and FUAs,I,DE124F,Wuppertal,A,Annual,POP,Population,PS,Persons,_T,Total,_T,Total,_Z,Not applicable,FUA,FUA,_Z,Not applicable,2024,,386638,,A,Normal value,0,Units,0,Zero
DATAFLOW,OECD.CFE.EDS:DSD_FUA_DEMO@DF_AGE_SEX(1.2),Population by age and sex - Cities and FUAs,I,DE125F,Jena,A,Annual,POP,Population,PS,Persons,_T,Total,_T,Total,_Z,Not applicable,FUA,FUA,_Z,Not applicable,2024,,183620,,A,Normal value,0,Units,0,Zero
DATAFLOW,OECD.CFE.EDS:DSD_FUA_DEMO@DF_AGE_SEX(1.2),Population by age and sex - Cities and FUAs,I,DE126F,"Düren, Stadt",A,Annual,POP,Population,PS,Persons,_T,Total,_T,Total,_Z,Not applicable,FUA,FUA,_Z,Not applicable,2024,,202498,,A,Normal value,0,Units,0,Zero
DATAFLOW,OECD.CFE.EDS:DSD_FUA_DEMO@DF_AGE_SEX(1.2),Population by age and sex - Cities and FUAs,I,DE127F,"Bocholt, Stadt",A,Annual,POP,Population,PS,Persons,_T,Total,_T,Total,_Z,Not applicable,FUA,FUA,_Z,Not applicable,2024,,103689,,A,Normal value,0,Units,0,Zero
DATAFLOW,OECD.CFE.EDS:DSD_FUA_DEMO@DF_AGE_SEX(1.2),Population by age and sex - Cities and FUAs,I,DK001F,København,A,Annual,POP,Population,PS,Persons,_T,Total,_T,Total,_Z,Not applicable,FUA,FUA,_Z,Not applicable,2024,,2271617,,A,Normal value,0,Units,0,Zero
DATAFLOW,OECD.CFE.EDS:DSD_FUA_DEMO@DF_AGE_SEX(1.2),Population by age and sex - Cities and FUAs,I,DK002F,Århus,A,Annual,POP,Population,PS,Persons,_T,Total,_T,Total,_Z,Not applicable,FUA,FUA,_Z,Not applicable,2024,,549606,,A,Normal value,0,Units,0,Zero
DATAFLOW,OECD.CFE.EDS:DSD_FUA_DEMO@DF_AGE_SEX(1.2),Population by age and sex - Cities and FUAs,I,DK003F,Odense,A,Annual,POP,Population,PS,Persons,_T,Total,_T,Total,_Z,Not applicable,FUA,FUA,_Z,Not applicable,2024,,387666,,A,Normal value,0,Units,0,Zero
DATAFLOW,OECD.CFE.EDS:DSD_FUA_DEMO@DF_AGE_SEX(1.2),Population by age and sex - Cities and FUAs,I,DK004F,Aalborg,A,Annual,POP,Population,PS,Persons,_T,Total,_T,Total,_Z,Not applicable,FUA,FUA,_Z,Not applicable,2024,,328928,,A,Normal value,0,Units,0,Zero
DATAFLOW,OECD.CFE.EDS:DSD_FUA_DEMO@DF_AGE_SEX(1.2),Population by age and sex - Cities and FUAs,I,EE001F,Tallinn,A,Annual,POP,Population,PS,Persons,_T,Total,_T,Total,_Z,Not applicable,FUA,FUA,_Z,Not applicable,2024,,731352,,A,Normal value,0,Units,0,Zero
DATAFLOW,OECD.CFE.EDS:DSD_FUA_DEMO@DF_AGE_SEX(1.2),Population by age and sex - Cities and FUAs,I,EE002F,Tartu,A,Annual,POP,Population,PS,Persons,_T,Total,_T,Total,_Z,Not applicable,FUA,FUA,_Z,Not applicable,2024,,188754,,A,Normal value,0,Units,0,Zero
DATAFLOW,OECD.CFE.EDS:DSD_FUA_DEMO@DF_AGE_SEX(1.2),Population by age and sex - Cities and FUAs,I,EE003F,Narva,A,Annual,POP,Population,PS,Persons,_T,Total,_T,Total,_Z,Not applicable,FUA,FUA,_Z,Not applicable,2024,,57653,,A,Normal value,0,Units,0,Zero
DATAFLOW,OECD.CFE.EDS:DSD_FUA_DEMO@DF_AGE_SEX(1.2),Population by age and sex - Cities and FUAs,I,FI001F,Helsinki,A,Annual,POP,Population,PS,Persons,_T,Total,_T,Total,_Z,Not applicable,FUA,FUA,_Z,Not applicable,2024,,1773305,,A,Normal value,0,Units,0,Zero
DATAFLOW,OECD.CFE.EDS:DSD_FUA_DEMO@DF_AGE_SEX(1.2),Population by age and sex - Cities and FUAs,I,FI002F,Tampere,A,Annual,POP,Population,PS,Persons,_T,Total,_T,Total,_Z,Not applicable,FUA,FUA,_Z,Not applicable,2024,,477107,,A,Normal value,0,Units,0,Zero
DATAFLOW,OECD.CFE.EDS:DSD_FUA_DEMO@DF_AGE_SEX(1.2),Population by age and sex - Cities and FUAs,I,FI003F,Turku,A,Annual,POP,Population,PS,Persons,_T,Total,_T,Total,_Z,Not applicable,FUA,FUA,_Z,Not applicable,2024,,381936,,A,Normal value,0,Units,0,Zero
DATAFLOW,OECD.CFE.EDS:DSD_FUA_DEMO@DF_AGE_SEX(1.2),Population by age and sex - Cities and FUAs,I,FI004F,Oulu,A,Annual,POP,Population,PS,Persons,_T,Total,_T,Total,_Z,Not applicable,FUA,FUA,_Z,Not applicable,2024,,276456,,A,Normal value,0,Units,0,Zero
DATAFLOW,OECD.CFE.EDS:DSD_FUA_DEMO@DF_AGE_SEX(1.2),Population by age and sex - Cities and FUAs,I,FI007F,Lahti,A,Annual,POP,Population,PS,Persons,_T,Total,_T,Total,_Z,Not applicable,FUA,FUA,_Z,Not applicable,2024,,189648,,A,Normal value,0,Units,0,Zero
DATAFLOW,OECD.CFE.EDS:DSD_FUA_DEMO@DF_AGE_SEX(1.2),Population by age and sex - Cities and FUAs,I,FI008F,Kuopio,A,Annual,POP,Population,PS,Persons,_T,Total,_T,Total,_Z,Not applicable,FUA,FUA,_Z,Not applicable,2024,,168826,,A,Normal value,0,Units,0,Zero
DATAFLOW,OECD.CFE.EDS:DSD_FUA_DEMO@DF_AGE_SEX(1.2),Population by age and sex - Cities and FUAs,I,FI009F,Jyväskylä,A,Annual,POP,Population,PS,Persons,_T,Total,_T,Total,_Z,Not applicable,FUA,FUA,_Z,Not applicable,2024,,192753,,A,Normal value,0,Units,0,Zero
DATAFLOW,OECD.CFE.EDS:DSD_FUA_DEMO@DF_AGE_SEX(1.2),Population by age and sex - Cities and FUAs,I,UK001F,London,A,Annual,POP,Population,PS,Persons,_T,Total,_T,Total,_Z,Not applicable,FUA,FUA,_Z,Not applicable,2024,,12666099,,A,Normal value,0,Units,0,Zero
DATAFLOW,OECD.CFE.EDS:DSD_FUA_DEMO@DF_AGE_SEX(1.2),Population by age and sex - Cities and FUAs,I,UK002F,West Midlands urban area,A,Annual,POP,Population,PS,Persons,_T,Total,_T,Total,_Z,Not applicable,FUA,FUA,_Z,Not applicable,2024,,3247941,,A,Normal value,0,Units,0,Zero
DATAFLOW,OECD.CFE.EDS:DSD_FUA_DEMO@DF_AGE_SEX(1.2),Population by age and sex - Cities and FUAs,I,UK003F,Leeds,A,Annual,POP,Population,PS,Persons,_T,Total,_T,Total,_Z,Not applicable,FUA,FUA,_Z,Not applicable,2024,,3070506,,A,Normal value,0,Units,0,Zero
DATAFLOW,OECD.CFE.EDS:DSD_FUA_DEMO@DF_AGE_SEX(1.2),Population by age and sex - Cities and FUAs,I,UK004F,Glasgow,A,Annual,POP,Population,PS,Persons,_T,Total,_T,Total,_Z,Not applicable,FUA,FUA,_Z,Not applicable,2024,,1895840,,A,Normal value,0,Units,0,Zero
DATAFLOW,OECD.CFE.EDS:DSD_FUA_DEMO@DF_AGE_SEX(1.2),Population by age and sex - Cities and FUAs,I,UK006F,Liverpool,A,Annual,POP,Population,PS,Persons,_T,Total,_T,Total,_Z,Not applicable,FUA,FUA,_Z,Not applicable,2024,,1597536,,A,Normal value,0,Units,0,Zero
DATAFLOW,OECD.CFE.EDS:DSD_FUA_DEMO@DF_AGE_SEX(1.2),Population by age and sex - Cities and FUAs,I,UK007F,Edinburgh,A,Annual,POP,Population,PS,Persons,_T,Total,_T,Total,_Z,Not applicable,FUA,FUA,_Z,Not applicable,2024,,932180,,A,Normal value,0,Units,0,Zero
DATAFLOW,OECD.CFE.EDS:DSD_FUA_DEMO@DF_AGE_SEX(1.2),Population by age and sex - Cities and FUAs,I,UK008F,Manchester,A,Annual,POP,Population,PS,Persons,_T,Total,_T,Total,_Z,Not applicable,FUA,FUA,_Z,Not applicable,2024,,3595966,,A,Normal value,0,Units,0,Zero
DATAFLOW,OECD.CFE.EDS:DSD_FUA_DEMO@DF_AGE_SEX(1.2),Population by age and sex - Cities and FUAs,I,UK009F,Cardiff,A,Annual,POP,Population,PS,Persons,_T,Total,_T,Total,_Z,Not applicable,FUA,FUA,_Z,Not applicable,2024,,939371,,A,Normal value,0,Units,0,Zero
DATAFLOW,OECD.CFE.EDS:DSD_FUA_DEMO@DF_AGE_SEX(1.2),Population by age and sex - Cities and FUAs,I,UK010F,Sheffield,A,Annual,POP,Population,PS,Persons,_T,Total,_T,Total,_Z,Not applicable,FUA,FUA,_Z,Not applicable,2024,,1217504,,A,Normal value,0,Units,0,Zero
DATAFLOW,OECD.CFE.EDS:DSD_FUA_DEMO@DF_AGE_SEX(1.2),Population by age and sex - Cities and FUAs,I,UK011F,Bristol,A,Annual,POP,Population,PS,Persons,_T,Total,_T,Total,_Z,Not applicable,FUA,FUA,_Z,Not applicable,2024,,1025309,,A,Normal value,0,Units,0,Zero
DATAFLOW,OECD.CFE.EDS:DSD_FUA_DEMO@DF_AGE_SEX(1.2),Population by age and sex - Cities and FUAs,I,UK012F,Belfast,A,Annual,POP,Population,PS,Persons,_T,Total,_T,Total,_Z,Not applicable,FUA,FUA,_Z,Not applicable,2024,,817574,,A,Normal value,0,Units,0,Zero
DATAFLOW,OECD.CFE.EDS:DSD_FUA_DEMO@DF_AGE_SEX(1.2),Population by age and sex - Cities and FUAs,I,UK013F,Newcastle upon Tyne,A,Annual,POP,Population,PS,Persons,_T,Total,_T,Total,_Z,Not applicable,FUA,FUA,_Z,Not applicable,2024,,1221203,,A,Normal value,0,Units,0,Zero
DATAFLOW,OECD.CFE.EDS:DSD_FUA_DEMO@DF_AGE_SEX(1.2),Population by age and sex - Cities and FUAs,I,UK014F,Leicester,A,Annual,POP,Population,PS,Persons,_T,Total,_T,Total,_Z,Not applicable,FUA,FUA,_Z,Not applicable,2024,,967988,,A,Normal value,0,Units,0,Zero
DATAFLOW,OECD.CFE.EDS:DSD_FUA_DEMO@DF_AGE_SEX(1.2),Population by age and sex - Cities and FUAs,I,UK016F,Aberdeen,A,Annual,POP,Population,PS,Persons,_T,Total,_T,Total,_Z,Not applicable,FUA,FUA,_Z,Not applicable,2024,,496860,,A,Normal value,0,Units,0,Zero
DATAFLOW,OECD.CFE.EDS:DSD_FUA_DEMO@DF_AGE_SEX(1.2),Population by age and sex - Cities and FUAs,I,UK017F,Cambridge,A,Annual,POP,Population,PS,Persons,_T,Total,_T,Total,_Z,Not applicable,FUA,FUA,_Z,Not applicable,2024,,414802,,A,Normal value,0,Units,0,Zero
DATAFLOW,OECD.CFE.EDS:DSD_FUA_DEMO@DF_AGE_SEX(1.2),Population by age and sex - Cities and FUAs,I,UK018F,Exeter,A,Annual,POP,Population,PS,Persons,_T,Total,_T,Total,_Z,Not applicable,FUA,FUA,_Z,Not applicable,2024,,520179,,A,Normal value,0,Units,0,Zero
DATAFLOW,OECD.CFE.EDS:DSD_FUA_DEMO@DF_AGE_SEX(1.2),Population by age and sex - Cities and FUAs,I,UK019F,Lincoln,A,Annual,POP,Population,PS,Persons,_T,Total,_T,Total,_Z,Not applicable,FUA,FUA,_Z,Not applicable,2024,,326790,,A,Normal value,0,Units,0,Zero
DATAFLOW,OECD.CFE.EDS:DSD_FUA_DEMO@DF_AGE_SEX(1.2),Population by age and sex - Cities and FUAs,I,UK021F,Stevenage,A,Annual,POP,Population,PS,Persons,_T,Total,_T,Total,_Z,Not applicable,FUA,FUA,_Z,Not applicable,2024,,91774,,A,Normal value,0,Units,0,Zero
DATAFLOW,OECD.CFE.EDS:DSD_FUA_DEMO@DF_AGE_SEX(1.2),Population by age and sex - Cities and FUAs,I,UK022F,Wrexham,A,Annual,POP,Population,PS,Persons,_T,Total,_T,Total,_Z,Not applicable,FUA,FUA,_Z,Not applicable,2024,,138245,,A,Normal value,0,Units,0,Zero
DATAFLOW,OECD.CFE.EDS:DSD_FUA_DEMO@DF_AGE_SEX(1.2),Population by age and sex - Cities and FUAs,I,UK023F,Portsmouth,A,Annual,POP,Population,PS,Persons,_T,Total,_T,Total,_Z,Not applicable,FUA,FUA,_Z,Not applicable,2024,,539655,,A,Normal value,0,Units,0,Zero
DATAFLOW,OECD.CFE.EDS:DSD_FUA_DEMO@DF_AGE_SEX(1.2),Population by age and sex - Cities and FUAs,I,UK024F,Worcester,A,Annual,POP,Population,PS,Persons,_T,Total,_T,Total,_Z,Not applicable,FUA,FUA,_Z,Not applicable,2024,,189898,,A,Normal value,0,Units,0,Zero
DATAFLOW,OECD.CFE.EDS:DSD_FUA_DEMO@DF_AGE_SEX(1.2),Population by age and sex - Cities and FUAs,I,UK025F,Coventry,A,Annual,POP,Population,PS,Persons,_T,Total,_T,Total,_Z,Not applicable,FUA,FUA,_Z,Not applicable,2024,,787858,,A,Normal value,0,Units,0,Zero
DATAFLOW,OECD.CFE.EDS:DSD_FUA_DEMO@DF_AGE_SEX(1.2),Population by age and sex - Cities and FUAs,I,UK026F,Kingston upon Hull,A,Annual,POP,Population,PS,Persons,_T,Total,_T,Total,_Z,Not applicable,FUA,FUA,_Z,Not applicable,2024,,631285,,A,Normal value,0,Units,0,Zero
DATAFLOW,OECD.CFE.EDS:DSD_FUA_DEMO@DF_AGE_SEX(1.2),Population by age and sex - Cities and FUAs,I,UK027F,Stoke-on-Trent,A,Annual,POP,Population,PS,Persons,_T,Total,_T,Total,_Z,Not applicable,FUA,FUA,_Z,Not applicable,2024,,494803,,A,Normal value,0,Units,0,Zero
DATAFLOW,OECD.CFE.EDS:DSD_FUA_DEMO@DF_AGE_SEX(1.2),Population by age and sex - Cities and FUAs,I,UK029F,Nottingham,A,Annual,POP,Population,PS,Persons,_T,Total,_T,Total,_Z,Not applicable,FUA,FUA,_Z,Not applicable,2024,,936382,,A,Normal value,0,Units,0,Zero
DATAFLOW,OECD.CFE.EDS:DSD_FUA_DEMO@DF_AGE_SEX(1.2),Population by age and sex - Cities and FUAs,I,UK031F,Bath and North East Somerset,A,Annual,POP,Population,PS,Persons,_T,Total,_T,Total,_Z,Not applicable,FUA,FUA,_Z,Not applicable,2024,,200028,,A,Normal value,0,Units,0,Zero
DATAFLOW,OECD.CFE.EDS:DSD_FUA_DEMO@DF_AGE_SEX(1.2),Population by age and sex - Cities and FUAs,I,UK033F,Guildford,A,Annual,POP,Population,PS,Persons,_T,Total,_T,Total,_Z,Not applicable,FUA,FUA,_Z,Not applicable,2024,,285643,,A,Normal value,0,Units,0,Zero
DATAFLOW,OECD.CFE.EDS:DSD_FUA_DEMO@DF_AGE_SEX(1.2),Population by age and sex - Cities and FUAs,I,UK034F,Thanet,A,Annual,POP,Population,PS,Persons,_T,Total,_T,Total,_Z,Not applicable,FUA,FUA,_Z,Not applicable,2024,,142691,,A,Normal value,0,Units,0,Zero
DATAFLOW,OECD.CFE.EDS:DSD_FUA_DEMO@DF_AGE_SEX(1.2),Population by age and sex - Cities and FUAs,I,UK041F,Ashford,A,Annual,POP,Population,PS,Persons,_T,Total,_T,Total,_Z,Not applicable,FUA,FUA,_Z,Not applicable,2024,,140936,,A,Normal value,0,Units,0,Zero
DATAFLOW,OECD.CFE.EDS:DSD_FUA_DEMO@DF_AGE_SEX(1.2),Population by age and sex - Cities and FUAs,I,UK043F,East Staffordshire,A,Annual,POP,Population,PS,Persons,_T,Total,_T,Total,_Z,Not applicable,FUA,FUA,_Z,Not applicable,2024,,129659,,A,Normal value,0,Units,0,Zero
DATAFLOW,OECD.CFE.EDS:DSD_FUA_DEMO@DF_AGE_SEX(1.2),Population by age and sex - Cities and FUAs,I,UK044F,Darlington,A,Annual,POP,Population,PS,Persons,_T,Total,_T,Total,_Z,Not applicable,FUA,FUA,_Z,Not applicable,2024,,112489,,A,Normal value,0,Units,0,Zero
DATAFLOW,OECD.CFE.EDS:DSD_FUA_DEMO@DF_AGE_SEX(1.2),Population by age and sex - Cities and FUAs,I,UK045F,Worthing,A,Annual,POP,Population,PS,Persons,_T,Total,_T,Total,_Z,Not applicable,FUA,FUA,_Z,Not applicable,2024,,113866,,A,Normal value,0,Units,0,Zero
DATAFLOW,OECD.CFE.EDS:DSD_FUA_DEMO@DF_AGE_SEX(1.2),Population by age and sex - Cities and FUAs,I,UK046F,Mansfield,A,Annual,POP,Population,PS,Persons,_T,Total,_T,Total,_Z,Not applicable,FUA,FUA,_Z,Not applicable,2024,,113138,,A,Normal value,0,Units,0,Zero
DATAFLOW,OECD.CFE.EDS:DSD_FUA_DEMO@DF_AGE_SEX(1.2),Population by age and sex - Cities and FUAs,I,UK047F,Chesterfield,A,Annual,POP,Population,PS,Persons,_T,Total,_T,Total,_Z,Not applicable,FUA,FUA,_Z,Not applicable,2024,,106045,,A,Normal value,0,Units,0,Zero
DATAFLOW,OECD.CFE.EDS:DSD_FUA_DEMO@DF_AGE_SEX(1.2),Population by age and sex - Cities and FUAs,I,UK050F,Burnley,A,Annual,POP,Population,PS,Persons,_T,Total,_T,Total,_Z,Not applicable,FUA,FUA,_Z,Not applicable,2024,,199010,,A,Normal value,0,Units,0,Zero
DATAFLOW,OECD.CFE.EDS:DSD_FUA_DEMO@DF_AGE_SEX(1.2),Population by age and sex - Cities and FUAs,I,UK051F,Great Yarmouth,A,Annual,POP,Population,PS,Persons,_T,Total,_T,Total,_Z,Not applicable,FUA,FUA,_Z,Not applicable,2024,,100529,,A,Normal value,0,Units,0,Zero
DATAFLOW,OECD.CFE.EDS:DSD_FUA_DEMO@DF_AGE_SEX(1.2),Population by age and sex - Cities and FUAs,I,UK055F,Eastbourne,A,Annual,POP,Population,PS,Persons,_T,Total,_T,Total,_Z,Not applicable,FUA,FUA,_Z,Not applicable,2024,,104259,,A,Normal value,0,Units,0,Zero
DATAFLOW,OECD.CFE.EDS:DSD_FUA_DEMO@DF_AGE_SEX(1.2),Population by age and sex - Cities and FUAs,I,UK056F,Hastings,A,Annual,POP,Population,PS,Persons,_T,Total,_T,Total,_Z,Not applicable,FUA,FUA,_Z,Not applicable,2024,,187352,,A,Normal value,0,Units,0,Zero
DATAFLOW,OECD.CFE.EDS:DSD_FUA_DEMO@DF_AGE_SEX(1.2),Population by age and sex - Cities and FUAs,I,UK059F,Redditch,A,Annual,POP,Population,PS,Persons,_T,Total,_T,Total,_Z,Not applicable,FUA,FUA,_Z,Not applicable,2024,,87847,,A,Normal value,0,Units,0,Zero
DATAFLOW,OECD.CFE.EDS:DSD_FUA_DEMO@DF_AGE_SEX(1.2),Population by age and sex - Cities and FUAs,I,UK062F,Halton,A,Annual,POP,Population,PS,Persons,_T,Total,_T,Total,_Z,Not applicable,FUA,FUA,_Z,Not applicable,2024,,131543,,A,Normal value,0,Units,0,Zero
DATAFLOW,OECD.CFE.EDS:DSD_FUA_DEMO@DF_AGE_SEX(1.2),Population by age and sex - Cities and FUAs,I,UK506F,Doncaster,A,Annual,POP,Population,PS,Persons,_T,Total,_T,Total,_Z,Not applicable,FUA,FUA,_Z,Not applicable,2024,,319765,,A,Normal value,0,Units,0,Zero
DATAFLOW,OECD.CFE.EDS:DSD_FUA_DEMO@DF_AGE_SEX(1.2),Population by age and sex - Cities and FUAs,I,UK510F,Sunderland,A,Annual,POP,Population,PS,Persons,_T,Total,_T,Total,_Z,Not applicable,FUA,FUA,_Z,Not applicable,2024,,288606,,A,Normal value,0,Units,0,Zero
DATAFLOW,OECD.CFE.EDS:DSD_FUA_DEMO@DF_AGE_SEX(1.2),Population by age and sex - Cities and FUAs,I,UK513F,Medway,A,Annual,POP,Population,PS,Persons,_T,Total,_T,Total,_Z,Not applicable,FUA,FUA,_Z,Not applicable,2024,,292655,,A,Normal value,0,Units,0,Zero
DATAFLOW,OECD.CFE.EDS:DSD_FUA_DEMO@DF_AGE_SEX(1.2),Population by age and sex - Cities and FUAs,I,UK515F,Brighton and Hove,A,Annual,POP,Population,PS,Persons,_T,Total,_T,Total,_Z,Not applicable,FUA,FUA,_Z,Not applicable,2024,,451122,,A,Normal value,0,Units,0,Zero
DATAFLOW,OECD.CFE.EDS:DSD_FUA_DEMO@DF_AGE_SEX(1.2),Population by age and sex - Cities and FUAs,I,UK516F,Plymouth,A,Annual,POP,Population,PS,Persons,_T,Total,_T,Total,_Z,Not applicable,FUA,FUA,_Z,Not applicable,2024,,423138,,A,Normal value,0,Units,0,Zero
DATAFLOW,OECD.CFE.EDS:DSD_FUA_DEMO@DF_AGE_SEX(1.2),Population by age and sex - Cities and FUAs,I,UK517F,Swansea,A,Annual,POP,Population,PS,Persons,_T,Total,_T,Total,_Z,Not applicable,FUA,FUA,_Z,Not applicable,2024,,394553,,A,Normal value,0,Units,0,Zero
DATAFLOW,OECD.CFE.EDS:DSD_FUA_DEMO@DF_AGE_SEX(1.2),Population by age and sex - Cities and FUAs,I,UK518F,Derby,A,Annual,POP,Population,PS,Persons,_T,Total,_T,Total,_Z,Not applicable,FUA,FUA,_Z,Not applicable,2024,,522093,,A,Normal value,0,Units,0,Zero
DATAFLOW,OECD.CFE.EDS:DSD_FUA_DEMO@DF_AGE_SEX(1.2),Population by age and sex - Cities and FUAs,I,UK520F,Southampton,A,Annual,POP,Population,PS,Persons,_T,Total,_T,Total,_Z,Not applicable,FUA,FUA,_Z,Not applicable,2024,,713674,,A,Normal value,0,Units,0,Zero
DATAFLOW,OECD.CFE.EDS:DSD_FUA_DEMO@DF_AGE_SEX(1.2),Population by age and sex - Cities and FUAs,I,UK525F,Milton Keynes,A,Annual,POP,Population,PS,Persons,_T,Total,_T,Total,_Z,Not applicable,FUA,FUA,_Z,Not applicable,2024,,305884,,A,Normal value,0,Units,0,Zero
DATAFLOW,OECD.CFE.EDS:DSD_FUA_DEMO@DF_AGE_SEX(1.2),Population by age and sex - Cities and FUAs,I,UK528F,Northampton,A,Annual,POP,Population,PS,Persons,_T,Total,_T,Total,_Z,Not applicable,FUA,FUA,_Z,Not applicable,2024,,439811,,A,Normal value,0,Units,0,Zero
DATAFLOW,OECD.CFE.EDS:DSD_FUA_DEMO@DF_AGE_SEX(1.2),Population by age and sex - Cities and FUAs,I,UK531F,Warrington,A,Annual,POP,Population,PS,Persons,_T,Total,_T,Total,_Z,Not applicable,FUA,FUA,_Z,Not applicable,2024,,215391,,A,Normal value,0,Units,0,Zero
DATAFLOW,OECD.CFE.EDS:DSD_FUA_DEMO@DF_AGE_SEX(1.2),Population by age and sex - Cities and FUAs,I,UK532F,Luton,A,Annual,POP,Population,PS,Persons,_T,Total,_T,Total,_Z,Not applicable,FUA,FUA,_Z,Not applicable,2024,,239090,,A,Normal value,0,Units,0,Zero
DATAFLOW,OECD.CFE.EDS:DSD_FUA_DEMO@DF_AGE_SEX(1.2),Population by age and sex - Cities and FUAs,I,UK533F,York,A,Annual,POP,Population,PS,Persons,_T,Total,_T,Total,_Z,Not applicable,FUA,FUA,_Z,Not applicable,2024,,209301,,A,Normal value,0,Units,0,Zero
DATAFLOW,OECD.CFE.EDS:DSD_FUA_DEMO@DF_AGE_SEX(1.2),Population by age and sex - Cities and FUAs,I,UK535F,Swindon,A,Annual,POP,Population,PS,Persons,_T,Total,_T,Total,_Z,Not applicable,FUA,FUA,_Z,Not applicable,2024,,243875,,A,Normal value,0,Units,0,Zero
DATAFLOW,OECD.CFE.EDS:DSD_FUA_DEMO@DF_AGE_SEX(1.2),Population by age and sex - Cities and FUAs,I,UK539F,Bournemouth,A,Annual,POP,Population,PS,Persons,_T,Total,_T,Total,_Z,Not applicable,FUA,FUA,_Z,Not applicable,2024,,408967,,A,Normal value,0,Units,0,Zero
DATAFLOW,OECD.CFE.EDS:DSD_FUA_DEMO@DF_AGE_SEX(1.2),Population by age and sex - Cities and FUAs,I,UK542F,Telford and Wrekin,A,Annual,POP,Population,PS,Persons,_T,Total,_T,Total,_Z,Not applicable,FUA,FUA,_Z,Not applicable,2024,,195952,,A,Normal value,0,Units,0,Zero
DATAFLOW,OECD.CFE.EDS:DSD_FUA_DEMO@DF_AGE_SEX(1.2),Population by age and sex - Cities and FUAs,I,UK543F,North East Lincolnshire,A,Annual,POP,Population,PS,Persons,_T,Total,_T,Total,_Z,Not applicable,FUA,FUA,_Z,Not applicable,2024,,159911,,A,Normal value,0,Units,0,Zero
DATAFLOW,OECD.CFE.EDS:DSD_FUA_DEMO@DF_AGE_SEX(1.2),Population by age and sex - Cities and FUAs,I,UK545F,Peterborough,A,Annual,POP,Population,PS,Persons,_T,Total,_T,Total,_Z,Not applicable,FUA,FUA,_Z,Not applicable,2024,,223655,,A,Normal value,0,Units,0,Zero
DATAFLOW,OECD.CFE.EDS:DSD_FUA_DEMO@DF_AGE_SEX(1.2),Population by age and sex - Cities and FUAs,I,UK546F,Colchester,A,Annual,POP,Population,PS,Persons,_T,Total,_T,Total,_Z,Not applicable,FUA,FUA,_Z,Not applicable,2024,,356981,,A,Normal value,0,Units,0,Zero
DATAFLOW,OECD.CFE.EDS:DSD_FUA_DEMO@DF_AGE_SEX(1.2),Population by age and sex - Cities and FUAs,I,UK548F,Basingstoke and Deane,A,Annual,POP,Population,PS,Persons,_T,Total,_T,Total,_Z,Not applicable,FUA,FUA,_Z,Not applicable,2024,,193110,,A,Normal value,0,Units,0,Zero
DATAFLOW,OECD.CFE.EDS:DSD_FUA_DEMO@DF_AGE_SEX(1.2),Population by age and sex - Cities and FUAs,I,UK549F,Bedford,A,Annual,POP,Population,PS,Persons,_T,Total,_T,Total,_Z,Not applicable,FUA,FUA,_Z,Not applicable,2024,,194976,,A,Normal value,0,Units,0,Zero
DATAFLOW,OECD.CFE.EDS:DSD_FUA_DEMO@DF_AGE_SEX(1.2),Population by age and sex - Cities and FUAs,I,UK550F,Dundee City,A,Annual,POP,Population,PS,Persons,_T,Total,_T,Total,_Z,Not applicable,FUA,FUA,_Z,Not applicable,2024,,264690,,A,Normal value,0,Units,0,Zero
DATAFLOW,OECD.CFE.EDS:DSD_FUA_DEMO@DF_AGE_SEX(1.2),Population by age and sex - Cities and FUAs,I,UK551F,Falkirk,A,Annual,POP,Population,PS,Persons,_T,Total,_T,Total,_Z,Not applicable,FUA,FUA,_Z,Not applicable,2024,,160020,,A,Normal value,0,Units,0,Zero
DATAFLOW,OECD.CFE.EDS:DSD_FUA_DEMO@DF_AGE_SEX(1.2),Population by age and sex - Cities and FUAs,I,UK552F,Reading,A,Annual,POP,Population,PS,Persons,_T,Total,_T,Total,_Z,Not applicable,FUA,FUA,_Z,Not applicable,2024,,370107,,A,Normal value,0,Units,0,Zero
DATAFLOW,OECD.CFE.EDS:DSD_FUA_DEMO@DF_AGE_SEX(1.2),Population by age and sex - Cities and FUAs,I,UK553F,Blackpool,A,Annual,POP,Population,PS,Persons,_T,Total,_T,Total,_Z,Not applicable,FUA,FUA,_Z,Not applicable,2024,,348381,,A,Normal value,0,Units,0,Zero
DATAFLOW,OECD.CFE.EDS:DSD_FUA_DEMO@DF_AGE_SEX(1.2),Population by age and sex - Cities and FUAs,I,UK554F,Maidstone,A,Annual,POP,Population,PS,Persons,_T,Total,_T,Total,_Z,Not applicable,FUA,FUA,_Z,Not applicable,2024,,187767,,A,Normal value,0,Units,0,Zero
DATAFLOW,OECD.CFE.EDS:DSD_FUA_DEMO@DF_AGE_SEX(1.2),Population by age and sex - Cities and FUAs,I,UK556F,Dacorum,A,Annual,POP,Population,PS,Persons,_T,Total,_T,Total,_Z,Not applicable,FUA,FUA,_Z,Not applicable,2024,,161420,,A,Normal value,0,Units,0,Zero
DATAFLOW,OECD.CFE.EDS:DSD_FUA_DEMO@DF_AGE_SEX(1.2),Population by age and sex - Cities and FUAs,I,UK557F,Blackburn with Darwen,A,Annual,POP,Population,PS,Persons,_T,Total,_T,Total,_Z,Not applicable,FUA,FUA,_Z,Not applicable,2024,,314392,,A,Normal value,0,Units,0,Zero
DATAFLOW,OECD.CFE.EDS:DSD_FUA_DEMO@DF_AGE_SEX(1.2),Population by age and sex - Cities and FUAs,I,UK558F,Newport,A,Annual,POP,Population,PS,Persons,_T,Total,_T,Total,_Z,Not applicable,FUA,FUA,_Z,Not applicable,2024,,262018,,A,Normal value,0,Units,0,Zero
DATAFLOW,OECD.CFE.EDS:DSD_FUA_DEMO@DF_AGE_SEX(1.2),Population by age and sex - Cities and FUAs,I,UK559F,Middlesbrough,A,Annual,POP,Population,PS,Persons,_T,Total,_T,Total,_Z,Not applicable,FUA,FUA,_Z,Not applicable,2024,,600369,,A,Normal value,0,Units,0,Zero
DATAFLOW,OECD.CFE.EDS:DSD_FUA_DEMO@DF_AGE_SEX(1.2),Population by age and sex - Cities and FUAs,I,UK560F,Oxford,A,Annual,POP,Population,PS,Persons,_T,Total,_T,Total,_Z,Not applicable,FUA,FUA,_Z,Not applicable,2024,,606748,,A,Normal value,0,Units,0,Zero
DATAFLOW,OECD.CFE.EDS:DSD_FUA_DEMO@DF_AGE_SEX(1.2),Population by age and sex - Cities and FUAs,I,UK561F,Torbay,A,Annual,POP,Population,PS,Persons,_T,Total,_T,Total,_Z,Not applicable,FUA,FUA,_Z,Not applicable,2024,,140126,,A,Normal value,0,Units,0,Zero
DATAFLOW,OECD.CFE.EDS:DSD_FUA_DEMO@DF_AGE_SEX(1.2),Population by age and sex - Cities and FUAs,I,UK562F,Preston,A,Annual,POP,Population,PS,Persons,_T,Total,_T,Total,_Z,Not applicable,FUA,FUA,_Z,Not applicable,2024,,278977,,A,Normal value,0,Units,0,Zero
DATAFLOW,OECD.CFE.EDS:DSD_FUA_DEMO@DF_AGE_SEX(1.2),Population by age and sex - Cities and FUAs,I,UK566F,Norwich,A,Annual,POP,Population,PS,Persons,_T,Total,_T,Total,_Z,Not applicable,FUA,FUA,_Z,Not applicable,2024,,433787,,A,Normal value,0,Units,0,Zero
DATAFLOW,OECD.CFE.EDS:DSD_FUA_DEMO@DF_AGE_SEX(1.2),Population by age and sex - Cities and FUAs,I,UK567F,Slough,A,Annual,POP,Population,PS,Persons,_T,Total,_T,Total,_Z,Not applicable,FUA,FUA,_Z,Not applicable,2024,,167359,,A,Normal value,0,Units,0,Zero
DATAFLOW,OECD.CFE.EDS:DSD_FUA_DEMO@DF_AGE_SEX(1.2),Population by age and sex - Cities and FUAs,I,UK568F,Cheshire West and Chester,A,Annual,POP,Population,PS,Persons,_T,Total,_T,Total,_Z,Not applicable,FUA,FUA,_Z,Not applicable,2024,,527519,,A,Normal value,0,Units,0,Zero
DATAFLOW,OECD.CFE.EDS:DSD_FUA_DEMO@DF_AGE_SEX(1.2),Population by age and sex - Cities and FUAs,I,UK569F,Ipswich,A,Annual,POP,Population,PS,Persons,_T,Total,_T,Total,_Z,Not applicable,FUA,FUA,_Z,Not applicable,2024,,486971,,A,Normal value,0,Units,0,Zero
DATAFLOW,OECD.CFE.EDS:DSD_FUA_DEMO@DF_AGE_SEX(1.2),Population by age and sex - Cities and FUAs,I,UK571F,Cheltenham,A,Annual,POP,Population,PS,Persons,_T,Total,_T,Total,_Z,Not applicable,FUA,FUA,_Z,Not applicable,2024,,223688,,A,Normal value,0,Units,0,Zero
DATAFLOW,OECD.CFE.EDS:DSD_FUA_DEMO@DF_AGE_SEX(1.2),Population by age and sex - Cities and FUAs,I,UK572F,Gloucester,A,Annual,POP,Population,PS,Persons,_T,Total,_T,Total,_Z,Not applicable,FUA,FUA,_Z,Not applicable,2024,,138598,,A,Normal value,0,Units,0,Zero
DATAFLOW,OECD.CFE.EDS:DSD_FUA_DEMO@DF_AGE_SEX(1.2),Population by age and sex - Cities and FUAs,I,UK573F,Bracknell Forest,A,Annual,POP,Population,PS,Persons,_T,Total,_T,Total,_Z,Not applicable,FUA,FUA,_Z,Not applicable,2024,,130806,,A,Normal value,0,Units,0,Zero
DATAFLOW,OECD.CFE.EDS:DSD_FUA_DEMO@DF_AGE_SEX(1.2),Population by age and sex - Cities and FUAs,I,UK576F,Crawley,A,Annual,POP,Population,PS,Persons,_T,Total,_T,Total,_Z,Not applicable,FUA,FUA,_Z,Not applicable,2024,,124008,,A,Normal value,0,Units,0,Zero
DATAFLOW,OECD.CFE.EDS:DSD_FUA_DEMO@DF_AGE_SEX(1.2),Population by age and sex - Cities and FUAs,I,UK580F,Rushmoor,A,Annual,POP,Population,PS,Persons,_T,Total,_T,Total,_Z,Not applicable,FUA,FUA,_Z,Not applicable,2024,,105751,,A,Normal value,0,Units,0,Zero
DATAFLOW,OECD.CFE.EDS:DSD_FUA_DEMO@DF_AGE_SEX(1.2),Population by age and sex - Cities and FUAs,I,UK586F,Derry & Strabane Local Government District,A,Annual,POP,Population,PS,Persons,_T,Total,_T,Total,_Z,Not applicable,FUA,FUA,_Z,Not applicable,2024,,152383,,A,Normal value,0,Units,0,Zero
DATAFLOW,OECD.CFE.EDS:DSD_FUA_DEMO@DF_AGE_SEX(1.2),Population by age and sex - Cities and FUAs,I,HU001F,Budapest,A,Annual,POP,Population,PS,Persons,_T,Total,_T,Total,_Z,Not applicable,FUA,FUA,_Z,Not applicable,2024,,3052201,,A,Normal value,0,Units,0,Zero
DATAFLOW,OECD.CFE.EDS:DSD_FUA_DEMO@DF_AGE_SEX(1.2),Population by age and sex - Cities and FUAs,I,HU002F,Miskolc,A,Annual,POP,Population,PS,Persons,_T,Total,_T,Total,_Z,Not applicable,FUA,FUA,_Z,Not applicable,2024,,337934,,A,Normal value,0,Units,0,Zero
DATAFLOW,OECD.CFE.EDS:DSD_FUA_DEMO@DF_AGE_SEX(1.2),Population by age and sex - Cities and FUAs,I,HU003F,Nyíregyháza,A,Annual,POP,Population,PS,Persons,_T,Total,_T,Total,_Z,Not applicable,FUA,FUA,_Z,Not applicable,2024,,235448,,A,Normal value,0,Units,0,Zero
DATAFLOW,OECD.CFE.EDS:DSD_FUA_DEMO@DF_AGE_SEX(1.2),Population by age and sex - Cities and FUAs,I,HU004F,Pécs,A,Annual,POP,Population,PS,Persons,_T,Total,_T,Total,_Z,Not applicable,FUA,FUA,_Z,Not applicable,2024,,263259,,A,Normal value,0,Units,0,Zero
DATAFLOW,OECD.CFE.EDS:DSD_FUA_DEMO@DF_AGE_SEX(1.2),Population by age and sex - Cities and FUAs,I,HU005F,Debrecen,A,Annual,POP,Population,PS,Persons,_T,Total,_T,Total,_Z,Not applicable,FUA,FUA,_Z,Not applicable,2024,,404076,,A,Normal value,0,Units,0,Zero
DATAFLOW,OECD.CFE.EDS:DSD_FUA_DEMO@DF_AGE_SEX(1.2),Population by age and sex - Cities and FUAs,I,HU006F,Szeged,A,Annual,POP,Population,PS,Persons,_T,Total,_T,Total,_Z,Not applicable,FUA,FUA,_Z,Not applicable,2024,,243984,,A,Normal value,0,Units,0,Zero
DATAFLOW,OECD.CFE.EDS:DSD_FUA_DEMO@DF_AGE_SEX(1.2),Population by age and sex - Cities and FUAs,I,HU007F,Gyõr,A,Annual,POP,Population,PS,Persons,_T,Total,_T,Total,_Z,Not applicable,FUA,FUA,_Z,Not applicable,2024,,258218,,A,Normal value,0,Units,0,Zero
DATAFLOW,OECD.CFE.EDS:DSD_FUA_DEMO@DF_AGE_SEX(1.2),Population by age and sex - Cities and FUAs,I,HU008F,Kecskemét,A,Annual,POP,Population,PS,Persons,_T,Total,_T,Total,_Z,Not applicable,FUA,FUA,_Z,Not applicable,2024,,222324,,A,Normal value,0,Units,0,Zero
DATAFLOW,OECD.CFE.EDS:DSD_FUA_DEMO@DF_AGE_SEX(1.2),Population by age and sex - Cities and FUAs,I,HU009F,Székesfehérvár,A,Annual,POP,Population,PS,Persons,_T,Total,_T,Total,_Z,Not applicable,FUA,FUA,_Z,Not applicable,2024,,256676,,A,Normal value,0,Units,0,Zero
DATAFLOW,OECD.CFE.EDS:DSD_FUA_DEMO@DF_AGE_SEX(1.2),Population by age and sex - Cities and FUAs,I,HU010F,Szombathely,A,Annual,POP,Population,PS,Persons,_T,Total,_T,Total,_Z,Not applicable,FUA,FUA,_Z,Not applicable,2024,,164955,,A,Normal value,0,Units,0,Zero
DATAFLOW,OECD.CFE.EDS:DSD_FUA_DEMO@DF_AGE_SEX(1.2),Population by age and sex - Cities and FUAs,I,HU012F,Tatabánya,A,Annual,POP,Population,PS,Persons,_T,Total,_T,Total,_Z,Not applicable,FUA,FUA,_Z,Not applicable,2024,,140063,,A,Normal value,0,Units,0,Zero
DATAFLOW,OECD.CFE.EDS:DSD_FUA_DEMO@DF_AGE_SEX(1.2),Population by age and sex - Cities and FUAs,I,HU019F,Sopron,A,Annual,POP,Population,PS,Persons,_T,Total,_T,Total,_Z,Not applicable,FUA,FUA,_Z,Not applicable,2024,,99787,,A,Normal value,0,Units,0,Zero
DATAFLOW,OECD.CFE.EDS:DSD_FUA_DEMO@DF_AGE_SEX(1.2),Population by age and sex - Cities and FUAs,I,IS001F,Reykjavík,A,Annual,POP,Population,PS,Persons,_T,Total,_T,Total,_Z,Not applicable,FUA,FUA,_Z,Not applicable,2024,,246404,,A,Normal value,0,Units,0,Zero
DATAFLOW,OECD.CFE.EDS:DSD_FUA_DEMO@DF_AGE_SEX(1.2),Population by age and sex - Cities and FUAs,I,IT001F,Roma,A,Annual,POP,Population,PS,Persons,_T,Total,_T,Total,_Z,Not applicable,FUA,FUA,_Z,Not applicable,2024,,4383028,,A,Normal value,0,Units,0,Zero
DATAFLOW,OECD.CFE.EDS:DSD_FUA_DEMO@DF_AGE_SEX(1.2),Population by age and sex - Cities and FUAs,I,IT002F,Milano,A,Annual,POP,Population,PS,Persons,_T,Total,_T,Total,_Z,Not applicable,FUA,FUA,_Z,Not applicable,2024,,5071150,,A,Normal value,0,Units,0,Zero
DATAFLOW,OECD.CFE.EDS:DSD_FUA_DEMO@DF_AGE_SEX(1.2),Population by age and sex - Cities and FUAs,I,IT003F,Napoli,A,Annual,POP,Population,PS,Persons,_T,Total,_T,Total,_Z,Not applicable,FUA,FUA,_Z,Not applicable,2024,,3378532,,A,Normal value,0,Units,0,Zero
DATAFLOW,OECD.CFE.EDS:DSD_FUA_DEMO@DF_AGE_SEX(1.2),Population by age and sex - Cities and FUAs,I,IT004F,Torino,A,Annual,POP,Population,PS,Persons,_T,Total,_T,Total,_Z,Not applicable,FUA,FUA,_Z,Not applicable,2024,,1776003,,A,Normal value,0,Units,0,Zero
DATAFLOW,OECD.CFE.EDS:DSD_FUA_DEMO@DF_AGE_SEX(1.2),Population by age and sex - Cities and FUAs,I,IT005F,Palermo,A,Annual,POP,Population,PS,Persons,_T,Total,_T,Total,_Z,Not applicable,FUA,FUA,_Z,Not applicable,2024,,993319,,A,Normal value,0,Units,0,Zero
DATAFLOW,OECD.CFE.EDS:DSD_FUA_DEMO@DF_AGE_SEX(1.2),Population by age and sex - Cities and FUAs,I,IT006F,Genova,A,Annual,POP,Population,PS,Persons,_T,Total,_T,Total,_Z,Not applicable,FUA,FUA,_Z,Not applicable,2024,,685380,,A,Normal value,0,Units,0,Zero
DATAFLOW,OECD.CFE.EDS:DSD_FUA_DEMO@DF_AGE_SEX(1.2),Population by age and sex - Cities and FUAs,I,IT007F,Firenze,A,Annual,POP,Population,PS,Persons,_T,Total,_T,Total,_Z,Not applicable,FUA,FUA,_Z,Not applicable,2024,,792929,,A,Normal value,0,Units,0,Zero
DATAFLOW,OECD.CFE.EDS:DSD_FUA_DEMO@DF_AGE_SEX(1.2),Population by age and sex - Cities and FUAs,I,IT008F,Bari,A,Annual,POP,Population,PS,Persons,_T,Total,_T,Total,_Z,Not applicable,FUA,FUA,_Z,Not applicable,2024,,684089,,A,Normal value,0,Units,0,Zero
DATAFLOW,OECD.CFE.EDS:DSD_FUA_DEMO@DF_AGE_SEX(1.2),Population by age and sex - Cities and FUAs,I,IT009F,Bologna,A,Annual,POP,Population,PS,Persons,_T,Total,_T,Total,_Z,Not applicable,FUA,FUA,_Z,Not applicable,2024,,867584,,A,Normal value,0,Units,0,Zero
DATAFLOW,OECD.CFE.EDS:DSD_FUA_DEMO@DF_AGE_SEX(1.2),Population by age and sex - Cities and FUAs,I,IT010F,Catania,A,Annual,POP,Population,PS,Persons,_T,Total,_T,Total,_Z,Not applicable,FUA,FUA,_Z,Not applicable,2024,,826116,,A,Normal value,0,Units,0,Zero
DATAFLOW,OECD.CFE.EDS:DSD_FUA_DEMO@DF_AGE_SEX(1.2),Population by age and sex - Cities and FUAs,I,IT011F,Venezia,A,Annual,POP,Population,PS,Persons,_T,Total,_T,Total,_Z,Not applicable,FUA,FUA,_Z,Not applicable,2024,,545496,,A,Normal value,0,Units,0,Zero
DATAFLOW,OECD.CFE.EDS:DSD_FUA_DEMO@DF_AGE_SEX(1.2),Population by age and sex - Cities and FUAs,I,IT012F,Verona,A,Annual,POP,Population,PS,Persons,_T,Total,_T,Total,_Z,Not applicable,FUA,FUA,_Z,Not applicable,2024,,559770,,A,Normal value,0,Units,0,Zero
DATAFLOW,OECD.CFE.EDS:DSD_FUA_DEMO@DF_AGE_SEX(1.2),Population by age and sex - Cities and FUAs,I,IT013F,Cremona,A,Annual,POP,Population,PS,Persons,_T,Total,_T,Total,_Z,Not applicable,FUA,FUA,_Z,Not applicable,2024,,145483,,A,Normal value,0,Units,0,Zero
DATAFLOW,OECD.CFE.EDS:DSD_FUA_DEMO@DF_AGE_SEX(1.2),Population by age and sex - Cities and FUAs,I,IT014F,Trento,A,Annual,POP,Population,PS,Persons,_T,Total,_T,Total,_Z,Not applicable,FUA,FUA,_Z,Not applicable,2024,,332371,,A,Normal value,0,Units,0,Zero
DATAFLOW,OECD.CFE.EDS:DSD_FUA_DEMO@DF_AGE_SEX(1.2),Population by age and sex - Cities and FUAs,I,IT015F,Trieste,A,Annual,POP,Population,PS,Persons,_T,Total,_T,Total,_Z,Not applicable,FUA,FUA,_Z,Not applicable,2024,,228396,,A,Normal value,0,Units,0,Zero
DATAFLOW,OECD.CFE.EDS:DSD_FUA_DEMO@DF_AGE_SEX(1.2),Population by age and sex - Cities and FUAs,I,IT016F,Perugia,A,Annual,POP,Population,PS,Persons,_T,Total,_T,Total,_Z,Not applicable,FUA,FUA,_Z,Not applicable,2024,,278849,,A,Normal value,0,Units,0,Zero
DATAFLOW,OECD.CFE.EDS:DSD_FUA_DEMO@DF_AGE_SEX(1.2),Population by age and sex - Cities and FUAs,I,IT017F,Ancona,A,Annual,POP,Population,PS,Persons,_T,Total,_T,Total,_Z,Not applicable,FUA,FUA,_Z,Not applicable,2024,,219280,,A,Normal value,0,Units,0,Zero
DATAFLOW,OECD.CFE.EDS:DSD_FUA_DEMO@DF_AGE_SEX(1.2),Population by age and sex - Cities and FUAs,I,IT018F,Pescara,A,Annual,POP,Population,PS,Persons,_T,Total,_T,Total,_Z,Not applicable,FUA,FUA,_Z,Not applicable,2024,,315194,,A,Normal value,0,Units,0,Zero
DATAFLOW,OECD.CFE.EDS:DSD_FUA_DEMO@DF_AGE_SEX(1.2),Population by age and sex - Cities and FUAs,I,IT019F,Campobasso,A,Annual,POP,Population,PS,Persons,_T,Total,_T,Total,_Z,Not applicable,FUA,FUA,_Z,Not applicable,2024,,93733,,A,Normal value,0,Units,0,Zero
DATAFLOW,OECD.CFE.EDS:DSD_FUA_DEMO@DF_AGE_SEX(1.2),Population by age and sex - Cities and FUAs,I,IT020F,Caserta,A,Annual,POP,Population,PS,Persons,_T,Total,_T,Total,_Z,Not applicable,FUA,FUA,_Z,Not applicable,2024,,279849,,A,Normal value,0,Units,0,Zero
DATAFLOW,OECD.CFE.EDS:DSD_FUA_DEMO@DF_AGE_SEX(1.2),Population by age and sex - Cities and FUAs,I,IT021F,Taranto,A,Annual,POP,Population,PS,Persons,_T,Total,_T,Total,_Z,Not applicable,FUA,FUA,_Z,Not applicable,2024,,370618,,A,Normal value,0,Units,0,Zero
DATAFLOW,OECD.CFE.EDS:DSD_FUA_DEMO@DF_AGE_SEX(1.2),Population by age and sex - Cities and FUAs,I,IT022F,Potenza,A,Annual,POP,Population,PS,Persons,_T,Total,_T,Total,_Z,Not applicable,FUA,FUA,_Z,Not applicable,2024,,127650,,A,Normal value,0,Units,0,Zero
DATAFLOW,OECD.CFE.EDS:DSD_FUA_DEMO@DF_AGE_SEX(1.2),Population by age and sex - Cities and FUAs,I,IT023F,Catanzaro,A,Annual,POP,Population,PS,Persons,_T,Total,_T,Total,_Z,Not applicable,FUA,FUA,_Z,Not applicable,2024,,164761,,A,Normal value,0,Units,0,Zero
DATAFLOW,OECD.CFE.EDS:DSD_FUA_DEMO@DF_AGE_SEX(1.2),Population by age and sex - Cities and FUAs,I,IT024F,Reggio di Calabria,A,Annual,POP,Population,PS,Persons,_T,Total,_T,Total,_Z,Not applicable,FUA,FUA,_Z,Not applicable,2024,,219061,,A,Normal value,0,Units,0,Zero
DATAFLOW,OECD.CFE.EDS:DSD_FUA_DEMO@DF_AGE_SEX(1.2),Population by age and sex - Cities and FUAs,I,IT025F,Sassari,A,Annual,POP,Population,PS,Persons,_T,Total,_T,Total,_Z,Not applicable,FUA,FUA,_Z,Not applicable,2024,,210092,,A,Normal value,0,Units,0,Zero
DATAFLOW,OECD.CFE.EDS:DSD_FUA_DEMO@DF_AGE_SEX(1.2),Population by age and sex - Cities and FUAs,I,IT026F,Cagliari,A,Annual,POP,Population,PS,Persons,_T,Total,_T,Total,_Z,Not applicable,FUA,FUA,_Z,Not applicable,2024,,493601,,A,Normal value,0,Units,0,Zero
DATAFLOW,OECD.CFE.EDS:DSD_FUA_DEMO@DF_AGE_SEX(1.2),Population by age and sex - Cities and FUAs,I,IT027F,Padova,A,Annual,POP,Population,PS,Persons,_T,Total,_T,Total,_Z,Not applicable,FUA,FUA,_Z,Not applicable,2024,,562386,,A,Normal value,0,Units,0,Zero
DATAFLOW,OECD.CFE.EDS:DSD_FUA_DEMO@DF_AGE_SEX(1.2),Population by age and sex - Cities and FUAs,I,IT028F,Brescia,A,Annual,POP,Population,PS,Persons,_T,Total,_T,Total,_Z,Not applicable,FUA,FUA,_Z,Not applicable,2024,,480745,,A,Normal value,0,Units,0,Zero
DATAFLOW,OECD.CFE.EDS:DSD_FUA_DEMO@DF_AGE_SEX(1.2),Population by age and sex - Cities and FUAs,I,IT029F,Modena,A,Annual,POP,Population,PS,Persons,_T,Total,_T,Total,_Z,Not applicable,FUA,FUA,_Z,Not applicable,2024,,368986,,A,Normal value,0,Units,0,Zero
DATAFLOW,OECD.CFE.EDS:DSD_FUA_DEMO@DF_AGE_SEX(1.2),Population by age and sex - Cities and FUAs,I,IT030F,Foggia,A,Annual,POP,Population,PS,Persons,_T,Total,_T,Total,_Z,Not applicable,FUA,FUA,_Z,Not applicable,2024,,216602,,A,Normal value,0,Units,0,Zero
DATAFLOW,OECD.CFE.EDS:DSD_FUA_DEMO@DF_AGE_SEX(1.2),Population by age and sex - Cities and FUAs,I,IT031F,Salerno,A,Annual,POP,Population,PS,Persons,_T,Total,_T,Total,_Z,Not applicable,FUA,FUA,_Z,Not applicable,2024,,228681,,A,Normal value,0,Units,0,Zero
DATAFLOW,OECD.CFE.EDS:DSD_FUA_DEMO@DF_AGE_SEX(1.2),Population by age and sex - Cities and FUAs,I,IT032F,Piacenza,A,Annual,POP,Population,PS,Persons,_T,Total,_T,Total,_Z,Not applicable,FUA,FUA,_Z,Not applicable,2024,,209060,,A,Normal value,0,Units,0,Zero
DATAFLOW,OECD.CFE.EDS:DSD_FUA_DEMO@DF_AGE_SEX(1.2),Population by age and sex - Cities and FUAs,I,IT033F,Bolzano,A,Annual,POP,Population,PS,Persons,_T,Total,_T,Total,_Z,Not applicable,FUA,FUA,_Z,Not applicable,2024,,215868,,A,Normal value,0,Units,0,Zero
DATAFLOW,OECD.CFE.EDS:DSD_FUA_DEMO@DF_AGE_SEX(1.2),Population by age and sex - Cities and FUAs,I,IT034F,Udine,A,Annual,POP,Population,PS,Persons,_T,Total,_T,Total,_Z,Not applicable,FUA,FUA,_Z,Not applicable,2024,,238525,,A,Normal value,0,Units,0,Zero
DATAFLOW,OECD.CFE.EDS:DSD_FUA_DEMO@DF_AGE_SEX(1.2),Population by age and sex - Cities and FUAs,I,IT035F,La Spezia,A,Annual,POP,Population,PS,Persons,_T,Total,_T,Total,_Z,Not applicable,FUA,FUA,_Z,Not applicable,2024,,197324,,A,Normal value,0,Units,0,Zero
DATAFLOW,OECD.CFE.EDS:DSD_FUA_DEMO@DF_AGE_SEX(1.2),Population by age and sex - Cities and FUAs,I,IT036F,Lecce,A,Annual,POP,Population,PS,Persons,_T,Total,_T,Total,_Z,Not applicable,FUA,FUA,_Z,Not applicable,2024,,263985,,A,Normal value,0,Units,0,Zero
DATAFLOW,OECD.CFE.EDS:DSD_FUA_DEMO@DF_AGE_SEX(1.2),Population by age and sex - Cities and FUAs,I,IT037F,Barletta,A,Annual,POP,Population,PS,Persons,_T,Total,_T,Total,_Z,Not applicable,FUA,FUA,_Z,Not applicable,2024,,92365,,A,Normal value,0,Units,0,Zero
DATAFLOW,OECD.CFE.EDS:DSD_FUA_DEMO@DF_AGE_SEX(1.2),Population by age and sex - Cities and FUAs,I,IT038F,Pesaro,A,Annual,POP,Population,PS,Persons,_T,Total,_T,Total,_Z,Not applicable,FUA,FUA,_Z,Not applicable,2024,,127508,,A,Normal value,0,Units,0,Zero
DATAFLOW,OECD.CFE.EDS:DSD_FUA_DEMO@DF_AGE_SEX(1.2),Population by age and sex - Cities and FUAs,I,IT039F,Como,A,Annual,POP,Population,PS,Persons,_T,Total,_T,Total,_Z,Not applicable,FUA,FUA,_Z,Not applicable,2024,,177535,,A,Normal value,0,Units,0,Zero
DATAFLOW,OECD.CFE.EDS:DSD_FUA_DEMO@DF_AGE_SEX(1.2),Population by age and sex - Cities and FUAs,I,IT040F,Pisa,A,Annual,POP,Population,PS,Persons,_T,Total,_T,Total,_Z,Not applicable,FUA,FUA,_Z,Not applicable,2024,,204188,,A,Normal value,0,Units,0,Zero
DATAFLOW,OECD.CFE.EDS:DSD_FUA_DEMO@DF_AGE_SEX(1.2),Population by age and sex - Cities and FUAs,I,IT041F,Treviso,A,Annual,POP,Population,PS,Persons,_T,Total,_T,Total,_Z,Not applicable,FUA,FUA,_Z,Not applicable,2024,,203123,,A,Normal value,0,Units,0,Zero
DATAFLOW,OECD.CFE.EDS:DSD_FUA_DEMO@DF_AGE_SEX(1.2),Population by age and sex - Cities and FUAs,I,IT042F,Varese,A,Annual,POP,Population,PS,Persons,_T,Total,_T,Total,_Z,Not applicable,FUA,FUA,_Z,Not applicable,2024,,187803,,A,Normal value,0,Units,0,Zero
DATAFLOW,OECD.CFE.EDS:DSD_FUA_DEMO@DF_AGE_SEX(1.2),Population by age and sex - Cities and FUAs,I,IT043F,Asti,A,Annual,POP,Population,PS,Persons,_T,Total,_T,Total,_Z,Not applicable,FUA,FUA,_Z,Not applicable,2024,,111454,,A,Normal value,0,Units,0,Zero
DATAFLOW,OECD.CFE.EDS:DSD_FUA_DEMO@DF_AGE_SEX(1.2),Population by age and sex - Cities and FUAs,I,IT044F,Pavia,A,Annual,POP,Population,PS,Persons,_T,Total,_T,Total,_Z,Not applicable,FUA,FUA,_Z,Not applicable,2024,,138116,,A,Normal value,0,Units,0,Zero
DATAFLOW,OECD.CFE.EDS:DSD_FUA_DEMO@DF_AGE_SEX(1.2),Population by age and sex - Cities and FUAs,I,IT046F,Cosenza,A,Annual,POP,Population,PS,Persons,_T,Total,_T,Total,_Z,Not applicable,FUA,FUA,_Z,Not applicable,2024,,234829,,A,Normal value,0,Units,0,Zero
DATAFLOW,OECD.CFE.EDS:DSD_FUA_DEMO@DF_AGE_SEX(1.2),Population by age and sex - Cities and FUAs,I,IT047F,Savona,A,Annual,POP,Population,PS,Persons,_T,Total,_T,Total,_Z,Not applicable,FUA,FUA,_Z,Not applicable,2024,,100335,,A,Normal value,0,Units,0,Zero
DATAFLOW,OECD.CFE.EDS:DSD_FUA_DEMO@DF_AGE_SEX(1.2),Population by age and sex - Cities and FUAs,I,IT048F,Matera,A,Annual,POP,Population,PS,Persons,_T,Total,_T,Total,_Z,Not applicable,FUA,FUA,_Z,Not applicable,2024,,82669,,A,Normal value,0,Units,0,Zero
DATAFLOW,OECD.CFE.EDS:DSD_FUA_DEMO@DF_AGE_SEX(1.2),Population by age and sex - Cities and FUAs,I,IT050F,Avellino,A,Annual,POP,Population,PS,Persons,_T,Total,_T,Total,_Z,Not applicable,FUA,FUA,_Z,Not applicable,2024,,139535,,A,Normal value,0,Units,0,Zero
DATAFLOW,OECD.CFE.EDS:DSD_FUA_DEMO@DF_AGE_SEX(1.2),Population by age and sex - Cities and FUAs,I,IT051F,Pordenone,A,Annual,POP,Population,PS,Persons,_T,Total,_T,Total,_Z,Not applicable,FUA,FUA,_Z,Not applicable,2024,,152811,,A,Normal value,0,Units,0,Zero
DATAFLOW,OECD.CFE.EDS:DSD_FUA_DEMO@DF_AGE_SEX(1.2),Population by age and sex - Cities and FUAs,I,IT052F,Lecco,A,Annual,POP,Population,PS,Persons,_T,Total,_T,Total,_Z,Not applicable,FUA,FUA,_Z,Not applicable,2024,,132533,,A,Normal value,0,Units,0,Zero
DATAFLOW,OECD.CFE.EDS:DSD_FUA_DEMO@DF_AGE_SEX(1.2),Population by age and sex - Cities and FUAs,I,IT053F,Altamura,A,Annual,POP,Population,PS,Persons,_T,Total,_T,Total,_Z,Not applicable,FUA,FUA,_Z,Not applicable,2024,,70093,,A,Normal value,0,Units,0,Zero
DATAFLOW,OECD.CFE.EDS:DSD_FUA_DEMO@DF_AGE_SEX(1.2),Population by age and sex - Cities and FUAs,I,IT056F,Battipaglia,A,Annual,POP,Population,PS,Persons,_T,Total,_T,Total,_Z,Not applicable,FUA,FUA,_Z,Not applicable,2024,,69364,,A,Normal value,0,Units,0,Zero
DATAFLOW,OECD.CFE.EDS:DSD_FUA_DEMO@DF_AGE_SEX(1.2),Population by age and sex - Cities and FUAs,I,IT057F,Bisceglie,A,Annual,POP,Population,PS,Persons,_T,Total,_T,Total,_Z,Not applicable,FUA,FUA,_Z,Not applicable,2024,,53536,,A,Normal value,0,Units,0,Zero
DATAFLOW,OECD.CFE.EDS:DSD_FUA_DEMO@DF_AGE_SEX(1.2),Population by age and sex - Cities and FUAs,I,IT058F,Carpi,A,Annual,POP,Population,PS,Persons,_T,Total,_T,Total,_Z,Not applicable,FUA,FUA,_Z,Not applicable,2024,,82688,,A,Normal value,0,Units,0,Zero
DATAFLOW,OECD.CFE.EDS:DSD_FUA_DEMO@DF_AGE_SEX(1.2),Population by age and sex - Cities and FUAs,I,IT059F,Cerignola,A,Annual,POP,Population,PS,Persons,_T,Total,_T,Total,_Z,Not applicable,FUA,FUA,_Z,Not applicable,2024,,57066,,A,Normal value,0,Units,0,Zero
DATAFLOW,OECD.CFE.EDS:DSD_FUA_DEMO@DF_AGE_SEX(1.2),Population by age and sex - Cities and FUAs,I,IT060F,Gela,A,Annual,POP,Population,PS,Persons,_T,Total,_T,Total,_Z,Not applicable,FUA,FUA,_Z,Not applicable,2024,,74974,,A,Normal value,0,Units,0,Zero
DATAFLOW,OECD.CFE.EDS:DSD_FUA_DEMO@DF_AGE_SEX(1.2),Population by age and sex - Cities and FUAs,I,IT063F,Sassuolo,A,Annual,POP,Population,PS,Persons,_T,Total,_T,Total,_Z,Not applicable,FUA,FUA,_Z,Not applicable,2024,,79019,,A,Normal value,0,Units,0,Zero
DATAFLOW,OECD.CFE.EDS:DSD_FUA_DEMO@DF_AGE_SEX(1.2),Population by age and sex - Cities and FUAs,I,IT064F,Messina,A,Annual,POP,Population,PS,Persons,_T,Total,_T,Total,_Z,Not applicable,FUA,FUA,_Z,Not applicable,2024,,275924,,A,Normal value,0,Units,0,Zero
DATAFLOW,OECD.CFE.EDS:DSD_FUA_DEMO@DF_AGE_SEX(1.2),Population by age and sex - Cities and FUAs,I,IT065F,Prato,A,Annual,POP,Population,PS,Persons,_T,Total,_T,Total,_Z,Not applicable,FUA,FUA,_Z,Not applicable,2024,,288458,,A,Normal value,0,Units,0,Zero
DATAFLOW,OECD.CFE.EDS:DSD_FUA_DEMO@DF_AGE_SEX(1.2),Population by age and sex - Cities and FUAs,I,IT066F,Parma,A,Annual,POP,Population,PS,Persons,_T,Total,_T,Total,_Z,Not applicable,FUA,FUA,_Z,Not applicable,2024,,368518,,A,Normal value,0,Units,0,Zero
DATAFLOW,OECD.CFE.EDS:DSD_FUA_DEMO@DF_AGE_SEX(1.2),Population by age and sex - Cities and FUAs,I,IT067F,Livorno,A,Annual,POP,Population,PS,Persons,_T,Total,_T,Total,_Z,Not applicable,FUA,FUA,_Z,Not applicable,2024,,173448,,A,Normal value,0,Units,0,Zero
DATAFLOW,OECD.CFE.EDS:DSD_FUA_DEMO@DF_AGE_SEX(1.2),Population by age and sex - Cities and FUAs,I,IT068F,Reggio nell'Emilia,A,Annual,POP,Population,PS,Persons,_T,Total,_T,Total,_Z,Not applicable,FUA,FUA,_Z,Not applicable,2024,,296352,,A,Normal value,0,Units,0,Zero
DATAFLOW,OECD.CFE.EDS:DSD_FUA_DEMO@DF_AGE_SEX(1.2),Population by age and sex - Cities and FUAs,I,IT069F,Ravenna,A,Annual,POP,Population,PS,Persons,_T,Total,_T,Total,_Z,Not applicable,FUA,FUA,_Z,Not applicable,2024,,196626,,A,Normal value,0,Units,0,Zero
DATAFLOW,OECD.CFE.EDS:DSD_FUA_DEMO@DF_AGE_SEX(1.2),Population by age and sex - Cities and FUAs,I,IT070F,Ferrara,A,Annual,POP,Population,PS,Persons,_T,Total,_T,Total,_Z,Not applicable,FUA,FUA,_Z,Not applicable,2024,,226573,,A,Normal value,0,Units,0,Zero
DATAFLOW,OECD.CFE.EDS:DSD_FUA_DEMO@DF_AGE_SEX(1.2),Population by age and sex - Cities and FUAs,I,IT071F,Rimini,A,Annual,POP,Population,PS,Persons,_T,Total,_T,Total,_Z,Not applicable,FUA,FUA,_Z,Not applicable,2024,,259877,,A,Normal value,0,Units,0,Zero
DATAFLOW,OECD.CFE.EDS:DSD_FUA_DEMO@DF_AGE_SEX(1.2),Population by age and sex - Cities and FUAs,I,IT072F,Siracusa,A,Annual,POP,Population,PS,Persons,_T,Total,_T,Total,_Z,Not applicable,FUA,FUA,_Z,Not applicable,2024,,226628,,A,Normal value,0,Units,0,Zero
DATAFLOW,OECD.CFE.EDS:DSD_FUA_DEMO@DF_AGE_SEX(1.2),Population by age and sex - Cities and FUAs,I,IT073F,Bergamo,A,Annual,POP,Population,PS,Persons,_T,Total,_T,Total,_Z,Not applicable,FUA,FUA,_Z,Not applicable,2024,,548645,,A,Normal value,0,Units,0,Zero
DATAFLOW,OECD.CFE.EDS:DSD_FUA_DEMO@DF_AGE_SEX(1.2),Population by age and sex - Cities and FUAs,I,IT074F,Forlì,A,Annual,POP,Population,PS,Persons,_T,Total,_T,Total,_Z,Not applicable,FUA,FUA,_Z,Not applicable,2024,,171658,,A,Normal value,0,Units,0,Zero
DATAFLOW,OECD.CFE.EDS:DSD_FUA_DEMO@DF_AGE_SEX(1.2),Population by age and sex - Cities and FUAs,I,IT075F,Latina,A,Annual,POP,Population,PS,Persons,_T,Total,_T,Total,_Z,Not applicable,FUA,FUA,_Z,Not applicable,2024,,203703,,A,Normal value,0,Units,0,Zero
DATAFLOW,OECD.CFE.EDS:DSD_FUA_DEMO@DF_AGE_SEX(1.2),Population by age and sex - Cities and FUAs,I,IT076F,Vicenza,A,Annual,POP,Population,PS,Persons,_T,Total,_T,Total,_Z,Not applicable,FUA,FUA,_Z,Not applicable,2024,,264751,,A,Normal value,0,Units,0,Zero
DATAFLOW,OECD.CFE.EDS:DSD_FUA_DEMO@DF_AGE_SEX(1.2),Population by age and sex - Cities and FUAs,I,IT077F,Terni,A,Annual,POP,Population,PS,Persons,_T,Total,_T,Total,_Z,Not applicable,FUA,FUA,_Z,Not applicable,2024,,165476,,A,Normal value,0,Units,0,Zero
DATAFLOW,OECD.CFE.EDS:DSD_FUA_DEMO@DF_AGE_SEX(1.2),Population by age and sex - Cities and FUAs,I,IT078F,Novara,A,Annual,POP,Population,PS,Persons,_T,Total,_T,Total,_Z,Not applicable,FUA,FUA,_Z,Not applicable,2024,,197689,,A,Normal value,0,Units,0,Zero
DATAFLOW,OECD.CFE.EDS:DSD_FUA_DEMO@DF_AGE_SEX(1.2),Population by age and sex - Cities and FUAs,I,IT079F,Alessandria,A,Annual,POP,Population,PS,Persons,_T,Total,_T,Total,_Z,Not applicable,FUA,FUA,_Z,Not applicable,2024,,134382,,A,Normal value,0,Units,0,Zero
DATAFLOW,OECD.CFE.EDS:DSD_FUA_DEMO@DF_AGE_SEX(1.2),Population by age and sex - Cities and FUAs,I,IT080F,Arezzo,A,Annual,POP,Population,PS,Persons,_T,Total,_T,Total,_Z,Not applicable,FUA,FUA,_Z,Not applicable,2024,,149931,,A,Normal value,0,Units,0,Zero
DATAFLOW,OECD.CFE.EDS:DSD_FUA_DEMO@DF_AGE_SEX(1.2),Population by age and sex - Cities and FUAs,I,IT081F,Grosseto,A,Annual,POP,Population,PS,Persons,_T,Total,_T,Total,_Z,Not applicable,FUA,FUA,_Z,Not applicable,2024,,108148,,A,Normal value,0,Units,0,Zero
DATAFLOW,OECD.CFE.EDS:DSD_FUA_DEMO@DF_AGE_SEX(1.2),Population by age and sex - Cities and FUAs,I,IT082F,Brindisi,A,Annual,POP,Population,PS,Persons,_T,Total,_T,Total,_Z,Not applicable,FUA,FUA,_Z,Not applicable,2024,,170237,,A,Normal value,0,Units,0,Zero
DATAFLOW,OECD.CFE.EDS:DSD_FUA_DEMO@DF_AGE_SEX(1.2),Population by age and sex - Cities and FUAs,I,IT083F,Trapani,A,Annual,POP,Population,PS,Persons,_T,Total,_T,Total,_Z,Not applicable,FUA,FUA,_Z,Not applicable,2024,,111760,,A,Normal value,0,Units,0,Zero
DATAFLOW,OECD.CFE.EDS:DSD_FUA_DEMO@DF_AGE_SEX(1.2),Population by age and sex - Cities and FUAs,I,IT084F,Ragusa,A,Annual,POP,Population,PS,Persons,_T,Total,_T,Total,_Z,Not applicable,FUA,FUA,_Z,Not applicable,2024,,98550,,A,Normal value,0,Units,0,Zero
DATAFLOW,OECD.CFE.EDS:DSD_FUA_DEMO@DF_AGE_SEX(1.2),Population by age and sex - Cities and FUAs,I,IT085F,Andria,A,Annual,POP,Population,PS,Persons,_T,Total,_T,Total,_Z,Not applicable,FUA,FUA,_Z,Not applicable,2024,,96941,,A,Normal value,0,Units,0,Zero
DATAFLOW,OECD.CFE.EDS:DSD_FUA_DEMO@DF_AGE_SEX(1.2),Population by age and sex - Cities and FUAs,I,IT087F,L'Aquila,A,Annual,POP,Population,PS,Persons,_T,Total,_T,Total,_Z,Not applicable,FUA,FUA,_Z,Not applicable,2024,,97361,,A,Normal value,0,Units,0,Zero
DATAFLOW,OECD.CFE.EDS:DSD_FUA_DEMO@DF_AGE_SEX(1.2),Population by age and sex - Cities and FUAs,I,LT001F,Vilnius,A,Annual,POP,Population,PS,Persons,_T,Total,_T,Total,_Z,Not applicable,FUA,FUA,_Z,Not applicable,2024,,1034619,,A,Normal value,0,Units,0,Zero
DATAFLOW,OECD.CFE.EDS:DSD_FUA_DEMO@DF_AGE_SEX(1.2),Population by age and sex - Cities and FUAs,I,LT002F,Kaunas,A,Annual,POP,Population,PS,Persons,_T,Total,_T,Total,_Z,Not applicable,FUA,FUA,_Z,Not applicable,2024,,516494,,A,Normal value,0,Units,0,Zero
DATAFLOW,OECD.CFE.EDS:DSD_FUA_DEMO@DF_AGE_SEX(1.2),Population by age and sex - Cities and FUAs,I,LT003F,Panevėžys,A,Annual,POP,Population,PS,Persons,_T,Total,_T,Total,_Z,Not applicable,FUA,FUA,_Z,Not applicable,2024,,121977,,A,Normal value,0,Units,0,Zero
DATAFLOW,OECD.CFE.EDS:DSD_FUA_DEMO@DF_AGE_SEX(1.2),Population by age and sex - Cities and FUAs,I,LT004F,Alytus,A,Annual,POP,Population,PS,Persons,_T,Total,_T,Total,_Z,Not applicable,FUA,FUA,_Z,Not applicable,2024,,76804,,A,Normal value,0,Units,0,Zero
DATAFLOW,OECD.CFE.EDS:DSD_FUA_DEMO@DF_AGE_SEX(1.2),Population by age and sex - Cities and FUAs,I,LT005F,Klaipėda,A,Annual,POP,Population,PS,Persons,_T,Total,_T,Total,_Z,Not applicable,FUA,FUA,_Z,Not applicable,2024,,263980,,A,Normal value,0,Units,0,Zero
DATAFLOW,OECD.CFE.EDS:DSD_FUA_DEMO@DF_AGE_SEX(1.2),Population by age and sex - Cities and FUAs,I,LT006F,Šiauliai,A,Annual,POP,Population,PS,Persons,_T,Total,_T,Total,_Z,Not applicable,FUA,FUA,_Z,Not applicable,2024,,150895,,A,Normal value,0,Units,0,Zero
DATAFLOW,OECD.CFE.EDS:DSD_FUA_DEMO@DF_AGE_SEX(1.2),Population by age and sex - Cities and FUAs,I,LV001F,Rīga,A,Annual,POP,Population,PS,Persons,_T,Total,_T,Total,_Z,Not applicable,FUA,FUA,_Z,Not applicable,2024,,1149599,,A,Normal value,0,Units,0,Zero
DATAFLOW,OECD.CFE.EDS:DSD_FUA_DEMO@DF_AGE_SEX(1.2),Population by age and sex - Cities and FUAs,I,LV002F,Liepāja,A,Annual,POP,Population,PS,Persons,_T,Total,_T,Total,_Z,Not applicable,FUA,FUA,_Z,Not applicable,2024,,101132,,A,Normal value,0,Units,0,Zero
DATAFLOW,OECD.CFE.EDS:DSD_FUA_DEMO@DF_AGE_SEX(1.2),Population by age and sex - Cities and FUAs,I,LV004F,Daugavpils,A,Annual,POP,Population,PS,Persons,_T,Total,_T,Total,_Z,Not applicable,FUA,FUA,_Z,Not applicable,2024,,103390,,A,Normal value,0,Units,0,Zero
DATAFLOW,OECD.CFE.EDS:DSD_FUA_DEMO@DF_AGE_SEX(1.2),Population by age and sex - Cities and FUAs,I,NL001F,Amsterdam,A,Annual,POP,Population,PS,Persons,_T,Total,_T,Total,_Z,Not applicable,FUA,FUA,_Z,Not applicable,2024,,2963668,,A,Normal value,0,Units,0,Zero
DATAFLOW,OECD.CFE.EDS:DSD_FUA_DEMO@DF_AGE_SEX(1.2),Population by age and sex - Cities and FUAs,I,NL002F,Alkmaar,A,Annual,POP,Population,PS,Persons,_T,Total,_T,Total,_Z,Not applicable,FUA,FUA,_Z,Not applicable,2024,,280056,,A,Normal value,0,Units,0,Zero
DATAFLOW,OECD.CFE.EDS:DSD_FUA_DEMO@DF_AGE_SEX(1.2),Population by age and sex - Cities and FUAs,I,NL003F,Almelo,A,Annual,POP,Population,PS,Persons,_T,Total,_T,Total,_Z,Not applicable,FUA,FUA,_Z,Not applicable,2024,,154718,,A,Normal value,0,Units,0,Zero
DATAFLOW,OECD.CFE.EDS:DSD_FUA_DEMO@DF_AGE_SEX(1.2),Population by age and sex - Cities and FUAs,I,NL005F,Alphen aan den Rijn,A,Annual,POP,Population,PS,Persons,_T,Total,_T,Total,_Z,Not applicable,FUA,FUA,_Z,Not applicable,2024,,114966,,A,Normal value,0,Units,0,Zero
DATAFLOW,OECD.CFE.EDS:DSD_FUA_DEMO@DF_AGE_SEX(1.2),Population by age and sex - Cities and FUAs,I,NL006F,Amersfoort,A,Annual,POP,Population,PS,Persons,_T,Total,_T,Total,_Z,Not applicable,FUA,FUA,_Z,Not applicable,2024,,238894,,A,Normal value,0,Units,0,Zero
DATAFLOW,OECD.CFE.EDS:DSD_FUA_DEMO@DF_AGE_SEX(1.2),Population by age and sex - Cities and FUAs,I,NL007F,Apeldoorn,A,Annual,POP,Population,PS,Persons,_T,Total,_T,Total,_Z,Not applicable,FUA,FUA,_Z,Not applicable,2024,,248042,,A,Normal value,0,Units,0,Zero
DATAFLOW,OECD.CFE.EDS:DSD_FUA_DEMO@DF_AGE_SEX(1.2),Population by age and sex - Cities and FUAs,I,NL008F,Arnhem,A,Annual,POP,Population,PS,Persons,_T,Total,_T,Total,_Z,Not applicable,FUA,FUA,_Z,Not applicable,2024,,425840,,A,Normal value,0,Units,0,Zero
DATAFLOW,OECD.CFE.EDS:DSD_FUA_DEMO@DF_AGE_SEX(1.2),Population by age and sex - Cities and FUAs,I,NL010F,Bergen op Zoom,A,Annual,POP,Population,PS,Persons,_T,Total,_T,Total,_Z,Not applicable,FUA,FUA,_Z,Not applicable,2024,,143229,,A,Normal value,0,Units,0,Zero
DATAFLOW,OECD.CFE.EDS:DSD_FUA_DEMO@DF_AGE_SEX(1.2),Population by age and sex - Cities and FUAs,I,NL011F,Breda,A,Annual,POP,Population,PS,Persons,_T,Total,_T,Total,_Z,Not applicable,FUA,FUA,_Z,Not applicable,2024,,359515,,A,Normal value,0,Units,0,Zero
DATAFLOW,OECD.CFE.EDS:DSD_FUA_DEMO@DF_AGE_SEX(1.2),Population by age and sex - Cities and FUAs,I,NL012F,Deventer,A,Annual,POP,Population,PS,Persons,_T,Total,_T,Total,_Z,Not applicable,FUA,FUA,_Z,Not applicable,2024,,122240,,A,Normal value,0,Units,0,Zero
DATAFLOW,OECD.CFE.EDS:DSD_FUA_DEMO@DF_AGE_SEX(1.2),Population by age and sex - Cities and FUAs,I,NL013F,Ede,A,Annual,POP,Population,PS,Persons,_T,Total,_T,Total,_Z,Not applicable,FUA,FUA,_Z,Not applicable,2024,,129285,,A,Normal value,0,Units,0,Zero
DATAFLOW,OECD.CFE.EDS:DSD_FUA_DEMO@DF_AGE_SEX(1.2),Population by age and sex - Cities and FUAs,I,NL014F,Eindhoven,A,Annual,POP,Population,PS,Persons,_T,Total,_T,Total,_Z,Not applicable,FUA,FUA,_Z,Not applicable,2024,,846678,,A,Normal value,0,Units,0,Zero
DATAFLOW,OECD.CFE.EDS:DSD_FUA_DEMO@DF_AGE_SEX(1.2),Population by age and sex - Cities and FUAs,I,NL015F,Enschede,A,Annual,POP,Population,PS,Persons,_T,Total,_T,Total,_Z,Not applicable,FUA,FUA,_Z,Not applicable,2024,,411149,,A,Normal value,0,Units,0,Zero
DATAFLOW,OECD.CFE.EDS:DSD_FUA_DEMO@DF_AGE_SEX(1.2),Population by age and sex - Cities and FUAs,I,NL016F,Gouda,A,Annual,POP,Population,PS,Persons,_T,Total,_T,Total,_Z,Not applicable,FUA,FUA,_Z,Not applicable,2024,,75758,,A,Normal value,0,Units,0,Zero
DATAFLOW,OECD.CFE.EDS:DSD_FUA_DEMO@DF_AGE_SEX(1.2),Population by age and sex - Cities and FUAs,I,NL017F,s-Gravenhage,A,Annual,POP,Population,PS,Persons,_T,Total,_T,Total,_Z,Not applicable,FUA,FUA,_Z,Not applicable,2024,,1228047,,A,Normal value,0,Units,0,Zero
DATAFLOW,OECD.CFE.EDS:DSD_FUA_DEMO@DF_AGE_SEX(1.2),Population by age and sex - Cities and FUAs,I,NL018F,Groningen,A,Annual,POP,Population,PS,Persons,_T,Total,_T,Total,_Z,Not applicable,FUA,FUA,_Z,Not applicable,2024,,726412,,A,Normal value,0,Units,0,Zero
DATAFLOW,OECD.CFE.EDS:DSD_FUA_DEMO@DF_AGE_SEX(1.2),Population by age and sex - Cities and FUAs,I,NL022F,Heerlen,A,Annual,POP,Population,PS,Persons,_T,Total,_T,Total,_Z,Not applicable,FUA,FUA,_Z,Not applicable,2024,,256180,,A,Normal value,0,Units,0,Zero
DATAFLOW,OECD.CFE.EDS:DSD_FUA_DEMO@DF_AGE_SEX(1.2),Population by age and sex - Cities and FUAs,I,NL025F,s-Hertogenbosch,A,Annual,POP,Population,PS,Persons,_T,Total,_T,Total,_Z,Not applicable,FUA,FUA,_Z,Not applicable,2024,,295430,,A,Normal value,0,Units,0,Zero
DATAFLOW,OECD.CFE.EDS:DSD_FUA_DEMO@DF_AGE_SEX(1.2),Population by age and sex - Cities and FUAs,I,NL028F,Leeuwarden,A,Annual,POP,Population,PS,Persons,_T,Total,_T,Total,_Z,Not applicable,FUA,FUA,_Z,Not applicable,2024,,289546,,A,Normal value,0,Units,0,Zero
DATAFLOW,OECD.CFE.EDS:DSD_FUA_DEMO@DF_AGE_SEX(1.2),Population by age and sex - Cities and FUAs,I,NL029F,Leiden,A,Annual,POP,Population,PS,Persons,_T,Total,_T,Total,_Z,Not applicable,FUA,FUA,_Z,Not applicable,2024,,370319,,A,Normal value,0,Units,0,Zero
DATAFLOW,OECD.CFE.EDS:DSD_FUA_DEMO@DF_AGE_SEX(1.2),Population by age and sex - Cities and FUAs,I,NL030F,Lelystad,A,Annual,POP,Population,PS,Persons,_T,Total,_T,Total,_Z,Not applicable,FUA,FUA,_Z,Not applicable,2024,,128434,,A,Normal value,0,Units,0,Zero
DATAFLOW,OECD.CFE.EDS:DSD_FUA_DEMO@DF_AGE_SEX(1.2),Population by age and sex - Cities and FUAs,I,NL031F,Maastricht,A,Annual,POP,Population,PS,Persons,_T,Total,_T,Total,_Z,Not applicable,FUA,FUA,_Z,Not applicable,2024,,200380,,A,Normal value,0,Units,0,Zero
DATAFLOW,OECD.CFE.EDS:DSD_FUA_DEMO@DF_AGE_SEX(1.2),Population by age and sex - Cities and FUAs,I,NL033F,Nijmegen,A,Annual,POP,Population,PS,Persons,_T,Total,_T,Total,_Z,Not applicable,FUA,FUA,_Z,Not applicable,2024,,335372,,A,Normal value,0,Units,0,Zero
DATAFLOW,OECD.CFE.EDS:DSD_FUA_DEMO@DF_AGE_SEX(1.2),Population by age and sex - Cities and FUAs,I,NL035F,Oss,A,Annual,POP,Population,PS,Persons,_T,Total,_T,Total,_Z,Not applicable,FUA,FUA,_Z,Not applicable,2024,,127161,,A,Normal value,0,Units,0,Zero
DATAFLOW,OECD.CFE.EDS:DSD_FUA_DEMO@DF_AGE_SEX(1.2),Population by age and sex - Cities and FUAs,I,NL037F,Rotterdam,A,Annual,POP,Population,PS,Persons,_T,Total,_T,Total,_Z,Not applicable,FUA,FUA,_Z,Not applicable,2024,,1875283,,A,Normal value,0,Units,0,Zero
DATAFLOW,OECD.CFE.EDS:DSD_FUA_DEMO@DF_AGE_SEX(1.2),Population by age and sex - Cities and FUAs,I,NL038F,Roosendaal,A,Annual,POP,Population,PS,Persons,_T,Total,_T,Total,_Z,Not applicable,FUA,FUA,_Z,Not applicable,2024,,132662,,A,Normal value,0,Units,0,Zero
DATAFLOW,OECD.CFE.EDS:DSD_FUA_DEMO@DF_AGE_SEX(1.2),Population by age and sex - Cities and FUAs,I,NL039F,Sittard-Geleen,A,Annual,POP,Population,PS,Persons,_T,Total,_T,Total,_Z,Not applicable,FUA,FUA,_Z,Not applicable,2024,,165650,,A,Normal value,0,Units,0,Zero
DATAFLOW,OECD.CFE.EDS:DSD_FUA_DEMO@DF_AGE_SEX(1.2),Population by age and sex - Cities and FUAs,I,NL040F,Soest,A,Annual,POP,Population,PS,Persons,_T,Total,_T,Total,_Z,Not applicable,FUA,FUA,_Z,Not applicable,2024,,72747,,A,Normal value,0,Units,0,Zero
DATAFLOW,OECD.CFE.EDS:DSD_FUA_DEMO@DF_AGE_SEX(1.2),Population by age and sex - Cities and FUAs,I,NL041F,Tilburg,A,Annual,POP,Population,PS,Persons,_T,Total,_T,Total,_Z,Not applicable,FUA,FUA,_Z,Not applicable,2024,,431666,,A,Normal value,0,Units,0,Zero
DATAFLOW,OECD.CFE.EDS:DSD_FUA_DEMO@DF_AGE_SEX(1.2),Population by age and sex - Cities and FUAs,I,NL042F,Utrecht,A,Annual,POP,Population,PS,Persons,_T,Total,_T,Total,_Z,Not applicable,FUA,FUA,_Z,Not applicable,2024,,965246,,A,Normal value,0,Units,0,Zero
DATAFLOW,OECD.CFE.EDS:DSD_FUA_DEMO@DF_AGE_SEX(1.2),Population by age and sex - Cities and FUAs,I,NL043F,Veenendaal,A,Annual,POP,Population,PS,Persons,_T,Total,_T,Total,_Z,Not applicable,FUA,FUA,_Z,Not applicable,2024,,89675,,A,Normal value,0,Units,0,Zero
DATAFLOW,OECD.CFE.EDS:DSD_FUA_DEMO@DF_AGE_SEX(1.2),Population by age and sex - Cities and FUAs,I,NL044F,Venlo,A,Annual,POP,Population,PS,Persons,_T,Total,_T,Total,_Z,Not applicable,FUA,FUA,_Z,Not applicable,2024,,206634,,A,Normal value,0,Units,0,Zero
DATAFLOW,OECD.CFE.EDS:DSD_FUA_DEMO@DF_AGE_SEX(1.2),Population by age and sex - Cities and FUAs,I,NL047F,Zwolle,A,Annual,POP,Population,PS,Persons,_T,Total,_T,Total,_Z,Not applicable,FUA,FUA,_Z,Not applicable,2024,,409524,,A,Normal value,0,Units,0,Zero
DATAFLOW,OECD.CFE.EDS:DSD_FUA_DEMO@DF_AGE_SEX(1.2),Population by age and sex - Cities and FUAs,I,NO001F,Oslo,A,Annual,POP,Population,PS,Persons,_T,Total,_T,Total,_Z,Not applicable,FUA,FUA,_Z,Not applicable,2024,,1533159,,A,Normal value,0,Units,0,Zero
DATAFLOW,OECD.CFE.EDS:DSD_FUA_DEMO@DF_AGE_SEX(1.2),Population by age and sex - Cities and FUAs,I,NO002F,Bergen,A,Annual,POP,Population,PS,Persons,_T,Total,_T,Total,_Z,Not applicable,FUA,FUA,_Z,Not applicable,2024,,432473,,A,Normal value,0,Units,0,Zero
DATAFLOW,OECD.CFE.EDS:DSD_FUA_DEMO@DF_AGE_SEX(1.2),Population by age and sex - Cities and FUAs,I,NO003F,Trondheim,A,Annual,POP,Population,PS,Persons,_T,Total,_T,Total,_Z,Not applicable,FUA,FUA,_Z,Not applicable,2024,,280109,,A,Normal value,0,Units,0,Zero
DATAFLOW,OECD.CFE.EDS:DSD_FUA_DEMO@DF_AGE_SEX(1.2),Population by age and sex - Cities and FUAs,I,NO004F,Stavanger,A,Annual,POP,Population,PS,Persons,_T,Total,_T,Total,_Z,Not applicable,FUA,FUA,_Z,Not applicable,2024,,340052,,A,Normal value,0,Units,0,Zero
DATAFLOW,OECD.CFE.EDS:DSD_FUA_DEMO@DF_AGE_SEX(1.2),Population by age and sex - Cities and FUAs,I,NZL01F,Auckland,A,Annual,POP,Population,PS,Persons,_T,Total,_T,Total,_Z,Not applicable,FUA,FUA,_Z,Not applicable,2024,,1774570,,A,Normal value,0,Units,0,Zero
DATAFLOW,OECD.CFE.EDS:DSD_FUA_DEMO@DF_AGE_SEX(1.2),Population by age and sex - Cities and FUAs,I,NZL02F,Christchurch,A,Annual,POP,Population,PS,Persons,_T,Total,_T,Total,_Z,Not applicable,FUA,FUA,_Z,Not applicable,2024,,546820,,A,Normal value,0,Units,0,Zero
DATAFLOW,OECD.CFE.EDS:DSD_FUA_DEMO@DF_AGE_SEX(1.2),Population by age and sex - Cities and FUAs,I,NZL03F,Wellington,A,Annual,POP,Population,PS,Persons,_T,Total,_T,Total,_Z,Not applicable,FUA,FUA,_Z,Not applicable,2024,,441150,,A,Normal value,0,Units,0,Zero
DATAFLOW,OECD.CFE.EDS:DSD_FUA_DEMO@DF_AGE_SEX(1.2),Population by age and sex - Cities and FUAs,I,NZL04F,Hamilton,A,Annual,POP,Population,PS,Persons,_T,Total,_T,Total,_Z,Not applicable,FUA,FUA,_Z,Not applicable,2024,,232290,,A,Normal value,0,Units,0,Zero
DATAFLOW,OECD.CFE.EDS:DSD_FUA_DEMO@DF_AGE_SEX(1.2),Population by age and sex - Cities and FUAs,I,NZL05F,Tauranga,A,Annual,POP,Population,PS,Persons,_T,Total,_T,Total,_Z,Not applicable,FUA,FUA,_Z,Not applicable,2024,,184310,,A,Normal value,0,Units,0,Zero
DATAFLOW,OECD.CFE.EDS:DSD_FUA_DEMO@DF_AGE_SEX(1.2),Population by age and sex - Cities and FUAs,I,NZL06F,Dunedin,A,Annual,POP,Population,PS,Persons,_T,Total,_T,Total,_Z,Not applicable,FUA,FUA,_Z,Not applicable,2024,,131140,,A,Normal value,0,Units,0,Zero
DATAFLOW,OECD.CFE.EDS:DSD_FUA_DEMO@DF_AGE_SEX(1.2),Population by age and sex - Cities and FUAs,I,NZL07F,Palmerston North,A,Annual,POP,Population,PS,Persons,_T,Total,_T,Total,_Z,Not applicable,FUA,FUA,_Z,Not applicable,2024,,99060,,A,Normal value,0,Units,0,Zero
DATAFLOW,OECD.CFE.EDS:DSD_FUA_DEMO@DF_AGE_SEX(1.2),Population by age and sex - Cities and FUAs,I,NZL08F,New Plymouth,A,Annual,POP,Population,PS,Persons,_T,Total,_T,Total,_Z,Not applicable,FUA,FUA,_Z,Not applicable,2024,,88690,,A,Normal value,0,Units,0,Zero
DATAFLOW,OECD.CFE.EDS:DSD_FUA_DEMO@DF_AGE_SEX(1.2),Population by age and sex - Cities and FUAs,I,NZL09F,Nelson,A,Annual,POP,Population,PS,Persons,_T,Total,_T,Total,_Z,Not applicable,FUA,FUA,_Z,Not applicable,2024,,89240,,A,Normal value,0,Units,0,Zero
DATAFLOW,OECD.CFE.EDS:DSD_FUA_DEMO@DF_AGE_SEX(1.2),Population by age and sex - Cities and FUAs,I,NZL10F,Whangārei,A,Annual,POP,Population,PS,Persons,_T,Total,_T,Total,_Z,Not applicable,FUA,FUA,_Z,Not applicable,2024,,95000,,A,Normal value,0,Units,0,Zero
DATAFLOW,OECD.CFE.EDS:DSD_FUA_DEMO@DF_AGE_SEX(1.2),Population by age and sex - Cities and FUAs,I,NZL11F,Hastings,A,Annual,POP,Population,PS,Persons,_T,Total,_T,Total,_Z,Not applicable,FUA,FUA,_Z,Not applicable,2024,,83220,,A,Normal value,0,Units,0,Zero
DATAFLOW,OECD.CFE.EDS:DSD_FUA_DEMO@DF_AGE_SEX(1.2),Population by age and sex - Cities and FUAs,I,NZL12F,Rotorua,A,Annual,POP,Population,PS,Persons,_T,Total,_T,Total,_Z,Not applicable,FUA,FUA,_Z,Not applicable,2024,,71200,,A,Normal value,0,Units,0,Zero
DATAFLOW,OECD.CFE.EDS:DSD_FUA_DEMO@DF_AGE_SEX(1.2),Population by age and sex - Cities and FUAs,I,NZL13F,Napier,A,Annual,POP,Population,PS,Persons,_T,Total,_T,Total,_Z,Not applicable,FUA,FUA,_Z,Not applicable,2024,,69510,,A,Normal value,0,Units,0,Zero
DATAFLOW,OECD.CFE.EDS:DSD_FUA_DEMO@DF_AGE_SEX(1.2),Population by age and sex - Cities and FUAs,I,NZL14F,Invercargill,A,Annual,POP,Population,PS,Persons,_T,Total,_T,Total,_Z,Not applicable,FUA,FUA,_Z,Not applicable,2024,,58280,,A,Normal value,0,Units,0,Zero
DATAFLOW,OECD.CFE.EDS:DSD_FUA_DEMO@DF_AGE_SEX(1.2),Population by age and sex - Cities and FUAs,I,PL001F,Warszawa,A,Annual,POP,Population,PS,Persons,_T,Total,_T,Total,_Z,Not applicable,FUA,FUA,_Z,Not applicable,2024,,3524612,,A,Normal value,0,Units,0,Zero
DATAFLOW,OECD.CFE.EDS:DSD_FUA_DEMO@DF_AGE_SEX(1.2),Population by age and sex - Cities and FUAs,I,PL002F,Łódź,A,Annual,POP,Population,PS,Persons,_T,Total,_T,Total,_Z,Not applicable,FUA,FUA,_Z,Not applicable,2024,,1027819,,A,Normal value,0,Units,0,Zero
DATAFLOW,OECD.CFE.EDS:DSD_FUA_DEMO@DF_AGE_SEX(1.2),Population by age and sex - Cities and FUAs,I,PL003F,Kraków,A,Annual,POP,Population,PS,Persons,_T,Total,_T,Total,_Z,Not applicable,FUA,FUA,_Z,Not applicable,2024,,1456240,,A,Normal value,0,Units,0,Zero
DATAFLOW,OECD.CFE.EDS:DSD_FUA_DEMO@DF_AGE_SEX(1.2),Population by age and sex - Cities and FUAs,I,PL004F,Wrocław,A,Annual,POP,Population,PS,Persons,_T,Total,_T,Total,_Z,Not applicable,FUA,FUA,_Z,Not applicable,2024,,1038107,,A,Normal value,0,Units,0,Zero
DATAFLOW,OECD.CFE.EDS:DSD_FUA_DEMO@DF_AGE_SEX(1.2),Population by age and sex - Cities and FUAs,I,PL005F,Poznań,A,Annual,POP,Population,PS,Persons,_T,Total,_T,Total,_Z,Not applicable,FUA,FUA,_Z,Not applicable,2024,,992919,,A,Normal value,0,Units,0,Zero
DATAFLOW,OECD.CFE.EDS:DSD_FUA_DEMO@DF_AGE_SEX(1.2),Population by age and sex - Cities and FUAs,I,PL006F,Gdańsk,A,Annual,POP,Population,PS,Persons,_T,Total,_T,Total,_Z,Not applicable,FUA,FUA,_Z,Not applicable,2024,,717743,,A,Normal value,0,Units,0,Zero
DATAFLOW,OECD.CFE.EDS:DSD_FUA_DEMO@DF_AGE_SEX(1.2),Population by age and sex - Cities and FUAs,I,PL007F,Szczecin,A,Annual,POP,Population,PS,Persons,_T,Total,_T,Total,_Z,Not applicable,FUA,FUA,_Z,Not applicable,2024,,515242,,A,Normal value,0,Units,0,Zero
DATAFLOW,OECD.CFE.EDS:DSD_FUA_DEMO@DF_AGE_SEX(1.2),Population by age and sex - Cities and FUAs,I,PL008F,Bydgoszcz,A,Annual,POP,Population,PS,Persons,_T,Total,_T,Total,_Z,Not applicable,FUA,FUA,_Z,Not applicable,2024,,545444,,A,Normal value,0,Units,0,Zero
DATAFLOW,OECD.CFE.EDS:DSD_FUA_DEMO@DF_AGE_SEX(1.2),Population by age and sex - Cities and FUAs,I,PL009F,Lublin,A,Annual,POP,Population,PS,Persons,_T,Total,_T,Total,_Z,Not applicable,FUA,FUA,_Z,Not applicable,2024,,677413,,A,Normal value,0,Units,0,Zero
DATAFLOW,OECD.CFE.EDS:DSD_FUA_DEMO@DF_AGE_SEX(1.2),Population by age and sex - Cities and FUAs,I,PL010F,Katowice,A,Annual,POP,Population,PS,Persons,_T,Total,_T,Total,_Z,Not applicable,FUA,FUA,_Z,Not applicable,2024,,1266834,,A,Normal value,0,Units,0,Zero
DATAFLOW,OECD.CFE.EDS:DSD_FUA_DEMO@DF_AGE_SEX(1.2),Population by age and sex - Cities and FUAs,I,PL011F,Białystok,A,Annual,POP,Population,PS,Persons,_T,Total,_T,Total,_Z,Not applicable,FUA,FUA,_Z,Not applicable,2024,,469829,,A,Normal value,0,Units,0,Zero
DATAFLOW,OECD.CFE.EDS:DSD_FUA_DEMO@DF_AGE_SEX(1.2),Population by age and sex - Cities and FUAs,I,PL012F,Kielce,A,Annual,POP,Population,PS,Persons,_T,Total,_T,Total,_Z,Not applicable,FUA,FUA,_Z,Not applicable,2024,,393623,,A,Normal value,0,Units,0,Zero
DATAFLOW,OECD.CFE.EDS:DSD_FUA_DEMO@DF_AGE_SEX(1.2),Population by age and sex - Cities and FUAs,I,PL013F,Toruń,A,Annual,POP,Population,PS,Persons,_T,Total,_T,Total,_Z,Not applicable,FUA,FUA,_Z,Not applicable,2024,,323575,,A,Normal value,0,Units,0,Zero
DATAFLOW,OECD.CFE.EDS:DSD_FUA_DEMO@DF_AGE_SEX(1.2),Population by age and sex - Cities and FUAs,I,PL014F,Olsztyn,A,Annual,POP,Population,PS,Persons,_T,Total,_T,Total,_Z,Not applicable,FUA,FUA,_Z,Not applicable,2024,,268565,,A,Normal value,0,Units,0,Zero
DATAFLOW,OECD.CFE.EDS:DSD_FUA_DEMO@DF_AGE_SEX(1.2),Population by age and sex - Cities and FUAs,I,PL015F,Rzeszów,A,Annual,POP,Population,PS,Persons,_T,Total,_T,Total,_Z,Not applicable,FUA,FUA,_Z,Not applicable,2024,,483729,,A,Normal value,0,Units,0,Zero
DATAFLOW,OECD.CFE.EDS:DSD_FUA_DEMO@DF_AGE_SEX(1.2),Population by age and sex - Cities and FUAs,I,PL016F,Opole,A,Annual,POP,Population,PS,Persons,_T,Total,_T,Total,_Z,Not applicable,FUA,FUA,_Z,Not applicable,2024,,263526,,A,Normal value,0,Units,0,Zero
DATAFLOW,OECD.CFE.EDS:DSD_FUA_DEMO@DF_AGE_SEX(1.2),Population by age and sex - Cities and FUAs,I,PL017F,Gorzów Wielkopolski,A,Annual,POP,Population,PS,Persons,_T,Total,_T,Total,_Z,Not applicable,FUA,FUA,_Z,Not applicable,2024,,163418,,A,Normal value,0,Units,0,Zero
DATAFLOW,OECD.CFE.EDS:DSD_FUA_DEMO@DF_AGE_SEX(1.2),Population by age and sex - Cities and FUAs,I,PL018F,Zielona Góra,A,Annual,POP,Population,PS,Persons,_T,Total,_T,Total,_Z,Not applicable,FUA,FUA,_Z,Not applicable,2024,,183719,,A,Normal value,0,Units,0,Zero
DATAFLOW,OECD.CFE.EDS:DSD_FUA_DEMO@DF_AGE_SEX(1.2),Population by age and sex - Cities and FUAs,I,PL019F,Jelenia Góra,A,Annual,POP,Population,PS,Persons,_T,Total,_T,Total,_Z,Not applicable,FUA,FUA,_Z,Not applicable,2024,,122053,,A,Normal value,0,Units,0,Zero
DATAFLOW,OECD.CFE.EDS:DSD_FUA_DEMO@DF_AGE_SEX(1.2),Population by age and sex - Cities and FUAs,I,PL020F,Nowy Sącz,A,Annual,POP,Population,PS,Persons,_T,Total,_T,Total,_Z,Not applicable,FUA,FUA,_Z,Not applicable,2024,,262233,,A,Normal value,0,Units,0,Zero
DATAFLOW,OECD.CFE.EDS:DSD_FUA_DEMO@DF_AGE_SEX(1.2),Population by age and sex - Cities and FUAs,I,PL021F,Suwałki,A,Annual,POP,Population,PS,Persons,_T,Total,_T,Total,_Z,Not applicable,FUA,FUA,_Z,Not applicable,2024,,113012,,A,Normal value,0,Units,0,Zero
DATAFLOW,OECD.CFE.EDS:DSD_FUA_DEMO@DF_AGE_SEX(1.2),Population by age and sex - Cities and FUAs,I,PL022F,Konin,A,Annual,POP,Population,PS,Persons,_T,Total,_T,Total,_Z,Not applicable,FUA,FUA,_Z,Not applicable,2024,,151817,,A,Normal value,0,Units,0,Zero
DATAFLOW,OECD.CFE.EDS:DSD_FUA_DEMO@DF_AGE_SEX(1.2),Population by age and sex - Cities and FUAs,I,PL024F,Częstochowa,A,Annual,POP,Population,PS,Persons,_T,Total,_T,Total,_Z,Not applicable,FUA,FUA,_Z,Not applicable,2024,,380900,,A,Normal value,0,Units,0,Zero
DATAFLOW,OECD.CFE.EDS:DSD_FUA_DEMO@DF_AGE_SEX(1.2),Population by age and sex - Cities and FUAs,I,PL025F,Radom,A,Annual,POP,Population,PS,Persons,_T,Total,_T,Total,_Z,Not applicable,FUA,FUA,_Z,Not applicable,2024,,321439,,A,Normal value,0,Units,0,Zero
DATAFLOW,OECD.CFE.EDS:DSD_FUA_DEMO@DF_AGE_SEX(1.2),Population by age and sex - Cities and FUAs,I,PL026F,Płock,A,Annual,POP,Population,PS,Persons,_T,Total,_T,Total,_Z,Not applicable,FUA,FUA,_Z,Not applicable,2024,,218245,,A,Normal value,0,Units,0,Zero
DATAFLOW,OECD.CFE.EDS:DSD_FUA_DEMO@DF_AGE_SEX(1.2),Population by age and sex - Cities and FUAs,I,PL027F,Kalisz,A,Annual,POP,Population,PS,Persons,_T,Total,_T,Total,_Z,Not applicable,FUA,FUA,_Z,Not applicable,2024,,200947,,A,Normal value,0,Units,0,Zero
DATAFLOW,OECD.CFE.EDS:DSD_FUA_DEMO@DF_AGE_SEX(1.2),Population by age and sex - Cities and FUAs,I,PL028F,Koszalin,A,Annual,POP,Population,PS,Persons,_T,Total,_T,Total,_Z,Not applicable,FUA,FUA,_Z,Not applicable,2024,,175480,,A,Normal value,0,Units,0,Zero
DATAFLOW,OECD.CFE.EDS:DSD_FUA_DEMO@DF_AGE_SEX(1.2),Population by age and sex - Cities and FUAs,I,PL029F,Słupsk,A,Annual,POP,Population,PS,Persons,_T,Total,_T,Total,_Z,Not applicable,FUA,FUA,_Z,Not applicable,2024,,184160,,A,Normal value,0,Units,0,Zero
DATAFLOW,OECD.CFE.EDS:DSD_FUA_DEMO@DF_AGE_SEX(1.2),Population by age and sex - Cities and FUAs,I,PL030F,Jastrzębie-Zdrój,A,Annual,POP,Population,PS,Persons,_T,Total,_T,Total,_Z,Not applicable,FUA,FUA,_Z,Not applicable,2024,,132766,,A,Normal value,0,Units,0,Zero
DATAFLOW,OECD.CFE.EDS:DSD_FUA_DEMO@DF_AGE_SEX(1.2),Population by age and sex - Cities and FUAs,I,PL031F,Siedlce,A,Annual,POP,Population,PS,Persons,_T,Total,_T,Total,_Z,Not applicable,FUA,FUA,_Z,Not applicable,2024,,147145,,A,Normal value,0,Units,0,Zero
DATAFLOW,OECD.CFE.EDS:DSD_FUA_DEMO@DF_AGE_SEX(1.2),Population by age and sex - Cities and FUAs,I,PL032F,Piotrków Trybunalski,A,Annual,POP,Population,PS,Persons,_T,Total,_T,Total,_Z,Not applicable,FUA,FUA,_Z,Not applicable,2024,,143919,,A,Normal value,0,Units,0,Zero
DATAFLOW,OECD.CFE.EDS:DSD_FUA_DEMO@DF_AGE_SEX(1.2),Population by age and sex - Cities and FUAs,I,PL033F,Lubin,A,Annual,POP,Population,PS,Persons,_T,Total,_T,Total,_Z,Not applicable,FUA,FUA,_Z,Not applicable,2024,,114699,,A,Normal value,0,Units,0,Zero
DATAFLOW,OECD.CFE.EDS:DSD_FUA_DEMO@DF_AGE_SEX(1.2),Population by age and sex - Cities and FUAs,I,PL034F,Piła,A,Annual,POP,Population,PS,Persons,_T,Total,_T,Total,_Z,Not applicable,FUA,FUA,_Z,Not applicable,2024,,109129,,A,Normal value,0,Units,0,Zero
DATAFLOW,OECD.CFE.EDS:DSD_FUA_DEMO@DF_AGE_SEX(1.2),Population by age and sex - Cities and FUAs,I,PL035F,Inowrocław,A,Annual,POP,Population,PS,Persons,_T,Total,_T,Total,_Z,Not applicable,FUA,FUA,_Z,Not applicable,2024,,114436,,A,Normal value,0,Units,0,Zero
DATAFLOW,OECD.CFE.EDS:DSD_FUA_DEMO@DF_AGE_SEX(1.2),Population by age and sex - Cities and FUAs,I,PL037F,Gniezno,A,Annual,POP,Population,PS,Persons,_T,Total,_T,Total,_Z,Not applicable,FUA,FUA,_Z,Not applicable,2024,,101553,,A,Normal value,0,Units,0,Zero
DATAFLOW,OECD.CFE.EDS:DSD_FUA_DEMO@DF_AGE_SEX(1.2),Population by age and sex - Cities and FUAs,I,PL038F,Stargard,A,Annual,POP,Population,PS,Persons,_T,Total,_T,Total,_Z,Not applicable,FUA,FUA,_Z,Not applicable,2024,,102170,,A,Normal value,0,Units,0,Zero
DATAFLOW,OECD.CFE.EDS:DSD_FUA_DEMO@DF_AGE_SEX(1.2),Population by age and sex - Cities and FUAs,I,PL039F,Ostrów Wielkopolski,A,Annual,POP,Population,PS,Persons,_T,Total,_T,Total,_Z,Not applicable,FUA,FUA,_Z,Not applicable,2024,,135570,,A,Normal value,0,Units,0,Zero
DATAFLOW,OECD.CFE.EDS:DSD_FUA_DEMO@DF_AGE_SEX(1.2),Population by age and sex - Cities and FUAs,I,PL041F,Zamość,A,Annual,POP,Population,PS,Persons,_T,Total,_T,Total,_Z,Not applicable,FUA,FUA,_Z,Not applicable,2024,,135925,,A,Normal value,0,Units,0,Zero
DATAFLOW,OECD.CFE.EDS:DSD_FUA_DEMO@DF_AGE_SEX(1.2),Population by age and sex - Cities and FUAs,I,PL042F,Chełm,A,Annual,POP,Population,PS,Persons,_T,Total,_T,Total,_Z,Not applicable,FUA,FUA,_Z,Not applicable,2024,,117610,,A,Normal value,0,Units,0,Zero
DATAFLOW,OECD.CFE.EDS:DSD_FUA_DEMO@DF_AGE_SEX(1.2),Population by age and sex - Cities and FUAs,I,PL044F,Głogów,A,Annual,POP,Population,PS,Persons,_T,Total,_T,Total,_Z,Not applicable,FUA,FUA,_Z,Not applicable,2024,,98222,,A,Normal value,0,Units,0,Zero
DATAFLOW,OECD.CFE.EDS:DSD_FUA_DEMO@DF_AGE_SEX(1.2),Population by age and sex - Cities and FUAs,I,PL047F,Łomża,A,Annual,POP,Population,PS,Persons,_T,Total,_T,Total,_Z,Not applicable,FUA,FUA,_Z,Not applicable,2024,,106400,,A,Normal value,0,Units,0,Zero
DATAFLOW,OECD.CFE.EDS:DSD_FUA_DEMO@DF_AGE_SEX(1.2),Population by age and sex - Cities and FUAs,I,PL051F,Tczew,A,Annual,POP,Population,PS,Persons,_T,Total,_T,Total,_Z,Not applicable,FUA,FUA,_Z,Not applicable,2024,,82368,,A,Normal value,0,Units,0,Zero
DATAFLOW,OECD.CFE.EDS:DSD_FUA_DEMO@DF_AGE_SEX(1.2),Population by age and sex - Cities and FUAs,I,PL052F,Ełk,A,Annual,POP,Population,PS,Persons,_T,Total,_T,Total,_Z,Not applicable,FUA,FUA,_Z,Not applicable,2024,,87992,,A,Normal value,0,Units,0,Zero
DATAFLOW,OECD.CFE.EDS:DSD_FUA_DEMO@DF_AGE_SEX(1.2),Population by age and sex - Cities and FUAs,I,PL058F,Bielsko-Biała,A,Annual,POP,Population,PS,Persons,_T,Total,_T,Total,_Z,Not applicable,FUA,FUA,_Z,Not applicable,2024,,362688,,A,Normal value,0,Units,0,Zero
DATAFLOW,OECD.CFE.EDS:DSD_FUA_DEMO@DF_AGE_SEX(1.2),Population by age and sex - Cities and FUAs,I,PL060F,Rybnik,A,Annual,POP,Population,PS,Persons,_T,Total,_T,Total,_Z,Not applicable,FUA,FUA,_Z,Not applicable,2024,,203027,,A,Normal value,0,Units,0,Zero
DATAFLOW,OECD.CFE.EDS:DSD_FUA_DEMO@DF_AGE_SEX(1.2),Population by age and sex - Cities and FUAs,I,PL062F,Wałbrzych,A,Annual,POP,Population,PS,Persons,_T,Total,_T,Total,_Z,Not applicable,FUA,FUA,_Z,Not applicable,2024,,151023,,A,Normal value,0,Units,0,Zero
DATAFLOW,OECD.CFE.EDS:DSD_FUA_DEMO@DF_AGE_SEX(1.2),Population by age and sex - Cities and FUAs,I,PL063F,Elbląg,A,Annual,POP,Population,PS,Persons,_T,Total,_T,Total,_Z,Not applicable,FUA,FUA,_Z,Not applicable,2024,,144995,,A,Normal value,0,Units,0,Zero
DATAFLOW,OECD.CFE.EDS:DSD_FUA_DEMO@DF_AGE_SEX(1.2),Population by age and sex - Cities and FUAs,I,PL064F,Włocławek,A,Annual,POP,Population,PS,Persons,_T,Total,_T,Total,_Z,Not applicable,FUA,FUA,_Z,Not applicable,2024,,187976,,A,Normal value,0,Units,0,Zero
DATAFLOW,OECD.CFE.EDS:DSD_FUA_DEMO@DF_AGE_SEX(1.2),Population by age and sex - Cities and FUAs,I,PL065F,Tarnów,A,Annual,POP,Population,PS,Persons,_T,Total,_T,Total,_Z,Not applicable,FUA,FUA,_Z,Not applicable,2024,,258242,,A,Normal value,0,Units,0,Zero
DATAFLOW,OECD.CFE.EDS:DSD_FUA_DEMO@DF_AGE_SEX(1.2),Population by age and sex - Cities and FUAs,I,PL067F,Legnica,A,Annual,POP,Population,PS,Persons,_T,Total,_T,Total,_Z,Not applicable,FUA,FUA,_Z,Not applicable,2024,,175618,,A,Normal value,0,Units,0,Zero
DATAFLOW,OECD.CFE.EDS:DSD_FUA_DEMO@DF_AGE_SEX(1.2),Population by age and sex - Cities and FUAs,I,PL068F,Grudziądz,A,Annual,POP,Population,PS,Persons,_T,Total,_T,Total,_Z,Not applicable,FUA,FUA,_Z,Not applicable,2024,,126380,,A,Normal value,0,Units,0,Zero
DATAFLOW,OECD.CFE.EDS:DSD_FUA_DEMO@DF_AGE_SEX(1.2),Population by age and sex - Cities and FUAs,I,PT001F,Lisboa,A,Annual,POP,Population,PS,Persons,_T,Total,_T,Total,_Z,Not applicable,FUA,FUA,_Z,Not applicable,2024,,3163849,,A,Normal value,0,Units,0,Zero
DATAFLOW,OECD.CFE.EDS:DSD_FUA_DEMO@DF_AGE_SEX(1.2),Population by age and sex - Cities and FUAs,I,PT002F,Porto,A,Annual,POP,Population,PS,Persons,_T,Total,_T,Total,_Z,Not applicable,FUA,FUA,_Z,Not applicable,2024,,1578389,,A,Normal value,0,Units,0,Zero
DATAFLOW,OECD.CFE.EDS:DSD_FUA_DEMO@DF_AGE_SEX(1.2),Population by age and sex - Cities and FUAs,I,PT003F,Braga,A,Annual,POP,Population,PS,Persons,_T,Total,_T,Total,_Z,Not applicable,FUA,FUA,_Z,Not applicable,2024,,272002,,A,Normal value,0,Units,0,Zero
DATAFLOW,OECD.CFE.EDS:DSD_FUA_DEMO@DF_AGE_SEX(1.2),Population by age and sex - Cities and FUAs,I,PT004F,Funchal,A,Annual,POP,Population,PS,Persons,_T,Total,_T,Total,_Z,Not applicable,FUA,FUA,_Z,Not applicable,2024,,234625,,A,Normal value,0,Units,0,Zero
DATAFLOW,OECD.CFE.EDS:DSD_FUA_DEMO@DF_AGE_SEX(1.2),Population by age and sex - Cities and FUAs,I,PT005F,Coimbra,A,Annual,POP,Population,PS,Persons,_T,Total,_T,Total,_Z,Not applicable,FUA,FUA,_Z,Not applicable,2024,,277380,,A,Normal value,0,Units,0,Zero
DATAFLOW,OECD.CFE.EDS:DSD_FUA_DEMO@DF_AGE_SEX(1.2),Population by age and sex - Cities and FUAs,I,PT007F,Ponta Delgada,A,Annual,POP,Population,PS,Persons,_T,Total,_T,Total,_Z,Not applicable,FUA,FUA,_Z,Not applicable,2024,,126933,,A,Normal value,0,Units,0,Zero
DATAFLOW,OECD.CFE.EDS:DSD_FUA_DEMO@DF_AGE_SEX(1.2),Population by age and sex - Cities and FUAs,I,PT008F,Aveiro,A,Annual,POP,Population,PS,Persons,_T,Total,_T,Total,_Z,Not applicable,FUA,FUA,_Z,Not applicable,2024,,182702,,A,Normal value,0,Units,0,Zero
DATAFLOW,OECD.CFE.EDS:DSD_FUA_DEMO@DF_AGE_SEX(1.2),Population by age and sex - Cities and FUAs,I,PT009F,Faro,A,Annual,POP,Population,PS,Persons,_T,Total,_T,Total,_Z,Not applicable,FUA,FUA,_Z,Not applicable,2024,,127529,,A,Normal value,0,Units,0,Zero
DATAFLOW,OECD.CFE.EDS:DSD_FUA_DEMO@DF_AGE_SEX(1.2),Population by age and sex - Cities and FUAs,I,PT010F,Viseu,A,Annual,POP,Population,PS,Persons,_T,Total,_T,Total,_Z,Not applicable,FUA,FUA,_Z,Not applicable,2024,,114767,,A,Normal value,0,Units,0,Zero
DATAFLOW,OECD.CFE.EDS:DSD_FUA_DEMO@DF_AGE_SEX(1.2),Population by age and sex - Cities and FUAs,I,PT011F,Viana do Castelo,A,Annual,POP,Population,PS,Persons,_T,Total,_T,Total,_Z,Not applicable,FUA,FUA,_Z,Not applicable,2024,,103579,,A,Normal value,0,Units,0,Zero
DATAFLOW,OECD.CFE.EDS:DSD_FUA_DEMO@DF_AGE_SEX(1.2),Population by age and sex - Cities and FUAs,I,PT013F,Póvoa de Varzim,A,Annual,POP,Population,PS,Persons,_T,Total,_T,Total,_Z,Not applicable,FUA,FUA,_Z,Not applicable,2024,,68459,,A,Normal value,0,Units,0,Zero
DATAFLOW,OECD.CFE.EDS:DSD_FUA_DEMO@DF_AGE_SEX(1.2),Population by age and sex - Cities and FUAs,I,PT015F,Guimarães,A,Annual,POP,Population,PS,Persons,_T,Total,_T,Total,_Z,Not applicable,FUA,FUA,_Z,Not applicable,2024,,181201,,A,Normal value,0,Units,0,Zero
DATAFLOW,OECD.CFE.EDS:DSD_FUA_DEMO@DF_AGE_SEX(1.2),Population by age and sex - Cities and FUAs,I,SK001F,Bratislava,A,Annual,POP,Population,PS,Persons,_T,Total,_T,Total,_Z,Not applicable,FUA,FUA,_Z,Not applicable,2024,,1049696,,A,Normal value,0,Units,0,Zero
DATAFLOW,OECD.CFE.EDS:DSD_FUA_DEMO@DF_AGE_SEX(1.2),Population by age and sex - Cities and FUAs,I,SK002F,Košice,A,Annual,POP,Population,PS,Persons,_T,Total,_T,Total,_Z,Not applicable,FUA,FUA,_Z,Not applicable,2024,,372203,,A,Normal value,0,Units,0,Zero
DATAFLOW,OECD.CFE.EDS:DSD_FUA_DEMO@DF_AGE_SEX(1.2),Population by age and sex - Cities and FUAs,I,SK003F,Banská Bystrica,A,Annual,POP,Population,PS,Persons,_T,Total,_T,Total,_Z,Not applicable,FUA,FUA,_Z,Not applicable,2024,,106902,,A,Normal value,0,Units,0,Zero
DATAFLOW,OECD.CFE.EDS:DSD_FUA_DEMO@DF_AGE_SEX(1.2),Population by age and sex - Cities and FUAs,I,SK004F,Nitra,A,Annual,POP,Population,PS,Persons,_T,Total,_T,Total,_Z,Not applicable,FUA,FUA,_Z,Not applicable,2024,,164698,,A,Normal value,0,Units,0,Zero
DATAFLOW,OECD.CFE.EDS:DSD_FUA_DEMO@DF_AGE_SEX(1.2),Population by age and sex - Cities and FUAs,I,SK005F,Prešov,A,Annual,POP,Population,PS,Persons,_T,Total,_T,Total,_Z,Not applicable,FUA,FUA,_Z,Not applicable,2024,,175094,,A,Normal value,0,Units,0,Zero
DATAFLOW,OECD.CFE.EDS:DSD_FUA_DEMO@DF_AGE_SEX(1.2),Population by age and sex - Cities and FUAs,I,SK006F,Žilina,A,Annual,POP,Population,PS,Persons,_T,Total,_T,Total,_Z,Not applicable,FUA,FUA,_Z,Not applicable,2024,,224416,,A,Normal value,0,Units,0,Zero
DATAFLOW,OECD.CFE.EDS:DSD_FUA_DEMO@DF_AGE_SEX(1.2),Population by age and sex - Cities and FUAs,I,SK008F,Trenčín,A,Annual,POP,Population,PS,Persons,_T,Total,_T,Total,_Z,Not applicable,FUA,FUA,_Z,Not applicable,2024,,113216,,A,Normal value,0,Units,0,Zero
DATAFLOW,OECD.CFE.EDS:DSD_FUA_DEMO@DF_AGE_SEX(1.2),Population by age and sex - Cities and FUAs,I,SI001F,Ljubljana,A,Annual,POP,Population,PS,Persons,_T,Total,_T,Total,_Z,Not applicable,FUA,FUA,_Z,Not applicable,2024,,916100,,A,Normal value,0,Units,0,Zero
DATAFLOW,OECD.CFE.EDS:DSD_FUA_DEMO@DF_AGE_SEX(1.2),Population by age and sex - Cities and FUAs,I,SI002F,Maribor,A,Annual,POP,Population,PS,Persons,_T,Total,_T,Total,_Z,Not applicable,FUA,FUA,_Z,Not applicable,2024,,261003,,A,Normal value,0,Units,0,Zero
DATAFLOW,OECD.CFE.EDS:DSD_FUA_DEMO@DF_AGE_SEX(1.2),Population by age and sex - Cities and FUAs,I,SE001F,Stockholm,A,Annual,POP,Population,PS,Persons,_T,Total,_T,Total,_Z,Not applicable,FUA,FUA,_Z,Not applicable,2024,,2561978,,A,Normal value,0,Units,0,Zero
DATAFLOW,OECD.CFE.EDS:DSD_FUA_DEMO@DF_AGE_SEX(1.2),Population by age and sex - Cities and FUAs,I,SE002F,Göteborg,A,Annual,POP,Population,PS,Persons,_T,Total,_T,Total,_Z,Not applicable,FUA,FUA,_Z,Not applicable,2024,,1097407,,A,Normal value,0,Units,0,Zero
DATAFLOW,OECD.CFE.EDS:DSD_FUA_DEMO@DF_AGE_SEX(1.2),Population by age and sex - Cities and FUAs,I,SE003F,Malmö,A,Annual,POP,Population,PS,Persons,_T,Total,_T,Total,_Z,Not applicable,FUA,FUA,_Z,Not applicable,2024,,876786,,A,Normal value,0,Units,0,Zero
DATAFLOW,OECD.CFE.EDS:DSD_FUA_DEMO@DF_AGE_SEX(1.2),Population by age and sex - Cities and FUAs,I,SE005F,Umeå,A,Annual,POP,Population,PS,Persons,_T,Total,_T,Total,_Z,Not applicable,FUA,FUA,_Z,Not applicable,2024,,164789,,A,Normal value,0,Units,0,Zero
DATAFLOW,OECD.CFE.EDS:DSD_FUA_DEMO@DF_AGE_SEX(1.2),Population by age and sex - Cities and FUAs,I,SE006F,Uppsala,A,Annual,POP,Population,PS,Persons,_T,Total,_T,Total,_Z,Not applicable,FUA,FUA,_Z,Not applicable,2024,,326796,,A,Normal value,0,Units,0,Zero
DATAFLOW,OECD.CFE.EDS:DSD_FUA_DEMO@DF_AGE_SEX(1.2),Population by age and sex - Cities and FUAs,I,SE007F,Linköping,A,Annual,POP,Population,PS,Persons,_T,Total,_T,Total,_Z,Not applicable,FUA,FUA,_Z,Not applicable,2024,,261659,,A,Normal value,0,Units,0,Zero
DATAFLOW,OECD.CFE.EDS:DSD_FUA_DEMO@DF_AGE_SEX(1.2),Population by age and sex - Cities and FUAs,I,SE008F,Örebro,A,Annual,POP,Population,PS,Persons,_T,Total,_T,Total,_Z,Not applicable,FUA,FUA,_Z,Not applicable,2024,,218186,,A,Normal value,0,Units,0,Zero
DATAFLOW,OECD.CFE.EDS:DSD_FUA_DEMO@DF_AGE_SEX(1.2),Population by age and sex - Cities and FUAs,I,SE010F,Västerås,A,Annual,POP,Population,PS,Persons,_T,Total,_T,Total,_Z,Not applicable,FUA,FUA,_Z,Not applicable,2024,,209975,,A,Normal value,0,Units,0,Zero
DATAFLOW,OECD.CFE.EDS:DSD_FUA_DEMO@DF_AGE_SEX(1.2),Population by age and sex - Cities and FUAs,I,SE011F,Norrköping,A,Annual,POP,Population,PS,Persons,_T,Total,_T,Total,_Z,Not applicable,FUA,FUA,_Z,Not applicable,2024,,188917,,A,Normal value,0,Units,0,Zero
DATAFLOW,OECD.CFE.EDS:DSD_FUA_DEMO@DF_AGE_SEX(1.2),Population by age and sex - Cities and FUAs,I,SE012F,Helsingborg,A,Annual,POP,Population,PS,Persons,_T,Total,_T,Total,_Z,Not applicable,FUA,FUA,_Z,Not applicable,2024,,258065,,A,Normal value,0,Units,0,Zero
DATAFLOW,OECD.CFE.EDS:DSD_FUA_DEMO@DF_AGE_SEX(1.2),Population by age and sex - Cities and FUAs,I,SE014F,Borås,A,Annual,POP,Population,PS,Persons,_T,Total,_T,Total,_Z,Not applicable,FUA,FUA,_Z,Not applicable,2024,,150604,,A,Normal value,0,Units,0,Zero
DATAFLOW,OECD.CFE.EDS:DSD_FUA_DEMO@DF_AGE_SEX(1.2),Population by age and sex - Cities and FUAs,I,TR001F,Ankara,A,Annual,POP,Population,PS,Persons,_T,Total,_T,Total,_Z,Not applicable,FUA,FUA,_Z,Not applicable,2024,,5246281,,A,Normal value,0,Units,0,Zero
DATAFLOW,OECD.CFE.EDS:DSD_FUA_DEMO@DF_AGE_SEX(1.2),Population by age and sex - Cities and FUAs,I,TR002F,Adana,A,Annual,POP,Population,PS,Persons,_T,Total,_T,Total,_Z,Not applicable,FUA,FUA,_Z,Not applicable,2024,,1816750,,A,Normal value,0,Units,0,Zero
DATAFLOW,OECD.CFE.EDS:DSD_FUA_DEMO@DF_AGE_SEX(1.2),Population by age and sex - Cities and FUAs,I,TR003F,Antalya,A,Annual,POP,Population,PS,Persons,_T,Total,_T,Total,_Z,Not applicable,FUA,FUA,_Z,Not applicable,2024,,1508134,,A,Normal value,0,Units,0,Zero
DATAFLOW,OECD.CFE.EDS:DSD_FUA_DEMO@DF_AGE_SEX(1.2),Population by age and sex - Cities and FUAs,I,TR004F,Balikesir,A,Annual,POP,Population,PS,Persons,_T,Total,_T,Total,_Z,Not applicable,FUA,FUA,_Z,Not applicable,2024,,375778,,A,Normal value,0,Units,0,Zero
DATAFLOW,OECD.CFE.EDS:DSD_FUA_DEMO@DF_AGE_SEX(1.2),Population by age and sex - Cities and FUAs,I,TR005F,Bursa,A,Annual,POP,Population,PS,Persons,_T,Total,_T,Total,_Z,Not applicable,FUA,FUA,_Z,Not applicable,2024,,2102169,,A,Normal value,0,Units,0,Zero
DATAFLOW,OECD.CFE.EDS:DSD_FUA_DEMO@DF_AGE_SEX(1.2),Population by age and sex - Cities and FUAs,I,TR006F,Denizli,A,Annual,POP,Population,PS,Persons,_T,Total,_T,Total,_Z,Not applicable,FUA,FUA,_Z,Not applicable,2024,,691783,,A,Normal value,0,Units,0,Zero
DATAFLOW,OECD.CFE.EDS:DSD_FUA_DEMO@DF_AGE_SEX(1.2),Population by age and sex - Cities and FUAs,I,TR007F,Diyarbakir,A,Annual,POP,Population,PS,Persons,_T,Total,_T,Total,_Z,Not applicable,FUA,FUA,_Z,Not applicable,2024,,1164940,,A,Normal value,0,Units,0,Zero
DATAFLOW,OECD.CFE.EDS:DSD_FUA_DEMO@DF_AGE_SEX(1.2),Population by age and sex - Cities and FUAs,I,TR008F,Edirne,A,Annual,POP,Population,PS,Persons,_T,Total,_T,Total,_Z,Not applicable,FUA,FUA,_Z,Not applicable,2024,,198428,,A,Normal value,0,Units,0,Zero
DATAFLOW,OECD.CFE.EDS:DSD_FUA_DEMO@DF_AGE_SEX(1.2),Population by age and sex - Cities and FUAs,I,TR009F,Erzurum,A,Annual,POP,Population,PS,Persons,_T,Total,_T,Total,_Z,Not applicable,FUA,FUA,_Z,Not applicable,2024,,440546,,A,Normal value,0,Units,0,Zero
DATAFLOW,OECD.CFE.EDS:DSD_FUA_DEMO@DF_AGE_SEX(1.2),Population by age and sex - Cities and FUAs,I,TR010F,Gaziantep,A,Annual,POP,Population,PS,Persons,_T,Total,_T,Total,_Z,Not applicable,FUA,FUA,_Z,Not applicable,2024,,1835508,,A,Normal value,0,Units,0,Zero
DATAFLOW,OECD.CFE.EDS:DSD_FUA_DEMO@DF_AGE_SEX(1.2),Population by age and sex - Cities and FUAs,I,TR011F,Hatay,A,Annual,POP,Population,PS,Persons,_T,Total,_T,Total,_Z,Not applicable,FUA,FUA,_Z,Not applicable,2024,,440536,,A,Normal value,0,Units,0,Zero
DATAFLOW,OECD.CFE.EDS:DSD_FUA_DEMO@DF_AGE_SEX(1.2),Population by age and sex - Cities and FUAs,I,TR012F,Istanbul,A,Annual,POP,Population,PS,Persons,_T,Total,_T,Total,_Z,Not applicable,FUA,FUA,_Z,Not applicable,2024,,13638945,,A,Normal value,0,Units,0,Zero
DATAFLOW,OECD.CFE.EDS:DSD_FUA_DEMO@DF_AGE_SEX(1.2),Population by age and sex - Cities and FUAs,I,TR013F,Izmir,A,Annual,POP,Population,PS,Persons,_T,Total,_T,Total,_Z,Not applicable,FUA,FUA,_Z,Not applicable,2024,,2938292,,A,Normal value,0,Units,0,Zero
DATAFLOW,OECD.CFE.EDS:DSD_FUA_DEMO@DF_AGE_SEX(1.2),Population by age and sex - Cities and FUAs,I,TR014F,Kars,A,Annual,POP,Population,PS,Persons,_T,Total,_T,Total,_Z,Not applicable,FUA,FUA,_Z,Not applicable,2024,,120948,,A,Normal value,0,Units,0,Zero
DATAFLOW,OECD.CFE.EDS:DSD_FUA_DEMO@DF_AGE_SEX(1.2),Population by age and sex - Cities and FUAs,I,TR015F,Kastamonu,A,Annual,POP,Population,PS,Persons,_T,Total,_T,Total,_Z,Not applicable,FUA,FUA,_Z,Not applicable,2024,,156638,,A,Normal value,0,Units,0,Zero
DATAFLOW,OECD.CFE.EDS:DSD_FUA_DEMO@DF_AGE_SEX(1.2),Population by age and sex - Cities and FUAs,I,TR016F,Kayseri,A,Annual,POP,Population,PS,Persons,_T,Total,_T,Total,_Z,Not applicable,FUA,FUA,_Z,Not applicable,2024,,1191072,,A,Normal value,0,Units,0,Zero
DATAFLOW,OECD.CFE.EDS:DSD_FUA_DEMO@DF_AGE_SEX(1.2),Population by age and sex - Cities and FUAs,I,TR017F,Kocaeli,A,Annual,POP,Population,PS,Persons,_T,Total,_T,Total,_Z,Not applicable,FUA,FUA,_Z,Not applicable,2024,,653643,,A,Normal value,0,Units,0,Zero
DATAFLOW,OECD.CFE.EDS:DSD_FUA_DEMO@DF_AGE_SEX(1.2),Population by age and sex - Cities and FUAs,I,TR018F,Konya,A,Annual,POP,Population,PS,Persons,_T,Total,_T,Total,_Z,Not applicable,FUA,FUA,_Z,Not applicable,2024,,1433861,,A,Normal value,0,Units,0,Zero
DATAFLOW,OECD.CFE.EDS:DSD_FUA_DEMO@DF_AGE_SEX(1.2),Population by age and sex - Cities and FUAs,I,TR019F,Malatya,A,Annual,POP,Population,PS,Persons,_T,Total,_T,Total,_Z,Not applicable,FUA,FUA,_Z,Not applicable,2024,,575158,,A,Normal value,0,Units,0,Zero
DATAFLOW,OECD.CFE.EDS:DSD_FUA_DEMO@DF_AGE_SEX(1.2),Population by age and sex - Cities and FUAs,I,TR020F,Manisa,A,Annual,POP,Population,PS,Persons,_T,Total,_T,Total,_Z,Not applicable,FUA,FUA,_Z,Not applicable,2024,,435388,,A,Normal value,0,Units,0,Zero
DATAFLOW,OECD.CFE.EDS:DSD_FUA_DEMO@DF_AGE_SEX(1.2),Population by age and sex - Cities and FUAs,I,TR021F,Nevsehir,A,Annual,POP,Population,PS,Persons,_T,Total,_T,Total,_Z,Not applicable,FUA,FUA,_Z,Not applicable,2024,,161293,,A,Normal value,0,Units,0,Zero
DATAFLOW,OECD.CFE.EDS:DSD_FUA_DEMO@DF_AGE_SEX(1.2),Population by age and sex - Cities and FUAs,I,TR022F,Samsun,A,Annual,POP,Population,PS,Persons,_T,Total,_T,Total,_Z,Not applicable,FUA,FUA,_Z,Not applicable,2024,,679803,,A,Normal value,0,Units,0,Zero
DATAFLOW,OECD.CFE.EDS:DSD_FUA_DEMO@DF_AGE_SEX(1.2),Population by age and sex - Cities and FUAs,I,TR023F,Siirt,A,Annual,POP,Population,PS,Persons,_T,Total,_T,Total,_Z,Not applicable,FUA,FUA,_Z,Not applicable,2024,,181118,,A,Normal value,0,Units,0,Zero
DATAFLOW,OECD.CFE.EDS:DSD_FUA_DEMO@DF_AGE_SEX(1.2),Population by age and sex - Cities and FUAs,I,TR024F,Trabzon,A,Annual,POP,Population,PS,Persons,_T,Total,_T,Total,_Z,Not applicable,FUA,FUA,_Z,Not applicable,2024,,330836,,A,Normal value,0,Units,0,Zero
DATAFLOW,OECD.CFE.EDS:DSD_FUA_DEMO@DF_AGE_SEX(1.2),Population by age and sex - Cities and FUAs,I,TR025F,Van,A,Annual,POP,Population,PS,Persons,_T,Total,_T,Total,_Z,Not applicable,FUA,FUA,_Z,Not applicable,2024,,522862,,A,Normal value,0,Units,0,Zero
DATAFLOW,OECD.CFE.EDS:DSD_FUA_DEMO@DF_AGE_SEX(1.2),Population by age and sex - Cities and FUAs,I,TR026F,Zonguldak,A,Annual,POP,Population,PS,Persons,_T,Total,_T,Total,_Z,Not applicable,FUA,FUA,_Z,Not applicable,2024,,200147,,A,Normal value,0,Units,0,Zero
DATAFLOW,OECD.CFE.EDS:DSD_FUA_DEMO@DF_AGE_SEX(1.2),Population by age and sex - Cities and FUAs,I,USA01F,New York (Greater),A,Annual,POP,Population,PS,Persons,_T,Total,_T,Total,_Z,Not applicable,FUA,FUA,_Z,Not applicable,2024,,20692971,,A,Normal value,0,Units,0,Zero
DATAFLOW,OECD.CFE.EDS:DSD_FUA_DEMO@DF_AGE_SEX(1.2),Population by age and sex - Cities and FUAs,I,USA02F,Los Angeles (Greater),A,Annual,POP,Population,PS,Persons,_T,Total,_T,Total,_Z,Not applicable,FUA,FUA,_Z,Not applicable,2024,,17671828,,A,Normal value,0,Units,0,Zero
DATAFLOW,OECD.CFE.EDS:DSD_FUA_DEMO@DF_AGE_SEX(1.2),Population by age and sex - Cities and FUAs,I,USA03F,Chicago,A,Annual,POP,Population,PS,Persons,_T,Total,_T,Total,_Z,Not applicable,FUA,FUA,_Z,Not applicable,2024,,9577330,,A,Normal value,0,Units,0,Zero
DATAFLOW,OECD.CFE.EDS:DSD_FUA_DEMO@DF_AGE_SEX(1.2),Population by age and sex - Cities and FUAs,I,USA04F,Washington (Greater),A,Annual,POP,Population,PS,Persons,_T,Total,_T,Total,_Z,Not applicable,FUA,FUA,_Z,Not applicable,2024,,9453207,,A,Normal value,0,Units,0,Zero
DATAFLOW,OECD.CFE.EDS:DSD_FUA_DEMO@DF_AGE_SEX(1.2),Population by age and sex - Cities and FUAs,I,USA05F,San Francisco (Greater),A,Annual,POP,Population,PS,Persons,_T,Total,_T,Total,_Z,Not applicable,FUA,FUA,_Z,Not applicable,2024,,6643970,,A,Normal value,0,Units,0,Zero
DATAFLOW,OECD.CFE.EDS:DSD_FUA_DEMO@DF_AGE_SEX(1.2),Population by age and sex - Cities and FUAs,I,USA06F,Philadelphia (Greater),A,Annual,POP,Population,PS,Persons,_T,Total,_T,Total,_Z,Not applicable,FUA,FUA,_Z,Not applicable,2024,,6722560,,A,Normal value,0,Units,0,Zero
DATAFLOW,OECD.CFE.EDS:DSD_FUA_DEMO@DF_AGE_SEX(1.2),Population by age and sex - Cities and FUAs,I,USA07F,Dallas,A,Annual,POP,Population,PS,Persons,_T,Total,_T,Total,_Z,Not applicable,FUA,FUA,_Z,Not applicable,2024,,8615005,,A,Normal value,0,Units,0,Zero
DATAFLOW,OECD.CFE.EDS:DSD_FUA_DEMO@DF_AGE_SEX(1.2),Population by age and sex - Cities and FUAs,I,USA08F,Houston,A,Annual,POP,Population,PS,Persons,_T,Total,_T,Total,_Z,Not applicable,FUA,FUA,_Z,Not applicable,2024,,7871915,,A,Normal value,0,Units,0,Zero
DATAFLOW,OECD.CFE.EDS:DSD_FUA_DEMO@DF_AGE_SEX(1.2),Population by age and sex - Cities and FUAs,I,USA09F,Miami (Greater),A,Annual,POP,Population,PS,Persons,_T,Total,_T,Total,_Z,Not applicable,FUA,FUA,_Z,Not applicable,2024,,6623654,,A,Normal value,0,Units,0,Zero
DATAFLOW,OECD.CFE.EDS:DSD_FUA_DEMO@DF_AGE_SEX(1.2),Population by age and sex - Cities and FUAs,I,USA100F,Escambia,A,Annual,POP,Population,PS,Persons,_T,Total,_T,Total,_Z,Not applicable,FUA,FUA,_Z,Not applicable,2024,,538928,,A,Normal value,0,Units,0,Zero
DATAFLOW,OECD.CFE.EDS:DSD_FUA_DEMO@DF_AGE_SEX(1.2),Population by age and sex - Cities and FUAs,I,USA101F,Caddo,A,Annual,POP,Population,PS,Persons,_T,Total,_T,Total,_Z,Not applicable,FUA,FUA,_Z,Not applicable,2024,,425691,,A,Normal value,0,Units,0,Zero
DATAFLOW,OECD.CFE.EDS:DSD_FUA_DEMO@DF_AGE_SEX(1.2),Population by age and sex - Cities and FUAs,I,USA102F,Tulare,A,Annual,POP,Population,PS,Persons,_T,Total,_T,Total,_Z,Not applicable,FUA,FUA,_Z,Not applicable,2024,,483546,,A,Normal value,0,Units,0,Zero
DATAFLOW,OECD.CFE.EDS:DSD_FUA_DEMO@DF_AGE_SEX(1.2),Population by age and sex - Cities and FUAs,I,USA103F,Newport News,A,Annual,POP,Population,PS,Persons,_T,Total,_T,Total,_Z,Not applicable,FUA,FUA,_Z,Not applicable,2024,,453672,,A,Normal value,0,Units,0,Zero
DATAFLOW,OECD.CFE.EDS:DSD_FUA_DEMO@DF_AGE_SEX(1.2),Population by age and sex - Cities and FUAs,I,USA104F,York,A,Annual,POP,Population,PS,Persons,_T,Total,_T,Total,_Z,Not applicable,FUA,FUA,_Z,Not applicable,2024,,471240,,A,Normal value,0,Units,0,Zero
DATAFLOW,OECD.CFE.EDS:DSD_FUA_DEMO@DF_AGE_SEX(1.2),Population by age and sex - Cities and FUAs,I,USA105F,Genesee,A,Annual,POP,Population,PS,Persons,_T,Total,_T,Total,_Z,Not applicable,FUA,FUA,_Z,Not applicable,2024,,402279,,A,Normal value,0,Units,0,Zero
DATAFLOW,OECD.CFE.EDS:DSD_FUA_DEMO@DF_AGE_SEX(1.2),Population by age and sex - Cities and FUAs,I,USA106F,Jefferson (TX),A,Annual,POP,Population,PS,Persons,_T,Total,_T,Total,_Z,Not applicable,FUA,FUA,_Z,Not applicable,2024,,431201,,A,Normal value,0,Units,0,Zero
DATAFLOW,OECD.CFE.EDS:DSD_FUA_DEMO@DF_AGE_SEX(1.2),Population by age and sex - Cities and FUAs,I,USA107F,Santa Barbara,A,Annual,POP,Population,PS,Persons,_T,Total,_T,Total,_Z,Not applicable,FUA,FUA,_Z,Not applicable,2024,,444500,,A,Normal value,0,Units,0,Zero
DATAFLOW,OECD.CFE.EDS:DSD_FUA_DEMO@DF_AGE_SEX(1.2),Population by age and sex - Cities and FUAs,I,USA108F,Lafayette,A,Annual,POP,Population,PS,Persons,_T,Total,_T,Total,_Z,Not applicable,FUA,FUA,_Z,Not applicable,2024,,443969,,A,Normal value,0,Units,0,Zero
DATAFLOW,OECD.CFE.EDS:DSD_FUA_DEMO@DF_AGE_SEX(1.2),Population by age and sex - Cities and FUAs,I,USA109F,Monterey,A,Annual,POP,Population,PS,Persons,_T,Total,_T,Total,_Z,Not applicable,FUA,FUA,_Z,Not applicable,2024,,436251,,A,Normal value,0,Units,0,Zero
DATAFLOW,OECD.CFE.EDS:DSD_FUA_DEMO@DF_AGE_SEX(1.2),Population by age and sex - Cities and FUAs,I,USA10F,Atlanta,A,Annual,POP,Population,PS,Persons,_T,Total,_T,Total,_Z,Not applicable,FUA,FUA,_Z,Not applicable,2024,,6012560,,A,Normal value,0,Units,0,Zero
DATAFLOW,OECD.CFE.EDS:DSD_FUA_DEMO@DF_AGE_SEX(1.2),Population by age and sex - Cities and FUAs,I,USA110F,Mobile,A,Annual,POP,Population,PS,Persons,_T,Total,_T,Total,_Z,Not applicable,FUA,FUA,_Z,Not applicable,2024,,412339,,A,Normal value,0,Units,0,Zero
DATAFLOW,OECD.CFE.EDS:DSD_FUA_DEMO@DF_AGE_SEX(1.2),Population by age and sex - Cities and FUAs,I,USA111F,Berks,A,Annual,POP,Population,PS,Persons,_T,Total,_T,Total,_Z,Not applicable,FUA,FUA,_Z,Not applicable,2024,,439117,,A,Normal value,0,Units,0,Zero
DATAFLOW,OECD.CFE.EDS:DSD_FUA_DEMO@DF_AGE_SEX(1.2),Population by age and sex - Cities and FUAs,I,USA112F,Cameron,A,Annual,POP,Population,PS,Persons,_T,Total,_T,Total,_Z,Not applicable,FUA,FUA,_Z,Not applicable,2024,,431874,,A,Normal value,0,Units,0,Zero
DATAFLOW,OECD.CFE.EDS:DSD_FUA_DEMO@DF_AGE_SEX(1.2),Population by age and sex - Cities and FUAs,I,USA113F,Bell,A,Annual,POP,Population,PS,Persons,_T,Total,_T,Total,_Z,Not applicable,FUA,FUA,_Z,Not applicable,2024,,509487,,A,Normal value,0,Units,0,Zero
DATAFLOW,OECD.CFE.EDS:DSD_FUA_DEMO@DF_AGE_SEX(1.2),Population by age and sex - Cities and FUAs,I,USA114F,Nueces,A,Annual,POP,Population,PS,Persons,_T,Total,_T,Total,_Z,Not applicable,FUA,FUA,_Z,Not applicable,2024,,424592,,A,Normal value,0,Units,0,Zero
DATAFLOW,OECD.CFE.EDS:DSD_FUA_DEMO@DF_AGE_SEX(1.2),Population by age and sex - Cities and FUAs,I,USA115F,Marion (OR),A,Annual,POP,Population,PS,Persons,_T,Total,_T,Total,_Z,Not applicable,FUA,FUA,_Z,Not applicable,2024,,443416,,A,Normal value,0,Units,0,Zero
DATAFLOW,OECD.CFE.EDS:DSD_FUA_DEMO@DF_AGE_SEX(1.2),Population by age and sex - Cities and FUAs,I,USA116F,Allen,A,Annual,POP,Population,PS,Persons,_T,Total,_T,Total,_Z,Not applicable,FUA,FUA,_Z,Not applicable,2024,,434180,,A,Normal value,0,Units,0,Zero
DATAFLOW,OECD.CFE.EDS:DSD_FUA_DEMO@DF_AGE_SEX(1.2),Population by age and sex - Cities and FUAs,I,USA117F,Scott,A,Annual,POP,Population,PS,Persons,_T,Total,_T,Total,_Z,Not applicable,FUA,FUA,_Z,Not applicable,2024,,381801,,A,Normal value,0,Units,0,Zero
DATAFLOW,OECD.CFE.EDS:DSD_FUA_DEMO@DF_AGE_SEX(1.2),Population by age and sex - Cities and FUAs,I,USA118F,Stark,A,Annual,POP,Population,PS,Persons,_T,Total,_T,Total,_Z,Not applicable,FUA,FUA,_Z,Not applicable,2024,,374091,,A,Normal value,0,Units,0,Zero
DATAFLOW,OECD.CFE.EDS:DSD_FUA_DEMO@DF_AGE_SEX(1.2),Population by age and sex - Cities and FUAs,I,USA119F,Tallahassee,A,Annual,POP,Population,PS,Persons,_T,Total,_T,Total,_Z,Not applicable,FUA,FUA,_Z,Not applicable,2024,,397675,,A,Normal value,0,Units,0,Zero
DATAFLOW,OECD.CFE.EDS:DSD_FUA_DEMO@DF_AGE_SEX(1.2),Population by age and sex - Cities and FUAs,I,USA11F,Boston,A,Annual,POP,Population,PS,Persons,_T,Total,_T,Total,_Z,Not applicable,FUA,FUA,_Z,Not applicable,2024,,4568882,,A,Normal value,0,Units,0,Zero
DATAFLOW,OECD.CFE.EDS:DSD_FUA_DEMO@DF_AGE_SEX(1.2),Population by age and sex - Cities and FUAs,I,USA120F,Cumberland (NC),A,Annual,POP,Population,PS,Persons,_T,Total,_T,Total,_Z,Not applicable,FUA,FUA,_Z,Not applicable,2024,,393812,,A,Normal value,0,Units,0,Zero
DATAFLOW,OECD.CFE.EDS:DSD_FUA_DEMO@DF_AGE_SEX(1.2),Population by age and sex - Cities and FUAs,I,USA121F,Lane,A,Annual,POP,Population,PS,Persons,_T,Total,_T,Total,_Z,Not applicable,FUA,FUA,_Z,Not applicable,2024,,382396,,A,Normal value,0,Units,0,Zero
DATAFLOW,OECD.CFE.EDS:DSD_FUA_DEMO@DF_AGE_SEX(1.2),Population by age and sex - Cities and FUAs,I,USA122F,Winnebago (IL),A,Annual,POP,Population,PS,Persons,_T,Total,_T,Total,_Z,Not applicable,FUA,FUA,_Z,Not applicable,2024,,337103,,A,Normal value,0,Units,0,Zero
DATAFLOW,OECD.CFE.EDS:DSD_FUA_DEMO@DF_AGE_SEX(1.2),Population by age and sex - Cities and FUAs,I,USA123F,Chatham,A,Annual,POP,Population,PS,Persons,_T,Total,_T,Total,_Z,Not applicable,FUA,FUA,_Z,Not applicable,2024,,431589,,A,Normal value,0,Units,0,Zero
DATAFLOW,OECD.CFE.EDS:DSD_FUA_DEMO@DF_AGE_SEX(1.2),Population by age and sex - Cities and FUAs,I,USA124F,Vanderburgh,A,Annual,POP,Population,PS,Persons,_T,Total,_T,Total,_Z,Not applicable,FUA,FUA,_Z,Not applicable,2024,,349006,,A,Normal value,0,Units,0,Zero
DATAFLOW,OECD.CFE.EDS:DSD_FUA_DEMO@DF_AGE_SEX(1.2),Population by age and sex - Cities and FUAs,I,USA125F,Washtenaw,A,Annual,POP,Population,PS,Persons,_T,Total,_T,Total,_Z,Not applicable,FUA,FUA,_Z,Not applicable,2024,,373875,,A,Normal value,0,Units,0,Zero
DATAFLOW,OECD.CFE.EDS:DSD_FUA_DEMO@DF_AGE_SEX(1.2),Population by age and sex - Cities and FUAs,I,USA126F,Lubbock,A,Annual,POP,Population,PS,Persons,_T,Total,_T,Total,_Z,Not applicable,FUA,FUA,_Z,Not applicable,2024,,384170,,A,Normal value,0,Units,0,Zero
DATAFLOW,OECD.CFE.EDS:DSD_FUA_DEMO@DF_AGE_SEX(1.2),Population by age and sex - Cities and FUAs,I,USA127F,Madison,A,Annual,POP,Population,PS,Persons,_T,Total,_T,Total,_Z,Not applicable,FUA,FUA,_Z,Not applicable,2024,,423355,,A,Normal value,0,Units,0,Zero
DATAFLOW,OECD.CFE.EDS:DSD_FUA_DEMO@DF_AGE_SEX(1.2),Population by age and sex - Cities and FUAs,I,USA128F,Marion (FL),A,Annual,POP,Population,PS,Persons,_T,Total,_T,Total,_Z,Not applicable,FUA,FUA,_Z,Not applicable,2024,,428905,,A,Normal value,0,Units,0,Zero
DATAFLOW,OECD.CFE.EDS:DSD_FUA_DEMO@DF_AGE_SEX(1.2),Population by age and sex - Cities and FUAs,I,USA129F,Peoria,A,Annual,POP,Population,PS,Persons,_T,Total,_T,Total,_Z,Not applicable,FUA,FUA,_Z,Not applicable,2024,,314723,,A,Normal value,0,Units,0,Zero
DATAFLOW,OECD.CFE.EDS:DSD_FUA_DEMO@DF_AGE_SEX(1.2),Population by age and sex - Cities and FUAs,I,USA12F,Phoenix,A,Annual,POP,Population,PS,Persons,_T,Total,_T,Total,_Z,Not applicable,FUA,FUA,_Z,Not applicable,2024,,5186958,,A,Normal value,0,Units,0,Zero
DATAFLOW,OECD.CFE.EDS:DSD_FUA_DEMO@DF_AGE_SEX(1.2),Population by age and sex - Cities and FUAs,I,USA130F,Collier,A,Annual,POP,Population,PS,Persons,_T,Total,_T,Total,_Z,Not applicable,FUA,FUA,_Z,Not applicable,2024,,416233,,A,Normal value,0,Units,0,Zero
DATAFLOW,OECD.CFE.EDS:DSD_FUA_DEMO@DF_AGE_SEX(1.2),Population by age and sex - Cities and FUAs,I,USA131F,Luzerne,A,Annual,POP,Population,PS,Persons,_T,Total,_T,Total,_Z,Not applicable,FUA,FUA,_Z,Not applicable,2024,,331379,,A,Normal value,0,Units,0,Zero
DATAFLOW,OECD.CFE.EDS:DSD_FUA_DEMO@DF_AGE_SEX(1.2),Population by age and sex - Cities and FUAs,I,USA132F,Lancaster (NE),A,Annual,POP,Population,PS,Persons,_T,Total,_T,Total,_Z,Not applicable,FUA,FUA,_Z,Not applicable,2024,,365366,,A,Normal value,0,Units,0,Zero
DATAFLOW,OECD.CFE.EDS:DSD_FUA_DEMO@DF_AGE_SEX(1.2),Population by age and sex - Cities and FUAs,I,USA133F,Thurston,A,Annual,POP,Population,PS,Persons,_T,Total,_T,Total,_Z,Not applicable,FUA,FUA,_Z,Not applicable,2024,,372544,,A,Normal value,0,Units,0,Zero
DATAFLOW,OECD.CFE.EDS:DSD_FUA_DEMO@DF_AGE_SEX(1.2),Population by age and sex - Cities and FUAs,I,USA134F,Sebastian,A,Annual,POP,Population,PS,Persons,_T,Total,_T,Total,_Z,Not applicable,FUA,FUA,_Z,Not applicable,2024,,310125,,A,Normal value,0,Units,0,Zero
DATAFLOW,OECD.CFE.EDS:DSD_FUA_DEMO@DF_AGE_SEX(1.2),Population by age and sex - Cities and FUAs,I,USA135F,Roanoke,A,Annual,POP,Population,PS,Persons,_T,Total,_T,Total,_Z,Not applicable,FUA,FUA,_Z,Not applicable,2024,,315749,,A,Normal value,0,Units,0,Zero
DATAFLOW,OECD.CFE.EDS:DSD_FUA_DEMO@DF_AGE_SEX(1.2),Population by age and sex - Cities and FUAs,I,USA136F,Muscogee,A,Annual,POP,Population,PS,Persons,_T,Total,_T,Total,_Z,Not applicable,FUA,FUA,_Z,Not applicable,2024,,324343,,A,Normal value,0,Units,0,Zero
DATAFLOW,OECD.CFE.EDS:DSD_FUA_DEMO@DF_AGE_SEX(1.2),Population by age and sex - Cities and FUAs,I,USA137F,Brown,A,Annual,POP,Population,PS,Persons,_T,Total,_T,Total,_Z,Not applicable,FUA,FUA,_Z,Not applicable,2024,,334697,,A,Normal value,0,Units,0,Zero
DATAFLOW,OECD.CFE.EDS:DSD_FUA_DEMO@DF_AGE_SEX(1.2),Population by age and sex - Cities and FUAs,I,USA138F,Alachua,A,Annual,POP,Population,PS,Persons,_T,Total,_T,Total,_Z,Not applicable,FUA,FUA,_Z,Not applicable,2024,,359780,,A,Normal value,0,Units,0,Zero
DATAFLOW,OECD.CFE.EDS:DSD_FUA_DEMO@DF_AGE_SEX(1.2),Population by age and sex - Cities and FUAs,I,USA139F,Larimer,A,Annual,POP,Population,PS,Persons,_T,Total,_T,Total,_Z,Not applicable,FUA,FUA,_Z,Not applicable,2024,,374574,,A,Normal value,0,Units,0,Zero
DATAFLOW,OECD.CFE.EDS:DSD_FUA_DEMO@DF_AGE_SEX(1.2),Population by age and sex - Cities and FUAs,I,USA13F,Detroit (Greater),A,Annual,POP,Population,PS,Persons,_T,Total,_T,Total,_Z,Not applicable,FUA,FUA,_Z,Not applicable,2024,,4467455,,A,Normal value,0,Units,0,Zero
DATAFLOW,OECD.CFE.EDS:DSD_FUA_DEMO@DF_AGE_SEX(1.2),Population by age and sex - Cities and FUAs,I,USA140F,Boulder,A,Annual,POP,Population,PS,Persons,_T,Total,_T,Total,_Z,Not applicable,FUA,FUA,_Z,Not applicable,2024,,330262,,A,Normal value,0,Units,0,Zero
DATAFLOW,OECD.CFE.EDS:DSD_FUA_DEMO@DF_AGE_SEX(1.2),Population by age and sex - Cities and FUAs,I,USA141F,Potter,A,Annual,POP,Population,PS,Persons,_T,Total,_T,Total,_Z,Not applicable,FUA,FUA,_Z,Not applicable,2024,,301248,,A,Normal value,0,Units,0,Zero
DATAFLOW,OECD.CFE.EDS:DSD_FUA_DEMO@DF_AGE_SEX(1.2),Population by age and sex - Cities and FUAs,I,USA142F,Cumberland (ME),A,Annual,POP,Population,PS,Persons,_T,Total,_T,Total,_Z,Not applicable,FUA,FUA,_Z,Not applicable,2024,,313809,,A,Normal value,0,Units,0,Zero
DATAFLOW,OECD.CFE.EDS:DSD_FUA_DEMO@DF_AGE_SEX(1.2),Population by age and sex - Cities and FUAs,I,USA143F,Erie (PA),A,Annual,POP,Population,PS,Persons,_T,Total,_T,Total,_Z,Not applicable,FUA,FUA,_Z,Not applicable,2024,,267750,,A,Normal value,0,Units,0,Zero
DATAFLOW,OECD.CFE.EDS:DSD_FUA_DEMO@DF_AGE_SEX(1.2),Population by age and sex - Cities and FUAs,I,USA144F,St. Lucie,A,Annual,POP,Population,PS,Persons,_T,Total,_T,Total,_Z,Not applicable,FUA,FUA,_Z,Not applicable,2024,,390670,,A,Normal value,0,Units,0,Zero
DATAFLOW,OECD.CFE.EDS:DSD_FUA_DEMO@DF_AGE_SEX(1.2),Population by age and sex - Cities and FUAs,I,USA145F,Nashville,A,Annual,POP,Population,PS,Persons,_T,Total,_T,Total,_Z,Not applicable,FUA,FUA,_Z,Not applicable,2024,,392138,,A,Normal value,0,Units,0,Zero
DATAFLOW,OECD.CFE.EDS:DSD_FUA_DEMO@DF_AGE_SEX(1.2),Population by age and sex - Cities and FUAs,I,USA146F,Atlantic City,A,Annual,POP,Population,PS,Persons,_T,Total,_T,Total,_Z,Not applicable,FUA,FUA,_Z,Not applicable,2024,,279114,,A,Normal value,0,Units,0,Zero
DATAFLOW,OECD.CFE.EDS:DSD_FUA_DEMO@DF_AGE_SEX(1.2),Population by age and sex - Cities and FUAs,I,USA147F,McLennan,A,Annual,POP,Population,PS,Persons,_T,Total,_T,Total,_Z,Not applicable,FUA,FUA,_Z,Not applicable,2024,,307123,,A,Normal value,0,Units,0,Zero
DATAFLOW,OECD.CFE.EDS:DSD_FUA_DEMO@DF_AGE_SEX(1.2),Population by age and sex - Cities and FUAs,I,USA148F,Durham,A,Annual,POP,Population,PS,Persons,_T,Total,_T,Total,_Z,Not applicable,FUA,FUA,_Z,Not applicable,2024,,343628,,A,Normal value,0,Units,0,Zero
DATAFLOW,OECD.CFE.EDS:DSD_FUA_DEMO@DF_AGE_SEX(1.2),Population by age and sex - Cities and FUAs,I,USA149F,Lackawanna,A,Annual,POP,Population,PS,Persons,_T,Total,_T,Total,_Z,Not applicable,FUA,FUA,_Z,Not applicable,2024,,268278,,A,Normal value,0,Units,0,Zero
DATAFLOW,OECD.CFE.EDS:DSD_FUA_DEMO@DF_AGE_SEX(1.2),Population by age and sex - Cities and FUAs,I,USA14F,Seattle,A,Annual,POP,Population,PS,Persons,_T,Total,_T,Total,_Z,Not applicable,FUA,FUA,_Z,Not applicable,2024,,4145494,,A,Normal value,0,Units,0,Zero
DATAFLOW,OECD.CFE.EDS:DSD_FUA_DEMO@DF_AGE_SEX(1.2),Population by age and sex - Cities and FUAs,I,USA150F,St. Joseph,A,Annual,POP,Population,PS,Persons,_T,Total,_T,Total,_Z,Not applicable,FUA,FUA,_Z,Not applicable,2024,,273744,,A,Normal value,0,Units,0,Zero
DATAFLOW,OECD.CFE.EDS:DSD_FUA_DEMO@DF_AGE_SEX(1.2),Population by age and sex - Cities and FUAs,I,USA151F,Santa Cruz,A,Annual,POP,Population,PS,Persons,_T,Total,_T,Total,_Z,Not applicable,FUA,FUA,_Z,Not applicable,2024,,262406,,A,Normal value,0,Units,0,Zero
DATAFLOW,OECD.CFE.EDS:DSD_FUA_DEMO@DF_AGE_SEX(1.2),Population by age and sex - Cities and FUAs,I,USA152F,Webb,A,Annual,POP,Population,PS,Persons,_T,Total,_T,Total,_Z,Not applicable,FUA,FUA,_Z,Not applicable,2024,,279502,,A,Normal value,0,Units,0,Zero
DATAFLOW,OECD.CFE.EDS:DSD_FUA_DEMO@DF_AGE_SEX(1.2),Population by age and sex - Cities and FUAs,I,USA153F,Minnehaha,A,Annual,POP,Population,PS,Persons,_T,Total,_T,Total,_Z,Not applicable,FUA,FUA,_Z,Not applicable,2024,,327173,,A,Normal value,0,Units,0,Zero
DATAFLOW,OECD.CFE.EDS:DSD_FUA_DEMO@DF_AGE_SEX(1.2),Population by age and sex - Cities and FUAs,I,USA154F,Merced,A,Annual,POP,Population,PS,Persons,_T,Total,_T,Total,_Z,Not applicable,FUA,FUA,_Z,Not applicable,2024,,296774,,A,Normal value,0,Units,0,Zero
DATAFLOW,OECD.CFE.EDS:DSD_FUA_DEMO@DF_AGE_SEX(1.2),Population by age and sex - Cities and FUAs,I,USA155F,Benton (WA),A,Annual,POP,Population,PS,Persons,_T,Total,_T,Total,_Z,Not applicable,FUA,FUA,_Z,Not applicable,2024,,319428,,A,Normal value,0,Units,0,Zero
DATAFLOW,OECD.CFE.EDS:DSD_FUA_DEMO@DF_AGE_SEX(1.2),Population by age and sex - Cities and FUAs,I,USA156F,Weld,A,Annual,POP,Population,PS,Persons,_T,Total,_T,Total,_Z,Not applicable,FUA,FUA,_Z,Not applicable,2024,,369745,,A,Normal value,0,Units,0,Zero
DATAFLOW,OECD.CFE.EDS:DSD_FUA_DEMO@DF_AGE_SEX(1.2),Population by age and sex - Cities and FUAs,I,USA157F,Kalamazoo,A,Annual,POP,Population,PS,Persons,_T,Total,_T,Total,_Z,Not applicable,FUA,FUA,_Z,Not applicable,2024,,264780,,A,Normal value,0,Units,0,Zero
DATAFLOW,OECD.CFE.EDS:DSD_FUA_DEMO@DF_AGE_SEX(1.2),Population by age and sex - Cities and FUAs,I,USA158F,Butte,A,Annual,POP,Population,PS,Persons,_T,Total,_T,Total,_Z,Not applicable,FUA,FUA,_Z,Not applicable,2024,,236638,,A,Normal value,0,Units,0,Zero
DATAFLOW,OECD.CFE.EDS:DSD_FUA_DEMO@DF_AGE_SEX(1.2),Population by age and sex - Cities and FUAs,I,USA159F,Sangamon,A,Annual,POP,Population,PS,Persons,_T,Total,_T,Total,_Z,Not applicable,FUA,FUA,_Z,Not applicable,2024,,239555,,A,Normal value,0,Units,0,Zero
DATAFLOW,OECD.CFE.EDS:DSD_FUA_DEMO@DF_AGE_SEX(1.2),Population by age and sex - Cities and FUAs,I,USA15F,Minneapolis,A,Annual,POP,Population,PS,Persons,_T,Total,_T,Total,_Z,Not applicable,FUA,FUA,_Z,Not applicable,2024,,3717525,,A,Normal value,0,Units,0,Zero
DATAFLOW,OECD.CFE.EDS:DSD_FUA_DEMO@DF_AGE_SEX(1.2),Population by age and sex - Cities and FUAs,I,USA160F,Yakima,A,Annual,POP,Population,PS,Persons,_T,Total,_T,Total,_Z,Not applicable,FUA,FUA,_Z,Not applicable,2024,,258523,,A,Normal value,0,Units,0,Zero
DATAFLOW,OECD.CFE.EDS:DSD_FUA_DEMO@DF_AGE_SEX(1.2),Population by age and sex - Cities and FUAs,I,USA161F,Brazos,A,Annual,POP,Population,PS,Persons,_T,Total,_T,Total,_Z,Not applicable,FUA,FUA,_Z,Not applicable,2024,,301339,,A,Normal value,0,Units,0,Zero
DATAFLOW,OECD.CFE.EDS:DSD_FUA_DEMO@DF_AGE_SEX(1.2),Population by age and sex - Cities and FUAs,I,USA162F,Tuscaloosa,A,Annual,POP,Population,PS,Persons,_T,Total,_T,Total,_Z,Not applicable,FUA,FUA,_Z,Not applicable,2024,,281963,,A,Normal value,0,Units,0,Zero
DATAFLOW,OECD.CFE.EDS:DSD_FUA_DEMO@DF_AGE_SEX(1.2),Population by age and sex - Cities and FUAs,I,USA163F,Champaign,A,Annual,POP,Population,PS,Persons,_T,Total,_T,Total,_Z,Not applicable,FUA,FUA,_Z,Not applicable,2024,,248826,,A,Normal value,0,Units,0,Zero
DATAFLOW,OECD.CFE.EDS:DSD_FUA_DEMO@DF_AGE_SEX(1.2),Population by age and sex - Cities and FUAs,I,USA164F,Linn,A,Annual,POP,Population,PS,Persons,_T,Total,_T,Total,_Z,Not applicable,FUA,FUA,_Z,Not applicable,2024,,257561,,A,Normal value,0,Units,0,Zero
DATAFLOW,OECD.CFE.EDS:DSD_FUA_DEMO@DF_AGE_SEX(1.2),Population by age and sex - Cities and FUAs,I,USA165F,Lafayette (IN),A,Annual,POP,Population,PS,Persons,_T,Total,_T,Total,_Z,Not applicable,FUA,FUA,_Z,Not applicable,2024,,254534,,A,Normal value,0,Units,0,Zero
DATAFLOW,OECD.CFE.EDS:DSD_FUA_DEMO@DF_AGE_SEX(1.2),Population by age and sex - Cities and FUAs,I,USA166F,Shawnee,A,Annual,POP,Population,PS,Persons,_T,Total,_T,Total,_Z,Not applicable,FUA,FUA,_Z,Not applicable,2024,,232648,,A,Normal value,0,Units,0,Zero
DATAFLOW,OECD.CFE.EDS:DSD_FUA_DEMO@DF_AGE_SEX(1.2),Population by age and sex - Cities and FUAs,I,USA167F,Weber,A,Annual,POP,Population,PS,Persons,_T,Total,_T,Total,_Z,Not applicable,FUA,FUA,_Z,Not applicable,2024,,276118,,A,Normal value,0,Units,0,Zero
DATAFLOW,OECD.CFE.EDS:DSD_FUA_DEMO@DF_AGE_SEX(1.2),Population by age and sex - Cities and FUAs,I,USA168F,Outagamie,A,Annual,POP,Population,PS,Persons,_T,Total,_T,Total,_Z,Not applicable,FUA,FUA,_Z,Not applicable,2024,,248992,,A,Normal value,0,Units,0,Zero
DATAFLOW,OECD.CFE.EDS:DSD_FUA_DEMO@DF_AGE_SEX(1.2),Population by age and sex - Cities and FUAs,I,USA169F,Cass,A,Annual,POP,Population,PS,Persons,_T,Total,_T,Total,_Z,Not applicable,FUA,FUA,_Z,Not applicable,2024,,280345,,A,Normal value,0,Units,0,Zero
DATAFLOW,OECD.CFE.EDS:DSD_FUA_DEMO@DF_AGE_SEX(1.2),Population by age and sex - Cities and FUAs,I,USA16F,San Diego,A,Annual,POP,Population,PS,Persons,_T,Total,_T,Total,_Z,Not applicable,FUA,FUA,_Z,Not applicable,2024,,3298799,,A,Normal value,0,Units,0,Zero
DATAFLOW,OECD.CFE.EDS:DSD_FUA_DEMO@DF_AGE_SEX(1.2),Population by age and sex - Cities and FUAs,I,USA170F,Benton (AR),A,Annual,POP,Population,PS,Persons,_T,Total,_T,Total,_Z,Not applicable,FUA,FUA,_Z,Not applicable,2024,,321566,,A,Normal value,0,Units,0,Zero
DATAFLOW,OECD.CFE.EDS:DSD_FUA_DEMO@DF_AGE_SEX(1.2),Population by age and sex - Cities and FUAs,I,USA171F,Las Cruces,A,Annual,POP,Population,PS,Persons,_T,Total,_T,Total,_Z,Not applicable,FUA,FUA,_Z,Not applicable,2024,,229366,,A,Normal value,0,Units,0,Zero
DATAFLOW,OECD.CFE.EDS:DSD_FUA_DEMO@DF_AGE_SEX(1.2),Population by age and sex - Cities and FUAs,I,USA172F,Rochester (MN),A,Annual,POP,Population,PS,Persons,_T,Total,_T,Total,_Z,Not applicable,FUA,FUA,_Z,Not applicable,2024,,230742,,A,Normal value,0,Units,0,Zero
DATAFLOW,OECD.CFE.EDS:DSD_FUA_DEMO@DF_AGE_SEX(1.2),Population by age and sex - Cities and FUAs,I,USA173F,Jackson (OR),A,Annual,POP,Population,PS,Persons,_T,Total,_T,Total,_Z,Not applicable,FUA,FUA,_Z,Not applicable,2024,,221331,,A,Normal value,0,Units,0,Zero
DATAFLOW,OECD.CFE.EDS:DSD_FUA_DEMO@DF_AGE_SEX(1.2),Population by age and sex - Cities and FUAs,I,USA174F,New Hanover,A,Annual,POP,Population,PS,Persons,_T,Total,_T,Total,_Z,Not applicable,FUA,FUA,_Z,Not applicable,2024,,243333,,A,Normal value,0,Units,0,Zero
DATAFLOW,OECD.CFE.EDS:DSD_FUA_DEMO@DF_AGE_SEX(1.2),Population by age and sex - Cities and FUAs,I,USA175F,Whatcom,A,Annual,POP,Population,PS,Persons,_T,Total,_T,Total,_Z,Not applicable,FUA,FUA,_Z,Not applicable,2024,,234954,,A,Normal value,0,Units,0,Zero
DATAFLOW,OECD.CFE.EDS:DSD_FUA_DEMO@DF_AGE_SEX(1.2),Population by age and sex - Cities and FUAs,I,USA176F,Broome,A,Annual,POP,Population,PS,Persons,_T,Total,_T,Total,_Z,Not applicable,FUA,FUA,_Z,Not applicable,2024,,196397,,A,Normal value,0,Units,0,Zero
DATAFLOW,OECD.CFE.EDS:DSD_FUA_DEMO@DF_AGE_SEX(1.2),Population by age and sex - Cities and FUAs,I,USA177F,Saginaw,A,Annual,POP,Population,PS,Persons,_T,Total,_T,Total,_Z,Not applicable,FUA,FUA,_Z,Not applicable,2024,,187714,,A,Normal value,0,Units,0,Zero
DATAFLOW,OECD.CFE.EDS:DSD_FUA_DEMO@DF_AGE_SEX(1.2),Population by age and sex - Cities and FUAs,I,USA178F,Yuma,A,Annual,POP,Population,PS,Persons,_T,Total,_T,Total,_Z,Not applicable,FUA,FUA,_Z,Not applicable,2024,,220310,,A,Normal value,0,Units,0,Zero
DATAFLOW,OECD.CFE.EDS:DSD_FUA_DEMO@DF_AGE_SEX(1.2),Population by age and sex - Cities and FUAs,I,USA179F,Racine,A,Annual,POP,Population,PS,Persons,_T,Total,_T,Total,_Z,Not applicable,FUA,FUA,_Z,Not applicable,2024,,198651,,A,Normal value,0,Units,0,Zero
DATAFLOW,OECD.CFE.EDS:DSD_FUA_DEMO@DF_AGE_SEX(1.2),Population by age and sex - Cities and FUAs,I,USA17F,St. Louis,A,Annual,POP,Population,PS,Persons,_T,Total,_T,Total,_Z,Not applicable,FUA,FUA,_Z,Not applicable,2024,,2607113,,A,Normal value,0,Units,0,Zero
DATAFLOW,OECD.CFE.EDS:DSD_FUA_DEMO@DF_AGE_SEX(1.2),Population by age and sex - Cities and FUAs,I,USA180F,Punta Gorda,A,Annual,POP,Population,PS,Persons,_T,Total,_T,Total,_Z,Not applicable,FUA,FUA,_Z,Not applicable,2024,,248866,,A,Normal value,0,Units,0,Zero
DATAFLOW,OECD.CFE.EDS:DSD_FUA_DEMO@DF_AGE_SEX(1.2),Population by age and sex - Cities and FUAs,I,USA181F,Benton (MN),A,Annual,POP,Population,PS,Persons,_T,Total,_T,Total,_Z,Not applicable,FUA,FUA,_Z,Not applicable,2024,,205878,,A,Normal value,0,Units,0,Zero
DATAFLOW,OECD.CFE.EDS:DSD_FUA_DEMO@DF_AGE_SEX(1.2),Population by age and sex - Cities and FUAs,I,USA182F,Harrison,A,Annual,POP,Population,PS,Persons,_T,Total,_T,Total,_Z,Not applicable,FUA,FUA,_Z,Not applicable,2024,,213730,,A,Normal value,0,Units,0,Zero
DATAFLOW,OECD.CFE.EDS:DSD_FUA_DEMO@DF_AGE_SEX(1.2),Population by age and sex - Cities and FUAs,I,USA183F,McLean,A,Annual,POP,Population,PS,Persons,_T,Total,_T,Total,_Z,Not applicable,FUA,FUA,_Z,Not applicable,2024,,187388,,A,Normal value,0,Units,0,Zero
DATAFLOW,OECD.CFE.EDS:DSD_FUA_DEMO@DF_AGE_SEX(1.2),Population by age and sex - Cities and FUAs,I,USA184F,Woodbury,A,Annual,POP,Population,PS,Persons,_T,Total,_T,Total,_Z,Not applicable,FUA,FUA,_Z,Not applicable,2024,,192411,,A,Normal value,0,Units,0,Zero
DATAFLOW,OECD.CFE.EDS:DSD_FUA_DEMO@DF_AGE_SEX(1.2),Population by age and sex - Cities and FUAs,I,USA185F,Tampa-Hernando,A,Annual,POP,Population,PS,Persons,_T,Total,_T,Total,_Z,Not applicable,FUA,FUA,_Z,Not applicable,2024,,218150,,A,Normal value,0,Units,0,Zero
DATAFLOW,OECD.CFE.EDS:DSD_FUA_DEMO@DF_AGE_SEX(1.2),Population by age and sex - Cities and FUAs,I,USA186F,Muskegon,A,Annual,POP,Population,PS,Persons,_T,Total,_T,Total,_Z,Not applicable,FUA,FUA,_Z,Not applicable,2024,,177428,,A,Normal value,0,Units,0,Zero
DATAFLOW,OECD.CFE.EDS:DSD_FUA_DEMO@DF_AGE_SEX(1.2),Population by age and sex - Cities and FUAs,I,USA187F,Johnson,A,Annual,POP,Population,PS,Persons,_T,Total,_T,Total,_Z,Not applicable,FUA,FUA,_Z,Not applicable,2024,,199134,,A,Normal value,0,Units,0,Zero
DATAFLOW,OECD.CFE.EDS:DSD_FUA_DEMO@DF_AGE_SEX(1.2),Population by age and sex - Cities and FUAs,I,USA188F,Taylor,A,Annual,POP,Population,PS,Persons,_T,Total,_T,Total,_Z,Not applicable,FUA,FUA,_Z,Not applicable,2024,,187447,,A,Normal value,0,Units,0,Zero
DATAFLOW,OECD.CFE.EDS:DSD_FUA_DEMO@DF_AGE_SEX(1.2),Population by age and sex - Cities and FUAs,I,USA189F,Pitt,A,Annual,POP,Population,PS,Persons,_T,Total,_T,Total,_Z,Not applicable,FUA,FUA,_Z,Not applicable,2024,,180783,,A,Normal value,0,Units,0,Zero
DATAFLOW,OECD.CFE.EDS:DSD_FUA_DEMO@DF_AGE_SEX(1.2),Population by age and sex - Cities and FUAs,I,USA18F,Denver,A,Annual,POP,Population,PS,Persons,_T,Total,_T,Total,_Z,Not applicable,FUA,FUA,_Z,Not applicable,2024,,3052498,,A,Normal value,0,Units,0,Zero
DATAFLOW,OECD.CFE.EDS:DSD_FUA_DEMO@DF_AGE_SEX(1.2),Population by age and sex - Cities and FUAs,I,USA190F,Winnebago (WI),A,Annual,POP,Population,PS,Persons,_T,Total,_T,Total,_Z,Not applicable,FUA,FUA,_Z,Not applicable,2024,,173307,,A,Normal value,0,Units,0,Zero
DATAFLOW,OECD.CFE.EDS:DSD_FUA_DEMO@DF_AGE_SEX(1.2),Population by age and sex - Cities and FUAs,I,USA191F,Sutter,A,Annual,POP,Population,PS,Persons,_T,Total,_T,Total,_Z,Not applicable,FUA,FUA,_Z,Not applicable,2024,,186014,,A,Normal value,0,Units,0,Zero
DATAFLOW,OECD.CFE.EDS:DSD_FUA_DEMO@DF_AGE_SEX(1.2),Population by age and sex - Cities and FUAs,I,USA192F,Rock,A,Annual,POP,Population,PS,Persons,_T,Total,_T,Total,_Z,Not applicable,FUA,FUA,_Z,Not applicable,2024,,165461,,A,Normal value,0,Units,0,Zero
DATAFLOW,OECD.CFE.EDS:DSD_FUA_DEMO@DF_AGE_SEX(1.2),Population by age and sex - Cities and FUAs,I,USA193F,Pueblo,A,Annual,POP,Population,PS,Persons,_T,Total,_T,Total,_Z,Not applicable,FUA,FUA,_Z,Not applicable,2024,,169866,,A,Normal value,0,Units,0,Zero
DATAFLOW,OECD.CFE.EDS:DSD_FUA_DEMO@DF_AGE_SEX(1.2),Population by age and sex - Cities and FUAs,I,USA194F,Centre,A,Annual,POP,Population,PS,Persons,_T,Total,_T,Total,_Z,Not applicable,FUA,FUA,_Z,Not applicable,2024,,159805,,A,Normal value,0,Units,0,Zero
DATAFLOW,OECD.CFE.EDS:DSD_FUA_DEMO@DF_AGE_SEX(1.2),Population by age and sex - Cities and FUAs,I,USA195F,Yellowstone,A,Annual,POP,Population,PS,Persons,_T,Total,_T,Total,_Z,Not applicable,FUA,FUA,_Z,Not applicable,2024,,177898,,A,Normal value,0,Units,0,Zero
DATAFLOW,OECD.CFE.EDS:DSD_FUA_DEMO@DF_AGE_SEX(1.2),Population by age and sex - Cities and FUAs,I,USA196F,Wichita,A,Annual,POP,Population,PS,Persons,_T,Total,_T,Total,_Z,Not applicable,FUA,FUA,_Z,Not applicable,2024,,149869,,A,Normal value,0,Units,0,Zero
DATAFLOW,OECD.CFE.EDS:DSD_FUA_DEMO@DF_AGE_SEX(1.2),Population by age and sex - Cities and FUAs,I,USA197F,Washington (MD),A,Annual,POP,Population,PS,Persons,_T,Total,_T,Total,_Z,Not applicable,FUA,FUA,_Z,Not applicable,2024,,157228,,A,Normal value,0,Units,0,Zero
DATAFLOW,OECD.CFE.EDS:DSD_FUA_DEMO@DF_AGE_SEX(1.2),Population by age and sex - Cities and FUAs,I,USA198F,Mesa,A,Annual,POP,Population,PS,Persons,_T,Total,_T,Total,_Z,Not applicable,FUA,FUA,_Z,Not applicable,2024,,161260,,A,Normal value,0,Units,0,Zero
DATAFLOW,OECD.CFE.EDS:DSD_FUA_DEMO@DF_AGE_SEX(1.2),Population by age and sex - Cities and FUAs,I,USA199F,Midland,A,Annual,POP,Population,PS,Persons,_T,Total,_T,Total,_Z,Not applicable,FUA,FUA,_Z,Not applicable,2024,,189919,,A,Normal value,0,Units,0,Zero
DATAFLOW,OECD.CFE.EDS:DSD_FUA_DEMO@DF_AGE_SEX(1.2),Population by age and sex - Cities and FUAs,I,USA19F,San Antonio,A,Annual,POP,Population,PS,Persons,_T,Total,_T,Total,_Z,Not applicable,FUA,FUA,_Z,Not applicable,2024,,2782526,,A,Normal value,0,Units,0,Zero
DATAFLOW,OECD.CFE.EDS:DSD_FUA_DEMO@DF_AGE_SEX(1.2),Population by age and sex - Cities and FUAs,I,USA200F,Ector,A,Annual,POP,Population,PS,Persons,_T,Total,_T,Total,_Z,Not applicable,FUA,FUA,_Z,Not applicable,2024,,174616,,A,Normal value,0,Units,0,Zero
DATAFLOW,OECD.CFE.EDS:DSD_FUA_DEMO@DF_AGE_SEX(1.2),Population by age and sex - Cities and FUAs,I,USA201F,Comanche,A,Annual,POP,Population,PS,Persons,_T,Total,_T,Total,_Z,Not applicable,FUA,FUA,_Z,Not applicable,2024,,135156,,A,Normal value,0,Units,0,Zero
DATAFLOW,OECD.CFE.EDS:DSD_FUA_DEMO@DF_AGE_SEX(1.2),Population by age and sex - Cities and FUAs,I,USA202F,Indian River,A,Annual,POP,Population,PS,Persons,_T,Total,_T,Total,_Z,Not applicable,FUA,FUA,_Z,Not applicable,2024,,172139,,A,Normal value,0,Units,0,Zero
DATAFLOW,OECD.CFE.EDS:DSD_FUA_DEMO@DF_AGE_SEX(1.2),Population by age and sex - Cities and FUAs,I,USA203F,Monroe (IN),A,Annual,POP,Population,PS,Persons,_T,Total,_T,Total,_Z,Not applicable,FUA,FUA,_Z,Not applicable,2024,,140702,,A,Normal value,0,Units,0,Zero
DATAFLOW,OECD.CFE.EDS:DSD_FUA_DEMO@DF_AGE_SEX(1.2),Population by age and sex - Cities and FUAs,I,USA204F,Napa,A,Annual,POP,Population,PS,Persons,_T,Total,_T,Total,_Z,Not applicable,FUA,FUA,_Z,Not applicable,2024,,132727,,A,Normal value,0,Units,0,Zero
DATAFLOW,OECD.CFE.EDS:DSD_FUA_DEMO@DF_AGE_SEX(1.2),Population by age and sex - Cities and FUAs,I,USA205F,Delaware,A,Annual,POP,Population,PS,Persons,_T,Total,_T,Total,_Z,Not applicable,FUA,FUA,_Z,Not applicable,2024,,112951,,A,Normal value,0,Units,0,Zero
DATAFLOW,OECD.CFE.EDS:DSD_FUA_DEMO@DF_AGE_SEX(1.2),Population by age and sex - Cities and FUAs,I,USA206F,Kankakee,A,Annual,POP,Population,PS,Persons,_T,Total,_T,Total,_Z,Not applicable,FUA,FUA,_Z,Not applicable,2024,,106410,,A,Normal value,0,Units,0,Zero
DATAFLOW,OECD.CFE.EDS:DSD_FUA_DEMO@DF_AGE_SEX(1.2),Population by age and sex - Cities and FUAs,I,USA207F,Terrebonne,A,Annual,POP,Population,PS,Persons,_T,Total,_T,Total,_Z,Not applicable,FUA,FUA,_Z,Not applicable,2024,,103864,,A,Normal value,0,Units,0,Zero
DATAFLOW,OECD.CFE.EDS:DSD_FUA_DEMO@DF_AGE_SEX(1.2),Population by age and sex - Cities and FUAs,I,USA208F,Douglas (KS),A,Annual,POP,Population,PS,Persons,_T,Total,_T,Total,_Z,Not applicable,FUA,FUA,_Z,Not applicable,2024,,121989,,A,Normal value,0,Units,0,Zero
DATAFLOW,OECD.CFE.EDS:DSD_FUA_DEMO@DF_AGE_SEX(1.2),Population by age and sex - Cities and FUAs,I,USA209F,Flagler-Daytona Beach,A,Annual,POP,Population,PS,Persons,_T,Total,_T,Total,_Z,Not applicable,FUA,FUA,_Z,Not applicable,2024,,136744,,A,Normal value,0,Units,0,Zero
DATAFLOW,OECD.CFE.EDS:DSD_FUA_DEMO@DF_AGE_SEX(1.2),Population by age and sex - Cities and FUAs,I,USA20F,Portland,A,Annual,POP,Population,PS,Persons,_T,Total,_T,Total,_Z,Not applicable,FUA,FUA,_Z,Not applicable,2024,,2427018,,A,Normal value,0,Units,0,Zero
DATAFLOW,OECD.CFE.EDS:DSD_FUA_DEMO@DF_AGE_SEX(1.2),Population by age and sex - Cities and FUAs,I,USA210F,Sumter,A,Annual,POP,Population,PS,Persons,_T,Total,_T,Total,_Z,Not applicable,FUA,FUA,_Z,Not applicable,2024,,154693,,A,Normal value,0,Units,0,Zero
DATAFLOW,OECD.CFE.EDS:DSD_FUA_DEMO@DF_AGE_SEX(1.2),Population by age and sex - Cities and FUAs,I,USA211F,Maverick,A,Annual,POP,Population,PS,Persons,_T,Total,_T,Total,_Z,Not applicable,FUA,FUA,_Z,Not applicable,2024,,58829,,A,Normal value,0,Units,0,Zero
DATAFLOW,OECD.CFE.EDS:DSD_FUA_DEMO@DF_AGE_SEX(1.2),Population by age and sex - Cities and FUAs,I,USA21F,Cincinnati,A,Annual,POP,Population,PS,Persons,_T,Total,_T,Total,_Z,Not applicable,FUA,FUA,_Z,Not applicable,2024,,2235387,,A,Normal value,0,Units,0,Zero
DATAFLOW,OECD.CFE.EDS:DSD_FUA_DEMO@DF_AGE_SEX(1.2),Population by age and sex - Cities and FUAs,I,USA22F,Las Vegas,A,Annual,POP,Population,PS,Persons,_T,Total,_T,Total,_Z,Not applicable,FUA,FUA,_Z,Not applicable,2024,,2459206,,A,Normal value,0,Units,0,Zero
DATAFLOW,OECD.CFE.EDS:DSD_FUA_DEMO@DF_AGE_SEX(1.2),Population by age and sex - Cities and FUAs,I,USA23F,Orange,A,Annual,POP,Population,PS,Persons,_T,Total,_T,Total,_Z,Not applicable,FUA,FUA,_Z,Not applicable,2024,,2940513,,A,Normal value,0,Units,0,Zero
DATAFLOW,OECD.CFE.EDS:DSD_FUA_DEMO@DF_AGE_SEX(1.2),Population by age and sex - Cities and FUAs,I,USA24F,Jackson (MO),A,Annual,POP,Population,PS,Persons,_T,Total,_T,Total,_Z,Not applicable,FUA,FUA,_Z,Not applicable,2024,,2170212,,A,Normal value,0,Units,0,Zero
DATAFLOW,OECD.CFE.EDS:DSD_FUA_DEMO@DF_AGE_SEX(1.2),Population by age and sex - Cities and FUAs,I,USA25F,Indianapolis,A,Annual,POP,Population,PS,Persons,_T,Total,_T,Total,_Z,Not applicable,FUA,FUA,_Z,Not applicable,2024,,2181663,,A,Normal value,0,Units,0,Zero
DATAFLOW,OECD.CFE.EDS:DSD_FUA_DEMO@DF_AGE_SEX(1.2),Population by age and sex - Cities and FUAs,I,USA26F,Cuyahoga,A,Annual,POP,Population,PS,Persons,_T,Total,_T,Total,_Z,Not applicable,FUA,FUA,_Z,Not applicable,2024,,2074971,,A,Normal value,0,Units,0,Zero
DATAFLOW,OECD.CFE.EDS:DSD_FUA_DEMO@DF_AGE_SEX(1.2),Population by age and sex - Cities and FUAs,I,USA27F,New Haven,A,Annual,POP,Population,PS,Persons,_T,Total,_T,Total,_Z,Not applicable,FUA,FUA,_Z,Not applicable,2024,,2011617,,A,Normal value,0,Units,0,Zero
DATAFLOW,OECD.CFE.EDS:DSD_FUA_DEMO@DF_AGE_SEX(1.2),Population by age and sex - Cities and FUAs,I,USA28F,Charlotte,A,Annual,POP,Population,PS,Persons,_T,Total,_T,Total,_Z,Not applicable,FUA,FUA,_Z,Not applicable,2024,,2259607,,A,Normal value,0,Units,0,Zero
DATAFLOW,OECD.CFE.EDS:DSD_FUA_DEMO@DF_AGE_SEX(1.2),Population by age and sex - Cities and FUAs,I,USA29F,Sacramento,A,Annual,POP,Population,PS,Persons,_T,Total,_T,Total,_Z,Not applicable,FUA,FUA,_Z,Not applicable,2024,,2463127,,A,Normal value,0,Units,0,Zero
DATAFLOW,OECD.CFE.EDS:DSD_FUA_DEMO@DF_AGE_SEX(1.2),Population by age and sex - Cities and FUAs,I,USA30F,Austin,A,Annual,POP,Population,PS,Persons,_T,Total,_T,Total,_Z,Not applicable,FUA,FUA,_Z,Not applicable,2024,,2563995,,A,Normal value,0,Units,0,Zero
DATAFLOW,OECD.CFE.EDS:DSD_FUA_DEMO@DF_AGE_SEX(1.2),Population by age and sex - Cities and FUAs,I,USA31F,Columbus,A,Annual,POP,Population,PS,Persons,_T,Total,_T,Total,_Z,Not applicable,FUA,FUA,_Z,Not applicable,2024,,2189695,,A,Normal value,0,Units,0,Zero
DATAFLOW,OECD.CFE.EDS:DSD_FUA_DEMO@DF_AGE_SEX(1.2),Population by age and sex - Cities and FUAs,I,USA32F,Milwaukee,A,Annual,POP,Population,PS,Persons,_T,Total,_T,Total,_Z,Not applicable,FUA,FUA,_Z,Not applicable,2024,,1574452,,A,Normal value,0,Units,0,Zero
DATAFLOW,OECD.CFE.EDS:DSD_FUA_DEMO@DF_AGE_SEX(1.2),Population by age and sex - Cities and FUAs,I,USA33F,Jacksonville,A,Annual,POP,Population,PS,Persons,_T,Total,_T,Total,_Z,Not applicable,FUA,FUA,_Z,Not applicable,2024,,1860743,,A,Normal value,0,Units,0,Zero
DATAFLOW,OECD.CFE.EDS:DSD_FUA_DEMO@DF_AGE_SEX(1.2),Population by age and sex - Cities and FUAs,I,USA34F,Salt Lake,A,Annual,POP,Population,PS,Persons,_T,Total,_T,Total,_Z,Not applicable,FUA,FUA,_Z,Not applicable,2024,,1773292,,A,Normal value,0,Units,0,Zero
DATAFLOW,OECD.CFE.EDS:DSD_FUA_DEMO@DF_AGE_SEX(1.2),Population by age and sex - Cities and FUAs,I,USA35F,Tampa-Pinellas,A,Annual,POP,Population,PS,Persons,_T,Total,_T,Total,_Z,Not applicable,FUA,FUA,_Z,Not applicable,2024,,1624984,,A,Normal value,0,Units,0,Zero
DATAFLOW,OECD.CFE.EDS:DSD_FUA_DEMO@DF_AGE_SEX(1.2),Population by age and sex - Cities and FUAs,I,USA36F,Jefferson (KY),A,Annual,POP,Population,PS,Persons,_T,Total,_T,Total,_Z,Not applicable,FUA,FUA,_Z,Not applicable,2024,,1459320,,A,Normal value,0,Units,0,Zero
DATAFLOW,OECD.CFE.EDS:DSD_FUA_DEMO@DF_AGE_SEX(1.2),Population by age and sex - Cities and FUAs,I,USA37F,Memphis,A,Annual,POP,Population,PS,Persons,_T,Total,_T,Total,_Z,Not applicable,FUA,FUA,_Z,Not applicable,2024,,1301637,,A,Normal value,0,Units,0,Zero
DATAFLOW,OECD.CFE.EDS:DSD_FUA_DEMO@DF_AGE_SEX(1.2),Population by age and sex - Cities and FUAs,I,USA38F,Davidson,A,Annual,POP,Population,PS,Persons,_T,Total,_T,Total,_Z,Not applicable,FUA,FUA,_Z,Not applicable,2024,,1584873,,A,Normal value,0,Units,0,Zero
DATAFLOW,OECD.CFE.EDS:DSD_FUA_DEMO@DF_AGE_SEX(1.2),Population by age and sex - Cities and FUAs,I,USA39F,Oklahoma,A,Annual,POP,Population,PS,Persons,_T,Total,_T,Total,_Z,Not applicable,FUA,FUA,_Z,Not applicable,2024,,1455288,,A,Normal value,0,Units,0,Zero
DATAFLOW,OECD.CFE.EDS:DSD_FUA_DEMO@DF_AGE_SEX(1.2),Population by age and sex - Cities and FUAs,I,USA40F,Hartford,A,Annual,POP,Population,PS,Persons,_T,Total,_T,Total,_Z,Not applicable,FUA,FUA,_Z,Not applicable,2024,,1169048,,A,Normal value,0,Units,0,Zero
DATAFLOW,OECD.CFE.EDS:DSD_FUA_DEMO@DF_AGE_SEX(1.2),Population by age and sex - Cities and FUAs,I,USA41F,Pittsburgh,A,Annual,POP,Population,PS,Persons,_T,Total,_T,Total,_Z,Not applicable,FUA,FUA,_Z,Not applicable,2024,,1442248,,A,Normal value,0,Units,0,Zero
DATAFLOW,OECD.CFE.EDS:DSD_FUA_DEMO@DF_AGE_SEX(1.2),Population by age and sex - Cities and FUAs,I,USA42F,New Orleans,A,Annual,POP,Population,PS,Persons,_T,Total,_T,Total,_Z,Not applicable,FUA,FUA,_Z,Not applicable,2024,,1224735,,A,Normal value,0,Units,0,Zero
DATAFLOW,OECD.CFE.EDS:DSD_FUA_DEMO@DF_AGE_SEX(1.2),Population by age and sex - Cities and FUAs,I,USA43F,Virginia Beach,A,Annual,POP,Population,PS,Persons,_T,Total,_T,Total,_Z,Not applicable,FUA,FUA,_Z,Not applicable,2024,,1207718,,A,Normal value,0,Units,0,Zero
DATAFLOW,OECD.CFE.EDS:DSD_FUA_DEMO@DF_AGE_SEX(1.2),Population by age and sex - Cities and FUAs,I,USA44F,Erie (NY),A,Annual,POP,Population,PS,Persons,_T,Total,_T,Total,_Z,Not applicable,FUA,FUA,_Z,Not applicable,2024,,1160172,,A,Normal value,0,Units,0,Zero
DATAFLOW,OECD.CFE.EDS:DSD_FUA_DEMO@DF_AGE_SEX(1.2),Population by age and sex - Cities and FUAs,I,USA45F,Fresno (Greater),A,Annual,POP,Population,PS,Persons,_T,Total,_T,Total,_Z,Not applicable,FUA,FUA,_Z,Not applicable,2024,,1189557,,A,Normal value,0,Units,0,Zero
DATAFLOW,OECD.CFE.EDS:DSD_FUA_DEMO@DF_AGE_SEX(1.2),Population by age and sex - Cities and FUAs,I,USA46F,Richmond (Greater),A,Annual,POP,Population,PS,Persons,_T,Total,_T,Total,_Z,Not applicable,FUA,FUA,_Z,Not applicable,2024,,1249405,,A,Normal value,0,Units,0,Zero
DATAFLOW,OECD.CFE.EDS:DSD_FUA_DEMO@DF_AGE_SEX(1.2),Population by age and sex - Cities and FUAs,I,USA47F,Wake,A,Annual,POP,Population,PS,Persons,_T,Total,_T,Total,_Z,Not applicable,FUA,FUA,_Z,Not applicable,2024,,1482238,,A,Normal value,0,Units,0,Zero
DATAFLOW,OECD.CFE.EDS:DSD_FUA_DEMO@DF_AGE_SEX(1.2),Population by age and sex - Cities and FUAs,I,USA48F,Jefferson (AL),A,Annual,POP,Population,PS,Persons,_T,Total,_T,Total,_Z,Not applicable,FUA,FUA,_Z,Not applicable,2024,,1123063,,A,Normal value,0,Units,0,Zero
DATAFLOW,OECD.CFE.EDS:DSD_FUA_DEMO@DF_AGE_SEX(1.2),Population by age and sex - Cities and FUAs,I,USA49F,Tampa-Hillsborough,A,Annual,POP,Population,PS,Persons,_T,Total,_T,Total,_Z,Not applicable,FUA,FUA,_Z,Not applicable,2024,,1581426,,A,Normal value,0,Units,0,Zero
DATAFLOW,OECD.CFE.EDS:DSD_FUA_DEMO@DF_AGE_SEX(1.2),Population by age and sex - Cities and FUAs,I,USA50F,Pima,A,Annual,POP,Population,PS,Persons,_T,Total,_T,Total,_Z,Not applicable,FUA,FUA,_Z,Not applicable,2024,,1080149,,A,Normal value,0,Units,0,Zero
DATAFLOW,OECD.CFE.EDS:DSD_FUA_DEMO@DF_AGE_SEX(1.2),Population by age and sex - Cities and FUAs,I,USA51F,Tulsa,A,Annual,POP,Population,PS,Persons,_T,Total,_T,Total,_Z,Not applicable,FUA,FUA,_Z,Not applicable,2024,,1099947,,A,Normal value,0,Units,0,Zero
DATAFLOW,OECD.CFE.EDS:DSD_FUA_DEMO@DF_AGE_SEX(1.2),Population by age and sex - Cities and FUAs,I,USA52F,Albany,A,Annual,POP,Population,PS,Persons,_T,Total,_T,Total,_Z,Not applicable,FUA,FUA,_Z,Not applicable,2024,,1010036,,A,Normal value,0,Units,0,Zero
DATAFLOW,OECD.CFE.EDS:DSD_FUA_DEMO@DF_AGE_SEX(1.2),Population by age and sex - Cities and FUAs,I,USA53F,Providence,A,Annual,POP,Population,PS,Persons,_T,Total,_T,Total,_Z,Not applicable,FUA,FUA,_Z,Not applicable,2024,,1028840,,A,Normal value,0,Units,0,Zero
DATAFLOW,OECD.CFE.EDS:DSD_FUA_DEMO@DF_AGE_SEX(1.2),Population by age and sex - Cities and FUAs,I,USA54F,Albuquerque,A,Annual,POP,Population,PS,Persons,_T,Total,_T,Total,_Z,Not applicable,FUA,FUA,_Z,Not applicable,2024,,952989,,A,Normal value,0,Units,0,Zero
DATAFLOW,OECD.CFE.EDS:DSD_FUA_DEMO@DF_AGE_SEX(1.2),Population by age and sex - Cities and FUAs,I,USA55F,Douglas (NE),A,Annual,POP,Population,PS,Persons,_T,Total,_T,Total,_Z,Not applicable,FUA,FUA,_Z,Not applicable,2024,,1007504,,A,Normal value,0,Units,0,Zero
DATAFLOW,OECD.CFE.EDS:DSD_FUA_DEMO@DF_AGE_SEX(1.2),Population by age and sex - Cities and FUAs,I,USA56F,Rochester (NY),A,Annual,POP,Population,PS,Persons,_T,Total,_T,Total,_Z,Not applicable,FUA,FUA,_Z,Not applicable,2024,,853449,,A,Normal value,0,Units,0,Zero
DATAFLOW,OECD.CFE.EDS:DSD_FUA_DEMO@DF_AGE_SEX(1.2),Population by age and sex - Cities and FUAs,I,USA57F,Kern,A,Annual,POP,Population,PS,Persons,_T,Total,_T,Total,_Z,Not applicable,FUA,FUA,_Z,Not applicable,2024,,922529,,A,Normal value,0,Units,0,Zero
DATAFLOW,OECD.CFE.EDS:DSD_FUA_DEMO@DF_AGE_SEX(1.2),Population by age and sex - Cities and FUAs,I,USA58F,Ventura,A,Annual,POP,Population,PS,Persons,_T,Total,_T,Total,_Z,Not applicable,FUA,FUA,_Z,Not applicable,2024,,835427,,A,Normal value,0,Units,0,Zero
DATAFLOW,OECD.CFE.EDS:DSD_FUA_DEMO@DF_AGE_SEX(1.2),Population by age and sex - Cities and FUAs,I,USA59F,El Paso (TX),A,Annual,POP,Population,PS,Persons,_T,Total,_T,Total,_Z,Not applicable,FUA,FUA,_Z,Not applicable,2024,,879392,,A,Normal value,0,Units,0,Zero
DATAFLOW,OECD.CFE.EDS:DSD_FUA_DEMO@DF_AGE_SEX(1.2),Population by age and sex - Cities and FUAs,I,USA60F,East Baton Rouge,A,Annual,POP,Population,PS,Persons,_T,Total,_T,Total,_Z,Not applicable,FUA,FUA,_Z,Not applicable,2024,,862602,,A,Normal value,0,Units,0,Zero
DATAFLOW,OECD.CFE.EDS:DSD_FUA_DEMO@DF_AGE_SEX(1.2),Population by age and sex - Cities and FUAs,I,USA61F,Worcester,A,Annual,POP,Population,PS,Persons,_T,Total,_T,Total,_Z,Not applicable,FUA,FUA,_Z,Not applicable,2024,,881248,,A,Normal value,0,Units,0,Zero
DATAFLOW,OECD.CFE.EDS:DSD_FUA_DEMO@DF_AGE_SEX(1.2),Population by age and sex - Cities and FUAs,I,USA62F,Hidalgo,A,Annual,POP,Population,PS,Persons,_T,Total,_T,Total,_Z,Not applicable,FUA,FUA,_Z,Not applicable,2024,,914820,,A,Normal value,0,Units,0,Zero
DATAFLOW,OECD.CFE.EDS:DSD_FUA_DEMO@DF_AGE_SEX(1.2),Population by age and sex - Cities and FUAs,I,USA63F,Richland,A,Annual,POP,Population,PS,Persons,_T,Total,_T,Total,_Z,Not applicable,FUA,FUA,_Z,Not applicable,2024,,850741,,A,Normal value,0,Units,0,Zero
DATAFLOW,OECD.CFE.EDS:DSD_FUA_DEMO@DF_AGE_SEX(1.2),Population by age and sex - Cities and FUAs,I,USA64F,Lehigh,A,Annual,POP,Population,PS,Persons,_T,Total,_T,Total,_Z,Not applicable,FUA,FUA,_Z,Not applicable,2024,,774387,,A,Normal value,0,Units,0,Zero
DATAFLOW,OECD.CFE.EDS:DSD_FUA_DEMO@DF_AGE_SEX(1.2),Population by age and sex - Cities and FUAs,I,USA65F,Sarasota,A,Annual,POP,Population,PS,Persons,_T,Total,_T,Total,_Z,Not applicable,FUA,FUA,_Z,Not applicable,2024,,934956,,A,Normal value,0,Units,0,Zero
DATAFLOW,OECD.CFE.EDS:DSD_FUA_DEMO@DF_AGE_SEX(1.2),Population by age and sex - Cities and FUAs,I,USA66F,Montgomery (OH),A,Annual,POP,Population,PS,Persons,_T,Total,_T,Total,_Z,Not applicable,FUA,FUA,_Z,Not applicable,2024,,709790,,A,Normal value,0,Units,0,Zero
DATAFLOW,OECD.CFE.EDS:DSD_FUA_DEMO@DF_AGE_SEX(1.2),Population by age and sex - Cities and FUAs,I,USA67F,San Joaquin,A,Annual,POP,Population,PS,Persons,_T,Total,_T,Total,_Z,Not applicable,FUA,FUA,_Z,Not applicable,2024,,816108,,A,Normal value,0,Units,0,Zero
DATAFLOW,OECD.CFE.EDS:DSD_FUA_DEMO@DF_AGE_SEX(1.2),Population by age and sex - Cities and FUAs,I,USA68F,Kent,A,Annual,POP,Population,PS,Persons,_T,Total,_T,Total,_Z,Not applicable,FUA,FUA,_Z,Not applicable,2024,,742316,,A,Normal value,0,Units,0,Zero
DATAFLOW,OECD.CFE.EDS:DSD_FUA_DEMO@DF_AGE_SEX(1.2),Population by age and sex - Cities and FUAs,I,USA69F,Charleston,A,Annual,POP,Population,PS,Persons,_T,Total,_T,Total,_Z,Not applicable,FUA,FUA,_Z,Not applicable,2024,,869940,,A,Normal value,0,Units,0,Zero
DATAFLOW,OECD.CFE.EDS:DSD_FUA_DEMO@DF_AGE_SEX(1.2),Population by age and sex - Cities and FUAs,I,USA70F,Onondaga,A,Annual,POP,Population,PS,Persons,_T,Total,_T,Total,_Z,Not applicable,FUA,FUA,_Z,Not applicable,2024,,655189,,A,Normal value,0,Units,0,Zero
DATAFLOW,OECD.CFE.EDS:DSD_FUA_DEMO@DF_AGE_SEX(1.2),Population by age and sex - Cities and FUAs,I,USA71F,El Paso (CO),A,Annual,POP,Population,PS,Persons,_T,Total,_T,Total,_Z,Not applicable,FUA,FUA,_Z,Not applicable,2024,,777634,,A,Normal value,0,Units,0,Zero
DATAFLOW,OECD.CFE.EDS:DSD_FUA_DEMO@DF_AGE_SEX(1.2),Population by age and sex - Cities and FUAs,I,USA72F,Ada,A,Annual,POP,Population,PS,Persons,_T,Total,_T,Total,_Z,Not applicable,FUA,FUA,_Z,Not applicable,2024,,875606,,A,Normal value,0,Units,0,Zero
DATAFLOW,OECD.CFE.EDS:DSD_FUA_DEMO@DF_AGE_SEX(1.2),Population by age and sex - Cities and FUAs,I,USA73F,Hampden,A,Annual,POP,Population,PS,Persons,_T,Total,_T,Total,_Z,Not applicable,FUA,FUA,_Z,Not applicable,2024,,629550,,A,Normal value,0,Units,0,Zero
DATAFLOW,OECD.CFE.EDS:DSD_FUA_DEMO@DF_AGE_SEX(1.2),Population by age and sex - Cities and FUAs,I,USA74F,Lee,A,Annual,POP,Population,PS,Persons,_T,Total,_T,Total,_Z,Not applicable,FUA,FUA,_Z,Not applicable,2024,,860959,,A,Normal value,0,Units,0,Zero
DATAFLOW,OECD.CFE.EDS:DSD_FUA_DEMO@DF_AGE_SEX(1.2),Population by age and sex - Cities and FUAs,I,USA75F,Sedgwick,A,Annual,POP,Population,PS,Persons,_T,Total,_T,Total,_Z,Not applicable,FUA,FUA,_Z,Not applicable,2024,,627575,,A,Normal value,0,Units,0,Zero
DATAFLOW,OECD.CFE.EDS:DSD_FUA_DEMO@DF_AGE_SEX(1.2),Population by age and sex - Cities and FUAs,I,USA76F,Polk,A,Annual,POP,Population,PS,Persons,_T,Total,_T,Total,_Z,Not applicable,FUA,FUA,_Z,Not applicable,2024,,725330,,A,Normal value,0,Units,0,Zero
DATAFLOW,OECD.CFE.EDS:DSD_FUA_DEMO@DF_AGE_SEX(1.2),Population by age and sex - Cities and FUAs,I,USA77F,Dauphin,A,Annual,POP,Population,PS,Persons,_T,Total,_T,Total,_Z,Not applicable,FUA,FUA,_Z,Not applicable,2024,,638756,,A,Normal value,0,Units,0,Zero
DATAFLOW,OECD.CFE.EDS:DSD_FUA_DEMO@DF_AGE_SEX(1.2),Population by age and sex - Cities and FUAs,I,USA78F,Lucas,A,Annual,POP,Population,PS,Persons,_T,Total,_T,Total,_Z,Not applicable,FUA,FUA,_Z,Not applicable,2024,,559368,,A,Normal value,0,Units,0,Zero
DATAFLOW,OECD.CFE.EDS:DSD_FUA_DEMO@DF_AGE_SEX(1.2),Population by age and sex - Cities and FUAs,I,USA79F,Pulaski,A,Annual,POP,Population,PS,Persons,_T,Total,_T,Total,_Z,Not applicable,FUA,FUA,_Z,Not applicable,2024,,608850,,A,Normal value,0,Units,0,Zero
DATAFLOW,OECD.CFE.EDS:DSD_FUA_DEMO@DF_AGE_SEX(1.2),Population by age and sex - Cities and FUAs,I,USA80F,Dane,A,Annual,POP,Population,PS,Persons,_T,Total,_T,Total,_Z,Not applicable,FUA,FUA,_Z,Not applicable,2024,,646460,,A,Normal value,0,Units,0,Zero
DATAFLOW,OECD.CFE.EDS:DSD_FUA_DEMO@DF_AGE_SEX(1.2),Population by age and sex - Cities and FUAs,I,USA81F,Brevard,A,Annual,POP,Population,PS,Persons,_T,Total,_T,Total,_Z,Not applicable,FUA,FUA,_Z,Not applicable,2024,,658447,,A,Normal value,0,Units,0,Zero
DATAFLOW,OECD.CFE.EDS:DSD_FUA_DEMO@DF_AGE_SEX(1.2),Population by age and sex - Cities and FUAs,I,USA82F,Summit,A,Annual,POP,Population,PS,Persons,_T,Total,_T,Total,_Z,Not applicable,FUA,FUA,_Z,Not applicable,2024,,538370,,A,Normal value,0,Units,0,Zero
DATAFLOW,OECD.CFE.EDS:DSD_FUA_DEMO@DF_AGE_SEX(1.2),Population by age and sex - Cities and FUAs,I,USA83F,Hamilton (TN),A,Annual,POP,Population,PS,Persons,_T,Total,_T,Total,_Z,Not applicable,FUA,FUA,_Z,Not applicable,2024,,588050,,A,Normal value,0,Units,0,Zero
DATAFLOW,OECD.CFE.EDS:DSD_FUA_DEMO@DF_AGE_SEX(1.2),Population by age and sex - Cities and FUAs,I,USA84F,Utah,A,Annual,POP,Population,PS,Persons,_T,Total,_T,Total,_Z,Not applicable,FUA,FUA,_Z,Not applicable,2024,,760531,,A,Normal value,0,Units,0,Zero
DATAFLOW,OECD.CFE.EDS:DSD_FUA_DEMO@DF_AGE_SEX(1.2),Population by age and sex - Cities and FUAs,I,USA85F,Lancaster (PA),A,Annual,POP,Population,PS,Persons,_T,Total,_T,Total,_Z,Not applicable,FUA,FUA,_Z,Not applicable,2024,,563293,,A,Normal value,0,Units,0,Zero
DATAFLOW,OECD.CFE.EDS:DSD_FUA_DEMO@DF_AGE_SEX(1.2),Population by age and sex - Cities and FUAs,I,USA86F,Stanislaus,A,Annual,POP,Population,PS,Persons,_T,Total,_T,Total,_Z,Not applicable,FUA,FUA,_Z,Not applicable,2024,,556972,,A,Normal value,0,Units,0,Zero
DATAFLOW,OECD.CFE.EDS:DSD_FUA_DEMO@DF_AGE_SEX(1.2),Population by age and sex - Cities and FUAs,I,USA87F,Greene,A,Annual,POP,Population,PS,Persons,_T,Total,_T,Total,_Z,Not applicable,FUA,FUA,_Z,Not applicable,2024,,564804,,A,Normal value,0,Units,0,Zero
DATAFLOW,OECD.CFE.EDS:DSD_FUA_DEMO@DF_AGE_SEX(1.2),Population by age and sex - Cities and FUAs,I,USA88F,Fayette,A,Annual,POP,Population,PS,Persons,_T,Total,_T,Total,_Z,Not applicable,FUA,FUA,_Z,Not applicable,2024,,564334,,A,Normal value,0,Units,0,Zero
DATAFLOW,OECD.CFE.EDS:DSD_FUA_DEMO@DF_AGE_SEX(1.2),Population by age and sex - Cities and FUAs,I,USA89F,Spokane,A,Annual,POP,Population,PS,Persons,_T,Total,_T,Total,_Z,Not applicable,FUA,FUA,_Z,Not applicable,2024,,582141,,A,Normal value,0,Units,0,Zero
DATAFLOW,OECD.CFE.EDS:DSD_FUA_DEMO@DF_AGE_SEX(1.2),Population by age and sex - Cities and FUAs,I,USA90F,Volusia-Daytona Beach,A,Annual,POP,Population,PS,Persons,_T,Total,_T,Total,_Z,Not applicable,FUA,FUA,_Z,Not applicable,2024,,602772,,A,Normal value,0,Units,0,Zero
DATAFLOW,OECD.CFE.EDS:DSD_FUA_DEMO@DF_AGE_SEX(1.2),Population by age and sex - Cities and FUAs,I,USA91F,Guilford,A,Annual,POP,Population,PS,Persons,_T,Total,_T,Total,_Z,Not applicable,FUA,FUA,_Z,Not applicable,2024,,558816,,A,Normal value,0,Units,0,Zero
DATAFLOW,OECD.CFE.EDS:DSD_FUA_DEMO@DF_AGE_SEX(1.2),Population by age and sex - Cities and FUAs,I,USA92F,Sonoma,A,Annual,POP,Population,PS,Persons,_T,Total,_T,Total,_Z,Not applicable,FUA,FUA,_Z,Not applicable,2024,,485375,,A,Normal value,0,Units,0,Zero
DATAFLOW,OECD.CFE.EDS:DSD_FUA_DEMO@DF_AGE_SEX(1.2),Population by age and sex - Cities and FUAs,I,USA93F,Forsyth,A,Annual,POP,Population,PS,Persons,_T,Total,_T,Total,_Z,Not applicable,FUA,FUA,_Z,Not applicable,2024,,527378,,A,Normal value,0,Units,0,Zero
DATAFLOW,OECD.CFE.EDS:DSD_FUA_DEMO@DF_AGE_SEX(1.2),Population by age and sex - Cities and FUAs,I,USA94F,Washoe,A,Annual,POP,Population,PS,Persons,_T,Total,_T,Total,_Z,Not applicable,FUA,FUA,_Z,Not applicable,2024,,575110,,A,Normal value,0,Units,0,Zero
DATAFLOW,OECD.CFE.EDS:DSD_FUA_DEMO@DF_AGE_SEX(1.2),Population by age and sex - Cities and FUAs,I,USA95F,Ingham,A,Annual,POP,Population,PS,Persons,_T,Total,_T,Total,_Z,Not applicable,FUA,FUA,_Z,Not applicable,2024,,479971,,A,Normal value,0,Units,0,Zero
DATAFLOW,OECD.CFE.EDS:DSD_FUA_DEMO@DF_AGE_SEX(1.2),Population by age and sex - Cities and FUAs,I,USA96F,Montgomery (AL),A,Annual,POP,Population,PS,Persons,_T,Total,_T,Total,_Z,Not applicable,FUA,FUA,_Z,Not applicable,2024,,462183,,A,Normal value,0,Units,0,Zero
DATAFLOW,OECD.CFE.EDS:DSD_FUA_DEMO@DF_AGE_SEX(1.2),Population by age and sex - Cities and FUAs,I,USA97F,Knox,A,Annual,POP,Population,PS,Persons,_T,Total,_T,Total,_Z,Not applicable,FUA,FUA,_Z,Not applicable,2024,,527812,,A,Normal value,0,Units,0,Zero
DATAFLOW,OECD.CFE.EDS:DSD_FUA_DEMO@DF_AGE_SEX(1.2),Population by age and sex - Cities and FUAs,I,USA98F,Greenville,A,Annual,POP,Population,PS,Persons,_T,Total,_T,Total,_Z,Not applicable,FUA,FUA,_Z,Not applicable,2024,,570745,,A,Normal value,0,Units,0,Zero
DATAFLOW,OECD.CFE.EDS:DSD_FUA_DEMO@DF_AGE_SEX(1.2),Population by age and sex - Cities and FUAs,I,USA99F,Mahoning,A,Annual,POP,Population,PS,Persons,_T,Total,_T,Total,_Z,Not applicable,FUA,FUA,_Z,Not applicable,2024,,426086,,A,Normal value,0,Units,0,Zero
